t_seconds,normalized_ch1
0.000000000000000000e+00,0.000000000000000000e+00
1.000000000000000062e-09,4.651510715484619141e-01
2.000000000000000125e-09,8.235325813293457031e-01
2.999999999999999980e-09,9.928826093673706055e-01
4.000000000000000249e-09,9.343289136886596680e-01
5.000000000000000105e-09,6.613118648529052734e-01
5.999999999999999960e-09,2.364989966154098511e-01
6.999999999999999816e-09,-2.425992339849472046e-01
8.000000000000000498e-09,-6.660118699073791504e-01
8.999999999999999527e-09,-9.365499019622802734e-01
1.000000000000000021e-08,-9.921147227287292480e-01
1.099999999999999924e-08,-8.199521303176879883e-01
1.199999999999999992e-08,-4.595798552036285400e-01
1.300000000000000060e-08,6.283144000917673111e-03
1.399999999999999963e-08,4.707039296627044678e-01
1.499999999999999866e-08,8.270805478096008301e-01
1.600000000000000100e-08,9.936113357543945312e-01
1.700000000000000002e-08,9.320710897445678711e-01
1.799999999999999905e-08,6.565857529640197754e-01
1.900000000000000139e-08,2.303894311189651489e-01
2.000000000000000042e-08,-2.486898899078369141e-01
2.099999999999999945e-08,-6.706855893135070801e-01
2.199999999999999848e-08,-9.387338757514953613e-01
2.300000000000000081e-08,-9.913076162338256836e-01
2.399999999999999984e-08,-8.163392543792724609e-01
2.499999999999999887e-08,-4.539904892444610596e-01
2.600000000000000121e-08,1.256604027003049850e-02
2.700000000000000023e-08,4.762381911277770996e-01
2.799999999999999926e-08,8.305959105491638184e-01
2.900000000000000160e-08,9.943007826805114746e-01
2.999999999999999732e-08,9.297764897346496582e-01
3.099999999999999966e-08,6.518337130546569824e-01
3.200000000000000199e-08,2.242707610130310059e-01
3.299999999999999771e-08,-2.547707259654998779e-01
3.400000000000000005e-08,-6.753327846527099609e-01
3.500000000000000239e-08,-9.408807754516601562e-01
3.599999999999999811e-08,-9.904614090919494629e-01
3.700000000000000044e-08,-8.126941919326782227e-01
3.800000000000000278e-08,-4.483832120895385742e-01
3.899999999999999850e-08,1.884843967854976654e-02
4.000000000000000084e-08,4.817536771297454834e-01
4.100000000000000317e-08,8.340784311294555664e-01
4.199999999999999889e-08,9.949510097503662109e-01
4.300000000000000123e-08,9.274451732635498047e-01
4.399999999999999695e-08,6.470559835433959961e-01
4.499999999999999929e-08,2.181432396173477173e-01
4.600000000000000162e-08,-2.608415186405181885e-01
4.699999999999999734e-08,-6.799533963203430176e-01
4.799999999999999968e-08,-9.429905414581298828e-01
4.900000000000000202e-08,-9.895761013031005859e-01
4.999999999999999774e-08,-8.090170025825500488e-01
5.100000000000000007e-08,-4.427582323551177979e-01
5.200000000000000241e-08,2.513009496033191681e-02
5.299999999999999813e-08,4.872501194477081299e-01
5.400000000000000047e-08,8.375280499458312988e-01
5.500000000000000281e-08,9.955619573593139648e-01
5.599999999999999852e-08,9.250771999359130859e-01
5.700000000000000086e-08,6.422526240348815918e-01
5.800000000000000320e-08,2.120071053504943848e-01
5.899999999999999892e-08,-2.669019997119903564e-01
5.999999999999999464e-08,-6.845471262931823730e-01
6.100000000000000359e-08,-9.450630545616149902e-01
6.199999999999999931e-08,-9.886517524719238281e-01
6.299999999999999503e-08,-8.053078651428222656e-01
6.400000000000000399e-08,-4.371157586574554443e-01
6.499999999999999971e-08,3.141075745224952698e-02
6.599999999999999543e-08,4.927273392677307129e-01
6.700000000000000438e-08,8.409445881843566895e-01
6.800000000000000010e-08,9.961336255073547363e-01
6.899999999999999582e-08,9.226727485656738281e-01
7.000000000000000477e-08,6.374239921569824219e-01
7.100000000000000049e-08,2.058626115322113037e-01
7.199999999999999621e-08,-2.729519307613372803e-01
7.300000000000000517e-08,-6.891137957572937012e-01
7.400000000000000089e-08,-9.470983147621154785e-01
7.499999999999999661e-08,-9.876883625984191895e-01
7.600000000000000556e-08,-8.015669584274291992e-01
7.700000000000000128e-08,-4.314560592174530029e-01
7.799999999999999700e-08,3.769018128514289856e-02
7.900000000000000595e-08,4.981850981712341309e-01
8.000000000000000167e-08,8.443279266357421875e-01
8.099999999999999739e-08,9.966659545898437500e-01
8.200000000000000635e-08,9.202318191528320312e-01
8.300000000000000207e-08,6.325701475143432617e-01
8.399999999999999779e-08,1.997099816799163818e-01
8.499999999999999351e-08,-2.789911031723022461e-01
8.600000000000000246e-08,-6.936532855033874512e-01
8.699999999999999818e-08,-9.490961432456970215e-01
8.799999999999999390e-08,-9.866859316825866699e-01
8.900000000000000285e-08,-7.977944612503051758e-01
8.999999999999999857e-08,-4.257792830467224121e-01
9.099999999999999429e-08,4.396811872720718384e-02
9.200000000000000325e-08,5.036231875419616699e-01
9.299999999999999897e-08,8.476779460906982422e-01
9.399999999999999469e-08,9.971588850021362305e-01
9.500000000000000364e-08,9.177546501159667969e-01
9.599999999999999936e-08,6.276913881301879883e-01
9.699999999999999508e-08,1.935494691133499146e-01
9.800000000000000404e-08,-2.850192487239837646e-01
9.899999999999999976e-08,-6.981654167175292969e-01
9.999999999999999547e-08,-9.510565400123596191e-01
1.010000000000000044e-07,-9.856445789337158203e-01
1.020000000000000001e-07,-7.939903736114501953e-01
1.029999999999999959e-07,-4.200857281684875488e-01
1.040000000000000048e-07,5.024431645870208740e-02
1.050000000000000005e-07,5.090414285659790039e-01
1.059999999999999963e-07,8.509944677352905273e-01
1.070000000000000052e-07,9.976125359535217285e-01
1.080000000000000009e-07,9.152411818504333496e-01
1.089999999999999967e-07,6.227877736091613770e-01
1.100000000000000056e-07,1.873813122510910034e-01
1.110000000000000013e-07,-2.910361588001251221e-01
1.119999999999999970e-07,-7.026499509811401367e-01
1.130000000000000060e-07,-9.529793262481689453e-01
1.140000000000000017e-07,-9.845643639564514160e-01
1.149999999999999974e-07,-7.901549935340881348e-01
1.160000000000000064e-07,-4.143755733966827393e-01
1.170000000000000021e-07,5.651853606104850769e-02
1.179999999999999978e-07,5.144395232200622559e-01
1.189999999999999936e-07,8.542774319648742676e-01
1.199999999999999893e-07,9.980267286300659180e-01
1.210000000000000115e-07,9.126915931701660156e-01
1.220000000000000072e-07,6.178596019744873047e-01
1.230000000000000029e-07,1.812057644128799438e-01
1.239999999999999986e-07,-2.970415949821472168e-01
1.249999999999999943e-07,-7.071067690849304199e-01
1.259999999999999901e-07,-9.548645615577697754e-01
1.270000000000000123e-07,-9.834452271461486816e-01
1.280000000000000080e-07,-7.862884402275085449e-01
1.290000000000000037e-07,-4.086490869522094727e-01
1.299999999999999994e-07,6.279052048921585083e-02
1.309999999999999951e-07,5.198173522949218750e-01
1.319999999999999909e-07,8.575266599655151367e-01
1.330000000000000130e-07,9.984015226364135742e-01
1.340000000000000088e-07,9.101059436798095703e-01
1.350000000000000045e-07,6.129070520401000977e-01
1.360000000000000002e-07,1.750230640172958374e-01
1.369999999999999959e-07,-3.030352592468261719e-01
1.379999999999999916e-07,-7.115356922149658203e-01
1.389999999999999874e-07,-9.567120671272277832e-01
1.400000000000000095e-07,-9.822872281074523926e-01
1.410000000000000053e-07,-7.823908329010009766e-01
1.420000000000000010e-07,-4.029064476490020752e-01
1.429999999999999967e-07,6.906002759933471680e-02
1.439999999999999924e-07,5.251746177673339844e-01
1.449999999999999881e-07,8.607420325279235840e-01
1.460000000000000103e-07,9.987369775772094727e-01
1.470000000000000061e-07,9.074844121932983398e-01
1.480000000000000018e-07,6.079303026199340820e-01
1.489999999999999975e-07,1.688334494829177856e-01
1.499999999999999932e-07,-3.090170025825500488e-01
1.509999999999999889e-07,-7.159364819526672363e-01
1.520000000000000111e-07,-9.585217833518981934e-01
1.530000000000000068e-07,-9.810905456542968750e-01
1.540000000000000026e-07,-7.784622907638549805e-01
1.549999999999999983e-07,-3.971478939056396484e-01
1.559999999999999940e-07,7.532680779695510864e-02
1.569999999999999897e-07,5.305112004280090332e-01
1.580000000000000119e-07,8.639234304428100586e-01
1.590000000000000076e-07,9.990329146385192871e-01
1.600000000000000033e-07,9.048270583152770996e-01
1.609999999999999991e-07,6.029295325279235840e-01
1.619999999999999948e-07,1.626371592283248901e-01
1.629999999999999905e-07,-3.149865269660949707e-01
1.640000000000000127e-07,-7.203090190887451172e-01
1.650000000000000084e-07,-9.602937102317810059e-01
1.660000000000000041e-07,-9.798550605773925781e-01
1.669999999999999999e-07,-7.745030522346496582e-01
1.679999999999999956e-07,-3.913736641407012939e-01
1.689999999999999913e-07,8.159061521291732788e-02
1.699999999999999870e-07,5.358268022537231445e-01
1.710000000000000092e-07,8.670706748962402344e-01
1.720000000000000049e-07,9.992894530296325684e-01
1.730000000000000006e-07,9.021339416503906250e-01
1.739999999999999964e-07,5.979049801826477051e-01
1.749999999999999921e-07,1.564344614744186401e-01
1.759999999999999878e-07,-3.209436237812042236e-01
1.770000000000000100e-07,-7.246531248092651367e-01
1.780000000000000057e-07,-9.620276689529418945e-01
1.790000000000000014e-07,-9.785808920860290527e-01
1.799999999999999971e-07,-7.705132365226745605e-01
1.809999999999999929e-07,-3.855839967727661133e-01
1.819999999999999886e-07,8.785119652748107910e-02
1.830000000000000108e-07,5.411212444305419922e-01
1.840000000000000065e-07,8.701837658882141113e-01
1.850000000000000022e-07,9.995065331459045410e-01
1.859999999999999979e-07,8.994052410125732422e-01
1.869999999999999937e-07,5.928568243980407715e-01
1.879999999999999894e-07,1.502255946397781372e-01
1.890000000000000116e-07,-3.268880248069763184e-01
1.900000000000000073e-07,-7.289686203002929688e-01
1.910000000000000030e-07,-9.637236595153808594e-01
1.919999999999999987e-07,-9.772680997848510742e-01
1.929999999999999944e-07,-7.664930224418640137e-01
1.939999999999999902e-07,-3.797791004180908203e-01
1.950000000000000124e-07,9.410831332206726074e-02
1.960000000000000081e-07,5.463943481445312500e-01
1.970000000000000038e-07,8.732624650001525879e-01
1.979999999999999995e-07,9.996842145919799805e-01
1.989999999999999952e-07,8.966410160064697266e-01
1.999999999999999909e-07,5.877852439880371094e-01
2.010000000000000131e-07,1.440107822418212891e-01
2.020000000000000089e-07,-3.328195512294769287e-01
2.030000000000000046e-07,-7.332553267478942871e-01
2.040000000000000003e-07,-9.653816223144531250e-01
2.049999999999999960e-07,-9.759167432785034180e-01
2.059999999999999917e-07,-7.624425292015075684e-01
2.069999999999999875e-07,-3.739592134952545166e-01
2.080000000000000096e-07,1.003617122769355774e-01
2.090000000000000054e-07,5.516458749771118164e-01
2.100000000000000011e-07,8.763066530227661133e-01
2.109999999999999968e-07,9.998223781585693359e-01
2.119999999999999925e-07,8.938414454460144043e-01
2.129999999999999882e-07,5.826904773712158203e-01
2.140000000000000104e-07,1.377902925014495850e-01
2.150000000000000062e-07,-3.387379348278045654e-01
2.160000000000000019e-07,-7.375131249427795410e-01
2.169999999999999976e-07,-9.670014977455139160e-01
2.179999999999999933e-07,-9.745268821716308594e-01
2.189999999999999890e-07,-7.583619356155395508e-01
2.200000000000000112e-07,-3.681245446205139160e-01
2.210000000000000069e-07,1.066111549735069275e-01
2.220000000000000027e-07,5.568756461143493652e-01
2.229999999999999984e-07,8.793163299560546875e-01
2.239999999999999941e-07,9.999210238456726074e-01
2.249999999999999898e-07,8.910065293312072754e-01
2.260000000000000120e-07,5.775727033615112305e-01
2.270000000000000077e-07,1.315643638372421265e-01
2.280000000000000034e-07,-3.446429371833801270e-01
2.289999999999999992e-07,-7.417417764663696289e-01
2.299999999999999949e-07,-9.685831665992736816e-01
2.309999999999999906e-07,-9.730985164642333984e-01
2.320000000000000128e-07,-7.542513608932495117e-01
2.330000000000000085e-07,-3.622753620147705078e-01
2.340000000000000042e-07,1.128563880920410156e-01
2.350000000000000000e-07,5.620833635330200195e-01
2.359999999999999957e-07,8.822911977767944336e-01
2.369999999999999914e-07,9.999802708625793457e-01
2.379999999999999871e-07,8.881364464759826660e-01
2.390000000000000093e-07,5.724321007728576660e-01
2.399999999999999786e-07,1.253332346677780151e-01
2.410000000000000007e-07,-3.505343198776245117e-01
2.420000000000000229e-07,-7.459411621093750000e-01
2.429999999999999922e-07,-9.701265692710876465e-01
2.440000000000000144e-07,-9.716317057609558105e-01
2.449999999999999836e-07,-7.501110434532165527e-01
2.460000000000000058e-07,-3.564118742942810059e-01
2.469999999999999751e-07,1.190971583127975464e-01
2.479999999999999972e-07,5.672689676284790039e-01
2.490000000000000194e-07,8.852313160896301270e-01
2.499999999999999887e-07,1.000000000000000000e+00
2.510000000000000109e-07,8.852313160896301270e-01
2.519999999999999801e-07,5.672689676284790039e-01
2.530000000000000023e-07,1.190971583127975464e-01
2.540000000000000245e-07,-3.564118742942810059e-01
2.549999999999999938e-07,-7.501110434532165527e-01
2.560000000000000159e-07,-9.716317057609558105e-01
2.569999999999999852e-07,-9.701265692710876465e-01
2.580000000000000074e-07,-7.459411621093750000e-01
2.589999999999999766e-07,-3.505343198776245117e-01
2.599999999999999988e-07,1.253332346677780151e-01
2.610000000000000210e-07,5.724321007728576660e-01
2.619999999999999903e-07,8.881364464759826660e-01
2.630000000000000125e-07,9.999802708625793457e-01
2.639999999999999817e-07,8.822911977767944336e-01
2.650000000000000039e-07,5.620833635330200195e-01
2.660000000000000261e-07,1.128563880920410156e-01
2.669999999999999953e-07,-3.622753620147705078e-01
2.680000000000000175e-07,-7.542513608932495117e-01
2.689999999999999868e-07,-9.730985164642333984e-01
2.700000000000000090e-07,-9.685831665992736816e-01
2.709999999999999782e-07,-7.417417764663696289e-01
2.720000000000000004e-07,-3.446429371833801270e-01
2.730000000000000226e-07,1.315643638372421265e-01
2.739999999999999918e-07,5.775727033615112305e-01
2.750000000000000140e-07,8.910065293312072754e-01
2.759999999999999833e-07,9.999210238456726074e-01
2.770000000000000055e-07,8.793163299560546875e-01
2.779999999999999747e-07,5.568756461143493652e-01
2.789999999999999969e-07,1.066111549735069275e-01
2.800000000000000191e-07,-3.681245446205139160e-01
2.809999999999999883e-07,-7.583619356155395508e-01
2.820000000000000105e-07,-9.745268821716308594e-01
2.829999999999999798e-07,-9.670014977455139160e-01
2.840000000000000020e-07,-7.375131249427795410e-01
2.850000000000000242e-07,-3.387379348278045654e-01
2.859999999999999934e-07,1.377902925014495850e-01
2.870000000000000156e-07,5.826904773712158203e-01
2.879999999999999848e-07,8.938414454460144043e-01
2.890000000000000070e-07,9.998223781585693359e-01
2.899999999999999763e-07,8.763066530227661133e-01
2.909999999999999985e-07,5.516458749771118164e-01
2.920000000000000207e-07,1.003617122769355774e-01
2.929999999999999899e-07,-3.739592134952545166e-01
2.940000000000000121e-07,-7.624425292015075684e-01
2.949999999999999814e-07,-9.759167432785034180e-01
2.960000000000000035e-07,-9.653816223144531250e-01
2.970000000000000257e-07,-7.332553267478942871e-01
2.979999999999999950e-07,-3.328195512294769287e-01
2.990000000000000172e-07,1.440107822418212891e-01
2.999999999999999864e-07,5.877852439880371094e-01
3.010000000000000086e-07,8.966410160064697266e-01
3.019999999999999779e-07,9.996842145919799805e-01
3.030000000000000001e-07,8.732624650001525879e-01
3.040000000000000222e-07,5.463943481445312500e-01
3.049999999999999915e-07,9.410831332206726074e-02
3.060000000000000137e-07,-3.797791004180908203e-01
3.069999999999999829e-07,-7.664930224418640137e-01
3.080000000000000051e-07,-9.772680997848510742e-01
3.089999999999999744e-07,-9.637236595153808594e-01
3.099999999999999966e-07,-7.289686203002929688e-01
3.110000000000000187e-07,-3.268880248069763184e-01
3.119999999999999880e-07,1.502255946397781372e-01
3.130000000000000102e-07,5.928568243980407715e-01
3.139999999999999794e-07,8.994052410125732422e-01
3.150000000000000016e-07,9.995065331459045410e-01
3.160000000000000238e-07,8.701837658882141113e-01
3.169999999999999931e-07,5.411212444305419922e-01
3.180000000000000153e-07,8.785119652748107910e-02
3.189999999999999845e-07,-3.855839967727661133e-01
3.200000000000000067e-07,-7.705132365226745605e-01
3.209999999999999759e-07,-9.785808920860290527e-01
3.219999999999999981e-07,-9.620276689529418945e-01
3.230000000000000203e-07,-7.246531248092651367e-01
3.239999999999999896e-07,-3.209436237812042236e-01
3.250000000000000118e-07,1.564344614744186401e-01
3.259999999999999810e-07,5.979049801826477051e-01
3.270000000000000032e-07,9.021339416503906250e-01
3.280000000000000254e-07,9.992894530296325684e-01
3.289999999999999946e-07,8.670706748962402344e-01
3.300000000000000168e-07,5.358268022537231445e-01
3.309999999999999861e-07,8.159061521291732788e-02
3.320000000000000083e-07,-3.913736641407012939e-01
3.329999999999999775e-07,-7.745030522346496582e-01
3.339999999999999997e-07,-9.798550605773925781e-01
3.350000000000000219e-07,-9.602937102317810059e-01
3.359999999999999911e-07,-7.203090190887451172e-01
3.370000000000000133e-07,-3.149865269660949707e-01
3.379999999999999826e-07,1.626371592283248901e-01
3.390000000000000048e-07,6.029295325279235840e-01
3.399999999999999740e-07,9.048270583152770996e-01
3.409999999999999962e-07,9.990329146385192871e-01
3.420000000000000184e-07,8.639234304428100586e-01
3.429999999999999877e-07,5.305112004280090332e-01
3.440000000000000098e-07,7.532680779695510864e-02
3.449999999999999791e-07,-3.971478939056396484e-01
3.460000000000000013e-07,-7.784622907638549805e-01
3.470000000000000235e-07,-9.810905456542968750e-01
3.479999999999999927e-07,-9.585217833518981934e-01
3.490000000000000149e-07,-7.159364819526672363e-01
3.499999999999999842e-07,-3.090170025825500488e-01
3.510000000000000064e-07,1.688334494829177856e-01
3.519999999999999756e-07,6.079303026199340820e-01
3.529999999999999978e-07,9.074844121932983398e-01
3.540000000000000200e-07,9.987369775772094727e-01
3.549999999999999892e-07,8.607420325279235840e-01
3.560000000000000114e-07,5.251746177673339844e-01
3.569999999999999807e-07,6.906002759933471680e-02
3.580000000000000029e-07,-4.029064476490020752e-01
3.590000000000000250e-07,-7.823908329010009766e-01
3.599999999999999943e-07,-9.822872281074523926e-01
3.610000000000000165e-07,-9.567120671272277832e-01
3.619999999999999857e-07,-7.115356922149658203e-01
3.630000000000000079e-07,-3.030352592468261719e-01
3.639999999999999772e-07,1.750230640172958374e-01
3.649999999999999994e-07,6.129070520401000977e-01
3.660000000000000216e-07,9.101059436798095703e-01
3.669999999999999908e-07,9.984015226364135742e-01
3.680000000000000130e-07,8.575266599655151367e-01
3.689999999999999822e-07,5.198173522949218750e-01
3.700000000000000044e-07,6.279052048921585083e-02
3.709999999999999737e-07,-4.086490869522094727e-01
3.719999999999999959e-07,-7.862884402275085449e-01
3.730000000000000181e-07,-9.834452271461486816e-01
3.739999999999999873e-07,-9.548645615577697754e-01
3.750000000000000095e-07,-7.071067690849304199e-01
3.759999999999999788e-07,-2.970415949821472168e-01
3.770000000000000009e-07,1.812057644128799438e-01
3.780000000000000231e-07,6.178596019744873047e-01
3.789999999999999924e-07,9.126915931701660156e-01
3.800000000000000146e-07,9.980267286300659180e-01
3.809999999999999838e-07,8.542774319648742676e-01
3.820000000000000060e-07,5.144395232200622559e-01
3.829999999999999753e-07,5.651853606104850769e-02
3.839999999999999974e-07,-4.143755733966827393e-01
3.850000000000000196e-07,-7.901549935340881348e-01
3.859999999999999889e-07,-9.845643639564514160e-01
3.870000000000000111e-07,-9.529793262481689453e-01
3.879999999999999803e-07,-7.026499509811401367e-01
3.890000000000000025e-07,-2.910361588001251221e-01
3.900000000000000247e-07,1.873813122510910034e-01
3.909999999999999940e-07,6.227877736091613770e-01
3.920000000000000161e-07,9.152411818504333496e-01
3.929999999999999854e-07,9.976125359535217285e-01
3.940000000000000076e-07,8.509944677352905273e-01
3.949999999999999768e-07,5.090414285659790039e-01
3.959999999999999990e-07,5.024431645870208740e-02
3.970000000000000212e-07,-4.200857281684875488e-01
3.979999999999999905e-07,-7.939903736114501953e-01
3.990000000000000126e-07,-9.856445789337158203e-01
3.999999999999999819e-07,-9.510565400123596191e-01
4.010000000000000041e-07,-6.981654167175292969e-01
4.020000000000000263e-07,-2.850192487239837646e-01
4.029999999999999955e-07,1.935494691133499146e-01
4.040000000000000177e-07,6.276913881301879883e-01
4.049999999999999870e-07,9.177546501159667969e-01
4.060000000000000092e-07,9.971588850021362305e-01
4.069999999999999784e-07,8.476779460906982422e-01
4.080000000000000006e-07,5.036231875419616699e-01
4.090000000000000228e-07,4.396811872720718384e-02
4.099999999999999920e-07,-4.257792830467224121e-01
4.110000000000000142e-07,-7.977944612503051758e-01
4.119999999999999835e-07,-9.866859316825866699e-01
4.130000000000000057e-07,-9.490961432456970215e-01
4.139999999999999749e-07,-6.936532855033874512e-01
4.149999999999999971e-07,-2.789911031723022461e-01
4.160000000000000193e-07,1.997099816799163818e-01
4.169999999999999885e-07,6.325701475143432617e-01
4.180000000000000107e-07,9.202318191528320312e-01
4.189999999999999800e-07,9.966659545898437500e-01
4.200000000000000022e-07,8.443279266357421875e-01
4.210000000000000244e-07,4.981850981712341309e-01
4.219999999999999936e-07,3.769018128514289856e-02
4.230000000000000158e-07,-4.314560592174530029e-01
4.239999999999999850e-07,-8.015669584274291992e-01
4.250000000000000072e-07,-9.876883625984191895e-01
4.259999999999999765e-07,-9.470983147621154785e-01
4.269999999999999987e-07,-6.891137957572937012e-01
4.280000000000000209e-07,-2.729519307613372803e-01
4.289999999999999901e-07,2.058626115322113037e-01
4.300000000000000123e-07,6.374239921569824219e-01
4.309999999999999816e-07,9.226727485656738281e-01
4.320000000000000037e-07,9.961336255073547363e-01
4.330000000000000259e-07,8.409445881843566895e-01
4.339999999999999952e-07,4.927273392677307129e-01
4.350000000000000174e-07,3.141075745224952698e-02
4.359999999999999866e-07,-4.371157586574554443e-01
4.370000000000000088e-07,-8.053078651428222656e-01
4.379999999999999781e-07,-9.886517524719238281e-01
4.390000000000000003e-07,-9.450630545616149902e-01
4.400000000000000224e-07,-6.845471262931823730e-01
4.409999999999999917e-07,-2.669019997119903564e-01
4.420000000000000139e-07,2.120071053504943848e-01
4.429999999999999831e-07,6.422526240348815918e-01
4.440000000000000053e-07,9.250771999359130859e-01
4.449999999999999746e-07,9.955619573593139648e-01
4.459999999999999968e-07,8.375280499458312988e-01
4.470000000000000189e-07,4.872501194477081299e-01
4.479999999999999882e-07,2.513009496033191681e-02
4.490000000000000104e-07,-4.427582323551177979e-01
4.499999999999999796e-07,-8.090170025825500488e-01
4.510000000000000018e-07,-9.895761013031005859e-01
4.520000000000000240e-07,-9.429905414581298828e-01
4.529999999999999933e-07,-6.799533963203430176e-01
4.540000000000000155e-07,-2.608415186405181885e-01
4.549999999999999847e-07,2.181432396173477173e-01
4.560000000000000069e-07,6.470559835433959961e-01
4.569999999999999761e-07,9.274451732635498047e-01
4.579999999999999983e-07,9.949510097503662109e-01
4.590000000000000205e-07,8.340784311294555664e-01
4.599999999999999898e-07,4.817536771297454834e-01
4.610000000000000120e-07,1.884843967854976654e-02
4.619999999999999812e-07,-4.483832120895385742e-01
4.630000000000000034e-07,-8.126941919326782227e-01
4.640000000000000256e-07,-9.904614090919494629e-01
4.649999999999999948e-07,-9.408807754516601562e-01
4.660000000000000170e-07,-6.753327846527099609e-01
4.669999999999999863e-07,-2.547707259654998779e-01
4.680000000000000085e-07,2.242707610130310059e-01
4.689999999999999777e-07,6.518337130546569824e-01
4.699999999999999999e-07,9.297764897346496582e-01
4.710000000000000221e-07,9.943007826805114746e-01
4.719999999999999913e-07,8.305959105491638184e-01
4.730000000000000135e-07,4.762381911277770996e-01
4.739999999999999828e-07,1.256604027003049850e-02
4.750000000000000050e-07,-4.539904892444610596e-01
4.759999999999999742e-07,-8.163392543792724609e-01
4.770000000000000494e-07,-9.913076162338256836e-01
4.780000000000000186e-07,-9.387338757514953613e-01
4.789999999999999879e-07,-6.706855893135070801e-01
4.799999999999999571e-07,-2.486898899078369141e-01
4.810000000000000322e-07,2.303894311189651489e-01
4.820000000000000015e-07,6.565857529640197754e-01
4.829999999999999707e-07,9.320710897445678711e-01
4.840000000000000459e-07,9.936113357543945312e-01
4.850000000000000151e-07,8.270805478096008301e-01
4.859999999999999844e-07,4.707039296627044678e-01
4.869999999999999536e-07,6.283144000917673111e-03
4.880000000000000287e-07,-4.595798552036285400e-01
4.889999999999999980e-07,-8.199521303176879883e-01
4.899999999999999672e-07,-9.921147227287292480e-01
4.910000000000000424e-07,-9.365499019622802734e-01
4.920000000000000116e-07,-6.660118699073791504e-01
4.929999999999999809e-07,-2.425992339849472046e-01
4.939999999999999501e-07,2.364989966154098511e-01
4.950000000000000252e-07,6.613118648529052734e-01
4.959999999999999945e-07,9.343289136886596680e-01
4.969999999999999637e-07,9.928826093673706055e-01
4.980000000000000389e-07,8.235325813293457031e-01
4.990000000000000081e-07,4.651510715484619141e-01
4.999999999999999774e-07,5.877066530239919914e-15
5.010000000000000525e-07,-4.651510715484619141e-01
5.020000000000000218e-07,-8.235325813293457031e-01
5.029999999999999910e-07,-9.928826093673706055e-01
5.039999999999999603e-07,-9.343289136886596680e-01
5.050000000000000354e-07,-6.613118648529052734e-01
5.060000000000000046e-07,-2.364989966154098511e-01
5.069999999999999739e-07,2.425992339849472046e-01
5.080000000000000490e-07,6.660118699073791504e-01
5.090000000000000183e-07,9.365499019622802734e-01
5.099999999999999875e-07,9.921147227287292480e-01
5.109999999999999568e-07,8.199521303176879883e-01
5.120000000000000319e-07,4.595798552036285400e-01
5.130000000000000011e-07,-6.283144000917673111e-03
5.139999999999999704e-07,-4.707039296627044678e-01
5.150000000000000455e-07,-8.270805478096008301e-01
5.160000000000000148e-07,-9.936113357543945312e-01
5.169999999999999840e-07,-9.320710897445678711e-01
5.179999999999999533e-07,-6.565857529640197754e-01
5.190000000000000284e-07,-2.303894311189651489e-01
5.199999999999999976e-07,2.486898899078369141e-01
5.209999999999999669e-07,6.706855893135070801e-01
5.220000000000000420e-07,9.387338757514953613e-01
5.230000000000000113e-07,9.913076162338256836e-01
5.239999999999999805e-07,8.163392543792724609e-01
5.249999999999999498e-07,4.539904892444610596e-01
5.260000000000000249e-07,-1.256604027003049850e-02
5.269999999999999942e-07,-4.762381911277770996e-01
5.279999999999999634e-07,-8.305959105491638184e-01
5.290000000000000385e-07,-9.943007826805114746e-01
5.300000000000000078e-07,-9.297764897346496582e-01
5.309999999999999770e-07,-6.518337130546569824e-01
5.320000000000000522e-07,-2.242707610130310059e-01
5.330000000000000214e-07,2.547707259654998779e-01
5.339999999999999907e-07,6.753327846527099609e-01
5.349999999999999599e-07,9.408807754516601562e-01
5.360000000000000350e-07,9.904614090919494629e-01
5.370000000000000043e-07,8.126941919326782227e-01
5.379999999999999735e-07,4.483832120895385742e-01
5.390000000000000487e-07,-1.884843967854976654e-02
5.400000000000000179e-07,-4.817536771297454834e-01
5.409999999999999872e-07,-8.340784311294555664e-01
5.419999999999999564e-07,-9.949510097503662109e-01
5.430000000000000315e-07,-9.274451732635498047e-01
5.440000000000000008e-07,-6.470559835433959961e-01
5.449999999999999700e-07,-2.181432396173477173e-01
5.460000000000000452e-07,2.608415186405181885e-01
5.470000000000000144e-07,6.799533963203430176e-01
5.479999999999999837e-07,9.429905414581298828e-01
5.489999999999999529e-07,9.895761013031005859e-01
5.500000000000000281e-07,8.090170025825500488e-01
5.509999999999999973e-07,4.427582323551177979e-01
5.519999999999999666e-07,-2.513009496033191681e-02
5.530000000000000417e-07,-4.872501194477081299e-01
5.540000000000000109e-07,-8.375280499458312988e-01
5.549999999999999802e-07,-9.955619573593139648e-01
5.559999999999999494e-07,-9.250771999359130859e-01
5.570000000000000246e-07,-6.422526240348815918e-01
5.579999999999999938e-07,-2.120071053504943848e-01
5.589999999999999631e-07,2.669019997119903564e-01
5.600000000000000382e-07,6.845471262931823730e-01
5.610000000000000074e-07,9.450630545616149902e-01
5.619999999999999767e-07,9.886517524719238281e-01
5.630000000000000518e-07,8.053078651428222656e-01
5.640000000000000211e-07,4.371157586574554443e-01
5.649999999999999903e-07,-3.141075745224952698e-02
5.659999999999999596e-07,-4.927273392677307129e-01
5.670000000000000347e-07,-8.409445881843566895e-01
5.680000000000000039e-07,-9.961336255073547363e-01
5.689999999999999732e-07,-9.226727485656738281e-01
5.700000000000000483e-07,-6.374239921569824219e-01
5.710000000000000176e-07,-2.058626115322113037e-01
5.719999999999999868e-07,2.729519307613372803e-01
5.729999999999999561e-07,6.891137957572937012e-01
5.740000000000000312e-07,9.470983147621154785e-01
5.750000000000000004e-07,9.876883625984191895e-01
5.759999999999999697e-07,8.015669584274291992e-01
5.770000000000000448e-07,4.314560592174530029e-01
5.780000000000000141e-07,-3.769018128514289856e-02
5.789999999999999833e-07,-4.981850981712341309e-01
5.799999999999999526e-07,-8.443279266357421875e-01
5.810000000000000277e-07,-9.966659545898437500e-01
5.819999999999999970e-07,-9.202318191528320312e-01
5.829999999999999662e-07,-6.325701475143432617e-01
5.840000000000000413e-07,-1.997099816799163818e-01
5.850000000000000106e-07,2.789911031723022461e-01
5.859999999999999798e-07,6.936532855033874512e-01
5.869999999999999491e-07,9.490961432456970215e-01
5.880000000000000242e-07,9.866859316825866699e-01
5.889999999999999935e-07,7.977944612503051758e-01
5.899999999999999627e-07,4.257792830467224121e-01
5.910000000000000378e-07,-4.396811872720718384e-02
5.920000000000000071e-07,-5.036231875419616699e-01
5.929999999999999763e-07,-8.476779460906982422e-01
5.940000000000000515e-07,-9.971588850021362305e-01
5.950000000000000207e-07,-9.177546501159667969e-01
5.959999999999999900e-07,-6.276913881301879883e-01
5.969999999999999592e-07,-1.935494691133499146e-01
5.980000000000000343e-07,2.850192487239837646e-01
5.990000000000000036e-07,6.981654167175292969e-01
5.999999999999999728e-07,9.510565400123596191e-01
6.010000000000000480e-07,9.856445789337158203e-01
6.020000000000000172e-07,7.939903736114501953e-01
6.029999999999999865e-07,4.200857281684875488e-01
6.039999999999999557e-07,-5.024431645870208740e-02
6.050000000000000309e-07,-5.090414285659790039e-01
6.060000000000000001e-07,-8.509944677352905273e-01
6.069999999999999694e-07,-9.976125359535217285e-01
6.080000000000000445e-07,-9.152411818504333496e-01
6.090000000000000137e-07,-6.227877736091613770e-01
6.099999999999999830e-07,-1.873813122510910034e-01
6.109999999999999522e-07,2.910361588001251221e-01
6.120000000000000274e-07,7.026499509811401367e-01
6.129999999999999966e-07,9.529793262481689453e-01
6.139999999999999659e-07,9.845643639564514160e-01
6.150000000000000410e-07,7.901549935340881348e-01
6.160000000000000102e-07,4.143755733966827393e-01
6.169999999999999795e-07,-5.651853606104850769e-02
6.179999999999999487e-07,-5.144395232200622559e-01
6.190000000000000239e-07,-8.542774319648742676e-01
6.199999999999999931e-07,-9.980267286300659180e-01
6.209999999999999624e-07,-9.126915931701660156e-01
6.220000000000000375e-07,-6.178596019744873047e-01
6.230000000000000067e-07,-1.812057644128799438e-01
6.239999999999999760e-07,2.970415949821472168e-01
6.250000000000000511e-07,7.071067690849304199e-01
6.260000000000000204e-07,9.548645615577697754e-01
6.269999999999999896e-07,9.834452271461486816e-01
6.279999999999999589e-07,7.862884402275085449e-01
6.290000000000000340e-07,4.086490869522094727e-01
6.300000000000000033e-07,-6.279052048921585083e-02
6.309999999999999725e-07,-5.198173522949218750e-01
6.320000000000000476e-07,-8.575266599655151367e-01
6.330000000000000169e-07,-9.984015226364135742e-01
6.339999999999999861e-07,-9.101059436798095703e-01
6.349999999999999554e-07,-6.129070520401000977e-01
6.360000000000000305e-07,-1.750230640172958374e-01
6.369999999999999998e-07,3.030352592468261719e-01
6.379999999999999690e-07,7.115356922149658203e-01
6.390000000000000441e-07,9.567120671272277832e-01
6.400000000000000134e-07,9.822872281074523926e-01
6.409999999999999826e-07,7.823908329010009766e-01
6.419999999999999519e-07,4.029064476490020752e-01
6.430000000000000270e-07,-6.906002759933471680e-02
6.439999999999999963e-07,-5.251746177673339844e-01
6.449999999999999655e-07,-8.607420325279235840e-01
6.460000000000000406e-07,-9.987369775772094727e-01
6.470000000000000099e-07,-9.074844121932983398e-01
6.479999999999999791e-07,-6.079303026199340820e-01
6.489999999999999484e-07,-1.688334494829177856e-01
6.500000000000000235e-07,3.090170025825500488e-01
6.509999999999999928e-07,7.159364819526672363e-01
6.519999999999999620e-07,9.585217833518981934e-01
6.530000000000000372e-07,9.810905456542968750e-01
6.540000000000000064e-07,7.784622907638549805e-01
6.549999999999999757e-07,3.971478939056396484e-01
6.560000000000000508e-07,-7.532680779695510864e-02
6.570000000000000200e-07,-5.305112004280090332e-01
6.579999999999999893e-07,-8.639234304428100586e-01
6.589999999999999585e-07,-9.990329146385192871e-01
6.600000000000000337e-07,-9.048270583152770996e-01
6.610000000000000029e-07,-6.029295325279235840e-01
6.619999999999999722e-07,-1.626371592283248901e-01
6.630000000000000473e-07,3.149865269660949707e-01
6.640000000000000165e-07,7.203090190887451172e-01
6.649999999999999858e-07,9.602937102317810059e-01
6.659999999999999550e-07,9.798550605773925781e-01
6.670000000000000302e-07,7.745030522346496582e-01
6.679999999999999994e-07,3.913736641407012939e-01
6.689999999999999687e-07,-8.159061521291732788e-02
6.700000000000000438e-07,-5.358268022537231445e-01
6.710000000000000130e-07,-8.670706748962402344e-01
6.719999999999999823e-07,-9.992894530296325684e-01
6.729999999999999515e-07,-9.021339416503906250e-01
6.740000000000000267e-07,-5.979049801826477051e-01
6.749999999999999959e-07,-1.564344614744186401e-01
6.759999999999999652e-07,3.209436237812042236e-01
6.770000000000000403e-07,7.246531248092651367e-01
6.780000000000000096e-07,9.620276689529418945e-01
6.789999999999999788e-07,9.785808920860290527e-01
6.799999999999999481e-07,7.705132365226745605e-01
6.810000000000000232e-07,3.855839967727661133e-01
6.819999999999999924e-07,-8.785119652748107910e-02
6.829999999999999617e-07,-5.411212444305419922e-01
6.840000000000000368e-07,-8.701837658882141113e-01
6.850000000000000061e-07,-9.995065331459045410e-01
6.859999999999999753e-07,-8.994052410125732422e-01
6.870000000000000504e-07,-5.928568243980407715e-01
6.880000000000000197e-07,-1.502255946397781372e-01
6.889999999999999889e-07,3.268880248069763184e-01
6.899999999999999582e-07,7.289686203002929688e-01
6.910000000000000333e-07,9.637236595153808594e-01
6.920000000000000026e-07,9.772680997848510742e-01
6.929999999999999718e-07,7.664930224418640137e-01
6.940000000000000469e-07,3.797791004180908203e-01
6.950000000000000162e-07,-9.410831332206726074e-02
6.959999999999999854e-07,-5.463943481445312500e-01
6.969999999999999547e-07,-8.732624650001525879e-01
6.980000000000000298e-07,-9.996842145919799805e-01
6.989999999999999991e-07,-8.966410160064697266e-01
6.999999999999999683e-07,-5.877852439880371094e-01
7.010000000000000435e-07,-1.440107822418212891e-01
7.020000000000000127e-07,3.328195512294769287e-01
7.029999999999999820e-07,7.332553267478942871e-01
7.039999999999999512e-07,9.653816223144531250e-01
7.050000000000000263e-07,9.759167432785034180e-01
7.059999999999999956e-07,7.624425292015075684e-01
7.069999999999999648e-07,3.739592134952545166e-01
7.080000000000000400e-07,-1.003617122769355774e-01
7.090000000000000092e-07,-5.516458749771118164e-01
7.099999999999999785e-07,-8.763066530227661133e-01
7.109999999999999477e-07,-9.998223781585693359e-01
7.120000000000000228e-07,-8.938414454460144043e-01
7.129999999999999921e-07,-5.826904773712158203e-01
7.139999999999999613e-07,-1.377902925014495850e-01
7.150000000000000365e-07,3.387379348278045654e-01
7.160000000000000057e-07,7.375131249427795410e-01
7.169999999999999750e-07,9.670014977455139160e-01
7.180000000000000501e-07,9.745268821716308594e-01
7.190000000000000193e-07,7.583619356155395508e-01
7.199999999999999886e-07,3.681245446205139160e-01
7.209999999999999578e-07,-1.066111549735069275e-01
7.220000000000000330e-07,-5.568756461143493652e-01
7.230000000000000022e-07,-8.793163299560546875e-01
7.239999999999999715e-07,-9.999210238456726074e-01
7.250000000000000466e-07,-8.910065293312072754e-01
7.260000000000000159e-07,-5.775727033615112305e-01
7.269999999999999851e-07,-1.315643638372421265e-01
7.279999999999999544e-07,3.446429371833801270e-01
7.290000000000000295e-07,7.417417764663696289e-01
7.299999999999999987e-07,9.685831665992736816e-01
7.309999999999999680e-07,9.730985164642333984e-01
7.320000000000000431e-07,7.542513608932495117e-01
7.330000000000000124e-07,3.622753620147705078e-01
7.339999999999999816e-07,-1.128563880920410156e-01
7.349999999999999509e-07,-5.620833635330200195e-01
7.360000000000000260e-07,-8.822911977767944336e-01
7.369999999999999952e-07,-9.999802708625793457e-01
7.379999999999999645e-07,-8.881364464759826660e-01
7.390000000000000396e-07,-5.724321007728576660e-01
7.400000000000000089e-07,-1.253332346677780151e-01
7.409999999999999781e-07,3.505343198776245117e-01
7.419999999999999474e-07,7.459411621093750000e-01
7.430000000000000225e-07,9.701265692710876465e-01
7.439999999999999917e-07,9.716317057609558105e-01
7.449999999999999610e-07,7.501110434532165527e-01
7.460000000000000361e-07,3.564118742942810059e-01
7.470000000000000054e-07,-1.190971583127975464e-01
7.479999999999999746e-07,-5.672689676284790039e-01
7.490000000000000498e-07,-8.852313160896301270e-01
7.500000000000000190e-07,-1.000000000000000000e+00
7.509999999999999883e-07,-8.852313160896301270e-01
7.519999999999999575e-07,-5.672689676284790039e-01
7.530000000000000326e-07,-1.190971583127975464e-01
7.540000000000000019e-07,3.564118742942810059e-01
7.549999999999999711e-07,7.501110434532165527e-01
7.560000000000000463e-07,9.716317057609558105e-01
7.570000000000000155e-07,9.701265692710876465e-01
7.579999999999999848e-07,7.459411621093750000e-01
7.589999999999999540e-07,3.505343198776245117e-01
7.600000000000000291e-07,-1.253332346677780151e-01
7.609999999999999984e-07,-5.724321007728576660e-01
7.619999999999999676e-07,-8.881364464759826660e-01
7.630000000000000428e-07,-9.999802708625793457e-01
7.640000000000000120e-07,-8.822911977767944336e-01
7.649999999999999813e-07,-5.620833635330200195e-01
7.659999999999999505e-07,-1.128563880920410156e-01
7.670000000000000256e-07,3.622753620147705078e-01
7.679999999999999949e-07,7.542513608932495117e-01
7.689999999999999641e-07,9.730985164642333984e-01
7.700000000000000393e-07,9.685831665992736816e-01
7.710000000000000085e-07,7.417417764663696289e-01
7.719999999999999778e-07,3.446429371833801270e-01
7.730000000000000529e-07,-1.315643638372421265e-01
7.740000000000000221e-07,-5.775727033615112305e-01
7.749999999999999914e-07,-8.910065293312072754e-01
7.759999999999999606e-07,-9.999210238456726074e-01
7.770000000000000358e-07,-8.793163299560546875e-01
7.780000000000000050e-07,-5.568756461143493652e-01
7.789999999999999743e-07,-1.066111549735069275e-01
7.800000000000000494e-07,3.681245446205139160e-01
7.810000000000000187e-07,7.583619356155395508e-01
7.819999999999999879e-07,9.745268821716308594e-01
7.829999999999999572e-07,9.670014977455139160e-01
7.840000000000000323e-07,7.375131249427795410e-01
7.850000000000000015e-07,3.387379348278045654e-01
7.859999999999999708e-07,-1.377902925014495850e-01
7.870000000000000459e-07,-5.826904773712158203e-01
7.880000000000000152e-07,-8.938414454460144043e-01
7.889999999999999844e-07,-9.998223781585693359e-01
7.899999999999999537e-07,-8.763066530227661133e-01
7.910000000000000288e-07,-5.516458749771118164e-01
7.919999999999999980e-07,-1.003617122769355774e-01
7.929999999999999673e-07,3.739592134952545166e-01
7.940000000000000424e-07,7.624425292015075684e-01
7.950000000000000117e-07,9.759167432785034180e-01
7.959999999999999809e-07,9.653816223144531250e-01
7.969999999999999502e-07,7.332553267478942871e-01
7.980000000000000253e-07,3.328195512294769287e-01
7.989999999999999945e-07,-1.440107822418212891e-01
7.999999999999999638e-07,-5.877852439880371094e-01
8.010000000000000389e-07,-8.966410160064697266e-01
8.020000000000000082e-07,-9.996842145919799805e-01
8.029999999999999774e-07,-8.732624650001525879e-01
8.040000000000000526e-07,-5.463943481445312500e-01
8.050000000000000218e-07,-9.410831332206726074e-02
8.059999999999999911e-07,3.797791004180908203e-01
8.069999999999999603e-07,7.664930224418640137e-01
8.080000000000000354e-07,9.772680997848510742e-01
8.090000000000000047e-07,9.637236595153808594e-01
8.099999999999999739e-07,7.289686203002929688e-01
8.110000000000000491e-07,3.268880248069763184e-01
8.120000000000000183e-07,-1.502255946397781372e-01
8.129999999999999876e-07,-5.928568243980407715e-01
8.139999999999999568e-07,-8.994052410125732422e-01
8.150000000000000319e-07,-9.995065331459045410e-01
8.160000000000000012e-07,-8.701837658882141113e-01
8.169999999999999704e-07,-5.411212444305419922e-01
8.180000000000000456e-07,-8.785119652748107910e-02
8.190000000000000148e-07,3.855839967727661133e-01
8.199999999999999841e-07,7.705132365226745605e-01
8.209999999999999533e-07,9.785808920860290527e-01
8.220000000000000284e-07,9.620276689529418945e-01
8.229999999999999977e-07,7.246531248092651367e-01
8.239999999999999669e-07,3.209436237812042236e-01
8.250000000000000421e-07,-1.564344614744186401e-01
8.260000000000000113e-07,-5.979049801826477051e-01
8.269999999999999806e-07,-9.021339416503906250e-01
8.279999999999999498e-07,-9.992894530296325684e-01
8.290000000000000250e-07,-8.670706748962402344e-01
8.299999999999999942e-07,-5.358268022537231445e-01
8.309999999999999635e-07,-8.159061521291732788e-02
8.320000000000000386e-07,3.913736641407012939e-01
8.330000000000000078e-07,7.745030522346496582e-01
8.339999999999999771e-07,9.798550605773925781e-01
8.350000000000000522e-07,9.602937102317810059e-01
8.360000000000000215e-07,7.203090190887451172e-01
8.369999999999999907e-07,3.149865269660949707e-01
8.379999999999999600e-07,-1.626371592283248901e-01
8.390000000000000351e-07,-6.029295325279235840e-01
8.400000000000000043e-07,-9.048270583152770996e-01
8.409999999999999736e-07,-9.990329146385192871e-01
8.420000000000000487e-07,-8.639234304428100586e-01
8.430000000000000180e-07,-5.305112004280090332e-01
8.439999999999999872e-07,-7.532680779695510864e-02
8.449999999999999565e-07,3.971478939056396484e-01
8.460000000000000316e-07,7.784622907638549805e-01
8.470000000000000008e-07,9.810905456542968750e-01
8.479999999999999701e-07,9.585217833518981934e-01
8.490000000000000452e-07,7.159364819526672363e-01
8.500000000000000145e-07,3.090170025825500488e-01
8.509999999999999837e-07,-1.688334494829177856e-01
8.519999999999999530e-07,-6.079303026199340820e-01
8.530000000000000281e-07,-9.074844121932983398e-01
8.539999999999999974e-07,-9.987369775772094727e-01
8.549999999999999666e-07,-8.607420325279235840e-01
8.560000000000000417e-07,-5.251746177673339844e-01
8.570000000000000110e-07,-6.906002759933471680e-02
8.579999999999999802e-07,4.029064476490020752e-01
8.589999999999999495e-07,7.823908329010009766e-01
8.600000000000000246e-07,9.822872281074523926e-01
8.609999999999999939e-07,9.567120671272277832e-01
8.619999999999999631e-07,7.115356922149658203e-01
8.630000000000000382e-07,3.030352592468261719e-01
8.640000000000000075e-07,-1.750230640172958374e-01
8.649999999999999767e-07,-6.129070520401000977e-01
8.660000000000000519e-07,-9.101059436798095703e-01
8.670000000000000211e-07,-9.984015226364135742e-01
8.679999999999999904e-07,-8.575266599655151367e-01
8.689999999999999596e-07,-5.198173522949218750e-01
8.700000000000000347e-07,-6.279052048921585083e-02
8.710000000000000040e-07,4.086490869522094727e-01
8.719999999999999732e-07,7.862884402275085449e-01
8.730000000000000484e-07,9.834452271461486816e-01
8.740000000000000176e-07,9.548645615577697754e-01
8.749999999999999869e-07,7.071067690849304199e-01
8.759999999999999561e-07,2.970415949821472168e-01
8.770000000000000313e-07,-1.812057644128799438e-01
8.780000000000000005e-07,-6.178596019744873047e-01
8.789999999999999698e-07,-9.126915931701660156e-01
8.800000000000000449e-07,-9.980267286300659180e-01
8.810000000000000141e-07,-8.542774319648742676e-01
8.819999999999999834e-07,-5.144395232200622559e-01
8.829999999999999526e-07,-5.651853606104850769e-02
8.840000000000000278e-07,4.143755733966827393e-01
8.849999999999999970e-07,7.901549935340881348e-01
8.859999999999999663e-07,9.845643639564514160e-01
8.870000000000000414e-07,9.529793262481689453e-01
8.880000000000000106e-07,7.026499509811401367e-01
8.889999999999999799e-07,2.910361588001251221e-01
8.899999999999999491e-07,-1.873813122510910034e-01
8.910000000000000243e-07,-6.227877736091613770e-01
8.919999999999999935e-07,-9.152411818504333496e-01
8.929999999999999628e-07,-9.976125359535217285e-01
8.940000000000000379e-07,-8.509944677352905273e-01
8.950000000000000071e-07,-5.090414285659790039e-01
8.959999999999999764e-07,-5.024431645870208740e-02
8.970000000000000515e-07,4.200857281684875488e-01
8.980000000000000208e-07,7.939903736114501953e-01
8.989999999999999900e-07,9.856445789337158203e-01
8.999999999999999593e-07,9.510565400123596191e-01
9.010000000000000344e-07,6.981654167175292969e-01
9.020000000000000037e-07,2.850192487239837646e-01
9.029999999999999729e-07,-1.935494691133499146e-01
9.040000000000000480e-07,-6.276913881301879883e-01
9.050000000000000173e-07,-9.177546501159667969e-01
9.059999999999999865e-07,-9.971588850021362305e-01
9.069999999999999558e-07,-8.476779460906982422e-01
9.080000000000000309e-07,-5.036231875419616699e-01
9.090000000000000002e-07,-4.396811872720718384e-02
9.099999999999999694e-07,4.257792830467224121e-01
9.110000000000000445e-07,7.977944612503051758e-01
9.120000000000000138e-07,9.866859316825866699e-01
9.129999999999999830e-07,9.490961432456970215e-01
9.139999999999999523e-07,6.936532855033874512e-01
9.150000000000000274e-07,2.789911031723022461e-01
9.159999999999999967e-07,-1.997099816799163818e-01
9.169999999999999659e-07,-6.325701475143432617e-01
9.180000000000000410e-07,-9.202318191528320312e-01
9.190000000000000103e-07,-9.966659545898437500e-01
9.199999999999999795e-07,-8.443279266357421875e-01
9.209999999999999488e-07,-4.981850981712341309e-01
9.220000000000000239e-07,-3.769018128514289856e-02
9.229999999999999932e-07,4.314560592174530029e-01
9.239999999999999624e-07,8.015669584274291992e-01
9.250000000000000376e-07,9.876883625984191895e-01
9.260000000000000068e-07,9.470983147621154785e-01
9.269999999999999761e-07,6.891137957572937012e-01
9.280000000000000512e-07,2.729519307613372803e-01
9.290000000000000204e-07,-2.058626115322113037e-01
9.299999999999999897e-07,-6.374239921569824219e-01
9.309999999999999589e-07,-9.226727485656738281e-01
9.320000000000000341e-07,-9.961336255073547363e-01
9.330000000000000033e-07,-8.409445881843566895e-01
9.339999999999999726e-07,-4.927273392677307129e-01
9.350000000000000477e-07,-3.141075745224952698e-02
9.360000000000000169e-07,4.371157586574554443e-01
9.369999999999999862e-07,8.053078651428222656e-01
9.379999999999999554e-07,9.886517524719238281e-01
9.390000000000000306e-07,9.450630545616149902e-01
9.399999999999999998e-07,6.845471262931823730e-01
9.409999999999999691e-07,2.669019997119903564e-01
9.420000000000000442e-07,-2.120071053504943848e-01
9.430000000000000134e-07,-6.422526240348815918e-01
9.439999999999999827e-07,-9.250771999359130859e-01
9.449999999999999519e-07,-9.955619573593139648e-01
9.460000000000000271e-07,-8.375280499458312988e-01
9.469999999999999963e-07,-4.872501194477081299e-01
9.479999999999999656e-07,-2.513009496033191681e-02
9.490000000000000407e-07,4.427582323551177979e-01
9.500000000000000100e-07,8.090170025825500488e-01
9.509999999999999792e-07,9.895761013031005859e-01
9.519999999999999484e-07,9.429905414581298828e-01
9.530000000000000236e-07,6.799533963203430176e-01
9.540000000000000987e-07,2.608415186405181885e-01
9.549999999999999621e-07,-2.181432396173477173e-01
9.560000000000000372e-07,-6.470559835433959961e-01
9.569999999999999006e-07,-9.274451732635498047e-01
9.579999999999999757e-07,-9.949510097503662109e-01
9.590000000000000508e-07,-8.340784311294555664e-01
9.599999999999999142e-07,-4.817536771297454834e-01
9.609999999999999893e-07,-1.884843967854976654e-02
9.620000000000000645e-07,4.483832120895385742e-01
9.629999999999999278e-07,8.126941919326782227e-01
9.640000000000000030e-07,9.904614090919494629e-01
9.650000000000000781e-07,9.408807754516601562e-01
9.659999999999999415e-07,6.753327846527099609e-01
9.670000000000000166e-07,2.547707259654998779e-01
9.680000000000000917e-07,-2.242707610130310059e-01
9.689999999999999551e-07,-6.518337130546569824e-01
9.700000000000000302e-07,-9.297764897346496582e-01
9.710000000000001053e-07,-9.943007826805114746e-01
9.719999999999999687e-07,-8.305959105491638184e-01
9.730000000000000438e-07,-4.762381911277770996e-01
9.739999999999999072e-07,-1.256604027003049850e-02
9.749999999999999823e-07,4.539904892444610596e-01
9.760000000000000575e-07,8.163392543792724609e-01
9.769999999999999208e-07,9.913076162338256836e-01
9.779999999999999960e-07,9.387338757514953613e-01
9.790000000000000711e-07,6.706855893135070801e-01
9.799999999999999345e-07,2.486898899078369141e-01
9.810000000000000096e-07,-2.303894311189651489e-01
9.820000000000000847e-07,-6.565857529640197754e-01
9.829999999999999481e-07,-9.320710897445678711e-01
9.840000000000000232e-07,-9.936113357543945312e-01
9.850000000000000984e-07,-8.270805478096008301e-01
9.859999999999999617e-07,-4.707039296627044678e-01
9.870000000000000369e-07,-6.283144000917673111e-03
9.879999999999999002e-07,4.595798552036285400e-01
9.889999999999999754e-07,8.199521303176879883e-01
9.900000000000000505e-07,9.921147227287292480e-01
9.909999999999999139e-07,9.365499019622802734e-01
9.919999999999999890e-07,6.660118699073791504e-01
9.930000000000000641e-07,2.425992339849472046e-01
9.939999999999999275e-07,-2.364989966154098511e-01
9.950000000000000026e-07,-6.613118648529052734e-01
9.960000000000000777e-07,-9.343289136886596680e-01
9.969999999999999411e-07,-9.928826093673706055e-01
9.980000000000000162e-07,-8.235325813293457031e-01
9.990000000000000914e-07,-4.651510715484619141e-01
9.999999999999999547e-07,-1.175413306047983983e-14
1.001000000000000030e-06,4.651510715484619141e-01
1.002000000000000105e-06,8.235325813293457031e-01
1.002999999999999968e-06,9.928826093673706055e-01
1.004000000000000044e-06,9.343289136886596680e-01
1.004999999999999907e-06,6.613118648529052734e-01
1.005999999999999982e-06,2.364989966154098511e-01
1.007000000000000057e-06,-2.425992339849472046e-01
1.007999999999999921e-06,-6.660118699073791504e-01
1.008999999999999996e-06,-9.365499019622802734e-01
1.010000000000000071e-06,-9.921147227287292480e-01
1.010999999999999934e-06,-8.199521303176879883e-01
1.012000000000000009e-06,-4.595798552036285400e-01
1.013000000000000084e-06,6.283144000917673111e-03
1.013999999999999948e-06,4.707039296627044678e-01
1.015000000000000023e-06,8.270805478096008301e-01
1.016000000000000098e-06,9.936113357543945312e-01
1.016999999999999961e-06,9.320710897445678711e-01
1.018000000000000037e-06,6.565857529640197754e-01
1.018999999999999900e-06,2.303894311189651489e-01
1.019999999999999975e-06,-2.486898899078369141e-01
1.021000000000000050e-06,-6.706855893135070801e-01
1.021999999999999914e-06,-9.387338757514953613e-01
1.022999999999999989e-06,-9.913076162338256836e-01
1.024000000000000064e-06,-8.163392543792724609e-01
1.024999999999999927e-06,-4.539904892444610596e-01
1.026000000000000002e-06,1.256604027003049850e-02
1.027000000000000077e-06,4.762381911277770996e-01
1.027999999999999941e-06,8.305959105491638184e-01
1.029000000000000016e-06,9.943007826805114746e-01
1.030000000000000091e-06,9.297764897346496582e-01
1.030999999999999954e-06,6.518337130546569824e-01
1.032000000000000030e-06,2.242707610130310059e-01
1.033000000000000105e-06,-2.547707259654998779e-01
1.033999999999999968e-06,-6.753327846527099609e-01
1.035000000000000043e-06,-9.408807754516601562e-01
1.035999999999999907e-06,-9.904614090919494629e-01
1.036999999999999982e-06,-8.126941919326782227e-01
1.038000000000000057e-06,-4.483832120895385742e-01
1.038999999999999920e-06,1.884843967854976654e-02
1.039999999999999995e-06,4.817536771297454834e-01
1.041000000000000070e-06,8.340784311294555664e-01
1.041999999999999934e-06,9.949510097503662109e-01
1.043000000000000009e-06,9.274451732635498047e-01
1.044000000000000084e-06,6.470559835433959961e-01
1.044999999999999947e-06,2.181432396173477173e-01
1.046000000000000023e-06,-2.608415186405181885e-01
1.047000000000000098e-06,-6.799533963203430176e-01
1.047999999999999961e-06,-9.429905414581298828e-01
1.049000000000000036e-06,-9.895761013031005859e-01
1.049999999999999900e-06,-8.090170025825500488e-01
1.050999999999999975e-06,-4.427582323551177979e-01
1.052000000000000050e-06,2.513009496033191681e-02
1.052999999999999913e-06,4.872501194477081299e-01
1.053999999999999988e-06,8.375280499458312988e-01
1.055000000000000063e-06,9.955619573593139648e-01
1.055999999999999927e-06,9.250771999359130859e-01
1.057000000000000002e-06,6.422526240348815918e-01
1.058000000000000077e-06,2.120071053504943848e-01
1.058999999999999940e-06,-2.669019997119903564e-01
1.060000000000000016e-06,-6.845471262931823730e-01
1.061000000000000091e-06,-9.450630545616149902e-01
1.061999999999999954e-06,-9.886517524719238281e-01
1.063000000000000029e-06,-8.053078651428222656e-01
1.064000000000000104e-06,-4.371157586574554443e-01
1.064999999999999968e-06,3.141075745224952698e-02
1.066000000000000043e-06,4.927273392677307129e-01
1.066999999999999906e-06,8.409445881843566895e-01
1.067999999999999981e-06,9.961336255073547363e-01
1.069000000000000056e-06,9.226727485656738281e-01
1.069999999999999920e-06,6.374239921569824219e-01
1.070999999999999995e-06,2.058626115322113037e-01
1.072000000000000070e-06,-2.729519307613372803e-01
1.072999999999999933e-06,-6.891137957572937012e-01
1.074000000000000009e-06,-9.470983147621154785e-01
1.075000000000000084e-06,-9.876883625984191895e-01
1.075999999999999947e-06,-8.015669584274291992e-01
1.077000000000000022e-06,-4.314560592174530029e-01
1.078000000000000097e-06,3.769018128514289856e-02
1.078999999999999961e-06,4.981850981712341309e-01
1.080000000000000036e-06,8.443279266357421875e-01
1.080999999999999899e-06,9.966659545898437500e-01
1.081999999999999974e-06,9.202318191528320312e-01
1.083000000000000049e-06,6.325701475143432617e-01
1.083999999999999913e-06,1.997099816799163818e-01
1.084999999999999988e-06,-2.789911031723022461e-01
1.086000000000000063e-06,-6.936532855033874512e-01
1.086999999999999926e-06,-9.490961432456970215e-01
1.088000000000000002e-06,-9.866859316825866699e-01
1.089000000000000077e-06,-7.977944612503051758e-01
1.089999999999999940e-06,-4.257792830467224121e-01
1.091000000000000015e-06,4.396811872720718384e-02
1.092000000000000090e-06,5.036231875419616699e-01
1.092999999999999954e-06,8.476779460906982422e-01
1.094000000000000029e-06,9.971588850021362305e-01
1.095000000000000104e-06,9.177546501159667969e-01
1.095999999999999967e-06,6.276913881301879883e-01
1.097000000000000042e-06,1.935494691133499146e-01
1.097999999999999906e-06,-2.850192487239837646e-01
1.098999999999999981e-06,-6.981654167175292969e-01
1.100000000000000056e-06,-9.510565400123596191e-01
1.100999999999999919e-06,-9.856445789337158203e-01
1.101999999999999995e-06,-7.939903736114501953e-01
1.103000000000000070e-06,-4.200857281684875488e-01
1.103999999999999933e-06,5.024431645870208740e-02
1.105000000000000008e-06,5.090414285659790039e-01
1.106000000000000083e-06,8.509944677352905273e-01
1.106999999999999947e-06,9.976125359535217285e-01
1.108000000000000022e-06,9.152411818504333496e-01
1.109000000000000097e-06,6.227877736091613770e-01
1.109999999999999960e-06,1.873813122510910034e-01
1.111000000000000035e-06,-2.910361588001251221e-01
1.111999999999999899e-06,-7.026499509811401367e-01
1.112999999999999974e-06,-9.529793262481689453e-01
1.114000000000000049e-06,-9.845643639564514160e-01
1.114999999999999912e-06,-7.901549935340881348e-01
1.115999999999999988e-06,-4.143755733966827393e-01
1.117000000000000063e-06,5.651853606104850769e-02
1.117999999999999926e-06,5.144395232200622559e-01
1.119000000000000001e-06,8.542774319648742676e-01
1.120000000000000076e-06,9.980267286300659180e-01
1.120999999999999940e-06,9.126915931701660156e-01
1.122000000000000015e-06,6.178596019744873047e-01
1.123000000000000090e-06,1.812057644128799438e-01
1.123999999999999953e-06,-2.970415949821472168e-01
1.125000000000000029e-06,-7.071067690849304199e-01
1.126000000000000104e-06,-9.548645615577697754e-01
1.126999999999999967e-06,-9.834452271461486816e-01
1.128000000000000042e-06,-7.862884402275085449e-01
1.128999999999999906e-06,-4.086490869522094727e-01
1.129999999999999981e-06,6.279052048921585083e-02
1.131000000000000056e-06,5.198173522949218750e-01
1.131999999999999919e-06,8.575266599655151367e-01
1.132999999999999994e-06,9.984015226364135742e-01
1.134000000000000069e-06,9.101059436798095703e-01
1.134999999999999933e-06,6.129070520401000977e-01
1.136000000000000008e-06,1.750230640172958374e-01
1.137000000000000083e-06,-3.030352592468261719e-01
1.137999999999999946e-06,-7.115356922149658203e-01
1.139000000000000022e-06,-9.567120671272277832e-01
1.140000000000000097e-06,-9.822872281074523926e-01
1.140999999999999960e-06,-7.823908329010009766e-01
1.142000000000000035e-06,-4.029064476490020752e-01
1.142999999999999899e-06,6.906002759933471680e-02
1.143999999999999974e-06,5.251746177673339844e-01
1.145000000000000049e-06,8.607420325279235840e-01
1.145999999999999912e-06,9.987369775772094727e-01
1.146999999999999987e-06,9.074844121932983398e-01
1.148000000000000062e-06,6.079303026199340820e-01
1.148999999999999926e-06,1.688334494829177856e-01
1.150000000000000001e-06,-3.090170025825500488e-01
1.151000000000000076e-06,-7.159364819526672363e-01
1.151999999999999939e-06,-9.585217833518981934e-01
1.153000000000000015e-06,-9.810905456542968750e-01
1.154000000000000090e-06,-7.784622907638549805e-01
1.154999999999999953e-06,-3.971478939056396484e-01
1.156000000000000028e-06,7.532680779695510864e-02
1.157000000000000103e-06,5.305112004280090332e-01
1.157999999999999967e-06,8.639234304428100586e-01
1.159000000000000042e-06,9.990329146385192871e-01
1.159999999999999905e-06,9.048270583152770996e-01
1.160999999999999980e-06,6.029295325279235840e-01
1.162000000000000055e-06,1.626371592283248901e-01
1.162999999999999919e-06,-3.149865269660949707e-01
1.163999999999999994e-06,-7.203090190887451172e-01
1.165000000000000069e-06,-9.602937102317810059e-01
1.165999999999999932e-06,-9.798550605773925781e-01
1.167000000000000008e-06,-7.745030522346496582e-01
1.168000000000000083e-06,-3.913736641407012939e-01
1.168999999999999946e-06,8.159061521291732788e-02
1.170000000000000021e-06,5.358268022537231445e-01
1.171000000000000096e-06,8.670706748962402344e-01
1.171999999999999960e-06,9.992894530296325684e-01
1.173000000000000035e-06,9.021339416503906250e-01
1.173999999999999898e-06,5.979049801826477051e-01
1.174999999999999973e-06,1.564344614744186401e-01
1.176000000000000048e-06,-3.209436237812042236e-01
1.176999999999999912e-06,-7.246531248092651367e-01
1.177999999999999987e-06,-9.620276689529418945e-01
1.179000000000000062e-06,-9.785808920860290527e-01
1.179999999999999925e-06,-7.705132365226745605e-01
1.181000000000000001e-06,-3.855839967727661133e-01
1.182000000000000076e-06,8.785119652748107910e-02
1.182999999999999939e-06,5.411212444305419922e-01
1.184000000000000014e-06,8.701837658882141113e-01
1.185000000000000089e-06,9.995065331459045410e-01
1.185999999999999953e-06,8.994052410125732422e-01
1.187000000000000028e-06,5.928568243980407715e-01
1.188000000000000103e-06,1.502255946397781372e-01
1.188999999999999966e-06,-3.268880248069763184e-01
1.190000000000000041e-06,-7.289686203002929688e-01
1.190999999999999905e-06,-9.637236595153808594e-01
1.191999999999999980e-06,-9.772680997848510742e-01
1.193000000000000055e-06,-7.664930224418640137e-01
1.193999999999999918e-06,-3.797791004180908203e-01
1.194999999999999994e-06,9.410831332206726074e-02
1.196000000000000069e-06,5.463943481445312500e-01
1.196999999999999932e-06,8.732624650001525879e-01
1.198000000000000007e-06,9.996842145919799805e-01
1.199000000000000082e-06,8.966410160064697266e-01
1.199999999999999946e-06,5.877852439880371094e-01
1.201000000000000021e-06,1.440107822418212891e-01
1.202000000000000096e-06,-3.328195512294769287e-01
1.202999999999999959e-06,-7.332553267478942871e-01
1.204000000000000034e-06,-9.653816223144531250e-01
1.204999999999999898e-06,-9.759167432785034180e-01
1.205999999999999973e-06,-7.624425292015075684e-01
1.207000000000000048e-06,-3.739592134952545166e-01
1.207999999999999911e-06,1.003617122769355774e-01
1.208999999999999987e-06,5.516458749771118164e-01
1.210000000000000062e-06,8.763066530227661133e-01
1.210999999999999925e-06,9.998223781585693359e-01
1.212000000000000000e-06,8.938414454460144043e-01
1.213000000000000075e-06,5.826904773712158203e-01
1.213999999999999939e-06,1.377902925014495850e-01
1.215000000000000014e-06,-3.387379348278045654e-01
1.216000000000000089e-06,-7.375131249427795410e-01
1.216999999999999952e-06,-9.670014977455139160e-01
1.218000000000000027e-06,-9.745268821716308594e-01
1.219000000000000103e-06,-7.583619356155395508e-01
1.219999999999999966e-06,-3.681245446205139160e-01
1.221000000000000041e-06,1.066111549735069275e-01
1.221999999999999904e-06,5.568756461143493652e-01
1.222999999999999980e-06,8.793163299560546875e-01
1.224000000000000055e-06,9.999210238456726074e-01
1.224999999999999918e-06,8.910065293312072754e-01
1.225999999999999993e-06,5.775727033615112305e-01
1.227000000000000068e-06,1.315643638372421265e-01
1.227999999999999932e-06,-3.446429371833801270e-01
1.229000000000000007e-06,-7.417417764663696289e-01
1.230000000000000082e-06,-9.685831665992736816e-01
1.230999999999999945e-06,-9.730985164642333984e-01
1.232000000000000020e-06,-7.542513608932495117e-01
1.233000000000000096e-06,-3.622753620147705078e-01
1.233999999999999959e-06,1.128563880920410156e-01
1.235000000000000034e-06,5.620833635330200195e-01
1.235999999999999897e-06,8.822911977767944336e-01
1.236999999999999973e-06,9.999802708625793457e-01
1.238000000000000048e-06,8.881364464759826660e-01
1.238999999999999911e-06,5.724321007728576660e-01
1.239999999999999986e-06,1.253332346677780151e-01
1.241000000000000061e-06,-3.505343198776245117e-01
1.241999999999999925e-06,-7.459411621093750000e-01
1.243000000000000000e-06,-9.701265692710876465e-01
1.244000000000000075e-06,-9.716317057609558105e-01
1.244999999999999938e-06,-7.501110434532165527e-01
1.246000000000000013e-06,-3.564118742942810059e-01
1.247000000000000089e-06,1.190971583127975464e-01
1.247999999999999952e-06,5.672689676284790039e-01
1.249000000000000027e-06,8.852313160896301270e-01
1.250000000000000102e-06,1.000000000000000000e+00
1.250999999999999966e-06,8.852313160896301270e-01
1.252000000000000041e-06,5.672689676284790039e-01
1.252999999999999904e-06,1.190971583127975464e-01
1.253999999999999979e-06,-3.564118742942810059e-01
1.255000000000000054e-06,-7.501110434532165527e-01
1.255999999999999918e-06,-9.716317057609558105e-01
1.256999999999999993e-06,-9.701265692710876465e-01
1.258000000000000068e-06,-7.459411621093750000e-01
1.258999999999999931e-06,-3.505343198776245117e-01
1.260000000000000007e-06,1.253332346677780151e-01
1.261000000000000082e-06,5.724321007728576660e-01
1.261999999999999945e-06,8.881364464759826660e-01
1.263000000000000020e-06,9.999802708625793457e-01
1.264000000000000095e-06,8.822911977767944336e-01
1.264999999999999959e-06,5.620833635330200195e-01
1.266000000000000034e-06,1.128563880920410156e-01
1.266999999999999897e-06,-3.622753620147705078e-01
1.267999999999999972e-06,-7.542513608932495117e-01
1.269000000000000047e-06,-9.730985164642333984e-01
1.269999999999999911e-06,-9.685831665992736816e-01
1.270999999999999986e-06,-7.417417764663696289e-01
1.272000000000000061e-06,-3.446429371833801270e-01
1.272999999999999924e-06,1.315643638372421265e-01
1.274000000000000000e-06,5.775727033615112305e-01
1.275000000000000075e-06,8.910065293312072754e-01
1.275999999999999938e-06,9.999210238456726074e-01
1.277000000000000013e-06,8.793163299560546875e-01
1.278000000000000088e-06,5.568756461143493652e-01
1.278999999999999952e-06,1.066111549735069275e-01
1.280000000000000027e-06,-3.681245446205139160e-01
1.281000000000000102e-06,-7.583619356155395508e-01
1.281999999999999965e-06,-9.745268821716308594e-01
1.283000000000000040e-06,-9.670014977455139160e-01
1.283999999999999904e-06,-7.375131249427795410e-01
1.284999999999999979e-06,-3.387379348278045654e-01
1.286000000000000054e-06,1.377902925014495850e-01
1.286999999999999917e-06,5.826904773712158203e-01
1.287999999999999993e-06,8.938414454460144043e-01
1.289000000000000068e-06,9.998223781585693359e-01
1.289999999999999931e-06,8.763066530227661133e-01
1.291000000000000006e-06,5.516458749771118164e-01
1.292000000000000081e-06,1.003617122769355774e-01
1.292999999999999945e-06,-3.739592134952545166e-01
1.294000000000000020e-06,-7.624425292015075684e-01
1.295000000000000095e-06,-9.759167432785034180e-01
1.295999999999999958e-06,-9.653816223144531250e-01
1.297000000000000033e-06,-7.332553267478942871e-01
1.297999999999999897e-06,-3.328195512294769287e-01
1.298999999999999972e-06,1.440107822418212891e-01
1.300000000000000047e-06,5.877852439880371094e-01
1.300999999999999910e-06,8.966410160064697266e-01
1.301999999999999986e-06,9.996842145919799805e-01
1.303000000000000061e-06,8.732624650001525879e-01
1.303999999999999924e-06,5.463943481445312500e-01
1.304999999999999999e-06,9.410831332206726074e-02
1.306000000000000074e-06,-3.797791004180908203e-01
1.306999999999999938e-06,-7.664930224418640137e-01
1.308000000000000013e-06,-9.772680997848510742e-01
1.309000000000000088e-06,-9.637236595153808594e-01
1.309999999999999951e-06,-7.289686203002929688e-01
1.311000000000000026e-06,-3.268880248069763184e-01
1.312000000000000102e-06,1.502255946397781372e-01
1.312999999999999965e-06,5.928568243980407715e-01
1.314000000000000040e-06,8.994052410125732422e-01
1.314999999999999903e-06,9.995065331459045410e-01
1.315999999999999979e-06,8.701837658882141113e-01
1.317000000000000054e-06,5.411212444305419922e-01
1.317999999999999917e-06,8.785119652748107910e-02
1.318999999999999992e-06,-3.855839967727661133e-01
1.320000000000000067e-06,-7.705132365226745605e-01
1.320999999999999931e-06,-9.785808920860290527e-01
1.322000000000000006e-06,-9.620276689529418945e-01
1.323000000000000081e-06,-7.246531248092651367e-01
1.323999999999999944e-06,-3.209436237812042236e-01
1.325000000000000019e-06,1.564344614744186401e-01
1.326000000000000095e-06,5.979049801826477051e-01
1.326999999999999958e-06,9.021339416503906250e-01
1.328000000000000033e-06,9.992894530296325684e-01
1.328999999999999896e-06,8.670706748962402344e-01
1.329999999999999972e-06,5.358268022537231445e-01
1.331000000000000047e-06,8.159061521291732788e-02
1.331999999999999910e-06,-3.913736641407012939e-01
1.332999999999999985e-06,-7.745030522346496582e-01
1.334000000000000060e-06,-9.798550605773925781e-01
1.334999999999999924e-06,-9.602937102317810059e-01
1.335999999999999999e-06,-7.203090190887451172e-01
1.337000000000000074e-06,-3.149865269660949707e-01
1.337999999999999937e-06,1.626371592283248901e-01
1.339000000000000012e-06,6.029295325279235840e-01
1.340000000000000088e-06,9.048270583152770996e-01
1.340999999999999951e-06,9.990329146385192871e-01
1.342000000000000026e-06,8.639234304428100586e-01
1.343000000000000101e-06,5.305112004280090332e-01
1.343999999999999965e-06,7.532680779695510864e-02
1.345000000000000040e-06,-3.971478939056396484e-01
1.345999999999999903e-06,-7.784622907638549805e-01
1.346999999999999978e-06,-9.810905456542968750e-01
1.348000000000000053e-06,-9.585217833518981934e-01
1.348999999999999917e-06,-7.159364819526672363e-01
1.349999999999999992e-06,-3.090170025825500488e-01
1.351000000000000067e-06,1.688334494829177856e-01
1.351999999999999930e-06,6.079303026199340820e-01
1.353000000000000005e-06,9.074844121932983398e-01
1.354000000000000081e-06,9.987369775772094727e-01
1.354999999999999944e-06,8.607420325279235840e-01
1.356000000000000019e-06,5.251746177673339844e-01
1.357000000000000094e-06,6.906002759933471680e-02
1.357999999999999958e-06,-4.029064476490020752e-01
1.359000000000000033e-06,-7.823908329010009766e-01
1.359999999999999896e-06,-9.822872281074523926e-01
1.360999999999999971e-06,-9.567120671272277832e-01
1.362000000000000046e-06,-7.115356922149658203e-01
1.362999999999999910e-06,-3.030352592468261719e-01
1.363999999999999985e-06,1.750230640172958374e-01
1.365000000000000060e-06,6.129070520401000977e-01
1.365999999999999923e-06,9.101059436798095703e-01
1.366999999999999998e-06,9.984015226364135742e-01
1.368000000000000074e-06,8.575266599655151367e-01
1.368999999999999937e-06,5.198173522949218750e-01
1.370000000000000012e-06,6.279052048921585083e-02
1.371000000000000087e-06,-4.086490869522094727e-01
1.371999999999999951e-06,-7.862884402275085449e-01
1.373000000000000026e-06,-9.834452271461486816e-01
1.374000000000000101e-06,-9.548645615577697754e-01
1.374999999999999964e-06,-7.071067690849304199e-01
1.376000000000000039e-06,-2.970415949821472168e-01
1.376999999999999903e-06,1.812057644128799438e-01
1.377999999999999978e-06,6.178596019744873047e-01
1.379000000000000053e-06,9.126915931701660156e-01
1.379999999999999916e-06,9.980267286300659180e-01
1.380999999999999992e-06,8.542774319648742676e-01
1.382000000000000067e-06,5.144395232200622559e-01
1.382999999999999930e-06,5.651853606104850769e-02
1.384000000000000005e-06,-4.143755733966827393e-01
1.385000000000000080e-06,-7.901549935340881348e-01
1.385999999999999944e-06,-9.845643639564514160e-01
1.387000000000000019e-06,-9.529793262481689453e-01
1.388000000000000094e-06,-7.026499509811401367e-01
1.388999999999999957e-06,-2.910361588001251221e-01
1.390000000000000032e-06,1.873813122510910034e-01
1.390999999999999896e-06,6.227877736091613770e-01
1.391999999999999971e-06,9.152411818504333496e-01
1.393000000000000046e-06,9.976125359535217285e-01
1.393999999999999909e-06,8.509944677352905273e-01
1.394999999999999985e-06,5.090414285659790039e-01
1.396000000000000060e-06,5.024431645870208740e-02
1.396999999999999923e-06,-4.200857281684875488e-01
1.397999999999999998e-06,-7.939903736114501953e-01
1.399000000000000073e-06,-9.856445789337158203e-01
1.399999999999999937e-06,-9.510565400123596191e-01
1.401000000000000012e-06,-6.981654167175292969e-01
1.402000000000000087e-06,-2.850192487239837646e-01
1.402999999999999950e-06,1.935494691133499146e-01
1.404000000000000025e-06,6.276913881301879883e-01
1.405000000000000101e-06,9.177546501159667969e-01
1.405999999999999964e-06,9.971588850021362305e-01
1.407000000000000039e-06,8.476779460906982422e-01
1.407999999999999902e-06,5.036231875419616699e-01
1.408999999999999978e-06,4.396811872720718384e-02
1.410000000000000053e-06,-4.257792830467224121e-01
1.410999999999999916e-06,-7.977944612503051758e-01
1.411999999999999991e-06,-9.866859316825866699e-01
1.413000000000000066e-06,-9.490961432456970215e-01
1.413999999999999930e-06,-6.936532855033874512e-01
1.415000000000000005e-06,-2.789911031723022461e-01
1.416000000000000080e-06,1.997099816799163818e-01
1.416999999999999943e-06,6.325701475143432617e-01
1.418000000000000018e-06,9.202318191528320312e-01
1.419000000000000094e-06,9.966659545898437500e-01
1.419999999999999957e-06,8.443279266357421875e-01
1.421000000000000032e-06,4.981850981712341309e-01
1.421999999999999895e-06,3.769018128514289856e-02
1.422999999999999971e-06,-4.314560592174530029e-01
1.424000000000000046e-06,-8.015669584274291992e-01
1.424999999999999909e-06,-9.876883625984191895e-01
1.425999999999999984e-06,-9.470983147621154785e-01
1.427000000000000059e-06,-6.891137957572937012e-01
1.427999999999999923e-06,-2.729519307613372803e-01
1.428999999999999998e-06,2.058626115322113037e-01
1.430000000000000073e-06,6.374239921569824219e-01
1.430999999999999936e-06,9.226727485656738281e-01
1.432000000000000011e-06,9.961336255073547363e-01
1.433000000000000087e-06,8.409445881843566895e-01
1.433999999999999950e-06,4.927273392677307129e-01
1.435000000000000025e-06,3.141075745224952698e-02
1.436000000000000100e-06,-4.371157586574554443e-01
1.436999999999999964e-06,-8.053078651428222656e-01
1.438000000000000039e-06,-9.886517524719238281e-01
1.438999999999999902e-06,-9.450630545616149902e-01
1.439999999999999977e-06,-6.845471262931823730e-01
1.441000000000000052e-06,-2.669019997119903564e-01
1.441999999999999916e-06,2.120071053504943848e-01
1.442999999999999991e-06,6.422526240348815918e-01
1.444000000000000066e-06,9.250771999359130859e-01
1.444999999999999929e-06,9.955619573593139648e-01
1.446000000000000004e-06,8.375280499458312988e-01
1.447000000000000080e-06,4.872501194477081299e-01
1.447999999999999943e-06,2.513009496033191681e-02
1.449000000000000018e-06,-4.427582323551177979e-01
1.450000000000000093e-06,-8.090170025825500488e-01
1.450999999999999957e-06,-9.895761013031005859e-01
1.452000000000000032e-06,-9.429905414581298828e-01
1.452999999999999895e-06,-6.799533963203430176e-01
1.453999999999999970e-06,-2.608415186405181885e-01
1.455000000000000045e-06,2.181432396173477173e-01
1.455999999999999909e-06,6.470559835433959961e-01
1.456999999999999984e-06,9.274451732635498047e-01
1.458000000000000059e-06,9.949510097503662109e-01
1.458999999999999922e-06,8.340784311294555664e-01
1.459999999999999997e-06,4.817536771297454834e-01
1.461000000000000073e-06,1.884843967854976654e-02
1.461999999999999936e-06,-4.483832120895385742e-01
1.463000000000000011e-06,-8.126941919326782227e-01
1.464000000000000086e-06,-9.904614090919494629e-01
1.464999999999999950e-06,-9.408807754516601562e-01
1.466000000000000025e-06,-6.753327846527099609e-01
1.467000000000000100e-06,-2.547707259654998779e-01
1.467999999999999963e-06,2.242707610130310059e-01
1.469000000000000038e-06,6.518337130546569824e-01
1.469999999999999902e-06,9.297764897346496582e-01
1.470999999999999977e-06,9.943007826805114746e-01
1.472000000000000052e-06,8.305959105491638184e-01
1.472999999999999915e-06,4.762381911277770996e-01
1.473999999999999990e-06,1.256604027003049850e-02
1.475000000000000066e-06,-4.539904892444610596e-01
1.475999999999999929e-06,-8.163392543792724609e-01
1.477000000000000004e-06,-9.913076162338256836e-01
1.478000000000000079e-06,-9.387338757514953613e-01
1.478999999999999943e-06,-6.706855893135070801e-01
1.480000000000000018e-06,-2.486898899078369141e-01
1.481000000000000093e-06,2.303894311189651489e-01
1.481999999999999956e-06,6.565857529640197754e-01
1.483000000000000031e-06,9.320710897445678711e-01
1.483999999999999895e-06,9.936113357543945312e-01
1.484999999999999970e-06,8.270805478096008301e-01
1.486000000000000045e-06,4.707039296627044678e-01
1.486999999999999908e-06,6.283144000917673111e-03
1.487999999999999983e-06,-4.595798552036285400e-01
1.489000000000000059e-06,-8.199521303176879883e-01
1.489999999999999922e-06,-9.921147227287292480e-01
1.490999999999999997e-06,-9.365499019622802734e-01
1.492000000000000072e-06,-6.660118699073791504e-01
1.492999999999999936e-06,-2.425992339849472046e-01
1.494000000000000011e-06,2.364989966154098511e-01
1.495000000000000086e-06,6.613118648529052734e-01
1.495999999999999949e-06,9.343289136886596680e-01
1.497000000000000024e-06,9.928826093673706055e-01
1.498000000000000100e-06,8.235325813293457031e-01
1.498999999999999963e-06,4.651510715484619141e-01
1.500000000000000038e-06,-1.079050941616777406e-14
1.500999999999999901e-06,-4.651510715484619141e-01
1.501999999999999977e-06,-8.235325813293457031e-01
1.503000000000000052e-06,-9.928826093673706055e-01
1.503999999999999915e-06,-9.343289136886596680e-01
1.504999999999999990e-06,-6.613118648529052734e-01
1.506000000000000065e-06,-2.364989966154098511e-01
1.506999999999999929e-06,2.425992339849472046e-01
1.508000000000000004e-06,6.660118699073791504e-01
1.509000000000000079e-06,9.365499019622802734e-01
1.509999999999999942e-06,9.921147227287292480e-01
1.511000000000000017e-06,8.199521303176879883e-01
1.512000000000000093e-06,4.595798552036285400e-01
1.512999999999999956e-06,-6.283144000917673111e-03
1.514000000000000031e-06,-4.707039296627044678e-01
1.514999999999999894e-06,-8.270805478096008301e-01
1.515999999999999970e-06,-9.936113357543945312e-01
1.517000000000000045e-06,-9.320710897445678711e-01
1.517999999999999908e-06,-6.565857529640197754e-01
1.518999999999999983e-06,-2.303894311189651489e-01
1.520000000000000058e-06,2.486898899078369141e-01
1.520999999999999922e-06,6.706855893135070801e-01
1.521999999999999997e-06,9.387338757514953613e-01
1.523000000000000072e-06,9.913076162338256836e-01
1.523999999999999935e-06,8.163392543792724609e-01
1.525000000000000010e-06,4.539904892444610596e-01
1.526000000000000086e-06,-1.256604027003049850e-02
1.526999999999999949e-06,-4.762381911277770996e-01
1.528000000000000024e-06,-8.305959105491638184e-01
1.529000000000000099e-06,-9.943007826805114746e-01
1.529999999999999963e-06,-9.297764897346496582e-01
1.531000000000000038e-06,-6.518337130546569824e-01
1.531999999999999901e-06,-2.242707610130310059e-01
1.532999999999999976e-06,2.547707259654998779e-01
1.534000000000000051e-06,6.753327846527099609e-01
1.534999999999999915e-06,9.408807754516601562e-01
1.535999999999999990e-06,9.904614090919494629e-01
1.537000000000000065e-06,8.126941919326782227e-01
1.537999999999999928e-06,4.483832120895385742e-01
1.539000000000000003e-06,-1.884843967854976654e-02
1.540000000000000079e-06,-4.817536771297454834e-01
1.540999999999999942e-06,-8.340784311294555664e-01
1.542000000000000017e-06,-9.949510097503662109e-01
1.543000000000000092e-06,-9.274451732635498047e-01
1.543999999999999956e-06,-6.470559835433959961e-01
1.545000000000000031e-06,-2.181432396173477173e-01
1.546000000000000106e-06,2.608415186405181885e-01
1.546999999999999969e-06,6.799533963203430176e-01
1.548000000000000044e-06,9.429905414581298828e-01
1.548999999999999908e-06,9.895761013031005859e-01
1.549999999999999983e-06,8.090170025825500488e-01
1.551000000000000058e-06,4.427582323551177979e-01
1.551999999999999921e-06,-2.513009496033191681e-02
1.552999999999999996e-06,-4.872501194477081299e-01
1.554000000000000072e-06,-8.375280499458312988e-01
1.554999999999999935e-06,-9.955619573593139648e-01
1.556000000000000010e-06,-9.250771999359130859e-01
1.557000000000000085e-06,-6.422526240348815918e-01
1.557999999999999949e-06,-2.120071053504943848e-01
1.559000000000000024e-06,2.669019997119903564e-01
1.560000000000000099e-06,6.845471262931823730e-01
1.560999999999999962e-06,9.450630545616149902e-01
1.562000000000000037e-06,9.886517524719238281e-01
1.562999999999999901e-06,8.053078651428222656e-01
1.563999999999999976e-06,4.371157586574554443e-01
1.565000000000000051e-06,-3.141075745224952698e-02
1.565999999999999914e-06,-4.927273392677307129e-01
1.566999999999999989e-06,-8.409445881843566895e-01
1.568000000000000065e-06,-9.961336255073547363e-01
1.568999999999999928e-06,-9.226727485656738281e-01
1.570000000000000003e-06,-6.374239921569824219e-01
1.571000000000000078e-06,-2.058626115322113037e-01
1.571999999999999942e-06,2.729519307613372803e-01
1.573000000000000017e-06,6.891137957572937012e-01
1.574000000000000092e-06,9.470983147621154785e-01
1.574999999999999955e-06,9.876883625984191895e-01
1.576000000000000030e-06,8.015669584274291992e-01
1.577000000000000105e-06,4.314560592174530029e-01
1.577999999999999969e-06,-3.769018128514289856e-02
1.579000000000000044e-06,-4.981850981712341309e-01
1.579999999999999907e-06,-8.443279266357421875e-01
1.580999999999999982e-06,-9.966659545898437500e-01
1.582000000000000058e-06,-9.202318191528320312e-01
1.582999999999999921e-06,-6.325701475143432617e-01
1.583999999999999996e-06,-1.997099816799163818e-01
1.585000000000000071e-06,2.789911031723022461e-01
1.585999999999999935e-06,6.936532855033874512e-01
1.587000000000000010e-06,9.490961432456970215e-01
1.588000000000000085e-06,9.866859316825866699e-01
1.588999999999999948e-06,7.977944612503051758e-01
1.590000000000000023e-06,4.257792830467224121e-01
1.591000000000000098e-06,-4.396811872720718384e-02
1.591999999999999962e-06,-5.036231875419616699e-01
1.593000000000000037e-06,-8.476779460906982422e-01
1.593999999999999900e-06,-9.971588850021362305e-01
1.594999999999999975e-06,-9.177546501159667969e-01
1.596000000000000051e-06,-6.276913881301879883e-01
1.596999999999999914e-06,-1.935494691133499146e-01
1.597999999999999989e-06,2.850192487239837646e-01
1.599000000000000064e-06,6.981654167175292969e-01
1.599999999999999928e-06,9.510565400123596191e-01
1.601000000000000003e-06,9.856445789337158203e-01
1.602000000000000078e-06,7.939903736114501953e-01
1.602999999999999941e-06,4.200857281684875488e-01
1.604000000000000016e-06,-5.024431645870208740e-02
1.605000000000000091e-06,-5.090414285659790039e-01
1.605999999999999955e-06,-8.509944677352905273e-01
1.607000000000000030e-06,-9.976125359535217285e-01
1.608000000000000105e-06,-9.152411818504333496e-01
1.608999999999999968e-06,-6.227877736091613770e-01
1.610000000000000044e-06,-1.873813122510910034e-01
1.610999999999999907e-06,2.910361588001251221e-01
1.611999999999999982e-06,7.026499509811401367e-01
1.613000000000000057e-06,9.529793262481689453e-01
1.613999999999999921e-06,9.845643639564514160e-01
1.614999999999999996e-06,7.901549935340881348e-01
1.616000000000000071e-06,4.143755733966827393e-01
1.616999999999999934e-06,-5.651853606104850769e-02
1.618000000000000009e-06,-5.144395232200622559e-01
1.619000000000000084e-06,-8.542774319648742676e-01
1.619999999999999948e-06,-9.980267286300659180e-01
1.621000000000000023e-06,-9.126915931701660156e-01
1.622000000000000098e-06,-6.178596019744873047e-01
1.622999999999999961e-06,-1.812057644128799438e-01
1.624000000000000037e-06,2.970415949821472168e-01
1.624999999999999900e-06,7.071067690849304199e-01
1.625999999999999975e-06,9.548645615577697754e-01
1.627000000000000050e-06,9.834452271461486816e-01
1.627999999999999914e-06,7.862884402275085449e-01
1.628999999999999989e-06,4.086490869522094727e-01
1.630000000000000064e-06,-6.279052048921585083e-02
1.630999999999999927e-06,-5.198173522949218750e-01
1.632000000000000002e-06,-8.575266599655151367e-01
1.633000000000000078e-06,-9.984015226364135742e-01
1.633999999999999941e-06,-9.101059436798095703e-01
1.635000000000000016e-06,-6.129070520401000977e-01
1.636000000000000091e-06,-1.750230640172958374e-01
1.636999999999999955e-06,3.030352592468261719e-01
1.638000000000000030e-06,7.115356922149658203e-01
1.639000000000000105e-06,9.567120671272277832e-01
1.639999999999999968e-06,9.822872281074523926e-01
1.641000000000000043e-06,7.823908329010009766e-01
1.641999999999999907e-06,4.029064476490020752e-01
1.642999999999999982e-06,-6.906002759933471680e-02
1.644000000000000057e-06,-5.251746177673339844e-01
1.644999999999999920e-06,-8.607420325279235840e-01
1.645999999999999995e-06,-9.987369775772094727e-01
1.647000000000000071e-06,-9.074844121932983398e-01
1.647999999999999934e-06,-6.079303026199340820e-01
1.649000000000000009e-06,-1.688334494829177856e-01
1.650000000000000084e-06,3.090170025825500488e-01
1.650999999999999948e-06,7.159364819526672363e-01
1.652000000000000023e-06,9.585217833518981934e-01
1.653000000000000098e-06,9.810905456542968750e-01
1.653999999999999961e-06,7.784622907638549805e-01
1.655000000000000036e-06,3.971478939056396484e-01
1.655999999999999900e-06,-7.532680779695510864e-02
1.656999999999999975e-06,-5.305112004280090332e-01
1.658000000000000050e-06,-8.639234304428100586e-01
1.658999999999999913e-06,-9.990329146385192871e-01
1.659999999999999988e-06,-9.048270583152770996e-01
1.661000000000000064e-06,-6.029295325279235840e-01
1.661999999999999927e-06,-1.626371592283248901e-01
1.663000000000000002e-06,3.149865269660949707e-01
1.664000000000000077e-06,7.203090190887451172e-01
1.664999999999999941e-06,9.602937102317810059e-01
1.666000000000000016e-06,9.798550605773925781e-01
1.667000000000000091e-06,7.745030522346496582e-01
1.667999999999999954e-06,3.913736641407012939e-01
1.669000000000000029e-06,-8.159061521291732788e-02
1.670000000000000104e-06,-5.358268022537231445e-01
1.670999999999999968e-06,-8.670706748962402344e-01
1.672000000000000043e-06,-9.992894530296325684e-01
1.672999999999999906e-06,-9.021339416503906250e-01
1.673999999999999981e-06,-5.979049801826477051e-01
1.675000000000000057e-06,-1.564344614744186401e-01
1.675999999999999920e-06,3.209436237812042236e-01
1.676999999999999995e-06,7.246531248092651367e-01
1.678000000000000070e-06,9.620276689529418945e-01
1.678999999999999934e-06,9.785808920860290527e-01
1.680000000000000009e-06,7.705132365226745605e-01
1.681000000000000084e-06,3.855839967727661133e-01
1.681999999999999947e-06,-8.785119652748107910e-02
1.683000000000000022e-06,-5.411212444305419922e-01
1.684000000000000097e-06,-8.701837658882141113e-01
1.684999999999999961e-06,-9.995065331459045410e-01
1.686000000000000036e-06,-8.994052410125732422e-01
1.686999999999999899e-06,-5.928568243980407715e-01
1.687999999999999974e-06,-1.502255946397781372e-01
1.689000000000000050e-06,3.268880248069763184e-01
1.689999999999999913e-06,7.289686203002929688e-01
1.690999999999999988e-06,9.637236595153808594e-01
1.692000000000000063e-06,9.772680997848510742e-01
1.692999999999999927e-06,7.664930224418640137e-01
1.694000000000000002e-06,3.797791004180908203e-01
1.695000000000000077e-06,-9.410831332206726074e-02
1.695999999999999940e-06,-5.463943481445312500e-01
1.697000000000000015e-06,-8.732624650001525879e-01
1.698000000000000090e-06,-9.996842145919799805e-01
1.698999999999999954e-06,-8.966410160064697266e-01
1.700000000000000029e-06,-5.877852439880371094e-01
1.701000000000000104e-06,-1.440107822418212891e-01
1.701999999999999967e-06,3.328195512294769287e-01
1.703000000000000043e-06,7.332553267478942871e-01
1.703999999999999906e-06,9.653816223144531250e-01
1.704999999999999981e-06,9.759167432785034180e-01
1.706000000000000056e-06,7.624425292015075684e-01
1.706999999999999920e-06,3.739592134952545166e-01
1.707999999999999995e-06,-1.003617122769355774e-01
1.709000000000000070e-06,-5.516458749771118164e-01
1.709999999999999933e-06,-8.763066530227661133e-01
1.711000000000000008e-06,-9.998223781585693359e-01
1.712000000000000083e-06,-8.938414454460144043e-01
1.712999999999999947e-06,-5.826904773712158203e-01
1.714000000000000022e-06,-1.377902925014495850e-01
1.715000000000000097e-06,3.387379348278045654e-01
1.715999999999999960e-06,7.375131249427795410e-01
1.717000000000000036e-06,9.670014977455139160e-01
1.717999999999999899e-06,9.745268821716308594e-01
1.718999999999999974e-06,7.583619356155395508e-01
1.720000000000000049e-06,3.681245446205139160e-01
1.720999999999999913e-06,-1.066111549735069275e-01
1.721999999999999988e-06,-5.568756461143493652e-01
1.723000000000000063e-06,-8.793163299560546875e-01
1.723999999999999926e-06,-9.999210238456726074e-01
1.725000000000000001e-06,-8.910065293312072754e-01
1.726000000000000076e-06,-5.775727033615112305e-01
1.726999999999999940e-06,-1.315643638372421265e-01
1.728000000000000015e-06,3.446429371833801270e-01
1.729000000000000090e-06,7.417417764663696289e-01
1.729999999999999953e-06,9.685831665992736816e-01
1.731000000000000029e-06,9.730985164642333984e-01
1.732000000000000104e-06,7.542513608932495117e-01
1.732999999999999967e-06,3.622753620147705078e-01
1.734000000000000042e-06,-1.128563880920410156e-01
1.734999999999999906e-06,-5.620833635330200195e-01
1.735999999999999981e-06,-8.822911977767944336e-01
1.737000000000000056e-06,-9.999802708625793457e-01
1.737999999999999919e-06,-8.881364464759826660e-01
1.738999999999999994e-06,-5.724321007728576660e-01
1.740000000000000069e-06,-1.253332346677780151e-01
1.740999999999999933e-06,3.505343198776245117e-01
1.742000000000000008e-06,7.459411621093750000e-01
1.743000000000000083e-06,9.701265692710876465e-01
1.743999999999999946e-06,9.716317057609558105e-01
1.745000000000000022e-06,7.501110434532165527e-01
1.746000000000000097e-06,3.564118742942810059e-01
1.746999999999999960e-06,-1.190971583127975464e-01
1.748000000000000035e-06,-5.672689676284790039e-01
1.748999999999999899e-06,-8.852313160896301270e-01
1.749999999999999974e-06,-1.000000000000000000e+00
1.751000000000000049e-06,-8.852313160896301270e-01
1.751999999999999912e-06,-5.672689676284790039e-01
1.752999999999999987e-06,-1.190971583127975464e-01
1.754000000000000063e-06,3.564118742942810059e-01
1.754999999999999926e-06,7.501110434532165527e-01
1.756000000000000001e-06,9.716317057609558105e-01
1.757000000000000076e-06,9.701265692710876465e-01
1.757999999999999940e-06,7.459411621093750000e-01
1.759000000000000015e-06,3.505343198776245117e-01
1.760000000000000090e-06,-1.253332346677780151e-01
1.760999999999999953e-06,-5.724321007728576660e-01
1.762000000000000028e-06,-8.881364464759826660e-01
1.763000000000000103e-06,-9.999802708625793457e-01
1.763999999999999967e-06,-8.822911977767944336e-01
1.765000000000000042e-06,-5.620833635330200195e-01
1.765999999999999905e-06,-1.128563880920410156e-01
1.766999999999999980e-06,3.622753620147705078e-01
1.768000000000000056e-06,7.542513608932495117e-01
1.768999999999999919e-06,9.730985164642333984e-01
1.769999999999999994e-06,9.685831665992736816e-01
1.771000000000000069e-06,7.417417764663696289e-01
1.771999999999999933e-06,3.446429371833801270e-01
1.773000000000000008e-06,-1.315643638372421265e-01
1.774000000000000083e-06,-5.775727033615112305e-01
1.774999999999999946e-06,-8.910065293312072754e-01
1.776000000000000021e-06,-9.999210238456726074e-01
1.777000000000000096e-06,-8.793163299560546875e-01
1.777999999999999960e-06,-5.568756461143493652e-01
1.779000000000000035e-06,-1.066111549735069275e-01
1.779999999999999898e-06,3.681245446205139160e-01
1.780999999999999973e-06,7.583619356155395508e-01
1.782000000000000049e-06,9.745268821716308594e-01
1.782999999999999912e-06,9.670014977455139160e-01
1.783999999999999987e-06,7.375131249427795410e-01
1.785000000000000062e-06,3.387379348278045654e-01
1.785999999999999926e-06,-1.377902925014495850e-01
1.787000000000000001e-06,-5.826904773712158203e-01
1.788000000000000076e-06,-8.938414454460144043e-01
1.788999999999999939e-06,-9.998223781585693359e-01
1.790000000000000014e-06,-8.763066530227661133e-01
1.791000000000000089e-06,-5.516458749771118164e-01
1.791999999999999953e-06,-1.003617122769355774e-01
1.793000000000000028e-06,3.739592134952545166e-01
1.794000000000000103e-06,7.624425292015075684e-01
1.794999999999999966e-06,9.759167432785034180e-01
1.796000000000000042e-06,9.653816223144531250e-01
1.796999999999999905e-06,7.332553267478942871e-01
1.797999999999999980e-06,3.328195512294769287e-01
1.799000000000000055e-06,-1.440107822418212891e-01
1.799999999999999919e-06,-5.877852439880371094e-01
1.800999999999999994e-06,-8.966410160064697266e-01
1.802000000000000069e-06,-9.996842145919799805e-01
1.802999999999999932e-06,-8.732624650001525879e-01
1.804000000000000007e-06,-5.463943481445312500e-01
1.805000000000000082e-06,-9.410831332206726074e-02
1.805999999999999946e-06,3.797791004180908203e-01
1.807000000000000021e-06,7.664930224418640137e-01
1.808000000000000096e-06,9.772680997848510742e-01
1.808999999999999959e-06,9.637236595153808594e-01
1.810000000000000035e-06,7.289686203002929688e-01
1.810999999999999898e-06,3.268880248069763184e-01
1.811999999999999973e-06,-1.502255946397781372e-01
1.813000000000000048e-06,-5.928568243980407715e-01
1.813999999999999912e-06,-8.994052410125732422e-01
1.814999999999999987e-06,-9.995065331459045410e-01
1.816000000000000062e-06,-8.701837658882141113e-01
1.816999999999999925e-06,-5.411212444305419922e-01
1.818000000000000000e-06,-8.785119652748107910e-02
1.819000000000000075e-06,3.855839967727661133e-01
1.819999999999999939e-06,7.705132365226745605e-01
1.821000000000000014e-06,9.785808920860290527e-01
1.822000000000000089e-06,9.620276689529418945e-01
1.822999999999999952e-06,7.246531248092651367e-01
1.824000000000000028e-06,3.209436237812042236e-01
1.825000000000000103e-06,-1.564344614744186401e-01
1.825999999999999966e-06,-5.979049801826477051e-01
1.827000000000000041e-06,-9.021339416503906250e-01
1.827999999999999905e-06,-9.992894530296325684e-01
1.828999999999999980e-06,-8.670706748962402344e-01
1.830000000000000055e-06,-5.358268022537231445e-01
1.830999999999999918e-06,-8.159061521291732788e-02
1.831999999999999993e-06,3.913736641407012939e-01
1.833000000000000068e-06,7.745030522346496582e-01
1.833999999999999932e-06,9.798550605773925781e-01
1.835000000000000007e-06,9.602937102317810059e-01
1.836000000000000082e-06,7.203090190887451172e-01
1.836999999999999945e-06,3.149865269660949707e-01
1.838000000000000021e-06,-1.626371592283248901e-01
1.839000000000000096e-06,-6.029295325279235840e-01
1.839999999999999959e-06,-9.048270583152770996e-01
1.841000000000000034e-06,-9.990329146385192871e-01
1.841999999999999898e-06,-8.639234304428100586e-01
1.842999999999999973e-06,-5.305112004280090332e-01
1.844000000000000048e-06,-7.532680779695510864e-02
1.844999999999999911e-06,3.971478939056396484e-01
1.845999999999999986e-06,7.784622907638549805e-01
1.847000000000000061e-06,9.810905456542968750e-01
1.847999999999999925e-06,9.585217833518981934e-01
1.849000000000000000e-06,7.159364819526672363e-01
1.850000000000000075e-06,3.090170025825500488e-01
1.850999999999999938e-06,-1.688334494829177856e-01
1.852000000000000014e-06,-6.079303026199340820e-01
1.853000000000000089e-06,-9.074844121932983398e-01
1.853999999999999952e-06,-9.987369775772094727e-01
1.855000000000000027e-06,-8.607420325279235840e-01
1.856000000000000102e-06,-5.251746177673339844e-01
1.856999999999999966e-06,-6.906002759933471680e-02
1.858000000000000041e-06,4.029064476490020752e-01
1.858999999999999904e-06,7.823908329010009766e-01
1.859999999999999979e-06,9.822872281074523926e-01
1.861000000000000054e-06,9.567120671272277832e-01
1.861999999999999918e-06,7.115356922149658203e-01
1.862999999999999993e-06,3.030352592468261719e-01
1.864000000000000068e-06,-1.750230640172958374e-01
1.864999999999999931e-06,-6.129070520401000977e-01
1.866000000000000007e-06,-9.101059436798095703e-01
1.867000000000000082e-06,-9.984015226364135742e-01
1.867999999999999945e-06,-8.575266599655151367e-01
1.869000000000000020e-06,-5.198173522949218750e-01
1.870000000000000095e-06,-6.279052048921585083e-02
1.870999999999999959e-06,4.086490869522094727e-01
1.872000000000000034e-06,7.862884402275085449e-01
1.872999999999999897e-06,9.834452271461486816e-01
1.873999999999999972e-06,9.548645615577697754e-01
1.875000000000000048e-06,7.071067690849304199e-01
1.875999999999999911e-06,2.970415949821472168e-01
1.876999999999999986e-06,-1.812057644128799438e-01
1.878000000000000061e-06,-6.178596019744873047e-01
1.878999999999999925e-06,-9.126915931701660156e-01
1.880000000000000000e-06,-9.980267286300659180e-01
1.881000000000000075e-06,-8.542774319648742676e-01
1.881999999999999938e-06,-5.144395232200622559e-01
1.883000000000000013e-06,-5.651853606104850769e-02
1.884000000000000088e-06,4.143755733966827393e-01
1.884999999999999952e-06,7.901549935340881348e-01
1.886000000000000027e-06,9.845643639564514160e-01
1.887000000000000102e-06,9.529793262481689453e-01
1.887999999999999965e-06,7.026499509811401367e-01
1.889000000000000041e-06,2.910361588001251221e-01
1.889999999999999904e-06,-1.873813122510910034e-01
1.890999999999999979e-06,-6.227877736091613770e-01
1.892000000000000054e-06,-9.152411818504333496e-01
1.892999999999999918e-06,-9.976125359535217285e-01
1.893999999999999993e-06,-8.509944677352905273e-01
1.895000000000000068e-06,-5.090414285659790039e-01
1.895999999999999931e-06,-5.024431645870208740e-02
1.897000000000000006e-06,4.200857281684875488e-01
1.898000000000000081e-06,7.939903736114501953e-01
1.898999999999999945e-06,9.856445789337158203e-01
1.900000000000000020e-06,9.510565400123596191e-01
1.901000000000000095e-06,6.981654167175292969e-01
1.901999999999999958e-06,2.850192487239837646e-01
1.903000000000000034e-06,-1.935494691133499146e-01
1.903999999999999897e-06,-6.276913881301879883e-01
1.904999999999999972e-06,-9.177546501159667969e-01
1.906000000000000047e-06,-9.971588850021362305e-01
1.906999999999999911e-06,-8.476779460906982422e-01
1.908000000000000197e-06,-5.036231875419616699e-01
1.908999999999999849e-06,-4.396811872720718384e-02
1.909999999999999924e-06,4.257792830467224121e-01
1.910999999999999999e-06,7.977944612503051758e-01
1.912000000000000074e-06,9.866859316825866699e-01
1.913000000000000150e-06,9.490961432456970215e-01
1.913999999999999801e-06,6.936532855033874512e-01
1.914999999999999876e-06,2.789911031723022461e-01
1.915999999999999951e-06,-1.997099816799163818e-01
1.917000000000000027e-06,-6.325701475143432617e-01
1.918000000000000102e-06,-9.202318191528320312e-01
1.919000000000000177e-06,-9.966659545898437500e-01
1.919999999999999828e-06,-8.443279266357421875e-01
1.920999999999999904e-06,-4.981850981712341309e-01
1.921999999999999979e-06,-3.769018128514289856e-02
1.923000000000000054e-06,4.314560592174530029e-01
1.924000000000000129e-06,8.015669584274291992e-01
1.925000000000000204e-06,9.876883625984191895e-01
1.925999999999999856e-06,9.470983147621154785e-01
1.926999999999999931e-06,6.891137957572937012e-01
1.928000000000000006e-06,2.729519307613372803e-01
1.929000000000000081e-06,-2.058626115322113037e-01
1.930000000000000156e-06,-6.374239921569824219e-01
1.930999999999999808e-06,-9.226727485656738281e-01
1.931999999999999883e-06,-9.961336255073547363e-01
1.932999999999999958e-06,-8.409445881843566895e-01
1.934000000000000033e-06,-4.927273392677307129e-01
1.935000000000000108e-06,-3.141075745224952698e-02
1.936000000000000183e-06,4.371157586574554443e-01
1.936999999999999835e-06,8.053078651428222656e-01
1.937999999999999910e-06,9.886517524719238281e-01
1.938999999999999985e-06,9.450630545616149902e-01
1.940000000000000060e-06,6.845471262931823730e-01
1.941000000000000136e-06,2.669019997119903564e-01
1.942000000000000211e-06,-2.120071053504943848e-01
1.942999999999999862e-06,-6.422526240348815918e-01
1.943999999999999937e-06,-9.250771999359130859e-01
1.945000000000000013e-06,-9.955619573593139648e-01
1.946000000000000088e-06,-8.375280499458312988e-01
1.947000000000000163e-06,-4.872501194477081299e-01
1.947999999999999814e-06,-2.513009496033191681e-02
1.948999999999999890e-06,4.427582323551177979e-01
1.949999999999999965e-06,8.090170025825500488e-01
1.951000000000000040e-06,9.895761013031005859e-01
1.952000000000000115e-06,9.429905414581298828e-01
1.953000000000000190e-06,6.799533963203430176e-01
1.953999999999999842e-06,2.608415186405181885e-01
1.954999999999999917e-06,-2.181432396173477173e-01
1.955999999999999992e-06,-6.470559835433959961e-01
1.957000000000000067e-06,-9.274451732635498047e-01
1.958000000000000142e-06,-9.949510097503662109e-01
1.958999999999999794e-06,-8.340784311294555664e-01
1.959999999999999869e-06,-4.817536771297454834e-01
1.960999999999999944e-06,-1.884843967854976654e-02
1.962000000000000019e-06,4.483832120895385742e-01
1.963000000000000094e-06,8.126941919326782227e-01
1.964000000000000169e-06,9.904614090919494629e-01
1.964999999999999821e-06,9.408807754516601562e-01
1.965999999999999896e-06,6.753327846527099609e-01
1.966999999999999971e-06,2.547707259654998779e-01
1.968000000000000046e-06,-2.242707610130310059e-01
1.969000000000000122e-06,-6.518337130546569824e-01
1.970000000000000197e-06,-9.297764897346496582e-01
1.970999999999999848e-06,-9.943007826805114746e-01
1.971999999999999923e-06,-8.305959105491638184e-01
1.972999999999999999e-06,-4.762381911277770996e-01
1.974000000000000074e-06,-1.256604027003049850e-02
1.975000000000000149e-06,4.539904892444610596e-01
1.975999999999999800e-06,8.163392543792724609e-01
1.976999999999999876e-06,9.913076162338256836e-01
1.977999999999999951e-06,9.387338757514953613e-01
1.979000000000000026e-06,6.706855893135070801e-01
1.980000000000000101e-06,2.486898899078369141e-01
1.981000000000000176e-06,-2.303894311189651489e-01
1.981999999999999828e-06,-6.565857529640197754e-01
1.982999999999999903e-06,-9.320710897445678711e-01
1.983999999999999978e-06,-9.936113357543945312e-01
1.985000000000000053e-06,-8.270805478096008301e-01
1.986000000000000128e-06,-4.707039296627044678e-01
1.987000000000000203e-06,-6.283144000917673111e-03
1.987999999999999855e-06,4.595798552036285400e-01
1.988999999999999930e-06,8.199521303176879883e-01
1.990000000000000005e-06,9.921147227287292480e-01
1.991000000000000080e-06,9.365499019622802734e-01
1.992000000000000155e-06,6.660118699073791504e-01
1.992999999999999807e-06,2.425992339849472046e-01
1.993999999999999882e-06,-2.364989966154098511e-01
1.994999999999999957e-06,-6.613118648529052734e-01
1.996000000000000032e-06,-9.343289136886596680e-01
1.997000000000000108e-06,-9.928826093673706055e-01
1.998000000000000183e-06,-8.235325813293457031e-01
1.998999999999999834e-06,-4.651510715484619141e-01
1.999999999999999909e-06,-2.350826612095967966e-14
2.000999999999999985e-06,4.651510715484619141e-01
2.002000000000000060e-06,8.235325813293457031e-01
2.003000000000000135e-06,9.928826093673706055e-01
2.004000000000000210e-06,9.343289136886596680e-01
2.004999999999999862e-06,6.613118648529052734e-01
2.005999999999999937e-06,2.364989966154098511e-01
2.007000000000000012e-06,-2.425992339849472046e-01
2.008000000000000087e-06,-6.660118699073791504e-01
2.009000000000000162e-06,-9.365499019622802734e-01
2.009999999999999814e-06,-9.921147227287292480e-01
2.010999999999999889e-06,-8.199521303176879883e-01
2.011999999999999964e-06,-4.595798552036285400e-01
2.013000000000000039e-06,6.283144000917673111e-03
2.014000000000000114e-06,4.707039296627044678e-01
2.015000000000000189e-06,8.270805478096008301e-01
2.015999999999999841e-06,9.936113357543945312e-01
2.016999999999999916e-06,9.320710897445678711e-01
2.017999999999999991e-06,6.565857529640197754e-01
2.019000000000000066e-06,2.303894311189651489e-01
2.020000000000000142e-06,-2.486898899078369141e-01
2.020999999999999793e-06,-6.706855893135070801e-01
2.021999999999999868e-06,-9.387338757514953613e-01
2.022999999999999943e-06,-9.913076162338256836e-01
2.024000000000000019e-06,-8.163392543792724609e-01
2.025000000000000094e-06,-4.539904892444610596e-01
2.026000000000000169e-06,1.256604027003049850e-02
2.026999999999999820e-06,4.762381911277770996e-01
2.027999999999999896e-06,8.305959105491638184e-01
2.028999999999999971e-06,9.943007826805114746e-01
2.030000000000000046e-06,9.297764897346496582e-01
2.031000000000000121e-06,6.518337130546569824e-01
2.032000000000000196e-06,2.242707610130310059e-01
2.032999999999999848e-06,-2.547707259654998779e-01
2.033999999999999923e-06,-6.753327846527099609e-01
2.034999999999999998e-06,-9.408807754516601562e-01
2.036000000000000073e-06,-9.904614090919494629e-01
2.037000000000000148e-06,-8.126941919326782227e-01
2.037999999999999800e-06,-4.483832120895385742e-01
2.038999999999999875e-06,1.884843967854976654e-02
2.039999999999999950e-06,4.817536771297454834e-01
2.041000000000000025e-06,8.340784311294555664e-01
2.042000000000000100e-06,9.949510097503662109e-01
2.043000000000000175e-06,9.274451732635498047e-01
2.043999999999999827e-06,6.470559835433959961e-01
2.044999999999999902e-06,2.181432396173477173e-01
2.045999999999999977e-06,-2.608415186405181885e-01
2.047000000000000052e-06,-6.799533963203430176e-01
2.048000000000000128e-06,-9.429905414581298828e-01
2.049000000000000203e-06,-9.895761013031005859e-01
2.049999999999999854e-06,-8.090170025825500488e-01
2.050999999999999929e-06,-4.427582323551177979e-01
2.052000000000000005e-06,2.513009496033191681e-02
2.053000000000000080e-06,4.872501194477081299e-01
2.054000000000000155e-06,8.375280499458312988e-01
2.054999999999999806e-06,9.955619573593139648e-01
2.055999999999999882e-06,9.250771999359130859e-01
2.056999999999999957e-06,6.422526240348815918e-01
2.058000000000000032e-06,2.120071053504943848e-01
2.059000000000000107e-06,-2.669019997119903564e-01
2.060000000000000182e-06,-6.845471262931823730e-01
2.060999999999999834e-06,-9.450630545616149902e-01
2.061999999999999909e-06,-9.886517524719238281e-01
2.062999999999999984e-06,-8.053078651428222656e-01
2.064000000000000059e-06,-4.371157586574554443e-01
2.065000000000000134e-06,3.141075745224952698e-02
2.066000000000000209e-06,4.927273392677307129e-01
2.066999999999999861e-06,8.409445881843566895e-01
2.067999999999999936e-06,9.961336255073547363e-01
2.069000000000000011e-06,9.226727485656738281e-01
2.070000000000000086e-06,6.374239921569824219e-01
2.071000000000000161e-06,2.058626115322113037e-01
2.071999999999999813e-06,-2.729519307613372803e-01
2.072999999999999888e-06,-6.891137957572937012e-01
2.073999999999999963e-06,-9.470983147621154785e-01
2.075000000000000038e-06,-9.876883625984191895e-01
2.076000000000000114e-06,-8.015669584274291992e-01
2.077000000000000189e-06,-4.314560592174530029e-01
2.077999999999999840e-06,3.769018128514289856e-02
2.078999999999999915e-06,4.981850981712341309e-01
2.079999999999999991e-06,8.443279266357421875e-01
2.081000000000000066e-06,9.966659545898437500e-01
2.082000000000000141e-06,9.202318191528320312e-01
2.082999999999999792e-06,6.325701475143432617e-01
2.083999999999999868e-06,1.997099816799163818e-01
2.084999999999999943e-06,-2.789911031723022461e-01
2.086000000000000018e-06,-6.936532855033874512e-01
2.087000000000000093e-06,-9.490961432456970215e-01
2.088000000000000168e-06,-9.866859316825866699e-01
2.088999999999999820e-06,-7.977944612503051758e-01
2.089999999999999895e-06,-4.257792830467224121e-01
2.090999999999999970e-06,4.396811872720718384e-02
2.092000000000000045e-06,5.036231875419616699e-01
2.093000000000000120e-06,8.476779460906982422e-01
2.094000000000000195e-06,9.971588850021362305e-01
2.094999999999999847e-06,9.177546501159667969e-01
2.095999999999999922e-06,6.276913881301879883e-01
2.096999999999999997e-06,1.935494691133499146e-01
2.098000000000000072e-06,-2.850192487239837646e-01
2.099000000000000147e-06,-6.981654167175292969e-01
2.099999999999999799e-06,-9.510565400123596191e-01
2.100999999999999874e-06,-9.856445789337158203e-01
2.101999999999999949e-06,-7.939903736114501953e-01
2.103000000000000024e-06,-4.200857281684875488e-01
2.104000000000000100e-06,5.024431645870208740e-02
2.105000000000000175e-06,5.090414285659790039e-01
2.105999999999999826e-06,8.509944677352905273e-01
2.106999999999999901e-06,9.976125359535217285e-01
2.107999999999999977e-06,9.152411818504333496e-01
2.109000000000000052e-06,6.227877736091613770e-01
2.110000000000000127e-06,1.873813122510910034e-01
2.111000000000000202e-06,-2.910361588001251221e-01
2.111999999999999854e-06,-7.026499509811401367e-01
2.112999999999999929e-06,-9.529793262481689453e-01
2.114000000000000004e-06,-9.845643639564514160e-01
2.115000000000000079e-06,-7.901549935340881348e-01
2.116000000000000154e-06,-4.143755733966827393e-01
2.116999999999999806e-06,5.651853606104850769e-02
2.117999999999999881e-06,5.144395232200622559e-01
2.118999999999999956e-06,8.542774319648742676e-01
2.120000000000000031e-06,9.980267286300659180e-01
2.121000000000000106e-06,9.126915931701660156e-01
2.122000000000000181e-06,6.178596019744873047e-01
2.122999999999999833e-06,1.812057644128799438e-01
2.123999999999999908e-06,-2.970415949821472168e-01
2.124999999999999983e-06,-7.071067690849304199e-01
2.126000000000000058e-06,-9.548645615577697754e-01
2.127000000000000134e-06,-9.834452271461486816e-01
2.128000000000000209e-06,-7.862884402275085449e-01
2.128999999999999860e-06,-4.086490869522094727e-01
2.129999999999999935e-06,6.279052048921585083e-02
2.131000000000000011e-06,5.198173522949218750e-01
2.132000000000000086e-06,8.575266599655151367e-01
2.133000000000000161e-06,9.984015226364135742e-01
2.133999999999999812e-06,9.101059436798095703e-01
2.134999999999999888e-06,6.129070520401000977e-01
2.135999999999999963e-06,1.750230640172958374e-01
2.137000000000000038e-06,-3.030352592468261719e-01
2.138000000000000113e-06,-7.115356922149658203e-01
2.139000000000000188e-06,-9.567120671272277832e-01
2.139999999999999840e-06,-9.822872281074523926e-01
2.140999999999999915e-06,-7.823908329010009766e-01
2.141999999999999990e-06,-4.029064476490020752e-01
2.143000000000000065e-06,6.906002759933471680e-02
2.144000000000000140e-06,5.251746177673339844e-01
2.144999999999999792e-06,8.607420325279235840e-01
2.145999999999999867e-06,9.987369775772094727e-01
2.146999999999999942e-06,9.074844121932983398e-01
2.148000000000000017e-06,6.079303026199340820e-01
2.149000000000000092e-06,1.688334494829177856e-01
2.150000000000000167e-06,-3.090170025825500488e-01
2.150999999999999819e-06,-7.159364819526672363e-01
2.151999999999999894e-06,-9.585217833518981934e-01
2.152999999999999969e-06,-9.810905456542968750e-01
2.154000000000000044e-06,-7.784622907638549805e-01
2.155000000000000120e-06,-3.971478939056396484e-01
2.156000000000000195e-06,7.532680779695510864e-02
2.156999999999999846e-06,5.305112004280090332e-01
2.157999999999999921e-06,8.639234304428100586e-01
2.158999999999999997e-06,9.990329146385192871e-01
2.160000000000000072e-06,9.048270583152770996e-01
2.161000000000000147e-06,6.029295325279235840e-01
2.161999999999999798e-06,1.626371592283248901e-01
2.162999999999999874e-06,-3.149865269660949707e-01
2.163999999999999949e-06,-7.203090190887451172e-01
2.165000000000000024e-06,-9.602937102317810059e-01
2.166000000000000099e-06,-9.798550605773925781e-01
2.167000000000000174e-06,-7.745030522346496582e-01
2.167999999999999826e-06,-3.913736641407012939e-01
2.168999999999999901e-06,8.159061521291732788e-02
2.169999999999999976e-06,5.358268022537231445e-01
2.171000000000000051e-06,8.670706748962402344e-01
2.172000000000000126e-06,9.992894530296325684e-01
2.173000000000000201e-06,9.021339416503906250e-01
2.173999999999999853e-06,5.979049801826477051e-01
2.174999999999999928e-06,1.564344614744186401e-01
2.176000000000000003e-06,-3.209436237812042236e-01
2.177000000000000078e-06,-7.246531248092651367e-01
2.178000000000000153e-06,-9.620276689529418945e-01
2.178999999999999805e-06,-9.785808920860290527e-01
2.179999999999999880e-06,-7.705132365226745605e-01
2.180999999999999955e-06,-3.855839967727661133e-01
2.182000000000000030e-06,8.785119652748107910e-02
2.183000000000000106e-06,5.411212444305419922e-01
2.184000000000000181e-06,8.701837658882141113e-01
2.184999999999999832e-06,9.995065331459045410e-01
2.185999999999999907e-06,8.994052410125732422e-01
2.186999999999999983e-06,5.928568243980407715e-01
2.188000000000000058e-06,1.502255946397781372e-01
2.189000000000000133e-06,-3.268880248069763184e-01
2.190000000000000208e-06,-7.289686203002929688e-01
2.190999999999999860e-06,-9.637236595153808594e-01
2.191999999999999935e-06,-9.772680997848510742e-01
2.193000000000000010e-06,-7.664930224418640137e-01
2.194000000000000085e-06,-3.797791004180908203e-01
2.195000000000000160e-06,9.410831332206726074e-02
2.195999999999999812e-06,5.463943481445312500e-01
2.196999999999999887e-06,8.732624650001525879e-01
2.197999999999999962e-06,9.996842145919799805e-01
2.199000000000000037e-06,8.966410160064697266e-01
2.200000000000000112e-06,5.877852439880371094e-01
2.201000000000000187e-06,1.440107822418212891e-01
2.201999999999999839e-06,-3.328195512294769287e-01
2.202999999999999914e-06,-7.332553267478942871e-01
2.203999999999999989e-06,-9.653816223144531250e-01
2.205000000000000064e-06,-9.759167432785034180e-01
2.206000000000000139e-06,-7.624425292015075684e-01
2.206999999999999791e-06,-3.739592134952545166e-01
2.207999999999999866e-06,1.003617122769355774e-01
2.208999999999999941e-06,5.516458749771118164e-01
2.210000000000000016e-06,8.763066530227661133e-01
2.211000000000000092e-06,9.998223781585693359e-01
2.212000000000000167e-06,8.938414454460144043e-01
2.212999999999999818e-06,5.826904773712158203e-01
2.213999999999999893e-06,1.377902925014495850e-01
2.214999999999999969e-06,-3.387379348278045654e-01
2.216000000000000044e-06,-7.375131249427795410e-01
2.217000000000000119e-06,-9.670014977455139160e-01
2.218000000000000194e-06,-9.745268821716308594e-01
2.218999999999999846e-06,-7.583619356155395508e-01
2.219999999999999921e-06,-3.681245446205139160e-01
2.220999999999999996e-06,1.066111549735069275e-01
2.222000000000000071e-06,5.568756461143493652e-01
2.223000000000000146e-06,8.793163299560546875e-01
2.223999999999999798e-06,9.999210238456726074e-01
2.224999999999999873e-06,8.910065293312072754e-01
2.225999999999999948e-06,5.775727033615112305e-01
2.227000000000000023e-06,1.315643638372421265e-01
2.228000000000000098e-06,-3.446429371833801270e-01
2.229000000000000173e-06,-7.417417764663696289e-01
2.229999999999999825e-06,-9.685831665992736816e-01
2.230999999999999900e-06,-9.730985164642333984e-01
2.231999999999999975e-06,-7.542513608932495117e-01
2.233000000000000050e-06,-3.622753620147705078e-01
2.234000000000000125e-06,1.128563880920410156e-01
2.235000000000000201e-06,5.620833635330200195e-01
2.235999999999999852e-06,8.822911977767944336e-01
2.236999999999999927e-06,9.999802708625793457e-01
2.238000000000000002e-06,8.881364464759826660e-01
2.239000000000000078e-06,5.724321007728576660e-01
2.240000000000000153e-06,1.253332346677780151e-01
2.240999999999999804e-06,-3.505343198776245117e-01
2.241999999999999879e-06,-7.459411621093750000e-01
2.242999999999999955e-06,-9.701265692710876465e-01
2.244000000000000030e-06,-9.716317057609558105e-01
2.245000000000000105e-06,-7.501110434532165527e-01
2.246000000000000180e-06,-3.564118742942810059e-01
2.246999999999999832e-06,1.190971583127975464e-01
2.247999999999999907e-06,5.672689676284790039e-01
2.248999999999999982e-06,8.852313160896301270e-01
2.250000000000000057e-06,1.000000000000000000e+00
2.251000000000000132e-06,8.852313160896301270e-01
2.252000000000000207e-06,5.672689676284790039e-01
2.252999999999999859e-06,1.190971583127975464e-01
2.253999999999999934e-06,-3.564118742942810059e-01
2.255000000000000009e-06,-7.501110434532165527e-01
2.256000000000000084e-06,-9.716317057609558105e-01
2.257000000000000159e-06,-9.701265692710876465e-01
2.257999999999999811e-06,-7.459411621093750000e-01
2.258999999999999886e-06,-3.505343198776245117e-01
2.259999999999999961e-06,1.253332346677780151e-01
2.261000000000000036e-06,5.724321007728576660e-01
2.262000000000000112e-06,8.881364464759826660e-01
2.263000000000000187e-06,9.999802708625793457e-01
2.263999999999999838e-06,8.822911977767944336e-01
2.264999999999999913e-06,5.620833635330200195e-01
2.265999999999999989e-06,1.128563880920410156e-01
2.267000000000000064e-06,-3.622753620147705078e-01
2.268000000000000139e-06,-7.542513608932495117e-01
2.268999999999999790e-06,-9.730985164642333984e-01
2.269999999999999866e-06,-9.685831665992736816e-01
2.270999999999999941e-06,-7.417417764663696289e-01
2.272000000000000016e-06,-3.446429371833801270e-01
2.273000000000000091e-06,1.315643638372421265e-01
2.274000000000000166e-06,5.775727033615112305e-01
2.274999999999999818e-06,8.910065293312072754e-01
2.275999999999999893e-06,9.999210238456726074e-01
2.276999999999999968e-06,8.793163299560546875e-01
2.278000000000000043e-06,5.568756461143493652e-01
2.279000000000000118e-06,1.066111549735069275e-01
2.280000000000000193e-06,-3.681245446205139160e-01
2.280999999999999845e-06,-7.583619356155395508e-01
2.281999999999999920e-06,-9.745268821716308594e-01
2.282999999999999995e-06,-9.670014977455139160e-01
2.284000000000000070e-06,-7.375131249427795410e-01
2.285000000000000145e-06,-3.387379348278045654e-01
2.285999999999999797e-06,1.377902925014495850e-01
2.286999999999999872e-06,5.826904773712158203e-01
2.287999999999999947e-06,8.938414454460144043e-01
2.289000000000000022e-06,9.998223781585693359e-01
2.290000000000000098e-06,8.763066530227661133e-01
2.291000000000000173e-06,5.516458749771118164e-01
2.291999999999999824e-06,1.003617122769355774e-01
2.292999999999999899e-06,-3.739592134952545166e-01
2.293999999999999975e-06,-7.624425292015075684e-01
2.295000000000000050e-06,-9.759167432785034180e-01
2.296000000000000125e-06,-9.653816223144531250e-01
2.297000000000000200e-06,-7.332553267478942871e-01
2.297999999999999852e-06,-3.328195512294769287e-01
2.298999999999999927e-06,1.440107822418212891e-01
2.300000000000000002e-06,5.877852439880371094e-01
2.301000000000000077e-06,8.966410160064697266e-01
2.302000000000000152e-06,9.996842145919799805e-01
2.302999999999999804e-06,8.732624650001525879e-01
2.303999999999999879e-06,5.463943481445312500e-01
2.304999999999999954e-06,9.410831332206726074e-02
2.306000000000000029e-06,-3.797791004180908203e-01
2.307000000000000104e-06,-7.664930224418640137e-01
2.308000000000000179e-06,-9.772680997848510742e-01
2.308999999999999831e-06,-9.637236595153808594e-01
2.309999999999999906e-06,-7.289686203002929688e-01
2.310999999999999981e-06,-3.268880248069763184e-01
2.312000000000000056e-06,1.502255946397781372e-01
2.313000000000000131e-06,5.928568243980407715e-01
2.314000000000000207e-06,8.994052410125732422e-01
2.314999999999999858e-06,9.995065331459045410e-01
2.315999999999999933e-06,8.701837658882141113e-01
2.317000000000000008e-06,5.411212444305419922e-01
2.318000000000000084e-06,8.785119652748107910e-02
2.319000000000000159e-06,-3.855839967727661133e-01
2.319999999999999810e-06,-7.705132365226745605e-01
2.320999999999999885e-06,-9.785808920860290527e-01
2.321999999999999961e-06,-9.620276689529418945e-01
2.323000000000000036e-06,-7.246531248092651367e-01
2.324000000000000111e-06,-3.209436237812042236e-01
2.325000000000000186e-06,1.564344614744186401e-01
2.325999999999999838e-06,5.979049801826477051e-01
2.326999999999999913e-06,9.021339416503906250e-01
2.327999999999999988e-06,9.992894530296325684e-01
2.329000000000000063e-06,8.670706748962402344e-01
2.330000000000000138e-06,5.358268022537231445e-01
2.330999999999999790e-06,8.159061521291732788e-02
2.331999999999999865e-06,-3.913736641407012939e-01
2.332999999999999940e-06,-7.745030522346496582e-01
2.334000000000000015e-06,-9.798550605773925781e-01
2.335000000000000090e-06,-9.602937102317810059e-01
2.336000000000000165e-06,-7.203090190887451172e-01
2.336999999999999817e-06,-3.149865269660949707e-01
2.337999999999999892e-06,1.626371592283248901e-01
2.338999999999999967e-06,6.029295325279235840e-01
2.340000000000000042e-06,9.048270583152770996e-01
2.341000000000000117e-06,9.990329146385192871e-01
2.342000000000000193e-06,8.639234304428100586e-01
2.342999999999999844e-06,5.305112004280090332e-01
2.343999999999999919e-06,7.532680779695510864e-02
2.344999999999999994e-06,-3.971478939056396484e-01
2.346000000000000070e-06,-7.784622907638549805e-01
2.347000000000000145e-06,-9.810905456542968750e-01
2.347999999999999796e-06,-9.585217833518981934e-01
2.348999999999999871e-06,-7.159364819526672363e-01
2.349999999999999947e-06,-3.090170025825500488e-01
2.351000000000000022e-06,1.688334494829177856e-01
2.352000000000000097e-06,6.079303026199340820e-01
2.353000000000000172e-06,9.074844121932983398e-01
2.353999999999999824e-06,9.987369775772094727e-01
2.354999999999999899e-06,8.607420325279235840e-01
2.355999999999999974e-06,5.251746177673339844e-01
2.357000000000000049e-06,6.906002759933471680e-02
2.358000000000000124e-06,-4.029064476490020752e-01
2.359000000000000199e-06,-7.823908329010009766e-01
2.359999999999999851e-06,-9.822872281074523926e-01
2.360999999999999926e-06,-9.567120671272277832e-01
2.362000000000000001e-06,-7.115356922149658203e-01
2.363000000000000076e-06,-3.030352592468261719e-01
2.364000000000000151e-06,1.750230640172958374e-01
2.364999999999999803e-06,6.129070520401000977e-01
2.365999999999999878e-06,9.101059436798095703e-01
2.366999999999999953e-06,9.984015226364135742e-01
2.368000000000000028e-06,8.575266599655151367e-01
2.369000000000000103e-06,5.198173522949218750e-01
2.370000000000000179e-06,6.279052048921585083e-02
2.370999999999999830e-06,-4.086490869522094727e-01
2.371999999999999905e-06,-7.862884402275085449e-01
2.372999999999999980e-06,-9.834452271461486816e-01
2.374000000000000056e-06,-9.548645615577697754e-01
2.375000000000000131e-06,-7.071067690849304199e-01
2.376000000000000206e-06,-2.970415949821472168e-01
2.376999999999999857e-06,1.812057644128799438e-01
2.377999999999999933e-06,6.178596019744873047e-01
2.379000000000000008e-06,9.126915931701660156e-01
2.380000000000000083e-06,9.980267286300659180e-01
2.381000000000000158e-06,8.542774319648742676e-01
2.381999999999999810e-06,5.144395232200622559e-01
2.382999999999999885e-06,5.651853606104850769e-02
2.383999999999999960e-06,-4.143755733966827393e-01
2.385000000000000035e-06,-7.901549935340881348e-01
2.386000000000000110e-06,-9.845643639564514160e-01
2.387000000000000185e-06,-9.529793262481689453e-01
2.387999999999999837e-06,-7.026499509811401367e-01
2.388999999999999912e-06,-2.910361588001251221e-01
2.389999999999999987e-06,1.873813122510910034e-01
2.391000000000000062e-06,6.227877736091613770e-01
2.392000000000000137e-06,9.152411818504333496e-01
2.392999999999999789e-06,9.976125359535217285e-01
2.393999999999999864e-06,8.509944677352905273e-01
2.394999999999999939e-06,5.090414285659790039e-01
2.396000000000000014e-06,5.024431645870208740e-02
2.397000000000000090e-06,-4.200857281684875488e-01
2.398000000000000165e-06,-7.939903736114501953e-01
2.398999999999999816e-06,-9.856445789337158203e-01
2.399999999999999891e-06,-9.510565400123596191e-01
2.400999999999999967e-06,-6.981654167175292969e-01
2.402000000000000042e-06,-2.850192487239837646e-01
2.403000000000000117e-06,1.935494691133499146e-01
2.404000000000000192e-06,6.276913881301879883e-01
2.404999999999999844e-06,9.177546501159667969e-01
2.405999999999999919e-06,9.971588850021362305e-01
2.406999999999999994e-06,8.476779460906982422e-01
2.408000000000000069e-06,5.036231875419616699e-01
2.409000000000000144e-06,4.396811872720718384e-02
2.409999999999999796e-06,-4.257792830467224121e-01
2.410999999999999871e-06,-7.977944612503051758e-01
2.411999999999999946e-06,-9.866859316825866699e-01
2.413000000000000021e-06,-9.490961432456970215e-01
2.414000000000000096e-06,-6.936532855033874512e-01
2.415000000000000171e-06,-2.789911031723022461e-01
2.415999999999999823e-06,1.997099816799163818e-01
2.416999999999999898e-06,6.325701475143432617e-01
2.417999999999999973e-06,9.202318191528320312e-01
2.419000000000000048e-06,9.966659545898437500e-01
2.420000000000000123e-06,8.443279266357421875e-01
2.421000000000000199e-06,4.981850981712341309e-01
2.421999999999999850e-06,3.769018128514289856e-02
2.422999999999999925e-06,-4.314560592174530029e-01
2.424000000000000000e-06,-8.015669584274291992e-01
2.425000000000000076e-06,-9.876883625984191895e-01
2.426000000000000151e-06,-9.470983147621154785e-01
2.426999999999999802e-06,-6.891137957572937012e-01
2.427999999999999877e-06,-2.729519307613372803e-01
2.428999999999999953e-06,2.058626115322113037e-01
2.430000000000000028e-06,6.374239921569824219e-01
2.431000000000000103e-06,9.226727485656738281e-01
2.432000000000000178e-06,9.961336255073547363e-01
2.432999999999999830e-06,8.409445881843566895e-01
2.433999999999999905e-06,4.927273392677307129e-01
2.434999999999999980e-06,3.141075745224952698e-02
2.436000000000000055e-06,-4.371157586574554443e-01
2.437000000000000130e-06,-8.053078651428222656e-01
2.438000000000000205e-06,-9.886517524719238281e-01
2.438999999999999857e-06,-9.450630545616149902e-01
2.439999999999999932e-06,-6.845471262931823730e-01
2.441000000000000007e-06,-2.669019997119903564e-01
2.442000000000000082e-06,2.120071053504943848e-01
2.443000000000000157e-06,6.422526240348815918e-01
2.443999999999999809e-06,9.250771999359130859e-01
2.444999999999999884e-06,9.955619573593139648e-01
2.445999999999999959e-06,8.375280499458312988e-01
2.447000000000000034e-06,4.872501194477081299e-01
2.448000000000000109e-06,2.513009496033191681e-02
2.449000000000000185e-06,-4.427582323551177979e-01
2.449999999999999836e-06,-8.090170025825500488e-01
2.450999999999999911e-06,-9.895761013031005859e-01
2.451999999999999986e-06,-9.429905414581298828e-01
2.453000000000000062e-06,-6.799533963203430176e-01
2.454000000000000137e-06,-2.608415186405181885e-01
2.454999999999999788e-06,2.181432396173477173e-01
2.455999999999999863e-06,6.470559835433959961e-01
2.456999999999999939e-06,9.274451732635498047e-01
2.458000000000000014e-06,9.949510097503662109e-01
2.459000000000000089e-06,8.340784311294555664e-01
2.460000000000000164e-06,4.817536771297454834e-01
2.460999999999999816e-06,1.884843967854976654e-02
2.461999999999999891e-06,-4.483832120895385742e-01
2.462999999999999966e-06,-8.126941919326782227e-01
2.464000000000000041e-06,-9.904614090919494629e-01
2.465000000000000116e-06,-9.408807754516601562e-01
2.466000000000000191e-06,-6.753327846527099609e-01
2.466999999999999843e-06,-2.547707259654998779e-01
2.467999999999999918e-06,2.242707610130310059e-01
2.468999999999999993e-06,6.518337130546569824e-01
2.470000000000000068e-06,9.297764897346496582e-01
2.471000000000000143e-06,9.943007826805114746e-01
2.471999999999999795e-06,8.305959105491638184e-01
2.472999999999999870e-06,4.762381911277770996e-01
2.473999999999999945e-06,1.256604027003049850e-02
2.475000000000000020e-06,-4.539904892444610596e-01
2.476000000000000095e-06,-8.163392543792724609e-01
2.477000000000000171e-06,-9.913076162338256836e-01
2.477999999999999822e-06,-9.387338757514953613e-01
2.478999999999999897e-06,-6.706855893135070801e-01
2.479999999999999972e-06,-2.486898899078369141e-01
2.481000000000000048e-06,2.303894311189651489e-01
2.482000000000000123e-06,6.565857529640197754e-01
2.483000000000000198e-06,9.320710897445678711e-01
2.483999999999999849e-06,9.936113357543945312e-01
2.484999999999999925e-06,8.270805478096008301e-01
2.486000000000000000e-06,4.707039296627044678e-01
2.487000000000000075e-06,6.283144000917673111e-03
2.488000000000000150e-06,-4.595798552036285400e-01
2.488999999999999802e-06,-8.199521303176879883e-01
2.489999999999999877e-06,-9.921147227287292480e-01
2.490999999999999952e-06,-9.365499019622802734e-01
2.492000000000000027e-06,-6.660118699073791504e-01
2.493000000000000102e-06,-2.425992339849472046e-01
2.494000000000000177e-06,2.364989966154098511e-01
2.494999999999999829e-06,6.613118648529052734e-01
2.495999999999999904e-06,9.343289136886596680e-01
2.496999999999999979e-06,9.928826093673706055e-01
2.498000000000000054e-06,8.235325813293457031e-01
2.499000000000000129e-06,4.651510715484619141e-01
2.500000000000000205e-06,-5.587979352243005460e-14
2.500999999999999856e-06,-4.651510715484619141e-01
2.501999999999999931e-06,-8.235325813293457031e-01
2.503000000000000006e-06,-9.928826093673706055e-01
2.504000000000000082e-06,-9.343289136886596680e-01
2.505000000000000157e-06,-6.613118648529052734e-01
2.505999999999999808e-06,-2.364989966154098511e-01
2.506999999999999883e-06,2.425992339849472046e-01
2.507999999999999959e-06,6.660118699073791504e-01
2.509000000000000034e-06,9.365499019622802734e-01
2.510000000000000109e-06,9.921147227287292480e-01
2.511000000000000184e-06,8.199521303176879883e-01
2.511999999999999836e-06,4.595798552036285400e-01
2.512999999999999911e-06,-6.283144000917673111e-03
2.513999999999999986e-06,-4.707039296627044678e-01
2.515000000000000061e-06,-8.270805478096008301e-01
2.516000000000000136e-06,-9.936113357543945312e-01
2.517000000000000211e-06,-9.320710897445678711e-01
2.517999999999999863e-06,-6.565857529640197754e-01
2.518999999999999938e-06,-2.303894311189651489e-01
2.520000000000000013e-06,2.486898899078369141e-01
2.521000000000000088e-06,6.706855893135070801e-01
2.522000000000000163e-06,9.387338757514953613e-01
2.522999999999999815e-06,9.913076162338256836e-01
2.523999999999999890e-06,8.163392543792724609e-01
2.524999999999999965e-06,4.539904892444610596e-01
2.526000000000000040e-06,-1.256604027003049850e-02
2.527000000000000115e-06,-4.762381911277770996e-01
2.528000000000000191e-06,-8.305959105491638184e-01
2.528999999999999842e-06,-9.943007826805114746e-01
2.529999999999999917e-06,-9.297764897346496582e-01
2.530999999999999992e-06,-6.518337130546569824e-01
2.532000000000000068e-06,-2.242707610130310059e-01
2.533000000000000143e-06,2.547707259654998779e-01
2.533999999999999794e-06,6.753327846527099609e-01
2.534999999999999869e-06,9.408807754516601562e-01
2.535999999999999945e-06,9.904614090919494629e-01
2.537000000000000020e-06,8.126941919326782227e-01
2.538000000000000095e-06,4.483832120895385742e-01
2.539000000000000170e-06,-1.884843967854976654e-02
2.539999999999999822e-06,-4.817536771297454834e-01
2.540999999999999897e-06,-8.340784311294555664e-01
2.541999999999999972e-06,-9.949510097503662109e-01
2.543000000000000047e-06,-9.274451732635498047e-01
2.544000000000000122e-06,-6.470559835433959961e-01
2.545000000000000197e-06,-2.181432396173477173e-01
2.545999999999999849e-06,2.608415186405181885e-01
2.546999999999999924e-06,6.799533963203430176e-01
2.547999999999999999e-06,9.429905414581298828e-01
2.549000000000000074e-06,9.895761013031005859e-01
2.550000000000000149e-06,8.090170025825500488e-01
2.550999999999999801e-06,4.427582323551177979e-01
2.551999999999999876e-06,-2.513009496033191681e-02
2.552999999999999951e-06,-4.872501194477081299e-01
2.554000000000000026e-06,-8.375280499458312988e-01
2.555000000000000101e-06,-9.955619573593139648e-01
2.556000000000000177e-06,-9.250771999359130859e-01
2.556999999999999828e-06,-6.422526240348815918e-01
2.557999999999999903e-06,-2.120071053504943848e-01
2.558999999999999978e-06,2.669019997119903564e-01
2.560000000000000054e-06,6.845471262931823730e-01
2.561000000000000129e-06,9.450630545616149902e-01
2.562000000000000204e-06,9.886517524719238281e-01
2.562999999999999855e-06,8.053078651428222656e-01
2.563999999999999931e-06,4.371157586574554443e-01
2.565000000000000006e-06,-3.141075745224952698e-02
2.566000000000000081e-06,-4.927273392677307129e-01
2.567000000000000156e-06,-8.409445881843566895e-01
2.567999999999999808e-06,-9.961336255073547363e-01
2.568999999999999883e-06,-9.226727485656738281e-01
2.569999999999999958e-06,-6.374239921569824219e-01
2.571000000000000033e-06,-2.058626115322113037e-01
2.572000000000000108e-06,2.729519307613372803e-01
2.573000000000000183e-06,6.891137957572937012e-01
2.573999999999999835e-06,9.470983147621154785e-01
2.574999999999999910e-06,9.876883625984191895e-01
2.575999999999999985e-06,8.015669584274291992e-01
2.577000000000000060e-06,4.314560592174530029e-01
2.578000000000000135e-06,-3.769018128514289856e-02
2.579000000000000210e-06,-4.981850981712341309e-01
2.579999999999999862e-06,-8.443279266357421875e-01
2.580999999999999937e-06,-9.966659545898437500e-01
2.582000000000000012e-06,-9.202318191528320312e-01
2.583000000000000087e-06,-6.325701475143432617e-01
2.584000000000000163e-06,-1.997099816799163818e-01
2.584999999999999814e-06,2.789911031723022461e-01
2.585999999999999889e-06,6.936532855033874512e-01
2.586999999999999964e-06,9.490961432456970215e-01
2.588000000000000040e-06,9.866859316825866699e-01
2.589000000000000115e-06,7.977944612503051758e-01
2.590000000000000190e-06,4.257792830467224121e-01
2.590999999999999841e-06,-4.396811872720718384e-02
2.591999999999999917e-06,-5.036231875419616699e-01
2.592999999999999992e-06,-8.476779460906982422e-01
2.594000000000000067e-06,-9.971588850021362305e-01
2.595000000000000142e-06,-9.177546501159667969e-01
2.595999999999999794e-06,-6.276913881301879883e-01
2.596999999999999869e-06,-1.935494691133499146e-01
2.597999999999999944e-06,2.850192487239837646e-01
2.599000000000000019e-06,6.981654167175292969e-01
2.600000000000000094e-06,9.510565400123596191e-01
2.601000000000000169e-06,9.856445789337158203e-01
2.601999999999999821e-06,7.939903736114501953e-01
2.602999999999999896e-06,4.200857281684875488e-01
2.603999999999999971e-06,-5.024431645870208740e-02
2.605000000000000046e-06,-5.090414285659790039e-01
2.606000000000000121e-06,-8.509944677352905273e-01
2.607000000000000196e-06,-9.976125359535217285e-01
2.607999999999999848e-06,-9.152411818504333496e-01
2.608999999999999923e-06,-6.227877736091613770e-01
2.609999999999999998e-06,-1.873813122510910034e-01
2.611000000000000073e-06,2.910361588001251221e-01
2.612000000000000149e-06,7.026499509811401367e-01
2.612999999999999800e-06,9.529793262481689453e-01
2.613999999999999875e-06,9.845643639564514160e-01
2.614999999999999950e-06,7.901549935340881348e-01
2.616000000000000026e-06,4.143755733966827393e-01
2.617000000000000101e-06,-5.651853606104850769e-02
2.618000000000000176e-06,-5.144395232200622559e-01
2.618999999999999827e-06,-8.542774319648742676e-01
2.619999999999999903e-06,-9.980267286300659180e-01
2.620999999999999978e-06,-9.126915931701660156e-01
2.622000000000000053e-06,-6.178596019744873047e-01
2.623000000000000128e-06,-1.812057644128799438e-01
2.624000000000000203e-06,2.970415949821472168e-01
2.624999999999999855e-06,7.071067690849304199e-01
2.625999999999999930e-06,9.548645615577697754e-01
2.627000000000000005e-06,9.834452271461486816e-01
2.628000000000000080e-06,7.862884402275085449e-01
2.629000000000000155e-06,4.086490869522094727e-01
2.629999999999999807e-06,-6.279052048921585083e-02
2.630999999999999882e-06,-5.198173522949218750e-01
2.631999999999999957e-06,-8.575266599655151367e-01
2.633000000000000032e-06,-9.984015226364135742e-01
2.634000000000000107e-06,-9.101059436798095703e-01
2.635000000000000183e-06,-6.129070520401000977e-01
2.635999999999999834e-06,-1.750230640172958374e-01
2.636999999999999909e-06,3.030352592468261719e-01
2.637999999999999984e-06,7.115356922149658203e-01
2.639000000000000060e-06,9.567120671272277832e-01
2.640000000000000135e-06,9.822872281074523926e-01
2.641000000000000210e-06,7.823908329010009766e-01
2.641999999999999861e-06,4.029064476490020752e-01
2.642999999999999937e-06,-6.906002759933471680e-02
2.644000000000000012e-06,-5.251746177673339844e-01
2.645000000000000087e-06,-8.607420325279235840e-01
2.646000000000000162e-06,-9.987369775772094727e-01
2.646999999999999814e-06,-9.074844121932983398e-01
2.647999999999999889e-06,-6.079303026199340820e-01
2.648999999999999964e-06,-1.688334494829177856e-01
2.650000000000000039e-06,3.090170025825500488e-01
2.651000000000000114e-06,7.159364819526672363e-01
2.652000000000000189e-06,9.585217833518981934e-01
2.652999999999999841e-06,9.810905456542968750e-01
2.653999999999999916e-06,7.784622907638549805e-01
2.654999999999999991e-06,3.971478939056396484e-01
2.656000000000000066e-06,-7.532680779695510864e-02
2.657000000000000141e-06,-5.305112004280090332e-01
2.657999999999999793e-06,-8.639234304428100586e-01
2.658999999999999868e-06,-9.990329146385192871e-01
2.659999999999999943e-06,-9.048270583152770996e-01
2.661000000000000018e-06,-6.029295325279235840e-01
2.662000000000000093e-06,-1.626371592283248901e-01
2.663000000000000169e-06,3.149865269660949707e-01
2.663999999999999820e-06,7.203090190887451172e-01
2.664999999999999895e-06,9.602937102317810059e-01
2.665999999999999970e-06,9.798550605773925781e-01
2.667000000000000046e-06,7.745030522346496582e-01
2.668000000000000121e-06,3.913736641407012939e-01
2.669000000000000196e-06,-8.159061521291732788e-02
2.669999999999999847e-06,-5.358268022537231445e-01
2.670999999999999923e-06,-8.670706748962402344e-01
2.671999999999999998e-06,-9.992894530296325684e-01
2.673000000000000073e-06,-9.021339416503906250e-01
2.674000000000000148e-06,-5.979049801826477051e-01
2.674999999999999800e-06,-1.564344614744186401e-01
2.675999999999999875e-06,3.209436237812042236e-01
2.676999999999999950e-06,7.246531248092651367e-01
2.678000000000000025e-06,9.620276689529418945e-01
2.679000000000000100e-06,9.785808920860290527e-01
2.680000000000000175e-06,7.705132365226745605e-01
2.680999999999999827e-06,3.855839967727661133e-01
2.681999999999999902e-06,-8.785119652748107910e-02
2.682999999999999977e-06,-5.411212444305419922e-01
2.684000000000000052e-06,-8.701837658882141113e-01
2.685000000000000127e-06,-9.995065331459045410e-01
2.686000000000000202e-06,-8.994052410125732422e-01
2.686999999999999854e-06,-5.928568243980407715e-01
2.687999999999999929e-06,-1.502255946397781372e-01
2.689000000000000004e-06,3.268880248069763184e-01
2.690000000000000079e-06,7.289686203002929688e-01
2.691000000000000155e-06,9.637236595153808594e-01
2.691999999999999806e-06,9.772680997848510742e-01
2.692999999999999881e-06,7.664930224418640137e-01
2.693999999999999956e-06,3.797791004180908203e-01
2.695000000000000032e-06,-9.410831332206726074e-02
2.696000000000000107e-06,-5.463943481445312500e-01
2.697000000000000182e-06,-8.732624650001525879e-01
2.697999999999999833e-06,-9.996842145919799805e-01
2.698999999999999909e-06,-8.966410160064697266e-01
2.699999999999999984e-06,-5.877852439880371094e-01
2.701000000000000059e-06,-1.440107822418212891e-01
2.702000000000000134e-06,3.328195512294769287e-01
2.703000000000000209e-06,7.332553267478942871e-01
2.703999999999999861e-06,9.653816223144531250e-01
2.704999999999999936e-06,9.759167432785034180e-01
2.706000000000000011e-06,7.624425292015075684e-01
2.707000000000000086e-06,3.739592134952545166e-01
2.708000000000000161e-06,-1.003617122769355774e-01
2.708999999999999813e-06,-5.516458749771118164e-01
2.709999999999999888e-06,-8.763066530227661133e-01
2.710999999999999963e-06,-9.998223781585693359e-01
2.712000000000000038e-06,-8.938414454460144043e-01
2.713000000000000113e-06,-5.826904773712158203e-01
2.714000000000000188e-06,-1.377902925014495850e-01
2.714999999999999840e-06,3.387379348278045654e-01
2.715999999999999915e-06,7.375131249427795410e-01
2.716999999999999990e-06,9.670014977455139160e-01
2.718000000000000065e-06,9.745268821716308594e-01
2.719000000000000141e-06,7.583619356155395508e-01
2.719999999999999792e-06,3.681245446205139160e-01
2.720999999999999867e-06,-1.066111549735069275e-01
2.721999999999999942e-06,-5.568756461143493652e-01
2.723000000000000018e-06,-8.793163299560546875e-01
2.724000000000000093e-06,-9.999210238456726074e-01
2.725000000000000168e-06,-8.910065293312072754e-01
2.725999999999999819e-06,-5.775727033615112305e-01
2.726999999999999895e-06,-1.315643638372421265e-01
2.727999999999999970e-06,3.446429371833801270e-01
2.729000000000000045e-06,7.417417764663696289e-01
2.730000000000000120e-06,9.685831665992736816e-01
2.731000000000000195e-06,9.730985164642333984e-01
2.731999999999999847e-06,7.542513608932495117e-01
2.732999999999999922e-06,3.622753620147705078e-01
2.733999999999999997e-06,-1.128563880920410156e-01
2.735000000000000072e-06,-5.620833635330200195e-01
2.736000000000000147e-06,-8.822911977767944336e-01
2.736999999999999799e-06,-9.999802708625793457e-01
2.737999999999999874e-06,-8.881364464759826660e-01
2.738999999999999949e-06,-5.724321007728576660e-01
2.740000000000000024e-06,-1.253332346677780151e-01
2.741000000000000099e-06,3.505343198776245117e-01
2.742000000000000174e-06,7.459411621093750000e-01
2.742999999999999826e-06,9.701265692710876465e-01
2.743999999999999901e-06,9.716317057609558105e-01
2.744999999999999976e-06,7.501110434532165527e-01
2.746000000000000051e-06,3.564118742942810059e-01
2.747000000000000127e-06,-1.190971583127975464e-01
2.748000000000000202e-06,-5.672689676284790039e-01
2.748999999999999853e-06,-8.852313160896301270e-01
2.749999999999999928e-06,-1.000000000000000000e+00
2.751000000000000004e-06,-8.852313160896301270e-01
2.752000000000000079e-06,-5.672689676284790039e-01
2.753000000000000154e-06,-1.190971583127975464e-01
2.753999999999999805e-06,3.564118742942810059e-01
2.754999999999999881e-06,7.501110434532165527e-01
2.755999999999999956e-06,9.716317057609558105e-01
2.757000000000000031e-06,9.701265692710876465e-01
2.758000000000000106e-06,7.459411621093750000e-01
2.759000000000000181e-06,3.505343198776245117e-01
2.759999999999999833e-06,-1.253332346677780151e-01
2.760999999999999908e-06,-5.724321007728576660e-01
2.761999999999999983e-06,-8.881364464759826660e-01
2.763000000000000058e-06,-9.999802708625793457e-01
2.764000000000000133e-06,-8.822911977767944336e-01
2.765000000000000208e-06,-5.620833635330200195e-01
2.765999999999999860e-06,-1.128563880920410156e-01
2.766999999999999935e-06,3.622753620147705078e-01
2.768000000000000010e-06,7.542513608932495117e-01
2.769000000000000085e-06,9.730985164642333984e-01
2.770000000000000161e-06,9.685831665992736816e-01
2.770999999999999812e-06,7.417417764663696289e-01
2.771999999999999887e-06,3.446429371833801270e-01
2.772999999999999962e-06,-1.315643638372421265e-01
2.774000000000000038e-06,-5.775727033615112305e-01
2.775000000000000113e-06,-8.910065293312072754e-01
2.776000000000000188e-06,-9.999210238456726074e-01
2.776999999999999839e-06,-8.793163299560546875e-01
2.777999999999999915e-06,-5.568756461143493652e-01
2.778999999999999990e-06,-1.066111549735069275e-01
2.780000000000000065e-06,3.681245446205139160e-01
2.781000000000000140e-06,7.583619356155395508e-01
2.781999999999999792e-06,9.745268821716308594e-01
2.782999999999999867e-06,9.670014977455139160e-01
2.783999999999999942e-06,7.375131249427795410e-01
2.785000000000000017e-06,3.387379348278045654e-01
2.786000000000000092e-06,-1.377902925014495850e-01
2.787000000000000167e-06,-5.826904773712158203e-01
2.787999999999999819e-06,-8.938414454460144043e-01
2.788999999999999894e-06,-9.998223781585693359e-01
2.789999999999999969e-06,-8.763066530227661133e-01
2.791000000000000044e-06,-5.516458749771118164e-01
2.792000000000000119e-06,-1.003617122769355774e-01
2.793000000000000194e-06,3.739592134952545166e-01
2.793999999999999846e-06,7.624425292015075684e-01
2.794999999999999921e-06,9.759167432785034180e-01
2.795999999999999996e-06,9.653816223144531250e-01
2.797000000000000071e-06,7.332553267478942871e-01
2.798000000000000147e-06,3.328195512294769287e-01
2.798999999999999798e-06,-1.440107822418212891e-01
2.799999999999999873e-06,-5.877852439880371094e-01
2.800999999999999948e-06,-8.966410160064697266e-01
2.802000000000000024e-06,-9.996842145919799805e-01
2.803000000000000099e-06,-8.732624650001525879e-01
2.804000000000000174e-06,-5.463943481445312500e-01
2.804999999999999825e-06,-9.410831332206726074e-02
2.805999999999999901e-06,3.797791004180908203e-01
2.806999999999999976e-06,7.664930224418640137e-01
2.808000000000000051e-06,9.772680997848510742e-01
2.809000000000000126e-06,9.637236595153808594e-01
2.810000000000000201e-06,7.289686203002929688e-01
2.810999999999999853e-06,3.268880248069763184e-01
2.811999999999999928e-06,-1.502255946397781372e-01
2.813000000000000003e-06,-5.928568243980407715e-01
2.814000000000000078e-06,-8.994052410125732422e-01
2.815000000000000153e-06,-9.995065331459045410e-01
2.815999999999999805e-06,-8.701837658882141113e-01
2.816999999999999880e-06,-5.411212444305419922e-01
2.817999999999999955e-06,-8.785119652748107910e-02
2.819000000000000030e-06,3.855839967727661133e-01
2.820000000000000105e-06,7.705132365226745605e-01
2.821000000000000180e-06,9.785808920860290527e-01
2.821999999999999832e-06,9.620276689529418945e-01
2.822999999999999907e-06,7.246531248092651367e-01
2.823999999999999982e-06,3.209436237812042236e-01
2.825000000000000057e-06,-1.564344614744186401e-01
2.826000000000000133e-06,-5.979049801826477051e-01
2.827000000000000208e-06,-9.021339416503906250e-01
2.827999999999999859e-06,-9.992894530296325684e-01
2.828999999999999934e-06,-8.670706748962402344e-01
2.830000000000000010e-06,-5.358268022537231445e-01
2.831000000000000085e-06,-8.159061521291732788e-02
2.832000000000000160e-06,3.913736641407012939e-01
2.832999999999999811e-06,7.745030522346496582e-01
2.833999999999999887e-06,9.798550605773925781e-01
2.834999999999999962e-06,9.602937102317810059e-01
2.836000000000000037e-06,7.203090190887451172e-01
2.837000000000000112e-06,3.149865269660949707e-01
2.838000000000000187e-06,-1.626371592283248901e-01
2.838999999999999839e-06,-6.029295325279235840e-01
2.839999999999999914e-06,-9.048270583152770996e-01
2.840999999999999989e-06,-9.990329146385192871e-01
2.842000000000000064e-06,-8.639234304428100586e-01
2.843000000000000139e-06,-5.305112004280090332e-01
2.843999999999999791e-06,-7.532680779695510864e-02
2.844999999999999866e-06,3.971478939056396484e-01
2.845999999999999941e-06,7.784622907638549805e-01
2.847000000000000016e-06,9.810905456542968750e-01
2.848000000000000091e-06,9.585217833518981934e-01
2.849000000000000166e-06,7.159364819526672363e-01
2.849999999999999818e-06,3.090170025825500488e-01
2.850999999999999893e-06,-1.688334494829177856e-01
2.851999999999999968e-06,-6.079303026199340820e-01
2.853000000000000043e-06,-9.074844121932983398e-01
2.854000000000000119e-06,-9.987369775772094727e-01
2.855000000000000194e-06,-8.607420325279235840e-01
2.855999999999999845e-06,-5.251746177673339844e-01
2.856999999999999920e-06,-6.906002759933471680e-02
2.857999999999999996e-06,4.029064476490020752e-01
2.859000000000000071e-06,7.823908329010009766e-01
2.860000000000000146e-06,9.822872281074523926e-01
2.860999999999999797e-06,9.567120671272277832e-01
2.861999999999999873e-06,7.115356922149658203e-01
2.862999999999999948e-06,3.030352592468261719e-01
2.864000000000000023e-06,-1.750230640172958374e-01
2.865000000000000098e-06,-6.129070520401000977e-01
2.866000000000000173e-06,-9.101059436798095703e-01
2.866999999999999825e-06,-9.984015226364135742e-01
2.867999999999999900e-06,-8.575266599655151367e-01
2.868999999999999975e-06,-5.198173522949218750e-01
2.870000000000000050e-06,-6.279052048921585083e-02
2.871000000000000125e-06,4.086490869522094727e-01
2.872000000000000200e-06,7.862884402275085449e-01
2.872999999999999852e-06,9.834452271461486816e-01
2.873999999999999927e-06,9.548645615577697754e-01
2.875000000000000002e-06,7.071067690849304199e-01
2.876000000000000077e-06,2.970415949821472168e-01
2.877000000000000153e-06,-1.812057644128799438e-01
2.877999999999999804e-06,-6.178596019744873047e-01
2.878999999999999879e-06,-9.126915931701660156e-01
2.879999999999999954e-06,-9.980267286300659180e-01
2.881000000000000030e-06,-8.542774319648742676e-01
2.882000000000000105e-06,-5.144395232200622559e-01
2.883000000000000180e-06,-5.651853606104850769e-02
2.883999999999999831e-06,4.143755733966827393e-01
2.884999999999999907e-06,7.901549935340881348e-01
2.885999999999999982e-06,9.845643639564514160e-01
2.887000000000000057e-06,9.529793262481689453e-01
2.888000000000000132e-06,7.026499509811401367e-01
2.889000000000000207e-06,2.910361588001251221e-01
2.889999999999999859e-06,-1.873813122510910034e-01
2.890999999999999934e-06,-6.227877736091613770e-01
2.892000000000000009e-06,-9.152411818504333496e-01
2.893000000000000084e-06,-9.976125359535217285e-01
2.894000000000000159e-06,-8.509944677352905273e-01
2.894999999999999811e-06,-5.090414285659790039e-01
2.895999999999999886e-06,-5.024431645870208740e-02
2.896999999999999961e-06,4.200857281684875488e-01
2.898000000000000036e-06,7.939903736114501953e-01
2.899000000000000111e-06,9.856445789337158203e-01
2.900000000000000186e-06,9.510565400123596191e-01
2.900999999999999838e-06,6.981654167175292969e-01
2.901999999999999913e-06,2.850192487239837646e-01
2.902999999999999988e-06,-1.935494691133499146e-01
2.904000000000000063e-06,-6.276913881301879883e-01
2.905000000000000139e-06,-9.177546501159667969e-01
2.905999999999999790e-06,-9.971588850021362305e-01
2.906999999999999865e-06,-8.476779460906982422e-01
2.907999999999999940e-06,-5.036231875419616699e-01
2.909000000000000016e-06,-4.396811872720718384e-02
2.910000000000000091e-06,4.257792830467224121e-01
2.911000000000000166e-06,7.977944612503051758e-01
2.911999999999999817e-06,9.866859316825866699e-01
2.912999999999999893e-06,9.490961432456970215e-01
2.913999999999999968e-06,6.936532855033874512e-01
2.915000000000000043e-06,2.789911031723022461e-01
2.916000000000000118e-06,-1.997099816799163818e-01
2.917000000000000193e-06,-6.325701475143432617e-01
2.917999999999999845e-06,-9.202318191528320312e-01
2.918999999999999920e-06,-9.966659545898437500e-01
2.919999999999999995e-06,-8.443279266357421875e-01
2.921000000000000070e-06,-4.981850981712341309e-01
2.922000000000000145e-06,-3.769018128514289856e-02
2.922999999999999797e-06,4.314560592174530029e-01
2.923999999999999872e-06,8.015669584274291992e-01
2.924999999999999947e-06,9.876883625984191895e-01
2.926000000000000022e-06,9.470983147621154785e-01
2.927000000000000097e-06,6.891137957572937012e-01
2.928000000000000172e-06,2.729519307613372803e-01
2.928999999999999824e-06,-2.058626115322113037e-01
2.929999999999999899e-06,-6.374239921569824219e-01
2.930999999999999974e-06,-9.226727485656738281e-01
2.932000000000000049e-06,-9.961336255073547363e-01
2.933000000000000125e-06,-8.409445881843566895e-01
2.934000000000000200e-06,-4.927273392677307129e-01
2.934999999999999851e-06,-3.141075745224952698e-02
2.935999999999999926e-06,4.371157586574554443e-01
2.937000000000000002e-06,8.053078651428222656e-01
2.938000000000000077e-06,9.886517524719238281e-01
2.939000000000000152e-06,9.450630545616149902e-01
2.939999999999999803e-06,6.845471262931823730e-01
2.940999999999999879e-06,2.669019997119903564e-01
2.941999999999999954e-06,-2.120071053504943848e-01
2.943000000000000029e-06,-6.422526240348815918e-01
2.944000000000000104e-06,-9.250771999359130859e-01
2.945000000000000179e-06,-9.955619573593139648e-01
2.945999999999999831e-06,-8.375280499458312988e-01
2.946999999999999906e-06,-4.872501194477081299e-01
2.947999999999999981e-06,-2.513009496033191681e-02
2.949000000000000056e-06,4.427582323551177979e-01
2.950000000000000131e-06,8.090170025825500488e-01
2.951000000000000206e-06,9.895761013031005859e-01
2.951999999999999858e-06,9.429905414581298828e-01
2.952999999999999933e-06,6.799533963203430176e-01
2.954000000000000008e-06,2.608415186405181885e-01
2.955000000000000083e-06,-2.181432396173477173e-01
2.956000000000000158e-06,-6.470559835433959961e-01
2.956999999999999810e-06,-9.274451732635498047e-01
2.957999999999999885e-06,-9.949510097503662109e-01
2.958999999999999960e-06,-8.340784311294555664e-01
2.960000000000000035e-06,-4.817536771297454834e-01
2.961000000000000111e-06,-1.884843967854976654e-02
2.962000000000000186e-06,4.483832120895385742e-01
2.962999999999999837e-06,8.126941919326782227e-01
2.963999999999999912e-06,9.904614090919494629e-01
2.964999999999999988e-06,9.408807754516601562e-01
2.966000000000000063e-06,6.753327846527099609e-01
2.967000000000000138e-06,2.547707259654998779e-01
2.967999999999999789e-06,-2.242707610130310059e-01
2.968999999999999865e-06,-6.518337130546569824e-01
2.969999999999999940e-06,-9.297764897346496582e-01
2.971000000000000015e-06,-9.943007826805114746e-01
2.972000000000000090e-06,-8.305959105491638184e-01
2.973000000000000165e-06,-4.762381911277770996e-01
2.973999999999999817e-06,-1.256604027003049850e-02
2.974999999999999892e-06,4.539904892444610596e-01
2.975999999999999967e-06,8.163392543792724609e-01
2.977000000000000042e-06,9.913076162338256836e-01
2.978000000000000117e-06,9.387338757514953613e-01
2.979000000000000192e-06,6.706855893135070801e-01
2.979999999999999844e-06,2.486898899078369141e-01
2.980999999999999919e-06,-2.303894311189651489e-01
2.981999999999999994e-06,-6.565857529640197754e-01
2.983000000000000069e-06,-9.320710897445678711e-01
2.984000000000000144e-06,-9.936113357543945312e-01
2.984999999999999796e-06,-8.270805478096008301e-01
2.985999999999999871e-06,-4.707039296627044678e-01
2.986999999999999946e-06,-6.283144000917673111e-03
2.988000000000000021e-06,4.595798552036285400e-01
2.989000000000000097e-06,8.199521303176879883e-01
2.990000000000000172e-06,9.921147227287292480e-01
2.990999999999999823e-06,9.365499019622802734e-01
2.991999999999999898e-06,6.660118699073791504e-01
2.992999999999999974e-06,2.425992339849472046e-01
2.994000000000000049e-06,-2.364989966154098511e-01
2.995000000000000124e-06,-6.613118648529052734e-01
2.996000000000000199e-06,-9.343289136886596680e-01
2.996999999999999851e-06,-9.928826093673706055e-01
2.997999999999999926e-06,-8.235325813293457031e-01
2.999000000000000001e-06,-4.651510715484619141e-01
3.000000000000000076e-06,2.158101883233554813e-14
3.001000000000000151e-06,4.651510715484619141e-01
3.001999999999999803e-06,8.235325813293457031e-01
3.002999999999999878e-06,9.928826093673706055e-01
3.003999999999999953e-06,9.343289136886596680e-01
3.005000000000000028e-06,6.613118648529052734e-01
3.006000000000000103e-06,2.364989966154098511e-01
3.007000000000000178e-06,-2.425992339849472046e-01
3.007999999999999830e-06,-6.660118699073791504e-01
3.008999999999999905e-06,-9.365499019622802734e-01
3.009999999999999980e-06,-9.921147227287292480e-01
3.011000000000000055e-06,-8.199521303176879883e-01
3.012000000000000131e-06,-4.595798552036285400e-01
3.013000000000000206e-06,6.283144000917673111e-03
3.013999999999999857e-06,4.707039296627044678e-01
3.014999999999999932e-06,8.270805478096008301e-01
3.016000000000000008e-06,9.936113357543945312e-01
3.017000000000000083e-06,9.320710897445678711e-01
3.018000000000000158e-06,6.565857529640197754e-01
3.018999999999999809e-06,2.303894311189651489e-01
3.019999999999999885e-06,-2.486898899078369141e-01
3.020999999999999960e-06,-6.706855893135070801e-01
3.022000000000000035e-06,-9.387338757514953613e-01
3.023000000000000110e-06,-9.913076162338256836e-01
3.024000000000000185e-06,-8.163392543792724609e-01
3.024999999999999837e-06,-4.539904892444610596e-01
3.025999999999999912e-06,1.256604027003049850e-02
3.026999999999999987e-06,4.762381911277770996e-01
3.028000000000000062e-06,8.305959105491638184e-01
3.029000000000000137e-06,9.943007826805114746e-01
3.029999999999999789e-06,9.297764897346496582e-01
3.030999999999999864e-06,6.518337130546569824e-01
3.031999999999999939e-06,2.242707610130310059e-01
3.033000000000000014e-06,-2.547707259654998779e-01
3.034000000000000089e-06,-6.753327846527099609e-01
3.035000000000000164e-06,-9.408807754516601562e-01
3.035999999999999816e-06,-9.904614090919494629e-01
3.036999999999999891e-06,-8.126941919326782227e-01
3.037999999999999966e-06,-4.483832120895385742e-01
3.039000000000000041e-06,1.884843967854976654e-02
3.040000000000000117e-06,4.817536771297454834e-01
3.041000000000000192e-06,8.340784311294555664e-01
3.041999999999999843e-06,9.949510097503662109e-01
3.042999999999999918e-06,9.274451732635498047e-01
3.043999999999999994e-06,6.470559835433959961e-01
3.045000000000000069e-06,2.181432396173477173e-01
3.046000000000000144e-06,-2.608415186405181885e-01
3.046999999999999795e-06,-6.799533963203430176e-01
3.047999999999999871e-06,-9.429905414581298828e-01
3.048999999999999946e-06,-9.895761013031005859e-01
3.050000000000000021e-06,-8.090170025825500488e-01
3.051000000000000096e-06,-4.427582323551177979e-01
3.052000000000000171e-06,2.513009496033191681e-02
3.052999999999999823e-06,4.872501194477081299e-01
3.053999999999999898e-06,8.375280499458312988e-01
3.054999999999999973e-06,9.955619573593139648e-01
3.056000000000000048e-06,9.250771999359130859e-01
3.057000000000000123e-06,6.422526240348815918e-01
3.058000000000000198e-06,2.120071053504943848e-01
3.058999999999999850e-06,-2.669019997119903564e-01
3.059999999999999925e-06,-6.845471262931823730e-01
3.061000000000000000e-06,-9.450630545616149902e-01
3.062000000000000075e-06,-9.886517524719238281e-01
3.063000000000000150e-06,-8.053078651428222656e-01
3.063999999999999802e-06,-4.371157586574554443e-01
3.064999999999999877e-06,3.141075745224952698e-02
3.065999999999999952e-06,4.927273392677307129e-01
3.067000000000000027e-06,8.409445881843566895e-01
3.068000000000000103e-06,9.961336255073547363e-01
3.069000000000000178e-06,9.226727485656738281e-01
3.069999999999999829e-06,6.374239921569824219e-01
3.070999999999999904e-06,2.058626115322113037e-01
3.071999999999999980e-06,-2.729519307613372803e-01
3.073000000000000055e-06,-6.891137957572937012e-01
3.074000000000000130e-06,-9.470983147621154785e-01
3.075000000000000205e-06,-9.876883625984191895e-01
3.075999999999999857e-06,-8.015669584274291992e-01
3.076999999999999932e-06,-4.314560592174530029e-01
3.078000000000000007e-06,3.769018128514289856e-02
3.079000000000000082e-06,4.981850981712341309e-01
3.080000000000000157e-06,8.443279266357421875e-01
3.080999999999999809e-06,9.966659545898437500e-01
3.081999999999999884e-06,9.202318191528320312e-01
3.082999999999999959e-06,6.325701475143432617e-01
3.084000000000000034e-06,1.997099816799163818e-01
3.085000000000000109e-06,-2.789911031723022461e-01
3.086000000000000184e-06,-6.936532855033874512e-01
3.086999999999999836e-06,-9.490961432456970215e-01
3.087999999999999911e-06,-9.866859316825866699e-01
3.088999999999999986e-06,-7.977944612503051758e-01
3.090000000000000061e-06,-4.257792830467224121e-01
3.091000000000000136e-06,4.396811872720718384e-02
3.092000000000000212e-06,5.036231875419616699e-01
3.092999999999999863e-06,8.476779460906982422e-01
3.093999999999999938e-06,9.971588850021362305e-01
3.095000000000000013e-06,9.177546501159667969e-01
3.096000000000000089e-06,6.276913881301879883e-01
3.097000000000000164e-06,1.935494691133499146e-01
3.097999999999999815e-06,-2.850192487239837646e-01
3.098999999999999890e-06,-6.981654167175292969e-01
3.099999999999999966e-06,-9.510565400123596191e-01
3.101000000000000041e-06,-9.856445789337158203e-01
3.102000000000000116e-06,-7.939903736114501953e-01
3.103000000000000191e-06,-4.200857281684875488e-01
3.103999999999999843e-06,5.024431645870208740e-02
3.104999999999999918e-06,5.090414285659790039e-01
3.105999999999999993e-06,8.509944677352905273e-01
3.107000000000000068e-06,9.976125359535217285e-01
3.108000000000000143e-06,9.152411818504333496e-01
3.108999999999999795e-06,6.227877736091613770e-01
3.109999999999999870e-06,1.873813122510910034e-01
3.110999999999999945e-06,-2.910361588001251221e-01
3.112000000000000020e-06,-7.026499509811401367e-01
3.113000000000000095e-06,-9.529793262481689453e-01
3.114000000000000170e-06,-9.845643639564514160e-01
3.114999999999999822e-06,-7.901549935340881348e-01
3.115999999999999897e-06,-4.143755733966827393e-01
3.116999999999999972e-06,5.651853606104850769e-02
3.118000000000000047e-06,5.144395232200622559e-01
3.119000000000000122e-06,8.542774319648742676e-01
3.120000000000000198e-06,9.980267286300659180e-01
3.120999999999999849e-06,9.126915931701660156e-01
3.121999999999999924e-06,6.178596019744873047e-01
3.122999999999999999e-06,1.812057644128799438e-01
3.124000000000000075e-06,-2.970415949821472168e-01
3.125000000000000150e-06,-7.071067690849304199e-01
3.125999999999999801e-06,-9.548645615577697754e-01
3.126999999999999876e-06,-9.834452271461486816e-01
3.127999999999999952e-06,-7.862884402275085449e-01
3.129000000000000027e-06,-4.086490869522094727e-01
3.130000000000000102e-06,6.279052048921585083e-02
3.131000000000000177e-06,5.198173522949218750e-01
3.131999999999999829e-06,8.575266599655151367e-01
3.132999999999999904e-06,9.984015226364135742e-01
3.133999999999999979e-06,9.101059436798095703e-01
3.135000000000000054e-06,6.129070520401000977e-01
3.136000000000000129e-06,1.750230640172958374e-01
3.137000000000000204e-06,-3.030352592468261719e-01
3.137999999999999856e-06,-7.115356922149658203e-01
3.138999999999999931e-06,-9.567120671272277832e-01
3.140000000000000006e-06,-9.822872281074523926e-01
3.141000000000000081e-06,-7.823908329010009766e-01
3.142000000000000156e-06,-4.029064476490020752e-01
3.142999999999999808e-06,6.906002759933471680e-02
3.143999999999999883e-06,5.251746177673339844e-01
3.144999999999999958e-06,8.607420325279235840e-01
3.146000000000000033e-06,9.987369775772094727e-01
3.147000000000000109e-06,9.074844121932983398e-01
3.148000000000000184e-06,6.079303026199340820e-01
3.148999999999999835e-06,1.688334494829177856e-01
3.149999999999999910e-06,-3.090170025825500488e-01
3.150999999999999986e-06,-7.159364819526672363e-01
3.152000000000000061e-06,-9.585217833518981934e-01
3.153000000000000136e-06,-9.810905456542968750e-01
3.154000000000000211e-06,-7.784622907638549805e-01
3.154999999999999863e-06,-3.971478939056396484e-01
3.155999999999999938e-06,7.532680779695510864e-02
3.157000000000000013e-06,5.305112004280090332e-01
3.158000000000000088e-06,8.639234304428100586e-01
3.159000000000000163e-06,9.990329146385192871e-01
3.159999999999999815e-06,9.048270583152770996e-01
3.160999999999999890e-06,6.029295325279235840e-01
3.161999999999999965e-06,1.626371592283248901e-01
3.163000000000000040e-06,-3.149865269660949707e-01
3.164000000000000115e-06,-7.203090190887451172e-01
3.165000000000000190e-06,-9.602937102317810059e-01
3.165999999999999842e-06,-9.798550605773925781e-01
3.166999999999999917e-06,-7.745030522346496582e-01
3.167999999999999992e-06,-3.913736641407012939e-01
3.169000000000000067e-06,8.159061521291732788e-02
3.170000000000000142e-06,5.358268022537231445e-01
3.170999999999999794e-06,8.670706748962402344e-01
3.171999999999999869e-06,9.992894530296325684e-01
3.172999999999999944e-06,9.021339416503906250e-01
3.174000000000000019e-06,5.979049801826477051e-01
3.175000000000000095e-06,1.564344614744186401e-01
3.176000000000000170e-06,-3.209436237812042236e-01
3.176999999999999821e-06,-7.246531248092651367e-01
3.177999999999999896e-06,-9.620276689529418945e-01
3.178999999999999972e-06,-9.785808920860290527e-01
3.180000000000000047e-06,-7.705132365226745605e-01
3.181000000000000122e-06,-3.855839967727661133e-01
3.182000000000000197e-06,8.785119652748107910e-02
3.182999999999999849e-06,5.411212444305419922e-01
3.183999999999999924e-06,8.701837658882141113e-01
3.184999999999999999e-06,9.995065331459045410e-01
3.186000000000000074e-06,8.994052410125732422e-01
3.187000000000000149e-06,5.928568243980407715e-01
3.187999999999999801e-06,1.502255946397781372e-01
3.188999999999999876e-06,-3.268880248069763184e-01
3.189999999999999951e-06,-7.289686203002929688e-01
3.191000000000000026e-06,-9.637236595153808594e-01
3.192000000000000101e-06,-9.772680997848510742e-01
3.193000000000000176e-06,-7.664930224418640137e-01
3.193999999999999828e-06,-3.797791004180908203e-01
3.194999999999999903e-06,9.410831332206726074e-02
3.195999999999999978e-06,5.463943481445312500e-01
3.197000000000000053e-06,8.732624650001525879e-01
3.198000000000000128e-06,9.996842145919799805e-01
3.199000000000000204e-06,8.966410160064697266e-01
3.199999999999999855e-06,5.877852439880371094e-01
3.200999999999999930e-06,1.440107822418212891e-01
3.202000000000000005e-06,-3.328195512294769287e-01
3.203000000000000081e-06,-7.332553267478942871e-01
3.204000000000000156e-06,-9.653816223144531250e-01
3.204999999999999807e-06,-9.759167432785034180e-01
3.205999999999999882e-06,-7.624425292015075684e-01
3.206999999999999958e-06,-3.739592134952545166e-01
3.208000000000000033e-06,1.003617122769355774e-01
3.209000000000000108e-06,5.516458749771118164e-01
3.210000000000000183e-06,8.763066530227661133e-01
3.210999999999999835e-06,9.998223781585693359e-01
3.211999999999999910e-06,8.938414454460144043e-01
3.212999999999999985e-06,5.826904773712158203e-01
3.214000000000000060e-06,1.377902925014495850e-01
3.215000000000000135e-06,-3.387379348278045654e-01
3.216000000000000210e-06,-7.375131249427795410e-01
3.216999999999999862e-06,-9.670014977455139160e-01
3.217999999999999937e-06,-9.745268821716308594e-01
3.219000000000000012e-06,-7.583619356155395508e-01
3.220000000000000087e-06,-3.681245446205139160e-01
3.221000000000000162e-06,1.066111549735069275e-01
3.221999999999999814e-06,5.568756461143493652e-01
3.222999999999999889e-06,8.793163299560546875e-01
3.223999999999999964e-06,9.999210238456726074e-01
3.225000000000000039e-06,8.910065293312072754e-01
3.226000000000000114e-06,5.775727033615112305e-01
3.227000000000000190e-06,1.315643638372421265e-01
3.227999999999999841e-06,-3.446429371833801270e-01
3.228999999999999916e-06,-7.417417764663696289e-01
3.229999999999999991e-06,-9.685831665992736816e-01
3.231000000000000067e-06,-9.730985164642333984e-01
3.232000000000000142e-06,-7.542513608932495117e-01
3.232999999999999793e-06,-3.622753620147705078e-01
3.233999999999999868e-06,1.128563880920410156e-01
3.234999999999999944e-06,5.620833635330200195e-01
3.236000000000000019e-06,8.822911977767944336e-01
3.237000000000000094e-06,9.999802708625793457e-01
3.238000000000000169e-06,8.881364464759826660e-01
3.238999999999999821e-06,5.724321007728576660e-01
3.239999999999999896e-06,1.253332346677780151e-01
3.240999999999999971e-06,-3.505343198776245117e-01
3.242000000000000046e-06,-7.459411621093750000e-01
3.243000000000000121e-06,-9.701265692710876465e-01
3.244000000000000196e-06,-9.716317057609558105e-01
3.244999999999999848e-06,-7.501110434532165527e-01
3.245999999999999923e-06,-3.564118742942810059e-01
3.246999999999999998e-06,1.190971583127975464e-01
3.248000000000000073e-06,5.672689676284790039e-01
3.249000000000000148e-06,8.852313160896301270e-01
3.249999999999999800e-06,1.000000000000000000e+00
3.250999999999999875e-06,8.852313160896301270e-01
3.251999999999999950e-06,5.672689676284790039e-01
3.253000000000000025e-06,1.190971583127975464e-01
3.254000000000000101e-06,-3.564118742942810059e-01
3.255000000000000176e-06,-7.501110434532165527e-01
3.255999999999999827e-06,-9.716317057609558105e-01
3.256999999999999902e-06,-9.701265692710876465e-01
3.257999999999999978e-06,-7.459411621093750000e-01
3.259000000000000053e-06,-3.505343198776245117e-01
3.260000000000000128e-06,1.253332346677780151e-01
3.261000000000000203e-06,5.724321007728576660e-01
3.261999999999999855e-06,8.881364464759826660e-01
3.262999999999999930e-06,9.999802708625793457e-01
3.264000000000000005e-06,8.822911977767944336e-01
3.265000000000000080e-06,5.620833635330200195e-01
3.266000000000000155e-06,1.128563880920410156e-01
3.266999999999999807e-06,-3.622753620147705078e-01
3.267999999999999882e-06,-7.542513608932495117e-01
3.268999999999999957e-06,-9.730985164642333984e-01
3.270000000000000032e-06,-9.685831665992736816e-01
3.271000000000000107e-06,-7.417417764663696289e-01
3.272000000000000182e-06,-3.446429371833801270e-01
3.272999999999999834e-06,1.315643638372421265e-01
3.273999999999999909e-06,5.775727033615112305e-01
3.274999999999999984e-06,8.910065293312072754e-01
3.276000000000000059e-06,9.999210238456726074e-01
3.277000000000000134e-06,8.793163299560546875e-01
3.278000000000000210e-06,5.568756461143493652e-01
3.278999999999999861e-06,1.066111549735069275e-01
3.279999999999999936e-06,-3.681245446205139160e-01
3.281000000000000011e-06,-7.583619356155395508e-01
3.282000000000000087e-06,-9.745268821716308594e-01
3.283000000000000162e-06,-9.670014977455139160e-01
3.283999999999999813e-06,-7.375131249427795410e-01
3.284999999999999888e-06,-3.387379348278045654e-01
3.285999999999999964e-06,1.377902925014495850e-01
3.287000000000000039e-06,5.826904773712158203e-01
3.288000000000000114e-06,8.938414454460144043e-01
3.289000000000000189e-06,9.998223781585693359e-01
3.289999999999999841e-06,8.763066530227661133e-01
3.290999999999999916e-06,5.516458749771118164e-01
3.291999999999999991e-06,1.003617122769355774e-01
3.293000000000000066e-06,-3.739592134952545166e-01
3.294000000000000141e-06,-7.624425292015075684e-01
3.294999999999999793e-06,-9.759167432785034180e-01
3.295999999999999868e-06,-9.653816223144531250e-01
3.296999999999999943e-06,-7.332553267478942871e-01
3.298000000000000018e-06,-3.328195512294769287e-01
3.299000000000000093e-06,1.440107822418212891e-01
3.300000000000000168e-06,5.877852439880371094e-01
3.300999999999999820e-06,8.966410160064697266e-01
3.301999999999999895e-06,9.996842145919799805e-01
3.302999999999999970e-06,8.732624650001525879e-01
3.304000000000000045e-06,5.463943481445312500e-01
3.305000000000000120e-06,9.410831332206726074e-02
3.306000000000000196e-06,-3.797791004180908203e-01
3.306999999999999847e-06,-7.664930224418640137e-01
3.307999999999999922e-06,-9.772680997848510742e-01
3.308999999999999997e-06,-9.637236595153808594e-01
3.310000000000000073e-06,-7.289686203002929688e-01
3.311000000000000148e-06,-3.268880248069763184e-01
3.311999999999999799e-06,1.502255946397781372e-01
3.312999999999999874e-06,5.928568243980407715e-01
3.313999999999999950e-06,8.994052410125732422e-01
3.315000000000000025e-06,9.995065331459045410e-01
3.316000000000000100e-06,8.701837658882141113e-01
3.317000000000000175e-06,5.411212444305419922e-01
3.317999999999999827e-06,8.785119652748107910e-02
3.318999999999999902e-06,-3.855839967727661133e-01
3.319999999999999977e-06,-7.705132365226745605e-01
3.321000000000000052e-06,-9.785808920860290527e-01
3.322000000000000127e-06,-9.620276689529418945e-01
3.323000000000000202e-06,-7.246531248092651367e-01
3.323999999999999854e-06,-3.209436237812042236e-01
3.324999999999999929e-06,1.564344614744186401e-01
3.326000000000000004e-06,5.979049801826477051e-01
3.327000000000000079e-06,9.021339416503906250e-01
3.328000000000000154e-06,9.992894530296325684e-01
3.328999999999999806e-06,8.670706748962402344e-01
3.329999999999999881e-06,5.358268022537231445e-01
3.330999999999999956e-06,8.159061521291732788e-02
3.332000000000000031e-06,-3.913736641407012939e-01
3.333000000000000106e-06,-7.745030522346496582e-01
3.334000000000000182e-06,-9.798550605773925781e-01
3.334999999999999833e-06,-9.602937102317810059e-01
3.335999999999999908e-06,-7.203090190887451172e-01
3.336999999999999983e-06,-3.149865269660949707e-01
3.338000000000000059e-06,1.626371592283248901e-01
3.339000000000000134e-06,6.029295325279235840e-01
3.340000000000000209e-06,9.048270583152770996e-01
3.340999999999999860e-06,9.990329146385192871e-01
3.341999999999999936e-06,8.639234304428100586e-01
3.343000000000000011e-06,5.305112004280090332e-01
3.344000000000000086e-06,7.532680779695510864e-02
3.345000000000000161e-06,-3.971478939056396484e-01
3.345999999999999813e-06,-7.784622907638549805e-01
3.346999999999999888e-06,-9.810905456542968750e-01
3.347999999999999963e-06,-9.585217833518981934e-01
3.349000000000000038e-06,-7.159364819526672363e-01
3.350000000000000113e-06,-3.090170025825500488e-01
3.351000000000000188e-06,1.688334494829177856e-01
3.351999999999999840e-06,6.079303026199340820e-01
3.352999999999999915e-06,9.074844121932983398e-01
3.353999999999999990e-06,9.987369775772094727e-01
3.355000000000000065e-06,8.607420325279235840e-01
3.356000000000000140e-06,5.251746177673339844e-01
3.356999999999999792e-06,6.906002759933471680e-02
3.357999999999999867e-06,-4.029064476490020752e-01
3.358999999999999942e-06,-7.823908329010009766e-01
3.360000000000000017e-06,-9.822872281074523926e-01
3.361000000000000092e-06,-9.567120671272277832e-01
3.362000000000000168e-06,-7.115356922149658203e-01
3.362999999999999819e-06,-3.030352592468261719e-01
3.363999999999999894e-06,1.750230640172958374e-01
3.364999999999999969e-06,6.129070520401000977e-01
3.366000000000000045e-06,9.101059436798095703e-01
3.367000000000000120e-06,9.984015226364135742e-01
3.368000000000000195e-06,8.575266599655151367e-01
3.368999999999999846e-06,5.198173522949218750e-01
3.369999999999999922e-06,6.279052048921585083e-02
3.370999999999999997e-06,-4.086490869522094727e-01
3.372000000000000072e-06,-7.862884402275085449e-01
3.373000000000000147e-06,-9.834452271461486816e-01
3.373999999999999799e-06,-9.548645615577697754e-01
3.374999999999999874e-06,-7.071067690849304199e-01
3.375999999999999949e-06,-2.970415949821472168e-01
3.377000000000000024e-06,1.812057644128799438e-01
3.378000000000000099e-06,6.178596019744873047e-01
3.379000000000000174e-06,9.126915931701660156e-01
3.379999999999999826e-06,9.980267286300659180e-01
3.380999999999999901e-06,8.542774319648742676e-01
3.381999999999999976e-06,5.144395232200622559e-01
3.383000000000000051e-06,5.651853606104850769e-02
3.384000000000000126e-06,-4.143755733966827393e-01
3.385000000000000202e-06,-7.901549935340881348e-01
3.385999999999999853e-06,-9.845643639564514160e-01
3.386999999999999928e-06,-9.529793262481689453e-01
3.388000000000000003e-06,-7.026499509811401367e-01
3.389000000000000079e-06,-2.910361588001251221e-01
3.390000000000000154e-06,1.873813122510910034e-01
3.390999999999999805e-06,6.227877736091613770e-01
3.391999999999999880e-06,9.152411818504333496e-01
3.392999999999999956e-06,9.976125359535217285e-01
3.394000000000000031e-06,8.509944677352905273e-01
3.395000000000000106e-06,5.090414285659790039e-01
3.396000000000000181e-06,5.024431645870208740e-02
3.396999999999999833e-06,-4.200857281684875488e-01
3.397999999999999908e-06,-7.939903736114501953e-01
3.398999999999999983e-06,-9.856445789337158203e-01
3.400000000000000058e-06,-9.510565400123596191e-01
3.401000000000000133e-06,-6.981654167175292969e-01
3.402000000000000208e-06,-2.850192487239837646e-01
3.402999999999999860e-06,1.935494691133499146e-01
3.403999999999999935e-06,6.276913881301879883e-01
3.405000000000000010e-06,9.177546501159667969e-01
3.406000000000000085e-06,9.971588850021362305e-01
3.407000000000000160e-06,8.476779460906982422e-01
3.407999999999999812e-06,5.036231875419616699e-01
3.408999999999999887e-06,4.396811872720718384e-02
3.409999999999999962e-06,-4.257792830467224121e-01
3.411000000000000037e-06,-7.977944612503051758e-01
3.412000000000000112e-06,-9.866859316825866699e-01
3.413000000000000188e-06,-9.490961432456970215e-01
3.413999999999999839e-06,-6.936532855033874512e-01
3.414999999999999914e-06,-2.789911031723022461e-01
3.415999999999999989e-06,1.997099816799163818e-01
3.417000000000000065e-06,6.325701475143432617e-01
3.418000000000000140e-06,9.202318191528320312e-01
3.418999999999999791e-06,9.966659545898437500e-01
3.419999999999999866e-06,8.443279266357421875e-01
3.420999999999999942e-06,4.981850981712341309e-01
3.422000000000000017e-06,3.769018128514289856e-02
3.423000000000000092e-06,-4.314560592174530029e-01
3.424000000000000167e-06,-8.015669584274291992e-01
3.424999999999999819e-06,-9.876883625984191895e-01
3.425999999999999894e-06,-9.470983147621154785e-01
3.426999999999999969e-06,-6.891137957572937012e-01
3.428000000000000044e-06,-2.729519307613372803e-01
3.429000000000000119e-06,2.058626115322113037e-01
3.430000000000000194e-06,6.374239921569824219e-01
3.430999999999999846e-06,9.226727485656738281e-01
3.431999999999999921e-06,9.961336255073547363e-01
3.432999999999999996e-06,8.409445881843566895e-01
3.434000000000000071e-06,4.927273392677307129e-01
3.435000000000000146e-06,3.141075745224952698e-02
3.435999999999999798e-06,-4.371157586574554443e-01
3.436999999999999873e-06,-8.053078651428222656e-01
3.437999999999999948e-06,-9.886517524719238281e-01
3.439000000000000023e-06,-9.450630545616149902e-01
3.440000000000000098e-06,-6.845471262931823730e-01
3.441000000000000174e-06,-2.669019997119903564e-01
3.441999999999999825e-06,2.120071053504943848e-01
3.442999999999999900e-06,6.422526240348815918e-01
3.443999999999999975e-06,9.250771999359130859e-01
3.445000000000000051e-06,9.955619573593139648e-01
3.446000000000000126e-06,8.375280499458312988e-01
3.447000000000000201e-06,4.872501194477081299e-01
3.447999999999999852e-06,2.513009496033191681e-02
3.448999999999999928e-06,-4.427582323551177979e-01
3.450000000000000003e-06,-8.090170025825500488e-01
3.451000000000000078e-06,-9.895761013031005859e-01
3.452000000000000153e-06,-9.429905414581298828e-01
3.452999999999999805e-06,-6.799533963203430176e-01
3.453999999999999880e-06,-2.608415186405181885e-01
3.454999999999999955e-06,2.181432396173477173e-01
3.456000000000000030e-06,6.470559835433959961e-01
3.457000000000000105e-06,9.274451732635498047e-01
3.458000000000000180e-06,9.949510097503662109e-01
3.458999999999999832e-06,8.340784311294555664e-01
3.459999999999999907e-06,4.817536771297454834e-01
3.460999999999999982e-06,1.884843967854976654e-02
3.462000000000000057e-06,-4.483832120895385742e-01
3.463000000000000132e-06,-8.126941919326782227e-01
3.464000000000000207e-06,-9.904614090919494629e-01
3.464999999999999859e-06,-9.408807754516601562e-01
3.465999999999999934e-06,-6.753327846527099609e-01
3.467000000000000009e-06,-2.547707259654998779e-01
3.468000000000000084e-06,2.242707610130310059e-01
3.469000000000000160e-06,6.518337130546569824e-01
3.469999999999999811e-06,9.297764897346496582e-01
3.470999999999999886e-06,9.943007826805114746e-01
3.471999999999999961e-06,8.305959105491638184e-01
3.473000000000000037e-06,4.762381911277770996e-01
3.474000000000000112e-06,1.256604027003049850e-02
3.475000000000000187e-06,-4.539904892444610596e-01
3.475999999999999838e-06,-8.163392543792724609e-01
3.476999999999999914e-06,-9.913076162338256836e-01
3.477999999999999989e-06,-9.387338757514953613e-01
3.479000000000000064e-06,-6.706855893135070801e-01
3.480000000000000139e-06,-2.486898899078369141e-01
3.480999999999999791e-06,2.303894311189651489e-01
3.481999999999999866e-06,6.565857529640197754e-01
3.482999999999999941e-06,9.320710897445678711e-01
3.484000000000000016e-06,9.936113357543945312e-01
3.485000000000000091e-06,8.270805478096008301e-01
3.486000000000000166e-06,4.707039296627044678e-01
3.486999999999999818e-06,6.283144000917673111e-03
3.487999999999999893e-06,-4.595798552036285400e-01
3.488999999999999968e-06,-8.199521303176879883e-01
3.490000000000000043e-06,-9.921147227287292480e-01
3.491000000000000118e-06,-9.365499019622802734e-01
3.492000000000000193e-06,-6.660118699073791504e-01
3.492999999999999845e-06,-2.425992339849472046e-01
3.493999999999999920e-06,2.364989966154098511e-01
3.494999999999999995e-06,6.613118648529052734e-01
3.496000000000000070e-06,9.343289136886596680e-01
3.497000000000000146e-06,9.928826093673706055e-01
3.497999999999999797e-06,8.235325813293457031e-01
3.498999999999999872e-06,4.651510715484619141e-01
3.499999999999999947e-06,1.271775755182485285e-14
3.501000000000000023e-06,-4.651510715484619141e-01
3.502000000000000098e-06,-8.235325813293457031e-01
3.503000000000000173e-06,-9.928826093673706055e-01
3.503999999999999824e-06,-9.343289136886596680e-01
3.504999999999999900e-06,-6.613118648529052734e-01
3.505999999999999975e-06,-2.364989966154098511e-01
3.507000000000000050e-06,2.425992339849472046e-01
3.508000000000000125e-06,6.660118699073791504e-01
3.509000000000000200e-06,9.365499019622802734e-01
3.509999999999999852e-06,9.921147227287292480e-01
3.510999999999999927e-06,8.199521303176879883e-01
3.512000000000000002e-06,4.595798552036285400e-01
3.513000000000000077e-06,-6.283144000917673111e-03
3.514000000000000152e-06,-4.707039296627044678e-01
3.514999999999999804e-06,-8.270805478096008301e-01
3.515999999999999879e-06,-9.936113357543945312e-01
3.516999999999999954e-06,-9.320710897445678711e-01
3.518000000000000029e-06,-6.565857529640197754e-01
3.519000000000000104e-06,-2.303894311189651489e-01
3.520000000000000180e-06,2.486898899078369141e-01
3.520999999999999831e-06,6.706855893135070801e-01
3.521999999999999906e-06,9.387338757514953613e-01
3.522999999999999981e-06,9.913076162338256836e-01
3.524000000000000057e-06,8.163392543792724609e-01
3.525000000000000132e-06,4.539904892444610596e-01
3.526000000000000207e-06,-1.256604027003049850e-02
3.526999999999999858e-06,-4.762381911277770996e-01
3.527999999999999934e-06,-8.305959105491638184e-01
3.529000000000000009e-06,-9.943007826805114746e-01
3.530000000000000084e-06,-9.297764897346496582e-01
3.531000000000000159e-06,-6.518337130546569824e-01
3.531999999999999811e-06,-2.242707610130310059e-01
3.532999999999999886e-06,2.547707259654998779e-01
3.533999999999999961e-06,6.753327846527099609e-01
3.535000000000000036e-06,9.408807754516601562e-01
3.536000000000000111e-06,9.904614090919494629e-01
3.537000000000000186e-06,8.126941919326782227e-01
3.537999999999999838e-06,4.483832120895385742e-01
3.538999999999999913e-06,-1.884843967854976654e-02
3.539999999999999988e-06,-4.817536771297454834e-01
3.541000000000000063e-06,-8.340784311294555664e-01
3.542000000000000138e-06,-9.949510097503662109e-01
3.542999999999999790e-06,-9.274451732635498047e-01
3.543999999999999865e-06,-6.470559835433959961e-01
3.544999999999999940e-06,-2.181432396173477173e-01
3.546000000000000015e-06,2.608415186405181885e-01
3.547000000000000090e-06,6.799533963203430176e-01
3.548000000000000166e-06,9.429905414581298828e-01
3.548999999999999817e-06,9.895761013031005859e-01
3.549999999999999892e-06,8.090170025825500488e-01
3.550999999999999967e-06,4.427582323551177979e-01
3.552000000000000043e-06,-2.513009496033191681e-02
3.553000000000000118e-06,-4.872501194477081299e-01
3.554000000000000193e-06,-8.375280499458312988e-01
3.554999999999999844e-06,-9.955619573593139648e-01
3.555999999999999920e-06,-9.250771999359130859e-01
3.556999999999999995e-06,-6.422526240348815918e-01
3.558000000000000070e-06,-2.120071053504943848e-01
3.559000000000000145e-06,2.669019997119903564e-01
3.559999999999999797e-06,6.845471262931823730e-01
3.560999999999999872e-06,9.450630545616149902e-01
3.561999999999999947e-06,9.886517524719238281e-01
3.563000000000000022e-06,8.053078651428222656e-01
3.564000000000000097e-06,4.371157586574554443e-01
3.565000000000000172e-06,-3.141075745224952698e-02
3.565999999999999824e-06,-4.927273392677307129e-01
3.566999999999999899e-06,-8.409445881843566895e-01
3.567999999999999974e-06,-9.961336255073547363e-01
3.569000000000000049e-06,-9.226727485656738281e-01
3.570000000000000124e-06,-6.374239921569824219e-01
3.571000000000000199e-06,-2.058626115322113037e-01
3.571999999999999851e-06,2.729519307613372803e-01
3.572999999999999926e-06,6.891137957572937012e-01
3.574000000000000001e-06,9.470983147621154785e-01
3.575000000000000076e-06,9.876883625984191895e-01
3.576000000000000152e-06,8.015669584274291992e-01
3.576999999999999803e-06,4.314560592174530029e-01
3.577999999999999878e-06,-3.769018128514289856e-02
3.578999999999999953e-06,-4.981850981712341309e-01
3.580000000000000029e-06,-8.443279266357421875e-01
3.581000000000000104e-06,-9.966659545898437500e-01
3.582000000000000179e-06,-9.202318191528320312e-01
3.582999999999999830e-06,-6.325701475143432617e-01
3.583999999999999906e-06,-1.997099816799163818e-01
3.584999999999999981e-06,2.789911031723022461e-01
3.586000000000000056e-06,6.936532855033874512e-01
3.587000000000000131e-06,9.490961432456970215e-01
3.588000000000000206e-06,9.866859316825866699e-01
3.588999999999999858e-06,7.977944612503051758e-01
3.589999999999999933e-06,4.257792830467224121e-01
3.591000000000000008e-06,-4.396811872720718384e-02
3.592000000000000083e-06,-5.036231875419616699e-01
3.593000000000000158e-06,-8.476779460906982422e-01
3.593999999999999810e-06,-9.971588850021362305e-01
3.594999999999999885e-06,-9.177546501159667969e-01
3.595999999999999960e-06,-6.276913881301879883e-01
3.597000000000000035e-06,-1.935494691133499146e-01
3.598000000000000110e-06,2.850192487239837646e-01
3.599000000000000185e-06,6.981654167175292969e-01
3.599999999999999837e-06,9.510565400123596191e-01
3.600999999999999912e-06,9.856445789337158203e-01
3.601999999999999987e-06,7.939903736114501953e-01
3.603000000000000062e-06,4.200857281684875488e-01
3.604000000000000138e-06,-5.024431645870208740e-02
3.604999999999999789e-06,-5.090414285659790039e-01
3.605999999999999864e-06,-8.509944677352905273e-01
3.606999999999999939e-06,-9.976125359535217285e-01
3.608000000000000015e-06,-9.152411818504333496e-01
3.609000000000000090e-06,-6.227877736091613770e-01
3.610000000000000165e-06,-1.873813122510910034e-01
3.610999999999999816e-06,2.910361588001251221e-01
3.611999999999999892e-06,7.026499509811401367e-01
3.612999999999999967e-06,9.529793262481689453e-01
3.614000000000000042e-06,9.845643639564514160e-01
3.615000000000000117e-06,7.901549935340881348e-01
3.616000000000000192e-06,4.143755733966827393e-01
3.616999999999999844e-06,-5.651853606104850769e-02
3.617999999999999919e-06,-5.144395232200622559e-01
3.618999999999999994e-06,-8.542774319648742676e-01
3.620000000000000069e-06,-9.980267286300659180e-01
3.621000000000000144e-06,-9.126915931701660156e-01
3.621999999999999796e-06,-6.178596019744873047e-01
3.622999999999999871e-06,-1.812057644128799438e-01
3.623999999999999946e-06,2.970415949821472168e-01
3.625000000000000021e-06,7.071067690849304199e-01
3.626000000000000096e-06,9.548645615577697754e-01
3.627000000000000172e-06,9.834452271461486816e-01
3.627999999999999823e-06,7.862884402275085449e-01
3.628999999999999898e-06,4.086490869522094727e-01
3.629999999999999973e-06,-6.279052048921585083e-02
3.631000000000000049e-06,-5.198173522949218750e-01
3.632000000000000124e-06,-8.575266599655151367e-01
3.633000000000000199e-06,-9.984015226364135742e-01
3.633999999999999850e-06,-9.101059436798095703e-01
3.634999999999999926e-06,-6.129070520401000977e-01
3.636000000000000001e-06,-1.750230640172958374e-01
3.637000000000000076e-06,3.030352592468261719e-01
3.638000000000000151e-06,7.115356922149658203e-01
3.638999999999999803e-06,9.567120671272277832e-01
3.639999999999999878e-06,9.822872281074523926e-01
3.640999999999999953e-06,7.823908329010009766e-01
3.642000000000000028e-06,4.029064476490020752e-01
3.643000000000000103e-06,-6.906002759933471680e-02
3.644000000000000178e-06,-5.251746177673339844e-01
3.644999999999999830e-06,-8.607420325279235840e-01
3.645999999999999905e-06,-9.987369775772094727e-01
3.646999999999999980e-06,-9.074844121932983398e-01
3.648000000000000055e-06,-6.079303026199340820e-01
3.649000000000000130e-06,-1.688334494829177856e-01
3.650000000000000205e-06,3.090170025825500488e-01
3.650999999999999857e-06,7.159364819526672363e-01
3.651999999999999932e-06,9.585217833518981934e-01
3.653000000000000007e-06,9.810905456542968750e-01
3.654000000000000082e-06,7.784622907638549805e-01
3.655000000000000158e-06,3.971478939056396484e-01
3.655999999999999809e-06,-7.532680779695510864e-02
3.656999999999999884e-06,-5.305112004280090332e-01
3.657999999999999959e-06,-8.639234304428100586e-01
3.659000000000000035e-06,-9.990329146385192871e-01
3.660000000000000110e-06,-9.048270583152770996e-01
3.661000000000000185e-06,-6.029295325279235840e-01
3.661999999999999836e-06,-1.626371592283248901e-01
3.662999999999999912e-06,3.149865269660949707e-01
3.663999999999999987e-06,7.203090190887451172e-01
3.665000000000000062e-06,9.602937102317810059e-01
3.666000000000000137e-06,9.798550605773925781e-01
3.666999999999999789e-06,7.745030522346496582e-01
3.667999999999999864e-06,3.913736641407012939e-01
3.668999999999999939e-06,-8.159061521291732788e-02
3.670000000000000014e-06,-5.358268022537231445e-01
3.671000000000000089e-06,-8.670706748962402344e-01
3.672000000000000164e-06,-9.992894530296325684e-01
3.672999999999999816e-06,-9.021339416503906250e-01
3.673999999999999891e-06,-5.979049801826477051e-01
3.674999999999999966e-06,-1.564344614744186401e-01
3.676000000000000041e-06,3.209436237812042236e-01
3.677000000000000116e-06,7.246531248092651367e-01
3.678000000000000191e-06,9.620276689529418945e-01
3.678999999999999843e-06,9.785808920860290527e-01
3.679999999999999918e-06,7.705132365226745605e-01
3.680999999999999993e-06,3.855839967727661133e-01
3.682000000000000068e-06,-8.785119652748107910e-02
3.683000000000000144e-06,-5.411212444305419922e-01
3.683999999999999795e-06,-8.701837658882141113e-01
3.684999999999999870e-06,-9.995065331459045410e-01
3.685999999999999945e-06,-8.994052410125732422e-01
3.687000000000000021e-06,-5.928568243980407715e-01
3.688000000000000096e-06,-1.502255946397781372e-01
3.689000000000000171e-06,3.268880248069763184e-01
3.689999999999999822e-06,7.289686203002929688e-01
3.690999999999999898e-06,9.637236595153808594e-01
3.691999999999999973e-06,9.772680997848510742e-01
3.693000000000000048e-06,7.664930224418640137e-01
3.694000000000000123e-06,3.797791004180908203e-01
3.695000000000000198e-06,-9.410831332206726074e-02
3.695999999999999850e-06,-5.463943481445312500e-01
3.696999999999999925e-06,-8.732624650001525879e-01
3.698000000000000000e-06,-9.996842145919799805e-01
3.699000000000000075e-06,-8.966410160064697266e-01
3.700000000000000150e-06,-5.877852439880371094e-01
3.700999999999999802e-06,-1.440107822418212891e-01
3.701999999999999877e-06,3.328195512294769287e-01
3.702999999999999952e-06,7.332553267478942871e-01
3.704000000000000027e-06,9.653816223144531250e-01
3.705000000000000102e-06,9.759167432785034180e-01
3.706000000000000177e-06,7.624425292015075684e-01
3.706999999999999829e-06,3.739592134952545166e-01
3.707999999999999904e-06,-1.003617122769355774e-01
3.708999999999999979e-06,-5.516458749771118164e-01
3.710000000000000054e-06,-8.763066530227661133e-01
3.711000000000000130e-06,-9.998223781585693359e-01
3.712000000000000205e-06,-8.938414454460144043e-01
3.712999999999999856e-06,-5.826904773712158203e-01
3.713999999999999931e-06,-1.377902925014495850e-01
3.715000000000000007e-06,3.387379348278045654e-01
3.716000000000000082e-06,7.375131249427795410e-01
3.717000000000000157e-06,9.670014977455139160e-01
3.717999999999999808e-06,9.745268821716308594e-01
3.718999999999999884e-06,7.583619356155395508e-01
3.719999999999999959e-06,3.681245446205139160e-01
3.721000000000000034e-06,-1.066111549735069275e-01
3.722000000000000109e-06,-5.568756461143493652e-01
3.723000000000000184e-06,-8.793163299560546875e-01
3.723999999999999836e-06,-9.999210238456726074e-01
3.724999999999999911e-06,-8.910065293312072754e-01
3.725999999999999986e-06,-5.775727033615112305e-01
3.727000000000000061e-06,-1.315643638372421265e-01
3.728000000000000136e-06,3.446429371833801270e-01
3.729000000000000211e-06,7.417417764663696289e-01
3.729999999999999863e-06,9.685831665992736816e-01
3.730999999999999938e-06,9.730985164642333984e-01
3.732000000000000013e-06,7.542513608932495117e-01
3.733000000000000088e-06,3.622753620147705078e-01
3.734000000000000163e-06,-1.128563880920410156e-01
3.734999999999999815e-06,-5.620833635330200195e-01
3.735999999999999890e-06,-8.822911977767944336e-01
3.736999999999999965e-06,-9.999802708625793457e-01
3.738000000000000040e-06,-8.881364464759826660e-01
3.739000000000000116e-06,-5.724321007728576660e-01
3.740000000000000191e-06,-1.253332346677780151e-01
3.740999999999999842e-06,3.505343198776245117e-01
3.741999999999999917e-06,7.459411621093750000e-01
3.742999999999999993e-06,9.701265692710876465e-01
3.744000000000000068e-06,9.716317057609558105e-01
3.745000000000000143e-06,7.501110434532165527e-01
3.745999999999999794e-06,3.564118742942810059e-01
3.746999999999999870e-06,-1.190971583127975464e-01
3.747999999999999945e-06,-5.672689676284790039e-01
3.749000000000000020e-06,-8.852313160896301270e-01
3.750000000000000095e-06,-1.000000000000000000e+00
3.751000000000000170e-06,-8.852313160896301270e-01
3.751999999999999822e-06,-5.672689676284790039e-01
3.752999999999999897e-06,-1.190971583127975464e-01
3.753999999999999972e-06,3.564118742942810059e-01
3.755000000000000047e-06,7.501110434532165527e-01
3.756000000000000122e-06,9.716317057609558105e-01
3.757000000000000197e-06,9.701265692710876465e-01
3.757999999999999849e-06,7.459411621093750000e-01
3.758999999999999924e-06,3.505343198776245117e-01
3.759999999999999999e-06,-1.253332346677780151e-01
3.761000000000000074e-06,-5.724321007728576660e-01
3.762000000000000150e-06,-8.881364464759826660e-01
3.762999999999999801e-06,-9.999802708625793457e-01
3.763999999999999876e-06,-8.822911977767944336e-01
3.764999999999999951e-06,-5.620833635330200195e-01
3.766000000000000027e-06,-1.128563880920410156e-01
3.767000000000000102e-06,3.622753620147705078e-01
3.768000000000000177e-06,7.542513608932495117e-01
3.768999999999999828e-06,9.730985164642333984e-01
3.769999999999999904e-06,9.685831665992736816e-01
3.770999999999999979e-06,7.417417764663696289e-01
3.772000000000000054e-06,3.446429371833801270e-01
3.773000000000000129e-06,-1.315643638372421265e-01
3.774000000000000204e-06,-5.775727033615112305e-01
3.774999999999999856e-06,-8.910065293312072754e-01
3.775999999999999931e-06,-9.999210238456726074e-01
3.777000000000000006e-06,-8.793163299560546875e-01
3.778000000000000081e-06,-5.568756461143493652e-01
3.779000000000000156e-06,-1.066111549735069275e-01
3.779999999999999808e-06,3.681245446205139160e-01
3.780999999999999883e-06,7.583619356155395508e-01
3.781999999999999958e-06,9.745268821716308594e-01
3.783000000000000033e-06,9.670014977455139160e-01
3.784000000000000108e-06,7.375131249427795410e-01
3.785000000000000183e-06,3.387379348278045654e-01
3.785999999999999835e-06,-1.377902925014495850e-01
3.786999999999999910e-06,-5.826904773712158203e-01
3.787999999999999985e-06,-8.938414454460144043e-01
3.789000000000000060e-06,-9.998223781585693359e-01
3.790000000000000136e-06,-8.763066530227661133e-01
3.791000000000000211e-06,-5.516458749771118164e-01
3.791999999999999862e-06,-1.003617122769355774e-01
3.792999999999999937e-06,3.739592134952545166e-01
3.794000000000000013e-06,7.624425292015075684e-01
3.795000000000000088e-06,9.759167432785034180e-01
3.796000000000000163e-06,9.653816223144531250e-01
3.796999999999999814e-06,7.332553267478942871e-01
3.797999999999999890e-06,3.328195512294769287e-01
3.798999999999999965e-06,-1.440107822418212891e-01
3.800000000000000040e-06,-5.877852439880371094e-01
3.801000000000000115e-06,-8.966410160064697266e-01
3.802000000000000190e-06,-9.996842145919799805e-01
3.802999999999999842e-06,-8.732624650001525879e-01
3.803999999999999917e-06,-5.463943481445312500e-01
3.804999999999999992e-06,-9.410831332206726074e-02
3.806000000000000067e-06,3.797791004180908203e-01
3.807000000000000142e-06,7.664930224418640137e-01
3.807999999999999794e-06,9.772680997848510742e-01
3.808999999999999869e-06,9.637236595153808594e-01
3.809999999999999944e-06,7.289686203002929688e-01
3.811000000000000019e-06,3.268880248069763184e-01
3.812000000000000094e-06,-1.502255946397781372e-01
3.813000000000000169e-06,-5.928568243980407715e-01
3.813999999999999821e-06,-8.994052410125732422e-01
3.814999999999999896e-06,-9.995065331459045410e-01
3.816000000000000395e-06,-8.701837658882141113e-01
3.817000000000000046e-06,-5.411212444305419922e-01
3.817999999999999698e-06,-8.785119652748107910e-02
3.819000000000000197e-06,3.855839967727661133e-01
3.819999999999999848e-06,7.705132365226745605e-01
3.821000000000000347e-06,9.785808920860290527e-01
3.821999999999999999e-06,9.620276689529418945e-01
3.822999999999999650e-06,7.246531248092651367e-01
3.824000000000000149e-06,3.209436237812042236e-01
3.824999999999999800e-06,-1.564344614744186401e-01
3.826000000000000299e-06,-5.979049801826477051e-01
3.826999999999999951e-06,-9.021339416503906250e-01
3.827999999999999602e-06,-9.992894530296325684e-01
3.829000000000000101e-06,-8.670706748962402344e-01
3.829999999999999753e-06,-5.358268022537231445e-01
3.831000000000000251e-06,-8.159061521291732788e-02
3.831999999999999903e-06,3.913736641407012939e-01
3.833000000000000401e-06,7.745030522346496582e-01
3.834000000000000053e-06,9.798550605773925781e-01
3.834999999999999705e-06,9.602937102317810059e-01
3.836000000000000203e-06,7.203090190887451172e-01
3.836999999999999855e-06,3.149865269660949707e-01
3.838000000000000354e-06,-1.626371592283248901e-01
3.839000000000000005e-06,-6.029295325279235840e-01
3.839999999999999657e-06,-9.048270583152770996e-01
3.841000000000000155e-06,-9.990329146385192871e-01
3.841999999999999807e-06,-8.639234304428100586e-01
3.843000000000000306e-06,-5.305112004280090332e-01
3.843999999999999957e-06,-7.532680779695510864e-02
3.844999999999999609e-06,3.971478939056396484e-01
3.846000000000000108e-06,7.784622907638549805e-01
3.846999999999999759e-06,9.810905456542968750e-01
3.848000000000000258e-06,9.585217833518981934e-01
3.848999999999999909e-06,7.159364819526672363e-01
3.850000000000000408e-06,3.090170025825500488e-01
3.851000000000000060e-06,-1.688334494829177856e-01
3.851999999999999711e-06,-6.079303026199340820e-01
3.853000000000000210e-06,-9.074844121932983398e-01
3.853999999999999862e-06,-9.987369775772094727e-01
3.855000000000000360e-06,-8.607420325279235840e-01
3.856000000000000012e-06,-5.251746177673339844e-01
3.856999999999999663e-06,-6.906002759933471680e-02
3.858000000000000162e-06,4.029064476490020752e-01
3.858999999999999814e-06,7.823908329010009766e-01
3.860000000000000312e-06,9.822872281074523926e-01
3.860999999999999964e-06,9.567120671272277832e-01
3.861999999999999616e-06,7.115356922149658203e-01
3.863000000000000114e-06,3.030352592468261719e-01
3.863999999999999766e-06,-1.750230640172958374e-01
3.865000000000000264e-06,-6.129070520401000977e-01
3.865999999999999916e-06,-9.101059436798095703e-01
3.867000000000000415e-06,-9.984015226364135742e-01
3.868000000000000066e-06,-8.575266599655151367e-01
3.868999999999999718e-06,-5.198173522949218750e-01
3.870000000000000217e-06,-6.279052048921585083e-02
3.870999999999999868e-06,4.086490869522094727e-01
3.872000000000000367e-06,7.862884402275085449e-01
3.873000000000000018e-06,9.834452271461486816e-01
3.873999999999999670e-06,9.548645615577697754e-01
3.875000000000000169e-06,7.071067690849304199e-01
3.875999999999999820e-06,2.970415949821472168e-01
3.877000000000000319e-06,-1.812057644128799438e-01
3.877999999999999971e-06,-6.178596019744873047e-01
3.878999999999999622e-06,-9.126915931701660156e-01
3.880000000000000121e-06,-9.980267286300659180e-01
3.880999999999999772e-06,-8.542774319648742676e-01
3.882000000000000271e-06,-5.144395232200622559e-01
3.882999999999999923e-06,-5.651853606104850769e-02
3.884000000000000421e-06,4.143755733966827393e-01
3.885000000000000073e-06,7.901549935340881348e-01
3.885999999999999725e-06,9.845643639564514160e-01
3.887000000000000223e-06,9.529793262481689453e-01
3.887999999999999875e-06,7.026499509811401367e-01
3.889000000000000374e-06,2.910361588001251221e-01
3.890000000000000025e-06,-1.873813122510910034e-01
3.890999999999999677e-06,-6.227877736091613770e-01
3.892000000000000175e-06,-9.152411818504333496e-01
3.892999999999999827e-06,-9.976125359535217285e-01
3.894000000000000326e-06,-8.509944677352905273e-01
3.894999999999999977e-06,-5.090414285659790039e-01
3.895999999999999629e-06,-5.024431645870208740e-02
3.897000000000000128e-06,4.200857281684875488e-01
3.897999999999999779e-06,7.939903736114501953e-01
3.899000000000000278e-06,9.856445789337158203e-01
3.899999999999999929e-06,9.510565400123596191e-01
3.900999999999999581e-06,6.981654167175292969e-01
3.902000000000000080e-06,2.850192487239837646e-01
3.902999999999999731e-06,-1.935494691133499146e-01
3.904000000000000230e-06,-6.276913881301879883e-01
3.904999999999999882e-06,-9.177546501159667969e-01
3.906000000000000380e-06,-9.971588850021362305e-01
3.907000000000000032e-06,-8.476779460906982422e-01
3.907999999999999683e-06,-5.036231875419616699e-01
3.909000000000000182e-06,-4.396811872720718384e-02
3.909999999999999834e-06,4.257792830467224121e-01
3.911000000000000332e-06,7.977944612503051758e-01
3.911999999999999984e-06,9.866859316825866699e-01
3.912999999999999636e-06,9.490961432456970215e-01
3.914000000000000134e-06,6.936532855033874512e-01
3.914999999999999786e-06,2.789911031723022461e-01
3.916000000000000284e-06,-1.997099816799163818e-01
3.916999999999999936e-06,-6.325701475143432617e-01
3.917999999999999588e-06,-9.202318191528320312e-01
3.919000000000000086e-06,-9.966659545898437500e-01
3.919999999999999738e-06,-8.443279266357421875e-01
3.921000000000000237e-06,-4.981850981712341309e-01
3.921999999999999888e-06,-3.769018128514289856e-02
3.923000000000000387e-06,4.314560592174530029e-01
3.924000000000000038e-06,8.015669584274291992e-01
3.924999999999999690e-06,9.876883625984191895e-01
3.926000000000000189e-06,9.470983147621154785e-01
3.926999999999999840e-06,6.891137957572937012e-01
3.928000000000000339e-06,2.729519307613372803e-01
3.928999999999999991e-06,-2.058626115322113037e-01
3.929999999999999642e-06,-6.374239921569824219e-01
3.931000000000000141e-06,-9.226727485656738281e-01
3.931999999999999792e-06,-9.961336255073547363e-01
3.933000000000000291e-06,-8.409445881843566895e-01
3.933999999999999943e-06,-4.927273392677307129e-01
3.934999999999999594e-06,-3.141075745224952698e-02
3.936000000000000093e-06,4.371157586574554443e-01
3.936999999999999745e-06,8.053078651428222656e-01
3.938000000000000243e-06,9.886517524719238281e-01
3.938999999999999895e-06,9.450630545616149902e-01
3.940000000000000393e-06,6.845471262931823730e-01
3.941000000000000045e-06,2.669019997119903564e-01
3.941999999999999697e-06,-2.120071053504943848e-01
3.943000000000000195e-06,-6.422526240348815918e-01
3.943999999999999847e-06,-9.250771999359130859e-01
3.945000000000000346e-06,-9.955619573593139648e-01
3.945999999999999997e-06,-8.375280499458312988e-01
3.946999999999999649e-06,-4.872501194477081299e-01
3.948000000000000147e-06,-2.513009496033191681e-02
3.948999999999999799e-06,4.427582323551177979e-01
3.950000000000000298e-06,8.090170025825500488e-01
3.950999999999999949e-06,9.895761013031005859e-01
3.951999999999999601e-06,9.429905414581298828e-01
3.953000000000000100e-06,6.799533963203430176e-01
3.953999999999999751e-06,2.608415186405181885e-01
3.955000000000000250e-06,-2.181432396173477173e-01
3.955999999999999901e-06,-6.470559835433959961e-01
3.957000000000000400e-06,-9.274451732635498047e-01
3.958000000000000052e-06,-9.949510097503662109e-01
3.958999999999999703e-06,-8.340784311294555664e-01
3.960000000000000202e-06,-4.817536771297454834e-01
3.960999999999999854e-06,-1.884843967854976654e-02
3.962000000000000352e-06,4.483832120895385742e-01
3.963000000000000004e-06,8.126941919326782227e-01
3.963999999999999655e-06,9.904614090919494629e-01
3.965000000000000154e-06,9.408807754516601562e-01
3.965999999999999806e-06,6.753327846527099609e-01
3.967000000000000304e-06,2.547707259654998779e-01
3.967999999999999956e-06,-2.242707610130310059e-01
3.968999999999999608e-06,-6.518337130546569824e-01
3.970000000000000106e-06,-9.297764897346496582e-01
3.970999999999999758e-06,-9.943007826805114746e-01
3.972000000000000256e-06,-8.305959105491638184e-01
3.972999999999999908e-06,-4.762381911277770996e-01
3.974000000000000407e-06,-1.256604027003049850e-02
3.975000000000000058e-06,4.539904892444610596e-01
3.975999999999999710e-06,8.163392543792724609e-01
3.977000000000000209e-06,9.913076162338256836e-01
3.977999999999999860e-06,9.387338757514953613e-01
3.979000000000000359e-06,6.706855893135070801e-01
3.980000000000000010e-06,2.486898899078369141e-01
3.980999999999999662e-06,-2.303894311189651489e-01
3.982000000000000161e-06,-6.565857529640197754e-01
3.982999999999999812e-06,-9.320710897445678711e-01
3.984000000000000311e-06,-9.936113357543945312e-01
3.984999999999999963e-06,-8.270805478096008301e-01
3.985999999999999614e-06,-4.707039296627044678e-01
3.987000000000000113e-06,-6.283144000917673111e-03
3.987999999999999764e-06,4.595798552036285400e-01
3.989000000000000263e-06,8.199521303176879883e-01
3.989999999999999915e-06,9.921147227287292480e-01
3.991000000000000413e-06,9.365499019622802734e-01
3.992000000000000065e-06,6.660118699073791504e-01
3.992999999999999717e-06,2.425992339849472046e-01
3.994000000000000215e-06,-2.364989966154098511e-01
3.994999999999999867e-06,-6.613118648529052734e-01
3.996000000000000366e-06,-9.343289136886596680e-01
3.997000000000000017e-06,-9.928826093673706055e-01
3.997999999999999669e-06,-8.235325813293457031e-01
3.999000000000000167e-06,-4.651510715484619141e-01
3.999999999999999819e-06,-4.701653224191935931e-14
4.001000000000000318e-06,4.651510715484619141e-01
4.001999999999999969e-06,8.235325813293457031e-01
4.002999999999999621e-06,9.928826093673706055e-01
4.004000000000000120e-06,9.343289136886596680e-01
4.004999999999999771e-06,6.613118648529052734e-01
4.006000000000000270e-06,2.364989966154098511e-01
4.006999999999999921e-06,-2.425992339849472046e-01
4.008000000000000420e-06,-6.660118699073791504e-01
4.009000000000000072e-06,-9.365499019622802734e-01
4.009999999999999723e-06,-9.921147227287292480e-01
4.011000000000000222e-06,-8.199521303176879883e-01
4.011999999999999874e-06,-4.595798552036285400e-01
4.013000000000000372e-06,6.283144000917673111e-03
4.014000000000000024e-06,4.707039296627044678e-01
4.014999999999999675e-06,8.270805478096008301e-01
4.016000000000000174e-06,9.936113357543945312e-01
4.016999999999999826e-06,9.320710897445678711e-01
4.018000000000000324e-06,6.565857529640197754e-01
4.018999999999999976e-06,2.303894311189651489e-01
4.019999999999999628e-06,-2.486898899078369141e-01
4.021000000000000126e-06,-6.706855893135070801e-01
4.021999999999999778e-06,-9.387338757514953613e-01
4.023000000000000276e-06,-9.913076162338256836e-01
4.023999999999999928e-06,-8.163392543792724609e-01
4.024999999999999580e-06,-4.539904892444610596e-01
4.026000000000000078e-06,1.256604027003049850e-02
4.026999999999999730e-06,4.762381911277770996e-01
4.028000000000000229e-06,8.305959105491638184e-01
4.028999999999999880e-06,9.943007826805114746e-01
4.030000000000000379e-06,9.297764897346496582e-01
4.031000000000000030e-06,6.518337130546569824e-01
4.031999999999999682e-06,2.242707610130310059e-01
4.033000000000000181e-06,-2.547707259654998779e-01
4.033999999999999832e-06,-6.753327846527099609e-01
4.035000000000000331e-06,-9.408807754516601562e-01
4.035999999999999983e-06,-9.904614090919494629e-01
4.036999999999999634e-06,-8.126941919326782227e-01
4.038000000000000133e-06,-4.483832120895385742e-01
4.038999999999999784e-06,1.884843967854976654e-02
4.040000000000000283e-06,4.817536771297454834e-01
4.040999999999999935e-06,8.340784311294555664e-01
4.041999999999999586e-06,9.949510097503662109e-01
4.043000000000000085e-06,9.274451732635498047e-01
4.043999999999999737e-06,6.470559835433959961e-01
4.045000000000000235e-06,2.181432396173477173e-01
4.045999999999999887e-06,-2.608415186405181885e-01
4.047000000000000385e-06,-6.799533963203430176e-01
4.048000000000000037e-06,-9.429905414581298828e-01
4.048999999999999689e-06,-9.895761013031005859e-01
4.050000000000000187e-06,-8.090170025825500488e-01
4.050999999999999839e-06,-4.427582323551177979e-01
4.052000000000000338e-06,2.513009496033191681e-02
4.052999999999999989e-06,4.872501194477081299e-01
4.053999999999999641e-06,8.375280499458312988e-01
4.055000000000000139e-06,9.955619573593139648e-01
4.055999999999999791e-06,9.250771999359130859e-01
4.057000000000000290e-06,6.422526240348815918e-01
4.057999999999999941e-06,2.120071053504943848e-01
4.058999999999999593e-06,-2.669019997119903564e-01
4.060000000000000092e-06,-6.845471262931823730e-01
4.060999999999999743e-06,-9.450630545616149902e-01
4.062000000000000242e-06,-9.886517524719238281e-01
4.062999999999999893e-06,-8.053078651428222656e-01
4.064000000000000392e-06,-4.371157586574554443e-01
4.065000000000000044e-06,3.141075745224952698e-02
4.065999999999999695e-06,4.927273392677307129e-01
4.067000000000000194e-06,8.409445881843566895e-01
4.067999999999999846e-06,9.961336255073547363e-01
4.069000000000000344e-06,9.226727485656738281e-01
4.069999999999999996e-06,6.374239921569824219e-01
4.070999999999999647e-06,2.058626115322113037e-01
4.072000000000000146e-06,-2.729519307613372803e-01
4.072999999999999798e-06,-6.891137957572937012e-01
4.074000000000000296e-06,-9.470983147621154785e-01
4.074999999999999948e-06,-9.876883625984191895e-01
4.075999999999999600e-06,-8.015669584274291992e-01
4.077000000000000098e-06,-4.314560592174530029e-01
4.077999999999999750e-06,3.769018128514289856e-02
4.079000000000000248e-06,4.981850981712341309e-01
4.079999999999999900e-06,8.443279266357421875e-01
4.081000000000000399e-06,9.966659545898437500e-01
4.082000000000000050e-06,9.202318191528320312e-01
4.082999999999999702e-06,6.325701475143432617e-01
4.084000000000000201e-06,1.997099816799163818e-01
4.084999999999999852e-06,-2.789911031723022461e-01
4.086000000000000351e-06,-6.936532855033874512e-01
4.087000000000000002e-06,-9.490961432456970215e-01
4.087999999999999654e-06,-9.866859316825866699e-01
4.089000000000000153e-06,-7.977944612503051758e-01
4.089999999999999804e-06,-4.257792830467224121e-01
4.091000000000000303e-06,4.396811872720718384e-02
4.091999999999999955e-06,5.036231875419616699e-01
4.092999999999999606e-06,8.476779460906982422e-01
4.094000000000000105e-06,9.971588850021362305e-01
4.094999999999999756e-06,9.177546501159667969e-01
4.096000000000000255e-06,6.276913881301879883e-01
4.096999999999999907e-06,1.935494691133499146e-01
4.098000000000000405e-06,-2.850192487239837646e-01
4.099000000000000057e-06,-6.981654167175292969e-01
4.099999999999999709e-06,-9.510565400123596191e-01
4.101000000000000207e-06,-9.856445789337158203e-01
4.101999999999999859e-06,-7.939903736114501953e-01
4.103000000000000357e-06,-4.200857281684875488e-01
4.104000000000000009e-06,5.024431645870208740e-02
4.104999999999999661e-06,5.090414285659790039e-01
4.106000000000000159e-06,8.509944677352905273e-01
4.106999999999999811e-06,9.976125359535217285e-01
4.108000000000000310e-06,9.152411818504333496e-01
4.108999999999999961e-06,6.227877736091613770e-01
4.109999999999999613e-06,1.873813122510910034e-01
4.111000000000000111e-06,-2.910361588001251221e-01
4.111999999999999763e-06,-7.026499509811401367e-01
4.113000000000000262e-06,-9.529793262481689453e-01
4.113999999999999913e-06,-9.845643639564514160e-01
4.115000000000000412e-06,-7.901549935340881348e-01
4.116000000000000064e-06,-4.143755733966827393e-01
4.116999999999999715e-06,5.651853606104850769e-02
4.118000000000000214e-06,5.144395232200622559e-01
4.118999999999999865e-06,8.542774319648742676e-01
4.120000000000000364e-06,9.980267286300659180e-01
4.121000000000000016e-06,9.126915931701660156e-01
4.121999999999999667e-06,6.178596019744873047e-01
4.123000000000000166e-06,1.812057644128799438e-01
4.123999999999999818e-06,-2.970415949821472168e-01
4.125000000000000316e-06,-7.071067690849304199e-01
4.125999999999999968e-06,-9.548645615577697754e-01
4.126999999999999619e-06,-9.834452271461486816e-01
4.128000000000000118e-06,-7.862884402275085449e-01
4.128999999999999770e-06,-4.086490869522094727e-01
4.130000000000000268e-06,6.279052048921585083e-02
4.130999999999999920e-06,5.198173522949218750e-01
4.132000000000000419e-06,8.575266599655151367e-01
4.133000000000000070e-06,9.984015226364135742e-01
4.133999999999999722e-06,9.101059436798095703e-01
4.135000000000000221e-06,6.129070520401000977e-01
4.135999999999999872e-06,1.750230640172958374e-01
4.137000000000000371e-06,-3.030352592468261719e-01
4.138000000000000022e-06,-7.115356922149658203e-01
4.138999999999999674e-06,-9.567120671272277832e-01
4.140000000000000173e-06,-9.822872281074523926e-01
4.140999999999999824e-06,-7.823908329010009766e-01
4.142000000000000323e-06,-4.029064476490020752e-01
4.142999999999999975e-06,6.906002759933471680e-02
4.143999999999999626e-06,5.251746177673339844e-01
4.145000000000000125e-06,8.607420325279235840e-01
4.145999999999999776e-06,9.987369775772094727e-01
4.147000000000000275e-06,9.074844121932983398e-01
4.147999999999999927e-06,6.079303026199340820e-01
4.148999999999999578e-06,1.688334494829177856e-01
4.150000000000000077e-06,-3.090170025825500488e-01
4.150999999999999729e-06,-7.159364819526672363e-01
4.152000000000000227e-06,-9.585217833518981934e-01
4.152999999999999879e-06,-9.810905456542968750e-01
4.154000000000000377e-06,-7.784622907638549805e-01
4.155000000000000029e-06,-3.971478939056396484e-01
4.155999999999999681e-06,7.532680779695510864e-02
4.157000000000000179e-06,5.305112004280090332e-01
4.157999999999999831e-06,8.639234304428100586e-01
4.159000000000000330e-06,9.990329146385192871e-01
4.159999999999999981e-06,9.048270583152770996e-01
4.160999999999999633e-06,6.029295325279235840e-01
4.162000000000000131e-06,1.626371592283248901e-01
4.162999999999999783e-06,-3.149865269660949707e-01
4.164000000000000282e-06,-7.203090190887451172e-01
4.164999999999999933e-06,-9.602937102317810059e-01
4.165999999999999585e-06,-9.798550605773925781e-01
4.167000000000000084e-06,-7.745030522346496582e-01
4.167999999999999735e-06,-3.913736641407012939e-01
4.169000000000000234e-06,8.159061521291732788e-02
4.169999999999999885e-06,5.358268022537231445e-01
4.171000000000000384e-06,8.670706748962402344e-01
4.172000000000000036e-06,9.992894530296325684e-01
4.172999999999999687e-06,9.021339416503906250e-01
4.174000000000000186e-06,5.979049801826477051e-01
4.174999999999999838e-06,1.564344614744186401e-01
4.176000000000000336e-06,-3.209436237812042236e-01
4.176999999999999988e-06,-7.246531248092651367e-01
4.177999999999999639e-06,-9.620276689529418945e-01
4.179000000000000138e-06,-9.785808920860290527e-01
4.179999999999999790e-06,-7.705132365226745605e-01
4.181000000000000288e-06,-3.855839967727661133e-01
4.181999999999999940e-06,8.785119652748107910e-02
4.182999999999999592e-06,5.411212444305419922e-01
4.184000000000000090e-06,8.701837658882141113e-01
4.184999999999999742e-06,9.995065331459045410e-01
4.186000000000000240e-06,8.994052410125732422e-01
4.186999999999999892e-06,5.928568243980407715e-01
4.188000000000000391e-06,1.502255946397781372e-01
4.189000000000000042e-06,-3.268880248069763184e-01
4.189999999999999694e-06,-7.289686203002929688e-01
4.191000000000000193e-06,-9.637236595153808594e-01
4.191999999999999844e-06,-9.772680997848510742e-01
4.193000000000000343e-06,-7.664930224418640137e-01
4.193999999999999994e-06,-3.797791004180908203e-01
4.194999999999999646e-06,9.410831332206726074e-02
4.196000000000000145e-06,5.463943481445312500e-01
4.196999999999999796e-06,8.732624650001525879e-01
4.198000000000000295e-06,9.996842145919799805e-01
4.198999999999999947e-06,8.966410160064697266e-01
4.199999999999999598e-06,5.877852439880371094e-01
4.201000000000000097e-06,1.440107822418212891e-01
4.201999999999999748e-06,-3.328195512294769287e-01
4.203000000000000247e-06,-7.332553267478942871e-01
4.203999999999999899e-06,-9.653816223144531250e-01
4.205000000000000397e-06,-9.759167432785034180e-01
4.206000000000000049e-06,-7.624425292015075684e-01
4.206999999999999701e-06,-3.739592134952545166e-01
4.208000000000000199e-06,1.003617122769355774e-01
4.208999999999999851e-06,5.516458749771118164e-01
4.210000000000000349e-06,8.763066530227661133e-01
4.211000000000000001e-06,9.998223781585693359e-01
4.211999999999999653e-06,8.938414454460144043e-01
4.213000000000000151e-06,5.826904773712158203e-01
4.213999999999999803e-06,1.377902925014495850e-01
4.215000000000000302e-06,-3.387379348278045654e-01
4.215999999999999953e-06,-7.375131249427795410e-01
4.216999999999999605e-06,-9.670014977455139160e-01
4.218000000000000103e-06,-9.745268821716308594e-01
4.218999999999999755e-06,-7.583619356155395508e-01
4.220000000000000254e-06,-3.681245446205139160e-01
4.220999999999999905e-06,1.066111549735069275e-01
4.222000000000000404e-06,5.568756461143493652e-01
4.223000000000000056e-06,8.793163299560546875e-01
4.223999999999999707e-06,9.999210238456726074e-01
4.225000000000000206e-06,8.910065293312072754e-01
4.225999999999999857e-06,5.775727033615112305e-01
4.227000000000000356e-06,1.315643638372421265e-01
4.228000000000000008e-06,-3.446429371833801270e-01
4.228999999999999659e-06,-7.417417764663696289e-01
4.230000000000000158e-06,-9.685831665992736816e-01
4.230999999999999810e-06,-9.730985164642333984e-01
4.232000000000000308e-06,-7.542513608932495117e-01
4.232999999999999960e-06,-3.622753620147705078e-01
4.233999999999999611e-06,1.128563880920410156e-01
4.235000000000000110e-06,5.620833635330200195e-01
4.235999999999999762e-06,8.822911977767944336e-01
4.237000000000000260e-06,9.999802708625793457e-01
4.237999999999999912e-06,8.881364464759826660e-01
4.239000000000000411e-06,5.724321007728576660e-01
4.240000000000000062e-06,1.253332346677780151e-01
4.240999999999999714e-06,-3.505343198776245117e-01
4.242000000000000212e-06,-7.459411621093750000e-01
4.242999999999999864e-06,-9.701265692710876465e-01
4.244000000000000363e-06,-9.716317057609558105e-01
4.245000000000000014e-06,-7.501110434532165527e-01
4.245999999999999666e-06,-3.564118742942810059e-01
4.247000000000000165e-06,1.190971583127975464e-01
4.247999999999999816e-06,5.672689676284790039e-01
4.249000000000000315e-06,8.852313160896301270e-01
4.249999999999999966e-06,1.000000000000000000e+00
4.250999999999999618e-06,8.852313160896301270e-01
4.252000000000000117e-06,5.672689676284790039e-01
4.252999999999999768e-06,1.190971583127975464e-01
4.254000000000000267e-06,-3.564118742942810059e-01
4.254999999999999919e-06,-7.501110434532165527e-01
4.256000000000000417e-06,-9.716317057609558105e-01
4.257000000000000069e-06,-9.701265692710876465e-01
4.257999999999999720e-06,-7.459411621093750000e-01
4.259000000000000219e-06,-3.505343198776245117e-01
4.259999999999999871e-06,1.253332346677780151e-01
4.261000000000000369e-06,5.724321007728576660e-01
4.262000000000000021e-06,8.881364464759826660e-01
4.262999999999999673e-06,9.999802708625793457e-01
4.264000000000000171e-06,8.822911977767944336e-01
4.264999999999999823e-06,5.620833635330200195e-01
4.266000000000000322e-06,1.128563880920410156e-01
4.266999999999999973e-06,-3.622753620147705078e-01
4.267999999999999625e-06,-7.542513608932495117e-01
4.269000000000000123e-06,-9.730985164642333984e-01
4.269999999999999775e-06,-9.685831665992736816e-01
4.271000000000000274e-06,-7.417417764663696289e-01
4.271999999999999925e-06,-3.446429371833801270e-01
4.272999999999999577e-06,1.315643638372421265e-01
4.274000000000000076e-06,5.775727033615112305e-01
4.274999999999999727e-06,8.910065293312072754e-01
4.276000000000000226e-06,9.999210238456726074e-01
4.276999999999999877e-06,8.793163299560546875e-01
4.278000000000000376e-06,5.568756461143493652e-01
4.279000000000000028e-06,1.066111549735069275e-01
4.279999999999999679e-06,-3.681245446205139160e-01
4.281000000000000178e-06,-7.583619356155395508e-01
4.281999999999999830e-06,-9.745268821716308594e-01
4.283000000000000328e-06,-9.670014977455139160e-01
4.283999999999999980e-06,-7.375131249427795410e-01
4.284999999999999631e-06,-3.387379348278045654e-01
4.286000000000000130e-06,1.377902925014495850e-01
4.286999999999999782e-06,5.826904773712158203e-01
4.288000000000000280e-06,8.938414454460144043e-01
4.288999999999999932e-06,9.998223781585693359e-01
4.289999999999999584e-06,8.763066530227661133e-01
4.291000000000000082e-06,5.516458749771118164e-01
4.291999999999999734e-06,1.003617122769355774e-01
4.293000000000000232e-06,-3.739592134952545166e-01
4.293999999999999884e-06,-7.624425292015075684e-01
4.295000000000000383e-06,-9.759167432785034180e-01
4.296000000000000034e-06,-9.653816223144531250e-01
4.296999999999999686e-06,-7.332553267478942871e-01
4.298000000000000185e-06,-3.328195512294769287e-01
4.298999999999999836e-06,1.440107822418212891e-01
4.300000000000000335e-06,5.877852439880371094e-01
4.300999999999999986e-06,8.966410160064697266e-01
4.301999999999999638e-06,9.996842145919799805e-01
4.303000000000000137e-06,8.732624650001525879e-01
4.303999999999999788e-06,5.463943481445312500e-01
4.305000000000000287e-06,9.410831332206726074e-02
4.305999999999999939e-06,-3.797791004180908203e-01
4.306999999999999590e-06,-7.664930224418640137e-01
4.308000000000000089e-06,-9.772680997848510742e-01
4.308999999999999740e-06,-9.637236595153808594e-01
4.310000000000000239e-06,-7.289686203002929688e-01
4.310999999999999891e-06,-3.268880248069763184e-01
4.312000000000000389e-06,1.502255946397781372e-01
4.313000000000000041e-06,5.928568243980407715e-01
4.313999999999999693e-06,8.994052410125732422e-01
4.315000000000000191e-06,9.995065331459045410e-01
4.315999999999999843e-06,8.701837658882141113e-01
4.317000000000000341e-06,5.411212444305419922e-01
4.317999999999999993e-06,8.785119652748107910e-02
4.318999999999999645e-06,-3.855839967727661133e-01
4.320000000000000143e-06,-7.705132365226745605e-01
4.320999999999999795e-06,-9.785808920860290527e-01
4.322000000000000294e-06,-9.620276689529418945e-01
4.322999999999999945e-06,-7.246531248092651367e-01
4.323999999999999597e-06,-3.209436237812042236e-01
4.325000000000000095e-06,1.564344614744186401e-01
4.325999999999999747e-06,5.979049801826477051e-01
4.327000000000000246e-06,9.021339416503906250e-01
4.327999999999999897e-06,9.992894530296325684e-01
4.329000000000000396e-06,8.670706748962402344e-01
4.330000000000000048e-06,5.358268022537231445e-01
4.330999999999999699e-06,8.159061521291732788e-02
4.332000000000000198e-06,-3.913736641407012939e-01
4.332999999999999849e-06,-7.745030522346496582e-01
4.334000000000000348e-06,-9.798550605773925781e-01
4.335000000000000000e-06,-9.602937102317810059e-01
4.335999999999999651e-06,-7.203090190887451172e-01
4.337000000000000150e-06,-3.149865269660949707e-01
4.337999999999999802e-06,1.626371592283248901e-01
4.339000000000000300e-06,6.029295325279235840e-01
4.339999999999999952e-06,9.048270583152770996e-01
4.340999999999999603e-06,9.990329146385192871e-01
4.342000000000000102e-06,8.639234304428100586e-01
4.342999999999999754e-06,5.305112004280090332e-01
4.344000000000000252e-06,7.532680779695510864e-02
4.344999999999999904e-06,-3.971478939056396484e-01
4.346000000000000403e-06,-7.784622907638549805e-01
4.347000000000000054e-06,-9.810905456542968750e-01
4.347999999999999706e-06,-9.585217833518981934e-01
4.349000000000000204e-06,-7.159364819526672363e-01
4.349999999999999856e-06,-3.090170025825500488e-01
4.351000000000000355e-06,1.688334494829177856e-01
4.352000000000000006e-06,6.079303026199340820e-01
4.352999999999999658e-06,9.074844121932983398e-01
4.354000000000000157e-06,9.987369775772094727e-01
4.354999999999999808e-06,8.607420325279235840e-01
4.356000000000000307e-06,5.251746177673339844e-01
4.356999999999999958e-06,6.906002759933471680e-02
4.357999999999999610e-06,-4.029064476490020752e-01
4.359000000000000109e-06,-7.823908329010009766e-01
4.359999999999999760e-06,-9.822872281074523926e-01
4.361000000000000259e-06,-9.567120671272277832e-01
4.361999999999999911e-06,-7.115356922149658203e-01
4.363000000000000409e-06,-3.030352592468261719e-01
4.364000000000000061e-06,1.750230640172958374e-01
4.364999999999999712e-06,6.129070520401000977e-01
4.366000000000000211e-06,9.101059436798095703e-01
4.366999999999999863e-06,9.984015226364135742e-01
4.368000000000000361e-06,8.575266599655151367e-01
4.369000000000000013e-06,5.198173522949218750e-01
4.369999999999999665e-06,6.279052048921585083e-02
4.371000000000000163e-06,-4.086490869522094727e-01
4.371999999999999815e-06,-7.862884402275085449e-01
4.373000000000000314e-06,-9.834452271461486816e-01
4.373999999999999965e-06,-9.548645615577697754e-01
4.374999999999999617e-06,-7.071067690849304199e-01
4.376000000000000115e-06,-2.970415949821472168e-01
4.376999999999999767e-06,1.812057644128799438e-01
4.378000000000000266e-06,6.178596019744873047e-01
4.378999999999999917e-06,9.126915931701660156e-01
4.380000000000000416e-06,9.980267286300659180e-01
4.381000000000000068e-06,8.542774319648742676e-01
4.381999999999999719e-06,5.144395232200622559e-01
4.383000000000000218e-06,5.651853606104850769e-02
4.383999999999999869e-06,-4.143755733966827393e-01
4.385000000000000368e-06,-7.901549935340881348e-01
4.386000000000000020e-06,-9.845643639564514160e-01
4.386999999999999671e-06,-9.529793262481689453e-01
4.388000000000000170e-06,-7.026499509811401367e-01
4.388999999999999822e-06,-2.910361588001251221e-01
4.390000000000000320e-06,1.873813122510910034e-01
4.390999999999999972e-06,6.227877736091613770e-01
4.391999999999999623e-06,9.152411818504333496e-01
4.393000000000000122e-06,9.976125359535217285e-01
4.393999999999999774e-06,8.509944677352905273e-01
4.395000000000000272e-06,5.090414285659790039e-01
4.395999999999999924e-06,5.024431645870208740e-02
4.397000000000000423e-06,-4.200857281684875488e-01
4.398000000000000074e-06,-7.939903736114501953e-01
4.398999999999999726e-06,-9.856445789337158203e-01
4.400000000000000224e-06,-9.510565400123596191e-01
4.400999999999999876e-06,-6.981654167175292969e-01
4.402000000000000375e-06,-2.850192487239837646e-01
4.403000000000000026e-06,1.935494691133499146e-01
4.403999999999999678e-06,6.276913881301879883e-01
4.405000000000000177e-06,9.177546501159667969e-01
4.405999999999999828e-06,9.971588850021362305e-01
4.407000000000000327e-06,8.476779460906982422e-01
4.407999999999999978e-06,5.036231875419616699e-01
4.408999999999999630e-06,4.396811872720718384e-02
4.410000000000000129e-06,-4.257792830467224121e-01
4.410999999999999780e-06,-7.977944612503051758e-01
4.412000000000000279e-06,-9.866859316825866699e-01
4.412999999999999931e-06,-9.490961432456970215e-01
4.413999999999999582e-06,-6.936532855033874512e-01
4.415000000000000081e-06,-2.789911031723022461e-01
4.415999999999999732e-06,1.997099816799163818e-01
4.417000000000000231e-06,6.325701475143432617e-01
4.417999999999999883e-06,9.202318191528320312e-01
4.419000000000000381e-06,9.966659545898437500e-01
4.420000000000000033e-06,8.443279266357421875e-01
4.420999999999999685e-06,4.981850981712341309e-01
4.422000000000000183e-06,3.769018128514289856e-02
4.422999999999999835e-06,-4.314560592174530029e-01
4.424000000000000333e-06,-8.015669584274291992e-01
4.424999999999999985e-06,-9.876883625984191895e-01
4.425999999999999637e-06,-9.470983147621154785e-01
4.427000000000000135e-06,-6.891137957572937012e-01
4.427999999999999787e-06,-2.729519307613372803e-01
4.429000000000000286e-06,2.058626115322113037e-01
4.429999999999999937e-06,6.374239921569824219e-01
4.430999999999999589e-06,9.226727485656738281e-01
4.432000000000000087e-06,9.961336255073547363e-01
4.432999999999999739e-06,8.409445881843566895e-01
4.434000000000000238e-06,4.927273392677307129e-01
4.434999999999999889e-06,3.141075745224952698e-02
4.436000000000000388e-06,-4.371157586574554443e-01
4.437000000000000040e-06,-8.053078651428222656e-01
4.437999999999999691e-06,-9.886517524719238281e-01
4.439000000000000190e-06,-9.450630545616149902e-01
4.439999999999999841e-06,-6.845471262931823730e-01
4.441000000000000340e-06,-2.669019997119903564e-01
4.441999999999999992e-06,2.120071053504943848e-01
4.442999999999999643e-06,6.422526240348815918e-01
4.444000000000000142e-06,9.250771999359130859e-01
4.444999999999999794e-06,9.955619573593139648e-01
4.446000000000000292e-06,8.375280499458312988e-01
4.446999999999999944e-06,4.872501194477081299e-01
4.447999999999999595e-06,2.513009496033191681e-02
4.449000000000000094e-06,-4.427582323551177979e-01
4.449999999999999746e-06,-8.090170025825500488e-01
4.451000000000000244e-06,-9.895761013031005859e-01
4.451999999999999896e-06,-9.429905414581298828e-01
4.453000000000000395e-06,-6.799533963203430176e-01
4.454000000000000046e-06,-2.608415186405181885e-01
4.454999999999999698e-06,2.181432396173477173e-01
4.456000000000000196e-06,6.470559835433959961e-01
4.456999999999999848e-06,9.274451732635498047e-01
4.458000000000000347e-06,9.949510097503662109e-01
4.458999999999999998e-06,8.340784311294555664e-01
4.459999999999999650e-06,4.817536771297454834e-01
4.461000000000000149e-06,1.884843967854976654e-02
4.461999999999999800e-06,-4.483832120895385742e-01
4.463000000000000299e-06,-8.126941919326782227e-01
4.463999999999999950e-06,-9.904614090919494629e-01
4.464999999999999602e-06,-9.408807754516601562e-01
4.466000000000000101e-06,-6.753327846527099609e-01
4.466999999999999752e-06,-2.547707259654998779e-01
4.468000000000000251e-06,2.242707610130310059e-01
4.468999999999999903e-06,6.518337130546569824e-01
4.470000000000000401e-06,9.297764897346496582e-01
4.471000000000000053e-06,9.943007826805114746e-01
4.471999999999999704e-06,8.305959105491638184e-01
4.473000000000000203e-06,4.762381911277770996e-01
4.473999999999999855e-06,1.256604027003049850e-02
4.475000000000000353e-06,-4.539904892444610596e-01
4.476000000000000005e-06,-8.163392543792724609e-01
4.476999999999999657e-06,-9.913076162338256836e-01
4.478000000000000155e-06,-9.387338757514953613e-01
4.478999999999999807e-06,-6.706855893135070801e-01
4.480000000000000305e-06,-2.486898899078369141e-01
4.480999999999999957e-06,2.303894311189651489e-01
4.481999999999999609e-06,6.565857529640197754e-01
4.483000000000000107e-06,9.320710897445678711e-01
4.483999999999999759e-06,9.936113357543945312e-01
4.485000000000000258e-06,8.270805478096008301e-01
4.485999999999999909e-06,4.707039296627044678e-01
4.487000000000000408e-06,6.283144000917673111e-03
4.488000000000000059e-06,-4.595798552036285400e-01
4.488999999999999711e-06,-8.199521303176879883e-01
4.490000000000000210e-06,-9.921147227287292480e-01
4.490999999999999861e-06,-9.365499019622802734e-01
4.492000000000000360e-06,-6.660118699073791504e-01
4.493000000000000012e-06,-2.425992339849472046e-01
4.493999999999999663e-06,2.364989966154098511e-01
4.495000000000000162e-06,6.613118648529052734e-01
4.495999999999999813e-06,9.343289136886596680e-01
4.497000000000000312e-06,9.928826093673706055e-01
4.497999999999999964e-06,8.235325813293457031e-01
4.498999999999999615e-06,4.651510715484619141e-01
4.500000000000000114e-06,-1.460583634290205102e-13
4.500999999999999766e-06,-4.651510715484619141e-01
4.502000000000000264e-06,-8.235325813293457031e-01
4.502999999999999916e-06,-9.928826093673706055e-01
4.504000000000000415e-06,-9.343289136886596680e-01
4.505000000000000066e-06,-6.613118648529052734e-01
4.505999999999999718e-06,-2.364989966154098511e-01
4.507000000000000216e-06,2.425992339849472046e-01
4.507999999999999868e-06,6.660118699073791504e-01
4.509000000000000367e-06,9.365499019622802734e-01
4.510000000000000018e-06,9.921147227287292480e-01
4.510999999999999670e-06,8.199521303176879883e-01
4.512000000000000169e-06,4.595798552036285400e-01
4.512999999999999820e-06,-6.283144000917673111e-03
4.514000000000000319e-06,-4.707039296627044678e-01
4.514999999999999970e-06,-8.270805478096008301e-01
4.515999999999999622e-06,-9.936113357543945312e-01
4.517000000000000121e-06,-9.320710897445678711e-01
4.517999999999999772e-06,-6.565857529640197754e-01
4.519000000000000271e-06,-2.303894311189651489e-01
4.519999999999999923e-06,2.486898899078369141e-01
4.521000000000000421e-06,6.706855893135070801e-01
4.522000000000000073e-06,9.387338757514953613e-01
4.522999999999999724e-06,9.913076162338256836e-01
4.524000000000000223e-06,8.163392543792724609e-01
4.524999999999999875e-06,4.539904892444610596e-01
4.526000000000000373e-06,-1.256604027003049850e-02
4.527000000000000025e-06,-4.762381911277770996e-01
4.527999999999999677e-06,-8.305959105491638184e-01
4.529000000000000175e-06,-9.943007826805114746e-01
4.529999999999999827e-06,-9.297764897346496582e-01
4.531000000000000325e-06,-6.518337130546569824e-01
4.531999999999999977e-06,-2.242707610130310059e-01
4.532999999999999629e-06,2.547707259654998779e-01
4.534000000000000127e-06,6.753327846527099609e-01
4.534999999999999779e-06,9.408807754516601562e-01
4.536000000000000278e-06,9.904614090919494629e-01
4.536999999999999929e-06,8.126941919326782227e-01
4.537999999999999581e-06,4.483832120895385742e-01
4.539000000000000079e-06,-1.884843967854976654e-02
4.539999999999999731e-06,-4.817536771297454834e-01
4.541000000000000230e-06,-8.340784311294555664e-01
4.541999999999999881e-06,-9.949510097503662109e-01
4.543000000000000380e-06,-9.274451732635498047e-01
4.544000000000000032e-06,-6.470559835433959961e-01
4.544999999999999683e-06,-2.181432396173477173e-01
4.546000000000000182e-06,2.608415186405181885e-01
4.546999999999999833e-06,6.799533963203430176e-01
4.548000000000000332e-06,9.429905414581298828e-01
4.548999999999999984e-06,9.895761013031005859e-01
4.549999999999999635e-06,8.090170025825500488e-01
4.551000000000000134e-06,4.427582323551177979e-01
4.551999999999999786e-06,-2.513009496033191681e-02
4.553000000000000284e-06,-4.872501194477081299e-01
4.553999999999999936e-06,-8.375280499458312988e-01
4.554999999999999587e-06,-9.955619573593139648e-01
4.556000000000000086e-06,-9.250771999359130859e-01
4.556999999999999738e-06,-6.422526240348815918e-01
4.558000000000000236e-06,-2.120071053504943848e-01
4.558999999999999888e-06,2.669019997119903564e-01
4.560000000000000387e-06,6.845471262931823730e-01
4.561000000000000038e-06,9.450630545616149902e-01
4.561999999999999690e-06,9.886517524719238281e-01
4.563000000000000188e-06,8.053078651428222656e-01
4.563999999999999840e-06,4.371157586574554443e-01
4.565000000000000339e-06,-3.141075745224952698e-02
4.565999999999999990e-06,-4.927273392677307129e-01
4.566999999999999642e-06,-8.409445881843566895e-01
4.568000000000000141e-06,-9.961336255073547363e-01
4.568999999999999792e-06,-9.226727485656738281e-01
4.570000000000000291e-06,-6.374239921569824219e-01
4.570999999999999942e-06,-2.058626115322113037e-01
4.571999999999999594e-06,2.729519307613372803e-01
4.573000000000000093e-06,6.891137957572937012e-01
4.573999999999999744e-06,9.470983147621154785e-01
4.575000000000000243e-06,9.876883625984191895e-01
4.575999999999999895e-06,8.015669584274291992e-01
4.577000000000000393e-06,4.314560592174530029e-01
4.578000000000000045e-06,-3.769018128514289856e-02
4.578999999999999696e-06,-4.981850981712341309e-01
4.580000000000000195e-06,-8.443279266357421875e-01
4.580999999999999847e-06,-9.966659545898437500e-01
4.582000000000000345e-06,-9.202318191528320312e-01
4.582999999999999997e-06,-6.325701475143432617e-01
4.583999999999999649e-06,-1.997099816799163818e-01
4.585000000000000147e-06,2.789911031723022461e-01
4.585999999999999799e-06,6.936532855033874512e-01
4.587000000000000297e-06,9.490961432456970215e-01
4.587999999999999949e-06,9.866859316825866699e-01
4.588999999999999601e-06,7.977944612503051758e-01
4.590000000000000099e-06,4.257792830467224121e-01
4.590999999999999751e-06,-4.396811872720718384e-02
4.592000000000000250e-06,-5.036231875419616699e-01
4.592999999999999901e-06,-8.476779460906982422e-01
4.594000000000000400e-06,-9.971588850021362305e-01
4.595000000000000051e-06,-9.177546501159667969e-01
4.595999999999999703e-06,-6.276913881301879883e-01
4.597000000000000202e-06,-1.935494691133499146e-01
4.597999999999999853e-06,2.850192487239837646e-01
4.599000000000000352e-06,6.981654167175292969e-01
4.600000000000000004e-06,9.510565400123596191e-01
4.600999999999999655e-06,9.856445789337158203e-01
4.602000000000000154e-06,7.939903736114501953e-01
4.602999999999999805e-06,4.200857281684875488e-01
4.604000000000000304e-06,-5.024431645870208740e-02
4.604999999999999956e-06,-5.090414285659790039e-01
4.605999999999999607e-06,-8.509944677352905273e-01
4.607000000000000106e-06,-9.976125359535217285e-01
4.607999999999999758e-06,-9.152411818504333496e-01
4.609000000000000256e-06,-6.227877736091613770e-01
4.609999999999999908e-06,-1.873813122510910034e-01
4.611000000000000407e-06,2.910361588001251221e-01
4.612000000000000058e-06,7.026499509811401367e-01
4.612999999999999710e-06,9.529793262481689453e-01
4.614000000000000208e-06,9.845643639564514160e-01
4.614999999999999860e-06,7.901549935340881348e-01
4.616000000000000359e-06,4.143755733966827393e-01
4.617000000000000010e-06,-5.651853606104850769e-02
4.617999999999999662e-06,-5.144395232200622559e-01
4.619000000000000160e-06,-8.542774319648742676e-01
4.619999999999999812e-06,-9.980267286300659180e-01
4.621000000000000311e-06,-9.126915931701660156e-01
4.621999999999999962e-06,-6.178596019744873047e-01
4.622999999999999614e-06,-1.812057644128799438e-01
4.624000000000000113e-06,2.970415949821472168e-01
4.624999999999999764e-06,7.071067690849304199e-01
4.626000000000000263e-06,9.548645615577697754e-01
4.626999999999999914e-06,9.834452271461486816e-01
4.628000000000000413e-06,7.862884402275085449e-01
4.629000000000000065e-06,4.086490869522094727e-01
4.629999999999999716e-06,-6.279052048921585083e-02
4.631000000000000215e-06,-5.198173522949218750e-01
4.631999999999999867e-06,-8.575266599655151367e-01
4.633000000000000365e-06,-9.984015226364135742e-01
4.634000000000000017e-06,-9.101059436798095703e-01
4.634999999999999668e-06,-6.129070520401000977e-01
4.636000000000000167e-06,-1.750230640172958374e-01
4.636999999999999819e-06,3.030352592468261719e-01
4.638000000000000317e-06,7.115356922149658203e-01
4.638999999999999969e-06,9.567120671272277832e-01
4.639999999999999621e-06,9.822872281074523926e-01
4.641000000000000119e-06,7.823908329010009766e-01
4.641999999999999771e-06,4.029064476490020752e-01
4.643000000000000270e-06,-6.906002759933471680e-02
4.643999999999999921e-06,-5.251746177673339844e-01
4.645000000000000420e-06,-8.607420325279235840e-01
4.646000000000000071e-06,-9.987369775772094727e-01
4.646999999999999723e-06,-9.074844121932983398e-01
4.648000000000000222e-06,-6.079303026199340820e-01
4.648999999999999873e-06,-1.688334494829177856e-01
4.650000000000000372e-06,3.090170025825500488e-01
4.651000000000000024e-06,7.159364819526672363e-01
4.651999999999999675e-06,9.585217833518981934e-01
4.653000000000000174e-06,9.810905456542968750e-01
4.653999999999999825e-06,7.784622907638549805e-01
4.655000000000000324e-06,3.971478939056396484e-01
4.655999999999999976e-06,-7.532680779695510864e-02
4.656999999999999627e-06,-5.305112004280090332e-01
4.658000000000000126e-06,-8.639234304428100586e-01
4.658999999999999778e-06,-9.990329146385192871e-01
4.660000000000000276e-06,-9.048270583152770996e-01
4.660999999999999928e-06,-6.029295325279235840e-01
4.661999999999999579e-06,-1.626371592283248901e-01
4.663000000000000078e-06,3.149865269660949707e-01
4.663999999999999730e-06,7.203090190887451172e-01
4.665000000000000228e-06,9.602937102317810059e-01
4.665999999999999880e-06,9.798550605773925781e-01
4.667000000000000379e-06,7.745030522346496582e-01
4.668000000000000030e-06,3.913736641407012939e-01
4.668999999999999682e-06,-8.159061521291732788e-02
4.670000000000000180e-06,-5.358268022537231445e-01
4.670999999999999832e-06,-8.670706748962402344e-01
4.672000000000000331e-06,-9.992894530296325684e-01
4.672999999999999982e-06,-9.021339416503906250e-01
4.673999999999999634e-06,-5.979049801826477051e-01
4.675000000000000133e-06,-1.564344614744186401e-01
4.675999999999999784e-06,3.209436237812042236e-01
4.677000000000000283e-06,7.246531248092651367e-01
4.677999999999999934e-06,9.620276689529418945e-01
4.678999999999999586e-06,9.785808920860290527e-01
4.680000000000000085e-06,7.705132365226745605e-01
4.680999999999999736e-06,3.855839967727661133e-01
4.682000000000000235e-06,-8.785119652748107910e-02
4.682999999999999887e-06,-5.411212444305419922e-01
4.684000000000000385e-06,-8.701837658882141113e-01
4.685000000000000037e-06,-9.995065331459045410e-01
4.685999999999999688e-06,-8.994052410125732422e-01
4.687000000000000187e-06,-5.928568243980407715e-01
4.687999999999999839e-06,-1.502255946397781372e-01
4.689000000000000337e-06,3.268880248069763184e-01
4.689999999999999989e-06,7.289686203002929688e-01
4.690999999999999641e-06,9.637236595153808594e-01
4.692000000000000139e-06,9.772680997848510742e-01
4.692999999999999791e-06,7.664930224418640137e-01
4.694000000000000289e-06,3.797791004180908203e-01
4.694999999999999941e-06,-9.410831332206726074e-02
4.695999999999999593e-06,-5.463943481445312500e-01
4.697000000000000091e-06,-8.732624650001525879e-01
4.697999999999999743e-06,-9.996842145919799805e-01
4.699000000000000242e-06,-8.966410160064697266e-01
4.699999999999999893e-06,-5.877852439880371094e-01
4.701000000000000392e-06,-1.440107822418212891e-01
4.702000000000000043e-06,3.328195512294769287e-01
4.702999999999999695e-06,7.332553267478942871e-01
4.704000000000000194e-06,9.653816223144531250e-01
4.704999999999999845e-06,9.759167432785034180e-01
4.706000000000000344e-06,7.624425292015075684e-01
4.706999999999999996e-06,3.739592134952545166e-01
4.707999999999999647e-06,-1.003617122769355774e-01
4.709000000000000146e-06,-5.516458749771118164e-01
4.709999999999999797e-06,-8.763066530227661133e-01
4.711000000000000296e-06,-9.998223781585693359e-01
4.711999999999999948e-06,-8.938414454460144043e-01
4.712999999999999599e-06,-5.826904773712158203e-01
4.714000000000000098e-06,-1.377902925014495850e-01
4.714999999999999750e-06,3.387379348278045654e-01
4.716000000000000248e-06,7.375131249427795410e-01
4.716999999999999900e-06,9.670014977455139160e-01
4.718000000000000398e-06,9.745268821716308594e-01
4.719000000000000050e-06,7.583619356155395508e-01
4.719999999999999702e-06,3.681245446205139160e-01
4.721000000000000200e-06,-1.066111549735069275e-01
4.721999999999999852e-06,-5.568756461143493652e-01
4.723000000000000351e-06,-8.793163299560546875e-01
4.724000000000000002e-06,-9.999210238456726074e-01
4.724999999999999654e-06,-8.910065293312072754e-01
4.726000000000000152e-06,-5.775727033615112305e-01
4.726999999999999804e-06,-1.315643638372421265e-01
4.728000000000000303e-06,3.446429371833801270e-01
4.728999999999999954e-06,7.417417764663696289e-01
4.729999999999999606e-06,9.685831665992736816e-01
4.731000000000000105e-06,9.730985164642333984e-01
4.731999999999999756e-06,7.542513608932495117e-01
4.733000000000000255e-06,3.622753620147705078e-01
4.733999999999999906e-06,-1.128563880920410156e-01
4.735000000000000405e-06,-5.620833635330200195e-01
4.736000000000000057e-06,-8.822911977767944336e-01
4.736999999999999708e-06,-9.999802708625793457e-01
4.738000000000000207e-06,-8.881364464759826660e-01
4.738999999999999859e-06,-5.724321007728576660e-01
4.740000000000000357e-06,-1.253332346677780151e-01
4.741000000000000009e-06,3.505343198776245117e-01
4.741999999999999660e-06,7.459411621093750000e-01
4.743000000000000159e-06,9.701265692710876465e-01
4.743999999999999811e-06,9.716317057609558105e-01
4.745000000000000309e-06,7.501110434532165527e-01
4.745999999999999961e-06,3.564118742942810059e-01
4.746999999999999613e-06,-1.190971583127975464e-01
4.748000000000000111e-06,-5.672689676284790039e-01
4.748999999999999763e-06,-8.852313160896301270e-01
4.750000000000000262e-06,-1.000000000000000000e+00
4.750999999999999913e-06,-8.852313160896301270e-01
4.752000000000000412e-06,-5.672689676284790039e-01
4.753000000000000063e-06,-1.190971583127975464e-01
4.753999999999999715e-06,3.564118742942810059e-01
4.755000000000000214e-06,7.501110434532165527e-01
4.755999999999999865e-06,9.716317057609558105e-01
4.757000000000000364e-06,9.701265692710876465e-01
4.758000000000000016e-06,7.459411621093750000e-01
4.758999999999999667e-06,3.505343198776245117e-01
4.760000000000000166e-06,-1.253332346677780151e-01
4.760999999999999817e-06,-5.724321007728576660e-01
4.762000000000000316e-06,-8.881364464759826660e-01
4.762999999999999968e-06,-9.999802708625793457e-01
4.763999999999999619e-06,-8.822911977767944336e-01
4.765000000000000118e-06,-5.620833635330200195e-01
4.765999999999999770e-06,-1.128563880920410156e-01
4.767000000000000268e-06,3.622753620147705078e-01
4.767999999999999920e-06,7.542513608932495117e-01
4.769000000000000418e-06,9.730985164642333984e-01
4.770000000000000070e-06,9.685831665992736816e-01
4.770999999999999722e-06,7.417417764663696289e-01
4.772000000000000220e-06,3.446429371833801270e-01
4.772999999999999872e-06,-1.315643638372421265e-01
4.774000000000000371e-06,-5.775727033615112305e-01
4.775000000000000022e-06,-8.910065293312072754e-01
4.775999999999999674e-06,-9.999210238456726074e-01
4.777000000000000172e-06,-8.793163299560546875e-01
4.777999999999999824e-06,-5.568756461143493652e-01
4.779000000000000323e-06,-1.066111549735069275e-01
4.779999999999999974e-06,3.681245446205139160e-01
4.780999999999999626e-06,7.583619356155395508e-01
4.782000000000000125e-06,9.745268821716308594e-01
4.782999999999999776e-06,9.670014977455139160e-01
4.784000000000000275e-06,7.375131249427795410e-01
4.784999999999999926e-06,3.387379348278045654e-01
4.785999999999999578e-06,-1.377902925014495850e-01
4.787000000000000077e-06,-5.826904773712158203e-01
4.787999999999999728e-06,-8.938414454460144043e-01
4.789000000000000227e-06,-9.998223781585693359e-01
4.789999999999999879e-06,-8.763066530227661133e-01
4.791000000000000377e-06,-5.516458749771118164e-01
4.792000000000000029e-06,-1.003617122769355774e-01
4.792999999999999680e-06,3.739592134952545166e-01
4.794000000000000179e-06,7.624425292015075684e-01
4.794999999999999831e-06,9.759167432785034180e-01
4.796000000000000329e-06,9.653816223144531250e-01
4.796999999999999981e-06,7.332553267478942871e-01
4.797999999999999633e-06,3.328195512294769287e-01
4.799000000000000131e-06,-1.440107822418212891e-01
4.799999999999999783e-06,-5.877852439880371094e-01
4.801000000000000281e-06,-8.966410160064697266e-01
4.801999999999999933e-06,-9.996842145919799805e-01
4.802999999999999585e-06,-8.732624650001525879e-01
4.804000000000000083e-06,-5.463943481445312500e-01
4.804999999999999735e-06,-9.410831332206726074e-02
4.806000000000000234e-06,3.797791004180908203e-01
4.806999999999999885e-06,7.664930224418640137e-01
4.808000000000000384e-06,9.772680997848510742e-01
4.809000000000000035e-06,9.637236595153808594e-01
4.809999999999999687e-06,7.289686203002929688e-01
4.811000000000000186e-06,3.268880248069763184e-01
4.811999999999999837e-06,-1.502255946397781372e-01
4.813000000000000336e-06,-5.928568243980407715e-01
4.813999999999999988e-06,-8.994052410125732422e-01
4.814999999999999639e-06,-9.995065331459045410e-01
4.816000000000000138e-06,-8.701837658882141113e-01
4.816999999999999789e-06,-5.411212444305419922e-01
4.818000000000000288e-06,-8.785119652748107910e-02
4.818999999999999940e-06,3.855839967727661133e-01
4.819999999999999591e-06,7.705132365226745605e-01
4.821000000000000090e-06,9.785808920860290527e-01
4.821999999999999742e-06,9.620276689529418945e-01
4.823000000000000240e-06,7.246531248092651367e-01
4.823999999999999892e-06,3.209436237812042236e-01
4.825000000000000390e-06,-1.564344614744186401e-01
4.826000000000000042e-06,-5.979049801826477051e-01
4.826999999999999694e-06,-9.021339416503906250e-01
4.828000000000000192e-06,-9.992894530296325684e-01
4.828999999999999844e-06,-8.670706748962402344e-01
4.830000000000000343e-06,-5.358268022537231445e-01
4.830999999999999994e-06,-8.159061521291732788e-02
4.831999999999999646e-06,3.913736641407012939e-01
4.833000000000000144e-06,7.745030522346496582e-01
4.833999999999999796e-06,9.798550605773925781e-01
4.835000000000000295e-06,9.602937102317810059e-01
4.835999999999999946e-06,7.203090190887451172e-01
4.836999999999999598e-06,3.149865269660949707e-01
4.838000000000000097e-06,-1.626371592283248901e-01
4.838999999999999748e-06,-6.029295325279235840e-01
4.840000000000000247e-06,-9.048270583152770996e-01
4.840999999999999898e-06,-9.990329146385192871e-01
4.842000000000000397e-06,-8.639234304428100586e-01
4.843000000000000049e-06,-5.305112004280090332e-01
4.843999999999999700e-06,-7.532680779695510864e-02
4.845000000000000199e-06,3.971478939056396484e-01
4.845999999999999851e-06,7.784622907638549805e-01
4.847000000000000349e-06,9.810905456542968750e-01
4.848000000000000001e-06,9.585217833518981934e-01
4.848999999999999652e-06,7.159364819526672363e-01
4.850000000000000151e-06,3.090170025825500488e-01
4.850999999999999803e-06,-1.688334494829177856e-01
4.852000000000000301e-06,-6.079303026199340820e-01
4.852999999999999953e-06,-9.074844121932983398e-01
4.853999999999999605e-06,-9.987369775772094727e-01
4.855000000000000103e-06,-8.607420325279235840e-01
4.855999999999999755e-06,-5.251746177673339844e-01
4.857000000000000253e-06,-6.906002759933471680e-02
4.857999999999999905e-06,4.029064476490020752e-01
4.859000000000000404e-06,7.823908329010009766e-01
4.860000000000000055e-06,9.822872281074523926e-01
4.860999999999999707e-06,9.567120671272277832e-01
4.862000000000000206e-06,7.115356922149658203e-01
4.862999999999999857e-06,3.030352592468261719e-01
4.864000000000000356e-06,-1.750230640172958374e-01
4.865000000000000007e-06,-6.129070520401000977e-01
4.865999999999999659e-06,-9.101059436798095703e-01
4.867000000000000158e-06,-9.984015226364135742e-01
4.867999999999999809e-06,-8.575266599655151367e-01
4.869000000000000308e-06,-5.198173522949218750e-01
4.869999999999999960e-06,-6.279052048921585083e-02
4.870999999999999611e-06,4.086490869522094727e-01
4.872000000000000110e-06,7.862884402275085449e-01
4.872999999999999761e-06,9.834452271461486816e-01
4.874000000000000260e-06,9.548645615577697754e-01
4.874999999999999912e-06,7.071067690849304199e-01
4.876000000000000410e-06,2.970415949821472168e-01
4.877000000000000062e-06,-1.812057644128799438e-01
4.877999999999999714e-06,-6.178596019744873047e-01
4.879000000000000212e-06,-9.126915931701660156e-01
4.879999999999999864e-06,-9.980267286300659180e-01
4.881000000000000363e-06,-8.542774319648742676e-01
4.882000000000000014e-06,-5.144395232200622559e-01
4.882999999999999666e-06,-5.651853606104850769e-02
4.884000000000000164e-06,4.143755733966827393e-01
4.884999999999999816e-06,7.901549935340881348e-01
4.886000000000000315e-06,9.845643639564514160e-01
4.886999999999999966e-06,9.529793262481689453e-01
4.887999999999999618e-06,7.026499509811401367e-01
4.889000000000000117e-06,2.910361588001251221e-01
4.889999999999999768e-06,-1.873813122510910034e-01
4.891000000000000267e-06,-6.227877736091613770e-01
4.891999999999999918e-06,-9.152411818504333496e-01
4.893000000000000417e-06,-9.976125359535217285e-01
4.894000000000000069e-06,-8.509944677352905273e-01
4.894999999999999720e-06,-5.090414285659790039e-01
4.896000000000000219e-06,-5.024431645870208740e-02
4.896999999999999871e-06,4.200857281684875488e-01
4.898000000000000369e-06,7.939903736114501953e-01
4.899000000000000021e-06,9.856445789337158203e-01
4.899999999999999672e-06,9.510565400123596191e-01
4.901000000000000171e-06,6.981654167175292969e-01
4.901999999999999823e-06,2.850192487239837646e-01
4.903000000000000321e-06,-1.935494691133499146e-01
4.903999999999999973e-06,-6.276913881301879883e-01
4.904999999999999625e-06,-9.177546501159667969e-01
4.906000000000000123e-06,-9.971588850021362305e-01
4.906999999999999775e-06,-8.476779460906982422e-01
4.908000000000000273e-06,-5.036231875419616699e-01
4.908999999999999925e-06,-4.396811872720718384e-02
4.909999999999999577e-06,4.257792830467224121e-01
4.911000000000000075e-06,7.977944612503051758e-01
4.911999999999999727e-06,9.866859316825866699e-01
4.913000000000000226e-06,9.490961432456970215e-01
4.913999999999999877e-06,6.936532855033874512e-01
4.915000000000000376e-06,2.789911031723022461e-01
4.916000000000000027e-06,-1.997099816799163818e-01
4.916999999999999679e-06,-6.325701475143432617e-01
4.918000000000000178e-06,-9.202318191528320312e-01
4.918999999999999829e-06,-9.966659545898437500e-01
4.920000000000000328e-06,-8.443279266357421875e-01
4.920999999999999980e-06,-4.981850981712341309e-01
4.921999999999999631e-06,-3.769018128514289856e-02
4.923000000000000130e-06,4.314560592174530029e-01
4.923999999999999781e-06,8.015669584274291992e-01
4.925000000000000280e-06,9.876883625984191895e-01
4.925999999999999932e-06,9.470983147621154785e-01
4.926999999999999583e-06,6.891137957572937012e-01
4.928000000000000082e-06,2.729519307613372803e-01
4.928999999999999734e-06,-2.058626115322113037e-01
4.930000000000000232e-06,-6.374239921569824219e-01
4.930999999999999884e-06,-9.226727485656738281e-01
4.932000000000000382e-06,-9.961336255073547363e-01
4.933000000000000034e-06,-8.409445881843566895e-01
4.933999999999999686e-06,-4.927273392677307129e-01
4.935000000000000184e-06,-3.141075745224952698e-02
4.935999999999999836e-06,4.371157586574554443e-01
4.937000000000000335e-06,8.053078651428222656e-01
4.937999999999999986e-06,9.886517524719238281e-01
4.938999999999999638e-06,9.450630545616149902e-01
4.940000000000000136e-06,6.845471262931823730e-01
4.940999999999999788e-06,2.669019997119903564e-01
4.942000000000000287e-06,-2.120071053504943848e-01
4.942999999999999938e-06,-6.422526240348815918e-01
4.943999999999999590e-06,-9.250771999359130859e-01
4.945000000000000089e-06,-9.955619573593139648e-01
4.945999999999999740e-06,-8.375280499458312988e-01
4.947000000000000239e-06,-4.872501194477081299e-01
4.947999999999999890e-06,-2.513009496033191681e-02
4.949000000000000389e-06,4.427582323551177979e-01
4.950000000000000041e-06,8.090170025825500488e-01
4.950999999999999692e-06,9.895761013031005859e-01
4.952000000000000191e-06,9.429905414581298828e-01
4.952999999999999843e-06,6.799533963203430176e-01
4.954000000000000341e-06,2.608415186405181885e-01
4.954999999999999993e-06,-2.181432396173477173e-01
4.955999999999999644e-06,-6.470559835433959961e-01
4.957000000000000143e-06,-9.274451732635498047e-01
4.957999999999999795e-06,-9.949510097503662109e-01
4.959000000000000293e-06,-8.340784311294555664e-01
4.959999999999999945e-06,-4.817536771297454834e-01
4.960999999999999597e-06,-1.884843967854976654e-02
4.962000000000000095e-06,4.483832120895385742e-01
4.962999999999999747e-06,8.126941919326782227e-01
4.964000000000000245e-06,9.904614090919494629e-01
4.964999999999999897e-06,9.408807754516601562e-01
4.966000000000000396e-06,6.753327846527099609e-01
4.967000000000000047e-06,2.547707259654998779e-01
4.967999999999999699e-06,-2.242707610130310059e-01
4.969000000000000198e-06,-6.518337130546569824e-01
4.969999999999999849e-06,-9.297764897346496582e-01
4.971000000000000348e-06,-9.943007826805114746e-01
4.971999999999999999e-06,-8.305959105491638184e-01
4.972999999999999651e-06,-4.762381911277770996e-01
4.974000000000000150e-06,-1.256604027003049850e-02
4.974999999999999801e-06,4.539904892444610596e-01
4.976000000000000300e-06,8.163392543792724609e-01
4.976999999999999952e-06,9.913076162338256836e-01
4.977999999999999603e-06,9.387338757514953613e-01
4.979000000000000102e-06,6.706855893135070801e-01
4.979999999999999753e-06,2.486898899078369141e-01
4.981000000000000252e-06,-2.303894311189651489e-01
4.981999999999999904e-06,-6.565857529640197754e-01
4.983000000000000402e-06,-9.320710897445678711e-01
4.984000000000000054e-06,-9.936113357543945312e-01
4.984999999999999706e-06,-8.270805478096008301e-01
4.986000000000000204e-06,-4.707039296627044678e-01
4.986999999999999856e-06,-6.283144000917673111e-03
4.988000000000000355e-06,4.595798552036285400e-01
4.989000000000000006e-06,8.199521303176879883e-01
4.989999999999999658e-06,9.921147227287292480e-01
4.991000000000000156e-06,9.365499019622802734e-01
4.991999999999999808e-06,6.660118699073791504e-01
4.993000000000000307e-06,2.425992339849472046e-01
4.993999999999999958e-06,-2.364989966154098511e-01
4.994999999999999610e-06,-6.613118648529052734e-01
4.996000000000000108e-06,-9.343289136886596680e-01
4.996999999999999760e-06,-9.928826093673706055e-01
4.998000000000000259e-06,-8.235325813293457031e-01
4.998999999999999910e-06,-4.651510715484619141e-01
5.000000000000000409e-06,1.117595870448601092e-13
5.001000000000000061e-06,4.651510715484619141e-01
5.001999999999999712e-06,8.235325813293457031e-01
5.003000000000000211e-06,9.928826093673706055e-01
5.003999999999999862e-06,9.343289136886596680e-01
5.005000000000000361e-06,6.613118648529052734e-01
5.006000000000000013e-06,2.364989966154098511e-01
5.006999999999999664e-06,-2.425992339849472046e-01
5.008000000000000163e-06,-6.660118699073791504e-01
5.008999999999999815e-06,-9.365499019622802734e-01
5.010000000000000313e-06,-9.921147227287292480e-01
5.010999999999999965e-06,-8.199521303176879883e-01
5.011999999999999616e-06,-4.595798552036285400e-01
5.013000000000000115e-06,6.283144000917673111e-03
5.013999999999999767e-06,4.707039296627044678e-01
5.015000000000000265e-06,8.270805478096008301e-01
5.015999999999999917e-06,9.936113357543945312e-01
5.017000000000000416e-06,9.320710897445678711e-01
5.018000000000000067e-06,6.565857529640197754e-01
5.018999999999999719e-06,2.303894311189651489e-01
5.020000000000000218e-06,-2.486898899078369141e-01
5.020999999999999869e-06,-6.706855893135070801e-01
5.022000000000000368e-06,-9.387338757514953613e-01
5.023000000000000019e-06,-9.913076162338256836e-01
5.023999999999999671e-06,-8.163392543792724609e-01
5.025000000000000170e-06,-4.539904892444610596e-01
5.025999999999999821e-06,1.256604027003049850e-02
5.027000000000000320e-06,4.762381911277770996e-01
5.027999999999999972e-06,8.305959105491638184e-01
5.028999999999999623e-06,9.943007826805114746e-01
5.030000000000000122e-06,9.297764897346496582e-01
5.030999999999999773e-06,6.518337130546569824e-01
5.032000000000000272e-06,2.242707610130310059e-01
5.032999999999999924e-06,-2.547707259654998779e-01
5.034000000000000422e-06,-6.753327846527099609e-01
5.035000000000000074e-06,-9.408807754516601562e-01
5.035999999999999726e-06,-9.904614090919494629e-01
5.037000000000000224e-06,-8.126941919326782227e-01
5.037999999999999876e-06,-4.483832120895385742e-01
5.039000000000000374e-06,1.884843967854976654e-02
5.040000000000000026e-06,4.817536771297454834e-01
5.040999999999999678e-06,8.340784311294555664e-01
5.042000000000000176e-06,9.949510097503662109e-01
5.042999999999999828e-06,9.274451732635498047e-01
5.044000000000000327e-06,6.470559835433959961e-01
5.044999999999999978e-06,2.181432396173477173e-01
5.045999999999999630e-06,-2.608415186405181885e-01
5.047000000000000128e-06,-6.799533963203430176e-01
5.047999999999999780e-06,-9.429905414581298828e-01
5.049000000000000279e-06,-9.895761013031005859e-01
5.049999999999999930e-06,-8.090170025825500488e-01
5.050999999999999582e-06,-4.427582323551177979e-01
5.052000000000000081e-06,2.513009496033191681e-02
5.052999999999999732e-06,4.872501194477081299e-01
5.054000000000000231e-06,8.375280499458312988e-01
5.054999999999999882e-06,9.955619573593139648e-01
5.056000000000000381e-06,9.250771999359130859e-01
5.057000000000000033e-06,6.422526240348815918e-01
5.057999999999999684e-06,2.120071053504943848e-01
5.059000000000000183e-06,-2.669019997119903564e-01
5.059999999999999835e-06,-6.845471262931823730e-01
5.061000000000000333e-06,-9.450630545616149902e-01
5.061999999999999985e-06,-9.886517524719238281e-01
5.062999999999999636e-06,-8.053078651428222656e-01
5.064000000000000135e-06,-4.371157586574554443e-01
5.064999999999999787e-06,3.141075745224952698e-02
5.066000000000000285e-06,4.927273392677307129e-01
5.066999999999999937e-06,8.409445881843566895e-01
5.067999999999999589e-06,9.961336255073547363e-01
5.069000000000000087e-06,9.226727485656738281e-01
5.069999999999999739e-06,6.374239921569824219e-01
5.071000000000000237e-06,2.058626115322113037e-01
5.071999999999999889e-06,-2.729519307613372803e-01
5.073000000000000388e-06,-6.891137957572937012e-01
5.074000000000000039e-06,-9.470983147621154785e-01
5.074999999999999691e-06,-9.876883625984191895e-01
5.076000000000000190e-06,-8.015669584274291992e-01
5.076999999999999841e-06,-4.314560592174530029e-01
5.078000000000000340e-06,3.769018128514289856e-02
5.078999999999999991e-06,4.981850981712341309e-01
5.079999999999999643e-06,8.443279266357421875e-01
5.081000000000000142e-06,9.966659545898437500e-01
5.081999999999999793e-06,9.202318191528320312e-01
5.083000000000000292e-06,6.325701475143432617e-01
5.083999999999999944e-06,1.997099816799163818e-01
5.084999999999999595e-06,-2.789911031723022461e-01
5.086000000000000094e-06,-6.936532855033874512e-01
5.086999999999999745e-06,-9.490961432456970215e-01
5.088000000000000244e-06,-9.866859316825866699e-01
5.088999999999999896e-06,-7.977944612503051758e-01
5.090000000000000394e-06,-4.257792830467224121e-01
5.091000000000000046e-06,4.396811872720718384e-02
5.091999999999999698e-06,5.036231875419616699e-01
5.093000000000000196e-06,8.476779460906982422e-01
5.093999999999999848e-06,9.971588850021362305e-01
5.095000000000000346e-06,9.177546501159667969e-01
5.095999999999999998e-06,6.276913881301879883e-01
5.096999999999999650e-06,1.935494691133499146e-01
5.098000000000000148e-06,-2.850192487239837646e-01
5.098999999999999800e-06,-6.981654167175292969e-01
5.100000000000000299e-06,-9.510565400123596191e-01
5.100999999999999950e-06,-9.856445789337158203e-01
5.101999999999999602e-06,-7.939903736114501953e-01
5.103000000000000100e-06,-4.200857281684875488e-01
5.103999999999999752e-06,5.024431645870208740e-02
5.105000000000000251e-06,5.090414285659790039e-01
5.105999999999999902e-06,8.509944677352905273e-01
5.107000000000000401e-06,9.976125359535217285e-01
5.108000000000000053e-06,9.152411818504333496e-01
5.108999999999999704e-06,6.227877736091613770e-01
5.110000000000000203e-06,1.873813122510910034e-01
5.110999999999999854e-06,-2.910361588001251221e-01
5.112000000000000353e-06,-7.026499509811401367e-01
5.113000000000000005e-06,-9.529793262481689453e-01
5.113999999999999656e-06,-9.845643639564514160e-01
5.115000000000000155e-06,-7.901549935340881348e-01
5.115999999999999807e-06,-4.143755733966827393e-01
5.117000000000000305e-06,5.651853606104850769e-02
5.117999999999999957e-06,5.144395232200622559e-01
5.118999999999999608e-06,8.542774319648742676e-01
5.120000000000000107e-06,9.980267286300659180e-01
5.120999999999999759e-06,9.126915931701660156e-01
5.122000000000000257e-06,6.178596019744873047e-01
5.122999999999999909e-06,1.812057644128799438e-01
5.124000000000000408e-06,-2.970415949821472168e-01
5.125000000000000059e-06,-7.071067690849304199e-01
5.125999999999999711e-06,-9.548645615577697754e-01
5.127000000000000210e-06,-9.834452271461486816e-01
5.127999999999999861e-06,-7.862884402275085449e-01
5.129000000000000360e-06,-4.086490869522094727e-01
5.130000000000000011e-06,6.279052048921585083e-02
5.130999999999999663e-06,5.198173522949218750e-01
5.132000000000000162e-06,8.575266599655151367e-01
5.132999999999999813e-06,9.984015226364135742e-01
5.134000000000000312e-06,9.101059436798095703e-01
5.134999999999999964e-06,6.129070520401000977e-01
5.135999999999999615e-06,1.750230640172958374e-01
5.137000000000000114e-06,-3.030352592468261719e-01
5.137999999999999765e-06,-7.115356922149658203e-01
5.139000000000000264e-06,-9.567120671272277832e-01
5.139999999999999916e-06,-9.822872281074523926e-01
5.141000000000000414e-06,-7.823908329010009766e-01
5.142000000000000066e-06,-4.029064476490020752e-01
5.142999999999999718e-06,6.906002759933471680e-02
5.144000000000000216e-06,5.251746177673339844e-01
5.144999999999999868e-06,8.607420325279235840e-01
5.146000000000000366e-06,9.987369775772094727e-01
5.147000000000000018e-06,9.074844121932983398e-01
5.147999999999999670e-06,6.079303026199340820e-01
5.149000000000000168e-06,1.688334494829177856e-01
5.149999999999999820e-06,-3.090170025825500488e-01
5.151000000000000319e-06,-7.159364819526672363e-01
5.151999999999999970e-06,-9.585217833518981934e-01
5.152999999999999622e-06,-9.810905456542968750e-01
5.154000000000000120e-06,-7.784622907638549805e-01
5.154999999999999772e-06,-3.971478939056396484e-01
5.156000000000000271e-06,7.532680779695510864e-02
5.156999999999999922e-06,5.305112004280090332e-01
5.158000000000000421e-06,8.639234304428100586e-01
5.159000000000000073e-06,9.990329146385192871e-01
5.159999999999999724e-06,9.048270583152770996e-01
5.161000000000000223e-06,6.029295325279235840e-01
5.161999999999999874e-06,1.626371592283248901e-01
5.163000000000000373e-06,-3.149865269660949707e-01
5.164000000000000025e-06,-7.203090190887451172e-01
5.164999999999999676e-06,-9.602937102317810059e-01
5.166000000000000175e-06,-9.798550605773925781e-01
5.166999999999999827e-06,-7.745030522346496582e-01
5.168000000000000325e-06,-3.913736641407012939e-01
5.168999999999999977e-06,8.159061521291732788e-02
5.169999999999999628e-06,5.358268022537231445e-01
5.171000000000000127e-06,8.670706748962402344e-01
5.171999999999999779e-06,9.992894530296325684e-01
5.173000000000000277e-06,9.021339416503906250e-01
5.173999999999999929e-06,5.979049801826477051e-01
5.174999999999999581e-06,1.564344614744186401e-01
5.176000000000000079e-06,-3.209436237812042236e-01
5.176999999999999731e-06,-7.246531248092651367e-01
5.178000000000000229e-06,-9.620276689529418945e-01
5.178999999999999881e-06,-9.785808920860290527e-01
5.180000000000000380e-06,-7.705132365226745605e-01
5.181000000000000031e-06,-3.855839967727661133e-01
5.181999999999999683e-06,8.785119652748107910e-02
5.183000000000000182e-06,5.411212444305419922e-01
5.183999999999999833e-06,8.701837658882141113e-01
5.185000000000000332e-06,9.995065331459045410e-01
5.185999999999999983e-06,8.994052410125732422e-01
5.186999999999999635e-06,5.928568243980407715e-01
5.188000000000000134e-06,1.502255946397781372e-01
5.188999999999999785e-06,-3.268880248069763184e-01
5.190000000000000284e-06,-7.289686203002929688e-01
5.190999999999999936e-06,-9.637236595153808594e-01
5.191999999999999587e-06,-9.772680997848510742e-01
5.193000000000000086e-06,-7.664930224418640137e-01
5.193999999999999737e-06,-3.797791004180908203e-01
5.195000000000000236e-06,9.410831332206726074e-02
5.195999999999999888e-06,5.463943481445312500e-01
5.197000000000000386e-06,8.732624650001525879e-01
5.198000000000000038e-06,9.996842145919799805e-01
5.198999999999999690e-06,8.966410160064697266e-01
5.200000000000000188e-06,5.877852439880371094e-01
5.200999999999999840e-06,1.440107822418212891e-01
5.202000000000000338e-06,-3.328195512294769287e-01
5.202999999999999990e-06,-7.332553267478942871e-01
5.203999999999999642e-06,-9.653816223144531250e-01
5.205000000000000140e-06,-9.759167432785034180e-01
5.205999999999999792e-06,-7.624425292015075684e-01
5.207000000000000291e-06,-3.739592134952545166e-01
5.207999999999999942e-06,1.003617122769355774e-01
5.208999999999999594e-06,5.516458749771118164e-01
5.210000000000000092e-06,8.763066530227661133e-01
5.210999999999999744e-06,9.998223781585693359e-01
5.212000000000000243e-06,8.938414454460144043e-01
5.212999999999999894e-06,5.826904773712158203e-01
5.214000000000000393e-06,1.377902925014495850e-01
5.215000000000000045e-06,-3.387379348278045654e-01
5.215999999999999696e-06,-7.375131249427795410e-01
5.217000000000000195e-06,-9.670014977455139160e-01
5.217999999999999846e-06,-9.745268821716308594e-01
5.219000000000000345e-06,-7.583619356155395508e-01
5.219999999999999997e-06,-3.681245446205139160e-01
5.220999999999999648e-06,1.066111549735069275e-01
5.222000000000000147e-06,5.568756461143493652e-01
5.222999999999999799e-06,8.793163299560546875e-01
5.224000000000000297e-06,9.999210238456726074e-01
5.224999999999999949e-06,8.910065293312072754e-01
5.225999999999999600e-06,5.775727033615112305e-01
5.227000000000000099e-06,1.315643638372421265e-01
5.227999999999999751e-06,-3.446429371833801270e-01
5.229000000000000249e-06,-7.417417764663696289e-01
5.229999999999999901e-06,-9.685831665992736816e-01
5.231000000000000400e-06,-9.730985164642333984e-01
5.232000000000000051e-06,-7.542513608932495117e-01
5.232999999999999703e-06,-3.622753620147705078e-01
5.234000000000000201e-06,1.128563880920410156e-01
5.234999999999999853e-06,5.620833635330200195e-01
5.236000000000000352e-06,8.822911977767944336e-01
5.237000000000000003e-06,9.999802708625793457e-01
5.237999999999999655e-06,8.881364464759826660e-01
5.239000000000000154e-06,5.724321007728576660e-01
5.239999999999999805e-06,1.253332346677780151e-01
5.241000000000000304e-06,-3.505343198776245117e-01
5.241999999999999955e-06,-7.459411621093750000e-01
5.242999999999999607e-06,-9.701265692710876465e-01
5.244000000000000106e-06,-9.716317057609558105e-01
5.244999999999999757e-06,-7.501110434532165527e-01
5.246000000000000256e-06,-3.564118742942810059e-01
5.246999999999999908e-06,1.190971583127975464e-01
5.248000000000000406e-06,5.672689676284790039e-01
5.249000000000000058e-06,8.852313160896301270e-01
5.249999999999999709e-06,1.000000000000000000e+00
5.251000000000000208e-06,8.852313160896301270e-01
5.251999999999999860e-06,5.672689676284790039e-01
5.253000000000000358e-06,1.190971583127975464e-01
5.254000000000000010e-06,-3.564118742942810059e-01
5.254999999999999662e-06,-7.501110434532165527e-01
5.256000000000000160e-06,-9.716317057609558105e-01
5.256999999999999812e-06,-9.701265692710876465e-01
5.258000000000000311e-06,-7.459411621093750000e-01
5.258999999999999962e-06,-3.505343198776245117e-01
5.259999999999999614e-06,1.253332346677780151e-01
5.261000000000000112e-06,5.724321007728576660e-01
5.261999999999999764e-06,8.881364464759826660e-01
5.263000000000000263e-06,9.999802708625793457e-01
5.263999999999999914e-06,8.822911977767944336e-01
5.265000000000000413e-06,5.620833635330200195e-01
5.266000000000000065e-06,1.128563880920410156e-01
5.266999999999999716e-06,-3.622753620147705078e-01
5.268000000000000215e-06,-7.542513608932495117e-01
5.268999999999999866e-06,-9.730985164642333984e-01
5.270000000000000365e-06,-9.685831665992736816e-01
5.271000000000000017e-06,-7.417417764663696289e-01
5.271999999999999668e-06,-3.446429371833801270e-01
5.273000000000000167e-06,1.315643638372421265e-01
5.273999999999999819e-06,5.775727033615112305e-01
5.275000000000000317e-06,8.910065293312072754e-01
5.275999999999999969e-06,9.999210238456726074e-01
5.276999999999999620e-06,8.793163299560546875e-01
5.278000000000000119e-06,5.568756461143493652e-01
5.278999999999999771e-06,1.066111549735069275e-01
5.280000000000000269e-06,-3.681245446205139160e-01
5.280999999999999921e-06,-7.583619356155395508e-01
5.282000000000000420e-06,-9.745268821716308594e-01
5.283000000000000071e-06,-9.670014977455139160e-01
5.283999999999999723e-06,-7.375131249427795410e-01
5.285000000000000221e-06,-3.387379348278045654e-01
5.285999999999999873e-06,1.377902925014495850e-01
5.287000000000000372e-06,5.826904773712158203e-01
5.288000000000000023e-06,8.938414454460144043e-01
5.288999999999999675e-06,9.998223781585693359e-01
5.290000000000000174e-06,8.763066530227661133e-01
5.290999999999999825e-06,5.516458749771118164e-01
5.292000000000000324e-06,1.003617122769355774e-01
5.292999999999999975e-06,-3.739592134952545166e-01
5.293999999999999627e-06,-7.624425292015075684e-01
5.295000000000000126e-06,-9.759167432785034180e-01
5.295999999999999777e-06,-9.653816223144531250e-01
5.297000000000000276e-06,-7.332553267478942871e-01
5.297999999999999928e-06,-3.328195512294769287e-01
5.298999999999999579e-06,1.440107822418212891e-01
5.300000000000000078e-06,5.877852439880371094e-01
5.300999999999999729e-06,8.966410160064697266e-01
5.302000000000000228e-06,9.996842145919799805e-01
5.302999999999999880e-06,8.732624650001525879e-01
5.304000000000000378e-06,5.463943481445312500e-01
5.305000000000000030e-06,9.410831332206726074e-02
5.305999999999999682e-06,-3.797791004180908203e-01
5.307000000000000180e-06,-7.664930224418640137e-01
5.307999999999999832e-06,-9.772680997848510742e-01
5.309000000000000330e-06,-9.637236595153808594e-01
5.309999999999999982e-06,-7.289686203002929688e-01
5.310999999999999634e-06,-3.268880248069763184e-01
5.312000000000000132e-06,1.502255946397781372e-01
5.312999999999999784e-06,5.928568243980407715e-01
5.314000000000000283e-06,8.994052410125732422e-01
5.314999999999999934e-06,9.995065331459045410e-01
5.315999999999999586e-06,8.701837658882141113e-01
5.317000000000000084e-06,5.411212444305419922e-01
5.317999999999999736e-06,8.785119652748107910e-02
5.319000000000000235e-06,-3.855839967727661133e-01
5.319999999999999886e-06,-7.705132365226745605e-01
5.321000000000000385e-06,-9.785808920860290527e-01
5.322000000000000037e-06,-9.620276689529418945e-01
5.322999999999999688e-06,-7.246531248092651367e-01
5.324000000000000187e-06,-3.209436237812042236e-01
5.324999999999999838e-06,1.564344614744186401e-01
5.326000000000000337e-06,5.979049801826477051e-01
5.326999999999999989e-06,9.021339416503906250e-01
5.327999999999999640e-06,9.992894530296325684e-01
5.329000000000000139e-06,8.670706748962402344e-01
5.329999999999999791e-06,5.358268022537231445e-01
5.331000000000000289e-06,8.159061521291732788e-02
5.331999999999999941e-06,-3.913736641407012939e-01
5.332999999999999592e-06,-7.745030522346496582e-01
5.334000000000000091e-06,-9.798550605773925781e-01
5.334999999999999743e-06,-9.602937102317810059e-01
5.336000000000000241e-06,-7.203090190887451172e-01
5.336999999999999893e-06,-3.149865269660949707e-01
5.338000000000000392e-06,1.626371592283248901e-01
5.339000000000000043e-06,6.029295325279235840e-01
5.339999999999999695e-06,9.048270583152770996e-01
5.341000000000000193e-06,9.990329146385192871e-01
5.341999999999999845e-06,8.639234304428100586e-01
5.343000000000000344e-06,5.305112004280090332e-01
5.343999999999999995e-06,7.532680779695510864e-02
5.344999999999999647e-06,-3.971478939056396484e-01
5.346000000000000146e-06,-7.784622907638549805e-01
5.346999999999999797e-06,-9.810905456542968750e-01
5.348000000000000296e-06,-9.585217833518981934e-01
5.348999999999999947e-06,-7.159364819526672363e-01
5.349999999999999599e-06,-3.090170025825500488e-01
5.351000000000000098e-06,1.688334494829177856e-01
5.351999999999999749e-06,6.079303026199340820e-01
5.353000000000000248e-06,9.074844121932983398e-01
5.353999999999999900e-06,9.987369775772094727e-01
5.355000000000000398e-06,8.607420325279235840e-01
5.356000000000000050e-06,5.251746177673339844e-01
5.356999999999999701e-06,6.906002759933471680e-02
5.358000000000000200e-06,-4.029064476490020752e-01
5.358999999999999852e-06,-7.823908329010009766e-01
5.360000000000000350e-06,-9.822872281074523926e-01
5.361000000000000002e-06,-9.567120671272277832e-01
5.361999999999999654e-06,-7.115356922149658203e-01
5.363000000000000152e-06,-3.030352592468261719e-01
5.363999999999999804e-06,1.750230640172958374e-01
5.365000000000000303e-06,6.129070520401000977e-01
5.365999999999999954e-06,9.101059436798095703e-01
5.366999999999999606e-06,9.984015226364135742e-01
5.368000000000000104e-06,8.575266599655151367e-01
5.368999999999999756e-06,5.198173522949218750e-01
5.370000000000000255e-06,6.279052048921585083e-02
5.370999999999999906e-06,-4.086490869522094727e-01
5.372000000000000405e-06,-7.862884402275085449e-01
5.373000000000000056e-06,-9.834452271461486816e-01
5.373999999999999708e-06,-9.548645615577697754e-01
5.375000000000000207e-06,-7.071067690849304199e-01
5.375999999999999858e-06,-2.970415949821472168e-01
5.377000000000000357e-06,1.812057644128799438e-01
5.378000000000000009e-06,6.178596019744873047e-01
5.378999999999999660e-06,9.126915931701660156e-01
5.380000000000000159e-06,9.980267286300659180e-01
5.380999999999999810e-06,8.542774319648742676e-01
5.382000000000000309e-06,5.144395232200622559e-01
5.382999999999999961e-06,5.651853606104850769e-02
5.383999999999999612e-06,-4.143755733966827393e-01
5.385000000000000111e-06,-7.901549935340881348e-01
5.385999999999999763e-06,-9.845643639564514160e-01
5.387000000000000261e-06,-9.529793262481689453e-01
5.387999999999999913e-06,-7.026499509811401367e-01
5.389000000000000412e-06,-2.910361588001251221e-01
5.390000000000000063e-06,1.873813122510910034e-01
5.390999999999999715e-06,6.227877736091613770e-01
5.392000000000000213e-06,9.152411818504333496e-01
5.392999999999999865e-06,9.976125359535217285e-01
5.394000000000000364e-06,8.509944677352905273e-01
5.395000000000000015e-06,5.090414285659790039e-01
5.395999999999999667e-06,5.024431645870208740e-02
5.397000000000000166e-06,-4.200857281684875488e-01
5.397999999999999817e-06,-7.939903736114501953e-01
5.399000000000000316e-06,-9.856445789337158203e-01
5.399999999999999967e-06,-9.510565400123596191e-01
5.400999999999999619e-06,-6.981654167175292969e-01
5.402000000000000118e-06,-2.850192487239837646e-01
5.402999999999999769e-06,1.935494691133499146e-01
5.404000000000000268e-06,6.276913881301879883e-01
5.404999999999999920e-06,9.177546501159667969e-01
5.406000000000000418e-06,9.971588850021362305e-01
5.407000000000000070e-06,8.476779460906982422e-01
5.407999999999999721e-06,5.036231875419616699e-01
5.409000000000000220e-06,4.396811872720718384e-02
5.409999999999999872e-06,-4.257792830467224121e-01
5.411000000000000370e-06,-7.977944612503051758e-01
5.412000000000000022e-06,-9.866859316825866699e-01
5.412999999999999674e-06,-9.490961432456970215e-01
5.414000000000000172e-06,-6.936532855033874512e-01
5.414999999999999824e-06,-2.789911031723022461e-01
5.416000000000000322e-06,1.997099816799163818e-01
5.416999999999999974e-06,6.325701475143432617e-01
5.417999999999999626e-06,9.202318191528320312e-01
5.419000000000000124e-06,9.966659545898437500e-01
5.419999999999999776e-06,8.443279266357421875e-01
5.421000000000000275e-06,4.981850981712341309e-01
5.421999999999999926e-06,3.769018128514289856e-02
5.422999999999999578e-06,-4.314560592174530029e-01
5.424000000000000076e-06,-8.015669584274291992e-01
5.424999999999999728e-06,-9.876883625984191895e-01
5.426000000000000227e-06,-9.470983147621154785e-01
5.426999999999999878e-06,-6.891137957572937012e-01
5.428000000000000377e-06,-2.729519307613372803e-01
5.429000000000000029e-06,2.058626115322113037e-01
5.429999999999999680e-06,6.374239921569824219e-01
5.431000000000000179e-06,9.226727485656738281e-01
5.431999999999999830e-06,9.961336255073547363e-01
5.433000000000000329e-06,8.409445881843566895e-01
5.433999999999999981e-06,4.927273392677307129e-01
5.434999999999999632e-06,3.141075745224952698e-02
5.436000000000000131e-06,-4.371157586574554443e-01
5.436999999999999783e-06,-8.053078651428222656e-01
5.438000000000000281e-06,-9.886517524719238281e-01
5.438999999999999933e-06,-9.450630545616149902e-01
5.439999999999999584e-06,-6.845471262931823730e-01
5.441000000000000083e-06,-2.669019997119903564e-01
5.441999999999999735e-06,2.120071053504943848e-01
5.443000000000000233e-06,6.422526240348815918e-01
5.443999999999999885e-06,9.250771999359130859e-01
5.445000000000000384e-06,9.955619573593139648e-01
5.446000000000000035e-06,8.375280499458312988e-01
5.446999999999999687e-06,4.872501194477081299e-01
5.448000000000000185e-06,2.513009496033191681e-02
5.448999999999999837e-06,-4.427582323551177979e-01
5.450000000000000336e-06,-8.090170025825500488e-01
5.450999999999999987e-06,-9.895761013031005859e-01
5.451999999999999639e-06,-9.429905414581298828e-01
5.453000000000000138e-06,-6.799533963203430176e-01
5.453999999999999789e-06,-2.608415186405181885e-01
5.455000000000000288e-06,2.181432396173477173e-01
5.455999999999999939e-06,6.470559835433959961e-01
5.456999999999999591e-06,9.274451732635498047e-01
5.458000000000000090e-06,9.949510097503662109e-01
5.458999999999999741e-06,8.340784311294555664e-01
5.460000000000000240e-06,4.817536771297454834e-01
5.460999999999999892e-06,1.884843967854976654e-02
5.462000000000000390e-06,-4.483832120895385742e-01
5.463000000000000042e-06,-8.126941919326782227e-01
5.463999999999999693e-06,-9.904614090919494629e-01
5.465000000000000192e-06,-9.408807754516601562e-01
5.465999999999999844e-06,-6.753327846527099609e-01
5.467000000000000342e-06,-2.547707259654998779e-01
5.467999999999999994e-06,2.242707610130310059e-01
5.468999999999999646e-06,6.518337130546569824e-01
5.470000000000000144e-06,9.297764897346496582e-01
5.470999999999999796e-06,9.943007826805114746e-01
5.472000000000000294e-06,8.305959105491638184e-01
5.472999999999999946e-06,4.762381911277770996e-01
5.473999999999999598e-06,1.256604027003049850e-02
5.475000000000000096e-06,-4.539904892444610596e-01
5.475999999999999748e-06,-8.163392543792724609e-01
5.477000000000000247e-06,-9.913076162338256836e-01
5.477999999999999898e-06,-9.387338757514953613e-01
5.479000000000000397e-06,-6.706855893135070801e-01
5.480000000000000048e-06,-2.486898899078369141e-01
5.480999999999999700e-06,2.303894311189651489e-01
5.482000000000000199e-06,6.565857529640197754e-01
5.482999999999999850e-06,9.320710897445678711e-01
5.484000000000000349e-06,9.936113357543945312e-01
5.485000000000000001e-06,8.270805478096008301e-01
5.485999999999999652e-06,4.707039296627044678e-01
5.487000000000000151e-06,6.283144000917673111e-03
5.487999999999999802e-06,-4.595798552036285400e-01
5.489000000000000301e-06,-8.199521303176879883e-01
5.489999999999999953e-06,-9.921147227287292480e-01
5.490999999999999604e-06,-9.365499019622802734e-01
5.492000000000000103e-06,-6.660118699073791504e-01
5.492999999999999755e-06,-2.425992339849472046e-01
5.494000000000000253e-06,2.364989966154098511e-01
5.494999999999999905e-06,6.613118648529052734e-01
5.496000000000000404e-06,9.343289136886596680e-01
5.497000000000000055e-06,9.928826093673706055e-01
5.497999999999999707e-06,8.235325813293457031e-01
5.499000000000000205e-06,4.651510715484619141e-01
5.499999999999999857e-06,-7.746081066069970822e-14
5.501000000000000356e-06,-4.651510715484619141e-01
5.502000000000000007e-06,-8.235325813293457031e-01
5.502999999999999659e-06,-9.928826093673706055e-01
5.504000000000000158e-06,-9.343289136886596680e-01
5.504999999999999809e-06,-6.613118648529052734e-01
5.506000000000000308e-06,-2.364989966154098511e-01
5.506999999999999959e-06,2.425992339849472046e-01
5.507999999999999611e-06,6.660118699073791504e-01
5.509000000000000110e-06,9.365499019622802734e-01
5.509999999999999761e-06,9.921147227287292480e-01
5.511000000000000260e-06,8.199521303176879883e-01
5.511999999999999912e-06,4.595798552036285400e-01
5.513000000000000410e-06,-6.283144000917673111e-03
5.514000000000000062e-06,-4.707039296627044678e-01
5.514999999999999713e-06,-8.270805478096008301e-01
5.516000000000000212e-06,-9.936113357543945312e-01
5.516999999999999864e-06,-9.320710897445678711e-01
5.518000000000000362e-06,-6.565857529640197754e-01
5.519000000000000014e-06,-2.303894311189651489e-01
5.519999999999999666e-06,2.486898899078369141e-01
5.521000000000000164e-06,6.706855893135070801e-01
5.521999999999999816e-06,9.387338757514953613e-01
5.523000000000000314e-06,9.913076162338256836e-01
5.523999999999999966e-06,8.163392543792724609e-01
5.524999999999999618e-06,4.539904892444610596e-01
5.526000000000000116e-06,-1.256604027003049850e-02
5.526999999999999768e-06,-4.762381911277770996e-01
5.528000000000000267e-06,-8.305959105491638184e-01
5.528999999999999918e-06,-9.943007826805114746e-01
5.530000000000000417e-06,-9.297764897346496582e-01
5.531000000000000068e-06,-6.518337130546569824e-01
5.531999999999999720e-06,-2.242707610130310059e-01
5.533000000000000219e-06,2.547707259654998779e-01
5.533999999999999870e-06,6.753327846527099609e-01
5.535000000000000369e-06,9.408807754516601562e-01
5.536000000000000021e-06,9.904614090919494629e-01
5.536999999999999672e-06,8.126941919326782227e-01
5.538000000000000171e-06,4.483832120895385742e-01
5.538999999999999822e-06,-1.884843967854976654e-02
5.540000000000000321e-06,-4.817536771297454834e-01
5.540999999999999973e-06,-8.340784311294555664e-01
5.541999999999999624e-06,-9.949510097503662109e-01
5.543000000000000123e-06,-9.274451732635498047e-01
5.543999999999999775e-06,-6.470559835433959961e-01
5.545000000000000273e-06,-2.181432396173477173e-01
5.545999999999999925e-06,2.608415186405181885e-01
5.547000000000000423e-06,6.799533963203430176e-01
5.548000000000000075e-06,9.429905414581298828e-01
5.548999999999999727e-06,9.895761013031005859e-01
5.550000000000000225e-06,8.090170025825500488e-01
5.550999999999999877e-06,4.427582323551177979e-01
5.552000000000000376e-06,-2.513009496033191681e-02
5.553000000000000027e-06,-4.872501194477081299e-01
5.553999999999999679e-06,-8.375280499458312988e-01
5.555000000000000177e-06,-9.955619573593139648e-01
5.555999999999999829e-06,-9.250771999359130859e-01
5.557000000000000328e-06,-6.422526240348815918e-01
5.557999999999999979e-06,-2.120071053504943848e-01
5.558999999999999631e-06,2.669019997119903564e-01
5.560000000000000130e-06,6.845471262931823730e-01
5.560999999999999781e-06,9.450630545616149902e-01
5.562000000000000280e-06,9.886517524719238281e-01
5.562999999999999931e-06,8.053078651428222656e-01
5.563999999999999583e-06,4.371157586574554443e-01
5.565000000000000082e-06,-3.141075745224952698e-02
5.565999999999999733e-06,-4.927273392677307129e-01
5.567000000000000232e-06,-8.409445881843566895e-01
5.567999999999999884e-06,-9.961336255073547363e-01
5.569000000000000382e-06,-9.226727485656738281e-01
5.570000000000000034e-06,-6.374239921569824219e-01
5.570999999999999685e-06,-2.058626115322113037e-01
5.572000000000000184e-06,2.729519307613372803e-01
5.572999999999999836e-06,6.891137957572937012e-01
5.574000000000000334e-06,9.470983147621154785e-01
5.574999999999999986e-06,9.876883625984191895e-01
5.575999999999999638e-06,8.015669584274291992e-01
5.577000000000000136e-06,4.314560592174530029e-01
5.577999999999999788e-06,-3.769018128514289856e-02
5.579000000000000286e-06,-4.981850981712341309e-01
5.579999999999999938e-06,-8.443279266357421875e-01
5.580999999999999590e-06,-9.966659545898437500e-01
5.582000000000000088e-06,-9.202318191528320312e-01
5.582999999999999740e-06,-6.325701475143432617e-01
5.584000000000000239e-06,-1.997099816799163818e-01
5.584999999999999890e-06,2.789911031723022461e-01
5.586000000000000389e-06,6.936532855033874512e-01
5.587000000000000040e-06,9.490961432456970215e-01
5.587999999999999692e-06,9.866859316825866699e-01
5.589000000000000191e-06,7.977944612503051758e-01
5.589999999999999842e-06,4.257792830467224121e-01
5.591000000000000341e-06,-4.396811872720718384e-02
5.591999999999999993e-06,-5.036231875419616699e-01
5.592999999999999644e-06,-8.476779460906982422e-01
5.594000000000000143e-06,-9.971588850021362305e-01
5.594999999999999794e-06,-9.177546501159667969e-01
5.596000000000000293e-06,-6.276913881301879883e-01
5.596999999999999945e-06,-1.935494691133499146e-01
5.597999999999999596e-06,2.850192487239837646e-01
5.599000000000000095e-06,6.981654167175292969e-01
5.599999999999999747e-06,9.510565400123596191e-01
5.601000000000000245e-06,9.856445789337158203e-01
5.601999999999999897e-06,7.939903736114501953e-01
5.603000000000000395e-06,4.200857281684875488e-01
5.604000000000000047e-06,-5.024431645870208740e-02
5.604999999999999699e-06,-5.090414285659790039e-01
5.606000000000000197e-06,-8.509944677352905273e-01
5.606999999999999849e-06,-9.976125359535217285e-01
5.608000000000000348e-06,-9.152411818504333496e-01
5.608999999999999999e-06,-6.227877736091613770e-01
5.609999999999999651e-06,-1.873813122510910034e-01
5.611000000000000149e-06,2.910361588001251221e-01
5.611999999999999801e-06,7.026499509811401367e-01
5.613000000000000300e-06,9.529793262481689453e-01
5.613999999999999951e-06,9.845643639564514160e-01
5.614999999999999603e-06,7.901549935340881348e-01
5.616000000000000102e-06,4.143755733966827393e-01
5.616999999999999753e-06,-5.651853606104850769e-02
5.618000000000000252e-06,-5.144395232200622559e-01
5.618999999999999903e-06,-8.542774319648742676e-01
5.620000000000000402e-06,-9.980267286300659180e-01
5.621000000000000054e-06,-9.126915931701660156e-01
5.621999999999999705e-06,-6.178596019744873047e-01
5.623000000000000204e-06,-1.812057644128799438e-01
5.623999999999999856e-06,2.970415949821472168e-01
5.625000000000000354e-06,7.071067690849304199e-01
5.626000000000000006e-06,9.548645615577697754e-01
5.626999999999999657e-06,9.834452271461486816e-01
5.628000000000000156e-06,7.862884402275085449e-01
5.628999999999999808e-06,4.086490869522094727e-01
5.630000000000000306e-06,-6.279052048921585083e-02
5.630999999999999958e-06,-5.198173522949218750e-01
5.631999999999999610e-06,-8.575266599655151367e-01
5.633000000000000108e-06,-9.984015226364135742e-01
5.633999999999999760e-06,-9.101059436798095703e-01
5.635000000000000259e-06,-6.129070520401000977e-01
5.635999999999999910e-06,-1.750230640172958374e-01
5.637000000000000409e-06,3.030352592468261719e-01
5.638000000000000060e-06,7.115356922149658203e-01
5.638999999999999712e-06,9.567120671272277832e-01
5.640000000000000211e-06,9.822872281074523926e-01
5.640999999999999862e-06,7.823908329010009766e-01
5.642000000000000361e-06,4.029064476490020752e-01
5.643000000000000013e-06,-6.906002759933471680e-02
5.643999999999999664e-06,-5.251746177673339844e-01
5.645000000000000163e-06,-8.607420325279235840e-01
5.645999999999999814e-06,-9.987369775772094727e-01
5.647000000000000313e-06,-9.074844121932983398e-01
5.647999999999999965e-06,-6.079303026199340820e-01
5.648999999999999616e-06,-1.688334494829177856e-01
5.650000000000000115e-06,3.090170025825500488e-01
5.650999999999999767e-06,7.159364819526672363e-01
5.652000000000000265e-06,9.585217833518981934e-01
5.652999999999999917e-06,9.810905456542968750e-01
5.654000000000000415e-06,7.784622907638549805e-01
5.655000000000000067e-06,3.971478939056396484e-01
5.655999999999999719e-06,-7.532680779695510864e-02
5.657000000000000217e-06,-5.305112004280090332e-01
5.657999999999999869e-06,-8.639234304428100586e-01
5.659000000000000368e-06,-9.990329146385192871e-01
5.660000000000000019e-06,-9.048270583152770996e-01
5.660999999999999671e-06,-6.029295325279235840e-01
5.662000000000000169e-06,-1.626371592283248901e-01
5.662999999999999821e-06,3.149865269660949707e-01
5.664000000000000320e-06,7.203090190887451172e-01
5.664999999999999971e-06,9.602937102317810059e-01
5.665999999999999623e-06,9.798550605773925781e-01
5.667000000000000122e-06,7.745030522346496582e-01
5.667999999999999773e-06,3.913736641407012939e-01
5.669000000000000272e-06,-8.159061521291732788e-02
5.669999999999999923e-06,-5.358268022537231445e-01
5.671000000000000422e-06,-8.670706748962402344e-01
5.672000000000000074e-06,-9.992894530296325684e-01
5.672999999999999725e-06,-9.021339416503906250e-01
5.674000000000000224e-06,-5.979049801826477051e-01
5.674999999999999876e-06,-1.564344614744186401e-01
5.676000000000000374e-06,3.209436237812042236e-01
5.677000000000000026e-06,7.246531248092651367e-01
5.677999999999999677e-06,9.620276689529418945e-01
5.679000000000000176e-06,9.785808920860290527e-01
5.679999999999999828e-06,7.705132365226745605e-01
5.681000000000000326e-06,3.855839967727661133e-01
5.681999999999999978e-06,-8.785119652748107910e-02
5.682999999999999630e-06,-5.411212444305419922e-01
5.684000000000000128e-06,-8.701837658882141113e-01
5.684999999999999780e-06,-9.995065331459045410e-01
5.686000000000000278e-06,-8.994052410125732422e-01
5.686999999999999930e-06,-5.928568243980407715e-01
5.687999999999999582e-06,-1.502255946397781372e-01
5.689000000000000080e-06,3.268880248069763184e-01
5.689999999999999732e-06,7.289686203002929688e-01
5.691000000000000231e-06,9.637236595153808594e-01
5.691999999999999882e-06,9.772680997848510742e-01
5.693000000000000381e-06,7.664930224418640137e-01
5.694000000000000032e-06,3.797791004180908203e-01
5.694999999999999684e-06,-9.410831332206726074e-02
5.696000000000000183e-06,-5.463943481445312500e-01
5.696999999999999834e-06,-8.732624650001525879e-01
5.698000000000000333e-06,-9.996842145919799805e-01
5.698999999999999985e-06,-8.966410160064697266e-01
5.699999999999999636e-06,-5.877852439880371094e-01
5.701000000000000135e-06,-1.440107822418212891e-01
5.701999999999999786e-06,3.328195512294769287e-01
5.703000000000000285e-06,7.332553267478942871e-01
5.703999999999999937e-06,9.653816223144531250e-01
5.704999999999999588e-06,9.759167432785034180e-01
5.706000000000000087e-06,7.624425292015075684e-01
5.706999999999999739e-06,3.739592134952545166e-01
5.708000000000000237e-06,-1.003617122769355774e-01
5.708999999999999889e-06,-5.516458749771118164e-01
5.710000000000000387e-06,-8.763066530227661133e-01
5.711000000000000039e-06,-9.998223781585693359e-01
5.711999999999999691e-06,-8.938414454460144043e-01
5.713000000000000189e-06,-5.826904773712158203e-01
5.713999999999999841e-06,-1.377902925014495850e-01
5.715000000000000340e-06,3.387379348278045654e-01
5.715999999999999991e-06,7.375131249427795410e-01
5.716999999999999643e-06,9.670014977455139160e-01
5.718000000000000141e-06,9.745268821716308594e-01
5.718999999999999793e-06,7.583619356155395508e-01
5.720000000000000292e-06,3.681245446205139160e-01
5.720999999999999943e-06,-1.066111549735069275e-01
5.721999999999999595e-06,-5.568756461143493652e-01
5.723000000000000094e-06,-8.793163299560546875e-01
5.723999999999999745e-06,-9.999210238456726074e-01
5.725000000000000244e-06,-8.910065293312072754e-01
5.725999999999999895e-06,-5.775727033615112305e-01
5.727000000000000394e-06,-1.315643638372421265e-01
5.728000000000000046e-06,3.446429371833801270e-01
5.728999999999999697e-06,7.417417764663696289e-01
5.730000000000000196e-06,9.685831665992736816e-01
5.730999999999999848e-06,9.730985164642333984e-01
5.732000000000000346e-06,7.542513608932495117e-01
5.732999999999999998e-06,3.622753620147705078e-01
5.733999999999999649e-06,-1.128563880920410156e-01
5.735000000000000148e-06,-5.620833635330200195e-01
5.735999999999999800e-06,-8.822911977767944336e-01
5.737000000000000298e-06,-9.999802708625793457e-01
5.737999999999999950e-06,-8.881364464759826660e-01
5.738999999999999602e-06,-5.724321007728576660e-01
5.740000000000000100e-06,-1.253332346677780151e-01
5.740999999999999752e-06,3.505343198776245117e-01
5.742000000000000251e-06,7.459411621093750000e-01
5.742999999999999902e-06,9.701265692710876465e-01
5.744000000000000401e-06,9.716317057609558105e-01
5.745000000000000052e-06,7.501110434532165527e-01
5.745999999999999704e-06,3.564118742942810059e-01
5.747000000000000203e-06,-1.190971583127975464e-01
5.747999999999999854e-06,-5.672689676284790039e-01
5.749000000000000353e-06,-8.852313160896301270e-01
5.750000000000000004e-06,-1.000000000000000000e+00
5.750999999999999656e-06,-8.852313160896301270e-01
5.752000000000000155e-06,-5.672689676284790039e-01
5.752999999999999806e-06,-1.190971583127975464e-01
5.754000000000000305e-06,3.564118742942810059e-01
5.754999999999999957e-06,7.501110434532165527e-01
5.755999999999999608e-06,9.716317057609558105e-01
5.757000000000000107e-06,9.701265692710876465e-01
5.757999999999999758e-06,7.459411621093750000e-01
5.759000000000000257e-06,3.505343198776245117e-01
5.759999999999999909e-06,-1.253332346677780151e-01
5.761000000000000407e-06,-5.724321007728576660e-01
5.762000000000000059e-06,-8.881364464759826660e-01
5.762999999999999711e-06,-9.999802708625793457e-01
5.764000000000000209e-06,-8.822911977767944336e-01
5.764999999999999861e-06,-5.620833635330200195e-01
5.766000000000000360e-06,-1.128563880920410156e-01
5.767000000000000011e-06,3.622753620147705078e-01
5.767999999999999663e-06,7.542513608932495117e-01
5.769000000000000161e-06,9.730985164642333984e-01
5.769999999999999813e-06,9.685831665992736816e-01
5.771000000000000312e-06,7.417417764663696289e-01
5.771999999999999963e-06,3.446429371833801270e-01
5.772999999999999615e-06,-1.315643638372421265e-01
5.774000000000000114e-06,-5.775727033615112305e-01
5.774999999999999765e-06,-8.910065293312072754e-01
5.776000000000000264e-06,-9.999210238456726074e-01
5.776999999999999915e-06,-8.793163299560546875e-01
5.778000000000000414e-06,-5.568756461143493652e-01
5.779000000000000066e-06,-1.066111549735069275e-01
5.779999999999999717e-06,3.681245446205139160e-01
5.781000000000000216e-06,7.583619356155395508e-01
5.781999999999999868e-06,9.745268821716308594e-01
5.783000000000000366e-06,9.670014977455139160e-01
5.784000000000000018e-06,7.375131249427795410e-01
5.784999999999999669e-06,3.387379348278045654e-01
5.786000000000000168e-06,-1.377902925014495850e-01
5.786999999999999820e-06,-5.826904773712158203e-01
5.788000000000000318e-06,-8.938414454460144043e-01
5.788999999999999970e-06,-9.998223781585693359e-01
5.789999999999999622e-06,-8.763066530227661133e-01
5.791000000000000120e-06,-5.516458749771118164e-01
5.791999999999999772e-06,-1.003617122769355774e-01
5.793000000000000270e-06,3.739592134952545166e-01
5.793999999999999922e-06,7.624425292015075684e-01
5.795000000000000421e-06,9.759167432785034180e-01
5.796000000000000072e-06,9.653816223144531250e-01
5.796999999999999724e-06,7.332553267478942871e-01
5.798000000000000223e-06,3.328195512294769287e-01
5.798999999999999874e-06,-1.440107822418212891e-01
5.800000000000000373e-06,-5.877852439880371094e-01
5.801000000000000024e-06,-8.966410160064697266e-01
5.801999999999999676e-06,-9.996842145919799805e-01
5.803000000000000175e-06,-8.732624650001525879e-01
5.803999999999999826e-06,-5.463943481445312500e-01
5.805000000000000325e-06,-9.410831332206726074e-02
5.805999999999999977e-06,3.797791004180908203e-01
5.806999999999999628e-06,7.664930224418640137e-01
5.808000000000000127e-06,9.772680997848510742e-01
5.808999999999999778e-06,9.637236595153808594e-01
5.810000000000000277e-06,7.289686203002929688e-01
5.810999999999999929e-06,3.268880248069763184e-01
5.811999999999999580e-06,-1.502255946397781372e-01
5.813000000000000079e-06,-5.928568243980407715e-01
5.813999999999999731e-06,-8.994052410125732422e-01
5.815000000000000229e-06,-9.995065331459045410e-01
5.815999999999999881e-06,-8.701837658882141113e-01
5.817000000000000379e-06,-5.411212444305419922e-01
5.818000000000000031e-06,-8.785119652748107910e-02
5.818999999999999683e-06,3.855839967727661133e-01
5.820000000000000181e-06,7.705132365226745605e-01
5.820999999999999833e-06,9.785808920860290527e-01
5.822000000000000332e-06,9.620276689529418945e-01
5.822999999999999983e-06,7.246531248092651367e-01
5.823999999999999635e-06,3.209436237812042236e-01
5.825000000000000133e-06,-1.564344614744186401e-01
5.825999999999999785e-06,-5.979049801826477051e-01
5.827000000000000284e-06,-9.021339416503906250e-01
5.827999999999999935e-06,-9.992894530296325684e-01
5.828999999999999587e-06,-8.670706748962402344e-01
5.830000000000000086e-06,-5.358268022537231445e-01
5.830999999999999737e-06,-8.159061521291732788e-02
5.832000000000000236e-06,3.913736641407012939e-01
5.832999999999999887e-06,7.745030522346496582e-01
5.834000000000000386e-06,9.798550605773925781e-01
5.835000000000000038e-06,9.602937102317810059e-01
5.835999999999999689e-06,7.203090190887451172e-01
5.837000000000000188e-06,3.149865269660949707e-01
5.837999999999999840e-06,-1.626371592283248901e-01
5.839000000000000338e-06,-6.029295325279235840e-01
5.839999999999999990e-06,-9.048270583152770996e-01
5.840999999999999641e-06,-9.990329146385192871e-01
5.842000000000000140e-06,-8.639234304428100586e-01
5.842999999999999792e-06,-5.305112004280090332e-01
5.844000000000000290e-06,-7.532680779695510864e-02
5.844999999999999942e-06,3.971478939056396484e-01
5.845999999999999594e-06,7.784622907638549805e-01
5.847000000000000092e-06,9.810905456542968750e-01
5.847999999999999744e-06,9.585217833518981934e-01
5.849000000000000242e-06,7.159364819526672363e-01
5.849999999999999894e-06,3.090170025825500488e-01
5.851000000000000393e-06,-1.688334494829177856e-01
5.852000000000000044e-06,-6.079303026199340820e-01
5.852999999999999696e-06,-9.074844121932983398e-01
5.854000000000000195e-06,-9.987369775772094727e-01
5.854999999999999846e-06,-8.607420325279235840e-01
5.856000000000000345e-06,-5.251746177673339844e-01
5.856999999999999996e-06,-6.906002759933471680e-02
5.857999999999999648e-06,4.029064476490020752e-01
5.859000000000000147e-06,7.823908329010009766e-01
5.859999999999999798e-06,9.822872281074523926e-01
5.861000000000000297e-06,9.567120671272277832e-01
5.861999999999999949e-06,7.115356922149658203e-01
5.862999999999999600e-06,3.030352592468261719e-01
5.864000000000000099e-06,-1.750230640172958374e-01
5.864999999999999750e-06,-6.129070520401000977e-01
5.866000000000000249e-06,-9.101059436798095703e-01
5.866999999999999901e-06,-9.984015226364135742e-01
5.868000000000000399e-06,-8.575266599655151367e-01
5.869000000000000051e-06,-5.198173522949218750e-01
5.869999999999999703e-06,-6.279052048921585083e-02
5.871000000000000201e-06,4.086490869522094727e-01
5.871999999999999853e-06,7.862884402275085449e-01
5.873000000000000352e-06,9.834452271461486816e-01
5.874000000000000003e-06,9.548645615577697754e-01
5.874999999999999655e-06,7.071067690849304199e-01
5.876000000000000153e-06,2.970415949821472168e-01
5.876999999999999805e-06,-1.812057644128799438e-01
5.878000000000000304e-06,-6.178596019744873047e-01
5.878999999999999955e-06,-9.126915931701660156e-01
5.879999999999999607e-06,-9.980267286300659180e-01
5.881000000000000106e-06,-8.542774319648742676e-01
5.881999999999999757e-06,-5.144395232200622559e-01
5.883000000000000256e-06,-5.651853606104850769e-02
5.883999999999999907e-06,4.143755733966827393e-01
5.885000000000000406e-06,7.901549935340881348e-01
5.886000000000000058e-06,9.845643639564514160e-01
5.886999999999999709e-06,9.529793262481689453e-01
5.888000000000000208e-06,7.026499509811401367e-01
5.888999999999999860e-06,2.910361588001251221e-01
5.890000000000000358e-06,-1.873813122510910034e-01
5.891000000000000010e-06,-6.227877736091613770e-01
5.891999999999999661e-06,-9.152411818504333496e-01
5.893000000000000160e-06,-9.976125359535217285e-01
5.893999999999999812e-06,-8.509944677352905273e-01
5.895000000000000310e-06,-5.090414285659790039e-01
5.895999999999999962e-06,-5.024431645870208740e-02
5.896999999999999614e-06,4.200857281684875488e-01
5.898000000000000112e-06,7.939903736114501953e-01
5.898999999999999764e-06,9.856445789337158203e-01
5.900000000000000262e-06,9.510565400123596191e-01
5.900999999999999914e-06,6.981654167175292969e-01
5.902000000000000413e-06,2.850192487239837646e-01
5.903000000000000064e-06,-1.935494691133499146e-01
5.903999999999999716e-06,-6.276913881301879883e-01
5.905000000000000215e-06,-9.177546501159667969e-01
5.905999999999999866e-06,-9.971588850021362305e-01
5.907000000000000365e-06,-8.476779460906982422e-01
5.908000000000000016e-06,-5.036231875419616699e-01
5.908999999999999668e-06,-4.396811872720718384e-02
5.910000000000000167e-06,4.257792830467224121e-01
5.910999999999999818e-06,7.977944612503051758e-01
5.912000000000000317e-06,9.866859316825866699e-01
5.912999999999999969e-06,9.490961432456970215e-01
5.913999999999999620e-06,6.936532855033874512e-01
5.915000000000000119e-06,2.789911031723022461e-01
5.915999999999999770e-06,-1.997099816799163818e-01
5.917000000000000269e-06,-6.325701475143432617e-01
5.917999999999999921e-06,-9.202318191528320312e-01
5.919000000000000419e-06,-9.966659545898437500e-01
5.920000000000000071e-06,-8.443279266357421875e-01
5.920999999999999723e-06,-4.981850981712341309e-01
5.922000000000000221e-06,-3.769018128514289856e-02
5.922999999999999873e-06,4.314560592174530029e-01
5.924000000000000371e-06,8.015669584274291992e-01
5.925000000000000023e-06,9.876883625984191895e-01
5.925999999999999675e-06,9.470983147621154785e-01
5.927000000000000173e-06,6.891137957572937012e-01
5.927999999999999825e-06,2.729519307613372803e-01
5.929000000000000324e-06,-2.058626115322113037e-01
5.929999999999999975e-06,-6.374239921569824219e-01
5.930999999999999627e-06,-9.226727485656738281e-01
5.932000000000000125e-06,-9.961336255073547363e-01
5.932999999999999777e-06,-8.409445881843566895e-01
5.934000000000000276e-06,-4.927273392677307129e-01
5.934999999999999927e-06,-3.141075745224952698e-02
5.935999999999999579e-06,4.371157586574554443e-01
5.937000000000000078e-06,8.053078651428222656e-01
5.937999999999999729e-06,9.886517524719238281e-01
5.939000000000000228e-06,9.450630545616149902e-01
5.939999999999999879e-06,6.845471262931823730e-01
5.941000000000000378e-06,2.669019997119903564e-01
5.942000000000000030e-06,-2.120071053504943848e-01
5.942999999999999681e-06,-6.422526240348815918e-01
5.944000000000000180e-06,-9.250771999359130859e-01
5.944999999999999832e-06,-9.955619573593139648e-01
5.946000000000000330e-06,-8.375280499458312988e-01
5.946999999999999982e-06,-4.872501194477081299e-01
5.947999999999999633e-06,-2.513009496033191681e-02
5.949000000000000132e-06,4.427582323551177979e-01
5.949999999999999784e-06,8.090170025825500488e-01
5.951000000000000282e-06,9.895761013031005859e-01
5.951999999999999934e-06,9.429905414581298828e-01
5.952999999999999586e-06,6.799533963203430176e-01
5.954000000000000084e-06,2.608415186405181885e-01
5.954999999999999736e-06,-2.181432396173477173e-01
5.956000000000000234e-06,-6.470559835433959961e-01
5.956999999999999886e-06,-9.274451732635498047e-01
5.958000000000000385e-06,-9.949510097503662109e-01
5.959000000000000036e-06,-8.340784311294555664e-01
5.959999999999999688e-06,-4.817536771297454834e-01
5.961000000000000187e-06,-1.884843967854976654e-02
5.961999999999999838e-06,4.483832120895385742e-01
5.963000000000000337e-06,8.126941919326782227e-01
5.963999999999999988e-06,9.904614090919494629e-01
5.964999999999999640e-06,9.408807754516601562e-01
5.966000000000000139e-06,6.753327846527099609e-01
5.966999999999999790e-06,2.547707259654998779e-01
5.968000000000000289e-06,-2.242707610130310059e-01
5.968999999999999941e-06,-6.518337130546569824e-01
5.969999999999999592e-06,-9.297764897346496582e-01
5.971000000000000091e-06,-9.943007826805114746e-01
5.971999999999999742e-06,-8.305959105491638184e-01
5.973000000000000241e-06,-4.762381911277770996e-01
5.973999999999999893e-06,-1.256604027003049850e-02
5.975000000000000391e-06,4.539904892444610596e-01
5.976000000000000043e-06,8.163392543792724609e-01
5.976999999999999695e-06,9.913076162338256836e-01
5.978000000000000193e-06,9.387338757514953613e-01
5.978999999999999845e-06,6.706855893135070801e-01
5.980000000000000343e-06,2.486898899078369141e-01
5.980999999999999995e-06,-2.303894311189651489e-01
5.981999999999999647e-06,-6.565857529640197754e-01
5.983000000000000145e-06,-9.320710897445678711e-01
5.983999999999999797e-06,-9.936113357543945312e-01
5.985000000000000296e-06,-8.270805478096008301e-01
5.985999999999999947e-06,-4.707039296627044678e-01
5.986999999999999599e-06,-6.283144000917673111e-03
5.988000000000000097e-06,4.595798552036285400e-01
5.988999999999999749e-06,8.199521303176879883e-01
5.990000000000000248e-06,9.921147227287292480e-01
5.990999999999999899e-06,9.365499019622802734e-01
5.992000000000000398e-06,6.660118699073791504e-01
5.993000000000000050e-06,2.425992339849472046e-01
5.993999999999999701e-06,-2.364989966154098511e-01
5.995000000000000200e-06,-6.613118648529052734e-01
5.995999999999999851e-06,-9.343289136886596680e-01
5.997000000000000350e-06,-9.928826093673706055e-01
5.998000000000000002e-06,-8.235325813293457031e-01
5.998999999999999653e-06,-4.651510715484619141e-01
6.000000000000000152e-06,4.316203766467109626e-14
6.000999999999999804e-06,4.651510715484619141e-01
6.002000000000000302e-06,8.235325813293457031e-01
6.002999999999999954e-06,9.928826093673706055e-01
6.003999999999999605e-06,9.343289136886596680e-01
6.005000000000000104e-06,6.613118648529052734e-01
6.005999999999999756e-06,2.364989966154098511e-01
6.007000000000000254e-06,-2.425992339849472046e-01
6.007999999999999906e-06,-6.660118699073791504e-01
6.009000000000000405e-06,-9.365499019622802734e-01
6.010000000000000056e-06,-9.921147227287292480e-01
6.010999999999999708e-06,-8.199521303176879883e-01
6.012000000000000207e-06,-4.595798552036285400e-01
6.012999999999999858e-06,6.283144000917673111e-03
6.014000000000000357e-06,4.707039296627044678e-01
6.015000000000000008e-06,8.270805478096008301e-01
6.015999999999999660e-06,9.936113357543945312e-01
6.017000000000000159e-06,9.320710897445678711e-01
6.017999999999999810e-06,6.565857529640197754e-01
6.019000000000000309e-06,2.303894311189651489e-01
6.019999999999999961e-06,-2.486898899078369141e-01
6.020999999999999612e-06,-6.706855893135070801e-01
6.022000000000000111e-06,-9.387338757514953613e-01
6.022999999999999762e-06,-9.913076162338256836e-01
6.024000000000000261e-06,-8.163392543792724609e-01
6.024999999999999913e-06,-4.539904892444610596e-01
6.026000000000000411e-06,1.256604027003049850e-02
6.027000000000000063e-06,4.762381911277770996e-01
6.027999999999999715e-06,8.305959105491638184e-01
6.029000000000000213e-06,9.943007826805114746e-01
6.029999999999999865e-06,9.297764897346496582e-01
6.031000000000000363e-06,6.518337130546569824e-01
6.032000000000000015e-06,2.242707610130310059e-01
6.032999999999999667e-06,-2.547707259654998779e-01
6.034000000000000165e-06,-6.753327846527099609e-01
6.034999999999999817e-06,-9.408807754516601562e-01
6.036000000000000316e-06,-9.904614090919494629e-01
6.036999999999999967e-06,-8.126941919326782227e-01
6.037999999999999619e-06,-4.483832120895385742e-01
6.039000000000000117e-06,1.884843967854976654e-02
6.039999999999999769e-06,4.817536771297454834e-01
6.041000000000000268e-06,8.340784311294555664e-01
6.041999999999999919e-06,9.949510097503662109e-01
6.043000000000000418e-06,9.274451732635498047e-01
6.044000000000000070e-06,6.470559835433959961e-01
6.044999999999999721e-06,2.181432396173477173e-01
6.046000000000000220e-06,-2.608415186405181885e-01
6.046999999999999871e-06,-6.799533963203430176e-01
6.048000000000000370e-06,-9.429905414581298828e-01
6.049000000000000022e-06,-9.895761013031005859e-01
6.049999999999999673e-06,-8.090170025825500488e-01
6.051000000000000172e-06,-4.427582323551177979e-01
6.051999999999999824e-06,2.513009496033191681e-02
6.053000000000000322e-06,4.872501194477081299e-01
6.053999999999999974e-06,8.375280499458312988e-01
6.054999999999999625e-06,9.955619573593139648e-01
6.056000000000000124e-06,9.250771999359130859e-01
6.056999999999999776e-06,6.422526240348815918e-01
6.058000000000000274e-06,2.120071053504943848e-01
6.058999999999999926e-06,-2.669019997119903564e-01
6.059999999999999578e-06,-6.845471262931823730e-01
6.061000000000000076e-06,-9.450630545616149902e-01
6.061999999999999728e-06,-9.886517524719238281e-01
6.063000000000000226e-06,-8.053078651428222656e-01
6.063999999999999878e-06,-4.371157586574554443e-01
6.065000000000000377e-06,3.141075745224952698e-02
6.066000000000000028e-06,4.927273392677307129e-01
6.066999999999999680e-06,8.409445881843566895e-01
6.068000000000000179e-06,9.961336255073547363e-01
6.068999999999999830e-06,9.226727485656738281e-01
6.070000000000000329e-06,6.374239921569824219e-01
6.070999999999999980e-06,2.058626115322113037e-01
6.071999999999999632e-06,-2.729519307613372803e-01
6.073000000000000131e-06,-6.891137957572937012e-01
6.073999999999999782e-06,-9.470983147621154785e-01
6.075000000000000281e-06,-9.876883625984191895e-01
6.075999999999999933e-06,-8.015669584274291992e-01
6.076999999999999584e-06,-4.314560592174530029e-01
6.078000000000000083e-06,3.769018128514289856e-02
6.078999999999999734e-06,4.981850981712341309e-01
6.080000000000000233e-06,8.443279266357421875e-01
6.080999999999999885e-06,9.966659545898437500e-01
6.082000000000000383e-06,9.202318191528320312e-01
6.083000000000000035e-06,6.325701475143432617e-01
6.083999999999999687e-06,1.997099816799163818e-01
6.085000000000000185e-06,-2.789911031723022461e-01
6.085999999999999837e-06,-6.936532855033874512e-01
6.087000000000000335e-06,-9.490961432456970215e-01
6.087999999999999987e-06,-9.866859316825866699e-01
6.088999999999999639e-06,-7.977944612503051758e-01
6.090000000000000137e-06,-4.257792830467224121e-01
6.090999999999999789e-06,4.396811872720718384e-02
6.092000000000000288e-06,5.036231875419616699e-01
6.092999999999999939e-06,8.476779460906982422e-01
6.093999999999999591e-06,9.971588850021362305e-01
6.095000000000000089e-06,9.177546501159667969e-01
6.095999999999999741e-06,6.276913881301879883e-01
6.097000000000000240e-06,1.935494691133499146e-01
6.097999999999999891e-06,-2.850192487239837646e-01
6.099000000000000390e-06,-6.981654167175292969e-01
6.100000000000000042e-06,-9.510565400123596191e-01
6.100999999999999693e-06,-9.856445789337158203e-01
6.102000000000000192e-06,-7.939903736114501953e-01
6.102999999999999843e-06,-4.200857281684875488e-01
6.104000000000000342e-06,5.024431645870208740e-02
6.104999999999999994e-06,5.090414285659790039e-01
6.105999999999999645e-06,8.509944677352905273e-01
6.107000000000000144e-06,9.976125359535217285e-01
6.107999999999999796e-06,9.152411818504333496e-01
6.109000000000000294e-06,6.227877736091613770e-01
6.109999999999999946e-06,1.873813122510910034e-01
6.110999999999999597e-06,-2.910361588001251221e-01
6.112000000000000096e-06,-7.026499509811401367e-01
6.112999999999999748e-06,-9.529793262481689453e-01
6.114000000000000246e-06,-9.845643639564514160e-01
6.114999999999999898e-06,-7.901549935340881348e-01
6.116000000000000397e-06,-4.143755733966827393e-01
6.117000000000000048e-06,5.651853606104850769e-02
6.117999999999999700e-06,5.144395232200622559e-01
6.119000000000000199e-06,8.542774319648742676e-01
6.119999999999999850e-06,9.980267286300659180e-01
6.121000000000000349e-06,9.126915931701660156e-01
6.122000000000000000e-06,6.178596019744873047e-01
6.122999999999999652e-06,1.812057644128799438e-01
6.124000000000000151e-06,-2.970415949821472168e-01
6.124999999999999802e-06,-7.071067690849304199e-01
6.126000000000000301e-06,-9.548645615577697754e-01
6.126999999999999952e-06,-9.834452271461486816e-01
6.127999999999999604e-06,-7.862884402275085449e-01
6.129000000000000103e-06,-4.086490869522094727e-01
6.129999999999999754e-06,6.279052048921585083e-02
6.131000000000000253e-06,5.198173522949218750e-01
6.131999999999999905e-06,8.575266599655151367e-01
6.133000000000000403e-06,9.984015226364135742e-01
6.134000000000000055e-06,9.101059436798095703e-01
6.134999999999999706e-06,6.129070520401000977e-01
6.136000000000000205e-06,1.750230640172958374e-01
6.136999999999999857e-06,-3.030352592468261719e-01
6.138000000000000355e-06,-7.115356922149658203e-01
6.139000000000000007e-06,-9.567120671272277832e-01
6.139999999999999659e-06,-9.822872281074523926e-01
6.141000000000000157e-06,-7.823908329010009766e-01
6.141999999999999809e-06,-4.029064476490020752e-01
6.143000000000000308e-06,6.906002759933471680e-02
6.143999999999999959e-06,5.251746177673339844e-01
6.144999999999999611e-06,8.607420325279235840e-01
6.146000000000000109e-06,9.987369775772094727e-01
6.146999999999999761e-06,9.074844121932983398e-01
6.148000000000000260e-06,6.079303026199340820e-01
6.148999999999999911e-06,1.688334494829177856e-01
6.150000000000000410e-06,-3.090170025825500488e-01
6.151000000000000062e-06,-7.159364819526672363e-01
6.151999999999999713e-06,-9.585217833518981934e-01
6.153000000000000212e-06,-9.810905456542968750e-01
6.153999999999999863e-06,-7.784622907638549805e-01
6.155000000000000362e-06,-3.971478939056396484e-01
6.156000000000000014e-06,7.532680779695510864e-02
6.156999999999999665e-06,5.305112004280090332e-01
6.158000000000000164e-06,8.639234304428100586e-01
6.158999999999999816e-06,9.990329146385192871e-01
6.160000000000000314e-06,9.048270583152770996e-01
6.160999999999999966e-06,6.029295325279235840e-01
6.161999999999999617e-06,1.626371592283248901e-01
6.163000000000000116e-06,-3.149865269660949707e-01
6.163999999999999768e-06,-7.203090190887451172e-01
6.165000000000000266e-06,-9.602937102317810059e-01
6.165999999999999918e-06,-9.798550605773925781e-01
6.167000000000000417e-06,-7.745030522346496582e-01
6.168000000000000068e-06,-3.913736641407012939e-01
6.168999999999999720e-06,8.159061521291732788e-02
6.170000000000000218e-06,5.358268022537231445e-01
6.170999999999999870e-06,8.670706748962402344e-01
6.172000000000000369e-06,9.992894530296325684e-01
6.173000000000000020e-06,9.021339416503906250e-01
6.173999999999999672e-06,5.979049801826477051e-01
6.175000000000000171e-06,1.564344614744186401e-01
6.175999999999999822e-06,-3.209436237812042236e-01
6.177000000000000321e-06,-7.246531248092651367e-01
6.177999999999999972e-06,-9.620276689529418945e-01
6.178999999999999624e-06,-9.785808920860290527e-01
6.180000000000000123e-06,-7.705132365226745605e-01
6.180999999999999774e-06,-3.855839967727661133e-01
6.182000000000000273e-06,8.785119652748107910e-02
6.182999999999999925e-06,5.411212444305419922e-01
6.184000000000000423e-06,8.701837658882141113e-01
6.185000000000000075e-06,9.995065331459045410e-01
6.185999999999999726e-06,8.994052410125732422e-01
6.187000000000000225e-06,5.928568243980407715e-01
6.187999999999999877e-06,1.502255946397781372e-01
6.189000000000000375e-06,-3.268880248069763184e-01
6.190000000000000027e-06,-7.289686203002929688e-01
6.190999999999999679e-06,-9.637236595153808594e-01
6.192000000000000177e-06,-9.772680997848510742e-01
6.192999999999999829e-06,-7.664930224418640137e-01
6.194000000000000327e-06,-3.797791004180908203e-01
6.194999999999999979e-06,9.410831332206726074e-02
6.195999999999999631e-06,5.463943481445312500e-01
6.197000000000000129e-06,8.732624650001525879e-01
6.197999999999999781e-06,9.996842145919799805e-01
6.199000000000000280e-06,8.966410160064697266e-01
6.199999999999999931e-06,5.877852439880371094e-01
6.200999999999999583e-06,1.440107822418212891e-01
6.202000000000000081e-06,-3.328195512294769287e-01
6.202999999999999733e-06,-7.332553267478942871e-01
6.204000000000000232e-06,-9.653816223144531250e-01
6.204999999999999883e-06,-9.759167432785034180e-01
6.206000000000000382e-06,-7.624425292015075684e-01
6.207000000000000034e-06,-3.739592134952545166e-01
6.207999999999999685e-06,1.003617122769355774e-01
6.209000000000000184e-06,5.516458749771118164e-01
6.209999999999999835e-06,8.763066530227661133e-01
6.211000000000000334e-06,9.998223781585693359e-01
6.211999999999999986e-06,8.938414454460144043e-01
6.212999999999999637e-06,5.826904773712158203e-01
6.214000000000000136e-06,1.377902925014495850e-01
6.214999999999999788e-06,-3.387379348278045654e-01
6.216000000000000286e-06,-7.375131249427795410e-01
6.216999999999999938e-06,-9.670014977455139160e-01
6.217999999999999589e-06,-9.745268821716308594e-01
6.219000000000000088e-06,-7.583619356155395508e-01
6.219999999999999740e-06,-3.681245446205139160e-01
6.221000000000000238e-06,1.066111549735069275e-01
6.221999999999999890e-06,5.568756461143493652e-01
6.223000000000000389e-06,8.793163299560546875e-01
6.224000000000000040e-06,9.999210238456726074e-01
6.224999999999999692e-06,8.910065293312072754e-01
6.226000000000000190e-06,5.775727033615112305e-01
6.226999999999999842e-06,1.315643638372421265e-01
6.228000000000000341e-06,-3.446429371833801270e-01
6.228999999999999992e-06,-7.417417764663696289e-01
6.229999999999999644e-06,-9.685831665992736816e-01
6.231000000000000143e-06,-9.730985164642333984e-01
6.231999999999999794e-06,-7.542513608932495117e-01
6.233000000000000293e-06,-3.622753620147705078e-01
6.233999999999999944e-06,1.128563880920410156e-01
6.234999999999999596e-06,5.620833635330200195e-01
6.236000000000000095e-06,8.822911977767944336e-01
6.236999999999999746e-06,9.999802708625793457e-01
6.238000000000000245e-06,8.881364464759826660e-01
6.238999999999999897e-06,5.724321007728576660e-01
6.240000000000000395e-06,1.253332346677780151e-01
6.241000000000000047e-06,-3.505343198776245117e-01
6.241999999999999698e-06,-7.459411621093750000e-01
6.243000000000000197e-06,-9.701265692710876465e-01
6.243999999999999849e-06,-9.716317057609558105e-01
6.245000000000000347e-06,-7.501110434532165527e-01
6.245999999999999999e-06,-3.564118742942810059e-01
6.246999999999999651e-06,1.190971583127975464e-01
6.248000000000000149e-06,5.672689676284790039e-01
6.248999999999999801e-06,8.852313160896301270e-01
6.250000000000000300e-06,1.000000000000000000e+00
6.250999999999999951e-06,8.852313160896301270e-01
6.251999999999999603e-06,5.672689676284790039e-01
6.253000000000000101e-06,1.190971583127975464e-01
6.253999999999999753e-06,-3.564118742942810059e-01
6.255000000000000252e-06,-7.501110434532165527e-01
6.255999999999999903e-06,-9.716317057609558105e-01
6.257000000000000402e-06,-9.701265692710876465e-01
6.258000000000000054e-06,-7.459411621093750000e-01
6.258999999999999705e-06,-3.505343198776245117e-01
6.260000000000000204e-06,1.253332346677780151e-01
6.260999999999999855e-06,5.724321007728576660e-01
6.262000000000000354e-06,8.881364464759826660e-01
6.263000000000000006e-06,9.999802708625793457e-01
6.263999999999999657e-06,8.822911977767944336e-01
6.265000000000000156e-06,5.620833635330200195e-01
6.265999999999999808e-06,1.128563880920410156e-01
6.267000000000000306e-06,-3.622753620147705078e-01
6.267999999999999958e-06,-7.542513608932495117e-01
6.268999999999999609e-06,-9.730985164642333984e-01
6.270000000000000108e-06,-9.685831665992736816e-01
6.270999999999999760e-06,-7.417417764663696289e-01
6.272000000000000258e-06,-3.446429371833801270e-01
6.272999999999999910e-06,1.315643638372421265e-01
6.274000000000000409e-06,5.775727033615112305e-01
6.275000000000000060e-06,8.910065293312072754e-01
6.275999999999999712e-06,9.999210238456726074e-01
6.277000000000000210e-06,8.793163299560546875e-01
6.277999999999999862e-06,5.568756461143493652e-01
6.279000000000000361e-06,1.066111549735069275e-01
6.280000000000000012e-06,-3.681245446205139160e-01
6.280999999999999664e-06,-7.583619356155395508e-01
6.282000000000000163e-06,-9.745268821716308594e-01
6.282999999999999814e-06,-9.670014977455139160e-01
6.284000000000000313e-06,-7.375131249427795410e-01
6.284999999999999964e-06,-3.387379348278045654e-01
6.285999999999999616e-06,1.377902925014495850e-01
6.287000000000000115e-06,5.826904773712158203e-01
6.287999999999999766e-06,8.938414454460144043e-01
6.289000000000000265e-06,9.998223781585693359e-01
6.289999999999999917e-06,8.763066530227661133e-01
6.291000000000000415e-06,5.516458749771118164e-01
6.292000000000000067e-06,1.003617122769355774e-01
6.292999999999999718e-06,-3.739592134952545166e-01
6.294000000000000217e-06,-7.624425292015075684e-01
6.294999999999999869e-06,-9.759167432785034180e-01
6.296000000000000367e-06,-9.653816223144531250e-01
6.297000000000000019e-06,-7.332553267478942871e-01
6.297999999999999671e-06,-3.328195512294769287e-01
6.299000000000000169e-06,1.440107822418212891e-01
6.299999999999999821e-06,5.877852439880371094e-01
6.301000000000000319e-06,8.966410160064697266e-01
6.301999999999999971e-06,9.996842145919799805e-01
6.302999999999999623e-06,8.732624650001525879e-01
6.304000000000000121e-06,5.463943481445312500e-01
6.304999999999999773e-06,9.410831332206726074e-02
6.306000000000000272e-06,-3.797791004180908203e-01
6.306999999999999923e-06,-7.664930224418640137e-01
6.308000000000000422e-06,-9.772680997848510742e-01
6.309000000000000073e-06,-9.637236595153808594e-01
6.309999999999999725e-06,-7.289686203002929688e-01
6.311000000000000224e-06,-3.268880248069763184e-01
6.311999999999999875e-06,1.502255946397781372e-01
6.313000000000000374e-06,5.928568243980407715e-01
6.314000000000000026e-06,8.994052410125732422e-01
6.314999999999999677e-06,9.995065331459045410e-01
6.316000000000000176e-06,8.701837658882141113e-01
6.316999999999999827e-06,5.411212444305419922e-01
6.318000000000000326e-06,8.785119652748107910e-02
6.318999999999999978e-06,-3.855839967727661133e-01
6.319999999999999629e-06,-7.705132365226745605e-01
6.321000000000000128e-06,-9.785808920860290527e-01
6.321999999999999780e-06,-9.620276689529418945e-01
6.323000000000000278e-06,-7.246531248092651367e-01
6.323999999999999930e-06,-3.209436237812042236e-01
6.324999999999999581e-06,1.564344614744186401e-01
6.326000000000000080e-06,5.979049801826477051e-01
6.326999999999999732e-06,9.021339416503906250e-01
6.328000000000000230e-06,9.992894530296325684e-01
6.328999999999999882e-06,8.670706748962402344e-01
6.330000000000000381e-06,5.358268022537231445e-01
6.331000000000000032e-06,8.159061521291732788e-02
6.331999999999999684e-06,-3.913736641407012939e-01
6.333000000000000182e-06,-7.745030522346496582e-01
6.333999999999999834e-06,-9.798550605773925781e-01
6.335000000000000333e-06,-9.602937102317810059e-01
6.335999999999999984e-06,-7.203090190887451172e-01
6.336999999999999636e-06,-3.149865269660949707e-01
6.338000000000000135e-06,1.626371592283248901e-01
6.338999999999999786e-06,6.029295325279235840e-01
6.340000000000000285e-06,9.048270583152770996e-01
6.340999999999999936e-06,9.990329146385192871e-01
6.341999999999999588e-06,8.639234304428100586e-01
6.343000000000000087e-06,5.305112004280090332e-01
6.343999999999999738e-06,7.532680779695510864e-02
6.345000000000000237e-06,-3.971478939056396484e-01
6.345999999999999889e-06,-7.784622907638549805e-01
6.347000000000000387e-06,-9.810905456542968750e-01
6.348000000000000039e-06,-9.585217833518981934e-01
6.348999999999999690e-06,-7.159364819526672363e-01
6.350000000000000189e-06,-3.090170025825500488e-01
6.350999999999999841e-06,1.688334494829177856e-01
6.352000000000000339e-06,6.079303026199340820e-01
6.352999999999999991e-06,9.074844121932983398e-01
6.353999999999999643e-06,9.987369775772094727e-01
6.355000000000000141e-06,8.607420325279235840e-01
6.355999999999999793e-06,5.251746177673339844e-01
6.357000000000000291e-06,6.906002759933471680e-02
6.357999999999999943e-06,-4.029064476490020752e-01
6.358999999999999595e-06,-7.823908329010009766e-01
6.360000000000000093e-06,-9.822872281074523926e-01
6.360999999999999745e-06,-9.567120671272277832e-01
6.362000000000000244e-06,-7.115356922149658203e-01
6.362999999999999895e-06,-3.030352592468261719e-01
6.364000000000000394e-06,1.750230640172958374e-01
6.365000000000000045e-06,6.129070520401000977e-01
6.365999999999999697e-06,9.101059436798095703e-01
6.367000000000000196e-06,9.984015226364135742e-01
6.367999999999999847e-06,8.575266599655151367e-01
6.369000000000000346e-06,5.198173522949218750e-01
6.369999999999999998e-06,6.279052048921585083e-02
6.370999999999999649e-06,-4.086490869522094727e-01
6.372000000000000148e-06,-7.862884402275085449e-01
6.372999999999999799e-06,-9.834452271461486816e-01
6.374000000000000298e-06,-9.548645615577697754e-01
6.374999999999999950e-06,-7.071067690849304199e-01
6.375999999999999601e-06,-2.970415949821472168e-01
6.377000000000000100e-06,1.812057644128799438e-01
6.377999999999999752e-06,6.178596019744873047e-01
6.379000000000000250e-06,9.126915931701660156e-01
6.379999999999999902e-06,9.980267286300659180e-01
6.381000000000000401e-06,8.542774319648742676e-01
6.382000000000000052e-06,5.144395232200622559e-01
6.382999999999999704e-06,5.651853606104850769e-02
6.384000000000000202e-06,-4.143755733966827393e-01
6.384999999999999854e-06,-7.901549935340881348e-01
6.386000000000000353e-06,-9.845643639564514160e-01
6.387000000000000004e-06,-9.529793262481689453e-01
6.387999999999999656e-06,-7.026499509811401367e-01
6.389000000000000155e-06,-2.910361588001251221e-01
6.389999999999999806e-06,1.873813122510910034e-01
6.391000000000000305e-06,6.227877736091613770e-01
6.391999999999999956e-06,9.152411818504333496e-01
6.392999999999999608e-06,9.976125359535217285e-01
6.394000000000000107e-06,8.509944677352905273e-01
6.394999999999999758e-06,5.090414285659790039e-01
6.396000000000000257e-06,5.024431645870208740e-02
6.396999999999999909e-06,-4.200857281684875488e-01
6.398000000000000407e-06,-7.939903736114501953e-01
6.399000000000000059e-06,-9.856445789337158203e-01
6.399999999999999710e-06,-9.510565400123596191e-01
6.401000000000000209e-06,-6.981654167175292969e-01
6.401999999999999861e-06,-2.850192487239837646e-01
6.403000000000000359e-06,1.935494691133499146e-01
6.404000000000000011e-06,6.276913881301879883e-01
6.404999999999999663e-06,9.177546501159667969e-01
6.406000000000000161e-06,9.971588850021362305e-01
6.406999999999999813e-06,8.476779460906982422e-01
6.408000000000000311e-06,5.036231875419616699e-01
6.408999999999999963e-06,4.396811872720718384e-02
6.409999999999999615e-06,-4.257792830467224121e-01
6.411000000000000113e-06,-7.977944612503051758e-01
6.411999999999999765e-06,-9.866859316825866699e-01
6.413000000000000264e-06,-9.490961432456970215e-01
6.413999999999999915e-06,-6.936532855033874512e-01
6.415000000000000414e-06,-2.789911031723022461e-01
6.416000000000000065e-06,1.997099816799163818e-01
6.416999999999999717e-06,6.325701475143432617e-01
6.418000000000000216e-06,9.202318191528320312e-01
6.418999999999999867e-06,9.966659545898437500e-01
6.420000000000000366e-06,8.443279266357421875e-01
6.421000000000000018e-06,4.981850981712341309e-01
6.421999999999999669e-06,3.769018128514289856e-02
6.423000000000000168e-06,-4.314560592174530029e-01
6.423999999999999819e-06,-8.015669584274291992e-01
6.425000000000000318e-06,-9.876883625984191895e-01
6.425999999999999970e-06,-9.470983147621154785e-01
6.426999999999999621e-06,-6.891137957572937012e-01
6.428000000000000120e-06,-2.729519307613372803e-01
6.428999999999999772e-06,2.058626115322113037e-01
6.430000000000000270e-06,6.374239921569824219e-01
6.430999999999999922e-06,9.226727485656738281e-01
6.432000000000000420e-06,9.961336255073547363e-01
6.433000000000000072e-06,8.409445881843566895e-01
6.433999999999999724e-06,4.927273392677307129e-01
6.435000000000000222e-06,3.141075745224952698e-02
6.435999999999999874e-06,-4.371157586574554443e-01
6.437000000000000373e-06,-8.053078651428222656e-01
6.438000000000000024e-06,-9.886517524719238281e-01
6.438999999999999676e-06,-9.450630545616149902e-01
6.440000000000000174e-06,-6.845471262931823730e-01
6.440999999999999826e-06,-2.669019997119903564e-01
6.442000000000000325e-06,2.120071053504943848e-01
6.442999999999999976e-06,6.422526240348815918e-01
6.443999999999999628e-06,9.250771999359130859e-01
6.445000000000000127e-06,9.955619573593139648e-01
6.445999999999999778e-06,8.375280499458312988e-01
6.447000000000000277e-06,4.872501194477081299e-01
6.447999999999999928e-06,2.513009496033191681e-02
6.448999999999999580e-06,-4.427582323551177979e-01
6.450000000000000079e-06,-8.090170025825500488e-01
6.450999999999999730e-06,-9.895761013031005859e-01
6.452000000000000229e-06,-9.429905414581298828e-01
6.452999999999999881e-06,-6.799533963203430176e-01
6.454000000000000379e-06,-2.608415186405181885e-01
6.455000000000000031e-06,2.181432396173477173e-01
6.455999999999999682e-06,6.470559835433959961e-01
6.457000000000000181e-06,9.274451732635498047e-01
6.457999999999999833e-06,9.949510097503662109e-01
6.459000000000000331e-06,8.340784311294555664e-01
6.459999999999999983e-06,4.817536771297454834e-01
6.460999999999999635e-06,1.884843967854976654e-02
6.462000000000000133e-06,-4.483832120895385742e-01
6.462999999999999785e-06,-8.126941919326782227e-01
6.464000000000000283e-06,-9.904614090919494629e-01
6.464999999999999935e-06,-9.408807754516601562e-01
6.465999999999999587e-06,-6.753327846527099609e-01
6.467000000000000085e-06,-2.547707259654998779e-01
6.467999999999999737e-06,2.242707610130310059e-01
6.469000000000000236e-06,6.518337130546569824e-01
6.469999999999999887e-06,9.297764897346496582e-01
6.471000000000000386e-06,9.943007826805114746e-01
6.472000000000000037e-06,8.305959105491638184e-01
6.472999999999999689e-06,4.762381911277770996e-01
6.474000000000000188e-06,1.256604027003049850e-02
6.474999999999999839e-06,-4.539904892444610596e-01
6.476000000000000338e-06,-8.163392543792724609e-01
6.476999999999999990e-06,-9.913076162338256836e-01
6.477999999999999641e-06,-9.387338757514953613e-01
6.479000000000000140e-06,-6.706855893135070801e-01
6.479999999999999791e-06,-2.486898899078369141e-01
6.481000000000000290e-06,2.303894311189651489e-01
6.481999999999999942e-06,6.565857529640197754e-01
6.482999999999999593e-06,9.320710897445678711e-01
6.484000000000000092e-06,9.936113357543945312e-01
6.484999999999999744e-06,8.270805478096008301e-01
6.486000000000000242e-06,4.707039296627044678e-01
6.486999999999999894e-06,6.283144000917673111e-03
6.488000000000000393e-06,-4.595798552036285400e-01
6.489000000000000044e-06,-8.199521303176879883e-01
6.489999999999999696e-06,-9.921147227287292480e-01
6.491000000000000194e-06,-9.365499019622802734e-01
6.491999999999999846e-06,-6.660118699073791504e-01
6.493000000000000345e-06,-2.425992339849472046e-01
6.493999999999999996e-06,2.364989966154098511e-01
6.494999999999999648e-06,6.613118648529052734e-01
6.496000000000000147e-06,9.343289136886596680e-01
6.496999999999999798e-06,9.928826093673706055e-01
6.498000000000000297e-06,8.235325813293457031e-01
6.498999999999999948e-06,4.651510715484619141e-01
6.499999999999999600e-06,-8.863261280510695284e-15
6.501000000000000099e-06,-4.651510715484619141e-01
6.501999999999999750e-06,-8.235325813293457031e-01
6.503000000000000249e-06,-9.928826093673706055e-01
6.503999999999999900e-06,-9.343289136886596680e-01
6.505000000000000399e-06,-6.613118648529052734e-01
6.506000000000000051e-06,-2.364989966154098511e-01
6.506999999999999702e-06,2.425992339849472046e-01
6.508000000000000201e-06,6.660118699073791504e-01
6.508999999999999853e-06,9.365499019622802734e-01
6.510000000000000351e-06,9.921147227287292480e-01
6.511000000000000003e-06,8.199521303176879883e-01
6.511999999999999654e-06,4.595798552036285400e-01
6.513000000000000153e-06,-6.283144000917673111e-03
6.513999999999999805e-06,-4.707039296627044678e-01
6.515000000000000303e-06,-8.270805478096008301e-01
6.515999999999999955e-06,-9.936113357543945312e-01
6.516999999999999607e-06,-9.320710897445678711e-01
6.518000000000000105e-06,-6.565857529640197754e-01
6.518999999999999757e-06,-2.303894311189651489e-01
6.520000000000000256e-06,2.486898899078369141e-01
6.520999999999999907e-06,6.706855893135070801e-01
6.522000000000000406e-06,9.387338757514953613e-01
6.523000000000000057e-06,9.913076162338256836e-01
6.523999999999999709e-06,8.163392543792724609e-01
6.525000000000000208e-06,4.539904892444610596e-01
6.525999999999999859e-06,-1.256604027003049850e-02
6.527000000000000358e-06,-4.762381911277770996e-01
6.528000000000000010e-06,-8.305959105491638184e-01
6.528999999999999661e-06,-9.943007826805114746e-01
6.530000000000000160e-06,-9.297764897346496582e-01
6.530999999999999811e-06,-6.518337130546569824e-01
6.532000000000000310e-06,-2.242707610130310059e-01
6.532999999999999962e-06,2.547707259654998779e-01
6.533999999999999613e-06,6.753327846527099609e-01
6.535000000000000112e-06,9.408807754516601562e-01
6.535999999999999764e-06,9.904614090919494629e-01
6.537000000000000262e-06,8.126941919326782227e-01
6.537999999999999914e-06,4.483832120895385742e-01
6.539000000000000412e-06,-1.884843967854976654e-02
6.540000000000000064e-06,-4.817536771297454834e-01
6.540999999999999716e-06,-8.340784311294555664e-01
6.542000000000000214e-06,-9.949510097503662109e-01
6.542999999999999866e-06,-9.274451732635498047e-01
6.544000000000000365e-06,-6.470559835433959961e-01
6.545000000000000016e-06,-2.181432396173477173e-01
6.545999999999999668e-06,2.608415186405181885e-01
6.547000000000000166e-06,6.799533963203430176e-01
6.547999999999999818e-06,9.429905414581298828e-01
6.549000000000000317e-06,9.895761013031005859e-01
6.549999999999999968e-06,8.090170025825500488e-01
6.550999999999999620e-06,4.427582323551177979e-01
6.552000000000000119e-06,-2.513009496033191681e-02
6.552999999999999770e-06,-4.872501194477081299e-01
6.554000000000000269e-06,-8.375280499458312988e-01
6.554999999999999920e-06,-9.955619573593139648e-01
6.556000000000000419e-06,-9.250771999359130859e-01
6.557000000000000071e-06,-6.422526240348815918e-01
6.557999999999999722e-06,-2.120071053504943848e-01
6.559000000000000221e-06,2.669019997119903564e-01
6.559999999999999873e-06,6.845471262931823730e-01
6.561000000000000371e-06,9.450630545616149902e-01
6.562000000000000023e-06,9.886517524719238281e-01
6.562999999999999674e-06,8.053078651428222656e-01
6.564000000000000173e-06,4.371157586574554443e-01
6.564999999999999825e-06,-3.141075745224952698e-02
6.566000000000000323e-06,-4.927273392677307129e-01
6.566999999999999975e-06,-8.409445881843566895e-01
6.567999999999999627e-06,-9.961336255073547363e-01
6.569000000000000125e-06,-9.226727485656738281e-01
6.569999999999999777e-06,-6.374239921569824219e-01
6.571000000000000275e-06,-2.058626115322113037e-01
6.571999999999999927e-06,2.729519307613372803e-01
6.572999999999999579e-06,6.891137957572937012e-01
6.574000000000000077e-06,9.470983147621154785e-01
6.574999999999999729e-06,9.876883625984191895e-01
6.576000000000000228e-06,8.015669584274291992e-01
6.576999999999999879e-06,4.314560592174530029e-01
6.578000000000000378e-06,-3.769018128514289856e-02
6.579000000000000029e-06,-4.981850981712341309e-01
6.579999999999999681e-06,-8.443279266357421875e-01
6.581000000000000180e-06,-9.966659545898437500e-01
6.581999999999999831e-06,-9.202318191528320312e-01
6.583000000000000330e-06,-6.325701475143432617e-01
6.583999999999999982e-06,-1.997099816799163818e-01
6.584999999999999633e-06,2.789911031723022461e-01
6.586000000000000132e-06,6.936532855033874512e-01
6.586999999999999783e-06,9.490961432456970215e-01
6.588000000000000282e-06,9.866859316825866699e-01
6.588999999999999934e-06,7.977944612503051758e-01
6.589999999999999585e-06,4.257792830467224121e-01
6.591000000000000084e-06,-4.396811872720718384e-02
6.591999999999999736e-06,-5.036231875419616699e-01
6.593000000000000234e-06,-8.476779460906982422e-01
6.593999999999999886e-06,-9.971588850021362305e-01
6.595000000000000384e-06,-9.177546501159667969e-01
6.596000000000000036e-06,-6.276913881301879883e-01
6.596999999999999688e-06,-1.935494691133499146e-01
6.598000000000000186e-06,2.850192487239837646e-01
6.598999999999999838e-06,6.981654167175292969e-01
6.600000000000000337e-06,9.510565400123596191e-01
6.600999999999999988e-06,9.856445789337158203e-01
6.601999999999999640e-06,7.939903736114501953e-01
6.603000000000000138e-06,4.200857281684875488e-01
6.603999999999999790e-06,-5.024431645870208740e-02
6.605000000000000289e-06,-5.090414285659790039e-01
6.605999999999999940e-06,-8.509944677352905273e-01
6.606999999999999592e-06,-9.976125359535217285e-01
6.608000000000000091e-06,-9.152411818504333496e-01
6.608999999999999742e-06,-6.227877736091613770e-01
6.610000000000000241e-06,-1.873813122510910034e-01
6.610999999999999892e-06,2.910361588001251221e-01
6.612000000000000391e-06,7.026499509811401367e-01
6.613000000000000043e-06,9.529793262481689453e-01
6.613999999999999694e-06,9.845643639564514160e-01
6.615000000000000193e-06,7.901549935340881348e-01
6.615999999999999845e-06,4.143755733966827393e-01
6.617000000000000343e-06,-5.651853606104850769e-02
6.617999999999999995e-06,-5.144395232200622559e-01
6.618999999999999646e-06,-8.542774319648742676e-01
6.620000000000000145e-06,-9.980267286300659180e-01
6.620999999999999797e-06,-9.126915931701660156e-01
6.622000000000000295e-06,-6.178596019744873047e-01
6.622999999999999947e-06,-1.812057644128799438e-01
6.623999999999999599e-06,2.970415949821472168e-01
6.625000000000000097e-06,7.071067690849304199e-01
6.625999999999999749e-06,9.548645615577697754e-01
6.627000000000000248e-06,9.834452271461486816e-01
6.627999999999999899e-06,7.862884402275085449e-01
6.629000000000000398e-06,4.086490869522094727e-01
6.630000000000000049e-06,-6.279052048921585083e-02
6.630999999999999701e-06,-5.198173522949218750e-01
6.632000000000000200e-06,-8.575266599655151367e-01
6.632999999999999851e-06,-9.984015226364135742e-01
6.634000000000000350e-06,-9.101059436798095703e-01
6.635000000000000002e-06,-6.129070520401000977e-01
6.635999999999999653e-06,-1.750230640172958374e-01
6.637000000000000152e-06,3.030352592468261719e-01
6.637999999999999803e-06,7.115356922149658203e-01
6.639000000000000302e-06,9.567120671272277832e-01
6.639999999999999954e-06,9.822872281074523926e-01
6.640999999999999605e-06,7.823908329010009766e-01
6.642000000000000104e-06,4.029064476490020752e-01
6.642999999999999756e-06,-6.906002759933471680e-02
6.644000000000000254e-06,-5.251746177673339844e-01
6.644999999999999906e-06,-8.607420325279235840e-01
6.646000000000000404e-06,-9.987369775772094727e-01
6.647000000000000056e-06,-9.074844121932983398e-01
6.647999999999999708e-06,-6.079303026199340820e-01
6.649000000000000206e-06,-1.688334494829177856e-01
6.649999999999999858e-06,3.090170025825500488e-01
6.651000000000000357e-06,7.159364819526672363e-01
6.652000000000000008e-06,9.585217833518981934e-01
6.652999999999999660e-06,9.810905456542968750e-01
6.654000000000000158e-06,7.784622907638549805e-01
6.654999999999999810e-06,3.971478939056396484e-01
6.656000000000000309e-06,-7.532680779695510864e-02
6.656999999999999960e-06,-5.305112004280090332e-01
6.657999999999999612e-06,-8.639234304428100586e-01
6.659000000000000111e-06,-9.990329146385192871e-01
6.659999999999999762e-06,-9.048270583152770996e-01
6.661000000000000261e-06,-6.029295325279235840e-01
6.661999999999999912e-06,-1.626371592283248901e-01
6.663000000000000411e-06,3.149865269660949707e-01
6.664000000000000063e-06,7.203090190887451172e-01
6.664999999999999714e-06,9.602937102317810059e-01
6.666000000000000213e-06,9.798550605773925781e-01
6.666999999999999865e-06,7.745030522346496582e-01
6.668000000000000363e-06,3.913736641407012939e-01
6.669000000000000015e-06,-8.159061521291732788e-02
6.669999999999999666e-06,-5.358268022537231445e-01
6.671000000000000165e-06,-8.670706748962402344e-01
6.671999999999999817e-06,-9.992894530296325684e-01
6.673000000000000315e-06,-9.021339416503906250e-01
6.673999999999999967e-06,-5.979049801826477051e-01
6.674999999999999619e-06,-1.564344614744186401e-01
6.676000000000000117e-06,3.209436237812042236e-01
6.676999999999999769e-06,7.246531248092651367e-01
6.678000000000000267e-06,9.620276689529418945e-01
6.678999999999999919e-06,9.785808920860290527e-01
6.680000000000000418e-06,7.705132365226745605e-01
6.681000000000000069e-06,3.855839967727661133e-01
6.681999999999999721e-06,-8.785119652748107910e-02
6.683000000000000220e-06,-5.411212444305419922e-01
6.683999999999999871e-06,-8.701837658882141113e-01
6.685000000000000370e-06,-9.995065331459045410e-01
6.686000000000000021e-06,-8.994052410125732422e-01
6.686999999999999673e-06,-5.928568243980407715e-01
6.688000000000000172e-06,-1.502255946397781372e-01
6.688999999999999823e-06,3.268880248069763184e-01
6.690000000000000322e-06,7.289686203002929688e-01
6.690999999999999974e-06,9.637236595153808594e-01
6.691999999999999625e-06,9.772680997848510742e-01
6.693000000000000124e-06,7.664930224418640137e-01
6.693999999999999775e-06,3.797791004180908203e-01
6.695000000000000274e-06,-9.410831332206726074e-02
6.695999999999999926e-06,-5.463943481445312500e-01
6.696999999999999577e-06,-8.732624650001525879e-01
6.698000000000000076e-06,-9.996842145919799805e-01
6.698999999999999728e-06,-8.966410160064697266e-01
6.700000000000000226e-06,-5.877852439880371094e-01
6.700999999999999878e-06,-1.440107822418212891e-01
6.702000000000000376e-06,3.328195512294769287e-01
6.703000000000000028e-06,7.332553267478942871e-01
6.703999999999999680e-06,9.653816223144531250e-01
6.705000000000000178e-06,9.759167432785034180e-01
6.705999999999999830e-06,7.624425292015075684e-01
6.707000000000000329e-06,3.739592134952545166e-01
6.707999999999999980e-06,-1.003617122769355774e-01
6.708999999999999632e-06,-5.516458749771118164e-01
6.710000000000000130e-06,-8.763066530227661133e-01
6.710999999999999782e-06,-9.998223781585693359e-01
6.712000000000000281e-06,-8.938414454460144043e-01
6.712999999999999932e-06,-5.826904773712158203e-01
6.713999999999999584e-06,-1.377902925014495850e-01
6.715000000000000083e-06,3.387379348278045654e-01
6.715999999999999734e-06,7.375131249427795410e-01
6.717000000000000233e-06,9.670014977455139160e-01
6.717999999999999884e-06,9.745268821716308594e-01
6.719000000000000383e-06,7.583619356155395508e-01
6.720000000000000035e-06,3.681245446205139160e-01
6.720999999999999686e-06,-1.066111549735069275e-01
6.722000000000000185e-06,-5.568756461143493652e-01
6.722999999999999837e-06,-8.793163299560546875e-01
6.724000000000000335e-06,-9.999210238456726074e-01
6.724999999999999987e-06,-8.910065293312072754e-01
6.725999999999999638e-06,-5.775727033615112305e-01
6.727000000000000137e-06,-1.315643638372421265e-01
6.727999999999999789e-06,3.446429371833801270e-01
6.729000000000000287e-06,7.417417764663696289e-01
6.729999999999999939e-06,9.685831665992736816e-01
6.730999999999999591e-06,9.730985164642333984e-01
6.732000000000000089e-06,7.542513608932495117e-01
6.732999999999999741e-06,3.622753620147705078e-01
6.734000000000000239e-06,-1.128563880920410156e-01
6.734999999999999891e-06,-5.620833635330200195e-01
6.736000000000000390e-06,-8.822911977767944336e-01
6.737000000000000041e-06,-9.999802708625793457e-01
6.737999999999999693e-06,-8.881364464759826660e-01
6.739000000000000192e-06,-5.724321007728576660e-01
6.739999999999999843e-06,-1.253332346677780151e-01
6.741000000000000342e-06,3.505343198776245117e-01
6.741999999999999993e-06,7.459411621093750000e-01
6.742999999999999645e-06,9.701265692710876465e-01
6.744000000000000144e-06,9.716317057609558105e-01
6.744999999999999795e-06,7.501110434532165527e-01
6.746000000000000294e-06,3.564118742942810059e-01
6.746999999999999946e-06,-1.190971583127975464e-01
6.747999999999999597e-06,-5.672689676284790039e-01
6.749000000000000096e-06,-8.852313160896301270e-01
6.749999999999999747e-06,-1.000000000000000000e+00
6.751000000000000246e-06,-8.852313160896301270e-01
6.751999999999999898e-06,-5.672689676284790039e-01
6.753000000000000396e-06,-1.190971583127975464e-01
6.754000000000000048e-06,3.564118742942810059e-01
6.754999999999999700e-06,7.501110434532165527e-01
6.756000000000000198e-06,9.716317057609558105e-01
6.756999999999999850e-06,9.701265692710876465e-01
6.758000000000000349e-06,7.459411621093750000e-01
6.759000000000000000e-06,3.505343198776245117e-01
6.759999999999999652e-06,-1.253332346677780151e-01
6.761000000000000150e-06,-5.724321007728576660e-01
6.761999999999999802e-06,-8.881364464759826660e-01
6.763000000000000301e-06,-9.999802708625793457e-01
6.763999999999999952e-06,-8.822911977767944336e-01
6.764999999999999604e-06,-5.620833635330200195e-01
6.766000000000000103e-06,-1.128563880920410156e-01
6.766999999999999754e-06,3.622753620147705078e-01
6.768000000000000253e-06,7.542513608932495117e-01
6.768999999999999904e-06,9.730985164642333984e-01
6.770000000000000403e-06,9.685831665992736816e-01
6.771000000000000055e-06,7.417417764663696289e-01
6.771999999999999706e-06,3.446429371833801270e-01
6.773000000000000205e-06,-1.315643638372421265e-01
6.773999999999999857e-06,-5.775727033615112305e-01
6.775000000000000355e-06,-8.910065293312072754e-01
6.776000000000000007e-06,-9.999210238456726074e-01
6.776999999999999658e-06,-8.793163299560546875e-01
6.778000000000000157e-06,-5.568756461143493652e-01
6.778999999999999809e-06,-1.066111549735069275e-01
6.780000000000000307e-06,3.681245446205139160e-01
6.780999999999999959e-06,7.583619356155395508e-01
6.781999999999999611e-06,9.745268821716308594e-01
6.783000000000000109e-06,9.670014977455139160e-01
6.783999999999999761e-06,7.375131249427795410e-01
6.785000000000000259e-06,3.387379348278045654e-01
6.785999999999999911e-06,-1.377902925014495850e-01
6.787000000000000410e-06,-5.826904773712158203e-01
6.788000000000000061e-06,-8.938414454460144043e-01
6.788999999999999713e-06,-9.998223781585693359e-01
6.790000000000000212e-06,-8.763066530227661133e-01
6.790999999999999863e-06,-5.516458749771118164e-01
6.792000000000000362e-06,-1.003617122769355774e-01
6.793000000000000013e-06,3.739592134952545166e-01
6.793999999999999665e-06,7.624425292015075684e-01
6.795000000000000164e-06,9.759167432785034180e-01
6.795999999999999815e-06,9.653816223144531250e-01
6.797000000000000314e-06,7.332553267478942871e-01
6.797999999999999966e-06,3.328195512294769287e-01
6.798999999999999617e-06,-1.440107822418212891e-01
6.800000000000000116e-06,-5.877852439880371094e-01
6.800999999999999767e-06,-8.966410160064697266e-01
6.802000000000000266e-06,-9.996842145919799805e-01
6.802999999999999918e-06,-8.732624650001525879e-01
6.804000000000000416e-06,-5.463943481445312500e-01
6.805000000000000068e-06,-9.410831332206726074e-02
6.805999999999999720e-06,3.797791004180908203e-01
6.807000000000000218e-06,7.664930224418640137e-01
6.807999999999999870e-06,9.772680997848510742e-01
6.809000000000000368e-06,9.637236595153808594e-01
6.810000000000000020e-06,7.289686203002929688e-01
6.810999999999999672e-06,3.268880248069763184e-01
6.812000000000000170e-06,-1.502255946397781372e-01
6.812999999999999822e-06,-5.928568243980407715e-01
6.814000000000000321e-06,-8.994052410125732422e-01
6.814999999999999972e-06,-9.995065331459045410e-01
6.815999999999999624e-06,-8.701837658882141113e-01
6.817000000000000122e-06,-5.411212444305419922e-01
6.817999999999999774e-06,-8.785119652748107910e-02
6.819000000000000273e-06,3.855839967727661133e-01
6.819999999999999924e-06,7.705132365226745605e-01
6.821000000000000423e-06,9.785808920860290527e-01
6.822000000000000075e-06,9.620276689529418945e-01
6.822999999999999726e-06,7.246531248092651367e-01
6.824000000000000225e-06,3.209436237812042236e-01
6.824999999999999876e-06,-1.564344614744186401e-01
6.826000000000000375e-06,-5.979049801826477051e-01
6.827000000000000027e-06,-9.021339416503906250e-01
6.827999999999999678e-06,-9.992894530296325684e-01
6.829000000000000177e-06,-8.670706748962402344e-01
6.829999999999999829e-06,-5.358268022537231445e-01
6.831000000000000327e-06,-8.159061521291732788e-02
6.831999999999999979e-06,3.913736641407012939e-01
6.832999999999999630e-06,7.745030522346496582e-01
6.834000000000000129e-06,9.798550605773925781e-01
6.834999999999999781e-06,9.602937102317810059e-01
6.836000000000000279e-06,7.203090190887451172e-01
6.836999999999999931e-06,3.149865269660949707e-01
6.837999999999999583e-06,-1.626371592283248901e-01
6.839000000000000081e-06,-6.029295325279235840e-01
6.839999999999999733e-06,-9.048270583152770996e-01
6.841000000000000231e-06,-9.990329146385192871e-01
6.841999999999999883e-06,-8.639234304428100586e-01
6.843000000000000382e-06,-5.305112004280090332e-01
6.844000000000000033e-06,-7.532680779695510864e-02
6.844999999999999685e-06,3.971478939056396484e-01
6.846000000000000184e-06,7.784622907638549805e-01
6.846999999999999835e-06,9.810905456542968750e-01
6.848000000000000334e-06,9.585217833518981934e-01
6.848999999999999985e-06,7.159364819526672363e-01
6.849999999999999637e-06,3.090170025825500488e-01
6.851000000000000136e-06,-1.688334494829177856e-01
6.851999999999999787e-06,-6.079303026199340820e-01
6.853000000000000286e-06,-9.074844121932983398e-01
6.853999999999999938e-06,-9.987369775772094727e-01
6.854999999999999589e-06,-8.607420325279235840e-01
6.856000000000000088e-06,-5.251746177673339844e-01
6.856999999999999739e-06,-6.906002759933471680e-02
6.858000000000000238e-06,4.029064476490020752e-01
6.858999999999999890e-06,7.823908329010009766e-01
6.860000000000000388e-06,9.822872281074523926e-01
6.861000000000000040e-06,9.567120671272277832e-01
6.861999999999999692e-06,7.115356922149658203e-01
6.863000000000000190e-06,3.030352592468261719e-01
6.863999999999999842e-06,-1.750230640172958374e-01
6.865000000000000341e-06,-6.129070520401000977e-01
6.865999999999999992e-06,-9.101059436798095703e-01
6.866999999999999644e-06,-9.984015226364135742e-01
6.868000000000000142e-06,-8.575266599655151367e-01
6.868999999999999794e-06,-5.198173522949218750e-01
6.870000000000000293e-06,-6.279052048921585083e-02
6.870999999999999944e-06,4.086490869522094727e-01
6.871999999999999596e-06,7.862884402275085449e-01
6.873000000000000095e-06,9.834452271461486816e-01
6.873999999999999746e-06,9.548645615577697754e-01
6.875000000000000245e-06,7.071067690849304199e-01
6.875999999999999896e-06,2.970415949821472168e-01
6.877000000000000395e-06,-1.812057644128799438e-01
6.878000000000000047e-06,-6.178596019744873047e-01
6.878999999999999698e-06,-9.126915931701660156e-01
6.880000000000000197e-06,-9.980267286300659180e-01
6.880999999999999848e-06,-8.542774319648742676e-01
6.882000000000000347e-06,-5.144395232200622559e-01
6.882999999999999999e-06,-5.651853606104850769e-02
6.883999999999999650e-06,4.143755733966827393e-01
6.885000000000000149e-06,7.901549935340881348e-01
6.885999999999999801e-06,9.845643639564514160e-01
6.887000000000000299e-06,9.529793262481689453e-01
6.887999999999999951e-06,7.026499509811401367e-01
6.888999999999999602e-06,2.910361588001251221e-01
6.890000000000000101e-06,-1.873813122510910034e-01
6.890999999999999753e-06,-6.227877736091613770e-01
6.892000000000000251e-06,-9.152411818504333496e-01
6.892999999999999903e-06,-9.976125359535217285e-01
6.894000000000000402e-06,-8.509944677352905273e-01
6.895000000000000053e-06,-5.090414285659790039e-01
6.895999999999999705e-06,-5.024431645870208740e-02
6.897000000000000204e-06,4.200857281684875488e-01
6.897999999999999855e-06,7.939903736114501953e-01
6.899000000000000354e-06,9.856445789337158203e-01
6.900000000000000005e-06,9.510565400123596191e-01
6.900999999999999657e-06,6.981654167175292969e-01
6.902000000000000156e-06,2.850192487239837646e-01
6.902999999999999807e-06,-1.935494691133499146e-01
6.904000000000000306e-06,-6.276913881301879883e-01
6.904999999999999958e-06,-9.177546501159667969e-01
6.905999999999999609e-06,-9.971588850021362305e-01
6.907000000000000108e-06,-8.476779460906982422e-01
6.907999999999999759e-06,-5.036231875419616699e-01
6.909000000000000258e-06,-4.396811872720718384e-02
6.909999999999999910e-06,4.257792830467224121e-01
6.911000000000000408e-06,7.977944612503051758e-01
6.912000000000000060e-06,9.866859316825866699e-01
6.912999999999999712e-06,9.490961432456970215e-01
6.914000000000000210e-06,6.936532855033874512e-01
6.914999999999999862e-06,2.789911031723022461e-01
6.916000000000000360e-06,-1.997099816799163818e-01
6.917000000000000012e-06,-6.325701475143432617e-01
6.917999999999999664e-06,-9.202318191528320312e-01
6.919000000000000162e-06,-9.966659545898437500e-01
6.919999999999999814e-06,-8.443279266357421875e-01
6.921000000000000313e-06,-4.981850981712341309e-01
6.921999999999999964e-06,-3.769018128514289856e-02
6.922999999999999616e-06,4.314560592174530029e-01
6.924000000000000114e-06,8.015669584274291992e-01
6.924999999999999766e-06,9.876883625984191895e-01
6.926000000000000265e-06,9.470983147621154785e-01
6.926999999999999916e-06,6.891137957572937012e-01
6.928000000000000415e-06,2.729519307613372803e-01
6.929000000000000067e-06,-2.058626115322113037e-01
6.929999999999999718e-06,-6.374239921569824219e-01
6.931000000000000217e-06,-9.226727485656738281e-01
6.931999999999999868e-06,-9.961336255073547363e-01
6.933000000000000367e-06,-8.409445881843566895e-01
6.934000000000000019e-06,-4.927273392677307129e-01
6.934999999999999670e-06,-3.141075745224952698e-02
6.936000000000000169e-06,4.371157586574554443e-01
6.936999999999999821e-06,8.053078651428222656e-01
6.938000000000000319e-06,9.886517524719238281e-01
6.938999999999999971e-06,9.450630545616149902e-01
6.939999999999999622e-06,6.845471262931823730e-01
6.941000000000000121e-06,2.669019997119903564e-01
6.941999999999999773e-06,-2.120071053504943848e-01
6.943000000000000271e-06,-6.422526240348815918e-01
6.943999999999999923e-06,-9.250771999359130859e-01
6.945000000000000422e-06,-9.955619573593139648e-01
6.946000000000000073e-06,-8.375280499458312988e-01
6.946999999999999725e-06,-4.872501194477081299e-01
6.948000000000000223e-06,-2.513009496033191681e-02
6.948999999999999875e-06,4.427582323551177979e-01
6.950000000000000374e-06,8.090170025825500488e-01
6.951000000000000025e-06,9.895761013031005859e-01
6.951999999999999677e-06,9.429905414581298828e-01
6.953000000000000176e-06,6.799533963203430176e-01
6.953999999999999827e-06,2.608415186405181885e-01
6.955000000000000326e-06,-2.181432396173477173e-01
6.955999999999999977e-06,-6.470559835433959961e-01
6.956999999999999629e-06,-9.274451732635498047e-01
6.958000000000000128e-06,-9.949510097503662109e-01
6.958999999999999779e-06,-8.340784311294555664e-01
6.960000000000000278e-06,-4.817536771297454834e-01
6.960999999999999930e-06,-1.884843967854976654e-02
6.961999999999999581e-06,4.483832120895385742e-01
6.963000000000000080e-06,8.126941919326782227e-01
6.963999999999999731e-06,9.904614090919494629e-01
6.965000000000000230e-06,9.408807754516601562e-01
6.965999999999999882e-06,6.753327846527099609e-01
6.967000000000000380e-06,2.547707259654998779e-01
6.968000000000000032e-06,-2.242707610130310059e-01
6.968999999999999684e-06,-6.518337130546569824e-01
6.970000000000000182e-06,-9.297764897346496582e-01
6.970999999999999834e-06,-9.943007826805114746e-01
6.972000000000000332e-06,-8.305959105491638184e-01
6.972999999999999984e-06,-4.762381911277770996e-01
6.973999999999999636e-06,-1.256604027003049850e-02
6.975000000000000134e-06,4.539904892444610596e-01
6.975999999999999786e-06,8.163392543792724609e-01
6.977000000000000285e-06,9.913076162338256836e-01
6.977999999999999936e-06,9.387338757514953613e-01
6.978999999999999588e-06,6.706855893135070801e-01
6.980000000000000086e-06,2.486898899078369141e-01
6.980999999999999738e-06,-2.303894311189651489e-01
6.982000000000000237e-06,-6.565857529640197754e-01
6.982999999999999888e-06,-9.320710897445678711e-01
6.984000000000000387e-06,-9.936113357543945312e-01
6.985000000000000039e-06,-8.270805478096008301e-01
6.985999999999999690e-06,-4.707039296627044678e-01
6.987000000000000189e-06,-6.283144000917673111e-03
6.987999999999999840e-06,4.595798552036285400e-01
6.989000000000000339e-06,8.199521303176879883e-01
6.989999999999999991e-06,9.921147227287292480e-01
6.990999999999999642e-06,9.365499019622802734e-01
6.992000000000000141e-06,6.660118699073791504e-01
6.992999999999999793e-06,2.425992339849472046e-01
6.994000000000000291e-06,-2.364989966154098511e-01
6.994999999999999943e-06,-6.613118648529052734e-01
6.995999999999999594e-06,-9.343289136886596680e-01
6.997000000000000093e-06,-9.928826093673706055e-01
6.997999999999999745e-06,-8.235325813293457031e-01
6.999000000000000243e-06,-4.651510715484619141e-01
6.999999999999999895e-06,-2.543551510364970569e-14
7.001000000000000394e-06,4.651510715484619141e-01
7.002000000000000045e-06,8.235325813293457031e-01
7.002999999999999697e-06,9.928826093673706055e-01
7.004000000000000196e-06,9.343289136886596680e-01
7.004999999999999847e-06,6.613118648529052734e-01
7.006000000000000346e-06,2.364989966154098511e-01
7.006999999999999997e-06,-2.425992339849472046e-01
7.007999999999999649e-06,-6.660118699073791504e-01
7.009000000000000148e-06,-9.365499019622802734e-01
7.009999999999999799e-06,-9.921147227287292480e-01
7.011000000000000298e-06,-8.199521303176879883e-01
7.011999999999999950e-06,-4.595798552036285400e-01
7.012999999999999601e-06,6.283144000917673111e-03
7.014000000000000100e-06,4.707039296627044678e-01
7.014999999999999751e-06,8.270805478096008301e-01
7.016000000000000250e-06,9.936113357543945312e-01
7.016999999999999902e-06,9.320710897445678711e-01
7.018000000000000400e-06,6.565857529640197754e-01
7.019000000000000052e-06,2.303894311189651489e-01
7.019999999999999704e-06,-2.486898899078369141e-01
7.021000000000000202e-06,-6.706855893135070801e-01
7.021999999999999854e-06,-9.387338757514953613e-01
7.023000000000000352e-06,-9.913076162338256836e-01
7.024000000000000004e-06,-8.163392543792724609e-01
7.024999999999999656e-06,-4.539904892444610596e-01
7.026000000000000154e-06,1.256604027003049850e-02
7.026999999999999806e-06,4.762381911277770996e-01
7.028000000000000305e-06,8.305959105491638184e-01
7.028999999999999956e-06,9.943007826805114746e-01
7.029999999999999608e-06,9.297764897346496582e-01
7.031000000000000106e-06,6.518337130546569824e-01
7.031999999999999758e-06,2.242707610130310059e-01
7.033000000000000257e-06,-2.547707259654998779e-01
7.033999999999999908e-06,-6.753327846527099609e-01
7.035000000000000407e-06,-9.408807754516601562e-01
7.036000000000000059e-06,-9.904614090919494629e-01
7.036999999999999710e-06,-8.126941919326782227e-01
7.038000000000000209e-06,-4.483832120895385742e-01
7.038999999999999860e-06,1.884843967854976654e-02
7.040000000000000359e-06,4.817536771297454834e-01
7.041000000000000011e-06,8.340784311294555664e-01
7.041999999999999662e-06,9.949510097503662109e-01
7.043000000000000161e-06,9.274451732635498047e-01
7.043999999999999813e-06,6.470559835433959961e-01
7.045000000000000311e-06,2.181432396173477173e-01
7.045999999999999963e-06,-2.608415186405181885e-01
7.046999999999999614e-06,-6.799533963203430176e-01
7.048000000000000113e-06,-9.429905414581298828e-01
7.048999999999999765e-06,-9.895761013031005859e-01
7.050000000000000263e-06,-8.090170025825500488e-01
7.050999999999999915e-06,-4.427582323551177979e-01
7.052000000000000414e-06,2.513009496033191681e-02
7.053000000000000065e-06,4.872501194477081299e-01
7.053999999999999717e-06,8.375280499458312988e-01
7.055000000000000215e-06,9.955619573593139648e-01
7.055999999999999867e-06,9.250771999359130859e-01
7.057000000000000366e-06,6.422526240348815918e-01
7.058000000000000017e-06,2.120071053504943848e-01
7.058999999999999669e-06,-2.669019997119903564e-01
7.060000000000000168e-06,-6.845471262931823730e-01
7.060999999999999819e-06,-9.450630545616149902e-01
7.062000000000000318e-06,-9.886517524719238281e-01
7.062999999999999969e-06,-8.053078651428222656e-01
7.063999999999999621e-06,-4.371157586574554443e-01
7.065000000000000120e-06,3.141075745224952698e-02
7.065999999999999771e-06,4.927273392677307129e-01
7.067000000000000270e-06,8.409445881843566895e-01
7.067999999999999922e-06,9.961336255073547363e-01
7.069000000000000420e-06,9.226727485656738281e-01
7.070000000000000072e-06,6.374239921569824219e-01
7.070999999999999723e-06,2.058626115322113037e-01
7.072000000000000222e-06,-2.729519307613372803e-01
7.072999999999999874e-06,-6.891137957572937012e-01
7.074000000000000372e-06,-9.470983147621154785e-01
7.075000000000000024e-06,-9.876883625984191895e-01
7.075999999999999676e-06,-8.015669584274291992e-01
7.077000000000000174e-06,-4.314560592174530029e-01
7.077999999999999826e-06,3.769018128514289856e-02
7.079000000000000324e-06,4.981850981712341309e-01
7.079999999999999976e-06,8.443279266357421875e-01
7.080999999999999628e-06,9.966659545898437500e-01
7.082000000000000126e-06,9.202318191528320312e-01
7.082999999999999778e-06,6.325701475143432617e-01
7.084000000000000277e-06,1.997099816799163818e-01
7.084999999999999928e-06,-2.789911031723022461e-01
7.085999999999999580e-06,-6.936532855033874512e-01
7.087000000000000078e-06,-9.490961432456970215e-01
7.087999999999999730e-06,-9.866859316825866699e-01
7.089000000000000229e-06,-7.977944612503051758e-01
7.089999999999999880e-06,-4.257792830467224121e-01
7.091000000000000379e-06,4.396811872720718384e-02
7.092000000000000031e-06,5.036231875419616699e-01
7.092999999999999682e-06,8.476779460906982422e-01
7.094000000000000181e-06,9.971588850021362305e-01
7.094999999999999832e-06,9.177546501159667969e-01
7.096000000000000331e-06,6.276913881301879883e-01
7.096999999999999983e-06,1.935494691133499146e-01
7.097999999999999634e-06,-2.850192487239837646e-01
7.099000000000000133e-06,-6.981654167175292969e-01
7.099999999999999785e-06,-9.510565400123596191e-01
7.101000000000000283e-06,-9.856445789337158203e-01
7.101999999999999935e-06,-7.939903736114501953e-01
7.102999999999999586e-06,-4.200857281684875488e-01
7.104000000000000085e-06,5.024431645870208740e-02
7.104999999999999737e-06,5.090414285659790039e-01
7.106000000000000235e-06,8.509944677352905273e-01
7.106999999999999887e-06,9.976125359535217285e-01
7.108000000000000386e-06,9.152411818504333496e-01
7.109000000000000037e-06,6.227877736091613770e-01
7.109999999999999689e-06,1.873813122510910034e-01
7.111000000000000187e-06,-2.910361588001251221e-01
7.111999999999999839e-06,-7.026499509811401367e-01
7.113000000000000338e-06,-9.529793262481689453e-01
7.113999999999999989e-06,-9.845643639564514160e-01
7.114999999999999641e-06,-7.901549935340881348e-01
7.116000000000000140e-06,-4.143755733966827393e-01
7.116999999999999791e-06,5.651853606104850769e-02
7.118000000000000290e-06,5.144395232200622559e-01
7.118999999999999941e-06,8.542774319648742676e-01
7.119999999999999593e-06,9.980267286300659180e-01
7.121000000000000092e-06,9.126915931701660156e-01
7.121999999999999743e-06,6.178596019744873047e-01
7.123000000000000242e-06,1.812057644128799438e-01
7.123999999999999894e-06,-2.970415949821472168e-01
7.125000000000000392e-06,-7.071067690849304199e-01
7.126000000000000044e-06,-9.548645615577697754e-01
7.126999999999999695e-06,-9.834452271461486816e-01
7.128000000000000194e-06,-7.862884402275085449e-01
7.128999999999999846e-06,-4.086490869522094727e-01
7.130000000000000344e-06,6.279052048921585083e-02
7.130999999999999996e-06,5.198173522949218750e-01
7.131999999999999648e-06,8.575266599655151367e-01
7.133000000000000146e-06,9.984015226364135742e-01
7.133999999999999798e-06,9.101059436798095703e-01
7.135000000000000297e-06,6.129070520401000977e-01
7.135999999999999948e-06,1.750230640172958374e-01
7.136999999999999600e-06,-3.030352592468261719e-01
7.138000000000000098e-06,-7.115356922149658203e-01
7.138999999999999750e-06,-9.567120671272277832e-01
7.140000000000000249e-06,-9.822872281074523926e-01
7.140999999999999900e-06,-7.823908329010009766e-01
7.142000000000000399e-06,-4.029064476490020752e-01
7.143000000000000051e-06,6.906002759933471680e-02
7.143999999999999702e-06,5.251746177673339844e-01
7.145000000000000201e-06,8.607420325279235840e-01
7.145999999999999852e-06,9.987369775772094727e-01
7.147000000000000351e-06,9.074844121932983398e-01
7.148000000000000003e-06,6.079303026199340820e-01
7.148999999999999654e-06,1.688334494829177856e-01
7.150000000000000153e-06,-3.090170025825500488e-01
7.150999999999999805e-06,-7.159364819526672363e-01
7.152000000000000303e-06,-9.585217833518981934e-01
7.152999999999999955e-06,-9.810905456542968750e-01
7.153999999999999606e-06,-7.784622907638549805e-01
7.155000000000000105e-06,-3.971478939056396484e-01
7.155999999999999757e-06,7.532680779695510864e-02
7.157000000000000255e-06,5.305112004280090332e-01
7.157999999999999907e-06,8.639234304428100586e-01
7.159000000000000406e-06,9.990329146385192871e-01
7.160000000000000057e-06,9.048270583152770996e-01
7.160999999999999709e-06,6.029295325279235840e-01
7.162000000000000207e-06,1.626371592283248901e-01
7.162999999999999859e-06,-3.149865269660949707e-01
7.164000000000000358e-06,-7.203090190887451172e-01
7.165000000000000009e-06,-9.602937102317810059e-01
7.165999999999999661e-06,-9.798550605773925781e-01
7.167000000000000160e-06,-7.745030522346496582e-01
7.167999999999999811e-06,-3.913736641407012939e-01
7.169000000000000310e-06,8.159061521291732788e-02
7.169999999999999961e-06,5.358268022537231445e-01
7.170999999999999613e-06,8.670706748962402344e-01
7.172000000000000112e-06,9.992894530296325684e-01
7.172999999999999763e-06,9.021339416503906250e-01
7.174000000000000262e-06,5.979049801826477051e-01
7.174999999999999914e-06,1.564344614744186401e-01
7.176000000000000412e-06,-3.209436237812042236e-01
7.177000000000000064e-06,-7.246531248092651367e-01
7.177999999999999715e-06,-9.620276689529418945e-01
7.179000000000000214e-06,-9.785808920860290527e-01
7.179999999999999866e-06,-7.705132365226745605e-01
7.181000000000000364e-06,-3.855839967727661133e-01
7.182000000000000016e-06,8.785119652748107910e-02
7.182999999999999668e-06,5.411212444305419922e-01
7.184000000000000166e-06,8.701837658882141113e-01
7.184999999999999818e-06,9.995065331459045410e-01
7.186000000000000316e-06,8.994052410125732422e-01
7.186999999999999968e-06,5.928568243980407715e-01
7.187999999999999620e-06,1.502255946397781372e-01
7.189000000000000118e-06,-3.268880248069763184e-01
7.189999999999999770e-06,-7.289686203002929688e-01
7.191000000000000269e-06,-9.637236595153808594e-01
7.191999999999999920e-06,-9.772680997848510742e-01
7.193000000000000419e-06,-7.664930224418640137e-01
7.194000000000000070e-06,-3.797791004180908203e-01
7.194999999999999722e-06,9.410831332206726074e-02
7.196000000000000221e-06,5.463943481445312500e-01
7.196999999999999872e-06,8.732624650001525879e-01
7.198000000000000371e-06,9.996842145919799805e-01
7.199000000000000023e-06,8.966410160064697266e-01
7.199999999999999674e-06,5.877852439880371094e-01
7.201000000000000173e-06,1.440107822418212891e-01
7.201999999999999824e-06,-3.328195512294769287e-01
7.203000000000000323e-06,-7.332553267478942871e-01
7.203999999999999975e-06,-9.653816223144531250e-01
7.204999999999999626e-06,-9.759167432785034180e-01
7.206000000000000125e-06,-7.624425292015075684e-01
7.206999999999999777e-06,-3.739592134952545166e-01
7.208000000000000275e-06,1.003617122769355774e-01
7.208999999999999927e-06,5.516458749771118164e-01
7.209999999999999578e-06,8.763066530227661133e-01
7.211000000000000077e-06,9.998223781585693359e-01
7.211999999999999729e-06,8.938414454460144043e-01
7.213000000000000227e-06,5.826904773712158203e-01
7.213999999999999879e-06,1.377902925014495850e-01
7.215000000000000378e-06,-3.387379348278045654e-01
7.216000000000000029e-06,-7.375131249427795410e-01
7.216999999999999681e-06,-9.670014977455139160e-01
7.218000000000000179e-06,-9.745268821716308594e-01
7.218999999999999831e-06,-7.583619356155395508e-01
7.220000000000000330e-06,-3.681245446205139160e-01
7.220999999999999981e-06,1.066111549735069275e-01
7.221999999999999633e-06,5.568756461143493652e-01
7.223000000000000132e-06,8.793163299560546875e-01
7.223999999999999783e-06,9.999210238456726074e-01
7.225000000000000282e-06,8.910065293312072754e-01
7.225999999999999933e-06,5.775727033615112305e-01
7.226999999999999585e-06,1.315643638372421265e-01
7.228000000000000084e-06,-3.446429371833801270e-01
7.228999999999999735e-06,-7.417417764663696289e-01
7.230000000000000234e-06,-9.685831665992736816e-01
7.230999999999999886e-06,-9.730985164642333984e-01
7.232000000000000384e-06,-7.542513608932495117e-01
7.233000000000000036e-06,-3.622753620147705078e-01
7.233999999999999687e-06,1.128563880920410156e-01
7.235000000000000186e-06,5.620833635330200195e-01
7.235999999999999838e-06,8.822911977767944336e-01
7.237000000000000336e-06,9.999802708625793457e-01
7.237999999999999988e-06,8.881364464759826660e-01
7.238999999999999640e-06,5.724321007728576660e-01
7.240000000000000138e-06,1.253332346677780151e-01
7.240999999999999790e-06,-3.505343198776245117e-01
7.242000000000000289e-06,-7.459411621093750000e-01
7.242999999999999940e-06,-9.701265692710876465e-01
7.243999999999999592e-06,-9.716317057609558105e-01
7.245000000000000090e-06,-7.501110434532165527e-01
7.245999999999999742e-06,-3.564118742942810059e-01
7.247000000000000241e-06,1.190971583127975464e-01
7.247999999999999892e-06,5.672689676284790039e-01
7.249000000000000391e-06,8.852313160896301270e-01
7.250000000000000043e-06,1.000000000000000000e+00
7.250999999999999694e-06,8.852313160896301270e-01
7.252000000000000193e-06,5.672689676284790039e-01
7.252999999999999844e-06,1.190971583127975464e-01
7.254000000000000343e-06,-3.564118742942810059e-01
7.254999999999999995e-06,-7.501110434532165527e-01
7.255999999999999646e-06,-9.716317057609558105e-01
7.257000000000000145e-06,-9.701265692710876465e-01
7.257999999999999796e-06,-7.459411621093750000e-01
7.259000000000000295e-06,-3.505343198776245117e-01
7.259999999999999947e-06,1.253332346677780151e-01
7.260999999999999598e-06,5.724321007728576660e-01
7.262000000000000097e-06,8.881364464759826660e-01
7.262999999999999749e-06,9.999802708625793457e-01
7.264000000000000247e-06,8.822911977767944336e-01
7.264999999999999899e-06,5.620833635330200195e-01
7.266000000000000398e-06,1.128563880920410156e-01
7.267000000000000049e-06,-3.622753620147705078e-01
7.267999999999999701e-06,-7.542513608932495117e-01
7.269000000000000199e-06,-9.730985164642333984e-01
7.269999999999999851e-06,-9.685831665992736816e-01
7.271000000000000350e-06,-7.417417764663696289e-01
7.272000000000000001e-06,-3.446429371833801270e-01
7.272999999999999653e-06,1.315643638372421265e-01
7.274000000000000152e-06,5.775727033615112305e-01
7.274999999999999803e-06,8.910065293312072754e-01
7.276000000000000302e-06,9.999210238456726074e-01
7.276999999999999953e-06,8.793163299560546875e-01
7.277999999999999605e-06,5.568756461143493652e-01
7.279000000000000104e-06,1.066111549735069275e-01
7.279999999999999755e-06,-3.681245446205139160e-01
7.281000000000000254e-06,-7.583619356155395508e-01
7.281999999999999906e-06,-9.745268821716308594e-01
7.283000000000000404e-06,-9.670014977455139160e-01
7.284000000000000056e-06,-7.375131249427795410e-01
7.284999999999999707e-06,-3.387379348278045654e-01
7.286000000000000206e-06,1.377902925014495850e-01
7.286999999999999858e-06,5.826904773712158203e-01
7.288000000000000356e-06,8.938414454460144043e-01
7.289000000000000008e-06,9.998223781585693359e-01
7.289999999999999660e-06,8.763066530227661133e-01
7.291000000000000158e-06,5.516458749771118164e-01
7.291999999999999810e-06,1.003617122769355774e-01
7.293000000000000308e-06,-3.739592134952545166e-01
7.293999999999999960e-06,-7.624425292015075684e-01
7.294999999999999612e-06,-9.759167432785034180e-01
7.296000000000000110e-06,-9.653816223144531250e-01
7.296999999999999762e-06,-7.332553267478942871e-01
7.298000000000000261e-06,-3.328195512294769287e-01
7.298999999999999912e-06,1.440107822418212891e-01
7.300000000000000411e-06,5.877852439880371094e-01
7.301000000000000062e-06,8.966410160064697266e-01
7.301999999999999714e-06,9.996842145919799805e-01
7.303000000000000213e-06,8.732624650001525879e-01
7.303999999999999864e-06,5.463943481445312500e-01
7.305000000000000363e-06,9.410831332206726074e-02
7.306000000000000015e-06,-3.797791004180908203e-01
7.306999999999999666e-06,-7.664930224418640137e-01
7.308000000000000165e-06,-9.772680997848510742e-01
7.308999999999999816e-06,-9.637236595153808594e-01
7.310000000000000315e-06,-7.289686203002929688e-01
7.310999999999999967e-06,-3.268880248069763184e-01
7.311999999999999618e-06,1.502255946397781372e-01
7.313000000000000117e-06,5.928568243980407715e-01
7.313999999999999769e-06,8.994052410125732422e-01
7.315000000000000267e-06,9.995065331459045410e-01
7.315999999999999919e-06,8.701837658882141113e-01
7.317000000000000417e-06,5.411212444305419922e-01
7.318000000000000069e-06,8.785119652748107910e-02
7.318999999999999721e-06,-3.855839967727661133e-01
7.320000000000000219e-06,-7.705132365226745605e-01
7.320999999999999871e-06,-9.785808920860290527e-01
7.322000000000000370e-06,-9.620276689529418945e-01
7.323000000000000021e-06,-7.246531248092651367e-01
7.323999999999999673e-06,-3.209436237812042236e-01
7.325000000000000171e-06,1.564344614744186401e-01
7.325999999999999823e-06,5.979049801826477051e-01
7.327000000000000322e-06,9.021339416503906250e-01
7.327999999999999973e-06,9.992894530296325684e-01
7.328999999999999625e-06,8.670706748962402344e-01
7.330000000000000124e-06,5.358268022537231445e-01
7.330999999999999775e-06,8.159061521291732788e-02
7.332000000000000274e-06,-3.913736641407012939e-01
7.332999999999999925e-06,-7.745030522346496582e-01
7.333999999999999577e-06,-9.798550605773925781e-01
7.335000000000000076e-06,-9.602937102317810059e-01
7.335999999999999727e-06,-7.203090190887451172e-01
7.337000000000000226e-06,-3.149865269660949707e-01
7.337999999999999878e-06,1.626371592283248901e-01
7.339000000000000376e-06,6.029295325279235840e-01
7.340000000000000028e-06,9.048270583152770996e-01
7.340999999999999679e-06,9.990329146385192871e-01
7.342000000000000178e-06,8.639234304428100586e-01
7.342999999999999830e-06,5.305112004280090332e-01
7.344000000000000328e-06,7.532680779695510864e-02
7.344999999999999980e-06,-3.971478939056396484e-01
7.345999999999999632e-06,-7.784622907638549805e-01
7.347000000000000130e-06,-9.810905456542968750e-01
7.347999999999999782e-06,-9.585217833518981934e-01
7.349000000000000280e-06,-7.159364819526672363e-01
7.349999999999999932e-06,-3.090170025825500488e-01
7.350999999999999584e-06,1.688334494829177856e-01
7.352000000000000082e-06,6.079303026199340820e-01
7.352999999999999734e-06,9.074844121932983398e-01
7.354000000000000233e-06,9.987369775772094727e-01
7.354999999999999884e-06,8.607420325279235840e-01
7.356000000000000383e-06,5.251746177673339844e-01
7.357000000000000034e-06,6.906002759933471680e-02
7.357999999999999686e-06,-4.029064476490020752e-01
7.359000000000000185e-06,-7.823908329010009766e-01
7.359999999999999836e-06,-9.822872281074523926e-01
7.361000000000000335e-06,-9.567120671272277832e-01
7.361999999999999987e-06,-7.115356922149658203e-01
7.362999999999999638e-06,-3.030352592468261719e-01
7.364000000000000137e-06,1.750230640172958374e-01
7.364999999999999788e-06,6.129070520401000977e-01
7.366000000000000287e-06,9.101059436798095703e-01
7.366999999999999939e-06,9.984015226364135742e-01
7.367999999999999590e-06,8.575266599655151367e-01
7.369000000000000089e-06,5.198173522949218750e-01
7.369999999999999741e-06,6.279052048921585083e-02
7.371000000000000239e-06,-4.086490869522094727e-01
7.371999999999999891e-06,-7.862884402275085449e-01
7.373000000000000390e-06,-9.834452271461486816e-01
7.374000000000000041e-06,-9.548645615577697754e-01
7.374999999999999693e-06,-7.071067690849304199e-01
7.376000000000000191e-06,-2.970415949821472168e-01
7.376999999999999843e-06,1.812057644128799438e-01
7.378000000000000342e-06,6.178596019744873047e-01
7.378999999999999993e-06,9.126915931701660156e-01
7.379999999999999645e-06,9.980267286300659180e-01
7.381000000000000144e-06,8.542774319648742676e-01
7.381999999999999795e-06,5.144395232200622559e-01
7.383000000000000294e-06,5.651853606104850769e-02
7.383999999999999945e-06,-4.143755733966827393e-01
7.384999999999999597e-06,-7.901549935340881348e-01
7.386000000000000096e-06,-9.845643639564514160e-01
7.386999999999999747e-06,-9.529793262481689453e-01
7.388000000000000246e-06,-7.026499509811401367e-01
7.388999999999999898e-06,-2.910361588001251221e-01
7.390000000000000396e-06,1.873813122510910034e-01
7.391000000000000048e-06,6.227877736091613770e-01
7.391999999999999699e-06,9.152411818504333496e-01
7.393000000000000198e-06,9.976125359535217285e-01
7.393999999999999850e-06,8.509944677352905273e-01
7.395000000000000348e-06,5.090414285659790039e-01
7.396000000000000000e-06,5.024431645870208740e-02
7.396999999999999652e-06,-4.200857281684875488e-01
7.398000000000000150e-06,-7.939903736114501953e-01
7.398999999999999802e-06,-9.856445789337158203e-01
7.400000000000000300e-06,-9.510565400123596191e-01
7.400999999999999952e-06,-6.981654167175292969e-01
7.401999999999999604e-06,-2.850192487239837646e-01
7.403000000000000102e-06,1.935494691133499146e-01
7.403999999999999754e-06,6.276913881301879883e-01
7.405000000000000253e-06,9.177546501159667969e-01
7.405999999999999904e-06,9.971588850021362305e-01
7.407000000000000403e-06,8.476779460906982422e-01
7.408000000000000054e-06,5.036231875419616699e-01
7.408999999999999706e-06,4.396811872720718384e-02
7.410000000000000205e-06,-4.257792830467224121e-01
7.410999999999999856e-06,-7.977944612503051758e-01
7.412000000000000355e-06,-9.866859316825866699e-01
7.413000000000000007e-06,-9.490961432456970215e-01
7.413999999999999658e-06,-6.936532855033874512e-01
7.415000000000000157e-06,-2.789911031723022461e-01
7.415999999999999808e-06,1.997099816799163818e-01
7.417000000000000307e-06,6.325701475143432617e-01
7.417999999999999959e-06,9.202318191528320312e-01
7.418999999999999610e-06,9.966659545898437500e-01
7.420000000000000109e-06,8.443279266357421875e-01
7.420999999999999761e-06,4.981850981712341309e-01
7.422000000000000259e-06,3.769018128514289856e-02
7.422999999999999911e-06,-4.314560592174530029e-01
7.424000000000000409e-06,-8.015669584274291992e-01
7.425000000000000061e-06,-9.876883625984191895e-01
7.425999999999999713e-06,-9.470983147621154785e-01
7.427000000000000211e-06,-6.891137957572937012e-01
7.427999999999999863e-06,-2.729519307613372803e-01
7.429000000000000362e-06,2.058626115322113037e-01
7.430000000000000013e-06,6.374239921569824219e-01
7.430999999999999665e-06,9.226727485656738281e-01
7.432000000000000163e-06,9.961336255073547363e-01
7.432999999999999815e-06,8.409445881843566895e-01
7.434000000000000314e-06,4.927273392677307129e-01
7.434999999999999965e-06,3.141075745224952698e-02
7.435999999999999617e-06,-4.371157586574554443e-01
7.437000000000000116e-06,-8.053078651428222656e-01
7.437999999999999767e-06,-9.886517524719238281e-01
7.439000000000000266e-06,-9.450630545616149902e-01
7.439999999999999917e-06,-6.845471262931823730e-01
7.441000000000000416e-06,-2.669019997119903564e-01
7.442000000000000068e-06,2.120071053504943848e-01
7.442999999999999719e-06,6.422526240348815918e-01
7.444000000000000218e-06,9.250771999359130859e-01
7.444999999999999870e-06,9.955619573593139648e-01
7.446000000000000368e-06,8.375280499458312988e-01
7.447000000000000020e-06,4.872501194477081299e-01
7.447999999999999671e-06,2.513009496033191681e-02
7.449000000000000170e-06,-4.427582323551177979e-01
7.449999999999999822e-06,-8.090170025825500488e-01
7.451000000000000320e-06,-9.895761013031005859e-01
7.451999999999999972e-06,-9.429905414581298828e-01
7.452999999999999624e-06,-6.799533963203430176e-01
7.454000000000000122e-06,-2.608415186405181885e-01
7.454999999999999774e-06,2.181432396173477173e-01
7.456000000000000272e-06,6.470559835433959961e-01
7.456999999999999924e-06,9.274451732635498047e-01
7.458000000000000423e-06,9.949510097503662109e-01
7.459000000000000074e-06,8.340784311294555664e-01
7.459999999999999726e-06,4.817536771297454834e-01
7.461000000000000225e-06,1.884843967854976654e-02
7.461999999999999876e-06,-4.483832120895385742e-01
7.463000000000000375e-06,-8.126941919326782227e-01
7.464000000000000026e-06,-9.904614090919494629e-01
7.464999999999999678e-06,-9.408807754516601562e-01
7.466000000000000177e-06,-6.753327846527099609e-01
7.466999999999999828e-06,-2.547707259654998779e-01
7.468000000000000327e-06,2.242707610130310059e-01
7.468999999999999979e-06,6.518337130546569824e-01
7.469999999999999630e-06,9.297764897346496582e-01
7.471000000000000129e-06,9.943007826805114746e-01
7.471999999999999780e-06,8.305959105491638184e-01
7.473000000000000279e-06,4.762381911277770996e-01
7.473999999999999931e-06,1.256604027003049850e-02
7.474999999999999582e-06,-4.539904892444610596e-01
7.476000000000000081e-06,-8.163392543792724609e-01
7.476999999999999733e-06,-9.913076162338256836e-01
7.478000000000000231e-06,-9.387338757514953613e-01
7.478999999999999883e-06,-6.706855893135070801e-01
7.480000000000000381e-06,-2.486898899078369141e-01
7.481000000000000033e-06,2.303894311189651489e-01
7.481999999999999685e-06,6.565857529640197754e-01
7.483000000000000183e-06,9.320710897445678711e-01
7.483999999999999835e-06,9.936113357543945312e-01
7.485000000000000334e-06,8.270805478096008301e-01
7.485999999999999985e-06,4.707039296627044678e-01
7.486999999999999637e-06,6.283144000917673111e-03
7.488000000000000135e-06,-4.595798552036285400e-01
7.488999999999999787e-06,-8.199521303176879883e-01
7.490000000000000286e-06,-9.921147227287292480e-01
7.490999999999999937e-06,-9.365499019622802734e-01
7.491999999999999589e-06,-6.660118699073791504e-01
7.493000000000000088e-06,-2.425992339849472046e-01
7.493999999999999739e-06,2.364989966154098511e-01
7.495000000000000238e-06,6.613118648529052734e-01
7.495999999999999889e-06,9.343289136886596680e-01
7.497000000000000388e-06,9.928826093673706055e-01
7.498000000000000040e-06,8.235325813293457031e-01
7.498999999999999691e-06,4.651510715484619141e-01
7.500000000000000190e-06,5.973428809967831765e-14
7.500999999999999842e-06,-4.651510715484619141e-01
7.502000000000000340e-06,-8.235325813293457031e-01
7.502999999999999992e-06,-9.928826093673706055e-01
7.503999999999999643e-06,-9.343289136886596680e-01
7.505000000000000142e-06,-6.613118648529052734e-01
7.505999999999999794e-06,-2.364989966154098511e-01
7.507000000000000292e-06,2.425992339849472046e-01
7.507999999999999944e-06,6.660118699073791504e-01
7.508999999999999596e-06,9.365499019622802734e-01
7.510000000000000094e-06,9.921147227287292480e-01
7.510999999999999746e-06,8.199521303176879883e-01
7.512000000000000245e-06,4.595798552036285400e-01
7.512999999999999896e-06,-6.283144000917673111e-03
7.514000000000000395e-06,-4.707039296627044678e-01
7.515000000000000046e-06,-8.270805478096008301e-01
7.515999999999999698e-06,-9.936113357543945312e-01
7.517000000000000197e-06,-9.320710897445678711e-01
7.517999999999999848e-06,-6.565857529640197754e-01
7.519000000000000347e-06,-2.303894311189651489e-01
7.519999999999999999e-06,2.486898899078369141e-01
7.520999999999999650e-06,6.706855893135070801e-01
7.522000000000000149e-06,9.387338757514953613e-01
7.522999999999999800e-06,9.913076162338256836e-01
7.524000000000000299e-06,8.163392543792724609e-01
7.524999999999999951e-06,4.539904892444610596e-01
7.525999999999999602e-06,-1.256604027003049850e-02
7.527000000000000101e-06,-4.762381911277770996e-01
7.527999999999999753e-06,-8.305959105491638184e-01
7.529000000000000251e-06,-9.943007826805114746e-01
7.529999999999999903e-06,-9.297764897346496582e-01
7.531000000000000401e-06,-6.518337130546569824e-01
7.532000000000000053e-06,-2.242707610130310059e-01
7.532999999999999705e-06,2.547707259654998779e-01
7.534000000000000203e-06,6.753327846527099609e-01
7.534999999999999855e-06,9.408807754516601562e-01
7.536000000000000354e-06,9.904614090919494629e-01
7.537000000000000005e-06,8.126941919326782227e-01
7.537999999999999657e-06,4.483832120895385742e-01
7.539000000000000155e-06,-1.884843967854976654e-02
7.539999999999999807e-06,-4.817536771297454834e-01
7.541000000000000306e-06,-8.340784311294555664e-01
7.541999999999999957e-06,-9.949510097503662109e-01
7.542999999999999609e-06,-9.274451732635498047e-01
7.544000000000000108e-06,-6.470559835433959961e-01
7.544999999999999759e-06,-2.181432396173477173e-01
7.546000000000000258e-06,2.608415186405181885e-01
7.546999999999999909e-06,6.799533963203430176e-01
7.548000000000000408e-06,9.429905414581298828e-01
7.549000000000000060e-06,9.895761013031005859e-01
7.549999999999999711e-06,8.090170025825500488e-01
7.551000000000000210e-06,4.427582323551177979e-01
7.551999999999999862e-06,-2.513009496033191681e-02
7.553000000000000360e-06,-4.872501194477081299e-01
7.554000000000000012e-06,-8.375280499458312988e-01
7.554999999999999663e-06,-9.955619573593139648e-01
7.556000000000000162e-06,-9.250771999359130859e-01
7.556999999999999814e-06,-6.422526240348815918e-01
7.558000000000000312e-06,-2.120071053504943848e-01
7.558999999999999964e-06,2.669019997119903564e-01
7.559999999999999616e-06,6.845471262931823730e-01
7.561000000000000114e-06,9.450630545616149902e-01
7.561999999999999766e-06,9.886517524719238281e-01
7.563000000000000264e-06,8.053078651428222656e-01
7.563999999999999916e-06,4.371157586574554443e-01
7.565000000000000415e-06,-3.141075745224952698e-02
7.566000000000000066e-06,-4.927273392677307129e-01
7.566999999999999718e-06,-8.409445881843566895e-01
7.568000000000000217e-06,-9.961336255073547363e-01
7.568999999999999868e-06,-9.226727485656738281e-01
7.570000000000000367e-06,-6.374239921569824219e-01
7.571000000000000018e-06,-2.058626115322113037e-01
7.571999999999999670e-06,2.729519307613372803e-01
7.573000000000000169e-06,6.891137957572937012e-01
7.573999999999999820e-06,9.470983147621154785e-01
7.575000000000000319e-06,9.876883625984191895e-01
7.575999999999999971e-06,8.015669584274291992e-01
7.576999999999999622e-06,4.314560592174530029e-01
7.578000000000000121e-06,-3.769018128514289856e-02
7.578999999999999772e-06,-4.981850981712341309e-01
7.580000000000000271e-06,-8.443279266357421875e-01
7.580999999999999923e-06,-9.966659545898437500e-01
7.582000000000000421e-06,-9.202318191528320312e-01
7.583000000000000073e-06,-6.325701475143432617e-01
7.583999999999999725e-06,-1.997099816799163818e-01
7.585000000000000223e-06,2.789911031723022461e-01
7.585999999999999875e-06,6.936532855033874512e-01
7.587000000000000373e-06,9.490961432456970215e-01
7.588000000000000025e-06,9.866859316825866699e-01
7.588999999999999677e-06,7.977944612503051758e-01
7.590000000000000175e-06,4.257792830467224121e-01
7.590999999999999827e-06,-4.396811872720718384e-02
7.592000000000000326e-06,-5.036231875419616699e-01
7.592999999999999977e-06,-8.476779460906982422e-01
7.593999999999999629e-06,-9.971588850021362305e-01
7.595000000000000127e-06,-9.177546501159667969e-01
7.595999999999999779e-06,-6.276913881301879883e-01
7.597000000000000278e-06,-1.935494691133499146e-01
7.597999999999999929e-06,2.850192487239837646e-01
7.598999999999999581e-06,6.981654167175292969e-01
7.600000000000000080e-06,9.510565400123596191e-01
7.600999999999999731e-06,9.856445789337158203e-01
7.602000000000000230e-06,7.939903736114501953e-01
7.602999999999999881e-06,4.200857281684875488e-01
7.604000000000000380e-06,-5.024431645870208740e-02
7.605000000000000032e-06,-5.090414285659790039e-01
7.605999999999999683e-06,-8.509944677352905273e-01
7.607000000000000182e-06,-9.976125359535217285e-01
7.607999999999999834e-06,-9.152411818504333496e-01
7.609000000000000332e-06,-6.227877736091613770e-01
7.609999999999999984e-06,-1.873813122510910034e-01
7.610999999999999635e-06,2.910361588001251221e-01
7.612000000000000134e-06,7.026499509811401367e-01
7.612999999999999786e-06,9.529793262481689453e-01
7.614000000000000284e-06,9.845643639564514160e-01
7.614999999999999936e-06,7.901549935340881348e-01
7.615999999999999588e-06,4.143755733966827393e-01
7.617000000000000086e-06,-5.651853606104850769e-02
7.617999999999999738e-06,-5.144395232200622559e-01
7.619000000000000237e-06,-8.542774319648742676e-01
7.619999999999999888e-06,-9.980267286300659180e-01
7.621000000000000387e-06,-9.126915931701660156e-01
7.622000000000000038e-06,-6.178596019744873047e-01
7.622999999999999690e-06,-1.812057644128799438e-01
7.624000000000000189e-06,2.970415949821472168e-01
7.624999999999999840e-06,7.071067690849304199e-01
7.626000000000000339e-06,9.548645615577697754e-01
7.626999999999999991e-06,9.834452271461486816e-01
7.627999999999999642e-06,7.862884402275085449e-01
7.629000000000000141e-06,4.086490869522094727e-01
7.629999999999999792e-06,-6.279052048921585083e-02
7.631000000000000291e-06,-5.198173522949218750e-01
7.632000000000000790e-06,-8.575266599655151367e-01
7.632999999999999594e-06,-9.984015226364135742e-01
7.634000000000000093e-06,-9.101059436798095703e-01
7.635000000000000592e-06,-6.129070520401000977e-01
7.635999999999999396e-06,-1.750230640172958374e-01
7.636999999999999895e-06,3.030352592468261719e-01
7.638000000000000393e-06,7.115356922149658203e-01
7.638999999999999198e-06,9.567120671272277832e-01
7.639999999999999697e-06,9.822872281074523926e-01
7.641000000000000195e-06,7.823908329010009766e-01
7.642000000000000694e-06,4.029064476490020752e-01
7.642999999999999498e-06,-6.906002759933471680e-02
7.643999999999999997e-06,-5.251746177673339844e-01
7.645000000000000496e-06,-8.607420325279235840e-01
7.645999999999999300e-06,-9.987369775772094727e-01
7.646999999999999799e-06,-9.074844121932983398e-01
7.648000000000000298e-06,-6.079303026199340820e-01
7.649000000000000796e-06,-1.688334494829177856e-01
7.649999999999999601e-06,3.090170025825500488e-01
7.651000000000000100e-06,7.159364819526672363e-01
7.652000000000000598e-06,9.585217833518981934e-01
7.652999999999999403e-06,9.810905456542968750e-01
7.653999999999999901e-06,7.784622907638549805e-01
7.655000000000000400e-06,3.971478939056396484e-01
7.655999999999999205e-06,-7.532680779695510864e-02
7.656999999999999703e-06,-5.305112004280090332e-01
7.658000000000000202e-06,-8.639234304428100586e-01
7.659000000000000701e-06,-9.990329146385192871e-01
7.659999999999999505e-06,-9.048270583152770996e-01
7.661000000000000004e-06,-6.029295325279235840e-01
7.662000000000000502e-06,-1.626371592283248901e-01
7.662999999999999307e-06,3.149865269660949707e-01
7.663999999999999806e-06,7.203090190887451172e-01
7.665000000000000304e-06,9.602937102317810059e-01
7.666000000000000803e-06,9.798550605773925781e-01
7.666999999999999608e-06,7.745030522346496582e-01
7.668000000000000106e-06,3.913736641407012939e-01
7.669000000000000605e-06,-8.159061521291732788e-02
7.669999999999999409e-06,-5.358268022537231445e-01
7.670999999999999908e-06,-8.670706748962402344e-01
7.672000000000000407e-06,-9.992894530296325684e-01
7.672999999999999211e-06,-9.021339416503906250e-01
7.673999999999999710e-06,-5.979049801826477051e-01
7.675000000000000209e-06,-1.564344614744186401e-01
7.676000000000000707e-06,3.209436237812042236e-01
7.676999999999999512e-06,7.246531248092651367e-01
7.678000000000000010e-06,9.620276689529418945e-01
7.679000000000000509e-06,9.785808920860290527e-01
7.679999999999999314e-06,7.705132365226745605e-01
7.680999999999999812e-06,3.855839967727661133e-01
7.682000000000000311e-06,-8.785119652748107910e-02
7.683000000000000810e-06,-5.411212444305419922e-01
7.683999999999999614e-06,-8.701837658882141113e-01
7.685000000000000113e-06,-9.995065331459045410e-01
7.686000000000000611e-06,-8.994052410125732422e-01
7.686999999999999416e-06,-5.928568243980407715e-01
7.687999999999999915e-06,-1.502255946397781372e-01
7.689000000000000413e-06,3.268880248069763184e-01
7.689999999999999218e-06,7.289686203002929688e-01
7.690999999999999717e-06,9.637236595153808594e-01
7.692000000000000215e-06,9.772680997848510742e-01
7.693000000000000714e-06,7.664930224418640137e-01
7.693999999999999518e-06,3.797791004180908203e-01
7.695000000000000017e-06,-9.410831332206726074e-02
7.696000000000000516e-06,-5.463943481445312500e-01
7.696999999999999320e-06,-8.732624650001525879e-01
7.697999999999999819e-06,-9.996842145919799805e-01
7.699000000000000318e-06,-8.966410160064697266e-01
7.700000000000000816e-06,-5.877852439880371094e-01
7.700999999999999621e-06,-1.440107822418212891e-01
7.702000000000000119e-06,3.328195512294769287e-01
7.703000000000000618e-06,7.332553267478942871e-01
7.703999999999999423e-06,9.653816223144531250e-01
7.704999999999999921e-06,9.759167432785034180e-01
7.706000000000000420e-06,7.624425292015075684e-01
7.706999999999999225e-06,3.739592134952545166e-01
7.707999999999999723e-06,-1.003617122769355774e-01
7.709000000000000222e-06,-5.516458749771118164e-01
7.710000000000000720e-06,-8.763066530227661133e-01
7.710999999999999525e-06,-9.998223781585693359e-01
7.712000000000000024e-06,-8.938414454460144043e-01
7.713000000000000522e-06,-5.826904773712158203e-01
7.713999999999999327e-06,-1.377902925014495850e-01
7.714999999999999826e-06,3.387379348278045654e-01
7.716000000000000324e-06,7.375131249427795410e-01
7.717000000000000823e-06,9.670014977455139160e-01
7.717999999999999627e-06,9.745268821716308594e-01
7.719000000000000126e-06,7.583619356155395508e-01
7.720000000000000625e-06,3.681245446205139160e-01
7.720999999999999429e-06,-1.066111549735069275e-01
7.721999999999999928e-06,-5.568756461143493652e-01
7.723000000000000427e-06,-8.793163299560546875e-01
7.723999999999999231e-06,-9.999210238456726074e-01
7.724999999999999730e-06,-8.910065293312072754e-01
7.726000000000000228e-06,-5.775727033615112305e-01
7.727000000000000727e-06,-1.315643638372421265e-01
7.727999999999999532e-06,3.446429371833801270e-01
7.729000000000000030e-06,7.417417764663696289e-01
7.730000000000000529e-06,9.685831665992736816e-01
7.730999999999999334e-06,9.730985164642333984e-01
7.731999999999999832e-06,7.542513608932495117e-01
7.733000000000000331e-06,3.622753620147705078e-01
7.734000000000000830e-06,-1.128563880920410156e-01
7.734999999999999634e-06,-5.620833635330200195e-01
7.736000000000000133e-06,-8.822911977767944336e-01
7.737000000000000631e-06,-9.999802708625793457e-01
7.737999999999999436e-06,-8.881364464759826660e-01
7.738999999999999935e-06,-5.724321007728576660e-01
7.740000000000000433e-06,-1.253332346677780151e-01
7.740999999999999238e-06,3.505343198776245117e-01
7.741999999999999736e-06,7.459411621093750000e-01
7.743000000000000235e-06,9.701265692710876465e-01
7.744000000000000734e-06,9.716317057609558105e-01
7.744999999999999538e-06,7.501110434532165527e-01
7.746000000000000037e-06,3.564118742942810059e-01
7.747000000000000536e-06,-1.190971583127975464e-01
7.747999999999999340e-06,-5.672689676284790039e-01
7.748999999999999839e-06,-8.852313160896301270e-01
7.750000000000000338e-06,-1.000000000000000000e+00
7.751000000000000836e-06,-8.852313160896301270e-01
7.751999999999999641e-06,-5.672689676284790039e-01
7.753000000000000139e-06,-1.190971583127975464e-01
7.754000000000000638e-06,3.564118742942810059e-01
7.754999999999999443e-06,7.501110434532165527e-01
7.755999999999999941e-06,9.716317057609558105e-01
7.757000000000000440e-06,9.701265692710876465e-01
7.757999999999999244e-06,7.459411621093750000e-01
7.758999999999999743e-06,3.505343198776245117e-01
7.760000000000000242e-06,-1.253332346677780151e-01
7.761000000000000740e-06,-5.724321007728576660e-01
7.761999999999999545e-06,-8.881364464759826660e-01
7.763000000000000044e-06,-9.999802708625793457e-01
7.764000000000000542e-06,-8.822911977767944336e-01
7.764999999999999347e-06,-5.620833635330200195e-01
7.765999999999999846e-06,-1.128563880920410156e-01
7.767000000000000344e-06,3.622753620147705078e-01
7.768000000000000843e-06,7.542513608932495117e-01
7.768999999999999647e-06,9.730985164642333984e-01
7.770000000000000146e-06,9.685831665992736816e-01
7.771000000000000645e-06,7.417417764663696289e-01
7.771999999999999449e-06,3.446429371833801270e-01
7.772999999999999948e-06,-1.315643638372421265e-01
7.774000000000000447e-06,-5.775727033615112305e-01
7.774999999999999251e-06,-8.910065293312072754e-01
7.775999999999999750e-06,-9.999210238456726074e-01
7.777000000000000248e-06,-8.793163299560546875e-01
7.778000000000000747e-06,-5.568756461143493652e-01
7.778999999999999552e-06,-1.066111549735069275e-01
7.780000000000000050e-06,3.681245446205139160e-01
7.781000000000000549e-06,7.583619356155395508e-01
7.781999999999999354e-06,9.745268821716308594e-01
7.782999999999999852e-06,9.670014977455139160e-01
7.784000000000000351e-06,7.375131249427795410e-01
7.784999999999999155e-06,3.387379348278045654e-01
7.785999999999999654e-06,-1.377902925014495850e-01
7.787000000000000153e-06,-5.826904773712158203e-01
7.788000000000000651e-06,-8.938414454460144043e-01
7.788999999999999456e-06,-9.998223781585693359e-01
7.789999999999999955e-06,-8.763066530227661133e-01
7.791000000000000453e-06,-5.516458749771118164e-01
7.791999999999999258e-06,-1.003617122769355774e-01
7.792999999999999756e-06,3.739592134952545166e-01
7.794000000000000255e-06,7.624425292015075684e-01
7.795000000000000754e-06,9.759167432785034180e-01
7.795999999999999558e-06,9.653816223144531250e-01
7.797000000000000057e-06,7.332553267478942871e-01
7.798000000000000556e-06,3.328195512294769287e-01
7.798999999999999360e-06,-1.440107822418212891e-01
7.799999999999999859e-06,-5.877852439880371094e-01
7.801000000000000357e-06,-8.966410160064697266e-01
7.801999999999999162e-06,-9.996842145919799805e-01
7.802999999999999661e-06,-8.732624650001525879e-01
7.804000000000000159e-06,-5.463943481445312500e-01
7.805000000000000658e-06,-9.410831332206726074e-02
7.805999999999999463e-06,3.797791004180908203e-01
7.806999999999999961e-06,7.664930224418640137e-01
7.808000000000000460e-06,9.772680997848510742e-01
7.808999999999999264e-06,9.637236595153808594e-01
7.809999999999999763e-06,7.289686203002929688e-01
7.811000000000000262e-06,3.268880248069763184e-01
7.812000000000000760e-06,-1.502255946397781372e-01
7.812999999999999565e-06,-5.928568243980407715e-01
7.814000000000000064e-06,-8.994052410125732422e-01
7.815000000000000562e-06,-9.995065331459045410e-01
7.815999999999999367e-06,-8.701837658882141113e-01
7.816999999999999865e-06,-5.411212444305419922e-01
7.818000000000000364e-06,-8.785119652748107910e-02
7.818999999999999169e-06,3.855839967727661133e-01
7.819999999999999667e-06,7.705132365226745605e-01
7.821000000000000166e-06,9.785808920860290527e-01
7.822000000000000665e-06,9.620276689529418945e-01
7.822999999999999469e-06,7.246531248092651367e-01
7.823999999999999968e-06,3.209436237812042236e-01
7.825000000000000466e-06,-1.564344614744186401e-01
7.825999999999999271e-06,-5.979049801826477051e-01
7.826999999999999770e-06,-9.021339416503906250e-01
7.828000000000000268e-06,-9.992894530296325684e-01
7.829000000000000767e-06,-8.670706748962402344e-01
7.829999999999999572e-06,-5.358268022537231445e-01
7.831000000000000070e-06,-8.159061521291732788e-02
7.832000000000000569e-06,3.913736641407012939e-01
7.832999999999999373e-06,7.745030522346496582e-01
7.833999999999999872e-06,9.798550605773925781e-01
7.835000000000000371e-06,9.602937102317810059e-01
7.835999999999999175e-06,7.203090190887451172e-01
7.836999999999999674e-06,3.149865269660949707e-01
7.838000000000000173e-06,-1.626371592283248901e-01
7.839000000000000671e-06,-6.029295325279235840e-01
7.839999999999999476e-06,-9.048270583152770996e-01
7.840999999999999974e-06,-9.990329146385192871e-01
7.842000000000000473e-06,-8.639234304428100586e-01
7.842999999999999278e-06,-5.305112004280090332e-01
7.843999999999999776e-06,-7.532680779695510864e-02
7.845000000000000275e-06,3.971478939056396484e-01
7.846000000000000774e-06,7.784622907638549805e-01
7.846999999999999578e-06,9.810905456542968750e-01
7.848000000000000077e-06,9.585217833518981934e-01
7.849000000000000575e-06,7.159364819526672363e-01
7.849999999999999380e-06,3.090170025825500488e-01
7.850999999999999879e-06,-1.688334494829177856e-01
7.852000000000000377e-06,-6.079303026199340820e-01
7.852999999999999182e-06,-9.074844121932983398e-01
7.853999999999999681e-06,-9.987369775772094727e-01
7.855000000000000179e-06,-8.607420325279235840e-01
7.856000000000000678e-06,-5.251746177673339844e-01
7.856999999999999482e-06,-6.906002759933471680e-02
7.857999999999999981e-06,4.029064476490020752e-01
7.859000000000000480e-06,7.823908329010009766e-01
7.859999999999999284e-06,9.822872281074523926e-01
7.860999999999999783e-06,9.567120671272277832e-01
7.862000000000000282e-06,7.115356922149658203e-01
7.863000000000000780e-06,3.030352592468261719e-01
7.863999999999999585e-06,-1.750230640172958374e-01
7.865000000000000083e-06,-6.129070520401000977e-01
7.866000000000000582e-06,-9.101059436798095703e-01
7.866999999999999387e-06,-9.984015226364135742e-01
7.867999999999999885e-06,-8.575266599655151367e-01
7.869000000000000384e-06,-5.198173522949218750e-01
7.869999999999999189e-06,-6.279052048921585083e-02
7.870999999999999687e-06,4.086490869522094727e-01
7.872000000000000186e-06,7.862884402275085449e-01
7.873000000000000685e-06,9.834452271461486816e-01
7.873999999999999489e-06,9.548645615577697754e-01
7.874999999999999988e-06,7.071067690849304199e-01
7.876000000000000486e-06,2.970415949821472168e-01
7.876999999999999291e-06,-1.812057644128799438e-01
7.877999999999999790e-06,-6.178596019744873047e-01
7.879000000000000288e-06,-9.126915931701660156e-01
7.880000000000000787e-06,-9.980267286300659180e-01
7.880999999999999591e-06,-8.542774319648742676e-01
7.882000000000000090e-06,-5.144395232200622559e-01
7.883000000000000589e-06,-5.651853606104850769e-02
7.883999999999999393e-06,4.143755733966827393e-01
7.884999999999999892e-06,7.901549935340881348e-01
7.886000000000000391e-06,9.845643639564514160e-01
7.886999999999999195e-06,9.529793262481689453e-01
7.887999999999999694e-06,7.026499509811401367e-01
7.889000000000000193e-06,2.910361588001251221e-01
7.890000000000000691e-06,-1.873813122510910034e-01
7.890999999999999496e-06,-6.227877736091613770e-01
7.891999999999999994e-06,-9.152411818504333496e-01
7.893000000000000493e-06,-9.976125359535217285e-01
7.893999999999999298e-06,-8.509944677352905273e-01
7.894999999999999796e-06,-5.090414285659790039e-01
7.896000000000000295e-06,-5.024431645870208740e-02
7.897000000000000794e-06,4.200857281684875488e-01
7.897999999999999598e-06,7.939903736114501953e-01
7.899000000000000097e-06,9.856445789337158203e-01
7.900000000000000595e-06,9.510565400123596191e-01
7.900999999999999400e-06,6.981654167175292969e-01
7.901999999999999899e-06,2.850192487239837646e-01
7.903000000000000397e-06,-1.935494691133499146e-01
7.903999999999999202e-06,-6.276913881301879883e-01
7.904999999999999701e-06,-9.177546501159667969e-01
7.906000000000000199e-06,-9.971588850021362305e-01
7.907000000000000698e-06,-8.476779460906982422e-01
7.907999999999999502e-06,-5.036231875419616699e-01
7.909000000000000001e-06,-4.396811872720718384e-02
7.910000000000000500e-06,4.257792830467224121e-01
7.910999999999999304e-06,7.977944612503051758e-01
7.911999999999999803e-06,9.866859316825866699e-01
7.913000000000000302e-06,9.490961432456970215e-01
7.914000000000000800e-06,6.936532855033874512e-01
7.914999999999999605e-06,2.789911031723022461e-01
7.916000000000000103e-06,-1.997099816799163818e-01
7.917000000000000602e-06,-6.325701475143432617e-01
7.917999999999999407e-06,-9.202318191528320312e-01
7.918999999999999905e-06,-9.966659545898437500e-01
7.920000000000000404e-06,-8.443279266357421875e-01
7.920999999999999209e-06,-4.981850981712341309e-01
7.921999999999999707e-06,-3.769018128514289856e-02
7.923000000000000206e-06,4.314560592174530029e-01
7.924000000000000704e-06,8.015669584274291992e-01
7.924999999999999509e-06,9.876883625984191895e-01
7.926000000000000008e-06,9.470983147621154785e-01
7.927000000000000506e-06,6.891137957572937012e-01
7.927999999999999311e-06,2.729519307613372803e-01
7.928999999999999810e-06,-2.058626115322113037e-01
7.930000000000000308e-06,-6.374239921569824219e-01
7.931000000000000807e-06,-9.226727485656738281e-01
7.931999999999999611e-06,-9.961336255073547363e-01
7.933000000000000110e-06,-8.409445881843566895e-01
7.934000000000000609e-06,-4.927273392677307129e-01
7.934999999999999413e-06,-3.141075745224952698e-02
7.935999999999999912e-06,4.371157586574554443e-01
7.937000000000000411e-06,8.053078651428222656e-01
7.937999999999999215e-06,9.886517524719238281e-01
7.938999999999999714e-06,9.450630545616149902e-01
7.940000000000000212e-06,6.845471262931823730e-01
7.941000000000000711e-06,2.669019997119903564e-01
7.941999999999999516e-06,-2.120071053504943848e-01
7.943000000000000014e-06,-6.422526240348815918e-01
7.944000000000000513e-06,-9.250771999359130859e-01
7.944999999999999318e-06,-9.955619573593139648e-01
7.945999999999999816e-06,-8.375280499458312988e-01
7.947000000000000315e-06,-4.872501194477081299e-01
7.948000000000000813e-06,-2.513009496033191681e-02
7.948999999999999618e-06,4.427582323551177979e-01
7.950000000000000117e-06,8.090170025825500488e-01
7.951000000000000615e-06,9.895761013031005859e-01
7.951999999999999420e-06,9.429905414581298828e-01
7.952999999999999919e-06,6.799533963203430176e-01
7.954000000000000417e-06,2.608415186405181885e-01
7.954999999999999222e-06,-2.181432396173477173e-01
7.955999999999999720e-06,-6.470559835433959961e-01
7.957000000000000219e-06,-9.274451732635498047e-01
7.958000000000000718e-06,-9.949510097503662109e-01
7.958999999999999522e-06,-8.340784311294555664e-01
7.960000000000000021e-06,-4.817536771297454834e-01
7.961000000000000520e-06,-1.884843967854976654e-02
7.961999999999999324e-06,4.483832120895385742e-01
7.962999999999999823e-06,8.126941919326782227e-01
7.964000000000000321e-06,9.904614090919494629e-01
7.965000000000000820e-06,9.408807754516601562e-01
7.965999999999999625e-06,6.753327846527099609e-01
7.967000000000000123e-06,2.547707259654998779e-01
7.968000000000000622e-06,-2.242707610130310059e-01
7.968999999999999427e-06,-6.518337130546569824e-01
7.969999999999999925e-06,-9.297764897346496582e-01
7.971000000000000424e-06,-9.943007826805114746e-01
7.971999999999999228e-06,-8.305959105491638184e-01
7.972999999999999727e-06,-4.762381911277770996e-01
7.974000000000000226e-06,-1.256604027003049850e-02
7.975000000000000724e-06,4.539904892444610596e-01
7.975999999999999529e-06,8.163392543792724609e-01
7.977000000000000028e-06,9.913076162338256836e-01
7.978000000000000526e-06,9.387338757514953613e-01
7.978999999999999331e-06,6.706855893135070801e-01
7.979999999999999829e-06,2.486898899078369141e-01
7.981000000000000328e-06,-2.303894311189651489e-01
7.982000000000000827e-06,-6.565857529640197754e-01
7.982999999999999631e-06,-9.320710897445678711e-01
7.984000000000000130e-06,-9.936113357543945312e-01
7.985000000000000629e-06,-8.270805478096008301e-01
7.985999999999999433e-06,-4.707039296627044678e-01
7.986999999999999932e-06,-6.283144000917673111e-03
7.988000000000000431e-06,4.595798552036285400e-01
7.988999999999999235e-06,8.199521303176879883e-01
7.989999999999999734e-06,9.921147227287292480e-01
7.991000000000000232e-06,9.365499019622802734e-01
7.992000000000000731e-06,6.660118699073791504e-01
7.992999999999999536e-06,2.425992339849472046e-01
7.994000000000000034e-06,-2.364989966154098511e-01
7.995000000000000533e-06,-6.613118648529052734e-01
7.995999999999999337e-06,-9.343289136886596680e-01
7.996999999999999836e-06,-9.928826093673706055e-01
7.998000000000000335e-06,-8.235325813293457031e-01
7.999000000000000833e-06,-4.651510715484619141e-01
7.999999999999999638e-06,-9.403306448383871863e-14
8.001000000000000137e-06,4.651510715484619141e-01
8.002000000000000635e-06,8.235325813293457031e-01
8.002999999999999440e-06,9.928826093673706055e-01
8.003999999999999939e-06,9.343289136886596680e-01
8.005000000000000437e-06,6.613118648529052734e-01
8.005999999999999242e-06,2.364989966154098511e-01
8.006999999999999740e-06,-2.425992339849472046e-01
8.008000000000000239e-06,-6.660118699073791504e-01
8.009000000000000738e-06,-9.365499019622802734e-01
8.009999999999999542e-06,-9.921147227287292480e-01
8.011000000000000041e-06,-8.199521303176879883e-01
8.012000000000000540e-06,-4.595798552036285400e-01
8.012999999999999344e-06,6.283144000917673111e-03
8.013999999999999843e-06,4.707039296627044678e-01
8.015000000000000341e-06,8.270805478096008301e-01
8.016000000000000840e-06,9.936113357543945312e-01
8.016999999999999645e-06,9.320710897445678711e-01
8.018000000000000143e-06,6.565857529640197754e-01
8.019000000000000642e-06,2.303894311189651489e-01
8.019999999999999446e-06,-2.486898899078369141e-01
8.020999999999999945e-06,-6.706855893135070801e-01
8.022000000000000444e-06,-9.387338757514953613e-01
8.022999999999999248e-06,-9.913076162338256836e-01
8.023999999999999747e-06,-8.163392543792724609e-01
8.025000000000000246e-06,-4.539904892444610596e-01
8.026000000000000744e-06,1.256604027003049850e-02
8.026999999999999549e-06,4.762381911277770996e-01
8.028000000000000048e-06,8.305959105491638184e-01
8.029000000000000546e-06,9.943007826805114746e-01
8.029999999999999351e-06,9.297764897346496582e-01
8.030999999999999849e-06,6.518337130546569824e-01
8.032000000000000348e-06,2.242707610130310059e-01
8.033000000000000847e-06,-2.547707259654998779e-01
8.033999999999999651e-06,-6.753327846527099609e-01
8.035000000000000150e-06,-9.408807754516601562e-01
8.036000000000000649e-06,-9.904614090919494629e-01
8.036999999999999453e-06,-8.126941919326782227e-01
8.037999999999999952e-06,-4.483832120895385742e-01
8.039000000000000450e-06,1.884843967854976654e-02
8.039999999999999255e-06,4.817536771297454834e-01
8.040999999999999754e-06,8.340784311294555664e-01
8.042000000000000252e-06,9.949510097503662109e-01
8.043000000000000751e-06,9.274451732635498047e-01
8.043999999999999556e-06,6.470559835433959961e-01
8.045000000000000054e-06,2.181432396173477173e-01
8.046000000000000553e-06,-2.608415186405181885e-01
8.046999999999999357e-06,-6.799533963203430176e-01
8.047999999999999856e-06,-9.429905414581298828e-01
8.049000000000000355e-06,-9.895761013031005859e-01
8.049999999999999159e-06,-8.090170025825500488e-01
8.050999999999999658e-06,-4.427582323551177979e-01
8.052000000000000157e-06,2.513009496033191681e-02
8.053000000000000655e-06,4.872501194477081299e-01
8.053999999999999460e-06,8.375280499458312988e-01
8.054999999999999958e-06,9.955619573593139648e-01
8.056000000000000457e-06,9.250771999359130859e-01
8.056999999999999262e-06,6.422526240348815918e-01
8.057999999999999760e-06,2.120071053504943848e-01
8.059000000000000259e-06,-2.669019997119903564e-01
8.060000000000000758e-06,-6.845471262931823730e-01
8.060999999999999562e-06,-9.450630545616149902e-01
8.062000000000000061e-06,-9.886517524719238281e-01
8.063000000000000559e-06,-8.053078651428222656e-01
8.063999999999999364e-06,-4.371157586574554443e-01
8.064999999999999863e-06,3.141075745224952698e-02
8.066000000000000361e-06,4.927273392677307129e-01
8.066999999999999166e-06,8.409445881843566895e-01
8.067999999999999665e-06,9.961336255073547363e-01
8.069000000000000163e-06,9.226727485656738281e-01
8.070000000000000662e-06,6.374239921569824219e-01
8.070999999999999466e-06,2.058626115322113037e-01
8.071999999999999965e-06,-2.729519307613372803e-01
8.073000000000000464e-06,-6.891137957572937012e-01
8.073999999999999268e-06,-9.470983147621154785e-01
8.074999999999999767e-06,-9.876883625984191895e-01
8.076000000000000266e-06,-8.015669584274291992e-01
8.077000000000000764e-06,-4.314560592174530029e-01
8.077999999999999569e-06,3.769018128514289856e-02
8.079000000000000067e-06,4.981850981712341309e-01
8.080000000000000566e-06,8.443279266357421875e-01
8.080999999999999371e-06,9.966659545898437500e-01
8.081999999999999869e-06,9.202318191528320312e-01
8.083000000000000368e-06,6.325701475143432617e-01
8.083999999999999173e-06,1.997099816799163818e-01
8.084999999999999671e-06,-2.789911031723022461e-01
8.086000000000000170e-06,-6.936532855033874512e-01
8.087000000000000668e-06,-9.490961432456970215e-01
8.087999999999999473e-06,-9.866859316825866699e-01
8.088999999999999972e-06,-7.977944612503051758e-01
8.090000000000000470e-06,-4.257792830467224121e-01
8.090999999999999275e-06,4.396811872720718384e-02
8.091999999999999774e-06,5.036231875419616699e-01
8.093000000000000272e-06,8.476779460906982422e-01
8.094000000000000771e-06,9.971588850021362305e-01
8.094999999999999575e-06,9.177546501159667969e-01
8.096000000000000074e-06,6.276913881301879883e-01
8.097000000000000573e-06,1.935494691133499146e-01
8.097999999999999377e-06,-2.850192487239837646e-01
8.098999999999999876e-06,-6.981654167175292969e-01
8.100000000000000375e-06,-9.510565400123596191e-01
8.100999999999999179e-06,-9.856445789337158203e-01
8.101999999999999678e-06,-7.939903736114501953e-01
8.103000000000000176e-06,-4.200857281684875488e-01
8.104000000000000675e-06,5.024431645870208740e-02
8.104999999999999480e-06,5.090414285659790039e-01
8.105999999999999978e-06,8.509944677352905273e-01
8.107000000000000477e-06,9.976125359535217285e-01
8.107999999999999282e-06,9.152411818504333496e-01
8.108999999999999780e-06,6.227877736091613770e-01
8.110000000000000279e-06,1.873813122510910034e-01
8.111000000000000778e-06,-2.910361588001251221e-01
8.111999999999999582e-06,-7.026499509811401367e-01
8.113000000000000081e-06,-9.529793262481689453e-01
8.114000000000000579e-06,-9.845643639564514160e-01
8.114999999999999384e-06,-7.901549935340881348e-01
8.115999999999999883e-06,-4.143755733966827393e-01
8.117000000000000381e-06,5.651853606104850769e-02
8.117999999999999186e-06,5.144395232200622559e-01
8.118999999999999684e-06,8.542774319648742676e-01
8.120000000000000183e-06,9.980267286300659180e-01
8.121000000000000682e-06,9.126915931701660156e-01
8.121999999999999486e-06,6.178596019744873047e-01
8.122999999999999985e-06,1.812057644128799438e-01
8.124000000000000484e-06,-2.970415949821472168e-01
8.124999999999999288e-06,-7.071067690849304199e-01
8.125999999999999787e-06,-9.548645615577697754e-01
8.127000000000000286e-06,-9.834452271461486816e-01
8.128000000000000784e-06,-7.862884402275085449e-01
8.128999999999999589e-06,-4.086490869522094727e-01
8.130000000000000087e-06,6.279052048921585083e-02
8.131000000000000586e-06,5.198173522949218750e-01
8.131999999999999391e-06,8.575266599655151367e-01
8.132999999999999889e-06,9.984015226364135742e-01
8.134000000000000388e-06,9.101059436798095703e-01
8.134999999999999192e-06,6.129070520401000977e-01
8.135999999999999691e-06,1.750230640172958374e-01
8.137000000000000190e-06,-3.030352592468261719e-01
8.138000000000000688e-06,-7.115356922149658203e-01
8.138999999999999493e-06,-9.567120671272277832e-01
8.139999999999999992e-06,-9.822872281074523926e-01
8.141000000000000490e-06,-7.823908329010009766e-01
8.141999999999999295e-06,-4.029064476490020752e-01
8.142999999999999794e-06,6.906002759933471680e-02
8.144000000000000292e-06,5.251746177673339844e-01
8.145000000000000791e-06,8.607420325279235840e-01
8.145999999999999595e-06,9.987369775772094727e-01
8.147000000000000094e-06,9.074844121932983398e-01
8.148000000000000593e-06,6.079303026199340820e-01
8.148999999999999397e-06,1.688334494829177856e-01
8.149999999999999896e-06,-3.090170025825500488e-01
8.151000000000000395e-06,-7.159364819526672363e-01
8.151999999999999199e-06,-9.585217833518981934e-01
8.152999999999999698e-06,-9.810905456542968750e-01
8.154000000000000196e-06,-7.784622907638549805e-01
8.155000000000000695e-06,-3.971478939056396484e-01
8.155999999999999500e-06,7.532680779695510864e-02
8.156999999999999998e-06,5.305112004280090332e-01
8.158000000000000497e-06,8.639234304428100586e-01
8.158999999999999302e-06,9.990329146385192871e-01
8.159999999999999800e-06,9.048270583152770996e-01
8.161000000000000299e-06,6.029295325279235840e-01
8.162000000000000797e-06,1.626371592283248901e-01
8.162999999999999602e-06,-3.149865269660949707e-01
8.164000000000000101e-06,-7.203090190887451172e-01
8.165000000000000599e-06,-9.602937102317810059e-01
8.165999999999999404e-06,-9.798550605773925781e-01
8.166999999999999903e-06,-7.745030522346496582e-01
8.168000000000000401e-06,-3.913736641407012939e-01
8.168999999999999206e-06,8.159061521291732788e-02
8.169999999999999704e-06,5.358268022537231445e-01
8.171000000000000203e-06,8.670706748962402344e-01
8.172000000000000702e-06,9.992894530296325684e-01
8.172999999999999506e-06,9.021339416503906250e-01
8.174000000000000005e-06,5.979049801826477051e-01
8.175000000000000504e-06,1.564344614744186401e-01
8.175999999999999308e-06,-3.209436237812042236e-01
8.176999999999999807e-06,-7.246531248092651367e-01
8.178000000000000305e-06,-9.620276689529418945e-01
8.179000000000000804e-06,-9.785808920860290527e-01
8.179999999999999609e-06,-7.705132365226745605e-01
8.181000000000000107e-06,-3.855839967727661133e-01
8.182000000000000606e-06,8.785119652748107910e-02
8.182999999999999411e-06,5.411212444305419922e-01
8.183999999999999909e-06,8.701837658882141113e-01
8.185000000000000408e-06,9.995065331459045410e-01
8.185999999999999212e-06,8.994052410125732422e-01
8.186999999999999711e-06,5.928568243980407715e-01
8.188000000000000210e-06,1.502255946397781372e-01
8.189000000000000708e-06,-3.268880248069763184e-01
8.189999999999999513e-06,-7.289686203002929688e-01
8.191000000000000012e-06,-9.637236595153808594e-01
8.192000000000000510e-06,-9.772680997848510742e-01
8.192999999999999315e-06,-7.664930224418640137e-01
8.193999999999999813e-06,-3.797791004180908203e-01
8.195000000000000312e-06,9.410831332206726074e-02
8.196000000000000811e-06,5.463943481445312500e-01
8.196999999999999615e-06,8.732624650001525879e-01
8.198000000000000114e-06,9.996842145919799805e-01
8.199000000000000613e-06,8.966410160064697266e-01
8.199999999999999417e-06,5.877852439880371094e-01
8.200999999999999916e-06,1.440107822418212891e-01
8.202000000000000414e-06,-3.328195512294769287e-01
8.202999999999999219e-06,-7.332553267478942871e-01
8.203999999999999718e-06,-9.653816223144531250e-01
8.205000000000000216e-06,-9.759167432785034180e-01
8.206000000000000715e-06,-7.624425292015075684e-01
8.206999999999999520e-06,-3.739592134952545166e-01
8.208000000000000018e-06,1.003617122769355774e-01
8.209000000000000517e-06,5.516458749771118164e-01
8.209999999999999321e-06,8.763066530227661133e-01
8.210999999999999820e-06,9.998223781585693359e-01
8.212000000000000319e-06,8.938414454460144043e-01
8.213000000000000817e-06,5.826904773712158203e-01
8.213999999999999622e-06,1.377902925014495850e-01
8.215000000000000121e-06,-3.387379348278045654e-01
8.216000000000000619e-06,-7.375131249427795410e-01
8.216999999999999424e-06,-9.670014977455139160e-01
8.217999999999999922e-06,-9.745268821716308594e-01
8.219000000000000421e-06,-7.583619356155395508e-01
8.219999999999999226e-06,-3.681245446205139160e-01
8.220999999999999724e-06,1.066111549735069275e-01
8.222000000000000223e-06,5.568756461143493652e-01
8.223000000000000722e-06,8.793163299560546875e-01
8.223999999999999526e-06,9.999210238456726074e-01
8.225000000000000025e-06,8.910065293312072754e-01
8.226000000000000523e-06,5.775727033615112305e-01
8.226999999999999328e-06,1.315643638372421265e-01
8.227999999999999827e-06,-3.446429371833801270e-01
8.229000000000000325e-06,-7.417417764663696289e-01
8.230000000000000824e-06,-9.685831665992736816e-01
8.230999999999999629e-06,-9.730985164642333984e-01
8.232000000000000127e-06,-7.542513608932495117e-01
8.233000000000000626e-06,-3.622753620147705078e-01
8.233999999999999430e-06,1.128563880920410156e-01
8.234999999999999929e-06,5.620833635330200195e-01
8.236000000000000428e-06,8.822911977767944336e-01
8.236999999999999232e-06,9.999802708625793457e-01
8.237999999999999731e-06,8.881364464759826660e-01
8.239000000000000230e-06,5.724321007728576660e-01
8.240000000000000728e-06,1.253332346677780151e-01
8.240999999999999533e-06,-3.505343198776245117e-01
8.242000000000000031e-06,-7.459411621093750000e-01
8.243000000000000530e-06,-9.701265692710876465e-01
8.243999999999999335e-06,-9.716317057609558105e-01
8.244999999999999833e-06,-7.501110434532165527e-01
8.246000000000000332e-06,-3.564118742942810059e-01
8.247000000000000831e-06,1.190971583127975464e-01
8.247999999999999635e-06,5.672689676284790039e-01
8.249000000000000134e-06,8.852313160896301270e-01
8.250000000000000633e-06,1.000000000000000000e+00
8.250999999999999437e-06,8.852313160896301270e-01
8.251999999999999936e-06,5.672689676284790039e-01
8.253000000000000434e-06,1.190971583127975464e-01
8.253999999999999239e-06,-3.564118742942810059e-01
8.254999999999999738e-06,-7.501110434532165527e-01
8.256000000000000236e-06,-9.716317057609558105e-01
8.257000000000000735e-06,-9.701265692710876465e-01
8.257999999999999539e-06,-7.459411621093750000e-01
8.259000000000000038e-06,-3.505343198776245117e-01
8.260000000000000537e-06,1.253332346677780151e-01
8.260999999999999341e-06,5.724321007728576660e-01
8.261999999999999840e-06,8.881364464759826660e-01
8.263000000000000339e-06,9.999802708625793457e-01
8.264000000000000837e-06,8.822911977767944336e-01
8.264999999999999642e-06,5.620833635330200195e-01
8.266000000000000141e-06,1.128563880920410156e-01
8.267000000000000639e-06,-3.622753620147705078e-01
8.267999999999999444e-06,-7.542513608932495117e-01
8.268999999999999942e-06,-9.730985164642333984e-01
8.270000000000000441e-06,-9.685831665992736816e-01
8.270999999999999246e-06,-7.417417764663696289e-01
8.271999999999999744e-06,-3.446429371833801270e-01
8.273000000000000243e-06,1.315643638372421265e-01
8.274000000000000742e-06,5.775727033615112305e-01
8.274999999999999546e-06,8.910065293312072754e-01
8.276000000000000045e-06,9.999210238456726074e-01
8.277000000000000543e-06,8.793163299560546875e-01
8.277999999999999348e-06,5.568756461143493652e-01
8.278999999999999847e-06,1.066111549735069275e-01
8.280000000000000345e-06,-3.681245446205139160e-01
8.281000000000000844e-06,-7.583619356155395508e-01
8.281999999999999649e-06,-9.745268821716308594e-01
8.283000000000000147e-06,-9.670014977455139160e-01
8.284000000000000646e-06,-7.375131249427795410e-01
8.284999999999999450e-06,-3.387379348278045654e-01
8.285999999999999949e-06,1.377902925014495850e-01
8.287000000000000448e-06,5.826904773712158203e-01
8.287999999999999252e-06,8.938414454460144043e-01
8.288999999999999751e-06,9.998223781585693359e-01
8.290000000000000250e-06,8.763066530227661133e-01
8.291000000000000748e-06,5.516458749771118164e-01
8.291999999999999553e-06,1.003617122769355774e-01
8.293000000000000051e-06,-3.739592134952545166e-01
8.294000000000000550e-06,-7.624425292015075684e-01
8.294999999999999355e-06,-9.759167432785034180e-01
8.295999999999999853e-06,-9.653816223144531250e-01
8.297000000000000352e-06,-7.332553267478942871e-01
8.297999999999999157e-06,-3.328195512294769287e-01
8.298999999999999655e-06,1.440107822418212891e-01
8.300000000000000154e-06,5.877852439880371094e-01
8.301000000000000652e-06,8.966410160064697266e-01
8.301999999999999457e-06,9.996842145919799805e-01
8.302999999999999956e-06,8.732624650001525879e-01
8.304000000000000454e-06,5.463943481445312500e-01
8.304999999999999259e-06,9.410831332206726074e-02
8.305999999999999758e-06,-3.797791004180908203e-01
8.307000000000000256e-06,-7.664930224418640137e-01
8.308000000000000755e-06,-9.772680997848510742e-01
8.308999999999999559e-06,-9.637236595153808594e-01
8.310000000000000058e-06,-7.289686203002929688e-01
8.311000000000000557e-06,-3.268880248069763184e-01
8.311999999999999361e-06,1.502255946397781372e-01
8.312999999999999860e-06,5.928568243980407715e-01
8.314000000000000359e-06,8.994052410125732422e-01
8.314999999999999163e-06,9.995065331459045410e-01
8.315999999999999662e-06,8.701837658882141113e-01
8.317000000000000160e-06,5.411212444305419922e-01
8.318000000000000659e-06,8.785119652748107910e-02
8.318999999999999464e-06,-3.855839967727661133e-01
8.319999999999999962e-06,-7.705132365226745605e-01
8.321000000000000461e-06,-9.785808920860290527e-01
8.321999999999999266e-06,-9.620276689529418945e-01
8.322999999999999764e-06,-7.246531248092651367e-01
8.324000000000000263e-06,-3.209436237812042236e-01
8.325000000000000761e-06,1.564344614744186401e-01
8.325999999999999566e-06,5.979049801826477051e-01
8.327000000000000065e-06,9.021339416503906250e-01
8.328000000000000563e-06,9.992894530296325684e-01
8.328999999999999368e-06,8.670706748962402344e-01
8.329999999999999867e-06,5.358268022537231445e-01
8.331000000000000365e-06,8.159061521291732788e-02
8.331999999999999170e-06,-3.913736641407012939e-01
8.332999999999999668e-06,-7.745030522346496582e-01
8.334000000000000167e-06,-9.798550605773925781e-01
8.335000000000000666e-06,-9.602937102317810059e-01
8.335999999999999470e-06,-7.203090190887451172e-01
8.336999999999999969e-06,-3.149865269660949707e-01
8.338000000000000468e-06,1.626371592283248901e-01
8.338999999999999272e-06,6.029295325279235840e-01
8.339999999999999771e-06,9.048270583152770996e-01
8.341000000000000269e-06,9.990329146385192871e-01
8.342000000000000768e-06,8.639234304428100586e-01
8.342999999999999573e-06,5.305112004280090332e-01
8.344000000000000071e-06,7.532680779695510864e-02
8.345000000000000570e-06,-3.971478939056396484e-01
8.345999999999999375e-06,-7.784622907638549805e-01
8.346999999999999873e-06,-9.810905456542968750e-01
8.348000000000000372e-06,-9.585217833518981934e-01
8.348999999999999176e-06,-7.159364819526672363e-01
8.349999999999999675e-06,-3.090170025825500488e-01
8.351000000000000174e-06,1.688334494829177856e-01
8.352000000000000672e-06,6.079303026199340820e-01
8.352999999999999477e-06,9.074844121932983398e-01
8.353999999999999976e-06,9.987369775772094727e-01
8.355000000000000474e-06,8.607420325279235840e-01
8.355999999999999279e-06,5.251746177673339844e-01
8.356999999999999777e-06,6.906002759933471680e-02
8.358000000000000276e-06,-4.029064476490020752e-01
8.359000000000000775e-06,-7.823908329010009766e-01
8.359999999999999579e-06,-9.822872281074523926e-01
8.361000000000000078e-06,-9.567120671272277832e-01
8.362000000000000577e-06,-7.115356922149658203e-01
8.362999999999999381e-06,-3.030352592468261719e-01
8.363999999999999880e-06,1.750230640172958374e-01
8.365000000000000379e-06,6.129070520401000977e-01
8.365999999999999183e-06,9.101059436798095703e-01
8.366999999999999682e-06,9.984015226364135742e-01
8.368000000000000180e-06,8.575266599655151367e-01
8.369000000000000679e-06,5.198173522949218750e-01
8.369999999999999484e-06,6.279052048921585083e-02
8.370999999999999982e-06,-4.086490869522094727e-01
8.372000000000000481e-06,-7.862884402275085449e-01
8.372999999999999285e-06,-9.834452271461486816e-01
8.373999999999999784e-06,-9.548645615577697754e-01
8.375000000000000283e-06,-7.071067690849304199e-01
8.376000000000000781e-06,-2.970415949821472168e-01
8.376999999999999586e-06,1.812057644128799438e-01
8.378000000000000085e-06,6.178596019744873047e-01
8.379000000000000583e-06,9.126915931701660156e-01
8.379999999999999388e-06,9.980267286300659180e-01
8.380999999999999887e-06,8.542774319648742676e-01
8.382000000000000385e-06,5.144395232200622559e-01
8.382999999999999190e-06,5.651853606104850769e-02
8.383999999999999688e-06,-4.143755733966827393e-01
8.385000000000000187e-06,-7.901549935340881348e-01
8.386000000000000686e-06,-9.845643639564514160e-01
8.386999999999999490e-06,-9.529793262481689453e-01
8.387999999999999989e-06,-7.026499509811401367e-01
8.389000000000000488e-06,-2.910361588001251221e-01
8.389999999999999292e-06,1.873813122510910034e-01
8.390999999999999791e-06,6.227877736091613770e-01
8.392000000000000289e-06,9.152411818504333496e-01
8.393000000000000788e-06,9.976125359535217285e-01
8.393999999999999593e-06,8.509944677352905273e-01
8.395000000000000091e-06,5.090414285659790039e-01
8.396000000000000590e-06,5.024431645870208740e-02
8.396999999999999394e-06,-4.200857281684875488e-01
8.397999999999999893e-06,-7.939903736114501953e-01
8.399000000000000392e-06,-9.856445789337158203e-01
8.399999999999999196e-06,-9.510565400123596191e-01
8.400999999999999695e-06,-6.981654167175292969e-01
8.402000000000000194e-06,-2.850192487239837646e-01
8.403000000000000692e-06,1.935494691133499146e-01
8.403999999999999497e-06,6.276913881301879883e-01
8.404999999999999996e-06,9.177546501159667969e-01
8.406000000000000494e-06,9.971588850021362305e-01
8.406999999999999299e-06,8.476779460906982422e-01
8.407999999999999797e-06,5.036231875419616699e-01
8.409000000000000296e-06,4.396811872720718384e-02
8.410000000000000795e-06,-4.257792830467224121e-01
8.410999999999999599e-06,-7.977944612503051758e-01
8.412000000000000098e-06,-9.866859316825866699e-01
8.413000000000000597e-06,-9.490961432456970215e-01
8.413999999999999401e-06,-6.936532855033874512e-01
8.414999999999999900e-06,-2.789911031723022461e-01
8.416000000000000398e-06,1.997099816799163818e-01
8.416999999999999203e-06,6.325701475143432617e-01
8.417999999999999702e-06,9.202318191528320312e-01
8.419000000000000200e-06,9.966659545898437500e-01
8.420000000000000699e-06,8.443279266357421875e-01
8.420999999999999504e-06,4.981850981712341309e-01
8.422000000000000002e-06,3.769018128514289856e-02
8.423000000000000501e-06,-4.314560592174530029e-01
8.423999999999999305e-06,-8.015669584274291992e-01
8.424999999999999804e-06,-9.876883625984191895e-01
8.426000000000000303e-06,-9.470983147621154785e-01
8.427000000000000801e-06,-6.891137957572937012e-01
8.427999999999999606e-06,-2.729519307613372803e-01
8.429000000000000105e-06,2.058626115322113037e-01
8.430000000000000603e-06,6.374239921569824219e-01
8.430999999999999408e-06,9.226727485656738281e-01
8.431999999999999906e-06,9.961336255073547363e-01
8.433000000000000405e-06,8.409445881843566895e-01
8.433999999999999210e-06,4.927273392677307129e-01
8.434999999999999708e-06,3.141075745224952698e-02
8.436000000000000207e-06,-4.371157586574554443e-01
8.437000000000000706e-06,-8.053078651428222656e-01
8.437999999999999510e-06,-9.886517524719238281e-01
8.439000000000000009e-06,-9.450630545616149902e-01
8.440000000000000507e-06,-6.845471262931823730e-01
8.440999999999999312e-06,-2.669019997119903564e-01
8.441999999999999811e-06,2.120071053504943848e-01
8.443000000000000309e-06,6.422526240348815918e-01
8.444000000000000808e-06,9.250771999359130859e-01
8.444999999999999613e-06,9.955619573593139648e-01
8.446000000000000111e-06,8.375280499458312988e-01
8.447000000000000610e-06,4.872501194477081299e-01
8.447999999999999414e-06,2.513009496033191681e-02
8.448999999999999913e-06,-4.427582323551177979e-01
8.450000000000000412e-06,-8.090170025825500488e-01
8.450999999999999216e-06,-9.895761013031005859e-01
8.451999999999999715e-06,-9.429905414581298828e-01
8.453000000000000214e-06,-6.799533963203430176e-01
8.454000000000000712e-06,-2.608415186405181885e-01
8.454999999999999517e-06,2.181432396173477173e-01
8.456000000000000015e-06,6.470559835433959961e-01
8.457000000000000514e-06,9.274451732635498047e-01
8.457999999999999319e-06,9.949510097503662109e-01
8.458999999999999817e-06,8.340784311294555664e-01
8.460000000000000316e-06,4.817536771297454834e-01
8.461000000000000815e-06,1.884843967854976654e-02
8.461999999999999619e-06,-4.483832120895385742e-01
8.463000000000000118e-06,-8.126941919326782227e-01
8.464000000000000616e-06,-9.904614090919494629e-01
8.464999999999999421e-06,-9.408807754516601562e-01
8.465999999999999920e-06,-6.753327846527099609e-01
8.467000000000000418e-06,-2.547707259654998779e-01
8.467999999999999223e-06,2.242707610130310059e-01
8.468999999999999722e-06,6.518337130546569824e-01
8.470000000000000220e-06,9.297764897346496582e-01
8.471000000000000719e-06,9.943007826805114746e-01
8.471999999999999523e-06,8.305959105491638184e-01
8.473000000000000022e-06,4.762381911277770996e-01
8.474000000000000521e-06,1.256604027003049850e-02
8.474999999999999325e-06,-4.539904892444610596e-01
8.475999999999999824e-06,-8.163392543792724609e-01
8.477000000000000323e-06,-9.913076162338256836e-01
8.478000000000000821e-06,-9.387338757514953613e-01
8.478999999999999626e-06,-6.706855893135070801e-01
8.480000000000000124e-06,-2.486898899078369141e-01
8.481000000000000623e-06,2.303894311189651489e-01
8.481999999999999428e-06,6.565857529640197754e-01
8.482999999999999926e-06,9.320710897445678711e-01
8.484000000000000425e-06,9.936113357543945312e-01
8.484999999999999230e-06,8.270805478096008301e-01
8.485999999999999728e-06,4.707039296627044678e-01
8.487000000000000227e-06,6.283144000917673111e-03
8.488000000000000726e-06,-4.595798552036285400e-01
8.488999999999999530e-06,-8.199521303176879883e-01
8.490000000000000029e-06,-9.921147227287292480e-01
8.491000000000000527e-06,-9.365499019622802734e-01
8.491999999999999332e-06,-6.660118699073791504e-01
8.492999999999999831e-06,-2.425992339849472046e-01
8.494000000000000329e-06,2.364989966154098511e-01
8.495000000000000828e-06,6.613118648529052734e-01
8.495999999999999632e-06,9.343289136886596680e-01
8.497000000000000131e-06,9.928826093673706055e-01
8.498000000000000630e-06,8.235325813293457031e-01
8.498999999999999434e-06,4.651510715484619141e-01
8.499999999999999933e-06,-3.264155167947285774e-13
8.501000000000000432e-06,-4.651510715484619141e-01
8.501999999999999236e-06,-8.235325813293457031e-01
8.502999999999999735e-06,-9.928826093673706055e-01
8.504000000000000234e-06,-9.343289136886596680e-01
8.505000000000000732e-06,-6.613118648529052734e-01
8.505999999999999537e-06,-2.364989966154098511e-01
8.507000000000000035e-06,2.425992339849472046e-01
8.508000000000000534e-06,6.660118699073791504e-01
8.508999999999999339e-06,9.365499019622802734e-01
8.509999999999999837e-06,9.921147227287292480e-01
8.511000000000000336e-06,8.199521303176879883e-01
8.512000000000000835e-06,4.595798552036285400e-01
8.512999999999999639e-06,-6.283144000917673111e-03
8.514000000000000138e-06,-4.707039296627044678e-01
8.515000000000000636e-06,-8.270805478096008301e-01
8.515999999999999441e-06,-9.936113357543945312e-01
8.516999999999999940e-06,-9.320710897445678711e-01
8.518000000000000438e-06,-6.565857529640197754e-01
8.518999999999999243e-06,-2.303894311189651489e-01
8.519999999999999742e-06,2.486898899078369141e-01
8.521000000000000240e-06,6.706855893135070801e-01
8.522000000000000739e-06,9.387338757514953613e-01
8.522999999999999543e-06,9.913076162338256836e-01
8.524000000000000042e-06,8.163392543792724609e-01
8.525000000000000541e-06,4.539904892444610596e-01
8.525999999999999345e-06,-1.256604027003049850e-02
8.526999999999999844e-06,-4.762381911277770996e-01
8.528000000000000343e-06,-8.305959105491638184e-01
8.529000000000000841e-06,-9.943007826805114746e-01
8.529999999999999646e-06,-9.297764897346496582e-01
8.531000000000000144e-06,-6.518337130546569824e-01
8.532000000000000643e-06,-2.242707610130310059e-01
8.532999999999999448e-06,2.547707259654998779e-01
8.533999999999999946e-06,6.753327846527099609e-01
8.535000000000000445e-06,9.408807754516601562e-01
8.535999999999999250e-06,9.904614090919494629e-01
8.536999999999999748e-06,8.126941919326782227e-01
8.538000000000000247e-06,4.483832120895385742e-01
8.539000000000000745e-06,-1.884843967854976654e-02
8.539999999999999550e-06,-4.817536771297454834e-01
8.541000000000000049e-06,-8.340784311294555664e-01
8.542000000000000547e-06,-9.949510097503662109e-01
8.542999999999999352e-06,-9.274451732635498047e-01
8.543999999999999851e-06,-6.470559835433959961e-01
8.545000000000000349e-06,-2.181432396173477173e-01
8.545999999999999154e-06,2.608415186405181885e-01
8.546999999999999652e-06,6.799533963203430176e-01
8.548000000000000151e-06,9.429905414581298828e-01
8.549000000000000650e-06,9.895761013031005859e-01
8.549999999999999454e-06,8.090170025825500488e-01
8.550999999999999953e-06,4.427582323551177979e-01
8.552000000000000452e-06,-2.513009496033191681e-02
8.552999999999999256e-06,-4.872501194477081299e-01
8.553999999999999755e-06,-8.375280499458312988e-01
8.555000000000000253e-06,-9.955619573593139648e-01
8.556000000000000752e-06,-9.250771999359130859e-01
8.556999999999999557e-06,-6.422526240348815918e-01
8.558000000000000055e-06,-2.120071053504943848e-01
8.559000000000000554e-06,2.669019997119903564e-01
8.559999999999999359e-06,6.845471262931823730e-01
8.560999999999999857e-06,9.450630545616149902e-01
8.562000000000000356e-06,9.886517524719238281e-01
8.562999999999999160e-06,8.053078651428222656e-01
8.563999999999999659e-06,4.371157586574554443e-01
8.565000000000000158e-06,-3.141075745224952698e-02
8.566000000000000656e-06,-4.927273392677307129e-01
8.566999999999999461e-06,-8.409445881843566895e-01
8.567999999999999960e-06,-9.961336255073547363e-01
8.569000000000000458e-06,-9.226727485656738281e-01
8.569999999999999263e-06,-6.374239921569824219e-01
8.570999999999999761e-06,-2.058626115322113037e-01
8.572000000000000260e-06,2.729519307613372803e-01
8.573000000000000759e-06,6.891137957572937012e-01
8.573999999999999563e-06,9.470983147621154785e-01
8.575000000000000062e-06,9.876883625984191895e-01
8.576000000000000561e-06,8.015669584274291992e-01
8.576999999999999365e-06,4.314560592174530029e-01
8.577999999999999864e-06,-3.769018128514289856e-02
8.579000000000000362e-06,-4.981850981712341309e-01
8.579999999999999167e-06,-8.443279266357421875e-01
8.580999999999999666e-06,-9.966659545898437500e-01
8.582000000000000164e-06,-9.202318191528320312e-01
8.583000000000000663e-06,-6.325701475143432617e-01
8.583999999999999468e-06,-1.997099816799163818e-01
8.584999999999999966e-06,2.789911031723022461e-01
8.586000000000000465e-06,6.936532855033874512e-01
8.586999999999999269e-06,9.490961432456970215e-01
8.587999999999999768e-06,9.866859316825866699e-01
8.589000000000000267e-06,7.977944612503051758e-01
8.590000000000000765e-06,4.257792830467224121e-01
8.590999999999999570e-06,-4.396811872720718384e-02
8.592000000000000069e-06,-5.036231875419616699e-01
8.593000000000000567e-06,-8.476779460906982422e-01
8.593999999999999372e-06,-9.971588850021362305e-01
8.594999999999999870e-06,-9.177546501159667969e-01
8.596000000000000369e-06,-6.276913881301879883e-01
8.596999999999999174e-06,-1.935494691133499146e-01
8.597999999999999672e-06,2.850192487239837646e-01
8.599000000000000171e-06,6.981654167175292969e-01
8.600000000000000670e-06,9.510565400123596191e-01
8.600999999999999474e-06,9.856445789337158203e-01
8.601999999999999973e-06,7.939903736114501953e-01
8.603000000000000471e-06,4.200857281684875488e-01
8.603999999999999276e-06,-5.024431645870208740e-02
8.604999999999999775e-06,-5.090414285659790039e-01
8.606000000000000273e-06,-8.509944677352905273e-01
8.607000000000000772e-06,-9.976125359535217285e-01
8.607999999999999577e-06,-9.152411818504333496e-01
8.609000000000000075e-06,-6.227877736091613770e-01
8.610000000000000574e-06,-1.873813122510910034e-01
8.610999999999999378e-06,2.910361588001251221e-01
8.611999999999999877e-06,7.026499509811401367e-01
8.613000000000000376e-06,9.529793262481689453e-01
8.613999999999999180e-06,9.845643639564514160e-01
8.614999999999999679e-06,7.901549935340881348e-01
8.616000000000000178e-06,4.143755733966827393e-01
8.617000000000000676e-06,-5.651853606104850769e-02
8.617999999999999481e-06,-5.144395232200622559e-01
8.618999999999999979e-06,-8.542774319648742676e-01
8.620000000000000478e-06,-9.980267286300659180e-01
8.620999999999999283e-06,-9.126915931701660156e-01
8.621999999999999781e-06,-6.178596019744873047e-01
8.623000000000000280e-06,-1.812057644128799438e-01
8.624000000000000779e-06,2.970415949821472168e-01
8.624999999999999583e-06,7.071067690849304199e-01
8.626000000000000082e-06,9.548645615577697754e-01
8.627000000000000581e-06,9.834452271461486816e-01
8.627999999999999385e-06,7.862884402275085449e-01
8.628999999999999884e-06,4.086490869522094727e-01
8.630000000000000382e-06,-6.279052048921585083e-02
8.630999999999999187e-06,-5.198173522949218750e-01
8.631999999999999686e-06,-8.575266599655151367e-01
8.633000000000000184e-06,-9.984015226364135742e-01
8.634000000000000683e-06,-9.101059436798095703e-01
8.634999999999999487e-06,-6.129070520401000977e-01
8.635999999999999986e-06,-1.750230640172958374e-01
8.637000000000000485e-06,3.030352592468261719e-01
8.637999999999999289e-06,7.115356922149658203e-01
8.638999999999999788e-06,9.567120671272277832e-01
8.640000000000000287e-06,9.822872281074523926e-01
8.641000000000000785e-06,7.823908329010009766e-01
8.641999999999999590e-06,4.029064476490020752e-01
8.643000000000000089e-06,-6.906002759933471680e-02
8.644000000000000587e-06,-5.251746177673339844e-01
8.644999999999999392e-06,-8.607420325279235840e-01
8.645999999999999890e-06,-9.987369775772094727e-01
8.647000000000000389e-06,-9.074844121932983398e-01
8.647999999999999194e-06,-6.079303026199340820e-01
8.648999999999999692e-06,-1.688334494829177856e-01
8.650000000000000191e-06,3.090170025825500488e-01
8.651000000000000690e-06,7.159364819526672363e-01
8.651999999999999494e-06,9.585217833518981934e-01
8.652999999999999993e-06,9.810905456542968750e-01
8.654000000000000491e-06,7.784622907638549805e-01
8.654999999999999296e-06,3.971478939056396484e-01
8.655999999999999795e-06,-7.532680779695510864e-02
8.657000000000000293e-06,-5.305112004280090332e-01
8.658000000000000792e-06,-8.639234304428100586e-01
8.658999999999999597e-06,-9.990329146385192871e-01
8.660000000000000095e-06,-9.048270583152770996e-01
8.661000000000000594e-06,-6.029295325279235840e-01
8.661999999999999398e-06,-1.626371592283248901e-01
8.662999999999999897e-06,3.149865269660949707e-01
8.664000000000000396e-06,7.203090190887451172e-01
8.664999999999999200e-06,9.602937102317810059e-01
8.665999999999999699e-06,9.798550605773925781e-01
8.667000000000000198e-06,7.745030522346496582e-01
8.668000000000000696e-06,3.913736641407012939e-01
8.668999999999999501e-06,-8.159061521291732788e-02
8.669999999999999999e-06,-5.358268022537231445e-01
8.671000000000000498e-06,-8.670706748962402344e-01
8.671999999999999303e-06,-9.992894530296325684e-01
8.672999999999999801e-06,-9.021339416503906250e-01
8.674000000000000300e-06,-5.979049801826477051e-01
8.675000000000000799e-06,-1.564344614744186401e-01
8.675999999999999603e-06,3.209436237812042236e-01
8.677000000000000102e-06,7.246531248092651367e-01
8.678000000000000600e-06,9.620276689529418945e-01
8.678999999999999405e-06,9.785808920860290527e-01
8.679999999999999904e-06,7.705132365226745605e-01
8.681000000000000402e-06,3.855839967727661133e-01
8.681999999999999207e-06,-8.785119652748107910e-02
8.682999999999999706e-06,-5.411212444305419922e-01
8.684000000000000204e-06,-8.701837658882141113e-01
8.685000000000000703e-06,-9.995065331459045410e-01
8.685999999999999507e-06,-8.994052410125732422e-01
8.687000000000000006e-06,-5.928568243980407715e-01
8.688000000000000505e-06,-1.502255946397781372e-01
8.688999999999999309e-06,3.268880248069763184e-01
8.689999999999999808e-06,7.289686203002929688e-01
8.691000000000000307e-06,9.637236595153808594e-01
8.692000000000000805e-06,9.772680997848510742e-01
8.692999999999999610e-06,7.664930224418640137e-01
8.694000000000000108e-06,3.797791004180908203e-01
8.695000000000000607e-06,-9.410831332206726074e-02
8.695999999999999412e-06,-5.463943481445312500e-01
8.696999999999999910e-06,-8.732624650001525879e-01
8.698000000000000409e-06,-9.996842145919799805e-01
8.698999999999999214e-06,-8.966410160064697266e-01
8.699999999999999712e-06,-5.877852439880371094e-01
8.701000000000000211e-06,-1.440107822418212891e-01
8.702000000000000709e-06,3.328195512294769287e-01
8.702999999999999514e-06,7.332553267478942871e-01
8.704000000000000013e-06,9.653816223144531250e-01
8.705000000000000511e-06,9.759167432785034180e-01
8.705999999999999316e-06,7.624425292015075684e-01
8.706999999999999815e-06,3.739592134952545166e-01
8.708000000000000313e-06,-1.003617122769355774e-01
8.709000000000000812e-06,-5.516458749771118164e-01
8.709999999999999616e-06,-8.763066530227661133e-01
8.711000000000000115e-06,-9.998223781585693359e-01
8.712000000000000614e-06,-8.938414454460144043e-01
8.712999999999999418e-06,-5.826904773712158203e-01
8.713999999999999917e-06,-1.377902925014495850e-01
8.715000000000000416e-06,3.387379348278045654e-01
8.715999999999999220e-06,7.375131249427795410e-01
8.716999999999999719e-06,9.670014977455139160e-01
8.718000000000000217e-06,9.745268821716308594e-01
8.719000000000000716e-06,7.583619356155395508e-01
8.719999999999999521e-06,3.681245446205139160e-01
8.721000000000000019e-06,-1.066111549735069275e-01
8.722000000000000518e-06,-5.568756461143493652e-01
8.722999999999999323e-06,-8.793163299560546875e-01
8.723999999999999821e-06,-9.999210238456726074e-01
8.725000000000000320e-06,-8.910065293312072754e-01
8.726000000000000819e-06,-5.775727033615112305e-01
8.726999999999999623e-06,-1.315643638372421265e-01
8.728000000000000122e-06,3.446429371833801270e-01
8.729000000000000620e-06,7.417417764663696289e-01
8.729999999999999425e-06,9.685831665992736816e-01
8.730999999999999924e-06,9.730985164642333984e-01
8.732000000000000422e-06,7.542513608932495117e-01
8.732999999999999227e-06,3.622753620147705078e-01
8.733999999999999725e-06,-1.128563880920410156e-01
8.735000000000000224e-06,-5.620833635330200195e-01
8.736000000000000723e-06,-8.822911977767944336e-01
8.736999999999999527e-06,-9.999802708625793457e-01
8.738000000000000026e-06,-8.881364464759826660e-01
8.739000000000000525e-06,-5.724321007728576660e-01
8.739999999999999329e-06,-1.253332346677780151e-01
8.740999999999999828e-06,3.505343198776245117e-01
8.742000000000000327e-06,7.459411621093750000e-01
8.743000000000000825e-06,9.701265692710876465e-01
8.743999999999999630e-06,9.716317057609558105e-01
8.745000000000000128e-06,7.501110434532165527e-01
8.746000000000000627e-06,3.564118742942810059e-01
8.746999999999999432e-06,-1.190971583127975464e-01
8.747999999999999930e-06,-5.672689676284790039e-01
8.749000000000000429e-06,-8.852313160896301270e-01
8.749999999999999233e-06,-1.000000000000000000e+00
8.750999999999999732e-06,-8.852313160896301270e-01
8.752000000000000231e-06,-5.672689676284790039e-01
8.753000000000000729e-06,-1.190971583127975464e-01
8.753999999999999534e-06,3.564118742942810059e-01
8.755000000000000033e-06,7.501110434532165527e-01
8.756000000000000531e-06,9.716317057609558105e-01
8.756999999999999336e-06,9.701265692710876465e-01
8.757999999999999835e-06,7.459411621093750000e-01
8.759000000000000333e-06,3.505343198776245117e-01
8.760000000000000832e-06,-1.253332346677780151e-01
8.760999999999999636e-06,-5.724321007728576660e-01
8.762000000000000135e-06,-8.881364464759826660e-01
8.763000000000000634e-06,-9.999802708625793457e-01
8.763999999999999438e-06,-8.822911977767944336e-01
8.764999999999999937e-06,-5.620833635330200195e-01
8.766000000000000436e-06,-1.128563880920410156e-01
8.766999999999999240e-06,3.622753620147705078e-01
8.767999999999999739e-06,7.542513608932495117e-01
8.769000000000000237e-06,9.730985164642333984e-01
8.770000000000000736e-06,9.685831665992736816e-01
8.770999999999999541e-06,7.417417764663696289e-01
8.772000000000000039e-06,3.446429371833801270e-01
8.773000000000000538e-06,-1.315643638372421265e-01
8.773999999999999342e-06,-5.775727033615112305e-01
8.774999999999999841e-06,-8.910065293312072754e-01
8.776000000000000340e-06,-9.999210238456726074e-01
8.777000000000000838e-06,-8.793163299560546875e-01
8.777999999999999643e-06,-5.568756461143493652e-01
8.779000000000000142e-06,-1.066111549735069275e-01
8.780000000000000640e-06,3.681245446205139160e-01
8.780999999999999445e-06,7.583619356155395508e-01
8.781999999999999944e-06,9.745268821716308594e-01
8.783000000000000442e-06,9.670014977455139160e-01
8.783999999999999247e-06,7.375131249427795410e-01
8.784999999999999745e-06,3.387379348278045654e-01
8.786000000000000244e-06,-1.377902925014495850e-01
8.787000000000000743e-06,-5.826904773712158203e-01
8.787999999999999547e-06,-8.938414454460144043e-01
8.789000000000000046e-06,-9.998223781585693359e-01
8.790000000000000545e-06,-8.763066530227661133e-01
8.790999999999999349e-06,-5.516458749771118164e-01
8.791999999999999848e-06,-1.003617122769355774e-01
8.793000000000000346e-06,3.739592134952545166e-01
8.794000000000000845e-06,7.624425292015075684e-01
8.794999999999999650e-06,9.759167432785034180e-01
8.796000000000000148e-06,9.653816223144531250e-01
8.797000000000000647e-06,7.332553267478942871e-01
8.797999999999999452e-06,3.328195512294769287e-01
8.798999999999999950e-06,-1.440107822418212891e-01
8.800000000000000449e-06,-5.877852439880371094e-01
8.800999999999999253e-06,-8.966410160064697266e-01
8.801999999999999752e-06,-9.996842145919799805e-01
8.803000000000000251e-06,-8.732624650001525879e-01
8.804000000000000749e-06,-5.463943481445312500e-01
8.804999999999999554e-06,-9.410831332206726074e-02
8.806000000000000053e-06,3.797791004180908203e-01
8.807000000000000551e-06,7.664930224418640137e-01
8.807999999999999356e-06,9.772680997848510742e-01
8.808999999999999854e-06,9.637236595153808594e-01
8.810000000000000353e-06,7.289686203002929688e-01
8.810999999999999158e-06,3.268880248069763184e-01
8.811999999999999656e-06,-1.502255946397781372e-01
8.813000000000000155e-06,-5.928568243980407715e-01
8.814000000000000654e-06,-8.994052410125732422e-01
8.814999999999999458e-06,-9.995065331459045410e-01
8.815999999999999957e-06,-8.701837658882141113e-01
8.817000000000000455e-06,-5.411212444305419922e-01
8.817999999999999260e-06,-8.785119652748107910e-02
8.818999999999999759e-06,3.855839967727661133e-01
8.820000000000000257e-06,7.705132365226745605e-01
8.821000000000000756e-06,9.785808920860290527e-01
8.821999999999999561e-06,9.620276689529418945e-01
8.823000000000000059e-06,7.246531248092651367e-01
8.824000000000000558e-06,3.209436237812042236e-01
8.824999999999999362e-06,-1.564344614744186401e-01
8.825999999999999861e-06,-5.979049801826477051e-01
8.827000000000000360e-06,-9.021339416503906250e-01
8.827999999999999164e-06,-9.992894530296325684e-01
8.828999999999999663e-06,-8.670706748962402344e-01
8.830000000000000162e-06,-5.358268022537231445e-01
8.831000000000000660e-06,-8.159061521291732788e-02
8.831999999999999465e-06,3.913736641407012939e-01
8.832999999999999963e-06,7.745030522346496582e-01
8.834000000000000462e-06,9.798550605773925781e-01
8.834999999999999267e-06,9.602937102317810059e-01
8.835999999999999765e-06,7.203090190887451172e-01
8.837000000000000264e-06,3.149865269660949707e-01
8.838000000000000763e-06,-1.626371592283248901e-01
8.838999999999999567e-06,-6.029295325279235840e-01
8.840000000000000066e-06,-9.048270583152770996e-01
8.841000000000000564e-06,-9.990329146385192871e-01
8.841999999999999369e-06,-8.639234304428100586e-01
8.842999999999999868e-06,-5.305112004280090332e-01
8.844000000000000366e-06,-7.532680779695510864e-02
8.844999999999999171e-06,3.971478939056396484e-01
8.845999999999999670e-06,7.784622907638549805e-01
8.847000000000000168e-06,9.810905456542968750e-01
8.848000000000000667e-06,9.585217833518981934e-01
8.848999999999999471e-06,7.159364819526672363e-01
8.849999999999999970e-06,3.090170025825500488e-01
8.851000000000000469e-06,-1.688334494829177856e-01
8.851999999999999273e-06,-6.079303026199340820e-01
8.852999999999999772e-06,-9.074844121932983398e-01
8.854000000000000271e-06,-9.987369775772094727e-01
8.855000000000000769e-06,-8.607420325279235840e-01
8.855999999999999574e-06,-5.251746177673339844e-01
8.857000000000000072e-06,-6.906002759933471680e-02
8.858000000000000571e-06,4.029064476490020752e-01
8.858999999999999376e-06,7.823908329010009766e-01
8.859999999999999874e-06,9.822872281074523926e-01
8.861000000000000373e-06,9.567120671272277832e-01
8.861999999999999178e-06,7.115356922149658203e-01
8.862999999999999676e-06,3.030352592468261719e-01
8.864000000000000175e-06,-1.750230640172958374e-01
8.865000000000000674e-06,-6.129070520401000977e-01
8.865999999999999478e-06,-9.101059436798095703e-01
8.866999999999999977e-06,-9.984015226364135742e-01
8.868000000000000475e-06,-8.575266599655151367e-01
8.868999999999999280e-06,-5.198173522949218750e-01
8.869999999999999779e-06,-6.279052048921585083e-02
8.871000000000000277e-06,4.086490869522094727e-01
8.872000000000000776e-06,7.862884402275085449e-01
8.872999999999999580e-06,9.834452271461486816e-01
8.874000000000000079e-06,9.548645615577697754e-01
8.875000000000000578e-06,7.071067690849304199e-01
8.875999999999999382e-06,2.970415949821472168e-01
8.876999999999999881e-06,-1.812057644128799438e-01
8.878000000000000380e-06,-6.178596019744873047e-01
8.878999999999999184e-06,-9.126915931701660156e-01
8.879999999999999683e-06,-9.980267286300659180e-01
8.881000000000000182e-06,-8.542774319648742676e-01
8.882000000000000680e-06,-5.144395232200622559e-01
8.882999999999999485e-06,-5.651853606104850769e-02
8.883999999999999983e-06,4.143755733966827393e-01
8.885000000000000482e-06,7.901549935340881348e-01
8.885999999999999287e-06,9.845643639564514160e-01
8.886999999999999785e-06,9.529793262481689453e-01
8.888000000000000284e-06,7.026499509811401367e-01
8.889000000000000783e-06,2.910361588001251221e-01
8.889999999999999587e-06,-1.873813122510910034e-01
8.891000000000000086e-06,-6.227877736091613770e-01
8.892000000000000584e-06,-9.152411818504333496e-01
8.892999999999999389e-06,-9.976125359535217285e-01
8.893999999999999888e-06,-8.509944677352905273e-01
8.895000000000000386e-06,-5.090414285659790039e-01
8.895999999999999191e-06,-5.024431645870208740e-02
8.896999999999999690e-06,4.200857281684875488e-01
8.898000000000000188e-06,7.939903736114501953e-01
8.899000000000000687e-06,9.856445789337158203e-01
8.899999999999999491e-06,9.510565400123596191e-01
8.900999999999999990e-06,6.981654167175292969e-01
8.902000000000000489e-06,2.850192487239837646e-01
8.902999999999999293e-06,-1.935494691133499146e-01
8.903999999999999792e-06,-6.276913881301879883e-01
8.905000000000000291e-06,-9.177546501159667969e-01
8.906000000000000789e-06,-9.971588850021362305e-01
8.906999999999999594e-06,-8.476779460906982422e-01
8.908000000000000092e-06,-5.036231875419616699e-01
8.909000000000000591e-06,-4.396811872720718384e-02
8.909999999999999396e-06,4.257792830467224121e-01
8.910999999999999894e-06,7.977944612503051758e-01
8.912000000000000393e-06,9.866859316825866699e-01
8.912999999999999198e-06,9.490961432456970215e-01
8.913999999999999696e-06,6.936532855033874512e-01
8.915000000000000195e-06,2.789911031723022461e-01
8.916000000000000693e-06,-1.997099816799163818e-01
8.916999999999999498e-06,-6.325701475143432617e-01
8.917999999999999997e-06,-9.202318191528320312e-01
8.919000000000000495e-06,-9.966659545898437500e-01
8.919999999999999300e-06,-8.443279266357421875e-01
8.920999999999999799e-06,-4.981850981712341309e-01
8.922000000000000297e-06,-3.769018128514289856e-02
8.923000000000000796e-06,4.314560592174530029e-01
8.923999999999999600e-06,8.015669584274291992e-01
8.925000000000000099e-06,9.876883625984191895e-01
8.926000000000000598e-06,9.470983147621154785e-01
8.926999999999999402e-06,6.891137957572937012e-01
8.927999999999999901e-06,2.729519307613372803e-01
8.929000000000000400e-06,-2.058626115322113037e-01
8.929999999999999204e-06,-6.374239921569824219e-01
8.930999999999999703e-06,-9.226727485656738281e-01
8.932000000000000201e-06,-9.961336255073547363e-01
8.933000000000000700e-06,-8.409445881843566895e-01
8.933999999999999505e-06,-4.927273392677307129e-01
8.935000000000000003e-06,-3.141075745224952698e-02
8.936000000000000502e-06,4.371157586574554443e-01
8.936999999999999307e-06,8.053078651428222656e-01
8.937999999999999805e-06,9.886517524719238281e-01
8.939000000000000304e-06,9.450630545616149902e-01
8.940000000000000802e-06,6.845471262931823730e-01
8.940999999999999607e-06,2.669019997119903564e-01
8.942000000000000106e-06,-2.120071053504943848e-01
8.943000000000000604e-06,-6.422526240348815918e-01
8.943999999999999409e-06,-9.250771999359130859e-01
8.944999999999999908e-06,-9.955619573593139648e-01
8.946000000000000406e-06,-8.375280499458312988e-01
8.946999999999999211e-06,-4.872501194477081299e-01
8.947999999999999709e-06,-2.513009496033191681e-02
8.949000000000000208e-06,4.427582323551177979e-01
8.950000000000000707e-06,8.090170025825500488e-01
8.950999999999999511e-06,9.895761013031005859e-01
8.952000000000000010e-06,9.429905414581298828e-01
8.953000000000000509e-06,6.799533963203430176e-01
8.953999999999999313e-06,2.608415186405181885e-01
8.954999999999999812e-06,-2.181432396173477173e-01
8.956000000000000310e-06,-6.470559835433959961e-01
8.957000000000000809e-06,-9.274451732635498047e-01
8.957999999999999614e-06,-9.949510097503662109e-01
8.959000000000000112e-06,-8.340784311294555664e-01
8.960000000000000611e-06,-4.817536771297454834e-01
8.960999999999999416e-06,-1.884843967854976654e-02
8.961999999999999914e-06,4.483832120895385742e-01
8.963000000000000413e-06,8.126941919326782227e-01
8.963999999999999217e-06,9.904614090919494629e-01
8.964999999999999716e-06,9.408807754516601562e-01
8.966000000000000215e-06,6.753327846527099609e-01
8.967000000000000713e-06,2.547707259654998779e-01
8.967999999999999518e-06,-2.242707610130310059e-01
8.969000000000000017e-06,-6.518337130546569824e-01
8.970000000000000515e-06,-9.297764897346496582e-01
8.970999999999999320e-06,-9.943007826805114746e-01
8.971999999999999818e-06,-8.305959105491638184e-01
8.973000000000000317e-06,-4.762381911277770996e-01
8.974000000000000816e-06,-1.256604027003049850e-02
8.974999999999999620e-06,4.539904892444610596e-01
8.976000000000000119e-06,8.163392543792724609e-01
8.977000000000000618e-06,9.913076162338256836e-01
8.977999999999999422e-06,9.387338757514953613e-01
8.978999999999999921e-06,6.706855893135070801e-01
8.980000000000000419e-06,2.486898899078369141e-01
8.980999999999999224e-06,-2.303894311189651489e-01
8.981999999999999723e-06,-6.565857529640197754e-01
8.983000000000000221e-06,-9.320710897445678711e-01
8.984000000000000720e-06,-9.936113357543945312e-01
8.984999999999999525e-06,-8.270805478096008301e-01
8.986000000000000023e-06,-4.707039296627044678e-01
8.987000000000000522e-06,-6.283144000917673111e-03
8.987999999999999326e-06,4.595798552036285400e-01
8.988999999999999825e-06,8.199521303176879883e-01
8.990000000000000324e-06,9.921147227287292480e-01
8.991000000000000822e-06,9.365499019622802734e-01
8.991999999999999627e-06,6.660118699073791504e-01
8.993000000000000126e-06,2.425992339849472046e-01
8.994000000000000624e-06,-2.364989966154098511e-01
8.994999999999999429e-06,-6.613118648529052734e-01
8.995999999999999927e-06,-9.343289136886596680e-01
8.997000000000000426e-06,-9.928826093673706055e-01
8.997999999999999231e-06,-8.235325813293457031e-01
8.998999999999999729e-06,-4.651510715484619141e-01
9.000000000000000228e-06,2.921167268580410203e-13
9.001000000000000727e-06,4.651510715484619141e-01
9.001999999999999531e-06,8.235325813293457031e-01
9.003000000000000030e-06,9.928826093673706055e-01
9.004000000000000529e-06,9.343289136886596680e-01
9.004999999999999333e-06,6.613118648529052734e-01
9.005999999999999832e-06,2.364989966154098511e-01
9.007000000000000330e-06,-2.425992339849472046e-01
9.008000000000000829e-06,-6.660118699073791504e-01
9.008999999999999634e-06,-9.365499019622802734e-01
9.010000000000000132e-06,-9.921147227287292480e-01
9.011000000000000631e-06,-8.199521303176879883e-01
9.011999999999999435e-06,-4.595798552036285400e-01
9.012999999999999934e-06,6.283144000917673111e-03
9.014000000000000433e-06,4.707039296627044678e-01
9.014999999999999237e-06,8.270805478096008301e-01
9.015999999999999736e-06,9.936113357543945312e-01
9.017000000000000235e-06,9.320710897445678711e-01
9.018000000000000733e-06,6.565857529640197754e-01
9.018999999999999538e-06,2.303894311189651489e-01
9.020000000000000037e-06,-2.486898899078369141e-01
9.021000000000000535e-06,-6.706855893135070801e-01
9.021999999999999340e-06,-9.387338757514953613e-01
9.022999999999999838e-06,-9.913076162338256836e-01
9.024000000000000337e-06,-8.163392543792724609e-01
9.025000000000000836e-06,-4.539904892444610596e-01
9.025999999999999640e-06,1.256604027003049850e-02
9.027000000000000139e-06,4.762381911277770996e-01
9.028000000000000638e-06,8.305959105491638184e-01
9.028999999999999442e-06,9.943007826805114746e-01
9.029999999999999941e-06,9.297764897346496582e-01
9.031000000000000439e-06,6.518337130546569824e-01
9.031999999999999244e-06,2.242707610130310059e-01
9.032999999999999743e-06,-2.547707259654998779e-01
9.034000000000000241e-06,-6.753327846527099609e-01
9.035000000000000740e-06,-9.408807754516601562e-01
9.035999999999999545e-06,-9.904614090919494629e-01
9.037000000000000043e-06,-8.126941919326782227e-01
9.038000000000000542e-06,-4.483832120895385742e-01
9.038999999999999346e-06,1.884843967854976654e-02
9.039999999999999845e-06,4.817536771297454834e-01
9.041000000000000344e-06,8.340784311294555664e-01
9.042000000000000842e-06,9.949510097503662109e-01
9.042999999999999647e-06,9.274451732635498047e-01
9.044000000000000146e-06,6.470559835433959961e-01
9.045000000000000644e-06,2.181432396173477173e-01
9.045999999999999449e-06,-2.608415186405181885e-01
9.046999999999999947e-06,-6.799533963203430176e-01
9.048000000000000446e-06,-9.429905414581298828e-01
9.048999999999999251e-06,-9.895761013031005859e-01
9.049999999999999749e-06,-8.090170025825500488e-01
9.051000000000000248e-06,-4.427582323551177979e-01
9.052000000000000747e-06,2.513009496033191681e-02
9.052999999999999551e-06,4.872501194477081299e-01
9.054000000000000050e-06,8.375280499458312988e-01
9.055000000000000548e-06,9.955619573593139648e-01
9.055999999999999353e-06,9.250771999359130859e-01
9.056999999999999852e-06,6.422526240348815918e-01
9.058000000000000350e-06,2.120071053504943848e-01
9.058999999999999155e-06,-2.669019997119903564e-01
9.059999999999999654e-06,-6.845471262931823730e-01
9.061000000000000152e-06,-9.450630545616149902e-01
9.062000000000000651e-06,-9.886517524719238281e-01
9.062999999999999455e-06,-8.053078651428222656e-01
9.063999999999999954e-06,-4.371157586574554443e-01
9.065000000000000453e-06,3.141075745224952698e-02
9.065999999999999257e-06,4.927273392677307129e-01
9.066999999999999756e-06,8.409445881843566895e-01
9.068000000000000255e-06,9.961336255073547363e-01
9.069000000000000753e-06,9.226727485656738281e-01
9.069999999999999558e-06,6.374239921569824219e-01
9.071000000000000056e-06,2.058626115322113037e-01
9.072000000000000555e-06,-2.729519307613372803e-01
9.072999999999999360e-06,-6.891137957572937012e-01
9.073999999999999858e-06,-9.470983147621154785e-01
9.075000000000000357e-06,-9.876883625984191895e-01
9.075999999999999162e-06,-8.015669584274291992e-01
9.076999999999999660e-06,-4.314560592174530029e-01
9.078000000000000159e-06,3.769018128514289856e-02
9.079000000000000657e-06,4.981850981712341309e-01
9.079999999999999462e-06,8.443279266357421875e-01
9.080999999999999961e-06,9.966659545898437500e-01
9.082000000000000459e-06,9.202318191528320312e-01
9.082999999999999264e-06,6.325701475143432617e-01
9.083999999999999763e-06,1.997099816799163818e-01
9.085000000000000261e-06,-2.789911031723022461e-01
9.086000000000000760e-06,-6.936532855033874512e-01
9.086999999999999564e-06,-9.490961432456970215e-01
9.088000000000000063e-06,-9.866859316825866699e-01
9.089000000000000562e-06,-7.977944612503051758e-01
9.089999999999999366e-06,-4.257792830467224121e-01
9.090999999999999865e-06,4.396811872720718384e-02
9.092000000000000364e-06,5.036231875419616699e-01
9.092999999999999168e-06,8.476779460906982422e-01
9.093999999999999667e-06,9.971588850021362305e-01
9.095000000000000165e-06,9.177546501159667969e-01
9.096000000000000664e-06,6.276913881301879883e-01
9.096999999999999469e-06,1.935494691133499146e-01
9.097999999999999967e-06,-2.850192487239837646e-01
9.099000000000000466e-06,-6.981654167175292969e-01
9.099999999999999271e-06,-9.510565400123596191e-01
9.100999999999999769e-06,-9.856445789337158203e-01
9.102000000000000268e-06,-7.939903736114501953e-01
9.103000000000000767e-06,-4.200857281684875488e-01
9.103999999999999571e-06,5.024431645870208740e-02
9.105000000000000070e-06,5.090414285659790039e-01
9.106000000000000568e-06,8.509944677352905273e-01
9.106999999999999373e-06,9.976125359535217285e-01
9.107999999999999872e-06,9.152411818504333496e-01
9.109000000000000370e-06,6.227877736091613770e-01
9.109999999999999175e-06,1.873813122510910034e-01
9.110999999999999673e-06,-2.910361588001251221e-01
9.112000000000000172e-06,-7.026499509811401367e-01
9.113000000000000671e-06,-9.529793262481689453e-01
9.113999999999999475e-06,-9.845643639564514160e-01
9.114999999999999974e-06,-7.901549935340881348e-01
9.116000000000000473e-06,-4.143755733966827393e-01
9.116999999999999277e-06,5.651853606104850769e-02
9.117999999999999776e-06,5.144395232200622559e-01
9.119000000000000275e-06,8.542774319648742676e-01
9.120000000000000773e-06,9.980267286300659180e-01
9.120999999999999578e-06,9.126915931701660156e-01
9.122000000000000076e-06,6.178596019744873047e-01
9.123000000000000575e-06,1.812057644128799438e-01
9.123999999999999380e-06,-2.970415949821472168e-01
9.124999999999999878e-06,-7.071067690849304199e-01
9.126000000000000377e-06,-9.548645615577697754e-01
9.126999999999999181e-06,-9.834452271461486816e-01
9.127999999999999680e-06,-7.862884402275085449e-01
9.129000000000000179e-06,-4.086490869522094727e-01
9.130000000000000677e-06,6.279052048921585083e-02
9.130999999999999482e-06,5.198173522949218750e-01
9.131999999999999981e-06,8.575266599655151367e-01
9.133000000000000479e-06,9.984015226364135742e-01
9.133999999999999284e-06,9.101059436798095703e-01
9.134999999999999783e-06,6.129070520401000977e-01
9.136000000000000281e-06,1.750230640172958374e-01
9.137000000000000780e-06,-3.030352592468261719e-01
9.137999999999999584e-06,-7.115356922149658203e-01
9.139000000000000083e-06,-9.567120671272277832e-01
9.140000000000000582e-06,-9.822872281074523926e-01
9.140999999999999386e-06,-7.823908329010009766e-01
9.141999999999999885e-06,-4.029064476490020752e-01
9.143000000000000384e-06,6.906002759933471680e-02
9.143999999999999188e-06,5.251746177673339844e-01
9.144999999999999687e-06,8.607420325279235840e-01
9.146000000000000185e-06,9.987369775772094727e-01
9.147000000000000684e-06,9.074844121932983398e-01
9.147999999999999489e-06,6.079303026199340820e-01
9.148999999999999987e-06,1.688334494829177856e-01
9.150000000000000486e-06,-3.090170025825500488e-01
9.150999999999999290e-06,-7.159364819526672363e-01
9.151999999999999789e-06,-9.585217833518981934e-01
9.153000000000000288e-06,-9.810905456542968750e-01
9.154000000000000786e-06,-7.784622907638549805e-01
9.154999999999999591e-06,-3.971478939056396484e-01
9.156000000000000090e-06,7.532680779695510864e-02
9.157000000000000588e-06,5.305112004280090332e-01
9.157999999999999393e-06,8.639234304428100586e-01
9.158999999999999892e-06,9.990329146385192871e-01
9.160000000000000390e-06,9.048270583152770996e-01
9.160999999999999195e-06,6.029295325279235840e-01
9.161999999999999693e-06,1.626371592283248901e-01
9.163000000000000192e-06,-3.149865269660949707e-01
9.164000000000000691e-06,-7.203090190887451172e-01
9.164999999999999495e-06,-9.602937102317810059e-01
9.165999999999999994e-06,-9.798550605773925781e-01
9.167000000000000493e-06,-7.745030522346496582e-01
9.167999999999999297e-06,-3.913736641407012939e-01
9.168999999999999796e-06,8.159061521291732788e-02
9.170000000000000294e-06,5.358268022537231445e-01
9.171000000000000793e-06,8.670706748962402344e-01
9.171999999999999598e-06,9.992894530296325684e-01
9.173000000000000096e-06,9.021339416503906250e-01
9.174000000000000595e-06,5.979049801826477051e-01
9.174999999999999400e-06,1.564344614744186401e-01
9.175999999999999898e-06,-3.209436237812042236e-01
9.177000000000000397e-06,-7.246531248092651367e-01
9.177999999999999201e-06,-9.620276689529418945e-01
9.178999999999999700e-06,-9.785808920860290527e-01
9.180000000000000199e-06,-7.705132365226745605e-01
9.181000000000000697e-06,-3.855839967727661133e-01
9.181999999999999502e-06,8.785119652748107910e-02
9.183000000000000001e-06,5.411212444305419922e-01
9.184000000000000499e-06,8.701837658882141113e-01
9.184999999999999304e-06,9.995065331459045410e-01
9.185999999999999802e-06,8.994052410125732422e-01
9.187000000000000301e-06,5.928568243980407715e-01
9.188000000000000800e-06,1.502255946397781372e-01
9.188999999999999604e-06,-3.268880248069763184e-01
9.190000000000000103e-06,-7.289686203002929688e-01
9.191000000000000602e-06,-9.637236595153808594e-01
9.191999999999999406e-06,-9.772680997848510742e-01
9.192999999999999905e-06,-7.664930224418640137e-01
9.194000000000000403e-06,-3.797791004180908203e-01
9.194999999999999208e-06,9.410831332206726074e-02
9.195999999999999707e-06,5.463943481445312500e-01
9.197000000000000205e-06,8.732624650001525879e-01
9.198000000000000704e-06,9.996842145919799805e-01
9.198999999999999509e-06,8.966410160064697266e-01
9.200000000000000007e-06,5.877852439880371094e-01
9.201000000000000506e-06,1.440107822418212891e-01
9.201999999999999310e-06,-3.328195512294769287e-01
9.202999999999999809e-06,-7.332553267478942871e-01
9.204000000000000308e-06,-9.653816223144531250e-01
9.205000000000000806e-06,-9.759167432785034180e-01
9.205999999999999611e-06,-7.624425292015075684e-01
9.207000000000000110e-06,-3.739592134952545166e-01
9.208000000000000608e-06,1.003617122769355774e-01
9.208999999999999413e-06,5.516458749771118164e-01
9.209999999999999911e-06,8.763066530227661133e-01
9.211000000000000410e-06,9.998223781585693359e-01
9.211999999999999215e-06,8.938414454460144043e-01
9.212999999999999713e-06,5.826904773712158203e-01
9.214000000000000212e-06,1.377902925014495850e-01
9.215000000000000711e-06,-3.387379348278045654e-01
9.215999999999999515e-06,-7.375131249427795410e-01
9.217000000000000014e-06,-9.670014977455139160e-01
9.218000000000000512e-06,-9.745268821716308594e-01
9.218999999999999317e-06,-7.583619356155395508e-01
9.219999999999999816e-06,-3.681245446205139160e-01
9.221000000000000314e-06,1.066111549735069275e-01
9.222000000000000813e-06,5.568756461143493652e-01
9.222999999999999618e-06,8.793163299560546875e-01
9.224000000000000116e-06,9.999210238456726074e-01
9.225000000000000615e-06,8.910065293312072754e-01
9.225999999999999419e-06,5.775727033615112305e-01
9.226999999999999918e-06,1.315643638372421265e-01
9.228000000000000417e-06,-3.446429371833801270e-01
9.228999999999999221e-06,-7.417417764663696289e-01
9.229999999999999720e-06,-9.685831665992736816e-01
9.231000000000000219e-06,-9.730985164642333984e-01
9.232000000000000717e-06,-7.542513608932495117e-01
9.232999999999999522e-06,-3.622753620147705078e-01
9.234000000000000020e-06,1.128563880920410156e-01
9.235000000000000519e-06,5.620833635330200195e-01
9.235999999999999324e-06,8.822911977767944336e-01
9.236999999999999822e-06,9.999802708625793457e-01
9.238000000000000321e-06,8.881364464759826660e-01
9.239000000000000820e-06,5.724321007728576660e-01
9.239999999999999624e-06,1.253332346677780151e-01
9.241000000000000123e-06,-3.505343198776245117e-01
9.242000000000000622e-06,-7.459411621093750000e-01
9.242999999999999426e-06,-9.701265692710876465e-01
9.243999999999999925e-06,-9.716317057609558105e-01
9.245000000000000423e-06,-7.501110434532165527e-01
9.245999999999999228e-06,-3.564118742942810059e-01
9.246999999999999727e-06,1.190971583127975464e-01
9.248000000000000225e-06,5.672689676284790039e-01
9.249000000000000724e-06,8.852313160896301270e-01
9.249999999999999528e-06,1.000000000000000000e+00
9.251000000000000027e-06,8.852313160896301270e-01
9.252000000000000526e-06,5.672689676284790039e-01
9.252999999999999330e-06,1.190971583127975464e-01
9.253999999999999829e-06,-3.564118742942810059e-01
9.255000000000000328e-06,-7.501110434532165527e-01
9.256000000000000826e-06,-9.716317057609558105e-01
9.256999999999999631e-06,-9.701265692710876465e-01
9.258000000000000130e-06,-7.459411621093750000e-01
9.259000000000000628e-06,-3.505343198776245117e-01
9.259999999999999433e-06,1.253332346677780151e-01
9.260999999999999931e-06,5.724321007728576660e-01
9.262000000000000430e-06,8.881364464759826660e-01
9.262999999999999235e-06,9.999802708625793457e-01
9.263999999999999733e-06,8.822911977767944336e-01
9.265000000000000232e-06,5.620833635330200195e-01
9.266000000000000731e-06,1.128563880920410156e-01
9.266999999999999535e-06,-3.622753620147705078e-01
9.268000000000000034e-06,-7.542513608932495117e-01
9.269000000000000532e-06,-9.730985164642333984e-01
9.269999999999999337e-06,-9.685831665992736816e-01
9.270999999999999836e-06,-7.417417764663696289e-01
9.272000000000000334e-06,-3.446429371833801270e-01
9.273000000000000833e-06,1.315643638372421265e-01
9.273999999999999638e-06,5.775727033615112305e-01
9.275000000000000136e-06,8.910065293312072754e-01
9.276000000000000635e-06,9.999210238456726074e-01
9.276999999999999439e-06,8.793163299560546875e-01
9.277999999999999938e-06,5.568756461143493652e-01
9.279000000000000437e-06,1.066111549735069275e-01
9.279999999999999241e-06,-3.681245446205139160e-01
9.280999999999999740e-06,-7.583619356155395508e-01
9.282000000000000239e-06,-9.745268821716308594e-01
9.283000000000000737e-06,-9.670014977455139160e-01
9.283999999999999542e-06,-7.375131249427795410e-01
9.285000000000000040e-06,-3.387379348278045654e-01
9.286000000000000539e-06,1.377902925014495850e-01
9.286999999999999344e-06,5.826904773712158203e-01
9.287999999999999842e-06,8.938414454460144043e-01
9.289000000000000341e-06,9.998223781585693359e-01
9.290000000000000840e-06,8.763066530227661133e-01
9.290999999999999644e-06,5.516458749771118164e-01
9.292000000000000143e-06,1.003617122769355774e-01
9.293000000000000641e-06,-3.739592134952545166e-01
9.293999999999999446e-06,-7.624425292015075684e-01
9.294999999999999945e-06,-9.759167432785034180e-01
9.296000000000000443e-06,-9.653816223144531250e-01
9.296999999999999248e-06,-7.332553267478942871e-01
9.297999999999999747e-06,-3.328195512294769287e-01
9.299000000000000245e-06,1.440107822418212891e-01
9.300000000000000744e-06,5.877852439880371094e-01
9.300999999999999548e-06,8.966410160064697266e-01
9.302000000000000047e-06,9.996842145919799805e-01
9.303000000000000546e-06,8.732624650001525879e-01
9.303999999999999350e-06,5.463943481445312500e-01
9.304999999999999849e-06,9.410831332206726074e-02
9.306000000000000348e-06,-3.797791004180908203e-01
9.307000000000000846e-06,-7.664930224418640137e-01
9.307999999999999651e-06,-9.772680997848510742e-01
9.309000000000000149e-06,-9.637236595153808594e-01
9.310000000000000648e-06,-7.289686203002929688e-01
9.310999999999999453e-06,-3.268880248069763184e-01
9.311999999999999951e-06,1.502255946397781372e-01
9.313000000000000450e-06,5.928568243980407715e-01
9.313999999999999255e-06,8.994052410125732422e-01
9.314999999999999753e-06,9.995065331459045410e-01
9.316000000000000252e-06,8.701837658882141113e-01
9.317000000000000750e-06,5.411212444305419922e-01
9.317999999999999555e-06,8.785119652748107910e-02
9.319000000000000054e-06,-3.855839967727661133e-01
9.320000000000000552e-06,-7.705132365226745605e-01
9.320999999999999357e-06,-9.785808920860290527e-01
9.321999999999999856e-06,-9.620276689529418945e-01
9.323000000000000354e-06,-7.246531248092651367e-01
9.323999999999999159e-06,-3.209436237812042236e-01
9.324999999999999657e-06,1.564344614744186401e-01
9.326000000000000156e-06,5.979049801826477051e-01
9.327000000000000655e-06,9.021339416503906250e-01
9.327999999999999459e-06,9.992894530296325684e-01
9.328999999999999958e-06,8.670706748962402344e-01
9.330000000000000457e-06,5.358268022537231445e-01
9.330999999999999261e-06,8.159061521291732788e-02
9.331999999999999760e-06,-3.913736641407012939e-01
9.333000000000000258e-06,-7.745030522346496582e-01
9.334000000000000757e-06,-9.798550605773925781e-01
9.334999999999999562e-06,-9.602937102317810059e-01
9.336000000000000060e-06,-7.203090190887451172e-01
9.337000000000000559e-06,-3.149865269660949707e-01
9.337999999999999364e-06,1.626371592283248901e-01
9.338999999999999862e-06,6.029295325279235840e-01
9.340000000000000361e-06,9.048270583152770996e-01
9.340999999999999165e-06,9.990329146385192871e-01
9.341999999999999664e-06,8.639234304428100586e-01
9.343000000000000163e-06,5.305112004280090332e-01
9.344000000000000661e-06,7.532680779695510864e-02
9.344999999999999466e-06,-3.971478939056396484e-01
9.345999999999999965e-06,-7.784622907638549805e-01
9.347000000000000463e-06,-9.810905456542968750e-01
9.347999999999999268e-06,-9.585217833518981934e-01
9.348999999999999766e-06,-7.159364819526672363e-01
9.350000000000000265e-06,-3.090170025825500488e-01
9.351000000000000764e-06,1.688334494829177856e-01
9.351999999999999568e-06,6.079303026199340820e-01
9.353000000000000067e-06,9.074844121932983398e-01
9.354000000000000566e-06,9.987369775772094727e-01
9.354999999999999370e-06,8.607420325279235840e-01
9.355999999999999869e-06,5.251746177673339844e-01
9.357000000000000367e-06,6.906002759933471680e-02
9.357999999999999172e-06,-4.029064476490020752e-01
9.358999999999999671e-06,-7.823908329010009766e-01
9.360000000000000169e-06,-9.822872281074523926e-01
9.361000000000000668e-06,-9.567120671272277832e-01
9.361999999999999473e-06,-7.115356922149658203e-01
9.362999999999999971e-06,-3.030352592468261719e-01
9.364000000000000470e-06,1.750230640172958374e-01
9.364999999999999274e-06,6.129070520401000977e-01
9.365999999999999773e-06,9.101059436798095703e-01
9.367000000000000272e-06,9.984015226364135742e-01
9.368000000000000770e-06,8.575266599655151367e-01
9.368999999999999575e-06,5.198173522949218750e-01
9.370000000000000074e-06,6.279052048921585083e-02
9.371000000000000572e-06,-4.086490869522094727e-01
9.371999999999999377e-06,-7.862884402275085449e-01
9.372999999999999875e-06,-9.834452271461486816e-01
9.374000000000000374e-06,-9.548645615577697754e-01
9.374999999999999179e-06,-7.071067690849304199e-01
9.375999999999999677e-06,-2.970415949821472168e-01
9.377000000000000176e-06,1.812057644128799438e-01
9.378000000000000675e-06,6.178596019744873047e-01
9.378999999999999479e-06,9.126915931701660156e-01
9.379999999999999978e-06,9.980267286300659180e-01
9.381000000000000477e-06,8.542774319648742676e-01
9.381999999999999281e-06,5.144395232200622559e-01
9.382999999999999780e-06,5.651853606104850769e-02
9.384000000000000278e-06,-4.143755733966827393e-01
9.385000000000000777e-06,-7.901549935340881348e-01
9.385999999999999582e-06,-9.845643639564514160e-01
9.387000000000000080e-06,-9.529793262481689453e-01
9.388000000000000579e-06,-7.026499509811401367e-01
9.388999999999999383e-06,-2.910361588001251221e-01
9.389999999999999882e-06,1.873813122510910034e-01
9.391000000000000381e-06,6.227877736091613770e-01
9.391999999999999185e-06,9.152411818504333496e-01
9.392999999999999684e-06,9.976125359535217285e-01
9.394000000000000183e-06,8.509944677352905273e-01
9.395000000000000681e-06,5.090414285659790039e-01
9.395999999999999486e-06,5.024431645870208740e-02
9.396999999999999985e-06,-4.200857281684875488e-01
9.398000000000000483e-06,-7.939903736114501953e-01
9.398999999999999288e-06,-9.856445789337158203e-01
9.399999999999999786e-06,-9.510565400123596191e-01
9.401000000000000285e-06,-6.981654167175292969e-01
9.402000000000000784e-06,-2.850192487239837646e-01
9.402999999999999588e-06,1.935494691133499146e-01
9.404000000000000087e-06,6.276913881301879883e-01
9.405000000000000586e-06,9.177546501159667969e-01
9.405999999999999390e-06,9.971588850021362305e-01
9.406999999999999889e-06,8.476779460906982422e-01
9.408000000000000387e-06,5.036231875419616699e-01
9.408999999999999192e-06,4.396811872720718384e-02
9.409999999999999691e-06,-4.257792830467224121e-01
9.411000000000000189e-06,-7.977944612503051758e-01
9.412000000000000688e-06,-9.866859316825866699e-01
9.412999999999999493e-06,-9.490961432456970215e-01
9.413999999999999991e-06,-6.936532855033874512e-01
9.415000000000000490e-06,-2.789911031723022461e-01
9.415999999999999294e-06,1.997099816799163818e-01
9.416999999999999793e-06,6.325701475143432617e-01
9.418000000000000292e-06,9.202318191528320312e-01
9.419000000000000790e-06,9.966659545898437500e-01
9.419999999999999595e-06,8.443279266357421875e-01
9.421000000000000094e-06,4.981850981712341309e-01
9.422000000000000592e-06,3.769018128514289856e-02
9.422999999999999397e-06,-4.314560592174530029e-01
9.423999999999999895e-06,-8.015669584274291992e-01
9.425000000000000394e-06,-9.876883625984191895e-01
9.425999999999999199e-06,-9.470983147621154785e-01
9.426999999999999697e-06,-6.891137957572937012e-01
9.428000000000000196e-06,-2.729519307613372803e-01
9.429000000000000695e-06,2.058626115322113037e-01
9.429999999999999499e-06,6.374239921569824219e-01
9.430999999999999998e-06,9.226727485656738281e-01
9.432000000000000496e-06,9.961336255073547363e-01
9.432999999999999301e-06,8.409445881843566895e-01
9.433999999999999800e-06,4.927273392677307129e-01
9.435000000000000298e-06,3.141075745224952698e-02
9.436000000000000797e-06,-4.371157586574554443e-01
9.436999999999999602e-06,-8.053078651428222656e-01
9.438000000000000100e-06,-9.886517524719238281e-01
9.439000000000000599e-06,-9.450630545616149902e-01
9.439999999999999403e-06,-6.845471262931823730e-01
9.440999999999999902e-06,-2.669019997119903564e-01
9.442000000000000401e-06,2.120071053504943848e-01
9.442999999999999205e-06,6.422526240348815918e-01
9.443999999999999704e-06,9.250771999359130859e-01
9.445000000000000203e-06,9.955619573593139648e-01
9.446000000000000701e-06,8.375280499458312988e-01
9.446999999999999506e-06,4.872501194477081299e-01
9.448000000000000004e-06,2.513009496033191681e-02
9.449000000000000503e-06,-4.427582323551177979e-01
9.449999999999999308e-06,-8.090170025825500488e-01
9.450999999999999806e-06,-9.895761013031005859e-01
9.452000000000000305e-06,-9.429905414581298828e-01
9.453000000000000804e-06,-6.799533963203430176e-01
9.453999999999999608e-06,-2.608415186405181885e-01
9.455000000000000107e-06,2.181432396173477173e-01
9.456000000000000605e-06,6.470559835433959961e-01
9.456999999999999410e-06,9.274451732635498047e-01
9.457999999999999909e-06,9.949510097503662109e-01
9.459000000000000407e-06,8.340784311294555664e-01
9.459999999999999212e-06,4.817536771297454834e-01
9.460999999999999711e-06,1.884843967854976654e-02
9.462000000000000209e-06,-4.483832120895385742e-01
9.463000000000000708e-06,-8.126941919326782227e-01
9.463999999999999512e-06,-9.904614090919494629e-01
9.465000000000000011e-06,-9.408807754516601562e-01
9.466000000000000510e-06,-6.753327846527099609e-01
9.466999999999999314e-06,-2.547707259654998779e-01
9.467999999999999813e-06,2.242707610130310059e-01
9.469000000000000312e-06,6.518337130546569824e-01
9.470000000000000810e-06,9.297764897346496582e-01
9.470999999999999615e-06,9.943007826805114746e-01
9.472000000000000113e-06,8.305959105491638184e-01
9.473000000000000612e-06,4.762381911277770996e-01
9.473999999999999417e-06,1.256604027003049850e-02
9.474999999999999915e-06,-4.539904892444610596e-01
9.476000000000000414e-06,-8.163392543792724609e-01
9.476999999999999219e-06,-9.913076162338256836e-01
9.477999999999999717e-06,-9.387338757514953613e-01
9.479000000000000216e-06,-6.706855893135070801e-01
9.480000000000000715e-06,-2.486898899078369141e-01
9.480999999999999519e-06,2.303894311189651489e-01
9.482000000000000018e-06,6.565857529640197754e-01
9.483000000000000516e-06,9.320710897445678711e-01
9.483999999999999321e-06,9.936113357543945312e-01
9.484999999999999820e-06,8.270805478096008301e-01
9.486000000000000318e-06,4.707039296627044678e-01
9.487000000000000817e-06,6.283144000917673111e-03
9.487999999999999621e-06,-4.595798552036285400e-01
9.489000000000000120e-06,-8.199521303176879883e-01
9.490000000000000619e-06,-9.921147227287292480e-01
9.490999999999999423e-06,-9.365499019622802734e-01
9.491999999999999922e-06,-6.660118699073791504e-01
9.493000000000000421e-06,-2.425992339849472046e-01
9.493999999999999225e-06,2.364989966154098511e-01
9.494999999999999724e-06,6.613118648529052734e-01
9.496000000000000223e-06,9.343289136886596680e-01
9.497000000000000721e-06,9.928826093673706055e-01
9.497999999999999526e-06,8.235325813293457031e-01
9.499000000000000024e-06,4.651510715484619141e-01
9.500000000000000523e-06,-2.578179640264077754e-13
9.500999999999999328e-06,-4.651510715484619141e-01
9.501999999999999826e-06,-8.235325813293457031e-01
9.503000000000000325e-06,-9.928826093673706055e-01
9.504000000000000824e-06,-9.343289136886596680e-01
9.504999999999999628e-06,-6.613118648529052734e-01
9.506000000000000127e-06,-2.364989966154098511e-01
9.507000000000000625e-06,2.425992339849472046e-01
9.507999999999999430e-06,6.660118699073791504e-01
9.508999999999999929e-06,9.365499019622802734e-01
9.510000000000000427e-06,9.921147227287292480e-01
9.510999999999999232e-06,8.199521303176879883e-01
9.511999999999999731e-06,4.595798552036285400e-01
9.513000000000000229e-06,-6.283144000917673111e-03
9.514000000000000728e-06,-4.707039296627044678e-01
9.514999999999999532e-06,-8.270805478096008301e-01
9.516000000000000031e-06,-9.936113357543945312e-01
9.517000000000000530e-06,-9.320710897445678711e-01
9.517999999999999334e-06,-6.565857529640197754e-01
9.518999999999999833e-06,-2.303894311189651489e-01
9.520000000000000332e-06,2.486898899078369141e-01
9.521000000000000830e-06,6.706855893135070801e-01
9.521999999999999635e-06,9.387338757514953613e-01
9.523000000000000133e-06,9.913076162338256836e-01
9.524000000000000632e-06,8.163392543792724609e-01
9.524999999999999437e-06,4.539904892444610596e-01
9.525999999999999935e-06,-1.256604027003049850e-02
9.527000000000000434e-06,-4.762381911277770996e-01
9.527999999999999238e-06,-8.305959105491638184e-01
9.528999999999999737e-06,-9.943007826805114746e-01
9.530000000000000236e-06,-9.297764897346496582e-01
9.531000000000000734e-06,-6.518337130546569824e-01
9.531999999999999539e-06,-2.242707610130310059e-01
9.533000000000000038e-06,2.547707259654998779e-01
9.534000000000000536e-06,6.753327846527099609e-01
9.534999999999999341e-06,9.408807754516601562e-01
9.535999999999999840e-06,9.904614090919494629e-01
9.537000000000000338e-06,8.126941919326782227e-01
9.538000000000000837e-06,4.483832120895385742e-01
9.538999999999999641e-06,-1.884843967854976654e-02
9.540000000000000140e-06,-4.817536771297454834e-01
9.541000000000000639e-06,-8.340784311294555664e-01
9.541999999999999443e-06,-9.949510097503662109e-01
9.542999999999999942e-06,-9.274451732635498047e-01
9.544000000000000441e-06,-6.470559835433959961e-01
9.544999999999999245e-06,-2.181432396173477173e-01
9.545999999999999744e-06,2.608415186405181885e-01
9.547000000000000242e-06,6.799533963203430176e-01
9.548000000000000741e-06,9.429905414581298828e-01
9.548999999999999546e-06,9.895761013031005859e-01
9.550000000000000044e-06,8.090170025825500488e-01
9.551000000000000543e-06,4.427582323551177979e-01
9.551999999999999348e-06,-2.513009496033191681e-02
9.552999999999999846e-06,-4.872501194477081299e-01
9.554000000000000345e-06,-8.375280499458312988e-01
9.555000000000000843e-06,-9.955619573593139648e-01
9.555999999999999648e-06,-9.250771999359130859e-01
9.557000000000000147e-06,-6.422526240348815918e-01
9.558000000000000645e-06,-2.120071053504943848e-01
9.558999999999999450e-06,2.669019997119903564e-01
9.559999999999999949e-06,6.845471262931823730e-01
9.561000000000000447e-06,9.450630545616149902e-01
9.561999999999999252e-06,9.886517524719238281e-01
9.562999999999999750e-06,8.053078651428222656e-01
9.564000000000000249e-06,4.371157586574554443e-01
9.565000000000000748e-06,-3.141075745224952698e-02
9.565999999999999552e-06,-4.927273392677307129e-01
9.567000000000000051e-06,-8.409445881843566895e-01
9.568000000000000550e-06,-9.961336255073547363e-01
9.568999999999999354e-06,-9.226727485656738281e-01
9.569999999999999853e-06,-6.374239921569824219e-01
9.571000000000000351e-06,-2.058626115322113037e-01
9.571999999999999156e-06,2.729519307613372803e-01
9.572999999999999655e-06,6.891137957572937012e-01
9.574000000000000153e-06,9.470983147621154785e-01
9.575000000000000652e-06,9.876883625984191895e-01
9.575999999999999457e-06,8.015669584274291992e-01
9.576999999999999955e-06,4.314560592174530029e-01
9.578000000000000454e-06,-3.769018128514289856e-02
9.578999999999999258e-06,-4.981850981712341309e-01
9.579999999999999757e-06,-8.443279266357421875e-01
9.581000000000000256e-06,-9.966659545898437500e-01
9.582000000000000754e-06,-9.202318191528320312e-01
9.582999999999999559e-06,-6.325701475143432617e-01
9.584000000000000058e-06,-1.997099816799163818e-01
9.585000000000000556e-06,2.789911031723022461e-01
9.585999999999999361e-06,6.936532855033874512e-01
9.586999999999999859e-06,9.490961432456970215e-01
9.588000000000000358e-06,9.866859316825866699e-01
9.588999999999999163e-06,7.977944612503051758e-01
9.589999999999999661e-06,4.257792830467224121e-01
9.591000000000000160e-06,-4.396811872720718384e-02
9.592000000000000659e-06,-5.036231875419616699e-01
9.592999999999999463e-06,-8.476779460906982422e-01
9.593999999999999962e-06,-9.971588850021362305e-01
9.595000000000000460e-06,-9.177546501159667969e-01
9.595999999999999265e-06,-6.276913881301879883e-01
9.596999999999999764e-06,-1.935494691133499146e-01
9.598000000000000262e-06,2.850192487239837646e-01
9.599000000000000761e-06,6.981654167175292969e-01
9.599999999999999566e-06,9.510565400123596191e-01
9.601000000000000064e-06,9.856445789337158203e-01
9.602000000000000563e-06,7.939903736114501953e-01
9.602999999999999367e-06,4.200857281684875488e-01
9.603999999999999866e-06,-5.024431645870208740e-02
9.605000000000000365e-06,-5.090414285659790039e-01
9.605999999999999169e-06,-8.509944677352905273e-01
9.606999999999999668e-06,-9.976125359535217285e-01
9.608000000000000167e-06,-9.152411818504333496e-01
9.609000000000000665e-06,-6.227877736091613770e-01
9.609999999999999470e-06,-1.873813122510910034e-01
9.610999999999999968e-06,2.910361588001251221e-01
9.612000000000000467e-06,7.026499509811401367e-01
9.612999999999999272e-06,9.529793262481689453e-01
9.613999999999999770e-06,9.845643639564514160e-01
9.615000000000000269e-06,7.901549935340881348e-01
9.616000000000000768e-06,4.143755733966827393e-01
9.616999999999999572e-06,-5.651853606104850769e-02
9.618000000000000071e-06,-5.144395232200622559e-01
9.619000000000000570e-06,-8.542774319648742676e-01
9.619999999999999374e-06,-9.980267286300659180e-01
9.620999999999999873e-06,-9.126915931701660156e-01
9.622000000000000371e-06,-6.178596019744873047e-01
9.622999999999999176e-06,-1.812057644128799438e-01
9.623999999999999675e-06,2.970415949821472168e-01
9.625000000000000173e-06,7.071067690849304199e-01
9.626000000000000672e-06,9.548645615577697754e-01
9.626999999999999476e-06,9.834452271461486816e-01
9.627999999999999975e-06,7.862884402275085449e-01
9.629000000000000474e-06,4.086490869522094727e-01
9.629999999999999278e-06,-6.279052048921585083e-02
9.630999999999999777e-06,-5.198173522949218750e-01
9.632000000000000276e-06,-8.575266599655151367e-01
9.633000000000000774e-06,-9.984015226364135742e-01
9.633999999999999579e-06,-9.101059436798095703e-01
9.635000000000000078e-06,-6.129070520401000977e-01
9.636000000000000576e-06,-1.750230640172958374e-01
9.636999999999999381e-06,3.030352592468261719e-01
9.637999999999999879e-06,7.115356922149658203e-01
9.639000000000000378e-06,9.567120671272277832e-01
9.639999999999999183e-06,9.822872281074523926e-01
9.640999999999999681e-06,7.823908329010009766e-01
9.642000000000000180e-06,4.029064476490020752e-01
9.643000000000000679e-06,-6.906002759933471680e-02
9.643999999999999483e-06,-5.251746177673339844e-01
9.644999999999999982e-06,-8.607420325279235840e-01
9.646000000000000480e-06,-9.987369775772094727e-01
9.646999999999999285e-06,-9.074844121932983398e-01
9.647999999999999784e-06,-6.079303026199340820e-01
9.649000000000000282e-06,-1.688334494829177856e-01
9.650000000000000781e-06,3.090170025825500488e-01
9.650999999999999586e-06,7.159364819526672363e-01
9.652000000000000084e-06,9.585217833518981934e-01
9.653000000000000583e-06,9.810905456542968750e-01
9.653999999999999387e-06,7.784622907638549805e-01
9.654999999999999886e-06,3.971478939056396484e-01
9.656000000000000385e-06,-7.532680779695510864e-02
9.656999999999999189e-06,-5.305112004280090332e-01
9.657999999999999688e-06,-8.639234304428100586e-01
9.659000000000000187e-06,-9.990329146385192871e-01
9.660000000000000685e-06,-9.048270583152770996e-01
9.660999999999999490e-06,-6.029295325279235840e-01
9.661999999999999988e-06,-1.626371592283248901e-01
9.663000000000000487e-06,3.149865269660949707e-01
9.663999999999999292e-06,7.203090190887451172e-01
9.664999999999999790e-06,9.602937102317810059e-01
9.666000000000000289e-06,9.798550605773925781e-01
9.667000000000000788e-06,7.745030522346496582e-01
9.667999999999999592e-06,3.913736641407012939e-01
9.669000000000000091e-06,-8.159061521291732788e-02
9.670000000000000589e-06,-5.358268022537231445e-01
9.670999999999999394e-06,-8.670706748962402344e-01
9.671999999999999893e-06,-9.992894530296325684e-01
9.673000000000000391e-06,-9.021339416503906250e-01
9.673999999999999196e-06,-5.979049801826477051e-01
9.674999999999999695e-06,-1.564344614744186401e-01
9.676000000000000193e-06,3.209436237812042236e-01
9.677000000000000692e-06,7.246531248092651367e-01
9.677999999999999496e-06,9.620276689529418945e-01
9.678999999999999995e-06,9.785808920860290527e-01
9.680000000000000494e-06,7.705132365226745605e-01
9.680999999999999298e-06,3.855839967727661133e-01
9.681999999999999797e-06,-8.785119652748107910e-02
9.683000000000000296e-06,-5.411212444305419922e-01
9.684000000000000794e-06,-8.701837658882141113e-01
9.684999999999999599e-06,-9.995065331459045410e-01
9.686000000000000097e-06,-8.994052410125732422e-01
9.687000000000000596e-06,-5.928568243980407715e-01
9.687999999999999401e-06,-1.502255946397781372e-01
9.688999999999999899e-06,3.268880248069763184e-01
9.690000000000000398e-06,7.289686203002929688e-01
9.690999999999999203e-06,9.637236595153808594e-01
9.691999999999999701e-06,9.772680997848510742e-01
9.693000000000000200e-06,7.664930224418640137e-01
9.694000000000000698e-06,3.797791004180908203e-01
9.694999999999999503e-06,-9.410831332206726074e-02
9.696000000000000002e-06,-5.463943481445312500e-01
9.697000000000000500e-06,-8.732624650001525879e-01
9.697999999999999305e-06,-9.996842145919799805e-01
9.698999999999999804e-06,-8.966410160064697266e-01
9.700000000000000302e-06,-5.877852439880371094e-01
9.701000000000000801e-06,-1.440107822418212891e-01
9.701999999999999605e-06,3.328195512294769287e-01
9.703000000000000104e-06,7.332553267478942871e-01
9.704000000000000603e-06,9.653816223144531250e-01
9.704999999999999407e-06,9.759167432785034180e-01
9.705999999999999906e-06,7.624425292015075684e-01
9.707000000000000405e-06,3.739592134952545166e-01
9.707999999999999209e-06,-1.003617122769355774e-01
9.708999999999999708e-06,-5.516458749771118164e-01
9.710000000000000206e-06,-8.763066530227661133e-01
9.711000000000000705e-06,-9.998223781585693359e-01
9.711999999999999510e-06,-8.938414454460144043e-01
9.713000000000000008e-06,-5.826904773712158203e-01
9.714000000000000507e-06,-1.377902925014495850e-01
9.714999999999999312e-06,3.387379348278045654e-01
9.715999999999999810e-06,7.375131249427795410e-01
9.717000000000000309e-06,9.670014977455139160e-01
9.718000000000000807e-06,9.745268821716308594e-01
9.718999999999999612e-06,7.583619356155395508e-01
9.720000000000000111e-06,3.681245446205139160e-01
9.721000000000000609e-06,-1.066111549735069275e-01
9.721999999999999414e-06,-5.568756461143493652e-01
9.722999999999999913e-06,-8.793163299560546875e-01
9.724000000000000411e-06,-9.999210238456726074e-01
9.724999999999999216e-06,-8.910065293312072754e-01
9.725999999999999714e-06,-5.775727033615112305e-01
9.727000000000000213e-06,-1.315643638372421265e-01
9.728000000000000712e-06,3.446429371833801270e-01
9.728999999999999516e-06,7.417417764663696289e-01
9.730000000000000015e-06,9.685831665992736816e-01
9.731000000000000514e-06,9.730985164642333984e-01
9.731999999999999318e-06,7.542513608932495117e-01
9.732999999999999817e-06,3.622753620147705078e-01
9.734000000000000315e-06,-1.128563880920410156e-01
9.735000000000000814e-06,-5.620833635330200195e-01
9.735999999999999619e-06,-8.822911977767944336e-01
9.737000000000000117e-06,-9.999802708625793457e-01
9.738000000000000616e-06,-8.881364464759826660e-01
9.738999999999999421e-06,-5.724321007728576660e-01
9.739999999999999919e-06,-1.253332346677780151e-01
9.741000000000000418e-06,3.505343198776245117e-01
9.741999999999999222e-06,7.459411621093750000e-01
9.742999999999999721e-06,9.701265692710876465e-01
9.744000000000000220e-06,9.716317057609558105e-01
9.745000000000000718e-06,7.501110434532165527e-01
9.745999999999999523e-06,3.564118742942810059e-01
9.747000000000000022e-06,-1.190971583127975464e-01
9.748000000000000520e-06,-5.672689676284790039e-01
9.748999999999999325e-06,-8.852313160896301270e-01
9.749999999999999823e-06,-1.000000000000000000e+00
9.751000000000000322e-06,-8.852313160896301270e-01
9.752000000000000821e-06,-5.672689676284790039e-01
9.752999999999999625e-06,-1.190971583127975464e-01
9.754000000000000124e-06,3.564118742942810059e-01
9.755000000000000623e-06,7.501110434532165527e-01
9.755999999999999427e-06,9.716317057609558105e-01
9.756999999999999926e-06,9.701265692710876465e-01
9.758000000000000425e-06,7.459411621093750000e-01
9.758999999999999229e-06,3.505343198776245117e-01
9.759999999999999728e-06,-1.253332346677780151e-01
9.761000000000000226e-06,-5.724321007728576660e-01
9.762000000000000725e-06,-8.881364464759826660e-01
9.762999999999999530e-06,-9.999802708625793457e-01
9.764000000000000028e-06,-8.822911977767944336e-01
9.765000000000000527e-06,-5.620833635330200195e-01
9.765999999999999331e-06,-1.128563880920410156e-01
9.766999999999999830e-06,3.622753620147705078e-01
9.768000000000000329e-06,7.542513608932495117e-01
9.769000000000000827e-06,9.730985164642333984e-01
9.769999999999999632e-06,9.685831665992736816e-01
9.771000000000000131e-06,7.417417764663696289e-01
9.772000000000000629e-06,3.446429371833801270e-01
9.772999999999999434e-06,-1.315643638372421265e-01
9.773999999999999933e-06,-5.775727033615112305e-01
9.775000000000000431e-06,-8.910065293312072754e-01
9.775999999999999236e-06,-9.999210238456726074e-01
9.776999999999999734e-06,-8.793163299560546875e-01
9.778000000000000233e-06,-5.568756461143493652e-01
9.779000000000000732e-06,-1.066111549735069275e-01
9.779999999999999536e-06,3.681245446205139160e-01
9.781000000000000035e-06,7.583619356155395508e-01
9.782000000000000534e-06,9.745268821716308594e-01
9.782999999999999338e-06,9.670014977455139160e-01
9.783999999999999837e-06,7.375131249427795410e-01
9.785000000000000335e-06,3.387379348278045654e-01
9.786000000000000834e-06,-1.377902925014495850e-01
9.786999999999999639e-06,-5.826904773712158203e-01
9.788000000000000137e-06,-8.938414454460144043e-01
9.789000000000000636e-06,-9.998223781585693359e-01
9.789999999999999441e-06,-8.763066530227661133e-01
9.790999999999999939e-06,-5.516458749771118164e-01
9.792000000000000438e-06,-1.003617122769355774e-01
9.792999999999999242e-06,3.739592134952545166e-01
9.793999999999999741e-06,7.624425292015075684e-01
9.795000000000000240e-06,9.759167432785034180e-01
9.796000000000000738e-06,9.653816223144531250e-01
9.796999999999999543e-06,7.332553267478942871e-01
9.798000000000000042e-06,3.328195512294769287e-01
9.799000000000000540e-06,-1.440107822418212891e-01
9.799999999999999345e-06,-5.877852439880371094e-01
9.800999999999999843e-06,-8.966410160064697266e-01
9.802000000000000342e-06,-9.996842145919799805e-01
9.803000000000000841e-06,-8.732624650001525879e-01
9.803999999999999645e-06,-5.463943481445312500e-01
9.805000000000000144e-06,-9.410831332206726074e-02
9.806000000000000643e-06,3.797791004180908203e-01
9.806999999999999447e-06,7.664930224418640137e-01
9.807999999999999946e-06,9.772680997848510742e-01
9.809000000000000444e-06,9.637236595153808594e-01
9.809999999999999249e-06,7.289686203002929688e-01
9.810999999999999748e-06,3.268880248069763184e-01
9.812000000000000246e-06,-1.502255946397781372e-01
9.813000000000000745e-06,-5.928568243980407715e-01
9.813999999999999550e-06,-8.994052410125732422e-01
9.815000000000000048e-06,-9.995065331459045410e-01
9.816000000000000547e-06,-8.701837658882141113e-01
9.816999999999999351e-06,-5.411212444305419922e-01
9.817999999999999850e-06,-8.785119652748107910e-02
9.819000000000000349e-06,3.855839967727661133e-01
9.819999999999999153e-06,7.705132365226745605e-01
9.820999999999999652e-06,9.785808920860290527e-01
9.822000000000000151e-06,9.620276689529418945e-01
9.823000000000000649e-06,7.246531248092651367e-01
9.823999999999999454e-06,3.209436237812042236e-01
9.824999999999999952e-06,-1.564344614744186401e-01
9.826000000000000451e-06,-5.979049801826477051e-01
9.826999999999999256e-06,-9.021339416503906250e-01
9.827999999999999754e-06,-9.992894530296325684e-01
9.829000000000000253e-06,-8.670706748962402344e-01
9.830000000000000752e-06,-5.358268022537231445e-01
9.830999999999999556e-06,-8.159061521291732788e-02
9.832000000000000055e-06,3.913736641407012939e-01
9.833000000000000553e-06,7.745030522346496582e-01
9.833999999999999358e-06,9.798550605773925781e-01
9.834999999999999857e-06,9.602937102317810059e-01
9.836000000000000355e-06,7.203090190887451172e-01
9.836999999999999160e-06,3.149865269660949707e-01
9.837999999999999659e-06,-1.626371592283248901e-01
9.839000000000000157e-06,-6.029295325279235840e-01
9.840000000000000656e-06,-9.048270583152770996e-01
9.840999999999999460e-06,-9.990329146385192871e-01
9.841999999999999959e-06,-8.639234304428100586e-01
9.843000000000000458e-06,-5.305112004280090332e-01
9.843999999999999262e-06,-7.532680779695510864e-02
9.844999999999999761e-06,3.971478939056396484e-01
9.846000000000000260e-06,7.784622907638549805e-01
9.847000000000000758e-06,9.810905456542968750e-01
9.847999999999999563e-06,9.585217833518981934e-01
9.849000000000000061e-06,7.159364819526672363e-01
9.850000000000000560e-06,3.090170025825500488e-01
9.850999999999999365e-06,-1.688334494829177856e-01
9.851999999999999863e-06,-6.079303026199340820e-01
9.853000000000000362e-06,-9.074844121932983398e-01
9.853999999999999167e-06,-9.987369775772094727e-01
9.854999999999999665e-06,-8.607420325279235840e-01
9.856000000000000164e-06,-5.251746177673339844e-01
9.857000000000000663e-06,-6.906002759933471680e-02
9.857999999999999467e-06,4.029064476490020752e-01
9.858999999999999966e-06,7.823908329010009766e-01
9.860000000000000464e-06,9.822872281074523926e-01
9.860999999999999269e-06,9.567120671272277832e-01
9.861999999999999768e-06,7.115356922149658203e-01
9.863000000000000266e-06,3.030352592468261719e-01
9.864000000000000765e-06,-1.750230640172958374e-01
9.864999999999999569e-06,-6.129070520401000977e-01
9.866000000000000068e-06,-9.101059436798095703e-01
9.867000000000000567e-06,-9.984015226364135742e-01
9.867999999999999371e-06,-8.575266599655151367e-01
9.868999999999999870e-06,-5.198173522949218750e-01
9.870000000000000369e-06,-6.279052048921585083e-02
9.870999999999999173e-06,4.086490869522094727e-01
9.871999999999999672e-06,7.862884402275085449e-01
9.873000000000000171e-06,9.834452271461486816e-01
9.874000000000000669e-06,9.548645615577697754e-01
9.874999999999999474e-06,7.071067690849304199e-01
9.875999999999999972e-06,2.970415949821472168e-01
9.877000000000000471e-06,-1.812057644128799438e-01
9.877999999999999276e-06,-6.178596019744873047e-01
9.878999999999999774e-06,-9.126915931701660156e-01
9.880000000000000273e-06,-9.980267286300659180e-01
9.881000000000000772e-06,-8.542774319648742676e-01
9.881999999999999576e-06,-5.144395232200622559e-01
9.883000000000000075e-06,-5.651853606104850769e-02
9.884000000000000573e-06,4.143755733966827393e-01
9.884999999999999378e-06,7.901549935340881348e-01
9.885999999999999877e-06,9.845643639564514160e-01
9.887000000000000375e-06,9.529793262481689453e-01
9.887999999999999180e-06,7.026499509811401367e-01
9.888999999999999679e-06,2.910361588001251221e-01
9.890000000000000177e-06,-1.873813122510910034e-01
9.891000000000000676e-06,-6.227877736091613770e-01
9.891999999999999480e-06,-9.152411818504333496e-01
9.892999999999999979e-06,-9.976125359535217285e-01
9.894000000000000478e-06,-8.509944677352905273e-01
9.894999999999999282e-06,-5.090414285659790039e-01
9.895999999999999781e-06,-5.024431645870208740e-02
9.897000000000000280e-06,4.200857281684875488e-01
9.898000000000000778e-06,7.939903736114501953e-01
9.898999999999999583e-06,9.856445789337158203e-01
9.900000000000000081e-06,9.510565400123596191e-01
9.901000000000000580e-06,6.981654167175292969e-01
9.901999999999999385e-06,2.850192487239837646e-01
9.902999999999999883e-06,-1.935494691133499146e-01
9.904000000000000382e-06,-6.276913881301879883e-01
9.904999999999999186e-06,-9.177546501159667969e-01
9.905999999999999685e-06,-9.971588850021362305e-01
9.907000000000000184e-06,-8.476779460906982422e-01
9.908000000000000682e-06,-5.036231875419616699e-01
9.908999999999999487e-06,-4.396811872720718384e-02
9.909999999999999986e-06,4.257792830467224121e-01
9.911000000000000484e-06,7.977944612503051758e-01
9.911999999999999289e-06,9.866859316825866699e-01
9.912999999999999788e-06,9.490961432456970215e-01
9.914000000000000286e-06,6.936532855033874512e-01
9.915000000000000785e-06,2.789911031723022461e-01
9.915999999999999589e-06,-1.997099816799163818e-01
9.917000000000000088e-06,-6.325701475143432617e-01
9.918000000000000587e-06,-9.202318191528320312e-01
9.918999999999999391e-06,-9.966659545898437500e-01
9.919999999999999890e-06,-8.443279266357421875e-01
9.921000000000000389e-06,-4.981850981712341309e-01
9.921999999999999193e-06,-3.769018128514289856e-02
9.922999999999999692e-06,4.314560592174530029e-01
9.924000000000000190e-06,8.015669584274291992e-01
9.925000000000000689e-06,9.876883625984191895e-01
9.925999999999999494e-06,9.470983147621154785e-01
9.926999999999999992e-06,6.891137957572937012e-01
9.928000000000000491e-06,2.729519307613372803e-01
9.928999999999999296e-06,-2.058626115322113037e-01
9.929999999999999794e-06,-6.374239921569824219e-01
9.931000000000000293e-06,-9.226727485656738281e-01
9.932000000000000791e-06,-9.961336255073547363e-01
9.932999999999999596e-06,-8.409445881843566895e-01
9.934000000000000095e-06,-4.927273392677307129e-01
9.935000000000000593e-06,-3.141075745224952698e-02
9.935999999999999398e-06,4.371157586574554443e-01
9.936999999999999897e-06,8.053078651428222656e-01
9.938000000000000395e-06,9.886517524719238281e-01
9.938999999999999200e-06,9.450630545616149902e-01
9.939999999999999698e-06,6.845471262931823730e-01
9.941000000000000197e-06,2.669019997119903564e-01
9.942000000000000696e-06,-2.120071053504943848e-01
9.942999999999999500e-06,-6.422526240348815918e-01
9.943999999999999999e-06,-9.250771999359130859e-01
9.945000000000000498e-06,-9.955619573593139648e-01
9.945999999999999302e-06,-8.375280499458312988e-01
9.946999999999999801e-06,-4.872501194477081299e-01
9.948000000000000299e-06,-2.513009496033191681e-02
9.949000000000000798e-06,4.427582323551177979e-01
9.949999999999999603e-06,8.090170025825500488e-01
9.951000000000000101e-06,9.895761013031005859e-01
9.952000000000000600e-06,9.429905414581298828e-01
9.952999999999999405e-06,6.799533963203430176e-01
9.953999999999999903e-06,2.608415186405181885e-01
9.955000000000000402e-06,-2.181432396173477173e-01
9.955999999999999206e-06,-6.470559835433959961e-01
9.956999999999999705e-06,-9.274451732635498047e-01
9.958000000000000204e-06,-9.949510097503662109e-01
9.959000000000000702e-06,-8.340784311294555664e-01
9.959999999999999507e-06,-4.817536771297454834e-01
9.961000000000000006e-06,-1.884843967854976654e-02
9.962000000000000504e-06,4.483832120895385742e-01
9.962999999999999309e-06,8.126941919326782227e-01
9.963999999999999807e-06,9.904614090919494629e-01
9.965000000000000306e-06,9.408807754516601562e-01
9.966000000000000805e-06,6.753327846527099609e-01
9.966999999999999609e-06,2.547707259654998779e-01
9.968000000000000108e-06,-2.242707610130310059e-01
9.969000000000000607e-06,-6.518337130546569824e-01
9.969999999999999411e-06,-9.297764897346496582e-01
9.970999999999999910e-06,-9.943007826805114746e-01
9.972000000000000408e-06,-8.305959105491638184e-01
9.972999999999999213e-06,-4.762381911277770996e-01
9.973999999999999712e-06,-1.256604027003049850e-02
9.975000000000000210e-06,4.539904892444610596e-01
9.976000000000000709e-06,8.163392543792724609e-01
9.976999999999999514e-06,9.913076162338256836e-01
9.978000000000000012e-06,9.387338757514953613e-01
9.979000000000000511e-06,6.706855893135070801e-01
9.979999999999999315e-06,2.486898899078369141e-01
9.980999999999999814e-06,-2.303894311189651489e-01
9.982000000000000313e-06,-6.565857529640197754e-01
9.983000000000000811e-06,-9.320710897445678711e-01
9.983999999999999616e-06,-9.936113357543945312e-01
9.985000000000000115e-06,-8.270805478096008301e-01
9.986000000000000613e-06,-4.707039296627044678e-01
9.986999999999999418e-06,-6.283144000917673111e-03
9.987999999999999916e-06,4.595798552036285400e-01
9.989000000000000415e-06,8.199521303176879883e-01
9.989999999999999220e-06,9.921147227287292480e-01
9.990999999999999718e-06,9.365499019622802734e-01
9.992000000000000217e-06,6.660118699073791504e-01
9.993000000000000716e-06,2.425992339849472046e-01
9.993999999999999520e-06,-2.364989966154098511e-01
9.995000000000000019e-06,-6.613118648529052734e-01
9.996000000000000518e-06,-9.343289136886596680e-01
9.996999999999999322e-06,-9.928826093673706055e-01
9.997999999999999821e-06,-8.235325813293457031e-01
9.999000000000000319e-06,-4.651510715484619141e-01
