frequency_hz,power_dbm
2.450000000000000000e+09,-6.578099822998046875e+01
2.450250000000000000e+09,-6.596399688720703125e+01
2.450500000000000000e+09,-6.519899749755859375e+01
2.450750000000000000e+09,-6.646299743652343750e+01
2.451000000000000000e+09,-6.523899841308593750e+01
2.451250000000000000e+09,-6.284700012207031250e+01
2.451500000000000000e+09,-6.389599990844726562e+01
2.451750000000000000e+09,-6.246099853515625000e+01
2.452000000000000000e+09,-6.365000152587890625e+01
2.452250000000000000e+09,-6.371300125122070312e+01
2.452500000000000000e+09,-6.299000167846679688e+01
2.452750000000000000e+09,-6.308599853515625000e+01
2.453000000000000000e+09,-6.476000213623046875e+01
2.453250000000000000e+09,-6.435500335693359375e+01
2.453500000000000000e+09,-6.558499908447265625e+01
2.453750000000000000e+09,-6.323500061035156250e+01
2.454000000000000000e+09,-6.651300048828125000e+01
2.454250000000000000e+09,-6.517199707031250000e+01
2.454500000000000000e+09,-6.652300262451171875e+01
2.454750000000000000e+09,-6.597899627685546875e+01
2.455000000000000000e+09,-6.550099945068359375e+01
2.455250000000000000e+09,-6.515899658203125000e+01
2.455500000000000000e+09,-6.425299835205078125e+01
2.455750000000000000e+09,-6.416500091552734375e+01
2.456000000000000000e+09,-6.381200027465820312e+01
2.456250000000000000e+09,-6.513500213623046875e+01
2.456500000000000000e+09,-6.552600097656250000e+01
2.456750000000000000e+09,-6.508499908447265625e+01
2.457000000000000000e+09,-6.361800003051757812e+01
2.457250000000000000e+09,-6.471199798583984375e+01
2.457500000000000000e+09,-6.493299865722656250e+01
2.457750000000000000e+09,-6.577600097656250000e+01
2.458000000000000000e+09,-6.479299926757812500e+01
2.458250000000000000e+09,-6.355400085449218750e+01
2.458500000000000000e+09,-6.394300079345703125e+01
2.458750000000000000e+09,-6.506500244140625000e+01
2.459000000000000000e+09,-6.325999832153320312e+01
2.459250000000000000e+09,-6.383900070190429688e+01
2.459500000000000000e+09,-6.401999664306640625e+01
2.459750000000000000e+09,-6.527799987792968750e+01
2.460000000000000000e+09,-6.355199813842773438e+01
2.460250000000000000e+09,-6.569100189208984375e+01
2.460500000000000000e+09,-6.444699859619140625e+01
2.460750000000000000e+09,-6.373799896240234375e+01
2.461000000000000000e+09,-6.533300018310546875e+01
2.461250000000000000e+09,-6.497000122070312500e+01
2.461500000000000000e+09,-6.631400299072265625e+01
2.461750000000000000e+09,-6.482199859619140625e+01
2.462000000000000000e+09,-6.603500366210937500e+01
2.462250000000000000e+09,-6.321699905395507812e+01
2.462500000000000000e+09,-6.379000091552734375e+01
2.462750000000000000e+09,-6.539199829101562500e+01
2.463000000000000000e+09,-6.576799774169921875e+01
2.463250000000000000e+09,-6.361800003051757812e+01
2.463500000000000000e+09,-6.363700103759765625e+01
2.463750000000000000e+09,-6.421600341796875000e+01
2.464000000000000000e+09,-6.559100341796875000e+01
2.464250000000000000e+09,-6.421199798583984375e+01
2.464500000000000000e+09,-6.751599884033203125e+01
2.464750000000000000e+09,-6.482900238037109375e+01
2.465000000000000000e+09,-6.650900268554687500e+01
2.465250000000000000e+09,-6.482099914550781250e+01
2.465500000000000000e+09,-6.425299835205078125e+01
2.465750000000000000e+09,-6.414099884033203125e+01
2.466000000000000000e+09,-6.458100128173828125e+01
2.466250000000000000e+09,-6.430400085449218750e+01
2.466500000000000000e+09,-6.467500305175781250e+01
2.466750000000000000e+09,-6.400299835205078125e+01
2.467000000000000000e+09,-6.505100250244140625e+01
2.467250000000000000e+09,-6.442400360107421875e+01
2.467500000000000000e+09,-6.473400115966796875e+01
2.467750000000000000e+09,-6.605999755859375000e+01
2.468000000000000000e+09,-6.505799865722656250e+01
2.468250000000000000e+09,-6.262599945068359375e+01
2.468500000000000000e+09,-6.409300231933593750e+01
2.468750000000000000e+09,-6.496600341796875000e+01
2.469000000000000000e+09,-6.484700012207031250e+01
2.469250000000000000e+09,-6.620800018310546875e+01
2.469500000000000000e+09,-6.501200103759765625e+01
2.469750000000000000e+09,-6.414299774169921875e+01
2.470000000000000000e+09,-6.433399963378906250e+01
2.470250000000000000e+09,-6.733100128173828125e+01
2.470500000000000000e+09,-6.525000000000000000e+01
2.470750000000000000e+09,-6.537799835205078125e+01
2.471000000000000000e+09,-6.428299713134765625e+01
2.471250000000000000e+09,-6.434899902343750000e+01
2.471500000000000000e+09,-6.441699981689453125e+01
2.471750000000000000e+09,-6.505000305175781250e+01
2.472000000000000000e+09,-6.508899688720703125e+01
2.472250000000000000e+09,-6.381600189208984375e+01
2.472500000000000000e+09,-6.437500000000000000e+01
2.472750000000000000e+09,-6.551799774169921875e+01
2.473000000000000000e+09,-6.486499786376953125e+01
2.473250000000000000e+09,-6.537300109863281250e+01
2.473500000000000000e+09,-6.607399749755859375e+01
2.473750000000000000e+09,-6.410099792480468750e+01
2.474000000000000000e+09,-6.341500091552734375e+01
2.474250000000000000e+09,-6.341099929809570312e+01
2.474500000000000000e+09,-6.523899841308593750e+01
2.474750000000000000e+09,-6.466899871826171875e+01
2.475000000000000000e+09,-6.485399627685546875e+01
2.475250000000000000e+09,-6.433999633789062500e+01
2.475500000000000000e+09,-6.322200012207031250e+01
2.475750000000000000e+09,-6.380199813842773438e+01
2.476000000000000000e+09,-6.462000274658203125e+01
2.476250000000000000e+09,-6.586799621582031250e+01
2.476500000000000000e+09,-6.495899963378906250e+01
2.476750000000000000e+09,-6.550499725341796875e+01
2.477000000000000000e+09,-6.516899871826171875e+01
2.477250000000000000e+09,-6.543399810791015625e+01
2.477500000000000000e+09,-6.584500122070312500e+01
2.477750000000000000e+09,-6.645700073242187500e+01
2.478000000000000000e+09,-6.393000030517578125e+01
2.478250000000000000e+09,-6.498000335693359375e+01
2.478500000000000000e+09,-6.371900177001953125e+01
2.478750000000000000e+09,-6.393600082397460938e+01
2.479000000000000000e+09,-6.610700225830078125e+01
2.479250000000000000e+09,-6.437699890136718750e+01
2.479500000000000000e+09,-6.327600097656250000e+01
2.479750000000000000e+09,-6.545200347900390625e+01
2.480000000000000000e+09,-6.484300231933593750e+01
2.480250000000000000e+09,-6.427600097656250000e+01
2.480500000000000000e+09,-6.540899658203125000e+01
2.480750000000000000e+09,-6.469300079345703125e+01
2.481000000000000000e+09,-6.432700347900390625e+01
2.481250000000000000e+09,-6.560199737548828125e+01
2.481500000000000000e+09,-6.474600219726562500e+01
2.481750000000000000e+09,-6.422699737548828125e+01
2.482000000000000000e+09,-6.560099792480468750e+01
2.482250000000000000e+09,-6.413200378417968750e+01
2.482500000000000000e+09,-6.322999954223632812e+01
2.482750000000000000e+09,-6.447200012207031250e+01
2.483000000000000000e+09,-6.426499938964843750e+01
2.483250000000000000e+09,-6.419000244140625000e+01
2.483500000000000000e+09,-6.575800323486328125e+01
2.483750000000000000e+09,-6.398500061035156250e+01
2.484000000000000000e+09,-6.509200286865234375e+01
2.484250000000000000e+09,-6.340100097656250000e+01
2.484500000000000000e+09,-6.406700134277343750e+01
2.484750000000000000e+09,-6.361000061035156250e+01
2.485000000000000000e+09,-6.359099960327148438e+01
2.485250000000000000e+09,-6.541699981689453125e+01
2.485500000000000000e+09,-6.465799713134765625e+01
2.485750000000000000e+09,-6.618699645996093750e+01
2.486000000000000000e+09,-6.388499832153320312e+01
2.486250000000000000e+09,-6.576000213623046875e+01
2.486500000000000000e+09,-6.454299926757812500e+01
2.486750000000000000e+09,-6.430100250244140625e+01
2.487000000000000000e+09,-6.497699737548828125e+01
2.487250000000000000e+09,-6.482199859619140625e+01
2.487500000000000000e+09,-6.272900009155273438e+01
2.487750000000000000e+09,-6.634600067138671875e+01
2.488000000000000000e+09,-6.546099853515625000e+01
2.488250000000000000e+09,-6.623200225830078125e+01
2.488500000000000000e+09,-6.468499755859375000e+01
2.488750000000000000e+09,-6.574400329589843750e+01
2.489000000000000000e+09,-6.398400115966796875e+01
2.489250000000000000e+09,-6.318500137329101562e+01
2.489500000000000000e+09,-6.492700195312500000e+01
2.489750000000000000e+09,-6.445899963378906250e+01
2.490000000000000000e+09,-6.582599639892578125e+01
2.490250000000000000e+09,-6.632900238037109375e+01
2.490500000000000000e+09,-6.475199890136718750e+01
2.490750000000000000e+09,-6.626499938964843750e+01
2.491000000000000000e+09,-6.585399627685546875e+01
2.491250000000000000e+09,-6.325799942016601562e+01
2.491500000000000000e+09,-6.421299743652343750e+01
2.491750000000000000e+09,-6.529100036621093750e+01
2.492000000000000000e+09,-6.449700164794921875e+01
2.492250000000000000e+09,-6.360499954223632812e+01
2.492500000000000000e+09,-6.522000122070312500e+01
2.492750000000000000e+09,-6.460700225830078125e+01
2.493000000000000000e+09,-6.602300262451171875e+01
2.493250000000000000e+09,-6.592199707031250000e+01
2.493500000000000000e+09,-6.312799835205078125e+01
2.493750000000000000e+09,-6.293500137329101562e+01
2.494000000000000000e+09,-6.593199920654296875e+01
2.494250000000000000e+09,-6.224900054931640625e+01
2.494500000000000000e+09,-6.511199951171875000e+01
2.494750000000000000e+09,-6.179399871826171875e+01
2.495000000000000000e+09,-6.355300140380859375e+01
2.495250000000000000e+09,-6.502100372314453125e+01
2.495500000000000000e+09,-6.529699707031250000e+01
2.495750000000000000e+09,-6.652100372314453125e+01
2.496000000000000000e+09,-6.481600189208984375e+01
2.496250000000000000e+09,-6.378599929809570312e+01
2.496500000000000000e+09,-6.539499664306640625e+01
2.496750000000000000e+09,-6.635700225830078125e+01
2.497000000000000000e+09,-6.244900131225585938e+01
2.497250000000000000e+09,-6.555500030517578125e+01
2.497500000000000000e+09,-6.444100189208984375e+01
2.497750000000000000e+09,-6.573000335693359375e+01
2.498000000000000000e+09,-6.392499923706054688e+01
2.498250000000000000e+09,-6.303499984741210938e+01
2.498500000000000000e+09,-5.994300079345703125e+01
2.498750000000000000e+09,-5.726800155639648438e+01
2.499000000000000000e+09,-5.332400131225585938e+01
2.499250000000000000e+09,-4.937699890136718750e+01
2.499500000000000000e+09,-4.692499923706054688e+01
2.499750000000000000e+09,-4.459700012207031250e+01
2.500000000000000000e+09,-4.356000137329101562e+01
2.500250000000000000e+09,-4.384500122070312500e+01
2.500500000000000000e+09,-4.558300018310546875e+01
2.500750000000000000e+09,-4.746200180053710938e+01
2.501000000000000000e+09,-4.969900131225585938e+01
2.501250000000000000e+09,-5.309999847412109375e+01
2.501500000000000000e+09,-5.631399917602539062e+01
2.501750000000000000e+09,-5.840499877929687500e+01
2.502000000000000000e+09,-6.024599838256835938e+01
2.502250000000000000e+09,-6.171900177001953125e+01
2.502500000000000000e+09,-6.409600067138671875e+01
2.502750000000000000e+09,-6.256299972534179688e+01
2.503000000000000000e+09,-6.368299865722656250e+01
2.503250000000000000e+09,-6.666400146484375000e+01
2.503500000000000000e+09,-6.438600158691406250e+01
2.503750000000000000e+09,-6.394400024414062500e+01
2.504000000000000000e+09,-6.611699676513671875e+01
2.504250000000000000e+09,-6.401100158691406250e+01
2.504500000000000000e+09,-6.541799926757812500e+01
2.504750000000000000e+09,-6.662799835205078125e+01
2.505000000000000000e+09,-6.458999633789062500e+01
2.505250000000000000e+09,-6.501200103759765625e+01
2.505500000000000000e+09,-6.390299987792968750e+01
2.505750000000000000e+09,-6.470200347900390625e+01
2.506000000000000000e+09,-6.517700195312500000e+01
2.506250000000000000e+09,-6.447299957275390625e+01
2.506500000000000000e+09,-6.534100341796875000e+01
2.506750000000000000e+09,-6.432700347900390625e+01
2.507000000000000000e+09,-6.606400299072265625e+01
2.507250000000000000e+09,-6.398600006103515625e+01
2.507500000000000000e+09,-6.327399826049804688e+01
2.507750000000000000e+09,-6.350799942016601562e+01
2.508000000000000000e+09,-6.424400329589843750e+01
2.508250000000000000e+09,-6.484300231933593750e+01
2.508500000000000000e+09,-6.400499725341796875e+01
2.508750000000000000e+09,-6.470700073242187500e+01
2.509000000000000000e+09,-6.404000091552734375e+01
2.509250000000000000e+09,-6.543599700927734375e+01
2.509500000000000000e+09,-6.408399963378906250e+01
2.509750000000000000e+09,-6.566999816894531250e+01
2.510000000000000000e+09,-6.557800292968750000e+01
2.510250000000000000e+09,-6.418599700927734375e+01
2.510500000000000000e+09,-6.390599822998046875e+01
2.510750000000000000e+09,-6.379000091552734375e+01
2.511000000000000000e+09,-6.405100250244140625e+01
2.511250000000000000e+09,-6.374100112915039062e+01
2.511500000000000000e+09,-6.557599639892578125e+01
2.511750000000000000e+09,-6.408799743652343750e+01
2.512000000000000000e+09,-6.376300048828125000e+01
2.512250000000000000e+09,-6.459999847412109375e+01
2.512500000000000000e+09,-6.442099761962890625e+01
2.512750000000000000e+09,-6.447100067138671875e+01
2.513000000000000000e+09,-6.557399749755859375e+01
2.513250000000000000e+09,-6.519400024414062500e+01
2.513500000000000000e+09,-6.576899719238281250e+01
2.513750000000000000e+09,-6.441699981689453125e+01
2.514000000000000000e+09,-6.294599914550781250e+01
2.514250000000000000e+09,-6.494300079345703125e+01
2.514500000000000000e+09,-6.304800033569335938e+01
2.514750000000000000e+09,-6.480000305175781250e+01
2.515000000000000000e+09,-6.379000091552734375e+01
2.515250000000000000e+09,-6.455599975585937500e+01
2.515500000000000000e+09,-6.480599975585937500e+01
2.515750000000000000e+09,-6.537500000000000000e+01
2.516000000000000000e+09,-6.313299942016601562e+01
2.516250000000000000e+09,-6.413300323486328125e+01
2.516500000000000000e+09,-6.419499969482421875e+01
2.516750000000000000e+09,-6.222200012207031250e+01
2.517000000000000000e+09,-6.433200073242187500e+01
2.517250000000000000e+09,-6.459100341796875000e+01
2.517500000000000000e+09,-6.518599700927734375e+01
2.517750000000000000e+09,-6.385300064086914062e+01
2.518000000000000000e+09,-6.359799957275390625e+01
2.518250000000000000e+09,-6.374399948120117188e+01
2.518500000000000000e+09,-6.438300323486328125e+01
2.518750000000000000e+09,-6.304000091552734375e+01
2.519000000000000000e+09,-6.493599700927734375e+01
2.519250000000000000e+09,-6.574400329589843750e+01
2.519500000000000000e+09,-6.590599822998046875e+01
2.519750000000000000e+09,-6.463800048828125000e+01
2.520000000000000000e+09,-6.303200149536132812e+01
2.520250000000000000e+09,-6.489700317382812500e+01
2.520500000000000000e+09,-6.368199920654296875e+01
2.520750000000000000e+09,-6.610099792480468750e+01
2.521000000000000000e+09,-6.369599914550781250e+01
2.521250000000000000e+09,-6.316600036621093750e+01
2.521500000000000000e+09,-6.494200134277343750e+01
2.521750000000000000e+09,-6.396799850463867188e+01
2.522000000000000000e+09,-6.309400177001953125e+01
2.522250000000000000e+09,-6.474800109863281250e+01
2.522500000000000000e+09,-6.307300186157226562e+01
2.522750000000000000e+09,-6.496600341796875000e+01
2.523000000000000000e+09,-6.244400024414062500e+01
2.523250000000000000e+09,-6.603399658203125000e+01
2.523500000000000000e+09,-6.505799865722656250e+01
2.523750000000000000e+09,-6.527200317382812500e+01
2.524000000000000000e+09,-6.544699859619140625e+01
2.524250000000000000e+09,-6.416400146484375000e+01
2.524500000000000000e+09,-6.290700149536132812e+01
2.524750000000000000e+09,-6.483599853515625000e+01
2.525000000000000000e+09,-6.598400115966796875e+01
2.525250000000000000e+09,-6.527300262451171875e+01
2.525500000000000000e+09,-6.213499832153320312e+01
2.525750000000000000e+09,-6.430999755859375000e+01
2.526000000000000000e+09,-6.458599853515625000e+01
2.526250000000000000e+09,-6.515399932861328125e+01
2.526500000000000000e+09,-6.285900115966796875e+01
2.526750000000000000e+09,-6.575199890136718750e+01
2.527000000000000000e+09,-6.407399749755859375e+01
2.527250000000000000e+09,-6.669100189208984375e+01
2.527500000000000000e+09,-6.509700012207031250e+01
2.527750000000000000e+09,-6.431800079345703125e+01
2.528000000000000000e+09,-6.383300018310546875e+01
2.528250000000000000e+09,-6.364300155639648438e+01
2.528500000000000000e+09,-6.467700195312500000e+01
2.528750000000000000e+09,-6.477799987792968750e+01
2.529000000000000000e+09,-6.632299804687500000e+01
2.529250000000000000e+09,-6.416100311279296875e+01
2.529500000000000000e+09,-6.525199890136718750e+01
2.529750000000000000e+09,-6.564199829101562500e+01
2.530000000000000000e+09,-6.351200103759765625e+01
2.530250000000000000e+09,-6.303200149536132812e+01
2.530500000000000000e+09,-6.252000045776367188e+01
2.530750000000000000e+09,-6.422699737548828125e+01
2.531000000000000000e+09,-6.503700256347656250e+01
2.531250000000000000e+09,-6.694999694824218750e+01
2.531500000000000000e+09,-6.472899627685546875e+01
2.531750000000000000e+09,-6.534700012207031250e+01
2.532000000000000000e+09,-6.440899658203125000e+01
2.532250000000000000e+09,-6.489199829101562500e+01
2.532500000000000000e+09,-6.369499969482421875e+01
2.532750000000000000e+09,-6.714700317382812500e+01
2.533000000000000000e+09,-6.512699890136718750e+01
2.533250000000000000e+09,-6.525499725341796875e+01
2.533500000000000000e+09,-6.370000076293945312e+01
2.533750000000000000e+09,-6.478500366210937500e+01
2.534000000000000000e+09,-6.426200103759765625e+01
2.534250000000000000e+09,-6.474900054931640625e+01
2.534500000000000000e+09,-6.480100250244140625e+01
2.534750000000000000e+09,-6.458899688720703125e+01
2.535000000000000000e+09,-6.325400161743164062e+01
2.535250000000000000e+09,-6.542800140380859375e+01
2.535500000000000000e+09,-6.404199981689453125e+01
2.535750000000000000e+09,-6.337200164794921875e+01
2.536000000000000000e+09,-6.269300079345703125e+01
2.536250000000000000e+09,-6.583899688720703125e+01
2.536500000000000000e+09,-6.373799896240234375e+01
2.536750000000000000e+09,-6.620800018310546875e+01
2.537000000000000000e+09,-6.541100311279296875e+01
2.537250000000000000e+09,-6.489199829101562500e+01
2.537500000000000000e+09,-6.456700134277343750e+01
2.537750000000000000e+09,-6.209600067138671875e+01
2.538000000000000000e+09,-6.428500366210937500e+01
2.538250000000000000e+09,-6.502500152587890625e+01
2.538500000000000000e+09,-6.499500274658203125e+01
2.538750000000000000e+09,-6.459600067138671875e+01
2.539000000000000000e+09,-6.436100006103515625e+01
2.539250000000000000e+09,-6.685099792480468750e+01
2.539500000000000000e+09,-6.422499847412109375e+01
2.539750000000000000e+09,-6.407800292968750000e+01
2.540000000000000000e+09,-6.343099975585937500e+01
2.540250000000000000e+09,-6.409200286865234375e+01
2.540500000000000000e+09,-6.404900360107421875e+01
2.540750000000000000e+09,-6.491400146484375000e+01
2.541000000000000000e+09,-6.412799835205078125e+01
2.541250000000000000e+09,-6.573100280761718750e+01
2.541500000000000000e+09,-6.614600372314453125e+01
2.541750000000000000e+09,-6.375400161743164062e+01
2.542000000000000000e+09,-6.417500305175781250e+01
2.542250000000000000e+09,-6.723600006103515625e+01
2.542500000000000000e+09,-6.301699829101562500e+01
2.542750000000000000e+09,-6.219599914550781250e+01
2.543000000000000000e+09,-6.333300018310546875e+01
2.543250000000000000e+09,-6.279899978637695312e+01
2.543500000000000000e+09,-6.659999847412109375e+01
2.543750000000000000e+09,-6.616000366210937500e+01
2.544000000000000000e+09,-6.547100067138671875e+01
2.544250000000000000e+09,-6.313800048828125000e+01
2.544500000000000000e+09,-6.588200378417968750e+01
2.544750000000000000e+09,-6.499800109863281250e+01
2.545000000000000000e+09,-6.486499786376953125e+01
2.545250000000000000e+09,-6.465799713134765625e+01
2.545500000000000000e+09,-6.377299880981445312e+01
2.545750000000000000e+09,-6.234799957275390625e+01
2.546000000000000000e+09,-6.498899841308593750e+01
2.546250000000000000e+09,-6.691799926757812500e+01
2.546500000000000000e+09,-6.527400207519531250e+01
2.546750000000000000e+09,-6.666500091552734375e+01
2.547000000000000000e+09,-6.430799865722656250e+01
2.547250000000000000e+09,-6.386299896240234375e+01
2.547500000000000000e+09,-6.490100097656250000e+01
2.547750000000000000e+09,-6.598100280761718750e+01
2.548000000000000000e+09,-6.380799865722656250e+01
2.548250000000000000e+09,-6.486799621582031250e+01
2.548500000000000000e+09,-6.550000000000000000e+01
2.548750000000000000e+09,-6.466300201416015625e+01
2.549000000000000000e+09,-6.552899932861328125e+01
2.549250000000000000e+09,-6.485500335693359375e+01
2.549500000000000000e+09,-6.390499877929687500e+01
2.549750000000000000e+09,-6.567099761962890625e+01
2.550000000000000000e+09,-6.338899993896484375e+01
2.550000000000000000e+09,-6.491899871826171875e+01
2.550250000000000000e+09,-6.593699645996093750e+01
2.550500000000000000e+09,-6.528199768066406250e+01
2.550750000000000000e+09,-6.409999847412109375e+01
2.551000000000000000e+09,-6.606600189208984375e+01
2.551250000000000000e+09,-6.254299926757812500e+01
2.551500000000000000e+09,-6.462500000000000000e+01
2.551750000000000000e+09,-6.496600341796875000e+01
2.552000000000000000e+09,-6.538500213623046875e+01
2.552250000000000000e+09,-6.476799774169921875e+01
2.552500000000000000e+09,-6.521800231933593750e+01
2.552750000000000000e+09,-6.632199859619140625e+01
2.553000000000000000e+09,-6.431199645996093750e+01
2.553250000000000000e+09,-6.387900161743164062e+01
2.553500000000000000e+09,-6.311999893188476562e+01
2.553750000000000000e+09,-6.425199890136718750e+01
2.554000000000000000e+09,-6.482900238037109375e+01
2.554250000000000000e+09,-6.603399658203125000e+01
2.554500000000000000e+09,-6.220999908447265625e+01
2.554750000000000000e+09,-6.602999877929687500e+01
2.555000000000000000e+09,-6.336399841308593750e+01
2.555250000000000000e+09,-6.570800018310546875e+01
2.555500000000000000e+09,-6.454199981689453125e+01
2.555750000000000000e+09,-6.555100250244140625e+01
2.556000000000000000e+09,-6.384500122070312500e+01
2.556250000000000000e+09,-6.477600097656250000e+01
2.556500000000000000e+09,-6.463500213623046875e+01
2.556750000000000000e+09,-6.473500061035156250e+01
2.557000000000000000e+09,-6.403600311279296875e+01
2.557250000000000000e+09,-6.420800018310546875e+01
2.557500000000000000e+09,-6.580200195312500000e+01
2.557750000000000000e+09,-6.454399871826171875e+01
2.558000000000000000e+09,-6.344300079345703125e+01
2.558250000000000000e+09,-6.494300079345703125e+01
2.558500000000000000e+09,-6.331299972534179688e+01
2.558750000000000000e+09,-6.328099822998046875e+01
2.559000000000000000e+09,-6.433000183105468750e+01
2.559250000000000000e+09,-6.464600372314453125e+01
2.559500000000000000e+09,-6.449600219726562500e+01
2.559750000000000000e+09,-6.273199844360351562e+01
2.560000000000000000e+09,-6.668699645996093750e+01
2.560250000000000000e+09,-6.299599838256835938e+01
2.560500000000000000e+09,-6.594100189208984375e+01
2.560750000000000000e+09,-6.389899826049804688e+01
2.561000000000000000e+09,-6.525599670410156250e+01
2.561250000000000000e+09,-6.314899826049804688e+01
2.561500000000000000e+09,-6.503099822998046875e+01
2.561750000000000000e+09,-6.459899902343750000e+01
2.562000000000000000e+09,-6.480000305175781250e+01
2.562250000000000000e+09,-6.460299682617187500e+01
2.562500000000000000e+09,-6.370600128173828125e+01
2.562750000000000000e+09,-6.521900177001953125e+01
2.563000000000000000e+09,-6.501999664306640625e+01
2.563250000000000000e+09,-6.545200347900390625e+01
2.563500000000000000e+09,-6.557499694824218750e+01
2.563750000000000000e+09,-6.591899871826171875e+01
2.564000000000000000e+09,-6.431900024414062500e+01
2.564250000000000000e+09,-6.324499893188476562e+01
2.564500000000000000e+09,-6.502300262451171875e+01
2.564750000000000000e+09,-6.370299911499023438e+01
2.565000000000000000e+09,-6.356399917602539062e+01
2.565250000000000000e+09,-6.562000274658203125e+01
2.565500000000000000e+09,-6.305899810791015625e+01
2.565750000000000000e+09,-6.448000335693359375e+01
2.566000000000000000e+09,-6.567400360107421875e+01
2.566250000000000000e+09,-6.300299835205078125e+01
2.566500000000000000e+09,-6.529299926757812500e+01
2.566750000000000000e+09,-6.562999725341796875e+01
2.567000000000000000e+09,-6.605500030517578125e+01
2.567250000000000000e+09,-6.356900024414062500e+01
2.567500000000000000e+09,-6.552500152587890625e+01
2.567750000000000000e+09,-6.602300262451171875e+01
2.568000000000000000e+09,-6.509600067138671875e+01
2.568250000000000000e+09,-6.680500030517578125e+01
2.568500000000000000e+09,-6.549199676513671875e+01
2.568750000000000000e+09,-6.491300201416015625e+01
2.569000000000000000e+09,-6.524700164794921875e+01
2.569250000000000000e+09,-6.499299621582031250e+01
2.569500000000000000e+09,-6.480999755859375000e+01
2.569750000000000000e+09,-6.256900024414062500e+01
2.570000000000000000e+09,-6.408499908447265625e+01
2.570250000000000000e+09,-6.470700073242187500e+01
2.570500000000000000e+09,-6.463500213623046875e+01
2.570750000000000000e+09,-6.473000335693359375e+01
2.571000000000000000e+09,-6.503700256347656250e+01
2.571250000000000000e+09,-6.600700378417968750e+01
2.571500000000000000e+09,-6.373300170898437500e+01
2.571750000000000000e+09,-6.567500305175781250e+01
2.572000000000000000e+09,-6.419400024414062500e+01
2.572250000000000000e+09,-6.617199707031250000e+01
2.572500000000000000e+09,-6.505400085449218750e+01
2.572750000000000000e+09,-6.576799774169921875e+01
2.573000000000000000e+09,-6.372999954223632812e+01
2.573250000000000000e+09,-6.466999816894531250e+01
2.573500000000000000e+09,-6.458300018310546875e+01
2.573750000000000000e+09,-6.420099639892578125e+01
2.574000000000000000e+09,-6.524600219726562500e+01
2.574250000000000000e+09,-6.420700073242187500e+01
2.574500000000000000e+09,-6.510500335693359375e+01
2.574750000000000000e+09,-6.552799987792968750e+01
2.575000000000000000e+09,-6.340599822998046875e+01
2.575250000000000000e+09,-6.651799774169921875e+01
2.575500000000000000e+09,-6.557900238037109375e+01
2.575750000000000000e+09,-6.321200180053710938e+01
2.576000000000000000e+09,-6.329399871826171875e+01
2.576250000000000000e+09,-6.607399749755859375e+01
2.576500000000000000e+09,-6.458999633789062500e+01
2.576750000000000000e+09,-6.443099975585937500e+01
2.577000000000000000e+09,-6.539800262451171875e+01
2.577250000000000000e+09,-6.553800201416015625e+01
2.577500000000000000e+09,-6.372499847412109375e+01
2.577750000000000000e+09,-6.343099975585937500e+01
2.578000000000000000e+09,-6.534500122070312500e+01
2.578250000000000000e+09,-6.536199951171875000e+01
2.578500000000000000e+09,-6.434200286865234375e+01
2.578750000000000000e+09,-6.486199951171875000e+01
2.579000000000000000e+09,-6.330799865722656250e+01
2.579250000000000000e+09,-6.468499755859375000e+01
2.579500000000000000e+09,-6.271300125122070312e+01
2.579750000000000000e+09,-6.628500366210937500e+01
2.580000000000000000e+09,-6.621700286865234375e+01
2.580250000000000000e+09,-6.627300262451171875e+01
2.580500000000000000e+09,-6.421600341796875000e+01
2.580750000000000000e+09,-6.638700103759765625e+01
2.581000000000000000e+09,-6.483599853515625000e+01
2.581250000000000000e+09,-6.379700088500976562e+01
2.581500000000000000e+09,-6.602400207519531250e+01
2.581750000000000000e+09,-6.418299865722656250e+01
2.582000000000000000e+09,-6.497499847412109375e+01
2.582250000000000000e+09,-6.641699981689453125e+01
2.582500000000000000e+09,-6.451399993896484375e+01
2.582750000000000000e+09,-6.473200225830078125e+01
2.583000000000000000e+09,-6.508100128173828125e+01
2.583250000000000000e+09,-6.583300018310546875e+01
2.583500000000000000e+09,-6.551200103759765625e+01
2.583750000000000000e+09,-6.392399978637695312e+01
2.584000000000000000e+09,-6.341400146484375000e+01
2.584250000000000000e+09,-6.637999725341796875e+01
2.584500000000000000e+09,-6.369100189208984375e+01
2.584750000000000000e+09,-6.457099914550781250e+01
2.585000000000000000e+09,-6.412200164794921875e+01
2.585250000000000000e+09,-6.644300079345703125e+01
2.585500000000000000e+09,-6.447699737548828125e+01
2.585750000000000000e+09,-6.368899917602539062e+01
2.586000000000000000e+09,-6.432399749755859375e+01
2.586250000000000000e+09,-6.547299957275390625e+01
2.586500000000000000e+09,-6.422799682617187500e+01
2.586750000000000000e+09,-6.502400207519531250e+01
2.587000000000000000e+09,-6.191099929809570312e+01
2.587250000000000000e+09,-6.393500137329101562e+01
2.587500000000000000e+09,-6.475700378417968750e+01
2.587750000000000000e+09,-6.455400085449218750e+01
2.588000000000000000e+09,-6.436699676513671875e+01
2.588250000000000000e+09,-6.436299896240234375e+01
2.588500000000000000e+09,-6.388600158691406250e+01
2.588750000000000000e+09,-6.624500274658203125e+01
2.589000000000000000e+09,-6.494599914550781250e+01
2.589250000000000000e+09,-6.489600372314453125e+01
2.589500000000000000e+09,-6.577200317382812500e+01
2.589750000000000000e+09,-6.398099899291992188e+01
2.590000000000000000e+09,-6.547499847412109375e+01
2.590250000000000000e+09,-6.415499877929687500e+01
2.590500000000000000e+09,-6.528600311279296875e+01
2.590750000000000000e+09,-6.625900268554687500e+01
2.591000000000000000e+09,-6.599400329589843750e+01
2.591250000000000000e+09,-6.396099853515625000e+01
2.591500000000000000e+09,-6.302500152587890625e+01
2.591750000000000000e+09,-6.522299957275390625e+01
2.592000000000000000e+09,-6.465599822998046875e+01
2.592250000000000000e+09,-6.357899856567382812e+01
2.592500000000000000e+09,-6.327199935913085938e+01
2.592750000000000000e+09,-6.396099853515625000e+01
2.593000000000000000e+09,-6.573100280761718750e+01
2.593250000000000000e+09,-6.591799926757812500e+01
2.593500000000000000e+09,-6.447200012207031250e+01
2.593750000000000000e+09,-6.539099884033203125e+01
2.594000000000000000e+09,-6.621600341796875000e+01
2.594250000000000000e+09,-6.654199981689453125e+01
2.594500000000000000e+09,-6.428199768066406250e+01
2.594750000000000000e+09,-6.458899688720703125e+01
2.595000000000000000e+09,-6.456099700927734375e+01
2.595250000000000000e+09,-6.357099914550781250e+01
2.595500000000000000e+09,-6.346599960327148438e+01
2.595750000000000000e+09,-6.374900054931640625e+01
2.596000000000000000e+09,-6.519999694824218750e+01
2.596250000000000000e+09,-6.629799652099609375e+01
2.596500000000000000e+09,-6.370600128173828125e+01
2.596750000000000000e+09,-6.324300003051757812e+01
2.597000000000000000e+09,-6.471900177001953125e+01
2.597250000000000000e+09,-6.395800018310546875e+01
2.597500000000000000e+09,-6.609200286865234375e+01
2.597750000000000000e+09,-6.437799835205078125e+01
2.598000000000000000e+09,-6.297000122070312500e+01
2.598250000000000000e+09,-6.154800033569335938e+01
2.598500000000000000e+09,-6.011899948120117188e+01
2.598750000000000000e+09,-5.601499938964843750e+01
2.599000000000000000e+09,-5.214400100708007812e+01
2.599250000000000000e+09,-4.895299911499023438e+01
2.599500000000000000e+09,-4.603799819946289062e+01
2.599750000000000000e+09,-4.406999969482421875e+01
2.600000000000000000e+09,-4.316799926757812500e+01
2.600250000000000000e+09,-4.350400161743164062e+01
2.600500000000000000e+09,-4.496500015258789062e+01
2.600750000000000000e+09,-4.693299865722656250e+01
2.601000000000000000e+09,-4.982400131225585938e+01
2.601250000000000000e+09,-5.207500076293945312e+01
2.601500000000000000e+09,-5.550400161743164062e+01
2.601750000000000000e+09,-5.741299819946289062e+01
2.602000000000000000e+09,-6.053599929809570312e+01
2.602250000000000000e+09,-6.145299911499023438e+01
2.602500000000000000e+09,-6.314300155639648438e+01
2.602750000000000000e+09,-6.350299835205078125e+01
2.603000000000000000e+09,-6.548500061035156250e+01
2.603250000000000000e+09,-6.431600189208984375e+01
2.603500000000000000e+09,-6.245199966430664062e+01
2.603750000000000000e+09,-6.710299682617187500e+01
2.604000000000000000e+09,-6.419799804687500000e+01
2.604250000000000000e+09,-6.544499969482421875e+01
2.604500000000000000e+09,-6.443900299072265625e+01
2.604750000000000000e+09,-6.500900268554687500e+01
2.605000000000000000e+09,-6.519100189208984375e+01
2.605250000000000000e+09,-6.382600021362304688e+01
2.605500000000000000e+09,-6.352299880981445312e+01
2.605750000000000000e+09,-6.253599929809570312e+01
2.606000000000000000e+09,-6.358399963378906250e+01
2.606250000000000000e+09,-6.477700042724609375e+01
2.606500000000000000e+09,-6.477600097656250000e+01
2.606750000000000000e+09,-6.415899658203125000e+01
2.607000000000000000e+09,-6.518499755859375000e+01
2.607250000000000000e+09,-6.248400115966796875e+01
2.607500000000000000e+09,-6.566699981689453125e+01
2.607750000000000000e+09,-6.497399902343750000e+01
2.608000000000000000e+09,-6.188000106811523438e+01
2.608250000000000000e+09,-6.216099929809570312e+01
2.608500000000000000e+09,-6.423500061035156250e+01
2.608750000000000000e+09,-6.563500213623046875e+01
2.609000000000000000e+09,-6.477999877929687500e+01
2.609250000000000000e+09,-6.544499969482421875e+01
2.609500000000000000e+09,-6.531900024414062500e+01
2.609750000000000000e+09,-6.494699859619140625e+01
2.610000000000000000e+09,-6.504299926757812500e+01
2.610250000000000000e+09,-6.417900085449218750e+01
2.610500000000000000e+09,-6.619499969482421875e+01
2.610750000000000000e+09,-6.592500305175781250e+01
2.611000000000000000e+09,-6.302299880981445312e+01
2.611250000000000000e+09,-6.348500061035156250e+01
2.611500000000000000e+09,-6.455999755859375000e+01
2.611750000000000000e+09,-6.491500091552734375e+01
2.612000000000000000e+09,-6.370500183105468750e+01
2.612250000000000000e+09,-6.413700103759765625e+01
2.612500000000000000e+09,-6.530999755859375000e+01
2.612750000000000000e+09,-6.412599945068359375e+01
2.613000000000000000e+09,-6.365499877929687500e+01
2.613250000000000000e+09,-6.557800292968750000e+01
2.613500000000000000e+09,-6.138499832153320312e+01
2.613750000000000000e+09,-6.478399658203125000e+01
2.614000000000000000e+09,-6.668800354003906250e+01
2.614250000000000000e+09,-6.380400085449218750e+01
2.614500000000000000e+09,-6.609799957275390625e+01
2.614750000000000000e+09,-6.388199996948242188e+01
2.615000000000000000e+09,-6.277399826049804688e+01
2.615250000000000000e+09,-6.469499969482421875e+01
2.615500000000000000e+09,-6.490399932861328125e+01
2.615750000000000000e+09,-6.473400115966796875e+01
2.616000000000000000e+09,-6.412300109863281250e+01
2.616250000000000000e+09,-6.506800079345703125e+01
2.616500000000000000e+09,-6.531500244140625000e+01
2.616750000000000000e+09,-6.678299713134765625e+01
2.617000000000000000e+09,-6.460800170898437500e+01
2.617250000000000000e+09,-6.415699768066406250e+01
2.617500000000000000e+09,-6.493099975585937500e+01
2.617750000000000000e+09,-6.441799926757812500e+01
2.618000000000000000e+09,-6.464499664306640625e+01
2.618250000000000000e+09,-6.464800262451171875e+01
2.618500000000000000e+09,-6.427700042724609375e+01
2.618750000000000000e+09,-6.367699813842773438e+01
2.619000000000000000e+09,-6.439800262451171875e+01
2.619250000000000000e+09,-6.462999725341796875e+01
2.619500000000000000e+09,-6.329800033569335938e+01
2.619750000000000000e+09,-6.647799682617187500e+01
2.620000000000000000e+09,-6.284199905395507812e+01
2.620250000000000000e+09,-6.562699890136718750e+01
2.620500000000000000e+09,-6.411799621582031250e+01
2.620750000000000000e+09,-6.445300292968750000e+01
2.621000000000000000e+09,-6.579199981689453125e+01
2.621250000000000000e+09,-6.368999862670898438e+01
2.621500000000000000e+09,-6.452899932861328125e+01
2.621750000000000000e+09,-6.406400299072265625e+01
2.622000000000000000e+09,-6.429299926757812500e+01
2.622250000000000000e+09,-6.387300109863281250e+01
2.622500000000000000e+09,-6.666799926757812500e+01
2.622750000000000000e+09,-6.303499984741210938e+01
2.623000000000000000e+09,-6.413899993896484375e+01
2.623250000000000000e+09,-6.302600097656250000e+01
2.623500000000000000e+09,-6.572100067138671875e+01
2.623750000000000000e+09,-6.509100341796875000e+01
2.624000000000000000e+09,-6.547000122070312500e+01
2.624250000000000000e+09,-6.470500183105468750e+01
2.624500000000000000e+09,-6.386299896240234375e+01
2.624750000000000000e+09,-6.500000000000000000e+01
2.625000000000000000e+09,-6.418199920654296875e+01
2.625250000000000000e+09,-6.318899917602539062e+01
2.625500000000000000e+09,-6.602400207519531250e+01
2.625750000000000000e+09,-6.477600097656250000e+01
2.626000000000000000e+09,-6.480799865722656250e+01
2.626250000000000000e+09,-6.410800170898437500e+01
2.626500000000000000e+09,-6.523500061035156250e+01
2.626750000000000000e+09,-6.523500061035156250e+01
2.627000000000000000e+09,-6.389300155639648438e+01
2.627250000000000000e+09,-6.568099975585937500e+01
2.627500000000000000e+09,-6.519699859619140625e+01
2.627750000000000000e+09,-6.451300048828125000e+01
2.628000000000000000e+09,-6.498699951171875000e+01
2.628250000000000000e+09,-6.465499877929687500e+01
2.628500000000000000e+09,-6.493000030517578125e+01
2.628750000000000000e+09,-6.301599884033203125e+01
2.629000000000000000e+09,-6.541200256347656250e+01
2.629250000000000000e+09,-6.488500213623046875e+01
2.629500000000000000e+09,-6.421900177001953125e+01
2.629750000000000000e+09,-6.226399993896484375e+01
2.630000000000000000e+09,-6.408399963378906250e+01
2.630250000000000000e+09,-6.395299911499023438e+01
2.630500000000000000e+09,-6.516100311279296875e+01
2.630750000000000000e+09,-6.337099838256835938e+01
2.631000000000000000e+09,-6.459500122070312500e+01
2.631250000000000000e+09,-6.457099914550781250e+01
2.631500000000000000e+09,-6.501300048828125000e+01
2.631750000000000000e+09,-6.506600189208984375e+01
2.632000000000000000e+09,-6.398099899291992188e+01
2.632250000000000000e+09,-6.469200134277343750e+01
2.632500000000000000e+09,-6.356299972534179688e+01
2.632750000000000000e+09,-6.345199966430664062e+01
2.633000000000000000e+09,-6.670800018310546875e+01
2.633250000000000000e+09,-6.643399810791015625e+01
2.633500000000000000e+09,-6.511699676513671875e+01
2.633750000000000000e+09,-6.564900207519531250e+01
2.634000000000000000e+09,-6.303099822998046875e+01
2.634250000000000000e+09,-6.641999816894531250e+01
2.634500000000000000e+09,-6.481500244140625000e+01
2.634750000000000000e+09,-6.604599761962890625e+01
2.635000000000000000e+09,-6.519599914550781250e+01
2.635250000000000000e+09,-6.517099761962890625e+01
2.635500000000000000e+09,-6.350500106811523438e+01
2.635750000000000000e+09,-6.467900085449218750e+01
2.636000000000000000e+09,-6.459600067138671875e+01
2.636250000000000000e+09,-6.450399780273437500e+01
2.636500000000000000e+09,-6.296300125122070312e+01
2.636750000000000000e+09,-6.478600311279296875e+01
2.637000000000000000e+09,-6.453800201416015625e+01
2.637250000000000000e+09,-6.544400024414062500e+01
2.637500000000000000e+09,-6.497100067138671875e+01
2.637750000000000000e+09,-6.345000076293945312e+01
2.638000000000000000e+09,-6.395100021362304688e+01
2.638250000000000000e+09,-6.511100006103515625e+01
2.638500000000000000e+09,-6.416200256347656250e+01
2.638750000000000000e+09,-6.513600158691406250e+01
2.639000000000000000e+09,-6.419499969482421875e+01
2.639250000000000000e+09,-6.337799835205078125e+01
2.639500000000000000e+09,-6.333000183105468750e+01
2.639750000000000000e+09,-6.418499755859375000e+01
2.640000000000000000e+09,-6.457900238037109375e+01
2.640250000000000000e+09,-6.491400146484375000e+01
2.640500000000000000e+09,-6.185100173950195312e+01
2.640750000000000000e+09,-6.534100341796875000e+01
2.641000000000000000e+09,-6.503900146484375000e+01
2.641250000000000000e+09,-6.375799942016601562e+01
2.641500000000000000e+09,-6.672399902343750000e+01
2.641750000000000000e+09,-6.366400146484375000e+01
2.642000000000000000e+09,-6.439499664306640625e+01
2.642250000000000000e+09,-6.547100067138671875e+01
2.642500000000000000e+09,-6.462400054931640625e+01
2.642750000000000000e+09,-6.360499954223632812e+01
2.643000000000000000e+09,-6.623999786376953125e+01
2.643250000000000000e+09,-6.582700347900390625e+01
2.643500000000000000e+09,-6.474700164794921875e+01
2.643750000000000000e+09,-6.556999969482421875e+01
2.644000000000000000e+09,-6.511699676513671875e+01
2.644250000000000000e+09,-6.469999694824218750e+01
2.644500000000000000e+09,-6.455000305175781250e+01
2.644750000000000000e+09,-6.451100158691406250e+01
2.645000000000000000e+09,-6.322600173950195312e+01
2.645250000000000000e+09,-6.395100021362304688e+01
2.645500000000000000e+09,-6.600399780273437500e+01
2.645750000000000000e+09,-6.487500000000000000e+01
2.646000000000000000e+09,-6.421800231933593750e+01
2.646250000000000000e+09,-6.513300323486328125e+01
2.646500000000000000e+09,-6.332099914550781250e+01
2.646750000000000000e+09,-6.726100158691406250e+01
2.647000000000000000e+09,-6.537699890136718750e+01
2.647250000000000000e+09,-6.411699676513671875e+01
2.647500000000000000e+09,-6.499400329589843750e+01
2.647750000000000000e+09,-6.512500000000000000e+01
2.648000000000000000e+09,-6.480200195312500000e+01
2.648250000000000000e+09,-6.576999664306640625e+01
2.648500000000000000e+09,-6.207400131225585938e+01
2.648750000000000000e+09,-6.427600097656250000e+01
2.649000000000000000e+09,-6.221699905395507812e+01
2.649250000000000000e+09,-6.369400024414062500e+01
2.649500000000000000e+09,-6.317300033569335938e+01
2.649750000000000000e+09,-6.383800125122070312e+01
2.650000000000000000e+09,-6.625599670410156250e+01
2.650000000000000000e+09,-6.298400115966796875e+01
2.650250000000000000e+09,-6.586000061035156250e+01
2.650500000000000000e+09,-6.286700057983398438e+01
2.650750000000000000e+09,-6.269200134277343750e+01
2.651000000000000000e+09,-6.503299713134765625e+01
2.651250000000000000e+09,-6.502100372314453125e+01
2.651500000000000000e+09,-6.532700347900390625e+01
2.651750000000000000e+09,-6.374100112915039062e+01
2.652000000000000000e+09,-6.482599639892578125e+01
2.652250000000000000e+09,-6.253799819946289062e+01
2.652500000000000000e+09,-6.170199966430664062e+01
2.652750000000000000e+09,-6.517600250244140625e+01
2.653000000000000000e+09,-6.526499938964843750e+01
2.653250000000000000e+09,-6.643399810791015625e+01
2.653500000000000000e+09,-6.523300170898437500e+01
2.653750000000000000e+09,-6.422100067138671875e+01
2.654000000000000000e+09,-6.465899658203125000e+01
2.654250000000000000e+09,-6.492900085449218750e+01
2.654500000000000000e+09,-6.459400177001953125e+01
2.654750000000000000e+09,-6.444599914550781250e+01
2.655000000000000000e+09,-6.498899841308593750e+01
2.655250000000000000e+09,-6.465699768066406250e+01
2.655500000000000000e+09,-6.464399719238281250e+01
2.655750000000000000e+09,-6.503700256347656250e+01
2.656000000000000000e+09,-6.461699676513671875e+01
2.656250000000000000e+09,-6.441500091552734375e+01
2.656500000000000000e+09,-6.375000000000000000e+01
2.656750000000000000e+09,-6.531400299072265625e+01
2.657000000000000000e+09,-6.258000183105468750e+01
2.657250000000000000e+09,-6.412100219726562500e+01
2.657500000000000000e+09,-6.383000183105468750e+01
2.657750000000000000e+09,-6.470700073242187500e+01
2.658000000000000000e+09,-6.584600067138671875e+01
2.658250000000000000e+09,-6.607900238037109375e+01
2.658500000000000000e+09,-6.451000213623046875e+01
2.658750000000000000e+09,-6.280899810791015625e+01
2.659000000000000000e+09,-6.460299682617187500e+01
2.659250000000000000e+09,-6.266799926757812500e+01
2.659500000000000000e+09,-6.494400024414062500e+01
2.659750000000000000e+09,-6.456600189208984375e+01
2.660000000000000000e+09,-6.560900115966796875e+01
2.660250000000000000e+09,-6.536100006103515625e+01
2.660500000000000000e+09,-6.232199859619140625e+01
2.660750000000000000e+09,-6.340599822998046875e+01
2.661000000000000000e+09,-6.387200164794921875e+01
2.661250000000000000e+09,-6.384999847412109375e+01
2.661500000000000000e+09,-6.444499969482421875e+01
2.661750000000000000e+09,-6.440599822998046875e+01
2.662000000000000000e+09,-6.498200225830078125e+01
2.662250000000000000e+09,-6.556600189208984375e+01
2.662500000000000000e+09,-6.304100036621093750e+01
2.662750000000000000e+09,-6.559899902343750000e+01
2.663000000000000000e+09,-6.473300170898437500e+01
2.663250000000000000e+09,-6.477799987792968750e+01
2.663500000000000000e+09,-6.327099990844726562e+01
2.663750000000000000e+09,-6.659799957275390625e+01
2.664000000000000000e+09,-6.378300094604492188e+01
2.664250000000000000e+09,-6.368600082397460938e+01
2.664500000000000000e+09,-6.529499816894531250e+01
2.664750000000000000e+09,-6.379199981689453125e+01
2.665000000000000000e+09,-6.426100158691406250e+01
2.665250000000000000e+09,-6.524700164794921875e+01
2.665500000000000000e+09,-6.544699859619140625e+01
2.665750000000000000e+09,-6.379100036621093750e+01
2.666000000000000000e+09,-6.554000091552734375e+01
2.666250000000000000e+09,-6.374700164794921875e+01
2.666500000000000000e+09,-6.530300140380859375e+01
2.666750000000000000e+09,-6.301699829101562500e+01
2.667000000000000000e+09,-6.341899871826171875e+01
2.667250000000000000e+09,-6.593599700927734375e+01
2.667500000000000000e+09,-6.713700103759765625e+01
2.667750000000000000e+09,-6.451699829101562500e+01
2.668000000000000000e+09,-6.539800262451171875e+01
2.668250000000000000e+09,-6.563600158691406250e+01
2.668500000000000000e+09,-6.437599945068359375e+01
2.668750000000000000e+09,-6.678199768066406250e+01
2.669000000000000000e+09,-6.476999664306640625e+01
2.669250000000000000e+09,-6.530699920654296875e+01
2.669500000000000000e+09,-6.182699966430664062e+01
2.669750000000000000e+09,-6.579399871826171875e+01
2.670000000000000000e+09,-6.386800003051757812e+01
2.670250000000000000e+09,-6.221799850463867188e+01
2.670500000000000000e+09,-6.536399841308593750e+01
2.670750000000000000e+09,-6.628700256347656250e+01
2.671000000000000000e+09,-6.308300018310546875e+01
2.671250000000000000e+09,-6.406600189208984375e+01
2.671500000000000000e+09,-6.672799682617187500e+01
2.671750000000000000e+09,-6.512400054931640625e+01
2.672000000000000000e+09,-6.531199645996093750e+01
2.672250000000000000e+09,-6.460500335693359375e+01
2.672500000000000000e+09,-6.564900207519531250e+01
2.672750000000000000e+09,-6.563400268554687500e+01
2.673000000000000000e+09,-6.277299880981445312e+01
2.673250000000000000e+09,-6.540699768066406250e+01
2.673500000000000000e+09,-6.539199829101562500e+01
2.673750000000000000e+09,-6.389400100708007812e+01
2.674000000000000000e+09,-6.568000030517578125e+01
2.674250000000000000e+09,-6.350500106811523438e+01
2.674500000000000000e+09,-6.397999954223632812e+01
2.674750000000000000e+09,-6.441600036621093750e+01
2.675000000000000000e+09,-6.401699829101562500e+01
2.675250000000000000e+09,-6.560700225830078125e+01
2.675500000000000000e+09,-6.530000305175781250e+01
2.675750000000000000e+09,-6.276599884033203125e+01
2.676000000000000000e+09,-6.588999938964843750e+01
2.676250000000000000e+09,-6.608300018310546875e+01
2.676500000000000000e+09,-6.491999816894531250e+01
2.676750000000000000e+09,-6.374800109863281250e+01
2.677000000000000000e+09,-6.516300201416015625e+01
2.677250000000000000e+09,-6.408499908447265625e+01
2.677500000000000000e+09,-6.398799896240234375e+01
2.677750000000000000e+09,-6.506600189208984375e+01
2.678000000000000000e+09,-6.541000366210937500e+01
2.678250000000000000e+09,-6.583399963378906250e+01
2.678500000000000000e+09,-6.287799835205078125e+01
2.678750000000000000e+09,-6.294900131225585938e+01
2.679000000000000000e+09,-6.363399887084960938e+01
2.679250000000000000e+09,-6.623100280761718750e+01
2.679500000000000000e+09,-6.455000305175781250e+01
2.679750000000000000e+09,-6.569799804687500000e+01
2.680000000000000000e+09,-6.617600250244140625e+01
2.680250000000000000e+09,-6.478900146484375000e+01
2.680500000000000000e+09,-6.426599884033203125e+01
2.680750000000000000e+09,-6.496800231933593750e+01
2.681000000000000000e+09,-6.431199645996093750e+01
2.681250000000000000e+09,-6.403199768066406250e+01
2.681500000000000000e+09,-6.407700347900390625e+01
2.681750000000000000e+09,-6.245100021362304688e+01
2.682000000000000000e+09,-6.498400115966796875e+01
2.682250000000000000e+09,-6.355400085449218750e+01
2.682500000000000000e+09,-6.338600158691406250e+01
2.682750000000000000e+09,-6.416899871826171875e+01
2.683000000000000000e+09,-6.298199844360351562e+01
2.683250000000000000e+09,-6.528800201416015625e+01
2.683500000000000000e+09,-6.321799850463867188e+01
2.683750000000000000e+09,-6.444799804687500000e+01
2.684000000000000000e+09,-6.530799865722656250e+01
2.684250000000000000e+09,-6.294599914550781250e+01
2.684500000000000000e+09,-6.458300018310546875e+01
2.684750000000000000e+09,-6.308399963378906250e+01
2.685000000000000000e+09,-6.417500305175781250e+01
2.685250000000000000e+09,-6.408000183105468750e+01
2.685500000000000000e+09,-6.431199645996093750e+01
2.685750000000000000e+09,-6.339400100708007812e+01
2.686000000000000000e+09,-6.338999938964843750e+01
2.686250000000000000e+09,-6.406800079345703125e+01
2.686500000000000000e+09,-6.467099761962890625e+01
2.686750000000000000e+09,-6.421299743652343750e+01
2.687000000000000000e+09,-6.491999816894531250e+01
2.687250000000000000e+09,-6.622399902343750000e+01
2.687500000000000000e+09,-6.549099731445312500e+01
2.687750000000000000e+09,-6.271900177001953125e+01
2.688000000000000000e+09,-6.501699829101562500e+01
2.688250000000000000e+09,-6.550000000000000000e+01
2.688500000000000000e+09,-6.501999664306640625e+01
2.688750000000000000e+09,-6.320600128173828125e+01
2.689000000000000000e+09,-6.364400100708007812e+01
2.689250000000000000e+09,-6.524199676513671875e+01
2.689500000000000000e+09,-6.450399780273437500e+01
2.689750000000000000e+09,-6.435299682617187500e+01
2.690000000000000000e+09,-6.396799850463867188e+01
2.690250000000000000e+09,-6.604199981689453125e+01
2.690500000000000000e+09,-6.558699798583984375e+01
2.690750000000000000e+09,-6.355400085449218750e+01
2.691000000000000000e+09,-6.383700180053710938e+01
2.691250000000000000e+09,-6.384000015258789062e+01
2.691500000000000000e+09,-6.417500305175781250e+01
2.691750000000000000e+09,-6.488099670410156250e+01
2.692000000000000000e+09,-6.617600250244140625e+01
2.692250000000000000e+09,-6.435199737548828125e+01
2.692500000000000000e+09,-6.476399993896484375e+01
2.692750000000000000e+09,-6.632599639892578125e+01
2.693000000000000000e+09,-6.478600311279296875e+01
2.693250000000000000e+09,-6.430899810791015625e+01
2.693500000000000000e+09,-6.396200180053710938e+01
2.693750000000000000e+09,-6.538600158691406250e+01
2.694000000000000000e+09,-6.393500137329101562e+01
2.694250000000000000e+09,-6.647200012207031250e+01
2.694500000000000000e+09,-6.439900207519531250e+01
2.694750000000000000e+09,-6.570099639892578125e+01
2.695000000000000000e+09,-6.405599975585937500e+01
2.695250000000000000e+09,-6.387599945068359375e+01
2.695500000000000000e+09,-6.588600158691406250e+01
2.695750000000000000e+09,-6.419999694824218750e+01
2.696000000000000000e+09,-6.491500091552734375e+01
2.696250000000000000e+09,-6.388100051879882812e+01
2.696500000000000000e+09,-6.473400115966796875e+01
2.696750000000000000e+09,-6.565299987792968750e+01
2.697000000000000000e+09,-6.474099731445312500e+01
2.697250000000000000e+09,-6.616500091552734375e+01
2.697500000000000000e+09,-6.586900329589843750e+01
2.697750000000000000e+09,-6.279100036621093750e+01
2.698000000000000000e+09,-6.353200149536132812e+01
2.698250000000000000e+09,-6.191099929809570312e+01
2.698500000000000000e+09,-6.124100112915039062e+01
2.698750000000000000e+09,-5.684600067138671875e+01
2.699000000000000000e+09,-5.292699813842773438e+01
2.699250000000000000e+09,-4.877899932861328125e+01
2.699500000000000000e+09,-4.612400054931640625e+01
2.699750000000000000e+09,-4.424700164794921875e+01
2.700000000000000000e+09,-4.333700180053710938e+01
2.700250000000000000e+09,-4.364899826049804688e+01
2.700500000000000000e+09,-4.515700149536132812e+01
2.700750000000000000e+09,-4.688800048828125000e+01
2.701000000000000000e+09,-4.886299896240234375e+01
2.701250000000000000e+09,-5.236700057983398438e+01
2.701500000000000000e+09,-5.584000015258789062e+01
2.701750000000000000e+09,-5.899800109863281250e+01
2.702000000000000000e+09,-6.102999877929687500e+01
2.702250000000000000e+09,-6.180799865722656250e+01
2.702500000000000000e+09,-6.257199859619140625e+01
2.702750000000000000e+09,-6.445099639892578125e+01
2.703000000000000000e+09,-6.383800125122070312e+01
2.703250000000000000e+09,-6.428099822998046875e+01
2.703500000000000000e+09,-6.275199890136718750e+01
2.703750000000000000e+09,-6.469699859619140625e+01
2.704000000000000000e+09,-6.292300033569335938e+01
2.704250000000000000e+09,-6.469400024414062500e+01
2.704500000000000000e+09,-6.524400329589843750e+01
2.704750000000000000e+09,-6.445200347900390625e+01
2.705000000000000000e+09,-6.330300140380859375e+01
2.705250000000000000e+09,-6.482499694824218750e+01
2.705500000000000000e+09,-6.419699859619140625e+01
2.705750000000000000e+09,-6.362599945068359375e+01
2.706000000000000000e+09,-6.572000122070312500e+01
2.706250000000000000e+09,-6.402500152587890625e+01
2.706500000000000000e+09,-6.581900024414062500e+01
2.706750000000000000e+09,-6.416100311279296875e+01
2.707000000000000000e+09,-6.490799713134765625e+01
2.707250000000000000e+09,-6.309199905395507812e+01
2.707500000000000000e+09,-6.376800155639648438e+01
2.707750000000000000e+09,-6.357099914550781250e+01
2.708000000000000000e+09,-6.418699645996093750e+01
2.708250000000000000e+09,-6.413300323486328125e+01
2.708500000000000000e+09,-6.401100158691406250e+01
2.708750000000000000e+09,-6.423799896240234375e+01
2.709000000000000000e+09,-6.414399719238281250e+01
2.709250000000000000e+09,-6.480999755859375000e+01
2.709500000000000000e+09,-6.326800155639648438e+01
2.709750000000000000e+09,-6.502600097656250000e+01
2.710000000000000000e+09,-6.374300003051757812e+01
2.710250000000000000e+09,-6.468900299072265625e+01
2.710500000000000000e+09,-6.483300018310546875e+01
2.710750000000000000e+09,-6.559600067138671875e+01
2.711000000000000000e+09,-6.312300109863281250e+01
2.711250000000000000e+09,-6.473100280761718750e+01
2.711500000000000000e+09,-6.360200119018554688e+01
2.711750000000000000e+09,-6.297399902343750000e+01
2.712000000000000000e+09,-6.447899627685546875e+01
2.712250000000000000e+09,-6.614600372314453125e+01
2.712500000000000000e+09,-6.412500000000000000e+01
2.712750000000000000e+09,-6.525299835205078125e+01
2.713000000000000000e+09,-6.473999786376953125e+01
2.713250000000000000e+09,-6.339599990844726562e+01
2.713500000000000000e+09,-6.544799804687500000e+01
2.713750000000000000e+09,-6.487799835205078125e+01
2.714000000000000000e+09,-6.416500091552734375e+01
2.714250000000000000e+09,-6.449199676513671875e+01
2.714500000000000000e+09,-6.429000091552734375e+01
2.714750000000000000e+09,-6.626699829101562500e+01
2.715000000000000000e+09,-6.420500183105468750e+01
2.715250000000000000e+09,-6.455699920654296875e+01
2.715500000000000000e+09,-6.469499969482421875e+01
2.715750000000000000e+09,-6.381499862670898438e+01
2.716000000000000000e+09,-6.286100006103515625e+01
2.716250000000000000e+09,-6.304100036621093750e+01
2.716500000000000000e+09,-6.560399627685546875e+01
2.716750000000000000e+09,-6.479399871826171875e+01
2.717000000000000000e+09,-6.516699981689453125e+01
2.717250000000000000e+09,-6.660099792480468750e+01
2.717500000000000000e+09,-6.393199920654296875e+01
2.717750000000000000e+09,-6.581099700927734375e+01
2.718000000000000000e+09,-6.518099975585937500e+01
2.718250000000000000e+09,-6.492099761962890625e+01
2.718500000000000000e+09,-6.487699890136718750e+01
2.718750000000000000e+09,-6.534799957275390625e+01
2.719000000000000000e+09,-6.365499877929687500e+01
2.719250000000000000e+09,-6.484300231933593750e+01
2.719500000000000000e+09,-6.368500137329101562e+01
2.719750000000000000e+09,-6.442299652099609375e+01
2.720000000000000000e+09,-6.310599899291992188e+01
2.720250000000000000e+09,-6.405999755859375000e+01
2.720500000000000000e+09,-6.401399993896484375e+01
2.720750000000000000e+09,-6.504799652099609375e+01
2.721000000000000000e+09,-6.606300354003906250e+01
2.721250000000000000e+09,-6.433399963378906250e+01
2.721500000000000000e+09,-6.375899887084960938e+01
2.721750000000000000e+09,-6.497899627685546875e+01
2.722000000000000000e+09,-6.249100112915039062e+01
2.722250000000000000e+09,-6.417900085449218750e+01
2.722500000000000000e+09,-6.355300140380859375e+01
2.722750000000000000e+09,-6.393600082397460938e+01
2.723000000000000000e+09,-6.395299911499023438e+01
2.723250000000000000e+09,-6.600000000000000000e+01
2.723500000000000000e+09,-6.283399963378906250e+01
2.723750000000000000e+09,-6.488800048828125000e+01
2.724000000000000000e+09,-6.450499725341796875e+01
2.724250000000000000e+09,-6.510299682617187500e+01
2.724500000000000000e+09,-6.381499862670898438e+01
2.724750000000000000e+09,-6.410700225830078125e+01
2.725000000000000000e+09,-6.416999816894531250e+01
2.725250000000000000e+09,-6.472599792480468750e+01
2.725500000000000000e+09,-6.506500244140625000e+01
2.725750000000000000e+09,-6.480400085449218750e+01
2.726000000000000000e+09,-6.296799850463867188e+01
2.726250000000000000e+09,-6.542199707031250000e+01
2.726500000000000000e+09,-6.491000366210937500e+01
2.726750000000000000e+09,-6.595500183105468750e+01
2.727000000000000000e+09,-6.422699737548828125e+01
2.727250000000000000e+09,-6.455300140380859375e+01
2.727500000000000000e+09,-6.431300354003906250e+01
2.727750000000000000e+09,-6.418900299072265625e+01
2.728000000000000000e+09,-6.422200012207031250e+01
2.728250000000000000e+09,-6.611299896240234375e+01
2.728500000000000000e+09,-6.526499938964843750e+01
2.728750000000000000e+09,-6.551399993896484375e+01
2.729000000000000000e+09,-6.498200225830078125e+01
2.729250000000000000e+09,-6.491600036621093750e+01
2.729500000000000000e+09,-6.314599990844726562e+01
2.729750000000000000e+09,-6.467299652099609375e+01
2.730000000000000000e+09,-6.458799743652343750e+01
2.730250000000000000e+09,-6.281999969482421875e+01
2.730500000000000000e+09,-6.390800094604492188e+01
2.730750000000000000e+09,-6.441600036621093750e+01
2.731000000000000000e+09,-6.460399627685546875e+01
2.731250000000000000e+09,-6.543800354003906250e+01
2.731500000000000000e+09,-6.534100341796875000e+01
2.731750000000000000e+09,-6.250299835205078125e+01
2.732000000000000000e+09,-6.430899810791015625e+01
2.732250000000000000e+09,-6.541500091552734375e+01
2.732500000000000000e+09,-6.479499816894531250e+01
2.732750000000000000e+09,-6.399800109863281250e+01
2.733000000000000000e+09,-6.465699768066406250e+01
2.733250000000000000e+09,-6.666100311279296875e+01
2.733500000000000000e+09,-6.520999908447265625e+01
2.733750000000000000e+09,-6.172900009155273438e+01
2.734000000000000000e+09,-6.500700378417968750e+01
2.734250000000000000e+09,-6.624099731445312500e+01
2.734500000000000000e+09,-6.263600158691406250e+01
2.734750000000000000e+09,-6.589099884033203125e+01
2.735000000000000000e+09,-6.410900115966796875e+01
2.735250000000000000e+09,-6.421299743652343750e+01
2.735500000000000000e+09,-6.276900100708007812e+01
2.735750000000000000e+09,-6.583599853515625000e+01
2.736000000000000000e+09,-6.427700042724609375e+01
2.736250000000000000e+09,-6.621399688720703125e+01
2.736500000000000000e+09,-6.483300018310546875e+01
2.736750000000000000e+09,-6.433999633789062500e+01
2.737000000000000000e+09,-6.169699859619140625e+01
2.737250000000000000e+09,-6.375199890136718750e+01
2.737500000000000000e+09,-6.331299972534179688e+01
2.737750000000000000e+09,-6.473799896240234375e+01
2.738000000000000000e+09,-6.507900238037109375e+01
2.738250000000000000e+09,-6.540799713134765625e+01
2.738500000000000000e+09,-6.454799652099609375e+01
2.738750000000000000e+09,-6.500800323486328125e+01
2.739000000000000000e+09,-6.496600341796875000e+01
2.739250000000000000e+09,-6.364400100708007812e+01
2.739500000000000000e+09,-6.382300186157226562e+01
2.739750000000000000e+09,-6.546099853515625000e+01
2.740000000000000000e+09,-6.475499725341796875e+01
2.740250000000000000e+09,-6.347499847412109375e+01
2.740500000000000000e+09,-6.495400238037109375e+01
2.740750000000000000e+09,-6.542600250244140625e+01
2.741000000000000000e+09,-6.262099838256835938e+01
2.741250000000000000e+09,-6.460800170898437500e+01
2.741500000000000000e+09,-6.350999832153320312e+01
2.741750000000000000e+09,-6.224900054931640625e+01
2.742000000000000000e+09,-6.493399810791015625e+01
2.742250000000000000e+09,-6.418599700927734375e+01
2.742500000000000000e+09,-6.388600158691406250e+01
2.742750000000000000e+09,-6.404199981689453125e+01
2.743000000000000000e+09,-6.284700012207031250e+01
2.743250000000000000e+09,-6.207099914550781250e+01
2.743500000000000000e+09,-6.284000015258789062e+01
2.743750000000000000e+09,-6.478399658203125000e+01
2.744000000000000000e+09,-6.377700042724609375e+01
2.744250000000000000e+09,-6.378499984741210938e+01
2.744500000000000000e+09,-6.468599700927734375e+01
2.744750000000000000e+09,-6.443099975585937500e+01
2.745000000000000000e+09,-6.214899826049804688e+01
2.745250000000000000e+09,-6.418599700927734375e+01
2.745500000000000000e+09,-6.351599884033203125e+01
2.745750000000000000e+09,-6.491100311279296875e+01
2.746000000000000000e+09,-6.324000167846679688e+01
2.746250000000000000e+09,-6.483699798583984375e+01
2.746500000000000000e+09,-6.495899963378906250e+01
2.746750000000000000e+09,-6.435399627685546875e+01
2.747000000000000000e+09,-6.585700225830078125e+01
2.747250000000000000e+09,-6.469999694824218750e+01
2.747500000000000000e+09,-6.299100112915039062e+01
2.747750000000000000e+09,-6.311100006103515625e+01
2.748000000000000000e+09,-6.326399993896484375e+01
2.748250000000000000e+09,-6.503700256347656250e+01
2.748500000000000000e+09,-6.262699890136718750e+01
2.748750000000000000e+09,-6.515299987792968750e+01
2.749000000000000000e+09,-6.358000183105468750e+01
2.749250000000000000e+09,-6.369499969482421875e+01
2.749500000000000000e+09,-6.432900238037109375e+01
2.749750000000000000e+09,-6.515000152587890625e+01
2.750000000000000000e+09,-6.371200180053710938e+01
2.750000000000000000e+09,-6.557299804687500000e+01
2.750250000000000000e+09,-6.736499786376953125e+01
2.750500000000000000e+09,-6.566899871826171875e+01
2.750750000000000000e+09,-6.466600036621093750e+01
2.751000000000000000e+09,-6.488600158691406250e+01
2.751250000000000000e+09,-6.781600189208984375e+01
2.751500000000000000e+09,-6.455300140380859375e+01
2.751750000000000000e+09,-6.612000274658203125e+01
2.752000000000000000e+09,-6.492299652099609375e+01
2.752250000000000000e+09,-6.392399978637695312e+01
2.752500000000000000e+09,-6.692800140380859375e+01
2.752750000000000000e+09,-6.625299835205078125e+01
2.753000000000000000e+09,-6.458799743652343750e+01
2.753250000000000000e+09,-6.538600158691406250e+01
2.753500000000000000e+09,-6.609600067138671875e+01
2.753750000000000000e+09,-6.696499633789062500e+01
2.754000000000000000e+09,-6.666799926757812500e+01
2.754250000000000000e+09,-6.552999877929687500e+01
2.754500000000000000e+09,-6.533000183105468750e+01
2.754750000000000000e+09,-6.601100158691406250e+01
2.755000000000000000e+09,-6.641899871826171875e+01
2.755250000000000000e+09,-6.523000335693359375e+01
2.755500000000000000e+09,-6.609400177001953125e+01
2.755750000000000000e+09,-6.687699890136718750e+01
2.756000000000000000e+09,-6.452799987792968750e+01
2.756250000000000000e+09,-6.570899963378906250e+01
2.756500000000000000e+09,-6.675099945068359375e+01
2.756750000000000000e+09,-6.451399993896484375e+01
2.757000000000000000e+09,-6.597699737548828125e+01
2.757250000000000000e+09,-6.343700027465820312e+01
2.757500000000000000e+09,-6.578199768066406250e+01
2.757750000000000000e+09,-6.545099639892578125e+01
2.758000000000000000e+09,-6.804399871826171875e+01
2.758250000000000000e+09,-6.511299896240234375e+01
2.758500000000000000e+09,-6.378699874877929688e+01
2.758750000000000000e+09,-6.525700378417968750e+01
2.759000000000000000e+09,-6.479699707031250000e+01
2.759250000000000000e+09,-6.676499938964843750e+01
2.759500000000000000e+09,-6.653099822998046875e+01
2.759750000000000000e+09,-6.370600128173828125e+01
2.760000000000000000e+09,-6.581199645996093750e+01
2.760250000000000000e+09,-6.542600250244140625e+01
2.760500000000000000e+09,-6.699199676513671875e+01
2.760750000000000000e+09,-6.685099792480468750e+01
2.761000000000000000e+09,-6.645300292968750000e+01
2.761250000000000000e+09,-6.571800231933593750e+01
2.761500000000000000e+09,-6.570999908447265625e+01
2.761750000000000000e+09,-6.649299621582031250e+01
2.762000000000000000e+09,-6.580699920654296875e+01
2.762250000000000000e+09,-6.399100112915039062e+01
2.762500000000000000e+09,-6.563800048828125000e+01
2.762750000000000000e+09,-6.742299652099609375e+01
2.763000000000000000e+09,-6.574800109863281250e+01
2.763250000000000000e+09,-6.582599639892578125e+01
2.763500000000000000e+09,-6.686499786376953125e+01
2.763750000000000000e+09,-6.535199737548828125e+01
2.764000000000000000e+09,-6.655300140380859375e+01
2.764250000000000000e+09,-6.257600021362304688e+01
2.764500000000000000e+09,-6.566799926757812500e+01
2.764750000000000000e+09,-6.229399871826171875e+01
2.765000000000000000e+09,-6.467700195312500000e+01
2.765250000000000000e+09,-6.705000305175781250e+01
2.765500000000000000e+09,-6.737999725341796875e+01
2.765750000000000000e+09,-6.720700073242187500e+01
2.766000000000000000e+09,-6.598699951171875000e+01
2.766250000000000000e+09,-6.386500167846679688e+01
2.766500000000000000e+09,-6.495600128173828125e+01
2.766750000000000000e+09,-6.614499664306640625e+01
2.767000000000000000e+09,-6.849500274658203125e+01
2.767250000000000000e+09,-6.636000061035156250e+01
2.767500000000000000e+09,-6.489399719238281250e+01
2.767750000000000000e+09,-6.468900299072265625e+01
2.768000000000000000e+09,-6.611799621582031250e+01
2.768250000000000000e+09,-6.378499984741210938e+01
2.768500000000000000e+09,-6.590200042724609375e+01
2.768750000000000000e+09,-6.535099792480468750e+01
2.769000000000000000e+09,-6.626000213623046875e+01
2.769250000000000000e+09,-6.474400329589843750e+01
2.769500000000000000e+09,-6.716999816894531250e+01
2.769750000000000000e+09,-6.498699951171875000e+01
2.770000000000000000e+09,-6.540000152587890625e+01
2.770250000000000000e+09,-6.391699981689453125e+01
2.770500000000000000e+09,-6.676000213623046875e+01
2.770750000000000000e+09,-6.312599945068359375e+01
2.771000000000000000e+09,-6.667299652099609375e+01
2.771250000000000000e+09,-6.651799774169921875e+01
2.771500000000000000e+09,-6.575900268554687500e+01
2.771750000000000000e+09,-6.471900177001953125e+01
2.772000000000000000e+09,-6.695200347900390625e+01
2.772250000000000000e+09,-6.562999725341796875e+01
2.772500000000000000e+09,-6.558599853515625000e+01
2.772750000000000000e+09,-6.489399719238281250e+01
2.773000000000000000e+09,-6.620200347900390625e+01
2.773250000000000000e+09,-6.380300140380859375e+01
2.773500000000000000e+09,-6.717900085449218750e+01
2.773750000000000000e+09,-6.552700042724609375e+01
2.774000000000000000e+09,-6.622799682617187500e+01
2.774250000000000000e+09,-6.531700134277343750e+01
2.774500000000000000e+09,-6.423100280761718750e+01
2.774750000000000000e+09,-6.466300201416015625e+01
2.775000000000000000e+09,-6.370100021362304688e+01
2.775250000000000000e+09,-6.582499694824218750e+01
2.775500000000000000e+09,-6.617600250244140625e+01
2.775750000000000000e+09,-6.718000030517578125e+01
2.776000000000000000e+09,-6.606900024414062500e+01
2.776250000000000000e+09,-6.535299682617187500e+01
2.776500000000000000e+09,-6.751200103759765625e+01
2.776750000000000000e+09,-6.569200134277343750e+01
2.777000000000000000e+09,-6.586199951171875000e+01
2.777250000000000000e+09,-6.464399719238281250e+01
2.777500000000000000e+09,-6.573100280761718750e+01
2.777750000000000000e+09,-6.458599853515625000e+01
2.778000000000000000e+09,-6.302399826049804688e+01
2.778250000000000000e+09,-6.379499816894531250e+01
2.778500000000000000e+09,-6.639700317382812500e+01
2.778750000000000000e+09,-6.336399841308593750e+01
2.779000000000000000e+09,-6.671299743652343750e+01
2.779250000000000000e+09,-6.552899932861328125e+01
2.779500000000000000e+09,-6.642800140380859375e+01
2.779750000000000000e+09,-6.639099884033203125e+01
2.780000000000000000e+09,-6.582099914550781250e+01
2.780250000000000000e+09,-6.732800292968750000e+01
2.780500000000000000e+09,-6.466799926757812500e+01
2.780750000000000000e+09,-6.484400177001953125e+01
2.781000000000000000e+09,-6.659799957275390625e+01
2.781250000000000000e+09,-6.500900268554687500e+01
2.781500000000000000e+09,-6.494499969482421875e+01
2.781750000000000000e+09,-6.660399627685546875e+01
2.782000000000000000e+09,-6.478700256347656250e+01
2.782250000000000000e+09,-6.669300079345703125e+01
2.782500000000000000e+09,-6.456300354003906250e+01
2.782750000000000000e+09,-6.329499816894531250e+01
2.783000000000000000e+09,-6.576999664306640625e+01
2.783250000000000000e+09,-6.670500183105468750e+01
2.783500000000000000e+09,-6.555400085449218750e+01
2.783750000000000000e+09,-6.428399658203125000e+01
2.784000000000000000e+09,-6.637599945068359375e+01
2.784250000000000000e+09,-6.584100341796875000e+01
2.784500000000000000e+09,-6.608000183105468750e+01
2.784750000000000000e+09,-6.519400024414062500e+01
2.785000000000000000e+09,-6.226900100708007812e+01
2.785250000000000000e+09,-6.532399749755859375e+01
2.785500000000000000e+09,-6.864900207519531250e+01
2.785750000000000000e+09,-6.522200012207031250e+01
2.786000000000000000e+09,-6.712899780273437500e+01
2.786250000000000000e+09,-6.575700378417968750e+01
2.786500000000000000e+09,-6.618499755859375000e+01
2.786750000000000000e+09,-6.511900329589843750e+01
2.787000000000000000e+09,-6.556800079345703125e+01
2.787250000000000000e+09,-6.603500366210937500e+01
2.787500000000000000e+09,-6.718299865722656250e+01
2.787750000000000000e+09,-6.688899993896484375e+01
2.788000000000000000e+09,-6.434200286865234375e+01
2.788250000000000000e+09,-6.569799804687500000e+01
2.788500000000000000e+09,-6.611000061035156250e+01
2.788750000000000000e+09,-6.395700073242187500e+01
2.789000000000000000e+09,-6.618000030517578125e+01
2.789250000000000000e+09,-6.583699798583984375e+01
2.789500000000000000e+09,-6.451599884033203125e+01
2.789750000000000000e+09,-6.689600372314453125e+01
2.790000000000000000e+09,-6.694799804687500000e+01
2.790250000000000000e+09,-6.664299774169921875e+01
2.790500000000000000e+09,-6.646199798583984375e+01
2.790750000000000000e+09,-6.591600036621093750e+01
2.791000000000000000e+09,-6.572699737548828125e+01
2.791250000000000000e+09,-6.520200347900390625e+01
2.791500000000000000e+09,-6.531099700927734375e+01
2.791750000000000000e+09,-6.527700042724609375e+01
2.792000000000000000e+09,-6.638700103759765625e+01
2.792250000000000000e+09,-6.463999938964843750e+01
2.792500000000000000e+09,-6.631199645996093750e+01
2.792750000000000000e+09,-6.553299713134765625e+01
2.793000000000000000e+09,-6.315000152587890625e+01
2.793250000000000000e+09,-6.544200134277343750e+01
2.793500000000000000e+09,-6.657199859619140625e+01
2.793750000000000000e+09,-6.691400146484375000e+01
2.794000000000000000e+09,-6.581600189208984375e+01
2.794250000000000000e+09,-6.350600051879882812e+01
2.794500000000000000e+09,-6.634100341796875000e+01
2.794750000000000000e+09,-6.534100341796875000e+01
2.795000000000000000e+09,-6.474099731445312500e+01
2.795250000000000000e+09,-6.399000167846679688e+01
2.795500000000000000e+09,-6.398899841308593750e+01
2.795750000000000000e+09,-6.626200103759765625e+01
2.796000000000000000e+09,-6.579299926757812500e+01
2.796250000000000000e+09,-6.461599731445312500e+01
2.796500000000000000e+09,-6.421099853515625000e+01
2.796750000000000000e+09,-6.412100219726562500e+01
2.797000000000000000e+09,-6.573000335693359375e+01
2.797250000000000000e+09,-6.647299957275390625e+01
2.797500000000000000e+09,-6.597100067138671875e+01
2.797750000000000000e+09,-6.581400299072265625e+01
2.798000000000000000e+09,-6.463400268554687500e+01
2.798250000000000000e+09,-6.359999847412109375e+01
2.798500000000000000e+09,-6.070899963378906250e+01
2.798750000000000000e+09,-5.768099975585937500e+01
2.799000000000000000e+09,-5.302600097656250000e+01
2.799250000000000000e+09,-4.925699996948242188e+01
2.799500000000000000e+09,-4.678099822998046875e+01
2.799750000000000000e+09,-4.421500015258789062e+01
2.800000000000000000e+09,-4.374900054931640625e+01
2.800250000000000000e+09,-4.399900054931640625e+01
2.800500000000000000e+09,-4.559099960327148438e+01
2.800750000000000000e+09,-4.765999984741210938e+01
2.801000000000000000e+09,-4.993000030517578125e+01
2.801250000000000000e+09,-5.339500045776367188e+01
2.801500000000000000e+09,-5.690499877929687500e+01
2.801750000000000000e+09,-5.814099884033203125e+01
2.802000000000000000e+09,-6.156000137329101562e+01
2.802250000000000000e+09,-6.324499893188476562e+01
2.802500000000000000e+09,-6.570400238037109375e+01
2.802750000000000000e+09,-6.408200073242187500e+01
2.803000000000000000e+09,-6.537599945068359375e+01
2.803250000000000000e+09,-6.392900085449218750e+01
2.803500000000000000e+09,-6.477100372314453125e+01
2.803750000000000000e+09,-6.571399688720703125e+01
2.804000000000000000e+09,-6.481099700927734375e+01
2.804250000000000000e+09,-6.353799819946289062e+01
2.804500000000000000e+09,-6.608300018310546875e+01
2.804750000000000000e+09,-6.618000030517578125e+01
2.805000000000000000e+09,-6.612599945068359375e+01
2.805250000000000000e+09,-6.636000061035156250e+01
2.805500000000000000e+09,-6.548200225830078125e+01
2.805750000000000000e+09,-6.635900115966796875e+01
2.806000000000000000e+09,-6.416100311279296875e+01
2.806250000000000000e+09,-6.609700012207031250e+01
2.806500000000000000e+09,-6.284799957275390625e+01
2.806750000000000000e+09,-6.485199737548828125e+01
2.807000000000000000e+09,-6.647799682617187500e+01
2.807250000000000000e+09,-6.583300018310546875e+01
2.807500000000000000e+09,-6.509200286865234375e+01
2.807750000000000000e+09,-6.557299804687500000e+01
2.808000000000000000e+09,-6.834100341796875000e+01
2.808250000000000000e+09,-6.683499908447265625e+01
2.808500000000000000e+09,-6.638200378417968750e+01
2.808750000000000000e+09,-6.290000152587890625e+01
2.809000000000000000e+09,-6.564800262451171875e+01
2.809250000000000000e+09,-6.561699676513671875e+01
2.809500000000000000e+09,-6.512699890136718750e+01
2.809750000000000000e+09,-6.483200073242187500e+01
2.810000000000000000e+09,-6.583599853515625000e+01
2.810250000000000000e+09,-6.327899932861328125e+01
2.810500000000000000e+09,-6.448400115966796875e+01
2.810750000000000000e+09,-6.670099639892578125e+01
2.811000000000000000e+09,-6.717099761962890625e+01
2.811250000000000000e+09,-6.559500122070312500e+01
2.811500000000000000e+09,-6.669499969482421875e+01
2.811750000000000000e+09,-6.625599670410156250e+01
2.812000000000000000e+09,-6.571600341796875000e+01
2.812250000000000000e+09,-6.531999969482421875e+01
2.812500000000000000e+09,-6.379199981689453125e+01
2.812750000000000000e+09,-6.484200286865234375e+01
2.813000000000000000e+09,-6.573500061035156250e+01
2.813250000000000000e+09,-6.569100189208984375e+01
2.813500000000000000e+09,-6.721800231933593750e+01
2.813750000000000000e+09,-6.617800140380859375e+01
2.814000000000000000e+09,-6.673300170898437500e+01
2.814250000000000000e+09,-6.651999664306640625e+01
2.814500000000000000e+09,-6.443199920654296875e+01
2.814750000000000000e+09,-6.640899658203125000e+01
2.815000000000000000e+09,-6.451899719238281250e+01
2.815250000000000000e+09,-6.480400085449218750e+01
2.815500000000000000e+09,-6.482800292968750000e+01
2.815750000000000000e+09,-6.656099700927734375e+01
2.816000000000000000e+09,-6.718399810791015625e+01
2.816250000000000000e+09,-6.589099884033203125e+01
2.816500000000000000e+09,-6.516000366210937500e+01
2.816750000000000000e+09,-6.454199981689453125e+01
2.817000000000000000e+09,-6.575299835205078125e+01
2.817250000000000000e+09,-6.479599761962890625e+01
2.817500000000000000e+09,-6.274700164794921875e+01
2.817750000000000000e+09,-6.513099670410156250e+01
2.818000000000000000e+09,-6.432299804687500000e+01
2.818250000000000000e+09,-6.378699874877929688e+01
2.818500000000000000e+09,-6.542700195312500000e+01
2.818750000000000000e+09,-6.659600067138671875e+01
2.819000000000000000e+09,-6.574700164794921875e+01
2.819250000000000000e+09,-6.487999725341796875e+01
2.819500000000000000e+09,-6.508399963378906250e+01
2.819750000000000000e+09,-6.721800231933593750e+01
2.820000000000000000e+09,-6.592099761962890625e+01
2.820250000000000000e+09,-6.641600036621093750e+01
2.820500000000000000e+09,-6.522399902343750000e+01
2.820750000000000000e+09,-6.498500061035156250e+01
2.821000000000000000e+09,-6.678199768066406250e+01
2.821250000000000000e+09,-6.672899627685546875e+01
2.821500000000000000e+09,-6.545600128173828125e+01
2.821750000000000000e+09,-6.665299987792968750e+01
2.822000000000000000e+09,-6.507199859619140625e+01
2.822250000000000000e+09,-6.587400054931640625e+01
2.822500000000000000e+09,-6.484200286865234375e+01
2.822750000000000000e+09,-6.646199798583984375e+01
2.823000000000000000e+09,-6.639099884033203125e+01
2.823250000000000000e+09,-6.515499877929687500e+01
2.823500000000000000e+09,-6.634500122070312500e+01
2.823750000000000000e+09,-6.512599945068359375e+01
2.824000000000000000e+09,-6.569300079345703125e+01
2.824250000000000000e+09,-6.369699859619140625e+01
2.824500000000000000e+09,-6.737500000000000000e+01
2.824750000000000000e+09,-6.568299865722656250e+01
2.825000000000000000e+09,-6.451499938964843750e+01
2.825250000000000000e+09,-6.410900115966796875e+01
2.825500000000000000e+09,-6.463400268554687500e+01
2.825750000000000000e+09,-6.588500213623046875e+01
2.826000000000000000e+09,-6.757299804687500000e+01
2.826250000000000000e+09,-6.530400085449218750e+01
2.826500000000000000e+09,-6.611900329589843750e+01
2.826750000000000000e+09,-6.293000030517578125e+01
2.827000000000000000e+09,-6.491400146484375000e+01
2.827250000000000000e+09,-6.559999847412109375e+01
2.827500000000000000e+09,-6.639399719238281250e+01
2.827750000000000000e+09,-6.576499938964843750e+01
2.828000000000000000e+09,-6.781300354003906250e+01
2.828250000000000000e+09,-6.727200317382812500e+01
2.828500000000000000e+09,-6.511199951171875000e+01
2.828750000000000000e+09,-6.552500152587890625e+01
2.829000000000000000e+09,-6.619000244140625000e+01
2.829250000000000000e+09,-6.691799926757812500e+01
2.829500000000000000e+09,-6.576799774169921875e+01
2.829750000000000000e+09,-6.539399719238281250e+01
2.830000000000000000e+09,-6.486299896240234375e+01
2.830250000000000000e+09,-6.585500335693359375e+01
2.830500000000000000e+09,-6.407199859619140625e+01
2.830750000000000000e+09,-6.794599914550781250e+01
2.831000000000000000e+09,-6.500700378417968750e+01
2.831250000000000000e+09,-6.599500274658203125e+01
2.831500000000000000e+09,-6.825399780273437500e+01
2.831750000000000000e+09,-6.562200164794921875e+01
2.832000000000000000e+09,-6.431199645996093750e+01
2.832250000000000000e+09,-6.601300048828125000e+01
2.832500000000000000e+09,-6.449900054931640625e+01
2.832750000000000000e+09,-6.496499633789062500e+01
2.833000000000000000e+09,-6.558100128173828125e+01
2.833250000000000000e+09,-6.487000274658203125e+01
2.833500000000000000e+09,-6.709799957275390625e+01
2.833750000000000000e+09,-6.749900054931640625e+01
2.834000000000000000e+09,-6.570600128173828125e+01
2.834250000000000000e+09,-6.352700042724609375e+01
2.834500000000000000e+09,-6.671600341796875000e+01
2.834750000000000000e+09,-6.548200225830078125e+01
2.835000000000000000e+09,-6.684700012207031250e+01
2.835250000000000000e+09,-6.534999847412109375e+01
2.835500000000000000e+09,-6.452700042724609375e+01
2.835750000000000000e+09,-6.541600036621093750e+01
2.836000000000000000e+09,-6.284799957275390625e+01
2.836250000000000000e+09,-6.493800354003906250e+01
2.836500000000000000e+09,-6.555899810791015625e+01
2.836750000000000000e+09,-6.631700134277343750e+01
2.837000000000000000e+09,-6.409999847412109375e+01
2.837250000000000000e+09,-6.679399871826171875e+01
2.837500000000000000e+09,-6.544100189208984375e+01
2.837750000000000000e+09,-6.368899917602539062e+01
2.838000000000000000e+09,-6.595999908447265625e+01
2.838250000000000000e+09,-6.593499755859375000e+01
2.838500000000000000e+09,-6.447200012207031250e+01
2.838750000000000000e+09,-6.659999847412109375e+01
2.839000000000000000e+09,-6.604499816894531250e+01
2.839250000000000000e+09,-6.686699676513671875e+01
2.839500000000000000e+09,-6.413899993896484375e+01
2.839750000000000000e+09,-6.279700088500976562e+01
2.840000000000000000e+09,-6.627100372314453125e+01
2.840250000000000000e+09,-6.456500244140625000e+01
2.840500000000000000e+09,-6.511900329589843750e+01
2.840750000000000000e+09,-6.660700225830078125e+01
2.841000000000000000e+09,-6.438600158691406250e+01
2.841250000000000000e+09,-6.575700378417968750e+01
2.841500000000000000e+09,-6.695800018310546875e+01
2.841750000000000000e+09,-6.438899993896484375e+01
2.842000000000000000e+09,-6.522499847412109375e+01
2.842250000000000000e+09,-6.608000183105468750e+01
2.842500000000000000e+09,-6.676200103759765625e+01
2.842750000000000000e+09,-6.493000030517578125e+01
2.843000000000000000e+09,-6.565000152587890625e+01
2.843250000000000000e+09,-6.645200347900390625e+01
2.843500000000000000e+09,-6.352700042724609375e+01
2.843750000000000000e+09,-6.442299652099609375e+01
2.844000000000000000e+09,-6.489600372314453125e+01
2.844250000000000000e+09,-6.606900024414062500e+01
2.844500000000000000e+09,-6.413400268554687500e+01
2.844750000000000000e+09,-6.585199737548828125e+01
2.845000000000000000e+09,-6.531900024414062500e+01
2.845250000000000000e+09,-6.632199859619140625e+01
2.845500000000000000e+09,-6.602899932861328125e+01
2.845750000000000000e+09,-6.693099975585937500e+01
2.846000000000000000e+09,-6.616100311279296875e+01
2.846250000000000000e+09,-6.544599914550781250e+01
2.846500000000000000e+09,-6.658300018310546875e+01
2.846750000000000000e+09,-6.473799896240234375e+01
2.847000000000000000e+09,-6.625099945068359375e+01
2.847250000000000000e+09,-6.532099914550781250e+01
2.847500000000000000e+09,-6.573100280761718750e+01
2.847750000000000000e+09,-6.591999816894531250e+01
2.848000000000000000e+09,-6.687200164794921875e+01
2.848250000000000000e+09,-6.668000030517578125e+01
2.848500000000000000e+09,-6.367900085449218750e+01
2.848750000000000000e+09,-6.510900115966796875e+01
2.849000000000000000e+09,-6.428500366210937500e+01
2.849250000000000000e+09,-6.565499877929687500e+01
2.849500000000000000e+09,-6.541200256347656250e+01
2.849750000000000000e+09,-6.650000000000000000e+01
2.850000000000000000e+09,-6.606199645996093750e+01
2.850000000000000000e+09,-6.492500305175781250e+01
2.850250000000000000e+09,-6.535399627685546875e+01
2.850500000000000000e+09,-6.534500122070312500e+01
2.850750000000000000e+09,-6.520500183105468750e+01
2.851000000000000000e+09,-6.378200149536132812e+01
2.851250000000000000e+09,-6.434899902343750000e+01
2.851500000000000000e+09,-6.582900238037109375e+01
2.851750000000000000e+09,-6.402300262451171875e+01
2.852000000000000000e+09,-6.492400360107421875e+01
2.852250000000000000e+09,-6.568000030517578125e+01
2.852500000000000000e+09,-6.646700286865234375e+01
2.852750000000000000e+09,-6.447200012207031250e+01
2.853000000000000000e+09,-6.505000305175781250e+01
2.853250000000000000e+09,-6.256600189208984375e+01
2.853500000000000000e+09,-6.319499969482421875e+01
2.853750000000000000e+09,-6.540000152587890625e+01
2.854000000000000000e+09,-6.571099853515625000e+01
2.854250000000000000e+09,-6.396699905395507812e+01
2.854500000000000000e+09,-6.330799865722656250e+01
2.854750000000000000e+09,-6.408999633789062500e+01
2.855000000000000000e+09,-6.297900009155273438e+01
2.855250000000000000e+09,-6.644899749755859375e+01
2.855500000000000000e+09,-6.581600189208984375e+01
2.855750000000000000e+09,-6.577500152587890625e+01
2.856000000000000000e+09,-6.519100189208984375e+01
2.856250000000000000e+09,-6.701100158691406250e+01
2.856500000000000000e+09,-6.509700012207031250e+01
2.856750000000000000e+09,-6.372900009155273438e+01
2.857000000000000000e+09,-6.306800079345703125e+01
2.857250000000000000e+09,-6.390000152587890625e+01
2.857500000000000000e+09,-6.470999908447265625e+01
2.857750000000000000e+09,-6.461399841308593750e+01
2.858000000000000000e+09,-6.503199768066406250e+01
2.858250000000000000e+09,-6.484300231933593750e+01
2.858500000000000000e+09,-6.386999893188476562e+01
2.858750000000000000e+09,-6.562200164794921875e+01
2.859000000000000000e+09,-6.577600097656250000e+01
2.859250000000000000e+09,-6.499400329589843750e+01
2.859500000000000000e+09,-6.383900070190429688e+01
2.859750000000000000e+09,-6.494100189208984375e+01
2.860000000000000000e+09,-6.600900268554687500e+01
2.860250000000000000e+09,-6.299700164794921875e+01
2.860500000000000000e+09,-6.241199874877929688e+01
2.860750000000000000e+09,-6.370000076293945312e+01
2.861000000000000000e+09,-6.576699829101562500e+01
2.861250000000000000e+09,-6.577300262451171875e+01
2.861500000000000000e+09,-6.475199890136718750e+01
2.861750000000000000e+09,-6.579499816894531250e+01
2.862000000000000000e+09,-6.498899841308593750e+01
2.862250000000000000e+09,-6.576300048828125000e+01
2.862500000000000000e+09,-6.446399688720703125e+01
2.862750000000000000e+09,-6.373699951171875000e+01
2.863000000000000000e+09,-6.535299682617187500e+01
2.863250000000000000e+09,-6.375199890136718750e+01
2.863500000000000000e+09,-6.368600082397460938e+01
2.863750000000000000e+09,-6.528099822998046875e+01
2.864000000000000000e+09,-6.560600280761718750e+01
2.864250000000000000e+09,-6.551000213623046875e+01
2.864500000000000000e+09,-6.498000335693359375e+01
2.864750000000000000e+09,-6.428399658203125000e+01
2.865000000000000000e+09,-6.647100067138671875e+01
2.865250000000000000e+09,-6.575000000000000000e+01
2.865500000000000000e+09,-6.393600082397460938e+01
2.865750000000000000e+09,-6.482399749755859375e+01
2.866000000000000000e+09,-6.517099761962890625e+01
2.866250000000000000e+09,-6.446099853515625000e+01
2.866500000000000000e+09,-6.418399810791015625e+01
2.866750000000000000e+09,-6.612699890136718750e+01
2.867000000000000000e+09,-6.511900329589843750e+01
2.867250000000000000e+09,-6.472899627685546875e+01
2.867500000000000000e+09,-6.491500091552734375e+01
2.867750000000000000e+09,-6.434100341796875000e+01
2.868000000000000000e+09,-6.431900024414062500e+01
2.868250000000000000e+09,-6.149200057983398438e+01
2.868500000000000000e+09,-6.384000015258789062e+01
2.868750000000000000e+09,-6.504900360107421875e+01
2.869000000000000000e+09,-6.672000122070312500e+01
2.869250000000000000e+09,-6.603700256347656250e+01
2.869500000000000000e+09,-6.597899627685546875e+01
2.869750000000000000e+09,-6.581400299072265625e+01
2.870000000000000000e+09,-6.374000167846679688e+01
2.870250000000000000e+09,-6.482499694824218750e+01
2.870500000000000000e+09,-6.371699905395507812e+01
2.870750000000000000e+09,-6.385900115966796875e+01
2.871000000000000000e+09,-6.348400115966796875e+01
2.871250000000000000e+09,-6.514800262451171875e+01
2.871500000000000000e+09,-6.372000122070312500e+01
2.871750000000000000e+09,-6.615100097656250000e+01
2.872000000000000000e+09,-6.510299682617187500e+01
2.872250000000000000e+09,-6.732199859619140625e+01
2.872500000000000000e+09,-6.348199844360351562e+01
2.872750000000000000e+09,-6.543699645996093750e+01
2.873000000000000000e+09,-6.319499969482421875e+01
2.873250000000000000e+09,-6.471399688720703125e+01
2.873500000000000000e+09,-6.514900207519531250e+01
2.873750000000000000e+09,-6.488800048828125000e+01
2.874000000000000000e+09,-6.494000244140625000e+01
2.874250000000000000e+09,-6.284000015258789062e+01
2.874500000000000000e+09,-6.365900039672851562e+01
2.874750000000000000e+09,-6.526499938964843750e+01
2.875000000000000000e+09,-6.533200073242187500e+01
2.875250000000000000e+09,-6.404299926757812500e+01
2.875500000000000000e+09,-6.476699829101562500e+01
2.875750000000000000e+09,-6.433000183105468750e+01
2.876000000000000000e+09,-6.497899627685546875e+01
2.876250000000000000e+09,-6.483599853515625000e+01
2.876500000000000000e+09,-6.366999816894531250e+01
2.876750000000000000e+09,-6.619200134277343750e+01
2.877000000000000000e+09,-6.624600219726562500e+01
2.877250000000000000e+09,-6.525399780273437500e+01
2.877500000000000000e+09,-6.323400115966796875e+01
2.877750000000000000e+09,-6.426399993896484375e+01
2.878000000000000000e+09,-6.619400024414062500e+01
2.878250000000000000e+09,-6.344900131225585938e+01
2.878500000000000000e+09,-6.496499633789062500e+01
2.878750000000000000e+09,-6.439800262451171875e+01
2.879000000000000000e+09,-6.398500061035156250e+01
2.879250000000000000e+09,-6.456700134277343750e+01
2.879500000000000000e+09,-6.501000213623046875e+01
2.879750000000000000e+09,-6.687899780273437500e+01
2.880000000000000000e+09,-6.488800048828125000e+01
2.880250000000000000e+09,-6.493800354003906250e+01
2.880500000000000000e+09,-6.441999816894531250e+01
2.880750000000000000e+09,-6.468099975585937500e+01
2.881000000000000000e+09,-6.526899719238281250e+01
2.881250000000000000e+09,-6.658799743652343750e+01
2.881500000000000000e+09,-6.448200225830078125e+01
2.881750000000000000e+09,-6.406300354003906250e+01
2.882000000000000000e+09,-6.478700256347656250e+01
2.882250000000000000e+09,-6.422299957275390625e+01
2.882500000000000000e+09,-6.565299987792968750e+01
2.882750000000000000e+09,-6.509799957275390625e+01
2.883000000000000000e+09,-6.338499832153320312e+01
2.883250000000000000e+09,-6.437899780273437500e+01
2.883500000000000000e+09,-6.571700286865234375e+01
2.883750000000000000e+09,-6.509500122070312500e+01
2.884000000000000000e+09,-6.323899841308593750e+01
2.884250000000000000e+09,-6.463999938964843750e+01
2.884500000000000000e+09,-6.471199798583984375e+01
2.884750000000000000e+09,-6.405799865722656250e+01
2.885000000000000000e+09,-6.572299957275390625e+01
2.885250000000000000e+09,-6.409899902343750000e+01
2.885500000000000000e+09,-6.468299865722656250e+01
2.885750000000000000e+09,-6.609799957275390625e+01
2.886000000000000000e+09,-6.386500167846679688e+01
2.886250000000000000e+09,-6.414499664306640625e+01
2.886500000000000000e+09,-6.518800354003906250e+01
2.886750000000000000e+09,-6.504699707031250000e+01
2.887000000000000000e+09,-6.531500244140625000e+01
2.887250000000000000e+09,-6.408799743652343750e+01
2.887500000000000000e+09,-6.547200012207031250e+01
2.887750000000000000e+09,-6.322700119018554688e+01
2.888000000000000000e+09,-6.365900039672851562e+01
2.888250000000000000e+09,-6.666899871826171875e+01
2.888500000000000000e+09,-6.611599731445312500e+01
2.888750000000000000e+09,-6.488800048828125000e+01
2.889000000000000000e+09,-6.557900238037109375e+01
2.889250000000000000e+09,-6.342100143432617188e+01
2.889500000000000000e+09,-6.360200119018554688e+01
2.889750000000000000e+09,-6.545999908447265625e+01
2.890000000000000000e+09,-6.451599884033203125e+01
2.890250000000000000e+09,-6.490299987792968750e+01
2.890500000000000000e+09,-6.474700164794921875e+01
2.890750000000000000e+09,-6.322700119018554688e+01
2.891000000000000000e+09,-6.461900329589843750e+01
2.891250000000000000e+09,-6.540599822998046875e+01
2.891500000000000000e+09,-6.570300292968750000e+01
2.891750000000000000e+09,-6.200199890136718750e+01
2.892000000000000000e+09,-6.521800231933593750e+01
2.892250000000000000e+09,-6.521199798583984375e+01
2.892500000000000000e+09,-6.281900024414062500e+01
2.892750000000000000e+09,-6.571299743652343750e+01
2.893000000000000000e+09,-6.545700073242187500e+01
2.893250000000000000e+09,-6.423400115966796875e+01
2.893500000000000000e+09,-6.464700317382812500e+01
2.893750000000000000e+09,-6.397600173950195312e+01
2.894000000000000000e+09,-6.252399826049804688e+01
2.894250000000000000e+09,-6.470200347900390625e+01
2.894500000000000000e+09,-6.375099945068359375e+01
2.894750000000000000e+09,-6.507399749755859375e+01
2.895000000000000000e+09,-6.426100158691406250e+01
2.895250000000000000e+09,-6.569100189208984375e+01
2.895500000000000000e+09,-6.435700225830078125e+01
2.895750000000000000e+09,-6.483300018310546875e+01
2.896000000000000000e+09,-6.473100280761718750e+01
2.896250000000000000e+09,-6.637599945068359375e+01
2.896500000000000000e+09,-6.429699707031250000e+01
2.896750000000000000e+09,-6.555000305175781250e+01
2.897000000000000000e+09,-6.368799972534179688e+01
2.897250000000000000e+09,-6.387400054931640625e+01
2.897500000000000000e+09,-6.464099884033203125e+01
2.897750000000000000e+09,-6.298400115966796875e+01
2.898000000000000000e+09,-6.328499984741210938e+01
2.898250000000000000e+09,-6.143000030517578125e+01
2.898500000000000000e+09,-6.109299850463867188e+01
2.898750000000000000e+09,-5.802700042724609375e+01
2.899000000000000000e+09,-5.326300048828125000e+01
2.899250000000000000e+09,-4.925400161743164062e+01
2.899500000000000000e+09,-4.656999969482421875e+01
2.899750000000000000e+09,-4.472900009155273438e+01
2.900000000000000000e+09,-4.386899948120117188e+01
2.900250000000000000e+09,-4.360699844360351562e+01
2.900500000000000000e+09,-4.532600021362304688e+01
2.900750000000000000e+09,-4.809299850463867188e+01
2.901000000000000000e+09,-5.033300018310546875e+01
2.901250000000000000e+09,-5.229499816894531250e+01
2.901500000000000000e+09,-5.637599945068359375e+01
2.901750000000000000e+09,-5.940499877929687500e+01
2.902000000000000000e+09,-5.985100173950195312e+01
2.902250000000000000e+09,-6.338999938964843750e+01
2.902500000000000000e+09,-6.348699951171875000e+01
2.902750000000000000e+09,-6.415699768066406250e+01
2.903000000000000000e+09,-6.390800094604492188e+01
2.903250000000000000e+09,-6.273199844360351562e+01
2.903500000000000000e+09,-6.256499862670898438e+01
2.903750000000000000e+09,-6.585900115966796875e+01
2.904000000000000000e+09,-6.351599884033203125e+01
2.904250000000000000e+09,-6.361199951171875000e+01
2.904500000000000000e+09,-6.726799774169921875e+01
2.904750000000000000e+09,-6.438899993896484375e+01
2.905000000000000000e+09,-6.446099853515625000e+01
2.905250000000000000e+09,-6.455200195312500000e+01
2.905500000000000000e+09,-6.365900039672851562e+01
2.905750000000000000e+09,-6.681999969482421875e+01
2.906000000000000000e+09,-6.502899932861328125e+01
2.906250000000000000e+09,-6.336600112915039062e+01
2.906500000000000000e+09,-6.495500183105468750e+01
2.906750000000000000e+09,-6.297000122070312500e+01
2.907000000000000000e+09,-6.422599792480468750e+01
2.907250000000000000e+09,-6.150899887084960938e+01
2.907500000000000000e+09,-6.547799682617187500e+01
2.907750000000000000e+09,-6.661699676513671875e+01
2.908000000000000000e+09,-6.511799621582031250e+01
2.908250000000000000e+09,-6.449700164794921875e+01
2.908500000000000000e+09,-6.446900177001953125e+01
2.908750000000000000e+09,-6.518000030517578125e+01
2.909000000000000000e+09,-6.421600341796875000e+01
2.909250000000000000e+09,-6.279899978637695312e+01
2.909500000000000000e+09,-6.550900268554687500e+01
2.909750000000000000e+09,-6.555999755859375000e+01
2.910000000000000000e+09,-6.275500106811523438e+01
2.910250000000000000e+09,-6.384600067138671875e+01
2.910500000000000000e+09,-6.590899658203125000e+01
2.910750000000000000e+09,-6.479399871826171875e+01
2.911000000000000000e+09,-6.353900146484375000e+01
2.911250000000000000e+09,-6.341799926757812500e+01
2.911500000000000000e+09,-6.349700164794921875e+01
2.911750000000000000e+09,-6.565100097656250000e+01
2.912000000000000000e+09,-6.229700088500976562e+01
2.912250000000000000e+09,-6.644000244140625000e+01
2.912500000000000000e+09,-6.553299713134765625e+01
2.912750000000000000e+09,-6.573300170898437500e+01
2.913000000000000000e+09,-6.450000000000000000e+01
2.913250000000000000e+09,-6.531199645996093750e+01
2.913500000000000000e+09,-6.583399963378906250e+01
2.913750000000000000e+09,-6.488200378417968750e+01
2.914000000000000000e+09,-6.577100372314453125e+01
2.914250000000000000e+09,-6.338600158691406250e+01
2.914500000000000000e+09,-6.246599960327148438e+01
2.914750000000000000e+09,-6.268899917602539062e+01
2.915000000000000000e+09,-6.342800140380859375e+01
2.915250000000000000e+09,-6.395999908447265625e+01
2.915500000000000000e+09,-6.400800323486328125e+01
2.915750000000000000e+09,-6.496199798583984375e+01
2.916000000000000000e+09,-6.376399993896484375e+01
2.916250000000000000e+09,-6.462200164794921875e+01
2.916500000000000000e+09,-6.429900360107421875e+01
2.916750000000000000e+09,-6.485399627685546875e+01
2.917000000000000000e+09,-6.537799835205078125e+01
2.917250000000000000e+09,-6.524800109863281250e+01
2.917500000000000000e+09,-6.342900085449218750e+01
2.917750000000000000e+09,-6.355599975585937500e+01
2.918000000000000000e+09,-6.576000213623046875e+01
2.918250000000000000e+09,-6.562200164794921875e+01
2.918500000000000000e+09,-6.490599822998046875e+01
2.918750000000000000e+09,-6.381999969482421875e+01
2.919000000000000000e+09,-6.431900024414062500e+01
2.919250000000000000e+09,-6.489299774169921875e+01
2.919500000000000000e+09,-6.541899871826171875e+01
2.919750000000000000e+09,-6.469200134277343750e+01
2.920000000000000000e+09,-6.508100128173828125e+01
2.920250000000000000e+09,-6.249700164794921875e+01
2.920500000000000000e+09,-6.531500244140625000e+01
2.920750000000000000e+09,-6.620300292968750000e+01
2.921000000000000000e+09,-6.393899917602539062e+01
2.921250000000000000e+09,-6.455100250244140625e+01
2.921500000000000000e+09,-6.528099822998046875e+01
2.921750000000000000e+09,-6.345899963378906250e+01
2.922000000000000000e+09,-6.556999969482421875e+01
2.922250000000000000e+09,-6.570999908447265625e+01
2.922500000000000000e+09,-6.461000061035156250e+01
2.922750000000000000e+09,-6.354299926757812500e+01
2.923000000000000000e+09,-6.479299926757812500e+01
2.923250000000000000e+09,-6.346099853515625000e+01
2.923500000000000000e+09,-6.445899963378906250e+01
2.923750000000000000e+09,-6.373400115966796875e+01
2.924000000000000000e+09,-6.483300018310546875e+01
2.924250000000000000e+09,-6.546700286865234375e+01
2.924500000000000000e+09,-6.711499786376953125e+01
2.924750000000000000e+09,-6.592199707031250000e+01
2.925000000000000000e+09,-6.468099975585937500e+01
2.925250000000000000e+09,-6.320600128173828125e+01
2.925500000000000000e+09,-6.407599639892578125e+01
2.925750000000000000e+09,-6.426599884033203125e+01
2.926000000000000000e+09,-6.302099990844726562e+01
2.926250000000000000e+09,-6.438600158691406250e+01
2.926500000000000000e+09,-6.426799774169921875e+01
2.926750000000000000e+09,-6.515599822998046875e+01
2.927000000000000000e+09,-6.558799743652343750e+01
2.927250000000000000e+09,-6.430100250244140625e+01
2.927500000000000000e+09,-6.410299682617187500e+01
2.927750000000000000e+09,-6.410500335693359375e+01
2.928000000000000000e+09,-6.564600372314453125e+01
2.928250000000000000e+09,-6.608999633789062500e+01
2.928500000000000000e+09,-6.401499938964843750e+01
2.928750000000000000e+09,-6.607800292968750000e+01
2.929000000000000000e+09,-6.627100372314453125e+01
2.929250000000000000e+09,-6.402500152587890625e+01
2.929500000000000000e+09,-6.530500030517578125e+01
2.929750000000000000e+09,-6.361700057983398438e+01
2.930000000000000000e+09,-6.583899688720703125e+01
2.930250000000000000e+09,-6.347299957275390625e+01
2.930500000000000000e+09,-6.433499908447265625e+01
2.930750000000000000e+09,-6.510299682617187500e+01
2.931000000000000000e+09,-6.608200073242187500e+01
2.931250000000000000e+09,-6.443399810791015625e+01
2.931500000000000000e+09,-6.472299957275390625e+01
2.931750000000000000e+09,-6.405500030517578125e+01
2.932000000000000000e+09,-6.465599822998046875e+01
2.932250000000000000e+09,-6.523999786376953125e+01
2.932500000000000000e+09,-6.544400024414062500e+01
2.932750000000000000e+09,-6.424800109863281250e+01
2.933000000000000000e+09,-6.437699890136718750e+01
2.933250000000000000e+09,-6.247399902343750000e+01
2.933500000000000000e+09,-6.263299942016601562e+01
2.933750000000000000e+09,-6.488999938964843750e+01
2.934000000000000000e+09,-6.576699829101562500e+01
2.934250000000000000e+09,-6.245800018310546875e+01
2.934500000000000000e+09,-6.387200164794921875e+01
2.934750000000000000e+09,-6.395999908447265625e+01
2.935000000000000000e+09,-6.496299743652343750e+01
2.935250000000000000e+09,-6.372700119018554688e+01
2.935500000000000000e+09,-6.300400161743164062e+01
2.935750000000000000e+09,-6.443299865722656250e+01
2.936000000000000000e+09,-6.313899993896484375e+01
2.936250000000000000e+09,-6.498999786376953125e+01
2.936500000000000000e+09,-6.451799774169921875e+01
2.936750000000000000e+09,-6.519899749755859375e+01
2.937000000000000000e+09,-6.318299865722656250e+01
2.937250000000000000e+09,-6.621800231933593750e+01
2.937500000000000000e+09,-6.309099960327148438e+01
2.937750000000000000e+09,-6.314599990844726562e+01
2.938000000000000000e+09,-6.287900161743164062e+01
2.938250000000000000e+09,-6.512599945068359375e+01
2.938500000000000000e+09,-6.408200073242187500e+01
2.938750000000000000e+09,-6.534400177001953125e+01
2.939000000000000000e+09,-6.442900085449218750e+01
2.939250000000000000e+09,-6.341199874877929688e+01
2.939500000000000000e+09,-6.500499725341796875e+01
2.939750000000000000e+09,-6.523600006103515625e+01
2.940000000000000000e+09,-6.161999893188476562e+01
2.940250000000000000e+09,-6.340999984741210938e+01
2.940500000000000000e+09,-6.410099792480468750e+01
2.940750000000000000e+09,-6.268799972534179688e+01
2.941000000000000000e+09,-6.461399841308593750e+01
2.941250000000000000e+09,-6.599900054931640625e+01
2.941500000000000000e+09,-6.541699981689453125e+01
2.941750000000000000e+09,-6.446700286865234375e+01
2.942000000000000000e+09,-6.410099792480468750e+01
2.942250000000000000e+09,-6.545899963378906250e+01
2.942500000000000000e+09,-6.404199981689453125e+01
2.942750000000000000e+09,-6.399100112915039062e+01
2.943000000000000000e+09,-6.580799865722656250e+01
2.943250000000000000e+09,-6.378799819946289062e+01
2.943500000000000000e+09,-6.350000000000000000e+01
2.943750000000000000e+09,-6.414199829101562500e+01
2.944000000000000000e+09,-6.460600280761718750e+01
2.944250000000000000e+09,-6.338199996948242188e+01
2.944500000000000000e+09,-6.562899780273437500e+01
2.944750000000000000e+09,-6.469999694824218750e+01
2.945000000000000000e+09,-6.576399993896484375e+01
2.945250000000000000e+09,-6.433100128173828125e+01
2.945500000000000000e+09,-6.390000152587890625e+01
2.945750000000000000e+09,-6.426100158691406250e+01
2.946000000000000000e+09,-6.631300354003906250e+01
2.946250000000000000e+09,-6.306999969482421875e+01
2.946500000000000000e+09,-6.395500183105468750e+01
2.946750000000000000e+09,-6.458799743652343750e+01
2.947000000000000000e+09,-6.440299987792968750e+01
2.947250000000000000e+09,-6.401999664306640625e+01
2.947500000000000000e+09,-6.545999908447265625e+01
2.947750000000000000e+09,-6.527600097656250000e+01
2.948000000000000000e+09,-6.513600158691406250e+01
2.948250000000000000e+09,-6.279899978637695312e+01
2.948500000000000000e+09,-6.368999862670898438e+01
2.948750000000000000e+09,-6.628299713134765625e+01
2.949000000000000000e+09,-6.574600219726562500e+01
2.949250000000000000e+09,-6.607800292968750000e+01
2.949500000000000000e+09,-6.365399932861328125e+01
2.949750000000000000e+09,-6.327099990844726562e+01
2.950000000000000000e+09,-6.569599914550781250e+01
2.950000000000000000e+09,-6.411000061035156250e+01
2.950250000000000000e+09,-6.488500213623046875e+01
2.950500000000000000e+09,-6.257699966430664062e+01
2.950750000000000000e+09,-6.344599914550781250e+01
2.951000000000000000e+09,-6.319900131225585938e+01
2.951250000000000000e+09,-6.558699798583984375e+01
2.951500000000000000e+09,-6.438700103759765625e+01
2.951750000000000000e+09,-6.311999893188476562e+01
2.952000000000000000e+09,-6.387099838256835938e+01
2.952250000000000000e+09,-6.320299911499023438e+01
2.952500000000000000e+09,-6.357799911499023438e+01
2.952750000000000000e+09,-6.453600311279296875e+01
2.953000000000000000e+09,-6.478500366210937500e+01
2.953250000000000000e+09,-6.527300262451171875e+01
2.953500000000000000e+09,-6.265900039672851562e+01
2.953750000000000000e+09,-6.369800186157226562e+01
2.954000000000000000e+09,-6.426100158691406250e+01
2.954250000000000000e+09,-6.391199874877929688e+01
2.954500000000000000e+09,-6.384400177001953125e+01
2.954750000000000000e+09,-6.285400009155273438e+01
2.955000000000000000e+09,-6.402100372314453125e+01
2.955250000000000000e+09,-6.627700042724609375e+01
2.955500000000000000e+09,-6.448899841308593750e+01
2.955750000000000000e+09,-6.279899978637695312e+01
2.956000000000000000e+09,-6.474400329589843750e+01
2.956250000000000000e+09,-6.462799835205078125e+01
2.956500000000000000e+09,-6.448899841308593750e+01
2.956750000000000000e+09,-6.358599853515625000e+01
2.957000000000000000e+09,-6.529299926757812500e+01
2.957250000000000000e+09,-6.341400146484375000e+01
2.957500000000000000e+09,-6.531500244140625000e+01
2.957750000000000000e+09,-6.444000244140625000e+01
2.958000000000000000e+09,-6.429799652099609375e+01
2.958250000000000000e+09,-6.471700286865234375e+01
2.958500000000000000e+09,-6.445999908447265625e+01
2.958750000000000000e+09,-6.378099822998046875e+01
2.959000000000000000e+09,-6.430300140380859375e+01
2.959250000000000000e+09,-6.420099639892578125e+01
2.959500000000000000e+09,-6.198400115966796875e+01
2.959750000000000000e+09,-6.482900238037109375e+01
2.960000000000000000e+09,-6.477400207519531250e+01
2.960250000000000000e+09,-6.425900268554687500e+01
2.960500000000000000e+09,-6.350899887084960938e+01
2.960750000000000000e+09,-6.354499816894531250e+01
2.961000000000000000e+09,-6.639700317382812500e+01
2.961250000000000000e+09,-6.427500152587890625e+01
2.961500000000000000e+09,-6.481600189208984375e+01
2.961750000000000000e+09,-6.441400146484375000e+01
2.962000000000000000e+09,-6.389199829101562500e+01
2.962250000000000000e+09,-6.408399963378906250e+01
2.962500000000000000e+09,-6.539800262451171875e+01
2.962750000000000000e+09,-6.488700103759765625e+01
2.963000000000000000e+09,-6.560399627685546875e+01
2.963250000000000000e+09,-6.300999832153320312e+01
2.963500000000000000e+09,-6.349800109863281250e+01
2.963750000000000000e+09,-6.405400085449218750e+01
2.964000000000000000e+09,-6.373699951171875000e+01
2.964250000000000000e+09,-6.575700378417968750e+01
2.964500000000000000e+09,-6.330500030517578125e+01
2.964750000000000000e+09,-6.412799835205078125e+01
2.965000000000000000e+09,-6.355400085449218750e+01
2.965250000000000000e+09,-6.440699768066406250e+01
2.965500000000000000e+09,-6.362400054931640625e+01
2.965750000000000000e+09,-6.531300354003906250e+01
2.966000000000000000e+09,-6.529699707031250000e+01
2.966250000000000000e+09,-6.488999938964843750e+01
2.966500000000000000e+09,-6.416600036621093750e+01
2.966750000000000000e+09,-6.427500152587890625e+01
2.967000000000000000e+09,-6.477600097656250000e+01
2.967250000000000000e+09,-6.316999816894531250e+01
2.967500000000000000e+09,-6.426100158691406250e+01
2.967750000000000000e+09,-6.535700225830078125e+01
2.968000000000000000e+09,-6.496800231933593750e+01
2.968250000000000000e+09,-6.282799911499023438e+01
2.968500000000000000e+09,-6.285400009155273438e+01
2.968750000000000000e+09,-6.434500122070312500e+01
2.969000000000000000e+09,-6.558899688720703125e+01
2.969250000000000000e+09,-6.680200195312500000e+01
2.969500000000000000e+09,-6.405400085449218750e+01
2.969750000000000000e+09,-6.355799865722656250e+01
2.970000000000000000e+09,-6.453099822998046875e+01
2.970250000000000000e+09,-6.519300079345703125e+01
2.970500000000000000e+09,-6.178499984741210938e+01
2.970750000000000000e+09,-6.537000274658203125e+01
2.971000000000000000e+09,-6.625700378417968750e+01
2.971250000000000000e+09,-6.547200012207031250e+01
2.971500000000000000e+09,-6.492099761962890625e+01
2.971750000000000000e+09,-6.569000244140625000e+01
2.972000000000000000e+09,-6.503500366210937500e+01
2.972250000000000000e+09,-6.270999908447265625e+01
2.972500000000000000e+09,-6.491699981689453125e+01
2.972750000000000000e+09,-6.258700180053710938e+01
2.973000000000000000e+09,-6.443499755859375000e+01
2.973250000000000000e+09,-6.525000000000000000e+01
2.973500000000000000e+09,-6.546600341796875000e+01
2.973750000000000000e+09,-6.520200347900390625e+01
2.974000000000000000e+09,-6.341299819946289062e+01
2.974250000000000000e+09,-6.553700256347656250e+01
2.974500000000000000e+09,-6.279800033569335938e+01
2.974750000000000000e+09,-6.550299835205078125e+01
2.975000000000000000e+09,-6.392300033569335938e+01
2.975250000000000000e+09,-6.480799865722656250e+01
2.975500000000000000e+09,-6.359500122070312500e+01
2.975750000000000000e+09,-6.401200103759765625e+01
2.976000000000000000e+09,-6.344900131225585938e+01
2.976250000000000000e+09,-6.459700012207031250e+01
2.976500000000000000e+09,-6.558999633789062500e+01
2.976750000000000000e+09,-6.673799896240234375e+01
2.977000000000000000e+09,-6.529000091552734375e+01
2.977250000000000000e+09,-6.236199951171875000e+01
2.977500000000000000e+09,-6.401999664306640625e+01
2.977750000000000000e+09,-6.394400024414062500e+01
2.978000000000000000e+09,-6.472899627685546875e+01
2.978250000000000000e+09,-6.346799850463867188e+01
2.978500000000000000e+09,-6.479599761962890625e+01
2.978750000000000000e+09,-6.539099884033203125e+01
2.979000000000000000e+09,-6.391500091552734375e+01
2.979250000000000000e+09,-6.689099884033203125e+01
2.979500000000000000e+09,-6.428900146484375000e+01
2.979750000000000000e+09,-6.471299743652343750e+01
2.980000000000000000e+09,-6.460700225830078125e+01
2.980250000000000000e+09,-6.552400207519531250e+01
2.980500000000000000e+09,-6.399700164794921875e+01
2.980750000000000000e+09,-6.467500305175781250e+01
2.981000000000000000e+09,-6.328300094604492188e+01
2.981250000000000000e+09,-6.402999877929687500e+01
2.981500000000000000e+09,-6.200899887084960938e+01
2.981750000000000000e+09,-6.203099822998046875e+01
2.982000000000000000e+09,-6.589800262451171875e+01
2.982250000000000000e+09,-6.718000030517578125e+01
2.982500000000000000e+09,-6.422499847412109375e+01
2.982750000000000000e+09,-6.545400238037109375e+01
2.983000000000000000e+09,-6.227199935913085938e+01
2.983250000000000000e+09,-6.468900299072265625e+01
2.983500000000000000e+09,-6.241299819946289062e+01
2.983750000000000000e+09,-6.368299865722656250e+01
2.984000000000000000e+09,-6.567199707031250000e+01
2.984250000000000000e+09,-6.350199890136718750e+01
2.984500000000000000e+09,-6.446700286865234375e+01
2.984750000000000000e+09,-6.331100082397460938e+01
2.985000000000000000e+09,-6.363899993896484375e+01
2.985250000000000000e+09,-6.521199798583984375e+01
2.985500000000000000e+09,-6.516899871826171875e+01
2.985750000000000000e+09,-6.554399871826171875e+01
2.986000000000000000e+09,-6.192900085449218750e+01
2.986250000000000000e+09,-6.363299942016601562e+01
2.986500000000000000e+09,-6.645800018310546875e+01
2.986750000000000000e+09,-6.458499908447265625e+01
2.987000000000000000e+09,-6.315599822998046875e+01
2.987250000000000000e+09,-6.393000030517578125e+01
2.987500000000000000e+09,-6.530699920654296875e+01
2.987750000000000000e+09,-6.459799957275390625e+01
2.988000000000000000e+09,-6.436499786376953125e+01
2.988250000000000000e+09,-6.187200164794921875e+01
2.988500000000000000e+09,-6.483599853515625000e+01
2.988750000000000000e+09,-6.471099853515625000e+01
2.989000000000000000e+09,-6.283499908447265625e+01
2.989250000000000000e+09,-6.433599853515625000e+01
2.989500000000000000e+09,-6.554699707031250000e+01
2.989750000000000000e+09,-6.411900329589843750e+01
2.990000000000000000e+09,-6.254000091552734375e+01
2.990250000000000000e+09,-6.288600158691406250e+01
2.990500000000000000e+09,-6.485299682617187500e+01
2.990750000000000000e+09,-6.552500152587890625e+01
2.991000000000000000e+09,-6.346900177001953125e+01
2.991250000000000000e+09,-6.528199768066406250e+01
2.991500000000000000e+09,-6.423500061035156250e+01
2.991750000000000000e+09,-6.566300201416015625e+01
2.992000000000000000e+09,-6.433899688720703125e+01
2.992250000000000000e+09,-6.380699920654296875e+01
2.992500000000000000e+09,-6.213999938964843750e+01
2.992750000000000000e+09,-6.370199966430664062e+01
2.993000000000000000e+09,-6.500399780273437500e+01
2.993250000000000000e+09,-6.331399917602539062e+01
2.993500000000000000e+09,-6.435700225830078125e+01
2.993750000000000000e+09,-6.360599899291992188e+01
2.994000000000000000e+09,-6.318600082397460938e+01
2.994250000000000000e+09,-6.208800125122070312e+01
2.994500000000000000e+09,-6.377899932861328125e+01
2.994750000000000000e+09,-6.411699676513671875e+01
2.995000000000000000e+09,-6.377600097656250000e+01
2.995250000000000000e+09,-6.472000122070312500e+01
2.995500000000000000e+09,-6.431300354003906250e+01
2.995750000000000000e+09,-6.573200225830078125e+01
2.996000000000000000e+09,-6.649700164794921875e+01
2.996250000000000000e+09,-6.538600158691406250e+01
2.996500000000000000e+09,-6.420600128173828125e+01
2.996750000000000000e+09,-6.410399627685546875e+01
2.997000000000000000e+09,-6.443199920654296875e+01
2.997250000000000000e+09,-6.518099975585937500e+01
2.997500000000000000e+09,-6.384700012207031250e+01
2.997750000000000000e+09,-6.302500152587890625e+01
2.998000000000000000e+09,-6.188899993896484375e+01
2.998250000000000000e+09,-6.359000015258789062e+01
2.998500000000000000e+09,-6.069599914550781250e+01
2.998750000000000000e+09,-5.713000106811523438e+01
2.999000000000000000e+09,-5.329800033569335938e+01
2.999250000000000000e+09,-5.036199951171875000e+01
2.999500000000000000e+09,-4.729199981689453125e+01
2.999750000000000000e+09,-4.505500030517578125e+01
3.000000000000000000e+09,-4.444499969482421875e+01
3.000250000000000000e+09,-4.461199951171875000e+01
3.000500000000000000e+09,-4.591999816894531250e+01
3.000750000000000000e+09,-4.815700149536132812e+01
3.001000000000000000e+09,-5.077000045776367188e+01
3.001250000000000000e+09,-5.267599868774414062e+01
3.001500000000000000e+09,-5.706600189208984375e+01
3.001750000000000000e+09,-5.908100128173828125e+01
3.002000000000000000e+09,-6.232899856567382812e+01
3.002250000000000000e+09,-6.289500045776367188e+01
3.002500000000000000e+09,-6.291600036621093750e+01
3.002750000000000000e+09,-6.327099990844726562e+01
3.003000000000000000e+09,-6.376399993896484375e+01
3.003250000000000000e+09,-6.494699859619140625e+01
3.003500000000000000e+09,-6.409700012207031250e+01
3.003750000000000000e+09,-6.352500152587890625e+01
3.004000000000000000e+09,-6.577600097656250000e+01
3.004250000000000000e+09,-6.606999969482421875e+01
3.004500000000000000e+09,-6.509200286865234375e+01
3.004750000000000000e+09,-6.366199874877929688e+01
3.005000000000000000e+09,-6.316199874877929688e+01
3.005250000000000000e+09,-6.462799835205078125e+01
3.005500000000000000e+09,-6.532399749755859375e+01
3.005750000000000000e+09,-6.387300109863281250e+01
3.006000000000000000e+09,-6.438700103759765625e+01
3.006250000000000000e+09,-6.440499877929687500e+01
3.006500000000000000e+09,-6.391699981689453125e+01
3.006750000000000000e+09,-6.594599914550781250e+01
3.007000000000000000e+09,-6.354399871826171875e+01
3.007250000000000000e+09,-6.495400238037109375e+01
3.007500000000000000e+09,-6.339500045776367188e+01
3.007750000000000000e+09,-6.418699645996093750e+01
3.008000000000000000e+09,-6.254700088500976562e+01
3.008250000000000000e+09,-6.119300079345703125e+01
3.008500000000000000e+09,-6.254800033569335938e+01
3.008750000000000000e+09,-6.372600173950195312e+01
3.009000000000000000e+09,-6.299800109863281250e+01
3.009250000000000000e+09,-6.396699905395507812e+01
3.009500000000000000e+09,-6.470700073242187500e+01
3.009750000000000000e+09,-6.195199966430664062e+01
3.010000000000000000e+09,-6.221599960327148438e+01
3.010250000000000000e+09,-6.572100067138671875e+01
3.010500000000000000e+09,-6.345800018310546875e+01
3.010750000000000000e+09,-6.367399978637695312e+01
3.011000000000000000e+09,-6.437799835205078125e+01
3.011250000000000000e+09,-6.531199645996093750e+01
3.011500000000000000e+09,-6.681800079345703125e+01
3.011750000000000000e+09,-6.536000061035156250e+01
3.012000000000000000e+09,-6.531600189208984375e+01
3.012250000000000000e+09,-6.530899810791015625e+01
3.012500000000000000e+09,-6.306900024414062500e+01
3.012750000000000000e+09,-6.406999969482421875e+01
3.013000000000000000e+09,-6.511499786376953125e+01
3.013250000000000000e+09,-6.512000274658203125e+01
3.013500000000000000e+09,-6.378699874877929688e+01
3.013750000000000000e+09,-6.184199905395507812e+01
3.014000000000000000e+09,-6.430799865722656250e+01
3.014250000000000000e+09,-6.481199645996093750e+01
3.014500000000000000e+09,-6.360100173950195312e+01
3.014750000000000000e+09,-6.421600341796875000e+01
3.015000000000000000e+09,-6.352700042724609375e+01
3.015250000000000000e+09,-6.594899749755859375e+01
3.015500000000000000e+09,-6.461799621582031250e+01
3.015750000000000000e+09,-6.410900115966796875e+01
3.016000000000000000e+09,-6.462999725341796875e+01
3.016250000000000000e+09,-6.419999694824218750e+01
3.016500000000000000e+09,-6.433100128173828125e+01
3.016750000000000000e+09,-6.319200134277343750e+01
3.017000000000000000e+09,-6.395999908447265625e+01
3.017250000000000000e+09,-6.376200103759765625e+01
3.017500000000000000e+09,-6.637899780273437500e+01
3.017750000000000000e+09,-6.435700225830078125e+01
3.018000000000000000e+09,-6.456500244140625000e+01
3.018250000000000000e+09,-6.489299774169921875e+01
3.018500000000000000e+09,-6.456199645996093750e+01
3.018750000000000000e+09,-6.423500061035156250e+01
3.019000000000000000e+09,-6.660900115966796875e+01
3.019250000000000000e+09,-6.308900070190429688e+01
3.019500000000000000e+09,-6.469499969482421875e+01
3.019750000000000000e+09,-6.597100067138671875e+01
3.020000000000000000e+09,-6.508899688720703125e+01
3.020250000000000000e+09,-6.545999908447265625e+01
3.020500000000000000e+09,-6.422699737548828125e+01
3.020750000000000000e+09,-6.552100372314453125e+01
3.021000000000000000e+09,-6.343099975585937500e+01
3.021250000000000000e+09,-6.290599822998046875e+01
3.021500000000000000e+09,-6.305799865722656250e+01
3.021750000000000000e+09,-6.282099914550781250e+01
3.022000000000000000e+09,-6.215399932861328125e+01
3.022250000000000000e+09,-6.428099822998046875e+01
3.022500000000000000e+09,-6.375899887084960938e+01
3.022750000000000000e+09,-6.490499877929687500e+01
3.023000000000000000e+09,-6.476499938964843750e+01
3.023250000000000000e+09,-6.415299987792968750e+01
3.023500000000000000e+09,-6.476200103759765625e+01
3.023750000000000000e+09,-6.432599639892578125e+01
3.024000000000000000e+09,-6.509899902343750000e+01
3.024250000000000000e+09,-6.360300064086914062e+01
3.024500000000000000e+09,-6.366999816894531250e+01
3.024750000000000000e+09,-6.342399978637695312e+01
3.025000000000000000e+09,-6.480500030517578125e+01
3.025250000000000000e+09,-6.388299942016601562e+01
3.025500000000000000e+09,-6.312099838256835938e+01
3.025750000000000000e+09,-6.312699890136718750e+01
3.026000000000000000e+09,-6.470999908447265625e+01
3.026250000000000000e+09,-6.585099792480468750e+01
3.026500000000000000e+09,-6.426399993896484375e+01
3.026750000000000000e+09,-6.288399887084960938e+01
3.027000000000000000e+09,-6.467600250244140625e+01
3.027250000000000000e+09,-6.417099761962890625e+01
3.027500000000000000e+09,-6.302000045776367188e+01
3.027750000000000000e+09,-6.431700134277343750e+01
3.028000000000000000e+09,-6.488400268554687500e+01
3.028250000000000000e+09,-6.197100067138671875e+01
3.028500000000000000e+09,-6.467600250244140625e+01
3.028750000000000000e+09,-6.558499908447265625e+01
3.029000000000000000e+09,-6.350500106811523438e+01
3.029250000000000000e+09,-6.358900070190429688e+01
3.029500000000000000e+09,-6.289599990844726562e+01
3.029750000000000000e+09,-6.423400115966796875e+01
3.030000000000000000e+09,-6.587599945068359375e+01
3.030250000000000000e+09,-6.334099960327148438e+01
3.030500000000000000e+09,-6.272499847412109375e+01
3.030750000000000000e+09,-6.295999908447265625e+01
3.031000000000000000e+09,-6.442900085449218750e+01
3.031250000000000000e+09,-6.441600036621093750e+01
3.031500000000000000e+09,-6.442900085449218750e+01
3.031750000000000000e+09,-6.407399749755859375e+01
3.032000000000000000e+09,-6.365299987792968750e+01
3.032250000000000000e+09,-6.282899856567382812e+01
3.032500000000000000e+09,-6.323799896240234375e+01
3.032750000000000000e+09,-6.485800170898437500e+01
3.033000000000000000e+09,-6.403900146484375000e+01
3.033250000000000000e+09,-6.382899856567382812e+01
3.033500000000000000e+09,-6.448999786376953125e+01
3.033750000000000000e+09,-6.459100341796875000e+01
3.034000000000000000e+09,-6.436000061035156250e+01
3.034250000000000000e+09,-6.288999938964843750e+01
3.034500000000000000e+09,-6.521099853515625000e+01
3.034750000000000000e+09,-6.477899932861328125e+01
3.035000000000000000e+09,-6.434700012207031250e+01
3.035250000000000000e+09,-6.516100311279296875e+01
3.035500000000000000e+09,-6.406900024414062500e+01
3.035750000000000000e+09,-6.326699829101562500e+01
3.036000000000000000e+09,-6.357099914550781250e+01
3.036250000000000000e+09,-6.444400024414062500e+01
3.036500000000000000e+09,-6.487000274658203125e+01
3.036750000000000000e+09,-6.447000122070312500e+01
3.037000000000000000e+09,-6.420600128173828125e+01
3.037250000000000000e+09,-6.466400146484375000e+01
3.037500000000000000e+09,-6.406400299072265625e+01
3.037750000000000000e+09,-6.243700027465820312e+01
3.038000000000000000e+09,-6.462999725341796875e+01
3.038250000000000000e+09,-6.407900238037109375e+01
3.038500000000000000e+09,-6.609500122070312500e+01
3.038750000000000000e+09,-6.307400131225585938e+01
3.039000000000000000e+09,-6.553800201416015625e+01
3.039250000000000000e+09,-6.262099838256835938e+01
3.039500000000000000e+09,-6.393799972534179688e+01
3.039750000000000000e+09,-6.155400085449218750e+01
3.040000000000000000e+09,-6.489499664306640625e+01
3.040250000000000000e+09,-6.412000274658203125e+01
3.040500000000000000e+09,-6.354299926757812500e+01
3.040750000000000000e+09,-6.369599914550781250e+01
3.041000000000000000e+09,-6.342499923706054688e+01
3.041250000000000000e+09,-6.410600280761718750e+01
3.041500000000000000e+09,-6.476899719238281250e+01
3.041750000000000000e+09,-6.349200057983398438e+01
3.042000000000000000e+09,-6.550499725341796875e+01
3.042250000000000000e+09,-6.384500122070312500e+01
3.042500000000000000e+09,-6.363899993896484375e+01
3.042750000000000000e+09,-6.296799850463867188e+01
3.043000000000000000e+09,-6.295399856567382812e+01
3.043250000000000000e+09,-6.386299896240234375e+01
3.043500000000000000e+09,-6.281299972534179688e+01
3.043750000000000000e+09,-6.295999908447265625e+01
3.044000000000000000e+09,-6.335599899291992188e+01
3.044250000000000000e+09,-6.386500167846679688e+01
3.044500000000000000e+09,-6.386100006103515625e+01
3.044750000000000000e+09,-6.415299987792968750e+01
3.045000000000000000e+09,-6.577700042724609375e+01
3.045250000000000000e+09,-6.365299987792968750e+01
3.045500000000000000e+09,-6.317399978637695312e+01
3.045750000000000000e+09,-6.353799819946289062e+01
3.046000000000000000e+09,-6.362099838256835938e+01
3.046250000000000000e+09,-6.543299865722656250e+01
3.046500000000000000e+09,-6.371699905395507812e+01
3.046750000000000000e+09,-6.380199813842773438e+01
3.047000000000000000e+09,-6.302700042724609375e+01
3.047250000000000000e+09,-6.479499816894531250e+01
3.047500000000000000e+09,-6.337599945068359375e+01
3.047750000000000000e+09,-6.437000274658203125e+01
3.048000000000000000e+09,-6.197700119018554688e+01
3.048250000000000000e+09,-6.354700088500976562e+01
3.048500000000000000e+09,-6.356100082397460938e+01
3.048750000000000000e+09,-6.382899856567382812e+01
3.049000000000000000e+09,-6.146099853515625000e+01
3.049250000000000000e+09,-6.369200134277343750e+01
3.049500000000000000e+09,-6.425800323486328125e+01
3.049750000000000000e+09,-6.481199645996093750e+01
3.050000000000000000e+09,-6.439499664306640625e+01
