1.933779755e+02,4.438553005e-03
1.935834351e+02,-1.567346975e-02
1.937889099e+02,8.513111621e-03
1.939943848e+02,-1.544529479e-02
1.941998901e+02,5.286061205e-03
1.944053955e+02,-1.901460928e-04
1.946109161e+02,1.323960070e-02
1.948164520e+02,3.004308091e-03
1.950220032e+02,1.597770490e-02
1.952275696e+02,-1.225084066e-02
1.954331360e+02,2.295334823e-02
1.956387177e+02,3.475327045e-02
1.958443298e+02,1.780310646e-02
1.960499420e+02,-6.546458229e-03
1.962555695e+02,1.118602231e-02
1.964611969e+02,2.944004722e-02
1.966668549e+02,6.752902642e-03
1.968725128e+02,2.653896064e-02
1.970782013e+02,4.797114059e-03
1.972838898e+02,3.162401170e-02
1.974895935e+02,1.871580817e-02
1.976953125e+02,1.571693271e-02
1.979010315e+02,-7.882913575e-03
1.981067810e+02,-1.396215521e-03
1.983125305e+02,1.284844242e-02
1.985182953e+02,-5.829335656e-03
1.987240906e+02,-2.634881530e-03
1.989298706e+02,-9.121579118e-03
1.991356812e+02,-7.687334437e-03
1.993415070e+02,7.062569057e-05
1.995473328e+02,-1.792262681e-02
1.997531891e+02,-8.795614354e-03
1.999590454e+02,-6.611651275e-03
2.001649170e+02,6.296551786e-03
2.003708038e+02,-1.492375135e-02
2.005766907e+02,3.736098856e-02
2.007826080e+02,1.715117693e-02
2.009885254e+02,-1.754776691e-03
2.011944733e+02,-3.352003871e-03
2.014004211e+02,5.921692355e-04
2.016063843e+02,-5.764142610e-03
2.018123627e+02,-2.326844819e-02
2.020183411e+02,1.472273958e-03
2.022243500e+02,3.338421881e-02
2.024303589e+02,1.863431651e-03
2.026363831e+02,2.119313926e-02
2.028424225e+02,2.706050500e-02
2.030484772e+02,1.177275926e-02
2.032545471e+02,8.253969997e-02
2.034606171e+02,2.352378797e-03
2.036667175e+02,6.231358740e-03
2.038728180e+02,6.100973114e-03
2.040789337e+02,2.054120973e-02
2.042850647e+02,-2.439302625e-03
2.044912109e+02,-2.928249771e-03
2.046973724e+02,-9.186772630e-03
2.049035339e+02,-7.882913575e-03
2.051097107e+02,1.822686009e-02
2.053159180e+02,6.614367664e-02
2.055221252e+02,6.699118018e-02
2.057283478e+02,-4.688459449e-03
2.059345703e+02,-4.183214041e-04
2.061408234e+02,-1.254420914e-02
2.063470764e+02,7.633007132e-03
2.065533600e+02,2.678343561e-03
2.067596436e+02,-1.153371856e-02
2.069659424e+02,1.737935282e-02
2.071722412e+02,6.785498932e-03
2.073785706e+02,2.569145337e-02
2.075848999e+02,-6.481265184e-03
2.077912598e+02,-1.436961163e-02
2.079976196e+02,1.956331544e-02
2.082039948e+02,1.032221626e-04
2.084103851e+02,3.069501137e-03
2.086167908e+02,1.046890020e-02
2.088231964e+02,2.743536374e-03
2.090296173e+02,-1.632539928e-02
2.092360687e+02,5.383850541e-03
2.094425201e+02,-1.819969737e-03
2.096489868e+02,3.460658714e-03
2.098554535e+02,3.677425161e-02
2.100619507e+02,9.979953058e-03
2.102684479e+02,-1.466298010e-02
2.104749756e+02,5.253464915e-03
2.106815033e+02,1.239209250e-02
2.108880463e+02,8.936866187e-03
2.110946045e+02,2.618039958e-02
2.113011627e+02,-1.200636732e-03
2.115077515e+02,-2.276320243e-03
2.117143402e+02,6.247657002e-04
2.119209442e+02,-4.134319257e-03
2.121275635e+02,7.013674360e-03
2.123341980e+02,3.905600682e-02
2.125408478e+02,9.132444859e-03
2.127475128e+02,4.438553005e-03
2.129541779e+02,2.191026136e-02
2.131608582e+02,-7.491755765e-03
2.133675537e+02,-7.654738147e-03
2.135742645e+02,1.684151066e-04
2.137809906e+02,-1.208785828e-02
2.139877319e+02,-7.100597955e-03
2.141944733e+02,2.301854268e-02
2.144012299e+02,-1.854196005e-02
2.146080017e+02,-4.558073357e-03
2.148147888e+02,-1.264199801e-02
2.150215912e+02,-7.263580337e-03
2.152284088e+02,-1.733588986e-02
2.154352264e+02,2.678343561e-03
2.156420746e+02,4.731921013e-03
2.158489227e+02,-1.994360797e-02
2.160557861e+02,-2.439302625e-03
2.162626648e+02,6.915885024e-03
2.164695435e+02,8.904269896e-03
2.166764526e+02,1.154458337e-02
2.168833618e+02,-3.580179065e-03
2.170902863e+02,-8.208878338e-03
2.172972412e+02,3.677425161e-02
2.175041809e+02,2.119313926e-02
2.177111511e+02,4.463000223e-02
2.179181366e+02,-1.885162666e-03
2.181251221e+02,1.597770490e-02
2.183321228e+02,-9.675719775e-03
2.185391388e+02,-9.349755011e-03
2.187461700e+02,-4.623266403e-03
2.189532166e+02,-9.382351302e-03
2.191602783e+02,-3.384600393e-03
2.193673401e+02,-2.895653248e-03
2.195744171e+02,5.351254251e-03
2.197815247e+02,-3.026039107e-03
2.199886322e+02,7.241849322e-03
2.201957397e+02,3.362869378e-03
2.204028778e+02,-1.378287468e-02
2.206100159e+02,3.558448283e-03
2.208171844e+02,-1.612982154e-02
2.210243530e+02,-6.024914794e-03
2.212315369e+02,-2.145934384e-03
2.214387360e+02,2.129092813e-02
2.216459351e+02,-1.740108244e-02
2.218531647e+02,-7.361370139e-03
2.220603943e+02,4.112588242e-03
2.222676392e+02,-1.526601380e-03
2.224748993e+02,2.327931300e-02
2.226821747e+02,2.337710373e-02
2.228894653e+02,6.981077604e-03
2.230967712e+02,-1.159891114e-02
2.233040771e+02,2.813618816e-02
2.235113983e+02,-4.427687265e-03
2.237187347e+02,-4.427687265e-03
2.239260864e+02,3.106987104e-02
2.241334534e+02,-1.449999772e-02
2.243408203e+02,-1.495634764e-02
2.245482178e+02,1.610809006e-02
2.247556152e+02,2.402903326e-02
2.249630280e+02,-7.133194711e-03
2.251704559e+02,1.897658035e-02
2.253778839e+02,3.038534522e-02
2.255853424e+02,2.497432940e-02
2.257928009e+02,-1.629280299e-02
2.260002899e+02,-1.591794426e-03
2.262077789e+02,-4.818845075e-03
2.264152832e+02,-1.070250873e-03
2.266227875e+02,-1.277238410e-02
2.268303223e+02,1.568433642e-02
2.270378571e+02,-2.048145048e-03
2.272454224e+02,1.640145853e-02
2.274529877e+02,-9.969087318e-03
2.276605682e+02,-2.294248343e-02
2.278681488e+02,-4.525477067e-03
2.280757599e+02,6.198762450e-03
2.282833710e+02,1.504870481e-03
2.284910126e+02,-1.854196005e-02
2.286986542e+02,-1.300055999e-02
2.289063110e+02,1.275065355e-02
2.291139679e+02,-1.656987355e-03
2.293216553e+02,1.033851411e-02
2.295293427e+02,1.301142480e-02
2.297370605e+02,4.515154660e-02
2.299447784e+02,1.975889504e-02
2.301525116e+02,-2.163862437e-02
2.303602448e+02,6.589920260e-03
2.305680084e+02,-7.361370139e-03
2.307757721e+02,8.203445468e-04
2.309835663e+02,2.336080506e-04
2.311913605e+02,4.896533489e-02
2.313991699e+02,5.286061205e-03
2.316069794e+02,-1.841157302e-02
2.318148193e+02,2.028043754e-02
2.320226746e+02,1.545616053e-02
2.322305298e+02,4.345652834e-02
2.324384003e+02,-1.427182183e-02
2.326462860e+02,1.806387864e-02
2.328541870e+02,-1.877013594e-02
2.330620880e+02,-4.590669647e-03
2.332700195e+02,-8.274070919e-03
2.334779510e+02,-1.526601380e-03
2.336858978e+02,2.474615537e-02
2.338938599e+02,-5.633756984e-03
2.341018372e+02,-3.189021489e-03
2.343098145e+02,-2.506125346e-02
2.345178223e+02,3.018976562e-02
2.347258301e+02,-3.123828676e-03
2.349338531e+02,-9.610526264e-03
2.351418915e+02,2.145391144e-02
2.353499298e+02,1.304402109e-02
2.355579987e+02,-2.235574648e-02
2.357660675e+02,-2.786455117e-02
2.359741669e+02,-5.927124992e-03
2.361822662e+02,1.662963256e-02
2.363903809e+02,5.675588921e-02
2.365984955e+02,-1.143592875e-02
2.368066406e+02,-1.156631485e-02
2.370147858e+02,-1.901460928e-04
2.372229462e+02,4.275570624e-03
2.374311371e+02,1.635256340e-03
2.376393127e+02,2.549587376e-02
2.378475189e+02,3.167290473e-03
2.380557404e+02,6.850691978e-03
2.382639618e+02,1.620587893e-02
2.384721985e+02,-8.045895956e-03
2.386804504e+02,7.698200177e-03
2.388887177e+02,4.436923191e-02
2.390970001e+02,6.598069519e-02
2.393052826e+02,-8.111088537e-03
2.395135956e+02,1.178905717e-03
2.397219086e+02,2.536548860e-02
2.399302368e+02,-3.449793207e-03
2.401385803e+02,-1.935687102e-02
2.403469238e+02,2.660415322e-02
2.405552979e+02,7.111463696e-03
2.407636719e+02,-2.020438015e-02
2.409720612e+02,-9.969087318e-03
2.411804657e+02,-1.234863047e-02
2.413888855e+02,-8.420755039e-04
2.415973206e+02,-5.813037278e-04
2.418057556e+02,-7.882913575e-03
2.420142059e+02,1.760752685e-02
2.422226715e+02,1.297882851e-02
2.424311523e+02,-1.378287468e-02
2.426396484e+02,-2.439302625e-03
2.428481598e+02,6.818095222e-03
2.430566711e+02,-9.643122554e-03
2.432651978e+02,-8.567439392e-03
2.434737549e+02,-6.139002508e-04
2.436822968e+02,-1.635799557e-02
2.438908691e+02,-1.505413745e-02
2.440994568e+02,8.529410115e-04
2.443080444e+02,-1.749887317e-02
2.445166473e+02,3.683944792e-02
2.447252655e+02,1.910696551e-02
2.449338989e+02,-7.622141857e-03
2.451425476e+02,-1.743368059e-02
2.453511963e+02,-1.234863047e-02
2.455598755e+02,6.231358740e-03
2.457685547e+02,4.808522761e-02
2.459772491e+02,-2.053034492e-02
2.461859589e+02,-4.818845075e-03
2.463946686e+02,2.363787405e-02
2.466034088e+02,-6.318282802e-03
2.468121490e+02,-2.894023433e-02
2.470209045e+02,4.634131677e-03
2.472296753e+02,1.441307366e-02
2.474384613e+02,-9.382351302e-03
2.476472626e+02,6.035780068e-03
2.478560638e+02,6.915885024e-03
2.480648804e+02,7.877480821e-04
2.482737122e+02,1.200093422e-02
2.484825592e+02,-1.296796277e-02
2.486914215e+02,3.917009570e-03
2.489002991e+02,-2.797863912e-03
2.491091766e+02,-9.480140172e-03
2.493180695e+02,1.519538835e-02
2.495269775e+02,4.438553005e-03
2.497359009e+02,-5.796739366e-03
2.499448395e+02,8.415322751e-03
2.501537781e+02,-2.199718542e-02
2.503627472e+02,1.411970519e-02
2.505717163e+02,1.790089533e-02
2.507807007e+02,-3.128718212e-02
2.509897003e+02,-2.960846294e-03
2.511987000e+02,3.622011468e-02
2.514077301e+02,-5.177406128e-03
2.516167603e+02,3.172180057e-02
2.518258057e+02,-2.235574648e-02
2.520348663e+02,2.608261071e-02
2.522439423e+02,-2.797863912e-03
2.524530182e+02,6.720305886e-03
2.526621246e+02,-1.524971612e-02
2.528712311e+02,1.147939079e-02
2.530803528e+02,1.032221626e-04
2.532894897e+02,-1.107736770e-02
2.534986420e+02,-1.886792481e-02
2.537077942e+02,-7.785124239e-03
2.539169617e+02,7.698200177e-03
2.541261444e+02,2.252959460e-02
2.543353424e+02,1.164237317e-02
2.545445557e+02,4.427144304e-02
2.547537842e+02,-2.537091961e-03
2.549630127e+02,2.344229631e-02
2.551722717e+02,-1.687953994e-02
2.553815308e+02,1.072967239e-02
2.555908051e+02,-9.088982828e-03
2.558000793e+02,-1.655357517e-02
2.560093689e+02,3.851816524e-03
2.562186890e+02,1.281584613e-02
2.564280090e+02,1.571693271e-02
2.566373596e+02,-8.404457010e-03
2.568467102e+02,-1.466298010e-02
2.570560608e+02,-8.404457010e-03
2.572654419e+02,2.298594639e-02
2.574748230e+02,-2.424634248e-02
2.576842041e+02,-7.165791001e-03
2.578936157e+02,-2.732670866e-03
2.581030579e+02,-2.178530907e-03
2.583125000e+02,2.613150515e-03
2.585219421e+02,-1.433701534e-02
2.587313843e+02,6.459534168e-03
2.589408569e+02,1.007774286e-02
2.591503601e+02,-9.382351302e-03
2.593598633e+02,-7.719931193e-03
2.595693665e+02,2.279036678e-02
2.597789001e+02,8.447919041e-03
2.599884338e+02,-2.512644790e-02
2.601979675e+02,-2.308916766e-03
2.604075317e+02,8.350129239e-03
2.606170959e+02,3.965904179e-04
2.608266907e+02,-1.531490870e-02
2.610362854e+02,-2.238834277e-02
2.612459106e+02,5.286061205e-03
2.614555359e+02,-6.709440611e-03
2.616651611e+02,-6.839826237e-03
2.618748169e+02,-1.756406575e-02
2.620844727e+02,2.808729419e-03
2.622941284e+02,6.720305886e-03
2.625038147e+02,-1.834638044e-02
2.627135315e+02,-2.145934384e-03
2.629232483e+02,1.865061559e-02
2.631329651e+02,-1.436961163e-02
2.633426819e+02,-2.392037772e-02
2.635524292e+02,6.068376359e-03
2.637622070e+02,-1.348950621e-02
2.639719849e+02,1.602659817e-03
2.641817627e+02,-6.350879092e-03
2.643915710e+02,-7.752527483e-03
2.646013794e+02,9.507304057e-04
2.648111877e+02,-6.057511084e-03
2.650210266e+02,-1.661876775e-02
2.652308655e+02,-2.145934384e-03
2.654407349e+02,5.742411595e-03
2.656506042e+02,1.232689898e-02
2.658605042e+02,-5.535967648e-03
2.660704041e+02,1.695559733e-02
2.662803040e+02,1.281584613e-02
2.664902344e+02,-1.743368059e-02
2.667001648e+02,4.867196456e-02
2.669101257e+02,-1.009947341e-02
2.671200867e+02,2.743536374e-03
2.673300476e+02,1.007774286e-02
2.675400391e+02,-4.655862693e-03
2.677500305e+02,3.069501137e-03
2.679600525e+02,1.081116265e-03
2.681700745e+02,5.176863074e-02
2.683800964e+02,-4.818845075e-03
2.685901489e+02,-2.646290325e-02
2.688002014e+02,3.429692239e-02
2.690102844e+02,-1.363619114e-03
2.692203674e+02,-1.133813988e-02
2.694304504e+02,-2.341513289e-03
2.696405640e+02,1.956331544e-02
2.698506775e+02,-7.035405375e-03
2.700608215e+02,-2.046515234e-02
2.702709656e+02,-2.167122066e-02
2.704811401e+02,8.350129239e-03
2.706913147e+02,4.291868827e-04
2.709014893e+02,5.025289487e-03
2.711116943e+02,-7.622141857e-03
2.713218994e+02,6.166166160e-03
2.715321045e+02,5.677219015e-03
2.717423401e+02,1.341888099e-03
2.719526062e+02,2.158429660e-02
2.721628418e+02,-1.319613867e-02
2.723731384e+02,-5.764142610e-03
2.725834045e+02,-1.753146946e-02
2.727937012e+02,-1.182708703e-02
2.730039978e+02,3.899081424e-02
2.732143250e+02,1.007774286e-02
2.734246521e+02,3.067708313e-01
2.736350098e+02,-2.033476532e-02
2.738453674e+02,1.138160191e-02
2.740557556e+02,-1.596683823e-02
2.742661133e+02,-1.687953994e-02
2.744765320e+02,-9.414947592e-03
2.746869202e+02,-1.485855877e-02
2.748973389e+02,-4.232108593e-03
2.751077881e+02,2.063899860e-02
2.753182373e+02,9.491005912e-03
2.755286865e+02,2.595222369e-02
2.757391663e+02,-1.352210343e-02
2.759496460e+02,-3.710565157e-03
2.761601257e+02,-2.320325561e-02
2.763706360e+02,3.240632638e-02
2.765811462e+02,4.678136855e-02
2.767916870e+02,1.014293544e-02
2.770022278e+02,-8.078492247e-03
2.772127991e+02,4.202228412e-02
2.774233704e+02,2.184506878e-02
2.776339417e+02,2.399643697e-02
2.778445435e+02,7.274446078e-03
2.780551453e+02,-8.926000446e-03
2.782657471e+02,-4.232108593e-03
2.784763794e+02,-1.039284188e-02
2.786870422e+02,-3.058635630e-03
2.788976746e+02,-8.013299666e-03
2.791083679e+02,8.317532949e-03
2.793190308e+02,-5.666353274e-03
2.795297241e+02,-1.202266570e-02
2.797404175e+02,9.034655057e-03
2.799511414e+02,4.617833474e-04
2.801618652e+02,-1.443480421e-02
2.803726196e+02,-1.795522310e-02
2.805833740e+02,-6.187896710e-03
2.807941284e+02,2.507212013e-02
2.810049133e+02,-9.675719775e-03
2.812156982e+02,2.028043754e-02
2.814265137e+02,-2.308916766e-03
2.816373291e+02,-5.829335656e-03
2.818481750e+02,-3.506837040e-02
2.820589905e+02,-2.209497616e-02
2.822698669e+02,6.565472484e-02
2.824807129e+02,1.382633671e-02
2.826915894e+02,-1.449999772e-02
2.829024963e+02,-9.643122554e-03
2.831134033e+02,1.830835128e-03
2.833243103e+02,3.299306333e-02
2.835352478e+02,-4.949231166e-03
2.837461853e+02,-2.590876259e-02
2.839571228e+02,2.794060856e-02
2.841680908e+02,-2.700074343e-03
2.843790588e+02,-1.179448981e-02
2.845900574e+02,-2.665848099e-02
2.848010559e+02,1.803128235e-02
2.850120850e+02,1.229430269e-02
2.852230835e+02,2.482764656e-03
2.854341431e+02,-3.017890081e-02
2.856452026e+02,5.921692355e-04
2.858562622e+02,-1.834638044e-02
2.860673218e+02,9.588795714e-03
2.862784119e+02,-8.730421774e-03
2.864895020e+02,1.376114413e-02
2.867006226e+02,1.020812802e-02
2.869117432e+02,-1.860715263e-02
2.871228943e+02,-2.365960553e-02
2.873340454e+02,-3.189021489e-03
2.875451965e+02,-1.107736770e-02
2.877563782e+02,-1.968283579e-02
2.879675598e+02,-1.163150743e-02
2.881787720e+02,3.949605860e-03
2.883899536e+02,4.601535387e-03
2.886011963e+02,7.877480821e-04
2.888124390e+02,-1.766185462e-02
2.890236816e+02,1.211502240e-03
2.892349243e+02,3.459028900e-02
2.894461975e+02,-1.277238410e-02
2.896575012e+02,-1.740108244e-02
2.898687744e+02,2.678343561e-03
2.900801086e+02,1.366335433e-02
2.902914124e+02,-1.039284188e-02
2.905027466e+02,-1.769445091e-02
2.907141113e+02,5.546832923e-03
2.909254456e+02,2.559366263e-02
2.911368408e+02,2.091606846e-03
2.913482056e+02,-7.296177093e-03
2.915596008e+02,4.503746051e-03
2.917710266e+02,1.121861953e-02
2.919824219e+02,1.245728508e-02
2.921938782e+02,-1.916129328e-02
2.924053040e+02,8.545708843e-03
2.926167603e+02,3.455769271e-02
2.928282471e+02,-1.691213623e-02
2.930397034e+02,-7.230984047e-03
2.932512207e+02,4.568938632e-03
2.934627075e+02,2.124203369e-03
2.936742249e+02,-4.753652029e-03
2.938857727e+02,-1.179448981e-02
2.940973206e+02,2.288815565e-02
2.943088684e+02,-8.013299666e-03
2.945204163e+02,9.833269287e-04
2.947320251e+02,-1.078399923e-02
2.949436035e+02,-8.274070919e-03
2.951552124e+02,-5.177406128e-03
2.953668213e+02,-5.405581556e-03
2.955784607e+02,-1.916129328e-02
2.957901001e+02,-1.265829662e-03
2.960017395e+02,-6.383475848e-03
2.962134094e+02,-3.164574131e-02
2.964250793e+02,-1.727069728e-02
2.966367798e+02,1.845503598e-02
2.968484802e+02,7.013674360e-03
2.970601807e+02,-9.675719775e-03
2.972719116e+02,-6.970212329e-03
2.974836731e+02,2.415941842e-02
2.976954041e+02,3.260190412e-02
2.979071655e+02,1.276695170e-03
2.981189575e+02,6.589920260e-03
2.983307495e+02,-1.925908215e-02
2.985425415e+02,-1.013206970e-02
2.987543335e+02,-1.104477141e-02
2.989661865e+02,-1.361989230e-02
2.991780090e+02,-1.756406575e-02
2.993898621e+02,-5.242599174e-03
2.996017151e+02,3.362869378e-03
2.998135986e+02,-1.844417118e-02
3.000254822e+02,1.372854784e-02
3.002373657e+02,7.893779315e-03
3.004492798e+02,-1.107736770e-02
3.006611938e+02,-2.457230724e-02
3.008731384e+02,1.379374042e-02
3.010850830e+02,2.059010556e-03
3.012970581e+02,1.865061559e-02
3.015090027e+02,-2.079111710e-02
3.017210083e+02,4.567309096e-02
3.019329834e+02,-4.721055739e-03
3.021450195e+02,-6.839826237e-03
3.023570251e+02,-2.053034492e-02
3.025690613e+02,1.271805726e-02
3.027810974e+02,2.057380602e-02
3.029931641e+02,-2.245353721e-02
3.032052307e+02,6.131939590e-02
3.034172974e+02,1.587991416e-02
3.036293945e+02,-2.431153506e-02
3.038414917e+02,2.091606846e-03
3.040536194e+02,-2.960846294e-03
3.042657471e+02,-1.466298010e-02
3.044779053e+02,2.820138074e-02
3.046900635e+02,-4.492880311e-03
3.049022217e+02,-1.029505208e-02
3.051143799e+02,2.352378797e-03
3.053265991e+02,-8.420755039e-04
3.055387878e+02,-2.059553750e-02
3.057510071e+02,-2.330104448e-02
3.059632263e+02,-1.417403296e-02
3.061754761e+02,-8.143684827e-03
3.063877258e+02,6.573621649e-04
3.065999756e+02,-1.694473252e-02
3.068122559e+02,-1.531490870e-02
3.070245361e+02,-1.469557639e-02
3.072368469e+02,-1.844417118e-02
3.074491577e+02,-1.107736770e-02
3.076614990e+02,-1.233233139e-03
3.078738098e+02,2.608261071e-02
3.080861816e+02,-3.775757970e-03
3.082985229e+02,-2.493086830e-02
3.085108948e+02,2.236661315e-02
3.087232971e+02,-3.319407348e-03
3.089356995e+02,-9.317157790e-03
3.091481018e+02,-7.719931193e-03
3.093605347e+02,1.248988137e-02
3.095729675e+02,-8.600035682e-03
3.097854004e+02,8.203445468e-04
3.099978638e+02,-2.450711466e-02
3.102103271e+02,1.268546004e-02
3.104228210e+02,9.458409622e-03
3.106353149e+02,-5.487072631e-04
3.108478088e+02,-1.495634764e-02
3.110603333e+02,-1.531490870e-02
3.112728577e+02,-5.177406128e-03
3.114854126e+02,1.865061559e-02
3.116979675e+02,-1.316354237e-02
3.119105225e+02,-1.003428083e-02
3.121231079e+02,2.784281969e-02
3.123356934e+02,-9.512737393e-03
3.125483093e+02,2.327931300e-02
3.127609253e+02,9.034655057e-03
3.129735413e+02,-5.275195930e-03
3.131861877e+02,-2.105188742e-02
3.133988342e+02,-7.035405375e-03
3.136115112e+02,-1.055582426e-02
3.138241882e+02,3.330272855e-03
3.140368652e+02,2.221992938e-03
3.142495728e+02,-1.199006848e-02
3.144622803e+02,2.595222369e-02
3.146750183e+02,4.687916115e-02
3.148877563e+02,-5.503370892e-03
3.151004944e+02,-1.821599528e-02
3.153132629e+02,-4.818845075e-03
3.155260315e+02,4.699324723e-03
3.157388306e+02,-6.970212329e-03
3.159516296e+02,-2.170381695e-02
3.161644287e+02,-1.414143573e-02
3.163772583e+02,-1.143592875e-02
3.165900879e+02,-3.189021489e-03
3.168029480e+02,-2.406706102e-03
3.170158081e+02,4.308166914e-03
3.172286682e+02,2.352378797e-03
3.174415588e+02,1.529317815e-02
3.176544495e+02,-1.951985434e-02
3.178673706e+02,5.222498253e-02
3.180802612e+02,1.454345882e-02
3.182932129e+02,-6.872422993e-03
3.185061646e+02,-2.929879539e-02
3.187191162e+02,-1.606462710e-02
3.189320679e+02,-4.492880311e-03
3.191450500e+02,4.373359960e-03
3.193580322e+02,9.197637439e-03
3.195710449e+02,-5.813037278e-04
3.197840576e+02,1.896028174e-03
3.199971008e+02,-1.019726321e-02
3.202101440e+02,1.160977688e-02
3.204231873e+02,4.198968783e-02
3.206362610e+02,8.187146857e-03
3.208493347e+02,-1.616241783e-02
3.210624084e+02,-2.287729084e-02
3.212755127e+02,4.617833474e-04
3.214886169e+02,1.007774286e-02
3.217017517e+02,-2.017178386e-02
3.219148865e+02,4.536342341e-03
3.221280518e+02,-1.580385678e-02
3.223411865e+02,2.194285765e-02
3.225543823e+02,1.059928630e-02
3.227675476e+02,-1.249531488e-04
3.229807434e+02,6.236248463e-02
3.231939697e+02,-1.331022591e-03
3.234071960e+02,-1.599943452e-02
3.236204224e+02,8.056761697e-03
3.238336792e+02,1.689040475e-02
3.240469360e+02,-7.556948811e-03
3.242601929e+02,1.447826624e-02
3.244734802e+02,-8.013299666e-03
3.246867676e+02,-6.220493466e-03
3.249000854e+02,-1.104477141e-02
3.251134033e+02,1.089265477e-02
3.253267212e+02,-9.740912355e-03
3.255400696e+02,1.089265477e-02
3.257534180e+02,9.751778096e-03
3.259667969e+02,2.093236707e-02
3.261801758e+02,-7.035405375e-03
3.263935547e+02,-1.779224165e-02
3.266069641e+02,-8.437053300e-03
3.268203735e+02,2.986380085e-02
3.270337830e+02,7.551516173e-04
3.272472229e+02,6.231358740e-03
3.274606934e+02,-3.677968634e-03
3.276741333e+02,-5.976019747e-05
3.278876038e+02,3.335162252e-02
3.281011047e+02,3.313974594e-04
3.283146057e+02,-2.276320243e-03
3.285281067e+02,-1.348950621e-02
3.287416382e+02,-5.633756984e-03
3.289551697e+02,5.677219015e-03
3.291687317e+02,-1.852566143e-03
3.293822632e+02,2.057380602e-02
3.295958557e+02,-3.210209310e-02
3.298094177e+02,4.536342341e-03
3.300230103e+02,1.607549377e-02
3.302366333e+02,-1.172929723e-02
3.304502563e+02,-6.464967155e-04
3.306638794e+02,-5.535967648e-03
3.308775330e+02,9.621392004e-03
3.310911865e+02,-2.639770880e-02
3.313048401e+02,-1.071880665e-02
3.315185242e+02,-5.307792220e-03
3.317322083e+02,-8.420755039e-04
3.319459229e+02,3.656237619e-03
3.321596375e+02,3.553558886e-02
3.323733521e+02,7.111463696e-03
3.325870972e+02,8.447919041e-03
3.328008423e+02,-3.743161447e-03
3.330146179e+02,-1.997620426e-02
3.332283936e+02,5.551722273e-02
3.334421692e+02,7.078866940e-03
3.336559753e+02,9.458409622e-03
3.338697815e+02,-2.304027230e-02
3.340835876e+02,1.151198708e-02
3.342974243e+02,1.993817510e-03
3.345112915e+02,4.485817999e-02
3.347251282e+02,-2.427893877e-02
3.349389954e+02,1.167496946e-02
3.351528931e+02,3.623641096e-03
3.353667908e+02,-1.570606604e-02
3.355806885e+02,-1.505413745e-02
3.357946167e+02,1.134900469e-02
3.360085449e+02,-1.153371856e-02
3.362224731e+02,-6.122704130e-03
3.364364319e+02,-1.342431363e-02
3.366503906e+02,4.068582878e-02
3.368643799e+02,1.852022856e-02
3.370783691e+02,1.574952900e-02
3.372923889e+02,-1.648838259e-02
3.375063782e+02,7.111463696e-03
3.377204285e+02,-6.546458229e-03
3.379344482e+02,7.551516173e-04
3.381484985e+02,-1.267459523e-02
3.383625793e+02,-1.342431363e-02
3.385766296e+02,9.507304057e-04
3.387907410e+02,-2.450711466e-02
3.390048218e+02,-6.155300420e-03
3.392189331e+02,-5.503370892e-03
3.394330444e+02,1.672742330e-02
3.396471863e+02,4.731921013e-03
3.398613281e+02,-1.247901563e-02
3.400755005e+02,-8.208878338e-03
3.402896729e+02,9.165041149e-03
3.405038452e+02,1.865061559e-02
3.407180481e+02,-1.029505208e-02
3.409322510e+02,-1.828118786e-02
3.411464539e+02,1.441307366e-02
3.413606873e+02,4.291868827e-04
3.415749207e+02,-6.448668893e-03
3.417891846e+02,-1.293536648e-02
3.420034485e+02,2.500692755e-02
3.422177124e+02,-1.612982154e-02
3.424320068e+02,1.024072524e-02
3.426463318e+02,-3.352003871e-03
3.428606262e+02,-1.352210343e-02
3.430749512e+02,4.894903395e-03
3.432892761e+02,-1.639059186e-02
3.435036316e+02,2.432240173e-02
3.437179871e+02,2.287185751e-03
3.439323730e+02,-3.053746186e-02
3.441467590e+02,-1.102847280e-03
3.443611450e+02,-1.890052110e-02
3.445755615e+02,-8.208878338e-03
3.447899780e+02,-2.124746703e-02
3.450044250e+02,-8.404457010e-03
3.452188721e+02,2.841325710e-03
3.454333191e+02,2.417571610e-03
3.456477661e+02,-2.150823921e-02
3.458622742e+02,-1.593424194e-02
3.460767517e+02,2.380085737e-02
3.462912598e+02,3.802921856e-05
3.465057678e+02,-2.222536132e-02
3.467203064e+02,-1.200636732e-03
3.469348450e+02,2.988009946e-04
3.471493835e+02,2.743536374e-03
3.473639526e+02,-6.579054520e-03
3.475785217e+02,1.265286375e-02
3.477931213e+02,-4.623266403e-03
3.480077209e+02,1.806387864e-02
3.482223206e+02,-3.710565157e-03
3.484369507e+02,-2.372479811e-02
3.486515808e+02,-3.531284456e-04
3.488662109e+02,-4.525477067e-03
3.490808716e+02,1.499980967e-02
3.492955627e+02,-1.899830997e-02
3.495102234e+02,1.183795184e-02
3.497249146e+02,-1.062101685e-02
3.499396362e+02,-1.052322797e-02
3.501543579e+02,-7.002808619e-03
3.503690796e+02,-2.439302625e-03
3.505838318e+02,-4.851441365e-03
3.507985840e+02,8.936866187e-03
3.510133362e+02,-1.169670094e-02
3.512281189e+02,2.321412042e-02
3.514429016e+02,1.255507488e-02
3.516577148e+02,-2.496346459e-02
3.518725281e+02,3.644828871e-02
3.520873413e+02,1.636886224e-02
3.523021851e+02,-9.056386538e-03
3.525170288e+02,1.777051017e-02
3.527318726e+02,-9.708316065e-03
3.529467468e+02,-6.448668893e-03
3.531616516e+02,1.956331544e-02
3.533765259e+02,9.181339410e-04
3.535914307e+02,-1.342431363e-02
3.538063660e+02,-6.155300420e-03
3.540213013e+02,1.852022856e-02
3.542362366e+02,-2.569688484e-03
3.544512024e+02,-3.189021489e-03
3.546661682e+02,2.794060856e-02
3.548811340e+02,4.275570624e-03
3.550961304e+02,-1.955245063e-02
3.553111267e+02,-3.079823405e-02
3.555261536e+02,1.838984340e-02
3.557411804e+02,-9.414947592e-03
3.559562073e+02,2.914667875e-02
3.561712646e+02,-2.157343179e-02
3.563863220e+02,2.761464380e-02
3.566013794e+02,1.099044364e-02
3.568164673e+02,-2.652809583e-02
3.570315857e+02,-4.981827457e-03
3.572466736e+02,5.269763060e-04
3.574617920e+02,1.731416024e-02
3.576769409e+02,-7.524352055e-03
3.578920898e+02,4.177781288e-03
3.581072388e+02,-4.721055739e-03
3.583223877e+02,2.862513438e-02
3.585375671e+02,4.084881395e-02
3.587527771e+02,-9.056386538e-03
3.589679871e+02,-1.208785828e-02
3.591831970e+02,8.529410115e-04
3.593984070e+02,-2.206237800e-02
3.596136475e+02,-6.676843856e-03
3.598289185e+02,-1.656987355e-03
3.600441589e+02,1.011033915e-02
3.602594299e+02,-9.072684916e-04
3.604747314e+02,1.835724711e-02
3.606900330e+02,3.721430665e-03
3.609053345e+02,3.400355205e-02
3.611206665e+02,-1.567346975e-02
3.613359985e+02,-1.013206970e-02
3.615513306e+02,-9.382351302e-03
3.617666931e+02,6.003183778e-03
3.619820557e+02,-2.978774346e-02
3.621974487e+02,7.763393223e-03
3.624128418e+02,1.408710890e-02
3.626282349e+02,1.027332153e-02
3.628436584e+02,-3.840951016e-03
3.630590820e+02,-2.346402779e-02
3.632745056e+02,3.814330325e-02
3.634899597e+02,6.981077604e-03
3.637054443e+02,-1.754776691e-03
3.639208984e+02,-1.091438532e-02
3.641363831e+02,2.971711801e-03
3.643518982e+02,-1.599943452e-02
3.645674133e+02,-2.473528869e-02
3.647829285e+02,2.354008518e-02
3.649984436e+02,5.401778594e-02
3.652139893e+02,1.291363593e-02
3.654295654e+02,2.547957469e-03
3.656451111e+02,-2.603914775e-02
3.658607178e+02,-7.768825744e-04
3.660762939e+02,-7.654738147e-03
3.662919006e+02,5.807604641e-03
3.665075073e+02,2.305113897e-02
3.667231445e+02,3.599193692e-02
3.669387817e+02,-7.442861097e-04
3.671544495e+02,-2.753858641e-02
3.673700867e+02,-1.554308459e-02
3.675857849e+02,2.221992938e-03
3.678014526e+02,3.051573038e-02
3.680171509e+02,3.982202150e-03
3.682328796e+02,-1.661876775e-02
3.684485779e+02,1.946552657e-02
3.686643066e+02,-1.982952002e-03
3.688800659e+02,8.529410115e-04
3.690958252e+02,-1.446740050e-02
3.693115845e+02,2.001966722e-02
3.695273743e+02,4.684656113e-02
3.697431641e+02,1.561914291e-02
3.699589539e+02,-1.863974892e-02
3.701747742e+02,1.881359704e-02
3.703906250e+02,-9.284561500e-03
3.706064453e+02,2.352378797e-03
3.708222961e+02,-7.687334437e-03
3.710381775e+02,4.960096441e-03
3.712540283e+02,8.237671852e-02
3.714699097e+02,-1.332652476e-02
3.716858215e+02,-1.570606604e-02
3.719017334e+02,5.271392688e-02
3.721176453e+02,9.360619821e-03
3.723335876e+02,-3.091232153e-03
3.725495300e+02,-1.896571368e-02
3.727654724e+02,-1.808561012e-02
3.729814453e+02,1.353296824e-02
3.731974182e+02,-1.091438532e-02
3.734134216e+02,-1.094698161e-02
3.736294250e+02,3.982202150e-03
3.738454285e+02,3.641569242e-02
3.740614624e+02,-1.401105057e-02
3.742774963e+02,-1.070250873e-03
3.744935608e+02,5.416447297e-03
3.747096252e+02,-1.172929723e-02
3.749256897e+02,-2.841868997e-02
3.751417847e+02,-2.447451837e-02
3.753578796e+02,6.557323504e-03
3.755739746e+02,1.737935282e-02
3.757901001e+02,-1.733588986e-02
3.760062256e+02,-1.049063168e-02
3.762223816e+02,8.610901423e-03
3.764385376e+02,3.941456601e-02
3.766546936e+02,-2.418114990e-02
3.768708801e+02,2.507212013e-02
3.770870667e+02,-1.453259401e-02
3.773032837e+02,-6.774633657e-03
3.775194702e+02,-6.709440611e-03
3.777357178e+02,-1.335912105e-02
3.779519348e+02,2.210584097e-02
3.781681824e+02,2.634338289e-02
3.783844604e+02,-1.674915478e-02
3.786007385e+02,-2.098669484e-02
3.788170166e+02,-1.355469972e-02
3.790332947e+02,5.600617081e-02
3.792496033e+02,-2.307286859e-02
3.794659424e+02,3.110246733e-02
3.796822510e+02,-9.838702157e-03
3.798986206e+02,9.393217042e-03
3.801149597e+02,-3.219988197e-02
3.803313293e+02,-2.639770880e-02
3.805476990e+02,-1.249531488e-04
3.807640991e+02,-1.032764930e-02
3.809804993e+02,-8.274070919e-03
3.811968994e+02,-2.323585190e-02
3.814133301e+02,-5.796739366e-03
3.816297607e+02,8.203445468e-04
3.818462219e+02,-2.797863912e-03
3.820626831e+02,1.115342602e-02
3.822791443e+02,2.156799892e-03
3.824956360e+02,-3.482389729e-03
3.827121277e+02,-2.170381695e-02
3.829286194e+02,-1.006687712e-02
3.831451416e+02,4.303277656e-02
3.833616638e+02,5.303989351e-02
3.835782166e+02,-1.850936376e-02
3.837947693e+02,-2.519164048e-02
3.840113220e+02,1.174016297e-02
3.842279053e+02,1.193574164e-02
3.844444885e+02,-1.192487590e-02
3.846610718e+02,-2.639770880e-02
3.848776855e+02,3.064611554e-02
3.850943298e+02,-1.689583762e-03
3.853109436e+02,5.416447297e-03
3.855275879e+02,1.441307366e-02
3.857442627e+02,-9.577929974e-03
3.859609070e+02,3.468807787e-02
3.861776123e+02,-1.912869699e-02
3.863942871e+02,-8.795614354e-03
3.866109924e+02,1.604289748e-02
3.868276978e+02,-7.948106155e-03
3.870444336e+02,-9.219368920e-03
3.872611694e+02,-7.198387757e-03
3.874779358e+02,-4.101722501e-03
3.876947021e+02,1.923735067e-02
3.879114685e+02,-2.039995790e-02
3.881282349e+02,-1.156631485e-02
3.883450317e+02,-8.274070919e-03
3.885618591e+02,1.125121582e-02
3.887786560e+02,-3.715454414e-02
3.889955139e+02,-1.730329357e-02
3.892123413e+02,2.301854268e-02
3.894291992e+02,8.904269896e-03
3.896460571e+02,1.402191538e-02
3.898629456e+02,-6.970212329e-03
3.900798340e+02,-1.088178903e-02
3.902967224e+02,-5.992318038e-03
3.905136414e+02,6.948481314e-03
3.907305603e+02,-1.723810099e-02
3.909475098e+02,1.421749499e-02
3.911644592e+02,3.395465901e-03
3.913814087e+02,4.101179540e-02
3.915983887e+02,-2.300767601e-02
3.918153687e+02,9.979953058e-03
3.920323486e+02,-5.503370892e-03
3.922493591e+02,9.165041149e-03
3.924663696e+02,1.032221626e-04
3.926834106e+02,3.915379569e-02
3.929004517e+02,1.928624581e-03
3.931174927e+02,-2.574577928e-02
3.933345642e+02,4.238084704e-02
3.935516357e+02,6.705637276e-02
3.937687073e+02,-9.414947592e-03
3.939858093e+02,3.351460770e-02
3.942029114e+02,-3.141756728e-02
3.944200439e+02,7.470024750e-03
3.946371765e+02,2.109535038e-02
3.948543091e+02,9.425813332e-03
3.950714722e+02,2.547957469e-03
3.952886353e+02,1.667852863e-03
3.955058289e+02,-6.318282802e-03
3.957230225e+02,8.529410115e-04
3.959402161e+02,-2.737560309e-02
3.961574402e+02,4.694435373e-02
3.963746643e+02,-7.948106155e-03
3.965918884e+02,-1.368508581e-02
3.968091431e+02,-2.845128812e-02
3.970263977e+02,3.993611038e-02
3.972436829e+02,-7.035405375e-03
3.974609375e+02,-1.805301197e-02
3.976782532e+02,-2.356181666e-02
3.978955383e+02,5.123078823e-03
3.981128845e+02,3.178699315e-02
3.983302002e+02,-1.427182183e-02
3.985475464e+02,1.407081028e-03
3.987648926e+02,3.116765991e-02
3.989822693e+02,1.630366966e-02
3.991996155e+02,3.460658714e-03
3.994170227e+02,-2.378999256e-02
3.996343994e+02,7.372235414e-03
3.998518372e+02,-1.140333246e-02
4.000692444e+02,-3.057005815e-02
4.002866821e+02,-3.327556700e-02
4.005041199e+02,8.643497713e-03
4.007215881e+02,1.046890020e-02
4.009390564e+02,-1.916129328e-02
4.011565247e+02,1.992187649e-02
4.013740234e+02,-9.643122554e-03
4.015915222e+02,3.036904614e-03
4.018090210e+02,3.168920428e-02
4.020265503e+02,-2.105188742e-02
4.022440796e+02,3.380797431e-02
4.024616394e+02,-9.675719775e-03
4.026791992e+02,-1.756406575e-02
4.028967590e+02,-1.009947341e-02
4.031143494e+02,-1.231603324e-02
4.033319397e+02,-7.100597955e-03
4.035495605e+02,-7.361370139e-03
4.037671814e+02,-7.116896450e-04
4.039848022e+02,5.662550405e-02
4.042024231e+02,-2.144304663e-02
4.044200745e+02,-1.270719152e-02
4.046377563e+02,3.721430665e-03
4.048554382e+02,-9.480140172e-03
4.050731201e+02,-3.971336875e-03
4.052908020e+02,-7.393966429e-03
4.055085144e+02,-1.391326077e-02
4.057262268e+02,-9.121579118e-03
4.059439697e+02,-1.313094515e-02
4.061617126e+02,2.005226351e-02
4.063794556e+02,-1.524971612e-02
4.065972290e+02,1.477163471e-02
4.068150024e+02,-1.883532852e-02
4.070328064e+02,-2.264911495e-02
4.072506104e+02,2.976601198e-02
4.074684143e+02,5.675588921e-02
4.076862488e+02,-2.972254902e-02
4.079040833e+02,-1.169670094e-02
4.081219177e+02,-9.186772630e-03
4.083397827e+02,-3.319407348e-03
4.085576477e+02,-5.144809838e-03
4.087755432e+02,-3.840951016e-03
4.089934387e+02,5.574540049e-02
4.092113342e+02,-1.037654351e-03
4.094292603e+02,5.090482533e-03
4.096471863e+02,-1.857455634e-02
4.098651123e+02,1.030591782e-02
4.100830688e+02,1.099044364e-02
4.103010254e+02,-3.547582775e-03
4.105189819e+02,-2.861426957e-02
4.107369690e+02,-1.326133125e-02
4.109549866e+02,3.175439686e-02
4.111729736e+02,-1.787373214e-03
4.113909912e+02,-6.742036901e-03
4.116090393e+02,-4.427687265e-03
4.118270874e+02,1.366335433e-02
4.120451355e+02,-2.590876259e-02
4.122631836e+02,8.904269896e-03
4.124812622e+02,6.003183778e-03
4.126993713e+02,-7.393966429e-03
4.129174500e+02,2.580553992e-03
4.131355591e+02,-2.378999256e-02
4.133536987e+02,-3.514986252e-03
4.135718079e+02,2.142131515e-02
4.137899780e+02,-1.195747219e-02
4.140081177e+02,-1.541269850e-02
4.142262878e+02,1.174016297e-02
4.144444580e+02,-1.661876775e-02
4.146626587e+02,1.178905717e-03
4.148808594e+02,-1.684694365e-02
4.150990906e+02,1.832465082e-02
4.153172913e+02,1.271805726e-02
4.155355225e+02,5.595727707e-04
4.157537842e+02,6.622516550e-03
4.159720459e+02,6.557323504e-03
4.161903076e+02,-5.698950030e-03
4.164085999e+02,-7.915509865e-03
4.166268921e+02,-2.643030696e-02
4.168451843e+02,4.016428441e-02
4.170635071e+02,-1.117515750e-02
4.172818298e+02,-5.568563938e-03
4.175001831e+02,1.138160191e-02
4.177185364e+02,2.417571610e-03
4.179368896e+02,1.428268757e-02
4.181552734e+02,-3.135237470e-02
4.183736572e+02,-2.308916766e-03
4.185920410e+02,9.556199424e-03
4.188104553e+02,1.646665111e-02
4.190288696e+02,1.930254325e-02
4.192473145e+02,-2.232315019e-02
4.194657288e+02,9.181339410e-04
4.196842041e+02,-1.684694365e-02
4.199026489e+02,2.523510158e-02
4.201211243e+02,-2.571318299e-02
4.203396301e+02,1.428268757e-02
4.205581360e+02,1.170756575e-02
4.207766418e+02,-3.353633732e-02
4.209951477e+02,-1.469557639e-02
4.212136841e+02,-1.352210343e-02
4.214322205e+02,-1.591794426e-03
4.216507874e+02,1.141419820e-02
4.218693542e+02,-1.110996399e-02
4.220879211e+02,6.966409087e-02
4.223065186e+02,-3.091232153e-03
4.225251160e+02,1.154458337e-02
4.227437439e+02,-7.296177093e-03
4.229623718e+02,2.282296307e-02
4.231809998e+02,1.863431651e-03
4.233996277e+02,1.649924740e-02
4.236182861e+02,-1.551048830e-02
4.238369751e+02,4.091400653e-02
4.240556641e+02,2.054120973e-02
4.242743530e+02,1.314181089e-02
4.244930420e+02,-1.730329357e-02
4.247117615e+02,5.470231175e-02
4.249304810e+02,5.253464915e-03
4.251492310e+02,-1.022985950e-02
4.253679810e+02,-1.792262681e-02
4.255867310e+02,9.393217042e-03
4.258055115e+02,2.148650773e-02
4.260242920e+02,4.508635402e-02
4.262430725e+02,-1.547789108e-02
4.264618835e+02,-1.632539928e-02
4.266806946e+02,-2.048145048e-03
4.268995361e+02,-2.434413135e-02
4.271183777e+02,-1.955245063e-02
4.273372192e+02,-1.754776691e-03
4.275560913e+02,-2.145934384e-03
4.277749634e+02,2.552847005e-02
4.279938354e+02,-2.564799041e-02
4.282127380e+02,2.862513438e-02
4.284316406e+02,3.234113380e-02
4.286505737e+02,1.490202080e-02
4.288695068e+02,-3.334075958e-02
4.290884399e+02,5.612025969e-03
4.293074036e+02,2.500692755e-02
4.295263672e+02,6.190613285e-02
4.297453308e+02,1.988928020e-02
4.299643250e+02,-2.960846294e-03
4.301833191e+02,7.161988318e-02
4.304023438e+02,-2.056294121e-02
4.306213379e+02,-2.779935859e-02
4.308403931e+02,1.451086253e-02
4.310594177e+02,-1.339171734e-02
4.312784729e+02,1.887878962e-02
4.314975586e+02,-2.616953477e-02
4.317166138e+02,7.665603887e-03
4.319357300e+02,-7.654738147e-03
4.321548157e+02,-2.186680026e-02
4.323739319e+02,-2.277950197e-02
4.325930481e+02,-7.198387757e-03
4.328121948e+02,3.786623478e-03
4.330313416e+02,-1.257680543e-02
4.332504883e+02,4.617833474e-04
4.334696655e+02,2.156799892e-03
4.336888428e+02,-9.023790248e-03
4.339080200e+02,-2.251872979e-02
4.341272278e+02,-2.734300680e-02
4.343464355e+02,5.514236633e-03
4.345656738e+02,5.030179024e-02
4.347849121e+02,-2.731041051e-02
4.350041504e+02,-3.190651163e-02
4.352234192e+02,1.219651289e-02
4.354426880e+02,8.338721097e-02
4.356619568e+02,-2.620213106e-02
4.358812561e+02,-2.535462193e-02
4.361005554e+02,-4.134319257e-03
4.363198853e+02,-2.602285007e-03
4.365392151e+02,-1.648838259e-02
4.367585449e+02,-2.336623706e-02
4.369778748e+02,-6.350879092e-03
4.371972351e+02,1.516279206e-02
4.374166260e+02,4.153333977e-02
4.376360168e+02,-1.700992510e-02
4.378554077e+02,9.339432418e-02
4.380747986e+02,1.268546004e-02
4.382942200e+02,-1.456519030e-02
4.385136414e+02,-2.137785219e-02
4.387330933e+02,4.622723162e-02
4.389525452e+02,2.184506878e-02
4.391719971e+02,-4.623266403e-03
4.393914795e+02,-8.860807866e-03
4.396109619e+02,2.784281969e-02
4.398304443e+02,5.807604641e-03
4.400499573e+02,-3.347114474e-02
4.402694702e+02,-3.399268910e-02
4.404890137e+02,-6.790931802e-04
4.407085571e+02,-1.596683823e-02
4.409281006e+02,8.643497713e-03
4.411476746e+02,-4.525477067e-03
4.413672485e+02,1.438047644e-02
4.415868225e+02,1.855282485e-02
4.418064270e+02,-2.111708187e-02
4.420260315e+02,1.050149649e-02
4.422456360e+02,-4.525477067e-03
4.424652710e+02,5.118189380e-02
4.426849060e+02,-3.233026713e-02
4.429045715e+02,-2.356181666e-02
4.431242371e+02,-1.642319001e-02
4.433439026e+02,-2.276320243e-03
4.435635986e+02,-2.206237800e-02
4.437832947e+02,-1.078399923e-02
4.440029907e+02,1.178905717e-03
4.442227173e+02,-7.980702445e-03
4.444424438e+02,-4.003933165e-03
4.446622009e+02,-1.948725805e-02
4.448819580e+02,6.850691978e-03
4.451017151e+02,-8.371860720e-03
4.453215027e+02,-1.417403296e-02
4.455412903e+02,-1.081659552e-02
4.457610779e+02,-7.882913575e-03
4.459808960e+02,-2.765267389e-03
4.462007141e+02,-5.535967648e-03
4.464205322e+02,4.471149296e-03
4.466403809e+02,1.255507488e-02
4.468602600e+02,1.884619333e-02
4.470801086e+02,-1.443480421e-02
4.472999878e+02,-2.304027230e-02
4.475198669e+02,1.048519858e-03
4.477397766e+02,-1.032764930e-02
4.479596863e+02,-1.694473252e-02
4.481796265e+02,2.425720729e-02
4.483995361e+02,4.471149296e-03
4.486194763e+02,2.914667875e-02
4.488394470e+02,-2.525683306e-02
4.490594177e+02,-2.284469455e-02
4.492793884e+02,2.184506878e-02
4.494993896e+02,-8.143684827e-03
4.497193909e+02,-1.573866233e-02
4.499393921e+02,-6.546458229e-03
4.501594238e+02,2.710939851e-03
4.503794556e+02,1.545616053e-02
4.505994873e+02,2.249699831e-02
4.508195496e+02,4.557530209e-02
4.510396118e+02,-1.852566143e-03
4.512597046e+02,-5.210002884e-03
4.514797974e+02,-2.080741571e-03
4.516998901e+02,-2.310546674e-02
4.519200134e+02,-4.329897929e-03
4.521401367e+02,3.028755449e-02
4.523602600e+02,-1.906350255e-02
4.525804138e+02,-1.234863047e-02
4.528005676e+02,6.263955496e-03
4.530207520e+02,-7.491755765e-03
4.532409058e+02,-2.874465473e-02
4.534611206e+02,-1.135443803e-03
4.536813049e+02,2.605001442e-02
4.539015198e+02,-2.504495671e-03
4.541217346e+02,-8.730421774e-03
4.543419800e+02,-7.198387757e-03
4.545622253e+02,-1.414143573e-02
4.547825012e+02,2.383345366e-02
4.550027466e+02,-1.850936376e-02
4.552230225e+02,4.634131677e-03
4.554433289e+02,-1.192487590e-02
4.556636353e+02,-6.285686512e-03
4.558839417e+02,-1.208785828e-02
4.561042786e+02,-2.183420397e-02
4.563246155e+02,3.188478202e-02
4.565449524e+02,4.617833474e-04
4.567653198e+02,-9.056386538e-03
4.569856873e+02,-1.808561012e-02
4.572060547e+02,9.197637439e-03
4.574264526e+02,-1.436961163e-02
4.576468506e+02,-1.022985950e-02
4.578672791e+02,2.347489260e-02
4.580877075e+02,-1.544529479e-02
4.583081360e+02,4.340763669e-03
4.585285645e+02,-5.405581556e-03
4.587490234e+02,-1.479336526e-02
4.589695129e+02,8.741287515e-03
4.591900024e+02,-3.221618012e-03
4.594104919e+02,-9.235666948e-05
4.596309814e+02,-1.896571368e-02
4.598515015e+02,3.589414805e-02
4.600720215e+02,-9.382351302e-03
4.602925720e+02,1.053409278e-02
4.605130920e+02,-1.461408450e-03
4.607336731e+02,4.062063619e-02
4.609542236e+02,-1.436961163e-02
4.611748047e+02,-2.656069212e-02
4.613954163e+02,4.617833474e-04
4.616159973e+02,1.477163471e-02
4.618366394e+02,-2.053034492e-02
4.620572510e+02,1.190314535e-02
4.622778931e+02,3.116765991e-02
4.624985352e+02,2.781022340e-02
4.627192078e+02,1.602659817e-03
4.629398499e+02,1.007774286e-02
4.631605530e+02,7.877480821e-04
4.633812256e+02,1.203353051e-02
4.636019287e+02,-2.704963833e-02
4.638226624e+02,-1.521711983e-02
4.640433655e+02,-9.969087318e-03
4.642641296e+02,3.784993663e-02
4.644848633e+02,-1.560827717e-02
4.647056274e+02,-3.285181150e-02
4.649263916e+02,-4.655862693e-03
4.651471863e+02,-4.753652029e-03
4.653679504e+02,-2.395297401e-02
4.655887756e+02,-2.447451837e-02
4.658095703e+02,3.069501137e-03
4.660303955e+02,4.405956250e-03
4.662512512e+02,-5.666353274e-03
4.664720764e+02,1.154458337e-02
4.666929626e+02,-7.491755765e-03
4.669138184e+02,3.543779626e-02
4.671347046e+02,-1.665136404e-02
4.673555908e+02,-1.935687102e-02
4.675765076e+02,5.607136339e-02
4.677973938e+02,4.992692731e-03
4.680183411e+02,-1.494004973e-03
4.682392578e+02,-1.590164565e-02
4.684602051e+02,-7.752527483e-03
4.686811829e+02,3.395465901e-03
4.689021301e+02,-2.760377899e-02
4.691231384e+02,9.751778096e-03
4.693441162e+02,-1.541269850e-02
4.695651245e+02,3.721430665e-03
4.697861328e+02,1.961220987e-03
4.700071411e+02,-3.171093389e-02
4.702281799e+02,2.106275409e-02
4.704492493e+02,7.567814086e-03
4.706702881e+02,-5.796739366e-03
4.708913574e+02,-1.163150743e-02
4.711124573e+02,-1.982952002e-03
4.713335266e+02,1.842243969e-02
4.715546265e+02,-8.567439392e-03
4.717757568e+02,2.445278689e-02
4.719968872e+02,6.166166160e-03
4.722180176e+02,2.565885708e-02
4.724391479e+02,2.357268147e-02
4.726603088e+02,-5.307792220e-03
4.728814697e+02,4.112588242e-03
4.731026611e+02,-9.317157790e-03
4.733238525e+02,-3.386230022e-02
4.735450439e+02,-1.215305086e-02
4.737662659e+02,-1.391326077e-02
4.739874878e+02,-1.137073617e-02
4.742087097e+02,-1.769445091e-02
4.744299622e+02,-3.487279266e-02
4.746512146e+02,-9.773508646e-03
4.748724976e+02,1.063188259e-02
4.750937805e+02,-3.008111008e-02
4.753150635e+02,-1.244641934e-02
4.755363464e+02,1.276695170e-03
4.757576599e+02,9.328023531e-03
4.759790039e+02,-9.349755011e-03
4.762003174e+02,-2.261651866e-02
4.764216614e+02,-8.763018064e-03
4.766430359e+02,-9.610526264e-03
4.768643799e+02,6.899586297e-04
4.770857544e+02,-6.709440611e-03
4.773071594e+02,2.445278689e-02
4.775285645e+02,2.939115278e-03
4.777499695e+02,-1.094698161e-02
4.779714050e+02,1.861801744e-02
4.781928101e+02,-9.512737393e-03
4.784142761e+02,-7.133194711e-03
4.786357117e+02,-3.840951016e-03
4.788571777e+02,-1.313094515e-02
4.790786743e+02,1.182002425e-01
4.793001404e+02,1.024072524e-02
4.795216370e+02,-2.098669484e-02
4.797431641e+02,-1.852566143e-03
4.799646912e+02,-8.632631972e-03
4.801862183e+02,-1.609722525e-02
4.804077454e+02,-1.652097888e-02
4.806293030e+02,-2.056294121e-02
4.808508606e+02,-9.447543882e-03
4.810724487e+02,-6.676843856e-03
4.812940369e+02,-1.978062652e-02
4.815156250e+02,2.336080506e-04
4.817372437e+02,3.965904179e-04
4.819588623e+02,-1.342431363e-02
4.821804810e+02,-5.568563938e-03
4.824021301e+02,-2.838609368e-02
4.826237793e+02,1.323960070e-02
4.828454590e+02,1.385893300e-02
4.830671082e+02,-1.233233139e-03
4.832888184e+02,-2.160602808e-02
4.835104980e+02,-1.200636732e-03
4.837322083e+02,4.257642478e-02
4.839539185e+02,-1.746627688e-02
4.841756592e+02,1.812907122e-02
4.843973999e+02,5.416447297e-03
4.846191406e+02,2.608261071e-02
4.848409119e+02,-1.997620426e-02
4.850626831e+02,-1.498894393e-02
4.852844543e+02,-7.230984047e-03
4.855062561e+02,2.810359187e-02
4.857280579e+02,-2.287729084e-02
4.859498901e+02,8.415322751e-03
4.861717224e+02,5.546832923e-03
4.863935547e+02,-8.632631972e-03
4.866154175e+02,-1.218564808e-02
4.868372498e+02,-2.467009611e-02
4.870591431e+02,-4.166915547e-03
4.872810059e+02,-5.927124992e-03
4.875028992e+02,1.425009128e-02
4.877248230e+02,-1.714031212e-02
4.879467163e+02,3.142843023e-02
4.881686707e+02,3.139583394e-02
4.883905945e+02,-3.070044331e-02
4.886125488e+02,-2.874465473e-02
4.888345032e+02,1.265286375e-02
4.890564575e+02,3.947975859e-02
4.892784424e+02,2.010115713e-04
4.895004578e+02,-1.055582426e-02
4.897224426e+02,-1.303315628e-02
4.899444580e+02,-8.176282048e-03
4.901664734e+02,1.884619333e-02
4.903885193e+02,-1.133813988e-02
4.906105652e+02,-1.133813988e-02
4.908326111e+02,2.539808489e-02
4.910546875e+02,2.028043754e-02
4.912767639e+02,-2.232315019e-02
4.914988708e+02,1.702079177e-02
4.917209778e+02,3.556818515e-02
4.919430847e+02,-1.459778659e-02
4.921651917e+02,-2.317065932e-02
4.923873291e+02,-2.895653248e-03
4.926094666e+02,1.291363593e-02
4.928316345e+02,-1.538010221e-02
4.930538025e+02,-2.502865717e-02
4.932759705e+02,-1.332652476e-02
4.934981689e+02,-5.275195930e-03
4.937203674e+02,-2.568058670e-02
4.939425659e+02,8.806480095e-03
4.941647949e+02,-1.283757761e-02
4.943870239e+02,-4.232108593e-03
4.946092834e+02,-2.307286859e-02
4.948315125e+02,-1.137073617e-02
4.950538025e+02,6.557323504e-03
4.952760620e+02,-4.835143336e-04
4.954983521e+02,-2.854907699e-02
4.957206421e+02,1.504870481e-03
4.959429626e+02,-7.263580337e-03
4.961652832e+02,2.966822311e-02
4.963876038e+02,-1.280498039e-02
4.966099548e+02,1.341888099e-03
4.968323059e+02,-1.577126049e-02
4.970546570e+02,1.602659817e-03
4.972770386e+02,-1.264199801e-02
4.974994202e+02,8.529410115e-04
4.977218018e+02,9.360619821e-03
4.979442139e+02,-5.666353274e-03
4.981666260e+02,-2.105188742e-02
4.983890686e+02,-7.752527483e-03
4.986115112e+02,1.711858064e-02
4.988339539e+02,-1.124035008e-02
4.990564270e+02,-6.448668893e-03
4.992788696e+02,-1.591794426e-03
4.995013733e+02,2.151910402e-02
4.997238464e+02,-1.233233139e-03
4.999463501e+02,-2.431153506e-02
5.001688843e+02,-1.159891114e-02
5.003914185e+02,3.628530726e-02
5.006139526e+02,-8.078492247e-03
5.008364868e+02,2.041082457e-02
5.010590515e+02,-7.491755765e-03
5.012816162e+02,-8.795614354e-03
5.015041809e+02,-1.756406575e-02
5.017267761e+02,-1.671655662e-02
5.019493713e+02,8.643497713e-03
5.021719971e+02,2.776132897e-03
5.023946228e+02,-7.719931193e-03
5.026172485e+02,-2.271430753e-02
5.028399048e+02,-2.150823921e-02
5.030625610e+02,1.961220987e-03
5.032852173e+02,1.030591782e-02
5.035079041e+02,-2.048145048e-03
5.037305908e+02,-2.163862437e-02
5.039532776e+02,3.198257089e-02
5.041759949e+02,3.256930783e-02
5.043987122e+02,1.350037195e-02
5.046214600e+02,-5.927124992e-03
5.048441772e+02,2.177987620e-02
5.050669556e+02,-1.852566143e-03
5.052897034e+02,-6.187896710e-03
5.055124817e+02,2.054120973e-02
5.057352600e+02,1.863431651e-03
5.059580688e+02,-1.205526199e-02
5.061808777e+02,-2.053034492e-02
5.064036865e+02,-1.743368059e-02
5.066265259e+02,3.556818515e-02
5.068493652e+02,2.662045299e-04
5.070722046e+02,-2.522423677e-02
5.072950745e+02,-2.789714746e-02
5.075179443e+02,2.885331027e-02
5.077408142e+02,2.927706391e-02
5.079637146e+02,6.524727214e-03
5.081866150e+02,-1.208785828e-02
5.084095459e+02,-2.537091961e-03
5.086324768e+02,-5.698950030e-03
5.088554077e+02,-3.743161447e-03
5.090783386e+02,-9.969087318e-03
5.093013000e+02,-1.787373214e-03
5.095242920e+02,-9.643122554e-03
5.097472534e+02,-1.531490870e-02
5.099702454e+02,-5.405581556e-03
5.101932373e+02,1.033851411e-02
5.104162598e+02,-1.573866233e-02
5.106392822e+02,-3.190651163e-02
5.108623352e+02,3.721430665e-03
5.110853577e+02,-5.633756984e-03
5.113084106e+02,-1.674915478e-02
5.115314941e+02,2.679973282e-02
5.117545776e+02,-2.330104448e-02
5.119776611e+02,-7.524352055e-03
5.122007446e+02,-7.133194711e-03
5.124238892e+02,-3.057005815e-02
5.126469727e+02,-1.221824437e-02
5.128701172e+02,-2.439302625e-03
5.130932617e+02,-6.024914794e-03
5.133164062e+02,-1.658617146e-02
5.135395508e+02,-1.466298010e-02
5.137627563e+02,-2.537091961e-03
5.139859619e+02,1.949812286e-02
5.142091064e+02,-1.531490870e-02
5.144323120e+02,-1.428812044e-03
5.146555786e+02,-1.661876775e-02
5.148787842e+02,4.756368697e-02
5.151019897e+02,1.441307366e-02
5.153252563e+02,-1.231603324e-02
5.155485229e+02,7.307042368e-03
5.157717896e+02,1.288103871e-02
5.159950562e+02,-9.480140172e-03
5.162183838e+02,-5.796739366e-03
5.164416504e+02,-1.722180285e-03
5.166649780e+02,-1.974802837e-02
5.168883057e+02,-2.590876259e-02
5.171116333e+02,1.226170640e-02
5.173350220e+02,4.291868827e-04
5.175583496e+02,1.276695170e-03
5.177817383e+02,1.048519858e-03
5.180051270e+02,-1.055582426e-02
5.182285156e+02,1.464124862e-02
5.184519043e+02,-2.535462193e-02
5.186752930e+02,-5.601160228e-03
5.188987427e+02,-1.375027839e-02
5.191221313e+02,1.276695170e-03
5.193455811e+02,-2.698444575e-02
5.195690308e+02,-2.880984917e-02
5.197925415e+02,1.050149649e-02
5.200159912e+02,-9.251965210e-03
5.202395020e+02,-3.216728568e-02
5.204629517e+02,-2.740819938e-02
5.206864624e+02,2.109535038e-02
5.209099731e+02,-1.754776691e-03
5.211335449e+02,-1.880273223e-02
5.213570557e+02,2.645747038e-03
5.215806274e+02,-9.317157790e-03
5.218041992e+02,-2.471899148e-03
5.220277710e+02,-2.219276503e-02
5.222513428e+02,-1.065361314e-02
5.224749146e+02,-8.991193958e-03
5.226985474e+02,-3.906143829e-03
5.229221191e+02,-2.574577928e-02
5.231457520e+02,-2.313806303e-02
5.233693848e+02,1.134900469e-02
5.235930176e+02,-1.234863047e-02
5.238167114e+02,-1.234863047e-02
5.240403442e+02,-2.178530907e-03
5.242640381e+02,-3.857249103e-04
5.244877319e+02,2.764724009e-02
5.247114258e+02,-1.528231241e-02
5.249351196e+02,2.543068118e-02
5.251588745e+02,-1.531490870e-02
5.253826294e+02,2.971711801e-03
5.256063232e+02,-4.232108593e-03
5.258300781e+02,-1.228343695e-02
5.260538330e+02,2.259478718e-02
5.262776489e+02,1.636886224e-02
5.265014038e+02,-8.404457010e-03
5.267252197e+02,-5.438177846e-03
5.269490356e+02,2.119313926e-02
5.271728516e+02,-2.049774863e-02
5.273966675e+02,-2.939658426e-02
5.276204834e+02,5.356143788e-02
5.278443604e+02,-4.166915547e-03
5.280682373e+02,4.145184532e-03
5.282921143e+02,2.979860827e-02
5.285159912e+02,-2.219276503e-02
5.287398682e+02,2.314892784e-02
5.289637451e+02,-1.000168454e-02
5.291876831e+02,-3.392749280e-02
5.294116211e+02,-6.872422993e-03
5.296355591e+02,3.688834142e-03
5.298594971e+02,-1.782483794e-02
5.300834351e+02,-8.045895956e-03
5.303074341e+02,-3.735012561e-02
5.305313721e+02,-8.502246812e-03
5.307553711e+02,-6.416072138e-03
5.309793701e+02,-9.072684916e-04
5.312033691e+02,-2.991812862e-02
5.314274292e+02,6.545914710e-02
5.316514282e+02,-1.762925833e-02
5.318754883e+02,-7.393966429e-03
5.320995483e+02,-2.137785219e-02
5.323236084e+02,1.438047644e-02
5.325476685e+02,2.533289231e-02
5.327717285e+02,4.047395196e-03
5.329958496e+02,-2.405076288e-02
5.332199707e+02,-8.600035682e-03
5.334440308e+02,2.076938562e-02
5.336682129e+02,-3.373191506e-02
5.338923340e+02,-3.464461863e-02
5.341164551e+02,2.927706391e-02
5.343406372e+02,-1.656987355e-03
5.345648193e+02,-1.313094515e-02
5.347890015e+02,8.545708843e-03
5.350131836e+02,8.024164476e-03
5.352373657e+02,-2.504495671e-03
5.354616089e+02,-1.925908215e-02
5.356857910e+02,1.819426380e-02
5.359100342e+02,-9.610526264e-03
5.361342773e+02,-4.492880311e-03
5.363585205e+02,2.810359187e-02
5.365828247e+02,-2.015548525e-03
5.368070679e+02,-7.230984047e-03
5.370313721e+02,-7.393966429e-03
5.372556763e+02,-2.636511251e-02
5.374799805e+02,-3.607886285e-02
5.377042847e+02,1.178905717e-03
5.379285889e+02,1.310921460e-02
5.381529541e+02,-9.708316065e-03
5.383773193e+02,-3.050486557e-02
5.386016846e+02,1.848763227e-02
5.388260498e+02,-3.189021489e-03
5.390504150e+02,2.319782274e-03
5.392747803e+02,1.115342602e-02
5.394992065e+02,-1.494004973e-03
5.397236328e+02,-6.644247565e-03
5.399480591e+02,4.014798906e-03
5.401724854e+02,-2.349662408e-02
5.403969116e+02,-4.835143336e-04
5.406213989e+02,2.337710373e-02
5.408458252e+02,-2.356181666e-02
5.410703125e+02,-2.167122066e-02
5.412947998e+02,2.057380602e-02
5.415192871e+02,1.684151066e-04
5.417438354e+02,-1.505413745e-02
5.419683228e+02,-1.782483794e-02
5.421928711e+02,4.340763669e-03
5.424174194e+02,1.020812802e-02
5.426419678e+02,-8.274070919e-03
5.428665161e+02,-8.111088537e-03
5.430910645e+02,3.036904614e-03
5.433156738e+02,1.698819548e-02
5.435402832e+02,-2.959216386e-02
5.437648315e+02,-9.838702157e-03
5.439895020e+02,-3.123828676e-03
5.442141113e+02,5.188271869e-03
5.444387207e+02,-1.518452354e-02
5.446633911e+02,7.795989513e-03
5.448880615e+02,7.600410841e-03
5.451127319e+02,-8.339264430e-03
5.453374023e+02,-1.922648586e-02
5.455620728e+02,-6.676843856e-03
5.457867432e+02,3.693723679e-02
5.460114746e+02,-8.534843102e-03
5.462362061e+02,-2.023697644e-02
5.464609375e+02,-8.404457010e-03
5.466856689e+02,-4.916634411e-03
5.469104004e+02,-1.965023950e-02
5.471351929e+02,-1.629280299e-02
5.473599243e+02,-1.674915478e-02
5.475847168e+02,3.004308091e-03
5.478095093e+02,-2.405076288e-02
5.480343018e+02,-3.043967299e-02
5.482591553e+02,1.920475438e-02
5.484839478e+02,-9.317157790e-03
5.487088013e+02,-7.328773383e-03
5.489336548e+02,-1.841157302e-02
5.491585083e+02,-3.311258182e-02
5.493833618e+02,-3.580179065e-03
5.496082764e+02,4.886754602e-02
5.498331299e+02,1.542356424e-02
5.500580444e+02,-2.828830481e-02
5.502829590e+02,1.946552657e-02
5.505078735e+02,8.773883805e-03
5.507327881e+02,-3.058635630e-03
5.509577637e+02,-1.417403296e-02
5.511826782e+02,-1.107736770e-02
5.514076538e+02,1.374484622e-03
5.516326294e+02,-1.078399923e-02
5.518576050e+02,-3.004851379e-02
5.520825806e+02,-7.915509865e-03
5.523076172e+02,-9.708316065e-03
5.525325928e+02,-2.336623706e-02
5.527576294e+02,-9.724614210e-04
5.529826660e+02,-2.439302625e-03
5.532077026e+02,-8.176282048e-03
5.534328003e+02,-4.460284021e-03
5.536578369e+02,8.203445468e-04
5.538829346e+02,1.526058186e-02
5.541080322e+02,3.558448283e-03
5.543331299e+02,-2.548500896e-02
5.545582275e+02,-1.531490870e-02
5.547833252e+02,8.545708843e-03
5.550084839e+02,2.318152413e-02
5.552335815e+02,-2.137785219e-02
5.554587402e+02,-2.910321765e-02
5.556838989e+02,2.976601198e-02
5.559091187e+02,-4.835143336e-04
5.561342773e+02,3.380797431e-02
5.563594971e+02,-3.034188226e-02
5.565846558e+02,4.503746051e-03
5.568098755e+02,1.558654662e-02
5.570350952e+02,1.537466887e-03
5.572603760e+02,-2.268171124e-02
5.574855957e+02,1.069707517e-02
5.577108765e+02,-1.348950621e-02
5.579360962e+02,-2.440932393e-02
5.581613770e+02,-3.673079237e-02
5.583866577e+02,-3.482389729e-03
5.586119995e+02,-3.743161447e-03
5.588372803e+02,-1.573866233e-02
5.590626221e+02,-3.620924801e-02
5.592879028e+02,-3.840951016e-03
5.595132446e+02,-2.284469455e-02
5.597386475e+02,-1.062101685e-02
5.599639893e+02,-9.708316065e-03
5.601893311e+02,3.460658714e-03
5.604147339e+02,4.283719510e-02
5.606401367e+02,3.798032179e-02
5.608655396e+02,1.816166751e-02
5.610909424e+02,3.395465901e-03
5.613163452e+02,7.763393223e-03
5.615418091e+02,-5.698950030e-03
5.617672119e+02,1.653184369e-02
5.619926758e+02,1.363075804e-02
5.622181396e+02,-1.612982154e-02
5.624436646e+02,-1.668396033e-02
5.626691284e+02,-8.763018064e-03
5.628945923e+02,3.395465901e-03
5.631201172e+02,6.948481314e-03
5.633456421e+02,-5.698950030e-03
5.635711670e+02,1.193574164e-02
5.637966919e+02,2.168208733e-02
5.640222778e+02,7.144059986e-03
5.642478027e+02,-6.253089756e-03
5.644733887e+02,1.340258308e-02
5.646989746e+02,-4.884038121e-03
5.649245605e+02,4.666728433e-03
5.651501465e+02,-2.075852081e-02
5.653757935e+02,3.623641096e-03
5.656013794e+02,-6.464967155e-04
5.658270264e+02,3.123285249e-02
5.660526733e+02,-2.718002535e-02
5.662783203e+02,-1.065361314e-02
5.665039673e+02,-3.417196916e-03
5.667296753e+02,1.630366966e-02
5.669553223e+02,7.991568185e-03
5.671810303e+02,-1.427182183e-02
5.674067383e+02,1.832465082e-02
5.676324463e+02,-7.915509865e-03
5.678581543e+02,-1.818339899e-02
5.680839233e+02,3.530741110e-02
5.683096313e+02,-8.795614354e-03
5.685354004e+02,-1.518452354e-02
5.687611694e+02,-1.994360797e-02
5.689869385e+02,1.363075804e-02
5.692127686e+02,2.083457820e-02
5.694385376e+02,1.248988137e-02
5.696643677e+02,2.156799892e-03
5.698901978e+02,-1.371768210e-02
5.701160278e+02,-7.296177093e-03
5.703418579e+02,6.242767721e-02
5.705676880e+02,-2.167122066e-02
5.707935791e+02,4.932389408e-02
5.710194092e+02,-6.318282802e-03
5.712453003e+02,-1.331022591e-03
5.714711914e+02,-1.394585706e-02
5.716970825e+02,-1.961764321e-02
5.719230347e+02,2.011745609e-02
5.721489258e+02,3.983832151e-02
5.723748779e+02,-2.763637528e-02
5.726008301e+02,-1.306575257e-02
5.728267822e+02,-5.861932412e-03
5.730527344e+02,3.638309613e-02
5.732786865e+02,3.591044573e-03
5.735046997e+02,-6.742036901e-03
5.737307129e+02,9.181339410e-04
5.739566650e+02,-1.104477141e-02
5.741826782e+02,1.121861953e-02
5.744087524e+02,-3.775757970e-03
5.746347656e+02,1.050149649e-02
5.748608398e+02,-2.858167328e-02
5.750868530e+02,-1.137073617e-02
5.753129272e+02,-8.143684827e-03
5.755390015e+02,-3.221618012e-03
5.757651367e+02,-1.110996399e-02
5.759912109e+02,-2.665848099e-02
5.762173462e+02,-1.819969737e-03
5.764434204e+02,2.547957469e-03
5.766695557e+02,-1.241382305e-02
5.768956909e+02,-2.216016874e-02
5.771218872e+02,3.460658714e-03
5.773480225e+02,-9.284561500e-03
5.775742188e+02,-1.293536648e-02
5.778003540e+02,-1.635799557e-02
5.780265503e+02,-5.698950030e-03
5.782527466e+02,2.523510158e-02
5.784790039e+02,6.035780068e-03
5.787052002e+02,-1.834638044e-02
5.789314575e+02,-1.107736770e-02
5.791577148e+02,-9.806104936e-03
5.793839111e+02,-8.306667209e-03
5.796102295e+02,-1.831378415e-02
5.798364868e+02,7.556405663e-02
5.800627441e+02,-3.352003871e-03
5.802890625e+02,-2.160602808e-02
5.805153809e+02,-3.906143829e-03
5.807416992e+02,1.602659817e-03
5.809680176e+02,-1.124035008e-02
5.811943359e+02,-1.674915478e-02
5.814207153e+02,4.210377578e-03
5.816470337e+02,5.303989351e-02
5.818734131e+02,1.816166751e-02
5.820997925e+02,-6.905019283e-03
5.823261719e+02,-2.229055390e-02
5.825526123e+02,1.222911011e-02
5.827789917e+02,-1.896571368e-02
5.830054321e+02,1.193574164e-02
5.832318726e+02,-8.404457010e-03
5.834583130e+02,-6.839826237e-03
5.836847534e+02,-1.260940172e-02
5.839111938e+02,1.248988137e-02
5.841376953e+02,-1.883532852e-02
5.843641357e+02,-3.156424966e-03
5.845906372e+02,1.565174013e-02
5.848171387e+02,-2.656069212e-02
5.850436401e+02,-2.682146430e-02
5.852702026e+02,-9.724614210e-04
5.854967041e+02,2.158429660e-02
5.857232666e+02,-2.268171124e-02
5.859498291e+02,-7.817720994e-03
5.861763916e+02,-9.545333683e-03
5.864029541e+02,9.181339410e-04
5.866295166e+02,-3.058635630e-03
5.868561401e+02,-2.809272520e-02
5.870827026e+02,-7.768825744e-04
5.873093262e+02,8.203445468e-04
5.875359497e+02,-3.229767084e-02
5.877625732e+02,-3.529654816e-02
5.879892578e+02,4.617833474e-04
5.882158813e+02,-1.534750592e-02
5.884425659e+02,-5.144809838e-03
5.886692505e+02,3.004308091e-03
5.888959351e+02,2.269257791e-02
5.891226196e+02,-7.752527483e-03
5.893493652e+02,3.403614834e-02
5.895760498e+02,-1.120775379e-02
5.898027954e+02,3.230853751e-02
5.900295410e+02,-2.326844819e-02
5.902562866e+02,3.015716933e-02
5.904830322e+02,-9.773508646e-03
5.907097778e+02,1.667852863e-03
5.909365845e+02,-4.297301639e-03
5.911633911e+02,-2.398557030e-02
5.913901978e+02,-1.573866233e-02
5.916170044e+02,5.921692355e-04
5.918438110e+02,-1.404364686e-02
5.920706177e+02,-2.036736161e-02
5.922974854e+02,-2.975514531e-02
5.925242920e+02,4.097919911e-02
5.927511597e+02,-4.003933165e-03
5.929780273e+02,4.503746051e-03
5.932049561e+02,-3.058635630e-03
5.934318237e+02,1.865061559e-02
5.936587524e+02,1.336998586e-02
5.938856201e+02,1.635256340e-03
5.941125488e+02,-8.274070919e-03
5.943394775e+02,4.242974333e-03
5.945664673e+02,3.199886996e-03
5.947933960e+02,-6.937615573e-03
5.950203857e+02,-7.491755765e-03
5.952473145e+02,2.155170031e-02
5.954743042e+02,3.859965503e-02
5.957012939e+02,-2.046515234e-02
5.959283447e+02,-1.570606604e-02
5.961553345e+02,7.600410841e-03
5.963823853e+02,-1.049063168e-02
5.966093750e+02,-2.013918757e-02
5.968364258e+02,7.013674360e-03
5.970634766e+02,-3.580179065e-03
5.972905884e+02,1.262026746e-02
5.975176392e+02,4.112588242e-03
5.977447510e+02,-3.158054873e-02
5.979718018e+02,1.623847522e-02
5.981989136e+02,-1.316354237e-02
5.984260254e+02,-1.753146946e-02
5.986531982e+02,-2.682146430e-02
5.988803101e+02,-1.707511768e-02
5.991074829e+02,-1.159891114e-02
5.993345947e+02,1.245728508e-02
5.995617676e+02,-2.884244546e-02
5.997889404e+02,3.721430665e-03
6.000161743e+02,2.927706391e-02
6.002433472e+02,-1.329392754e-02
6.004705811e+02,7.991568185e-03
6.006977539e+02,-1.661876775e-02
6.009249878e+02,1.105563715e-02
6.011522217e+02,-1.026245579e-02
6.013795166e+02,-1.961764321e-02
6.016067505e+02,1.421749499e-02
6.018340454e+02,-5.014423747e-03
6.020612793e+02,-7.589545101e-03
6.022885742e+02,-1.593424194e-02
6.025158691e+02,3.917009570e-03
6.027432251e+02,4.992692731e-03
6.029705200e+02,1.216391660e-02
6.031978760e+02,1.081116265e-03
6.034251709e+02,2.262738347e-02
6.036525269e+02,-6.513861474e-03
6.038798828e+02,-1.153371856e-02
6.041072998e+02,-2.216016874e-02
6.043346558e+02,2.678343561e-03
6.045620728e+02,-9.398649563e-04
6.047894287e+02,-2.268171124e-02
6.050168457e+02,-2.118227445e-02
6.052442627e+02,9.653988294e-03
6.054717407e+02,-6.090107374e-03
6.056991577e+02,1.245728508e-02
6.059266357e+02,-3.547582775e-03
6.061540527e+02,-3.254214535e-03
6.063815308e+02,-6.611651275e-03
6.066090698e+02,1.558654662e-02
6.068365479e+02,-2.421374619e-02
6.070640259e+02,2.308373526e-02
6.072915649e+02,-8.893404156e-03
6.075191040e+02,5.356143788e-02
6.077465820e+02,-1.802041568e-02
6.079741821e+02,6.438346207e-02
6.082017212e+02,-1.260940172e-02
6.084292603e+02,2.221992938e-03
6.086568604e+02,9.328023531e-03
6.088844604e+02,-1.199006848e-02
6.091119995e+02,-1.055582426e-02
6.093396606e+02,-1.950355596e-03
6.095672607e+02,3.558448283e-03
6.097948608e+02,-1.469557639e-02
6.100225220e+02,3.558448283e-03
6.102501831e+02,5.281171575e-02
6.104777832e+02,2.670194395e-02
6.107055054e+02,-1.831378415e-02
6.109331665e+02,5.546832923e-03
6.111608276e+02,5.052996427e-02
6.113885498e+02,-1.000168454e-02
6.116162720e+02,6.247657002e-04
6.118439331e+02,-4.003933165e-03
6.120716553e+02,-5.813037278e-04
6.122994385e+02,-1.586904936e-02
6.125271606e+02,-1.609722525e-02
6.127549438e+02,-1.648838259e-02
6.129826660e+02,9.034655057e-03
6.132104492e+02,2.412682213e-02
6.134382324e+02,1.842243969e-02
6.136660767e+02,-7.100597955e-03
6.138938599e+02,3.296046704e-02
6.141217041e+02,-1.267459523e-02
6.143494873e+02,4.453221336e-02
6.145773315e+02,5.090482533e-03
6.148051758e+02,-1.961764321e-02
6.150330811e+02,3.283008188e-02
6.152609253e+02,2.210584097e-02
6.154887695e+02,1.167496946e-02
6.157166748e+02,-9.186772630e-03
6.159445801e+02,3.713281453e-02
6.161724854e+02,3.905600682e-02
6.164003906e+02,-5.470774602e-03
6.166283569e+02,-7.165791001e-03
6.168562622e+02,-1.006687712e-02
6.170842285e+02,7.176656742e-03
6.173121948e+02,3.428062191e-03
6.175401611e+02,1.838984340e-02
6.177681274e+02,4.943798413e-04
6.179961548e+02,4.697695002e-02
6.182241211e+02,8.773883805e-03
6.184521484e+02,2.015005238e-02
6.186801758e+02,-1.335912105e-02
6.189082031e+02,4.003389925e-02
6.191362305e+02,4.145184532e-03
6.193642578e+02,5.155675113e-03
6.195923462e+02,3.224334493e-02
6.198203735e+02,5.937990732e-03
6.200484619e+02,1.897658035e-02
6.202765503e+02,2.562625892e-02
6.205046997e+02,1.933514141e-02
6.207327881e+02,5.300729722e-02
6.209608765e+02,1.910696551e-02
6.211890259e+02,2.259478718e-02
6.214171753e+02,1.602659817e-03
6.216453247e+02,3.765435889e-02
6.218734741e+02,2.158429660e-02
6.221016846e+02,1.219651289e-02
6.223298340e+02,2.282296307e-02
6.225580444e+02,1.336998586e-02
6.227862549e+02,2.207324468e-02
6.230144653e+02,2.135612257e-02
6.232426758e+02,1.535837073e-02
6.234708862e+02,7.991568185e-03
6.236991577e+02,3.654607758e-02
6.239273682e+02,8.676094003e-03
6.241556396e+02,2.213843726e-02
6.243839111e+02,7.895408571e-02
6.246121826e+02,3.661127016e-02
6.248404541e+02,1.842243969e-02
6.250687866e+02,6.340557337e-02
6.252971191e+02,1.773791388e-02
6.255253906e+02,5.186641961e-02
6.257537231e+02,3.974053264e-02
6.259821167e+02,3.687204421e-02
6.262104492e+02,5.118189380e-02
6.264387817e+02,3.595934063e-02
6.266671753e+02,1.138649061e-01
6.268955688e+02,7.135911286e-02
6.271239624e+02,4.300018027e-02
6.273523560e+02,3.253671154e-02
6.275807495e+02,4.642280936e-02
6.278092041e+02,5.075724423e-02
6.280375977e+02,3.281464428e-02
6.282660522e+02,4.363608360e-02
6.284945068e+02,5.206823349e-02
6.287229614e+02,4.213562235e-02
6.289514160e+02,7.100881636e-02
6.291799316e+02,5.400358140e-02
6.294083862e+02,6.055700779e-02
6.296369019e+02,7.713093609e-02
6.298654175e+02,5.292712152e-02
6.300939331e+02,4.735437408e-02
6.303224487e+02,4.188544676e-02
6.305510254e+02,9.630843997e-02
6.307795410e+02,4.842400923e-02
6.310081177e+02,7.767087221e-02
6.312366943e+02,1.055157036e-01
6.314652710e+02,8.539640158e-02
6.316938477e+02,6.695345789e-02
6.319224854e+02,3.829143569e-02
6.321510620e+02,6.083552167e-02
6.323796997e+02,7.468862832e-02
6.326083374e+02,6.620081514e-02
6.328369751e+02,9.490676969e-02
6.330656128e+02,4.515827075e-02
6.332943115e+02,1.090082303e-01
6.335229492e+02,1.009767577e-01
6.337516479e+02,7.803766429e-02
6.339803467e+02,8.914282173e-02
6.342090454e+02,6.226416677e-02
6.344377441e+02,7.030935585e-02
6.346664429e+02,6.367478520e-02
6.348952026e+02,1.107572019e-01
6.351239624e+02,1.109459251e-01
6.353526611e+02,6.105539575e-02
6.355814819e+02,9.622352570e-02
6.358102417e+02,9.319940209e-02
6.360390015e+02,8.608710021e-02
6.362678223e+02,1.013610065e-01
6.364965820e+02,8.739338815e-02
6.367254028e+02,9.376342595e-02
6.369542236e+02,9.810450673e-02
6.371830444e+02,7.909264416e-02
6.374119263e+02,1.156938300e-01
6.376407471e+02,7.789479196e-02
6.378696289e+02,9.044864774e-02
6.380984497e+02,9.897757322e-02
6.383273315e+02,8.293664455e-02
6.385562744e+02,9.821373969e-02
6.387851562e+02,1.235767379e-01
6.390140381e+02,1.247393340e-01
6.392429810e+02,1.007139981e-01
6.394719238e+02,8.968013525e-02
6.397008667e+02,1.037477478e-01
6.399298096e+02,1.244556606e-01
6.401587524e+02,1.213233694e-01
6.403877563e+02,1.543323994e-01
6.406166992e+02,9.362698346e-02
6.408457031e+02,1.038398445e-01
6.410747070e+02,8.827007562e-02
6.413037109e+02,9.229121357e-02
6.415327148e+02,1.246990710e-01
6.417617798e+02,1.162405908e-01
6.419907837e+02,8.456242830e-02
6.422198486e+02,8.841636032e-02
6.424489136e+02,1.197186038e-01
6.426779785e+02,1.003243774e-01
6.429070435e+02,9.939392656e-02
6.431361694e+02,1.275913566e-01
6.433652344e+02,1.115361378e-01
6.435943604e+02,1.270852089e-01
6.438234863e+02,8.505095541e-02
6.440526123e+02,9.596432745e-02
6.442817383e+02,9.514427930e-02
6.445108643e+02,8.779945970e-02
6.447400513e+02,9.465063363e-02
6.449692383e+02,8.457601070e-02
6.451983643e+02,1.019891277e-01
6.454275513e+02,1.027283370e-01
6.456567993e+02,1.052962020e-01
6.458859863e+02,1.007905751e-01
6.461151733e+02,1.064417437e-01
6.463444214e+02,9.464987367e-02
6.465736694e+02,9.843394160e-02
6.468029175e+02,8.054306358e-02
6.470321655e+02,1.147653982e-01
6.472614136e+02,1.196956411e-01
6.474907227e+02,8.788169175e-02
6.477200317e+02,1.116888300e-01
6.479492798e+02,1.215674207e-01
6.481785889e+02,1.179149896e-01
6.484078979e+02,1.137709990e-01
6.486372681e+02,1.199002117e-01
6.488665771e+02,1.179634109e-01
6.490959473e+02,1.022315621e-01
6.493253174e+02,1.134423763e-01
6.495546265e+02,1.021941826e-01
6.497840576e+02,1.161391661e-01
6.500134277e+02,1.156304479e-01
6.502427979e+02,1.385529786e-01
6.504722290e+02,9.078697115e-02
6.507016602e+02,1.075876951e-01
6.509310303e+02,1.045875177e-01
6.511605225e+02,8.309019357e-02
6.513899536e+02,1.422775835e-01
6.516193848e+02,1.383472383e-01
6.518488770e+02,1.327868551e-01
6.520783081e+02,1.013280377e-01
6.523078003e+02,1.415333450e-01
6.525372925e+02,1.108887568e-01
6.527667847e+02,1.188633591e-01
6.529963379e+02,1.012462825e-01
6.532258301e+02,1.144472435e-01
6.534553833e+02,1.198231652e-01
6.536849365e+02,1.213294044e-01
6.539144897e+02,1.254657060e-01
6.541440430e+02,1.300731450e-01
6.543735962e+02,1.156538650e-01
6.546032104e+02,1.327134818e-01
6.548327637e+02,1.339659840e-01
6.550623779e+02,1.155259162e-01
6.552919922e+02,1.301946640e-01
6.555216064e+02,1.282733381e-01
6.557512817e+02,1.127623990e-01
6.559808960e+02,1.077738628e-01
6.562105713e+02,1.229022592e-01
6.564402466e+02,1.339687407e-01
6.566698608e+02,1.243645400e-01
6.568995972e+02,1.274865717e-01
6.571292725e+02,1.161087900e-01
6.573589478e+02,1.681651771e-01
6.575886841e+02,1.187335923e-01
6.578184204e+02,1.440764219e-01
6.580480957e+02,1.303455979e-01
6.582778931e+02,1.702645272e-01
6.585076294e+02,1.265813410e-01
6.587373657e+02,1.148709208e-01
6.589671631e+02,1.409352422e-01
6.591968994e+02,1.407831609e-01
6.594266968e+02,1.219739392e-01
6.596564941e+02,1.482747048e-01
6.598862915e+02,1.371015757e-01
6.601161499e+02,1.290164292e-01
6.603459473e+02,1.525547504e-01
6.605758057e+02,1.328360587e-01
6.608056641e+02,1.529480815e-01
6.610355225e+02,1.580331326e-01
6.612653809e+02,1.203190088e-01
6.614952393e+02,1.555231959e-01
6.617251587e+02,1.604126692e-01
6.619550171e+02,1.297393888e-01
6.621849365e+02,1.350200176e-01
6.624148560e+02,1.640634835e-01
6.626447754e+02,1.494276673e-01
6.628747559e+02,1.366498470e-01
6.631046753e+02,1.316951811e-01
6.633346558e+02,1.637375057e-01
6.635645752e+02,1.567944586e-01
6.637945557e+02,1.490691006e-01
6.640245361e+02,1.308150738e-01
6.642545776e+02,1.485149562e-01
6.644845581e+02,1.425824016e-01
6.647145386e+02,1.608364284e-01
6.649445801e+02,1.520679742e-01
6.651746216e+02,1.417022943e-01
6.654046631e+02,1.379536986e-01
6.656347046e+02,1.634115428e-01
6.658648071e+02,1.218510419e-01
6.660948486e+02,1.173201352e-01
6.663249512e+02,1.567944586e-01
6.665550537e+02,1.331620216e-01
6.667851562e+02,1.585546732e-01
6.670152588e+02,1.568922549e-01
6.672453613e+02,1.578375548e-01
6.674755249e+02,1.581309140e-01
6.677056274e+02,1.431365460e-01
6.679357910e+02,1.316951811e-01
6.681659546e+02,1.461680084e-01
6.683961182e+02,1.356067508e-01
6.686262817e+02,1.456790715e-01
6.688565063e+02,1.349874288e-01
6.690866699e+02,1.652695388e-01
6.693168945e+02,1.331294179e-01
6.695471191e+02,1.377255321e-01
6.697773438e+02,1.346288621e-01
6.700075684e+02,1.642590612e-01
6.702378540e+02,1.604126692e-01
6.704680786e+02,1.227963418e-01
6.706983643e+02,1.409199834e-01
6.709286499e+02,1.730926931e-01
6.711589355e+02,1.639330834e-01
6.713892212e+02,1.301305443e-01
6.716195679e+02,1.404962242e-01
6.718498535e+02,1.403658390e-01
6.720802002e+02,1.412785351e-01
6.723105469e+02,1.418652833e-01
6.725408936e+02,1.304565072e-01
6.727712402e+02,1.420282573e-01
6.730015869e+02,1.710391194e-01
6.732319336e+02,1.191129386e-01
6.734623413e+02,1.234156787e-01
6.736927490e+02,1.463635862e-01
6.739231567e+02,1.574137956e-01
6.741535645e+02,1.440166533e-01
6.743839722e+02,1.282073557e-01
6.746144409e+02,1.587176621e-01
6.748448486e+02,1.681380421e-01
6.750753174e+02,1.239372194e-01
6.753057861e+02,1.418000907e-01
6.755362549e+02,1.407244056e-01
6.757667236e+02,1.510900855e-01
6.759971924e+02,1.673557162e-01
6.762277222e+02,1.421260536e-01
6.764582520e+02,1.526873112e-01
6.766887817e+02,1.505359411e-01
6.769193115e+02,1.335857809e-01
6.771498413e+02,1.407569945e-01
6.773803711e+02,1.571204215e-01
6.776109619e+02,1.740379930e-01
6.778414917e+02,1.331294179e-01
6.780720825e+02,1.606734395e-01
6.783026733e+02,1.680728495e-01
6.785332642e+02,1.895539165e-01
6.787638550e+02,1.249803081e-01
6.789945068e+02,1.593695879e-01
6.792250977e+02,1.481889933e-01
6.794557495e+02,1.560121477e-01
6.796864014e+02,2.167719752e-01
6.799170532e+02,1.304239184e-01
6.801477051e+02,1.439840496e-01
6.803784180e+02,1.541541517e-01
6.806090698e+02,1.337813586e-01
6.808397827e+02,1.762219667e-01
6.810704956e+02,1.633137614e-01
6.813012085e+02,1.791556478e-01
6.815319214e+02,1.355741620e-01
6.817626343e+02,1.434625089e-01
6.819934082e+02,1.757982075e-01
6.822241821e+02,1.721474081e-01
6.824548950e+02,1.376277357e-01
6.826856689e+02,1.443752050e-01
6.829164429e+02,1.659540683e-01
6.831472778e+02,1.480586082e-01
6.833780518e+02,1.532740444e-01
6.836088867e+02,1.373343766e-01
6.838397217e+02,1.530784667e-01
6.840705566e+02,1.440166533e-01
6.843013916e+02,1.491994858e-01
6.845322266e+02,1.455812752e-01
6.847630615e+02,1.751788706e-01
6.849939575e+02,1.737772226e-01
6.852248535e+02,1.546430886e-01
6.854556885e+02,1.441796273e-01
6.856865845e+02,1.390293837e-01
6.859175415e+02,1.544475108e-01
6.861484375e+02,1.521331668e-01
6.863793335e+02,1.616513431e-01
6.866102905e+02,2.819975019e-01
6.868412476e+02,1.607060432e-01
6.870722046e+02,1.886738092e-01
6.873031616e+02,1.634115428e-01
6.875341187e+02,1.629877985e-01
6.877651367e+02,1.582287103e-01
6.879960938e+02,1.475370675e-01
6.882271118e+02,1.805246919e-01
6.884581299e+02,1.596303582e-01
6.886891479e+02,1.438536644e-01
6.889201660e+02,1.483193785e-01
6.891512451e+02,1.418652833e-01
6.893822632e+02,1.407569945e-01
6.896133423e+02,1.519049853e-01
6.898444214e+02,1.698004603e-01
6.900755005e+02,1.196344867e-01
6.903065796e+02,1.662148386e-01
6.905377197e+02,1.611297876e-01
6.907687988e+02,1.313366145e-01
6.909999390e+02,1.687573642e-01
6.912310181e+02,1.363564730e-01
6.914621582e+02,1.306846887e-01
6.916933594e+02,1.483193785e-01
6.919244995e+02,1.518072039e-01
6.921556396e+02,1.595651656e-01
6.923868408e+02,1.367150396e-01
6.926180420e+02,1.292830408e-01
6.928492432e+02,1.707783490e-01
6.930804443e+02,1.412785351e-01
6.933116455e+02,1.278162003e-01
6.935428467e+02,1.192107275e-01
6.937741089e+02,1.421912462e-01
6.940053711e+02,1.514160484e-01
6.942365723e+02,1.510574818e-01
6.944678345e+02,1.281095743e-01
6.946991577e+02,1.698982418e-01
6.949304199e+02,1.420934498e-01
6.951616821e+02,1.145494357e-01
6.953930054e+02,1.180372611e-01
6.956243286e+02,1.554580033e-01
6.958556519e+02,1.391923726e-01
6.960869751e+02,1.262189746e-01
6.963182983e+02,1.490364969e-01
6.965496826e+02,1.697678566e-01
6.967810059e+02,1.474066824e-01
6.970123901e+02,1.196670830e-01
6.972437744e+02,1.131477877e-01
6.974751587e+02,1.571204215e-01
6.977065430e+02,1.421260536e-01
6.979379272e+02,1.174179241e-01
6.981693726e+02,1.265123338e-01
6.984008179e+02,1.462006122e-01
6.986322021e+02,1.448967457e-01
6.988636475e+02,1.127892286e-01
6.990951538e+02,1.210687310e-01
6.993265991e+02,1.831324100e-01
6.995580444e+02,1.425497979e-01
6.997895508e+02,1.309780627e-01
7.000210571e+02,1.068240702e-01
7.002525635e+02,1.304565072e-01
7.004840698e+02,2.137404978e-01
7.007155762e+02,1.187543795e-01
7.009470825e+02,1.155273318e-01
7.011786499e+02,1.496232450e-01
7.014102173e+02,1.802639216e-01
7.016417847e+02,1.478630304e-01
7.018733521e+02,1.466569602e-01
7.021049194e+02,1.388012171e-01
7.023364868e+02,1.737120301e-01
7.025681152e+02,1.243935674e-01
7.027996826e+02,1.196018904e-01
7.030313110e+02,1.395835280e-01
7.032629395e+02,1.493298709e-01
7.034945679e+02,1.252084821e-01
7.037261963e+02,1.367476285e-01
7.039578857e+02,1.466895640e-01
7.041895142e+02,1.236764491e-01
7.044212036e+02,1.173853278e-01
7.046528931e+02,1.737120301e-01
7.048845825e+02,1.602170914e-01
7.051162720e+02,1.136367321e-01
7.053480225e+02,1.517746001e-01
7.055797119e+02,1.095947698e-01
7.058114624e+02,1.837843359e-01
7.060432129e+02,1.377581209e-01
7.062749634e+02,1.172875389e-01
7.065067139e+02,1.128218248e-01
7.067384644e+02,1.233178899e-01
7.069702759e+02,1.075085998e-01
7.072020264e+02,1.830998212e-01
7.074338379e+02,1.228615344e-01
7.076656494e+02,1.081605256e-01
7.078974609e+02,1.335857809e-01
7.081292725e+02,1.039881781e-01
7.083611450e+02,2.110023946e-01
7.085929565e+02,1.491994858e-01
7.088248291e+02,1.887390018e-01
7.090567017e+02,1.131151915e-01
7.092885742e+02,1.137671173e-01
7.095204468e+02,1.350200176e-01
7.097523193e+02,1.608364284e-01
7.099842529e+02,1.342377067e-01
7.102161255e+02,1.285985112e-01
7.104480591e+02,1.428757757e-01
7.106799927e+02,1.186239943e-01
7.109119263e+02,1.028473005e-01
7.111439209e+02,1.105726659e-01
7.113758545e+02,1.569248438e-01
7.116078491e+02,1.501447856e-01
7.118397827e+02,1.381166875e-01
7.120717773e+02,1.159510836e-01
7.123037720e+02,1.154621392e-01
7.125357666e+02,1.244261637e-01
7.127678223e+02,1.172223464e-01
7.129998169e+02,1.092688069e-01
7.132318726e+02,1.471785009e-01
7.134639282e+02,1.398442984e-01
7.136959839e+02,1.084212959e-01
7.139280396e+02,1.257626265e-01
7.141600952e+02,1.426801980e-01
7.143921509e+02,1.109964177e-01
7.146242676e+02,1.270990819e-01
7.148563843e+02,1.129848063e-01
7.150885010e+02,1.003699675e-01
7.153206177e+02,1.155599281e-01
7.155527344e+02,1.064655110e-01
7.157848511e+02,1.133107692e-01
7.160170288e+02,1.345310658e-01
7.162491455e+02,1.405940205e-01
7.164813232e+02,1.423216313e-01
7.167135010e+02,1.233830824e-01
7.169456787e+02,1.471459121e-01
7.171779175e+02,1.410829574e-01
7.174100952e+02,1.434299052e-01
7.176423340e+02,1.009567082e-01
7.178745117e+02,1.355741620e-01
7.181067505e+02,1.302283406e-01
7.183389893e+02,9.831639379e-02
7.185712891e+02,1.281747669e-01
7.188035278e+02,1.144842431e-01
7.190358276e+02,1.370735914e-01
7.192680664e+02,1.174505204e-01
7.195003662e+02,9.994621575e-02
7.197326660e+02,9.825120121e-02
7.199649658e+02,1.284681261e-01
7.201972656e+02,1.196996793e-01
7.204296265e+02,9.150373191e-02
7.206619873e+02,1.185588017e-01
7.208942871e+02,1.114201769e-01
7.211266479e+02,1.227637455e-01
7.213590088e+02,1.362586915e-01
7.215913696e+02,1.240024120e-01
7.218237915e+02,1.338791400e-01
7.220561523e+02,1.366824359e-01
7.222885742e+02,9.394846857e-02
7.225209961e+02,1.115179658e-01
7.227534180e+02,1.281747669e-01
7.229858398e+02,9.290537983e-02
7.232182617e+02,8.847225457e-02
7.234507446e+02,1.119743139e-01
7.236831665e+02,1.048030928e-01
7.239156494e+02,1.097577512e-01
7.241481323e+02,1.090406328e-01
7.243806152e+02,9.414404631e-02
7.246130981e+02,1.236438528e-01
7.248456421e+02,1.183632240e-01
7.250781250e+02,1.031080708e-01
7.253106689e+02,1.002069861e-01
7.255432129e+02,9.737109393e-02
7.257757568e+02,8.407173306e-02
7.260083008e+02,1.056180000e-01
7.262408447e+02,9.036285430e-02
7.264734497e+02,1.442122310e-01
7.267059937e+02,9.209046513e-02
7.269385986e+02,1.124958545e-01
7.271712036e+02,1.165704131e-01
7.274038086e+02,9.401366115e-02
7.276364136e+02,1.025213376e-01
7.278690796e+02,8.384355903e-02
7.281016846e+02,9.209046513e-02
7.283343506e+02,1.055202112e-01
7.285670166e+02,1.076389849e-01
7.287996826e+02,7.761763036e-02
7.290323486e+02,7.621598244e-02
7.292650146e+02,9.981583059e-02
7.294976807e+02,9.029766172e-02
7.297304077e+02,8.821148425e-02
7.299631348e+02,9.909870476e-02
7.301958618e+02,1.160814688e-01
7.304285889e+02,1.034666374e-01
7.306613159e+02,1.113223881e-01
7.308940430e+02,1.013152674e-01
7.311268311e+02,9.626281261e-02
7.313596191e+02,6.884918362e-02
7.315923462e+02,7.722647488e-02
7.318251343e+02,8.498443663e-02
7.320579834e+02,9.059102833e-02
7.322907715e+02,7.279335707e-02
7.325235596e+02,6.708896905e-02
7.327564087e+02,9.570867568e-02
7.329892578e+02,9.368769079e-02
7.332220459e+02,1.021627784e-01
7.334549561e+02,8.436509967e-02
7.336878052e+02,9.430702776e-02
7.339206543e+02,9.782744199e-02
7.341535645e+02,6.487241387e-02
7.343864136e+02,1.125610471e-01
7.346193237e+02,8.752696216e-02
7.348522339e+02,1.005329490e-01
7.350851440e+02,8.328942209e-02
7.353180542e+02,8.573415130e-02
7.355510254e+02,1.060091630e-01
7.357839355e+02,7.911706716e-02
7.360169067e+02,6.304700673e-02
7.362498779e+02,8.250710368e-02
7.364828491e+02,8.795071393e-02
7.367158203e+02,7.973640412e-02
7.369488525e+02,6.969668716e-02
7.371818237e+02,7.879110426e-02
7.374148560e+02,1.090406328e-01
7.376478882e+02,9.473077953e-02
7.378809204e+02,1.024235487e-01
7.381139526e+02,8.107285947e-02
7.383469849e+02,7.621598244e-02
7.385800171e+02,7.810658216e-02
7.388131104e+02,7.015304267e-02
7.390462036e+02,1.009241119e-01
7.392792358e+02,7.465135306e-02
7.395123291e+02,1.238068342e-01
7.397454834e+02,8.221373707e-02
7.399785767e+02,1.139952987e-01
7.402116699e+02,8.377836645e-02
7.404448242e+02,9.450260550e-02
7.406779785e+02,8.182257414e-02
7.409111328e+02,1.097903475e-01
7.411442871e+02,8.785292506e-02
7.413774414e+02,8.443029225e-02
7.416105957e+02,6.457904726e-02
7.418438110e+02,6.585030258e-02
7.420770264e+02,8.061651140e-02
7.423102417e+02,9.117776155e-02
7.425434570e+02,5.039957911e-02
7.427766724e+02,1.034340411e-01
7.430098877e+02,7.487952709e-02
7.432431030e+02,8.231152594e-02
7.434763794e+02,6.901216507e-02
7.437096558e+02,5.636473373e-02
7.439429321e+02,5.910283700e-02
7.441762085e+02,8.348499984e-02
7.444094849e+02,8.508222550e-02
7.446427612e+02,7.589001954e-02
7.448760986e+02,8.286566287e-02
7.451094360e+02,8.221373707e-02
7.453427124e+02,8.661425859e-02
7.455760498e+02,7.611819357e-02
7.458093872e+02,9.365509450e-02
7.460427856e+02,1.034666374e-01
7.462761230e+02,6.878399104e-02
7.465095215e+02,5.691887438e-02
7.467428589e+02,7.471654564e-02
7.469762573e+02,9.358990192e-02
7.472096558e+02,5.066034943e-02
7.474431152e+02,8.834186941e-02
7.476765137e+02,8.208335191e-02
7.479099121e+02,8.674464375e-02
7.481433716e+02,6.017851830e-02
7.483768311e+02,1.003047749e-01
7.486102905e+02,7.875850797e-02
7.488437500e+02,5.649511889e-02
7.490772095e+02,6.474202871e-02
7.493106689e+02,5.509347096e-02
7.495441895e+02,7.494471967e-02
7.497777100e+02,6.666521728e-02
7.500112305e+02,5.411557481e-02
7.502447510e+02,7.478173822e-02
7.504782715e+02,6.017851830e-02
7.507117920e+02,6.246027350e-02
7.509453125e+02,6.503539532e-02
7.511788940e+02,8.795071393e-02
7.514124756e+02,5.486529693e-02
7.516460571e+02,7.132651657e-02
7.518796387e+02,4.231565446e-02
7.521132202e+02,1.087146699e-01
7.523468018e+02,7.765022665e-02
7.525804443e+02,6.721936166e-02
7.528140259e+02,4.231565446e-02
7.530476685e+02,8.012755960e-02
7.532813110e+02,5.545203015e-02
7.535149536e+02,5.343104899e-02
7.537486572e+02,8.870043606e-02
7.539822998e+02,5.568020791e-02
7.542160034e+02,5.519125983e-02
7.544496460e+02,3.038534522e-02
7.546833496e+02,5.926581845e-02
7.549170532e+02,8.847225457e-02
7.551507568e+02,5.193161219e-02
7.553845215e+02,4.062063619e-02
7.556182251e+02,4.055544361e-02
7.558519897e+02,6.229729205e-02
7.560857544e+02,4.084881395e-02
7.563194580e+02,3.586155176e-02
7.565532837e+02,4.433663562e-02
7.567870483e+02,6.575251371e-02
7.570208130e+02,8.192037046e-02
7.572546387e+02,3.700242937e-02
7.574884033e+02,3.882782906e-02
7.577222290e+02,6.969668716e-02
7.579560547e+02,5.568020791e-02
7.581898804e+02,7.377124578e-02
7.584237671e+02,3.442730755e-02
7.586575928e+02,5.939620361e-02
7.588914795e+02,4.867196456e-02
7.591253052e+02,5.691887438e-02
7.593591919e+02,2.591962740e-02
7.595930786e+02,4.361951351e-02
7.598269653e+02,6.063487008e-02
7.600609131e+02,4.505375773e-02
7.602947998e+02,3.074390627e-02
7.605287476e+02,2.983120456e-02
7.607626953e+02,8.341980726e-02
7.609965820e+02,4.244603962e-02
7.612305908e+02,4.391288012e-02
7.614645386e+02,4.945427924e-02
7.616984863e+02,8.205075562e-02
7.619324951e+02,9.062362462e-02
7.621664429e+02,4.893273860e-02
7.624004517e+02,3.543779626e-02
7.626344604e+02,4.303277656e-02
7.628684692e+02,3.771955147e-02
7.631025391e+02,2.246440202e-02
7.633365479e+02,6.539395452e-02
7.635706177e+02,8.830927312e-02
7.638046265e+02,8.205075562e-02
7.640386963e+02,2.921187133e-02
7.642727661e+02,4.009909183e-02
7.645068359e+02,4.469519481e-02
7.647409668e+02,2.445278689e-02
7.649750366e+02,2.631078474e-02
7.652091675e+02,5.594097823e-02
7.654432983e+02,4.880234972e-02
7.656773682e+02,2.947264351e-02
7.659115601e+02,5.013880506e-02
7.661456909e+02,9.218825400e-02
7.663798218e+02,5.092112347e-02
7.666140137e+02,6.118901074e-02
7.668481445e+02,3.113506362e-02
7.670823364e+02,5.815753713e-02
7.673165283e+02,6.575251371e-02
7.675507202e+02,6.415528804e-02
7.677849731e+02,3.364499286e-02
7.680191650e+02,4.169632122e-02
7.682534180e+02,4.671617597e-02
7.684876099e+02,3.146102652e-02
7.687218628e+02,1.855282485e-02
7.689561157e+02,5.809234455e-02
7.691903687e+02,3.077650256e-02
7.694246826e+02,5.052996427e-02
7.696589355e+02,1.441307366e-02
7.698932495e+02,2.787541598e-02
7.701275024e+02,6.819725037e-02
7.703618164e+02,2.944004722e-02
7.705961304e+02,5.887466297e-02
7.708305054e+02,5.652771518e-02
7.710648193e+02,1.816166751e-02
7.712991333e+02,3.211295605e-02
7.715335083e+02,4.104439169e-02
7.717678833e+02,5.440894514e-02
7.720022583e+02,7.194584608e-02
7.722366333e+02,4.368470609e-02
7.724710083e+02,3.846926987e-02
7.727054443e+02,6.767570972e-02
7.729398193e+02,1.199278533e-01
7.731742554e+02,1.998707093e-02
7.734086914e+02,2.546327747e-02
7.736431274e+02,4.319575801e-02
7.738775635e+02,3.429692239e-02
7.741119995e+02,4.433663562e-02
7.743464966e+02,6.497020274e-02
7.745809326e+02,3.514442965e-02
7.748154297e+02,9.557829052e-02
7.750499268e+02,5.092112347e-02
7.752844238e+02,2.324671671e-02
7.755189209e+02,6.585030258e-02
7.757534180e+02,3.690464050e-02
7.759879761e+02,1.949812286e-02
7.762224731e+02,2.409422584e-02
7.764570312e+02,4.577087983e-02
7.766915894e+02,3.426432610e-02
7.769261475e+02,3.110246733e-02
7.771607056e+02,1.953071915e-02
7.773953247e+02,4.006649554e-02
7.776298828e+02,3.706762195e-02
7.778645020e+02,3.507923707e-02
7.780991211e+02,3.677425161e-02
7.783337402e+02,3.990351409e-02
7.785683594e+02,1.728156209e-02
7.788029785e+02,1.281584613e-02
7.790376587e+02,6.643704325e-02
7.792722778e+02,1.519538835e-02
7.795069580e+02,3.739358485e-02
7.797416382e+02,4.841119424e-02
7.799763184e+02,2.471355908e-02
7.802109985e+02,3.015716933e-02
7.804456787e+02,3.067871369e-02
7.806804199e+02,6.040669605e-02
7.809151001e+02,2.221992938e-03
7.811498413e+02,3.472067416e-02
7.813845825e+02,3.240632638e-02
7.816193237e+02,2.986380085e-02
7.818540649e+02,1.506500319e-02
7.820888062e+02,4.143554717e-02
7.823236084e+02,2.670194395e-02
7.825583496e+02,4.218526930e-02
7.827931519e+02,2.220362984e-02
7.830279541e+02,2.363787405e-02
7.832627563e+02,2.220362984e-02
7.834975586e+02,2.282296307e-02
7.837324219e+02,2.458317205e-02
7.839672241e+02,3.211295605e-02
7.842020874e+02,2.947264351e-02
7.844369507e+02,3.965904179e-04
7.846718140e+02,3.827369213e-02
7.849066772e+02,3.175439686e-02
7.851415405e+02,3.622011468e-02
7.853764648e+02,2.220362984e-02
7.856113281e+02,2.106275409e-02
7.858462524e+02,1.561914291e-02
7.860811768e+02,5.851610005e-02
7.863161011e+02,9.719181806e-03
7.865510254e+02,3.380797431e-02
7.867859497e+02,6.868620217e-02
7.870208740e+02,2.383345366e-02
7.872558594e+02,1.082746126e-02
7.874908447e+02,9.016727656e-02
7.877258301e+02,5.952658877e-02
7.879608154e+02,4.241344333e-02
7.881958008e+02,3.563337773e-02
7.884307861e+02,1.597770490e-02
7.886658325e+02,3.693723679e-02
7.889008179e+02,2.715829387e-02
7.891358643e+02,2.562625892e-02
7.893709106e+02,2.497432940e-02
7.896059570e+02,7.970380783e-02
7.898410034e+02,3.315604478e-02
7.900760498e+02,3.820849955e-02
7.903111572e+02,9.507304057e-04
7.905462646e+02,2.979860827e-02
7.907813110e+02,1.887878962e-02
7.910164185e+02,2.699531242e-02
7.912515259e+02,1.229430269e-02
7.914866943e+02,2.145391144e-02
7.917218018e+02,3.667646274e-02
7.919569702e+02,3.566597402e-02
7.921920776e+02,1.020812802e-02
7.924272461e+02,3.133064136e-02
7.926624146e+02,2.715829387e-02
7.928975830e+02,2.719089016e-02
7.931327515e+02,3.250411525e-02
7.933679810e+02,1.405451261e-02
7.936031494e+02,3.093948402e-02
7.938383789e+02,1.151198708e-02
7.940736084e+02,-3.531284456e-04
7.943088379e+02,7.357566804e-02
7.945440674e+02,6.459534168e-03
7.947792969e+02,1.848763227e-02
7.950145874e+02,1.734675653e-02
7.952498169e+02,1.503240597e-02
7.954851074e+02,2.803839929e-02
7.957203979e+02,1.962850802e-02
7.959556885e+02,2.706050500e-02
7.961909790e+02,3.168920428e-02
7.964262695e+02,2.070419304e-02
7.966616211e+02,3.846926987e-02
7.968969116e+02,1.141419820e-02
7.971322632e+02,7.667233795e-02
7.973676147e+02,1.587991416e-02
7.976029663e+02,4.156593606e-02
7.978383179e+02,6.247657002e-04
7.980737305e+02,2.503952384e-02
7.983090820e+02,2.287185751e-03
7.985444946e+02,-6.774633657e-03
7.987798462e+02,1.708598435e-02
7.990152588e+02,6.459534168e-03
7.992506714e+02,1.304402109e-02
7.994861450e+02,2.841325710e-03
7.997215576e+02,-3.906143829e-03
7.999570312e+02,-2.048145048e-03
8.001924438e+02,-2.537091961e-03
8.004279175e+02,-1.961764321e-02
8.006633911e+02,2.841325710e-03
8.008988647e+02,-1.335912105e-02
8.011343384e+02,3.406874463e-02
8.013698730e+02,-1.124035008e-02
8.016053467e+02,-2.959216386e-02
8.018408813e+02,-1.075140294e-02
8.020764160e+02,3.840407729e-02
8.023119507e+02,8.480515331e-03
8.025474854e+02,-1.551048830e-02
8.027830200e+02,1.310921460e-02
8.030185547e+02,-1.045803446e-02
8.032541504e+02,5.286061205e-03
8.034897461e+02,-3.026039107e-03
8.037252808e+02,2.402903326e-02
8.039608765e+02,-1.901460928e-04
8.041964722e+02,1.099044364e-02
8.044321289e+02,-1.339171734e-02
8.046677246e+02,2.380085737e-02
8.049033813e+02,-1.722180285e-03
8.051389771e+02,-4.036529921e-03
8.053746338e+02,9.588795714e-03
8.056102905e+02,2.719089016e-02
8.058459473e+02,7.111463696e-03
8.060816650e+02,-1.591794426e-03
8.063173218e+02,-1.384806819e-02
8.065530396e+02,-2.276320243e-03
8.067886963e+02,-1.754776691e-03
8.070244141e+02,-6.139002508e-04
8.072601318e+02,-1.293536648e-02
8.074958496e+02,-1.691213623e-02
8.077316284e+02,-8.078492247e-03
8.079673462e+02,-2.496346459e-02
8.082031250e+02,-1.401105057e-02
8.084389038e+02,1.167496946e-02
8.086746216e+02,1.874840446e-02
8.089104004e+02,-2.607174404e-02
8.091462402e+02,-8.567439392e-03
8.093820190e+02,3.827369213e-02
8.096177979e+02,-8.730421774e-03
8.098536377e+02,-1.518452354e-02
8.100894775e+02,6.035780068e-03
8.103253174e+02,7.730796468e-03
8.105611572e+02,-1.037654351e-03
8.107969971e+02,3.754026955e-03
8.110328369e+02,2.605001442e-02
8.112687378e+02,-5.307792220e-03
8.115045776e+02,1.358186273e-04
8.117404785e+02,-5.210002884e-03
8.119763794e+02,-1.081659552e-02
8.122122803e+02,5.253464915e-03
8.124481812e+02,-2.744079754e-02
8.126841431e+02,4.974764958e-02
8.129200439e+02,-1.084919274e-02
8.131560059e+02,7.600410841e-03
8.133919678e+02,6.409009546e-02
8.136279297e+02,-2.509384975e-02
8.138638916e+02,3.263450041e-02
8.140998535e+02,3.784993663e-02
8.143358154e+02,-9.969087318e-03
8.145718384e+02,1.900917664e-02
8.148078003e+02,4.275570624e-03
8.150438232e+02,1.333738957e-02
8.152798462e+02,4.062063619e-02
8.155158691e+02,6.915885024e-03
8.157518921e+02,-1.068621036e-02
8.159879761e+02,1.336998586e-02
8.162239990e+02,-1.789003052e-02
8.164600830e+02,-7.459159475e-03
8.166961670e+02,8.024164476e-03
8.169322510e+02,4.961726442e-02
8.171683350e+02,-8.143684827e-03
8.174044189e+02,3.719800711e-02
8.176405029e+02,2.018264867e-02
8.178766479e+02,-8.208878338e-03
8.181127930e+02,6.589920260e-03
8.183488770e+02,-1.306575257e-02
8.185850220e+02,4.308166914e-03
8.188212280e+02,1.570063410e-03
8.190573730e+02,-1.727069728e-02
8.192935181e+02,-1.661876775e-02
8.195297241e+02,4.554270580e-02
8.197658691e+02,-1.586904936e-02
8.200020752e+02,6.133569404e-03
8.202382812e+02,-1.120775379e-02
8.204744873e+02,3.211295605e-02
8.207107544e+02,5.432745183e-06
8.209469604e+02,1.395672280e-02
8.211831665e+02,-6.122704130e-03
8.214194336e+02,-2.895653248e-03
8.216557007e+02,6.899586297e-04
8.218919678e+02,-1.591794426e-03
8.221282349e+02,1.011033915e-02
8.223645020e+02,-2.406706102e-03
8.226008301e+02,3.110246733e-02
8.228370972e+02,-7.002808619e-03
8.230734253e+02,-6.253089756e-03
8.233097534e+02,-1.247901563e-02
8.235460815e+02,-9.545333683e-03
8.237824097e+02,-1.417403296e-02
8.240187378e+02,4.014798906e-03
8.242551270e+02,2.634338289e-02
8.244914551e+02,8.480515331e-03
8.247278442e+02,3.965904179e-04
8.249642334e+02,-8.697825484e-03
8.252006226e+02,2.161689289e-02
8.254370117e+02,4.150073975e-02
8.256734009e+02,-1.221824437e-02
8.259097900e+02,3.623641096e-03
8.261462402e+02,-1.917759073e-03
8.263826904e+02,6.524727214e-03
8.266191406e+02,-2.848388441e-02
8.268555908e+02,-1.172929723e-02
8.270920410e+02,-1.348950621e-02
8.273284912e+02,7.926375605e-03
8.275649414e+02,-2.711483277e-02
8.278014526e+02,-1.456519030e-02
8.280379639e+02,1.537466887e-03
8.282744751e+02,1.146309311e-03
8.285109863e+02,2.745166235e-02
8.287474976e+02,1.418489777e-02
8.289840088e+02,5.921692355e-04
8.292205200e+02,8.529410115e-04
8.294570923e+02,-1.440220792e-02
8.296936646e+02,5.840201396e-03
8.299301758e+02,8.415322751e-03
8.301667480e+02,9.784374386e-03
8.304033813e+02,-1.645578630e-02
8.306399536e+02,-1.396215521e-03
8.308765259e+02,2.735387348e-02
8.311131592e+02,-1.508673374e-02
8.313497925e+02,1.392412651e-02
8.315863647e+02,-1.215305086e-02
8.318229980e+02,1.863431651e-03
8.320596924e+02,-4.558073357e-03
8.322963257e+02,-1.717290841e-02
8.325329590e+02,-1.254420914e-02
8.327696533e+02,5.176863074e-02
8.330062866e+02,7.339639124e-03
8.332429810e+02,1.434788015e-02
8.334796753e+02,-1.616241783e-02
8.337163696e+02,2.924446762e-02
8.339531250e+02,3.155881912e-02
8.341898193e+02,-1.143592875e-02
8.344265747e+02,6.589920260e-03
8.346632690e+02,9.262830950e-03
8.349000244e+02,-1.935687102e-02
8.351367798e+02,-1.091438532e-02
8.353735352e+02,4.617833474e-04
8.356103516e+02,2.060640231e-02
8.358471069e+02,-9.251965210e-03
8.360839233e+02,-1.107736770e-02
8.363206787e+02,-3.254214535e-03
8.365574951e+02,6.231358740e-03
8.367943115e+02,-9.056386538e-03
8.370311279e+02,-1.903090626e-02
8.372679443e+02,1.733045792e-03
8.375048218e+02,-1.332652476e-02
8.377416382e+02,-6.416072138e-03
8.379785156e+02,-1.857455634e-02
8.382153931e+02,-8.795614354e-03
8.384522705e+02,-1.102847280e-03
8.386891479e+02,-1.179448981e-02
8.389260254e+02,-7.116896450e-04
8.391629639e+02,2.119313926e-02
8.393998413e+02,4.326095060e-02
8.396367798e+02,9.181339410e-04
8.398737183e+02,-4.101722501e-03
8.401106567e+02,-3.531284456e-04
8.403475952e+02,-2.471899148e-03
8.405845337e+02,5.416447297e-03
8.408215332e+02,-3.514986252e-03
8.410584717e+02,5.937990732e-03
8.412954712e+02,-1.052322797e-02
8.415324707e+02,1.235949527e-02
8.417694702e+02,-6.383475848e-03
8.420064697e+02,-8.078492247e-03
8.422434692e+02,2.547957469e-03
8.424804688e+02,-6.676843856e-03
8.427175293e+02,-5.242599174e-03
8.429545288e+02,-5.992318038e-03
8.431915894e+02,-6.839826237e-03
8.434286499e+02,2.189396415e-03
8.436657104e+02,-1.163150743e-02
8.439028320e+02,-1.290277019e-02
8.441398926e+02,1.063188259e-02
8.443769531e+02,1.363075804e-02
8.446140747e+02,-1.482596155e-02
8.448511963e+02,1.439677551e-03
8.450883179e+02,6.981077604e-03
8.453254395e+02,-8.371860720e-03
8.455625610e+02,-2.124746703e-02
8.457997437e+02,-6.057511084e-03
8.460368652e+02,4.088141024e-02
8.462740479e+02,4.503746051e-03
8.465112305e+02,-7.100597955e-03
8.467483521e+02,-2.199718542e-02
8.469855957e+02,2.156799892e-03
8.472227783e+02,4.665098339e-02
8.474599609e+02,1.930254325e-02
8.476972046e+02,1.395672280e-02
8.479343872e+02,-6.318282802e-03
8.481716309e+02,-1.331022591e-03
8.484088745e+02,1.591251045e-02
8.486461182e+02,1.211502240e-03
8.488833618e+02,6.068376359e-03
8.491206665e+02,-2.993442584e-03
8.493579102e+02,5.514236633e-03
8.495952148e+02,-1.837897673e-02
8.498324585e+02,-1.469557639e-02
8.500697632e+02,5.155675113e-03
8.503070679e+02,-1.075140294e-02
8.505444336e+02,3.721430665e-03
8.507817383e+02,-1.257680543e-02
8.510190430e+02,3.198257089e-02
8.512564087e+02,-2.095409855e-02
8.514937744e+02,-2.088890597e-02
8.517311401e+02,-2.211127430e-03
8.519685059e+02,2.516990900e-02
8.522058716e+02,-1.265829662e-03
8.524432373e+02,-1.795522310e-02
8.526806641e+02,1.069707517e-02
8.529180298e+02,2.319782274e-03
8.531554565e+02,-2.372479811e-02
8.533928833e+02,-8.926000446e-03
8.536303101e+02,2.393124253e-02
8.538677368e+02,1.993817510e-03
8.541051636e+02,-1.130554266e-02
8.543426514e+02,5.561501533e-02
8.545800781e+02,-1.156631485e-02
8.548175659e+02,-1.135443803e-03
8.550550537e+02,-2.797863912e-03
8.552925415e+02,-1.903090626e-02
8.555300293e+02,-3.645372111e-03
8.557675171e+02,4.699324723e-03
8.560050659e+02,2.808729419e-03
8.562425537e+02,-1.088178903e-02
8.564801025e+02,4.407586157e-02
8.567176514e+02,1.190314535e-02
8.569552002e+02,2.719089016e-02
8.571927490e+02,-1.097957790e-02
8.574302979e+02,4.658579081e-02
8.576679077e+02,-2.439302625e-03
8.579054565e+02,-2.145934384e-03
8.581430664e+02,-1.494004973e-03
8.583806763e+02,-3.123828676e-03
8.586182861e+02,2.344229631e-02
8.588558960e+02,-1.896571368e-02
8.590935059e+02,3.129804507e-02
8.593311157e+02,7.991568185e-03
8.595687866e+02,2.254589228e-03
8.598064575e+02,1.340258308e-02
8.600440674e+02,-7.948106155e-03
8.602817383e+02,-1.013206970e-02
8.605194092e+02,-1.052322797e-02
8.607571411e+02,-2.406706102e-03
8.609948120e+02,-1.616241783e-02
8.612324829e+02,2.034563199e-02
8.614702148e+02,-7.393966429e-03
8.617079468e+02,2.041082457e-02
8.619456787e+02,-8.926000446e-03
8.621834106e+02,1.089265477e-02
8.624211426e+02,7.404831704e-03
8.626588745e+02,1.291363593e-02
8.628966675e+02,-1.440220792e-02
8.631343994e+02,3.941456601e-02
8.633721924e+02,-4.558073357e-03
8.636099854e+02,1.320700347e-02
8.638477783e+02,-1.668396033e-02
8.640855713e+02,4.932389408e-02
8.643234253e+02,-1.575496135e-04
8.645612183e+02,2.816878445e-02
8.647990723e+02,1.614068635e-02
8.650368652e+02,1.574952900e-02
8.652747192e+02,1.434788015e-02
8.655125732e+02,-8.143684827e-03
8.657504272e+02,-3.123828676e-03
8.659883423e+02,2.722348645e-02
8.662261963e+02,-1.068621036e-02
8.664641113e+02,-1.102847280e-03
8.667019653e+02,-3.547582775e-03
8.669398804e+02,4.340763669e-03
8.671777954e+02,-1.785743423e-02
8.674157104e+02,-1.883532852e-02
8.676536865e+02,-1.280498039e-02
8.678916016e+02,7.730796468e-03
8.681295776e+02,-9.447543882e-03
8.683674927e+02,-7.035405375e-03
8.686054688e+02,-7.882913575e-03
8.688434448e+02,2.836436406e-02
8.690814209e+02,1.504870481e-03
8.693193970e+02,-1.013206970e-02
8.695574341e+02,-6.742036901e-03
8.697954102e+02,1.017553173e-02
8.700334473e+02,-8.697825484e-03
8.702714844e+02,-1.648838259e-02
8.705095215e+02,2.189396415e-03
8.707475586e+02,2.010115713e-04
8.709855957e+02,-1.681434736e-02
8.712236328e+02,-9.708316065e-03
8.714617310e+02,1.275065355e-02
8.716997681e+02,-1.225084066e-02
8.719378662e+02,-1.150112227e-02
8.721759644e+02,-1.707511768e-02
8.724140625e+02,-3.743161447e-03
8.726521606e+02,-1.987841539e-02
8.728903198e+02,5.114929751e-02
8.731284180e+02,2.091606846e-03
8.733665771e+02,5.900504813e-02
8.736046753e+02,4.391288012e-02
8.738428345e+02,-1.140333246e-02
8.740809937e+02,-2.124746703e-02
8.743191528e+02,1.131640840e-02
8.745573730e+02,5.286061205e-03
8.747955322e+02,1.341888099e-03
8.750337524e+02,-3.286810825e-03
8.752719116e+02,-1.754776691e-03
8.755101318e+02,3.069501137e-03
8.757483521e+02,-1.114256028e-02
8.759865723e+02,-1.639059186e-02
8.762248535e+02,7.176656742e-03
8.764630737e+02,-2.015548525e-03
8.767013550e+02,2.187766507e-02
8.769395752e+02,1.961220987e-03
8.771778564e+02,2.148650773e-02
8.774161377e+02,1.059928630e-02
8.776544189e+02,7.654194534e-02
8.778927002e+02,2.455057576e-02
8.781310425e+02,1.411970519e-02
8.783693237e+02,2.608261071e-02
8.786076660e+02,8.447919041e-03
8.788460083e+02,-1.661876775e-02
8.790842896e+02,8.904269896e-03
8.793226318e+02,-2.227425575e-04
8.795610352e+02,3.460658714e-03
8.797993774e+02,1.043630391e-02
8.800377197e+02,6.573621649e-04
8.802761230e+02,1.242468879e-02
8.805145264e+02,-1.766185462e-02
8.807529297e+02,2.010115713e-04
8.809913330e+02,-1.022985950e-02
8.812297363e+02,-5.829335656e-03
8.814681396e+02,-1.948725805e-02
8.817066040e+02,-1.446740050e-02
8.819450073e+02,1.015923335e-03
8.821834717e+02,1.333738957e-02
8.824219360e+02,-1.329392754e-02
8.826604004e+02,-2.437672764e-02
8.828988647e+02,-6.253089756e-03
8.831373291e+02,2.836436406e-02
8.833757935e+02,-1.231603324e-02
8.836143188e+02,-1.541269850e-02
8.838528442e+02,1.966110617e-02
8.840913086e+02,-5.079616793e-03
8.843298340e+02,6.785498932e-03
8.845683594e+02,-1.102847280e-03
8.848069458e+02,1.904177293e-02
8.850454712e+02,-2.113337861e-03
8.852839966e+02,1.684151066e-04
8.855225830e+02,-2.144304663e-02
8.857611694e+02,2.145391144e-02
8.859997559e+02,1.685780846e-02
8.862383423e+02,-1.850936376e-02
8.864769287e+02,-4.525477067e-03
8.867155151e+02,4.049025103e-02
8.869541626e+02,1.496721338e-02
8.871927490e+02,3.354720399e-02
8.874313965e+02,-5.698950030e-03
8.876700439e+02,2.093236707e-02
8.879086914e+02,-1.433701534e-02
8.881473389e+02,8.529410115e-04
8.883859863e+02,1.685780846e-02
8.886246948e+02,4.684656113e-02
8.888633423e+02,2.305113897e-02
8.891020508e+02,-1.088178903e-02
8.893407593e+02,9.132444859e-03
8.895794678e+02,5.320287496e-02
8.898181763e+02,1.317440718e-02
8.900568848e+02,-1.208785828e-02
8.902955933e+02,-1.722180285e-03
8.905343628e+02,-9.056386538e-03
8.907730713e+02,-1.674915478e-02
8.910118408e+02,6.981077604e-03
8.912506104e+02,1.861801744e-02
8.914893799e+02,1.700449269e-03
8.917281494e+02,9.458409622e-03
8.919669800e+02,-9.610526264e-03
8.922057495e+02,-6.790931802e-04
8.924445801e+02,-1.296796277e-02
8.926833496e+02,2.106275409e-02
8.929221802e+02,1.431528386e-02
8.931610107e+02,-6.464967155e-04
8.933998413e+02,3.325383365e-02
8.936387329e+02,-4.509178689e-04
8.938775635e+02,7.763393223e-03
8.941164551e+02,-2.059553750e-02
8.943552856e+02,1.858542114e-02
8.945941772e+02,2.503952384e-02
8.948330688e+02,-2.512644790e-02
8.950719604e+02,-2.145934384e-03
8.953108521e+02,1.992187649e-02
8.955498047e+02,2.647376806e-02
8.957886963e+02,-1.854196005e-02
8.960276489e+02,-1.583645307e-02
8.962666016e+02,2.370306849e-02
8.965055542e+02,6.492130458e-03
8.967445068e+02,-6.481265184e-03
8.969834595e+02,-8.502246812e-03
8.972224121e+02,2.888590656e-02
8.974614258e+02,-1.233233139e-03
8.977003784e+02,1.411970519e-02
8.979393921e+02,-8.176282048e-03
8.981784058e+02,1.985668391e-02
8.984174194e+02,9.132444859e-03
8.986564331e+02,-3.710565157e-03
8.988954468e+02,-1.779224165e-02
8.991345215e+02,-9.121579118e-03
8.993735352e+02,2.060640231e-02
8.996126099e+02,-1.476076897e-02
8.998516846e+02,1.684151066e-04
9.000907593e+02,3.038534522e-02
9.003298340e+02,1.385893300e-02
9.005689087e+02,-2.806012891e-02
9.008079834e+02,1.180535555e-02
9.010471191e+02,7.633007132e-03
9.012861938e+02,2.438759431e-02
9.015253296e+02,5.848350376e-02
9.017644653e+02,1.881359704e-02
9.020036011e+02,2.223622613e-02
9.022427368e+02,5.188271869e-03
9.024819336e+02,7.204363495e-02
9.027210693e+02,8.187146857e-03
9.029602661e+02,1.037111040e-02
9.031994019e+02,3.819220001e-03
9.034385986e+02,2.059010556e-03
9.036777954e+02,2.156799892e-03
9.039169922e+02,1.930254325e-02
9.041561890e+02,2.301854268e-02
9.043954468e+02,-6.155300420e-03
9.046346436e+02,-5.503370892e-03
9.048739014e+02,1.838984340e-02
9.051131592e+02,1.635256340e-03
9.053524170e+02,-9.447543882e-03
9.055916748e+02,-1.730329357e-02
9.058309326e+02,-8.567439392e-03
9.060701904e+02,-1.257680543e-02
9.063095093e+02,-8.665229194e-03
9.065487671e+02,-4.525477067e-03
9.067880859e+02,1.607549377e-02
9.070274048e+02,1.633626595e-02
9.072667236e+02,-1.591794426e-03
9.075060425e+02,6.231358740e-03
9.077454224e+02,4.309796914e-02
9.079847412e+02,4.927500151e-03
9.082240601e+02,1.975889504e-02
9.084634399e+02,-6.676843856e-03
9.087028198e+02,4.068582878e-02
9.089421997e+02,-2.700074343e-03
9.091815796e+02,2.735387348e-02
9.094209595e+02,-2.965735644e-02
9.096604004e+02,-3.710565157e-03
9.098997803e+02,-1.221824437e-02
9.101392212e+02,-1.348950621e-02
9.103786011e+02,-2.199718542e-02
9.106180420e+02,2.829916961e-02
9.108574829e+02,1.128381211e-02
9.110969849e+02,-2.033476532e-02
9.113364258e+02,-1.639059186e-02
9.115758667e+02,-1.599943452e-02
9.118153687e+02,1.470644120e-02
9.120548706e+02,3.069501137e-03
9.122943115e+02,7.795989513e-03
9.125338135e+02,4.609684274e-02
9.127733765e+02,6.948481314e-03
9.130128784e+02,-5.242599174e-03
9.132523804e+02,1.685780846e-02
9.134919434e+02,-6.611651275e-03
9.137314453e+02,-9.724614210e-04
9.139710083e+02,-2.339883335e-02
9.142105713e+02,7.926375605e-03
9.144501343e+02,6.198762450e-03
9.146896973e+02,3.460658714e-03
9.149293213e+02,-1.150112227e-02
9.151688843e+02,-1.179448981e-02
9.154085083e+02,-1.689583762e-03
9.156480713e+02,3.949605860e-03
9.158876953e+02,-8.437053300e-03
9.161273193e+02,-3.008111008e-02
9.163669434e+02,1.193574164e-02
9.166066284e+02,-7.524352055e-03
9.168462524e+02,-6.774633657e-03
9.170858765e+02,-1.104477141e-02
9.173255615e+02,6.459534168e-03
9.175652466e+02,-4.166915547e-03
9.178049316e+02,5.832052231e-02
9.180446167e+02,1.532577444e-02
9.182843018e+02,3.944716230e-02
9.185239868e+02,-1.022985950e-02
9.187637329e+02,-6.464967155e-04
9.190034180e+02,-9.186772630e-03
9.192431641e+02,2.059010556e-03
9.194829102e+02,8.855374763e-04
9.197226562e+02,-7.230984047e-03
9.199624023e+02,-1.534750592e-02
9.202021484e+02,2.132352628e-02
9.204419556e+02,1.812907122e-02
9.206817017e+02,-1.557568088e-02
9.209215088e+02,7.241849322e-03
9.211613159e+02,1.408710890e-02
9.214011230e+02,7.111463696e-03
9.216409302e+02,1.896028174e-03
9.218807373e+02,-6.464967155e-04
9.221205444e+02,4.894903395e-03
9.223604126e+02,2.376826108e-02
9.226002197e+02,3.819220001e-03
9.228400879e+02,-1.102847280e-03
9.230799561e+02,1.164237317e-02
9.233198242e+02,-4.884038121e-03
9.235596924e+02,4.503746051e-03
9.237995605e+02,-2.101929113e-02
9.240394897e+02,-3.482389729e-03
9.242793579e+02,-9.838702157e-03
9.245192871e+02,8.676094003e-03
9.247592163e+02,-8.991193958e-03
9.249991455e+02,-2.553390223e-04
9.252390747e+02,1.220466271e-01
9.254790039e+02,1.607549377e-02
9.257189331e+02,-8.371860720e-03
9.259589233e+02,-9.447543882e-03
9.261988525e+02,-4.232108593e-03
9.264388428e+02,-1.218564808e-02
9.266788330e+02,-1.163150743e-02
9.269188232e+02,3.688834142e-03
9.271588135e+02,5.742411595e-03
9.273988037e+02,1.291363593e-02
9.276388550e+02,-2.900542691e-02
9.278788452e+02,1.904177293e-02
9.281188965e+02,2.050861344e-02
9.283589478e+02,3.982202150e-03
9.285989990e+02,3.912119940e-02
9.288390503e+02,-4.786248785e-03
9.290791016e+02,1.229430269e-02
9.293191528e+02,1.907925904e-01
9.295592651e+02,9.833269287e-04
9.297993164e+02,2.103015780e-02
9.300394287e+02,1.086005755e-02
9.302795410e+02,-8.534843102e-03
9.305196533e+02,-1.212045457e-02
9.307597656e+02,-8.991193958e-03
9.309998779e+02,1.376114413e-02
9.312400513e+02,-3.412307426e-02
9.314801636e+02,-5.487072631e-04
9.317203369e+02,-1.168040209e-03
9.319605103e+02,1.959591173e-02
9.322006836e+02,2.841325710e-03
9.324408569e+02,1.623847522e-02
9.326810303e+02,3.990351409e-02
9.329212036e+02,-1.459778659e-02
9.331614380e+02,1.936773770e-02
9.334016113e+02,1.102303993e-02
9.336418457e+02,1.320700347e-02
9.338820801e+02,-2.033476532e-02
9.341223145e+02,4.112588242e-03
9.343625488e+02,4.079991952e-03
9.346027832e+02,-4.835143336e-04
9.348430176e+02,-4.884038121e-03
9.350833130e+02,2.487654053e-02
9.353236084e+02,2.585443482e-02
9.355638428e+02,3.558448283e-03
9.358041382e+02,-1.009947341e-02
9.360444336e+02,-1.893311739e-02
9.362847290e+02,1.988928020e-02
9.365250854e+02,2.135612257e-02
9.367653809e+02,-1.753146946e-02
9.370057373e+02,1.053409278e-02
9.372460327e+02,-8.013299666e-03
9.374863892e+02,1.046890020e-02
9.377267456e+02,-3.123828676e-03
9.379671021e+02,9.507304057e-04
9.382075195e+02,2.181247249e-02
9.384478760e+02,1.504870481e-03
9.386882324e+02,-1.042543817e-02
9.389286499e+02,-1.218564808e-02
9.391690674e+02,1.255507488e-02
9.394094849e+02,1.014293544e-02
9.396499023e+02,2.217103355e-02
9.398903198e+02,7.470024750e-03
9.401307373e+02,4.192449525e-02
9.403712158e+02,-6.122704130e-03
9.406116333e+02,5.123078823e-03
9.408521118e+02,-2.212757245e-02
9.410925903e+02,-7.116896450e-04
9.413330078e+02,2.539808489e-02
9.415735474e+02,-1.088178903e-02
9.418140259e+02,7.893779315e-03
9.420545044e+02,-6.611651275e-03
9.422950439e+02,2.996158972e-02
9.425355225e+02,-1.070250873e-03
9.427760620e+02,-1.945466176e-02
9.430166016e+02,9.165041149e-03
9.432571411e+02,1.855282485e-02
9.434976807e+02,-6.481265184e-03
9.437382202e+02,-1.955245063e-02
9.439787598e+02,1.219651289e-02
9.442193604e+02,-7.133194711e-03
9.444599609e+02,-2.700074343e-03
9.447005005e+02,-3.189021489e-03
9.449411011e+02,-1.363619114e-03
9.451817017e+02,-2.227425575e-04
9.454223022e+02,-1.707511768e-02
9.456629639e+02,4.275570624e-03
9.459035645e+02,-2.113337861e-03
9.461442261e+02,-6.318282802e-03
9.463848267e+02,-1.469557639e-02
9.466254883e+02,4.699324723e-03
9.468661499e+02,5.189901590e-02
9.471068115e+02,4.601535387e-03
9.473475342e+02,-2.439302625e-03
9.475881958e+02,-2.242093906e-02
9.478288574e+02,-1.200636732e-03
9.480695801e+02,-1.427182183e-02
9.483103027e+02,-8.176282048e-03
9.485510254e+02,1.861801744e-02
9.487917480e+02,1.750973798e-02
9.490324707e+02,1.702079177e-02
9.492731934e+02,-1.877013594e-02
9.495139160e+02,-2.276320243e-03
9.497546997e+02,1.050149649e-02
9.499954834e+02,-2.993442584e-03
9.502362061e+02,3.677425161e-02
9.504769897e+02,-5.340388510e-03
9.507177734e+02,2.331190929e-02
9.509585571e+02,2.644117177e-02
9.511994019e+02,6.915885024e-03
9.514401855e+02,1.434788015e-02
9.516810303e+02,1.643405482e-02
9.519218140e+02,1.226170640e-02
9.521626587e+02,-1.071880665e-02
9.524035034e+02,1.993817510e-03
9.526443481e+02,4.876975343e-02
9.528852539e+02,1.374484622e-03
9.531260986e+02,-2.333364077e-02
9.533669434e+02,-5.177406128e-03
9.536078491e+02,4.145184532e-03
9.538487549e+02,2.810359187e-02
9.540896606e+02,-3.070044331e-02
9.543305664e+02,6.003183778e-03
9.545714722e+02,-8.339264430e-03
9.548123779e+02,2.559366263e-02
9.550532837e+02,6.981077604e-03
9.552942505e+02,-1.831378415e-02
9.555352173e+02,2.204064839e-02
9.557761230e+02,1.988928020e-02
9.560170898e+02,-3.808354493e-03
9.562580566e+02,-1.228343695e-02
9.564990845e+02,-2.960846294e-03
9.567400513e+02,2.295334823e-02
9.569810181e+02,1.007774286e-02
9.572220459e+02,-2.277950197e-02
9.574630737e+02,-3.123828676e-03
9.577040405e+02,6.296551786e-03
9.579450684e+02,1.975889504e-02
9.581860962e+02,-2.232315019e-02
9.584271851e+02,1.374484622e-03
9.586682129e+02,1.076226868e-02
9.589092407e+02,2.194285765e-02
9.591503296e+02,-1.005057944e-03
9.593914185e+02,1.086005755e-02
9.596325073e+02,5.075813830e-02
9.598735962e+02,-5.601160228e-03
9.601146851e+02,-1.163150743e-02
9.603557739e+02,9.784374386e-03
9.605968628e+02,1.102303993e-02
9.608380127e+02,4.308166914e-03
9.610791626e+02,-1.847676747e-02
9.613202515e+02,1.301142480e-02
9.615614014e+02,-3.189021489e-03
9.618025513e+02,-1.101217512e-02
9.620437012e+02,-1.492375135e-02
9.622849121e+02,3.507923707e-02
9.625260620e+02,1.327219699e-02
9.627672729e+02,-7.328773383e-03
9.630084229e+02,-1.629280299e-02
9.632496338e+02,8.284936659e-03
9.634908447e+02,1.113712788e-03
9.637320557e+02,-1.929167844e-02
9.639732666e+02,-4.427687265e-03
9.642145386e+02,9.816970676e-03
9.644557495e+02,4.684656113e-02
9.646970215e+02,6.426937878e-03
9.649382324e+02,-1.013206970e-02
9.651795044e+02,5.318657495e-03
9.654207764e+02,2.308373526e-02
9.656620483e+02,3.313974594e-04
9.659033203e+02,-1.691213623e-02
9.661446533e+02,2.758204751e-02
9.663859253e+02,-4.525477067e-03
9.666272583e+02,-2.248613350e-02
9.668685913e+02,-3.026039107e-03
9.671099243e+02,-2.537091961e-03
9.673512573e+02,1.099044364e-02
9.675925903e+02,2.939115278e-03
9.678339233e+02,-5.861932412e-03
9.680752563e+02,2.794060856e-02
9.683166504e+02,1.871580817e-02
9.685579834e+02,-1.901460928e-04
9.687993774e+02,1.248988137e-02
9.690407715e+02,-7.524352055e-03
9.692821655e+02,-5.764142610e-03
9.695235596e+02,1.226170640e-02
9.697650146e+02,7.502621505e-03
9.700064087e+02,-6.579054520e-03
9.702478638e+02,9.816970676e-03
9.704892578e+02,-1.293536648e-02
9.707307129e+02,-2.049774863e-02
9.709721680e+02,1.232689898e-02
9.712136230e+02,7.225551526e-04
9.714550781e+02,-6.709440611e-03
9.716965942e+02,-1.016466692e-02
9.719380493e+02,4.286979511e-02
9.721795654e+02,-4.362494685e-03
9.724210205e+02,-1.824859157e-02
9.726625366e+02,1.027332153e-02
9.729040527e+02,-9.251965210e-03
9.731455688e+02,1.024887413e-01
9.733870850e+02,-5.698950030e-03
9.736286621e+02,-2.493086830e-02
9.738701782e+02,1.398931909e-02
9.741117554e+02,6.883288268e-03
9.743533325e+02,4.960096441e-03
9.745948486e+02,-2.004139684e-02
9.748364258e+02,1.037111040e-02
9.750780029e+02,-7.035405375e-03
9.753196411e+02,-1.805301197e-02
9.755612183e+02,-1.361989230e-02
9.758028564e+02,7.339639124e-03
9.760444336e+02,1.786829904e-02
9.762860718e+02,-2.111708187e-02
9.765277100e+02,4.769407213e-02
9.767693481e+02,1.113712788e-03
9.770109863e+02,2.337710373e-02
9.772526245e+02,-2.085630968e-02
9.774943237e+02,-6.709440611e-03
9.777359619e+02,-1.950355596e-03
9.779776611e+02,9.556199424e-03
9.782193604e+02,-1.293536648e-02
9.784610596e+02,2.500692755e-02
9.787027588e+02,-1.042543817e-02
9.789444580e+02,6.329148076e-03
9.791861572e+02,-1.978062652e-02
9.794278564e+02,-1.166410465e-02
9.796696167e+02,3.638309613e-02
9.799113770e+02,2.526769787e-02
9.801530762e+02,-4.492880311e-03
9.803948364e+02,-1.168040209e-03
9.806365967e+02,1.513019577e-02
9.808784180e+02,9.947356768e-03
9.811201782e+02,-2.374109812e-03
9.813619385e+02,-2.863056725e-03
9.816037598e+02,-8.420755039e-04
9.818455811e+02,-1.110996399e-02
9.820873413e+02,-1.466298010e-02
9.823291626e+02,2.953783609e-02
9.825709839e+02,1.081116265e-03
9.828128662e+02,1.770531759e-02
9.830546875e+02,-1.287017390e-02
9.832965088e+02,8.382726461e-03
9.835383911e+02,2.265998162e-02
9.837802734e+02,-1.179448981e-02
9.840221558e+02,-2.502865717e-02
9.842639771e+02,-1.684694365e-02
9.845059204e+02,3.656237619e-03
9.847478027e+02,-1.265829662e-03
9.849896851e+02,1.363075804e-02
9.852316284e+02,-2.561539412e-02
9.854735107e+02,1.284844242e-02
9.857154541e+02,5.731002986e-02
9.859573975e+02,-1.378287468e-02
9.861993408e+02,-2.015548525e-03
9.864412842e+02,7.861182094e-03
9.866832275e+02,3.330272855e-03
9.869251709e+02,-8.502246812e-03
9.871671753e+02,-1.195747219e-02
9.874091797e+02,2.119313926e-02
9.876511230e+02,1.472273958e-03
9.878931274e+02,-8.371860720e-03
9.881351318e+02,-2.196458913e-02
9.883771362e+02,1.301142480e-02
9.886192017e+02,8.741287515e-03
9.888612061e+02,-1.754776691e-03
9.891032104e+02,-4.134319257e-03
9.893452759e+02,5.025289487e-03
9.895873413e+02,3.232483519e-03
9.898294067e+02,-4.721055739e-03
9.900714722e+02,1.032221626e-04
9.903135376e+02,1.894398220e-02
9.905556030e+02,-5.813037278e-04
9.907977295e+02,-8.208878338e-03
9.910397949e+02,1.793349162e-02
9.912819214e+02,1.930254325e-02
9.915239868e+02,-1.624390832e-03
9.917661133e+02,-2.411595732e-02
9.920082397e+02,3.428062191e-03
9.922504272e+02,1.167496946e-02
9.924925537e+02,-4.688459449e-03
9.927346802e+02,-1.867234521e-02
9.929768677e+02,-2.471899148e-03
9.932189941e+02,2.515361179e-03
9.934611816e+02,2.547957469e-03
9.937033691e+02,-1.300055999e-02
9.939455566e+02,2.914667875e-02
9.941877441e+02,1.855282485e-02
9.944299927e+02,1.614068635e-02
9.946721802e+02,-8.632631972e-03
9.949143677e+02,8.871672675e-03
9.951566162e+02,-1.363619114e-03
9.953988647e+02,2.116054296e-02
9.956411133e+02,-1.929167844e-02
9.958833618e+02,-1.102847280e-03
9.961256104e+02,7.241849322e-03
9.963678589e+02,-1.260940172e-02
9.966101685e+02,-1.950355596e-03
9.968524170e+02,7.567814086e-03
9.970947266e+02,2.210584097e-02
9.973370361e+02,1.030591782e-02
9.975793457e+02,-9.773508646e-03
9.978216553e+02,3.736098856e-02
9.980639648e+02,1.076226868e-02
9.983062744e+02,-1.789003052e-02
9.985486450e+02,-1.606462710e-02
9.987909546e+02,-2.553390223e-04
9.990333252e+02,-6.611651275e-03
9.992756958e+02,-2.033476532e-02
9.995180664e+02,-2.121487074e-02
9.997604370e+02,5.359403417e-02
1.000002808e+03,-1.003428083e-02
1.000245178e+03,-1.697732881e-02
1.000487610e+03,7.062569057e-05
1.000729980e+03,9.751778096e-03
1.000972412e+03,2.275777049e-02
1.001214844e+03,-2.408335917e-02
1.001457275e+03,-7.915509865e-03
1.001699707e+03,-7.442861097e-04
1.001942139e+03,-9.235666948e-05
1.002184570e+03,2.842955664e-02
1.002427063e+03,-7.263580337e-03
1.002669495e+03,1.288103871e-02
1.002911987e+03,1.684151066e-04
1.003154480e+03,-4.101722501e-03
1.003396973e+03,2.287185751e-03
1.003639465e+03,2.588703111e-02
1.003881958e+03,3.199886996e-03
1.004124451e+03,2.352378797e-03
1.004367004e+03,-6.513861474e-03
1.004609497e+03,1.617328264e-02
1.004852051e+03,-9.219368920e-03
1.005094604e+03,-1.498894393e-02
1.005337158e+03,-4.884038121e-03
1.005579712e+03,-7.752527483e-03
1.005822266e+03,6.198762450e-03
1.006064819e+03,7.877480821e-04
1.006307434e+03,1.490202080e-02
1.006549988e+03,2.347489260e-02
1.006792603e+03,1.405451261e-02
1.007035217e+03,7.274446078e-03
1.007277832e+03,-1.032764930e-02
1.007520447e+03,3.168920428e-02
1.007763062e+03,2.510471642e-02
1.008005676e+03,-7.524352055e-03
1.008248352e+03,-1.632539928e-02
1.008490967e+03,3.493255237e-03
1.008733643e+03,-1.135443803e-03
1.008976318e+03,-8.274070919e-03
1.009218994e+03,1.969370246e-02
1.009461670e+03,1.248988137e-02
1.009704346e+03,3.667646274e-02
1.009947021e+03,2.613150515e-03
1.010189758e+03,4.687916115e-02
1.010432434e+03,6.524727214e-03
1.010675171e+03,9.507304057e-04
1.010917908e+03,-4.492880311e-03
1.011160645e+03,-2.088890597e-02
1.011403381e+03,8.252340369e-03
1.011646118e+03,-7.589545101e-03
1.011888855e+03,-1.420662925e-02
1.012131653e+03,-4.003933165e-03
1.012374390e+03,1.764012501e-02
1.012617188e+03,1.441307366e-02
1.012859985e+03,-1.469557639e-02
1.013102783e+03,-2.113337861e-03
1.013345581e+03,2.415941842e-02
1.013588379e+03,6.394341122e-03
1.013831177e+03,1.602659817e-03
1.014074036e+03,9.165041149e-03
1.014316833e+03,-5.813037278e-04
1.014559692e+03,5.775008351e-03
1.014802551e+03,1.372854784e-02
1.015045349e+03,-1.192487590e-02
1.015288269e+03,1.529317815e-02
1.015531128e+03,1.183795184e-02
1.015773987e+03,-1.040425077e-01
1.016016846e+03,-1.017933488e-01
1.016259766e+03,-1.049552038e-01
1.016502686e+03,-1.038469300e-01
1.016745544e+03,-1.074651331e-01
1.016988464e+03,-1.036839411e-01
