1.933779755e+02,3.791482188e-03
1.935834351e+02,-1.573560387e-02
1.937889099e+02,8.730494417e-03
1.939943848e+02,-1.472163573e-02
1.941998901e+02,7.193185855e-03
1.944053955e+02,-2.815672895e-03
1.946109161e+02,9.711754508e-03
1.948164520e+02,5.165247247e-03
1.950220032e+02,1.749642193e-02
1.952275696e+02,-1.230119262e-02
1.954331360e+02,2.446337231e-02
1.956387177e+02,3.358909860e-02
1.958443298e+02,1.965519600e-02
1.960499420e+02,-7.591141388e-03
1.962555695e+02,1.288449764e-02
1.964611969e+02,3.067802452e-02
1.966668549e+02,9.679046459e-03
1.968725128e+02,2.416899428e-02
1.970782013e+02,7.520272397e-03
1.972838898e+02,3.535536677e-02
1.974895935e+02,1.900102198e-02
1.976953125e+02,1.671141386e-02
1.979010315e+02,-1.197410561e-02
1.981067810e+02,-3.502555424e-03
1.983125305e+02,1.556660980e-02
1.985182953e+02,1.088926755e-02
1.987240906e+02,6.514480338e-04
1.989298706e+02,-5.857580807e-03
1.991356812e+02,-7.329471875e-03
1.993415070e+02,-3.625212994e-04
1.995473328e+02,-1.724020392e-02
1.997531891e+02,-1.007700153e-02
1.999590454e+02,-9.880749509e-03
2.001649170e+02,9.711754508e-03
2.003708038e+02,-1.406746171e-02
2.005766907e+02,4.022895917e-02
2.007826080e+02,1.772538386e-02
2.009885254e+02,-5.914820940e-04
2.011944733e+02,4.151277710e-03
2.014004211e+02,2.581260633e-03
2.016063843e+02,-3.502555424e-03
2.018123627e+02,-2.038023807e-02
2.020183411e+02,-5.334241781e-03
2.022243500e+02,3.280408680e-02
2.024303589e+02,3.039182397e-03
2.026363831e+02,2.508483827e-02
2.028424225e+02,3.349097073e-02
2.030484772e+02,1.347325370e-02
2.032545471e+02,8.536694944e-02
2.034606171e+02,1.436456572e-03
2.036667175e+02,1.010425854e-02
2.038728180e+02,9.122998454e-03
2.040789337e+02,2.446337231e-02
2.042850647e+02,2.123339102e-03
2.044912109e+02,-2.128790366e-03
2.046973724e+02,-9.717206471e-03
2.049035339e+02,-8.703236468e-03
2.051097107e+02,2.096354403e-02
2.053159180e+02,7.470391691e-02
2.055221252e+02,7.408245653e-02
2.057283478e+02,-7.165928371e-03
2.059345703e+02,3.824190702e-03
2.061408234e+02,-1.056763157e-02
2.063470764e+02,5.197955761e-03
2.065533600e+02,7.495741011e-04
2.067596436e+02,-9.128449485e-03
2.069659424e+02,1.661328785e-02
2.071722412e+02,1.046405453e-02
2.073785706e+02,2.472504228e-02
2.075848999e+02,-7.918228395e-03
2.077912598e+02,-1.537580881e-02
2.079976196e+02,1.658057980e-02
2.082039948e+02,2.156047616e-03
2.084103851e+02,5.459625274e-03
2.086167908e+02,1.533764880e-02
2.088231964e+02,1.828960842e-03
2.090296173e+02,-1.897376403e-02
2.092360687e+02,4.805451259e-03
2.094425201e+02,1.935264008e-04
2.096489868e+02,6.898807362e-03
2.098554535e+02,4.232231528e-02
2.100619507e+02,9.351959452e-03
2.102684479e+02,-1.576831378e-02
2.104749756e+02,5.786712281e-03
2.106815033e+02,1.324429270e-02
2.108880463e+02,9.286541492e-03
2.110946045e+02,3.008926660e-02
2.113011627e+02,-1.768994844e-03
2.115077515e+02,-1.605451456e-03
2.117143402e+02,1.305621816e-03
2.119209442e+02,-7.165928371e-03
2.121275635e+02,7.356729358e-03
2.123341980e+02,4.206064716e-02
2.125408478e+02,1.144531555e-02
2.127475128e+02,7.716524880e-03
2.129541779e+02,2.011311799e-02
2.131608582e+02,-8.899488486e-03
2.133675537e+02,-7.918228395e-03
2.135742645e+02,6.514480338e-04
2.137809906e+02,-1.465621777e-02
2.139877319e+02,-5.432367790e-03
2.141944733e+02,2.181397006e-02
2.144012299e+02,-1.812333986e-02
2.146080017e+02,-2.521294635e-03
2.148147888e+02,-1.465621777e-02
2.150215912e+02,-7.983645424e-03
2.152284088e+02,-1.481976174e-02
2.154352264e+02,4.478364717e-03
2.156420746e+02,6.800681353e-03
2.158489227e+02,-2.096899413e-02
2.160557861e+02,-3.240885912e-03
2.162626648e+02,4.968994763e-03
2.164695435e+02,1.170698460e-02
2.166764526e+02,1.429097075e-02
2.168833618e+02,-5.628620274e-03
2.170902863e+02,-5.072572269e-03
2.172972412e+02,3.941124305e-02
2.175041809e+02,2.276252210e-02
2.177111511e+02,5.079386756e-02
2.179181366e+02,-2.194207860e-03
2.181251221e+02,1.301533263e-02
2.183321228e+02,-6.151959300e-03
2.185391388e+02,-1.177785359e-02
2.187461700e+02,-7.656558882e-03
2.189532166e+02,-1.128722355e-02
2.191602783e+02,-1.997955609e-03
2.193673401e+02,-1.147529809e-03
2.195744171e+02,3.627938684e-03
2.197815247e+02,-2.063373104e-03
2.199886322e+02,1.164156757e-02
2.201957397e+02,5.099829752e-03
2.204028778e+02,-1.638977788e-02
2.206100159e+02,2.025212860e-03
2.208171844e+02,-1.305349264e-02
2.210243530e+02,-7.198637351e-03
2.212315369e+02,-2.848381642e-03
2.214387360e+02,1.958977804e-02
2.216459351e+02,-1.818875596e-02
2.218531647e+02,-4.941737745e-03
2.220603943e+02,8.337989450e-03
2.222676392e+02,-3.371720668e-03
2.224748993e+02,2.570630237e-02
2.226821747e+02,1.769267395e-02
2.228894653e+02,6.571720820e-03
2.230967712e+02,-1.328245271e-02
2.233040771e+02,3.012197651e-02
2.235113983e+02,-3.764224937e-03
2.237187347e+02,-4.876320250e-03
2.239260864e+02,3.417785466e-02
2.241334534e+02,-1.514684875e-02
2.243408203e+02,-1.854855195e-02
2.245482178e+02,1.465076674e-02
2.247556152e+02,2.305690013e-02
2.249630280e+02,-9.848040529e-03
2.251704559e+02,2.348211221e-02
2.253778839e+02,3.515911475e-02
2.255853424e+02,2.743986435e-02
2.257928009e+02,-1.707666181e-02
2.260002899e+02,5.533219664e-04
2.262077789e+02,-5.007155240e-03
2.264152832e+02,1.501873950e-03
2.266227875e+02,-1.210494060e-02
2.268303223e+02,1.484701876e-02
2.270378571e+02,-4.156729206e-03
2.272454224e+02,1.491243578e-02
2.274529877e+02,-9.422827512e-03
2.276605682e+02,-2.260443009e-02
2.278681488e+02,-4.156729206e-03
2.280757599e+02,9.024872445e-03
2.282833710e+02,7.814650424e-03
2.284910126e+02,-1.956252195e-02
2.286986542e+02,-1.217035763e-02
2.289063110e+02,1.442180574e-02
2.291139679e+02,-1.343781943e-03
2.293216553e+02,1.445451472e-02
2.295293427e+02,1.301533263e-02
2.297370605e+02,5.118637159e-02
2.299447784e+02,2.109437808e-02
2.301525116e+02,-1.920272596e-02
2.303602448e+02,6.146507803e-03
2.305680084e+02,-1.073117554e-02
2.307757721e+02,5.721294787e-03
2.309835663e+02,2.908347640e-03
2.311913605e+02,4.961635545e-02
2.313991699e+02,6.800681353e-03
2.316069794e+02,-1.553935278e-02
2.318148193e+02,2.436524630e-02
2.320226746e+02,1.337512769e-02
2.322305298e+02,4.376149923e-02
2.324384003e+02,-1.416558772e-02
2.326462860e+02,2.410357818e-02
2.328541870e+02,-1.465621777e-02
2.330620880e+02,-3.175468417e-03
2.332700195e+02,-1.148347557e-02
2.334779510e+02,-3.208177164e-03
2.336858978e+02,3.061260656e-02
2.338938599e+02,-4.091311712e-03
2.341018372e+02,-4.320272710e-03
2.343098145e+02,-2.744531445e-02
2.345178223e+02,3.339284658e-02
2.347258301e+02,-7.877342287e-04
2.349338531e+02,-8.408858441e-03
2.351418915e+02,2.567359433e-02
2.353499298e+02,1.350596268e-02
2.355579987e+02,-2.391277626e-02
2.357660675e+02,-2.718364634e-02
2.359741669e+02,-4.810902756e-03
2.361822662e+02,1.631890982e-02
2.363903809e+02,5.877478793e-02
2.365984955e+02,-1.118909754e-02
2.368066406e+02,-1.253015362e-02
2.370147858e+02,-2.643952321e-04
2.372229462e+02,6.179216318e-03
2.374311371e+02,4.478364717e-03
2.376393127e+02,2.838841639e-02
2.378475189e+02,6.767972838e-03
2.380557404e+02,9.548211470e-03
2.382639618e+02,1.991686597e-02
2.384721985e+02,-7.754684892e-03
2.386804504e+02,1.134718955e-02
2.388887177e+02,5.108824372e-02
2.390970001e+02,7.146576047e-02
2.393052826e+02,-5.072572269e-03
2.395135956e+02,3.333560424e-03
2.397219086e+02,2.783236839e-02
2.399302368e+02,-3.240885912e-03
2.401385803e+02,-2.152504213e-02
2.403469238e+02,3.849539906e-02
2.405552979e+02,1.102010254e-02
2.407636719e+02,-1.907189004e-02
2.409720612e+02,-6.871550344e-03
2.411804657e+02,-1.141805761e-02
2.413888855e+02,-8.204429178e-04
2.415973206e+02,2.483134624e-03
2.418057556e+02,-8.997615427e-03
2.420142059e+02,1.988415606e-02
2.422226715e+02,1.275366265e-02
2.424311523e+02,-1.370766573e-02
2.426396484e+02,1.730834716e-03
2.428481598e+02,8.730494417e-03
2.430566711e+02,-1.148347557e-02
2.432651978e+02,-8.212606423e-03
2.434737549e+02,1.894378220e-03
2.436822968e+02,-1.704395190e-02
2.438908691e+02,-1.727291383e-02
2.440994568e+02,3.464395180e-03
2.443080444e+02,-1.714207791e-02
2.445166473e+02,3.643475473e-02
2.447252655e+02,2.138875611e-02
2.449338989e+02,-1.020783652e-02
2.451425476e+02,-1.881022193e-02
2.453511963e+02,-1.645519584e-02
2.455598755e+02,5.884838291e-03
2.457685547e+02,5.203679577e-02
2.459772491e+02,-2.296422422e-02
2.461859589e+02,-7.689267397e-03
2.463946686e+02,2.616422437e-02
2.466034088e+02,1.142078312e-03
2.468121490e+02,-2.878637053e-02
2.470209045e+02,5.721294787e-03
2.472296753e+02,1.743100584e-02
2.474384613e+02,-1.194139663e-02
2.476472626e+02,9.580919519e-03
2.478560638e+02,6.996933371e-03
2.480648804e+02,-1.441907953e-03
2.482737122e+02,1.278637163e-02
2.484825592e+02,-9.651788510e-03
2.486914215e+02,8.403407410e-03
2.489002991e+02,-9.185689851e-04
2.491091766e+02,-1.004429348e-02
2.493180695e+02,1.651516184e-02
2.495269775e+02,7.978194393e-03
2.497359009e+02,-7.885519415e-03
2.499448395e+02,1.033321954e-02
2.501537781e+02,-2.159046009e-02
2.503627472e+02,1.481430978e-02
2.505717163e+02,1.507597975e-02
2.507807007e+02,-3.016013652e-02
2.509897003e+02,-9.839864215e-04
2.511987000e+02,3.954207897e-02
2.514077301e+02,-7.525723893e-03
2.516167603e+02,3.447223082e-02
2.518258057e+02,-2.270255610e-02
2.520348663e+02,2.547734231e-02
2.522439423e+02,-3.011925146e-03
2.524530182e+02,2.450425876e-03
2.526621246e+02,-1.952981204e-02
2.528712311e+02,8.763202466e-03
2.530803528e+02,5.296081770e-03
2.532894897e+02,-8.670528419e-03
2.534986420e+02,-1.900647394e-02
2.537077942e+02,-5.465076771e-03
2.539169617e+02,7.552981377e-03
2.541261444e+02,2.364565618e-02
2.543353424e+02,1.370221470e-02
2.545445557e+02,4.853696749e-02
2.547537842e+02,-4.778194241e-03
2.549630127e+02,2.636047639e-02
2.551722717e+02,-1.913730800e-02
2.553815308e+02,1.095468458e-02
2.555908051e+02,-1.092742756e-02
2.558000793e+02,-1.894105598e-02
2.560093689e+02,2.908347640e-03
2.562186890e+02,1.353867166e-02
2.564280090e+02,1.929540001e-02
2.566373596e+02,-9.717206471e-03
2.568467102e+02,-1.187597960e-02
2.570560608e+02,-7.460306864e-03
2.572654419e+02,2.613151632e-02
2.574748230e+02,-2.280068211e-02
2.576842041e+02,-4.091311712e-03
2.578936157e+02,1.861669472e-03
2.581030579e+02,1.665417338e-03
2.583125000e+02,6.277342327e-03
2.585219421e+02,-1.387120970e-02
2.587313843e+02,4.609199241e-03
2.589408569e+02,1.416013669e-02
2.591503601e+02,-6.609880831e-03
2.593598633e+02,-7.623849902e-03
2.595693665e+02,3.044906259e-02
2.597789001e+02,1.098739356e-02
2.599884338e+02,-2.800136246e-02
2.601979675e+02,6.841567229e-04
2.604075317e+02,1.030051149e-02
2.606170959e+02,-2.725724016e-06
2.608266907e+02,-1.602998376e-02
2.610362854e+02,-2.083816007e-02
2.612459106e+02,1.137989759e-02
2.614555359e+02,-1.245655934e-03
2.616651611e+02,-6.119250320e-03
2.618748169e+02,-1.429642271e-02
2.620844727e+02,4.740034230e-03
2.622941284e+02,1.304804068e-02
2.625038147e+02,-1.782895997e-02
2.627135315e+02,-2.063373104e-03
2.629232483e+02,1.939352602e-02
2.631329651e+02,-1.321703568e-02
2.633426819e+02,-2.502487227e-02
2.635524292e+02,7.095059846e-03
2.637622070e+02,-1.684769988e-02
2.639719849e+02,2.221465111e-03
2.641817627e+02,-6.806132849e-03
2.643915710e+02,-7.721976377e-03
2.646013794e+02,1.992504345e-03
2.648111877e+02,-2.488586120e-03
2.650210266e+02,-1.112367958e-02
2.652308655e+02,-1.989778539e-04
2.654407349e+02,1.216490660e-02
2.656506042e+02,1.023509353e-02
2.658605042e+02,-4.516524728e-03
2.660704041e+02,1.958977804e-02
2.662803040e+02,1.242657565e-02
2.664902344e+02,-1.769812591e-02
2.667001648e+02,5.023781955e-02
2.669101257e+02,-7.329471875e-03
2.671200867e+02,-1.278364565e-03
2.673300476e+02,1.396388374e-02
2.675400391e+02,-3.273594659e-03
2.677500305e+02,4.053151701e-03
2.679600525e+02,2.908347640e-03
2.681700745e+02,5.301805958e-02
2.683800964e+02,-9.512776742e-04
2.685901489e+02,-2.724906243e-02
2.688002014e+02,3.414514661e-02
2.690102844e+02,-3.404429415e-03
2.692203674e+02,-1.491788775e-02
2.694304504e+02,9.540034080e-05
2.696405640e+02,2.305690013e-02
2.698506775e+02,-3.011925146e-03
2.700608215e+02,-2.332402021e-02
2.702709656e+02,-2.132879011e-02
2.704811401e+02,1.023509353e-02
2.706913147e+02,-1.343781943e-03
2.709014893e+02,4.118569195e-03
2.711116943e+02,-5.595911294e-03
2.713218994e+02,8.501533419e-03
2.715321045e+02,6.931516342e-03
2.717423401e+02,2.450425876e-03
2.719526062e+02,2.609880827e-02
2.721628418e+02,-1.295536663e-02
2.723731384e+02,-2.226916607e-03
2.725834045e+02,-1.809062995e-02
2.727937012e+02,-9.651788510e-03
2.730039978e+02,4.114480317e-02
2.732143250e+02,1.556660980e-02
2.734246521e+02,3.380415738e-01
2.736350098e+02,-1.910459995e-02
2.738453674e+02,1.658057980e-02
2.740557556e+02,-1.822146587e-02
2.742661133e+02,-1.949710399e-02
2.744765320e+02,-9.095741436e-03
2.746869202e+02,-1.661873981e-02
2.748973389e+02,-1.507325331e-03
2.751077881e+02,2.577172033e-02
2.753182373e+02,1.232844964e-02
2.755286865e+02,2.694923431e-02
2.757391663e+02,-1.645519584e-02
2.759496460e+02,-5.072572269e-03
2.761601257e+02,-2.620238438e-02
2.763706360e+02,3.483202681e-02
2.765811462e+02,4.660715535e-02
2.767916870e+02,6.898807362e-03
2.770022278e+02,-3.404429415e-03
2.772127991e+02,4.605110735e-02
2.774233704e+02,2.331856824e-02
2.776339417e+02,2.472504228e-02
2.778445435e+02,8.828620426e-03
2.780551453e+02,-5.432367790e-03
2.782657471e+02,-5.595911294e-03
2.784763794e+02,-1.135264058e-02
2.786870422e+02,7.168654120e-04
2.788976746e+02,-9.259284474e-03
2.791083679e+02,6.735263858e-03
2.793190308e+02,-3.993185703e-03
2.795297241e+02,-9.291993454e-03
2.797404175e+02,1.582827978e-02
2.799511414e+02,-5.039863754e-03
2.801618652e+02,-1.050221454e-02
2.803726196e+02,-2.129608206e-02
2.805833740e+02,-5.236115772e-03
2.807941284e+02,2.609880827e-02
2.810049133e+02,-9.259284474e-03
2.812156982e+02,2.384190820e-02
2.814265137e+02,-3.567972686e-03
2.816373291e+02,-5.694037303e-03
2.818481750e+02,-3.365996480e-02
2.820589905e+02,-1.867938600e-02
2.822698669e+02,6.754071265e-02
2.824807129e+02,1.481430978e-02
2.826915894e+02,-1.642248780e-02
2.829024963e+02,-9.291993454e-03
2.831134033e+02,5.034412257e-03
2.833243103e+02,3.349097073e-02
2.835352478e+02,-2.455877373e-03
2.837461853e+02,-2.806678042e-02
2.839571228e+02,2.789778449e-02
2.841680908e+02,-1.899829600e-03
2.843790588e+02,-9.651788510e-03
2.845900574e+02,-2.947325446e-02
2.848010559e+02,1.779079996e-02
2.850120850e+02,1.389846671e-02
2.852230835e+02,3.889608197e-03
2.854341431e+02,-3.140306473e-02
2.856452026e+02,1.567291329e-03
2.858562622e+02,-1.786166988e-02
2.860673218e+02,8.763202466e-03
2.862784119e+02,-6.119250320e-03
2.864895020e+02,1.451993175e-02
2.867006226e+02,1.043134555e-02
2.869117432e+02,-1.730562188e-02
2.871228943e+02,-2.819761448e-02
2.873340454e+02,-3.796933452e-03
2.875451965e+02,-1.315161865e-02
2.877563782e+02,-1.776354387e-02
2.879675598e+02,-8.506984450e-03
2.881787720e+02,3.693355946e-03
2.883899536e+02,6.506303325e-03
2.886011963e+02,-1.441907953e-03
2.888124390e+02,-1.998773403e-02
2.890236816e+02,-1.343781943e-03
2.892349243e+02,3.568245471e-02
2.894461975e+02,-1.128722355e-02
2.896575012e+02,-1.926814392e-02
2.898687744e+02,3.006473649e-03
2.900801086e+02,1.520681474e-02
2.902914124e+02,-1.076388452e-02
2.905027466e+02,-1.851584390e-02
2.907141113e+02,6.440885831e-03
2.909254456e+02,2.842112444e-02
2.911368408e+02,-3.952299885e-04
2.913482056e+02,-9.553662501e-03
2.915596008e+02,6.898807362e-03
2.917710266e+02,9.973424487e-03
2.919824219e+02,1.720204391e-02
2.921938782e+02,-2.211379819e-02
2.924053040e+02,1.272095367e-02
2.926167603e+02,3.561703488e-02
2.928282471e+02,-1.939897798e-02
2.930397034e+02,-1.017512754e-02
2.932512207e+02,2.286882373e-03
2.934627075e+02,2.188756363e-03
2.936742249e+02,-6.119250320e-03
2.938857727e+02,-1.109097060e-02
2.940973206e+02,2.331856824e-02
2.943088684e+02,-8.964906447e-03
2.945204163e+02,7.880068384e-03
2.947320251e+02,-9.324701503e-03
2.949436035e+02,-9.749914519e-03
2.951552124e+02,-9.422827512e-03
2.953668213e+02,3.897785209e-04
2.955784607e+02,-1.557206176e-02
2.957901001e+02,-1.703577465e-03
2.960017395e+02,-4.025894217e-03
2.962134094e+02,-3.166473657e-02
2.964250793e+02,-1.972606406e-02
2.966367798e+02,1.893560402e-02
2.968484802e+02,8.403407410e-03
2.970601807e+02,-8.179897442e-03
2.972719116e+02,-7.165928371e-03
2.974836731e+02,2.547734231e-02
2.976954041e+02,3.391618282e-02
2.979071655e+02,8.468824439e-03
2.981189575e+02,8.763202466e-03
2.983307495e+02,-1.845042594e-02
2.985425415e+02,-1.112367958e-02
2.987543335e+02,-1.020783652e-02
2.989661865e+02,-1.207223162e-02
2.991780090e+02,-1.714207791e-02
2.993898621e+02,-7.623849902e-03
2.996017151e+02,5.099829752e-03
2.998135986e+02,-2.002044208e-02
3.000254822e+02,1.389846671e-02
3.002373657e+02,1.059488952e-02
3.004492798e+02,-1.050221454e-02
3.006611938e+02,-2.443611622e-02
3.008731384e+02,1.873935200e-02
3.010850830e+02,5.197955761e-03
3.012970581e+02,1.821601391e-02
3.015090027e+02,-2.244088612e-02
3.017210083e+02,4.932197556e-02
3.019329834e+02,-7.165928371e-03
3.021450195e+02,-2.521294635e-03
3.023570251e+02,-2.126337215e-02
3.025690613e+02,1.932810992e-02
3.027810974e+02,2.328586020e-02
3.029931641e+02,-2.083816007e-02
3.032052307e+02,6.740988046e-02
3.034172974e+02,1.903373003e-02
3.036293945e+02,-2.253901213e-02
3.038414917e+02,1.469165203e-03
3.040536194e+02,-1.638160087e-03
3.042657471e+02,-1.661873981e-02
3.044779053e+02,2.675298043e-02
3.046900635e+02,-1.540034078e-03
3.049022217e+02,-1.135264058e-02
3.051143799e+02,2.123339102e-03
3.053265991e+02,8.477001684e-04
3.055387878e+02,-1.616081782e-02
3.057510071e+02,-2.371652424e-02
3.059632263e+02,-1.661873981e-02
3.061754761e+02,-8.703236468e-03
3.063877258e+02,-2.443611622e-02
3.065999756e+02,-1.652061380e-02
3.068122559e+02,-1.688040793e-02
3.070245361e+02,-1.432913076e-02
3.072368469e+02,-1.881022193e-02
3.074491577e+02,-1.001158450e-02
3.076614990e+02,2.057921607e-03
3.078738098e+02,2.515025623e-02
3.080861816e+02,-5.465076771e-03
3.082985229e+02,-2.329131216e-02
3.085108948e+02,2.214105614e-02
3.087232971e+02,-3.240885912e-03
3.089356995e+02,-6.969676353e-03
3.091481018e+02,-6.413628813e-03
3.093605347e+02,1.631890982e-02
3.095729675e+02,-1.105826255e-02
3.097854004e+02,1.665417338e-03
3.099978638e+02,-2.335672826e-02
3.102103271e+02,1.442180574e-02
3.104228210e+02,3.922316711e-03
3.106353149e+02,2.417717129e-03
3.108478088e+02,-1.782895997e-02
3.110603333e+02,-1.678228192e-02
3.112728577e+02,-7.623849902e-03
3.114854126e+02,1.710391790e-02
3.116979675e+02,-1.678228192e-02
3.119105225e+02,-8.801362477e-03
3.121231079e+02,2.927155048e-02
3.123356934e+02,-8.801362477e-03
3.125483093e+02,2.681839839e-02
3.127609253e+02,6.931516342e-03
3.129735413e+02,-7.591141388e-03
3.131861877e+02,-2.152504213e-02
3.133988342e+02,-9.488245472e-03
3.136115112e+02,-1.383850072e-02
3.138241882e+02,3.922316711e-03
3.140368652e+02,3.235434415e-03
3.142495728e+02,-1.576831378e-02
3.144622803e+02,2.655672841e-02
3.146750183e+02,5.331243575e-02
3.148877563e+02,-5.399659276e-03
3.151004944e+02,-1.661873981e-02
3.153132629e+02,-6.446337327e-03
3.155260315e+02,4.224872100e-04
3.157388306e+02,-4.222146701e-03
3.159516296e+02,-2.378194220e-02
3.161644287e+02,-1.491788775e-02
3.163772583e+02,-1.125451457e-02
3.165900879e+02,-1.540034078e-03
3.168029480e+02,-2.586712129e-03
3.170158081e+02,2.221465111e-03
3.172286682e+02,5.263373256e-03
3.174415588e+02,1.455264073e-02
3.176544495e+02,-2.325860225e-02
3.178673706e+02,5.628892779e-02
3.180802612e+02,1.281907968e-02
3.182932129e+02,-8.212606423e-03
3.185061646e+02,-3.048722260e-02
3.187191162e+02,-1.923543401e-02
3.189320679e+02,-7.362180389e-03
3.191450500e+02,5.394207779e-03
3.193580322e+02,1.730016991e-02
3.195710449e+02,-2.554003382e-03
3.197840576e+02,1.796252094e-03
3.199971008e+02,-1.056763157e-02
3.202101440e+02,1.484701876e-02
3.204231873e+02,4.997615144e-02
3.206362610e+02,3.758773440e-03
3.208493347e+02,-1.867938600e-02
3.210624084e+02,-2.302964218e-02
3.212755127e+02,-1.768994844e-03
3.214886169e+02,7.291311864e-03
3.217017517e+02,-1.779625192e-02
3.219148865e+02,2.941056155e-03
3.221280518e+02,-1.423100475e-02
3.223411865e+02,2.515025623e-02
3.225543823e+02,1.903373003e-02
3.227675476e+02,2.156047616e-03
3.229807434e+02,6.538194418e-02
3.231939697e+02,-1.343781943e-03
3.234071960e+02,-1.668415591e-02
3.236204224e+02,8.403407410e-03
3.238336792e+02,1.929540001e-02
3.240469360e+02,-8.997615427e-03
3.242601929e+02,1.690766588e-02
3.244734802e+02,-1.125451457e-02
3.246867676e+02,-2.971039212e-04
3.249000854e+02,-1.079659257e-02
3.251134033e+02,1.193594560e-02
3.253267212e+02,-9.259284474e-03
3.255400696e+02,1.259011962e-02
3.257534180e+02,1.380034070e-02
3.259667969e+02,2.377649024e-02
3.261801758e+02,-8.408858441e-03
3.263935547e+02,-1.674957387e-02
3.266069641e+02,-5.661328789e-03
3.268203735e+02,3.371993080e-02
3.270337830e+02,3.333560424e-03
3.272472229e+02,5.917546805e-03
3.274606934e+02,-5.530494265e-03
3.276741333e+02,-1.311073196e-03
3.278876038e+02,3.156115860e-02
3.281011047e+02,1.371039194e-03
3.283146057e+02,-3.298126103e-04
3.285281067e+02,-6.642589346e-03
3.287416382e+02,-3.404429415e-03
3.289551697e+02,9.351959452e-03
3.291687317e+02,-1.638160087e-03
3.293822632e+02,2.403816022e-02
3.295958557e+02,-3.532810882e-02
3.298094177e+02,2.188756363e-03
3.300230103e+02,1.615536585e-02
3.302366333e+02,-1.151618361e-02
3.304502563e+02,-2.643952321e-04
3.306638794e+02,-3.011925146e-03
3.308775330e+02,4.576490726e-03
3.310911865e+02,-2.760885842e-02
3.313048401e+02,-1.167972758e-02
3.315185242e+02,-3.764224937e-03
3.317322083e+02,6.269165169e-05
3.319459229e+02,2.744804136e-03
3.321596375e+02,4.189710319e-02
3.323733521e+02,4.511073232e-03
3.325870972e+02,1.154344156e-02
3.328008423e+02,-5.399659276e-03
3.330146179e+02,-1.779625192e-02
3.332283936e+02,5.920000002e-02
3.334421692e+02,9.711754508e-03
3.336559753e+02,1.265553664e-02
3.338697815e+02,-2.453424223e-02
3.340835876e+02,9.221124463e-03
3.342974243e+02,1.338330447e-03
3.345112915e+02,5.184054375e-02
3.347251282e+02,-2.548279427e-02
3.349389954e+02,1.285178866e-02
3.351528931e+02,5.525042769e-03
3.353667908e+02,-1.174514461e-02
3.355806885e+02,-1.550664380e-02
3.357946167e+02,1.085655857e-02
3.360085449e+02,-8.735945448e-03
3.362224731e+02,-3.240885912e-03
3.364364319e+02,-7.820102386e-03
3.366503906e+02,3.813560307e-02
3.368643799e+02,2.433253825e-02
3.370783691e+02,1.595911384e-02
3.372923889e+02,-1.638977788e-02
3.375063782e+02,5.034412257e-03
3.377204285e+02,-7.983645424e-03
3.379344482e+02,3.897785209e-04
3.381484985e+02,-1.109097060e-02
3.383625793e+02,-1.249744464e-02
3.385766296e+02,-2.725724016e-06
3.387907410e+02,-2.440340631e-02
3.390048218e+02,-5.628620274e-03
3.392189331e+02,-5.465076771e-03
3.394330444e+02,1.658057980e-02
3.396471863e+02,7.945485413e-03
3.398613281e+02,-1.743645594e-02
3.400755005e+02,-1.004429348e-02
3.402896729e+02,9.482793510e-03
3.405038452e+02,2.151959203e-02
3.407180481e+02,-1.184327062e-02
3.409322510e+02,-1.871209592e-02
3.411464539e+02,1.756183989e-02
3.413606873e+02,3.955025692e-03
3.415749207e+02,-7.950937375e-03
3.417891846e+02,-1.292265765e-02
3.420034485e+02,2.910800651e-02
3.422177124e+02,-1.200681459e-02
3.424320068e+02,1.327700168e-02
3.426463318e+02,-6.348211318e-03
3.428606262e+02,-1.305349264e-02
3.430749512e+02,6.179216318e-03
3.432892761e+02,-1.275911368e-02
3.435036316e+02,2.789778449e-02
3.437179871e+02,8.337989450e-03
3.439323730e+02,-3.274412081e-02
3.441467590e+02,-1.965247095e-03
3.443611450e+02,-2.374923415e-02
3.445755615e+02,-7.394889370e-03
3.447899780e+02,-1.907189004e-02
3.450044250e+02,-8.114480413e-03
3.452188721e+02,-1.670868834e-03
3.454333191e+02,1.011243556e-03
3.456477661e+02,-1.939897798e-02
3.458622742e+02,-1.580102183e-02
3.460767517e+02,2.505213022e-02
3.462912598e+02,-8.858602960e-04
3.465057678e+02,-2.541737631e-02
3.467203064e+02,1.796252094e-03
3.469348450e+02,6.571720820e-03
3.471493835e+02,3.595229937e-03
3.473639526e+02,-4.680068232e-03
3.475785217e+02,1.370221470e-02
3.477931213e+02,-2.226916607e-03
3.480077209e+02,1.468347572e-02
3.482223206e+02,3.300851677e-03
3.484369507e+02,-2.325860225e-02
3.486515808e+02,-6.814309745e-05
3.488662109e+02,1.207495690e-03
3.490808716e+02,1.586098783e-02
3.492955627e+02,-1.851584390e-02
3.495102234e+02,9.940715507e-03
3.497249146e+02,-1.060034055e-02
3.499396362e+02,-7.558432873e-03
3.501543579e+02,-5.137989763e-03
3.503690796e+02,-3.437137930e-03
3.505838318e+02,-5.236115772e-03
3.507985840e+02,1.272095367e-02
3.510133362e+02,-6.380919833e-03
3.512281189e+02,2.779965848e-02
3.514429016e+02,1.451993175e-02
3.516577148e+02,-2.489403822e-02
3.518725281e+02,4.098125920e-02
3.520873413e+02,1.674412191e-02
3.523021851e+02,-1.128722355e-02
3.525170288e+02,2.338398620e-02
3.527318726e+02,-9.259284474e-03
3.529467468e+02,-3.502555424e-03
3.531616516e+02,2.220647410e-02
3.533765259e+02,-1.662691648e-04
3.535914307e+02,-7.133219857e-03
3.538063660e+02,-4.680068232e-03
3.540213013e+02,1.824872196e-02
3.542362366e+02,-3.502555424e-03
3.544512024e+02,-1.703577465e-03
3.546661682e+02,2.704736032e-02
3.548811340e+02,8.141737431e-03
3.550961304e+02,-2.008586004e-02
3.553111267e+02,-3.195911273e-02
3.555261536e+02,1.887018792e-02
3.557411804e+02,-7.067802362e-03
3.559562073e+02,3.103781864e-02
3.561712646e+02,-1.985689998e-02
3.563863220e+02,2.956592850e-02
3.566013794e+02,1.445451472e-02
3.568164673e+02,-2.459966019e-02
3.570315857e+02,-2.488586120e-03
3.572466736e+02,9.785349248e-04
3.574617920e+02,2.129063010e-02
3.576769409e+02,-7.558432873e-03
3.578920898e+02,3.398977919e-03
3.581072388e+02,-4.614650737e-03
3.583223877e+02,2.528109029e-02
3.585375671e+02,4.650902748e-02
3.587527771e+02,-1.161430962e-02
3.589679871e+02,-1.743645594e-02
3.591831970e+02,-1.008517866e-04
3.593984070e+02,-2.188483812e-02
3.596136475e+02,-3.240885912e-03
3.598289185e+02,-6.969676353e-03
3.600441589e+02,9.875298478e-03
3.602594299e+02,-4.156729206e-03
3.604747314e+02,2.070187405e-02
3.606900330e+02,6.473594345e-03
3.609053345e+02,3.535536677e-02
3.611206665e+02,-1.580102183e-02
3.613359985e+02,-7.721976377e-03
3.615513306e+02,-1.030596253e-02
3.617666931e+02,6.440885831e-03
3.619820557e+02,-3.274412081e-02
3.621974487e+02,1.016967651e-02
3.624128418e+02,1.451993175e-02
3.626282349e+02,8.109029382e-03
3.628436584e+02,-1.180238556e-03
3.630590820e+02,-2.459966019e-02
3.632745056e+02,3.757955879e-02
3.634899597e+02,7.324020378e-03
3.637054443e+02,-3.625212994e-04
3.639208984e+02,-1.266098768e-02
3.641363831e+02,9.646337479e-03
3.643518982e+02,-1.589914784e-02
3.645674133e+02,-2.054378204e-02
3.647829285e+02,2.413628623e-02
3.649984436e+02,5.668143183e-02
3.652139893e+02,1.075843256e-02
3.654295654e+02,2.254173858e-03
3.656451111e+02,-2.646405436e-02
3.658607178e+02,-3.437137930e-03
3.660762939e+02,-2.815672895e-03
3.662919006e+02,8.370698430e-03
3.665075073e+02,2.286064811e-02
3.667231445e+02,3.574787080e-02
3.669387817e+02,-3.633390181e-03
3.671544495e+02,-2.502487227e-02
3.673700867e+02,-1.740374789e-02
3.675857849e+02,1.272913069e-03
3.678014526e+02,3.303305060e-02
3.680171509e+02,7.258602884e-03
3.682328796e+02,-1.387120970e-02
3.684485779e+02,2.125792205e-02
3.686643066e+02,-5.563202780e-03
3.688800659e+02,6.269165169e-05
3.690958252e+02,-1.387120970e-02
3.693115845e+02,2.416899428e-02
3.695273743e+02,4.827529937e-02
3.697431641e+02,2.063645609e-02
3.699589539e+02,-1.851584390e-02
3.701747742e+02,1.975332201e-02
3.703906250e+02,-1.177785359e-02
3.706064453e+02,3.464395180e-03
3.708222961e+02,-8.441567421e-03
3.710381775e+02,4.936286248e-03
3.712540283e+02,8.752572536e-02
3.714699097e+02,-1.449267473e-02
3.716858215e+02,-1.697853580e-02
3.719017334e+02,5.707393587e-02
3.721176453e+02,1.052947156e-02
3.723335876e+02,-1.441907953e-03
3.725495300e+02,-1.946439594e-02
3.727654724e+02,-1.593185775e-02
3.729814453e+02,1.543577481e-02
3.731974182e+02,-1.135264058e-02
3.734134216e+02,-7.264054380e-03
3.736294250e+02,4.347529728e-03
3.738454285e+02,3.937853500e-02
3.740614624e+02,-1.360953972e-02
3.742774963e+02,2.385008615e-03
3.744935608e+02,6.866098847e-03
3.747096252e+02,-1.017512754e-02
3.749256897e+02,-3.287495673e-02
3.751417847e+02,-2.149233408e-02
3.753578796e+02,6.964224856e-03
3.755739746e+02,2.266439609e-02
3.757901001e+02,-1.498330478e-02
3.760062256e+02,-1.390391868e-02
3.762223816e+02,8.763202466e-03
3.764385376e+02,4.827529937e-02
3.766546936e+02,-2.227734216e-02
3.768708801e+02,2.881362848e-02
3.770870667e+02,-1.658602990e-02
3.773032837e+02,-3.960477188e-03
3.775194702e+02,-7.198637351e-03
3.777357178e+02,-1.374037471e-02
3.779519348e+02,2.073458210e-02
3.781681824e+02,2.829029039e-02
3.783844604e+02,-1.616081782e-02
3.786007385e+02,-2.060920000e-02
3.788170166e+02,-1.190868858e-02
3.790332947e+02,6.103168800e-02
3.792496033e+02,-2.260443009e-02
3.794659424e+02,3.591141477e-02
3.796822510e+02,-1.109097060e-02
3.798986206e+02,8.926746435e-03
3.801149597e+02,-3.398705274e-02
3.803313293e+02,-2.741260640e-02
3.805476990e+02,3.006473649e-03
3.807640991e+02,-1.305349264e-02
3.809804993e+02,-1.200681459e-02
3.811968994e+02,-2.080545202e-02
3.814133301e+02,-6.642589346e-03
3.816297607e+02,9.540034080e-05
3.818462219e+02,2.916524827e-04
3.820626831e+02,9.122998454e-03
3.822791443e+02,4.674616735e-03
3.824956360e+02,-7.223168504e-04
3.827121277e+02,-1.907189004e-02
3.829286194e+02,-6.773424335e-03
3.831451416e+02,4.690153152e-02
3.833616638e+02,5.471890792e-02
3.835782166e+02,-1.815604791e-02
3.837947693e+02,-2.244088612e-02
3.840113220e+02,1.347325370e-02
3.842279053e+02,1.370221470e-02
3.844444885e+02,-8.016354404e-03
3.846610718e+02,-2.764156647e-02
3.848776855e+02,3.352367878e-02
3.850943298e+02,-2.643952321e-04
3.853109436e+02,9.548211470e-03
3.855275879e+02,-1.897376403e-02
3.857442627e+02,-8.016354404e-03
3.859609070e+02,3.643475473e-02
3.861776123e+02,-1.874480397e-02
3.863942871e+02,-9.357410483e-03
3.866109924e+02,1.949165203e-02
3.868276978e+02,-6.708006840e-03
3.870444336e+02,-1.017512754e-02
3.872611694e+02,-6.511754822e-03
3.874779358e+02,-6.511754822e-03
3.876947021e+02,2.106167004e-02
3.879114685e+02,-2.348756418e-02
3.881282349e+02,-1.488517877e-02
3.883450317e+02,-1.092742756e-02
3.885618591e+02,1.111822855e-02
3.887786560e+02,-3.951482102e-02
3.889955139e+02,-2.181942016e-02
3.892123413e+02,2.325315215e-02
3.894291992e+02,1.121635456e-02
3.896460571e+02,1.739829592e-02
3.898629456e+02,-3.175468417e-03
3.900798340e+02,-1.540851779e-02
3.902967224e+02,-6.315502338e-03
3.905136414e+02,6.931516342e-03
3.907305603e+02,-2.139420807e-02
3.909475098e+02,1.952436194e-02
3.911644592e+02,5.623168778e-03
3.913814087e+02,4.333628714e-02
3.915983887e+02,-2.231005020e-02
3.918153687e+02,1.501056179e-02
3.920323486e+02,-6.838841364e-03
3.922493591e+02,1.203407161e-02
3.924663696e+02,-1.311073196e-03
3.926834106e+02,4.271481931e-02
3.929004517e+02,6.514480338e-04
3.931174927e+02,-2.711822838e-02
3.933345642e+02,4.565860331e-02
3.935516357e+02,6.433526427e-02
3.937687073e+02,-1.112367958e-02
3.939858093e+02,3.954207897e-02
3.942029114e+02,-3.323475271e-02
3.944200439e+02,8.043611422e-03
3.946371765e+02,2.240272611e-02
3.948543091e+02,9.940715507e-03
3.950714722e+02,6.931516342e-03
3.952886353e+02,2.385008615e-03
3.955058289e+02,-8.343441412e-03
3.957230225e+02,1.861669472e-03
3.959402161e+02,-2.832845040e-02
3.961574402e+02,4.987802356e-02
3.963746643e+02,-9.488245472e-03
3.965918884e+02,-1.439454872e-02
3.968091431e+02,-2.836115845e-02
3.970263977e+02,4.444838315e-02
3.972436829e+02,-9.913458489e-03
3.974609375e+02,-1.609539986e-02
3.976782532e+02,-2.515570633e-02
3.978955383e+02,4.314821213e-03
3.981128845e+02,3.584599495e-02
3.983302002e+02,-1.560476981e-02
3.985475464e+02,5.132538266e-03
3.987648926e+02,3.470119089e-02
3.989822693e+02,1.713662781e-02
3.991996155e+02,7.683815900e-03
3.994170227e+02,-2.034753002e-02
3.996343994e+02,1.010425854e-02
3.998518372e+02,-1.033867151e-02
4.000692444e+02,-3.277683258e-02
4.002866821e+02,-3.346371278e-02
4.005041199e+02,9.286541492e-03
4.007215881e+02,1.396388374e-02
4.009390564e+02,-2.041294798e-02
4.011565247e+02,2.580442838e-02
4.013740234e+02,-1.177785359e-02
4.015915222e+02,3.300851677e-03
4.018090210e+02,3.129949048e-02
4.020265503e+02,-2.312776819e-02
4.022440796e+02,3.496286273e-02
4.024616394e+02,-1.001158450e-02
4.026791992e+02,-1.697853580e-02
4.028967590e+02,-6.315502338e-03
4.031143494e+02,-1.560476981e-02
4.033319397e+02,-2.226916607e-03
4.035495605e+02,-8.539693430e-03
4.037671814e+02,-4.385689739e-03
4.039848022e+02,5.697580799e-02
4.042024231e+02,-2.286609821e-02
4.044200745e+02,-1.102555357e-02
4.046377563e+02,6.571720820e-03
4.048554382e+02,-8.801362477e-03
4.050731201e+02,-1.932538347e-03
4.052908020e+02,-8.735945448e-03
4.055085144e+02,-1.387120970e-02
4.057262268e+02,-9.520954452e-03
4.059439697e+02,-1.177785359e-02
4.061617126e+02,1.988415606e-02
4.063794556e+02,-1.952981204e-02
4.065972290e+02,1.458534878e-02
4.068150024e+02,-1.756729186e-02
4.070328064e+02,-2.178671211e-02
4.072506104e+02,2.946780249e-02
4.074684143e+02,6.466235220e-02
4.076862488e+02,-3.061805852e-02
4.079040833e+02,-1.338057965e-02
4.081219177e+02,-1.043679751e-02
4.083397827e+02,-5.366950762e-03
4.085576477e+02,-7.231345866e-03
4.087755432e+02,-5.236115772e-03
4.089934387e+02,5.877478793e-02
4.092113342e+02,3.104599658e-03
4.094292603e+02,3.431686433e-03
4.096471863e+02,-1.871209592e-02
4.098651123e+02,1.311345864e-02
4.100830688e+02,1.419284474e-02
4.103010254e+02,2.712095389e-03
4.105189819e+02,-2.914616652e-02
4.107369690e+02,-1.203952264e-02
4.109549866e+02,3.293492272e-02
4.111729736e+02,-1.245655934e-03
4.113909912e+02,-4.385689739e-03
4.116090393e+02,-3.142759902e-03
4.118270874e+02,1.344054472e-02
4.120451355e+02,-2.881908044e-02
4.122631836e+02,1.311345864e-02
4.124812622e+02,5.459625274e-03
4.126993713e+02,-7.656558882e-03
4.129174500e+02,-4.606473667e-04
4.131355591e+02,-2.535195835e-02
4.133536987e+02,8.149914793e-04
4.135718079e+02,2.681839839e-02
4.137899780e+02,-1.001158450e-02
4.140081177e+02,-1.236660965e-02
4.142262878e+02,1.203407161e-02
4.144444580e+02,-1.645519584e-02
4.146626587e+02,-1.441907953e-03
4.148808594e+02,-1.881022193e-02
4.150990906e+02,1.308074966e-02
4.153172913e+02,1.285178866e-02
4.155355225e+02,1.730834716e-03
4.157537842e+02,7.912776433e-03
4.159720459e+02,6.767972838e-03
4.161903076e+02,-6.936967839e-03
4.164085999e+02,-7.002384868e-03
4.166268921e+02,-2.610425837e-02
4.168451843e+02,4.418671131e-02
4.170635071e+02,-1.161430962e-02
4.172818298e+02,-6.806132849e-03
4.175001831e+02,1.298262365e-02
4.177185364e+02,2.679386642e-03
4.179368896e+02,1.713662781e-02
4.181552734e+02,-3.365996480e-02
4.183736572e+02,-3.240885912e-03
4.185920410e+02,8.076320402e-03
4.188104553e+02,1.517410576e-02
4.190288696e+02,2.358023822e-02
4.192473145e+02,-2.577717230e-02
4.194657288e+02,-1.932538347e-03
4.196842041e+02,-1.900647394e-02
4.199026489e+02,3.097240254e-02
4.201211243e+02,-2.630051039e-02
4.203396301e+02,1.321158465e-02
4.205581360e+02,9.482793510e-03
4.207766418e+02,-3.195911273e-02
4.209951477e+02,-1.759999990e-02
4.212136841e+02,-1.488517877e-02
4.214322205e+02,-1.114821178e-03
4.216507874e+02,1.468347572e-02
4.218693542e+02,-1.416558772e-02
4.220879211e+02,7.555434108e-02
4.223065186e+02,3.243611718e-04
4.225251160e+02,1.252470165e-02
4.227437439e+02,-9.390119463e-03
4.229623718e+02,2.227189019e-02
4.231809998e+02,3.170016920e-03
4.233996277e+02,2.053833008e-02
4.236182861e+02,-1.481976174e-02
4.238369751e+02,4.392504320e-02
4.240556641e+02,1.913185604e-02
4.242743530e+02,1.321158465e-02
4.244930420e+02,-1.825417392e-02
4.247117615e+02,5.396661162e-02
4.249304810e+02,6.113798823e-03
4.251492310e+02,-1.089471858e-02
4.253679810e+02,-1.903918199e-02
4.255867310e+02,1.363679767e-02
4.258055115e+02,2.178126015e-02
4.260242920e+02,5.000885949e-02
4.262430725e+02,-1.488517877e-02
4.264618835e+02,-1.593185775e-02
4.266806946e+02,-6.241907831e-04
4.268995361e+02,-2.482862025e-02
4.271183777e+02,-1.920272596e-02
4.273372192e+02,-5.914820940e-04
4.275560913e+02,2.810221398e-03
4.277749634e+02,3.022010252e-02
4.279938354e+02,-2.845928445e-02
4.282127380e+02,2.806132846e-02
4.284316406e+02,3.983645514e-02
4.286505737e+02,1.582827978e-02
4.288695068e+02,-3.503373265e-02
4.290884399e+02,5.655877292e-03
4.293074036e+02,2.783236839e-02
4.295263672e+02,6.413900852e-02
4.297453308e+02,2.384190820e-02
4.299643250e+02,-3.764224937e-03
4.301833191e+02,7.869438082e-02
4.304023438e+02,-1.795979589e-02
4.306213379e+02,-2.744531445e-02
4.308403931e+02,1.494514477e-02
4.310594177e+02,-1.305349264e-02
4.312784729e+02,2.109437808e-02
4.314975586e+02,-2.773969248e-02
4.317166138e+02,1.236115862e-02
4.319357300e+02,-1.145076659e-02
4.321548157e+02,-2.270255610e-02
4.323739319e+02,-2.322589420e-02
4.325930481e+02,-7.100510877e-03
4.328121948e+02,2.908347640e-03
4.330313416e+02,-1.580102183e-02
4.332504883e+02,-1.245655934e-03
4.334696655e+02,-3.543441198e-05
4.336888428e+02,-6.773424335e-03
4.339080200e+02,-2.142691612e-02
4.341272278e+02,-2.489403822e-02
4.343464355e+02,1.223032363e-02
4.345656738e+02,5.798977986e-02
4.347849121e+02,-2.728177235e-02
4.350041504e+02,-3.254786879e-02
4.352234192e+02,1.036592852e-02
4.354426880e+02,8.759114146e-02
4.356619568e+02,-2.571175434e-02
4.358812561e+02,-2.682385035e-02
4.361005554e+02,-1.147529809e-03
4.363198853e+02,-2.652129391e-03
4.365392151e+02,-1.642248780e-02
4.367585449e+02,-2.587529831e-02
4.369778748e+02,-4.058603197e-03
4.371972351e+02,2.367836423e-02
4.374166260e+02,4.549505934e-02
4.376360168e+02,-1.547393482e-02
4.378554077e+02,9.959522635e-02
4.380747986e+02,1.478160173e-02
4.382942200e+02,-1.311890967e-02
4.385136414e+02,-1.900647394e-02
4.387330933e+02,4.984531552e-02
4.389525452e+02,2.459420823e-02
4.391719971e+02,-1.049403800e-03
4.393914795e+02,-6.119250320e-03
4.396109619e+02,3.008926660e-02
4.398304443e+02,7.683815900e-03
4.400499573e+02,-3.585144877e-02
4.402694702e+02,-3.271141276e-02
4.404890137e+02,-2.521294635e-03
4.407085571e+02,-1.763270795e-02
4.409281006e+02,9.842589498e-03
4.411476746e+02,-3.829642199e-03
4.413672485e+02,1.573015377e-02
4.415868225e+02,2.354753017e-02
4.418064270e+02,-2.126337215e-02
4.420260315e+02,1.288449764e-02
4.422456360e+02,-4.745485727e-03
4.424652710e+02,5.455536768e-02
4.426849060e+02,-3.585144877e-02
4.429045715e+02,-2.002044208e-02
4.431242371e+02,-2.002044208e-02
4.433439026e+02,-5.465076771e-03
4.435635986e+02,-2.325860225e-02
4.437832947e+02,-1.177785359e-02
4.440029907e+02,-1.638160087e-03
4.442227173e+02,-9.848040529e-03
4.444424438e+02,-3.796933452e-03
4.446622009e+02,-2.008586004e-02
4.448819580e+02,1.115093660e-02
4.451017151e+02,-4.810902756e-03
4.453215027e+02,-9.651788510e-03
4.455412903e+02,-7.067802362e-03
4.457610779e+02,-8.539693430e-03
4.459808960e+02,-5.072572269e-03
4.462007141e+02,-4.352981225e-03
4.464205322e+02,6.996933371e-03
4.466403809e+02,1.069301553e-02
4.468602600e+02,1.576286182e-02
4.470801086e+02,-1.724020392e-02
4.472999878e+02,-2.437069826e-02
4.475198669e+02,1.174787059e-03
4.477397766e+02,-1.491788775e-02
4.479596863e+02,-1.779625192e-02
4.481796265e+02,2.613151632e-02
4.483995361e+02,6.800681353e-03
4.486194763e+02,3.152845055e-02
4.488394470e+02,-2.646405436e-02
4.490594177e+02,-2.427257225e-02
4.492793884e+02,2.688381635e-02
4.494993896e+02,-6.511754822e-03
4.497193909e+02,-1.881022193e-02
4.499393921e+02,-1.311073196e-03
4.501594238e+02,-3.543441198e-05
4.503794556e+02,1.533764880e-02
4.505994873e+02,2.802862041e-02
4.508195496e+02,4.745757952e-02
4.510396118e+02,-2.717546886e-03
4.512597046e+02,-3.796933452e-03
4.514797974e+02,-2.684838139e-03
4.516998901e+02,-2.643134631e-02
4.519200134e+02,-4.974446259e-03
4.521401367e+02,3.100511059e-02
4.523602600e+02,-1.743645594e-02
4.525804138e+02,-9.913458489e-03
4.528005676e+02,9.351959452e-03
4.530207520e+02,-1.321703568e-02
4.532409058e+02,-3.581874073e-02
4.534611206e+02,-8.531516069e-04
4.536813049e+02,3.421056271e-02
4.539015198e+02,-8.858602960e-04
4.541217346e+02,-6.740715355e-03
4.543419800e+02,-6.642589346e-03
4.545622253e+02,-1.851584390e-02
4.547825012e+02,2.567359433e-02
4.550027466e+02,-1.436183974e-02
4.552230225e+02,5.001703743e-03
4.554433289e+02,-1.423100475e-02
4.556636353e+02,-9.390119463e-03
4.558839417e+02,-1.311890967e-02
4.561042786e+02,-2.319318615e-02
4.563246155e+02,3.129949048e-02
4.565449524e+02,-4.909028765e-03
4.567653198e+02,-8.703236468e-03
4.569856873e+02,-1.998773403e-02
4.572060547e+02,1.164156757e-02
4.574264526e+02,-1.531039178e-02
4.576468506e+02,-1.190868858e-02
4.578672791e+02,2.590255626e-02
4.580877075e+02,-1.334787067e-02
4.583081360e+02,2.842930146e-03
4.585285645e+02,-1.343781943e-03
4.587490234e+02,-1.567018777e-02
4.589695129e+02,7.749233395e-03
4.591900024e+02,-3.273594659e-03
4.594104919e+02,3.595229937e-03
4.596309814e+02,-1.881022193e-02
4.598515015e+02,4.078500718e-02
4.600720215e+02,-7.754684892e-03
4.602925720e+02,1.438909676e-02
4.605130920e+02,-6.241907831e-04
4.607336731e+02,4.055604711e-02
4.609542236e+02,-1.714207791e-02
4.611748047e+02,-2.796865441e-02
4.613954163e+02,-1.474616700e-03
4.616159973e+02,1.851039194e-02
4.618366394e+02,-1.897376403e-02
4.620572510e+02,1.023509353e-02
4.622778931e+02,2.776695043e-02
4.624985352e+02,2.714548633e-02
4.627192078e+02,-2.643952321e-04
4.629398499e+02,1.003884152e-02
4.631605530e+02,4.551958991e-04
4.633812256e+02,1.782350987e-02
4.636019287e+02,-2.911345847e-02
4.638226624e+02,-1.217035763e-02
4.640433655e+02,-1.076388452e-02
4.642641296e+02,3.702351078e-02
4.644848633e+02,-1.298807468e-02
4.647056274e+02,-3.074889258e-02
4.649263916e+02,-4.418398719e-03
4.651471863e+02,-1.441907953e-03
4.653679504e+02,-2.463236824e-02
4.655887756e+02,-2.273526415e-02
4.658095703e+02,4.740034230e-03
4.660303955e+02,3.268143162e-03
4.662512512e+02,-4.909028765e-03
4.664720764e+02,1.514139678e-02
4.666929626e+02,-6.119250320e-03
4.669138184e+02,3.581328690e-02
4.671347046e+02,-1.609539986e-02
4.673555908e+02,-2.103441209e-02
4.675765076e+02,6.276524812e-02
4.677973938e+02,4.968994763e-03
4.680183411e+02,-5.587734049e-04
4.682392578e+02,-1.782895997e-02
4.684602051e+02,-6.936967839e-03
4.686811829e+02,6.048381794e-03
4.689021301e+02,-3.241703659e-02
4.691231384e+02,1.170698460e-02
4.693441162e+02,-1.871209592e-02
4.695651245e+02,8.697785437e-03
4.697861328e+02,6.571720820e-03
4.700071411e+02,-3.078160062e-02
4.702281799e+02,1.978603005e-02
4.704492493e+02,5.296081770e-03
4.706702881e+02,-3.796933452e-03
4.708913574e+02,-1.230119262e-02
4.711124573e+02,-5.465076771e-03
4.713335266e+02,1.828143187e-02
4.715546265e+02,-7.296763361e-03
4.717757568e+02,3.332742676e-02
4.719968872e+02,8.566950448e-03
4.722180176e+02,3.064531460e-02
4.724391479e+02,2.672027238e-02
4.726603088e+02,-8.572402410e-03
4.728814697e+02,4.282112233e-03
4.731026611e+02,-1.275911368e-02
4.733238525e+02,-3.542623669e-02
4.735450439e+02,-1.439454872e-02
4.737662659e+02,-1.181056257e-02
4.739874878e+02,-1.302078366e-02
4.742087097e+02,-1.684769988e-02
4.744299622e+02,-3.395434469e-02
4.746512146e+02,-1.213764865e-02
4.748724976e+02,1.350596268e-02
4.750937805e+02,-2.924429253e-02
4.753150635e+02,-1.387120970e-02
4.755363464e+02,2.417717129e-03
4.757576599e+02,1.069301553e-02
4.759790039e+02,-9.848040529e-03
4.762003174e+02,-1.753458194e-02
4.764216614e+02,-7.950937375e-03
4.766430359e+02,-1.138534956e-02
4.768643799e+02,7.495741011e-04
4.770857544e+02,-5.105281249e-03
4.773071594e+02,2.753799036e-02
4.775285645e+02,1.272913069e-03
4.777499695e+02,-4.189437721e-03
4.779714050e+02,2.161771804e-02
4.781928101e+02,-6.119250320e-03
4.784142761e+02,-5.366950762e-03
4.786357117e+02,-1.965247095e-03
4.788571777e+02,-1.688040793e-02
4.790786743e+02,1.256313473e-01
4.793001404e+02,1.393117569e-02
4.795216370e+02,-2.077274211e-02
4.797431641e+02,2.589437936e-04
4.799646912e+02,-4.778194241e-03
4.801862183e+02,-1.792708598e-02
4.804077454e+02,-1.789437793e-02
4.806293030e+02,-1.805792190e-02
4.808508606e+02,-8.081771433e-03
4.810724487e+02,-9.512776742e-04
4.812940369e+02,-1.907189004e-02
4.815156250e+02,9.458262357e-04
4.817372437e+02,-2.325042617e-03
4.819588623e+02,-1.688040793e-02
4.821804810e+02,-4.418398719e-03
4.824021301e+02,-2.989846654e-02
4.826237793e+02,1.026780251e-02
4.828454590e+02,1.471618377e-02
4.830671082e+02,3.104599658e-03
4.832888184e+02,-2.116524614e-02
4.835104980e+02,-1.768994844e-03
4.837322083e+02,4.274753109e-02
4.839539185e+02,-2.031482197e-02
4.841756592e+02,2.364565618e-02
4.843973999e+02,6.931516342e-03
4.846191406e+02,2.374378219e-02
4.848409119e+02,-1.557206176e-02
4.850626831e+02,-1.606269181e-02
4.852844543e+02,-4.778194241e-03
4.855062561e+02,2.727632038e-02
4.857280579e+02,-2.090357803e-02
4.859498901e+02,9.809880517e-03
4.861717224e+02,6.473594345e-03
4.863935547e+02,-1.102555357e-02
4.866154175e+02,-1.184327062e-02
4.868372498e+02,-2.352027223e-02
4.870591431e+02,-2.325042617e-03
4.872810059e+02,-5.432367790e-03
4.875028992e+02,1.373492368e-02
4.877248230e+02,-1.586643979e-02
4.879467163e+02,3.437410668e-02
4.881686707e+02,3.283679858e-02
4.883905945e+02,-3.110868856e-02
4.886125488e+02,-2.904804051e-02
4.888345032e+02,1.219761465e-02
4.890564575e+02,4.438296333e-02
4.892784424e+02,1.796252094e-03
4.895004578e+02,-9.259284474e-03
4.897224426e+02,-1.334787067e-02
4.899444580e+02,-7.623849902e-03
4.901664734e+02,2.263168618e-02
4.903885193e+02,-1.226848364e-02
4.906105652e+02,-7.558432873e-03
4.908326111e+02,2.567359433e-02
4.910546875e+02,2.685110644e-02
4.912767639e+02,-1.894105598e-02
4.914988708e+02,1.697308384e-02
4.917209778e+02,4.088313505e-02
4.919430847e+02,-1.894105598e-02
4.921651917e+02,-1.887563802e-02
4.923873291e+02,-2.063373104e-03
4.926094666e+02,1.036592852e-02
4.928316345e+02,-1.576831378e-02
4.930538025e+02,-2.548279427e-02
4.932759705e+02,-1.096013654e-02
4.934981689e+02,-2.979216399e-03
4.937203674e+02,-2.672572434e-02
4.939425659e+02,1.062759757e-02
4.941647949e+02,-1.351141371e-02
4.943870239e+02,-5.203407258e-03
4.946092834e+02,-1.982419007e-02
4.948315125e+02,-1.517955679e-02
4.950538025e+02,1.338330447e-03
4.952760620e+02,-3.077342408e-03
4.954983521e+02,-2.862282842e-02
4.957206421e+02,6.211924832e-03
4.959429626e+02,-5.497785285e-03
4.961652832e+02,3.571516275e-02
4.963876038e+02,-1.125451457e-02
4.966099548e+02,3.693355946e-03
4.968323059e+02,-1.485246979e-02
4.970546570e+02,-1.008517866e-04
4.972770386e+02,-1.037137955e-02
4.974994202e+02,5.533219664e-04
4.977218018e+02,1.674412191e-02
4.979442139e+02,-4.614650737e-03
4.981666260e+02,-1.674957387e-02
4.983890686e+02,-8.834071457e-03
4.986115112e+02,1.697308384e-02
4.988339539e+02,-1.079659257e-02
4.990564270e+02,-4.156729206e-03
4.992788696e+02,-1.507325331e-03
4.995013733e+02,2.027666010e-02
4.997238464e+02,-4.483816214e-03
4.999463501e+02,-2.685655840e-02
5.001688843e+02,-6.838841364e-03
5.003914185e+02,3.751413897e-02
5.006139526e+02,-1.076388452e-02
5.008364868e+02,2.305690013e-02
5.010590515e+02,-8.212606423e-03
5.012816162e+02,-1.017512754e-02
5.015041809e+02,-1.897376403e-02
5.017267761e+02,-1.580102183e-02
5.019493713e+02,9.286541492e-03
5.021719971e+02,1.861669472e-03
5.023946228e+02,-4.581942223e-03
5.026172485e+02,-1.815604791e-02
5.028399048e+02,-2.119795606e-02
5.030625610e+02,3.824190702e-03
5.032852173e+02,1.363679767e-02
5.035079041e+02,-2.325042617e-03
5.037305908e+02,-2.077274211e-02
5.039532776e+02,3.417785466e-02
5.041759949e+02,3.443952277e-02
5.043987122e+02,1.844497398e-02
5.046214600e+02,-4.745485727e-03
5.048441772e+02,1.909914799e-02
5.050669556e+02,-5.236115772e-03
5.052897034e+02,-2.684838139e-03
5.055124817e+02,2.233730815e-02
5.057352600e+02,1.959795598e-03
5.059580688e+02,-1.197410561e-02
5.061808777e+02,-2.224463411e-02
5.064036865e+02,-1.370766573e-02
5.066265259e+02,3.349097073e-02
5.068493652e+02,1.011243556e-03
5.070722046e+02,-2.669301443e-02
5.072950745e+02,-2.737989835e-02
5.075179443e+02,3.214991465e-02
5.077408142e+02,3.051448055e-02
5.079637146e+02,1.147802360e-02
5.081866150e+02,-1.043679751e-02
5.084095459e+02,-2.521294635e-03
5.086324768e+02,-5.661328789e-03
5.088554077e+02,-2.455877373e-03
5.090783386e+02,-1.197410561e-02
5.093013000e+02,-1.965247095e-03
5.095242920e+02,-6.969676353e-03
5.097472534e+02,-1.452538371e-02
5.099702454e+02,-1.278364565e-03
5.101932373e+02,1.141260657e-02
5.104162598e+02,-1.445996575e-02
5.106392822e+02,-2.953867055e-02
5.108623352e+02,3.300851677e-03
5.110853577e+02,-7.329471875e-03
5.113084106e+02,-1.609539986e-02
5.115314941e+02,3.139761463e-02
5.117545776e+02,-2.456695028e-02
5.119776611e+02,-8.114480413e-03
5.122007446e+02,-6.642589346e-03
5.124238892e+02,-3.437955678e-02
5.126469727e+02,-9.520954452e-03
5.128701172e+02,2.262350899e-04
5.130932617e+02,-6.446337327e-03
5.133164062e+02,-1.259557065e-02
5.135395508e+02,-1.207223162e-02
5.137627563e+02,-2.815672895e-03
5.139859619e+02,2.145417407e-02
5.142091064e+02,-1.831959188e-02
5.144323120e+02,6.841567229e-04
5.146555786e+02,-1.341328770e-02
5.148787842e+02,5.465349182e-02
5.151019897e+02,1.929540001e-02
5.153252563e+02,-1.285724062e-02
5.155485229e+02,1.232844964e-02
5.157717896e+02,1.487972774e-02
5.159950562e+02,-9.259284474e-03
5.162183838e+02,-7.623849902e-03
5.164416504e+02,1.469165203e-03
5.166649780e+02,-1.828688197e-02
5.168883057e+02,-2.525383234e-02
5.171116333e+02,1.772538386e-02
5.173350220e+02,1.272913069e-03
5.175583496e+02,8.010902442e-03
5.177817383e+02,6.375468336e-03
5.180051270e+02,-9.193867445e-03
5.182285156e+02,1.537035778e-02
5.184519043e+02,-2.414173819e-02
5.186752930e+02,-3.339011921e-03
5.188987427e+02,-1.069846656e-02
5.191221313e+02,7.454855368e-03
5.193455811e+02,-2.446882427e-02
5.195690308e+02,-2.623509429e-02
5.197925415e+02,1.716933586e-02
5.200159912e+02,-5.824872293e-03
5.202395020e+02,-3.303850070e-02
5.204629517e+02,-2.626780234e-02
5.206864624e+02,1.952436194e-02
5.209099731e+02,4.224872100e-04
5.211335449e+02,-1.580102183e-02
5.213570557e+02,5.982964300e-03
5.215806274e+02,-9.913458489e-03
5.218041992e+02,1.992504345e-03
5.220277710e+02,-2.162316814e-02
5.222513428e+02,-5.007155240e-03
5.224749146e+02,-4.581942223e-03
5.226985474e+02,1.501873950e-03
5.229221191e+02,-2.217921615e-02
5.231457520e+02,-1.930085197e-02
5.233693848e+02,1.321158465e-02
5.235930176e+02,-1.436183974e-02
5.238167114e+02,-9.161158465e-03
5.240403442e+02,5.533219664e-04
5.242640381e+02,3.955025692e-03
5.244877319e+02,3.326201066e-02
5.247114258e+02,-9.978875518e-03
5.249351196e+02,3.175741062e-02
5.251588745e+02,-1.004429348e-02
5.253826294e+02,1.082385052e-02
5.256063232e+02,5.786712281e-03
5.258300781e+02,-1.114821178e-03
5.260538330e+02,3.107052855e-02
5.262776489e+02,2.658943832e-02
5.265014038e+02,2.515843371e-03
5.267252197e+02,1.436456572e-03
5.269490356e+02,2.806132846e-02
5.271728516e+02,-1.269369666e-02
5.273966675e+02,-2.031482197e-02
5.276204834e+02,7.061532885e-02
5.278443604e+02,3.398977919e-03
5.280682373e+02,1.409471873e-02
5.282921143e+02,4.660715535e-02
5.285159912e+02,-1.344599668e-02
5.287398682e+02,3.947665915e-02
5.289637451e+02,6.833390333e-03
5.291876831e+02,-1.854855195e-02
5.294116211e+02,1.229574066e-02
5.296355591e+02,2.338398620e-02
5.298594971e+02,4.740034230e-03
5.300834351e+02,1.324429270e-02
5.303074341e+02,-8.441567421e-03
5.305313721e+02,2.407086827e-02
5.307553711e+02,3.682725877e-02
5.309793701e+02,5.661601201e-02
5.312033691e+02,2.485587820e-02
5.314274292e+02,1.414296478e-01
5.316514282e+02,1.463359445e-01
5.318754883e+02,1.000000000e+00
5.320995483e+02,1.000000000e+00
5.323236084e+02,1.000000000e+00
5.325476685e+02,1.000000000e+00
5.327717285e+02,1.000000000e+00
5.329958496e+02,1.000000000e+00
5.332199707e+02,1.000000000e+00
5.334440308e+02,1.000000000e+00
5.336682129e+02,1.000000000e+00
5.338923340e+02,1.000000000e+00
5.341164551e+02,1.000000000e+00
5.343406372e+02,1.000000000e+00
5.345648193e+02,1.000000000e+00
5.347890015e+02,1.000000000e+00
5.350131836e+02,1.000000000e+00
5.352373657e+02,1.000000000e+00
5.354616089e+02,1.000000000e+00
5.356857910e+02,1.000000000e+00
5.359100342e+02,1.000000000e+00
5.361342773e+02,1.000000000e+00
5.363585205e+02,1.000000000e+00
5.365828247e+02,1.000000000e+00
5.368070679e+02,1.000000000e+00
5.370313721e+02,1.000000000e+00
5.372556763e+02,1.000000000e+00
5.374799805e+02,1.000000000e+00
5.377042847e+02,7.323202491e-02
5.379285889e+02,1.418875605e-01
5.381529541e+02,4.163543507e-02
5.383773193e+02,1.779079996e-02
5.386016846e+02,5.861124396e-02
5.388260498e+02,2.878092043e-02
5.390504150e+02,2.832299843e-02
5.392747803e+02,3.721976280e-02
5.394992065e+02,1.860851794e-02
5.397236328e+02,1.494514477e-02
5.399480591e+02,2.358023822e-02
5.401724854e+02,-7.198637351e-03
5.403969116e+02,1.180511061e-02
5.406213989e+02,3.980374709e-02
5.408458252e+02,-8.245315403e-03
5.410703125e+02,-8.441567421e-03
5.412947998e+02,3.231345862e-02
5.415192871e+02,1.887018792e-02
5.417438354e+02,1.321158465e-02
5.419683228e+02,1.573015377e-02
5.421928711e+02,3.339284658e-02
5.424174194e+02,3.358909860e-02
5.426419678e+02,1.187052857e-02
5.428665161e+02,1.285178866e-02
5.430910645e+02,1.710391790e-02
5.433156738e+02,2.750528045e-02
5.435402832e+02,-1.256286167e-02
5.437648315e+02,4.020442721e-03
5.439895020e+02,3.039182397e-03
5.442141113e+02,9.384667501e-03
5.444387207e+02,-1.331516169e-02
5.446633911e+02,1.612265781e-02
5.448880615e+02,1.533764880e-02
5.451127319e+02,-1.801703591e-03
5.453374023e+02,-1.423100475e-02
5.455620728e+02,-1.801703591e-03
5.457867432e+02,4.722861946e-02
5.460114746e+02,-3.543441198e-05
5.462362061e+02,-1.596456580e-02
5.464609375e+02,-4.974446259e-03
5.466856689e+02,2.646678127e-03
5.469104004e+02,-1.609539986e-02
5.471351929e+02,-8.474276401e-03
5.473599243e+02,-1.249744464e-02
5.475847168e+02,1.399659272e-02
5.478095093e+02,-1.881022193e-02
5.480343018e+02,-2.374923415e-02
5.482591553e+02,2.829029039e-02
5.484839478e+02,-7.100510877e-03
5.487088013e+02,-2.619420877e-03
5.489336548e+02,-1.351141371e-02
5.491585083e+02,-2.904804051e-02
5.493833618e+02,3.497103928e-03
5.496082764e+02,5.880749598e-02
5.498331299e+02,2.361294627e-02
5.500580444e+02,-2.397819422e-02
5.502829590e+02,2.835570648e-02
5.505078735e+02,1.978603005e-02
5.507327881e+02,9.973424487e-03
5.509577637e+02,-6.740715355e-03
5.511826782e+02,-6.119250320e-03
5.514076538e+02,8.632368408e-03
5.516326294e+02,-6.413628813e-03
5.518576050e+02,-2.446882427e-02
5.520825806e+02,-4.124020226e-03
5.523076172e+02,-2.619420877e-03
5.525325928e+02,-1.926814392e-02
5.527576294e+02,3.497103928e-03
5.529826660e+02,6.767972838e-03
5.532077026e+02,-7.165928371e-03
5.534328003e+02,1.861669472e-03
5.536578369e+02,6.833390333e-03
5.538829346e+02,1.900102198e-02
5.541080322e+02,8.730494417e-03
5.543331299e+02,-2.221192420e-02
5.545582275e+02,-8.343441412e-03
5.547833252e+02,1.311345864e-02
5.550084839e+02,2.770153247e-02
5.552335815e+02,-1.874480397e-02
5.554587402e+02,-2.224463411e-02
5.556838989e+02,3.947665915e-02
5.559091187e+02,3.922316711e-03
5.561342773e+02,4.225689918e-02
5.563594971e+02,-2.299693413e-02
5.565846558e+02,9.450085461e-03
5.568098755e+02,2.779965848e-02
5.570350952e+02,1.344054472e-02
5.572603760e+02,-1.449267473e-02
5.574855957e+02,1.834684797e-02
5.577108765e+02,-5.334241781e-03
5.579360962e+02,-2.116524614e-02
5.581613770e+02,-2.950596251e-02
5.583866577e+02,5.394207779e-03
5.586119995e+02,2.679386642e-03
5.588372803e+02,-9.226575494e-03
5.590626221e+02,-2.875366248e-02
5.592879028e+02,2.842930146e-03
5.595132446e+02,-1.537580881e-02
5.597386475e+02,-3.371720668e-03
5.599639893e+02,2.090630354e-03
5.601893311e+02,1.419284474e-02
5.604147339e+02,5.779352784e-02
5.606401367e+02,5.645247176e-02
5.608655396e+02,2.747257240e-02
5.610909424e+02,9.384667501e-03
5.613163452e+02,2.027666010e-02
5.615418091e+02,2.941056155e-03
5.617672119e+02,3.336013481e-02
5.619926758e+02,2.573901229e-02
5.622181396e+02,-7.427597884e-03
5.624436646e+02,-3.110051155e-03
5.626691284e+02,5.067120772e-03
5.628945923e+02,1.808517799e-02
5.631201172e+02,2.044020407e-02
5.633456421e+02,7.749233395e-03
5.635711670e+02,2.829029039e-02
5.637966919e+02,3.627121076e-02
5.640222778e+02,1.942623593e-02
5.642478027e+02,2.875638893e-03
5.644733887e+02,2.806132846e-02
5.646989746e+02,8.337989450e-03
5.649245605e+02,1.690766588e-02
5.651501465e+02,-3.502555424e-03
5.653757935e+02,1.955706999e-02
5.656013794e+02,1.311345864e-02
5.658270264e+02,5.040136352e-02
5.660526733e+02,-1.086201053e-02
5.662783203e+02,8.763202466e-03
5.665039673e+02,1.193594560e-02
5.667296753e+02,3.911686689e-02
5.669553223e+02,2.727632038e-02
5.671810303e+02,6.408177316e-03
5.674067383e+02,3.355638683e-02
5.676324463e+02,1.196865458e-02
5.678581543e+02,2.319591120e-03
5.680839233e+02,5.295263976e-02
5.683096313e+02,8.763202466e-03
5.685354004e+02,7.389437873e-03
5.687611694e+02,1.109369681e-03
5.689869385e+02,3.820102289e-02
5.692127686e+02,4.444838315e-02
5.694385376e+02,3.744872287e-02
5.696643677e+02,2.410357818e-02
5.698901978e+02,1.088926755e-02
5.701160278e+02,1.154344156e-02
5.703418579e+02,8.919386566e-02
5.705676880e+02,-2.316865430e-04
5.707935791e+02,7.604497671e-02
5.710194092e+02,1.628620178e-02
5.712453003e+02,2.616422437e-02
5.714711914e+02,8.632368408e-03
5.716970825e+02,8.272572421e-03
5.719230347e+02,4.699965939e-02
5.721489258e+02,5.377035961e-02
5.723748779e+02,1.436456572e-03
5.726008301e+02,1.651516184e-02
5.728267822e+02,2.593526430e-02
5.730527344e+02,7.185826451e-02
5.732786865e+02,3.731788695e-02
5.735046997e+02,2.645860240e-02
5.737307129e+02,3.914957494e-02
5.739566650e+02,3.241158277e-02
5.741826782e+02,3.640204296e-02
5.744087524e+02,4.225689918e-02
5.746347656e+02,6.083543599e-02
5.748608398e+02,2.080000006e-02
5.750868530e+02,4.644361138e-02
5.753129272e+02,5.501328781e-02
5.755390015e+02,6.005042419e-02
5.757651367e+02,6.063918397e-02
5.759912109e+02,4.134105518e-02
5.762173462e+02,6.505485624e-02
5.764434204e+02,7.215263695e-02
5.766695557e+02,5.341056362e-02
5.768956909e+02,4.860238358e-02
5.771218872e+02,7.333015651e-02
5.773480225e+02,5.916729197e-02
5.775742188e+02,5.390119180e-02
5.778003540e+02,4.327086732e-02
5.780265503e+02,4.971447960e-02
5.782527466e+02,8.539965749e-02
5.784790039e+02,6.269983202e-02
5.787052002e+02,3.597683087e-02
5.789314575e+02,4.137376323e-02
5.791577148e+02,4.359795526e-02
5.793839111e+02,4.850425944e-02
5.796102295e+02,3.182282671e-02
5.798364868e+02,1.311591119e-01
5.800627441e+02,4.892947152e-02
5.802890625e+02,2.518296428e-02
5.805153809e+02,4.215877503e-02
5.807416992e+02,4.425213113e-02
5.809680176e+02,3.568245471e-02
5.811943359e+02,3.044906259e-02
5.814207153e+02,4.820987955e-02
5.816470337e+02,1.030950621e-01
5.818734131e+02,6.590528041e-02
5.820997925e+02,3.702351078e-02
5.823261719e+02,2.943509445e-02
5.825526123e+02,6.276524812e-02
5.827789917e+02,2.730902843e-02
5.830054321e+02,5.969063193e-02
5.832318726e+02,4.578943923e-02
5.834583130e+02,4.058875516e-02
5.836847534e+02,3.538807482e-02
5.839111938e+02,6.099897623e-02
5.841376953e+02,2.933696844e-02
5.843641357e+02,4.556047544e-02
5.845906372e+02,6.492402405e-02
5.848171387e+02,3.025281057e-02
5.850436401e+02,2.439795621e-02
5.852702026e+02,5.233117566e-02
5.854967041e+02,8.062419295e-02
5.857232666e+02,2.691652440e-02
5.859498291e+02,4.611652344e-02
5.861763916e+02,4.343441129e-02
5.864029541e+02,5.520953983e-02
5.866295166e+02,5.498057976e-02
5.868561401e+02,2.354753017e-02
5.870827026e+02,5.586371198e-02
5.873093262e+02,5.498057976e-02
5.875359497e+02,2.717819437e-02
5.877625732e+02,2.312231623e-02
5.879892578e+02,5.798977986e-02
5.882158813e+02,4.592027143e-02
5.884425659e+02,4.955093563e-02
5.886692505e+02,6.727904826e-02
5.888959351e+02,8.150732517e-02
5.891226196e+02,5.671413988e-02
5.893493652e+02,1.061369702e-01
5.895760498e+02,5.033594370e-02
5.898027954e+02,9.933356196e-02
5.900295410e+02,3.878977895e-02
5.902562866e+02,9.697853774e-02
5.904830322e+02,4.699965939e-02
5.907097778e+02,6.518568844e-02
5.909365845e+02,5.664872378e-02
5.911633911e+02,3.614037484e-02
5.913901978e+02,4.775195941e-02
5.916170044e+02,6.610153615e-02
5.918438110e+02,4.971447960e-02
5.920706177e+02,3.316388279e-02
5.922974854e+02,2.603339031e-02
5.925242920e+02,1.047959104e-01
5.927511597e+02,5.635434389e-02
5.929780273e+02,6.541465223e-02
5.932049561e+02,5.484974384e-02
5.934318237e+02,8.186712116e-02
5.936587524e+02,7.473662496e-02
5.938856201e+02,5.821873993e-02
5.941125488e+02,5.291993171e-02
5.943394775e+02,6.204565614e-02
5.945664673e+02,6.077001616e-02
5.947933960e+02,5.396661162e-02
5.950203857e+02,5.570017174e-02
5.952473145e+02,8.301192522e-02
5.954743042e+02,1.028988063e-01
5.957012939e+02,4.758841544e-02
5.959283447e+02,4.922385141e-02
5.961553345e+02,6.983032078e-02
5.963823853e+02,5.753185600e-02
5.966093750e+02,4.160272703e-02
5.968364258e+02,7.673185319e-02
5.970634766e+02,6.345213205e-02
5.972905884e+02,8.248858899e-02
5.975176392e+02,6.816218048e-02
5.977447510e+02,3.627121076e-02
5.979718018e+02,8.448381722e-02
5.981989136e+02,4.866780341e-02
5.984260254e+02,4.843884334e-02
5.986531982e+02,3.960749507e-02
5.988803101e+02,4.549505934e-02
5.991074829e+02,5.265826359e-02
5.993345947e+02,7.709164917e-02
5.995617676e+02,4.039250314e-02
5.997889404e+02,7.156388462e-02
6.000161743e+02,9.936627001e-02
6.002433472e+02,5.419557169e-02
6.004705811e+02,7.987189293e-02
6.006977539e+02,5.638705194e-02
6.009249878e+02,8.553049713e-02
6.011522217e+02,5.782623589e-02
6.013795166e+02,5.000885949e-02
6.016067505e+02,8.572674543e-02
6.018340454e+02,6.593798846e-02
6.020612793e+02,6.198024005e-02
6.022885742e+02,5.825144798e-02
6.025158691e+02,7.761499286e-02
6.027432251e+02,7.512912899e-02
6.029705200e+02,8.696967363e-02
6.031978760e+02,7.215263695e-02
6.034251709e+02,8.971720934e-02
6.036525269e+02,6.646133214e-02
6.038798828e+02,5.435911566e-02
6.041072998e+02,4.827529937e-02
6.043346558e+02,7.699352503e-02
6.045620728e+02,7.225076854e-02
6.047894287e+02,4.529880732e-02
6.050168457e+02,5.013969168e-02
6.052442627e+02,8.297921717e-02
6.054717407e+02,6.027938798e-02
6.056991577e+02,8.814718574e-02
6.059266357e+02,6.750800461e-02
6.061540527e+02,6.803134829e-02
6.063815308e+02,6.456422806e-02
6.066090698e+02,8.598841727e-02
6.068365479e+02,4.471005127e-02
6.070640259e+02,9.305348992e-02
6.072915649e+02,5.641975999e-02
6.075191040e+02,1.292620152e-01
6.077465820e+02,5.363952368e-02
6.079741821e+02,1.403175443e-01
6.082017212e+02,5.727018788e-02
6.084292603e+02,7.388620079e-02
6.086568604e+02,7.957751304e-02
6.088844604e+02,5.681226403e-02
6.091119995e+02,5.668143183e-02
6.093396606e+02,6.698466837e-02
6.095672607e+02,7.401703298e-02
6.097948608e+02,5.354139581e-02
6.100225220e+02,7.457308471e-02
6.102501831e+02,1.212810874e-01
6.104777832e+02,1.007727459e-01
6.107055054e+02,5.164429173e-02
6.109331665e+02,7.866167277e-02
6.111608276e+02,1.253042519e-01
6.113885498e+02,5.599454790e-02
6.116162720e+02,7.339557260e-02
6.118439331e+02,6.541465223e-02
6.120716553e+02,7.414787263e-02
6.122994385e+02,5.314889178e-02
6.125271606e+02,5.475161970e-02
6.127549438e+02,5.324701965e-02
6.129826660e+02,7.735332102e-02
6.132104492e+02,9.737104177e-02
6.134382324e+02,9.069846570e-02
6.136660767e+02,6.322316825e-02
6.138938599e+02,1.012960821e-01
6.141217041e+02,6.443338841e-02
6.143494873e+02,1.198092028e-01
6.145773315e+02,7.575059682e-02
6.148051758e+02,5.327972770e-02
6.150330811e+02,1.026044264e-01
6.152609253e+02,9.969335794e-02
6.154887695e+02,7.794208080e-02
6.157166748e+02,5.874207988e-02
6.159445801e+02,1.111413985e-01
6.161724854e+02,1.150337309e-01
6.164003906e+02,6.744258851e-02
6.166283569e+02,6.165315211e-02
6.168562622e+02,5.543849990e-02
6.170842285e+02,7.669914514e-02
6.173121948e+02,6.979761273e-02
6.175401611e+02,9.001158178e-02
6.177681274e+02,6.845656037e-02
6.179961548e+02,1.116974428e-01
6.182241211e+02,7.905417681e-02
6.184521484e+02,8.605383337e-02
6.186801758e+02,5.327972770e-02
6.189082031e+02,1.123516187e-01
6.191362305e+02,7.012470067e-02
6.193642578e+02,7.136762887e-02
6.195923462e+02,9.269369394e-02
6.198203735e+02,7.038637251e-02
6.200484619e+02,7.797478884e-02
6.202765503e+02,9.354412556e-02
6.205046997e+02,8.742760122e-02
6.207327881e+02,1.217717230e-01
6.209608765e+02,8.441840112e-02
6.211890259e+02,8.611924946e-02
6.214171753e+02,5.782623589e-02
6.216453247e+02,9.956251830e-02
6.218734741e+02,8.454923332e-02
6.221016846e+02,7.156388462e-02
6.223298340e+02,7.895604521e-02
6.225580444e+02,7.584872097e-02
6.227862549e+02,7.869438082e-02
6.230144653e+02,7.669914514e-02
6.232426758e+02,7.476933300e-02
6.234708862e+02,6.361567229e-02
6.236991577e+02,9.184326977e-02
6.239273682e+02,6.011584401e-02
6.241556396e+02,7.696081698e-02
6.243839111e+02,1.342337281e-01
6.246121826e+02,9.092742950e-02
6.248404541e+02,7.516183704e-02
6.250687866e+02,1.166037470e-01
6.252971191e+02,6.983032078e-02
6.255253906e+02,1.048613265e-01
6.257537231e+02,9.004428983e-02
6.259821167e+02,8.422214538e-02
6.262104492e+02,9.992231429e-02
6.264387817e+02,7.862895727e-02
6.266671753e+02,1.739093661e-01
6.268955688e+02,1.225567311e-01
6.271239624e+02,9.174514562e-02
6.273523560e+02,7.784394920e-02
6.275807495e+02,9.233389795e-02
6.278092041e+02,9.568833560e-02
6.280375977e+02,7.683749497e-02
6.282660522e+02,8.210685104e-02
6.284945068e+02,9.411839396e-02
6.287229614e+02,8.877521753e-02
6.289514160e+02,1.128555983e-01
6.291799316e+02,8.866503090e-02
6.294083862e+02,9.829133749e-02
6.296369019e+02,1.128905416e-01
6.298654175e+02,8.391647041e-02
6.300939331e+02,8.515831828e-02
6.303224487e+02,8.098988235e-02
6.305510254e+02,1.337536126e-01
6.307795410e+02,8.126946539e-02
6.310081177e+02,1.126514897e-01
6.312366943e+02,1.469479650e-01
6.314652710e+02,1.157731861e-01
6.316938477e+02,1.027151570e-01
6.319224854e+02,7.238243520e-02
6.321510620e+02,8.761147410e-02
6.323796997e+02,1.028635502e-01
6.326083374e+02,9.603359550e-02
6.328369751e+02,1.228624880e-01
6.330656128e+02,6.781293452e-02
6.332943115e+02,1.370072812e-01
6.335229492e+02,1.308389455e-01
6.337516479e+02,1.025654152e-01
6.339803467e+02,1.151980683e-01
6.342090454e+02,8.417873830e-02
6.344377441e+02,9.351396561e-02
6.346664429e+02,8.573230356e-02
6.348952026e+02,1.401300728e-01
6.351239624e+02,1.363622099e-01
6.353526611e+02,8.279719204e-02
6.355814819e+02,1.247675568e-01
6.358102417e+02,1.237754822e-01
6.360390015e+02,1.089559495e-01
6.362678223e+02,1.197271571e-01
6.364965820e+02,1.069586352e-01
6.367254028e+02,1.150724664e-01
6.369542236e+02,1.130179986e-01
6.371830444e+02,1.034347117e-01
6.374119263e+02,1.406422257e-01
6.376407471e+02,1.019488126e-01
6.378696289e+02,1.149663627e-01
6.380984497e+02,1.192203090e-01
6.383273315e+02,9.738098830e-02
6.385562744e+02,1.113717705e-01
6.387851562e+02,1.387837082e-01
6.390140381e+02,1.410015225e-01
6.392429810e+02,1.149311885e-01
6.394719238e+02,1.018854380e-01
6.397008667e+02,1.169473305e-01
6.399298096e+02,1.447650492e-01
6.401587524e+02,1.379547268e-01
6.403877563e+02,1.729704738e-01
6.406166992e+02,1.057050079e-01
6.408457031e+02,1.182825565e-01
6.410747070e+02,1.072722673e-01
6.413037109e+02,1.016661301e-01
6.415327148e+02,1.380230039e-01
6.417617798e+02,1.309665889e-01
6.419907837e+02,9.185678512e-02
6.422198486e+02,9.991853684e-02
6.424489136e+02,1.234956682e-01
6.426779785e+02,1.075885072e-01
6.429070435e+02,9.697233886e-02
6.431361694e+02,1.291995049e-01
6.433652344e+02,1.189523041e-01
6.435943604e+02,1.348030120e-01
6.438234863e+02,9.473326802e-02
6.440526123e+02,1.027276665e-01
6.442817383e+02,9.536516666e-02
6.445108643e+02,9.165372699e-02
6.447400513e+02,1.003320515e-01
6.449692383e+02,9.795687348e-02
6.451983643e+02,1.019731238e-01
6.454275513e+02,1.062239707e-01
6.456567993e+02,1.163371131e-01
6.458859863e+02,1.112785041e-01
6.461151733e+02,1.210017502e-01
6.463444214e+02,9.953629971e-02
6.465736694e+02,1.057639793e-01
6.468029175e+02,8.217754960e-02
6.470321655e+02,1.227532178e-01
6.472614136e+02,1.280061603e-01
6.474907227e+02,8.885791153e-02
6.477200317e+02,1.192274690e-01
6.479492798e+02,1.210613325e-01
6.481785889e+02,1.159439012e-01
6.484078979e+02,1.200187802e-01
6.486372681e+02,1.290084273e-01
6.488665771e+02,1.166293472e-01
6.490959473e+02,1.052490324e-01
6.493253174e+02,1.166288704e-01
6.495546265e+02,9.996783733e-02
6.497840576e+02,1.130879000e-01
6.500134277e+02,1.088880077e-01
6.502427979e+02,1.429834515e-01
6.504722290e+02,9.346380085e-02
6.507016602e+02,1.113806069e-01
6.509310303e+02,1.153125316e-01
6.511605225e+02,8.943971992e-02
6.513899536e+02,1.442283094e-01
6.516193848e+02,1.354837120e-01
6.518488770e+02,1.375897825e-01
6.520783081e+02,1.033274829e-01
6.523078003e+02,1.432544440e-01
6.525372925e+02,1.118513718e-01
6.527667847e+02,1.149298325e-01
6.529963379e+02,9.868599474e-02
6.532258301e+02,1.125604287e-01
6.534553833e+02,1.160066724e-01
6.536849365e+02,1.241986528e-01
6.539144897e+02,1.221110970e-01
6.541440430e+02,1.278284490e-01
6.543735962e+02,1.171201766e-01
6.546032104e+02,1.367070973e-01
6.548327637e+02,1.393624097e-01
6.550623779e+02,1.237214357e-01
6.552919922e+02,1.355299354e-01
6.555216064e+02,1.240582019e-01
6.557512817e+02,1.144217923e-01
6.559808960e+02,1.147581413e-01
6.562105713e+02,1.246422604e-01
6.564402466e+02,1.321214885e-01
6.566698608e+02,1.273692399e-01
6.568995972e+02,1.259598434e-01
6.571292725e+02,1.059090495e-01
6.573589478e+02,1.703098267e-01
6.575886841e+02,1.163597628e-01
6.578184204e+02,1.466811597e-01
6.580480957e+02,1.251804680e-01
6.582778931e+02,1.723769605e-01
6.585076294e+02,1.232067645e-01
6.587373657e+02,1.087457240e-01
6.589671631e+02,1.310775727e-01
6.591968994e+02,1.349856853e-01
6.594266968e+02,1.181710213e-01
6.596564941e+02,1.439500600e-01
6.598862915e+02,1.329158843e-01
6.601161499e+02,1.261240244e-01
6.603459473e+02,1.487634927e-01
6.605758057e+02,1.292620152e-01
6.608056641e+02,1.524524689e-01
6.610355225e+02,1.631482095e-01
6.612653809e+02,1.174541712e-01
6.614952393e+02,1.518964171e-01
6.617251587e+02,1.614800692e-01
6.619550171e+02,1.269724071e-01
6.621849365e+02,1.337431073e-01
6.624148560e+02,1.630827934e-01
6.626447754e+02,1.461069882e-01
6.628747559e+02,1.376681477e-01
6.631046753e+02,1.287386715e-01
6.633346558e+02,1.576531529e-01
6.635645752e+02,1.664517820e-01
6.637945557e+02,1.404810846e-01
6.640245361e+02,1.274957359e-01
6.642545776e+02,1.482984722e-01
6.644845581e+02,1.366214603e-01
6.647145386e+02,1.639659256e-01
6.649445801e+02,1.520272642e-01
6.651746216e+02,1.393035799e-01
6.654046631e+02,1.370139718e-01
6.656347046e+02,1.512749642e-01
6.658648071e+02,1.192531511e-01
6.660948486e+02,1.207577512e-01
6.663249512e+02,1.525833011e-01
6.665550537e+02,1.317478716e-01
6.667851562e+02,1.596483886e-01
6.670152588e+02,1.599100530e-01
6.672453613e+02,1.589942127e-01
6.674755249e+02,1.571298093e-01
6.677056274e+02,1.360327154e-01
6.679357910e+02,1.333178878e-01
6.681659546e+02,1.471536607e-01
6.683961182e+02,1.309301555e-01
6.686262817e+02,1.445042640e-01
6.688565063e+02,1.315189153e-01
6.690866699e+02,1.615454853e-01
6.693168945e+02,1.255659312e-01
6.695471191e+02,1.331216395e-01
6.697773438e+02,1.311591119e-01
6.700075684e+02,1.673022211e-01
6.702378540e+02,1.597465128e-01
6.704680786e+02,1.268742830e-01
6.706983643e+02,1.385185719e-01
6.709286499e+02,1.732551903e-01
6.711589355e+02,1.660265774e-01
6.713892212e+02,1.236034036e-01
6.716195679e+02,1.400885880e-01
6.718498535e+02,1.399577558e-01
6.720802002e+02,1.395325363e-01
6.723105469e+02,1.449294686e-01
6.725408936e+02,1.300143152e-01
6.727712402e+02,1.432613283e-01
6.730015869e+02,1.674984694e-01
6.732319336e+02,1.223931834e-01
6.734623413e+02,1.248463392e-01
6.736927490e+02,1.460742801e-01
6.739231567e+02,1.599754691e-01
6.741535645e+02,1.416258961e-01
6.743839722e+02,1.302759796e-01
6.746144409e+02,1.586017013e-01
6.748448486e+02,1.700170338e-01
6.750753174e+02,1.230146512e-01
6.753057861e+02,1.418221444e-01
6.755362549e+02,1.348551959e-01
6.757667236e+02,1.470882446e-01
6.759971924e+02,1.719468534e-01
6.762277222e+02,1.461724043e-01
6.764582520e+02,1.436865479e-01
6.766887817e+02,1.479386687e-01
6.769193115e+02,1.379952282e-01
6.771498413e+02,1.468265802e-01
6.773803711e+02,1.516674608e-01
6.776109619e+02,1.729608178e-01
6.778414917e+02,1.302432716e-01
6.780720825e+02,1.638023853e-01
6.783026733e+02,1.717178822e-01
6.785332642e+02,1.830350906e-01
6.787638550e+02,1.217063069e-01
6.789945068e+02,1.608258933e-01
6.792250977e+02,1.485274285e-01
6.794557495e+02,1.534664333e-01
6.796864014e+02,2.202575803e-01
6.799170532e+02,1.278555393e-01
6.801477051e+02,1.469901204e-01
6.803784180e+02,1.521580964e-01
6.806090698e+02,1.333178878e-01
6.808397827e+02,1.712272614e-01
6.810704956e+02,1.631155014e-01
6.813012085e+02,1.766896099e-01
6.815319214e+02,1.358691603e-01
6.817626343e+02,1.422473639e-01
6.819934082e+02,1.755120903e-01
6.822241821e+02,1.744327098e-01
6.824548950e+02,1.306684911e-01
6.826856689e+02,1.379298121e-01
6.829164429e+02,1.585035771e-01
6.831472778e+02,1.371775120e-01
6.833780518e+02,1.461069882e-01
6.836088867e+02,1.299816072e-01
6.838397217e+02,1.447332203e-01
6.840705566e+02,1.458780169e-01
6.843013916e+02,1.462705284e-01
6.845322266e+02,1.382568926e-01
6.847630615e+02,1.738439500e-01
6.849939575e+02,1.714235097e-01
6.852248535e+02,1.464340687e-01
6.854556885e+02,1.385185719e-01
6.856865845e+02,1.407427639e-01
6.859175415e+02,1.471863687e-01
6.861484375e+02,1.456817687e-01
6.863793335e+02,1.543495804e-01
6.866102905e+02,2.916606367e-01
6.868412476e+02,1.582419127e-01
6.870722046e+02,1.882357746e-01
6.873031616e+02,1.707366258e-01
6.875341187e+02,1.605642289e-01
6.877651367e+02,1.561158448e-01
6.879960938e+02,1.521253884e-01
6.882271118e+02,1.804511100e-01
6.884581299e+02,1.606950611e-01
6.886891479e+02,1.417240202e-01
6.889201660e+02,1.495086849e-01
6.891512451e+02,1.433594525e-01
6.893822632e+02,1.380606443e-01
6.896133423e+02,1.416258961e-01
6.898444214e+02,1.658303291e-01
6.900755005e+02,1.194821149e-01
6.903065796e+02,1.633117497e-01
6.905377197e+02,1.672040820e-01
6.907687988e+02,1.231454834e-01
6.909999390e+02,1.617090255e-01
6.912310181e+02,1.291638911e-01
6.914621582e+02,1.236034036e-01
6.916933594e+02,1.402194202e-01
6.919244995e+02,1.458453089e-01
6.921556396e+02,1.541206092e-01
6.923868408e+02,1.249117553e-01
6.926180420e+02,1.206923351e-01
6.928492432e+02,1.680545211e-01
6.930804443e+02,1.337431073e-01
6.933116455e+02,1.234725714e-01
6.935428467e+02,1.172906309e-01
6.937741089e+02,1.464340687e-01
6.940053711e+02,1.552000046e-01
6.942365723e+02,1.511441171e-01
6.944678345e+02,1.282480359e-01
6.946991577e+02,1.632790416e-01
6.949304199e+02,1.411679685e-01
6.951616821e+02,1.086228266e-01
6.953930054e+02,1.165383309e-01
6.956243286e+02,1.589287966e-01
6.958556519e+02,1.279536635e-01
6.960869751e+02,1.156879067e-01
6.963182983e+02,1.396633685e-01
6.965496826e+02,1.602698416e-01
6.967810059e+02,1.434248686e-01
6.970123901e+02,1.175523028e-01
6.972437744e+02,1.092770025e-01
6.974751587e+02,1.593867093e-01
6.977065430e+02,1.327945441e-01
6.979379272e+02,1.136599630e-01
6.981693726e+02,1.187952310e-01
6.984008179e+02,1.418875605e-01
6.986322021e+02,1.444715559e-01
6.988636475e+02,1.100620106e-01
6.990951538e+02,1.215427592e-01
6.993265991e+02,1.810398698e-01
6.995580444e+02,1.366868764e-01
6.997895508e+02,1.327291280e-01
7.000210571e+02,1.067257226e-01
7.002525635e+02,1.242248714e-01
7.004840698e+02,2.123747915e-01
7.007155762e+02,1.144449711e-01
7.009470825e+02,1.139543429e-01
7.011786499e+02,1.519618332e-01
7.014102173e+02,1.770821065e-01
7.016417847e+02,1.448640525e-01
7.018733521e+02,1.456490606e-01
7.021049194e+02,1.315516233e-01
7.023364868e+02,1.732551903e-01
7.025681152e+02,1.181737632e-01
7.027996826e+02,1.142814308e-01
7.030313110e+02,1.359672844e-01
7.032629395e+02,1.389764845e-01
7.034945679e+02,1.220988110e-01
7.037261963e+02,1.346589476e-01
7.039578857e+02,1.477751285e-01
7.041895142e+02,1.201362833e-01
7.044212036e+02,1.130057946e-01
7.046528931e+02,1.712272614e-01
7.048845825e+02,1.642930210e-01
7.051162720e+02,1.075107306e-01
7.053480225e+02,1.496395171e-01
7.055797119e+02,1.047304943e-01
7.058114624e+02,1.830350906e-01
7.060432129e+02,1.358691603e-01
7.062749634e+02,1.041090265e-01
7.065067139e+02,1.110105589e-01
7.067384644e+02,1.238977835e-01
7.069702759e+02,1.047304943e-01
7.072020264e+02,1.920626909e-01
7.074338379e+02,1.172906309e-01
7.076656494e+02,1.076742783e-01
7.078974609e+02,1.329580992e-01
7.081292725e+02,9.789437801e-02
7.083611450e+02,2.221873999e-01
7.085929565e+02,1.439482123e-01
7.088248291e+02,1.887591183e-01
7.090567017e+02,1.063659266e-01
7.092885742e+02,1.093751267e-01
7.095204468e+02,1.312572360e-01
7.097523193e+02,1.619707048e-01
7.099842529e+02,1.355747879e-01
7.102161255e+02,1.243557036e-01
7.104480591e+02,1.429015398e-01
7.106799927e+02,1.161131188e-01
7.109119263e+02,1.024735942e-01
7.111439209e+02,1.105853468e-01
7.113758545e+02,1.578166932e-01
7.116078491e+02,1.513730884e-01
7.118397827e+02,1.383223236e-01
7.120717773e+02,1.147720590e-01
7.123037720e+02,1.117301509e-01
7.125357666e+02,1.200381592e-01
7.127678223e+02,1.139543429e-01
7.129998169e+02,1.072817743e-01
7.132318726e+02,1.470882446e-01
7.134639282e+02,1.385512799e-01
7.136959839e+02,1.086228266e-01
7.139280396e+02,1.285751313e-01
7.141600952e+02,1.341028959e-01
7.143921509e+02,1.087536663e-01
7.146242676e+02,1.232436150e-01
7.148563843e+02,1.164402068e-01
7.150885010e+02,9.540852159e-02
7.153206177e+02,1.129730865e-01
7.155527344e+02,1.012306660e-01
7.157848511e+02,1.067911386e-01
7.160170288e+02,1.314534992e-01
7.162491455e+02,1.459761560e-01
7.164813232e+02,1.377989799e-01
7.167135010e+02,1.240613312e-01
7.169456787e+02,1.467938721e-01
7.171779175e+02,1.337758154e-01
7.174100952e+02,1.437192559e-01
7.176423340e+02,9.851584584e-02
7.178745117e+02,1.330562234e-01
7.181067505e+02,1.263836473e-01
7.183389893e+02,9.560476989e-02
7.185712891e+02,1.259257197e-01
7.188035278e+02,1.082957387e-01
7.190358276e+02,1.341356039e-01
7.192680664e+02,1.180102229e-01
7.195003662e+02,1.009035781e-01
7.197326660e+02,9.017512947e-02
7.199649658e+02,1.301451474e-01
7.201972656e+02,1.155243590e-01
7.204296265e+02,8.281566948e-02
7.206619873e+02,1.190241873e-01
7.208942871e+02,1.095386744e-01
7.211266479e+02,1.283788830e-01
7.213590088e+02,1.324674636e-01
7.215913696e+02,1.172252148e-01
7.218237915e+02,1.333505958e-01
7.220561523e+02,1.313226521e-01
7.222885742e+02,9.056763351e-02
7.225209961e+02,1.102909744e-01
7.227534180e+02,1.193185672e-01
7.229858398e+02,8.533424139e-02
7.232182617e+02,8.660987765e-02
7.234507446e+02,1.106507629e-01
7.236831665e+02,1.000858620e-01
7.239156494e+02,1.171925068e-01
7.241481323e+02,1.003148183e-01
7.243806152e+02,8.458194137e-02
7.246130981e+02,1.255986392e-01
7.248456421e+02,1.170943752e-01
7.250781250e+02,9.426371008e-02
7.253106689e+02,9.632436186e-02
7.255432129e+02,9.167972952e-02
7.257757568e+02,8.297921717e-02
7.260083008e+02,1.088517904e-01
7.262408447e+02,8.873594552e-02
7.264734497e+02,1.434575766e-01
7.267059937e+02,8.752572536e-02
7.269385986e+02,1.131039187e-01
7.271712036e+02,1.192204431e-01
7.274038086e+02,8.772197366e-02
7.276364136e+02,1.032586023e-01
7.278690796e+02,8.131107688e-02
7.281016846e+02,9.082929790e-02
7.283343506e+02,1.024408862e-01
7.285670166e+02,1.115011945e-01
7.287996826e+02,7.709164917e-02
7.290323486e+02,7.689540088e-02
7.292650146e+02,9.975877404e-02
7.294976807e+02,8.909574151e-02
7.297304077e+02,8.831073344e-02
7.299631348e+02,9.462350607e-02
7.301958618e+02,1.150010228e-01
7.304285889e+02,9.920272231e-02
7.306613159e+02,1.137580946e-01
7.308940430e+02,1.029969305e-01
7.311268311e+02,9.050221741e-02
7.313596191e+02,6.897989661e-02
7.315923462e+02,7.617580891e-02
7.318251343e+02,8.314275742e-02
7.320579834e+02,8.713322133e-02
7.322907715e+02,6.966678053e-02
7.325235596e+02,6.018126011e-02
7.327564087e+02,9.688040614e-02
7.329892578e+02,9.432913363e-02
7.332220459e+02,1.033240184e-01
7.334549561e+02,8.546507359e-02
7.336878052e+02,9.161431342e-02
7.339206543e+02,9.452538192e-02
7.341535645e+02,5.556933582e-02
7.343864136e+02,1.199727431e-01
7.346193237e+02,8.134378493e-02
7.348522339e+02,9.975877404e-02
7.350851440e+02,7.679727674e-02
7.353180542e+02,7.287222892e-02
7.355510254e+02,1.066603065e-01
7.357839355e+02,7.391890883e-02
7.360169067e+02,6.237274408e-02
7.362498779e+02,7.355911285e-02
7.364828491e+02,8.304463327e-02
7.367158203e+02,7.705894113e-02
7.369488525e+02,7.077887654e-02
7.371818237e+02,7.735332102e-02
7.374148560e+02,1.133001670e-01
7.376478882e+02,8.808176965e-02
7.378809204e+02,9.707666188e-02
7.381139526e+02,6.865280867e-02
7.383469849e+02,7.270868868e-02
7.385800171e+02,7.653560489e-02
7.388131104e+02,6.603611261e-02
7.390462036e+02,9.498330206e-02
7.392792358e+02,7.182555646e-02
7.395123291e+02,1.204960793e-01
7.397454834e+02,7.735332102e-02
7.399785767e+02,1.150010228e-01
7.402116699e+02,8.078773320e-02
7.404448242e+02,9.125451744e-02
7.406779785e+02,7.797478884e-02
7.409111328e+02,1.123516187e-01
7.411442871e+02,7.954480499e-02
7.413774414e+02,8.078773320e-02
7.416105957e+02,5.962521210e-02
7.418438110e+02,6.548006833e-02
7.420770264e+02,7.588142902e-02
7.423102417e+02,1.013942063e-01
7.425434570e+02,4.948551953e-02
7.427766724e+02,1.043052822e-01
7.430098877e+02,7.388620079e-02
7.432431030e+02,8.160544932e-02
7.434763794e+02,6.456422806e-02
7.437096558e+02,5.524224788e-02
7.439429321e+02,5.458807573e-02
7.441762085e+02,8.386234939e-02
7.444094849e+02,8.517070115e-02
7.446427612e+02,7.153117657e-02
7.448760986e+02,8.415672928e-02
7.451094360e+02,8.402589709e-02
7.453427124e+02,8.291380107e-02
7.455760498e+02,6.894718856e-02
7.458093872e+02,9.501601011e-02
7.460427856e+02,1.075761467e-01
7.462761230e+02,7.028824836e-02
7.465095215e+02,5.602725595e-02
7.467428589e+02,7.342828065e-02
7.469762573e+02,8.752572536e-02
7.472096558e+02,5.144803971e-02
7.474431152e+02,8.824531734e-02
7.476765137e+02,8.461464942e-02
7.479099121e+02,8.677342534e-02
7.481433716e+02,6.348484010e-02
7.483768311e+02,1.023427621e-01
7.486102905e+02,7.424599677e-02
7.488437500e+02,5.452265590e-02
7.490772095e+02,6.574174017e-02
7.493106689e+02,5.458807573e-02
7.495441895e+02,7.575059682e-02
7.497777100e+02,6.544736028e-02
7.500112305e+02,5.360681564e-02
7.502447510e+02,7.077887654e-02
7.504782715e+02,5.870936811e-02
7.507117920e+02,6.662487239e-02
7.509453125e+02,6.763884425e-02
7.511788940e+02,8.131107688e-02
7.514124756e+02,5.756456405e-02
7.516460571e+02,7.208722085e-02
7.518796387e+02,4.271481931e-02
7.521132202e+02,1.125151590e-01
7.523468018e+02,7.339557260e-02
7.525804443e+02,6.992845237e-02
7.528140259e+02,3.924769908e-02
7.530476685e+02,7.153117657e-02
7.532813110e+02,5.278909579e-02
7.535149536e+02,4.798091948e-02
7.537486572e+02,9.436184168e-02
7.539822998e+02,5.602725595e-02
7.542160034e+02,5.246201158e-02
7.544496460e+02,3.136490658e-02
7.546833496e+02,5.563475192e-02
7.549170532e+02,9.465622157e-02
7.551507568e+02,5.069573969e-02
7.553845215e+02,4.497171938e-02
7.556182251e+02,4.271481931e-02
7.558519897e+02,6.168586016e-02
7.560857544e+02,3.676183894e-02
7.563194580e+02,3.545349091e-02
7.565532837e+02,4.176627100e-02
7.567870483e+02,6.253628433e-02
7.570208130e+02,7.856354117e-02
7.572546387e+02,3.391618282e-02
7.574884033e+02,3.905144706e-02
7.577222290e+02,6.888177246e-02
7.579560547e+02,5.465349182e-02
7.581898804e+02,7.104054838e-02
7.584237671e+02,3.071073256e-02
7.586575928e+02,5.422827974e-02
7.588914795e+02,4.889676347e-02
7.591253052e+02,5.720477179e-02
7.593591919e+02,2.145417407e-02
7.595930786e+02,4.686882347e-02
7.598269653e+02,6.727904826e-02
7.600609131e+02,4.392504320e-02
7.602947998e+02,3.195366263e-02
7.605287476e+02,2.649131231e-02
7.607626953e+02,8.039522916e-02
7.609965820e+02,4.085042700e-02
7.612305908e+02,4.009812698e-02
7.614645386e+02,4.565860331e-02
7.616984863e+02,9.050221741e-02
7.619324951e+02,9.802521020e-02
7.621664429e+02,4.428483918e-02
7.624004517e+02,2.825758047e-02
7.626344604e+02,4.471005127e-02
7.628684692e+02,3.528995067e-02
7.631025391e+02,1.347325370e-02
7.633365479e+02,6.492402405e-02
7.635706177e+02,9.341328591e-02
7.638046265e+02,8.481090516e-02
7.640386963e+02,3.329471871e-02
7.642727661e+02,3.862623498e-02
7.645068359e+02,4.114480317e-02
7.647409668e+02,2.688381635e-02
7.649750366e+02,3.172470257e-02
7.652091675e+02,5.910187215e-02
7.654432983e+02,4.592027143e-02
7.656773682e+02,3.149574250e-02
7.659115601e+02,4.526609927e-02
7.661456909e+02,9.213764966e-02
7.663798218e+02,4.961635545e-02
7.666140137e+02,6.413900852e-02
7.668481445e+02,2.825758047e-02
7.670823364e+02,5.995230004e-02
7.673165283e+02,6.920886040e-02
7.675507202e+02,6.672299653e-02
7.677849731e+02,3.051448055e-02
7.680191650e+02,4.199523106e-02
7.682534180e+02,4.490630329e-02
7.684876099e+02,2.874821052e-02
7.687218628e+02,1.739829592e-02
7.689561157e+02,5.573287979e-02
7.691903687e+02,2.868279442e-02
7.694246826e+02,4.673799127e-02
7.696589355e+02,1.510868780e-02
7.698932495e+02,2.590255626e-02
7.701275024e+02,6.914344430e-02
7.703618164e+02,2.459420823e-02
7.705961304e+02,5.785894394e-02
7.708305054e+02,5.596183985e-02
7.710648193e+02,2.289335616e-02
7.712991333e+02,3.012197651e-02
7.715335083e+02,4.071959108e-02
7.717678833e+02,5.432640389e-02
7.720022583e+02,7.215263695e-02
7.722366333e+02,4.856967553e-02
7.724710083e+02,3.555161878e-02
7.727054443e+02,7.179284841e-02
7.729398193e+02,1.244538352e-01
7.731742554e+02,1.994957402e-02
7.734086914e+02,2.407086827e-02
7.736431274e+02,4.094855115e-02
7.738775635e+02,3.532265872e-02
7.741119995e+02,4.340170324e-02
7.743464966e+02,6.937240064e-02
7.745809326e+02,3.443952277e-02
7.748154297e+02,9.998773783e-02
7.750499268e+02,5.275638774e-02
7.752844238e+02,2.426712029e-02
7.755189209e+02,6.721363217e-02
7.757534180e+02,3.528995067e-02
7.759879761e+02,2.230460010e-02
7.762224731e+02,2.380920015e-02
7.764570312e+02,4.650902748e-02
7.766915894e+02,3.440681472e-02
7.769261475e+02,3.143032268e-02
7.771607056e+02,1.546848379e-02
7.773953247e+02,3.986916691e-02
7.776298828e+02,4.192981124e-02
7.778645020e+02,3.139761463e-02
7.780991211e+02,3.712163493e-02
7.783337402e+02,3.097240254e-02
7.785683594e+02,1.340783667e-02
7.788029785e+02,1.337512769e-02
7.790376587e+02,6.875094026e-02
7.792722778e+02,1.605723985e-02
7.795069580e+02,3.522453085e-02
7.797416382e+02,4.902759939e-02
7.799763184e+02,2.842112444e-02
7.802109985e+02,3.339284658e-02
7.804456787e+02,3.362180665e-02
7.806804199e+02,6.243816018e-02
7.809151001e+02,-2.259625122e-03
7.811498413e+02,3.600953892e-02
7.813845825e+02,3.561703488e-02
7.816193237e+02,3.110323660e-02
7.818540649e+02,1.939352602e-02
7.820888062e+02,4.778466746e-02
7.823236084e+02,2.636047639e-02
7.825583496e+02,4.565860331e-02
7.827931519e+02,2.171584405e-02
7.830279541e+02,2.066916600e-02
7.832627563e+02,2.151959203e-02
7.834975586e+02,2.089812607e-02
7.837324219e+02,2.554276027e-02
7.839672241e+02,2.783236839e-02
7.842020874e+02,2.498671226e-02
7.844369507e+02,-3.298126103e-04
7.846718140e+02,4.435025528e-02
7.849066772e+02,3.185553849e-02
7.851415405e+02,4.209335521e-02
7.853764648e+02,2.259897813e-02
7.856113281e+02,2.151959203e-02
7.858462524e+02,1.425826270e-02
7.860811768e+02,6.790050864e-02
7.863161011e+02,1.304804068e-02
7.865510254e+02,3.434139863e-02
7.867859497e+02,7.385349274e-02
7.870208740e+02,1.752913184e-02
7.872558594e+02,1.147802360e-02
7.874908447e+02,9.831959009e-02
7.877258301e+02,6.479318440e-02
7.879608154e+02,4.333628714e-02
7.881958008e+02,3.532265872e-02
7.884307861e+02,2.076729201e-02
7.886658325e+02,3.718705103e-02
7.889008179e+02,2.488858625e-02
7.891358643e+02,3.712163493e-02
7.893709106e+02,2.439795621e-02
7.896059570e+02,8.134378493e-02
7.898410034e+02,3.371993080e-02
7.900760498e+02,4.173355922e-02
7.903111572e+02,1.240204438e-03
7.905462646e+02,3.483202681e-02
7.907813110e+02,1.641703583e-02
7.910164185e+02,2.619693428e-02
7.912515259e+02,1.255741064e-02
7.914866943e+02,2.322044224e-02
7.917218018e+02,3.708892688e-02
7.919569702e+02,4.026167095e-02
7.921920776e+02,7.781941909e-03
7.924272461e+02,3.371993080e-02
7.926624146e+02,2.501942031e-02
7.928975830e+02,2.881362848e-02
7.931327515e+02,3.208449855e-02
7.933679810e+02,1.906643994e-02
7.936031494e+02,3.548620269e-02
7.938383789e+02,1.409471873e-02
7.940736084e+02,-3.543441198e-05
7.943088379e+02,7.280681282e-02
7.945440674e+02,9.548211470e-03
7.947792969e+02,1.690766588e-02
7.950145874e+02,1.602453180e-02
7.952498169e+02,1.631890982e-02
7.954851074e+02,3.165928274e-02
7.957203979e+02,2.004770003e-02
7.959556885e+02,3.116865456e-02
7.961909790e+02,2.950051054e-02
7.964262695e+02,2.227189019e-02
7.966616211e+02,4.137376323e-02
7.968969116e+02,1.255741064e-02
7.971322632e+02,8.608654141e-02
7.973676147e+02,2.109437808e-02
7.976029663e+02,4.853696749e-02
7.978383179e+02,2.352299867e-03
7.980737305e+02,2.730902843e-02
7.983090820e+02,7.781941909e-03
7.985444946e+02,1.632708707e-03
7.987798462e+02,2.237001620e-02
7.990152588e+02,1.402930170e-02
7.992506714e+02,1.896831393e-02
7.994861450e+02,1.124906261e-02
7.997215576e+02,4.314821213e-03
7.999570312e+02,1.347325370e-02
8.001924438e+02,1.102010254e-02
8.004279175e+02,-7.885519415e-03
8.006633911e+02,1.867393591e-02
8.008988647e+02,3.824190702e-03
8.011343384e+02,4.588756338e-02
8.013698730e+02,5.786712281e-03
8.016053467e+02,-1.599727385e-02
8.018408813e+02,2.916524827e-04
8.020764160e+02,6.005042419e-02
8.023119507e+02,3.028552048e-02
8.025474854e+02,-1.030596253e-02
8.027830200e+02,2.982759848e-02
8.030185547e+02,5.754003301e-03
8.032541504e+02,2.861737646e-02
8.034897461e+02,1.648245379e-02
8.037252808e+02,4.039250314e-02
8.039608765e+02,1.788892597e-02
8.041964722e+02,3.201907873e-02
8.044321289e+02,4.707325250e-03
8.046677246e+02,4.444838315e-02
8.049033813e+02,1.530494075e-02
8.051389771e+02,1.772538386e-02
8.053746338e+02,3.071073256e-02
8.056102905e+02,4.330357909e-02
8.058459473e+02,2.485587820e-02
8.060816650e+02,1.527223177e-02
8.063173218e+02,1.240204438e-03
8.065530396e+02,1.530494075e-02
8.067886963e+02,1.602453180e-02
8.070244141e+02,1.622078381e-02
8.072601318e+02,5.361499265e-03
8.074958496e+02,-1.409199322e-03
8.077316284e+02,8.534241468e-03
8.079673462e+02,-8.866780438e-03
8.082031250e+02,2.385008615e-03
8.084389038e+02,2.806132846e-02
8.086746216e+02,3.862623498e-02
8.089104004e+02,-9.848040529e-03
8.091462402e+02,4.478364717e-03
8.093820190e+02,5.658330396e-02
8.096177979e+02,4.870868754e-03
8.098536377e+02,1.076660934e-03
8.100894775e+02,1.373492368e-02
8.103253174e+02,2.740715444e-02
8.105611572e+02,1.638432778e-02
8.107969971e+02,2.115979604e-02
8.110328369e+02,4.117751122e-02
8.112687378e+02,1.066030655e-02
8.115045776e+02,1.896831393e-02
8.117404785e+02,8.534241468e-03
8.119763794e+02,3.235434415e-03
8.122122803e+02,1.952436194e-02
8.124481812e+02,-1.436183974e-02
8.126841431e+02,7.064804435e-02
8.129200439e+02,-1.008517866e-04
8.131560059e+02,2.122521214e-02
8.133919678e+02,8.585757762e-02
8.136279297e+02,-1.334787067e-02
8.138638916e+02,4.879863560e-02
8.140998535e+02,5.605996773e-02
8.143358154e+02,2.319591120e-03
8.145718384e+02,3.535536677e-02
8.148078003e+02,2.027666010e-02
8.150438232e+02,2.201022208e-02
8.152798462e+02,5.815332383e-02
8.155158691e+02,2.403816022e-02
8.157518921e+02,5.688585807e-03
8.159879761e+02,2.410357818e-02
8.162239990e+02,-1.572742709e-03
8.164600830e+02,2.385008615e-03
8.166961670e+02,1.798705198e-02
8.169322510e+02,6.610153615e-02
8.171683350e+02,5.852129310e-03
8.174044189e+02,5.027052760e-02
8.176405029e+02,3.748143092e-02
8.178766479e+02,-1.662691648e-04
8.181127930e+02,1.958977804e-02
8.183488770e+02,-4.606473667e-04
8.185850220e+02,1.582827978e-02
8.188212280e+02,1.694037393e-02
8.190573730e+02,-6.642589346e-03
8.192935181e+02,-3.404429415e-03
8.195297241e+02,5.808790401e-02
8.197658691e+02,-3.698807443e-03
8.200020752e+02,1.582827978e-02
8.202382812e+02,2.483134624e-03
8.204744873e+02,4.242044315e-02
8.207107544e+02,1.242657565e-02
8.209469604e+02,2.560817637e-02
8.211831665e+02,2.483134624e-03
8.214194336e+02,8.337989450e-03
8.216557007e+02,1.501056179e-02
8.218919678e+02,1.373492368e-02
8.221282349e+02,2.266439609e-02
8.223645020e+02,7.585689891e-03
8.226008301e+02,4.843884334e-02
8.228370972e+02,5.950255319e-03
8.230734253e+02,3.660647431e-03
8.233097534e+02,-4.810902756e-03
8.235460815e+02,2.744804136e-03
8.237824097e+02,-5.530494265e-03
8.240187378e+02,1.344054472e-02
8.242551270e+02,3.921499103e-02
8.244914551e+02,1.628620178e-02
8.247278442e+02,9.122998454e-03
8.249642334e+02,5.819420796e-03
8.252006226e+02,3.339284658e-02
8.254370117e+02,5.170971155e-02
8.256734009e+02,2.589437936e-04
8.259097900e+02,1.592640579e-02
8.261462402e+02,4.020442721e-03
8.263826904e+02,1.641703583e-02
8.266191406e+02,-2.103441209e-02
8.268555908e+02,-8.858602960e-04
8.270920410e+02,6.269165169e-05
8.273284912e+02,1.402930170e-02
8.275649414e+02,-2.159046009e-02
8.278014526e+02,-6.479045842e-03
8.280379639e+02,1.108551957e-02
8.282744751e+02,1.003884152e-02
8.285109863e+02,3.594412282e-02
8.287474976e+02,2.279523015e-02
8.289840088e+02,1.030051149e-02
8.292205200e+02,6.964224856e-03
8.294570923e+02,-7.100510877e-03
8.296936646e+02,1.448722277e-02
8.299301758e+02,2.083270811e-02
8.301667480e+02,1.873935200e-02
8.304033813e+02,-1.400204469e-02
8.306399536e+02,6.735263858e-03
8.308765259e+02,4.009812698e-02
8.311131592e+02,-9.455536492e-03
8.313497925e+02,2.449608222e-02
8.315863647e+02,-4.287563730e-03
8.318229980e+02,1.069301553e-02
8.320596924e+02,6.931516342e-03
8.322963257e+02,-1.455809176e-02
8.325329590e+02,-9.848040529e-03
8.327696533e+02,5.942896008e-02
8.330062866e+02,1.537035778e-02
8.332429810e+02,2.456149831e-02
8.334796753e+02,-8.735945448e-03
8.337163696e+02,2.783236839e-02
8.339531250e+02,3.735059500e-02
8.341898193e+02,-2.488586120e-03
8.344265747e+02,1.461805776e-02
8.346632690e+02,1.762725785e-02
8.349000244e+02,-1.419829670e-02
8.351367798e+02,-5.072572269e-03
8.353735352e+02,6.800681353e-03
8.356103516e+02,2.822487243e-02
8.358471069e+02,-6.479045842e-03
8.360839233e+02,-6.806132849e-03
8.363206787e+02,-2.259625122e-03
8.365574951e+02,1.105281059e-02
8.367943115e+02,-2.521294635e-03
8.370311279e+02,-1.092742756e-02
8.372679443e+02,6.081090309e-03
8.375048218e+02,-9.488245472e-03
8.377416382e+02,-1.474616700e-03
8.379785156e+02,-1.321703568e-02
8.382153931e+02,-3.829642199e-03
8.384522705e+02,6.833390333e-03
8.386891479e+02,-8.506984450e-03
8.389260254e+02,3.497103928e-03
8.391629639e+02,2.966405451e-02
8.393998413e+02,4.745757952e-02
8.396367798e+02,7.127768360e-03
8.398737183e+02,2.613969380e-03
8.401106567e+02,5.426916294e-03
8.403475952e+02,-1.082112431e-03
8.405845337e+02,1.262282766e-02
8.408215332e+02,9.384667501e-03
8.410584717e+02,1.625349186e-02
8.412954712e+02,-4.647359252e-03
8.415324707e+02,2.096354403e-02
8.417694702e+02,2.842930146e-03
8.420064697e+02,-4.279386776e-04
8.422434692e+02,7.356729358e-03
8.424804688e+02,-5.260647158e-04
8.427175293e+02,5.860306555e-04
8.429545288e+02,3.300851677e-03
8.431915894e+02,-3.952299885e-04
8.434286499e+02,5.296081770e-03
8.436657104e+02,-7.591141388e-03
8.439028320e+02,-6.348211318e-03
8.441398926e+02,1.298262365e-02
8.443769531e+02,2.295877412e-02
8.446140747e+02,-7.525723893e-03
8.448511963e+02,8.926746435e-03
8.450883179e+02,1.239386667e-02
8.453254395e+02,-5.334241781e-03
8.455625610e+02,-1.233390160e-02
8.457997437e+02,-5.914820940e-04
8.460368652e+02,4.981260747e-02
8.462740479e+02,6.637137849e-03
8.465112305e+02,-2.325042617e-03
8.467483521e+02,-2.015127800e-02
8.469855957e+02,6.048381794e-03
8.472227783e+02,5.481703579e-02
8.474599609e+02,2.724361233e-02
8.476972046e+02,1.975332201e-02
8.479343872e+02,-1.932538347e-03
8.481716309e+02,1.272913069e-03
8.484088745e+02,1.978603005e-02
8.486461182e+02,1.174787059e-03
8.488833618e+02,1.105281059e-02
8.491206665e+02,1.371039194e-03
8.493579102e+02,1.059488952e-02
8.495952148e+02,-1.642248780e-02
8.498324585e+02,-1.400204469e-02
8.500697632e+02,8.501533419e-03
8.503070679e+02,-1.030596253e-02
8.505444336e+02,1.030051149e-02
8.507817383e+02,-9.684497491e-03
8.510190430e+02,3.640204296e-02
8.512564087e+02,-1.678228192e-02
8.514937744e+02,-1.786166988e-02
8.517311401e+02,-7.550255395e-04
8.519685059e+02,2.969676256e-02
8.522058716e+02,5.426916294e-03
8.524432373e+02,-1.524497475e-02
8.526806641e+02,1.605723985e-02
8.529180298e+02,4.053151701e-03
8.531554565e+02,-1.900647394e-02
8.533928833e+02,-6.544463336e-03
8.536303101e+02,3.303305060e-02
8.538677368e+02,5.819420796e-03
8.541051636e+02,-7.623849902e-03
8.543426514e+02,6.956865638e-02
8.545800781e+02,-9.324701503e-03
8.548175659e+02,4.216695204e-03
8.550550537e+02,1.288449764e-02
8.552925415e+02,-1.334787067e-02
8.555300293e+02,-1.049403800e-03
8.557675171e+02,1.033321954e-02
8.560050659e+02,6.244633812e-03
8.562425537e+02,-6.969676353e-03
8.564801025e+02,5.157887563e-02
8.567176514e+02,1.887018792e-02
8.569552002e+02,3.123407066e-02
8.571927490e+02,-5.072572269e-03
8.574302979e+02,5.576558784e-02
8.576679077e+02,-1.335604757e-04
8.579054565e+02,8.141737431e-03
8.581430664e+02,3.366269171e-03
8.583806763e+02,1.109369681e-03
8.586182861e+02,2.358023822e-02
8.588558960e+02,-1.727291383e-02
8.590935059e+02,4.091584310e-02
8.593311157e+02,1.909914799e-02
8.595687866e+02,7.945485413e-03
8.598064575e+02,1.821601391e-02
8.600440674e+02,-4.876320250e-03
8.602817383e+02,-4.025894217e-03
8.605194092e+02,-1.043679751e-02
8.607571411e+02,-1.180238556e-03
8.609948120e+02,-1.269369666e-02
8.612324829e+02,1.939352602e-02
8.614702148e+02,-3.698807443e-03
8.617079468e+02,2.423441224e-02
8.619456787e+02,-3.960477188e-03
8.621834106e+02,1.131448057e-02
8.624211426e+02,9.548211470e-03
8.626588745e+02,1.628620178e-02
8.628966675e+02,-1.383850072e-02
8.631343994e+02,4.448109120e-02
8.633721924e+02,-3.339011921e-03
8.636099854e+02,1.373492368e-02
8.638477783e+02,-1.436183974e-02
8.640855713e+02,5.246201158e-02
8.643234253e+02,1.861669472e-03
8.645612183e+02,3.512640670e-02
8.647990723e+02,1.873935200e-02
8.650368652e+02,1.687495783e-02
8.652747192e+02,1.468347572e-02
8.655125732e+02,-2.881090390e-03
8.657504272e+02,2.916524827e-04
8.659883423e+02,2.773424238e-02
8.662261963e+02,-1.148347557e-02
8.664641113e+02,1.992504345e-03
8.667019653e+02,-4.606473667e-04
8.669398804e+02,5.263373256e-03
8.671777954e+02,-1.786166988e-02
8.674157104e+02,-1.864667796e-02
8.676536865e+02,-1.161430962e-02
8.678916016e+02,3.137308406e-03
8.681295776e+02,-9.520954452e-03
8.683674927e+02,1.011243556e-03
8.686054688e+02,-7.950937375e-03
8.688434448e+02,3.260783479e-02
8.690814209e+02,2.483134624e-03
8.693193970e+02,-7.165928371e-03
8.695574341e+02,-8.703236468e-03
8.697954102e+02,1.259011962e-02
8.700334473e+02,-7.950937375e-03
8.702714844e+02,-1.141805761e-02
8.705095215e+02,2.777512884e-03
8.707475586e+02,3.693355946e-03
8.709855957e+02,-1.220306661e-02
8.712236328e+02,-5.007155240e-03
8.714617310e+02,1.357137971e-02
8.716997681e+02,-1.027325355e-02
8.719378662e+02,-6.380919833e-03
8.721759644e+02,-1.527768280e-02
8.724140625e+02,-5.595911294e-03
8.726521606e+02,-1.881022193e-02
8.728903198e+02,5.762998387e-02
8.731284180e+02,4.707325250e-03
8.733665771e+02,6.355025619e-02
8.736046753e+02,4.578943923e-02
8.738428345e+02,-8.474276401e-03
8.740809937e+02,-2.345485426e-02
8.743191528e+02,1.468347572e-02
8.745573730e+02,6.015672814e-03
8.747955322e+02,4.740034230e-03
8.750337524e+02,1.043952303e-03
8.752719116e+02,-2.782964148e-03
8.755101318e+02,6.996933371e-03
8.757483521e+02,-1.236660965e-02
8.759865723e+02,-1.217035763e-02
8.762248535e+02,8.239863440e-03
8.764630737e+02,-5.465076771e-03
8.767013550e+02,3.097240254e-02
8.769395752e+02,3.889608197e-03
8.771778564e+02,2.577172033e-02
8.774161377e+02,1.219761465e-02
8.776544189e+02,8.369880915e-02
8.778927002e+02,2.956592850e-02
8.781310425e+02,1.651516184e-02
8.783693237e+02,2.704736032e-02
8.786076660e+02,1.206678059e-02
8.788460083e+02,-1.491788775e-02
8.790842896e+02,9.515502490e-03
8.793226318e+02,8.477001684e-04
8.795610352e+02,9.090289474e-03
8.797993774e+02,1.396388374e-02
8.800377197e+02,6.571720820e-03
8.802761230e+02,1.360408869e-02
8.805145264e+02,-1.753458194e-02
8.807529297e+02,4.511073232e-03
8.809913330e+02,-6.184667815e-03
8.812297363e+02,-7.950937375e-03
8.814681396e+02,-1.812333986e-02
8.817066040e+02,-1.360953972e-02
8.819450073e+02,2.744804136e-03
8.821834717e+02,1.523952279e-02
8.824219360e+02,-1.455809176e-02
8.826604004e+02,-2.214650810e-02
8.828988647e+02,-6.642589346e-03
8.831373291e+02,2.694923431e-02
8.833757935e+02,-1.151618361e-02
8.836143188e+02,-1.769812591e-02
8.838528442e+02,2.102896012e-02
8.840913086e+02,-6.053832825e-03
8.843298340e+02,5.525042769e-03
8.845683594e+02,-3.796933452e-03
8.848069458e+02,1.981873997e-02
8.850454712e+02,-2.030664356e-03
8.852839966e+02,2.123339102e-03
8.855225830e+02,-1.936626993e-02
8.857611694e+02,2.096354403e-02
8.859997559e+02,1.304804068e-02
8.862383423e+02,-1.952981204e-02
8.864769287e+02,-5.530494265e-03
8.867155151e+02,4.722861946e-02
8.869541626e+02,1.465076674e-02
8.871927490e+02,3.849539906e-02
8.874313965e+02,-5.661328789e-03
8.876700439e+02,2.063645609e-02
8.879086914e+02,-1.318432670e-02
8.881473389e+02,4.085860215e-03
8.883859863e+02,2.047291398e-02
8.886246948e+02,5.056490749e-02
8.888633423e+02,2.789778449e-02
8.891020508e+02,-1.187597960e-02
8.893407593e+02,1.206678059e-02
8.895794678e+02,5.969063193e-02
8.898181763e+02,1.334241871e-02
8.900568848e+02,-9.390119463e-03
8.902955933e+02,-3.240885912e-03
8.905343628e+02,-1.177785359e-02
8.907730713e+02,-1.671686582e-02
8.910118408e+02,8.436115459e-03
8.912506104e+02,1.739829592e-02
8.914893799e+02,2.744804136e-03
8.917281494e+02,1.324429270e-02
8.919669800e+02,-1.063304953e-02
8.922057495e+02,3.497103928e-03
8.924445801e+02,-1.082930155e-02
8.926833496e+02,2.505213022e-02
8.929221802e+02,1.478160173e-02
8.931610107e+02,2.025212860e-03
8.933998413e+02,3.538807482e-02
8.936387329e+02,-1.507325331e-03
8.938775635e+02,6.571720820e-03
8.941164551e+02,-2.231005020e-02
8.943552856e+02,1.743100584e-02
8.945941772e+02,3.133219853e-02
8.948330688e+02,-2.361839823e-02
8.950719604e+02,2.842930146e-03
8.953108521e+02,1.801976189e-02
8.955498047e+02,2.986030653e-02
8.957886963e+02,-2.247359417e-02
8.960276489e+02,-1.710936986e-02
8.962666016e+02,2.580442838e-02
8.965055542e+02,6.408177316e-03
8.967445068e+02,-8.310732432e-03
8.969834595e+02,-4.549233243e-03
8.972224121e+02,3.247700259e-02
8.974614258e+02,7.168654120e-04
8.977003784e+02,9.319250472e-03
8.979393921e+02,-9.913458489e-03
8.981784058e+02,2.191209607e-02
8.984174194e+02,8.534241468e-03
8.986564331e+02,-4.745485727e-03
8.988954468e+02,-1.462350972e-02
8.991345215e+02,-8.343441412e-03
8.993735352e+02,2.354753017e-02
8.996126099e+02,-1.737103984e-02
8.998516846e+02,6.735263858e-03
9.000907593e+02,3.208449855e-02
9.003298340e+02,1.347325370e-02
9.005689087e+02,-2.947325446e-02
9.008079834e+02,1.360408869e-02
9.010471191e+02,1.324429270e-02
9.012861938e+02,2.636047639e-02
9.015253296e+02,6.489130855e-02
9.017644653e+02,1.765996590e-02
9.020036011e+02,2.691652440e-02
9.022427368e+02,8.795911446e-03
9.024819336e+02,7.905417681e-02
9.027210693e+02,1.193594560e-02
9.029602661e+02,7.651107386e-03
9.031994019e+02,1.632708707e-03
9.034385986e+02,3.595229937e-03
9.036777954e+02,2.025212860e-03
9.039169922e+02,2.331856824e-02
9.041561890e+02,1.991686597e-02
9.043954468e+02,-4.941737745e-03
9.046346436e+02,-2.455877373e-03
9.048739014e+02,2.001499198e-02
9.051131592e+02,8.477001684e-04
9.053524170e+02,-5.007155240e-03
9.055916748e+02,-1.799250394e-02
9.058309326e+02,-8.179897442e-03
9.060701904e+02,-7.689267397e-03
9.063095093e+02,-6.642589346e-03
9.065487671e+02,-1.212947187e-03
9.067880859e+02,1.834684797e-02
9.070274048e+02,1.173969358e-02
9.072667236e+02,8.477001684e-04
9.075060425e+02,8.076320402e-03
9.077454224e+02,4.248585925e-02
9.079847412e+02,4.609199241e-03
9.082240601e+02,2.632776834e-02
9.084634399e+02,-1.089471858e-02
9.087028198e+02,4.340170324e-02
9.089421997e+02,3.464395180e-03
9.091815796e+02,3.247700259e-02
9.094209595e+02,-3.012742847e-02
9.096604004e+02,-1.768994844e-03
9.098997803e+02,-1.328245271e-02
9.101392212e+02,-1.249744464e-02
9.103786011e+02,-2.021669596e-02
9.106180420e+02,2.796320245e-02
9.108574829e+02,1.543577481e-02
9.110969849e+02,-2.234276012e-02
9.113364258e+02,-1.998773403e-02
9.115758667e+02,-1.688040793e-02
9.118153687e+02,1.612265781e-02
9.120548706e+02,8.043611422e-03
9.122943115e+02,1.321158465e-02
9.125338135e+02,5.455536768e-02
9.127733765e+02,4.053151701e-03
9.130128784e+02,-6.609880831e-03
9.132523804e+02,1.847768389e-02
9.134919434e+02,-9.291993454e-03
9.137314453e+02,-1.507325331e-03
9.139710083e+02,-2.764156647e-02
9.142105713e+02,9.940715507e-03
9.144501343e+02,8.534241468e-03
9.146896973e+02,2.156047616e-03
9.149293213e+02,-1.406746171e-02
9.151688843e+02,-1.004429348e-02
9.154085083e+02,-9.839864215e-04
9.156480713e+02,2.777512884e-03
9.158876953e+02,-7.296763361e-03
9.161273193e+02,-2.986575849e-02
9.163669434e+02,1.540306676e-02
9.166066284e+02,-1.122180559e-02
9.168462524e+02,-9.226575494e-03
9.170858765e+02,-9.030323476e-03
9.173255615e+02,4.543781746e-03
9.175652466e+02,-7.264054380e-03
9.178049316e+02,6.914344430e-02
9.180446167e+02,1.841226593e-02
9.182843018e+02,4.228960723e-02
9.185239868e+02,-1.073117554e-02
9.187637329e+02,5.860306555e-04
9.190034180e+02,-6.936967839e-03
9.192431641e+02,2.712095389e-03
9.194829102e+02,-4.606473667e-04
9.197226562e+02,-6.936967839e-03
9.199624023e+02,-1.812333986e-02
9.202021484e+02,2.276252210e-02
9.204419556e+02,1.756183989e-02
9.206817017e+02,-1.763270795e-02
9.209215088e+02,6.898807362e-03
9.211613159e+02,1.576286182e-02
9.214011230e+02,1.959795598e-03
9.216409302e+02,2.025212860e-03
9.218807373e+02,-1.932538347e-03
9.221205444e+02,3.693355946e-03
9.223604126e+02,2.616422437e-02
9.226002197e+02,-9.520954452e-03
9.228400879e+02,3.235434415e-03
9.230799561e+02,1.402930170e-02
9.233198242e+02,-5.301533267e-03
9.235596924e+02,3.170016920e-03
9.237995605e+02,-2.404361218e-02
9.240394897e+02,-3.731516190e-03
9.242793579e+02,-1.017512754e-02
9.245192871e+02,1.268824562e-02
9.247592163e+02,-1.056763157e-02
9.249991455e+02,1.174787059e-03
9.252390747e+02,1.277901232e-01
9.254790039e+02,1.978603005e-02
9.257189331e+02,-9.520954452e-03
9.259589233e+02,-1.043679751e-02
9.261988525e+02,-2.979216399e-03
9.264388428e+02,-1.390391868e-02
9.266788330e+02,-1.037137955e-02
9.269188232e+02,4.641908221e-03
9.271588135e+02,9.973424487e-03
9.273988037e+02,9.450085461e-03
9.276388550e+02,-2.783782035e-02
9.278788452e+02,2.011311799e-02
9.281188965e+02,2.433253825e-02
9.283589478e+02,8.043611422e-03
9.285989990e+02,4.150459915e-02
9.288390503e+02,-2.586712129e-03
9.290791016e+02,1.039863750e-02
9.293191528e+02,2.102160156e-01
9.295592651e+02,4.224872100e-04
9.297993164e+02,2.148688212e-02
9.300394287e+02,1.268824562e-02
9.302795410e+02,-9.390119463e-03
9.305196533e+02,-8.441567421e-03
9.307597656e+02,-6.479045842e-03
9.309998779e+02,1.615536585e-02
9.312400513e+02,-3.644020483e-02
9.314801636e+02,-1.605451456e-03
9.317203369e+02,-8.204429178e-04
9.319605103e+02,2.135604806e-02
9.322006836e+02,4.576490726e-03
9.324408569e+02,1.429097075e-02
9.326810303e+02,4.493901134e-02
9.329212036e+02,-1.357683167e-02
9.331614380e+02,2.374378219e-02
9.334016113e+02,1.173969358e-02
9.336418457e+02,1.586098783e-02
9.338820801e+02,-1.969335601e-02
9.341223145e+02,3.562521189e-03
9.343625488e+02,2.744804136e-03
9.346027832e+02,-9.512776742e-04
9.348430176e+02,-1.540034078e-03
9.350833130e+02,2.658943832e-02
9.353236084e+02,2.815945446e-02
9.355638428e+02,1.371039194e-03
9.358041382e+02,-8.441567421e-03
9.360444336e+02,-2.074003406e-02
9.362847290e+02,2.027666010e-02
9.365250854e+02,1.756183989e-02
9.367653809e+02,-1.894105598e-02
9.370057373e+02,1.504327077e-02
9.372460327e+02,-6.119250320e-03
9.374863892e+02,1.223032363e-02
9.377267456e+02,-4.352981225e-03
9.379671021e+02,1.959795598e-03
9.382075195e+02,2.482316829e-02
9.384478760e+02,1.501873950e-03
9.386882324e+02,-9.978875518e-03
9.389286499e+02,-1.436183974e-02
9.391690674e+02,1.393117569e-02
9.394094849e+02,1.327700168e-02
9.396499023e+02,2.227189019e-02
9.398903198e+02,1.281907968e-02
9.401307373e+02,4.196252301e-02
9.403712158e+02,-7.623849902e-03
9.406116333e+02,9.908006527e-03
9.408521118e+02,-2.293151617e-02
9.410925903e+02,1.403747825e-03
9.413330078e+02,3.116865456e-02
9.415735474e+02,-1.096013654e-02
9.418140259e+02,6.800681353e-03
9.420545044e+02,-9.586371481e-03
9.422950439e+02,3.192095459e-02
9.425355225e+02,-2.619420877e-03
9.427760620e+02,-1.907189004e-02
9.430166016e+02,9.744463488e-03
9.432571411e+02,1.896831393e-02
9.434976807e+02,-5.792163312e-03
9.437382202e+02,-1.838500798e-02
9.439787598e+02,1.409471873e-02
9.442193604e+02,-1.269369666e-02
9.444599609e+02,-4.320272710e-03
9.447005005e+02,-4.156729206e-03
9.449411011e+02,-3.502555424e-03
9.451817017e+02,2.998296441e-05
9.454223022e+02,-1.540851779e-02
9.456629639e+02,3.170016920e-03
9.459035645e+02,-1.605451456e-03
9.461442261e+02,-7.296763361e-03
9.463848267e+02,-1.586643979e-02
9.466254883e+02,2.417717129e-03
9.468661499e+02,5.452265590e-02
9.471068115e+02,8.272572421e-03
9.473475342e+02,1.011243556e-03
9.475881958e+02,-2.391277626e-02
9.478288574e+02,-4.418398719e-03
9.480695801e+02,-1.678228192e-02
9.483103027e+02,-1.037137955e-02
9.485510254e+02,2.017853409e-02
9.487917480e+02,2.093083411e-02
9.490324707e+02,1.900102198e-02
9.492731934e+02,-2.345485426e-02
9.495139160e+02,-3.952299885e-04
9.497546997e+02,1.232844964e-02
9.499954834e+02,-2.684838139e-03
9.502362061e+02,4.382691532e-02
9.504769897e+02,-4.222146701e-03
9.507177734e+02,2.168313414e-02
9.509585571e+02,2.632776834e-02
9.511994019e+02,1.088926755e-02
9.514401855e+02,1.684224792e-02
9.516810303e+02,1.854309998e-02
9.519218140e+02,1.170698460e-02
9.521626587e+02,-1.069846656e-02
9.524035034e+02,2.548551885e-03
9.526443481e+02,5.664872378e-02
9.528852539e+02,1.698126085e-03
9.531260986e+02,-2.443611622e-02
9.533669434e+02,-6.119250320e-03
9.536078491e+02,7.389437873e-03
9.538487549e+02,3.084156662e-02
9.540896606e+02,-2.986575849e-02
9.543305664e+02,1.105281059e-02
9.545714722e+02,-1.076388452e-02
9.548123779e+02,3.355638683e-02
9.550532837e+02,9.679046459e-03
9.552942505e+02,-1.602998376e-02
9.555352173e+02,2.528109029e-02
9.557761230e+02,2.479046024e-02
9.560170898e+02,-5.039863754e-03
9.562580566e+02,-1.288994867e-02
9.564990845e+02,-9.185689851e-04
9.567400513e+02,2.508483827e-02
9.569810181e+02,1.373492368e-02
9.572220459e+02,-2.463236824e-02
9.574630737e+02,-3.371720668e-03
9.577040405e+02,5.099829752e-03
9.579450684e+02,2.217376418e-02
9.581860962e+02,-2.273526415e-02
9.584271851e+02,-1.311073196e-03
9.586682129e+02,1.520681474e-02
9.589092407e+02,2.672027238e-02
9.591503296e+02,-1.670868834e-03
9.593914185e+02,9.548211470e-03
9.596325073e+02,5.324701965e-02
9.598735962e+02,-2.913798904e-03
9.601146851e+02,-9.880749509e-03
9.603557739e+02,1.291720569e-02
9.605968628e+02,1.265553664e-02
9.608380127e+02,6.440885831e-03
9.610791626e+02,-1.504872274e-02
9.613202515e+02,1.481430978e-02
9.615614014e+02,-8.637819439e-03
9.618025513e+02,-9.815332480e-03
9.620437012e+02,-1.390391868e-02
9.622849121e+02,3.738330677e-02
9.625260620e+02,1.409471873e-02
9.627672729e+02,-7.427597884e-03
9.630084229e+02,-1.890834793e-02
9.632496338e+02,6.244633812e-03
9.634908447e+02,-4.287563730e-03
9.637320557e+02,-1.867938600e-02
9.639732666e+02,-5.792163312e-03
9.642145386e+02,9.711754508e-03
9.644557495e+02,5.099011958e-02
9.646970215e+02,4.053151701e-03
9.649382324e+02,-1.118909754e-02
9.651795044e+02,7.291311864e-03
9.654207764e+02,2.675298043e-02
9.656620483e+02,-1.212947187e-03
9.659033203e+02,-1.743645594e-02
9.661446533e+02,2.603339031e-02
9.663859253e+02,-3.666098695e-03
9.666272583e+02,-1.959523000e-02
9.668685913e+02,-4.483816214e-03
9.671099243e+02,1.142078312e-03
9.673512573e+02,1.396388374e-02
9.675925903e+02,3.398977919e-03
9.678339233e+02,-6.740715355e-03
9.680752563e+02,2.917342447e-02
9.683166504e+02,2.089812607e-02
9.685579834e+02,-6.568994722e-04
9.687993774e+02,1.115093660e-02
9.690407715e+02,-4.680068232e-03
9.692821655e+02,-5.399659276e-03
9.695235596e+02,1.824872196e-02
9.697650146e+02,5.394207779e-03
9.700064087e+02,-2.913798904e-03
9.702478638e+02,1.108551957e-02
9.704892578e+02,-1.570289582e-02
9.707307129e+02,-1.926814392e-02
9.709721680e+02,2.040749602e-02
9.712136230e+02,-3.952299885e-04
9.714550781e+02,-5.301533267e-03
9.716965942e+02,-8.114480413e-03
9.719380493e+02,4.696695134e-02
9.721795654e+02,-7.035093848e-03
9.724210205e+02,-1.759999990e-02
9.726625366e+02,1.255741064e-02
9.729040527e+02,-1.266098768e-02
9.731455688e+02,1.052538306e-01
9.733870850e+02,-3.437137930e-03
9.736286621e+02,-2.106712013e-02
9.738701782e+02,1.599182375e-02
9.741117554e+02,5.917546805e-03
9.743533325e+02,4.053151701e-03
9.745948486e+02,-2.384736016e-02
9.748364258e+02,1.115093660e-02
9.750780029e+02,-4.549233243e-03
9.753196411e+02,-1.763270795e-02
9.755612183e+02,-1.161430962e-02
9.758028564e+02,6.800681353e-03
9.760444336e+02,1.749642193e-02
9.762860718e+02,-1.874480397e-02
9.765277100e+02,5.648517981e-02
9.767693481e+02,6.146507803e-03
9.770109863e+02,2.639318630e-02
9.772526245e+02,-2.175400406e-02
9.774943237e+02,-6.904258858e-03
9.777359619e+02,-2.521294635e-03
9.779776611e+02,1.232844964e-02
9.782193604e+02,-1.419829670e-02
9.784610596e+02,2.511754632e-02
9.787027588e+02,-1.158160158e-02
9.789444580e+02,8.043611422e-03
9.791861572e+02,-2.240817808e-02
9.794278564e+02,-1.272640564e-02
9.796696167e+02,3.617308289e-02
9.799113770e+02,2.760340646e-02
9.801530762e+02,-6.217376329e-03
9.803948364e+02,-3.273594659e-03
9.806365967e+02,1.860851794e-02
9.808784180e+02,1.203407161e-02
9.811201782e+02,-2.586712129e-03
9.813619385e+02,-3.535263939e-03
9.816037598e+02,1.599999960e-03
9.818455811e+02,-1.217035763e-02
9.820873413e+02,-1.563747786e-02
9.823291626e+02,3.345826268e-02
9.825709839e+02,-2.423168626e-03
9.828128662e+02,1.687495783e-02
9.830546875e+02,-1.514684875e-02
9.832965088e+02,1.389846671e-02
9.835383911e+02,2.485587820e-02
9.837802734e+02,-1.275911368e-02
9.840221558e+02,-2.584259026e-02
9.842639771e+02,-1.848313399e-02
9.845059204e+02,2.712095389e-03
9.847478027e+02,-5.914820940e-04
9.849896851e+02,1.196865458e-02
9.852316284e+02,-2.512299828e-02
9.854735107e+02,1.255741064e-02
9.857154541e+02,6.031209603e-02
9.859573975e+02,-1.292265765e-02
9.861993408e+02,-1.736286213e-03
9.864412842e+02,6.637137849e-03
9.866832275e+02,4.249403719e-03
9.869251709e+02,-1.308620069e-02
9.871671753e+02,-1.171243656e-02
9.874091797e+02,2.443066426e-02
9.876511230e+02,1.665417338e-03
9.878931274e+02,-9.455536492e-03
9.881351318e+02,-2.289880812e-02
9.883771362e+02,1.075843256e-02
9.886192017e+02,4.478364717e-03
9.888612061e+02,2.916524827e-04
9.891032104e+02,-5.530494265e-03
9.893452759e+02,-1.147529809e-03
9.895873413e+02,4.478364717e-03
9.898294067e+02,-1.834412222e-03
9.900714722e+02,2.515843371e-03
9.903135376e+02,2.207563818e-02
9.905556030e+02,2.998296441e-05
9.907977295e+02,-8.506984450e-03
9.910397949e+02,2.014582604e-02
9.912819214e+02,1.775809191e-02
9.915239868e+02,-1.572742709e-03
9.917661133e+02,-2.332402021e-02
9.920082397e+02,5.165247247e-03
9.922504272e+02,1.507597975e-02
9.924925537e+02,-3.625212994e-04
9.927346802e+02,-1.485246979e-02
9.929768677e+02,-3.895059694e-03
9.932189941e+02,4.674616735e-03
9.934611816e+02,-3.952299885e-04
9.937033691e+02,-1.462350972e-02
9.939455566e+02,3.005655855e-02
9.941877441e+02,1.765996590e-02
9.944299927e+02,2.106167004e-02
9.946721802e+02,-8.899488486e-03
9.949143677e+02,1.016967651e-02
9.951566162e+02,1.305621816e-03
9.953988647e+02,2.560817637e-02
9.956411133e+02,-2.051107399e-02
9.958833618e+02,2.916524827e-04
9.961256104e+02,5.459625274e-03
9.963678589e+02,-1.096013654e-02
9.966101685e+02,-1.016695052e-03
9.968524170e+02,8.894037455e-03
9.970947266e+02,2.308960818e-02
9.973370361e+02,1.321158465e-02
9.975793457e+02,-7.754684892e-03
9.978216553e+02,4.601839930e-02
9.980639648e+02,1.671141386e-02
9.983062744e+02,-2.266984619e-02
9.985486450e+02,-1.609539986e-02
9.987909546e+02,4.551958991e-04
9.990333252e+02,-2.946507651e-03
9.992756958e+02,-2.129608206e-02
9.995180664e+02,-2.034753002e-02
9.997604370e+02,6.397546828e-02
1.000002808e+03,-1.066575851e-02
1.000245178e+03,-1.266098768e-02
1.000487610e+03,3.922316711e-03
1.000729980e+03,1.291720569e-02
1.000972412e+03,2.093083411e-02
1.001214844e+03,-2.106712013e-02
1.001457275e+03,-1.050221454e-02
1.001699707e+03,1.730834716e-03
1.001942139e+03,-8.531516069e-04
1.002184570e+03,3.103781864e-02
1.002427063e+03,-8.899488486e-03
1.002669495e+03,1.236115862e-02
1.002911987e+03,6.187393446e-04
1.003154480e+03,-2.030664356e-03
1.003396973e+03,2.679386642e-03
1.003639465e+03,2.806132846e-02
1.003881958e+03,1.534582581e-03
1.004124451e+03,1.076660934e-03
1.004367004e+03,-5.432367790e-03
1.004609497e+03,2.335127816e-02
1.004852051e+03,-1.135264058e-02
1.005094604e+03,-1.334787067e-02
1.005337158e+03,-7.002384868e-03
1.005579712e+03,-5.007155240e-03
1.005822266e+03,7.847359404e-03
1.006064819e+03,1.501873950e-03
1.006307434e+03,1.265553664e-02
1.006549988e+03,2.515025623e-02
1.006792603e+03,1.520681474e-02
1.007035217e+03,9.057580493e-03
1.007277832e+03,-1.279182266e-02
1.007520447e+03,3.152845055e-02
1.007763062e+03,2.982759848e-02
1.008005676e+03,-7.689267397e-03
1.008248352e+03,-1.681499183e-02
1.008490967e+03,6.637137849e-03
1.008733643e+03,-2.357751364e-03
1.008976318e+03,-7.460306864e-03
1.009218994e+03,2.665485442e-02
1.009461670e+03,1.007155050e-02
1.009704346e+03,4.006541893e-02
1.009947021e+03,-6.896081613e-04
1.010189758e+03,5.282180756e-02
1.010432434e+03,1.187052857e-02
1.010675171e+03,1.861669472e-03
1.010917908e+03,-5.432367790e-03
1.011160645e+03,-1.972606406e-02
1.011403381e+03,6.996933371e-03
1.011646118e+03,-8.474276401e-03
1.011888855e+03,-9.226575494e-03
1.012131653e+03,-6.675298326e-03
1.012374390e+03,2.034207806e-02
1.012617188e+03,1.085655857e-02
1.012859985e+03,-1.439454872e-02
1.013102783e+03,-3.306303173e-03
1.013345581e+03,2.779965848e-02
1.013588379e+03,7.585689891e-03
1.013831177e+03,3.431686433e-03
1.014074036e+03,1.056218054e-02
1.014316833e+03,1.174787059e-03
1.014559692e+03,7.356729358e-03
1.014802551e+03,1.625349186e-02
1.015045349e+03,-1.553935278e-02
1.015288269e+03,1.831413992e-02
1.015531128e+03,1.373492368e-02
1.015773987e+03,-1.036892682e-01
1.016016846e+03,-1.041471884e-01
1.016259766e+03,-1.077778563e-01
1.016502686e+03,-1.087918207e-01
1.016745544e+03,-1.060115844e-01
1.016988464e+03,-1.085301563e-01
