1.933779755e+02,-1.910143066e-03
1.935834351e+02,-2.361193672e-02
1.937889099e+02,7.752933539e-03
1.939943848e+02,-2.162153460e-02
1.941998901e+02,4.815486682e-05
1.944053955e+02,-4.446299281e-03
1.946109161e+02,1.420568582e-02
1.948164520e+02,2.134865616e-03
1.950220032e+02,1.414147858e-02
1.952275696e+02,-1.812228188e-02
1.954331360e+02,2.377245203e-02
1.956387177e+02,3.850784153e-02
1.958443298e+02,2.027319930e-02
1.960499420e+02,-1.394885965e-02
1.962555695e+02,1.369203348e-02
1.964611969e+02,3.260084614e-02
1.966668549e+02,6.789836101e-03
1.968725128e+02,2.903738432e-02
1.970782013e+02,5.248880479e-03
1.972838898e+02,3.610009700e-02
1.974895935e+02,1.648501493e-02
1.976953125e+02,1.706287451e-02
1.979010315e+02,-1.812228188e-02
1.981067810e+02,-5.987254903e-03
1.983125305e+02,1.658132486e-02
1.985182953e+02,-5.826738663e-03
1.987240906e+02,-3.643718082e-03
1.989298706e+02,-1.487985346e-02
1.991356812e+02,-1.446251106e-02
1.993415070e+02,-2.648517722e-03
1.995473328e+02,-2.367614210e-02
1.997531891e+02,-1.561822835e-02
1.999590454e+02,-1.462302729e-02
2.001649170e+02,8.298688568e-03
2.003708038e+02,-2.107577957e-02
2.005766907e+02,4.085137695e-02
2.007826080e+02,1.677394472e-02
2.009885254e+02,-6.500906777e-03
2.011944733e+02,-3.996853717e-03
2.014004211e+02,-2.070659306e-03
2.016063843e+02,-8.780237287e-03
2.018123627e+02,-2.618019469e-02
2.020183411e+02,-7.207178511e-03
2.022243500e+02,3.394918144e-02
2.024303589e+02,-2.776930574e-03
2.026363831e+02,2.557023428e-02
2.028424225e+02,3.481596708e-02
2.030484772e+02,1.147690974e-02
2.032545471e+02,8.361289650e-02
2.034606171e+02,4.028957337e-03
2.036667175e+02,7.367694285e-03
2.038728180e+02,5.056261085e-03
2.040789337e+02,2.534551173e-02
2.042850647e+02,-7.865295047e-04
2.044912109e+02,-5.955151748e-03
2.046973724e+02,-1.648501493e-02
2.049035339e+02,-1.629239693e-02
2.051097107e+02,2.245621942e-02
2.053159180e+02,6.948747486e-02
2.055221252e+02,6.887751073e-02
2.057283478e+02,-1.067432854e-02
2.059345703e+02,-3.097963054e-03
2.061408234e+02,-1.975954697e-02
2.063470764e+02,6.083564833e-03
2.065533600e+02,-6.821939256e-03
2.067596436e+02,-1.680604741e-02
2.069659424e+02,1.494405977e-02
2.071722412e+02,1.813833253e-03
2.073785706e+02,3.247243166e-02
2.075848999e+02,-1.651711948e-02
2.077912598e+02,-2.611598931e-02
2.079976196e+02,1.626029238e-02
2.082039948e+02,-4.735228606e-03
2.084103851e+02,4.333937832e-04
2.086167908e+02,1.250421349e-02
2.088231964e+02,-8.780237287e-03
2.090296173e+02,-2.162153460e-02
2.092360687e+02,2.070659306e-03
2.094425201e+02,-5.505706184e-03
2.096489868e+02,2.680620877e-03
2.098554535e+02,4.236023128e-02
2.100619507e+02,7.110868581e-03
2.102684479e+02,-2.030530199e-02
2.104749756e+02,2.102762461e-03
2.106815033e+02,9.486508556e-03
2.108880463e+02,6.533009931e-03
2.110946045e+02,2.849162929e-02
2.113011627e+02,-6.661423016e-03
2.115077515e+02,-8.908649907e-03
2.117143402e+02,-5.184673704e-03
2.119209442e+02,-8.812340908e-03
2.121275635e+02,6.404597312e-03
2.123341980e+02,4.544214159e-02
2.125408478e+02,9.871747345e-03
2.127475128e+02,7.977656089e-03
2.129541779e+02,1.850751974e-02
2.131608582e+02,-1.295365859e-02
2.133675537e+02,-1.122008357e-02
2.135742645e+02,-2.744827420e-03
2.137809906e+02,-1.780124940e-02
2.139877319e+02,-1.372413710e-02
2.141944733e+02,2.479975671e-02
2.144012299e+02,-2.329090424e-02
2.146080017e+02,-1.279314235e-02
2.148147888e+02,-1.882855222e-02
2.150215912e+02,-1.256841980e-02
2.152284088e+02,-2.165363729e-02
2.154352264e+02,-4.638918675e-03
2.156420746e+02,3.691872989e-04
2.158489227e+02,-2.791377157e-02
2.160557861e+02,-1.086694840e-02
2.162626648e+02,1.974349609e-03
2.164695435e+02,6.854042411e-03
2.166764526e+02,1.272893604e-02
2.168833618e+02,-9.550714865e-03
2.170902863e+02,-1.690235734e-02
2.172972412e+02,4.030562192e-02
2.175041809e+02,2.088315971e-02
2.177111511e+02,4.723992199e-02
2.179181366e+02,-1.224738732e-02
2.181251221e+02,1.295365859e-02
2.183321228e+02,-7.399797905e-03
2.185391388e+02,-1.629239693e-02
2.187461700e+02,-1.102746464e-02
2.189532166e+02,-1.552191842e-02
2.191602783e+02,-1.330679469e-02
2.193673401e+02,-6.500906777e-03
2.195744171e+02,-1.557007316e-03
2.197815247e+02,-7.496107370e-03
2.199886322e+02,1.321048476e-02
2.201957397e+02,3.772131167e-03
2.204028778e+02,-1.905327477e-02
2.206100159e+02,-6.115667988e-03
2.208171844e+02,-2.248832211e-02
2.210243530e+02,-1.205476839e-02
2.212315369e+02,-3.290582448e-03
2.214387360e+02,2.791377157e-02
2.216459351e+02,-2.370824665e-02
2.218531647e+02,-8.459204808e-03
2.220603943e+02,1.123613547e-04
2.222676392e+02,-6.757732946e-03
2.224748993e+02,2.685436420e-02
2.226821747e+02,4.014510661e-02
2.228894653e+02,-1.139665139e-03
2.230967712e+02,-1.950271986e-02
2.233040771e+02,3.452703729e-02
2.235113983e+02,-6.725629792e-03
2.237187347e+02,-9.261786006e-03
2.239260864e+02,3.879677132e-02
2.241334534e+02,-2.101157233e-02
2.243408203e+02,-2.216728963e-02
2.245482178e+02,1.565033197e-02
2.247556152e+02,2.582705952e-02
2.249630280e+02,-1.369203348e-02
2.251704559e+02,2.438241430e-02
2.253778839e+02,3.545803204e-02
2.255853424e+02,2.557023428e-02
2.257928009e+02,-2.425400168e-02
2.260002899e+02,1.749626826e-03
2.262077789e+02,-1.337100100e-02
2.264152832e+02,-4.703125451e-03
2.266227875e+02,-1.857172698e-02
2.268303223e+02,1.642080955e-02
2.270378571e+02,-9.454404935e-03
2.272454224e+02,2.008057944e-02
2.274529877e+02,-1.831489988e-02
2.276605682e+02,-2.939051948e-02
2.278681488e+02,-1.048170961e-02
2.280757599e+02,3.033756511e-03
2.282833710e+02,2.102762461e-03
2.284910126e+02,-2.396507189e-02
2.286986542e+02,-1.853962429e-02
2.289063110e+02,1.301786583e-02
2.291139679e+02,-7.913449779e-03
2.293216553e+02,1.574664190e-02
2.295293427e+02,4.510505591e-03
2.297370605e+02,5.484839156e-02
2.299447784e+02,2.072264440e-02
2.301525116e+02,-2.714329213e-02
2.303602448e+02,-1.605162288e-05
2.305680084e+02,-1.308207214e-02
2.307757721e+02,5.618067808e-04
2.309835663e+02,-1.749626826e-03
2.311913605e+02,5.388529599e-02
2.313991699e+02,8.266584948e-03
2.316069794e+02,-2.483185939e-02
2.318148193e+02,2.557023428e-02
2.320226746e+02,1.054591592e-02
2.322305298e+02,4.881298169e-02
2.324384003e+02,-2.020899206e-02
2.326462860e+02,2.110788226e-02
2.328541870e+02,-2.191046439e-02
2.330620880e+02,-1.028908975e-02
2.332700195e+02,-1.459092461e-02
2.334779510e+02,-9.004959837e-03
2.336858978e+02,3.016099706e-02
2.338938599e+02,-1.407727227e-02
2.341018372e+02,-8.106068708e-03
2.343098145e+02,-2.791377157e-02
2.345178223e+02,3.500858694e-02
2.347258301e+02,-6.276184227e-03
2.349338531e+02,-1.475144085e-02
2.351418915e+02,2.508868463e-02
2.353499298e+02,9.390198626e-03
2.355579987e+02,-2.650122717e-02
2.357660675e+02,-3.150933236e-02
2.359741669e+02,-9.582818486e-03
2.361822662e+02,1.651711948e-02
2.363903809e+02,6.081959605e-02
2.365984955e+02,-1.825069450e-02
2.368066406e+02,-1.792966202e-02
2.370147858e+02,-6.340390537e-03
2.372229462e+02,-1.428594347e-03
2.374311371e+02,-5.698326044e-03
2.376393127e+02,3.073885664e-02
2.378475189e+02,-2.937446814e-03
2.380557404e+02,3.305029124e-02
2.382639618e+02,1.982375234e-02
2.384721985e+02,-1.372413710e-02
2.386804504e+02,1.048170961e-02
2.388887177e+02,5.353216082e-02
2.390970001e+02,6.496091187e-02
2.393052826e+02,-1.375623979e-02
2.395135956e+02,-4.638918675e-03
2.397219086e+02,3.073885664e-02
2.399302368e+02,-4.767331760e-03
2.401385803e+02,-3.006468713e-02
2.403469238e+02,3.767315671e-02
2.405552979e+02,1.942246221e-03
2.407636719e+02,-2.569864690e-02
2.409720612e+02,-1.102746464e-02
2.411804657e+02,-1.873224229e-02
2.413888855e+02,-8.138172328e-03
2.415973206e+02,-1.781730098e-03
2.418057556e+02,-1.770493947e-02
2.420142059e+02,1.260052342e-02
2.422226715e+02,1.256841980e-02
2.424311523e+02,-2.126839943e-02
2.426396484e+02,6.581164780e-04
2.428481598e+02,5.377293564e-03
2.430566711e+02,-1.738390699e-02
2.432651978e+02,-1.597136445e-02
2.434737549e+02,-3.579511773e-03
2.436822968e+02,-2.146101929e-02
2.438908691e+02,-1.484775078e-02
2.440994568e+02,9.149424732e-04
2.443080444e+02,-2.162153460e-02
2.445166473e+02,3.677426651e-02
2.447252655e+02,2.425400168e-02
2.449338989e+02,-1.622818969e-02
2.451425476e+02,-2.235990949e-02
2.453511963e+02,-2.168574184e-02
2.455598755e+02,-2.295381855e-03
2.457685547e+02,5.205541104e-02
2.459772491e+02,-2.704698220e-02
2.461859589e+02,-1.189425215e-02
2.463946686e+02,2.784956433e-02
2.466034088e+02,-4.478402436e-03
2.468121490e+02,-2.951893210e-02
2.470209045e+02,-3.675821470e-03
2.472296753e+02,1.523298956e-02
2.474384613e+02,-1.391675603e-02
2.476472626e+02,6.886146031e-03
2.478560638e+02,-3.049808147e-04
2.480648804e+02,-4.349989351e-03
2.482737122e+02,1.070643216e-02
2.484825592e+02,-1.950271986e-02
2.486914215e+02,1.749626826e-03
2.489002991e+02,-5.634119269e-03
2.491091766e+02,-2.235990949e-02
2.493180695e+02,1.410937589e-02
2.495269775e+02,3.258479293e-03
2.497359009e+02,-1.096325740e-02
2.499448395e+02,1.105956733e-02
2.501537781e+02,-2.772115171e-02
2.503627472e+02,1.093115471e-02
2.505717163e+02,1.825069450e-02
2.507807007e+02,-3.105988912e-02
2.509897003e+02,1.396491076e-03
2.511987000e+02,4.175026715e-02
2.514077301e+02,-1.288945228e-02
2.516167603e+02,3.311449662e-02
2.518258057e+02,-2.733591199e-02
2.520348663e+02,3.086726926e-02
2.522439423e+02,-7.239281666e-03
2.524530182e+02,1.717523555e-03
2.526621246e+02,-2.463923953e-02
2.528712311e+02,5.794635508e-03
2.530803528e+02,-1.300181379e-03
2.532894897e+02,-1.783335209e-02
2.534986420e+02,-2.640491910e-02
2.537077942e+02,-1.398096234e-02
2.539169617e+02,-1.139665139e-03
2.541261444e+02,2.675805427e-02
2.543353424e+02,8.876547217e-03
2.545445557e+02,4.993659630e-02
2.547537842e+02,-8.844443597e-03
2.549630127e+02,2.354772948e-02
2.551722717e+02,-2.364403941e-02
2.553815308e+02,9.101269767e-03
2.555908051e+02,-1.067432854e-02
2.558000793e+02,-2.768904716e-02
2.560093689e+02,6.581164780e-04
2.562186890e+02,1.000016090e-02
2.564280090e+02,2.008057944e-02
2.566373596e+02,-1.568243466e-02
2.568467102e+02,-1.911748201e-02
2.570560608e+02,-1.645291224e-02
2.572654419e+02,2.383665927e-02
2.574748230e+02,-3.324290738e-02
2.576842041e+02,-1.154111605e-02
2.578936157e+02,-7.881346159e-03
2.581030579e+02,-5.216777325e-03
2.583125000e+02,1.171768410e-03
2.585219421e+02,-1.873224229e-02
2.587313843e+02,3.370840568e-04
2.589408569e+02,1.256841980e-02
2.591503601e+02,-1.792966202e-02
2.593598633e+02,-1.269683335e-02
2.595693665e+02,2.380455472e-02
2.597789001e+02,6.661423016e-03
2.599884338e+02,-3.025730699e-02
2.601979675e+02,-4.446299281e-03
2.604075317e+02,4.927848000e-03
2.606170959e+02,-6.019358058e-03
2.608266907e+02,-2.550602704e-02
2.610362854e+02,-2.524920180e-02
2.612459106e+02,4.799434915e-03
2.614555359e+02,-6.436700467e-03
2.616651611e+02,-1.199056208e-02
2.618748169e+02,-2.187836170e-02
2.620844727e+02,-2.295381855e-03
2.622941284e+02,1.096325740e-02
2.625038147e+02,-2.675805427e-02
2.627135315e+02,-6.372494157e-03
2.629232483e+02,1.789755933e-02
2.631329651e+02,-2.146101929e-02
2.633426819e+02,-2.842742205e-02
2.635524292e+02,7.464004215e-03
2.637622070e+02,-2.255252935e-02
2.639719849e+02,-2.905343659e-03
2.641817627e+02,-1.112377364e-02
2.643915710e+02,-1.096325740e-02
2.646013794e+02,-3.354788991e-03
2.648111877e+02,-1.041750237e-02
2.650210266e+02,-2.062633447e-02
2.652308655e+02,-1.139665139e-03
2.654407349e+02,4.799434915e-03
2.656506042e+02,2.841137117e-03
2.658605042e+02,-1.070643216e-02
2.660704041e+02,1.979164965e-02
2.662803040e+02,8.009759709e-03
2.664902344e+02,-2.036950924e-02
2.667001648e+02,5.192699656e-02
2.669101257e+02,-1.683815196e-02
2.671200867e+02,-6.821939256e-03
2.673300476e+02,9.679128416e-03
2.675400391e+02,-1.208687108e-02
2.677500305e+02,1.444646041e-04
2.679600525e+02,-3.996853717e-03
2.681700745e+02,5.561887100e-02
2.683800964e+02,-1.423778851e-02
2.685901489e+02,-2.897317708e-02
2.688002014e+02,3.815470636e-02
2.690102844e+02,-1.009646989e-02
2.692203674e+02,-2.088315971e-02
2.694304504e+02,-5.184673704e-03
2.696405640e+02,2.136470936e-02
2.698506775e+02,-1.218318101e-02
2.700608215e+02,-2.711118944e-02
2.702709656e+02,-2.987206914e-02
2.704811401e+02,8.716030978e-03
2.706913147e+02,-8.362894878e-03
2.709014893e+02,-5.939099938e-04
2.711116943e+02,-1.253631711e-02
2.713218994e+02,2.423794940e-03
2.715321045e+02,7.544262335e-04
2.717423401e+02,-5.730429199e-03
2.719526062e+02,2.913369425e-02
2.721628418e+02,-1.757652685e-02
2.723731384e+02,-1.208687108e-02
2.725834045e+02,-2.582705952e-02
2.727937012e+02,-1.587505452e-02
2.730039978e+02,4.550634697e-02
2.732143250e+02,1.365993079e-02
2.734246521e+02,2.894589007e-01
2.736350098e+02,-2.325879969e-02
2.738453674e+02,3.772131167e-03
2.740557556e+02,-2.133260481e-02
2.742661133e+02,-2.374034934e-02
2.744765320e+02,-1.035329606e-02
2.746869202e+02,-2.178205177e-02
2.748973389e+02,-8.844443597e-03
2.751077881e+02,2.707908675e-02
2.753182373e+02,6.982455496e-03
2.755286865e+02,2.878055908e-02
2.757391663e+02,-1.757652685e-02
2.759496460e+02,-1.500826702e-02
2.761601257e+02,-2.704698220e-02
2.763706360e+02,3.622851148e-02
2.765811462e+02,4.897349700e-02
2.767916870e+02,4.317886196e-03
2.770022278e+02,-7.078765426e-03
2.772127991e+02,4.971187189e-02
2.774233704e+02,2.675805427e-02
2.776339417e+02,2.845952660e-02
2.778445435e+02,6.886146031e-03
2.780551453e+02,-1.346731093e-02
2.782657471e+02,-1.179794222e-02
2.784763794e+02,-1.892486215e-02
2.786870422e+02,-3.836337710e-03
2.788976746e+02,-1.382044610e-02
2.791083679e+02,5.730429199e-03
2.793190308e+02,-9.486508556e-03
2.795297241e+02,-9.679128416e-03
2.797404175e+02,8.876547217e-03
2.799511414e+02,-1.077063847e-02
2.801618652e+02,-2.091526426e-02
2.803726196e+02,-2.704698220e-02
2.805833740e+02,-1.134849712e-02
2.807941284e+02,2.929420955e-02
2.810049133e+02,-1.552191842e-02
2.812156982e+02,2.643702179e-02
2.814265137e+02,-9.743334725e-03
2.816373291e+02,-1.353151724e-02
2.818481750e+02,-3.927831724e-02
2.820589905e+02,-2.614809200e-02
2.822698669e+02,6.727235019e-02
2.824807129e+02,1.587505452e-02
2.826915894e+02,-1.860382967e-02
2.829024963e+02,-1.224738732e-02
2.831134033e+02,-1.781730098e-03
2.833243103e+02,3.497648612e-02
2.835352478e+02,-7.271384820e-03
2.837461853e+02,-2.608388662e-02
2.839571228e+02,2.662964165e-02
2.841680908e+02,-5.152570549e-03
2.843790588e+02,-1.972744428e-02
2.845900574e+02,-3.125250712e-02
2.848010559e+02,1.455882099e-02
2.850120850e+02,9.550714865e-03
2.852230835e+02,2.263278700e-03
2.854341431e+02,-3.500858694e-02
2.856452026e+02,-5.184673704e-03
2.858562622e+02,-2.181415446e-02
2.860673218e+02,4.638918675e-03
2.862784119e+02,-1.112377364e-02
2.864895020e+02,8.523411117e-03
2.867006226e+02,6.147771142e-03
2.869117432e+02,-2.544182166e-02
2.871228943e+02,-2.990417182e-02
2.873340454e+02,-1.343520731e-02
2.875451965e+02,-1.754442230e-02
2.877563782e+02,-2.374034934e-02
2.879675598e+02,-1.446251106e-02
2.881787720e+02,-5.248880479e-03
2.883899536e+02,1.974349609e-03
2.886011963e+02,-1.332284650e-03
2.888124390e+02,-2.361193672e-02
2.890236816e+02,-9.037063457e-03
2.892349243e+02,3.963145614e-02
2.894461975e+02,-1.731969975e-02
2.896575012e+02,-2.499237470e-02
2.898687744e+02,-6.404597312e-03
2.900801086e+02,1.247210987e-02
2.902914124e+02,-1.947061718e-02
2.905027466e+02,-2.486396208e-02
2.907141113e+02,3.322685836e-03
2.909254456e+02,3.256874159e-02
2.911368408e+02,-4.895744845e-03
2.913482056e+02,-1.362782717e-02
2.915596008e+02,6.597216707e-03
2.917710266e+02,8.106068708e-03
2.919824219e+02,1.558612473e-02
2.921938782e+02,-2.386876196e-02
2.924053040e+02,3.451098688e-03
2.926167603e+02,3.561855108e-02
2.928282471e+02,-2.486396208e-02
2.930397034e+02,-1.683815196e-02
2.932512207e+02,-4.574712366e-03
2.934627075e+02,-5.441499874e-03
2.936742249e+02,-1.279314235e-02
2.938857727e+02,-1.247210987e-02
2.940973206e+02,2.255252935e-02
2.943088684e+02,-1.205476839e-02
2.945204163e+02,1.605162288e-05
2.947320251e+02,-1.764073223e-02
2.949436035e+02,-1.844331436e-02
2.951552124e+02,-1.263262611e-02
2.953668213e+02,-1.128428988e-02
2.955784607e+02,-2.691856958e-02
2.957901001e+02,-1.189425215e-02
2.960017395e+02,-1.163742598e-02
2.962134094e+02,-3.256874159e-02
2.964250793e+02,-2.682225965e-02
2.966367798e+02,2.219939232e-02
2.968484802e+02,2.327485243e-03
2.970601807e+02,-3.162169596e-03
2.972719116e+02,-8.459204808e-03
2.974836731e+02,2.637281455e-02
2.976954041e+02,3.818680719e-02
2.979071655e+02,3.451098688e-03
2.981189575e+02,1.288945228e-02
2.983307495e+02,-2.203887701e-02
2.985425415e+02,-1.304996852e-02
2.987543335e+02,-1.664553210e-02
2.989661865e+02,-1.709497720e-02
2.991780090e+02,-2.165363729e-02
2.993898621e+02,-1.311417483e-02
2.996017151e+02,-1.043355442e-03
2.998135986e+02,-2.566654421e-02
3.000254822e+02,1.102746464e-02
3.002373657e+02,4.671021830e-03
3.004492798e+02,-1.853962429e-02
3.006611938e+02,-2.714329213e-02
3.008731384e+02,1.333889831e-02
3.010850830e+02,-1.300181379e-03
3.012970581e+02,2.097946964e-02
3.015090027e+02,-2.534551173e-02
3.017210083e+02,4.935873672e-02
3.019329834e+02,-1.561822835e-02
3.021450195e+02,-8.812340908e-03
3.023570251e+02,-2.589126676e-02
3.025690613e+02,1.417358220e-02
3.027810974e+02,2.377245203e-02
3.029931641e+02,-3.006468713e-02
3.032052307e+02,6.502512097e-02
3.034172974e+02,1.622818969e-02
3.036293945e+02,-2.390086465e-02
3.038414917e+02,-2.648517722e-03
3.040536194e+02,-2.584311180e-03
3.042657471e+02,-2.101157233e-02
3.044779053e+02,3.032151423e-02
3.046900635e+02,-9.069166146e-03
3.049022217e+02,-1.282524597e-02
3.051143799e+02,-4.028957337e-03
3.053265991e+02,-6.886146031e-03
3.055387878e+02,-2.618019469e-02
3.057510071e+02,-2.630860917e-02
3.059632263e+02,-1.911748201e-02
3.061754761e+02,-1.154111605e-02
3.063877258e+02,-4.799434915e-03
3.065999756e+02,-2.473554946e-02
3.068122559e+02,-2.062633447e-02
3.070245361e+02,-1.950271986e-02
3.072368469e+02,-2.451082692e-02
3.074491577e+02,-1.722338982e-02
3.076614990e+02,-3.194272751e-03
3.078738098e+02,2.894107439e-02
3.080861816e+02,-1.009646989e-02
3.082985229e+02,-2.784956433e-02
3.085108948e+02,2.065843716e-02
3.087232971e+02,-1.102746464e-02
3.089356995e+02,-1.494405977e-02
3.091481018e+02,-1.462302729e-02
3.093605347e+02,1.407727227e-02
3.095729675e+02,-1.532929856e-02
3.097854004e+02,-6.115667988e-03
3.099978638e+02,-2.826690674e-02
3.102103271e+02,1.667763479e-02
3.104228210e+02,5.184673704e-03
3.106353149e+02,-6.533009931e-03
3.108478088e+02,-2.325879969e-02
3.110603333e+02,-2.158943191e-02
3.112728577e+02,-1.061012223e-02
3.114854126e+02,1.873224229e-02
3.116979675e+02,-2.149312198e-02
3.119105225e+02,-1.988795958e-02
3.121231079e+02,3.305029124e-02
3.123356934e+02,-1.449461468e-02
3.125483093e+02,2.971155196e-02
3.127609253e+02,3.290582448e-03
3.129735413e+02,-1.064222585e-02
3.131861877e+02,-2.916579694e-02
3.133988342e+02,-1.141270343e-02
3.136115112e+02,-1.748021692e-02
3.138241882e+02,-2.391691785e-03
3.140368652e+02,-7.865295047e-04
3.142495728e+02,-2.171784453e-02
3.144622803e+02,3.025730699e-02
3.146750183e+02,4.910191149e-02
3.148877563e+02,-1.189425215e-02
3.151004944e+02,-2.576285414e-02
3.153132629e+02,-1.038539968e-02
3.155260315e+02,-6.581164780e-04
3.157388306e+02,-1.545771211e-02
3.159516296e+02,-2.483185939e-02
3.161644287e+02,-1.548981480e-02
3.163772583e+02,-1.947061718e-02
3.165900879e+02,-4.671021830e-03
3.168029480e+02,-6.147771142e-03
3.170158081e+02,-3.964750562e-03
3.172286682e+02,-3.579511773e-03
3.174415588e+02,1.658132486e-02
3.176544495e+02,-2.566654421e-02
3.178673706e+02,5.600411072e-02
3.180802612e+02,1.587505452e-02
3.182932129e+02,-1.035329606e-02
3.185061646e+02,-3.073885664e-02
3.187191162e+02,-2.091526426e-02
3.189320679e+02,-1.009646989e-02
3.191450500e+02,4.157369956e-03
3.193580322e+02,1.240790356e-02
3.195710449e+02,-9.229682386e-03
3.197840576e+02,-8.716030978e-03
3.199971008e+02,-1.985585690e-02
3.202101440e+02,1.430199482e-02
3.204231873e+02,4.967977107e-02
3.206362610e+02,-1.123613547e-04
3.208493347e+02,-2.268094197e-02
3.210624084e+02,-2.428610437e-02
3.212755127e+02,-7.624520455e-03
3.214886169e+02,3.740028013e-03
3.217017517e+02,-2.531340718e-02
3.219148865e+02,1.492800890e-03
3.221280518e+02,-1.924589463e-02
3.223411865e+02,2.601967938e-02
3.225543823e+02,1.446251106e-02
3.227675476e+02,-4.654970253e-04
3.229807434e+02,6.419043988e-02
3.231939697e+02,-9.486508556e-03
3.234071960e+02,-2.688646689e-02
3.236204224e+02,4.285783041e-03
3.238336792e+02,1.857172698e-02
3.240469360e+02,-1.276103966e-02
3.242601929e+02,1.947061718e-02
3.244734802e+02,-1.597136445e-02
3.246867676e+02,-8.491308428e-03
3.249000854e+02,-1.914958470e-02
3.251134033e+02,1.279314235e-02
3.253267212e+02,-1.760862954e-02
3.255400696e+02,5.730429199e-03
3.257534180e+02,4.638918675e-03
3.259667969e+02,2.871635184e-02
3.261801758e+02,-1.192635484e-02
3.263935547e+02,-2.438241430e-02
3.266069641e+02,-1.202266477e-02
3.268203735e+02,3.471965715e-02
3.270337830e+02,3.194272751e-03
3.272472229e+02,-4.253679886e-03
3.274606934e+02,-1.186214853e-02
3.276741333e+02,-8.298688568e-03
3.278876038e+02,3.154143691e-02
3.281011047e+02,-7.303487975e-03
3.283146057e+02,-6.468803622e-03
3.285281067e+02,-1.786545478e-02
3.287416382e+02,-9.807541035e-03
3.289551697e+02,-1.364387921e-03
3.291687317e+02,-1.016067713e-02
3.293822632e+02,2.467134222e-02
3.295958557e+02,-3.314660117e-02
3.298094177e+02,-7.223229622e-04
3.300230103e+02,1.507247332e-02
3.302366333e+02,-2.091526426e-02
3.304502563e+02,-2.488001483e-03
3.306638794e+02,-1.112377364e-02
3.308775330e+02,1.396491076e-03
3.310911865e+02,-2.842742205e-02
3.313048401e+02,-1.924589463e-02
3.315185242e+02,-1.179794222e-02
3.317322083e+02,-4.606815521e-03
3.319459229e+02,3.643718082e-03
3.321596375e+02,4.155765101e-02
3.323733521e+02,1.171768410e-03
3.325870972e+02,6.147771142e-03
3.328008423e+02,-1.439830475e-02
3.330146179e+02,-2.585916221e-02
3.332283936e+02,5.603621155e-02
3.334421692e+02,5.794635508e-03
3.336559753e+02,1.346731093e-02
3.338697815e+02,-2.698277682e-02
3.340835876e+02,6.019358058e-03
3.342974243e+02,-2.905343659e-03
3.345112915e+02,5.035393685e-02
3.347251282e+02,-3.022520430e-02
3.349389954e+02,1.436620206e-02
3.351528931e+02,1.685420284e-03
3.353667908e+02,-2.309828438e-02
3.355806885e+02,-2.280935459e-02
3.357946167e+02,3.740028013e-03
3.360085449e+02,-1.507247332e-02
3.362224731e+02,-8.748133667e-03
3.364364319e+02,-1.760862954e-02
3.366503906e+02,4.508900642e-02
3.368643799e+02,1.882855222e-02
3.370783691e+02,2.004847676e-02
3.372923889e+02,-2.165363729e-02
3.375063782e+02,-2.728775726e-04
3.377204285e+02,-1.587505452e-02
3.379344482e+02,-8.507359889e-04
3.381484985e+02,-1.796176471e-02
3.383625793e+02,-1.767283492e-02
3.385766296e+02,-3.130066209e-03
3.387907410e+02,-2.942262404e-02
3.390048218e+02,-1.443040837e-02
3.392189331e+02,-9.582818486e-03
3.394330444e+02,1.677394472e-02
3.396471863e+02,1.717523555e-03
3.398613281e+02,-2.348352224e-02
3.400755005e+02,-1.337100100e-02
3.402896729e+02,5.569912959e-03
3.405038452e+02,2.329090424e-02
3.407180481e+02,-1.799386740e-02
3.409322510e+02,-2.008057944e-02
3.411464539e+02,1.629239693e-02
3.413606873e+02,2.134865616e-03
3.415749207e+02,-1.455882099e-02
3.417891846e+02,-1.561822835e-02
3.420034485e+02,3.590747714e-02
3.422177124e+02,-2.178205177e-02
3.424320068e+02,1.237580087e-02
3.426463318e+02,-1.857172698e-02
3.428606262e+02,-1.786545478e-02
3.430749512e+02,1.589110587e-03
3.432892761e+02,-2.078684978e-02
3.435036316e+02,2.390086465e-02
3.437179871e+02,-1.557007316e-03
3.439323730e+02,-3.497648612e-02
3.441467590e+02,-1.035329606e-02
3.443611450e+02,-2.486396208e-02
3.445755615e+02,-1.449461468e-02
3.447899780e+02,-2.711118944e-02
3.450044250e+02,-1.218318101e-02
3.452188721e+02,-7.849243470e-03
3.454333191e+02,-4.285783041e-03
3.456477661e+02,-2.332300693e-02
3.458622742e+02,-2.390086465e-02
3.460767517e+02,2.393296920e-02
3.462912598e+02,-1.192635484e-02
3.465057678e+02,-2.406138182e-02
3.467203064e+02,-5.923048593e-03
3.469348450e+02,-7.207178511e-03
3.471493835e+02,-4.510505591e-03
3.473639526e+02,-9.004959837e-03
3.475785217e+02,1.410937589e-02
3.477931213e+02,-1.266472973e-02
3.480077209e+02,1.764073223e-02
3.482223206e+02,2.006452763e-03
3.484369507e+02,-2.871635184e-02
3.486515808e+02,-7.014558651e-03
3.488662109e+02,-7.142971735e-03
3.490808716e+02,1.924589463e-02
3.492955627e+02,-2.235990949e-02
3.495102234e+02,2.231175546e-03
3.497249146e+02,-1.748021692e-02
3.499396362e+02,-1.404516958e-02
3.501543579e+02,-1.144480612e-02
3.503690796e+02,-1.369203348e-02
3.505838318e+02,-1.295365859e-02
3.507985840e+02,9.004959837e-03
3.510133362e+02,-1.690235734e-02
3.512281189e+02,2.704698220e-02
3.514429016e+02,9.518612176e-03
3.516577148e+02,-3.147723153e-02
3.518725281e+02,3.834732622e-02
3.520873413e+02,1.629239693e-02
3.523021851e+02,-1.333889831e-02
3.525170288e+02,2.454292960e-02
3.527318726e+02,-1.420568582e-02
3.529467468e+02,-1.651711948e-02
3.531616516e+02,2.573074959e-02
3.533765259e+02,-2.520104637e-03
3.535914307e+02,-1.651711948e-02
3.538063660e+02,-1.539350580e-02
3.540213013e+02,1.186214853e-02
3.542362366e+02,-7.881346159e-03
3.544512024e+02,-7.078765426e-03
3.546661682e+02,2.723960206e-02
3.548811340e+02,2.102762461e-03
3.550961304e+02,-2.820269950e-02
3.553111267e+02,-3.115619905e-02
3.555261536e+02,2.142891474e-02
3.557411804e+02,-1.609977707e-02
3.559562073e+02,3.195878118e-02
3.561712646e+02,-2.492816932e-02
3.563863220e+02,2.707908675e-02
3.566013794e+02,9.935953654e-03
3.568164673e+02,-3.051413409e-02
3.570315857e+02,-8.844443597e-03
3.572466736e+02,-1.605162288e-05
3.574617920e+02,2.207097970e-02
3.576769409e+02,-1.568243466e-02
3.578920898e+02,7.544262335e-04
3.581072388e+02,-1.266472973e-02
3.583223877e+02,2.897317708e-02
3.585375671e+02,4.711151123e-02
3.587527771e+02,-1.908537932e-02
3.589679871e+02,-2.152522467e-02
3.591831970e+02,-6.950352341e-03
3.593984070e+02,-2.826690674e-02
3.596136475e+02,-4.799434915e-03
3.598289185e+02,-1.170163229e-02
3.600441589e+02,5.216777325e-03
3.602594299e+02,-2.937446814e-03
3.604747314e+02,2.030530199e-02
3.606900330e+02,-2.359588398e-03
3.609053345e+02,3.577906638e-02
3.611206665e+02,-2.470344678e-02
3.613359985e+02,-1.157321967e-02
3.615513306e+02,-1.420568582e-02
3.617666931e+02,-3.691872989e-04
3.619820557e+02,-3.378866613e-02
3.621974487e+02,6.789836101e-03
3.624128418e+02,1.606767438e-02
3.626282349e+02,4.510505591e-03
3.628436584e+02,-4.671021830e-03
3.630590820e+02,-2.569864690e-02
3.632745056e+02,4.332332686e-02
3.634899597e+02,6.581164780e-04
3.637054443e+02,-3.194272751e-03
3.639208984e+02,-1.860382967e-02
3.641363831e+02,2.776930574e-03
3.643518982e+02,-1.693446189e-02
3.645674133e+02,-2.919789962e-02
3.647829285e+02,2.727170661e-02
3.649984436e+02,5.247275159e-02
3.652139893e+02,1.041750237e-02
3.654295654e+02,-4.863641690e-03
3.656451111e+02,-3.057833947e-02
3.658607178e+02,-8.555514738e-03
3.660762939e+02,-1.253631711e-02
3.662919006e+02,4.157369956e-03
3.665075073e+02,2.839531936e-02
3.667231445e+02,4.175026715e-02
3.669387817e+02,-6.725629792e-03
3.671544495e+02,-3.218350187e-02
3.673700867e+02,-2.081895433e-02
3.675857849e+02,-8.298688568e-03
3.678014526e+02,3.388497233e-02
3.680171509e+02,6.629319862e-03
3.682328796e+02,-2.512078919e-02
3.684485779e+02,2.187836170e-02
3.686643066e+02,-1.128428988e-02
3.688800659e+02,-3.611614928e-03
3.690958252e+02,-1.992006227e-02
3.693115845e+02,1.947061718e-02
3.695273743e+02,5.375688151e-02
3.697431641e+02,1.799386740e-02
3.699589539e+02,-2.463923953e-02
3.701747742e+02,1.362782717e-02
3.703906250e+02,-1.863593236e-02
3.706064453e+02,3.579511773e-03
3.708222961e+02,-1.449461468e-02
3.710381775e+02,-2.776930574e-03
3.712540283e+02,8.351659030e-02
3.714699097e+02,-2.036950924e-02
3.716858215e+02,-2.351562679e-02
3.719017334e+02,5.654986575e-02
3.721176453e+02,4.542609211e-03
3.723335876e+02,-8.940753527e-03
3.725495300e+02,-2.399717458e-02
3.727654724e+02,-2.168574184e-02
3.729814453e+02,1.105956733e-02
3.731974182e+02,-1.805807464e-02
3.734134216e+02,-1.481564716e-02
3.736294250e+02,-3.675821470e-03
3.738454285e+02,3.985617682e-02
3.740614624e+02,-2.528130449e-02
3.742774963e+02,1.011252170e-03
3.744935608e+02,3.049808147e-04
3.747096252e+02,-1.780124940e-02
3.749256897e+02,-3.423811123e-02
3.751417847e+02,-2.399717458e-02
3.753578796e+02,-4.012905410e-04
3.755739746e+02,2.097946964e-02
3.757901001e+02,-2.396507189e-02
3.760062256e+02,-1.792966202e-02
3.762223816e+02,7.431901060e-03
3.764385376e+02,4.515321180e-02
3.766546936e+02,-3.025730699e-02
3.768708801e+02,2.919789962e-02
3.770870667e+02,-1.882855222e-02
3.773032837e+02,-1.048170961e-02
3.775194702e+02,-1.070643216e-02
3.777357178e+02,-2.043371461e-02
3.779519348e+02,1.969533972e-02
3.781681824e+02,2.797797695e-02
3.783844604e+02,-2.226359956e-02
3.786007385e+02,-2.672595158e-02
3.788170166e+02,-1.722338982e-02
3.790332947e+02,5.793030560e-02
3.792496033e+02,-3.073885664e-02
3.794659424e+02,3.507279232e-02
3.796822510e+02,-1.571453735e-02
3.798986206e+02,1.974349609e-03
3.801149597e+02,-3.581116721e-02
3.803313293e+02,-3.089937195e-02
3.805476990e+02,-4.446299281e-03
3.807640991e+02,-1.918168738e-02
3.809804993e+02,-1.760862954e-02
3.811968994e+02,-2.659753710e-02
3.814133301e+02,-1.183004584e-02
3.816297607e+02,-7.399797905e-03
3.818462219e+02,-5.923048593e-03
3.820626831e+02,6.982455496e-03
3.822791443e+02,-1.492800890e-03
3.824956360e+02,-7.431901060e-03
3.827121277e+02,-2.467134222e-02
3.829286194e+02,-1.731969975e-02
3.831451416e+02,4.836353660e-02
3.833616638e+02,6.008122116e-02
3.835782166e+02,-2.380455472e-02
3.837947693e+02,-2.762484178e-02
3.840113220e+02,6.789836101e-03
3.842279053e+02,8.362894878e-03
3.844444885e+02,-2.040161192e-02
3.846610718e+02,-2.881266177e-02
3.848776855e+02,3.279346228e-02
3.850943298e+02,-7.142971735e-03
3.853109436e+02,5.890945438e-03
3.855275879e+02,1.687025465e-02
3.857442627e+02,-1.481564716e-02
3.859609070e+02,3.860415146e-02
3.861776123e+02,-2.646912448e-02
3.863942871e+02,-1.272893604e-02
3.866109924e+02,1.786545478e-02
3.868276978e+02,-1.484775078e-02
3.870444336e+02,-1.500826702e-02
3.872611694e+02,-1.073853485e-02
3.874779358e+02,-1.266472973e-02
3.876947021e+02,1.404516958e-02
3.879114685e+02,-2.890897170e-02
3.881282349e+02,-2.139681205e-02
3.883450317e+02,-1.224738732e-02
3.885618591e+02,6.179874297e-03
3.887786560e+02,-4.081927612e-02
3.889955139e+02,-2.662964165e-02
3.892123413e+02,1.776914485e-02
3.894291992e+02,3.900544252e-03
3.896460571e+02,2.072264440e-02
3.898629456e+02,-1.041750237e-02
3.900798340e+02,-1.748021692e-02
3.902967224e+02,-1.205476839e-02
3.905136414e+02,5.794635508e-03
3.907305603e+02,-2.053002454e-02
3.909475098e+02,8.587617427e-03
3.911644592e+02,1.605162288e-05
3.913814087e+02,4.011300206e-02
3.915983887e+02,-2.402927727e-02
3.918153687e+02,2.552207792e-03
3.920323486e+02,-1.494405977e-02
3.922493591e+02,9.679128416e-03
3.924663696e+02,-1.910143066e-03
3.926834106e+02,4.287388176e-02
3.929004517e+02,-5.666222423e-03
3.931174927e+02,-3.308239207e-02
3.933345642e+02,4.325912148e-02
3.935516357e+02,6.919854134e-02
3.937687073e+02,-1.199056208e-02
3.939858093e+02,3.590747714e-02
3.942029114e+02,-3.147723153e-02
3.944200439e+02,3.515305230e-03
3.946371765e+02,2.235990949e-02
3.948543091e+02,1.138059981e-02
3.950714722e+02,5.666222423e-03
3.952886353e+02,-6.565113552e-03
3.955058289e+02,-1.128428988e-02
3.957230225e+02,-4.349989351e-03
3.959402161e+02,-3.205508739e-02
3.961574402e+02,4.740044102e-02
3.963746643e+02,-1.497616339e-02
3.965918884e+02,-2.213518694e-02
3.968091431e+02,-3.385287151e-02
3.970263977e+02,4.781778157e-02
3.972436829e+02,-1.192635484e-02
3.974609375e+02,-2.502447926e-02
3.976782532e+02,-3.118830174e-02
3.978955383e+02,-5.955151748e-03
3.981128845e+02,3.443072736e-02
3.983302002e+02,-2.319459431e-02
3.985475464e+02,-7.223229622e-04
3.987648926e+02,3.433442116e-02
3.989822693e+02,1.670973934e-02
3.991996155e+02,3.836337710e-03
3.994170227e+02,-2.890897170e-02
3.996343994e+02,7.849243470e-03
3.998518372e+02,-1.282524597e-02
4.000692444e+02,-3.234401718e-02
4.002866821e+02,-3.231191635e-02
4.005041199e+02,-1.749626826e-03
4.007215881e+02,1.192635484e-02
4.009390564e+02,-2.634071186e-02
4.011565247e+02,2.518499456e-02
4.013740234e+02,-1.658132486e-02
4.015915222e+02,-2.712724032e-03
4.018090210e+02,3.407759219e-02
4.020265503e+02,-2.845952660e-02
4.022440796e+02,3.208719194e-02
4.024616394e+02,-1.375623979e-02
4.026791992e+02,-2.386876196e-02
4.028967590e+02,-1.712707989e-02
4.031143494e+02,-1.841120981e-02
4.033319397e+02,-9.422302246e-03
4.035495605e+02,-1.494405977e-02
4.037671814e+02,-8.940753527e-03
4.039848022e+02,6.120483577e-02
4.042024231e+02,-2.707908675e-02
4.044200745e+02,-2.075474709e-02
4.046377563e+02,-3.033756511e-03
4.048554382e+02,-1.202266477e-02
4.050731201e+02,-7.785036694e-03
4.052908020e+02,-1.452671830e-02
4.055085144e+02,-2.229570225e-02
4.057262268e+02,-1.475144085e-02
4.059439697e+02,-1.860382967e-02
4.061617126e+02,2.348352224e-02
4.063794556e+02,-1.992006227e-02
4.065972290e+02,9.422302246e-03
4.068150024e+02,-2.618019469e-02
4.070328064e+02,-2.858793922e-02
4.072506104e+02,2.945472673e-02
4.074684143e+02,6.069118157e-02
4.076862488e+02,-3.205508739e-02
4.079040833e+02,-2.088315971e-02
4.081219177e+02,-1.256841980e-02
4.083397827e+02,-9.871747345e-03
4.085576477e+02,-1.205476839e-02
4.087755432e+02,-1.247210987e-02
4.089934387e+02,5.963177606e-02
4.092113342e+02,-3.772131167e-03
4.094292603e+02,3.194272751e-03
4.096471863e+02,-2.361193672e-02
4.098651123e+02,3.547408385e-03
4.100830688e+02,1.093115471e-02
4.103010254e+02,-5.297035095e-04
4.105189819e+02,-3.144512698e-02
4.107369690e+02,-1.542560849e-02
4.109549866e+02,3.276136145e-02
4.111729736e+02,-3.386892145e-03
4.113909912e+02,-1.166952960e-02
4.116090393e+02,-1.227949094e-02
4.118270874e+02,1.199056208e-02
4.120451355e+02,-3.134881705e-02
4.122631836e+02,1.147690974e-02
4.124812622e+02,-7.544262335e-04
4.126993713e+02,-1.266472973e-02
4.129174500e+02,-4.125266802e-03
4.131355591e+02,-2.977575921e-02
4.133536987e+02,-9.229682386e-03
4.135718079e+02,2.409348451e-02
4.137899780e+02,-1.645291224e-02
4.140081177e+02,-2.309828438e-02
4.142262878e+02,1.878039795e-03
4.144444580e+02,-1.619608700e-02
4.146626587e+02,-3.611614928e-03
4.148808594e+02,-2.425400168e-02
4.150990906e+02,1.520088594e-02
4.153172913e+02,1.269683335e-02
4.155355225e+02,9.470456862e-04
4.157537842e+02,6.372494157e-03
4.159720459e+02,-1.043355442e-03
4.161903076e+02,-1.420568582e-02
4.164085999e+02,-1.581084728e-02
4.166268921e+02,-3.240822628e-02
4.168451843e+02,4.226392135e-02
4.170635071e+02,-1.359572355e-02
4.172818298e+02,-1.443040837e-02
4.175001831e+02,2.990417182e-02
4.177185364e+02,-7.560314145e-03
4.179368896e+02,1.452671830e-02
4.181552734e+02,-3.202298656e-02
4.183736572e+02,-3.001653356e-03
4.185920410e+02,1.043355442e-03
4.188104553e+02,1.247210987e-02
4.190288696e+02,2.207097970e-02
4.192473145e+02,-2.711118944e-02
4.194657288e+02,-6.725629792e-03
4.196842041e+02,-2.133260481e-02
4.199026489e+02,3.009679168e-02
4.201211243e+02,-3.032151423e-02
4.203396301e+02,5.056261085e-03
4.205581360e+02,4.221576732e-03
4.207766418e+02,-3.398128226e-02
4.209951477e+02,-2.425400168e-02
4.212136841e+02,-2.004847676e-02
4.214322205e+02,-7.977656089e-03
4.216507874e+02,1.507247332e-02
4.218693542e+02,-1.992006227e-02
4.220879211e+02,7.295462489e-02
4.223065186e+02,-6.372494157e-03
4.225251160e+02,9.807541035e-03
4.227437439e+02,-1.385254972e-02
4.229623718e+02,2.139681205e-02
4.231809998e+02,-3.804234322e-03
4.233996277e+02,2.056212723e-02
4.236182861e+02,-2.402927727e-02
4.238369751e+02,4.319491610e-02
4.240556641e+02,2.024109475e-02
4.242743530e+02,1.301786583e-02
4.244930420e+02,-2.120419219e-02
4.247117615e+02,5.571518093e-02
4.249304810e+02,2.455898095e-03
4.251492310e+02,-1.767283492e-02
4.253679810e+02,-2.640491910e-02
4.255867310e+02,3.772131167e-03
4.258055115e+02,1.388465334e-02
4.260242920e+02,4.958346114e-02
4.262430725e+02,-2.255252935e-02
4.264618835e+02,-2.319459431e-02
4.266806946e+02,-1.077063847e-02
4.268995361e+02,-3.041782416e-02
4.271183777e+02,-2.605178207e-02
4.273372192e+02,-2.359588398e-03
4.275560913e+02,-5.056261085e-03
4.277749634e+02,2.919789962e-02
4.279938354e+02,-3.070675209e-02
4.282127380e+02,3.125250712e-02
4.284316406e+02,3.738422692e-02
4.286505737e+02,1.417358220e-02
4.288695068e+02,-3.488017619e-02
4.290884399e+02,1.557007316e-03
4.293074036e+02,2.711118944e-02
4.295263672e+02,6.332364678e-02
4.297453308e+02,2.284145728e-02
4.299643250e+02,-1.253631711e-02
4.301833191e+02,7.430295646e-02
4.304023438e+02,-2.585916221e-02
4.306213379e+02,-3.427021205e-02
4.308403931e+02,8.780237287e-03
4.310594177e+02,-1.385254972e-02
4.312784729e+02,2.460713685e-02
4.314975586e+02,-3.089937195e-02
4.317166138e+02,-4.976002965e-04
4.319357300e+02,-1.712707989e-02
4.321548157e+02,-2.646912448e-02
4.323739319e+02,-2.688646689e-02
4.325930481e+02,-1.382044610e-02
4.328121948e+02,1.268078107e-03
4.330313416e+02,-2.797797695e-02
4.332504883e+02,-7.223229622e-04
4.334696655e+02,-1.878039795e-03
4.336888428e+02,-1.449461468e-02
4.339080200e+02,-2.598757669e-02
4.341272278e+02,-3.285767138e-02
4.343464355e+02,4.349989351e-03
4.345656738e+02,5.677458644e-02
4.347849121e+02,-3.112409450e-02
4.350041504e+02,-3.436652198e-02
4.352234192e+02,3.900544252e-03
4.354426880e+02,8.435127139e-02
4.356619568e+02,-2.942262404e-02
4.358812561e+02,-3.099568188e-02
4.361005554e+02,-7.913449779e-03
4.363198853e+02,-1.221528463e-02
4.365392151e+02,-2.435030974e-02
4.367585449e+02,-3.067464940e-02
4.369778748e+02,-1.398096234e-02
4.371972351e+02,3.398128226e-02
4.374166260e+02,4.364436120e-02
4.376360168e+02,-2.065843716e-02
4.378554077e+02,9.619737417e-02
4.380747986e+02,1.452671830e-02
4.382942200e+02,-2.313038707e-02
4.385136414e+02,-2.409348451e-02
4.387330933e+02,5.009711161e-02
4.389525452e+02,2.386876196e-02
4.391719971e+02,-6.950352341e-03
4.393914795e+02,-1.317838207e-02
4.396109619e+02,2.727170661e-02
4.398304443e+02,4.815486682e-05
4.400499573e+02,-3.282556683e-02
4.402694702e+02,-3.600378707e-02
4.404890137e+02,-9.871747345e-03
4.407085571e+02,-1.876434684e-02
4.409281006e+02,9.165476076e-03
4.411476746e+02,-6.147771142e-03
4.413672485e+02,1.879644953e-02
4.415868225e+02,2.508868463e-02
4.418064270e+02,-3.019310161e-02
4.420260315e+02,1.102746464e-02
4.422456360e+02,-1.311417483e-02
4.424652710e+02,5.475208163e-02
4.426849060e+02,-3.658164665e-02
4.429045715e+02,-2.685436420e-02
4.431242371e+02,-2.258463204e-02
4.433439026e+02,-9.518612176e-03
4.435635986e+02,-2.688646689e-02
4.437832947e+02,-1.577874459e-02
4.440029907e+02,-8.427101187e-03
4.442227173e+02,-1.301786583e-02
4.444424438e+02,-6.886146031e-03
4.446622009e+02,-2.451082692e-02
4.448819580e+02,5.473603029e-03
4.451017151e+02,-1.176583860e-02
4.453215027e+02,-1.317838207e-02
4.455412903e+02,-1.154111605e-02
4.457610779e+02,-1.475144085e-02
4.459808960e+02,-1.321048476e-02
4.462007141e+02,-1.077063847e-02
4.464205322e+02,7.977656089e-03
4.466403809e+02,3.162169596e-03
4.468602600e+02,1.044960599e-02
4.470801086e+02,-2.024109475e-02
4.472999878e+02,-2.643702179e-02
4.475198669e+02,-4.061060492e-03
4.477397766e+02,-1.484775078e-02
4.479596863e+02,-2.390086465e-02
4.481796265e+02,2.858793922e-02
4.483995361e+02,1.428594347e-03
4.486194763e+02,3.475176170e-02
4.488394470e+02,-2.804218419e-02
4.490594177e+02,-3.086726926e-02
4.492793884e+02,2.232780680e-02
4.494993896e+02,-1.112377364e-02
4.497193909e+02,-2.126839943e-02
4.499393921e+02,-9.133373387e-03
4.501594238e+02,-8.025811258e-05
4.503794556e+02,1.754442230e-02
4.505994873e+02,2.691856958e-02
4.508195496e+02,4.743254185e-02
4.510396118e+02,-1.022488344e-02
4.512597046e+02,-9.069166146e-03
4.514797974e+02,-2.038555918e-03
4.516998901e+02,-2.733591199e-02
4.519200134e+02,-9.325992316e-03
4.521401367e+02,3.420600668e-02
4.523602600e+02,-2.669384703e-02
4.525804138e+02,-1.301786583e-02
4.528005676e+02,7.720830385e-03
4.530207520e+02,-1.272893604e-02
4.532409058e+02,-3.179826215e-02
4.534611206e+02,-1.268078107e-03
4.536813049e+02,3.199088201e-02
4.539015198e+02,-7.464004215e-03
4.541217346e+02,-9.390198626e-03
4.543419800e+02,-7.046662271e-03
4.545622253e+02,-1.696656458e-02
4.547825012e+02,2.563443966e-02
4.550027466e+02,-2.409348451e-02
4.552230225e+02,1.138059981e-02
4.554433289e+02,-1.677394472e-02
4.556636353e+02,-9.679128416e-03
4.558839417e+02,-1.757652685e-02
4.561042786e+02,-2.595547214e-02
4.563246155e+02,3.481596708e-02
4.565449524e+02,-3.322685836e-03
4.567653198e+02,-1.593925990e-02
4.569856873e+02,-2.553812973e-02
4.572060547e+02,3.996853717e-03
4.574264526e+02,-1.719128713e-02
4.576468506e+02,-1.834700443e-02
4.578672791e+02,2.971155196e-02
4.580877075e+02,-1.837910712e-02
4.583081360e+02,-3.001653356e-03
4.585285645e+02,-1.083484478e-02
4.587490234e+02,-2.454292960e-02
4.589695129e+02,3.001653356e-03
4.591900024e+02,-6.533009931e-03
4.594104919e+02,5.184673704e-03
4.596309814e+02,-1.802597195e-02
4.598515015e+02,4.146134108e-02
4.600720215e+02,-1.494405977e-02
4.602925720e+02,1.314627845e-02
4.605130920e+02,-9.743334725e-03
4.607336731e+02,4.460745677e-02
4.609542236e+02,-2.242411673e-02
4.611748047e+02,-3.125250712e-02
4.613954163e+02,-3.547408385e-03
4.616159973e+02,1.176583860e-02
4.618366394e+02,-2.534551173e-02
4.620572510e+02,1.478354353e-02
4.622778931e+02,2.951893210e-02
4.624985352e+02,2.791377157e-02
4.627192078e+02,-2.520104637e-03
4.629398499e+02,1.314627845e-02
4.631605530e+02,-7.207178511e-03
4.633812256e+02,1.327469107e-02
4.636019287e+02,-3.221560642e-02
4.638226624e+02,-1.767283492e-02
4.640433655e+02,-1.244000718e-02
4.642641296e+02,3.497648612e-02
4.644848633e+02,-1.975954697e-02
4.647056274e+02,-3.308239207e-02
4.649263916e+02,-1.061012223e-02
4.651471863e+02,-9.486508556e-03
4.653679504e+02,-3.179826215e-02
4.655887756e+02,-3.054623678e-02
4.658095703e+02,-7.367694285e-03
4.660303955e+02,-1.268078107e-03
4.662512512e+02,-1.439830475e-02
4.664720764e+02,1.658132486e-02
4.666929626e+02,-1.173373591e-02
4.669138184e+02,3.616430610e-02
4.671347046e+02,-2.306618169e-02
4.673555908e+02,-2.675805427e-02
4.675765076e+02,6.191110611e-02
4.677973938e+02,-5.297035095e-04
4.680183411e+02,-7.544262335e-04
4.682392578e+02,-2.008057944e-02
4.684602051e+02,-1.009646989e-02
4.686811829e+02,1.203871681e-03
4.689021301e+02,-3.757684678e-02
4.691231384e+02,1.401306596e-02
4.693441162e+02,-1.690235734e-02
4.695651245e+02,4.895744845e-03
4.697861328e+02,3.194272751e-03
4.700071411e+02,-3.500858694e-02
4.702281799e+02,1.603556983e-02
4.704492493e+02,3.354788991e-03
4.706702881e+02,-9.582818486e-03
4.708913574e+02,-1.651711948e-02
4.711124573e+02,-1.112377364e-02
4.713335266e+02,1.398096234e-02
4.715546265e+02,-9.037063457e-03
4.717757568e+02,3.022520430e-02
4.719968872e+02,-5.297035095e-04
4.722180176e+02,2.881266177e-02
4.724391479e+02,2.386876196e-02
4.726603088e+02,-9.261786006e-03
4.728814697e+02,-5.473603029e-03
4.731026611e+02,-1.154111605e-02
4.733238525e+02,-3.526541218e-02
4.735450439e+02,-1.812228188e-02
4.737662659e+02,-1.850751974e-02
4.739874878e+02,-1.654922217e-02
4.742087097e+02,-2.454292960e-02
4.744299622e+02,-3.391707689e-02
4.746512146e+02,-1.446251106e-02
4.748724976e+02,1.327469107e-02
4.750937805e+02,-3.012889437e-02
4.753150635e+02,-1.853962429e-02
4.755363464e+02,-6.500906777e-03
4.757576599e+02,2.295381855e-03
4.759790039e+02,-1.536140218e-02
4.762003174e+02,-2.518499456e-02
4.764216614e+02,-1.744811237e-02
4.766430359e+02,-1.497616339e-02
4.768643799e+02,-1.043355442e-03
4.770857544e+02,-9.101269767e-03
4.773071594e+02,2.662964165e-02
4.775285645e+02,-3.097963054e-03
4.777499695e+02,-1.125218719e-02
4.779714050e+02,2.296987176e-02
4.781928101e+02,-1.504036970e-02
4.784142761e+02,-9.293888696e-03
4.786357117e+02,-3.547408385e-03
4.788571777e+02,-2.017688937e-02
4.790786743e+02,1.145925298e-01
4.793001404e+02,1.208687108e-02
4.795216370e+02,-2.746432461e-02
4.797431641e+02,-9.149424732e-04
4.799646912e+02,-1.407727227e-02
4.801862183e+02,-1.853962429e-02
4.804077454e+02,-2.499237470e-02
4.806293030e+02,-2.287356183e-02
4.808508606e+02,-1.285734959e-02
4.810724487e+02,-7.688726764e-03
4.812940369e+02,-2.717539668e-02
4.815156250e+02,9.149424732e-04
4.817372437e+02,-1.195845846e-02
4.819588623e+02,-1.719128713e-02
4.821804810e+02,-1.311417483e-02
4.824021301e+02,-3.028941154e-02
4.826237793e+02,3.740028013e-03
4.828454590e+02,1.539350580e-02
4.830671082e+02,8.507359889e-04
4.832888184e+02,-2.566654421e-02
4.835104980e+02,-7.399797905e-03
4.837322083e+02,4.845984653e-02
4.839539185e+02,-2.749642916e-02
4.841756592e+02,2.351562679e-02
4.843973999e+02,-2.263278700e-03
4.846191406e+02,2.242411673e-02
4.848409119e+02,-1.886065677e-02
4.850626831e+02,-2.329090424e-02
4.852844543e+02,-1.144480612e-02
4.855062561e+02,3.500858694e-02
4.857280579e+02,-3.282556683e-02
4.859498901e+02,9.711231105e-03
4.861717224e+02,-1.781730098e-03
4.863935547e+02,-1.378834341e-02
4.866154175e+02,-1.805807464e-02
4.868372498e+02,-2.842742205e-02
4.870591431e+02,-1.105956733e-02
4.872810059e+02,-1.202266477e-02
4.875028992e+02,1.147690974e-02
4.877248230e+02,-2.601967938e-02
4.879467163e+02,3.478386626e-02
4.881686707e+02,3.356394172e-02
4.883905945e+02,-3.093147650e-02
4.886125488e+02,-3.244032711e-02
4.888345032e+02,8.266584948e-03
4.890564575e+02,3.914990649e-02
4.892784424e+02,-4.414196126e-03
4.895004578e+02,-1.475144085e-02
4.897224426e+02,-1.353151724e-02
4.899444580e+02,-1.330679469e-02
4.901664734e+02,2.329090424e-02
4.903885193e+02,-1.796176471e-02
4.906105652e+02,-1.234369725e-02
4.908326111e+02,2.531340718e-02
4.910546875e+02,2.784956433e-02
4.912767639e+02,-2.881266177e-02
4.914988708e+02,1.006436720e-02
4.917209778e+02,3.998459131e-02
4.919430847e+02,-2.550602704e-02
4.921651917e+02,-2.727170661e-02
4.923873291e+02,-1.105956733e-02
4.926094666e+02,1.044960599e-02
4.928316345e+02,-2.354772948e-02
4.930538025e+02,-3.154143691e-02
4.932759705e+02,-1.436620206e-02
4.934981689e+02,-1.247210987e-02
4.937203674e+02,-3.465545177e-02
4.939425659e+02,1.080274116e-02
4.941647949e+02,-1.780124940e-02
4.943870239e+02,-1.731969975e-02
4.946092834e+02,-2.707908675e-02
4.948315125e+02,-2.239201218e-02
4.950538025e+02,-5.730429199e-03
4.952760620e+02,-1.003226358e-02
4.954983521e+02,-3.186247125e-02
4.957206421e+02,-1.139665139e-03
4.959429626e+02,-1.279314235e-02
4.961652832e+02,3.632482141e-02
4.963876038e+02,-1.870013960e-02
4.966099548e+02,9.470456862e-04
4.968323059e+02,-2.242411673e-02
4.970546570e+02,-7.046662271e-03
4.972770386e+02,-1.870013960e-02
4.974994202e+02,1.444646041e-04
4.977218018e+02,8.587617427e-03
4.979442139e+02,-1.054591592e-02
4.981666260e+02,-2.775325440e-02
4.983890686e+02,-1.134849712e-02
4.986115112e+02,1.516878325e-02
4.988339539e+02,-1.590715721e-02
4.990564270e+02,-8.427101187e-03
4.992788696e+02,-4.638918675e-03
4.995013733e+02,1.995216683e-02
4.997238464e+02,-7.528210524e-03
4.999463501e+02,-3.064254671e-02
5.001688843e+02,-1.687025465e-02
5.003914185e+02,4.258495197e-02
5.006139526e+02,-1.500826702e-02
5.008364868e+02,2.855583467e-02
5.010590515e+02,-1.391675603e-02
5.012816162e+02,-1.754442230e-02
5.015041809e+02,-1.417358220e-02
5.017267761e+02,-2.624440193e-02
5.019493713e+02,7.239281666e-03
5.021719971e+02,-5.730429199e-03
5.023946228e+02,-1.093115471e-02
5.026172485e+02,-2.656543441e-02
5.028399048e+02,-2.768904716e-02
5.030625610e+02,-7.399797905e-03
5.032852173e+02,1.105956733e-02
5.035079041e+02,-5.248880479e-03
5.037305908e+02,-2.691856958e-02
5.039532776e+02,3.083516657e-02
5.041759949e+02,3.465545177e-02
5.043987122e+02,1.886065677e-02
5.046214600e+02,-7.207178511e-03
5.048441772e+02,1.256841980e-02
5.050669556e+02,-1.115587726e-02
5.052897034e+02,-9.550714865e-03
5.055124817e+02,2.460713685e-02
5.057352600e+02,-2.006452763e-03
5.059580688e+02,-1.510457601e-02
5.061808777e+02,-2.704698220e-02
5.064036865e+02,-2.242411673e-02
5.066265259e+02,3.529751673e-02
5.068493652e+02,-5.024157465e-03
5.070722046e+02,-2.714329213e-02
5.072950745e+02,-3.330711648e-02
5.075179443e+02,3.199088201e-02
5.077408142e+02,3.635692224e-02
5.079637146e+02,7.528210524e-03
5.081866150e+02,-1.629239693e-02
5.084095459e+02,-8.940753527e-03
5.086324768e+02,-1.144480612e-02
5.088554077e+02,-8.619721048e-03
5.090783386e+02,-1.539350580e-02
5.093013000e+02,-1.263262611e-02
5.095242920e+02,-1.263262611e-02
5.097472534e+02,-2.232780680e-02
5.099702454e+02,-7.624520455e-03
5.101932373e+02,5.024157465e-03
5.104162598e+02,-1.741600968e-02
5.106392822e+02,-3.600378707e-02
5.108623352e+02,2.038555918e-03
5.110853577e+02,-1.507247332e-02
5.113084106e+02,-1.780124940e-02
5.115314941e+02,3.484807163e-02
5.117545776e+02,-2.630860917e-02
5.119776611e+02,-1.526509225e-02
5.122007446e+02,-1.227949094e-02
5.124238892e+02,-3.577906638e-02
5.126469727e+02,-1.677394472e-02
5.128701172e+02,-8.716030978e-03
5.130932617e+02,-1.244000718e-02
5.133164062e+02,-2.335510962e-02
5.135395508e+02,-2.351562679e-02
5.137627563e+02,-9.325992316e-03
5.139859619e+02,1.992006227e-02
5.142091064e+02,-2.370824665e-02
5.144323120e+02,-1.428594347e-03
5.146555786e+02,-1.674184203e-02
5.148787842e+02,5.504101142e-02
5.151019897e+02,1.337100100e-02
5.153252563e+02,-1.799386740e-02
5.155485229e+02,3.900544252e-03
5.157717896e+02,1.465513092e-02
5.159950562e+02,-1.847541705e-02
5.162183838e+02,-1.067432854e-02
5.164416504e+02,-7.977656089e-03
5.166649780e+02,-2.614809200e-02
5.168883057e+02,-2.897317708e-02
5.171116333e+02,1.584295183e-02
5.173350220e+02,-6.918249186e-03
5.175583496e+02,3.065859899e-03
5.177817383e+02,3.836337710e-03
5.180051270e+02,-1.150901336e-02
5.182285156e+02,1.131639350e-02
5.184519043e+02,-2.900528163e-02
5.186752930e+02,-1.067432854e-02
5.188987427e+02,-1.773704216e-02
5.191221313e+02,2.728775726e-04
5.193455811e+02,-3.282556683e-02
5.195690308e+02,-3.144512698e-02
5.197925415e+02,7.752933539e-03
5.200159912e+02,-1.908537932e-02
5.202395020e+02,-3.000048175e-02
5.204629517e+02,-3.096357919e-02
5.206864624e+02,1.221528463e-02
5.209099731e+02,-8.266584948e-03
5.211335449e+02,-2.524920180e-02
5.213570557e+02,1.075458713e-03
5.215806274e+02,-1.420568582e-02
5.218041992e+02,-8.555514738e-03
5.220277710e+02,-2.868424915e-02
5.222513428e+02,-1.468723454e-02
5.224749146e+02,-1.240790356e-02
5.226985474e+02,-1.433409844e-02
5.229221191e+02,-3.433442116e-02
5.231457520e+02,-2.659753710e-02
5.233693848e+02,4.992054310e-03
5.235930176e+02,-1.825069450e-02
5.238167114e+02,-2.261673473e-02
5.240403442e+02,-4.574712366e-03
5.242640381e+02,-9.903850965e-03
5.244877319e+02,2.964734659e-02
5.247114258e+02,-2.085105702e-02
5.249351196e+02,2.646912448e-02
5.251588745e+02,-1.911748201e-02
5.253826294e+02,-3.258479293e-03
5.256063232e+02,-7.656623609e-03
5.258300781e+02,-1.642080955e-02
5.260538330e+02,2.505658194e-02
5.262776489e+02,1.722338982e-02
5.265014038e+02,-1.208687108e-02
5.267252197e+02,-1.202266477e-02
5.269490356e+02,2.104367688e-02
5.271728516e+02,-2.046581730e-02
5.273966675e+02,-3.285767138e-02
5.276204834e+02,6.123693660e-02
5.278443604e+02,-1.224738732e-02
5.280682373e+02,-7.544262335e-04
5.282921143e+02,3.475176170e-02
5.285159912e+02,-2.775325440e-02
5.287398682e+02,2.107577957e-02
5.289637451e+02,-1.523298956e-02
5.291876831e+02,-3.372445703e-02
5.294116211e+02,-6.340390537e-03
5.296355591e+02,-2.809033962e-03
5.298594971e+02,-1.725549437e-02
5.300834351e+02,-1.886065677e-02
5.303074341e+02,-3.783367202e-02
5.305313721e+02,-1.609977707e-02
5.307553711e+02,-1.051381230e-02
5.309793701e+02,-2.407743305e-04
5.312033691e+02,-3.012889437e-02
5.314274292e+02,6.724024564e-02
5.316514282e+02,-1.892486215e-02
5.318754883e+02,-1.420568582e-02
5.320995483e+02,-2.547392435e-02
5.323236084e+02,1.048170961e-02
5.325476685e+02,2.813849412e-02
5.327717285e+02,2.327485243e-03
5.329958496e+02,-2.900528163e-02
5.332199707e+02,-1.548981480e-02
5.334440308e+02,1.131639350e-02
5.336682129e+02,-3.529751673e-02
5.338923340e+02,-3.462334722e-02
5.341164551e+02,3.420600668e-02
5.343406372e+02,-6.757732946e-03
5.345648193e+02,-2.062633447e-02
5.347890015e+02,5.056261085e-03
5.350131836e+02,8.186327177e-04
5.352373657e+02,-8.844443597e-03
5.354616089e+02,-2.258463204e-02
5.356857910e+02,2.107577957e-02
5.359100342e+02,-1.786545478e-02
5.361342773e+02,-1.420568582e-02
5.363585205e+02,3.549013659e-02
5.365828247e+02,1.139665139e-03
5.368070679e+02,-1.189425215e-02
5.370313721e+02,-1.179794222e-02
5.372556763e+02,-3.128461167e-02
5.374799805e+02,-3.526541218e-02
5.377042847e+02,-9.261786006e-03
5.379285889e+02,1.227949094e-02
5.381529541e+02,-1.475144085e-02
5.383773193e+02,-3.186247125e-02
5.386016846e+02,7.303487975e-03
5.388260498e+02,-6.533009931e-03
5.390504150e+02,-2.070659306e-03
5.392747803e+02,1.375623979e-02
5.394992065e+02,-9.614921175e-03
5.397236328e+02,-1.301786583e-02
5.399480591e+02,1.653317013e-03
5.401724854e+02,-3.125250712e-02
5.403969116e+02,-7.688726764e-03
5.406213989e+02,2.370824665e-02
5.408458252e+02,-2.983996458e-02
5.410703125e+02,-2.679015696e-02
5.412947998e+02,1.568243466e-02
5.415192871e+02,-8.138172328e-03
5.417438354e+02,-2.316248976e-02
5.419683228e+02,-2.178205177e-02
5.421928711e+02,5.618067808e-04
5.424174194e+02,7.207178511e-03
5.426419678e+02,-1.548981480e-02
5.428665161e+02,-1.186214853e-02
5.430910645e+02,-1.621213858e-03
5.433156738e+02,9.582818486e-03
5.435402832e+02,-3.333921731e-02
5.437648315e+02,-4.767331760e-03
5.439895020e+02,-1.192635484e-02
5.442141113e+02,-4.093163647e-03
5.444387207e+02,-2.441451699e-02
5.446633911e+02,6.821939256e-03
5.448880615e+02,1.043355442e-03
5.451127319e+02,-1.317838207e-02
5.453374023e+02,-2.730380930e-02
5.455620728e+02,-1.385254972e-02
5.457867432e+02,4.216761142e-02
5.460114746e+02,-7.752933539e-03
5.462362061e+02,-2.781746164e-02
5.464609375e+02,-1.449461468e-02
5.466856689e+02,-1.000016090e-02
5.469104004e+02,-1.703077182e-02
5.471351929e+02,-2.306618169e-02
5.473599243e+02,-2.248832211e-02
5.475847168e+02,-3.162169596e-03
5.478095093e+02,-2.306618169e-02
5.480343018e+02,-3.295398131e-02
5.482591553e+02,2.489606664e-02
5.484839478e+02,-1.266472973e-02
5.487088013e+02,-1.317838207e-02
5.489336548e+02,-2.618019469e-02
5.491585083e+02,-3.484807163e-02
5.493833618e+02,-9.325992316e-03
5.496082764e+02,5.847606063e-02
5.498331299e+02,1.947061718e-02
5.500580444e+02,-3.009679168e-02
5.502829590e+02,1.985585690e-02
5.505078735e+02,1.343520731e-02
5.507327881e+02,-5.280983634e-03
5.509577637e+02,-2.040161192e-02
5.511826782e+02,-1.715918444e-02
5.514076538e+02,-6.340390537e-03
5.516326294e+02,-1.908537932e-02
5.518576050e+02,-3.269715235e-02
5.520825806e+02,-1.494405977e-02
5.523076172e+02,-1.086694840e-02
5.525325928e+02,-2.948682941e-02
5.527576294e+02,-9.470456862e-04
5.529826660e+02,-7.399797905e-03
5.532077026e+02,-1.526509225e-02
5.534328003e+02,-6.693526171e-03
5.536578369e+02,3.226376139e-03
5.538829346e+02,8.202378638e-03
5.541080322e+02,-4.767331760e-03
5.543331299e+02,-3.199088201e-02
5.545582275e+02,-1.988795958e-02
5.547833252e+02,4.253679886e-03
5.550084839e+02,2.242411673e-02
5.552335815e+02,-2.865214460e-02
5.554587402e+02,-3.192667663e-02
5.556838989e+02,3.138092160e-02
5.559091187e+02,-6.019358058e-03
5.561342773e+02,3.455914184e-02
5.563594971e+02,-3.301818669e-02
5.565846558e+02,-3.675821470e-03
5.568098755e+02,1.853962429e-02
5.570350952e+02,7.945552468e-03
5.572603760e+02,-2.595547214e-02
5.574855957e+02,4.895744845e-03
5.577108765e+02,-1.603556983e-02
5.579360962e+02,-3.192667663e-02
5.581613770e+02,-3.529751673e-02
5.583866577e+02,-8.716030978e-03
5.586119995e+02,-1.086694840e-02
5.588372803e+02,-2.383665927e-02
5.590626221e+02,-3.600378707e-02
5.592879028e+02,-8.106068708e-03
5.595132446e+02,-2.374034934e-02
5.597386475e+02,-1.908537932e-02
5.599639893e+02,-1.430199482e-02
5.601893311e+02,-5.216777325e-03
5.604147339e+02,5.038604140e-02
5.606401367e+02,4.428642616e-02
5.608655396e+02,2.361193672e-02
5.610909424e+02,-9.711231105e-03
5.613163452e+02,2.728775726e-04
5.615418091e+02,-1.070643216e-02
5.617672119e+02,5.216777325e-03
5.619926758e+02,9.871747345e-03
5.622181396e+02,-2.261673473e-02
5.624436646e+02,-2.357983217e-02
5.626691284e+02,-1.231159363e-02
5.628945923e+02,-4.959951155e-03
5.631201172e+02,3.964750562e-03
5.633456421e+02,-1.192635484e-02
5.635711670e+02,1.356362086e-02
5.637966919e+02,1.802597195e-02
5.640222778e+02,2.263278700e-03
5.642478027e+02,-1.227949094e-02
5.644733887e+02,1.751231961e-02
5.646989746e+02,-8.780237287e-03
5.649245605e+02,-1.717523555e-03
5.651501465e+02,-2.672595158e-02
5.653757935e+02,7.464004215e-03
5.656013794e+02,-1.000016090e-02
5.658270264e+02,3.321080655e-02
5.660526733e+02,-2.752853185e-02
5.662783203e+02,-1.279314235e-02
5.665039673e+02,-1.022488344e-02
5.667296753e+02,2.383665927e-02
5.669553223e+02,7.817139849e-03
5.671810303e+02,-1.719128713e-02
5.674067383e+02,1.500826702e-02
5.676324463e+02,-1.446251106e-02
5.678581543e+02,-2.576285414e-02
5.680839233e+02,3.963145614e-02
5.683096313e+02,-1.112377364e-02
5.685354004e+02,-1.202266477e-02
5.687611694e+02,-2.746432461e-02
5.689869385e+02,2.126839943e-02
5.692127686e+02,1.870013960e-02
5.694385376e+02,1.247210987e-02
5.696643677e+02,-3.418995533e-03
5.698901978e+02,-1.937430725e-02
5.701160278e+02,-1.314627845e-02
5.703418579e+02,6.386940181e-02
5.705676880e+02,-2.627650462e-02
5.707935791e+02,5.497680604e-02
5.710194092e+02,-1.481564716e-02
5.712453003e+02,-8.234482259e-03
5.714711914e+02,-2.126839943e-02
5.716970825e+02,-2.293776721e-02
5.719230347e+02,1.382044610e-02
5.721489258e+02,4.727202654e-02
5.723748779e+02,-3.093147650e-02
5.726008301e+02,-1.818648726e-02
5.728267822e+02,-1.292155590e-02
5.730527344e+02,3.789788112e-02
5.732786865e+02,2.102762461e-03
5.735046997e+02,-7.399797905e-03
5.737307129e+02,-5.184673704e-03
5.739566650e+02,-1.372413710e-02
5.741826782e+02,1.446251106e-02
5.744087524e+02,-8.619721048e-03
5.746347656e+02,7.528210524e-03
5.748608398e+02,-3.237612173e-02
5.750868530e+02,-1.282524597e-02
5.753129272e+02,-1.073853485e-02
5.755390015e+02,-6.886146031e-03
5.757651367e+02,-1.256841980e-02
5.759912109e+02,-2.906948701e-02
5.762173462e+02,-5.184673704e-03
5.764434204e+02,-4.542609211e-03
5.766695557e+02,-2.049792185e-02
5.768956909e+02,-2.653333172e-02
5.771218872e+02,-7.239281666e-03
5.773480225e+02,-1.134849712e-02
5.775742188e+02,-1.937430725e-02
5.778003540e+02,-2.168574184e-02
5.780265503e+02,-1.603556983e-02
5.782527466e+02,2.855583467e-02
5.784790039e+02,5.313086789e-03
5.787052002e+02,-2.698277682e-02
5.789314575e+02,-1.609977707e-02
5.791577148e+02,-1.240790356e-02
5.793839111e+02,-6.308287382e-03
5.796102295e+02,-2.435030974e-02
5.798364868e+02,7.735276967e-02
5.800627441e+02,-9.711231105e-03
5.802890625e+02,-2.858793922e-02
5.805153809e+02,-9.518612176e-03
5.807416992e+02,-4.478402436e-03
5.809680176e+02,-1.282524597e-02
5.811943359e+02,-2.357983217e-02
5.814207153e+02,5.088364240e-03
5.816470337e+02,5.391739681e-02
5.818734131e+02,1.866803691e-02
5.820997925e+02,-9.518612176e-03
5.823261719e+02,-2.576285414e-02
5.825526123e+02,4.349989351e-03
5.827789917e+02,-1.776914485e-02
5.830054321e+02,8.106068708e-03
5.832318726e+02,-9.229682386e-03
5.834583130e+02,-1.089905109e-02
5.836847534e+02,-1.882855222e-02
5.839111938e+02,1.481564716e-02
5.841376953e+02,-2.489606664e-02
5.843641357e+02,-1.224738732e-02
5.845906372e+02,6.468803622e-03
5.848171387e+02,-3.000048175e-02
5.850436401e+02,-3.012889437e-02
5.852702026e+02,-8.940753527e-03
5.854967041e+02,2.595547214e-02
5.857232666e+02,-2.717539668e-02
5.859498291e+02,-1.394885965e-02
5.861763916e+02,-1.244000718e-02
5.864029541e+02,-6.404597312e-03
5.866295166e+02,-4.285783041e-03
5.868561401e+02,-2.900528163e-02
5.870827026e+02,-4.157369956e-03
5.873093262e+02,-7.271384820e-03
5.875359497e+02,-3.183036670e-02
5.877625732e+02,-3.712740168e-02
5.879892578e+02,-1.012857351e-02
5.882158813e+02,-1.568243466e-02
5.884425659e+02,-1.513667963e-02
5.886692505e+02,6.179874297e-03
5.888959351e+02,2.094736695e-02
5.891226196e+02,-1.240790356e-02
5.893493652e+02,4.152554646e-02
5.895760498e+02,-1.677394472e-02
5.898027954e+02,4.097979143e-02
5.900295410e+02,-2.011268213e-02
5.902562866e+02,3.549013659e-02
5.904830322e+02,-1.776914485e-02
5.907097778e+02,-8.106068708e-03
5.909365845e+02,-8.330792189e-03
5.911633911e+02,-2.974365652e-02
5.913901978e+02,-2.248832211e-02
5.916170044e+02,-9.261786006e-03
5.918438110e+02,-1.642080955e-02
5.920706177e+02,-2.862004191e-02
5.922974854e+02,-3.471965715e-02
5.925242920e+02,4.634103179e-02
5.927511597e+02,-1.189425215e-02
5.929780273e+02,5.826738663e-03
5.932049561e+02,-7.464004215e-03
5.934318237e+02,1.860382967e-02
5.936587524e+02,1.067432854e-02
5.938856201e+02,4.767331760e-03
5.941125488e+02,-9.550714865e-03
5.943394775e+02,-1.765678462e-04
5.945664673e+02,-5.666222423e-03
5.947933960e+02,-1.324258838e-02
5.950203857e+02,-1.260052342e-02
5.952473145e+02,2.290566452e-02
5.954743042e+02,3.959935158e-02
5.957012939e+02,-2.730380930e-02
5.959283447e+02,-2.062633447e-02
5.961553345e+02,1.139665139e-03
5.963823853e+02,-1.449461468e-02
5.966093750e+02,-2.479975671e-02
5.968364258e+02,8.876547217e-03
5.970634766e+02,-1.102746464e-02
5.972905884e+02,1.709497720e-02
5.975176392e+02,2.070659306e-03
5.977447510e+02,-3.016099706e-02
5.979718018e+02,1.886065677e-02
5.981989136e+02,-1.741600968e-02
5.984260254e+02,-2.463923953e-02
5.986531982e+02,-3.067464940e-02
5.988803101e+02,-1.972744428e-02
5.991074829e+02,-1.674184203e-02
5.993345947e+02,2.444661967e-02
5.995617676e+02,-2.887686715e-02
5.997889404e+02,8.828392019e-04
6.000161743e+02,3.394918144e-02
6.002433472e+02,-1.966323704e-02
6.004705811e+02,6.244081073e-03
6.006977539e+02,-1.834700443e-02
6.009249878e+02,9.871747345e-03
6.011522217e+02,-1.895696484e-02
6.013795166e+02,-2.473554946e-02
6.016067505e+02,1.298576221e-02
6.018340454e+02,-9.903850965e-03
6.020612793e+02,-1.552191842e-02
6.022885742e+02,-2.149312198e-02
6.025158691e+02,-1.428594347e-03
6.027432251e+02,-4.510505591e-03
6.029705200e+02,1.520088594e-02
6.031978760e+02,3.130066209e-03
6.034251709e+02,2.393296920e-02
6.036525269e+02,-9.550714865e-03
6.038798828e+02,-1.889275946e-02
6.041072998e+02,-2.428610437e-02
6.043346558e+02,-3.547408385e-03
6.045620728e+02,-9.614921175e-03
6.047894287e+02,-2.788166702e-02
6.050168457e+02,-2.123629674e-02
6.052442627e+02,1.205476839e-02
6.054717407e+02,-1.565033197e-02
6.056991577e+02,1.539350580e-02
6.059266357e+02,-7.207178511e-03
6.061540527e+02,-8.876547217e-03
6.063815308e+02,-9.582818486e-03
6.066090698e+02,1.462302729e-02
6.068365479e+02,-2.923000418e-02
6.070640259e+02,2.239201218e-02
6.072915649e+02,-1.205476839e-02
6.075191040e+02,5.610042065e-02
6.077465820e+02,-2.361193672e-02
6.079741821e+02,6.772179157e-02
6.082017212e+02,-1.882855222e-02
6.084292603e+02,9.149424732e-04
6.086568604e+02,1.166952960e-02
6.088844604e+02,-2.107577957e-02
6.091119995e+02,-1.731969975e-02
6.093396606e+02,-1.086694840e-02
6.095672607e+02,-1.011252170e-03
6.097948608e+02,-2.059423178e-02
6.100225220e+02,-2.905343659e-03
6.102501831e+02,5.369267613e-02
6.104777832e+02,2.839531936e-02
6.107055054e+02,-1.799386740e-02
6.109331665e+02,5.184673704e-03
6.111608276e+02,5.154175684e-02
6.113885498e+02,-1.818648726e-02
6.116162720e+02,-3.130066209e-03
6.118439331e+02,-1.144480612e-02
6.120716553e+02,-1.685420284e-03
6.122994385e+02,-1.802597195e-02
6.125271606e+02,-2.123629674e-02
6.127549438e+02,-2.226359956e-02
6.129826660e+02,1.250421349e-02
6.132104492e+02,2.772115171e-02
6.134382324e+02,2.300197445e-02
6.136660767e+02,-9.358095936e-03
6.138938599e+02,3.086726926e-02
6.141217041e+02,-1.664553210e-02
6.143494873e+02,4.813881591e-02
6.145773315e+02,-1.813833253e-03
6.148051758e+02,-2.165363729e-02
6.150330811e+02,3.732002154e-02
6.152609253e+02,2.775325440e-02
6.154887695e+02,8.298688568e-03
6.157166748e+02,-1.687025465e-02
6.159445801e+02,4.226392135e-02
6.161724854e+02,4.608420655e-02
6.164003906e+02,-1.144480612e-02
6.166283569e+02,-1.526509225e-02
6.168562622e+02,-1.776914485e-02
6.170842285e+02,5.858841818e-03
6.173121948e+02,-3.418995533e-03
6.175401611e+02,1.853962429e-02
6.177681274e+02,1.203871681e-03
6.179961548e+02,5.000080168e-02
6.182241211e+02,3.097963054e-03
6.184521484e+02,2.223149687e-02
6.186801758e+02,-2.017688937e-02
6.189082031e+02,4.878088087e-02
6.191362305e+02,3.130066209e-03
6.193642578e+02,-1.332284650e-03
6.195923462e+02,3.792998195e-02
6.198203735e+02,2.873240272e-03
6.200484619e+02,1.539350580e-02
6.202765503e+02,2.929420955e-02
6.205046997e+02,2.149312198e-02
6.207327881e+02,5.809082091e-02
6.209608765e+02,2.287356183e-02
6.211890259e+02,2.733591199e-02
6.214171753e+02,-2.841137117e-03
6.216453247e+02,3.481596708e-02
6.218734741e+02,2.688646689e-02
6.221016846e+02,1.545771211e-02
6.223298340e+02,2.444661967e-02
6.225580444e+02,1.635660231e-02
6.227862549e+02,1.661342941e-02
6.230144653e+02,2.232780680e-02
6.232426758e+02,1.844331436e-02
6.234708862e+02,6.211977918e-03
6.236991577e+02,3.754474223e-02
6.239273682e+02,6.436700467e-03
6.241556396e+02,3.022520430e-02
6.243839111e+02,7.892582566e-02
6.246121826e+02,4.117241129e-02
6.248404541e+02,2.184625715e-02
6.250687866e+02,6.553877145e-02
6.252971191e+02,1.757652685e-02
6.255253906e+02,5.934284627e-02
6.257537231e+02,4.390118644e-02
6.259821167e+02,3.956724703e-02
6.262104492e+02,5.552256107e-02
6.264387817e+02,3.295398131e-02
6.266671753e+02,1.121205762e-01
6.268955688e+02,7.327565551e-02
6.271239624e+02,4.788198695e-02
6.273523560e+02,3.677426651e-02
6.275807495e+02,4.813881591e-02
6.278092041e+02,5.239988118e-02
6.280375977e+02,3.026087210e-02
6.282660522e+02,4.785417393e-02
6.284945068e+02,5.532726645e-02
6.287229614e+02,4.134795070e-02
6.289514160e+02,7.084909827e-02
6.291799316e+02,5.824823678e-02
6.294083862e+02,5.795209855e-02
6.296369019e+02,7.375655323e-02
6.298654175e+02,4.981049895e-02
6.300939331e+02,5.365951359e-02
6.303224487e+02,4.497103393e-02
6.305510254e+02,9.206662327e-02
6.307795410e+02,5.129551888e-02
6.310081177e+02,7.650645822e-02
6.312366943e+02,1.033772156e-01
6.314652710e+02,7.961157709e-02
6.316938477e+02,6.532955170e-02
6.319224854e+02,4.141632468e-02
6.321510620e+02,5.671809241e-02
6.323796997e+02,6.815191358e-02
6.326083374e+02,6.961663812e-02
6.328369751e+02,9.189350158e-02
6.330656128e+02,4.765517637e-02
6.332943115e+02,1.082079858e-01
6.335229492e+02,9.836851805e-02
6.337516479e+02,7.159984112e-02
6.339803467e+02,9.104897082e-02
6.342090454e+02,6.290743500e-02
6.344377441e+02,7.159731537e-02
6.346664429e+02,5.481216311e-02
6.348952026e+02,1.083175465e-01
6.351239624e+02,1.062015370e-01
6.353526611e+02,6.204954907e-02
6.355814819e+02,9.324682504e-02
6.358102417e+02,9.678375721e-02
6.360390015e+02,8.210111409e-02
6.362678223e+02,9.417426586e-02
6.364965820e+02,8.389441669e-02
6.367254028e+02,9.046111256e-02
6.369542236e+02,9.543571621e-02
6.371830444e+02,7.541942596e-02
6.374119263e+02,1.094644964e-01
6.376407471e+02,8.489454538e-02
6.378696289e+02,8.633335680e-02
6.380984497e+02,9.664881229e-02
6.383273315e+02,8.267171681e-02
6.385562744e+02,8.916404098e-02
6.387851562e+02,1.200976744e-01
6.390140381e+02,1.174797043e-01
6.392429810e+02,9.337265790e-02
6.394719238e+02,8.184275776e-02
6.397008667e+02,9.478136897e-02
6.399298096e+02,1.164102107e-01
6.401587524e+02,1.154007241e-01
6.403877563e+02,1.376117915e-01
6.406166992e+02,8.848382533e-02
6.408457031e+02,9.647992998e-02
6.410747070e+02,8.687879145e-02
6.413037109e+02,8.536930382e-02
6.415327148e+02,1.153834090e-01
6.417617798e+02,1.073587537e-01
6.419907837e+02,7.257406414e-02
6.422198486e+02,8.240842074e-02
6.424489136e+02,1.106672436e-01
6.426779785e+02,9.264855832e-02
6.429070435e+02,9.443806112e-02
6.431361694e+02,1.136872768e-01
6.433652344e+02,1.081236228e-01
6.435943604e+02,1.199053675e-01
6.438234863e+02,8.306279778e-02
6.440526123e+02,9.729693085e-02
6.442817383e+02,8.778869361e-02
6.445108643e+02,8.975336701e-02
6.447400513e+02,9.379635751e-02
6.449692383e+02,8.043251187e-02
6.451983643e+02,9.747795016e-02
6.454275513e+02,9.627592564e-02
6.456567993e+02,9.776142240e-02
6.458859863e+02,9.472793341e-02
6.461151733e+02,1.056019962e-01
6.463444214e+02,8.489611000e-02
6.465736694e+02,9.027622640e-02
6.468029175e+02,7.231558859e-02
6.470321655e+02,1.018972620e-01
6.472614136e+02,1.092370227e-01
6.474907227e+02,7.779954374e-02
6.477200317e+02,1.078168005e-01
6.479492798e+02,1.157232672e-01
6.481785889e+02,1.064589620e-01
6.484078979e+02,1.062074602e-01
6.486372681e+02,1.126810536e-01
6.488665771e+02,1.088441461e-01
6.490959473e+02,9.839116037e-02
6.493253174e+02,1.025838107e-01
6.495546265e+02,9.570938349e-02
6.497840576e+02,1.065400317e-01
6.500134277e+02,1.068912819e-01
6.502427979e+02,1.257741451e-01
6.504722290e+02,8.374617249e-02
6.507016602e+02,1.018977389e-01
6.509310303e+02,9.739518166e-02
6.511605225e+02,8.527178317e-02
6.513899536e+02,1.366748810e-01
6.516193848e+02,1.291796267e-01
6.518488770e+02,1.217917055e-01
6.520783081e+02,9.131408483e-02
6.523078003e+02,1.233946681e-01
6.525372925e+02,9.826889634e-02
6.527667847e+02,1.048201695e-01
6.529963379e+02,8.910468966e-02
6.532258301e+02,1.005214304e-01
6.534553833e+02,1.057836488e-01
6.536849365e+02,1.131307036e-01
6.539144897e+02,1.090957448e-01
6.541440430e+02,1.134968251e-01
6.543735962e+02,1.054953933e-01
6.546032104e+02,1.227265447e-01
6.548327637e+02,1.216031462e-01
6.550623779e+02,1.149696335e-01
6.552919922e+02,1.211244836e-01
6.555216064e+02,1.216219217e-01
6.557512817e+02,1.047560796e-01
6.559808960e+02,1.051886454e-01
6.562105713e+02,1.149315163e-01
6.564402466e+02,1.252107173e-01
6.566698608e+02,1.211447120e-01
6.568995972e+02,1.149374172e-01
6.571292725e+02,1.037402079e-01
6.573589478e+02,1.614153236e-01
6.575886841e+02,1.064718813e-01
6.578184204e+02,1.335322708e-01
6.580480957e+02,1.116861999e-01
6.582778931e+02,1.498827785e-01
6.585076294e+02,1.111329496e-01
6.587373657e+02,9.567007422e-02
6.589671631e+02,1.216723844e-01
6.591968994e+02,1.218578517e-01
6.594266968e+02,1.072480679e-01
6.596564941e+02,1.305078864e-01
6.598862915e+02,1.213472337e-01
6.601161499e+02,1.174010783e-01
6.603459473e+02,1.363862008e-01
6.605758057e+02,1.179633737e-01
6.608056641e+02,1.351707131e-01
6.610355225e+02,1.471452117e-01
6.612653809e+02,1.092633903e-01
6.614952393e+02,1.429396868e-01
6.617251587e+02,1.524422616e-01
6.619550171e+02,1.206279397e-01
6.621849365e+02,1.282685101e-01
6.624148560e+02,1.538868994e-01
6.626447754e+02,1.383168250e-01
6.628747559e+02,1.268238723e-01
6.631046753e+02,1.220404804e-01
6.633346558e+02,1.399540901e-01
6.635645752e+02,1.515754610e-01
6.637945557e+02,1.361659169e-01
6.640245361e+02,1.219441742e-01
6.642545776e+02,1.380278915e-01
6.644845581e+02,1.311578006e-01
6.647145386e+02,1.478193849e-01
6.649445801e+02,1.297773570e-01
6.651746216e+02,1.212700009e-01
6.654046631e+02,1.215268299e-01
6.656347046e+02,1.389909983e-01
6.658648071e+02,1.071124747e-01
6.660948486e+02,1.033242941e-01
6.663249512e+02,1.488787979e-01
6.665550537e+02,1.183165088e-01
6.667851562e+02,1.503876448e-01
6.670152588e+02,1.450906098e-01
6.672453613e+02,1.484293491e-01
6.674755249e+02,1.497776806e-01
6.677056274e+02,1.303552240e-01
6.679357910e+02,1.225541309e-01
6.681659546e+02,1.335334480e-01
6.683961182e+02,1.247371510e-01
6.686262817e+02,1.297452599e-01
6.688565063e+02,1.249939799e-01
6.690866699e+02,1.454116404e-01
6.693168945e+02,1.190227792e-01
6.695471191e+02,1.275622398e-01
6.697773438e+02,1.239024699e-01
6.700075684e+02,1.493282467e-01
6.702378540e+02,1.455721557e-01
6.704680786e+02,1.139183640e-01
6.706983643e+02,1.260854900e-01
6.709286499e+02,1.608211994e-01
6.711589355e+02,1.560378224e-01
6.713892212e+02,1.151061803e-01
6.716195679e+02,1.333087236e-01
6.718498535e+02,1.325703412e-01
6.720802002e+02,1.307083517e-01
6.723105469e+02,1.315109432e-01
6.725408936e+02,1.094560102e-01
6.727712402e+02,1.323135197e-01
6.730015869e+02,1.542400420e-01
6.732319336e+02,1.119600609e-01
6.734623413e+02,1.126342341e-01
6.736927490e+02,1.348175704e-01
6.739231567e+02,1.441275179e-01
6.741535645e+02,1.348175704e-01
6.743839722e+02,1.200179756e-01
6.746144409e+02,1.467599869e-01
6.748448486e+02,1.523459405e-01
6.750753174e+02,1.189585701e-01
6.753057861e+02,1.309009790e-01
6.755362549e+02,1.277869642e-01
6.757667236e+02,1.383489370e-01
6.759971924e+02,1.532448381e-01
6.762277222e+02,1.357806772e-01
6.764582520e+02,1.385415494e-01
6.766887817e+02,1.382847279e-01
6.769193115e+02,1.251544952e-01
6.771498413e+02,1.310293972e-01
6.773803711e+02,1.441917270e-01
6.776109619e+02,1.547857970e-01
6.778414917e+02,1.202748045e-01
6.780720825e+02,1.494245529e-01
6.783026733e+02,1.570651233e-01
6.785332642e+02,1.618164033e-01
6.787638550e+02,1.196648404e-01
6.789945068e+02,1.442880332e-01
6.792250977e+02,1.322493106e-01
6.794557495e+02,1.461821198e-01
6.796864014e+02,1.895215064e-01
6.799170532e+02,1.200821847e-01
6.801477051e+02,1.404998451e-01
6.803784180e+02,1.446090639e-01
6.806090698e+02,1.241592988e-01
6.808397827e+02,1.579319090e-01
6.810704956e+02,1.511260271e-01
6.813012085e+02,1.664392650e-01
6.815319214e+02,1.238382608e-01
6.817626343e+02,1.291031986e-01
6.819934082e+02,1.578998119e-01
6.822241821e+02,1.591518372e-01
6.824548950e+02,1.281400919e-01
6.826856689e+02,1.295205355e-01
6.829164429e+02,1.509976089e-01
6.831472778e+02,1.348175704e-01
6.833780518e+02,1.336618513e-01
6.836088867e+02,1.230677888e-01
6.838397217e+02,1.390552074e-01
6.840705566e+02,1.368400753e-01
6.843013916e+02,1.358127743e-01
6.845322266e+02,1.307404637e-01
6.847630615e+02,1.582529396e-01
6.849939575e+02,1.557809860e-01
6.852248535e+02,1.330839992e-01
6.854556885e+02,1.259891838e-01
6.856865845e+02,1.220404804e-01
6.859175415e+02,1.432607323e-01
6.861484375e+02,1.391194016e-01
6.863793335e+02,1.387983710e-01
6.866102905e+02,2.523154318e-01
6.868412476e+02,1.503876448e-01
6.870722046e+02,1.657008976e-01
6.873031616e+02,1.542721391e-01
6.875341187e+02,1.475946605e-01
6.877651367e+02,1.502913386e-01
6.879960938e+02,1.471452117e-01
6.882271118e+02,1.609817147e-01
6.884581299e+02,1.501308233e-01
6.886891479e+02,1.373216212e-01
6.889201660e+02,1.360374987e-01
6.891512451e+02,1.314146221e-01
6.893822632e+02,1.284611374e-01
6.896133423e+02,1.371290088e-01
6.898444214e+02,1.468562931e-01
6.900755005e+02,1.140146703e-01
6.903065796e+02,1.479478031e-01
6.905377197e+02,1.505160630e-01
6.907687988e+02,1.238061637e-01
6.909999390e+02,1.603717506e-01
6.912310181e+02,1.281079948e-01
6.914621582e+02,1.253150105e-01
6.916933594e+02,1.340470910e-01
6.919244995e+02,1.353954375e-01
6.921556396e+02,1.479478031e-01
6.923868408e+02,1.172249988e-01
6.926180420e+02,1.173534095e-01
6.928492432e+02,1.579319090e-01
6.930804443e+02,1.279474795e-01
6.933116455e+02,1.171286851e-01
6.935428467e+02,1.093597040e-01
6.937741089e+02,1.372253150e-01
6.940053711e+02,1.395367533e-01
6.942365723e+02,1.415913552e-01
6.944678345e+02,1.199537739e-01
6.946991577e+02,1.497776806e-01
6.949304199e+02,1.329555809e-01
6.951616821e+02,9.847670048e-02
6.953930054e+02,1.057320312e-01
6.956243286e+02,1.438706815e-01
6.958556519e+02,1.269843876e-01
6.960869751e+02,1.129231602e-01
6.963182983e+02,1.388625801e-01
6.965496826e+02,1.542079300e-01
6.967810059e+02,1.389588863e-01
6.970123901e+02,1.146888360e-01
6.972437744e+02,1.066309214e-01
6.974751587e+02,1.552994400e-01
6.977065430e+02,1.332445145e-01
6.979379272e+02,1.158766598e-01
6.981693726e+02,1.215910390e-01
6.984008179e+02,1.388625801e-01
6.986322021e+02,1.398898810e-01
6.988636475e+02,1.153630093e-01
6.990951538e+02,1.155235246e-01
6.993265991e+02,1.670171320e-01
6.995580444e+02,1.269201785e-01
6.997895508e+02,1.190548837e-01
7.000210571e+02,1.031637713e-01
7.002525635e+02,1.181238890e-01
7.004840698e+02,1.955248117e-01
7.007155762e+02,1.051541790e-01
7.009470825e+02,1.037737355e-01
7.011786499e+02,1.380921006e-01
7.014102173e+02,1.603075564e-01
7.016417847e+02,1.396330595e-01
7.018733521e+02,1.415592581e-01
7.021049194e+02,1.305799484e-01
7.023364868e+02,1.688470095e-01
7.025681152e+02,1.220083758e-01
7.027996826e+02,1.136294305e-01
7.030313110e+02,1.346249580e-01
7.032629395e+02,1.360374987e-01
7.034945679e+02,1.178670600e-01
7.037261963e+02,1.193117052e-01
7.039578857e+02,1.331803054e-01
7.041895142e+02,1.215910390e-01
7.044212036e+02,1.110932752e-01
7.046528931e+02,1.565835774e-01
7.048845825e+02,1.460537016e-01
7.051162720e+02,1.048973501e-01
7.053480225e+02,1.339828819e-01
7.055797119e+02,1.006918252e-01
7.058114624e+02,1.623300463e-01
7.060432129e+02,1.247371510e-01
7.062749634e+02,1.060209647e-01
7.065067139e+02,1.059567556e-01
7.067384644e+02,1.104512140e-01
7.069702759e+02,9.603685141e-02
7.072020264e+02,1.732451618e-01
7.074338379e+02,1.121205762e-01
7.076656494e+02,1.001781747e-01
7.078974609e+02,1.302268058e-01
7.081292725e+02,9.680733085e-02
7.083611450e+02,1.958458424e-01
7.085929565e+02,1.371290088e-01
7.088248291e+02,1.839034408e-01
7.090567017e+02,1.062456891e-01
7.092885742e+02,1.027464345e-01
7.095204468e+02,1.221688986e-01
7.097523193e+02,1.527311802e-01
7.099842529e+02,1.195043251e-01
7.102161255e+02,1.144320145e-01
7.104480591e+02,1.285574436e-01
7.106799927e+02,1.172570959e-01
7.109119263e+02,9.857301414e-02
7.111439209e+02,9.905456007e-02
7.113758545e+02,1.406603605e-01
7.116078491e+02,1.333408207e-01
7.118397827e+02,1.169039607e-01
7.120717773e+02,1.050578654e-01
7.123037720e+02,1.059246510e-01
7.125357666e+02,1.168718636e-01
7.127678223e+02,1.072729900e-01
7.129998169e+02,1.029069498e-01
7.132318726e+02,1.302589178e-01
7.134639282e+02,1.302589178e-01
7.136959839e+02,9.979293495e-02
7.139280396e+02,1.140788794e-01
7.141600952e+02,1.300984025e-01
7.143921509e+02,1.056036204e-01
7.146242676e+02,1.165508255e-01
7.148563843e+02,1.082039848e-01
7.150885010e+02,9.330807626e-02
7.153206177e+02,1.132441908e-01
7.155527344e+02,1.020080596e-01
7.157848511e+02,1.069840640e-01
7.160170288e+02,1.268559694e-01
7.162491455e+02,1.361980140e-01
7.164813232e+02,1.324419379e-01
7.167135010e+02,1.163261011e-01
7.169456787e+02,1.388625801e-01
7.171779175e+02,1.327629685e-01
7.174100952e+02,1.391836107e-01
7.176423340e+02,9.651840478e-02
7.178745117e+02,1.235493347e-01
7.181067505e+02,1.184128150e-01
7.183389893e+02,9.414276481e-02
7.185712891e+02,1.223936155e-01
7.188035278e+02,1.118637547e-01
7.190358276e+02,1.284611374e-01
7.192680664e+02,1.114464104e-01
7.195003662e+02,1.004349962e-01
7.197326660e+02,9.311545640e-02
7.199649658e+02,1.238061637e-01
7.201972656e+02,1.117674410e-01
7.204296265e+02,8.425496519e-02
7.206619873e+02,1.126021296e-01
7.208942871e+02,1.057320312e-01
7.211266479e+02,1.148814559e-01
7.213590088e+02,1.189906746e-01
7.215913696e+02,1.120884791e-01
7.218237915e+02,1.184128150e-01
7.220561523e+02,1.268880665e-01
7.222885742e+02,8.794683963e-02
7.225209961e+02,1.049294546e-01
7.227534180e+02,1.124416143e-01
7.229858398e+02,8.460810035e-02
7.232182617e+02,8.592433482e-02
7.234507446e+02,1.097770408e-01
7.236831665e+02,1.019759551e-01
7.239156494e+02,1.232604086e-01
7.241481323e+02,9.481693059e-02
7.243806152e+02,9.003354609e-02
7.246130981e+02,1.233246103e-01
7.248456421e+02,1.155556291e-01
7.250781250e+02,9.706415981e-02
7.253106689e+02,8.974462003e-02
7.255432129e+02,9.578002989e-02
7.257757568e+02,8.419075608e-02
7.260083008e+02,1.046726257e-01
7.262408447e+02,9.106085449e-02
7.264734497e+02,1.378673762e-01
7.267059937e+02,8.544278145e-02
7.269385986e+02,1.112216860e-01
7.271712036e+02,1.161013842e-01
7.274038086e+02,8.656639606e-02
7.276364136e+02,9.571582079e-02
7.278690796e+02,8.171880990e-02
7.281016846e+02,9.122136980e-02
7.283343506e+02,9.494534135e-02
7.285670166e+02,1.005955115e-01
7.287996826e+02,7.298672199e-02
7.290323486e+02,6.910223514e-02
7.292650146e+02,9.777043015e-02
7.294976807e+02,8.171880990e-02
7.297304077e+02,8.338817954e-02
7.299631348e+02,9.430328012e-02
7.301958618e+02,1.054752097e-01
7.304285889e+02,9.873352945e-02
7.306613159e+02,1.048973501e-01
7.308940430e+02,9.809146076e-02
7.311268311e+02,9.266601503e-02
7.313596191e+02,9.680733085e-02
7.315923462e+02,7.905423641e-02
7.318251343e+02,9.038668126e-02
7.320579834e+02,9.224867076e-02
7.322907715e+02,7.141366601e-02
7.325235596e+02,6.290630996e-02
7.327564087e+02,9.077192098e-02
7.329892578e+02,9.260180593e-02
7.332220459e+02,9.879773110e-02
7.334549561e+02,8.027416468e-02
7.336878052e+02,8.865310997e-02
7.339206543e+02,8.852469176e-02
7.341535645e+02,5.988860130e-02
7.343864136e+02,1.051541790e-01
7.346193237e+02,8.338817954e-02
7.348522339e+02,1.013980955e-01
7.350851440e+02,7.587601990e-02
7.353180542e+02,8.236087114e-02
7.355510254e+02,9.905456007e-02
7.357839355e+02,7.266569138e-02
7.360169067e+02,6.075539067e-02
7.362498779e+02,6.743286550e-02
7.364828491e+02,8.749739081e-02
7.367158203e+02,7.805904001e-02
7.369488525e+02,7.208783180e-02
7.371818237e+02,8.037047088e-02
7.374148560e+02,1.054752097e-01
7.376478882e+02,8.813945949e-02
7.378809204e+02,9.372542053e-02
7.381139526e+02,7.343617082e-02
7.383469849e+02,7.427085191e-02
7.385800171e+02,7.507343590e-02
7.388131104e+02,6.624504179e-02
7.390462036e+02,9.183132648e-02
7.392792358e+02,7.494502515e-02
7.395123291e+02,1.177065447e-01
7.397454834e+02,7.757748663e-02
7.399785767e+02,1.050578654e-01
7.402116699e+02,8.146198094e-02
7.404448242e+02,8.990513533e-02
7.406779785e+02,7.773800194e-02
7.409111328e+02,1.093597040e-01
7.411442871e+02,7.899003476e-02
7.413774414e+02,8.332397044e-02
7.416105957e+02,6.438305229e-02
7.418438110e+02,6.608452648e-02
7.420770264e+02,8.053098619e-02
7.423102417e+02,9.237708151e-02
7.425434570e+02,5.109231174e-02
7.427766724e+02,9.369331598e-02
7.430098877e+02,7.234466076e-02
7.432431030e+02,7.272990048e-02
7.434763794e+02,6.585980207e-02
7.437096558e+02,5.574728176e-02
7.439429321e+02,5.802661180e-02
7.441762085e+02,8.412655443e-02
7.444094849e+02,8.001733571e-02
7.446427612e+02,7.170259207e-02
7.448760986e+02,7.908634096e-02
7.451094360e+02,7.905423641e-02
7.453427124e+02,7.825165987e-02
7.455760498e+02,7.709594071e-02
7.458093872e+02,8.890993148e-02
7.460427856e+02,1.048652455e-01
7.462761230e+02,6.618084013e-02
7.465095215e+02,5.632514134e-02
7.467428589e+02,7.571550459e-02
7.469762573e+02,8.964830637e-02
7.472096558e+02,5.289009586e-02
7.474431152e+02,8.955200016e-02
7.476765137e+02,7.600443065e-02
7.479099121e+02,8.438337594e-02
7.481433716e+02,5.985649675e-02
7.483768311e+02,9.754570574e-02
7.486102905e+02,7.655018568e-02
7.488437500e+02,5.539414659e-02
7.490772095e+02,6.220003590e-02
7.493106689e+02,5.590780079e-02
7.495441895e+02,7.680701464e-02
7.497777100e+02,6.505722553e-02
7.500112305e+02,5.693510175e-02
7.502447510e+02,7.661439478e-02
7.504782715e+02,5.905391648e-02
7.507117920e+02,5.982439592e-02
7.509453125e+02,6.422253698e-02
7.511788940e+02,8.454389125e-02
7.514124756e+02,5.549045652e-02
7.516460571e+02,6.602032483e-02
7.518796387e+02,4.422221705e-02
7.521132202e+02,1.042552814e-01
7.523468018e+02,7.414244115e-02
7.525804443e+02,6.255316734e-02
7.528140259e+02,4.486428201e-02
7.530476685e+02,7.683911175e-02
7.532813110e+02,5.173437670e-02
7.535149536e+02,5.244065076e-02
7.537486572e+02,8.765790612e-02
7.539822998e+02,5.587569624e-02
7.542160034e+02,6.040225551e-02
7.544496460e+02,3.128461167e-02
7.546833496e+02,6.280999631e-02
7.549170532e+02,9.215236455e-02
7.551507568e+02,5.597200617e-02
7.553845215e+02,4.740044102e-02
7.556182251e+02,4.300229624e-02
7.558519897e+02,6.412623078e-02
7.560857544e+02,4.126872122e-02
7.563194580e+02,3.651744127e-02
7.565532837e+02,4.409380630e-02
7.567870483e+02,6.630925089e-02
7.570208130e+02,8.081991971e-02
7.572546387e+02,3.629271686e-02
7.574884033e+02,3.953514621e-02
7.577222290e+02,6.984061003e-02
7.579560547e+02,5.654986575e-02
7.581898804e+02,7.141366601e-02
7.584237671e+02,3.195878118e-02
7.586575928e+02,5.266537145e-02
7.588914795e+02,5.301850662e-02
7.591253052e+02,5.773768574e-02
7.593591919e+02,2.833111212e-02
7.595930786e+02,4.329122603e-02
7.598269653e+02,6.829965115e-02
7.600609131e+02,4.280967638e-02
7.602947998e+02,3.115619905e-02
7.605287476e+02,3.022520430e-02
7.607626953e+02,7.969630510e-02
7.609965820e+02,4.499269649e-02
7.612305908e+02,4.386908188e-02
7.614645386e+02,4.634103179e-02
7.616984863e+02,8.062729985e-02
7.619324951e+02,8.480072021e-02
7.621664429e+02,4.589158669e-02
7.624004517e+02,3.677426651e-02
7.626344604e+02,4.582738131e-02
7.628684692e+02,4.011300206e-02
7.631025391e+02,2.261673473e-02
7.633365479e+02,6.624504179e-02
7.635706177e+02,9.192764014e-02
7.638046265e+02,7.838007063e-02
7.640386963e+02,3.234401718e-02
7.642727661e+02,4.621262103e-02
7.645068359e+02,4.547424614e-02
7.647409668e+02,2.945472673e-02
7.649750366e+02,2.942262404e-02
7.652091675e+02,6.220003590e-02
7.654432983e+02,4.723992199e-02
7.656773682e+02,3.327501193e-02
7.659115601e+02,4.759306088e-02
7.661456909e+02,8.210404962e-02
7.663798218e+02,4.865246639e-02
7.666140137e+02,5.959967151e-02
7.668481445e+02,3.995248675e-02
7.670823364e+02,6.213583052e-02
7.673165283e+02,7.385351509e-02
7.675507202e+02,6.695131212e-02
7.677849731e+02,3.186247125e-02
7.680191650e+02,4.666206613e-02
7.682534180e+02,5.436684191e-02
7.684876099e+02,3.099568188e-02
7.687218628e+02,2.174994722e-02
7.689561157e+02,5.542625114e-02
7.691903687e+02,3.150933236e-02
7.694246826e+02,5.028973147e-02
7.696589355e+02,1.622818969e-02
7.698932495e+02,2.945472673e-02
7.701275024e+02,7.019374520e-02
7.703618164e+02,3.019310161e-02
7.705961304e+02,5.966388062e-02
7.708305054e+02,5.622883141e-02
7.710648193e+02,1.892486215e-02
7.712991333e+02,2.993627451e-02
7.715335083e+02,4.463956133e-02
7.717678833e+02,5.886129662e-02
7.720022583e+02,7.199152559e-02
7.722366333e+02,4.569896683e-02
7.724710083e+02,3.748053685e-02
7.727054443e+02,7.150997967e-02
7.729398193e+02,1.174176186e-01
7.731742554e+02,2.534551173e-02
7.734086914e+02,2.759273909e-02
7.736431274e+02,4.528162628e-02
7.738775635e+02,3.831522167e-02
7.741119995e+02,4.255285114e-02
7.743464966e+02,6.743286550e-02
7.745809326e+02,3.834732622e-02
7.748154297e+02,9.311545640e-02
7.750499268e+02,5.333954096e-02
7.752844238e+02,2.508868463e-02
7.755189209e+02,6.968009472e-02
7.757534180e+02,3.815470636e-02
7.759879761e+02,2.178205177e-02
7.762224731e+02,2.595547214e-02
7.764570312e+02,4.473587126e-02
7.766915894e+02,3.568275645e-02
7.769261475e+02,3.488017619e-02
7.771607056e+02,1.792966202e-02
7.773953247e+02,4.624472186e-02
7.776298828e+02,3.536172211e-02
7.778645020e+02,3.321080655e-02
7.780991211e+02,4.178237170e-02
7.783337402e+02,3.622851148e-02
7.785683594e+02,1.565033197e-02
7.788029785e+02,1.263262611e-02
7.790376587e+02,6.618084013e-02
7.792722778e+02,1.301786583e-02
7.795069580e+02,3.738422692e-02
7.797416382e+02,4.614841193e-02
7.799763184e+02,2.438241430e-02
7.802109985e+02,2.996837907e-02
7.804456787e+02,3.452703729e-02
7.806804199e+02,6.187900156e-02
7.809151001e+02,-2.102762461e-03
7.811498413e+02,3.764105216e-02
7.813845825e+02,3.613220155e-02
7.816193237e+02,3.141302243e-02
7.818540649e+02,2.030530199e-02
7.820888062e+02,4.752885178e-02
7.823236084e+02,2.733591199e-02
7.825583496e+02,4.447904602e-02
7.827931519e+02,2.457503416e-02
7.830279541e+02,1.863593236e-02
7.832627563e+02,2.531340718e-02
7.834975586e+02,2.460713685e-02
7.837324219e+02,3.150933236e-02
7.839672241e+02,3.343552724e-02
7.842020874e+02,2.621229924e-02
7.844369507e+02,-8.507359889e-04
7.846718140e+02,4.338753596e-02
7.849066772e+02,2.900528163e-02
7.851415405e+02,4.367646202e-02
7.853764648e+02,2.582705952e-02
7.856113281e+02,2.618019469e-02
7.858462524e+02,1.417358220e-02
7.860811768e+02,6.390150636e-02
7.863161011e+02,9.261786006e-03
7.865510254e+02,3.680637106e-02
7.867859497e+02,7.073950022e-02
7.870208740e+02,2.544182166e-02
7.872558594e+02,1.057801861e-02
7.874908447e+02,9.622947127e-02
7.877258301e+02,6.319523603e-02
7.879608154e+02,4.341963679e-02
7.881958008e+02,3.677426651e-02
7.884307861e+02,1.670973934e-02
7.886658325e+02,3.789788112e-02
7.889008179e+02,3.038571961e-02
7.891358643e+02,4.313070700e-02
7.893709106e+02,2.489606664e-02
7.896059570e+02,8.126936108e-02
7.898410034e+02,3.744843602e-02
7.900760498e+02,3.969566151e-02
7.903111572e+02,4.976002965e-04
7.905462646e+02,3.417390212e-02
7.907813110e+02,1.449461468e-02
7.910164185e+02,2.756063454e-02
7.912515259e+02,1.083484478e-02
7.914866943e+02,2.557023428e-02
7.917218018e+02,3.699898720e-02
7.919569702e+02,3.683847189e-02
7.921920776e+02,8.812340908e-03
7.924272461e+02,3.773736209e-02
7.926624146e+02,2.788166702e-02
7.928975830e+02,2.672595158e-02
7.931327515e+02,4.521742091e-02
7.933679810e+02,1.953482442e-02
7.936031494e+02,3.606799617e-02
7.938383789e+02,9.422302246e-03
7.940736084e+02,-2.648517722e-03
7.943088379e+02,7.369299978e-02
7.945440674e+02,2.873240272e-03
7.947792969e+02,2.136470936e-02
7.950145874e+02,1.940641180e-02
7.952498169e+02,1.873224229e-02
7.954851074e+02,3.321080655e-02
7.957203979e+02,2.284145728e-02
7.959556885e+02,2.839531936e-02
7.961909790e+02,3.285767138e-02
7.964262695e+02,2.194256708e-02
7.966616211e+02,4.419011623e-02
7.968969116e+02,1.131639350e-02
7.971322632e+02,7.699963450e-02
7.973676147e+02,1.902117208e-02
7.976029663e+02,4.486428201e-02
7.978383179e+02,-2.006452763e-03
7.980737305e+02,2.357983217e-02
7.983090820e+02,6.581164780e-04
7.985444946e+02,-1.195845846e-02
7.987798462e+02,1.581084728e-02
7.990152588e+02,1.813833253e-03
7.992506714e+02,7.720830385e-03
7.994861450e+02,1.300181379e-03
7.997215576e+02,-1.330679469e-02
7.999570312e+02,-8.908649907e-03
8.001924438e+02,-8.298688568e-03
8.004279175e+02,-2.579495683e-02
8.006633911e+02,-4.654970253e-04
8.008988647e+02,-1.924589463e-02
8.011343384e+02,3.715950623e-02
8.013698730e+02,-1.850751974e-02
8.016053467e+02,-3.186247125e-02
8.018408813e+02,-2.139681205e-02
8.020764160e+02,4.682258144e-02
8.023119507e+02,1.272893604e-02
8.025474854e+02,-2.659753710e-02
8.027830200e+02,9.037063457e-03
8.030185547e+02,-1.902117208e-02
8.032541504e+02,7.817139849e-03
8.034897461e+02,-7.656623609e-03
8.037252808e+02,2.428610437e-02
8.039608765e+02,-8.170275949e-03
8.041964722e+02,1.263262611e-02
8.044321289e+02,-1.834700443e-02
8.046677246e+02,2.942262404e-02
8.049033813e+02,-5.280983634e-03
8.051389771e+02,-4.703125451e-03
8.053746338e+02,1.622818969e-02
8.056102905e+02,2.640491910e-02
8.058459473e+02,8.523411117e-03
8.060816650e+02,-9.903850965e-03
8.063173218e+02,-2.056212723e-02
8.065530396e+02,-8.041862398e-03
8.067886963e+02,-5.826738663e-03
8.070244141e+02,-4.671021830e-03
8.072601318e+02,-1.780124940e-02
8.074958496e+02,-2.226359956e-02
8.077316284e+02,-1.417358220e-02
8.079673462e+02,-2.512078919e-02
8.082031250e+02,-2.091526426e-02
8.084389038e+02,1.260052342e-02
8.086746216e+02,2.107577957e-02
8.089104004e+02,-2.826690674e-02
8.091462402e+02,-1.712707989e-02
8.093820190e+02,4.354805127e-02
8.096177979e+02,-1.231159363e-02
8.098536377e+02,-1.735180430e-02
8.100894775e+02,7.865295047e-04
8.103253174e+02,1.235974953e-03
8.105611572e+02,-8.073966019e-03
8.107969971e+02,7.624520455e-03
8.110328369e+02,2.168574184e-02
8.112687378e+02,-1.295365859e-02
8.115045776e+02,-2.488001483e-03
8.117404785e+02,-9.486508556e-03
8.119763794e+02,-1.597136445e-02
8.122122803e+02,1.717523555e-03
8.124481812e+02,-3.545803204e-02
8.126841431e+02,5.539414659e-02
8.129200439e+02,-1.276103966e-02
8.131560059e+02,7.239281666e-03
8.133919678e+02,6.476829201e-02
8.136279297e+02,-3.086726926e-02
8.138638916e+02,3.516910225e-02
8.140998535e+02,4.419011623e-02
8.143358154e+02,-1.526509225e-02
8.145718384e+02,2.849162929e-02
8.148078003e+02,-2.166969003e-03
8.150438232e+02,5.634119269e-03
8.152798462e+02,4.589158669e-02
8.155158691e+02,5.569912959e-03
8.157518921e+02,-1.494405977e-02
8.159879761e+02,1.471933722e-02
8.162239990e+02,-1.950271986e-02
8.164600830e+02,-1.818648726e-02
8.166961670e+02,-4.333937832e-04
8.169322510e+02,5.642145127e-02
8.171683350e+02,-1.587505452e-02
8.174044189e+02,3.972776607e-02
8.176405029e+02,1.950271986e-02
8.178766479e+02,-1.369203348e-02
8.181127930e+02,8.716030978e-03
8.183488770e+02,-1.882855222e-02
8.185850220e+02,-3.290582448e-03
8.188212280e+02,-5.248880479e-03
8.190573730e+02,-2.069053985e-02
8.192935181e+02,-2.024109475e-02
8.195297241e+02,5.077128112e-02
8.197658691e+02,-1.828279719e-02
8.200020752e+02,3.451098688e-03
8.202382812e+02,-1.818648726e-02
8.204744873e+02,3.221560642e-02
8.207107544e+02,-2.776930574e-03
8.209469604e+02,1.394885965e-02
8.211831665e+02,-1.555402204e-02
8.214194336e+02,-8.619721048e-03
8.216557007e+02,7.223229622e-04
8.218919678e+02,-1.653317013e-03
8.221282349e+02,1.003226358e-02
8.223645020e+02,-8.041862398e-03
8.226008301e+02,3.642113134e-02
8.228370972e+02,-1.414147858e-02
8.230734253e+02,-1.337100100e-02
8.233097534e+02,-1.760862954e-02
8.235460815e+02,-1.330679469e-02
8.237824097e+02,-2.024109475e-02
8.240187378e+02,5.216777325e-03
8.242551270e+02,3.093147650e-02
8.244914551e+02,3.868440865e-03
8.247278442e+02,-3.691872989e-04
8.249642334e+02,-1.051381230e-02
8.252006226e+02,2.162153460e-02
8.254370117e+02,4.711151123e-02
8.256734009e+02,-1.333889831e-02
8.259097900e+02,4.863641690e-03
8.261462402e+02,-7.849243470e-03
8.263826904e+02,1.107561868e-03
8.266191406e+02,-3.041782416e-02
8.268555908e+02,-1.436620206e-02
8.270920410e+02,-1.857172698e-02
8.273284912e+02,3.611614928e-03
8.275649414e+02,-2.759273909e-02
8.278014526e+02,-1.898906939e-02
8.280379639e+02,-3.772131167e-03
8.282744751e+02,-7.303487975e-03
8.285109863e+02,2.781746164e-02
8.287474976e+02,1.311417483e-02
8.289840088e+02,-3.772131167e-03
8.292205200e+02,-5.024157465e-03
8.294570923e+02,-1.651711948e-02
8.296936646e+02,7.464004215e-03
8.299301758e+02,9.133373387e-03
8.301667480e+02,5.409396719e-03
8.304033813e+02,-2.444661967e-02
8.306399536e+02,-3.130066209e-03
8.308765259e+02,3.211929649e-02
8.311131592e+02,-1.792966202e-02
8.313497925e+02,1.722338982e-02
8.315863647e+02,-1.343520731e-02
8.318229980e+02,-3.097963054e-03
8.320596924e+02,-7.271384820e-03
8.322963257e+02,-2.155732922e-02
8.325329590e+02,-2.361193672e-02
8.327696533e+02,5.693510175e-02
8.330062866e+02,6.308287382e-03
8.332429810e+02,1.693446189e-02
8.334796753e+02,-2.415769175e-02
8.337163696e+02,2.791377157e-02
8.339531250e+02,2.996837907e-02
8.341898193e+02,-1.786545478e-02
8.344265747e+02,4.510505591e-03
8.346632690e+02,7.431901060e-03
8.349000244e+02,-1.764073223e-02
8.351367798e+02,-1.748021692e-02
8.353735352e+02,1.605162288e-05
8.356103516e+02,2.290566452e-02
8.358471069e+02,-1.677394472e-02
8.360839233e+02,-1.857172698e-02
8.363206787e+02,-1.064222585e-02
8.365574951e+02,1.107561868e-03
8.367943115e+02,-1.385254972e-02
8.370311279e+02,-2.486396208e-02
8.372679443e+02,1.332284650e-03
8.375048218e+02,-1.792966202e-02
8.377416382e+02,-1.330679469e-02
8.379785156e+02,-2.788166702e-02
8.382153931e+02,-1.523298956e-02
8.384522705e+02,-7.303487975e-03
8.386891479e+02,-1.796176471e-02
8.389260254e+02,-4.221576732e-03
8.391629639e+02,2.454292960e-02
8.393998413e+02,4.807460681e-02
8.396367798e+02,-6.500906777e-03
8.398737183e+02,-1.266472973e-02
8.401106567e+02,-1.460697618e-03
8.403475952e+02,-9.968057275e-03
8.405845337e+02,1.075458713e-03
8.408215332e+02,-8.972857147e-03
8.410584717e+02,1.491195709e-02
8.412954712e+02,-1.818648726e-02
8.415324707e+02,1.417358220e-02
8.417694702e+02,-7.913449779e-03
8.420064697e+02,-1.112377364e-02
8.422434692e+02,-7.142971735e-03
8.424804688e+02,-1.426989213e-02
8.427175293e+02,-1.051381230e-02
8.429545288e+02,-7.431901060e-03
8.431915894e+02,-1.593925990e-02
8.434286499e+02,-5.923048593e-03
8.436657104e+02,-1.853962429e-02
8.439028320e+02,-1.963113435e-02
8.441398926e+02,1.075458713e-03
8.443769531e+02,1.863593236e-02
8.446140747e+02,-2.078684978e-02
8.448511963e+02,-4.815486682e-05
8.450883179e+02,-2.134865616e-03
8.453254395e+02,-1.494405977e-02
8.455625610e+02,-2.614809200e-02
8.457997437e+02,-1.353151724e-02
8.460368652e+02,4.322701693e-02
8.462740479e+02,1.765678462e-04
8.465112305e+02,-1.112377364e-02
8.467483521e+02,-2.833111212e-02
8.469855957e+02,-4.767331760e-03
8.472227783e+02,5.176648125e-02
8.474599609e+02,2.120419219e-02
8.476972046e+02,1.677394472e-02
8.479343872e+02,-1.234369725e-02
8.481716309e+02,-8.780237287e-03
8.484088745e+02,1.545771211e-02
8.486461182e+02,-5.120467395e-03
8.488833618e+02,6.260132650e-04
8.491206665e+02,-9.550714865e-03
8.493579102e+02,3.772131167e-03
8.495952148e+02,-2.486396208e-02
8.498324585e+02,-1.597136445e-02
8.500697632e+02,6.854042411e-03
8.503070679e+02,-2.319459431e-02
8.505444336e+02,4.012905410e-04
8.507817383e+02,-1.555402204e-02
8.510190430e+02,3.497648612e-02
8.512564087e+02,-2.768904716e-02
8.514937744e+02,-2.666174434e-02
8.517311401e+02,-1.105956733e-02
8.519685059e+02,3.369235620e-02
8.522058716e+02,-1.139665139e-03
8.524432373e+02,-2.386876196e-02
8.526806641e+02,5.120467395e-03
8.529180298e+02,-5.955151748e-03
8.531554565e+02,-2.679015696e-02
8.533928833e+02,-1.375623979e-02
8.536303101e+02,2.849162929e-02
8.538677368e+02,-5.505706184e-03
8.541051636e+02,-1.905327477e-02
8.543426514e+02,6.203952059e-02
8.545800781e+02,-1.905327477e-02
8.548175659e+02,-3.868440865e-03
8.550550537e+02,6.693526171e-03
8.552925415e+02,-2.309828438e-02
8.555300293e+02,-1.038539968e-02
8.557675171e+02,5.794635508e-03
8.560050659e+02,2.680620877e-03
8.562425537e+02,-1.398096234e-02
8.564801025e+02,4.723992199e-02
8.567176514e+02,1.539350580e-02
8.569552002e+02,3.195878118e-02
8.571927490e+02,-1.330679469e-02
8.574302979e+02,5.603621155e-02
8.576679077e+02,-6.115667988e-03
8.579054565e+02,-1.444646041e-04
8.581430664e+02,-4.959951155e-03
8.583806763e+02,-8.298688568e-03
8.586182861e+02,2.033740468e-02
8.588558960e+02,-2.698277682e-02
8.590935059e+02,4.094768688e-02
8.593311157e+02,2.359588398e-03
8.595687866e+02,-1.364387921e-03
8.598064575e+02,1.465513092e-02
8.600440674e+02,-1.426989213e-02
8.602817383e+02,-1.420568582e-02
8.605194092e+02,-1.401306596e-02
8.607571411e+02,-9.647024795e-03
8.609948120e+02,-1.947061718e-02
8.612324829e+02,1.895696484e-02
8.614702148e+02,-1.484775078e-02
8.617079468e+02,2.518499456e-02
8.619456787e+02,-1.382044610e-02
8.621834106e+02,6.854042411e-03
8.624211426e+02,-1.910143066e-03
8.626588745e+02,1.317838207e-02
8.628966675e+02,-2.094736695e-02
8.631343994e+02,4.768937081e-02
8.633721924e+02,-1.147690974e-02
8.636099854e+02,9.454404935e-03
8.638477783e+02,-2.438241430e-02
8.640855713e+02,5.051445588e-02
8.643234253e+02,-5.794635508e-03
8.645612183e+02,3.234401718e-02
8.647990723e+02,2.123629674e-02
8.650368652e+02,1.128428988e-02
8.652747192e+02,1.844331436e-02
8.655125732e+02,-9.390198626e-03
8.657504272e+02,-3.772131167e-03
8.659883423e+02,2.903738432e-02
8.662261963e+02,-1.561822835e-02
8.664641113e+02,-3.290582448e-03
8.667019653e+02,-2.086710883e-04
8.669398804e+02,-3.804234322e-03
8.671777954e+02,-2.069053985e-02
8.674157104e+02,-2.313038707e-02
8.676536865e+02,-2.091526426e-02
8.678916016e+02,-1.621213858e-03
8.681295776e+02,-1.292155590e-02
8.683674927e+02,-9.165476076e-03
8.686054688e+02,-1.577874459e-02
8.688434448e+02,3.144512698e-02
8.690814209e+02,-3.515305230e-03
8.693193970e+02,-1.574664190e-02
8.695574341e+02,-1.478354353e-02
8.697954102e+02,4.863641690e-03
8.700334473e+02,-1.003226358e-02
8.702714844e+02,-2.036950924e-02
8.705095215e+02,-4.654970253e-04
8.707475586e+02,-5.602016114e-03
8.709855957e+02,-1.982375234e-02
8.712236328e+02,-1.337100100e-02
8.714617310e+02,1.051381230e-02
8.716997681e+02,-1.841120981e-02
8.719378662e+02,-1.138059981e-02
8.721759644e+02,-1.950271986e-02
8.724140625e+02,-1.028908975e-02
8.726521606e+02,-1.921379194e-02
8.728903198e+02,5.375688151e-02
8.731284180e+02,2.199072158e-03
8.733665771e+02,5.988860130e-02
8.736046753e+02,4.614841193e-02
8.738428345e+02,-1.725549437e-02
8.740809937e+02,-2.550602704e-02
8.743191528e+02,9.550714865e-03
8.745573730e+02,-1.075458713e-03
8.747955322e+02,-9.791488992e-04
8.750337524e+02,-3.290582448e-03
8.752719116e+02,-9.004959837e-03
8.755101318e+02,3.547408385e-03
8.757483521e+02,-1.674184203e-02
8.759865723e+02,-2.181415446e-02
8.762248535e+02,-7.223229622e-04
8.764630737e+02,-1.102746464e-02
8.767013550e+02,2.804218419e-02
8.769395752e+02,2.680620877e-03
8.771778564e+02,2.528130449e-02
8.774161377e+02,3.322685836e-03
8.776544189e+02,8.107674122e-02
8.778927002e+02,3.208719194e-02
8.781310425e+02,1.343520731e-02
8.783693237e+02,2.801007964e-02
8.786076660e+02,8.202378638e-03
8.788460083e+02,-2.313038707e-02
8.790842896e+02,1.781730098e-03
8.793226318e+02,-8.491308428e-03
8.795610352e+02,5.955151748e-03
8.797993774e+02,1.455882099e-02
8.800377197e+02,-1.235974953e-03
8.802761230e+02,1.086694840e-02
8.805145264e+02,-2.065843716e-02
8.807529297e+02,3.001653356e-03
8.809913330e+02,-1.658132486e-02
8.812297363e+02,-1.407727227e-02
8.814681396e+02,-2.473554946e-02
8.817066040e+02,-2.200677432e-02
8.819450073e+02,2.134865616e-03
8.821834717e+02,1.581084728e-02
8.824219360e+02,-1.484775078e-02
8.826604004e+02,-2.749642916e-02
8.828988647e+02,-9.358095936e-03
8.831373291e+02,2.839531936e-02
8.833757935e+02,-1.783335209e-02
8.836143188e+02,-2.078684978e-02
8.838528442e+02,1.703077182e-02
8.840913086e+02,-9.711231105e-03
8.843298340e+02,1.621213858e-03
8.845683594e+02,-5.248880479e-03
8.848069458e+02,2.001637220e-02
8.850454712e+02,-9.390198626e-03
8.852839966e+02,-1.444646041e-04
8.855225830e+02,-2.473554946e-02
8.857611694e+02,2.133260481e-02
8.859997559e+02,1.327469107e-02
8.862383423e+02,-2.425400168e-02
8.864769287e+02,-1.134849712e-02
8.867155151e+02,4.874877632e-02
8.869541626e+02,1.369203348e-02
8.871927490e+02,3.857204691e-02
8.874313965e+02,-8.073966019e-03
8.876700439e+02,1.654922217e-02
8.879086914e+02,-1.459092461e-02
8.881473389e+02,1.268078107e-03
8.883859863e+02,2.390086465e-02
8.886246948e+02,5.057866126e-02
8.888633423e+02,2.550602704e-02
8.891020508e+02,-1.927799731e-02
8.893407593e+02,1.080274116e-02
8.895794678e+02,5.786609650e-02
8.898181763e+02,1.163742598e-02
8.900568848e+02,-2.085105702e-02
8.902955933e+02,-4.799434915e-03
8.905343628e+02,-1.712707989e-02
8.907730713e+02,-2.040161192e-02
8.910118408e+02,1.170163229e-02
8.912506104e+02,2.088315971e-02
8.914893799e+02,-6.902197492e-04
8.917281494e+02,1.227949094e-02
8.919669800e+02,-1.606767438e-02
8.922057495e+02,1.139665139e-03
8.924445801e+02,-1.459092461e-02
8.926833496e+02,2.396507189e-02
8.929221802e+02,1.375623979e-02
8.931610107e+02,2.841137117e-03
8.933998413e+02,3.597168624e-02
8.936387329e+02,-7.496107370e-03
8.938775635e+02,2.841137117e-03
8.941164551e+02,-2.399717458e-02
8.943552856e+02,1.847541705e-02
8.945941772e+02,2.842742205e-02
8.948330688e+02,-3.128461167e-02
8.950719604e+02,6.581164780e-04
8.953108521e+02,2.576285414e-02
8.955498047e+02,2.971155196e-02
8.957886963e+02,-2.528130449e-02
8.960276489e+02,-2.001637220e-02
8.962666016e+02,2.611598931e-02
8.965055542e+02,2.006452763e-03
8.967445068e+02,-1.812228188e-02
8.969834595e+02,-5.762532353e-03
8.972224121e+02,3.128461167e-02
8.974614258e+02,-6.661423016e-03
8.977003784e+02,1.077063847e-02
8.979393921e+02,-1.375623979e-02
8.981784058e+02,2.470344678e-02
8.984174194e+02,9.871747345e-03
8.986564331e+02,-8.394998498e-03
8.988954468e+02,-2.197466977e-02
8.991345215e+02,-1.263262611e-02
8.993735352e+02,2.300197445e-02
8.996126099e+02,-1.969533972e-02
8.998516846e+02,5.152570549e-03
9.000907593e+02,3.369235620e-02
9.003298340e+02,1.269683335e-02
9.005689087e+02,-2.996837907e-02
9.008079834e+02,1.892486215e-02
9.010471191e+02,3.547408385e-03
9.012861938e+02,2.431820706e-02
9.015253296e+02,6.040225551e-02
9.017644653e+02,1.764073223e-02
9.020036011e+02,2.457503416e-02
9.022427368e+02,1.878039795e-03
9.024819336e+02,7.462398708e-02
9.027210693e+02,1.134849712e-02
9.029602661e+02,3.675821470e-03
9.031994019e+02,-3.691872989e-04
9.034385986e+02,2.327485243e-03
9.036777954e+02,-1.845936524e-03
9.039169922e+02,2.361193672e-02
9.041561890e+02,2.630860917e-02
9.043954468e+02,-1.414147858e-02
9.046346436e+02,-5.537809804e-03
9.048739014e+02,1.205476839e-02
9.051131592e+02,-1.845936524e-03
9.053524170e+02,-1.131639350e-02
9.055916748e+02,-2.563443966e-02
9.058309326e+02,-1.372413710e-02
9.060701904e+02,-1.462302729e-02
9.063095093e+02,-1.266472973e-02
9.065487671e+02,4.333937832e-04
9.067880859e+02,1.160532236e-02
9.070274048e+02,1.032119337e-02
9.072667236e+02,-4.735228606e-03
9.075060425e+02,6.725629792e-03
9.077454224e+02,4.730413109e-02
9.079847412e+02,3.065859899e-03
9.082240601e+02,2.608388662e-02
9.084634399e+02,-1.539350580e-02
9.087028198e+02,4.406170174e-02
9.089421997e+02,-7.817139849e-03
9.091815796e+02,3.738422692e-02
9.094209595e+02,-3.067464940e-02
9.096604004e+02,-1.253631711e-02
9.098997803e+02,-1.866803691e-02
9.101392212e+02,-2.168574184e-02
9.103786011e+02,-2.544182166e-02
9.106180420e+02,2.740011923e-02
9.108574829e+02,1.231159363e-02
9.110969849e+02,-2.605178207e-02
9.113364258e+02,-2.775325440e-02
9.115758667e+02,-1.638870686e-02
9.118153687e+02,1.764073223e-02
9.120548706e+02,4.654970253e-04
9.122943115e+02,1.443040837e-02
9.125338135e+02,5.308271572e-02
9.127733765e+02,3.900544252e-03
9.130128784e+02,-6.693526171e-03
9.132523804e+02,1.860382967e-02
9.134919434e+02,-1.526509225e-02
9.137314453e+02,-9.358095936e-03
9.139710083e+02,-3.093147650e-02
9.142105713e+02,8.523411117e-03
9.144501343e+02,7.496107370e-03
9.146896973e+02,-4.606815521e-03
9.149293213e+02,-1.966323704e-02
9.151688843e+02,-1.792966202e-02
9.154085083e+02,-5.024157465e-03
9.156480713e+02,-2.680620877e-03
9.158876953e+02,-1.375623979e-02
9.161273193e+02,-3.321080655e-02
9.163669434e+02,1.064222585e-02
9.166066284e+02,-1.494405977e-02
9.168462524e+02,-1.593925990e-02
9.170858765e+02,-1.561822835e-02
9.173255615e+02,2.006452763e-03
9.175652466e+02,-1.420568582e-02
9.178049316e+02,6.107642129e-02
9.180446167e+02,2.325879969e-02
9.182843018e+02,4.396539181e-02
9.185239868e+02,-1.382044610e-02
9.187637329e+02,-2.648517722e-03
9.190034180e+02,-1.240790356e-02
9.192431641e+02,-5.088364240e-03
9.194829102e+02,-6.661423016e-03
9.197226562e+02,-1.410937589e-02
9.199624023e+02,-2.142891474e-02
9.202021484e+02,2.277725190e-02
9.204419556e+02,1.240790356e-02
9.206817017e+02,-2.165363729e-02
9.209215088e+02,8.587617427e-03
9.211613159e+02,1.349941455e-02
9.214011230e+02,-1.878039795e-03
9.216409302e+02,-1.364387921e-03
9.218807373e+02,-1.139665139e-03
9.221205444e+02,-1.910143066e-03
9.223604126e+02,2.618019469e-02
9.226002197e+02,-4.414196126e-03
9.228400879e+02,-1.719128713e-02
9.230799561e+02,8.555514738e-03
9.233198242e+02,-1.231159363e-02
9.235596924e+02,6.051461678e-03
9.237995605e+02,-2.717539668e-02
9.240394897e+02,-1.382044610e-02
9.242793579e+02,-1.680604741e-02
9.245192871e+02,1.414147858e-02
9.247592163e+02,-1.731969975e-02
9.249991455e+02,-7.977656089e-03
9.252390747e+02,1.167434454e-01
9.254790039e+02,1.969533972e-02
9.257189331e+02,-1.658132486e-02
9.259589233e+02,-1.507247332e-02
9.261988525e+02,-1.077063847e-02
9.264388428e+02,-2.117208950e-02
9.266788330e+02,-1.183004584e-02
9.269188232e+02,-6.629319862e-03
9.271588135e+02,5.890945438e-03
9.273988037e+02,1.211897470e-02
9.276388550e+02,-3.327501193e-02
9.278788452e+02,1.796176471e-02
9.281188965e+02,2.813849412e-02
9.283589478e+02,3.964750562e-03
9.285989990e+02,4.354805127e-02
9.288390503e+02,-7.656623609e-03
9.290791016e+02,1.016067713e-02
9.293191528e+02,1.824908853e-01
9.295592651e+02,-9.791488992e-04
9.297993164e+02,1.841120981e-02
9.300394287e+02,1.195845846e-02
9.302795410e+02,-1.163742598e-02
9.305196533e+02,-1.247210987e-02
9.307597656e+02,-1.398096234e-02
9.309998779e+02,1.237580087e-02
9.312400513e+02,-3.690267727e-02
9.314801636e+02,-7.865295047e-04
9.317203369e+02,-7.014558651e-03
9.319605103e+02,1.969533972e-02
9.322006836e+02,3.130066209e-03
9.324408569e+02,1.096325740e-02
9.326810303e+02,4.720782116e-02
9.329212036e+02,-2.207097970e-02
9.331614380e+02,2.136470936e-02
9.334016113e+02,1.041750237e-02
9.336418457e+02,1.398096234e-02
9.338820801e+02,-2.621229924e-02
9.341223145e+02,6.179874297e-03
9.343625488e+02,-6.500906777e-03
9.346027832e+02,-6.757732946e-03
9.348430176e+02,-9.004959837e-03
9.350833130e+02,3.022520430e-02
9.353236084e+02,2.592336945e-02
9.355638428e+02,-3.162169596e-03
9.358041382e+02,-1.831489988e-02
9.360444336e+02,-2.540971711e-02
9.362847290e+02,1.988795958e-02
9.365250854e+02,1.956692711e-02
9.367653809e+02,-2.393296920e-02
9.370057373e+02,1.179794222e-02
9.372460327e+02,-1.266472973e-02
9.374863892e+02,1.349941455e-02
9.377267456e+02,-7.431901060e-03
9.379671021e+02,2.391691785e-03
9.382075195e+02,2.476765215e-02
9.384478760e+02,-5.762532353e-03
9.386882324e+02,-1.565033197e-02
9.389286499e+02,-1.773704216e-02
9.391690674e+02,9.743334725e-03
9.394094849e+02,1.433409844e-02
9.396499023e+02,2.203887701e-02
9.398903198e+02,8.009759709e-03
9.401307373e+02,4.457535595e-02
9.403712158e+02,-9.229682386e-03
9.406116333e+02,2.284145728e-02
9.408521118e+02,-2.592336945e-02
9.410925903e+02,-1.038539968e-02
9.413330078e+02,2.945472673e-02
9.415735474e+02,-1.385254972e-02
9.418140259e+02,7.271384820e-03
9.420545044e+02,-1.327469107e-02
9.422950439e+02,3.237612173e-02
9.425355225e+02,-8.362894878e-03
9.427760620e+02,-2.614809200e-02
9.430166016e+02,2.648517722e-03
9.432571411e+02,1.529719587e-02
9.434976807e+02,-7.078765426e-03
9.437382202e+02,-2.332300693e-02
9.439787598e+02,6.468803622e-03
9.442193604e+02,-1.475144085e-02
9.444599609e+02,-9.791488992e-04
9.447005005e+02,-2.841137117e-03
9.449411011e+02,-9.968057275e-03
9.451817017e+02,-2.552207792e-03
9.454223022e+02,-2.415769175e-02
9.456629639e+02,7.624520455e-03
9.459035645e+02,-9.582818486e-03
9.461442261e+02,-1.128428988e-02
9.463848267e+02,-2.213518694e-02
9.466254883e+02,4.638918675e-03
9.468661499e+02,5.366057158e-02
9.471068115e+02,1.332284650e-03
9.473475342e+02,-4.703125451e-03
9.475881958e+02,-2.839531936e-02
9.478288574e+02,-7.303487975e-03
9.480695801e+02,-2.113998681e-02
9.483103027e+02,-1.523298956e-02
9.485510254e+02,2.386876196e-02
9.487917480e+02,1.947061718e-02
9.490324707e+02,1.982375234e-02
9.492731934e+02,-2.287356183e-02
9.495139160e+02,-4.093163647e-03
9.497546997e+02,1.118798088e-02
9.499954834e+02,-8.748133667e-03
9.502362061e+02,4.008090124e-02
9.504769897e+02,-9.069166146e-03
9.507177734e+02,2.078684978e-02
9.509585571e+02,3.128461167e-02
9.511994019e+02,5.634119269e-03
9.514401855e+02,2.110788226e-02
9.516810303e+02,1.552191842e-02
9.519218140e+02,5.826738663e-03
9.521626587e+02,-2.091526426e-02
9.524035034e+02,-1.139665139e-03
9.526443481e+02,5.109231174e-02
9.528852539e+02,-7.207178511e-03
9.531260986e+02,-3.054623678e-02
9.533669434e+02,-1.333889831e-02
9.536078491e+02,1.653317013e-03
9.538487549e+02,2.862004191e-02
9.540896606e+02,-3.462334722e-02
9.543305664e+02,1.012857351e-02
9.545714722e+02,-1.154111605e-02
9.548123779e+02,3.032151423e-02
9.550532837e+02,1.385254972e-02
9.552942505e+02,-2.370824665e-02
9.555352173e+02,2.887686715e-02
9.557761230e+02,2.566654421e-02
9.560170898e+02,-3.804234322e-03
9.562580566e+02,-1.757652685e-02
9.564990845e+02,-9.454404935e-03
9.567400513e+02,2.374034934e-02
9.569810181e+02,1.378834341e-02
9.572220459e+02,-2.457503416e-02
9.574630737e+02,-9.582818486e-03
9.577040405e+02,1.621213858e-03
9.579450684e+02,2.075474709e-02
9.581860962e+02,-2.833111212e-02
9.584271851e+02,-5.794635508e-03
9.586682129e+02,7.592417300e-03
9.589092407e+02,2.675805427e-02
9.591503296e+02,-4.093163647e-03
9.593914185e+02,1.974349609e-03
9.596325073e+02,5.394950137e-02
9.598735962e+02,-8.748133667e-03
9.601146851e+02,-1.719128713e-02
9.603557739e+02,6.211977918e-03
9.605968628e+02,1.032119337e-02
9.608380127e+02,7.271384820e-03
9.610791626e+02,-2.123629674e-02
9.613202515e+02,1.308207214e-02
9.615614014e+02,-1.272893604e-02
9.618025513e+02,-1.760862954e-02
9.620437012e+02,-1.918168738e-02
9.622849121e+02,4.088348150e-02
9.625260620e+02,8.587617427e-03
9.627672729e+02,-1.150901336e-02
9.630084229e+02,-2.309828438e-02
9.632496338e+02,8.186327177e-04
9.634908447e+02,-6.693526171e-03
9.637320557e+02,-2.566654421e-02
9.639732666e+02,-7.335591130e-03
9.642145386e+02,5.473603029e-03
9.644557495e+02,4.720782116e-02
9.646970215e+02,1.910143066e-03
9.649382324e+02,-1.683815196e-02
9.651795044e+02,-9.470456862e-04
9.654207764e+02,2.630860917e-02
9.656620483e+02,-4.189473577e-03
9.659033203e+02,-2.181415446e-02
9.661446533e+02,2.759273909e-02
9.663859253e+02,-1.083484478e-02
9.666272583e+02,-2.839531936e-02
9.668685913e+02,-9.839644656e-03
9.671099243e+02,-6.597216707e-03
9.673512573e+02,1.382044610e-02
9.675925903e+02,1.605162288e-05
9.678339233e+02,-1.327469107e-02
9.680752563e+02,2.650122717e-02
9.683166504e+02,2.184625715e-02
9.685579834e+02,-3.579511773e-03
9.687993774e+02,1.577874459e-02
9.690407715e+02,-1.163742598e-02
9.692821655e+02,-1.118798088e-02
9.695235596e+02,1.609977707e-02
9.697650146e+02,8.394998498e-03
9.700064087e+02,-1.240790356e-02
9.702478638e+02,3.097963054e-03
9.704892578e+02,-2.162153460e-02
9.707307129e+02,-2.598757669e-02
9.709721680e+02,1.353151724e-02
9.712136230e+02,-5.955151748e-03
9.714550781e+02,-1.141270343e-02
9.716965942e+02,-1.359572355e-02
9.719380493e+02,4.650155082e-02
9.721795654e+02,-9.261786006e-03
9.724210205e+02,-2.351562679e-02
9.726625366e+02,1.760862954e-02
9.729040527e+02,-1.247210987e-02
9.731455688e+02,9.539479017e-02
9.733870850e+02,-8.234482259e-03
9.736286621e+02,-2.685436420e-02
9.738701782e+02,1.195845846e-02
9.741117554e+02,2.841137117e-03
9.743533325e+02,3.964750562e-03
9.745948486e+02,-2.752853185e-02
9.748364258e+02,6.500906777e-03
9.750780029e+02,-9.165476076e-03
9.753196411e+02,-2.531340718e-02
9.755612183e+02,-1.760862954e-02
9.758028564e+02,1.364387921e-03
9.760444336e+02,1.731969975e-02
9.762860718e+02,-2.550602704e-02
9.765277100e+02,5.744875595e-02
9.767693481e+02,-5.088364240e-03
9.770109863e+02,2.794587426e-02
9.772526245e+02,-2.666174434e-02
9.774943237e+02,-6.565113552e-03
9.777359619e+02,-6.372494157e-03
9.779776611e+02,6.725629792e-03
9.782193604e+02,-2.268094197e-02
9.784610596e+02,2.618019469e-02
9.787027588e+02,-1.792966202e-02
9.789444580e+02,-1.043355442e-03
9.791861572e+02,-2.438241430e-02
9.794278564e+02,-1.773704216e-02
9.796696167e+02,3.895728663e-02
9.799113770e+02,3.202298656e-02
9.801530762e+02,-7.175074890e-03
9.803948364e+02,-1.878039795e-03
9.806365967e+02,1.597136445e-02
9.808784180e+02,6.597216707e-03
9.811201782e+02,-2.520104637e-03
9.813619385e+02,-5.088364240e-03
9.816037598e+02,-4.831538070e-03
9.818455811e+02,-1.616398245e-02
9.820873413e+02,-2.030530199e-02
9.823291626e+02,3.134881705e-02
9.825709839e+02,-6.244081073e-03
9.828128662e+02,2.293776721e-02
9.830546875e+02,-2.162153460e-02
9.832965088e+02,1.587505452e-02
9.835383911e+02,2.595547214e-02
9.837802734e+02,-1.420568582e-02
9.840221558e+02,-3.083516657e-02
9.842639771e+02,-2.219939232e-02
9.845059204e+02,-5.730429199e-03
9.847478027e+02,-7.335591130e-03
9.849896851e+02,1.687025465e-02
9.852316284e+02,-3.221560642e-02
9.854735107e+02,8.138172328e-03
9.857154541e+02,5.552256107e-02
9.859573975e+02,-2.155732922e-02
9.861993408e+02,-4.061060492e-03
9.864412842e+02,4.542609211e-03
9.866832275e+02,2.199072158e-03
9.869251709e+02,-1.635660231e-02
9.871671753e+02,-1.600346714e-02
9.874091797e+02,2.595547214e-02
9.876511230e+02,-9.470456862e-04
9.878931274e+02,-1.703077182e-02
9.881351318e+02,-2.698277682e-02
9.883771362e+02,4.703125451e-03
9.886192017e+02,7.496107370e-03
9.888612061e+02,-4.799434915e-03
9.891032104e+02,-5.024157465e-03
9.893452759e+02,-2.552207792e-03
9.895873413e+02,-2.552207792e-03
9.898294067e+02,-9.486508556e-03
9.900714722e+02,3.547408385e-03
9.903135376e+02,2.165363729e-02
9.905556030e+02,-5.473603029e-03
9.907977295e+02,-1.224738732e-02
9.910397949e+02,2.123629674e-02
9.912819214e+02,1.841120981e-02
9.915239868e+02,-7.399797905e-03
9.917661133e+02,-2.640491910e-02
9.920082397e+02,1.685420284e-03
9.922504272e+02,1.006436720e-02
9.924925537e+02,-8.555514738e-03
9.927346802e+02,-2.309828438e-02
9.929768677e+02,-6.051461678e-03
9.932189941e+02,-5.152570549e-03
9.934611816e+02,-1.011252170e-03
9.937033691e+02,-2.178205177e-02
9.939455566e+02,3.288977221e-02
9.941877441e+02,1.632449962e-02
9.944299927e+02,1.927799731e-02
9.946721802e+02,-1.536140218e-02
9.949143677e+02,5.441499874e-03
9.951566162e+02,-5.730429199e-03
9.953988647e+02,2.852373198e-02
9.956411133e+02,-2.428610437e-02
9.958833618e+02,-8.828392019e-04
9.961256104e+02,1.765678462e-04
9.963678589e+02,-1.953482442e-02
9.966101685e+02,-4.478402436e-03
9.968524170e+02,1.444646041e-04
9.970947266e+02,2.550602704e-02
9.973370361e+02,1.520088594e-02
9.975793457e+02,-9.454404935e-03
9.978216553e+02,4.216761142e-02
9.980639648e+02,1.863593236e-02
9.983062744e+02,-2.322669700e-02
9.985486450e+02,-2.319459431e-02
9.987909546e+02,-6.693526171e-03
9.990333252e+02,-1.224738732e-02
9.992756958e+02,-2.993627451e-02
9.995180664e+02,-3.022520430e-02
9.997604370e+02,5.780189112e-02
1.000002808e+03,-1.651711948e-02
1.000245178e+03,-1.426989213e-02
1.000487610e+03,5.216777325e-03
1.000729980e+03,8.266584948e-03
1.000972412e+03,2.852373198e-02
1.001214844e+03,-3.170195222e-02
1.001457275e+03,-1.179794222e-02
1.001699707e+03,-8.523411117e-03
1.001942139e+03,-8.427101187e-03
1.002184570e+03,-1.272893604e-02
1.002427063e+03,-7.046662271e-03
1.002669495e+03,7.207178511e-03
1.002911987e+03,-2.520104637e-03
1.003154480e+03,-9.229682386e-03
1.003396973e+03,4.510505591e-03
1.003639465e+03,3.163774684e-02
1.003881958e+03,-3.900544252e-03
1.004124451e+03,1.396491076e-03
1.004367004e+03,-4.061060492e-03
1.004609497e+03,1.764073223e-02
1.004852051e+03,-1.035329606e-02
1.005094604e+03,-2.133260481e-02
1.005337158e+03,-8.619721048e-03
1.005579712e+03,-1.224738732e-02
1.005822266e+03,2.969549969e-03
1.006064819e+03,1.444646041e-04
1.006307434e+03,1.523298956e-02
1.006549988e+03,2.765694447e-02
1.006792603e+03,1.128428988e-02
1.007035217e+03,1.102746464e-02
1.007277832e+03,-1.597136445e-02
1.007520447e+03,3.715950623e-02
1.007763062e+03,3.237612173e-02
1.008005676e+03,-1.532929856e-02
1.008248352e+03,-2.425400168e-02
1.008490967e+03,-6.260132650e-04
1.008733643e+03,-3.740028013e-03
1.008976318e+03,-1.430199482e-02
1.009218994e+03,2.781746164e-02
1.009461670e+03,9.743334725e-03
1.009704346e+03,3.677426651e-02
1.009947021e+03,3.900544252e-03
1.010189758e+03,4.996870086e-02
1.010432434e+03,3.836337710e-03
1.010675171e+03,-2.680620877e-03
1.010917908e+03,-1.208687108e-02
1.011160645e+03,-2.627650462e-02
1.011403381e+03,1.332284650e-03
1.011646118e+03,-1.446251106e-02
1.011888855e+03,-1.773704216e-02
1.012131653e+03,-7.528210524e-03
1.012374390e+03,1.622818969e-02
1.012617188e+03,8.523411117e-03
1.012859985e+03,-2.130050212e-02
1.013102783e+03,-6.821939256e-03
1.013345581e+03,2.666174434e-02
1.013588379e+03,5.248880479e-03
1.013831177e+03,6.581164780e-04
1.014074036e+03,1.308207214e-02
1.014316833e+03,-6.950352341e-03
1.014559692e+03,7.496107370e-03
1.014802551e+03,2.235990949e-02
1.015045349e+03,-1.638870686e-02
1.015288269e+03,1.751231961e-02
1.015531128e+03,1.539350580e-02
1.015773987e+03,-8.881362528e-02
1.016016846e+03,-8.868521452e-02
1.016259766e+03,-9.041878581e-02
1.016502686e+03,-8.852469176e-02
1.016745544e+03,-9.048299491e-02
1.016988464e+03,-9.029037505e-02
