in s,C1 in V
-8.0000E-06,3.78418E-01
-7.9984E-06,3.39355E-01
-7.9968E-06,2.66113E-01
-7.9952E-06,1.92871E-01
-7.9936E-06,1.00098E-01
-7.9920E-06,1.22070E-02
-7.9904E-06,-8.05664E-02
-7.9888E-06,-1.73340E-01
-7.9872E-06,-2.61230E-01
-7.9856E-06,-3.34473E-01
-7.9840E-06,-3.83301E-01
-7.9824E-06,-4.02832E-01
-7.9808E-06,-4.02832E-01
-7.9792E-06,-3.97949E-01
-7.9776E-06,-3.68652E-01
-7.9760E-06,-2.95410E-01
-7.9744E-06,-2.31934E-01
-7.9728E-06,-1.58691E-01
-7.9712E-06,-8.05664E-02
-7.9696E-06,2.44141E-03
-7.9680E-06,1.09863E-01
-7.9664E-06,1.87988E-01
-7.9648E-06,2.70996E-01
-7.9632E-06,3.49121E-01
-7.9616E-06,3.83301E-01
-7.9600E-06,4.22363E-01
-7.9584E-06,4.17480E-01
-7.9568E-06,4.27246E-01
-7.9552E-06,3.83301E-01
-7.9536E-06,3.29590E-01
-7.9520E-06,2.70996E-01
-7.9504E-06,1.83105E-01
-7.9488E-06,1.09863E-01
-7.9472E-06,2.19727E-02
-7.9456E-06,-8.05664E-02
-7.9440E-06,-1.63574E-01
-7.9424E-06,-2.41699E-01
-7.9408E-06,-3.10059E-01
-7.9392E-06,-3.39355E-01
-7.9376E-06,-3.93066E-01
-7.9360E-06,-4.07715E-01
-7.9344E-06,-3.88184E-01
-7.9328E-06,-3.58887E-01
-7.9312E-06,-3.05176E-01
-7.9296E-06,-2.46582E-01
-7.9280E-06,-1.73340E-01
-7.9264E-06,-8.54492E-02
-7.9248E-06,1.22070E-02
-7.9232E-06,9.03320E-02
-7.9216E-06,1.78223E-01
-7.9200E-06,2.66113E-01
-7.9184E-06,3.29590E-01
-7.9168E-06,3.78418E-01
-7.9152E-06,4.07715E-01
-7.9136E-06,4.27246E-01
-7.9120E-06,4.12598E-01
-7.9104E-06,3.97949E-01
-7.9088E-06,3.39355E-01
-7.9072E-06,2.75879E-01
-7.9056E-06,1.97754E-01
-7.9040E-06,1.24512E-01
-7.9024E-06,2.68555E-02
-7.9008E-06,-5.12695E-02
-7.8992E-06,-1.53809E-01
-7.8976E-06,-2.36816E-01
-7.8960E-06,-3.05176E-01
-7.8944E-06,-3.49121E-01
-7.8928E-06,-3.68652E-01
-7.8912E-06,-4.07715E-01
-7.8896E-06,-3.83301E-01
-7.8880E-06,-3.73535E-01
-7.8864E-06,-3.10059E-01
-7.8848E-06,-2.66113E-01
-7.8832E-06,-1.78223E-01
-7.8816E-06,-9.52148E-02
-7.8800E-06,-1.22070E-02
-7.8784E-06,8.54492E-02
-7.8768E-06,1.83105E-01
-7.8752E-06,2.56348E-01
-7.8736E-06,3.34473E-01
-7.8720E-06,3.73535E-01
-7.8704E-06,4.17480E-01
-7.8688E-06,4.22363E-01
-7.8672E-06,4.27246E-01
-7.8656E-06,3.93066E-01
-7.8640E-06,3.58887E-01
-7.8624E-06,2.85645E-01
-7.8608E-06,2.12402E-01
-7.8592E-06,1.39160E-01
-7.8576E-06,2.68555E-02
-7.8560E-06,-5.12695E-02
-7.8544E-06,-1.39160E-01
-7.8528E-06,-2.27051E-01
-7.8512E-06,-3.00293E-01
-7.8496E-06,-3.54004E-01
-7.8480E-06,-3.93066E-01
-7.8464E-06,-4.17480E-01
-7.8448E-06,-3.97949E-01
-7.8432E-06,-3.78418E-01
-7.8416E-06,-3.29590E-01
-7.8400E-06,-2.70996E-01
-7.8384E-06,-2.02637E-01
-7.8368E-06,-1.19629E-01
-7.8352E-06,-3.17383E-02
-7.8336E-06,6.59180E-02
-7.8320E-06,1.78223E-01
-7.8304E-06,2.41699E-01
-7.8288E-06,3.19824E-01
-7.8272E-06,3.68652E-01
-7.8256E-06,4.22363E-01
-7.8240E-06,4.32129E-01
-7.8224E-06,4.22363E-01
-7.8208E-06,3.97949E-01
-7.8192E-06,3.73535E-01
-7.8176E-06,3.00293E-01
-7.8160E-06,2.27051E-01
-7.8144E-06,1.48926E-01
-7.8128E-06,7.08008E-02
-7.8112E-06,-4.15039E-02
-7.8096E-06,-1.19629E-01
-7.8080E-06,-2.22168E-01
-7.8064E-06,-3.00293E-01
-7.8048E-06,-3.54004E-01
-7.8032E-06,-3.78418E-01
-7.8016E-06,-4.02832E-01
-7.8000E-06,-4.07715E-01
-7.7984E-06,-3.73535E-01
-7.7968E-06,-3.44238E-01
-7.7952E-06,-2.66113E-01
-7.7936E-06,-2.02637E-01
-7.7920E-06,-1.19629E-01
-7.7904E-06,-2.68555E-02
-7.7888E-06,6.59180E-02
-7.7872E-06,1.73340E-01
-7.7856E-06,2.36816E-01
-7.7840E-06,3.19824E-01
-7.7824E-06,3.63770E-01
-7.7808E-06,4.17480E-01
-7.7792E-06,4.12598E-01
-7.7776E-06,4.27246E-01
-7.7760E-06,4.22363E-01
-7.7744E-06,3.63770E-01
-7.7728E-06,3.05176E-01
-7.7712E-06,2.31934E-01
-7.7696E-06,1.58691E-01
-7.7680E-06,8.05664E-02
-7.7664E-06,-3.66211E-02
-7.7648E-06,-1.04980E-01
-7.7632E-06,-2.17285E-01
-7.7616E-06,-2.85645E-01
-7.7600E-06,-3.49121E-01
-7.7584E-06,-3.83301E-01
-7.7568E-06,-3.93066E-01
-7.7552E-06,-4.07715E-01
-7.7536E-06,-3.78418E-01
-7.7520E-06,-3.44238E-01
-7.7504E-06,-2.95410E-01
-7.7488E-06,-2.17285E-01
-7.7472E-06,-1.24512E-01
-7.7456E-06,-5.61523E-02
-7.7440E-06,4.63867E-02
-7.7424E-06,1.58691E-01
-7.7408E-06,2.27051E-01
-7.7392E-06,3.00293E-01
-7.7376E-06,3.49121E-01
-7.7360E-06,3.83301E-01
-7.7344E-06,4.22363E-01
-7.7328E-06,4.22363E-01
-7.7312E-06,4.22363E-01
-7.7296E-06,3.83301E-01
-7.7280E-06,3.19824E-01
-7.7264E-06,2.51465E-01
-7.7248E-06,1.73340E-01
-7.7232E-06,8.54492E-02
-7.7216E-06,-2.44141E-03
-7.7200E-06,-1.04980E-01
-7.7184E-06,-1.92871E-01
-7.7168E-06,-2.70996E-01
-7.7152E-06,-3.29590E-01
-7.7136E-06,-3.88184E-01
-7.7120E-06,-3.93066E-01
-7.7104E-06,-4.07715E-01
-7.7088E-06,-3.93066E-01
-7.7072E-06,-3.44238E-01
-7.7056E-06,-3.00293E-01
-7.7040E-06,-2.27051E-01
-7.7024E-06,-1.48926E-01
-7.7008E-06,-6.59180E-02
-7.6992E-06,2.19727E-02
-7.6976E-06,1.24512E-01
-7.6960E-06,2.07520E-01
-7.6944E-06,2.70996E-01
-7.6928E-06,3.58887E-01
-7.6912E-06,4.07715E-01
-7.6896E-06,4.27246E-01
-7.6880E-06,4.32129E-01
-7.6864E-06,4.12598E-01
-7.6848E-06,3.78418E-01
-7.6832E-06,3.34473E-01
-7.6816E-06,2.51465E-01
-7.6800E-06,1.73340E-01
-7.6784E-06,8.54492E-02
-7.6768E-06,-2.44141E-03
-7.6752E-06,-9.03320E-02
-7.6736E-06,-1.83105E-01
-7.6720E-06,-2.66113E-01
-7.6704E-06,-3.24707E-01
-7.6688E-06,-3.54004E-01
-7.6672E-06,-3.88184E-01
-7.6656E-06,-3.93066E-01
-7.6640E-06,-3.83301E-01
-7.6624E-06,-3.54004E-01
-7.6608E-06,-3.00293E-01
-7.6592E-06,-2.46582E-01
-7.6576E-06,-1.53809E-01
-7.6560E-06,-8.54492E-02
-7.6544E-06,1.22070E-02
-7.6528E-06,1.14746E-01
-7.6512E-06,1.97754E-01
-7.6496E-06,2.85645E-01
-7.6480E-06,3.44238E-01
-7.6464E-06,3.93066E-01
-7.6448E-06,4.12598E-01
-7.6432E-06,4.27246E-01
-7.6416E-06,4.22363E-01
-7.6400E-06,3.93066E-01
-7.6384E-06,3.39355E-01
-7.6368E-06,2.66113E-01
-7.6352E-06,1.83105E-01
-7.6336E-06,1.09863E-01
-7.6320E-06,7.32422E-03
-7.6304E-06,-9.03320E-02
-7.6288E-06,-1.73340E-01
-7.6272E-06,-2.51465E-01
-7.6256E-06,-3.19824E-01
-7.6240E-06,-3.58887E-01
-7.6224E-06,-4.02832E-01
-7.6208E-06,-3.97949E-01
-7.6192E-06,-3.93066E-01
-7.6176E-06,-3.68652E-01
-7.6160E-06,-3.10059E-01
-7.6144E-06,-2.46582E-01
-7.6128E-06,-1.68457E-01
-7.6112E-06,-8.05664E-02
-7.6096E-06,1.22070E-02
-7.6080E-06,1.00098E-01
-7.6064E-06,1.83105E-01
-7.6048E-06,2.66113E-01
-7.6032E-06,3.29590E-01
-7.6016E-06,3.88184E-01
-7.6000E-06,4.12598E-01
-7.5984E-06,4.22363E-01
-7.5968E-06,4.32129E-01
-7.5952E-06,3.88184E-01
-7.5936E-06,3.44238E-01
-7.5920E-06,2.75879E-01
-7.5904E-06,1.92871E-01
-7.5888E-06,1.04980E-01
-7.5872E-06,2.68555E-02
-7.5856E-06,-6.59180E-02
-7.5840E-06,-1.63574E-01
-7.5824E-06,-2.36816E-01
-7.5808E-06,-3.10059E-01
-7.5792E-06,-3.54004E-01
-7.5776E-06,-3.93066E-01
-7.5760E-06,-4.02832E-01
-7.5744E-06,-4.02832E-01
-7.5728E-06,-3.73535E-01
-7.5712E-06,-3.05176E-01
-7.5696E-06,-2.51465E-01
-7.5680E-06,-1.78223E-01
-7.5664E-06,-9.52148E-02
-7.5648E-06,-2.44141E-03
-7.5632E-06,9.52148E-02
-7.5616E-06,1.78223E-01
-7.5600E-06,2.70996E-01
-7.5584E-06,3.24707E-01
-7.5568E-06,3.93066E-01
-7.5552E-06,4.22363E-01
-7.5536E-06,4.32129E-01
-7.5520E-06,4.32129E-01
-7.5504E-06,3.97949E-01
-7.5488E-06,3.63770E-01
-7.5472E-06,2.85645E-01
-7.5456E-06,2.07520E-01
-7.5440E-06,1.44043E-01
-7.5424E-06,2.68555E-02
-7.5408E-06,-5.12695E-02
-7.5392E-06,-1.44043E-01
-7.5376E-06,-2.22168E-01
-7.5360E-06,-3.00293E-01
-7.5344E-06,-3.44238E-01
-7.5328E-06,-3.73535E-01
-7.5312E-06,-3.97949E-01
-7.5296E-06,-3.88184E-01
-7.5280E-06,-3.63770E-01
-7.5264E-06,-3.29590E-01
-7.5248E-06,-2.61230E-01
-7.5232E-06,-1.97754E-01
-7.5216E-06,-1.00098E-01
-7.5200E-06,-2.44141E-03
-7.5184E-06,8.54492E-02
-7.5168E-06,1.63574E-01
-7.5152E-06,2.36816E-01
-7.5136E-06,3.19824E-01
-7.5120E-06,3.78418E-01
-7.5104E-06,4.27246E-01
-7.5088E-06,4.22363E-01
-7.5072E-06,4.22363E-01
-7.5056E-06,3.93066E-01
-7.5040E-06,3.73535E-01
-7.5024E-06,3.00293E-01
-7.5008E-06,2.17285E-01
-7.4992E-06,1.29395E-01
-7.4976E-06,4.15039E-02
-7.4960E-06,-5.61523E-02
-7.4944E-06,-1.34277E-01
-7.4928E-06,-2.41699E-01
-7.4912E-06,-2.95410E-01
-7.4896E-06,-3.49121E-01
-7.4880E-06,-3.88184E-01
-7.4864E-06,-4.07715E-01
-7.4848E-06,-4.12598E-01
-7.4832E-06,-3.88184E-01
-7.4816E-06,-3.24707E-01
-7.4800E-06,-2.66113E-01
-7.4784E-06,-1.97754E-01
-7.4768E-06,-1.24512E-01
-7.4752E-06,-1.70898E-02
-7.4736E-06,7.56836E-02
-7.4720E-06,1.53809E-01
-7.4704E-06,2.31934E-01
-7.4688E-06,3.05176E-01
-7.4672E-06,3.63770E-01
-7.4656E-06,4.12598E-01
-7.4640E-06,4.32129E-01
-7.4624E-06,4.32129E-01
-7.4608E-06,3.97949E-01
-7.4592E-06,3.63770E-01
-7.4576E-06,3.10059E-01
-7.4560E-06,2.41699E-01
-7.4544E-06,1.44043E-01
-7.4528E-06,6.10352E-02
-7.4512E-06,-3.66211E-02
-7.4496E-06,-1.29395E-01
-7.4480E-06,-2.17285E-01
-7.4464E-06,-2.70996E-01
-7.4448E-06,-3.24707E-01
-7.4432E-06,-3.78418E-01
-7.4416E-06,-4.07715E-01
-7.4400E-06,-3.93066E-01
-7.4384E-06,-3.88184E-01
-7.4368E-06,-3.29590E-01
-7.4352E-06,-2.70996E-01
-7.4336E-06,-2.12402E-01
-7.4320E-06,-1.14746E-01
-7.4304E-06,-2.68555E-02
-7.4288E-06,6.10352E-02
-7.4272E-06,1.53809E-01
-7.4256E-06,2.17285E-01
-7.4240E-06,3.05176E-01
-7.4224E-06,3.49121E-01
-7.4208E-06,3.97949E-01
-7.4192E-06,4.27246E-01
-7.4176E-06,4.27246E-01
-7.4160E-06,4.12598E-01
-7.4144E-06,3.73535E-01
-7.4128E-06,3.05176E-01
-7.4112E-06,2.46582E-01
-7.4096E-06,1.58691E-01
-7.4080E-06,7.56836E-02
-7.4064E-06,-2.68555E-02
-7.4048E-06,-1.19629E-01
-7.4032E-06,-1.87988E-01
-7.4016E-06,-2.70996E-01
-7.4000E-06,-3.34473E-01
-7.3984E-06,-3.78418E-01
-7.3968E-06,-4.07715E-01
-7.3952E-06,-4.12598E-01
-7.3936E-06,-3.83301E-01
-7.3920E-06,-3.44238E-01
-7.3904E-06,-2.70996E-01
-7.3888E-06,-2.17285E-01
-7.3872E-06,-1.29395E-01
-7.3856E-06,-6.10352E-02
-7.3840E-06,5.61523E-02
-7.3824E-06,1.34277E-01
-7.3808E-06,2.17285E-01
-7.3792E-06,2.95410E-01
-7.3776E-06,3.58887E-01
-7.3760E-06,4.07715E-01
-7.3744E-06,4.22363E-01
-7.3728E-06,4.32129E-01
-7.3712E-06,4.12598E-01
-7.3696E-06,3.83301E-01
-7.3680E-06,3.24707E-01
-7.3664E-06,2.56348E-01
-7.3648E-06,1.78223E-01
-7.3632E-06,7.56836E-02
-7.3616E-06,-7.32422E-03
-7.3600E-06,-1.04980E-01
-7.3584E-06,-1.92871E-01
-7.3568E-06,-2.66113E-01
-7.3552E-06,-3.39355E-01
-7.3536E-06,-3.68652E-01
-7.3520E-06,-3.88184E-01
-7.3504E-06,-3.78418E-01
-7.3488E-06,-3.88184E-01
-7.3472E-06,-3.44238E-01
-7.3456E-06,-3.05176E-01
-7.3440E-06,-2.41699E-01
-7.3424E-06,-1.53809E-01
-7.3408E-06,-6.10352E-02
-7.3392E-06,4.15039E-02
-7.3376E-06,1.24512E-01
-7.3360E-06,2.12402E-01
-7.3344E-06,2.90527E-01
-7.3328E-06,3.44238E-01
-7.3312E-06,3.88184E-01
-7.3296E-06,4.12598E-01
-7.3280E-06,4.32129E-01
-7.3264E-06,4.07715E-01
-7.3248E-06,3.83301E-01
-7.3232E-06,3.29590E-01
-7.3216E-06,2.66113E-01
-7.3200E-06,1.78223E-01
-7.3184E-06,8.05664E-02
-7.3168E-06,-2.44141E-03
-7.3152E-06,-9.03320E-02
-7.3136E-06,-1.83105E-01
-7.3120E-06,-2.46582E-01
-7.3104E-06,-3.29590E-01
-7.3088E-06,-3.78418E-01
-7.3072E-06,-3.78418E-01
-7.3056E-06,-4.07715E-01
-7.3040E-06,-3.78418E-01
-7.3024E-06,-3.58887E-01
-7.3008E-06,-3.19824E-01
-7.2992E-06,-2.46582E-01
-7.2976E-06,-1.53809E-01
-7.2960E-06,-7.08008E-02
-7.2944E-06,3.66211E-02
-7.2928E-06,1.24512E-01
-7.2912E-06,2.02637E-01
-7.2896E-06,2.70996E-01
-7.2880E-06,3.34473E-01
-7.2864E-06,3.83301E-01
-7.2848E-06,4.07715E-01
-7.2832E-06,4.32129E-01
-7.2816E-06,4.12598E-01
-7.2800E-06,3.93066E-01
-7.2784E-06,3.49121E-01
-7.2768E-06,2.85645E-01
-7.2752E-06,2.02637E-01
-7.2736E-06,1.04980E-01
-7.2720E-06,2.44141E-03
-7.2704E-06,-8.05664E-02
-7.2688E-06,-1.78223E-01
-7.2672E-06,-2.41699E-01
-7.2656E-06,-3.05176E-01
-7.2640E-06,-3.63770E-01
-7.2624E-06,-3.83301E-01
-7.2608E-06,-4.02832E-01
-7.2592E-06,-3.93066E-01
-7.2576E-06,-3.73535E-01
-7.2560E-06,-3.19824E-01
-7.2544E-06,-2.51465E-01
-7.2528E-06,-1.78223E-01
-7.2512E-06,-9.03320E-02
-7.2496E-06,7.32422E-03
-7.2480E-06,1.14746E-01
-7.2464E-06,1.97754E-01
-7.2448E-06,2.66113E-01
-7.2432E-06,3.29590E-01
-7.2416E-06,3.93066E-01
-7.2400E-06,4.27246E-01
-7.2384E-06,4.37012E-01
-7.2368E-06,4.32129E-01
-7.2352E-06,3.83301E-01
-7.2336E-06,3.39355E-01
-7.2320E-06,2.75879E-01
-7.2304E-06,2.02637E-01
-7.2288E-06,1.24512E-01
-7.2272E-06,2.68555E-02
-7.2256E-06,-5.12695E-02
-7.2240E-06,-1.63574E-01
-7.2224E-06,-2.46582E-01
-7.2208E-06,-3.00293E-01
-7.2192E-06,-3.58887E-01
-7.2176E-06,-3.83301E-01
-7.2160E-06,-3.97949E-01
-7.2144E-06,-3.93066E-01
-7.2128E-06,-3.63770E-01
-7.2112E-06,-3.24707E-01
-7.2096E-06,-2.61230E-01
-7.2080E-06,-1.87988E-01
-7.2064E-06,-1.04980E-01
-7.2048E-06,-2.44141E-03
-7.2032E-06,9.03320E-02
-7.2016E-06,1.87988E-01
-7.2000E-06,2.66113E-01
-7.1984E-06,3.24707E-01
-7.1968E-06,3.73535E-01
-7.1952E-06,4.02832E-01
-7.1936E-06,4.41895E-01
-7.1920E-06,4.27246E-01
-7.1904E-06,3.88184E-01
-7.1888E-06,3.54004E-01
-7.1872E-06,2.80762E-01
-7.1856E-06,2.12402E-01
-7.1840E-06,1.14746E-01
-7.1824E-06,2.68555E-02
-7.1808E-06,-4.63867E-02
-7.1792E-06,-1.58691E-01
-7.1776E-06,-2.31934E-01
-7.1760E-06,-2.85645E-01
-7.1744E-06,-3.54004E-01
-7.1728E-06,-3.93066E-01
-7.1712E-06,-3.73535E-01
-7.1696E-06,-4.02832E-01
-7.1680E-06,-3.63770E-01
-7.1664E-06,-3.39355E-01
-7.1648E-06,-2.61230E-01
-7.1632E-06,-1.97754E-01
-7.1616E-06,-1.09863E-01
-7.1600E-06,-2.19727E-02
-7.1584E-06,6.59180E-02
-7.1568E-06,1.58691E-01
-7.1552E-06,2.36816E-01
-7.1536E-06,3.19824E-01
-7.1520E-06,3.58887E-01
-7.1504E-06,4.22363E-01
-7.1488E-06,4.22363E-01
-7.1472E-06,4.22363E-01
-7.1456E-06,4.02832E-01
-7.1440E-06,3.58887E-01
-7.1424E-06,3.00293E-01
-7.1408E-06,2.22168E-01
-7.1392E-06,1.34277E-01
-7.1376E-06,3.66211E-02
-7.1360E-06,-4.15039E-02
-7.1344E-06,-1.44043E-01
-7.1328E-06,-2.17285E-01
-7.1312E-06,-2.80762E-01
-7.1296E-06,-3.54004E-01
-7.1280E-06,-3.68652E-01
-7.1264E-06,-4.02832E-01
-7.1248E-06,-4.02832E-01
-7.1232E-06,-3.68652E-01
-7.1216E-06,-3.19824E-01
-7.1200E-06,-2.75879E-01
-7.1184E-06,-1.97754E-01
-7.1168E-06,-1.24512E-01
-7.1152E-06,-2.68555E-02
-7.1136E-06,7.08008E-02
-7.1120E-06,1.63574E-01
-7.1104E-06,2.36816E-01
-7.1088E-06,3.05176E-01
-7.1072E-06,3.73535E-01
-7.1056E-06,4.07715E-01
-7.1040E-06,4.27246E-01
-7.1024E-06,4.32129E-01
-7.1008E-06,4.02832E-01
-7.0992E-06,3.58887E-01
-7.0976E-06,3.05176E-01
-7.0960E-06,2.31934E-01
-7.0944E-06,1.39160E-01
-7.0928E-06,6.10352E-02
-7.0912E-06,-3.66211E-02
-7.0896E-06,-1.19629E-01
-7.0880E-06,-2.12402E-01
-7.0864E-06,-2.70996E-01
-7.0848E-06,-3.34473E-01
-7.0832E-06,-3.83301E-01
-7.0816E-06,-3.93066E-01
-7.0800E-06,-3.93066E-01
-7.0784E-06,-3.63770E-01
-7.0768E-06,-3.49121E-01
-7.0752E-06,-2.66113E-01
-7.0736E-06,-2.12402E-01
-7.0720E-06,-1.24512E-01
-7.0704E-06,-3.17383E-02
-7.0688E-06,5.61523E-02
-7.0672E-06,1.44043E-01
-7.0656E-06,2.17285E-01
-7.0640E-06,2.95410E-01
-7.0624E-06,3.63770E-01
-7.0608E-06,3.97949E-01
-7.0592E-06,4.22363E-01
-7.0576E-06,4.41895E-01
-7.0560E-06,4.17480E-01
-7.0544E-06,3.78418E-01
-7.0528E-06,3.19824E-01
-7.0512E-06,2.46582E-01
-7.0496E-06,1.73340E-01
-7.0480E-06,7.08008E-02
-7.0464E-06,-7.32422E-03
-7.0448E-06,-1.24512E-01
-7.0432E-06,-1.97754E-01
-7.0416E-06,-2.75879E-01
-7.0400E-06,-3.34473E-01
-7.0384E-06,-3.68652E-01
-7.0368E-06,-4.12598E-01
-7.0352E-06,-3.97949E-01
-7.0336E-06,-3.78418E-01
-7.0320E-06,-3.39355E-01
-7.0304E-06,-3.00293E-01
-7.0288E-06,-2.17285E-01
-7.0272E-06,-1.39160E-01
-7.0256E-06,-5.61523E-02
-7.0240E-06,3.17383E-02
-7.0224E-06,1.29395E-01
-7.0208E-06,2.27051E-01
-7.0192E-06,2.90527E-01
-7.0176E-06,3.44238E-01
-7.0160E-06,4.12598E-01
-7.0144E-06,4.22363E-01
-7.0128E-06,4.46777E-01
-7.0112E-06,4.12598E-01
-7.0096E-06,3.88184E-01
-7.0080E-06,3.34473E-01
-7.0064E-06,2.66113E-01
-7.0048E-06,1.68457E-01
-7.0032E-06,8.54492E-02
-7.0016E-06,-1.22070E-02
-7.0000E-06,-9.52148E-02
-6.9984E-06,-1.92871E-01
-6.9968E-06,-2.56348E-01
-6.9952E-06,-3.39355E-01
-6.9936E-06,-3.73535E-01
-6.9920E-06,-3.93066E-01
-6.9904E-06,-3.83301E-01
-6.9888E-06,-3.93066E-01
-6.9872E-06,-3.54004E-01
-6.9856E-06,-2.95410E-01
-6.9840E-06,-2.31934E-01
-6.9824E-06,-1.48926E-01
-6.9808E-06,-5.12695E-02
-6.9792E-06,2.68555E-02
-6.9776E-06,1.14746E-01
-6.9760E-06,1.97754E-01
-6.9744E-06,2.90527E-01
-6.9728E-06,3.39355E-01
-6.9712E-06,3.93066E-01
-6.9696E-06,4.27246E-01
-6.9680E-06,4.41895E-01
-6.9664E-06,4.22363E-01
-6.9648E-06,3.83301E-01
-6.9632E-06,3.34473E-01
-6.9616E-06,2.61230E-01
-6.9600E-06,1.83105E-01
-6.9584E-06,9.52148E-02
-6.9568E-06,2.44141E-03
-6.9552E-06,-9.03320E-02
-6.9536E-06,-1.63574E-01
-6.9520E-06,-2.46582E-01
-6.9504E-06,-3.19824E-01
-6.9488E-06,-3.73535E-01
-6.9472E-06,-4.02832E-01
-6.9456E-06,-4.02832E-01
-6.9440E-06,-3.93066E-01
-6.9424E-06,-3.63770E-01
-6.9408E-06,-3.10059E-01
-6.9392E-06,-2.27051E-01
-6.9376E-06,-1.83105E-01
-6.9360E-06,-8.05664E-02
-6.9344E-06,1.70898E-02
-6.9328E-06,1.09863E-01
-6.9312E-06,1.92871E-01
-6.9296E-06,2.70996E-01
-6.9280E-06,3.54004E-01
-6.9264E-06,3.88184E-01
-6.9248E-06,4.37012E-01
-6.9232E-06,4.41895E-01
-6.9216E-06,4.12598E-01
-6.9200E-06,3.88184E-01
-6.9184E-06,3.39355E-01
-6.9168E-06,2.70996E-01
-6.9152E-06,1.92871E-01
-6.9136E-06,1.14746E-01
-6.9120E-06,1.70898E-02
-6.9104E-06,-8.05664E-02
-6.9088E-06,-1.63574E-01
-6.9072E-06,-2.22168E-01
-6.9056E-06,-2.95410E-01
-6.9040E-06,-3.54004E-01
-6.9024E-06,-3.78418E-01
-6.9008E-06,-4.02832E-01
-6.8992E-06,-4.02832E-01
-6.8976E-06,-3.63770E-01
-6.8960E-06,-3.05176E-01
-6.8944E-06,-2.41699E-01
-6.8928E-06,-1.78223E-01
-6.8912E-06,-8.05664E-02
-6.8896E-06,1.22070E-02
-6.8880E-06,9.52148E-02
-6.8864E-06,1.83105E-01
-6.8848E-06,2.56348E-01
-6.8832E-06,3.24707E-01
-6.8816E-06,3.88184E-01
-6.8800E-06,4.12598E-01
-6.8784E-06,4.41895E-01
-6.8768E-06,4.27246E-01
-6.8752E-06,3.97949E-01
-6.8736E-06,3.49121E-01
-6.8720E-06,2.95410E-01
-6.8704E-06,2.07520E-01
-6.8688E-06,1.19629E-01
-6.8672E-06,3.66211E-02
-6.8656E-06,-6.10352E-02
-6.8640E-06,-1.39160E-01
-6.8624E-06,-2.46582E-01
-6.8608E-06,-3.14941E-01
-6.8592E-06,-3.54004E-01
-6.8576E-06,-3.78418E-01
-6.8560E-06,-3.97949E-01
-6.8544E-06,-4.07715E-01
-6.8528E-06,-3.68652E-01
-6.8512E-06,-3.39355E-01
-6.8496E-06,-2.51465E-01
-6.8480E-06,-1.87988E-01
-6.8464E-06,-1.04980E-01
-6.8448E-06,-1.70898E-02
-6.8432E-06,9.03320E-02
-6.8416E-06,1.68457E-01
-6.8400E-06,2.41699E-01
-6.8384E-06,3.29590E-01
-6.8368E-06,3.78418E-01
-6.8352E-06,4.12598E-01
-6.8336E-06,4.41895E-01
-6.8320E-06,4.32129E-01
-6.8304E-06,4.12598E-01
-6.8288E-06,3.58887E-01
-6.8272E-06,2.90527E-01
-6.8256E-06,2.17285E-01
-6.8240E-06,1.39160E-01
-6.8224E-06,5.12695E-02
-6.8208E-06,-5.61523E-02
-6.8192E-06,-1.34277E-01
-6.8176E-06,-2.27051E-01
-6.8160E-06,-2.95410E-01
-6.8144E-06,-3.58887E-01
-6.8128E-06,-3.88184E-01
-6.8112E-06,-4.07715E-01
-6.8096E-06,-3.93066E-01
-6.8080E-06,-3.73535E-01
-6.8064E-06,-3.24707E-01
-6.8048E-06,-2.75879E-01
-6.8032E-06,-2.02637E-01
-6.8016E-06,-1.09863E-01
-6.8000E-06,-2.19727E-02
-6.7984E-06,8.05664E-02
-6.7968E-06,1.48926E-01
-6.7952E-06,2.46582E-01
-6.7936E-06,3.24707E-01
-6.7920E-06,3.58887E-01
-6.7904E-06,4.07715E-01
-6.7888E-06,4.32129E-01
-6.7872E-06,4.32129E-01
-6.7856E-06,4.02832E-01
-6.7840E-06,3.68652E-01
-6.7824E-06,3.05176E-01
-6.7808E-06,2.27051E-01
-6.7792E-06,1.39160E-01
-6.7776E-06,5.61523E-02
-6.7760E-06,-4.15039E-02
-6.7744E-06,-1.24512E-01
-6.7728E-06,-2.07520E-01
-6.7712E-06,-2.95410E-01
-6.7696E-06,-3.54004E-01
-6.7680E-06,-3.93066E-01
-6.7664E-06,-4.12598E-01
-6.7648E-06,-4.02832E-01
-6.7632E-06,-3.73535E-01
-6.7616E-06,-3.19824E-01
-6.7600E-06,-2.70996E-01
-6.7584E-06,-1.97754E-01
-6.7568E-06,-1.19629E-01
-6.7552E-06,-4.15039E-02
-6.7536E-06,6.10352E-02
-6.7520E-06,1.48926E-01
-6.7504E-06,2.31934E-01
-6.7488E-06,3.00293E-01
-6.7472E-06,3.73535E-01
-6.7456E-06,4.12598E-01
-6.7440E-06,4.32129E-01
-6.7424E-06,4.27246E-01
-6.7408E-06,3.97949E-01
-6.7392E-06,3.58887E-01
-6.7376E-06,3.14941E-01
-6.7360E-06,2.46582E-01
-6.7344E-06,1.58691E-01
-6.7328E-06,6.10352E-02
-6.7312E-06,-3.17383E-02
-6.7296E-06,-1.34277E-01
-6.7280E-06,-1.92871E-01
-6.7264E-06,-2.80762E-01
-6.7248E-06,-3.24707E-01
-6.7232E-06,-3.63770E-01
-6.7216E-06,-4.02832E-01
-6.7200E-06,-3.93066E-01
-6.7184E-06,-3.78418E-01
-6.7168E-06,-3.34473E-01
-6.7152E-06,-2.80762E-01
-6.7136E-06,-2.02637E-01
-6.7120E-06,-1.44043E-01
-6.7104E-06,-5.12695E-02
-6.7088E-06,4.63867E-02
-6.7072E-06,1.48926E-01
-6.7056E-06,2.27051E-01
-6.7040E-06,3.10059E-01
-6.7024E-06,3.68652E-01
-6.7008E-06,3.97949E-01
-6.6992E-06,4.27246E-01
-6.6976E-06,4.37012E-01
-6.6960E-06,3.93066E-01
-6.6944E-06,3.73535E-01
-6.6928E-06,3.19824E-01
-6.6912E-06,2.51465E-01
-6.6896E-06,1.73340E-01
-6.6880E-06,7.08008E-02
-6.6864E-06,-1.22070E-02
-6.6848E-06,-1.04980E-01
-6.6832E-06,-2.07520E-01
-6.6816E-06,-2.61230E-01
-6.6800E-06,-3.19824E-01
-6.6784E-06,-3.58887E-01
-6.6768E-06,-4.07715E-01
-6.6752E-06,-4.02832E-01
-6.6736E-06,-3.78418E-01
-6.6720E-06,-3.58887E-01
-6.6704E-06,-3.00293E-01
-6.6688E-06,-2.31934E-01
-6.6672E-06,-1.34277E-01
-6.6656E-06,-5.12695E-02
-6.6640E-06,3.66211E-02
-6.6624E-06,1.19629E-01
-6.6608E-06,2.12402E-01
-6.6592E-06,2.95410E-01
-6.6576E-06,3.54004E-01
-6.6560E-06,3.93066E-01
-6.6544E-06,4.27246E-01
-6.6528E-06,4.32129E-01
-6.6512E-06,4.17480E-01
-6.6496E-06,3.78418E-01
-6.6480E-06,3.10059E-01
-6.6464E-06,2.70996E-01
-6.6448E-06,1.78223E-01
-6.6432E-06,9.03320E-02
-6.6416E-06,-2.44141E-03
-6.6400E-06,-9.03320E-02
-6.6384E-06,-1.87988E-01
-6.6368E-06,-2.56348E-01
-6.6352E-06,-3.14941E-01
-6.6336E-06,-3.78418E-01
-6.6320E-06,-3.93066E-01
-6.6304E-06,-4.12598E-01
-6.6288E-06,-3.93066E-01
-6.6272E-06,-3.39355E-01
-6.6256E-06,-2.95410E-01
-6.6240E-06,-2.36816E-01
-6.6224E-06,-1.58691E-01
-6.6208E-06,-8.54492E-02
-6.6192E-06,1.22070E-02
-6.6176E-06,1.04980E-01
-6.6160E-06,2.07520E-01
-6.6144E-06,2.75879E-01
-6.6128E-06,3.54004E-01
-6.6112E-06,3.93066E-01
-6.6096E-06,4.22363E-01
-6.6080E-06,4.17480E-01
-6.6064E-06,4.02832E-01
-6.6048E-06,3.88184E-01
-6.6032E-06,3.34473E-01
-6.6016E-06,2.51465E-01
-6.6000E-06,1.92871E-01
-6.5984E-06,9.03320E-02
-6.5968E-06,-2.44141E-03
-6.5952E-06,-8.05664E-02
-6.5936E-06,-1.63574E-01
-6.5920E-06,-2.61230E-01
-6.5904E-06,-3.05176E-01
-6.5888E-06,-3.73535E-01
-6.5872E-06,-3.97949E-01
-6.5856E-06,-4.17480E-01
-6.5840E-06,-3.97949E-01
-6.5824E-06,-3.68652E-01
-6.5808E-06,-3.19824E-01
-6.5792E-06,-2.51465E-01
-6.5776E-06,-1.58691E-01
-6.5760E-06,-7.08008E-02
-6.5744E-06,1.70898E-02
-6.5728E-06,9.52148E-02
-6.5712E-06,1.92871E-01
-6.5696E-06,2.70996E-01
-6.5680E-06,3.29590E-01
-6.5664E-06,3.93066E-01
-6.5648E-06,4.17480E-01
-6.5632E-06,4.22363E-01
-6.5616E-06,4.12598E-01
-6.5600E-06,3.93066E-01
-6.5584E-06,3.58887E-01
-6.5568E-06,2.70996E-01
-6.5552E-06,1.87988E-01
-6.5536E-06,1.09863E-01
-6.5520E-06,2.19727E-02
-6.5504E-06,-7.56836E-02
-6.5488E-06,-1.58691E-01
-6.5472E-06,-2.46582E-01
-6.5456E-06,-2.95410E-01
-6.5440E-06,-3.58887E-01
-6.5424E-06,-3.93066E-01
-6.5408E-06,-4.02832E-01
-6.5392E-06,-3.93066E-01
-6.5376E-06,-3.78418E-01
-6.5360E-06,-3.14941E-01
-6.5344E-06,-2.46582E-01
-6.5328E-06,-1.78223E-01
-6.5312E-06,-9.03320E-02
-6.5296E-06,-1.22070E-02
-6.5280E-06,1.04980E-01
-6.5264E-06,1.78223E-01
-6.5248E-06,2.66113E-01
-6.5232E-06,3.29590E-01
-6.5216E-06,3.83301E-01
-6.5200E-06,4.27246E-01
-6.5184E-06,4.27246E-01
-6.5168E-06,4.27246E-01
-6.5152E-06,3.93066E-01
-6.5136E-06,3.24707E-01
-6.5120E-06,2.85645E-01
-6.5104E-06,2.07520E-01
-6.5088E-06,1.29395E-01
-6.5072E-06,4.15039E-02
-6.5056E-06,-4.15039E-02
-6.5040E-06,-1.39160E-01
-6.5024E-06,-2.27051E-01
-6.5008E-06,-3.05176E-01
-6.4992E-06,-3.68652E-01
-6.4976E-06,-4.07715E-01
-6.4960E-06,-3.97949E-01
-6.4944E-06,-3.93066E-01
-6.4928E-06,-3.68652E-01
-6.4912E-06,-3.24707E-01
-6.4896E-06,-2.70996E-01
-6.4880E-06,-1.92871E-01
-6.4864E-06,-1.04980E-01
-6.4848E-06,-2.44141E-03
-6.4832E-06,7.08008E-02
-6.4816E-06,1.78223E-01
-6.4800E-06,2.46582E-01
-6.4784E-06,3.00293E-01
-6.4768E-06,3.63770E-01
-6.4752E-06,4.22363E-01
-6.4736E-06,4.27246E-01
-6.4720E-06,4.22363E-01
-6.4704E-06,4.02832E-01
-6.4688E-06,3.68652E-01
-6.4672E-06,3.00293E-01
-6.4656E-06,2.22168E-01
-6.4640E-06,1.39160E-01
-6.4624E-06,4.63867E-02
-6.4608E-06,-4.63867E-02
-6.4592E-06,-1.19629E-01
-6.4576E-06,-2.12402E-01
-6.4560E-06,-2.90527E-01
-6.4544E-06,-3.39355E-01
-6.4528E-06,-3.78418E-01
-6.4512E-06,-4.07715E-01
-6.4496E-06,-3.97949E-01
-6.4480E-06,-3.78418E-01
-6.4464E-06,-3.19824E-01
-6.4448E-06,-2.75879E-01
-6.4432E-06,-1.87988E-01
-6.4416E-06,-1.19629E-01
-6.4400E-06,-4.63867E-02
-6.4384E-06,7.08008E-02
-6.4368E-06,1.73340E-01
-6.4352E-06,2.61230E-01
-6.4336E-06,3.14941E-01
-6.4320E-06,3.58887E-01
-6.4304E-06,4.07715E-01
-6.4288E-06,4.41895E-01
-6.4272E-06,4.32129E-01
-6.4256E-06,4.12598E-01
-6.4240E-06,3.58887E-01
-6.4224E-06,3.00293E-01
-6.4208E-06,2.17285E-01
-6.4192E-06,1.58691E-01
-6.4176E-06,4.63867E-02
-6.4160E-06,-3.66211E-02
-6.4144E-06,-1.24512E-01
-6.4128E-06,-2.07520E-01
-6.4112E-06,-2.85645E-01
-6.4096E-06,-3.58887E-01
-6.4080E-06,-3.88184E-01
-6.4064E-06,-3.97949E-01
-6.4048E-06,-4.02832E-01
-6.4032E-06,-3.78418E-01
-6.4016E-06,-3.39355E-01
-6.4000E-06,-2.85645E-01
-6.3984E-06,-2.12402E-01
-6.3968E-06,-1.19629E-01
-6.3952E-06,-2.68555E-02
-6.3936E-06,4.63867E-02
-6.3920E-06,1.53809E-01
-6.3904E-06,2.36816E-01
-6.3888E-06,3.05176E-01
-6.3872E-06,3.58887E-01
-6.3856E-06,3.88184E-01
-6.3840E-06,4.37012E-01
-6.3824E-06,4.27246E-01
-6.3808E-06,4.07715E-01
-6.3792E-06,3.68652E-01
-6.3776E-06,3.19824E-01
-6.3760E-06,2.31934E-01
-6.3744E-06,1.68457E-01
-6.3728E-06,8.05664E-02
-6.3712E-06,-1.22070E-02
-6.3696E-06,-9.52148E-02
-6.3680E-06,-2.02637E-01
-6.3664E-06,-2.66113E-01
-6.3648E-06,-3.29590E-01
-6.3632E-06,-3.73535E-01
-6.3616E-06,-3.83301E-01
-6.3600E-06,-4.02832E-01
-6.3584E-06,-3.83301E-01
-6.3568E-06,-3.39355E-01
-6.3552E-06,-3.05176E-01
-6.3536E-06,-2.12402E-01
-6.3520E-06,-1.48926E-01
-6.3504E-06,-5.12695E-02
-6.3488E-06,4.63867E-02
-6.3472E-06,1.34277E-01
-6.3456E-06,2.27051E-01
-6.3440E-06,2.95410E-01
-6.3424E-06,3.54004E-01
-6.3408E-06,3.83301E-01
-6.3392E-06,4.22363E-01
-6.3376E-06,4.27246E-01
-6.3360E-06,4.07715E-01
-6.3344E-06,3.73535E-01
-6.3328E-06,3.19824E-01
-6.3312E-06,2.51465E-01
-6.3296E-06,1.78223E-01
-6.3280E-06,7.56836E-02
-6.3264E-06,-1.70898E-02
-6.3248E-06,-9.03320E-02
-6.3232E-06,-1.83105E-01
-6.3216E-06,-2.75879E-01
-6.3200E-06,-3.29590E-01
-6.3184E-06,-3.73535E-01
-6.3168E-06,-4.07715E-01
-6.3152E-06,-3.93066E-01
-6.3136E-06,-3.78418E-01
-6.3120E-06,-3.49121E-01
-6.3104E-06,-3.05176E-01
-6.3088E-06,-2.31934E-01
-6.3072E-06,-1.44043E-01
-6.3056E-06,-7.56836E-02
-6.3040E-06,3.17383E-02
-6.3024E-06,1.19629E-01
-6.3008E-06,2.02637E-01
-6.2992E-06,2.85645E-01
-6.2976E-06,3.39355E-01
-6.2960E-06,4.02832E-01
-6.2944E-06,4.27246E-01
-6.2928E-06,4.37012E-01
-6.2912E-06,4.17480E-01
-6.2896E-06,3.97949E-01
-6.2880E-06,3.34473E-01
-6.2864E-06,2.75879E-01
-6.2848E-06,1.78223E-01
-6.2832E-06,1.00098E-01
-6.2816E-06,7.32422E-03
-6.2800E-06,-8.54492E-02
-6.2784E-06,-1.63574E-01
-6.2768E-06,-2.66113E-01
-6.2752E-06,-3.24707E-01
-6.2736E-06,-3.54004E-01
-6.2720E-06,-3.83301E-01
-6.2704E-06,-4.12598E-01
-6.2688E-06,-3.88184E-01
-6.2672E-06,-3.68652E-01
-6.2656E-06,-3.14941E-01
-6.2640E-06,-2.46582E-01
-6.2624E-06,-1.48926E-01
-6.2608E-06,-8.05664E-02
-6.2592E-06,2.19727E-02
-6.2576E-06,1.04980E-01
-6.2560E-06,1.92871E-01
-6.2544E-06,2.75879E-01
-6.2528E-06,3.44238E-01
-6.2512E-06,3.97949E-01
-6.2496E-06,4.22363E-01
-6.2480E-06,4.37012E-01
-6.2464E-06,4.27246E-01
-6.2448E-06,3.93066E-01
-6.2432E-06,3.34473E-01
-6.2416E-06,2.66113E-01
-6.2400E-06,1.92871E-01
-6.2384E-06,1.14746E-01
-6.2368E-06,2.44141E-03
-6.2352E-06,-8.05664E-02
-6.2336E-06,-1.63574E-01
-6.2320E-06,-2.51465E-01
-6.2304E-06,-3.19824E-01
-6.2288E-06,-3.68652E-01
-6.2272E-06,-3.88184E-01
-6.2256E-06,-3.97949E-01
-6.2240E-06,-3.83301E-01
-6.2224E-06,-3.63770E-01
-6.2208E-06,-3.14941E-01
-6.2192E-06,-2.51465E-01
-6.2176E-06,-1.78223E-01
-6.2160E-06,-8.54492E-02
-6.2144E-06,1.70898E-02
-6.2128E-06,1.09863E-01
-6.2112E-06,1.68457E-01
-6.2096E-06,2.61230E-01
-6.2080E-06,3.24707E-01
-6.2064E-06,3.83301E-01
-6.2048E-06,4.07715E-01
-6.2032E-06,4.41895E-01
-6.2016E-06,4.07715E-01
-6.2000E-06,3.93066E-01
-6.1984E-06,3.44238E-01
-6.1968E-06,2.80762E-01
-6.1952E-06,2.07520E-01
-6.1936E-06,1.24512E-01
-6.1920E-06,2.68555E-02
-6.1904E-06,-5.61523E-02
-6.1888E-06,-1.58691E-01
-6.1872E-06,-2.46582E-01
-6.1856E-06,-3.10059E-01
-6.1840E-06,-3.44238E-01
-6.1824E-06,-3.88184E-01
-6.1808E-06,-3.97949E-01
-6.1792E-06,-3.93066E-01
-6.1776E-06,-3.78418E-01
-6.1760E-06,-3.29590E-01
-6.1744E-06,-2.51465E-01
-6.1728E-06,-1.87988E-01
-6.1712E-06,-9.52148E-02
-6.1696E-06,-2.44141E-03
-6.1680E-06,1.04980E-01
-6.1664E-06,1.83105E-01
-6.1648E-06,2.41699E-01
-6.1632E-06,3.19824E-01
-6.1616E-06,3.68652E-01
-6.1600E-06,3.97949E-01
-6.1584E-06,4.32129E-01
-6.1568E-06,4.32129E-01
-6.1552E-06,3.93066E-01
-6.1536E-06,3.58887E-01
-6.1520E-06,2.95410E-01
-6.1504E-06,2.07520E-01
-6.1488E-06,1.29395E-01
-6.1472E-06,1.70898E-02
-6.1456E-06,-5.61523E-02
-6.1440E-06,-1.44043E-01
-6.1424E-06,-2.36816E-01
-6.1408E-06,-2.95410E-01
-6.1392E-06,-3.44238E-01
-6.1376E-06,-3.93066E-01
-6.1360E-06,-4.12598E-01
-6.1344E-06,-4.02832E-01
-6.1328E-06,-3.73535E-01
-6.1312E-06,-3.34473E-01
-6.1296E-06,-2.56348E-01
-6.1280E-06,-1.87988E-01
-6.1264E-06,-1.24512E-01
-6.1248E-06,-1.70898E-02
-6.1232E-06,8.54492E-02
-6.1216E-06,1.68457E-01
-6.1200E-06,2.56348E-01
-6.1184E-06,3.19824E-01
-6.1168E-06,3.88184E-01
-6.1152E-06,4.12598E-01
-6.1136E-06,4.37012E-01
-6.1120E-06,4.12598E-01
-6.1104E-06,4.02832E-01
-6.1088E-06,3.54004E-01
-6.1072E-06,2.75879E-01
-6.1056E-06,2.36816E-01
-6.1040E-06,1.48926E-01
-6.1024E-06,5.12695E-02
-6.1008E-06,-3.66211E-02
-6.0992E-06,-1.29395E-01
-6.0976E-06,-2.17285E-01
-6.0960E-06,-2.95410E-01
-6.0944E-06,-3.54004E-01
-6.0928E-06,-3.78418E-01
-6.0912E-06,-3.97949E-01
-6.0896E-06,-3.93066E-01
-6.0880E-06,-3.73535E-01
-6.0864E-06,-3.34473E-01
-6.0848E-06,-2.80762E-01
-6.0832E-06,-2.02637E-01
-6.0816E-06,-1.14746E-01
-6.0800E-06,-3.17383E-02
-6.0784E-06,5.61523E-02
-6.0768E-06,1.48926E-01
-6.0752E-06,2.31934E-01
-6.0736E-06,3.14941E-01
-6.0720E-06,3.63770E-01
-6.0704E-06,4.07715E-01
-6.0688E-06,4.17480E-01
-6.0672E-06,4.22363E-01
-6.0656E-06,4.22363E-01
-6.0640E-06,3.68652E-01
-6.0624E-06,3.14941E-01
-6.0608E-06,2.41699E-01
-6.0592E-06,1.44043E-01
-6.0576E-06,6.59180E-02
-6.0560E-06,-1.70898E-02
-6.0544E-06,-1.29395E-01
-6.0528E-06,-2.12402E-01
-6.0512E-06,-2.85645E-01
-6.0496E-06,-3.39355E-01
-6.0480E-06,-3.68652E-01
-6.0464E-06,-3.97949E-01
-6.0448E-06,-4.02832E-01
-6.0432E-06,-3.83301E-01
-6.0416E-06,-3.39355E-01
-6.0400E-06,-2.80762E-01
-6.0384E-06,-2.12402E-01
-6.0368E-06,-1.29395E-01
-6.0352E-06,-4.15039E-02
-6.0336E-06,5.61523E-02
-6.0320E-06,1.48926E-01
-6.0304E-06,2.41699E-01
-6.0288E-06,3.00293E-01
-6.0272E-06,3.58887E-01
-6.0256E-06,3.97949E-01
-6.0240E-06,4.37012E-01
-6.0224E-06,4.27246E-01
-6.0208E-06,4.12598E-01
-6.0192E-06,3.73535E-01
-6.0176E-06,3.29590E-01
-6.0160E-06,2.46582E-01
-6.0144E-06,1.53809E-01
-6.0128E-06,8.54492E-02
-6.0112E-06,-1.22070E-02
-6.0096E-06,-1.04980E-01
-6.0080E-06,-1.87988E-01
-6.0064E-06,-2.70996E-01
-6.0048E-06,-3.34473E-01
-6.0032E-06,-3.68652E-01
-6.0016E-06,-3.97949E-01
-6.0000E-06,-4.02832E-01
-5.9984E-06,-4.02832E-01
-5.9968E-06,-3.49121E-01
-5.9952E-06,-2.90527E-01
-5.9936E-06,-2.17285E-01
-5.9920E-06,-1.44043E-01
-5.9904E-06,-5.12695E-02
-5.9888E-06,4.15039E-02
-5.9872E-06,1.48926E-01
-5.9856E-06,2.22168E-01
-5.9840E-06,3.00293E-01
-5.9824E-06,3.58887E-01
-5.9808E-06,3.93066E-01
-5.9792E-06,4.22363E-01
-5.9776E-06,4.37012E-01
-5.9760E-06,3.97949E-01
-5.9744E-06,3.83301E-01
-5.9728E-06,3.34473E-01
-5.9712E-06,2.56348E-01
-5.9696E-06,1.87988E-01
-5.9680E-06,1.00098E-01
-5.9664E-06,2.44141E-03
-5.9648E-06,-9.52148E-02
-5.9632E-06,-1.78223E-01
-5.9616E-06,-2.61230E-01
-5.9600E-06,-3.24707E-01
-5.9584E-06,-3.63770E-01
-5.9568E-06,-3.93066E-01
-5.9552E-06,-3.93066E-01
-5.9536E-06,-3.83301E-01
-5.9520E-06,-3.63770E-01
-5.9504E-06,-3.00293E-01
-5.9488E-06,-1.97754E-01
-5.9472E-06,-1.63574E-01
-5.9456E-06,-7.08008E-02
-5.9440E-06,3.66211E-02
-5.9424E-06,1.34277E-01
-5.9408E-06,2.07520E-01
-5.9392E-06,3.00293E-01
-5.9376E-06,3.49121E-01
-5.9360E-06,3.97949E-01
-5.9344E-06,4.17480E-01
-5.9328E-06,4.22363E-01
-5.9312E-06,3.97949E-01
-5.9296E-06,3.83301E-01
-5.9280E-06,3.49121E-01
-5.9264E-06,2.70996E-01
-5.9248E-06,1.87988E-01
-5.9232E-06,1.14746E-01
-5.9216E-06,1.22070E-02
-5.9200E-06,-9.03320E-02
-5.9184E-06,-1.63574E-01
-5.9168E-06,-2.56348E-01
-5.9152E-06,-3.24707E-01
-5.9136E-06,-3.63770E-01
-5.9120E-06,-4.02832E-01
-5.9104E-06,-4.02832E-01
-5.9088E-06,-3.88184E-01
-5.9072E-06,-3.49121E-01
-5.9056E-06,-3.00293E-01
-5.9040E-06,-2.41699E-01
-5.9024E-06,-1.68457E-01
-5.9008E-06,-7.08008E-02
-5.8992E-06,-2.44141E-03
-5.8976E-06,1.04980E-01
-5.8960E-06,2.07520E-01
-5.8944E-06,2.80762E-01
-5.8928E-06,3.39355E-01
-5.8912E-06,3.93066E-01
-5.8896E-06,4.27246E-01
-5.8880E-06,4.27246E-01
-5.8864E-06,4.02832E-01
-5.8848E-06,3.73535E-01
-5.8832E-06,3.44238E-01
-5.8816E-06,2.70996E-01
-5.8800E-06,1.87988E-01
-5.8784E-06,1.04980E-01
-5.8768E-06,1.70898E-02
-5.8752E-06,-7.08008E-02
-5.8736E-06,-1.68457E-01
-5.8720E-06,-2.51465E-01
-5.8704E-06,-3.10059E-01
-5.8688E-06,-3.63770E-01
-5.8672E-06,-4.02832E-01
-5.8656E-06,-4.12598E-01
-5.8640E-06,-3.93066E-01
-5.8624E-06,-3.78418E-01
-5.8608E-06,-3.00293E-01
-5.8592E-06,-2.66113E-01
-5.8576E-06,-1.68457E-01
-5.8560E-06,-8.05664E-02
-5.8544E-06,7.32422E-03
-5.8528E-06,1.04980E-01
-5.8512E-06,1.78223E-01
-5.8496E-06,2.56348E-01
-5.8480E-06,3.49121E-01
-5.8464E-06,3.73535E-01
-5.8448E-06,4.12598E-01
-5.8432E-06,4.32129E-01
-5.8416E-06,4.32129E-01
-5.8400E-06,3.93066E-01
-5.8384E-06,3.39355E-01
-5.8368E-06,2.75879E-01
-5.8352E-06,2.07520E-01
-5.8336E-06,1.04980E-01
-5.8320E-06,2.19727E-02
-5.8304E-06,-6.59180E-02
-5.8288E-06,-1.53809E-01
-5.8272E-06,-2.27051E-01
-5.8256E-06,-2.95410E-01
-5.8240E-06,-3.49121E-01
-5.8224E-06,-3.83301E-01
-5.8208E-06,-4.12598E-01
-5.8192E-06,-3.88184E-01
-5.8176E-06,-3.78418E-01
-5.8160E-06,-3.24707E-01
-5.8144E-06,-2.66113E-01
-5.8128E-06,-1.83105E-01
-5.8112E-06,-1.09863E-01
-5.8096E-06,2.68555E-02
-5.8080E-06,9.03320E-02
-5.8064E-06,1.63574E-01
-5.8048E-06,2.51465E-01
-5.8032E-06,3.19824E-01
-5.8016E-06,3.63770E-01
-5.8000E-06,4.02832E-01
-5.7984E-06,4.32129E-01
-5.7968E-06,4.46777E-01
-5.7952E-06,4.02832E-01
-5.7936E-06,3.54004E-01
-5.7920E-06,2.95410E-01
-5.7904E-06,2.12402E-01
-5.7888E-06,1.29395E-01
-5.7872E-06,4.15039E-02
-5.7856E-06,-5.12695E-02
-5.7840E-06,-1.29395E-01
-5.7824E-06,-2.22168E-01
-5.7808E-06,-3.00293E-01
-5.7792E-06,-3.54004E-01
-5.7776E-06,-3.88184E-01
-5.7760E-06,-4.12598E-01
-5.7744E-06,-4.02832E-01
-5.7728E-06,-3.68652E-01
-5.7712E-06,-3.29590E-01
-5.7696E-06,-2.61230E-01
-5.7680E-06,-1.92871E-01
-5.7664E-06,-1.09863E-01
-5.7648E-06,-7.32422E-03
-5.7632E-06,8.05664E-02
-5.7616E-06,1.63574E-01
-5.7600E-06,2.36816E-01
-5.7584E-06,3.19824E-01
-5.7568E-06,3.83301E-01
-5.7552E-06,3.97949E-01
-5.7536E-06,4.41895E-01
-5.7520E-06,4.32129E-01
-5.7504E-06,3.93066E-01
-5.7488E-06,3.58887E-01
-5.7472E-06,2.95410E-01
-5.7456E-06,2.17285E-01
-5.7440E-06,1.39160E-01
-5.7424E-06,5.61523E-02
-5.7408E-06,-3.66211E-02
-5.7392E-06,-1.29395E-01
-5.7376E-06,-2.02637E-01
-5.7360E-06,-2.90527E-01
-5.7344E-06,-3.39355E-01
-5.7328E-06,-3.88184E-01
-5.7312E-06,-3.97949E-01
-5.7296E-06,-3.97949E-01
-5.7280E-06,-3.73535E-01
-5.7264E-06,-3.39355E-01
-5.7248E-06,-2.80762E-01
-5.7232E-06,-2.02637E-01
-5.7216E-06,-1.34277E-01
-5.7200E-06,-1.70898E-02
-5.7184E-06,5.12695E-02
-5.7168E-06,1.58691E-01
-5.7152E-06,2.22168E-01
-5.7136E-06,3.10059E-01
-5.7120E-06,3.68652E-01
-5.7104E-06,4.17480E-01
-5.7088E-06,4.22363E-01
-5.7072E-06,4.27246E-01
-5.7056E-06,4.12598E-01
-5.7040E-06,3.73535E-01
-5.7024E-06,3.05176E-01
-5.7008E-06,2.31934E-01
-5.6992E-06,1.48926E-01
-5.6976E-06,7.08008E-02
-5.6960E-06,-2.68555E-02
-5.6944E-06,-1.29395E-01
-5.6928E-06,-2.12402E-01
-5.6912E-06,-2.61230E-01
-5.6896E-06,-3.34473E-01
-5.6880E-06,-3.88184E-01
-5.6864E-06,-4.02832E-01
-5.6848E-06,-3.93066E-01
-5.6832E-06,-3.78418E-01
-5.6816E-06,-3.49121E-01
-5.6800E-06,-3.00293E-01
-5.6784E-06,-2.22168E-01
-5.6768E-06,-1.34277E-01
-5.6752E-06,-3.66211E-02
-5.6736E-06,4.63867E-02
-5.6720E-06,1.44043E-01
-5.6704E-06,2.17285E-01
-5.6688E-06,2.90527E-01
-5.6672E-06,3.54004E-01
-5.6656E-06,3.97949E-01
-5.6640E-06,4.17480E-01
-5.6624E-06,4.32129E-01
-5.6608E-06,4.02832E-01
-5.6592E-06,3.83301E-01
-5.6576E-06,3.19824E-01
-5.6560E-06,2.46582E-01
-5.6544E-06,1.73340E-01
-5.6528E-06,9.03320E-02
-5.6512E-06,-1.70898E-02
-5.6496E-06,-1.00098E-01
-5.6480E-06,-1.83105E-01
-5.6464E-06,-2.75879E-01
-5.6448E-06,-3.29590E-01
-5.6432E-06,-3.78418E-01
-5.6416E-06,-3.97949E-01
-5.6400E-06,-3.97949E-01
-5.6384E-06,-3.88184E-01
-5.6368E-06,-3.44238E-01
-5.6352E-06,-3.00293E-01
-5.6336E-06,-2.36816E-01
-5.6320E-06,-1.48926E-01
-5.6304E-06,-5.12695E-02
-5.6288E-06,3.17383E-02
-5.6272E-06,1.24512E-01
-5.6256E-06,2.12402E-01
-5.6240E-06,2.95410E-01
-5.6224E-06,3.44238E-01
-5.6208E-06,3.88184E-01
-5.6192E-06,4.32129E-01
-5.6176E-06,4.46777E-01
-5.6160E-06,4.12598E-01
-5.6144E-06,3.88184E-01
-5.6128E-06,3.14941E-01
-5.6112E-06,2.61230E-01
-5.6096E-06,1.68457E-01
-5.6080E-06,9.03320E-02
-5.6064E-06,-2.44141E-03
-5.6048E-06,-9.03320E-02
-5.6032E-06,-1.97754E-01
-5.6016E-06,-2.61230E-01
-5.6000E-06,-3.19824E-01
-5.5984E-06,-3.73535E-01
-5.5968E-06,-3.88184E-01
-5.5952E-06,-3.93066E-01
-5.5936E-06,-4.02832E-01
-5.5920E-06,-3.58887E-01
-5.5904E-06,-3.10059E-01
-5.5888E-06,-2.36816E-01
-5.5872E-06,-1.58691E-01
-5.5856E-06,-7.08008E-02
-5.5840E-06,3.66211E-02
-5.5824E-06,1.09863E-01
-5.5808E-06,1.97754E-01
-5.5792E-06,2.95410E-01
-5.5776E-06,3.39355E-01
-5.5760E-06,4.02832E-01
-5.5744E-06,4.22363E-01
-5.5728E-06,4.41895E-01
-5.5712E-06,4.32129E-01
-5.5696E-06,4.02832E-01
-5.5680E-06,3.24707E-01
-5.5664E-06,2.61230E-01
-5.5648E-06,1.78223E-01
-5.5632E-06,9.52148E-02
-5.5616E-06,7.32422E-03
-5.5600E-06,-8.05664E-02
-5.5584E-06,-1.68457E-01
-5.5568E-06,-2.46582E-01
-5.5552E-06,-3.10059E-01
-5.5536E-06,-3.58887E-01
-5.5520E-06,-3.93066E-01
-5.5504E-06,-3.97949E-01
-5.5488E-06,-4.07715E-01
-5.5472E-06,-3.73535E-01
-5.5456E-06,-3.05176E-01
-5.5440E-06,-2.36816E-01
-5.5424E-06,-1.68457E-01
-5.5408E-06,-7.56836E-02
-5.5392E-06,1.70898E-02
-5.5376E-06,1.09863E-01
-5.5360E-06,1.92871E-01
-5.5344E-06,2.66113E-01
-5.5328E-06,3.34473E-01
-5.5312E-06,3.93066E-01
-5.5296E-06,4.17480E-01
-5.5280E-06,4.32129E-01
-5.5264E-06,4.12598E-01
-5.5248E-06,3.93066E-01
-5.5232E-06,3.39355E-01
-5.5216E-06,2.75879E-01
-5.5200E-06,2.02637E-01
-5.5184E-06,1.14746E-01
-5.5168E-06,2.19727E-02
-5.5152E-06,-8.05664E-02
-5.5136E-06,-1.63574E-01
-5.5120E-06,-2.41699E-01
-5.5104E-06,-3.29590E-01
-5.5088E-06,-3.54004E-01
-5.5072E-06,-3.83301E-01
-5.5056E-06,-4.07715E-01
-5.5040E-06,-4.02832E-01
-5.5024E-06,-3.63770E-01
-5.5008E-06,-3.24707E-01
-5.4992E-06,-2.46582E-01
-5.4976E-06,-1.83105E-01
-5.4960E-06,-9.03320E-02
-5.4944E-06,2.44141E-03
-5.4928E-06,9.52148E-02
-5.4912E-06,1.78223E-01
-5.4896E-06,2.46582E-01
-5.4880E-06,3.24707E-01
-5.4864E-06,3.68652E-01
-5.4848E-06,4.22363E-01
-5.4832E-06,4.41895E-01
-5.4816E-06,4.37012E-01
-5.4800E-06,3.93066E-01
-5.4784E-06,3.39355E-01
-5.4768E-06,2.85645E-01
-5.4752E-06,2.07520E-01
-5.4736E-06,1.34277E-01
-5.4720E-06,2.19727E-02
-5.4704E-06,-6.10352E-02
-5.4688E-06,-1.44043E-01
-5.4672E-06,-2.31934E-01
-5.4656E-06,-3.05176E-01
-5.4640E-06,-3.68652E-01
-5.4624E-06,-3.83301E-01
-5.4608E-06,-3.93066E-01
-5.4592E-06,-3.93066E-01
-5.4576E-06,-3.68652E-01
-5.4560E-06,-3.19824E-01
-5.4544E-06,-2.75879E-01
-5.4528E-06,-1.87988E-01
-5.4512E-06,-9.03320E-02
-5.4496E-06,-7.32422E-03
-5.4480E-06,7.08008E-02
-5.4464E-06,1.63574E-01
-5.4448E-06,2.36816E-01
-5.4432E-06,3.19824E-01
-5.4416E-06,3.73535E-01
-5.4400E-06,4.12598E-01
-5.4384E-06,4.51660E-01
-5.4368E-06,4.32129E-01
-5.4352E-06,4.07715E-01
-5.4336E-06,3.44238E-01
-5.4320E-06,2.85645E-01
-5.4304E-06,2.22168E-01
-5.4288E-06,1.48926E-01
-5.4272E-06,4.15039E-02
-5.4256E-06,-5.12695E-02
-5.4240E-06,-1.44043E-01
-5.4224E-06,-2.17285E-01
-5.4208E-06,-3.05176E-01
-5.4192E-06,-3.39355E-01
-5.4176E-06,-3.88184E-01
-5.4160E-06,-4.07715E-01
-5.4144E-06,-3.97949E-01
-5.4128E-06,-3.78418E-01
-5.4112E-06,-3.29590E-01
-5.4096E-06,-2.75879E-01
-5.4080E-06,-2.12402E-01
-5.4064E-06,-1.14746E-01
-5.4048E-06,-1.22070E-02
-5.4032E-06,7.08008E-02
-5.4016E-06,1.58691E-01
-5.4000E-06,2.31934E-01
-5.3984E-06,3.19824E-01
-5.3968E-06,3.63770E-01
-5.3952E-06,4.12598E-01
-5.3936E-06,4.32129E-01
-5.3920E-06,4.17480E-01
-5.3904E-06,4.12598E-01
-5.3888E-06,3.54004E-01
-5.3872E-06,3.05176E-01
-5.3856E-06,2.46582E-01
-5.3840E-06,1.53809E-01
-5.3824E-06,5.61523E-02
-5.3808E-06,-4.15039E-02
-5.3792E-06,-1.24512E-01
-5.3776E-06,-1.97754E-01
-5.3760E-06,-2.85645E-01
-5.3744E-06,-3.44238E-01
-5.3728E-06,-3.78418E-01
-5.3712E-06,-3.93066E-01
-5.3696E-06,-3.97949E-01
-5.3680E-06,-3.83301E-01
-5.3664E-06,-3.29590E-01
-5.3648E-06,-2.66113E-01
-5.3632E-06,-2.12402E-01
-5.3616E-06,-1.24512E-01
-5.3600E-06,-3.66211E-02
-5.3584E-06,4.15039E-02
-5.3568E-06,1.48926E-01
-5.3552E-06,2.17285E-01
-5.3536E-06,3.14941E-01
-5.3520E-06,3.73535E-01
-5.3504E-06,4.12598E-01
-5.3488E-06,4.32129E-01
-5.3472E-06,4.22363E-01
-5.3456E-06,4.07715E-01
-5.3440E-06,3.73535E-01
-5.3424E-06,3.14941E-01
-5.3408E-06,2.41699E-01
-5.3392E-06,1.63574E-01
-5.3376E-06,6.10352E-02
-5.3360E-06,-2.68555E-02
-5.3344E-06,-1.19629E-01
-5.3328E-06,-1.97754E-01
-5.3312E-06,-2.70996E-01
-5.3296E-06,-3.34473E-01
-5.3280E-06,-3.88184E-01
-5.3264E-06,-3.93066E-01
-5.3248E-06,-4.12598E-01
-5.3232E-06,-3.93066E-01
-5.3216E-06,-3.29590E-01
-5.3200E-06,-2.90527E-01
-5.3184E-06,-2.22168E-01
-5.3168E-06,-1.39160E-01
-5.3152E-06,-3.66211E-02
-5.3136E-06,4.15039E-02
-5.3120E-06,1.29395E-01
-5.3104E-06,2.17285E-01
-5.3088E-06,3.00293E-01
-5.3072E-06,3.58887E-01
-5.3056E-06,3.93066E-01
-5.3040E-06,4.02832E-01
-5.3024E-06,4.27246E-01
-5.3008E-06,4.07715E-01
-5.2992E-06,3.78418E-01
-5.2976E-06,3.14941E-01
-5.2960E-06,2.51465E-01
-5.2944E-06,1.58691E-01
-5.2928E-06,7.56836E-02
-5.2912E-06,-2.44141E-03
-5.2896E-06,-1.00098E-01
-5.2880E-06,-1.78223E-01
-5.2864E-06,-2.75879E-01
-5.2848E-06,-3.19824E-01
-5.2832E-06,-3.63770E-01
-5.2816E-06,-3.88184E-01
-5.2800E-06,-3.97949E-01
-5.2784E-06,-3.78418E-01
-5.2768E-06,-3.54004E-01
-5.2752E-06,-3.00293E-01
-5.2736E-06,-2.36816E-01
-5.2720E-06,-1.48926E-01
-5.2704E-06,-5.12695E-02
-5.2688E-06,3.66211E-02
-5.2672E-06,1.04980E-01
-5.2656E-06,2.12402E-01
-5.2640E-06,3.00293E-01
-5.2624E-06,3.54004E-01
-5.2608E-06,3.97949E-01
-5.2592E-06,4.17480E-01
-5.2576E-06,4.37012E-01
-5.2560E-06,4.12598E-01
-5.2544E-06,3.83301E-01
-5.2528E-06,3.24707E-01
-5.2512E-06,2.66113E-01
-5.2496E-06,1.78223E-01
-5.2480E-06,9.52148E-02
-5.2464E-06,1.22070E-02
-5.2448E-06,-8.54492E-02
-5.2432E-06,-1.78223E-01
-5.2416E-06,-2.51465E-01
-5.2400E-06,-3.14941E-01
-5.2384E-06,-3.63770E-01
-5.2368E-06,-4.07715E-01
-5.2352E-06,-4.12598E-01
-5.2336E-06,-3.83301E-01
-5.2320E-06,-3.58887E-01
-5.2304E-06,-3.05176E-01
-5.2288E-06,-2.41699E-01
-5.2272E-06,-1.58691E-01
-5.2256E-06,-7.56836E-02
-5.2240E-06,2.68555E-02
-5.2224E-06,1.04980E-01
-5.2208E-06,1.97754E-01
-5.2192E-06,3.00293E-01
-5.2176E-06,3.44238E-01
-5.2160E-06,3.78418E-01
-5.2144E-06,4.02832E-01
-5.2128E-06,4.27246E-01
-5.2112E-06,4.37012E-01
-5.2096E-06,3.93066E-01
-5.2080E-06,3.49121E-01
-5.2064E-06,2.66113E-01
-5.2048E-06,1.92871E-01
-5.2032E-06,1.00098E-01
-5.2016E-06,7.32422E-03
-5.2000E-06,-6.10352E-02
-5.1984E-06,-1.48926E-01
-5.1968E-06,-2.51465E-01
-5.1952E-06,-3.05176E-01
-5.1936E-06,-3.49121E-01
-5.1920E-06,-4.17480E-01
-5.1904E-06,-3.83301E-01
-5.1888E-06,-3.97949E-01
-5.1872E-06,-3.54004E-01
-5.1856E-06,-3.10059E-01
-5.1840E-06,-2.51465E-01
-5.1824E-06,-1.73340E-01
-5.1808E-06,-8.54492E-02
-5.1792E-06,-7.32422E-03
-5.1776E-06,1.04980E-01
-5.1760E-06,1.97754E-01
-5.1744E-06,2.75879E-01
-5.1728E-06,3.39355E-01
-5.1712E-06,3.78418E-01
-5.1696E-06,4.17480E-01
-5.1680E-06,4.27246E-01
-5.1664E-06,4.07715E-01
-5.1648E-06,4.02832E-01
-5.1632E-06,3.39355E-01
-5.1616E-06,2.95410E-01
-5.1600E-06,2.12402E-01
-5.1584E-06,1.19629E-01
-5.1568E-06,2.19727E-02
-5.1552E-06,-6.10352E-02
-5.1536E-06,-1.58691E-01
-5.1520E-06,-2.41699E-01
-5.1504E-06,-3.24707E-01
-5.1488E-06,-3.39355E-01
-5.1472E-06,-3.93066E-01
-5.1456E-06,-3.97949E-01
-5.1440E-06,-3.83301E-01
-5.1424E-06,-3.68652E-01
-5.1408E-06,-3.05176E-01
-5.1392E-06,-2.51465E-01
-5.1376E-06,-1.78223E-01
-5.1360E-06,-1.04980E-01
-5.1344E-06,2.44141E-03
-5.1328E-06,8.54492E-02
-5.1312E-06,1.68457E-01
-5.1296E-06,2.66113E-01
-5.1280E-06,3.39355E-01
-5.1264E-06,3.73535E-01
-5.1248E-06,4.22363E-01
-5.1232E-06,4.37012E-01
-5.1216E-06,4.22363E-01
-5.1200E-06,4.07715E-01
-5.1184E-06,3.54004E-01
-5.1168E-06,2.75879E-01
-5.1152E-06,2.17285E-01
-5.1136E-06,1.39160E-01
-5.1120E-06,4.63867E-02
-5.1104E-06,-3.66211E-02
-5.1088E-06,-1.34277E-01
-5.1072E-06,-2.22168E-01
-5.1056E-06,-2.95410E-01
-5.1040E-06,-3.49121E-01
-5.1024E-06,-3.93066E-01
-5.1008E-06,-4.02832E-01
-5.0992E-06,-3.88184E-01
-5.0976E-06,-3.73535E-01
-5.0960E-06,-3.19824E-01
-5.0944E-06,-2.66113E-01
-5.0928E-06,-1.92871E-01
-5.0912E-06,-1.04980E-01
-5.0896E-06,-3.17383E-02
-5.0880E-06,7.08008E-02
-5.0864E-06,1.63574E-01
-5.0848E-06,2.66113E-01
-5.0832E-06,3.05176E-01
-5.0816E-06,3.68652E-01
-5.0800E-06,4.12598E-01
-5.0784E-06,4.27246E-01
-5.0768E-06,4.27246E-01
-5.0752E-06,4.02832E-01
-5.0736E-06,3.54004E-01
-5.0720E-06,2.90527E-01
-5.0704E-06,2.22168E-01
-5.0688E-06,1.44043E-01
-5.0672E-06,4.15039E-02
-5.0656E-06,-4.15039E-02
-5.0640E-06,-1.34277E-01
-5.0624E-06,-2.22168E-01
-5.0608E-06,-2.90527E-01
-5.0592E-06,-3.49121E-01
-5.0576E-06,-3.88184E-01
-5.0560E-06,-4.17480E-01
-5.0544E-06,-3.97949E-01
-5.0528E-06,-3.78418E-01
-5.0512E-06,-3.19824E-01
-5.0496E-06,-2.70996E-01
-5.0480E-06,-1.97754E-01
-5.0464E-06,-1.09863E-01
-5.0448E-06,-1.70898E-02
-5.0432E-06,6.10352E-02
-5.0416E-06,1.53809E-01
-5.0400E-06,2.36816E-01
-5.0384E-06,3.00293E-01
-5.0368E-06,3.58887E-01
-5.0352E-06,3.97949E-01
-5.0336E-06,4.17480E-01
-5.0320E-06,4.32129E-01
-5.0304E-06,4.02832E-01
-5.0288E-06,3.68652E-01
-5.0272E-06,3.29590E-01
-5.0256E-06,2.31934E-01
-5.0240E-06,1.68457E-01
-5.0224E-06,6.59180E-02
-5.0208E-06,-3.17383E-02
-5.0192E-06,-1.14746E-01
-5.0176E-06,-2.02637E-01
-5.0160E-06,-2.85645E-01
-5.0144E-06,-3.49121E-01
-5.0128E-06,-3.78418E-01
-5.0112E-06,-4.17480E-01
-5.0096E-06,-4.02832E-01
-5.0080E-06,-3.78418E-01
-5.0064E-06,-3.39355E-01
-5.0048E-06,-3.05176E-01
-5.0032E-06,-2.07520E-01
-5.0016E-06,-1.24512E-01
-5.0000E-06,-5.12695E-02
-4.9984E-06,5.12695E-02
-4.9968E-06,1.44043E-01
-4.9952E-06,2.31934E-01
-4.9936E-06,3.00293E-01
-4.9920E-06,3.63770E-01
-4.9904E-06,3.97949E-01
-4.9888E-06,4.22363E-01
-4.9872E-06,4.27246E-01
-4.9856E-06,4.12598E-01
-4.9840E-06,3.63770E-01
-4.9824E-06,3.24707E-01
-4.9808E-06,2.41699E-01
-4.9792E-06,1.68457E-01
-4.9776E-06,7.56836E-02
-4.9760E-06,-1.22070E-02
-4.9744E-06,-1.09863E-01
-4.9728E-06,-1.92871E-01
-4.9712E-06,-2.75879E-01
-4.9696E-06,-3.24707E-01
-4.9680E-06,-3.63770E-01
-4.9664E-06,-4.12598E-01
-4.9648E-06,-3.97949E-01
-4.9632E-06,-3.78418E-01
-4.9616E-06,-3.39355E-01
-4.9600E-06,-2.85645E-01
-4.9584E-06,-2.27051E-01
-4.9568E-06,-1.39160E-01
-4.9552E-06,-6.59180E-02
-4.9536E-06,5.12695E-02
-4.9520E-06,1.39160E-01
-4.9504E-06,2.12402E-01
-4.9488E-06,2.85645E-01
-4.9472E-06,3.49121E-01
-4.9456E-06,4.07715E-01
-4.9440E-06,4.27246E-01
-4.9424E-06,4.27246E-01
-4.9408E-06,4.12598E-01
-4.9392E-06,3.73535E-01
-4.9376E-06,3.29590E-01
-4.9360E-06,2.66113E-01
-4.9344E-06,1.73340E-01
-4.9328E-06,9.52148E-02
-4.9312E-06,-7.32422E-03
-4.9296E-06,-7.56836E-02
-4.9280E-06,-1.83105E-01
-4.9264E-06,-2.70996E-01
-4.9248E-06,-3.14941E-01
-4.9232E-06,-3.73535E-01
-4.9216E-06,-3.93066E-01
-4.9200E-06,-4.12598E-01
-4.9184E-06,-4.02832E-01
-4.9168E-06,-3.54004E-01
-4.9152E-06,-3.14941E-01
-4.9136E-06,-2.31934E-01
-4.9120E-06,-1.63574E-01
-4.9104E-06,-8.05664E-02
-4.9088E-06,1.70898E-02
-4.9072E-06,1.19629E-01
-4.9056E-06,2.07520E-01
-4.9040E-06,2.80762E-01
-4.9024E-06,3.39355E-01
-4.9008E-06,3.93066E-01
-4.8992E-06,4.12598E-01
-4.8976E-06,4.32129E-01
-4.8960E-06,4.17480E-01
-4.8944E-06,3.78418E-01
-4.8928E-06,3.49121E-01
-4.8912E-06,2.66113E-01
-4.8896E-06,1.87988E-01
-4.8880E-06,1.04980E-01
-4.8864E-06,7.32422E-03
-4.8848E-06,-8.54492E-02
-4.8832E-06,-1.87988E-01
-4.8816E-06,-2.56348E-01
-4.8800E-06,-3.10059E-01
-4.8784E-06,-3.49121E-01
-4.8768E-06,-3.83301E-01
-4.8752E-06,-3.97949E-01
-4.8736E-06,-3.93066E-01
-4.8720E-06,-3.68652E-01
-4.8704E-06,-3.14941E-01
-4.8688E-06,-2.46582E-01
-4.8672E-06,-1.68457E-01
-4.8656E-06,-8.54492E-02
-4.8640E-06,1.22070E-02
-4.8624E-06,1.04980E-01
-4.8608E-06,1.87988E-01
-4.8592E-06,2.80762E-01
-4.8576E-06,3.29590E-01
-4.8560E-06,3.83301E-01
-4.8544E-06,4.17480E-01
-4.8528E-06,4.41895E-01
-4.8512E-06,4.22363E-01
-4.8496E-06,4.02832E-01
-4.8480E-06,3.29590E-01
-4.8464E-06,2.75879E-01
-4.8448E-06,2.07520E-01
-4.8432E-06,1.19629E-01
-4.8416E-06,2.19727E-02
-4.8400E-06,-7.08008E-02
-4.8384E-06,-1.68457E-01
-4.8368E-06,-2.46582E-01
-4.8352E-06,-3.10059E-01
-4.8336E-06,-3.49121E-01
-4.8320E-06,-3.97949E-01
-4.8304E-06,-4.07715E-01
-4.8288E-06,-3.93066E-01
-4.8272E-06,-3.58887E-01
-4.8256E-06,-3.05176E-01
-4.8240E-06,-2.56348E-01
-4.8224E-06,-1.92871E-01
-4.8208E-06,-1.00098E-01
-4.8192E-06,1.70898E-02
-4.8176E-06,1.04980E-01
-4.8160E-06,1.68457E-01
-4.8144E-06,2.61230E-01
-4.8128E-06,3.34473E-01
-4.8112E-06,3.68652E-01
-4.8096E-06,4.12598E-01
-4.8080E-06,4.27246E-01
-4.8064E-06,4.22363E-01
-4.8048E-06,3.88184E-01
-4.8032E-06,3.58887E-01
-4.8016E-06,2.80762E-01
-4.8000E-06,2.07520E-01
-4.7984E-06,1.19629E-01
-4.7968E-06,3.17383E-02
-4.7952E-06,-7.08008E-02
-4.7936E-06,-1.34277E-01
-4.7920E-06,-2.31934E-01
-4.7904E-06,-3.10059E-01
-4.7888E-06,-3.34473E-01
-4.7872E-06,-3.93066E-01
-4.7856E-06,-4.07715E-01
-4.7840E-06,-3.97949E-01
-4.7824E-06,-3.49121E-01
-4.7808E-06,-3.19824E-01
-4.7792E-06,-2.70996E-01
-4.7776E-06,-1.92871E-01
-4.7760E-06,-1.04980E-01
-4.7744E-06,-1.22070E-02
-4.7728E-06,8.05664E-02
-4.7712E-06,1.78223E-01
-4.7696E-06,2.51465E-01
-4.7680E-06,3.29590E-01
-4.7664E-06,3.78418E-01
-4.7648E-06,4.17480E-01
-4.7632E-06,4.22363E-01
-4.7616E-06,4.27246E-01
-4.7600E-06,4.07715E-01
-4.7584E-06,3.68652E-01
-4.7568E-06,3.05176E-01
-4.7552E-06,2.17285E-01
-4.7536E-06,1.44043E-01
-4.7520E-06,4.15039E-02
-4.7504E-06,-5.61523E-02
-4.7488E-06,-1.44043E-01
-4.7472E-06,-2.22168E-01
-4.7456E-06,-2.85645E-01
-4.7440E-06,-3.54004E-01
-4.7424E-06,-3.78418E-01
-4.7408E-06,-3.93066E-01
-4.7392E-06,-4.02832E-01
-4.7376E-06,-3.73535E-01
-4.7360E-06,-3.34473E-01
-4.7344E-06,-2.66113E-01
-4.7328E-06,-1.87988E-01
-4.7312E-06,-1.00098E-01
-4.7296E-06,-2.19727E-02
-4.7280E-06,7.08008E-02
-4.7264E-06,1.63574E-01
-4.7248E-06,2.46582E-01
-4.7232E-06,3.05176E-01
-4.7216E-06,3.73535E-01
-4.7200E-06,4.17480E-01
-4.7184E-06,4.41895E-01
-4.7168E-06,4.17480E-01
-4.7152E-06,3.97949E-01
-4.7136E-06,3.44238E-01
-4.7120E-06,3.05176E-01
-4.7104E-06,2.31934E-01
-4.7088E-06,1.48926E-01
-4.7072E-06,4.63867E-02
-4.7056E-06,-3.17383E-02
-4.7040E-06,-1.29395E-01
-4.7024E-06,-2.27051E-01
-4.7008E-06,-2.85645E-01
-4.6992E-06,-3.44238E-01
-4.6976E-06,-3.83301E-01
-4.6960E-06,-3.88184E-01
-4.6944E-06,-4.07715E-01
-4.6928E-06,-3.73535E-01
-4.6912E-06,-3.34473E-01
-4.6896E-06,-2.70996E-01
-4.6880E-06,-2.17285E-01
-4.6864E-06,-1.39160E-01
-4.6848E-06,-2.68555E-02
-4.6832E-06,7.56836E-02
-4.6816E-06,1.48926E-01
-4.6800E-06,2.41699E-01
-4.6784E-06,3.10059E-01
-4.6768E-06,3.73535E-01
-4.6752E-06,4.12598E-01
-4.6736E-06,4.22363E-01
-4.6720E-06,4.27246E-01
-4.6704E-06,4.12598E-01
-4.6688E-06,3.68652E-01
-4.6672E-06,3.10059E-01
-4.6656E-06,2.31934E-01
-4.6640E-06,1.58691E-01
-4.6624E-06,5.61523E-02
-4.6608E-06,-1.70898E-02
-4.6592E-06,-1.19629E-01
-4.6576E-06,-2.07520E-01
-4.6560E-06,-2.66113E-01
-4.6544E-06,-3.24707E-01
-4.6528E-06,-3.88184E-01
-4.6512E-06,-4.07715E-01
-4.6496E-06,-4.07715E-01
-4.6480E-06,-3.73535E-01
-4.6464E-06,-3.34473E-01
-4.6448E-06,-2.95410E-01
-4.6432E-06,-2.12402E-01
-4.6416E-06,-1.29395E-01
-4.6400E-06,-6.59180E-02
-4.6384E-06,6.10352E-02
-4.6368E-06,1.44043E-01
-4.6352E-06,2.22168E-01
-4.6336E-06,2.95410E-01
-4.6320E-06,3.68652E-01
-4.6304E-06,4.02832E-01
-4.6288E-06,4.22363E-01
-4.6272E-06,4.22363E-01
-4.6256E-06,4.07715E-01
-4.6240E-06,3.73535E-01
-4.6224E-06,3.19824E-01
-4.6208E-06,2.56348E-01
-4.6192E-06,1.87988E-01
-4.6176E-06,9.52148E-02
-4.6160E-06,-7.32422E-03
-4.6144E-06,-1.19629E-01
-4.6128E-06,-1.92871E-01
-4.6112E-06,-2.61230E-01
-4.6096E-06,-3.19824E-01
-4.6080E-06,-3.73535E-01
-4.6064E-06,-3.93066E-01
-4.6048E-06,-3.88184E-01
-4.6032E-06,-3.83301E-01
-4.6016E-06,-3.39355E-01
-4.6000E-06,-2.85645E-01
-4.5984E-06,-2.31934E-01
-4.5968E-06,-1.58691E-01
-4.5952E-06,-5.12695E-02
-4.5936E-06,2.68555E-02
-4.5920E-06,1.24512E-01
-4.5904E-06,2.12402E-01
-4.5888E-06,2.85645E-01
-4.5872E-06,3.58887E-01
-4.5856E-06,4.07715E-01
-4.5840E-06,4.12598E-01
-4.5824E-06,4.32129E-01
-4.5808E-06,4.27246E-01
-4.5792E-06,3.73535E-01
-4.5776E-06,3.39355E-01
-4.5760E-06,2.61230E-01
-4.5744E-06,1.73340E-01
-4.5728E-06,1.04980E-01
-4.5712E-06,2.44141E-03
-4.5696E-06,-9.52148E-02
-4.5680E-06,-1.83105E-01
-4.5664E-06,-2.56348E-01
-4.5648E-06,-3.29590E-01
-4.5632E-06,-3.63770E-01
-4.5616E-06,-3.83301E-01
-4.5600E-06,-3.97949E-01
-4.5584E-06,-3.83301E-01
-4.5568E-06,-3.63770E-01
-4.5552E-06,-3.05176E-01
-4.5536E-06,-2.31934E-01
-4.5520E-06,-1.58691E-01
-4.5504E-06,-7.56836E-02
-4.5488E-06,2.19727E-02
-4.5472E-06,1.19629E-01
-4.5456E-06,2.07520E-01
-4.5440E-06,2.90527E-01
-4.5424E-06,3.58887E-01
-4.5408E-06,3.88184E-01
-4.5392E-06,4.22363E-01
-4.5376E-06,4.41895E-01
-4.5360E-06,4.02832E-01
-4.5344E-06,3.83301E-01
-4.5328E-06,3.39355E-01
-4.5312E-06,2.56348E-01
-4.5296E-06,1.68457E-01
-4.5280E-06,1.04980E-01
-4.5264E-06,1.22070E-02
-4.5248E-06,-8.05664E-02
-4.5232E-06,-1.78223E-01
-4.5216E-06,-2.51465E-01
-4.5200E-06,-3.19824E-01
-4.5184E-06,-3.58887E-01
-4.5168E-06,-3.88184E-01
-4.5152E-06,-3.97949E-01
-4.5136E-06,-4.07715E-01
-4.5120E-06,-3.68652E-01
-4.5104E-06,-3.05176E-01
-4.5088E-06,-2.51465E-01
-4.5072E-06,-1.73340E-01
-4.5056E-06,-9.03320E-02
-4.5040E-06,2.19727E-02
-4.5024E-06,1.19629E-01
-4.5008E-06,1.78223E-01
-4.4992E-06,2.70996E-01
-4.4976E-06,3.39355E-01
-4.4960E-06,3.83301E-01
-4.4944E-06,4.07715E-01
-4.4928E-06,4.41895E-01
-4.4912E-06,4.27246E-01
-4.4896E-06,3.93066E-01
-4.4880E-06,3.34473E-01
-4.4864E-06,2.95410E-01
-4.4848E-06,2.07520E-01
-4.4832E-06,1.14746E-01
-4.4816E-06,1.70898E-02
-4.4800E-06,-6.10352E-02
-4.4784E-06,-1.63574E-01
-4.4768E-06,-2.46582E-01
-4.4752E-06,-3.14941E-01
-4.4736E-06,-3.63770E-01
-4.4720E-06,-3.88184E-01
-4.4704E-06,-3.93066E-01
-4.4688E-06,-4.07715E-01
-4.4672E-06,-3.63770E-01
-4.4656E-06,-3.05176E-01
-4.4640E-06,-2.46582E-01
-4.4624E-06,-1.83105E-01
-4.4608E-06,-1.04980E-01
-4.4592E-06,2.44141E-03
-4.4576E-06,9.03320E-02
-4.4560E-06,1.78223E-01
-4.4544E-06,2.56348E-01
-4.4528E-06,3.34473E-01
-4.4512E-06,3.68652E-01
-4.4496E-06,4.27246E-01
-4.4480E-06,4.41895E-01
-4.4464E-06,4.46777E-01
-4.4448E-06,4.02832E-01
-4.4432E-06,3.39355E-01
-4.4416E-06,2.90527E-01
-4.4400E-06,2.07520E-01
-4.4384E-06,1.34277E-01
-4.4368E-06,3.66211E-02
-4.4352E-06,-4.15039E-02
-4.4336E-06,-1.58691E-01
-4.4320E-06,-2.31934E-01
-4.4304E-06,-3.05176E-01
-4.4288E-06,-3.54004E-01
-4.4272E-06,-3.93066E-01
-4.4256E-06,-3.97949E-01
-4.4240E-06,-3.88184E-01
-4.4224E-06,-3.63770E-01
-4.4208E-06,-3.39355E-01
-4.4192E-06,-2.80762E-01
-4.4176E-06,-1.97754E-01
-4.4160E-06,-1.24512E-01
-4.4144E-06,-7.32422E-03
-4.4128E-06,8.05664E-02
-4.4112E-06,1.78223E-01
-4.4096E-06,2.61230E-01
-4.4080E-06,3.19824E-01
-4.4064E-06,3.73535E-01
-4.4048E-06,4.17480E-01
-4.4032E-06,4.27246E-01
-4.4016E-06,4.37012E-01
-4.4000E-06,4.02832E-01
-4.3984E-06,3.54004E-01
-4.3968E-06,2.95410E-01
-4.3952E-06,2.22168E-01
-4.3936E-06,1.48926E-01
-4.3920E-06,5.12695E-02
-4.3904E-06,-4.63867E-02
-4.3888E-06,-1.39160E-01
-4.3872E-06,-2.17285E-01
-4.3856E-06,-2.70996E-01
-4.3840E-06,-3.54004E-01
-4.3824E-06,-3.83301E-01
-4.3808E-06,-4.07715E-01
-4.3792E-06,-3.93066E-01
-4.3776E-06,-3.73535E-01
-4.3760E-06,-3.24707E-01
-4.3744E-06,-2.66113E-01
-4.3728E-06,-1.97754E-01
-4.3712E-06,-1.24512E-01
-4.3696E-06,-2.68555E-02
-4.3680E-06,6.59180E-02
-4.3664E-06,1.48926E-01
-4.3648E-06,2.22168E-01
-4.3632E-06,3.05176E-01
-4.3616E-06,3.63770E-01
-4.3600E-06,4.02832E-01
-4.3584E-06,4.37012E-01
-4.3568E-06,4.22363E-01
-4.3552E-06,4.07715E-01
-4.3536E-06,3.73535E-01
-4.3520E-06,2.90527E-01
-4.3504E-06,2.27051E-01
-4.3488E-06,1.44043E-01
-4.3472E-06,6.59180E-02
-4.3456E-06,-3.66211E-02
-4.3440E-06,-1.24512E-01
-4.3424E-06,-2.12402E-01
-4.3408E-06,-2.80762E-01
-4.3392E-06,-3.29590E-01
-4.3376E-06,-3.68652E-01
-4.3360E-06,-4.02832E-01
-4.3344E-06,-4.07715E-01
-4.3328E-06,-3.73535E-01
-4.3312E-06,-3.34473E-01
-4.3296E-06,-2.75879E-01
-4.3280E-06,-2.17285E-01
-4.3264E-06,-1.24512E-01
-4.3248E-06,-2.68555E-02
-4.3232E-06,5.12695E-02
-4.3216E-06,1.44043E-01
-4.3200E-06,2.22168E-01
-4.3184E-06,2.95410E-01
-4.3168E-06,3.73535E-01
-4.3152E-06,4.02832E-01
-4.3136E-06,4.32129E-01
-4.3120E-06,4.37012E-01
-4.3104E-06,4.12598E-01
-4.3088E-06,3.73535E-01
-4.3072E-06,3.05176E-01
-4.3056E-06,2.36816E-01
-4.3040E-06,1.63574E-01
-4.3024E-06,6.10352E-02
-4.3008E-06,-2.68555E-02
-4.2992E-06,-1.09863E-01
-4.2976E-06,-1.97754E-01
-4.2960E-06,-2.61230E-01
-4.2944E-06,-3.19824E-01
-4.2928E-06,-3.78418E-01
-4.2912E-06,-4.02832E-01
-4.2896E-06,-4.02832E-01
-4.2880E-06,-3.83301E-01
-4.2864E-06,-3.39355E-01
-4.2848E-06,-2.85645E-01
-4.2832E-06,-2.17285E-01
-4.2816E-06,-1.44043E-01
-4.2800E-06,-3.17383E-02
-4.2784E-06,5.61523E-02
-4.2768E-06,1.39160E-01
-4.2752E-06,2.17285E-01
-4.2736E-06,2.75879E-01
-4.2720E-06,3.54004E-01
-4.2704E-06,4.02832E-01
-4.2688E-06,4.37012E-01
-4.2672E-06,4.37012E-01
-4.2656E-06,4.12598E-01
-4.2640E-06,3.73535E-01
-4.2624E-06,3.05176E-01
-4.2608E-06,2.41699E-01
-4.2592E-06,1.83105E-01
-4.2576E-06,9.03320E-02
-4.2560E-06,-1.22070E-02
-4.2544E-06,-1.00098E-01
-4.2528E-06,-1.97754E-01
-4.2512E-06,-2.56348E-01
-4.2496E-06,-3.39355E-01
-4.2480E-06,-3.73535E-01
-4.2464E-06,-3.97949E-01
-4.2448E-06,-4.02832E-01
-4.2432E-06,-3.88184E-01
-4.2416E-06,-3.49121E-01
-4.2400E-06,-2.95410E-01
-4.2384E-06,-2.17285E-01
-4.2368E-06,-1.53809E-01
-4.2352E-06,-6.10352E-02
-4.2336E-06,3.66211E-02
-4.2320E-06,1.34277E-01
-4.2304E-06,2.17285E-01
-4.2288E-06,2.85645E-01
-4.2272E-06,3.44238E-01
-4.2256E-06,3.97949E-01
-4.2240E-06,4.22363E-01
-4.2224E-06,4.37012E-01
-4.2208E-06,4.22363E-01
-4.2192E-06,3.73535E-01
-4.2176E-06,3.34473E-01
-4.2160E-06,2.51465E-01
-4.2144E-06,1.87988E-01
-4.2128E-06,8.54492E-02
-4.2112E-06,-7.32422E-03
-4.2096E-06,-9.03320E-02
-4.2080E-06,-1.78223E-01
-4.2064E-06,-2.51465E-01
-4.2048E-06,-3.24707E-01
-4.2032E-06,-3.68652E-01
-4.2016E-06,-3.78418E-01
-4.2000E-06,-4.07715E-01
-4.1984E-06,-3.78418E-01
-4.1968E-06,-3.54004E-01
-4.1952E-06,-3.14941E-01
-4.1936E-06,-2.46582E-01
-4.1920E-06,-1.63574E-01
-4.1904E-06,-8.54492E-02
-4.1888E-06,2.68555E-02
-4.1872E-06,1.14746E-01
-4.1856E-06,1.97754E-01
-4.1840E-06,2.80762E-01
-4.1824E-06,3.39355E-01
-4.1808E-06,3.88184E-01
-4.1792E-06,4.27246E-01
-4.1776E-06,4.37012E-01
-4.1760E-06,4.32129E-01
-4.1744E-06,3.83301E-01
-4.1728E-06,3.34473E-01
-4.1712E-06,2.70996E-01
-4.1696E-06,1.92871E-01
-4.1680E-06,1.04980E-01
-4.1664E-06,2.19727E-02
-4.1648E-06,-7.56836E-02
-4.1632E-06,-1.58691E-01
-4.1616E-06,-2.51465E-01
-4.1600E-06,-3.10059E-01
-4.1584E-06,-3.68652E-01
-4.1568E-06,-3.83301E-01
-4.1552E-06,-3.93066E-01
-4.1536E-06,-3.97949E-01
-4.1520E-06,-3.73535E-01
-4.1504E-06,-3.14941E-01
-4.1488E-06,-2.46582E-01
-4.1472E-06,-1.87988E-01
-4.1456E-06,-8.05664E-02
-4.1440E-06,7.32422E-03
-4.1424E-06,1.04980E-01
-4.1408E-06,1.83105E-01
-4.1392E-06,2.56348E-01
-4.1376E-06,3.29590E-01
-4.1360E-06,3.83301E-01
-4.1344E-06,4.22363E-01
-4.1328E-06,4.46777E-01
-4.1312E-06,4.27246E-01
-4.1296E-06,3.93066E-01
-4.1280E-06,3.49121E-01
-4.1264E-06,2.85645E-01
-4.1248E-06,2.02637E-01
-4.1232E-06,1.19629E-01
-4.1216E-06,2.68555E-02
-4.1200E-06,-6.59180E-02
-4.1184E-06,-1.53809E-01
-4.1168E-06,-2.36816E-01
-4.1152E-06,-3.29590E-01
-4.1136E-06,-3.63770E-01
-4.1120E-06,-3.83301E-01
-4.1104E-06,-4.12598E-01
-4.1088E-06,-4.12598E-01
-4.1072E-06,-3.54004E-01
-4.1056E-06,-3.29590E-01
-4.1040E-06,-2.61230E-01
-4.1024E-06,-1.68457E-01
-4.1008E-06,-8.54492E-02
-4.0992E-06,-1.70898E-02
-4.0976E-06,9.52148E-02
-4.0960E-06,1.63574E-01
-4.0944E-06,2.61230E-01
-4.0928E-06,3.24707E-01
-4.0912E-06,3.68652E-01
-4.0896E-06,4.17480E-01
-4.0880E-06,4.22363E-01
-4.0864E-06,4.32129E-01
-4.0848E-06,4.07715E-01
-4.0832E-06,3.49121E-01
-4.0816E-06,3.00293E-01
-4.0800E-06,2.12402E-01
-4.0784E-06,1.29395E-01
-4.0768E-06,4.15039E-02
-4.0752E-06,-4.63867E-02
-4.0736E-06,-1.53809E-01
-4.0720E-06,-2.17285E-01
-4.0704E-06,-2.90527E-01
-4.0688E-06,-3.49121E-01
-4.0672E-06,-3.88184E-01
-4.0656E-06,-3.93066E-01
-4.0640E-06,-3.88184E-01
-4.0624E-06,-3.68652E-01
-4.0608E-06,-3.24707E-01
-4.0592E-06,-2.61230E-01
-4.0576E-06,-1.97754E-01
-4.0560E-06,-1.04980E-01
-4.0544E-06,-2.44141E-03
-4.0528E-06,9.03320E-02
-4.0512E-06,1.58691E-01
-4.0496E-06,2.36816E-01
-4.0480E-06,3.19824E-01
-4.0464E-06,3.73535E-01
-4.0448E-06,4.12598E-01
-4.0432E-06,4.32129E-01
-4.0416E-06,4.27246E-01
-4.0400E-06,3.93066E-01
-4.0384E-06,3.58887E-01
-4.0368E-06,3.05176E-01
-4.0352E-06,2.36816E-01
-4.0336E-06,1.34277E-01
-4.0320E-06,4.63867E-02
-4.0304E-06,-5.61523E-02
-4.0288E-06,-1.24512E-01
-4.0272E-06,-2.17285E-01
-4.0256E-06,-3.00293E-01
-4.0240E-06,-3.34473E-01
-4.0224E-06,-3.78418E-01
-4.0208E-06,-4.02832E-01
-4.0192E-06,-3.97949E-01
-4.0176E-06,-3.73535E-01
-4.0160E-06,-3.24707E-01
-4.0144E-06,-2.80762E-01
-4.0128E-06,-2.12402E-01
-4.0112E-06,-1.14746E-01
-4.0096E-06,-3.17383E-02
-4.0080E-06,6.59180E-02
-4.0064E-06,1.53809E-01
-4.0048E-06,2.27051E-01
-4.0032E-06,3.10059E-01
-4.0016E-06,3.58887E-01
-4.0000E-06,4.02832E-01
-3.9984E-06,4.41895E-01
-3.9968E-06,4.32129E-01
-3.9952E-06,4.12598E-01
-3.9936E-06,3.73535E-01
-3.9920E-06,3.10059E-01
-3.9904E-06,2.36816E-01
-3.9888E-06,1.58691E-01
-3.9872E-06,6.10352E-02
-3.9856E-06,-3.17383E-02
-3.9840E-06,-1.14746E-01
-3.9824E-06,-1.97754E-01
-3.9808E-06,-2.75879E-01
-3.9792E-06,-3.49121E-01
-3.9776E-06,-3.83301E-01
-3.9760E-06,-4.17480E-01
-3.9744E-06,-4.12598E-01
-3.9728E-06,-3.88184E-01
-3.9712E-06,-3.54004E-01
-3.9696E-06,-2.90527E-01
-3.9680E-06,-2.17285E-01
-3.9664E-06,-1.29395E-01
-3.9648E-06,-4.15039E-02
-3.9632E-06,4.15039E-02
-3.9616E-06,1.44043E-01
-3.9600E-06,2.12402E-01
-3.9584E-06,3.05176E-01
-3.9568E-06,3.63770E-01
-3.9552E-06,3.97949E-01
-3.9536E-06,4.32129E-01
-3.9520E-06,4.27246E-01
-3.9504E-06,3.93066E-01
-3.9488E-06,3.63770E-01
-3.9472E-06,3.05176E-01
-3.9456E-06,2.46582E-01
-3.9440E-06,1.58691E-01
-3.9424E-06,8.54492E-02
-3.9408E-06,-1.22070E-02
-3.9392E-06,-9.03320E-02
-3.9376E-06,-1.92871E-01
-3.9360E-06,-2.80762E-01
-3.9344E-06,-3.24707E-01
-3.9328E-06,-3.54004E-01
-3.9312E-06,-3.97949E-01
-3.9296E-06,-4.02832E-01
-3.9280E-06,-3.88184E-01
-3.9264E-06,-3.54004E-01
-3.9248E-06,-3.00293E-01
-3.9232E-06,-2.31934E-01
-3.9216E-06,-1.39160E-01
-3.9200E-06,-5.12695E-02
-3.9184E-06,5.12695E-02
-3.9168E-06,1.24512E-01
-3.9152E-06,2.27051E-01
-3.9136E-06,3.00293E-01
-3.9120E-06,3.49121E-01
-3.9104E-06,3.88184E-01
-3.9088E-06,4.12598E-01
-3.9072E-06,4.27246E-01
-3.9056E-06,4.27246E-01
-3.9040E-06,3.88184E-01
-3.9024E-06,3.29590E-01
-3.9008E-06,2.66113E-01
-3.8992E-06,1.78223E-01
-3.8976E-06,1.00098E-01
-3.8960E-06,-7.32422E-03
-3.8944E-06,-1.00098E-01
-3.8928E-06,-1.73340E-01
-3.8912E-06,-2.61230E-01
-3.8896E-06,-3.19824E-01
-3.8880E-06,-3.88184E-01
-3.8864E-06,-3.83301E-01
-3.8848E-06,-4.02832E-01
-3.8832E-06,-3.83301E-01
-3.8816E-06,-3.39355E-01
-3.8800E-06,-2.85645E-01
-3.8784E-06,-2.36816E-01
-3.8768E-06,-1.58691E-01
-3.8752E-06,-7.56836E-02
-3.8736E-06,2.19727E-02
-3.8720E-06,1.29395E-01
-3.8704E-06,2.02637E-01
-3.8688E-06,2.95410E-01
-3.8672E-06,3.54004E-01
-3.8656E-06,3.93066E-01
-3.8640E-06,4.17480E-01
-3.8624E-06,4.46777E-01
-3.8608E-06,4.22363E-01
-3.8592E-06,3.78418E-01
-3.8576E-06,3.24707E-01
-3.8560E-06,2.70996E-01
-3.8544E-06,1.87988E-01
-3.8528E-06,1.04980E-01
-3.8512E-06,2.44141E-03
-3.8496E-06,-8.05664E-02
-3.8480E-06,-1.63574E-01
-3.8464E-06,-2.51465E-01
-3.8448E-06,-3.19824E-01
-3.8432E-06,-3.78418E-01
-3.8416E-06,-4.07715E-01
-3.8400E-06,-4.12598E-01
-3.8384E-06,-3.93066E-01
-3.8368E-06,-3.49121E-01
-3.8352E-06,-2.95410E-01
-3.8336E-06,-2.46582E-01
-3.8320E-06,-1.53809E-01
-3.8304E-06,-7.08008E-02
-3.8288E-06,2.19727E-02
-3.8272E-06,1.04980E-01
-3.8256E-06,1.97754E-01
-3.8240E-06,2.70996E-01
-3.8224E-06,3.54004E-01
-3.8208E-06,3.68652E-01
-3.8192E-06,4.22363E-01
-3.8176E-06,4.17480E-01
-3.8160E-06,4.17480E-01
-3.8144E-06,3.93066E-01
-3.8128E-06,3.39355E-01
-3.8112E-06,2.85645E-01
-3.8096E-06,1.97754E-01
-3.8080E-06,1.09863E-01
-3.8064E-06,1.70898E-02
-3.8048E-06,-5.61523E-02
-3.8032E-06,-1.63574E-01
-3.8016E-06,-2.36816E-01
-3.8000E-06,-3.10059E-01
-3.7984E-06,-3.58887E-01
-3.7968E-06,-4.07715E-01
-3.7952E-06,-4.02832E-01
-3.7936E-06,-3.83301E-01
-3.7920E-06,-3.63770E-01
-3.7904E-06,-3.14941E-01
-3.7888E-06,-2.66113E-01
-3.7872E-06,-1.63574E-01
-3.7856E-06,-8.05664E-02
-3.7840E-06,7.32422E-03
-3.7824E-06,9.52148E-02
-3.7808E-06,1.97754E-01
-3.7792E-06,2.70996E-01
-3.7776E-06,3.29590E-01
-3.7760E-06,3.78418E-01
-3.7744E-06,4.22363E-01
-3.7728E-06,4.32129E-01
-3.7712E-06,4.27246E-01
-3.7696E-06,3.93066E-01
-3.7680E-06,3.49121E-01
-3.7664E-06,2.75879E-01
-3.7648E-06,2.12402E-01
-3.7632E-06,1.14746E-01
-3.7616E-06,3.17383E-02
-3.7600E-06,-6.59180E-02
-3.7584E-06,-1.48926E-01
-3.7568E-06,-2.31934E-01
-3.7552E-06,-3.10059E-01
-3.7536E-06,-3.44238E-01
-3.7520E-06,-3.83301E-01
-3.7504E-06,-4.02832E-01
-3.7488E-06,-3.97949E-01
-3.7472E-06,-3.58887E-01
-3.7456E-06,-3.34473E-01
-3.7440E-06,-2.56348E-01
-3.7424E-06,-1.87988E-01
-3.7408E-06,-1.00098E-01
-3.7392E-06,-1.22070E-02
-3.7376E-06,9.03320E-02
-3.7360E-06,1.73340E-01
-3.7344E-06,2.51465E-01
-3.7328E-06,3.14941E-01
-3.7312E-06,3.83301E-01
-3.7296E-06,4.07715E-01
-3.7280E-06,4.22363E-01
-3.7264E-06,4.27246E-01
-3.7248E-06,4.12598E-01
-3.7232E-06,3.58887E-01
-3.7216E-06,3.05176E-01
-3.7200E-06,2.17285E-01
-3.7184E-06,1.29395E-01
-3.7168E-06,5.12695E-02
-3.7152E-06,-2.68555E-02
-3.7136E-06,-1.29395E-01
-3.7120E-06,-2.31934E-01
-3.7104E-06,-2.85645E-01
-3.7088E-06,-3.44238E-01
-3.7072E-06,-3.88184E-01
-3.7056E-06,-4.12598E-01
-3.7040E-06,-4.07715E-01
-3.7024E-06,-3.73535E-01
-3.7008E-06,-3.29590E-01
-3.6992E-06,-2.66113E-01
-3.6976E-06,-1.92871E-01
-3.6960E-06,-1.24512E-01
-3.6944E-06,-1.70898E-02
-3.6928E-06,5.61523E-02
-3.6912E-06,1.48926E-01
-3.6896E-06,2.31934E-01
-3.6880E-06,3.19824E-01
-3.6864E-06,3.63770E-01
-3.6848E-06,4.17480E-01
-3.6832E-06,4.37012E-01
-3.6816E-06,4.22363E-01
-3.6800E-06,4.12598E-01
-3.6784E-06,3.63770E-01
-3.6768E-06,3.19824E-01
-3.6752E-06,2.22168E-01
-3.6736E-06,1.39160E-01
-3.6720E-06,5.61523E-02
-3.6704E-06,-3.17383E-02
-3.6688E-06,-1.29395E-01
-3.6672E-06,-2.27051E-01
-3.6656E-06,-2.85645E-01
-3.6640E-06,-3.49121E-01
-3.6624E-06,-3.83301E-01
-3.6608E-06,-4.02832E-01
-3.6592E-06,-3.97949E-01
-3.6576E-06,-3.78418E-01
-3.6560E-06,-3.49121E-01
-3.6544E-06,-2.95410E-01
-3.6528E-06,-1.97754E-01
-3.6512E-06,-1.24512E-01
-3.6496E-06,-3.17383E-02
-3.6480E-06,5.61523E-02
-3.6464E-06,1.58691E-01
-3.6448E-06,2.31934E-01
-3.6432E-06,3.10059E-01
-3.6416E-06,3.49121E-01
-3.6400E-06,3.97949E-01
-3.6384E-06,4.32129E-01
-3.6368E-06,4.27246E-01
-3.6352E-06,4.02832E-01
-3.6336E-06,3.78418E-01
-3.6320E-06,3.05176E-01
-3.6304E-06,2.41699E-01
-3.6288E-06,1.58691E-01
-3.6272E-06,6.59180E-02
-3.6256E-06,-1.70898E-02
-3.6240E-06,-1.04980E-01
-3.6224E-06,-2.17285E-01
-3.6208E-06,-2.80762E-01
-3.6192E-06,-3.29590E-01
-3.6176E-06,-3.63770E-01
-3.6160E-06,-3.97949E-01
-3.6144E-06,-3.83301E-01
-3.6128E-06,-3.68652E-01
-3.6112E-06,-3.44238E-01
-3.6096E-06,-2.80762E-01
-3.6080E-06,-2.17285E-01
-3.6064E-06,-1.39160E-01
-3.6048E-06,-5.12695E-02
-3.6032E-06,5.61523E-02
-3.6016E-06,1.53809E-01
-3.6000E-06,2.17285E-01
-3.5984E-06,2.85645E-01
-3.5968E-06,3.39355E-01
-3.5952E-06,3.93066E-01
-3.5936E-06,4.22363E-01
-3.5920E-06,4.41895E-01
-3.5904E-06,4.22363E-01
-3.5888E-06,3.63770E-01
-3.5872E-06,3.19824E-01
-3.5856E-06,2.46582E-01
-3.5840E-06,1.78223E-01
-3.5824E-06,9.03320E-02
-3.5808E-06,-1.70898E-02
-3.5792E-06,-1.04980E-01
-3.5776E-06,-1.92871E-01
-3.5760E-06,-2.66113E-01
-3.5744E-06,-3.34473E-01
-3.5728E-06,-3.73535E-01
-3.5712E-06,-3.97949E-01
-3.5696E-06,-3.93066E-01
-3.5680E-06,-3.83301E-01
-3.5664E-06,-3.63770E-01
-3.5648E-06,-3.00293E-01
-3.5632E-06,-2.27051E-01
-3.5616E-06,-1.48926E-01
-3.5600E-06,-6.59180E-02
-3.5584E-06,3.17383E-02
-3.5568E-06,1.29395E-01
-3.5552E-06,2.17285E-01
-3.5536E-06,2.85645E-01
-3.5520E-06,3.58887E-01
-3.5504E-06,3.93066E-01
-3.5488E-06,4.32129E-01
-3.5472E-06,4.27246E-01
-3.5456E-06,4.22363E-01
-3.5440E-06,3.83301E-01
-3.5424E-06,3.49121E-01
-3.5408E-06,2.51465E-01
-3.5392E-06,1.58691E-01
-3.5376E-06,9.52148E-02
-3.5360E-06,2.44141E-03
-3.5344E-06,-8.05664E-02
-3.5328E-06,-1.83105E-01
-3.5312E-06,-2.51465E-01
-3.5296E-06,-3.24707E-01
-3.5280E-06,-3.73535E-01
-3.5264E-06,-3.88184E-01
-3.5248E-06,-3.93066E-01
-3.5232E-06,-3.93066E-01
-3.5216E-06,-3.58887E-01
-3.5200E-06,-3.10059E-01
-3.5184E-06,-2.51465E-01
-3.5168E-06,-1.58691E-01
-3.5152E-06,-7.08008E-02
-3.5136E-06,3.17383E-02
-3.5120E-06,1.09863E-01
-3.5104E-06,1.83105E-01
-3.5088E-06,2.80762E-01
-3.5072E-06,3.39355E-01
-3.5056E-06,3.93066E-01
-3.5040E-06,4.17480E-01
-3.5024E-06,4.46777E-01
-3.5008E-06,4.22363E-01
-3.4992E-06,3.93066E-01
-3.4976E-06,3.29590E-01
-3.4960E-06,2.70996E-01
-3.4944E-06,1.97754E-01
-3.4928E-06,1.04980E-01
-3.4912E-06,2.44141E-03
-3.4896E-06,-7.56836E-02
-3.4880E-06,-1.73340E-01
-3.4864E-06,-2.51465E-01
-3.4848E-06,-3.14941E-01
-3.4832E-06,-3.63770E-01
-3.4816E-06,-3.78418E-01
-3.4800E-06,-3.93066E-01
-3.4784E-06,-3.88184E-01
-3.4768E-06,-3.68652E-01
-3.4752E-06,-3.19824E-01
-3.4736E-06,-2.46582E-01
-3.4720E-06,-1.73340E-01
-3.4704E-06,-1.00098E-01
-3.4688E-06,-2.44141E-03
-3.4672E-06,9.03320E-02
-3.4656E-06,1.83105E-01
-3.4640E-06,2.75879E-01
-3.4624E-06,3.39355E-01
-3.4608E-06,3.88184E-01
-3.4592E-06,4.27246E-01
-3.4576E-06,4.27246E-01
-3.4560E-06,4.37012E-01
-3.4544E-06,3.88184E-01
-3.4528E-06,3.39355E-01
-3.4512E-06,2.85645E-01
-3.4496E-06,2.02637E-01
-3.4480E-06,1.14746E-01
-3.4464E-06,2.19727E-02
-3.4448E-06,-4.63867E-02
-3.4432E-06,-1.63574E-01
-3.4416E-06,-2.31934E-01
-3.4400E-06,-3.24707E-01
-3.4384E-06,-3.73535E-01
-3.4368E-06,-3.97949E-01
-3.4352E-06,-4.02832E-01
-3.4336E-06,-4.07715E-01
-3.4320E-06,-3.68652E-01
-3.4304E-06,-3.19824E-01
-3.4288E-06,-2.51465E-01
-3.4272E-06,-1.78223E-01
-3.4256E-06,-1.04980E-01
-3.4240E-06,2.44141E-03
-3.4224E-06,9.52148E-02
-3.4208E-06,1.87988E-01
-3.4192E-06,2.56348E-01
-3.4176E-06,3.24707E-01
-3.4160E-06,3.78418E-01
-3.4144E-06,4.27246E-01
-3.4128E-06,4.17480E-01
-3.4112E-06,4.41895E-01
-3.4096E-06,3.97949E-01
-3.4080E-06,3.54004E-01
-3.4064E-06,2.75879E-01
-3.4048E-06,2.02637E-01
-3.4032E-06,1.24512E-01
-3.4016E-06,4.15039E-02
-3.4000E-06,-5.12695E-02
-3.3984E-06,-1.63574E-01
-3.3968E-06,-2.46582E-01
-3.3952E-06,-2.95410E-01
-3.3936E-06,-3.58887E-01
-3.3920E-06,-3.88184E-01
-3.3904E-06,-3.88184E-01
-3.3888E-06,-3.93066E-01
-3.3872E-06,-3.68652E-01
-3.3856E-06,-3.34473E-01
-3.3840E-06,-2.66113E-01
-3.3824E-06,-1.92871E-01
-3.3808E-06,-1.19629E-01
-3.3792E-06,-1.70898E-02
-3.3776E-06,8.05664E-02
-3.3760E-06,1.68457E-01
-3.3744E-06,2.46582E-01
-3.3728E-06,3.34473E-01
-3.3712E-06,3.83301E-01
-3.3696E-06,4.12598E-01
-3.3680E-06,4.41895E-01
-3.3664E-06,4.32129E-01
-3.3648E-06,3.93066E-01
-3.3632E-06,3.58887E-01
-3.3616E-06,3.05176E-01
-3.3600E-06,2.17285E-01
-3.3584E-06,1.19629E-01
-3.3568E-06,4.63867E-02
-3.3552E-06,-4.15039E-02
-3.3536E-06,-1.39160E-01
-3.3520E-06,-2.27051E-01
-3.3504E-06,-2.90527E-01
-3.3488E-06,-3.39355E-01
-3.3472E-06,-3.88184E-01
-3.3456E-06,-3.93066E-01
-3.3440E-06,-3.88184E-01
-3.3424E-06,-3.73535E-01
-3.3408E-06,-3.34473E-01
-3.3392E-06,-2.75879E-01
-3.3376E-06,-1.97754E-01
-3.3360E-06,-1.19629E-01
-3.3344E-06,-4.15039E-02
-3.3328E-06,7.08008E-02
-3.3312E-06,1.53809E-01
-3.3296E-06,2.36816E-01
-3.3280E-06,3.19824E-01
-3.3264E-06,3.58887E-01
-3.3248E-06,4.12598E-01
-3.3232E-06,4.32129E-01
-3.3216E-06,4.32129E-01
-3.3200E-06,3.97949E-01
-3.3184E-06,3.73535E-01
-3.3168E-06,3.14941E-01
-3.3152E-06,2.31934E-01
-3.3136E-06,1.53809E-01
-3.3120E-06,6.59180E-02
-3.3104E-06,-3.17383E-02
-3.3088E-06,-1.19629E-01
-3.3072E-06,-2.22168E-01
-3.3056E-06,-2.95410E-01
-3.3040E-06,-3.49121E-01
-3.3024E-06,-3.78418E-01
-3.3008E-06,-3.97949E-01
-3.2992E-06,-4.02832E-01
-3.2976E-06,-3.78418E-01
-3.2960E-06,-3.39355E-01
-3.2944E-06,-2.85645E-01
-3.2928E-06,-2.27051E-01
-3.2912E-06,-1.44043E-01
-3.2896E-06,-3.66211E-02
-3.2880E-06,5.12695E-02
-3.2864E-06,1.48926E-01
-3.2848E-06,2.17285E-01
-3.2832E-06,2.95410E-01
-3.2816E-06,3.63770E-01
-3.2800E-06,4.17480E-01
-3.2784E-06,4.17480E-01
-3.2768E-06,4.17480E-01
-3.2752E-06,4.12598E-01
-3.2736E-06,3.58887E-01
-3.2720E-06,3.14941E-01
-3.2704E-06,2.36816E-01
-3.2688E-06,1.63574E-01
-3.2672E-06,7.08008E-02
-3.2656E-06,-2.68555E-02
-3.2640E-06,-1.09863E-01
-3.2624E-06,-1.92871E-01
-3.2608E-06,-2.66113E-01
-3.2592E-06,-3.44238E-01
-3.2576E-06,-3.78418E-01
-3.2560E-06,-3.93066E-01
-3.2544E-06,-3.93066E-01
-3.2528E-06,-3.73535E-01
-3.2512E-06,-3.39355E-01
-3.2496E-06,-2.70996E-01
-3.2480E-06,-2.22168E-01
-3.2464E-06,-1.53809E-01
-3.2448E-06,-4.63867E-02
-3.2432E-06,5.61523E-02
-3.2416E-06,1.39160E-01
-3.2400E-06,2.12402E-01
-3.2384E-06,2.95410E-01
-3.2368E-06,3.44238E-01
-3.2352E-06,3.97949E-01
-3.2336E-06,4.27246E-01
-3.2320E-06,4.12598E-01
-3.2304E-06,4.07715E-01
-3.2288E-06,3.73535E-01
-3.2272E-06,3.24707E-01
-3.2256E-06,2.46582E-01
-3.2240E-06,1.83105E-01
-3.2224E-06,8.54492E-02
-3.2208E-06,-1.22070E-02
-3.2192E-06,-1.14746E-01
-3.2176E-06,-2.02637E-01
-3.2160E-06,-2.31934E-01
-3.2144E-06,-3.29590E-01
-3.2128E-06,-3.73535E-01
-3.2112E-06,-3.97949E-01
-3.2096E-06,-4.07715E-01
-3.2080E-06,-3.88184E-01
-3.2064E-06,-3.44238E-01
-3.2048E-06,-3.00293E-01
-3.2032E-06,-2.27051E-01
-3.2016E-06,-1.44043E-01
-3.2000E-06,-6.59180E-02
-3.1984E-06,3.66211E-02
-3.1968E-06,1.29395E-01
-3.1952E-06,2.02637E-01
-3.1936E-06,2.85645E-01
-3.1920E-06,3.54004E-01
-3.1904E-06,3.93066E-01
-3.1888E-06,4.12598E-01
-3.1872E-06,4.37012E-01
-3.1856E-06,4.02832E-01
-3.1840E-06,3.68652E-01
-3.1824E-06,3.19824E-01
-3.1808E-06,2.66113E-01
-3.1792E-06,1.78223E-01
-3.1776E-06,9.52148E-02
-3.1760E-06,2.44141E-03
-3.1744E-06,-9.03320E-02
-3.1728E-06,-1.83105E-01
-3.1712E-06,-2.51465E-01
-3.1696E-06,-3.19824E-01
-3.1680E-06,-3.68652E-01
-3.1664E-06,-3.97949E-01
-3.1648E-06,-4.07715E-01
-3.1632E-06,-3.93066E-01
-3.1616E-06,-3.44238E-01
-3.1600E-06,-3.00293E-01
-3.1584E-06,-2.31934E-01
-3.1568E-06,-1.63574E-01
-3.1552E-06,-7.08008E-02
-3.1536E-06,1.70898E-02
-3.1520E-06,1.14746E-01
-3.1504E-06,1.97754E-01
-3.1488E-06,2.75879E-01
-3.1472E-06,3.44238E-01
-3.1456E-06,3.88184E-01
-3.1440E-06,4.02832E-01
-3.1424E-06,4.27246E-01
-3.1408E-06,4.27246E-01
-3.1392E-06,3.83301E-01
-3.1376E-06,3.44238E-01
-3.1360E-06,2.85645E-01
-3.1344E-06,1.87988E-01
-3.1328E-06,1.00098E-01
-3.1312E-06,1.22070E-02
-3.1296E-06,-8.05664E-02
-3.1280E-06,-1.68457E-01
-3.1264E-06,-2.46582E-01
-3.1248E-06,-3.05176E-01
-3.1232E-06,-3.68652E-01
-3.1216E-06,-3.83301E-01
-3.1200E-06,-4.02832E-01
-3.1184E-06,-3.68652E-01
-3.1168E-06,-3.63770E-01
-3.1152E-06,-3.19824E-01
-3.1136E-06,-2.46582E-01
-3.1120E-06,-1.73340E-01
-3.1104E-06,-9.52148E-02
-3.1088E-06,1.70898E-02
-3.1072E-06,1.09863E-01
-3.1056E-06,1.87988E-01
-3.1040E-06,2.61230E-01
-3.1024E-06,3.39355E-01
-3.1008E-06,3.93066E-01
-3.0992E-06,4.02832E-01
-3.0976E-06,4.37012E-01
-3.0960E-06,4.32129E-01
-3.0944E-06,3.93066E-01
-3.0928E-06,3.58887E-01
-3.0912E-06,2.90527E-01
-3.0896E-06,2.12402E-01
-3.0880E-06,1.09863E-01
-3.0864E-06,3.66211E-02
-3.0848E-06,-6.10352E-02
-3.0832E-06,-1.63574E-01
-3.0816E-06,-2.22168E-01
-3.0800E-06,-2.90527E-01
-3.0784E-06,-3.54004E-01
-3.0768E-06,-3.93066E-01
-3.0752E-06,-3.97949E-01
-3.0736E-06,-3.88184E-01
-3.0720E-06,-3.63770E-01
-3.0704E-06,-3.00293E-01
-3.0688E-06,-2.56348E-01
-3.0672E-06,-1.83105E-01
-3.0656E-06,-9.52148E-02
-3.0640E-06,-7.32422E-03
-3.0624E-06,1.00098E-01
-3.0608E-06,1.78223E-01
-3.0592E-06,2.51465E-01
-3.0576E-06,3.10059E-01
-3.0560E-06,3.93066E-01
-3.0544E-06,4.22363E-01
-3.0528E-06,4.41895E-01
-3.0512E-06,4.37012E-01
-3.0496E-06,3.97949E-01
-3.0480E-06,3.54004E-01
-3.0464E-06,2.90527E-01
-3.0448E-06,2.12402E-01
-3.0432E-06,1.29395E-01
-3.0416E-06,4.63867E-02
-3.0400E-06,-4.63867E-02
-3.0384E-06,-1.44043E-01
-3.0368E-06,-2.17285E-01
-3.0352E-06,-2.95410E-01
-3.0336E-06,-3.58887E-01
-3.0320E-06,-3.83301E-01
-3.0304E-06,-4.02832E-01
-3.0288E-06,-3.88184E-01
-3.0272E-06,-3.63770E-01
-3.0256E-06,-3.24707E-01
-3.0240E-06,-2.66113E-01
-3.0224E-06,-1.97754E-01
-3.0208E-06,-1.09863E-01
-3.0192E-06,-1.22070E-02
-3.0176E-06,8.54492E-02
-3.0160E-06,1.68457E-01
-3.0144E-06,2.41699E-01
-3.0128E-06,3.24707E-01
-3.0112E-06,3.73535E-01
-3.0096E-06,4.07715E-01
-3.0080E-06,4.32129E-01
-3.0064E-06,4.41895E-01
-3.0048E-06,3.93066E-01
-3.0032E-06,3.54004E-01
-3.0016E-06,3.05176E-01
-3.0000E-06,2.36816E-01
-2.9984E-06,1.53809E-01
-2.9968E-06,4.63867E-02
-2.9952E-06,-4.63867E-02
-2.9936E-06,-1.34277E-01
-2.9920E-06,-2.07520E-01
-2.9904E-06,-2.90527E-01
-2.9888E-06,-3.58887E-01
-2.9872E-06,-3.78418E-01
-2.9856E-06,-4.07715E-01
-2.9840E-06,-3.83301E-01
-2.9824E-06,-3.68652E-01
-2.9808E-06,-3.19824E-01
-2.9792E-06,-2.66113E-01
-2.9776E-06,-2.02637E-01
-2.9760E-06,-1.24512E-01
-2.9744E-06,-2.19727E-02
-2.9728E-06,6.59180E-02
-2.9712E-06,1.44043E-01
-2.9696E-06,2.36816E-01
-2.9680E-06,3.05176E-01
-2.9664E-06,3.73535E-01
-2.9648E-06,4.07715E-01
-2.9632E-06,4.32129E-01
-2.9616E-06,4.17480E-01
-2.9600E-06,4.12598E-01
-2.9584E-06,3.78418E-01
-2.9568E-06,3.05176E-01
-2.9552E-06,2.31934E-01
-2.9536E-06,1.29395E-01
-2.9520E-06,5.61523E-02
-2.9504E-06,-2.19727E-02
-2.9488E-06,-1.19629E-01
-2.9472E-06,-2.07520E-01
-2.9456E-06,-2.85645E-01
-2.9440E-06,-3.39355E-01
-2.9424E-06,-3.88184E-01
-2.9408E-06,-4.07715E-01
-2.9392E-06,-4.07715E-01
-2.9376E-06,-3.83301E-01
-2.9360E-06,-3.39355E-01
-2.9344E-06,-2.85645E-01
-2.9328E-06,-2.27051E-01
-2.9312E-06,-1.39160E-01
-2.9296E-06,-3.66211E-02
-2.9280E-06,6.10352E-02
-2.9264E-06,1.63574E-01
-2.9248E-06,2.17285E-01
-2.9232E-06,3.10059E-01
-2.9216E-06,3.78418E-01
-2.9200E-06,3.83301E-01
-2.9184E-06,4.37012E-01
-2.9168E-06,4.32129E-01
-2.9152E-06,4.12598E-01
-2.9136E-06,3.78418E-01
-2.9120E-06,3.14941E-01
-2.9104E-06,2.51465E-01
-2.9088E-06,1.73340E-01
-2.9072E-06,8.05664E-02
-2.9056E-06,-2.19727E-02
-2.9040E-06,-1.09863E-01
-2.9024E-06,-1.92871E-01
-2.9008E-06,-2.56348E-01
-2.8992E-06,-3.39355E-01
-2.8976E-06,-3.78418E-01
-2.8960E-06,-3.97949E-01
-2.8944E-06,-3.93066E-01
-2.8928E-06,-3.93066E-01
-2.8912E-06,-3.54004E-01
-2.8896E-06,-2.95410E-01
-2.8880E-06,-2.17285E-01
-2.8864E-06,-1.48926E-01
-2.8848E-06,-5.12695E-02
-2.8832E-06,5.61523E-02
-2.8816E-06,1.39160E-01
-2.8800E-06,2.17285E-01
-2.8784E-06,2.80762E-01
-2.8768E-06,3.44238E-01
-2.8752E-06,3.97949E-01
-2.8736E-06,4.37012E-01
-2.8720E-06,4.41895E-01
-2.8704E-06,4.22363E-01
-2.8688E-06,3.88184E-01
-2.8672E-06,3.10059E-01
-2.8656E-06,2.56348E-01
-2.8640E-06,1.68457E-01
-2.8624E-06,8.05664E-02
-2.8608E-06,2.44141E-03
-2.8592E-06,-8.05664E-02
-2.8576E-06,-1.92871E-01
-2.8560E-06,-2.70996E-01
-2.8544E-06,-3.34473E-01
-2.8528E-06,-3.73535E-01
-2.8512E-06,-3.93066E-01
-2.8496E-06,-4.02832E-01
-2.8480E-06,-3.93066E-01
-2.8464E-06,-3.54004E-01
-2.8448E-06,-3.10059E-01
-2.8432E-06,-2.41699E-01
-2.8416E-06,-1.53809E-01
-2.8400E-06,-7.08008E-02
-2.8384E-06,3.17383E-02
-2.8368E-06,1.29395E-01
-2.8352E-06,1.97754E-01
-2.8336E-06,2.66113E-01
-2.8320E-06,3.39355E-01
-2.8304E-06,3.93066E-01
-2.8288E-06,4.27246E-01
-2.8272E-06,4.41895E-01
-2.8256E-06,4.22363E-01
-2.8240E-06,3.88184E-01
-2.8224E-06,3.14941E-01
-2.8208E-06,2.56348E-01
-2.8192E-06,1.83105E-01
-2.8176E-06,8.54492E-02
-2.8160E-06,1.22070E-02
-2.8144E-06,-8.54492E-02
-2.8128E-06,-1.73340E-01
-2.8112E-06,-2.51465E-01
-2.8096E-06,-3.19824E-01
-2.8080E-06,-3.44238E-01
-2.8064E-06,-3.97949E-01
-2.8048E-06,-4.07715E-01
-2.8032E-06,-3.88184E-01
-2.8016E-06,-3.63770E-01
-2.8000E-06,-3.10059E-01
-2.7984E-06,-2.51465E-01
-2.7968E-06,-1.63574E-01
-2.7952E-06,-7.08008E-02
-2.7936E-06,2.44141E-03
-2.7920E-06,1.04980E-01
-2.7904E-06,1.87988E-01
-2.7888E-06,2.61230E-01
-2.7872E-06,3.19824E-01
-2.7856E-06,3.78418E-01
-2.7840E-06,4.37012E-01
-2.7824E-06,4.27246E-01
-2.7808E-06,4.17480E-01
-2.7792E-06,3.73535E-01
-2.7776E-06,3.49121E-01
-2.7760E-06,2.70996E-01
-2.7744E-06,1.87988E-01
-2.7728E-06,1.04980E-01
-2.7712E-06,2.44141E-03
-2.7696E-06,-7.08008E-02
-2.7680E-06,-1.63574E-01
-2.7664E-06,-2.46582E-01
-2.7648E-06,-3.19824E-01
-2.7632E-06,-3.73535E-01
-2.7616E-06,-3.88184E-01
-2.7600E-06,-4.02832E-01
-2.7584E-06,-4.12598E-01
-2.7568E-06,-3.63770E-01
-2.7552E-06,-3.19824E-01
-2.7536E-06,-2.31934E-01
-2.7520E-06,-1.83105E-01
-2.7504E-06,-9.03320E-02
-2.7488E-06,-2.44141E-03
-2.7472E-06,1.00098E-01
-2.7456E-06,1.78223E-01
-2.7440E-06,2.56348E-01
-2.7424E-06,3.24707E-01
-2.7408E-06,3.83301E-01
-2.7392E-06,4.12598E-01
-2.7376E-06,4.37012E-01
-2.7360E-06,4.12598E-01
-2.7344E-06,3.93066E-01
-2.7328E-06,3.44238E-01
-2.7312E-06,2.70996E-01
-2.7296E-06,2.07520E-01
-2.7280E-06,1.24512E-01
-2.7264E-06,3.66211E-02
-2.7248E-06,-5.61523E-02
-2.7232E-06,-1.53809E-01
-2.7216E-06,-2.41699E-01
-2.7200E-06,-3.10059E-01
-2.7184E-06,-3.63770E-01
-2.7168E-06,-3.78418E-01
-2.7152E-06,-3.97949E-01
-2.7136E-06,-4.12598E-01
-2.7120E-06,-3.63770E-01
-2.7104E-06,-3.29590E-01
-2.7088E-06,-2.46582E-01
-2.7072E-06,-1.83105E-01
-2.7056E-06,-9.03320E-02
-2.7040E-06,-1.70898E-02
-2.7024E-06,9.03320E-02
-2.7008E-06,1.63574E-01
-2.6992E-06,2.56348E-01
-2.6976E-06,3.10059E-01
-2.6960E-06,3.78418E-01
-2.6944E-06,4.12598E-01
-2.6928E-06,4.37012E-01
-2.6912E-06,4.12598E-01
-2.6896E-06,3.97949E-01
-2.6880E-06,3.58887E-01
-2.6864E-06,2.90527E-01
-2.6848E-06,2.27051E-01
-2.6832E-06,1.44043E-01
-2.6816E-06,3.66211E-02
-2.6800E-06,-4.63867E-02
-2.6784E-06,-1.44043E-01
-2.6768E-06,-2.17285E-01
-2.6752E-06,-3.00293E-01
-2.6736E-06,-3.39355E-01
-2.6720E-06,-3.78418E-01
-2.6704E-06,-4.07715E-01
-2.6688E-06,-3.97949E-01
-2.6672E-06,-3.63770E-01
-2.6656E-06,-3.49121E-01
-2.6640E-06,-2.66113E-01
-2.6624E-06,-1.97754E-01
-2.6608E-06,-1.04980E-01
-2.6592E-06,-2.68555E-02
-2.6576E-06,8.54492E-02
-2.6560E-06,1.58691E-01
-2.6544E-06,2.27051E-01
-2.6528E-06,3.14941E-01
-2.6512E-06,3.58887E-01
-2.6496E-06,4.07715E-01
-2.6480E-06,4.32129E-01
-2.6464E-06,4.27246E-01
-2.6448E-06,4.12598E-01
-2.6432E-06,3.49121E-01
-2.6416E-06,3.10059E-01
-2.6400E-06,2.17285E-01
-2.6384E-06,1.53809E-01
-2.6368E-06,4.63867E-02
-2.6352E-06,-3.66211E-02
-2.6336E-06,-1.29395E-01
-2.6320E-06,-2.17285E-01
-2.6304E-06,-2.95410E-01
-2.6288E-06,-3.39355E-01
-2.6272E-06,-3.78418E-01
-2.6256E-06,-4.12598E-01
-2.6240E-06,-3.88184E-01
-2.6224E-06,-3.73535E-01
-2.6208E-06,-3.29590E-01
-2.6192E-06,-2.70996E-01
-2.6176E-06,-2.07520E-01
-2.6160E-06,-1.14746E-01
-2.6144E-06,-3.66211E-02
-2.6128E-06,6.59180E-02
-2.6112E-06,1.53809E-01
-2.6096E-06,2.36816E-01
-2.6080E-06,3.14941E-01
-2.6064E-06,3.73535E-01
-2.6048E-06,4.02832E-01
-2.6032E-06,4.27246E-01
-2.6016E-06,4.32129E-01
-2.6000E-06,4.07715E-01
-2.5984E-06,3.58887E-01
-2.5968E-06,3.05176E-01
-2.5952E-06,2.41699E-01
-2.5936E-06,1.48926E-01
-2.5920E-06,7.08008E-02
-2.5904E-06,-1.70898E-02
-2.5888E-06,-1.09863E-01
-2.5872E-06,-1.97754E-01
-2.5856E-06,-2.85645E-01
-2.5840E-06,-3.34473E-01
-2.5824E-06,-3.68652E-01
-2.5808E-06,-3.93066E-01
-2.5792E-06,-4.02832E-01
-2.5776E-06,-3.78418E-01
-2.5760E-06,-3.49121E-01
-2.5744E-06,-2.95410E-01
-2.5728E-06,-2.17285E-01
-2.5712E-06,-1.53809E-01
-2.5696E-06,-6.10352E-02
-2.5680E-06,4.63867E-02
-2.5664E-06,1.39160E-01
-2.5648E-06,2.27051E-01
-2.5632E-06,2.90527E-01
-2.5616E-06,3.49121E-01
-2.5600E-06,3.88184E-01
-2.5584E-06,4.22363E-01
-2.5568E-06,4.27246E-01
-2.5552E-06,4.27246E-01
-2.5536E-06,3.73535E-01
-2.5520E-06,3.14941E-01
-2.5504E-06,2.41699E-01
-2.5488E-06,1.58691E-01
-2.5472E-06,8.05664E-02
-2.5456E-06,-2.19727E-02
-2.5440E-06,-1.09863E-01
-2.5424E-06,-1.78223E-01
-2.5408E-06,-2.66113E-01
-2.5392E-06,-3.19824E-01
-2.5376E-06,-3.49121E-01
-2.5360E-06,-3.93066E-01
-2.5344E-06,-4.07715E-01
-2.5328E-06,-3.88184E-01
-2.5312E-06,-3.34473E-01
-2.5296E-06,-2.95410E-01
-2.5280E-06,-2.17285E-01
-2.5264E-06,-1.44043E-01
-2.5248E-06,-6.59180E-02
-2.5232E-06,3.66211E-02
-2.5216E-06,1.24512E-01
-2.5200E-06,2.07520E-01
-2.5184E-06,3.00293E-01
-2.5168E-06,3.73535E-01
-2.5152E-06,3.93066E-01
-2.5136E-06,4.22363E-01
-2.5120E-06,4.27246E-01
-2.5104E-06,4.07715E-01
-2.5088E-06,3.88184E-01
-2.5072E-06,3.34473E-01
-2.5056E-06,2.56348E-01
-2.5040E-06,1.68457E-01
-2.5024E-06,8.54492E-02
-2.5008E-06,-1.70898E-02
-2.4992E-06,-9.03320E-02
-2.4976E-06,-1.73340E-01
-2.4960E-06,-2.56348E-01
-2.4944E-06,-3.10059E-01
-2.4928E-06,-3.78418E-01
-2.4912E-06,-3.93066E-01
-2.4896E-06,-4.07715E-01
-2.4880E-06,-3.78418E-01
-2.4864E-06,-3.58887E-01
-2.4848E-06,-2.95410E-01
-2.4832E-06,-2.31934E-01
-2.4816E-06,-1.63574E-01
-2.4800E-06,-7.56836E-02
-2.4784E-06,7.32422E-03
-2.4768E-06,1.19629E-01
-2.4752E-06,1.97754E-01
-2.4736E-06,2.75879E-01
-2.4720E-06,3.39355E-01
-2.4704E-06,3.83301E-01
-2.4688E-06,3.97949E-01
-2.4672E-06,4.27246E-01
-2.4656E-06,4.12598E-01
-2.4640E-06,3.63770E-01
-2.4624E-06,3.29590E-01
-2.4608E-06,2.80762E-01
-2.4592E-06,1.78223E-01
-2.4576E-06,9.03320E-02
-2.4560E-06,-2.44141E-03
-2.4544E-06,-6.10352E-02
-2.4528E-06,-1.68457E-01
-2.4512E-06,-2.51465E-01
-2.4496E-06,-3.19824E-01
-2.4480E-06,-3.58887E-01
-2.4464E-06,-4.02832E-01
-2.4448E-06,-4.17480E-01
-2.4432E-06,-4.02832E-01
-2.4416E-06,-3.63770E-01
-2.4400E-06,-3.19824E-01
-2.4384E-06,-2.46582E-01
-2.4368E-06,-1.73340E-01
-2.4352E-06,-9.03320E-02
-2.4336E-06,1.70898E-02
-2.4320E-06,1.04980E-01
-2.4304E-06,1.87988E-01
-2.4288E-06,2.80762E-01
-2.4272E-06,3.29590E-01
-2.4256E-06,3.83301E-01
-2.4240E-06,4.22363E-01
-2.4224E-06,4.27246E-01
-2.4208E-06,4.17480E-01
-2.4192E-06,3.83301E-01
-2.4176E-06,3.39355E-01
-2.4160E-06,2.85645E-01
-2.4144E-06,1.92871E-01
-2.4128E-06,1.14746E-01
-2.4112E-06,1.70898E-02
-2.4096E-06,-6.59180E-02
-2.4080E-06,-1.53809E-01
-2.4064E-06,-2.41699E-01
-2.4048E-06,-3.19824E-01
-2.4032E-06,-3.54004E-01
-2.4016E-06,-3.88184E-01
-2.4000E-06,-4.12598E-01
-2.3984E-06,-4.07715E-01
-2.3968E-06,-3.58887E-01
-2.3952E-06,-3.10059E-01
-2.3936E-06,-2.51465E-01
-2.3920E-06,-1.68457E-01
-2.3904E-06,-1.04980E-01
-2.3888E-06,-1.22070E-02
-2.3872E-06,9.52148E-02
-2.3856E-06,1.92871E-01
-2.3840E-06,2.70996E-01
-2.3824E-06,3.24707E-01
-2.3808E-06,3.73535E-01
-2.3792E-06,4.07715E-01
-2.3776E-06,4.27246E-01
-2.3760E-06,4.27246E-01
-2.3744E-06,3.93066E-01
-2.3728E-06,3.44238E-01
-2.3712E-06,2.75879E-01
-2.3696E-06,2.02637E-01
-2.3680E-06,1.29395E-01
-2.3664E-06,3.17383E-02
-2.3648E-06,-6.10352E-02
-2.3632E-06,-1.39160E-01
-2.3616E-06,-2.36816E-01
-2.3600E-06,-3.05176E-01
-2.3584E-06,-3.44238E-01
-2.3568E-06,-3.88184E-01
-2.3552E-06,-4.02832E-01
-2.3536E-06,-3.97949E-01
-2.3520E-06,-3.78418E-01
-2.3504E-06,-3.29590E-01
-2.3488E-06,-2.66113E-01
-2.3472E-06,-1.97754E-01
-2.3456E-06,-1.09863E-01
-2.3440E-06,-1.70898E-02
-2.3424E-06,7.08008E-02
-2.3408E-06,1.63574E-01
-2.3392E-06,2.56348E-01
-2.3376E-06,3.19824E-01
-2.3360E-06,3.73535E-01
-2.3344E-06,4.07715E-01
-2.3328E-06,4.37012E-01
-2.3312E-06,4.27246E-01
-2.3296E-06,4.12598E-01
-2.3280E-06,3.63770E-01
-2.3264E-06,3.14941E-01
-2.3248E-06,2.22168E-01
-2.3232E-06,1.44043E-01
-2.3216E-06,4.63867E-02
-2.3200E-06,-3.17383E-02
-2.3184E-06,-1.34277E-01
-2.3168E-06,-2.22168E-01
-2.3152E-06,-2.80762E-01
-2.3136E-06,-3.39355E-01
-2.3120E-06,-3.93066E-01
-2.3104E-06,-4.12598E-01
-2.3088E-06,-4.07715E-01
-2.3072E-06,-3.78418E-01
-2.3056E-06,-3.39355E-01
-2.3040E-06,-2.70996E-01
-2.3024E-06,-1.97754E-01
-2.3008E-06,-1.29395E-01
-2.2992E-06,-3.17383E-02
-2.2976E-06,8.05664E-02
-2.2960E-06,1.68457E-01
-2.2944E-06,2.46582E-01
-2.2928E-06,3.19824E-01
-2.2912E-06,3.58887E-01
-2.2896E-06,4.07715E-01
-2.2880E-06,4.32129E-01
-2.2864E-06,4.27246E-01
-2.2848E-06,3.97949E-01
-2.2832E-06,3.68652E-01
-2.2816E-06,3.10059E-01
-2.2800E-06,2.46582E-01
-2.2784E-06,1.44043E-01
-2.2768E-06,5.61523E-02
-2.2752E-06,-2.68555E-02
-2.2736E-06,-1.19629E-01
-2.2720E-06,-2.07520E-01
-2.2704E-06,-2.95410E-01
-2.2688E-06,-3.39355E-01
-2.2672E-06,-3.78418E-01
-2.2656E-06,-3.93066E-01
-2.2640E-06,-3.97949E-01
-2.2624E-06,-3.78418E-01
-2.2608E-06,-3.19824E-01
-2.2592E-06,-2.75879E-01
-2.2576E-06,-2.12402E-01
-2.2560E-06,-1.29395E-01
-2.2544E-06,-5.12695E-02
-2.2528E-06,5.12695E-02
-2.2512E-06,1.34277E-01
-2.2496E-06,2.36816E-01
-2.2480E-06,3.10059E-01
-2.2464E-06,3.63770E-01
-2.2448E-06,3.97949E-01
-2.2432E-06,4.17480E-01
-2.2416E-06,4.27246E-01
-2.2400E-06,4.27246E-01
-2.2384E-06,3.68652E-01
-2.2368E-06,3.24707E-01
-2.2352E-06,2.46582E-01
-2.2336E-06,1.73340E-01
-2.2320E-06,7.08008E-02
-2.2304E-06,-1.70898E-02
-2.2288E-06,-1.19629E-01
-2.2272E-06,-1.87988E-01
-2.2256E-06,-2.70996E-01
-2.2240E-06,-3.39355E-01
-2.2224E-06,-3.88184E-01
-2.2208E-06,-4.07715E-01
-2.2192E-06,-3.93066E-01
-2.2176E-06,-3.78418E-01
-2.2160E-06,-3.54004E-01
-2.2144E-06,-2.95410E-01
-2.2128E-06,-2.22168E-01
-2.2112E-06,-1.39160E-01
-2.2096E-06,-6.10352E-02
-2.2080E-06,4.63867E-02
-2.2064E-06,1.53809E-01
-2.2048E-06,2.27051E-01
-2.2032E-06,2.90527E-01
-2.2016E-06,3.44238E-01
-2.2000E-06,3.93066E-01
-2.1984E-06,4.27246E-01
-2.1968E-06,4.27246E-01
-2.1952E-06,4.17480E-01
-2.1936E-06,3.93066E-01
-2.1920E-06,3.05176E-01
-2.1904E-06,2.61230E-01
-2.1888E-06,1.73340E-01
-2.1872E-06,8.54492E-02
-2.1856E-06,2.44141E-03
-2.1840E-06,-8.54492E-02
-2.1824E-06,-1.87988E-01
-2.1808E-06,-2.66113E-01
-2.1792E-06,-3.24707E-01
-2.1776E-06,-3.68652E-01
-2.1760E-06,-3.97949E-01
-2.1744E-06,-4.07715E-01
-2.1728E-06,-3.88184E-01
-2.1712E-06,-3.54004E-01
-2.1696E-06,-3.05176E-01
-2.1680E-06,-2.31934E-01
-2.1664E-06,-1.73340E-01
-2.1648E-06,-6.10352E-02
-2.1632E-06,3.17383E-02
-2.1616E-06,1.19629E-01
-2.1600E-06,1.92871E-01
-2.1584E-06,2.85645E-01
-2.1568E-06,3.54004E-01
-2.1552E-06,3.93066E-01
-2.1536E-06,4.27246E-01
-2.1520E-06,4.27246E-01
-2.1504E-06,4.12598E-01
-2.1488E-06,3.68652E-01
-2.1472E-06,3.39355E-01
-2.1456E-06,2.51465E-01
-2.1440E-06,1.78223E-01
-2.1424E-06,9.52148E-02
-2.1408E-06,2.44141E-03
-2.1392E-06,-9.03320E-02
-2.1376E-06,-1.83105E-01
-2.1360E-06,-2.61230E-01
-2.1344E-06,-3.19824E-01
-2.1328E-06,-3.58887E-01
-2.1312E-06,-3.97949E-01
-2.1296E-06,-4.07715E-01
-2.1280E-06,-3.93066E-01
-2.1264E-06,-3.73535E-01
-2.1248E-06,-3.19824E-01
-2.1232E-06,-2.46582E-01
-2.1216E-06,-1.73340E-01
-2.1200E-06,-9.03320E-02
-2.1184E-06,3.17383E-02
-2.1168E-06,1.14746E-01
-2.1152E-06,1.92871E-01
-2.1136E-06,2.70996E-01
-2.1120E-06,3.29590E-01
-2.1104E-06,3.83301E-01
-2.1088E-06,4.12598E-01
-2.1072E-06,4.27246E-01
-2.1056E-06,4.12598E-01
-2.1040E-06,3.78418E-01
-2.1024E-06,3.44238E-01
-2.1008E-06,2.80762E-01
-2.0992E-06,1.92871E-01
-2.0976E-06,1.04980E-01
-2.0960E-06,2.44141E-03
-2.0944E-06,-6.10352E-02
-2.0928E-06,-1.63574E-01
-2.0912E-06,-2.51465E-01
-2.0896E-06,-3.14941E-01
-2.0880E-06,-3.63770E-01
-2.0864E-06,-3.88184E-01
-2.0848E-06,-4.12598E-01
-2.0832E-06,-3.78418E-01
-2.0816E-06,-3.78418E-01
-2.0800E-06,-3.19824E-01
-2.0784E-06,-2.56348E-01
-2.0768E-06,-1.92871E-01
-2.0752E-06,-9.52148E-02
-2.0736E-06,2.68555E-02
-2.0720E-06,1.00098E-01
-2.0704E-06,1.83105E-01
-2.0688E-06,2.66113E-01
-2.0672E-06,3.34473E-01
-2.0656E-06,3.88184E-01
-2.0640E-06,4.27246E-01
-2.0624E-06,4.37012E-01
-2.0608E-06,4.12598E-01
-2.0592E-06,3.97949E-01
-2.0576E-06,3.58887E-01
-2.0560E-06,2.85645E-01
-2.0544E-06,2.02637E-01
-2.0528E-06,1.00098E-01
-2.0512E-06,2.19727E-02
-2.0496E-06,-6.59180E-02
-2.0480E-06,-1.48926E-01
-2.0464E-06,-2.31934E-01
-2.0448E-06,-3.05176E-01
-2.0432E-06,-3.58887E-01
-2.0416E-06,-3.93066E-01
-2.0400E-06,-4.02832E-01
-2.0384E-06,-3.97949E-01
-2.0368E-06,-3.78418E-01
-2.0352E-06,-3.19824E-01
-2.0336E-06,-2.51465E-01
-2.0320E-06,-1.73340E-01
-2.0304E-06,-1.04980E-01
-2.0288E-06,7.32422E-03
-2.0272E-06,9.52148E-02
-2.0256E-06,1.78223E-01
-2.0240E-06,2.61230E-01
-2.0224E-06,3.10059E-01
-2.0208E-06,3.93066E-01
-2.0192E-06,4.07715E-01
-2.0176E-06,4.46777E-01
-2.0160E-06,4.37012E-01
-2.0144E-06,4.07715E-01
-2.0128E-06,3.54004E-01
-2.0112E-06,2.85645E-01
-2.0096E-06,2.02637E-01
-2.0080E-06,1.44043E-01
-2.0064E-06,3.66211E-02
-2.0048E-06,-6.59180E-02
-2.0032E-06,-1.44043E-01
-2.0016E-06,-2.31934E-01
-2.0000E-06,-3.10059E-01
-1.9984E-06,-3.29590E-01
-1.9968E-06,-3.88184E-01
-1.9952E-06,-4.07715E-01
-1.9936E-06,-3.93066E-01
-1.9920E-06,-3.68652E-01
-1.9904E-06,-3.44238E-01
-1.9888E-06,-2.66113E-01
-1.9872E-06,-1.97754E-01
-1.9856E-06,-1.09863E-01
-1.9840E-06,-1.70898E-02
-1.9824E-06,9.03320E-02
-1.9808E-06,1.73340E-01
-1.9792E-06,2.46582E-01
-1.9776E-06,3.05176E-01
-1.9760E-06,3.73535E-01
-1.9744E-06,3.97949E-01
-1.9728E-06,4.27246E-01
-1.9712E-06,4.32129E-01
-1.9696E-06,4.17480E-01
-1.9680E-06,3.44238E-01
-1.9664E-06,3.05176E-01
-1.9648E-06,2.12402E-01
-1.9632E-06,1.34277E-01
-1.9616E-06,5.12695E-02
-1.9600E-06,-4.63867E-02
-1.9584E-06,-1.44043E-01
-1.9568E-06,-2.17285E-01
-1.9552E-06,-2.90527E-01
-1.9536E-06,-3.39355E-01
-1.9520E-06,-3.88184E-01
-1.9504E-06,-4.07715E-01
-1.9488E-06,-3.93066E-01
-1.9472E-06,-3.78418E-01
-1.9456E-06,-3.39355E-01
-1.9440E-06,-2.70996E-01
-1.9424E-06,-2.07520E-01
-1.9408E-06,-1.34277E-01
-1.9392E-06,-2.19727E-02
-1.9376E-06,6.59180E-02
-1.9360E-06,1.48926E-01
-1.9344E-06,2.31934E-01
-1.9328E-06,3.00293E-01
-1.9312E-06,3.58887E-01
-1.9296E-06,4.07715E-01
-1.9280E-06,4.27246E-01
-1.9264E-06,4.27246E-01
-1.9248E-06,4.07715E-01
-1.9232E-06,3.58887E-01
-1.9216E-06,3.19824E-01
-1.9200E-06,2.22168E-01
-1.9184E-06,1.58691E-01
-1.9168E-06,5.61523E-02
-1.9152E-06,-3.17383E-02
-1.9136E-06,-1.19629E-01
-1.9120E-06,-1.97754E-01
-1.9104E-06,-2.70996E-01
-1.9088E-06,-3.34473E-01
-1.9072E-06,-3.88184E-01
-1.9056E-06,-3.93066E-01
-1.9040E-06,-3.93066E-01
-1.9024E-06,-3.78418E-01
-1.9008E-06,-3.44238E-01
-1.8992E-06,-2.85645E-01
-1.8976E-06,-2.12402E-01
-1.8960E-06,-1.39160E-01
-1.8944E-06,-4.63867E-02
-1.8928E-06,5.12695E-02
-1.8912E-06,1.39160E-01
-1.8896E-06,2.31934E-01
-1.8880E-06,3.05176E-01
-1.8864E-06,3.49121E-01
-1.8848E-06,4.02832E-01
-1.8832E-06,4.22363E-01
-1.8816E-06,4.32129E-01
-1.8800E-06,4.02832E-01
-1.8784E-06,3.83301E-01
-1.8768E-06,3.10059E-01
-1.8752E-06,2.41699E-01
-1.8736E-06,1.73340E-01
-1.8720E-06,7.56836E-02
-1.8704E-06,-7.32422E-03
-1.8688E-06,-1.09863E-01
-1.8672E-06,-2.02637E-01
-1.8656E-06,-2.70996E-01
-1.8640E-06,-3.34473E-01
-1.8624E-06,-3.83301E-01
-1.8608E-06,-3.97949E-01
-1.8592E-06,-3.88184E-01
-1.8576E-06,-3.88184E-01
-1.8560E-06,-3.54004E-01
-1.8544E-06,-3.00293E-01
-1.8528E-06,-2.46582E-01
-1.8512E-06,-1.53809E-01
-1.8496E-06,-5.61523E-02
-1.8480E-06,4.63867E-02
-1.8464E-06,1.29395E-01
-1.8448E-06,2.02637E-01
-1.8432E-06,2.90527E-01
-1.8416E-06,3.54004E-01
-1.8400E-06,3.97949E-01
-1.8384E-06,4.27246E-01
-1.8368E-06,4.32129E-01
-1.8352E-06,4.12598E-01
-1.8336E-06,3.68652E-01
-1.8320E-06,3.24707E-01
-1.8304E-06,2.56348E-01
-1.8288E-06,1.78223E-01
-1.8272E-06,8.54492E-02
-1.8256E-06,-2.44141E-03
-1.8240E-06,-1.00098E-01
-1.8224E-06,-1.83105E-01
-1.8208E-06,-2.56348E-01
-1.8192E-06,-3.24707E-01
-1.8176E-06,-3.88184E-01
-1.8160E-06,-3.88184E-01
-1.8144E-06,-4.07715E-01
-1.8128E-06,-3.83301E-01
-1.8112E-06,-3.58887E-01
-1.8096E-06,-3.00293E-01
-1.8080E-06,-2.27051E-01
-1.8064E-06,-1.68457E-01
-1.8048E-06,-8.54492E-02
-1.8032E-06,2.68555E-02
-1.8016E-06,1.04980E-01
-1.8000E-06,1.97754E-01
-1.7984E-06,2.75879E-01
-1.7968E-06,3.34473E-01
-1.7952E-06,3.93066E-01
-1.7936E-06,4.22363E-01
-1.7920E-06,4.32129E-01
-1.7904E-06,4.12598E-01
-1.7888E-06,3.78418E-01
-1.7872E-06,3.34473E-01
-1.7856E-06,2.66113E-01
-1.7840E-06,1.78223E-01
-1.7824E-06,1.04980E-01
-1.7808E-06,7.32422E-03
-1.7792E-06,-9.03320E-02
-1.7776E-06,-1.83105E-01
-1.7760E-06,-2.66113E-01
-1.7744E-06,-3.19824E-01
-1.7728E-06,-3.58887E-01
-1.7712E-06,-3.97949E-01
-1.7696E-06,-4.07715E-01
-1.7680E-06,-3.83301E-01
-1.7664E-06,-3.54004E-01
-1.7648E-06,-3.05176E-01
-1.7632E-06,-2.46582E-01
-1.7616E-06,-1.78223E-01
-1.7600E-06,-7.08008E-02
-1.7584E-06,7.32422E-03
-1.7568E-06,1.19629E-01
-1.7552E-06,1.97754E-01
-1.7536E-06,2.66113E-01
-1.7520E-06,3.34473E-01
-1.7504E-06,3.78418E-01
-1.7488E-06,4.22363E-01
-1.7472E-06,4.22363E-01
-1.7456E-06,4.22363E-01
-1.7440E-06,4.02832E-01
-1.7424E-06,3.34473E-01
-1.7408E-06,2.80762E-01
-1.7392E-06,2.12402E-01
-1.7376E-06,1.04980E-01
-1.7360E-06,2.19727E-02
-1.7344E-06,-7.56836E-02
-1.7328E-06,-1.58691E-01
-1.7312E-06,-2.41699E-01
-1.7296E-06,-3.14941E-01
-1.7280E-06,-3.58887E-01
-1.7264E-06,-3.93066E-01
-1.7248E-06,-3.97949E-01
-1.7232E-06,-3.88184E-01
-1.7216E-06,-3.68652E-01
-1.7200E-06,-3.19824E-01
-1.7184E-06,-2.61230E-01
-1.7168E-06,-1.63574E-01
-1.7152E-06,-1.00098E-01
-1.7136E-06,2.44141E-03
-1.7120E-06,8.54492E-02
-1.7104E-06,1.83105E-01
-1.7088E-06,2.61230E-01
-1.7072E-06,3.14941E-01
-1.7056E-06,3.78418E-01
-1.7040E-06,4.12598E-01
-1.7024E-06,4.22363E-01
-1.7008E-06,4.27246E-01
-1.6992E-06,3.97949E-01
-1.6976E-06,3.58887E-01
-1.6960E-06,2.70996E-01
-1.6944E-06,1.87988E-01
-1.6928E-06,1.19629E-01
-1.6912E-06,4.63867E-02
-1.6896E-06,-6.59180E-02
-1.6880E-06,-1.63574E-01
-1.6864E-06,-2.31934E-01
-1.6848E-06,-2.90527E-01
-1.6832E-06,-3.54004E-01
-1.6816E-06,-3.78418E-01
-1.6800E-06,-4.07715E-01
-1.6784E-06,-3.88184E-01
-1.6768E-06,-3.63770E-01
-1.6752E-06,-3.19824E-01
-1.6736E-06,-2.56348E-01
-1.6720E-06,-1.78223E-01
-1.6704E-06,-9.03320E-02
-1.6688E-06,-1.22070E-02
-1.6672E-06,8.05664E-02
-1.6656E-06,1.73340E-01
-1.6640E-06,2.46582E-01
-1.6624E-06,3.39355E-01
-1.6608E-06,3.88184E-01
-1.6592E-06,4.22363E-01
-1.6576E-06,4.37012E-01
-1.6560E-06,4.32129E-01
-1.6544E-06,4.07715E-01
-1.6528E-06,3.58887E-01
-1.6512E-06,2.85645E-01
-1.6496E-06,2.22168E-01
-1.6480E-06,1.34277E-01
-1.6464E-06,4.15039E-02
-1.6448E-06,-5.12695E-02
-1.6432E-06,-1.48926E-01
-1.6416E-06,-2.31934E-01
-1.6400E-06,-2.75879E-01
-1.6384E-06,-3.49121E-01
-1.6368E-06,-3.78418E-01
-1.6352E-06,-4.07715E-01
-1.6336E-06,-3.97949E-01
-1.6320E-06,-3.63770E-01
-1.6304E-06,-3.24707E-01
-1.6288E-06,-2.75879E-01
-1.6272E-06,-2.12402E-01
-1.6256E-06,-1.09863E-01
-1.6240E-06,-3.17383E-02
-1.6224E-06,7.08008E-02
-1.6208E-06,1.44043E-01
-1.6192E-06,2.31934E-01
-1.6176E-06,3.19824E-01
-1.6160E-06,3.73535E-01
-1.6144E-06,4.12598E-01
-1.6128E-06,4.27246E-01
-1.6112E-06,4.32129E-01
-1.6096E-06,4.12598E-01
-1.6080E-06,3.68652E-01
-1.6064E-06,3.00293E-01
-1.6048E-06,2.41699E-01
-1.6032E-06,1.53809E-01
-1.6016E-06,6.10352E-02
-1.6000E-06,-4.15039E-02
-1.5984E-06,-1.39160E-01
-1.5968E-06,-2.17285E-01
-1.5952E-06,-2.80762E-01
-1.5936E-06,-3.39355E-01
-1.5920E-06,-3.78418E-01
-1.5904E-06,-3.93066E-01
-1.5888E-06,-4.07715E-01
-1.5872E-06,-3.63770E-01
-1.5856E-06,-3.24707E-01
-1.5840E-06,-2.85645E-01
-1.5824E-06,-2.02637E-01
-1.5808E-06,-1.09863E-01
-1.5792E-06,-3.17383E-02
-1.5776E-06,7.08008E-02
-1.5760E-06,1.34277E-01
-1.5744E-06,2.27051E-01
-1.5728E-06,3.10059E-01
-1.5712E-06,3.63770E-01
-1.5696E-06,4.02832E-01
-1.5680E-06,4.27246E-01
-1.5664E-06,4.32129E-01
-1.5648E-06,4.07715E-01
-1.5632E-06,3.73535E-01
-1.5616E-06,3.14941E-01
-1.5600E-06,2.36816E-01
-1.5584E-06,1.48926E-01
-1.5568E-06,6.59180E-02
-1.5552E-06,-1.22070E-02
-1.5536E-06,-1.04980E-01
-1.5520E-06,-1.97754E-01
-1.5504E-06,-2.66113E-01
-1.5488E-06,-3.39355E-01
-1.5472E-06,-3.93066E-01
-1.5456E-06,-4.07715E-01
-1.5440E-06,-4.07715E-01
-1.5424E-06,-3.88184E-01
-1.5408E-06,-3.39355E-01
-1.5392E-06,-2.90527E-01
-1.5376E-06,-2.27051E-01
-1.5360E-06,-1.34277E-01
-1.5344E-06,-5.12695E-02
-1.5328E-06,5.61523E-02
-1.5312E-06,1.44043E-01
-1.5296E-06,2.17285E-01
-1.5280E-06,2.85645E-01
-1.5264E-06,3.58887E-01
-1.5248E-06,3.97949E-01
-1.5232E-06,4.27246E-01
-1.5216E-06,4.32129E-01
-1.5200E-06,4.22363E-01
-1.5184E-06,3.73535E-01
-1.5168E-06,3.19824E-01
-1.5152E-06,2.41699E-01
-1.5136E-06,1.73340E-01
-1.5120E-06,7.56836E-02
-1.5104E-06,-1.22070E-02
-1.5088E-06,-1.14746E-01
-1.5072E-06,-1.78223E-01
-1.5056E-06,-2.66113E-01
-1.5040E-06,-3.14941E-01
-1.5024E-06,-3.58887E-01
-1.5008E-06,-3.97949E-01
-1.4992E-06,-3.97949E-01
-1.4976E-06,-3.88184E-01
-1.4960E-06,-3.58887E-01
-1.4944E-06,-3.14941E-01
-1.4928E-06,-2.27051E-01
-1.4912E-06,-1.44043E-01
-1.4896E-06,-4.15039E-02
-1.4880E-06,3.66211E-02
-1.4864E-06,1.39160E-01
-1.4848E-06,2.02637E-01
-1.4832E-06,2.75879E-01
-1.4816E-06,3.54004E-01
-1.4800E-06,3.88184E-01
-1.4784E-06,4.22363E-01
-1.4768E-06,4.51660E-01
-1.4752E-06,4.12598E-01
-1.4736E-06,3.63770E-01
-1.4720E-06,3.19824E-01
-1.4704E-06,2.70996E-01
-1.4688E-06,1.87988E-01
-1.4672E-06,9.03320E-02
-1.4656E-06,1.22070E-02
-1.4640E-06,-8.05664E-02
-1.4624E-06,-1.78223E-01
-1.4608E-06,-2.66113E-01
-1.4592E-06,-3.34473E-01
-1.4576E-06,-3.73535E-01
-1.4560E-06,-3.93066E-01
-1.4544E-06,-4.07715E-01
-1.4528E-06,-3.93066E-01
-1.4512E-06,-3.54004E-01
-1.4496E-06,-2.95410E-01
-1.4480E-06,-2.22168E-01
-1.4464E-06,-1.44043E-01
-1.4448E-06,-7.56836E-02
-1.4432E-06,3.17383E-02
-1.4416E-06,1.09863E-01
-1.4400E-06,1.87988E-01
-1.4384E-06,2.75879E-01
-1.4368E-06,3.39355E-01
-1.4352E-06,3.88184E-01
-1.4336E-06,4.12598E-01
-1.4320E-06,4.32129E-01
-1.4304E-06,4.32129E-01
-1.4288E-06,3.97949E-01
-1.4272E-06,3.29590E-01
-1.4256E-06,2.70996E-01
-1.4240E-06,1.97754E-01
-1.4224E-06,1.14746E-01
-1.4208E-06,1.70898E-02
-1.4192E-06,-8.05664E-02
-1.4176E-06,-1.68457E-01
-1.4160E-06,-2.46582E-01
-1.4144E-06,-3.14941E-01
-1.4128E-06,-3.63770E-01
-1.4112E-06,-3.93066E-01
-1.4096E-06,-4.07715E-01
-1.4080E-06,-3.83301E-01
-1.4064E-06,-3.58887E-01
-1.4048E-06,-3.10059E-01
-1.4032E-06,-2.46582E-01
-1.4016E-06,-1.63574E-01
-1.4000E-06,-7.08008E-02
-1.3984E-06,2.19727E-02
-1.3968E-06,1.04980E-01
-1.3952E-06,1.87988E-01
-1.3936E-06,2.70996E-01
-1.3920E-06,3.24707E-01
-1.3904E-06,3.78418E-01
-1.3888E-06,4.07715E-01
-1.3872E-06,4.32129E-01
-1.3856E-06,4.27246E-01
-1.3840E-06,3.88184E-01
-1.3824E-06,3.39355E-01
-1.3808E-06,2.70996E-01
-1.3792E-06,2.07520E-01
-1.3776E-06,1.19629E-01
-1.3760E-06,1.70898E-02
-1.3744E-06,-7.08008E-02
-1.3728E-06,-1.53809E-01
-1.3712E-06,-2.36816E-01
-1.3696E-06,-3.10059E-01
-1.3680E-06,-3.58887E-01
-1.3664E-06,-3.93066E-01
-1.3648E-06,-3.97949E-01
-1.3632E-06,-3.97949E-01
-1.3616E-06,-3.63770E-01
-1.3600E-06,-3.24707E-01
-1.3584E-06,-2.51465E-01
-1.3568E-06,-1.83105E-01
-1.3552E-06,-8.54492E-02
-1.3536E-06,2.44141E-03
-1.3520E-06,1.00098E-01
-1.3504E-06,1.68457E-01
-1.3488E-06,2.46582E-01
-1.3472E-06,3.19824E-01
-1.3456E-06,3.78418E-01
-1.3440E-06,4.12598E-01
-1.3424E-06,4.41895E-01
-1.3408E-06,4.32129E-01
-1.3392E-06,3.97949E-01
-1.3376E-06,3.49121E-01
-1.3360E-06,2.85645E-01
-1.3344E-06,2.12402E-01
-1.3328E-06,1.24512E-01
-1.3312E-06,3.17383E-02
-1.3296E-06,-5.61523E-02
-1.3280E-06,-1.48926E-01
-1.3264E-06,-2.17285E-01
-1.3248E-06,-3.00293E-01
-1.3232E-06,-3.44238E-01
-1.3216E-06,-3.93066E-01
-1.3200E-06,-3.97949E-01
-1.3184E-06,-4.12598E-01
-1.3168E-06,-3.73535E-01
-1.3152E-06,-3.24707E-01
-1.3136E-06,-2.51465E-01
-1.3120E-06,-1.83105E-01
-1.3104E-06,-1.14746E-01
-1.3088E-06,-1.22070E-02
-1.3072E-06,7.08008E-02
-1.3056E-06,1.73340E-01
-1.3040E-06,2.36816E-01
-1.3024E-06,3.10059E-01
-1.3008E-06,3.68652E-01
-1.2992E-06,4.02832E-01
-1.2976E-06,4.41895E-01
-1.2960E-06,4.32129E-01
-1.2944E-06,3.97949E-01
-1.2928E-06,3.49121E-01
-1.2912E-06,3.05176E-01
-1.2896E-06,2.17285E-01
-1.2880E-06,1.34277E-01
-1.2864E-06,5.12695E-02
-1.2848E-06,-4.15039E-02
-1.2832E-06,-1.29395E-01
-1.2816E-06,-2.17285E-01
-1.2800E-06,-2.85645E-01
-1.2784E-06,-3.49121E-01
-1.2768E-06,-3.78418E-01
-1.2752E-06,-4.02832E-01
-1.2736E-06,-4.12598E-01
-1.2720E-06,-3.68652E-01
-1.2704E-06,-3.29590E-01
-1.2688E-06,-2.85645E-01
-1.2672E-06,-2.31934E-01
-1.2656E-06,-1.04980E-01
-1.2640E-06,-1.70898E-02
-1.2624E-06,6.59180E-02
-1.2608E-06,1.48926E-01
-1.2592E-06,2.31934E-01
-1.2576E-06,3.10059E-01
-1.2560E-06,3.63770E-01
-1.2544E-06,4.17480E-01
-1.2528E-06,4.41895E-01
-1.2512E-06,4.12598E-01
-1.2496E-06,4.02832E-01
-1.2480E-06,3.44238E-01
-1.2464E-06,3.05176E-01
-1.2448E-06,2.41699E-01
-1.2432E-06,1.53809E-01
-1.2416E-06,6.10352E-02
-1.2400E-06,-2.68555E-02
-1.2384E-06,-1.14746E-01
-1.2368E-06,-2.07520E-01
-1.2352E-06,-2.85645E-01
-1.2336E-06,-3.39355E-01
-1.2320E-06,-3.88184E-01
-1.2304E-06,-3.93066E-01
-1.2288E-06,-4.02832E-01
-1.2272E-06,-3.73535E-01
-1.2256E-06,-3.39355E-01
-1.2240E-06,-2.75879E-01
-1.2224E-06,-2.17285E-01
-1.2208E-06,-1.39160E-01
-1.2192E-06,-2.68555E-02
-1.2176E-06,5.61523E-02
-1.2160E-06,1.39160E-01
-1.2144E-06,2.46582E-01
-1.2128E-06,3.00293E-01
-1.2112E-06,3.58887E-01
-1.2096E-06,4.12598E-01
-1.2080E-06,4.32129E-01
-1.2064E-06,4.17480E-01
-1.2048E-06,4.17480E-01
-1.2032E-06,3.68652E-01
-1.2016E-06,3.34473E-01
-1.2000E-06,2.41699E-01
-1.1984E-06,1.73340E-01
-1.1968E-06,7.56836E-02
-1.1952E-06,-3.17383E-02
-1.1936E-06,-1.14746E-01
-1.1920E-06,-1.97754E-01
-1.1904E-06,-2.85645E-01
-1.1888E-06,-3.29590E-01
-1.1872E-06,-3.78418E-01
-1.1856E-06,-4.07715E-01
-1.1840E-06,-4.02832E-01
-1.1824E-06,-3.83301E-01
-1.1808E-06,-3.44238E-01
-1.1792E-06,-2.75879E-01
-1.1776E-06,-2.17285E-01
-1.1760E-06,-1.58691E-01
-1.1744E-06,-5.61523E-02
-1.1728E-06,5.61523E-02
-1.1712E-06,1.44043E-01
-1.1696E-06,2.12402E-01
-1.1680E-06,3.00293E-01
-1.1664E-06,3.44238E-01
-1.1648E-06,4.02832E-01
-1.1632E-06,4.32129E-01
-1.1616E-06,4.27246E-01
-1.1600E-06,4.17480E-01
-1.1584E-06,3.73535E-01
-1.1568E-06,3.29590E-01
-1.1552E-06,2.41699E-01
-1.1536E-06,1.63574E-01
-1.1520E-06,8.54492E-02
-1.1504E-06,-1.70898E-02
-1.1488E-06,-1.19629E-01
-1.1472E-06,-1.97754E-01
-1.1456E-06,-2.70996E-01
-1.1440E-06,-3.24707E-01
-1.1424E-06,-3.54004E-01
-1.1408E-06,-3.93066E-01
-1.1392E-06,-3.93066E-01
-1.1376E-06,-3.97949E-01
-1.1360E-06,-3.44238E-01
-1.1344E-06,-3.00293E-01
-1.1328E-06,-2.36816E-01
-1.1312E-06,-1.53809E-01
-1.1296E-06,-8.05664E-02
-1.1280E-06,3.66211E-02
-1.1264E-06,1.14746E-01
-1.1248E-06,1.97754E-01
-1.1232E-06,2.90527E-01
-1.1216E-06,3.54004E-01
-1.1200E-06,4.17480E-01
-1.1184E-06,4.27246E-01
-1.1168E-06,4.32129E-01
-1.1152E-06,4.17480E-01
-1.1136E-06,3.93066E-01
-1.1120E-06,3.29590E-01
-1.1104E-06,2.61230E-01
-1.1088E-06,1.87988E-01
-1.1072E-06,9.03320E-02
-1.1056E-06,-2.44141E-03
-1.1040E-06,-8.54492E-02
-1.1024E-06,-1.78223E-01
-1.1008E-06,-2.56348E-01
-1.0992E-06,-3.24707E-01
-1.0976E-06,-3.68652E-01
-1.0960E-06,-3.93066E-01
-1.0944E-06,-4.12598E-01
-1.0928E-06,-3.78418E-01
-1.0912E-06,-3.58887E-01
-1.0896E-06,-3.14941E-01
-1.0880E-06,-2.51465E-01
-1.0864E-06,-1.53809E-01
-1.0848E-06,-8.54492E-02
-1.0832E-06,3.17383E-02
-1.0816E-06,9.52148E-02
-1.0800E-06,1.97754E-01
-1.0784E-06,2.70996E-01
-1.0768E-06,3.24707E-01
-1.0752E-06,3.68652E-01
-1.0736E-06,4.02832E-01
-1.0720E-06,4.37012E-01
-1.0704E-06,4.22363E-01
-1.0688E-06,3.97949E-01
-1.0672E-06,3.44238E-01
-1.0656E-06,2.66113E-01
-1.0640E-06,1.97754E-01
-1.0624E-06,1.04980E-01
-1.0608E-06,7.32422E-03
-1.0592E-06,-7.56836E-02
-1.0576E-06,-1.68457E-01
-1.0560E-06,-2.41699E-01
-1.0544E-06,-3.05176E-01
-1.0528E-06,-3.63770E-01
-1.0512E-06,-3.88184E-01
-1.0496E-06,-4.12598E-01
-1.0480E-06,-3.93066E-01
-1.0464E-06,-3.68652E-01
-1.0448E-06,-3.19824E-01
-1.0432E-06,-2.61230E-01
-1.0416E-06,-1.87988E-01
-1.0400E-06,-8.54492E-02
-1.0384E-06,1.70898E-02
-1.0368E-06,1.00098E-01
-1.0352E-06,1.83105E-01
-1.0336E-06,2.70996E-01
-1.0320E-06,3.14941E-01
-1.0304E-06,3.78418E-01
-1.0288E-06,4.07715E-01
-1.0272E-06,4.32129E-01
-1.0256E-06,4.32129E-01
-1.0240E-06,3.93066E-01
-1.0224E-06,3.39355E-01
-1.0208E-06,2.80762E-01
-1.0192E-06,2.02637E-01
-1.0176E-06,1.09863E-01
-1.0160E-06,2.19727E-02
-1.0144E-06,-5.61523E-02
-1.0128E-06,-1.44043E-01
-1.0112E-06,-2.36816E-01
-1.0096E-06,-3.00293E-01
-1.0080E-06,-3.54004E-01
-1.0064E-06,-4.02832E-01
-1.0048E-06,-4.22363E-01
-1.0032E-06,-3.83301E-01
-1.0016E-06,-3.63770E-01
-1.0000E-06,-3.34473E-01
-9.9840E-07,-2.66113E-01
-9.9680E-07,-1.83105E-01
-9.9520E-07,-8.54492E-02
-9.9360E-07,-1.70898E-02
-9.9200E-07,9.03320E-02
-9.9040E-07,1.83105E-01
-9.8880E-07,2.56348E-01
-9.8720E-07,3.24707E-01
-9.8560E-07,3.68652E-01
-9.8400E-07,4.07715E-01
-9.8240E-07,4.27246E-01
-9.8080E-07,4.12598E-01
-9.7920E-07,4.07715E-01
-9.7760E-07,3.49121E-01
-9.7600E-07,2.95410E-01
-9.7440E-07,2.02637E-01
-9.7280E-07,1.14746E-01
-9.7120E-07,4.15039E-02
-9.6960E-07,-4.15039E-02
-9.6800E-07,-1.29395E-01
-9.6640E-07,-2.27051E-01
-9.6480E-07,-3.05176E-01
-9.6320E-07,-3.54004E-01
-9.6160E-07,-3.78418E-01
-9.6000E-07,-4.12598E-01
-9.5840E-07,-4.02832E-01
-9.5680E-07,-3.73535E-01
-9.5520E-07,-3.24707E-01
-9.5360E-07,-2.66113E-01
-9.5200E-07,-1.87988E-01
-9.5040E-07,-1.04980E-01
-9.4880E-07,-1.22070E-02
-9.4720E-07,7.08008E-02
-9.4560E-07,1.73340E-01
-9.4400E-07,2.51465E-01
-9.4240E-07,3.19824E-01
-9.4080E-07,3.83301E-01
-9.3920E-07,4.17480E-01
-9.3760E-07,4.41895E-01
-9.3600E-07,4.02832E-01
-9.3440E-07,3.97949E-01
-9.3280E-07,3.68652E-01
-9.3120E-07,3.14941E-01
-9.2960E-07,2.12402E-01
-9.2800E-07,1.39160E-01
-9.2640E-07,5.61523E-02
-9.2480E-07,-2.68555E-02
-9.2320E-07,-1.24512E-01
-9.2160E-07,-2.07520E-01
-9.2000E-07,-3.00293E-01
-9.1840E-07,-3.54004E-01
-9.1680E-07,-3.73535E-01
-9.1520E-07,-4.12598E-01
-9.1360E-07,-3.97949E-01
-9.1200E-07,-3.78418E-01
-9.1040E-07,-3.39355E-01
-9.0880E-07,-2.85645E-01
-9.0720E-07,-2.02637E-01
-9.0560E-07,-1.34277E-01
-9.0400E-07,-3.17383E-02
-9.0240E-07,7.08008E-02
-9.0080E-07,1.73340E-01
-8.9920E-07,2.41699E-01
-8.9760E-07,3.14941E-01
-8.9600E-07,3.63770E-01
-8.9440E-07,3.97949E-01
-8.9280E-07,4.27246E-01
-8.9120E-07,4.27246E-01
-8.8960E-07,4.07715E-01
-8.8800E-07,3.63770E-01
-8.8640E-07,3.00293E-01
-8.8480E-07,2.61230E-01
-8.8320E-07,1.58691E-01
-8.8160E-07,5.61523E-02
-8.8000E-07,-3.66211E-02
-8.7840E-07,-1.19629E-01
-8.7680E-07,-2.07520E-01
-8.7520E-07,-2.95410E-01
-8.7360E-07,-3.58887E-01
-8.7200E-07,-3.78418E-01
-8.7040E-07,-4.07715E-01
-8.6880E-07,-3.93066E-01
-8.6720E-07,-3.83301E-01
-8.6560E-07,-3.44238E-01
-8.6400E-07,-3.00293E-01
-8.6240E-07,-2.17285E-01
-8.6080E-07,-1.39160E-01
-8.5920E-07,-6.10352E-02
-8.5760E-07,4.63867E-02
-8.5600E-07,1.58691E-01
-8.5440E-07,2.02637E-01
-8.5280E-07,2.95410E-01
-8.5120E-07,3.49121E-01
-8.4960E-07,3.97949E-01
-8.4800E-07,4.17480E-01
-8.4640E-07,4.27246E-01
-8.4480E-07,4.12598E-01
-8.4320E-07,3.68652E-01
-8.4160E-07,3.14941E-01
-8.4000E-07,2.46582E-01
-8.3840E-07,1.68457E-01
-8.3680E-07,7.56836E-02
-8.3520E-07,-1.70898E-02
-8.3360E-07,-9.52148E-02
-8.3200E-07,-1.92871E-01
-8.3040E-07,-2.70996E-01
-8.2880E-07,-3.29590E-01
-8.2720E-07,-3.78418E-01
-8.2560E-07,-3.93066E-01
-8.2400E-07,-4.07715E-01
-8.2240E-07,-3.83301E-01
-8.2080E-07,-3.54004E-01
-8.1920E-07,-2.95410E-01
-8.1760E-07,-2.17285E-01
-8.1600E-07,-1.34277E-01
-8.1440E-07,-6.10352E-02
-8.1280E-07,3.17383E-02
-8.1120E-07,1.29395E-01
-8.0960E-07,2.36816E-01
-8.0800E-07,2.95410E-01
-8.0640E-07,3.44238E-01
-8.0480E-07,3.97949E-01
-8.0320E-07,4.32129E-01
-8.0160E-07,4.41895E-01
-8.0000E-07,4.12598E-01
-7.9840E-07,3.73535E-01
-7.9680E-07,3.24707E-01
-7.9520E-07,2.66113E-01
-7.9360E-07,1.83105E-01
-7.9200E-07,8.54492E-02
-7.9040E-07,7.32422E-03
-7.8880E-07,-1.00098E-01
-7.8720E-07,-1.83105E-01
-7.8560E-07,-2.70996E-01
-7.8400E-07,-3.19824E-01
-7.8240E-07,-3.73535E-01
-7.8080E-07,-4.07715E-01
-7.7920E-07,-3.83301E-01
-7.7760E-07,-3.88184E-01
-7.7600E-07,-3.54004E-01
-7.7440E-07,-3.00293E-01
-7.7280E-07,-2.27051E-01
-7.7120E-07,-1.53809E-01
-7.6960E-07,-6.10352E-02
-7.6800E-07,2.19727E-02
-7.6640E-07,1.09863E-01
-7.6480E-07,2.12402E-01
-7.6320E-07,2.85645E-01
-7.6160E-07,3.44238E-01
-7.6000E-07,3.97949E-01
-7.5840E-07,4.32129E-01
-7.5680E-07,4.27246E-01
-7.5520E-07,4.17480E-01
-7.5360E-07,3.88184E-01
-7.5200E-07,3.44238E-01
-7.5040E-07,2.56348E-01
-7.4880E-07,1.87988E-01
-7.4720E-07,9.52148E-02
-7.4560E-07,2.44141E-03
-7.4400E-07,-9.52148E-02
-7.4240E-07,-1.73340E-01
-7.4080E-07,-2.66113E-01
-7.3920E-07,-3.14941E-01
-7.3760E-07,-3.54004E-01
-7.3600E-07,-3.83301E-01
-7.3440E-07,-4.02832E-01
-7.3280E-07,-3.93066E-01
-7.3120E-07,-3.58887E-01
-7.2960E-07,-3.10059E-01
-7.2800E-07,-2.41699E-01
-7.2640E-07,-1.68457E-01
-7.2480E-07,-7.08008E-02
-7.2320E-07,1.22070E-02
-7.2160E-07,1.09863E-01
-7.2000E-07,1.92871E-01
-7.1840E-07,2.80762E-01
-7.1680E-07,3.29590E-01
-7.1520E-07,3.78418E-01
-7.1360E-07,4.12598E-01
-7.1200E-07,4.37012E-01
-7.1040E-07,4.17480E-01
-7.0880E-07,3.97949E-01
-7.0720E-07,3.44238E-01
-7.0560E-07,2.66113E-01
-7.0400E-07,1.87988E-01
-7.0240E-07,1.09863E-01
-7.0080E-07,7.32422E-03
-6.9920E-07,-7.08008E-02
-6.9760E-07,-1.63574E-01
-6.9600E-07,-2.36816E-01
-6.9440E-07,-3.05176E-01
-6.9280E-07,-3.63770E-01
-6.9120E-07,-3.97949E-01
-6.8960E-07,-3.93066E-01
-6.8800E-07,-3.93066E-01
-6.8640E-07,-3.63770E-01
-6.8480E-07,-3.19824E-01
-6.8320E-07,-2.51465E-01
-6.8160E-07,-1.73340E-01
-6.8000E-07,-9.52148E-02
-6.7840E-07,2.44141E-03
-6.7680E-07,1.00098E-01
-6.7520E-07,1.87988E-01
-6.7360E-07,2.66113E-01
-6.7200E-07,3.29590E-01
-6.7040E-07,3.73535E-01
-6.6880E-07,4.27246E-01
-6.6720E-07,4.27246E-01
-6.6560E-07,4.22363E-01
-6.6400E-07,3.97949E-01
-6.6240E-07,3.54004E-01
-6.6080E-07,2.85645E-01
-6.5920E-07,2.07520E-01
-6.5760E-07,1.24512E-01
-6.5600E-07,3.66211E-02
-6.5440E-07,-6.10352E-02
-6.5280E-07,-1.53809E-01
-6.5120E-07,-2.46582E-01
-6.4960E-07,-3.19824E-01
-6.4800E-07,-3.39355E-01
-6.4640E-07,-3.78418E-01
-6.4480E-07,-3.88184E-01
-6.4320E-07,-3.93066E-01
-6.4160E-07,-3.58887E-01
-6.4000E-07,-3.29590E-01
-6.3840E-07,-2.61230E-01
-6.3680E-07,-1.92871E-01
-6.3520E-07,-1.04980E-01
-6.3360E-07,-1.22070E-02
-6.3200E-07,9.03320E-02
-6.3040E-07,1.73340E-01
-6.2880E-07,2.46582E-01
-6.2720E-07,3.19824E-01
-6.2560E-07,3.78418E-01
-6.2400E-07,4.22363E-01
-6.2240E-07,4.37012E-01
-6.2080E-07,4.27246E-01
-6.1920E-07,4.02832E-01
-6.1760E-07,3.49121E-01
-6.1600E-07,2.85645E-01
-6.1440E-07,2.27051E-01
-6.1280E-07,1.39160E-01
-6.1120E-07,4.63867E-02
-6.0960E-07,-5.61523E-02
-6.0800E-07,-1.29395E-01
-6.0640E-07,-2.07520E-01
-6.0480E-07,-2.95410E-01
-6.0320E-07,-3.44238E-01
-6.0160E-07,-3.78418E-01
-6.0000E-07,-4.07715E-01
-5.9840E-07,-3.93066E-01
-5.9680E-07,-3.83301E-01
-5.9520E-07,-3.29590E-01
-5.9360E-07,-2.66113E-01
-5.9200E-07,-2.02637E-01
-5.9040E-07,-1.24512E-01
-5.8880E-07,-3.17383E-02
-5.8720E-07,8.05664E-02
-5.8560E-07,1.53809E-01
-5.8400E-07,2.46582E-01
-5.8240E-07,3.05176E-01
-5.8080E-07,3.68652E-01
-5.7920E-07,3.97949E-01
-5.7760E-07,4.37012E-01
-5.7600E-07,4.27246E-01
-5.7440E-07,3.97949E-01
-5.7280E-07,3.44238E-01
-5.7120E-07,3.14941E-01
-5.6960E-07,2.27051E-01
-5.6800E-07,1.58691E-01
-5.6640E-07,5.61523E-02
-5.6480E-07,-3.66211E-02
-5.6320E-07,-1.34277E-01
-5.6160E-07,-2.12402E-01
-5.6000E-07,-2.90527E-01
-5.5840E-07,-3.49121E-01
-5.5680E-07,-3.83301E-01
-5.5520E-07,-3.88184E-01
-5.5360E-07,-4.02832E-01
-5.5200E-07,-3.93066E-01
-5.5040E-07,-3.24707E-01
-5.4880E-07,-2.85645E-01
-5.4720E-07,-2.17285E-01
-5.4560E-07,-1.29395E-01
-5.4400E-07,-4.63867E-02
-5.4240E-07,6.10352E-02
-5.4080E-07,1.34277E-01
-5.3920E-07,2.31934E-01
-5.3760E-07,3.10059E-01
-5.3600E-07,3.58887E-01
-5.3440E-07,4.07715E-01
-5.3280E-07,4.27246E-01
-5.3120E-07,4.22363E-01
-5.2960E-07,4.02832E-01
-5.2800E-07,3.58887E-01
-5.2640E-07,3.05176E-01
-5.2480E-07,2.27051E-01
-5.2320E-07,1.58691E-01
-5.2160E-07,5.61523E-02
-5.2000E-07,-7.32422E-03
-5.1840E-07,-1.24512E-01
-5.1680E-07,-1.97754E-01
-5.1520E-07,-2.80762E-01
-5.1360E-07,-3.14941E-01
-5.1200E-07,-3.83301E-01
-5.1040E-07,-4.12598E-01
-5.0880E-07,-4.02832E-01
-5.0720E-07,-3.88184E-01
-5.0560E-07,-3.54004E-01
-5.0400E-07,-2.90527E-01
-5.0240E-07,-2.12402E-01
-5.0080E-07,-1.44043E-01
-4.9920E-07,-6.10352E-02
-4.9760E-07,4.63867E-02
-4.9600E-07,1.39160E-01
-4.9440E-07,2.27051E-01
-4.9280E-07,2.80762E-01
-4.9120E-07,3.54004E-01
-4.8960E-07,4.12598E-01
-4.8800E-07,4.32129E-01
-4.8640E-07,4.46777E-01
-4.8480E-07,4.07715E-01
-4.8320E-07,3.78418E-01
-4.8160E-07,3.10059E-01
-4.8000E-07,2.51465E-01
-4.7840E-07,1.73340E-01
-4.7680E-07,8.05664E-02
-4.7520E-07,-7.32422E-03
-4.7360E-07,-1.09863E-01
-4.7200E-07,-2.07520E-01
-4.7040E-07,-2.61230E-01
-4.6880E-07,-3.19824E-01
-4.6720E-07,-3.63770E-01
-4.6560E-07,-4.02832E-01
-4.6400E-07,-4.07715E-01
-4.6240E-07,-3.93066E-01
-4.6080E-07,-3.49121E-01
-4.5920E-07,-2.90527E-01
-4.5760E-07,-2.31934E-01
-4.5600E-07,-1.53809E-01
-4.5440E-07,-6.59180E-02
-4.5280E-07,3.66211E-02
-4.5120E-07,1.19629E-01
-4.4960E-07,1.97754E-01
-4.4800E-07,2.95410E-01
-4.4640E-07,3.44238E-01
-4.4480E-07,3.93066E-01
-4.4320E-07,4.22363E-01
-4.4160E-07,4.27246E-01
-4.4000E-07,4.02832E-01
-4.3840E-07,3.73535E-01
-4.3680E-07,3.34473E-01
-4.3520E-07,2.56348E-01
-4.3360E-07,1.83105E-01
-4.3200E-07,9.03320E-02
-4.3040E-07,2.44141E-03
-4.2880E-07,-9.03320E-02
-4.2720E-07,-1.92871E-01
-4.2560E-07,-2.51465E-01
-4.2400E-07,-3.19824E-01
-4.2240E-07,-3.73535E-01
-4.2080E-07,-4.07715E-01
-4.1920E-07,-4.27246E-01
-4.1760E-07,-3.78418E-01
-4.1600E-07,-3.49121E-01
-4.1440E-07,-3.05176E-01
-4.1280E-07,-2.31934E-01
-4.1120E-07,-1.73340E-01
-4.0960E-07,-8.54492E-02
-4.0800E-07,1.70898E-02
-4.0640E-07,1.14746E-01
-4.0480E-07,1.97754E-01
-4.0320E-07,2.70996E-01
-4.0160E-07,3.63770E-01
-4.0000E-07,3.88184E-01
-3.9840E-07,4.27246E-01
-3.9680E-07,4.27246E-01
-3.9520E-07,4.17480E-01
-3.9360E-07,3.73535E-01
-3.9200E-07,3.34473E-01
-3.9040E-07,2.70996E-01
-3.8880E-07,1.97754E-01
-3.8720E-07,1.04980E-01
-3.8560E-07,1.70898E-02
-3.8400E-07,-9.03320E-02
-3.8240E-07,-1.92871E-01
-3.8080E-07,-2.46582E-01
-3.7920E-07,-3.19824E-01
-3.7760E-07,-3.58887E-01
-3.7600E-07,-3.93066E-01
-3.7440E-07,-4.12598E-01
-3.7280E-07,-3.88184E-01
-3.7120E-07,-3.58887E-01
-3.6960E-07,-3.24707E-01
-3.6800E-07,-2.56348E-01
-3.6640E-07,-1.78223E-01
-3.6480E-07,-9.03320E-02
-3.6320E-07,2.19727E-02
-3.6160E-07,1.09863E-01
-3.6000E-07,1.73340E-01
-3.5840E-07,2.61230E-01
-3.5680E-07,3.39355E-01
-3.5520E-07,3.97949E-01
-3.5360E-07,4.17480E-01
-3.5200E-07,4.41895E-01
-3.5040E-07,4.27246E-01
-3.4880E-07,3.97949E-01
-3.4720E-07,3.44238E-01
-3.4560E-07,2.85645E-01
-3.4400E-07,2.07520E-01
-3.4240E-07,1.19629E-01
-3.4080E-07,2.19727E-02
-3.3920E-07,-6.59180E-02
-3.3760E-07,-1.44043E-01
-3.3600E-07,-2.31934E-01
-3.3440E-07,-3.00293E-01
-3.3280E-07,-3.58887E-01
-3.3120E-07,-3.88184E-01
-3.2960E-07,-4.02832E-01
-3.2800E-07,-3.88184E-01
-3.2640E-07,-3.63770E-01
-3.2480E-07,-3.19824E-01
-3.2320E-07,-2.46582E-01
-3.2160E-07,-1.78223E-01
-3.2000E-07,-9.52148E-02
-3.1840E-07,-7.32422E-03
-3.1680E-07,9.52148E-02
-3.1520E-07,1.78223E-01
-3.1360E-07,2.66113E-01
-3.1200E-07,3.14941E-01
-3.1040E-07,3.78418E-01
-3.0880E-07,4.07715E-01
-3.0720E-07,4.17480E-01
-3.0560E-07,4.27246E-01
-3.0400E-07,3.93066E-01
-3.0240E-07,3.49121E-01
-3.0080E-07,2.90527E-01
-2.9920E-07,2.02637E-01
-2.9760E-07,1.39160E-01
-2.9600E-07,3.66211E-02
-2.9440E-07,-4.63867E-02
-2.9280E-07,-1.63574E-01
-2.9120E-07,-2.12402E-01
-2.8960E-07,-2.95410E-01
-2.8800E-07,-3.54004E-01
-2.8640E-07,-3.97949E-01
-2.8480E-07,-4.07715E-01
-2.8320E-07,-3.68652E-01
-2.8160E-07,-3.68652E-01
-2.8000E-07,-3.29590E-01
-2.7840E-07,-2.56348E-01
-2.7680E-07,-1.92871E-01
-2.7520E-07,-1.09863E-01
-2.7360E-07,-1.22070E-02
-2.7200E-07,8.54492E-02
-2.7040E-07,1.58691E-01
-2.6880E-07,2.61230E-01
-2.6720E-07,3.19824E-01
-2.6560E-07,3.68652E-01
-2.6400E-07,4.07715E-01
-2.6240E-07,4.41895E-01
-2.6080E-07,4.37012E-01
-2.5920E-07,3.88184E-01
-2.5760E-07,3.44238E-01
-2.5600E-07,2.95410E-01
-2.5440E-07,2.22168E-01
-2.5280E-07,1.44043E-01
-2.5120E-07,4.63867E-02
-2.4960E-07,-4.63867E-02
-2.4800E-07,-1.39160E-01
-2.4640E-07,-2.22168E-01
-2.4480E-07,-2.85645E-01
-2.4320E-07,-3.54004E-01
-2.4160E-07,-3.93066E-01
-2.4000E-07,-4.07715E-01
-2.3840E-07,-3.83301E-01
-2.3680E-07,-3.63770E-01
-2.3520E-07,-3.29590E-01
-2.3360E-07,-2.66113E-01
-2.3200E-07,-1.97754E-01
-2.3040E-07,-1.14746E-01
-2.2880E-07,-1.70898E-02
-2.2720E-07,6.59180E-02
-2.2560E-07,1.63574E-01
-2.2400E-07,2.31934E-01
-2.2240E-07,3.05176E-01
-2.2080E-07,3.68652E-01
-2.1920E-07,3.97949E-01
-2.1760E-07,4.22363E-01
-2.1600E-07,4.27246E-01
-2.1440E-07,4.17480E-01
-2.1280E-07,3.68652E-01
-2.1120E-07,3.05176E-01
-2.0960E-07,2.27051E-01
-2.0800E-07,1.44043E-01
-2.0640E-07,5.12695E-02
-2.0480E-07,-3.66211E-02
-2.0320E-07,-1.24512E-01
-2.0160E-07,-2.02637E-01
-2.0000E-07,-2.85645E-01
-1.9840E-07,-3.29590E-01
-1.9680E-07,-3.83301E-01
-1.9520E-07,-3.93066E-01
-1.9360E-07,-3.97949E-01
-1.9200E-07,-3.88184E-01
-1.9040E-07,-3.39355E-01
-1.8880E-07,-2.70996E-01
-1.8720E-07,-2.07520E-01
-1.8560E-07,-1.34277E-01
-1.8400E-07,-5.12695E-02
-1.8240E-07,5.12695E-02
-1.8080E-07,1.48926E-01
-1.7920E-07,2.12402E-01
-1.7760E-07,3.05176E-01
-1.7600E-07,3.54004E-01
-1.7440E-07,3.93066E-01
-1.7280E-07,4.17480E-01
-1.7120E-07,4.41895E-01
-1.6960E-07,4.12598E-01
-1.6800E-07,3.78418E-01
-1.6640E-07,3.10059E-01
-1.6480E-07,2.51465E-01
-1.6320E-07,1.68457E-01
-1.6160E-07,6.10352E-02
-1.6000E-07,-2.68555E-02
-1.5840E-07,-1.19629E-01
-1.5680E-07,-1.87988E-01
-1.5520E-07,-2.70996E-01
-1.5360E-07,-3.39355E-01
-1.5200E-07,-3.68652E-01
-1.5040E-07,-3.97949E-01
-1.4880E-07,-4.02832E-01
-1.4720E-07,-3.78418E-01
-1.4560E-07,-3.44238E-01
-1.4400E-07,-2.95410E-01
-1.4240E-07,-2.17285E-01
-1.4080E-07,-1.39160E-01
-1.3920E-07,-3.66211E-02
-1.3760E-07,6.59180E-02
-1.3600E-07,1.29395E-01
-1.3440E-07,2.27051E-01
-1.3280E-07,3.00293E-01
-1.3120E-07,3.58887E-01
-1.2960E-07,4.02832E-01
-1.2800E-07,4.12598E-01
-1.2640E-07,4.32129E-01
-1.2480E-07,4.12598E-01
-1.2320E-07,3.68652E-01
-1.2160E-07,3.10059E-01
-1.2000E-07,2.56348E-01
-1.1840E-07,1.78223E-01
-1.1680E-07,9.03320E-02
-1.1520E-07,-1.70898E-02
-1.1360E-07,-1.04980E-01
-1.1200E-07,-1.92871E-01
-1.1040E-07,-2.66113E-01
-1.0880E-07,-3.29590E-01
-1.0720E-07,-3.63770E-01
-1.0560E-07,-3.97949E-01
-1.0400E-07,-3.93066E-01
-1.0240E-07,-3.83301E-01
-1.0080E-07,-3.54004E-01
-9.9200E-08,-2.95410E-01
-9.7600E-08,-2.22168E-01
-9.6000E-08,-1.58691E-01
-9.4400E-08,-5.61523E-02
-9.2800E-08,3.17383E-02
-9.1200E-08,1.09863E-01
-8.9600E-08,1.87988E-01
-8.8000E-08,2.85645E-01
-8.6400E-08,3.39355E-01
-8.4800E-08,3.93066E-01
-8.3200E-08,4.22363E-01
-8.1600E-08,4.46777E-01
-8.0000E-08,4.32129E-01
-7.8400E-08,3.88184E-01
-7.6800E-08,3.29590E-01
-7.5200E-08,2.56348E-01
-7.3600E-08,1.87988E-01
-7.2000E-08,1.04980E-01
-7.0400E-08,1.22070E-02
-6.8800E-08,-7.56836E-02
-6.7200E-08,-1.68457E-01
-6.5600E-08,-2.61230E-01
-6.4000E-08,-3.14941E-01
-6.2400E-08,-3.78418E-01
-6.0800E-08,-3.93066E-01
-5.9200E-08,-3.93066E-01
-5.7600E-08,-3.97949E-01
-5.6000E-08,-3.63770E-01
-5.4400E-08,-3.10059E-01
-5.2800E-08,-2.31934E-01
-5.1200E-08,-1.63574E-01
-4.9600E-08,-7.08008E-02
-4.8000E-08,2.19727E-02
-4.6400E-08,1.14746E-01
-4.4800E-08,1.97754E-01
-4.3200E-08,2.70996E-01
-4.1600E-08,3.39355E-01
-4.0000E-08,3.88184E-01
-3.8400E-08,4.27246E-01
-3.6800E-08,4.41895E-01
-3.5200E-08,4.22363E-01
-3.3600E-08,4.02832E-01
-3.2000E-08,3.29590E-01
-3.0400E-08,2.80762E-01
-2.8800E-08,1.87988E-01
-2.7200E-08,1.04980E-01
-2.5600E-08,3.17383E-02
-2.4000E-08,-8.05664E-02
-2.2400E-08,-1.68457E-01
-2.0800E-08,-2.46582E-01
-1.9200E-08,-3.05176E-01
-1.7600E-08,-3.63770E-01
-1.6000E-08,-3.93066E-01
-1.4400E-08,-3.93066E-01
-1.2800E-08,-3.88184E-01
-1.1200E-08,-3.68652E-01
-9.6000E-09,-3.14941E-01
-8.0000E-09,-2.46582E-01
-6.4000E-09,-1.78223E-01
-4.8000E-09,-8.05664E-02
-3.2000E-09,1.22070E-02
-1.6000E-09,1.00098E-01
9.0000E-22,1.73340E-01
1.6000E-09,2.61230E-01
3.2000E-09,3.24707E-01
4.8000E-09,3.88184E-01
6.4000E-09,4.32129E-01
8.0000E-09,4.32129E-01
9.6000E-09,4.27246E-01
1.1200E-08,4.02832E-01
1.2800E-08,3.54004E-01
1.4400E-08,2.90527E-01
1.6000E-08,2.02637E-01
1.7600E-08,1.24512E-01
1.9200E-08,2.19727E-02
2.0800E-08,-7.56836E-02
2.2400E-08,-1.63574E-01
2.4000E-08,-2.36816E-01
2.5600E-08,-3.00293E-01
2.7200E-08,-3.44238E-01
2.8800E-08,-3.93066E-01
3.0400E-08,-3.93066E-01
3.2000E-08,-3.97949E-01
3.3600E-08,-3.73535E-01
3.5200E-08,-3.19824E-01
3.6800E-08,-2.66113E-01
3.8400E-08,-1.87988E-01
4.0000E-08,-9.52148E-02
4.1600E-08,2.44141E-03
4.3200E-08,9.03320E-02
4.4800E-08,1.78223E-01
4.6400E-08,2.46582E-01
4.8000E-08,3.24707E-01
4.9600E-08,3.88184E-01
5.1200E-08,4.12598E-01
5.2800E-08,4.32129E-01
5.4400E-08,4.32129E-01
5.6000E-08,3.97949E-01
5.7600E-08,3.49121E-01
5.9200E-08,2.90527E-01
6.0800E-08,2.17285E-01
6.2400E-08,1.24512E-01
6.4000E-08,4.15039E-02
6.5600E-08,-4.63867E-02
6.7200E-08,-1.29395E-01
6.8800E-08,-2.02637E-01
7.0400E-08,-2.95410E-01
7.2000E-08,-3.63770E-01
7.3600E-08,-3.93066E-01
7.5200E-08,-3.93066E-01
7.6800E-08,-3.78418E-01
7.8400E-08,-3.78418E-01
8.0000E-08,-3.24707E-01
8.1600E-08,-2.66113E-01
8.3200E-08,-1.92871E-01
8.4800E-08,-1.00098E-01
8.6400E-08,-2.19727E-02
8.8000E-08,7.08008E-02
8.9600E-08,1.68457E-01
9.1200E-08,2.36816E-01
9.2800E-08,3.34473E-01
9.4400E-08,3.63770E-01
9.6000E-08,4.02832E-01
9.7600E-08,4.27246E-01
9.9200E-08,4.22363E-01
1.0080E-07,4.07715E-01
1.0240E-07,3.58887E-01
1.0400E-07,3.05176E-01
1.0560E-07,2.36816E-01
1.0720E-07,1.58691E-01
1.0880E-07,6.10352E-02
1.1040E-07,-3.66211E-02
1.1200E-07,-1.14746E-01
1.1360E-07,-2.12402E-01
1.1520E-07,-2.80762E-01
1.1680E-07,-3.39355E-01
1.1840E-07,-3.78418E-01
1.2000E-07,-4.02832E-01
1.2160E-07,-4.02832E-01
1.2320E-07,-3.73535E-01
1.2480E-07,-3.24707E-01
1.2640E-07,-2.56348E-01
1.2800E-07,-1.97754E-01
1.2960E-07,-1.14746E-01
1.3120E-07,-2.19727E-02
1.3280E-07,7.56836E-02
1.3440E-07,1.63574E-01
1.3600E-07,2.41699E-01
1.3760E-07,3.10059E-01
1.3920E-07,3.68652E-01
1.4080E-07,4.12598E-01
1.4240E-07,4.37012E-01
1.4400E-07,4.32129E-01
1.4560E-07,4.07715E-01
1.4720E-07,3.63770E-01
1.4880E-07,3.14941E-01
1.5040E-07,2.27051E-01
1.5200E-07,1.44043E-01
1.5360E-07,8.05664E-02
1.5520E-07,-3.17383E-02
1.5680E-07,-1.04980E-01
1.5840E-07,-2.12402E-01
1.6000E-07,-2.66113E-01
1.6160E-07,-3.29590E-01
1.6320E-07,-3.78418E-01
1.6480E-07,-4.07715E-01
1.6640E-07,-3.97949E-01
1.6800E-07,-3.78418E-01
1.6960E-07,-3.34473E-01
1.7120E-07,-2.95410E-01
1.7280E-07,-2.12402E-01
1.7440E-07,-1.39160E-01
1.7600E-07,-4.15039E-02
1.7760E-07,5.12695E-02
1.7920E-07,1.29395E-01
1.8080E-07,2.17285E-01
1.8240E-07,3.00293E-01
1.8400E-07,3.68652E-01
1.8560E-07,4.07715E-01
1.8720E-07,4.22363E-01
1.8880E-07,4.37012E-01
1.9040E-07,4.22363E-01
1.9200E-07,3.73535E-01
1.9360E-07,3.19824E-01
1.9520E-07,2.56348E-01
1.9680E-07,1.63574E-01
1.9840E-07,9.52148E-02
2.0000E-07,-2.19727E-02
2.0160E-07,-1.09863E-01
2.0320E-07,-2.07520E-01
2.0480E-07,-2.61230E-01
2.0640E-07,-3.39355E-01
2.0800E-07,-3.88184E-01
2.0960E-07,-4.02832E-01
2.1120E-07,-4.12598E-01
2.1280E-07,-3.88184E-01
2.1440E-07,-3.44238E-01
2.1600E-07,-2.90527E-01
2.1760E-07,-2.22168E-01
2.1920E-07,-1.58691E-01
2.2080E-07,-6.59180E-02
2.2240E-07,4.15039E-02
2.2400E-07,1.24512E-01
2.2560E-07,2.22168E-01
2.2720E-07,2.90527E-01
2.2880E-07,3.54004E-01
2.3040E-07,3.93066E-01
2.3200E-07,4.32129E-01
2.3360E-07,4.46777E-01
2.3520E-07,4.17480E-01
2.3680E-07,3.73535E-01
2.3840E-07,3.29590E-01
2.4000E-07,2.46582E-01
2.4160E-07,1.73340E-01
2.4320E-07,9.03320E-02
2.4480E-07,-7.32422E-03
2.4640E-07,-9.03320E-02
2.4800E-07,-1.83105E-01
2.4960E-07,-2.56348E-01
2.5120E-07,-3.24707E-01
2.5280E-07,-3.54004E-01
2.5440E-07,-4.07715E-01
2.5600E-07,-4.02832E-01
2.5760E-07,-3.88184E-01
2.5920E-07,-3.49121E-01
2.6080E-07,-2.95410E-01
2.6240E-07,-2.31934E-01
2.6400E-07,-1.53809E-01
2.6560E-07,-6.10352E-02
2.6720E-07,1.70898E-02
2.6880E-07,1.24512E-01
2.7040E-07,1.97754E-01
2.7200E-07,2.80762E-01
2.7360E-07,3.49121E-01
2.7520E-07,3.88184E-01
2.7680E-07,4.12598E-01
2.7840E-07,4.32129E-01
2.8000E-07,4.27246E-01
2.8160E-07,4.02832E-01
2.8320E-07,3.29590E-01
2.8480E-07,2.61230E-01
2.8640E-07,1.83105E-01
2.8800E-07,1.00098E-01
2.8960E-07,7.32422E-03
2.9120E-07,-7.56836E-02
2.9280E-07,-1.63574E-01
2.9440E-07,-2.56348E-01
2.9600E-07,-3.19824E-01
2.9760E-07,-3.54004E-01
2.9920E-07,-3.93066E-01
3.0080E-07,-4.07715E-01
3.0240E-07,-3.93066E-01
3.0400E-07,-3.44238E-01
3.0560E-07,-2.95410E-01
3.0720E-07,-2.31934E-01
3.0880E-07,-1.78223E-01
3.1040E-07,-7.08008E-02
3.1200E-07,2.68555E-02
3.1360E-07,9.52148E-02
3.1520E-07,1.87988E-01
3.1680E-07,2.70996E-01
3.1840E-07,3.34473E-01
3.2000E-07,3.78418E-01
3.2160E-07,4.02832E-01
3.2320E-07,4.32129E-01
3.2480E-07,4.17480E-01
3.2640E-07,3.83301E-01
3.2800E-07,3.58887E-01
3.2960E-07,2.85645E-01
3.3120E-07,1.92871E-01
3.3280E-07,1.19629E-01
3.3440E-07,1.70898E-02
3.3600E-07,-5.61523E-02
3.3760E-07,-1.48926E-01
3.3920E-07,-2.41699E-01
3.4080E-07,-3.00293E-01
3.4240E-07,-3.49121E-01
3.4400E-07,-3.78418E-01
3.4560E-07,-3.88184E-01
3.4720E-07,-3.73535E-01
3.4880E-07,-3.34473E-01
3.5040E-07,-2.80762E-01
3.5200E-07,-2.41699E-01
3.5360E-07,-1.78223E-01
3.5520E-07,-9.03320E-02
3.5680E-07,7.32422E-03
3.5840E-07,1.04980E-01
3.6000E-07,2.07520E-01
3.6160E-07,3.39355E-01
3.6320E-07,4.61426E-01
3.6480E-07,5.68848E-01
3.6640E-07,6.56738E-01
3.6800E-07,7.15332E-01
3.6960E-07,7.44629E-01
3.7120E-07,7.34863E-01
3.7280E-07,6.66504E-01
3.7440E-07,5.44434E-01
3.7600E-07,3.88184E-01
3.7760E-07,2.27051E-01
3.7920E-07,1.70898E-02
3.8080E-07,-1.53809E-01
3.8240E-07,-3.54004E-01
3.8400E-07,-5.05371E-01
3.8560E-07,-6.56738E-01
3.8720E-07,-7.49512E-01
3.8880E-07,-8.03223E-01
3.9040E-07,-8.32520E-01
3.9200E-07,-8.03223E-01
3.9360E-07,-7.59277E-01
3.9520E-07,-6.66504E-01
3.9680E-07,-5.34668E-01
3.9840E-07,-3.88184E-01
4.0000E-07,-2.22168E-01
4.0160E-07,-4.15039E-02
4.0320E-07,1.58691E-01
4.0480E-07,3.24707E-01
4.0640E-07,5.00488E-01
4.0800E-07,6.27441E-01
4.0960E-07,7.49512E-01
4.1120E-07,8.12988E-01
4.1280E-07,8.32520E-01
4.1440E-07,8.47168E-01
4.1600E-07,7.88574E-01
4.1760E-07,6.95801E-01
4.1920E-07,5.88379E-01
4.2080E-07,4.37012E-01
4.2240E-07,2.56348E-01
4.2400E-07,6.10352E-02
4.2560E-07,-1.09863E-01
4.2720E-07,-2.85645E-01
4.2880E-07,-4.61426E-01
4.3040E-07,-6.03027E-01
4.3200E-07,-7.10449E-01
4.3360E-07,-7.88574E-01
4.3520E-07,-8.22754E-01
4.3680E-07,-8.03223E-01
4.3840E-07,-7.44629E-01
4.4000E-07,-6.76270E-01
4.4160E-07,-5.59082E-01
4.4320E-07,-4.07715E-01
4.4480E-07,-2.31934E-01
4.4640E-07,-6.10352E-02
4.4800E-07,1.34277E-01
4.4960E-07,3.10059E-01
4.5120E-07,4.71191E-01
4.5280E-07,6.17676E-01
4.5440E-07,7.29980E-01
4.5600E-07,8.22754E-01
4.5760E-07,8.47168E-01
4.5920E-07,8.42285E-01
4.6080E-07,8.08105E-01
4.6240E-07,7.15332E-01
4.6400E-07,5.98145E-01
4.6560E-07,4.41895E-01
4.6720E-07,2.80762E-01
4.6880E-07,9.03320E-02
4.7040E-07,-8.54492E-02
4.7200E-07,-2.70996E-01
4.7360E-07,-4.32129E-01
4.7520E-07,-5.88379E-01
4.7680E-07,-7.00684E-01
4.7840E-07,-7.59277E-01
4.8000E-07,-8.22754E-01
4.8160E-07,-8.12988E-01
4.8320E-07,-7.59277E-01
4.8480E-07,-6.90918E-01
4.8640E-07,-5.78613E-01
4.8800E-07,-4.41895E-01
4.8960E-07,-2.70996E-01
4.9120E-07,-8.05664E-02
4.9280E-07,1.00098E-01
4.9440E-07,2.85645E-01
4.9600E-07,4.66309E-01
4.9760E-07,5.98145E-01
4.9920E-07,7.20215E-01
5.0080E-07,7.93457E-01
5.0240E-07,8.56934E-01
5.0400E-07,8.56934E-01
5.0560E-07,8.03223E-01
5.0720E-07,7.29980E-01
5.0880E-07,6.22559E-01
5.1040E-07,4.76074E-01
5.1200E-07,2.95410E-01
5.1360E-07,1.19629E-01
5.1520E-07,-5.12695E-02
5.1680E-07,-2.41699E-01
5.1840E-07,-4.27246E-01
5.2000E-07,-5.73730E-01
5.2160E-07,-6.86035E-01
5.2320E-07,-7.73926E-01
5.2480E-07,-8.08105E-01
5.2640E-07,-8.08105E-01
5.2800E-07,-7.93457E-01
5.2960E-07,-7.10449E-01
5.3120E-07,-5.88379E-01
5.3280E-07,-4.61426E-01
5.3440E-07,-2.95410E-01
5.3600E-07,-1.14746E-01
5.3760E-07,9.03320E-02
5.3920E-07,2.56348E-01
5.4080E-07,4.22363E-01
5.4240E-07,5.78613E-01
5.4400E-07,6.90918E-01
5.4560E-07,7.98340E-01
5.4720E-07,8.42285E-01
5.4880E-07,8.52051E-01
5.5040E-07,8.08105E-01
5.5200E-07,7.44629E-01
5.5360E-07,6.27441E-01
5.5520E-07,4.80957E-01
5.5680E-07,3.24707E-01
5.5840E-07,1.53809E-01
5.6000E-07,-2.19727E-02
5.6160E-07,-2.17285E-01
5.6320E-07,-4.07715E-01
5.6480E-07,-5.59082E-01
5.6640E-07,-6.71387E-01
5.6800E-07,-7.59277E-01
5.6960E-07,-8.03223E-01
5.7120E-07,-8.22754E-01
5.7280E-07,-7.78809E-01
5.7440E-07,-7.10449E-01
5.7600E-07,-6.17676E-01
5.7760E-07,-4.76074E-01
5.7920E-07,-2.90527E-01
5.8080E-07,-1.24512E-01
5.8240E-07,4.63867E-02
5.8400E-07,2.31934E-01
5.8560E-07,4.22363E-01
5.8720E-07,5.54199E-01
5.8880E-07,6.90918E-01
5.9040E-07,7.83691E-01
5.9200E-07,8.42285E-01
5.9360E-07,8.42285E-01
5.9520E-07,8.17871E-01
5.9680E-07,7.49512E-01
5.9840E-07,6.46973E-01
6.0000E-07,5.15137E-01
6.0160E-07,3.58887E-01
6.0320E-07,1.63574E-01
6.0480E-07,-1.70898E-02
6.0640E-07,-1.97754E-01
6.0800E-07,-3.83301E-01
6.0960E-07,-5.49316E-01
6.1120E-07,-6.56738E-01
6.1280E-07,-7.59277E-01
6.1440E-07,-8.12988E-01
6.1600E-07,-8.22754E-01
6.1760E-07,-7.93457E-01
6.1920E-07,-7.15332E-01
6.2080E-07,-6.32324E-01
6.2240E-07,-5.00488E-01
6.2400E-07,-3.29590E-01
6.2560E-07,-1.53809E-01
6.2720E-07,2.68555E-02
6.2880E-07,2.12402E-01
6.3040E-07,3.83301E-01
6.3200E-07,5.34668E-01
6.3360E-07,6.76270E-01
6.3520E-07,7.78809E-01
6.3680E-07,8.37402E-01
6.3840E-07,8.42285E-01
6.4000E-07,8.27637E-01
6.4160E-07,7.69043E-01
6.4320E-07,6.81152E-01
6.4480E-07,5.39551E-01
6.4640E-07,3.58887E-01
6.4800E-07,1.97754E-01
6.4960E-07,-2.44141E-03
6.5120E-07,-1.78223E-01
6.5280E-07,-3.54004E-01
6.5440E-07,-5.05371E-01
6.5600E-07,-6.37207E-01
6.5760E-07,-7.34863E-01
6.5920E-07,-8.03223E-01
6.6080E-07,-8.17871E-01
6.6240E-07,-8.08105E-01
6.6400E-07,-7.44629E-01
6.6560E-07,-6.37207E-01
6.6720E-07,-5.15137E-01
6.6880E-07,-3.49121E-01
6.7040E-07,-1.78223E-01
6.7200E-07,2.19727E-02
6.7360E-07,1.97754E-01
6.7520E-07,3.73535E-01
6.7680E-07,5.20020E-01
6.7840E-07,6.46973E-01
6.8000E-07,7.69043E-01
6.8160E-07,8.32520E-01
6.8320E-07,8.61816E-01
6.8480E-07,8.42285E-01
6.8640E-07,7.93457E-01
6.8800E-07,6.90918E-01
6.8960E-07,5.39551E-01
6.9120E-07,3.78418E-01
6.9280E-07,2.12402E-01
6.9440E-07,2.68555E-02
6.9600E-07,-1.58691E-01
6.9760E-07,-3.29590E-01
6.9920E-07,-4.90723E-01
7.0080E-07,-6.32324E-01
7.0240E-07,-7.25098E-01
7.0400E-07,-7.93457E-01
7.0560E-07,-8.22754E-01
7.0720E-07,-7.93457E-01
7.0880E-07,-7.64160E-01
7.1040E-07,-6.56738E-01
7.1200E-07,-5.29785E-01
7.1360E-07,-3.73535E-01
7.1520E-07,-1.92871E-01
7.1680E-07,-2.68555E-02
7.1840E-07,1.87988E-01
7.2000E-07,3.44238E-01
7.2160E-07,5.00488E-01
7.2320E-07,6.32324E-01
7.2480E-07,7.64160E-01
7.2640E-07,8.32520E-01
7.2800E-07,8.42285E-01
7.2960E-07,8.27637E-01
7.3120E-07,7.83691E-01
7.3280E-07,7.00684E-01
7.3440E-07,5.68848E-01
7.3600E-07,3.97949E-01
7.3760E-07,2.31934E-01
7.3920E-07,4.15039E-02
7.4080E-07,-1.24512E-01
7.4240E-07,-3.05176E-01
7.4400E-07,-4.76074E-01
7.4560E-07,-6.12793E-01
7.4720E-07,-7.15332E-01
7.4880E-07,-7.83691E-01
7.5040E-07,-8.32520E-01
7.5200E-07,-8.12988E-01
7.5360E-07,-7.59277E-01
7.5520E-07,-6.81152E-01
7.5680E-07,-5.49316E-01
7.5840E-07,-3.93066E-01
7.6000E-07,-2.31934E-01
7.6160E-07,-3.66211E-02
7.6320E-07,1.48926E-01
7.6480E-07,3.19824E-01
7.6640E-07,4.95605E-01
7.6800E-07,6.27441E-01
7.6960E-07,7.25098E-01
7.7120E-07,8.08105E-01
7.7280E-07,8.56934E-01
7.7440E-07,8.47168E-01
7.7600E-07,7.98340E-01
7.7760E-07,7.29980E-01
7.7920E-07,5.93262E-01
7.8080E-07,4.41895E-01
7.8240E-07,2.70996E-01
7.8400E-07,8.54492E-02
7.8560E-07,-9.52148E-02
7.8720E-07,-2.75879E-01
7.8880E-07,-4.61426E-01
7.9040E-07,-5.98145E-01
7.9200E-07,-7.15332E-01
7.9360E-07,-7.78809E-01
7.9520E-07,-8.22754E-01
7.9680E-07,-8.22754E-01
7.9840E-07,-7.54395E-01
8.0000E-07,-6.76270E-01
8.0160E-07,-5.83496E-01
8.0320E-07,-4.27246E-01
8.0480E-07,-2.41699E-01
8.0640E-07,-8.54492E-02
8.0800E-07,1.19629E-01
8.0960E-07,2.85645E-01
8.1120E-07,4.51660E-01
8.1280E-07,6.07910E-01
8.1440E-07,7.20215E-01
8.1600E-07,7.93457E-01
8.1760E-07,8.42285E-01
8.1920E-07,8.42285E-01
8.2080E-07,7.88574E-01
8.2240E-07,7.20215E-01
8.2400E-07,6.03027E-01
8.2560E-07,4.51660E-01
8.2720E-07,2.80762E-01
8.2880E-07,1.09863E-01
8.3040E-07,-6.59180E-02
8.3200E-07,-2.70996E-01
8.3360E-07,-4.17480E-01
8.3520E-07,-5.68848E-01
8.3680E-07,-7.00684E-01
8.3840E-07,-7.78809E-01
8.4000E-07,-8.12988E-01
8.4160E-07,-8.12988E-01
8.4320E-07,-7.69043E-01
8.4480E-07,-7.00684E-01
8.4640E-07,-5.83496E-01
8.4800E-07,-4.37012E-01
8.4960E-07,-2.66113E-01
8.5120E-07,-8.54492E-02
8.5280E-07,1.14746E-01
8.5440E-07,2.85645E-01
8.5600E-07,4.32129E-01
8.5760E-07,5.83496E-01
8.5920E-07,7.20215E-01
8.6080E-07,7.88574E-01
8.6240E-07,8.42285E-01
8.6400E-07,8.47168E-01
8.6560E-07,8.17871E-01
8.6720E-07,7.25098E-01
8.6880E-07,6.22559E-01
8.7040E-07,4.80957E-01
8.7200E-07,3.05176E-01
8.7360E-07,1.24512E-01
8.7520E-07,-4.15039E-02
8.7680E-07,-2.36816E-01
8.7840E-07,-4.07715E-01
8.8000E-07,-5.54199E-01
8.8160E-07,-6.86035E-01
8.8320E-07,-7.83691E-01
8.8480E-07,-8.03223E-01
8.8640E-07,-8.22754E-01
8.8800E-07,-7.83691E-01
8.8960E-07,-7.25098E-01
8.9120E-07,-6.03027E-01
8.9280E-07,-4.56543E-01
8.9440E-07,-3.10059E-01
8.9600E-07,-1.24512E-01
8.9760E-07,7.08008E-02
8.9920E-07,2.66113E-01
9.0080E-07,4.27246E-01
9.0240E-07,5.68848E-01
9.0400E-07,6.86035E-01
9.0560E-07,7.88574E-01
9.0720E-07,8.47168E-01
9.0880E-07,8.47168E-01
9.1040E-07,8.22754E-01
9.1200E-07,7.49512E-01
9.1360E-07,6.32324E-01
9.1520E-07,5.00488E-01
9.1680E-07,3.44238E-01
9.1840E-07,1.48926E-01
9.2000E-07,-1.70898E-02
9.2160E-07,-2.17285E-01
9.2320E-07,-3.83301E-01
9.2480E-07,-5.49316E-01
9.2640E-07,-6.61621E-01
9.2800E-07,-7.69043E-01
9.2960E-07,-8.08105E-01
9.3120E-07,-8.22754E-01
9.3280E-07,-7.98340E-01
9.3440E-07,-7.20215E-01
9.3600E-07,-6.22559E-01
9.3760E-07,-4.80957E-01
9.3920E-07,-3.14941E-01
9.4080E-07,-1.39160E-01
9.4240E-07,5.61523E-02
9.4400E-07,2.22168E-01
9.4560E-07,3.97949E-01
9.4720E-07,5.49316E-01
9.4880E-07,6.71387E-01
9.5040E-07,7.73926E-01
9.5200E-07,8.32520E-01
9.5360E-07,8.61816E-01
9.5520E-07,8.22754E-01
9.5680E-07,7.54395E-01
9.5840E-07,6.51855E-01
9.6000E-07,5.20020E-01
9.6160E-07,3.58887E-01
9.6320E-07,1.78223E-01
9.6480E-07,-2.44141E-03
9.6640E-07,-1.92871E-01
9.6800E-07,-3.73535E-01
9.6960E-07,-5.39551E-01
9.7120E-07,-6.76270E-01
9.7280E-07,-7.49512E-01
9.7440E-07,-8.03223E-01
9.7600E-07,-8.27637E-01
9.7760E-07,-7.88574E-01
9.7920E-07,-7.34863E-01
9.8080E-07,-6.27441E-01
9.8240E-07,-5.00488E-01
9.8400E-07,-3.44238E-01
9.8560E-07,-1.78223E-01
9.8720E-07,4.63867E-02
9.8880E-07,1.97754E-01
9.9040E-07,3.73535E-01
9.9200E-07,5.34668E-01
9.9360E-07,6.71387E-01
9.9520E-07,7.54395E-01
9.9680E-07,8.37402E-01
9.9840E-07,8.56934E-01
1.0000E-06,8.32520E-01
1.0016E-06,7.73926E-01
1.0032E-06,6.61621E-01
1.0048E-06,5.24902E-01
1.0064E-06,3.78418E-01
1.0080E-06,2.02637E-01
1.0096E-06,7.32422E-03
1.0112E-06,-1.73340E-01
1.0128E-06,-3.49121E-01
1.0144E-06,-5.15137E-01
1.0160E-06,-6.27441E-01
1.0176E-06,-7.34863E-01
1.0192E-06,-8.08105E-01
1.0208E-06,-8.22754E-01
1.0224E-06,-7.93457E-01
1.0240E-06,-7.59277E-01
1.0256E-06,-6.37207E-01
1.0272E-06,-5.10254E-01
1.0288E-06,-3.63770E-01
1.0304E-06,-1.83105E-01
1.0320E-06,1.22070E-02
1.0336E-06,1.83105E-01
1.0352E-06,3.54004E-01
1.0368E-06,5.29785E-01
1.0384E-06,6.42090E-01
1.0400E-06,7.54395E-01
1.0416E-06,8.27637E-01
1.0432E-06,8.52051E-01
1.0448E-06,8.37402E-01
1.0464E-06,7.69043E-01
1.0480E-06,6.95801E-01
1.0496E-06,5.54199E-01
1.0512E-06,3.93066E-01
1.0528E-06,2.36816E-01
1.0544E-06,2.68555E-02
1.0560E-06,-1.44043E-01
1.0576E-06,-3.24707E-01
1.0592E-06,-4.95605E-01
1.0608E-06,-6.22559E-01
1.0624E-06,-7.29980E-01
1.0640E-06,-7.98340E-01
1.0656E-06,-8.22754E-01
1.0672E-06,-8.17871E-01
1.0688E-06,-7.54395E-01
1.0704E-06,-6.76270E-01
1.0720E-06,-5.34668E-01
1.0736E-06,-3.73535E-01
1.0752E-06,-2.17285E-01
1.0768E-06,-1.22070E-02
1.0784E-06,1.58691E-01
1.0800E-06,3.29590E-01
1.0816E-06,4.80957E-01
1.0832E-06,6.27441E-01
1.0848E-06,7.44629E-01
1.0864E-06,8.08105E-01
1.0880E-06,8.52051E-01
1.0896E-06,8.27637E-01
1.0912E-06,7.88574E-01
1.0928E-06,7.00684E-01
1.0944E-06,5.78613E-01
1.0960E-06,4.17480E-01
1.0976E-06,2.41699E-01
1.0992E-06,5.12695E-02
1.1008E-06,-1.09863E-01
1.1024E-06,-2.85645E-01
1.1040E-06,-4.76074E-01
1.1056E-06,-5.98145E-01
1.1072E-06,-7.15332E-01
1.1088E-06,-7.88574E-01
1.1104E-06,-8.17871E-01
1.1120E-06,-8.22754E-01
1.1136E-06,-7.54395E-01
1.1152E-06,-6.95801E-01
1.1168E-06,-5.54199E-01
1.1184E-06,-4.07715E-01
1.1200E-06,-2.31934E-01
1.1216E-06,-3.66211E-02
1.1232E-06,1.44043E-01
1.1248E-06,3.05176E-01
1.1264E-06,4.80957E-01
1.1280E-06,6.17676E-01
1.1296E-06,7.29980E-01
1.1312E-06,8.03223E-01
1.1328E-06,8.42285E-01
1.1344E-06,8.47168E-01
1.1360E-06,7.93457E-01
1.1376E-06,7.05566E-01
1.1392E-06,6.03027E-01
1.1408E-06,4.37012E-01
1.1424E-06,2.66113E-01
1.1440E-06,7.08008E-02
1.1456E-06,-8.54492E-02
1.1472E-06,-2.80762E-01
1.1488E-06,-4.46777E-01
1.1504E-06,-5.78613E-01
1.1520E-06,-7.00684E-01
1.1536E-06,-7.88574E-01
1.1552E-06,-8.17871E-01
1.1568E-06,-8.22754E-01
1.1584E-06,-7.73926E-01
1.1600E-06,-6.81152E-01
1.1616E-06,-5.78613E-01
1.1632E-06,-4.27246E-01
1.1648E-06,-2.56348E-01
1.1664E-06,-8.05664E-02
1.1680E-06,1.00098E-01
1.1696E-06,2.90527E-01
1.1712E-06,4.61426E-01
1.1728E-06,5.98145E-01
1.1744E-06,7.00684E-01
1.1760E-06,7.93457E-01
1.1776E-06,8.37402E-01
1.1792E-06,8.52051E-01
1.1808E-06,8.12988E-01
1.1824E-06,7.15332E-01
1.1840E-06,6.17676E-01
1.1856E-06,4.61426E-01
1.1872E-06,3.05176E-01
1.1888E-06,1.09863E-01
1.1904E-06,-7.56836E-02
1.1920E-06,-2.66113E-01
1.1936E-06,-4.32129E-01
1.1952E-06,-5.78613E-01
1.1968E-06,-6.81152E-01
1.1984E-06,-7.59277E-01
1.2000E-06,-8.32520E-01
1.2016E-06,-8.03223E-01
1.2032E-06,-7.83691E-01
1.2048E-06,-7.15332E-01
1.2064E-06,-5.93262E-01
1.2080E-06,-4.51660E-01
1.2096E-06,-2.90527E-01
1.2112E-06,-9.03320E-02
1.2128E-06,8.54492E-02
1.2144E-06,2.66113E-01
1.2160E-06,4.46777E-01
1.2176E-06,5.78613E-01
1.2192E-06,7.05566E-01
1.2208E-06,8.03223E-01
1.2224E-06,8.37402E-01
1.2240E-06,8.42285E-01
1.2256E-06,8.22754E-01
1.2272E-06,7.34863E-01
1.2288E-06,6.27441E-01
1.2304E-06,4.80957E-01
1.2320E-06,3.19824E-01
1.2336E-06,1.29395E-01
1.2352E-06,-3.17383E-02
1.2368E-06,-2.41699E-01
1.2384E-06,-3.93066E-01
1.2400E-06,-5.44434E-01
1.2416E-06,-6.81152E-01
1.2432E-06,-7.49512E-01
1.2448E-06,-8.03223E-01
1.2464E-06,-8.32520E-01
1.2480E-06,-7.93457E-01
1.2496E-06,-7.15332E-01
1.2512E-06,-5.98145E-01
1.2528E-06,-4.51660E-01
1.2544E-06,-3.19824E-01
1.2560E-06,-1.19629E-01
1.2576E-06,5.61523E-02
1.2592E-06,2.41699E-01
1.2608E-06,4.12598E-01
1.2624E-06,5.59082E-01
1.2640E-06,6.86035E-01
1.2656E-06,7.88574E-01
1.2672E-06,8.32520E-01
1.2688E-06,8.32520E-01
1.2704E-06,8.12988E-01
1.2720E-06,7.49512E-01
1.2736E-06,6.42090E-01
1.2752E-06,4.90723E-01
1.2768E-06,3.39355E-01
1.2784E-06,1.44043E-01
1.2800E-06,-1.70898E-02
1.2816E-06,-2.12402E-01
1.2832E-06,-3.93066E-01
1.2848E-06,-5.34668E-01
1.2864E-06,-6.76270E-01
1.2880E-06,-7.44629E-01
1.2896E-06,-8.03223E-01
1.2912E-06,-8.27637E-01
1.2928E-06,-8.12988E-01
1.2944E-06,-7.29980E-01
1.2960E-06,-6.07910E-01
1.2976E-06,-4.76074E-01
1.2992E-06,-3.34473E-01
1.3008E-06,-1.53809E-01
1.3024E-06,4.15039E-02
1.3040E-06,2.27051E-01
1.3056E-06,3.83301E-01
1.3072E-06,5.34668E-01
1.3088E-06,6.90918E-01
1.3104E-06,7.69043E-01
1.3120E-06,8.42285E-01
1.3136E-06,8.47168E-01
1.3152E-06,8.52051E-01
1.3168E-06,7.69043E-01
1.3184E-06,6.61621E-01
1.3200E-06,5.20020E-01
1.3216E-06,3.58887E-01
1.3232E-06,1.92871E-01
1.3248E-06,2.44141E-03
1.3264E-06,-1.87988E-01
1.3280E-06,-3.54004E-01
1.3296E-06,-5.10254E-01
1.3312E-06,-6.51855E-01
1.3328E-06,-7.44629E-01
1.3344E-06,-8.03223E-01
1.3360E-06,-8.17871E-01
1.3376E-06,-8.17871E-01
1.3392E-06,-7.29980E-01
1.3408E-06,-6.42090E-01
1.3424E-06,-5.05371E-01
1.3440E-06,-3.44238E-01
1.3456E-06,-1.78223E-01
1.3472E-06,2.68555E-02
1.3488E-06,1.97754E-01
1.3504E-06,3.78418E-01
1.3520E-06,5.39551E-01
1.3536E-06,6.66504E-01
1.3552E-06,7.69043E-01
1.3568E-06,8.27637E-01
1.3584E-06,8.56934E-01
1.3600E-06,8.42285E-01
1.3616E-06,7.69043E-01
1.3632E-06,6.76270E-01
1.3648E-06,5.49316E-01
1.3664E-06,3.83301E-01
1.3680E-06,2.02637E-01
1.3696E-06,3.17383E-02
1.3712E-06,-1.63574E-01
1.3728E-06,-3.39355E-01
1.3744E-06,-4.95605E-01
1.3760E-06,-6.42090E-01
1.3776E-06,-7.34863E-01
1.3792E-06,-8.03223E-01
1.3808E-06,-8.22754E-01
1.3824E-06,-8.22754E-01
1.3840E-06,-7.39746E-01
1.3856E-06,-6.37207E-01
1.3872E-06,-5.15137E-01
1.3888E-06,-3.63770E-01
1.3904E-06,-1.97754E-01
1.3920E-06,-2.19727E-02
1.3936E-06,1.68457E-01
1.3952E-06,3.39355E-01
1.3968E-06,5.15137E-01
1.3984E-06,6.51855E-01
1.4000E-06,7.54395E-01
1.4016E-06,8.08105E-01
1.4032E-06,8.56934E-01
1.4048E-06,8.42285E-01
1.4064E-06,7.98340E-01
1.4080E-06,6.90918E-01
1.4096E-06,5.68848E-01
1.4112E-06,4.02832E-01
1.4128E-06,2.27051E-01
1.4144E-06,3.66211E-02
1.4160E-06,-1.34277E-01
1.4176E-06,-3.19824E-01
1.4192E-06,-4.85840E-01
1.4208E-06,-6.37207E-01
1.4224E-06,-7.20215E-01
1.4240E-06,-7.88574E-01
1.4256E-06,-8.22754E-01
1.4272E-06,-8.03223E-01
1.4288E-06,-7.54395E-01
1.4304E-06,-6.86035E-01
1.4320E-06,-5.34668E-01
1.4336E-06,-3.88184E-01
1.4352E-06,-2.07520E-01
1.4368E-06,-3.17383E-02
1.4384E-06,1.44043E-01
1.4400E-06,3.19824E-01
1.4416E-06,4.80957E-01
1.4432E-06,6.37207E-01
1.4448E-06,7.44629E-01
1.4464E-06,8.08105E-01
1.4480E-06,8.61816E-01
1.4496E-06,8.32520E-01
1.4512E-06,7.93457E-01
1.4528E-06,6.86035E-01
1.4544E-06,5.73730E-01
1.4560E-06,4.22363E-01
1.4576E-06,2.46582E-01
1.4592E-06,6.10352E-02
1.4608E-06,-1.00098E-01
1.4624E-06,-2.95410E-01
1.4640E-06,-4.66309E-01
1.4656E-06,-6.17676E-01
1.4672E-06,-7.25098E-01
1.4688E-06,-7.78809E-01
1.4704E-06,-8.22754E-01
1.4720E-06,-8.03223E-01
1.4736E-06,-7.59277E-01
1.4752E-06,-6.86035E-01
1.4768E-06,-5.59082E-01
1.4784E-06,-4.12598E-01
1.4800E-06,-2.46582E-01
1.4816E-06,-6.10352E-02
1.4832E-06,1.19629E-01
1.4848E-06,3.10059E-01
1.4864E-06,4.66309E-01
1.4880E-06,6.17676E-01
1.4896E-06,7.05566E-01
1.4912E-06,8.08105E-01
1.4928E-06,8.52051E-01
1.4944E-06,8.42285E-01
1.4960E-06,8.03223E-01
1.4976E-06,7.00684E-01
1.4992E-06,5.98145E-01
1.5008E-06,4.46777E-01
1.5024E-06,2.75879E-01
1.5040E-06,1.09863E-01
1.5056E-06,-9.03320E-02
1.5072E-06,-2.70996E-01
1.5088E-06,-4.32129E-01
1.5104E-06,-5.78613E-01
1.5120E-06,-6.95801E-01
1.5136E-06,-7.59277E-01
1.5152E-06,-8.22754E-01
1.5168E-06,-8.22754E-01
1.5184E-06,-7.88574E-01
1.5200E-06,-6.86035E-01
1.5216E-06,-5.68848E-01
1.5232E-06,-4.37012E-01
1.5248E-06,-2.56348E-01
1.5264E-06,-8.54492E-02
1.5280E-06,1.19629E-01
1.5296E-06,2.80762E-01
1.5312E-06,4.51660E-01
1.5328E-06,5.93262E-01
1.5344E-06,7.00684E-01
1.5360E-06,8.12988E-01
1.5376E-06,8.47168E-01
1.5392E-06,8.47168E-01
1.5408E-06,8.03223E-01
1.5424E-06,7.29980E-01
1.5440E-06,6.12793E-01
1.5456E-06,4.76074E-01
1.5472E-06,3.00293E-01
1.5488E-06,1.04980E-01
1.5504E-06,-6.10352E-02
1.5520E-06,-2.31934E-01
1.5536E-06,-4.27246E-01
1.5552E-06,-5.63965E-01
1.5568E-06,-6.90918E-01
1.5584E-06,-7.69043E-01
1.5600E-06,-8.17871E-01
1.5616E-06,-8.17871E-01
1.5632E-06,-7.83691E-01
1.5648E-06,-7.05566E-01
1.5664E-06,-5.83496E-01
1.5680E-06,-4.61426E-01
1.5696E-06,-2.85645E-01
1.5712E-06,-1.04980E-01
1.5728E-06,9.03320E-02
1.5744E-06,2.56348E-01
1.5760E-06,4.37012E-01
1.5776E-06,5.68848E-01
1.5792E-06,6.95801E-01
1.5808E-06,7.88574E-01
1.5824E-06,8.37402E-01
1.5840E-06,8.47168E-01
1.5856E-06,8.12988E-01
1.5872E-06,7.34863E-01
1.5888E-06,6.37207E-01
1.5904E-06,4.95605E-01
1.5920E-06,3.10059E-01
1.5936E-06,1.24512E-01
1.5952E-06,-4.63867E-02
1.5968E-06,-2.17285E-01
1.5984E-06,-3.97949E-01
1.6000E-06,-5.49316E-01
1.6016E-06,-6.76270E-01
1.6032E-06,-7.54395E-01
1.6048E-06,-8.12988E-01
1.6064E-06,-8.12988E-01
1.6080E-06,-7.88574E-01
1.6096E-06,-7.05566E-01
1.6112E-06,-6.17676E-01
1.6128E-06,-4.90723E-01
1.6144E-06,-3.10059E-01
1.6160E-06,-1.53809E-01
1.6176E-06,5.61523E-02
1.6192E-06,2.27051E-01
1.6208E-06,4.02832E-01
1.6224E-06,5.63965E-01
1.6240E-06,6.86035E-01
1.6256E-06,7.78809E-01
1.6272E-06,8.42285E-01
1.6288E-06,8.56934E-01
1.6304E-06,8.37402E-01
1.6320E-06,7.54395E-01
1.6336E-06,6.46973E-01
1.6352E-06,5.10254E-01
1.6368E-06,3.54004E-01
1.6384E-06,1.53809E-01
1.6400E-06,-1.70898E-02
1.6416E-06,-1.97754E-01
1.6432E-06,-3.68652E-01
1.6448E-06,-5.34668E-01
1.6464E-06,-6.61621E-01
1.6480E-06,-7.44629E-01
1.6496E-06,-7.98340E-01
1.6512E-06,-8.27637E-01
1.6528E-06,-7.88574E-01
1.6544E-06,-7.25098E-01
1.6560E-06,-6.27441E-01
1.6576E-06,-4.95605E-01
1.6592E-06,-3.39355E-01
1.6608E-06,-1.68457E-01
1.6624E-06,1.70898E-02
1.6640E-06,1.97754E-01
1.6656E-06,3.88184E-01
1.6672E-06,5.39551E-01
1.6688E-06,6.61621E-01
1.6704E-06,7.73926E-01
1.6720E-06,8.22754E-01
1.6736E-06,8.42285E-01
1.6752E-06,8.37402E-01
1.6768E-06,7.69043E-01
1.6784E-06,6.46973E-01
1.6800E-06,5.34668E-01
1.6816E-06,3.68652E-01
1.6832E-06,1.97754E-01
1.6848E-06,2.44141E-03
1.6864E-06,-1.78223E-01
1.6880E-06,-3.54004E-01
1.6896E-06,-5.20020E-01
1.6912E-06,-6.32324E-01
1.6928E-06,-7.49512E-01
1.6944E-06,-8.17871E-01
1.6960E-06,-8.37402E-01
1.6976E-06,-8.03223E-01
1.6992E-06,-7.20215E-01
1.7008E-06,-6.22559E-01
1.7024E-06,-5.10254E-01
1.7040E-06,-3.63770E-01
1.7056E-06,-1.87988E-01
1.7072E-06,-2.44141E-03
1.7088E-06,1.87988E-01
1.7104E-06,3.49121E-01
1.7120E-06,5.10254E-01
1.7136E-06,6.46973E-01
1.7152E-06,7.49512E-01
1.7168E-06,8.17871E-01
1.7184E-06,8.47168E-01
1.7200E-06,8.32520E-01
1.7216E-06,7.73926E-01
1.7232E-06,6.81152E-01
1.7248E-06,5.59082E-01
1.7264E-06,3.97949E-01
1.7280E-06,2.07520E-01
1.7296E-06,2.19727E-02
1.7312E-06,-1.44043E-01
1.7328E-06,-3.34473E-01
1.7344E-06,-4.80957E-01
1.7360E-06,-6.27441E-01
1.7376E-06,-7.34863E-01
1.7392E-06,-7.98340E-01
1.7408E-06,-8.27637E-01
1.7424E-06,-8.17871E-01
1.7440E-06,-7.44629E-01
1.7456E-06,-6.56738E-01
1.7472E-06,-5.39551E-01
1.7488E-06,-3.78418E-01
1.7504E-06,-2.27051E-01
1.7520E-06,-2.19727E-02
1.7536E-06,1.58691E-01
1.7552E-06,3.44238E-01
1.7568E-06,5.00488E-01
1.7584E-06,6.32324E-01
1.7600E-06,7.49512E-01
1.7616E-06,8.17871E-01
1.7632E-06,8.47168E-01
1.7648E-06,8.27637E-01
1.7664E-06,7.73926E-01
1.7680E-06,6.86035E-01
1.7696E-06,5.73730E-01
1.7712E-06,4.07715E-01
1.7728E-06,2.36816E-01
1.7744E-06,5.61523E-02
1.7760E-06,-1.24512E-01
1.7776E-06,-2.95410E-01
1.7792E-06,-4.85840E-01
1.7808E-06,-6.17676E-01
1.7824E-06,-7.34863E-01
1.7840E-06,-7.88574E-01
1.7856E-06,-8.12988E-01
1.7872E-06,-8.03223E-01
1.7888E-06,-7.59277E-01
1.7904E-06,-6.66504E-01
1.7920E-06,-5.59082E-01
1.7936E-06,-3.97949E-01
1.7952E-06,-2.36816E-01
1.7968E-06,-2.68555E-02
1.7984E-06,1.44043E-01
1.8000E-06,3.19824E-01
1.8016E-06,4.76074E-01
1.8032E-06,6.17676E-01
1.8048E-06,7.34863E-01
1.8064E-06,8.08105E-01
1.8080E-06,8.47168E-01
1.8096E-06,8.32520E-01
1.8112E-06,7.88574E-01
1.8128E-06,6.90918E-01
1.8144E-06,5.88379E-01
1.8160E-06,4.32129E-01
1.8176E-06,2.61230E-01
1.8192E-06,7.56836E-02
1.8208E-06,-1.19629E-01
1.8224E-06,-2.75879E-01
1.8240E-06,-4.61426E-01
1.8256E-06,-6.07910E-01
1.8272E-06,-7.10449E-01
1.8288E-06,-7.83691E-01
1.8304E-06,-8.22754E-01
1.8320E-06,-8.08105E-01
1.8336E-06,-7.69043E-01
1.8352E-06,-6.81152E-01
1.8368E-06,-5.73730E-01
1.8384E-06,-4.07715E-01
1.8400E-06,-2.46582E-01
1.8416E-06,-8.05664E-02
1.8432E-06,1.19629E-01
1.8448E-06,2.90527E-01
1.8464E-06,4.56543E-01
1.8480E-06,6.07910E-01
1.8496E-06,7.15332E-01
1.8512E-06,8.08105E-01
1.8528E-06,8.61816E-01
1.8544E-06,8.61816E-01
1.8560E-06,7.88574E-01
1.8576E-06,7.15332E-01
1.8592E-06,5.93262E-01
1.8608E-06,4.56543E-01
1.8624E-06,2.66113E-01
1.8640E-06,9.52148E-02
1.8656E-06,-8.54492E-02
1.8672E-06,-2.61230E-01
1.8688E-06,-4.17480E-01
1.8704E-06,-5.73730E-01
1.8720E-06,-7.15332E-01
1.8736E-06,-7.73926E-01
1.8752E-06,-8.12988E-01
1.8768E-06,-8.22754E-01
1.8784E-06,-7.78809E-01
1.8800E-06,-7.00684E-01
1.8816E-06,-5.93262E-01
1.8832E-06,-4.46777E-01
1.8848E-06,-2.85645E-01
1.8864E-06,-1.00098E-01
1.8880E-06,9.03320E-02
1.8896E-06,2.66113E-01
1.8912E-06,4.32129E-01
1.8928E-06,5.93262E-01
1.8944E-06,7.05566E-01
1.8960E-06,7.93457E-01
1.8976E-06,8.56934E-01
1.8992E-06,8.42285E-01
1.9008E-06,8.03223E-01
1.9024E-06,7.20215E-01
1.9040E-06,6.17676E-01
1.9056E-06,4.80957E-01
1.9072E-06,3.05176E-01
1.9088E-06,1.14746E-01
1.9104E-06,-5.61523E-02
1.9120E-06,-2.36816E-01
1.9136E-06,-4.12598E-01
1.9152E-06,-5.68848E-01
1.9168E-06,-6.76270E-01
1.9184E-06,-7.69043E-01
1.9200E-06,-8.03223E-01
1.9216E-06,-8.17871E-01
1.9232E-06,-7.88574E-01
1.9248E-06,-7.00684E-01
1.9264E-06,-6.07910E-01
1.9280E-06,-4.51660E-01
1.9296E-06,-3.00293E-01
1.9312E-06,-1.29395E-01
1.9328E-06,7.08008E-02
1.9344E-06,2.51465E-01
1.9360E-06,4.17480E-01
1.9376E-06,5.63965E-01
1.9392E-06,6.81152E-01
1.9408E-06,7.83691E-01
1.9424E-06,8.42285E-01
1.9440E-06,8.71582E-01
1.9456E-06,8.08105E-01
1.9472E-06,7.34863E-01
1.9488E-06,6.37207E-01
1.9504E-06,4.90723E-01
1.9520E-06,3.39355E-01
1.9536E-06,1.48926E-01
1.9552E-06,-3.66211E-02
1.9568E-06,-2.17285E-01
1.9584E-06,-3.97949E-01
1.9600E-06,-5.39551E-01
1.9616E-06,-6.51855E-01
1.9632E-06,-7.54395E-01
1.9648E-06,-8.08105E-01
1.9664E-06,-8.37402E-01
1.9680E-06,-7.93457E-01
1.9696E-06,-7.29980E-01
1.9712E-06,-6.22559E-01
1.9728E-06,-4.76074E-01
1.9744E-06,-3.05176E-01
1.9760E-06,-1.53809E-01
1.9776E-06,4.63867E-02
1.9792E-06,2.27051E-01
1.9808E-06,4.02832E-01
1.9824E-06,5.39551E-01
1.9840E-06,6.66504E-01
1.9856E-06,7.83691E-01
1.9872E-06,8.27637E-01
1.9888E-06,8.52051E-01
1.9904E-06,8.22754E-01
1.9920E-06,7.54395E-01
1.9936E-06,6.61621E-01
1.9952E-06,5.00488E-01
1.9968E-06,3.58887E-01
1.9984E-06,1.73340E-01
2.0000E-06,-7.32422E-03
2.0016E-06,-1.97754E-01
2.0032E-06,-3.68652E-01
2.0048E-06,-5.29785E-01
2.0064E-06,-6.56738E-01
2.0080E-06,-7.54395E-01
2.0096E-06,-8.08105E-01
2.0112E-06,-8.22754E-01
2.0128E-06,-7.98340E-01
2.0144E-06,-7.39746E-01
2.0160E-06,-6.27441E-01
2.0176E-06,-5.00488E-01
2.0192E-06,-3.29590E-01
2.0208E-06,-1.68457E-01
2.0224E-06,2.19727E-02
2.0240E-06,2.02637E-01
2.0256E-06,3.83301E-01
2.0272E-06,5.20020E-01
2.0288E-06,6.71387E-01
2.0304E-06,7.64160E-01
2.0320E-06,8.42285E-01
2.0336E-06,8.61816E-01
2.0352E-06,8.22754E-01
2.0368E-06,7.69043E-01
2.0384E-06,6.56738E-01
2.0400E-06,5.44434E-01
2.0416E-06,3.88184E-01
2.0432E-06,2.07520E-01
2.0448E-06,1.70898E-02
2.0464E-06,-1.53809E-01
2.0480E-06,-3.44238E-01
2.0496E-06,-5.20020E-01
2.0512E-06,-6.42090E-01
2.0528E-06,-7.29980E-01
2.0544E-06,-8.03223E-01
2.0560E-06,-8.27637E-01
2.0576E-06,-8.03223E-01
2.0592E-06,-7.39746E-01
2.0608E-06,-6.61621E-01
2.0624E-06,-5.20020E-01
2.0640E-06,-3.73535E-01
2.0656E-06,-1.87988E-01
2.0672E-06,2.44141E-03
2.0688E-06,1.78223E-01
2.0704E-06,3.58887E-01
2.0720E-06,4.95605E-01
2.0736E-06,6.42090E-01
2.0752E-06,7.49512E-01
2.0768E-06,8.32520E-01
2.0784E-06,8.52051E-01
2.0800E-06,8.37402E-01
2.0816E-06,7.69043E-01
2.0832E-06,6.81152E-01
2.0848E-06,5.59082E-01
2.0864E-06,3.93066E-01
2.0880E-06,2.12402E-01
2.0896E-06,3.66211E-02
2.0912E-06,-1.29395E-01
2.0928E-06,-3.14941E-01
2.0944E-06,-4.76074E-01
2.0960E-06,-6.17676E-01
2.0976E-06,-7.20215E-01
2.0992E-06,-7.93457E-01
2.1008E-06,-8.17871E-01
2.1024E-06,-8.08105E-01
2.1040E-06,-7.44629E-01
2.1056E-06,-6.56738E-01
2.1072E-06,-5.39551E-01
2.1088E-06,-3.88184E-01
2.1104E-06,-2.17285E-01
2.1120E-06,-3.66211E-02
2.1136E-06,1.63574E-01
2.1152E-06,3.29590E-01
2.1168E-06,4.90723E-01
2.1184E-06,6.56738E-01
2.1200E-06,7.49512E-01
2.1216E-06,8.22754E-01
2.1232E-06,8.52051E-01
2.1248E-06,8.52051E-01
2.1264E-06,7.83691E-01
2.1280E-06,6.90918E-01
2.1296E-06,5.78613E-01
2.1312E-06,4.22363E-01
2.1328E-06,2.51465E-01
2.1344E-06,6.59180E-02
2.1360E-06,-1.19629E-01
2.1376E-06,-3.14941E-01
2.1392E-06,-4.71191E-01
2.1408E-06,-6.07910E-01
2.1424E-06,-7.15332E-01
2.1440E-06,-7.98340E-01
2.1456E-06,-8.17871E-01
2.1472E-06,-8.17871E-01
2.1488E-06,-7.78809E-01
2.1504E-06,-6.71387E-01
2.1520E-06,-5.59082E-01
2.1536E-06,-3.97949E-01
2.1552E-06,-2.36816E-01
2.1568E-06,-7.08008E-02
2.1584E-06,1.39160E-01
2.1600E-06,3.19824E-01
2.1616E-06,4.76074E-01
2.1632E-06,6.17676E-01
2.1648E-06,7.34863E-01
2.1664E-06,8.12988E-01
2.1680E-06,8.27637E-01
2.1696E-06,8.42285E-01
2.1712E-06,7.93457E-01
2.1728E-06,7.20215E-01
2.1744E-06,5.93262E-01
2.1760E-06,4.32129E-01
2.1776E-06,2.80762E-01
2.1792E-06,7.56836E-02
2.1808E-06,-1.00098E-01
2.1824E-06,-2.80762E-01
2.1840E-06,-4.51660E-01
2.1856E-06,-5.88379E-01
2.1872E-06,-7.15332E-01
2.1888E-06,-7.83691E-01
2.1904E-06,-8.22754E-01
2.1920E-06,-8.08105E-01
2.1936E-06,-7.64160E-01
2.1952E-06,-6.71387E-01
2.1968E-06,-5.73730E-01
2.1984E-06,-4.02832E-01
2.2000E-06,-2.51465E-01
2.2016E-06,-9.03320E-02
2.2032E-06,9.52148E-02
2.2048E-06,2.85645E-01
2.2064E-06,4.37012E-01
2.2080E-06,5.78613E-01
2.2096E-06,7.20215E-01
2.2112E-06,7.93457E-01
2.2128E-06,8.61816E-01
2.2144E-06,8.47168E-01
2.2160E-06,8.03223E-01
2.2176E-06,7.29980E-01
2.2192E-06,6.03027E-01
2.2208E-06,4.80957E-01
2.2224E-06,2.95410E-01
2.2240E-06,1.04980E-01
2.2256E-06,-6.10352E-02
2.2272E-06,-2.56348E-01
2.2288E-06,-4.27246E-01
2.2304E-06,-5.68848E-01
2.2320E-06,-6.90918E-01
2.2336E-06,-7.73926E-01
2.2352E-06,-8.08105E-01
2.2368E-06,-8.22754E-01
2.2384E-06,-7.83691E-01
2.2400E-06,-6.95801E-01
2.2416E-06,-5.73730E-01
2.2432E-06,-4.56543E-01
2.2448E-06,-2.90527E-01
2.2464E-06,-1.09863E-01
2.2480E-06,7.56836E-02
2.2496E-06,2.66113E-01
2.2512E-06,4.37012E-01
2.2528E-06,5.83496E-01
2.2544E-06,7.10449E-01
2.2560E-06,7.88574E-01
2.2576E-06,8.27637E-01
2.2592E-06,8.32520E-01
2.2608E-06,8.08105E-01
2.2624E-06,7.39746E-01
2.2640E-06,6.27441E-01
2.2656E-06,4.85840E-01
2.2672E-06,3.19824E-01
2.2688E-06,1.39160E-01
2.2704E-06,-3.66211E-02
2.2720E-06,-2.31934E-01
2.2736E-06,-3.97949E-01
2.2752E-06,-5.54199E-01
2.2768E-06,-6.66504E-01
2.2784E-06,-7.64160E-01
2.2800E-06,-8.22754E-01
2.2816E-06,-8.22754E-01
2.2832E-06,-7.88574E-01
2.2848E-06,-7.20215E-01
2.2864E-06,-6.07910E-01
2.2880E-06,-4.66309E-01
2.2896E-06,-3.05176E-01
2.2912E-06,-1.44043E-01
2.2928E-06,4.15039E-02
2.2944E-06,2.56348E-01
2.2960E-06,4.02832E-01
2.2976E-06,5.54199E-01
2.2992E-06,6.90918E-01
2.3008E-06,7.88574E-01
2.3024E-06,8.27637E-01
2.3040E-06,8.56934E-01
2.3056E-06,8.27637E-01
2.3072E-06,7.49512E-01
2.3088E-06,6.42090E-01
2.3104E-06,5.00488E-01
2.3120E-06,3.39355E-01
2.3136E-06,1.53809E-01
2.3152E-06,-7.32422E-03
2.3168E-06,-1.97754E-01
2.3184E-06,-3.83301E-01
2.3200E-06,-5.29785E-01
2.3216E-06,-6.76270E-01
2.3232E-06,-7.73926E-01
2.3248E-06,-8.12988E-01
2.3264E-06,-8.22754E-01
2.3280E-06,-7.88574E-01
2.3296E-06,-7.34863E-01
2.3312E-06,-6.27441E-01
2.3328E-06,-4.90723E-01
2.3344E-06,-3.19824E-01
2.3360E-06,-1.58691E-01
2.3376E-06,4.63867E-02
2.3392E-06,2.17285E-01
2.3408E-06,3.83301E-01
2.3424E-06,5.44434E-01
2.3440E-06,6.66504E-01
2.3456E-06,7.64160E-01
2.3472E-06,8.22754E-01
2.3488E-06,8.47168E-01
2.3504E-06,8.37402E-01
2.3520E-06,7.54395E-01
2.3536E-06,6.51855E-01
2.3552E-06,5.44434E-01
2.3568E-06,3.78418E-01
2.3584E-06,1.83105E-01
2.3600E-06,1.22070E-02
2.3616E-06,-1.83105E-01
2.3632E-06,-3.54004E-01
2.3648E-06,-5.00488E-01
2.3664E-06,-6.42090E-01
2.3680E-06,-7.39746E-01
2.3696E-06,-8.08105E-01
2.3712E-06,-8.27637E-01
2.3728E-06,-8.03223E-01
2.3744E-06,-7.44629E-01
2.3760E-06,-6.42090E-01
2.3776E-06,-5.15137E-01
2.3792E-06,-3.39355E-01
2.3808E-06,-1.78223E-01
2.3824E-06,2.19727E-02
2.3840E-06,1.97754E-01
2.3856E-06,3.68652E-01
2.3872E-06,5.24902E-01
2.3888E-06,6.61621E-01
2.3904E-06,7.64160E-01
2.3920E-06,8.32520E-01
2.3936E-06,8.47168E-01
2.3952E-06,8.37402E-01
2.3968E-06,7.69043E-01
2.3984E-06,6.76270E-01
2.4000E-06,5.39551E-01
2.4016E-06,3.93066E-01
2.4032E-06,2.17285E-01
2.4048E-06,2.19727E-02
2.4064E-06,-1.53809E-01
2.4080E-06,-3.34473E-01
2.4096E-06,-5.00488E-01
2.4112E-06,-6.27441E-01
2.4128E-06,-7.29980E-01
2.4144E-06,-8.08105E-01
2.4160E-06,-8.22754E-01
2.4176E-06,-8.03223E-01
2.4192E-06,-7.59277E-01
2.4208E-06,-6.51855E-01
2.4224E-06,-5.29785E-01
2.4240E-06,-3.73535E-01
2.4256E-06,-2.12402E-01
2.4272E-06,-7.32422E-03
2.4288E-06,1.68457E-01
2.4304E-06,3.44238E-01
2.4320E-06,4.95605E-01
2.4336E-06,6.46973E-01
2.4352E-06,7.59277E-01
2.4368E-06,8.22754E-01
2.4384E-06,8.47168E-01
2.4400E-06,8.37402E-01
2.4416E-06,7.88574E-01
2.4432E-06,6.90918E-01
2.4448E-06,5.68848E-01
2.4464E-06,4.12598E-01
2.4480E-06,2.22168E-01
2.4496E-06,4.63867E-02
2.4512E-06,-1.34277E-01
2.4528E-06,-3.19824E-01
2.4544E-06,-4.90723E-01
2.4560E-06,-6.07910E-01
2.4576E-06,-7.29980E-01
2.4592E-06,-7.93457E-01
2.4608E-06,-8.08105E-01
2.4624E-06,-8.12988E-01
2.4640E-06,-7.64160E-01
2.4656E-06,-6.61621E-01
2.4672E-06,-5.34668E-01
2.4688E-06,-3.93066E-01
2.4704E-06,-2.22168E-01
2.4720E-06,-4.15039E-02
2.4736E-06,1.44043E-01
2.4752E-06,3.24707E-01
2.4768E-06,4.85840E-01
2.4784E-06,6.27441E-01
2.4800E-06,7.44629E-01
2.4816E-06,8.12988E-01
2.4832E-06,8.56934E-01
2.4848E-06,8.27637E-01
2.4864E-06,7.83691E-01
2.4880E-06,6.95801E-01
2.4896E-06,5.63965E-01
2.4912E-06,4.22363E-01
2.4928E-06,2.56348E-01
2.4944E-06,6.10352E-02
2.4960E-06,-1.00098E-01
2.4976E-06,-3.00293E-01
2.4992E-06,-4.80957E-01
2.5008E-06,-5.93262E-01
2.5024E-06,-7.15332E-01
2.5040E-06,-7.88574E-01
2.5056E-06,-8.17871E-01
2.5072E-06,-8.03223E-01
2.5088E-06,-7.73926E-01
2.5104E-06,-6.90918E-01
2.5120E-06,-5.63965E-01
2.5136E-06,-4.07715E-01
2.5152E-06,-2.51465E-01
2.5168E-06,-6.59180E-02
2.5184E-06,1.19629E-01
2.5200E-06,3.00293E-01
2.5216E-06,4.66309E-01
2.5232E-06,6.07910E-01
2.5248E-06,7.10449E-01
2.5264E-06,8.08105E-01
2.5280E-06,8.42285E-01
2.5296E-06,8.42285E-01
2.5312E-06,8.12988E-01
2.5328E-06,7.15332E-01
2.5344E-06,5.98145E-01
2.5360E-06,4.61426E-01
2.5376E-06,2.70996E-01
2.5392E-06,1.14746E-01
2.5408E-06,-8.54492E-02
2.5424E-06,-2.66113E-01
2.5440E-06,-4.22363E-01
2.5456E-06,-5.78613E-01
2.5472E-06,-7.00684E-01
2.5488E-06,-7.73926E-01
2.5504E-06,-8.17871E-01
2.5520E-06,-8.22754E-01
2.5536E-06,-7.83691E-01
2.5552E-06,-6.86035E-01
2.5568E-06,-5.73730E-01
2.5584E-06,-4.32129E-01
2.5600E-06,-2.75879E-01
2.5616E-06,-7.08008E-02
2.5632E-06,1.00098E-01
2.5648E-06,2.80762E-01
2.5664E-06,4.56543E-01
2.5680E-06,5.88379E-01
2.5696E-06,7.15332E-01
2.5712E-06,8.03223E-01
2.5728E-06,8.52051E-01
2.5744E-06,8.47168E-01
2.5760E-06,8.08105E-01
2.5776E-06,7.25098E-01
2.5792E-06,6.07910E-01
2.5808E-06,4.80957E-01
2.5824E-06,3.05176E-01
2.5840E-06,1.14746E-01
2.5856E-06,-6.10352E-02
2.5872E-06,-2.51465E-01
2.5888E-06,-4.17480E-01
2.5904E-06,-5.54199E-01
2.5920E-06,-6.86035E-01
2.5936E-06,-7.59277E-01
2.5952E-06,-8.12988E-01
2.5968E-06,-8.22754E-01
2.5984E-06,-7.88574E-01
2.6000E-06,-7.05566E-01
2.6016E-06,-6.03027E-01
2.6032E-06,-4.51660E-01
2.6048E-06,-2.95410E-01
2.6064E-06,-1.09863E-01
2.6080E-06,7.08008E-02
2.6096E-06,2.61230E-01
2.6112E-06,4.22363E-01
2.6128E-06,5.63965E-01
2.6144E-06,6.95801E-01
2.6160E-06,8.03223E-01
2.6176E-06,8.42285E-01
2.6192E-06,8.61816E-01
2.6208E-06,8.22754E-01
2.6224E-06,7.39746E-01
2.6240E-06,6.22559E-01
2.6256E-06,4.85840E-01
2.6272E-06,3.05176E-01
2.6288E-06,1.34277E-01
2.6304E-06,-4.15039E-02
2.6320E-06,-2.27051E-01
2.6336E-06,-4.02832E-01
2.6352E-06,-5.34668E-01
2.6368E-06,-6.76270E-01
2.6384E-06,-7.73926E-01
2.6400E-06,-8.08105E-01
2.6416E-06,-8.12988E-01
2.6432E-06,-8.03223E-01
2.6448E-06,-7.20215E-01
2.6464E-06,-6.22559E-01
2.6480E-06,-4.51660E-01
2.6496E-06,-3.19824E-01
2.6512E-06,-1.39160E-01
2.6528E-06,6.59180E-02
2.6544E-06,2.31934E-01
2.6560E-06,4.07715E-01
2.6576E-06,5.49316E-01
2.6592E-06,7.00684E-01
2.6608E-06,7.83691E-01
2.6624E-06,8.32520E-01
2.6640E-06,8.47168E-01
2.6656E-06,8.22754E-01
2.6672E-06,7.59277E-01
2.6688E-06,6.46973E-01
2.6704E-06,5.10254E-01
2.6720E-06,3.49121E-01
2.6736E-06,1.53809E-01
2.6752E-06,-7.32422E-03
2.6768E-06,-2.12402E-01
2.6784E-06,-3.83301E-01
2.6800E-06,-5.20020E-01
2.6816E-06,-6.51855E-01
2.6832E-06,-7.44629E-01
2.6848E-06,-8.08105E-01
2.6864E-06,-8.32520E-01
2.6880E-06,-8.03223E-01
2.6896E-06,-7.29980E-01
2.6912E-06,-6.17676E-01
2.6928E-06,-5.00488E-01
2.6944E-06,-3.39355E-01
2.6960E-06,-1.68457E-01
2.6976E-06,2.19727E-02
2.6992E-06,2.12402E-01
2.7008E-06,3.68652E-01
2.7024E-06,5.29785E-01
2.7040E-06,6.71387E-01
2.7056E-06,7.88574E-01
2.7072E-06,8.27637E-01
2.7088E-06,8.52051E-01
2.7104E-06,8.22754E-01
2.7120E-06,7.64160E-01
2.7136E-06,6.61621E-01
2.7152E-06,5.34668E-01
2.7168E-06,3.78418E-01
2.7184E-06,1.92871E-01
2.7200E-06,1.22070E-02
2.7216E-06,-1.87988E-01
2.7232E-06,-3.54004E-01
2.7248E-06,-5.20020E-01
2.7264E-06,-6.42090E-01
2.7280E-06,-7.54395E-01
2.7296E-06,-8.12988E-01
2.7312E-06,-8.37402E-01
2.7328E-06,-8.12988E-01
2.7344E-06,-7.34863E-01
2.7360E-06,-6.42090E-01
2.7376E-06,-5.10254E-01
2.7392E-06,-3.58887E-01
2.7408E-06,-1.92871E-01
2.7424E-06,2.44141E-03
2.7440E-06,1.92871E-01
2.7456E-06,3.58887E-01
2.7472E-06,5.20020E-01
2.7488E-06,6.37207E-01
2.7504E-06,7.64160E-01
2.7520E-06,8.12988E-01
2.7536E-06,8.61816E-01
2.7552E-06,8.37402E-01
2.7568E-06,7.83691E-01
2.7584E-06,6.90918E-01
2.7600E-06,5.54199E-01
2.7616E-06,3.97949E-01
2.7632E-06,2.17285E-01
2.7648E-06,4.63867E-02
2.7664E-06,-1.63574E-01
2.7680E-06,-3.29590E-01
2.7696E-06,-4.85840E-01
2.7712E-06,-6.37207E-01
2.7728E-06,-7.29980E-01
2.7744E-06,-7.88574E-01
2.7760E-06,-8.22754E-01
2.7776E-06,-7.98340E-01
2.7792E-06,-7.64160E-01
2.7808E-06,-6.61621E-01
2.7824E-06,-5.24902E-01
2.7840E-06,-3.83301E-01
2.7856E-06,-2.12402E-01
2.7872E-06,-3.66211E-02
2.7888E-06,1.63574E-01
2.7904E-06,3.44238E-01
2.7920E-06,5.10254E-01
2.7936E-06,6.42090E-01
2.7952E-06,7.49512E-01
2.7968E-06,8.03223E-01
2.7984E-06,8.47168E-01
2.8000E-06,8.37402E-01
2.8016E-06,7.78809E-01
2.8032E-06,6.95801E-01
2.8048E-06,5.78613E-01
2.8064E-06,4.12598E-01
2.8080E-06,2.41699E-01
2.8096E-06,4.63867E-02
2.8112E-06,-1.29395E-01
2.8128E-06,-3.00293E-01
2.8144E-06,-4.56543E-01
2.8160E-06,-6.12793E-01
2.8176E-06,-7.29980E-01
2.8192E-06,-7.93457E-01
2.8208E-06,-8.22754E-01
2.8224E-06,-8.08105E-01
2.8240E-06,-7.64160E-01
2.8256E-06,-6.71387E-01
2.8272E-06,-5.39551E-01
2.8288E-06,-3.88184E-01
2.8304E-06,-2.31934E-01
2.8320E-06,-6.10352E-02
2.8336E-06,1.29395E-01
2.8352E-06,3.10059E-01
2.8368E-06,4.71191E-01
2.8384E-06,6.27441E-01
2.8400E-06,7.34863E-01
2.8416E-06,8.12988E-01
2.8432E-06,8.56934E-01
2.8448E-06,8.47168E-01
2.8464E-06,8.03223E-01
2.8480E-06,7.10449E-01
2.8496E-06,5.98145E-01
2.8512E-06,4.32129E-01
2.8528E-06,2.51465E-01
2.8544E-06,7.56836E-02
2.8560E-06,-1.04980E-01
2.8576E-06,-2.85645E-01
2.8592E-06,-4.51660E-01
2.8608E-06,-5.98145E-01
2.8624E-06,-7.10449E-01
2.8640E-06,-7.73926E-01
2.8656E-06,-8.12988E-01
2.8672E-06,-8.17871E-01
2.8688E-06,-7.69043E-01
2.8704E-06,-6.81152E-01
2.8720E-06,-5.59082E-01
2.8736E-06,-4.32129E-01
2.8752E-06,-2.56348E-01
2.8768E-06,-9.03320E-02
2.8784E-06,1.04980E-01
2.8800E-06,3.05176E-01
2.8816E-06,4.66309E-01
2.8832E-06,6.03027E-01
2.8848E-06,7.29980E-01
2.8864E-06,8.08105E-01
2.8880E-06,8.42285E-01
2.8896E-06,8.37402E-01
2.8912E-06,7.93457E-01
2.8928E-06,7.15332E-01
2.8944E-06,5.93262E-01
2.8960E-06,4.71191E-01
2.8976E-06,2.70996E-01
2.8992E-06,9.03320E-02
2.9008E-06,-9.03320E-02
2.9024E-06,-2.56348E-01
2.9040E-06,-4.32129E-01
2.9056E-06,-5.73730E-01
2.9072E-06,-6.90918E-01
2.9088E-06,-7.69043E-01
2.9104E-06,-8.12988E-01
2.9120E-06,-8.22754E-01
2.9136E-06,-7.88574E-01
2.9152E-06,-6.95801E-01
2.9168E-06,-5.78613E-01
2.9184E-06,-4.46777E-01
2.9200E-06,-2.85645E-01
2.9216E-06,-9.52148E-02
2.9232E-06,9.52148E-02
2.9248E-06,2.75879E-01
2.9264E-06,4.32129E-01
2.9280E-06,5.78613E-01
2.9296E-06,7.00684E-01
2.9312E-06,7.93457E-01
2.9328E-06,8.27637E-01
2.9344E-06,8.42285E-01
2.9360E-06,7.98340E-01
2.9376E-06,7.29980E-01
2.9392E-06,6.12793E-01
2.9408E-06,4.71191E-01
2.9424E-06,3.10059E-01
2.9440E-06,1.19629E-01
2.9456E-06,-5.61523E-02
2.9472E-06,-2.36816E-01
2.9488E-06,-4.07715E-01
2.9504E-06,-5.59082E-01
2.9520E-06,-6.90918E-01
2.9536E-06,-7.78809E-01
2.9552E-06,-8.12988E-01
2.9568E-06,-8.22754E-01
2.9584E-06,-7.88574E-01
2.9600E-06,-7.15332E-01
2.9616E-06,-5.93262E-01
2.9632E-06,-4.61426E-01
2.9648E-06,-3.05176E-01
2.9664E-06,-1.24512E-01
2.9680E-06,8.54492E-02
2.9696E-06,2.56348E-01
2.9712E-06,4.22363E-01
2.9728E-06,5.68848E-01
2.9744E-06,7.10449E-01
2.9760E-06,7.93457E-01
2.9776E-06,8.37402E-01
2.9792E-06,8.52051E-01
2.9808E-06,8.22754E-01
2.9824E-06,7.49512E-01
2.9840E-06,6.46973E-01
2.9856E-06,5.05371E-01
2.9872E-06,3.39355E-01
2.9888E-06,1.48926E-01
2.9904E-06,-3.66211E-02
2.9920E-06,-2.12402E-01
2.9936E-06,-3.88184E-01
2.9952E-06,-5.44434E-01
2.9968E-06,-6.61621E-01
2.9984E-06,-7.69043E-01
3.0000E-06,-8.17871E-01
3.0016E-06,-8.32520E-01
3.0032E-06,-7.93457E-01
3.0048E-06,-7.15332E-01
3.0064E-06,-6.07910E-01
3.0080E-06,-4.85840E-01
3.0096E-06,-3.19824E-01
3.0112E-06,-1.53809E-01
3.0128E-06,4.15039E-02
3.0144E-06,2.02637E-01
3.0160E-06,4.07715E-01
3.0176E-06,5.34668E-01
3.0192E-06,6.76270E-01
3.0208E-06,7.93457E-01
3.0224E-06,8.27637E-01
3.0240E-06,8.42285E-01
3.0256E-06,8.37402E-01
3.0272E-06,7.49512E-01
3.0288E-06,6.46973E-01
3.0304E-06,5.10254E-01
3.0320E-06,3.54004E-01
3.0336E-06,1.68457E-01
3.0352E-06,-1.70898E-02
3.0368E-06,-1.78223E-01
3.0384E-06,-3.63770E-01
3.0400E-06,-5.24902E-01
3.0416E-06,-6.51855E-01
3.0432E-06,-7.39746E-01
3.0448E-06,-8.12988E-01
3.0464E-06,-8.32520E-01
3.0480E-06,-8.08105E-01
3.0496E-06,-7.25098E-01
3.0512E-06,-6.32324E-01
3.0528E-06,-4.90723E-01
3.0544E-06,-3.39355E-01
3.0560E-06,-1.73340E-01
3.0576E-06,2.44141E-03
3.0592E-06,2.12402E-01
3.0608E-06,3.73535E-01
3.0624E-06,5.44434E-01
3.0640E-06,6.66504E-01
3.0656E-06,7.59277E-01
3.0672E-06,8.12988E-01
3.0688E-06,8.52051E-01
3.0704E-06,8.37402E-01
3.0720E-06,7.78809E-01
3.0736E-06,6.71387E-01
3.0752E-06,5.39551E-01
3.0768E-06,3.83301E-01
3.0784E-06,2.07520E-01
3.0800E-06,2.44141E-03
3.0816E-06,-1.78223E-01
3.0832E-06,-3.49121E-01
3.0848E-06,-5.20020E-01
3.0864E-06,-6.46973E-01
3.0880E-06,-7.34863E-01
3.0896E-06,-7.93457E-01
3.0912E-06,-8.37402E-01
3.0928E-06,-8.08105E-01
3.0944E-06,-7.49512E-01
3.0960E-06,-6.61621E-01
3.0976E-06,-5.24902E-01
3.0992E-06,-3.63770E-01
3.1008E-06,-1.92871E-01
3.1024E-06,-1.22070E-02
3.1040E-06,1.68457E-01
3.1056E-06,3.44238E-01
3.1072E-06,4.90723E-01
3.1088E-06,6.42090E-01
3.1104E-06,7.54395E-01
3.1120E-06,8.27637E-01
3.1136E-06,8.47168E-01
3.1152E-06,8.27637E-01
3.1168E-06,7.54395E-01
3.1184E-06,6.81152E-01
3.1200E-06,5.44434E-01
3.1216E-06,4.02832E-01
3.1232E-06,2.41699E-01
3.1248E-06,4.63867E-02
3.1264E-06,-1.29395E-01
3.1280E-06,-3.10059E-01
3.1296E-06,-4.85840E-01
3.1312E-06,-6.27441E-01
3.1328E-06,-7.15332E-01
3.1344E-06,-8.17871E-01
3.1360E-06,-8.32520E-01
3.1376E-06,-8.12988E-01
3.1392E-06,-7.49512E-01
3.1408E-06,-6.46973E-01
3.1424E-06,-5.44434E-01
3.1440E-06,-4.02832E-01
3.1456E-06,-2.22168E-01
3.1472E-06,-4.63867E-02
3.1488E-06,1.53809E-01
3.1504E-06,3.14941E-01
3.1520E-06,4.76074E-01
3.1536E-06,6.37207E-01
3.1552E-06,7.49512E-01
3.1568E-06,8.22754E-01
3.1584E-06,8.42285E-01
3.1600E-06,8.52051E-01
3.1616E-06,7.93457E-01
3.1632E-06,7.00684E-01
3.1648E-06,5.83496E-01
3.1664E-06,4.37012E-01
3.1680E-06,2.61230E-01
3.1696E-06,5.61523E-02
3.1712E-06,-1.09863E-01
3.1728E-06,-3.14941E-01
3.1744E-06,-4.66309E-01
3.1760E-06,-6.07910E-01
3.1776E-06,-7.25098E-01
3.1792E-06,-7.98340E-01
3.1808E-06,-8.32520E-01
3.1824E-06,-8.12988E-01
3.1840E-06,-7.54395E-01
3.1856E-06,-6.61621E-01
3.1872E-06,-5.59082E-01
3.1888E-06,-4.12598E-01
3.1904E-06,-2.46582E-01
3.1920E-06,-6.10352E-02
3.1936E-06,1.29395E-01
3.1952E-06,3.14941E-01
3.1968E-06,4.76074E-01
3.1984E-06,6.22559E-01
3.2000E-06,7.29980E-01
3.2016E-06,8.22754E-01
3.2032E-06,8.52051E-01
3.2048E-06,8.42285E-01
3.2064E-06,8.03223E-01
3.2080E-06,7.00684E-01
3.2096E-06,6.03027E-01
3.2112E-06,4.46777E-01
3.2128E-06,2.75879E-01
3.2144E-06,8.54492E-02
3.2160E-06,-8.05664E-02
3.2176E-06,-2.70996E-01
3.2192E-06,-4.41895E-01
3.2208E-06,-5.93262E-01
3.2224E-06,-7.05566E-01
3.2240E-06,-7.78809E-01
3.2256E-06,-8.12988E-01
3.2272E-06,-8.27637E-01
3.2288E-06,-7.73926E-01
3.2304E-06,-6.90918E-01
3.2320E-06,-5.83496E-01
3.2336E-06,-4.37012E-01
3.2352E-06,-2.75879E-01
3.2368E-06,-9.03320E-02
3.2384E-06,1.04980E-01
3.2400E-06,2.85645E-01
3.2416E-06,4.46777E-01
3.2432E-06,6.03027E-01
3.2448E-06,7.15332E-01
3.2464E-06,8.12988E-01
3.2480E-06,8.52051E-01
3.2496E-06,8.47168E-01
3.2512E-06,7.93457E-01
3.2528E-06,7.29980E-01
3.2544E-06,6.07910E-01
3.2560E-06,4.76074E-01
3.2576E-06,2.95410E-01
3.2592E-06,1.04980E-01
3.2608E-06,-6.10352E-02
3.2624E-06,-2.46582E-01
3.2640E-06,-4.27246E-01
3.2656E-06,-5.59082E-01
3.2672E-06,-6.86035E-01
3.2688E-06,-7.83691E-01
3.2704E-06,-8.22754E-01
3.2720E-06,-8.27637E-01
3.2736E-06,-7.73926E-01
3.2752E-06,-7.05566E-01
3.2768E-06,-5.73730E-01
3.2784E-06,-4.56543E-01
3.2800E-06,-2.70996E-01
3.2816E-06,-1.19629E-01
3.2832E-06,7.56836E-02
3.2848E-06,2.70996E-01
3.2864E-06,4.17480E-01
3.2880E-06,5.78613E-01
3.2896E-06,7.10449E-01
3.2912E-06,7.88574E-01
3.2928E-06,8.47168E-01
3.2944E-06,8.52051E-01
3.2960E-06,8.08105E-01
3.2976E-06,7.29980E-01
3.2992E-06,6.27441E-01
3.3008E-06,4.66309E-01
3.3024E-06,3.24707E-01
3.3040E-06,1.24512E-01
3.3056E-06,-3.66211E-02
3.3072E-06,-2.27051E-01
3.3088E-06,-3.97949E-01
3.3104E-06,-5.49316E-01
3.3120E-06,-6.86035E-01
3.3136E-06,-7.64160E-01
3.3152E-06,-8.08105E-01
3.3168E-06,-7.98340E-01
3.3184E-06,-7.93457E-01
3.3200E-06,-7.15332E-01
3.3216E-06,-6.07910E-01
3.3232E-06,-4.80957E-01
3.3248E-06,-3.10059E-01
3.3264E-06,-1.19629E-01
3.3280E-06,7.08008E-02
3.3296E-06,2.41699E-01
3.3312E-06,4.22363E-01
3.3328E-06,5.63965E-01
3.3344E-06,6.86035E-01
3.3360E-06,7.93457E-01
3.3376E-06,8.42285E-01
3.3392E-06,8.56934E-01
3.3408E-06,8.22754E-01
3.3424E-06,7.49512E-01
3.3440E-06,6.46973E-01
3.3456E-06,5.15137E-01
3.3472E-06,3.29590E-01
3.3488E-06,1.58691E-01
3.3504E-06,-1.70898E-02
3.3520E-06,-1.92871E-01
3.3536E-06,-3.83301E-01
3.3552E-06,-5.39551E-01
3.3568E-06,-6.51855E-01
3.3584E-06,-7.59277E-01
3.3600E-06,-8.08105E-01
3.3616E-06,-8.37402E-01
3.3632E-06,-8.08105E-01
3.3648E-06,-7.34863E-01
3.3664E-06,-6.42090E-01
3.3680E-06,-4.80957E-01
3.3696E-06,-3.29590E-01
3.3712E-06,-1.58691E-01
3.3728E-06,2.19727E-02
3.3744E-06,2.07520E-01
3.3760E-06,3.93066E-01
3.3776E-06,5.39551E-01
3.3792E-06,6.76270E-01
3.3808E-06,7.69043E-01
3.3824E-06,8.17871E-01
3.3840E-06,8.47168E-01
3.3856E-06,8.22754E-01
3.3872E-06,7.64160E-01
3.3888E-06,6.61621E-01
3.3904E-06,5.24902E-01
3.3920E-06,3.68652E-01
3.3936E-06,1.78223E-01
3.3952E-06,1.22070E-02
3.3968E-06,-1.92871E-01
3.3984E-06,-3.63770E-01
3.4000E-06,-5.10254E-01
3.4016E-06,-6.42090E-01
3.4032E-06,-7.34863E-01
3.4048E-06,-7.93457E-01
3.4064E-06,-8.37402E-01
3.4080E-06,-7.88574E-01
3.4096E-06,-7.34863E-01
3.4112E-06,-6.56738E-01
3.4128E-06,-5.15137E-01
3.4144E-06,-3.49121E-01
3.4160E-06,-1.78223E-01
3.4176E-06,7.32422E-03
3.4192E-06,1.87988E-01
3.4208E-06,3.49121E-01
3.4224E-06,5.34668E-01
3.4240E-06,6.42090E-01
3.4256E-06,7.69043E-01
3.4272E-06,8.32520E-01
3.4288E-06,8.56934E-01
3.4304E-06,8.32520E-01
3.4320E-06,7.54395E-01
3.4336E-06,6.86035E-01
3.4352E-06,5.44434E-01
3.4368E-06,3.78418E-01
3.4384E-06,2.07520E-01
3.4400E-06,1.70898E-02
3.4416E-06,-1.44043E-01
3.4432E-06,-3.39355E-01
3.4448E-06,-4.90723E-01
3.4464E-06,-6.27441E-01
3.4480E-06,-7.29980E-01
3.4496E-06,-7.98340E-01
3.4512E-06,-8.12988E-01
3.4528E-06,-8.17871E-01
3.4544E-06,-7.54395E-01
3.4560E-06,-6.56738E-01
3.4576E-06,-5.39551E-01
3.4592E-06,-3.68652E-01
3.4608E-06,-1.97754E-01
3.4624E-06,-7.32422E-03
3.4640E-06,1.87988E-01
3.4656E-06,3.49121E-01
3.4672E-06,5.20020E-01
3.4688E-06,6.32324E-01
3.4704E-06,7.49512E-01
3.4720E-06,8.17871E-01
3.4736E-06,8.52051E-01
3.4752E-06,8.32520E-01
3.4768E-06,7.64160E-01
3.4784E-06,6.90918E-01
3.4800E-06,5.59082E-01
3.4816E-06,4.02832E-01
3.4832E-06,2.41699E-01
3.4848E-06,4.63867E-02
3.4864E-06,-1.24512E-01
3.4880E-06,-3.19824E-01
3.4896E-06,-4.80957E-01
3.4912E-06,-6.07910E-01
3.4928E-06,-7.20215E-01
3.4944E-06,-8.03223E-01
3.4960E-06,-8.12988E-01
3.4976E-06,-8.17871E-01
3.4992E-06,-7.59277E-01
3.5008E-06,-6.66504E-01
3.5024E-06,-5.39551E-01
3.5040E-06,-3.78418E-01
3.5056E-06,-2.31934E-01
3.5072E-06,-4.15039E-02
3.5088E-06,1.53809E-01
3.5104E-06,3.24707E-01
3.5120E-06,4.80957E-01
3.5136E-06,6.46973E-01
3.5152E-06,7.39746E-01
3.5168E-06,8.03223E-01
3.5184E-06,8.52051E-01
3.5200E-06,8.56934E-01
3.5216E-06,7.88574E-01
3.5232E-06,7.15332E-01
3.5248E-06,5.73730E-01
3.5264E-06,4.37012E-01
3.5280E-06,2.56348E-01
3.5296E-06,6.59180E-02
3.5312E-06,-1.00098E-01
3.5328E-06,-2.95410E-01
3.5344E-06,-4.76074E-01
3.5360E-06,-6.07910E-01
3.5376E-06,-7.20215E-01
3.5392E-06,-7.64160E-01
3.5408E-06,-8.22754E-01
3.5424E-06,-8.27637E-01
3.5440E-06,-7.78809E-01
3.5456E-06,-6.81152E-01
3.5472E-06,-5.68848E-01
3.5488E-06,-4.17480E-01
3.5504E-06,-2.56348E-01
3.5520E-06,-7.08008E-02
3.5536E-06,1.24512E-01
3.5552E-06,3.00293E-01
3.5568E-06,4.66309E-01
3.5584E-06,6.12793E-01
3.5600E-06,7.29980E-01
3.5616E-06,7.98340E-01
3.5632E-06,8.56934E-01
3.5648E-06,8.47168E-01
3.5664E-06,8.03223E-01
3.5680E-06,7.15332E-01
3.5696E-06,6.03027E-01
3.5712E-06,4.66309E-01
3.5728E-06,2.85645E-01
3.5744E-06,8.54492E-02
3.5760E-06,-7.56836E-02
3.5776E-06,-2.61230E-01
3.5792E-06,-4.27246E-01
3.5808E-06,-5.78613E-01
3.5824E-06,-6.90918E-01
3.5840E-06,-7.83691E-01
3.5856E-06,-8.22754E-01
3.5872E-06,-8.27637E-01
3.5888E-06,-7.69043E-01
3.5904E-06,-7.00684E-01
3.5920E-06,-5.78613E-01
3.5936E-06,-4.41895E-01
3.5952E-06,-2.66113E-01
3.5968E-06,-1.00098E-01
3.5984E-06,9.52148E-02
3.6000E-06,2.66113E-01
3.6016E-06,4.41895E-01
3.6032E-06,5.93262E-01
3.6048E-06,7.29980E-01
3.6064E-06,7.98340E-01
3.6080E-06,8.42285E-01
3.6096E-06,8.52051E-01
3.6112E-06,8.08105E-01
3.6128E-06,7.34863E-01
3.6144E-06,6.07910E-01
3.6160E-06,4.71191E-01
3.6176E-06,2.90527E-01
3.6192E-06,1.19629E-01
3.6208E-06,-5.12695E-02
3.6224E-06,-2.41699E-01
3.6240E-06,-4.27246E-01
3.6256E-06,-5.73730E-01
3.6272E-06,-6.86035E-01
3.6288E-06,-7.59277E-01
3.6304E-06,-8.12988E-01
3.6320E-06,-8.22754E-01
3.6336E-06,-7.83691E-01
3.6352E-06,-7.05566E-01
3.6368E-06,-5.98145E-01
3.6384E-06,-4.51660E-01
3.6400E-06,-2.85645E-01
3.6416E-06,-1.24512E-01
3.6432E-06,7.08008E-02
3.6448E-06,2.56348E-01
3.6464E-06,4.22363E-01
3.6480E-06,5.83496E-01
3.6496E-06,7.00684E-01
3.6512E-06,7.93457E-01
3.6528E-06,8.37402E-01
3.6544E-06,8.47168E-01
3.6560E-06,8.12988E-01
3.6576E-06,7.49512E-01
3.6592E-06,6.27441E-01
3.6608E-06,4.76074E-01
3.6624E-06,3.29590E-01
3.6640E-06,1.44043E-01
3.6656E-06,-3.17383E-02
3.6672E-06,-2.22168E-01
3.6688E-06,-3.93066E-01
3.6704E-06,-5.68848E-01
3.6720E-06,-6.66504E-01
3.6736E-06,-7.69043E-01
3.6752E-06,-8.08105E-01
3.6768E-06,-8.27637E-01
3.6784E-06,-7.93457E-01
3.6800E-06,-7.20215E-01
3.6816E-06,-6.17676E-01
3.6832E-06,-4.66309E-01
3.6848E-06,-3.24707E-01
3.6864E-06,-1.39160E-01
3.6880E-06,6.10352E-02
3.6896E-06,2.46582E-01
3.6912E-06,4.02832E-01
3.6928E-06,5.54199E-01
3.6944E-06,6.95801E-01
3.6960E-06,7.78809E-01
3.6976E-06,8.37402E-01
3.6992E-06,8.56934E-01
3.7008E-06,8.17871E-01
3.7024E-06,7.54395E-01
3.7040E-06,6.56738E-01
3.7056E-06,5.20020E-01
3.7072E-06,3.44238E-01
3.7088E-06,1.68457E-01
3.7104E-06,-1.70898E-02
3.7120E-06,-1.97754E-01
3.7136E-06,-3.68652E-01
3.7152E-06,-5.20020E-01
3.7168E-06,-6.51855E-01
3.7184E-06,-7.49512E-01
3.7200E-06,-8.03223E-01
3.7216E-06,-8.27637E-01
3.7232E-06,-8.08105E-01
3.7248E-06,-7.44629E-01
3.7264E-06,-6.37207E-01
3.7280E-06,-5.00488E-01
3.7296E-06,-3.24707E-01
3.7312E-06,-1.78223E-01
3.7328E-06,3.66211E-02
3.7344E-06,2.02637E-01
3.7360E-06,3.73535E-01
3.7376E-06,5.34668E-01
3.7392E-06,6.66504E-01
3.7408E-06,7.78809E-01
3.7424E-06,8.32520E-01
3.7440E-06,8.56934E-01
3.7456E-06,8.27637E-01
3.7472E-06,7.73926E-01
3.7488E-06,6.71387E-01
3.7504E-06,5.20020E-01
3.7520E-06,3.73535E-01
3.7536E-06,1.92871E-01
3.7552E-06,2.68555E-02
3.7568E-06,-1.78223E-01
3.7584E-06,-3.54004E-01
3.7600E-06,-5.05371E-01
3.7616E-06,-6.32324E-01
3.7632E-06,-7.39746E-01
3.7648E-06,-7.88574E-01
3.7664E-06,-8.22754E-01
3.7680E-06,-7.93457E-01
3.7696E-06,-7.49512E-01
3.7712E-06,-6.42090E-01
3.7728E-06,-5.00488E-01
3.7744E-06,-3.54004E-01
3.7760E-06,-1.92871E-01
3.7776E-06,2.44141E-03
3.7792E-06,2.07520E-01
3.7808E-06,3.68652E-01
3.7824E-06,5.05371E-01
3.7840E-06,6.61621E-01
3.7856E-06,7.59277E-01
3.7872E-06,8.27637E-01
3.7888E-06,8.52051E-01
3.7904E-06,8.42285E-01
3.7920E-06,7.64160E-01
3.7936E-06,6.51855E-01
3.7952E-06,5.54199E-01
3.7968E-06,4.02832E-01
3.7984E-06,2.07520E-01
3.8000E-06,3.66211E-02
3.8016E-06,-1.58691E-01
3.8032E-06,-3.39355E-01
3.8048E-06,-5.00488E-01
3.8064E-06,-6.12793E-01
3.8080E-06,-7.34863E-01
3.8096E-06,-8.03223E-01
3.8112E-06,-8.22754E-01
3.8128E-06,-8.08105E-01
3.8144E-06,-7.49512E-01
3.8160E-06,-6.61621E-01
3.8176E-06,-5.15137E-01
3.8192E-06,-3.83301E-01
3.8208E-06,-2.22168E-01
3.8224E-06,-2.68555E-02
3.8240E-06,1.73340E-01
3.8256E-06,3.39355E-01
3.8272E-06,4.85840E-01
3.8288E-06,6.27441E-01
3.8304E-06,7.49512E-01
3.8320E-06,8.27637E-01
3.8336E-06,8.32520E-01
3.8352E-06,8.37402E-01
3.8368E-06,7.88574E-01
3.8384E-06,6.86035E-01
3.8400E-06,5.68848E-01
3.8416E-06,4.17480E-01
3.8432E-06,2.31934E-01
3.8448E-06,3.66211E-02
3.8464E-06,-1.14746E-01
3.8480E-06,-2.95410E-01
3.8496E-06,-4.66309E-01
3.8512E-06,-6.22559E-01
3.8528E-06,-7.25098E-01
3.8544E-06,-7.93457E-01
3.8560E-06,-8.27637E-01
3.8576E-06,-8.27637E-01
3.8592E-06,-7.78809E-01
3.8608E-06,-6.76270E-01
3.8624E-06,-5.39551E-01
3.8640E-06,-3.93066E-01
3.8656E-06,-2.36816E-01
3.8672E-06,-4.15039E-02
3.8688E-06,1.34277E-01
3.8704E-06,3.19824E-01
3.8720E-06,4.76074E-01
3.8736E-06,6.27441E-01
3.8752E-06,7.34863E-01
3.8768E-06,8.12988E-01
3.8784E-06,8.47168E-01
3.8800E-06,8.42285E-01
3.8816E-06,7.98340E-01
3.8832E-06,7.05566E-01
3.8848E-06,5.98145E-01
3.8864E-06,4.32129E-01
3.8880E-06,2.51465E-01
3.8896E-06,8.54492E-02
3.8912E-06,-9.52148E-02
3.8928E-06,-2.95410E-01
3.8944E-06,-4.46777E-01
3.8960E-06,-5.93262E-01
3.8976E-06,-7.15332E-01
3.8992E-06,-7.83691E-01
3.9008E-06,-8.12988E-01
3.9024E-06,-8.22754E-01
3.9040E-06,-7.69043E-01
3.9056E-06,-6.81152E-01
3.9072E-06,-5.73730E-01
3.9088E-06,-4.17480E-01
3.9104E-06,-2.56348E-01
3.9120E-06,-6.10352E-02
3.9136E-06,1.09863E-01
3.9152E-06,2.80762E-01
3.9168E-06,4.61426E-01
3.9184E-06,6.03027E-01
3.9200E-06,7.15332E-01
3.9216E-06,7.93457E-01
3.9232E-06,8.47168E-01
3.9248E-06,8.37402E-01
3.9264E-06,8.03223E-01
3.9280E-06,7.25098E-01
3.9296E-06,5.98145E-01
3.9312E-06,4.66309E-01
3.9328E-06,2.90527E-01
3.9344E-06,9.52148E-02
3.9360E-06,-7.56836E-02
3.9376E-06,-2.61230E-01
3.9392E-06,-4.46777E-01
3.9408E-06,-5.73730E-01
3.9424E-06,-6.86035E-01
3.9440E-06,-7.69043E-01
3.9456E-06,-8.22754E-01
3.9472E-06,-8.22754E-01
3.9488E-06,-7.88574E-01
3.9504E-06,-6.95801E-01
3.9520E-06,-5.78613E-01
3.9536E-06,-4.37012E-01
3.9552E-06,-2.80762E-01
3.9568E-06,-8.05664E-02
3.9584E-06,1.00098E-01
3.9600E-06,2.95410E-01
3.9616E-06,4.41895E-01
3.9632E-06,5.78613E-01
3.9648E-06,7.10449E-01
3.9664E-06,8.03223E-01
3.9680E-06,8.52051E-01
3.9696E-06,8.47168E-01
3.9712E-06,8.17871E-01
3.9728E-06,7.34863E-01
3.9744E-06,6.27441E-01
3.9760E-06,4.71191E-01
3.9776E-06,3.19824E-01
3.9792E-06,1.34277E-01
3.9808E-06,-5.12695E-02
3.9824E-06,-2.36816E-01
3.9840E-06,-4.17480E-01
3.9856E-06,-5.59082E-01
3.9872E-06,-6.66504E-01
3.9888E-06,-7.78809E-01
3.9904E-06,-8.08105E-01
3.9920E-06,-8.12988E-01
3.9936E-06,-7.93457E-01
3.9952E-06,-7.20215E-01
3.9968E-06,-6.07910E-01
3.9984E-06,-4.61426E-01
4.0000E-06,-2.95410E-01
4.0016E-06,-1.09863E-01
4.0032E-06,6.59180E-02
4.0048E-06,2.46582E-01
4.0064E-06,4.12598E-01
4.0080E-06,5.73730E-01
4.0096E-06,6.95801E-01
4.0112E-06,7.83691E-01
4.0128E-06,8.27637E-01
4.0144E-06,8.42285E-01
4.0160E-06,8.12988E-01
4.0176E-06,7.49512E-01
4.0192E-06,6.32324E-01
4.0208E-06,4.85840E-01
4.0224E-06,3.34473E-01
4.0240E-06,1.53809E-01
4.0256E-06,-2.19727E-02
4.0272E-06,-2.07520E-01
4.0288E-06,-3.78418E-01
4.0304E-06,-5.39551E-01
4.0320E-06,-6.61621E-01
4.0336E-06,-7.69043E-01
4.0352E-06,-7.88574E-01
4.0368E-06,-8.17871E-01
4.0384E-06,-8.03223E-01
4.0400E-06,-7.15332E-01
4.0416E-06,-6.03027E-01
4.0432E-06,-4.66309E-01
4.0448E-06,-3.24707E-01
4.0464E-06,-1.63574E-01
4.0480E-06,5.12695E-02
4.0496E-06,2.22168E-01
4.0512E-06,3.97949E-01
4.0528E-06,5.59082E-01
4.0544E-06,6.81152E-01
4.0560E-06,7.78809E-01
4.0576E-06,8.32520E-01
4.0592E-06,8.42285E-01
4.0608E-06,8.22754E-01
4.0624E-06,7.54395E-01
4.0640E-06,6.56738E-01
4.0656E-06,5.20020E-01
4.0672E-06,3.58887E-01
4.0688E-06,1.63574E-01
4.0704E-06,1.22070E-02
4.0720E-06,-1.92871E-01
4.0736E-06,-3.63770E-01
4.0752E-06,-5.15137E-01
4.0768E-06,-6.56738E-01
4.0784E-06,-7.44629E-01
4.0800E-06,-8.03223E-01
4.0816E-06,-8.08105E-01
4.0832E-06,-7.88574E-01
4.0848E-06,-7.29980E-01
4.0864E-06,-6.22559E-01
4.0880E-06,-5.05371E-01
4.0896E-06,-3.39355E-01
4.0912E-06,-1.58691E-01
4.0928E-06,2.68555E-02
4.0944E-06,2.02637E-01
4.0960E-06,3.78418E-01
4.0976E-06,5.29785E-01
4.0992E-06,6.61621E-01
4.1008E-06,7.69043E-01
4.1024E-06,8.37402E-01
4.1040E-06,8.37402E-01
4.1056E-06,8.22754E-01
4.1072E-06,7.59277E-01
4.1088E-06,6.66504E-01
4.1104E-06,5.39551E-01
4.1120E-06,3.93066E-01
4.1136E-06,1.97754E-01
4.1152E-06,-2.44141E-03
4.1168E-06,-1.63574E-01
4.1184E-06,-3.54004E-01
4.1200E-06,-4.85840E-01
4.1216E-06,-6.27441E-01
4.1232E-06,-7.29980E-01
4.1248E-06,-7.93457E-01
4.1264E-06,-8.37402E-01
4.1280E-06,-8.12988E-01
4.1296E-06,-7.25098E-01
4.1312E-06,-6.37207E-01
4.1328E-06,-5.29785E-01
4.1344E-06,-3.68652E-01
4.1360E-06,-2.12402E-01
4.1376E-06,-2.44141E-03
4.1392E-06,1.78223E-01
4.1408E-06,3.58887E-01
4.1424E-06,5.00488E-01
4.1440E-06,6.51855E-01
4.1456E-06,7.54395E-01
4.1472E-06,8.22754E-01
4.1488E-06,8.52051E-01
4.1504E-06,8.42285E-01
4.1520E-06,7.93457E-01
4.1536E-06,6.95801E-01
4.1552E-06,5.68848E-01
4.1568E-06,3.97949E-01
4.1584E-06,2.22168E-01
4.1600E-06,4.15039E-02
4.1616E-06,-1.39160E-01
4.1632E-06,-3.10059E-01
4.1648E-06,-4.80957E-01
4.1664E-06,-6.27441E-01
4.1680E-06,-7.20215E-01
4.1696E-06,-7.88574E-01
4.1712E-06,-8.17871E-01
4.1728E-06,-8.08105E-01
4.1744E-06,-7.64160E-01
4.1760E-06,-6.61621E-01
4.1776E-06,-5.20020E-01
4.1792E-06,-3.93066E-01
4.1808E-06,-2.17285E-01
4.1824E-06,-1.70898E-02
4.1840E-06,1.53809E-01
4.1856E-06,3.34473E-01
4.1872E-06,5.10254E-01
4.1888E-06,6.27441E-01
4.1904E-06,7.39746E-01
4.1920E-06,8.08105E-01
4.1936E-06,8.47168E-01
4.1952E-06,8.47168E-01
4.1968E-06,7.88574E-01
4.1984E-06,7.05566E-01
4.2000E-06,5.88379E-01
4.2016E-06,4.22363E-01
4.2032E-06,2.56348E-01
4.2048E-06,7.08008E-02
4.2064E-06,-9.52148E-02
4.2080E-06,-3.00293E-01
4.2096E-06,-4.66309E-01
4.2112E-06,-6.03027E-01
4.2128E-06,-7.00684E-01
4.2144E-06,-7.83691E-01
4.2160E-06,-8.22754E-01
4.2176E-06,-8.17871E-01
4.2192E-06,-7.69043E-01
4.2208E-06,-6.86035E-01
4.2224E-06,-5.44434E-01
4.2240E-06,-4.07715E-01
4.2256E-06,-2.27051E-01
4.2272E-06,-5.61523E-02
4.2288E-06,1.44043E-01
4.2304E-06,3.05176E-01
4.2320E-06,4.66309E-01
4.2336E-06,6.12793E-01
4.2352E-06,7.34863E-01
4.2368E-06,8.08105E-01
4.2384E-06,8.37402E-01
4.2400E-06,8.52051E-01
4.2416E-06,7.93457E-01
4.2432E-06,7.20215E-01
4.2448E-06,5.88379E-01
4.2464E-06,4.56543E-01
4.2480E-06,2.70996E-01
4.2496E-06,8.54492E-02
4.2512E-06,-1.09863E-01
4.2528E-06,-2.70996E-01
4.2544E-06,-4.41895E-01
4.2560E-06,-5.83496E-01
4.2576E-06,-7.15332E-01
4.2592E-06,-7.78809E-01
4.2608E-06,-8.17871E-01
4.2624E-06,-8.17871E-01
4.2640E-06,-7.83691E-01
4.2656E-06,-6.95801E-01
4.2672E-06,-5.78613E-01
4.2688E-06,-4.27246E-01
4.2704E-06,-2.70996E-01
4.2720E-06,-8.05664E-02
4.2736E-06,1.14746E-01
4.2752E-06,2.70996E-01
4.2768E-06,4.56543E-01
4.2784E-06,5.93262E-01
4.2800E-06,7.29980E-01
4.2816E-06,8.12988E-01
4.2832E-06,8.47168E-01
4.2848E-06,8.56934E-01
4.2864E-06,8.12988E-01
4.2880E-06,7.25098E-01
4.2896E-06,6.27441E-01
4.2912E-06,4.80957E-01
4.2928E-06,2.95410E-01
4.2944E-06,1.14746E-01
4.2960E-06,-6.10352E-02
4.2976E-06,-2.46582E-01
4.2992E-06,-4.17480E-01
4.3008E-06,-5.68848E-01
4.3024E-06,-6.71387E-01
4.3040E-06,-7.69043E-01
4.3056E-06,-8.12988E-01
4.3072E-06,-8.22754E-01
4.3088E-06,-7.73926E-01
4.3104E-06,-6.95801E-01
4.3120E-06,-5.88379E-01
4.3136E-06,-4.46777E-01
4.3152E-06,-2.85645E-01
4.3168E-06,-1.09863E-01
4.3184E-06,8.54492E-02
4.3200E-06,2.56348E-01
4.3216E-06,4.27246E-01
4.3232E-06,5.73730E-01
4.3248E-06,7.00684E-01
4.3264E-06,7.88574E-01
4.3280E-06,8.42285E-01
4.3296E-06,8.56934E-01
4.3312E-06,8.08105E-01
4.3328E-06,7.29980E-01
4.3344E-06,6.32324E-01
4.3360E-06,4.90723E-01
4.3376E-06,3.14941E-01
4.3392E-06,1.44043E-01
4.3408E-06,-4.15039E-02
4.3424E-06,-2.22168E-01
4.3440E-06,-4.12598E-01
4.3456E-06,-5.49316E-01
4.3472E-06,-6.81152E-01
4.3488E-06,-7.54395E-01
4.3504E-06,-8.08105E-01
4.3520E-06,-8.17871E-01
4.3536E-06,-7.83691E-01
4.3552E-06,-7.10449E-01
4.3568E-06,-5.98145E-01
4.3584E-06,-4.66309E-01
4.3600E-06,-3.05176E-01
4.3616E-06,-1.29395E-01
4.3632E-06,6.10352E-02
4.3648E-06,2.31934E-01
4.3664E-06,4.12598E-01
4.3680E-06,5.59082E-01
4.3696E-06,6.76270E-01
4.3712E-06,7.98340E-01
4.3728E-06,8.52051E-01
4.3744E-06,8.47168E-01
4.3760E-06,8.17871E-01
4.3776E-06,7.49512E-01
4.3792E-06,6.42090E-01
4.3808E-06,5.10254E-01
4.3824E-06,3.34473E-01
4.3840E-06,1.73340E-01
4.3856E-06,-2.68555E-02
4.3872E-06,-2.07520E-01
4.3888E-06,-3.68652E-01
4.3904E-06,-5.24902E-01
4.3920E-06,-6.56738E-01
4.3936E-06,-7.34863E-01
4.3952E-06,-8.12988E-01
4.3968E-06,-8.22754E-01
4.3984E-06,-7.88574E-01
4.4000E-06,-7.15332E-01
4.4016E-06,-6.22559E-01
4.4032E-06,-4.80957E-01
4.4048E-06,-3.34473E-01
4.4064E-06,-1.58691E-01
4.4080E-06,5.12695E-02
4.4096E-06,2.31934E-01
4.4112E-06,4.02832E-01
4.4128E-06,5.44434E-01
4.4144E-06,6.61621E-01
4.4160E-06,7.69043E-01
4.4176E-06,8.37402E-01
4.4192E-06,8.52051E-01
4.4208E-06,8.08105E-01
4.4224E-06,7.49512E-01
4.4240E-06,6.56738E-01
4.4256E-06,5.20020E-01
4.4272E-06,3.63770E-01
4.4288E-06,1.92871E-01
4.4304E-06,-2.44141E-03
4.4320E-06,-1.78223E-01
4.4336E-06,-3.49121E-01
4.4352E-06,-5.10254E-01
4.4368E-06,-6.56738E-01
4.4384E-06,-7.44629E-01
4.4400E-06,-8.03223E-01
4.4416E-06,-8.27637E-01
4.4432E-06,-7.93457E-01
4.4448E-06,-7.25098E-01
4.4464E-06,-6.37207E-01
4.4480E-06,-5.20020E-01
4.4496E-06,-3.44238E-01
4.4512E-06,-1.73340E-01
4.4528E-06,1.70898E-02
4.4544E-06,1.87988E-01
4.4560E-06,3.58887E-01
4.4576E-06,5.20020E-01
4.4592E-06,6.56738E-01
4.4608E-06,7.69043E-01
4.4624E-06,8.22754E-01
4.4640E-06,8.61816E-01
4.4656E-06,8.22754E-01
4.4672E-06,7.64160E-01
4.4688E-06,6.66504E-01
4.4704E-06,5.49316E-01
4.4720E-06,3.83301E-01
4.4736E-06,2.07520E-01
4.4752E-06,1.22070E-02
4.4768E-06,-1.48926E-01
4.4784E-06,-3.34473E-01
4.4800E-06,-4.90723E-01
4.4816E-06,-6.22559E-01
4.4832E-06,-7.25098E-01
4.4848E-06,-7.93457E-01
4.4864E-06,-8.12988E-01
4.4880E-06,-8.08105E-01
4.4896E-06,-7.49512E-01
4.4912E-06,-6.51855E-01
4.4928E-06,-5.24902E-01
4.4944E-06,-3.73535E-01
4.4960E-06,-1.92871E-01
4.4976E-06,-7.32422E-03
4.4992E-06,1.73340E-01
4.5008E-06,3.58887E-01
4.5024E-06,5.10254E-01
4.5040E-06,6.61621E-01
4.5056E-06,7.44629E-01
4.5072E-06,8.17871E-01
4.5088E-06,8.56934E-01
4.5104E-06,8.27637E-01
4.5120E-06,7.98340E-01
4.5136E-06,6.90918E-01
4.5152E-06,5.63965E-01
4.5168E-06,4.02832E-01
4.5184E-06,2.46582E-01
4.5200E-06,6.59180E-02
4.5216E-06,-1.24512E-01
4.5232E-06,-3.05176E-01
4.5248E-06,-4.71191E-01
4.5264E-06,-6.17676E-01
4.5280E-06,-7.29980E-01
4.5296E-06,-7.83691E-01
4.5312E-06,-8.22754E-01
4.5328E-06,-7.98340E-01
4.5344E-06,-7.49512E-01
4.5360E-06,-6.56738E-01
4.5376E-06,-5.39551E-01
4.5392E-06,-3.88184E-01
4.5408E-06,-2.31934E-01
4.5424E-06,-3.66211E-02
4.5440E-06,1.44043E-01
4.5456E-06,3.29590E-01
4.5472E-06,4.90723E-01
4.5488E-06,6.27441E-01
4.5504E-06,7.39746E-01
4.5520E-06,8.12988E-01
4.5536E-06,8.47168E-01
4.5552E-06,8.56934E-01
4.5568E-06,7.93457E-01
4.5584E-06,7.00684E-01
4.5600E-06,5.98145E-01
4.5616E-06,4.17480E-01
4.5632E-06,2.61230E-01
4.5648E-06,7.08008E-02
4.5664E-06,-1.04980E-01
4.5680E-06,-2.85645E-01
4.5696E-06,-4.61426E-01
4.5712E-06,-6.07910E-01
4.5728E-06,-7.05566E-01
4.5744E-06,-7.83691E-01
4.5760E-06,-8.17871E-01
4.5776E-06,-8.22754E-01
4.5792E-06,-7.59277E-01
4.5808E-06,-6.81152E-01
4.5824E-06,-5.59082E-01
4.5840E-06,-4.12598E-01
4.5856E-06,-2.36816E-01
4.5872E-06,-8.05664E-02
4.5888E-06,1.14746E-01
4.5904E-06,3.10059E-01
4.5920E-06,4.71191E-01
4.5936E-06,6.07910E-01
4.5952E-06,7.25098E-01
4.5968E-06,8.17871E-01
4.5984E-06,8.52051E-01
4.6000E-06,8.52051E-01
4.6016E-06,7.88574E-01
4.6032E-06,7.20215E-01
4.6048E-06,6.03027E-01
4.6064E-06,4.41895E-01
4.6080E-06,2.85645E-01
4.6096E-06,9.52148E-02
4.6112E-06,-8.05664E-02
4.6128E-06,-2.56348E-01
4.6144E-06,-4.46777E-01
4.6160E-06,-5.78613E-01
4.6176E-06,-6.86035E-01
4.6192E-06,-7.39746E-01
4.6208E-06,-8.22754E-01
4.6224E-06,-8.22754E-01
4.6240E-06,-7.64160E-01
4.6256E-06,-6.76270E-01
4.6272E-06,-5.78613E-01
4.6288E-06,-4.17480E-01
4.6304E-06,-2.66113E-01
4.6320E-06,-9.52148E-02
4.6336E-06,1.14746E-01
4.6352E-06,2.70996E-01
4.6368E-06,4.41895E-01
4.6384E-06,6.07910E-01
4.6400E-06,7.25098E-01
4.6416E-06,7.98340E-01
4.6432E-06,8.37402E-01
4.6448E-06,8.56934E-01
4.6464E-06,7.98340E-01
4.6480E-06,7.29980E-01
4.6496E-06,6.27441E-01
4.6512E-06,4.85840E-01
4.6528E-06,3.14941E-01
4.6544E-06,1.09863E-01
4.6560E-06,-6.59180E-02
4.6576E-06,-2.46582E-01
4.6592E-06,-4.37012E-01
4.6608E-06,-5.59082E-01
4.6624E-06,-6.66504E-01
4.6640E-06,-7.78809E-01
4.6656E-06,-8.32520E-01
4.6672E-06,-8.32520E-01
4.6688E-06,-7.83691E-01
4.6704E-06,-7.10449E-01
4.6720E-06,-6.03027E-01
4.6736E-06,-4.66309E-01
4.6752E-06,-3.00293E-01
4.6768E-06,-1.24512E-01
4.6784E-06,7.08008E-02
4.6800E-06,2.56348E-01
4.6816E-06,4.22363E-01
4.6832E-06,5.59082E-01
4.6848E-06,6.90918E-01
4.6864E-06,7.98340E-01
4.6880E-06,8.42285E-01
4.6896E-06,8.56934E-01
4.6912E-06,8.12988E-01
4.6928E-06,7.49512E-01
4.6944E-06,6.42090E-01
4.6960E-06,4.80957E-01
4.6976E-06,3.29590E-01
4.6992E-06,1.48926E-01
4.7008E-06,-2.68555E-02
4.7024E-06,-2.12402E-01
4.7040E-06,-3.68652E-01
4.7056E-06,-5.39551E-01
4.7072E-06,-6.71387E-01
4.7088E-06,-7.78809E-01
4.7104E-06,-8.17871E-01
4.7120E-06,-8.08105E-01
4.7136E-06,-7.83691E-01
4.7152E-06,-7.10449E-01
4.7168E-06,-6.12793E-01
4.7184E-06,-4.76074E-01
4.7200E-06,-3.19824E-01
4.7216E-06,-1.34277E-01
4.7232E-06,5.61523E-02
4.7248E-06,2.27051E-01
4.7264E-06,3.93066E-01
4.7280E-06,5.59082E-01
4.7296E-06,6.90918E-01
4.7312E-06,7.73926E-01
4.7328E-06,8.37402E-01
4.7344E-06,8.52051E-01
4.7360E-06,8.27637E-01
4.7376E-06,7.54395E-01
4.7392E-06,6.51855E-01
4.7408E-06,5.20020E-01
4.7424E-06,3.58887E-01
4.7440E-06,1.63574E-01
4.7456E-06,-2.44141E-03
4.7472E-06,-1.87988E-01
4.7488E-06,-3.63770E-01
4.7504E-06,-5.24902E-01
4.7520E-06,-6.46973E-01
4.7536E-06,-7.39746E-01
4.7552E-06,-8.03223E-01
4.7568E-06,-8.22754E-01
4.7584E-06,-7.93457E-01
4.7600E-06,-7.15332E-01
4.7616E-06,-6.37207E-01
4.7632E-06,-5.00488E-01
4.7648E-06,-3.34473E-01
4.7664E-06,-1.78223E-01
4.7680E-06,2.19727E-02
4.7696E-06,2.02637E-01
4.7712E-06,3.78418E-01
4.7728E-06,5.34668E-01
4.7744E-06,6.76270E-01
4.7760E-06,7.69043E-01
4.7776E-06,8.42285E-01
4.7792E-06,8.52051E-01
4.7808E-06,8.22754E-01
4.7824E-06,7.49512E-01
4.7840E-06,6.61621E-01
4.7856E-06,5.29785E-01
4.7872E-06,3.73535E-01
4.7888E-06,1.97754E-01
4.7904E-06,-2.44141E-03
4.7920E-06,-1.63574E-01
4.7936E-06,-3.58887E-01
4.7952E-06,-5.24902E-01
4.7968E-06,-6.32324E-01
4.7984E-06,-7.44629E-01
4.8000E-06,-8.08105E-01
4.8016E-06,-8.17871E-01
4.8032E-06,-8.03223E-01
4.8048E-06,-7.49512E-01
4.8064E-06,-6.46973E-01
4.8080E-06,-5.15137E-01
4.8096E-06,-3.39355E-01
4.8112E-06,-1.92871E-01
4.8128E-06,1.70898E-02
4.8144E-06,1.83105E-01
4.8160E-06,3.54004E-01
4.8176E-06,5.05371E-01
4.8192E-06,6.51855E-01
4.8208E-06,7.54395E-01
4.8224E-06,8.22754E-01
4.8240E-06,8.47168E-01
4.8256E-06,8.08105E-01
4.8272E-06,7.59277E-01
4.8288E-06,6.86035E-01
4.8304E-06,5.44434E-01
4.8320E-06,3.97949E-01
4.8336E-06,2.31934E-01
4.8352E-06,1.22070E-02
4.8368E-06,-1.58691E-01
4.8384E-06,-3.34473E-01
4.8400E-06,-4.95605E-01
4.8416E-06,-6.32324E-01
4.8432E-06,-7.25098E-01
4.8448E-06,-7.98340E-01
4.8464E-06,-8.22754E-01
4.8480E-06,-7.98340E-01
4.8496E-06,-7.39746E-01
4.8512E-06,-6.61621E-01
4.8528E-06,-5.29785E-01
4.8544E-06,-3.88184E-01
4.8560E-06,-2.12402E-01
4.8576E-06,-3.17383E-02
4.8592E-06,1.73340E-01
4.8608E-06,3.44238E-01
4.8624E-06,4.90723E-01
4.8640E-06,6.32324E-01
4.8656E-06,7.39746E-01
4.8672E-06,8.22754E-01
4.8688E-06,8.56934E-01
4.8704E-06,8.42285E-01
4.8720E-06,7.83691E-01
4.8736E-06,7.00684E-01
4.8752E-06,5.88379E-01
4.8768E-06,4.12598E-01
4.8784E-06,2.36816E-01
4.8800E-06,6.10352E-02
4.8816E-06,-1.04980E-01
4.8832E-06,-3.05176E-01
4.8848E-06,-4.66309E-01
4.8864E-06,-6.07910E-01
4.8880E-06,-7.10449E-01
4.8896E-06,-7.83691E-01
4.8912E-06,-8.17871E-01
4.8928E-06,-8.08105E-01
4.8944E-06,-7.59277E-01
4.8960E-06,-6.76270E-01
4.8976E-06,-5.39551E-01
4.8992E-06,-3.78418E-01
4.9008E-06,-2.07520E-01
4.9024E-06,-6.59180E-02
4.9040E-06,1.44043E-01
4.9056E-06,3.14941E-01
4.9072E-06,4.80957E-01
4.9088E-06,6.27441E-01
4.9104E-06,7.39746E-01
4.9120E-06,8.12988E-01
4.9136E-06,8.42285E-01
4.9152E-06,8.42285E-01
4.9168E-06,7.98340E-01
4.9184E-06,7.15332E-01
4.9200E-06,5.83496E-01
4.9216E-06,4.37012E-01
4.9232E-06,2.70996E-01
4.9248E-06,7.08008E-02
4.9264E-06,-1.00098E-01
4.9280E-06,-2.85645E-01
4.9296E-06,-4.51660E-01
4.9312E-06,-5.88379E-01
4.9328E-06,-7.00684E-01
4.9344E-06,-7.83691E-01
4.9360E-06,-8.37402E-01
4.9376E-06,-8.12988E-01
4.9392E-06,-7.64160E-01
4.9408E-06,-6.76270E-01
4.9424E-06,-5.63965E-01
4.9440E-06,-4.12598E-01
4.9456E-06,-2.61230E-01
4.9472E-06,-9.03320E-02
4.9488E-06,1.29395E-01
4.9504E-06,3.00293E-01
4.9520E-06,4.61426E-01
4.9536E-06,6.17676E-01
4.9552E-06,7.39746E-01
4.9568E-06,7.88574E-01
4.9584E-06,8.56934E-01
4.9600E-06,8.32520E-01
4.9616E-06,7.78809E-01
4.9632E-06,7.25098E-01
4.9648E-06,6.03027E-01
4.9664E-06,4.56543E-01
4.9680E-06,3.00293E-01
4.9696E-06,1.19629E-01
4.9712E-06,-6.59180E-02
4.9728E-06,-2.56348E-01
4.9744E-06,-4.22363E-01
4.9760E-06,-5.63965E-01
4.9776E-06,-6.90918E-01
4.9792E-06,-7.69043E-01
4.9808E-06,-8.12988E-01
4.9824E-06,-8.17871E-01
4.9840E-06,-7.83691E-01
4.9856E-06,-7.05566E-01
4.9872E-06,-5.78613E-01
4.9888E-06,-4.27246E-01
4.9904E-06,-2.70996E-01
4.9920E-06,-1.09863E-01
4.9936E-06,1.00098E-01
4.9952E-06,2.70996E-01
4.9968E-06,4.27246E-01
4.9984E-06,5.78613E-01
5.0000E-06,7.00684E-01
5.0016E-06,8.03223E-01
5.0032E-06,8.42285E-01
5.0048E-06,8.27637E-01
5.0064E-06,8.08105E-01
5.0080E-06,7.25098E-01
5.0096E-06,6.07910E-01
5.0112E-06,4.71191E-01
5.0128E-06,3.05176E-01
5.0144E-06,1.24512E-01
5.0160E-06,-5.61523E-02
5.0176E-06,-2.41699E-01
5.0192E-06,-4.07715E-01
5.0208E-06,-5.73730E-01
5.0224E-06,-6.90918E-01
5.0240E-06,-7.73926E-01
5.0256E-06,-8.17871E-01
5.0272E-06,-8.17871E-01
5.0288E-06,-7.73926E-01
5.0304E-06,-7.00684E-01
5.0320E-06,-5.98145E-01
5.0336E-06,-4.56543E-01
5.0352E-06,-2.95410E-01
5.0368E-06,-1.48926E-01
5.0384E-06,5.61523E-02
5.0400E-06,2.46582E-01
5.0416E-06,3.97949E-01
5.0432E-06,5.73730E-01
5.0448E-06,6.90918E-01
5.0464E-06,7.93457E-01
5.0480E-06,8.47168E-01
5.0496E-06,8.37402E-01
5.0512E-06,8.22754E-01
5.0528E-06,7.54395E-01
5.0544E-06,6.32324E-01
5.0560E-06,5.20020E-01
5.0576E-06,3.49121E-01
5.0592E-06,1.63574E-01
5.0608E-06,-2.68555E-02
5.0624E-06,-2.02637E-01
5.0640E-06,-3.78418E-01
5.0656E-06,-5.39551E-01
5.0672E-06,-6.56738E-01
5.0688E-06,-7.54395E-01
5.0704E-06,-8.22754E-01
5.0720E-06,-8.22754E-01
5.0736E-06,-7.83691E-01
5.0752E-06,-7.34863E-01
5.0768E-06,-6.37207E-01
5.0784E-06,-5.00488E-01
5.0800E-06,-3.10059E-01
5.0816E-06,-1.58691E-01
5.0832E-06,4.63867E-02
5.0848E-06,2.31934E-01
5.0864E-06,3.83301E-01
5.0880E-06,5.44434E-01
5.0896E-06,6.95801E-01
5.0912E-06,7.73926E-01
5.0928E-06,8.42285E-01
5.0944E-06,8.56934E-01
5.0960E-06,8.37402E-01
5.0976E-06,7.69043E-01
5.0992E-06,6.61621E-01
5.1008E-06,5.24902E-01
5.1024E-06,3.63770E-01
5.1040E-06,1.87988E-01
5.1056E-06,2.44141E-03
5.1072E-06,-1.83105E-01
5.1088E-06,-3.73535E-01
5.1104E-06,-5.29785E-01
5.1120E-06,-6.46973E-01
5.1136E-06,-7.44629E-01
5.1152E-06,-8.08105E-01
5.1168E-06,-8.22754E-01
5.1184E-06,-7.78809E-01
5.1200E-06,-7.29980E-01
5.1216E-06,-6.32324E-01
5.1232E-06,-5.00488E-01
5.1248E-06,-3.49121E-01
5.1264E-06,-1.58691E-01
5.1280E-06,1.70898E-02
5.1296E-06,2.02637E-01
5.1312E-06,3.78418E-01
5.1328E-06,5.29785E-01
5.1344E-06,6.71387E-01
5.1360E-06,7.73926E-01
5.1376E-06,8.42285E-01
5.1392E-06,8.56934E-01
5.1408E-06,8.42285E-01
5.1424E-06,7.73926E-01
5.1440E-06,6.66504E-01
5.1456E-06,5.49316E-01
5.1472E-06,3.83301E-01
5.1488E-06,1.97754E-01
5.1504E-06,3.17383E-02
5.1520E-06,-1.68457E-01
5.1536E-06,-3.39355E-01
5.1552E-06,-5.00488E-01
5.1568E-06,-6.32324E-01
5.1584E-06,-7.44629E-01
5.1600E-06,-7.93457E-01
5.1616E-06,-8.27637E-01
5.1632E-06,-8.03223E-01
5.1648E-06,-7.49512E-01
5.1664E-06,-6.42090E-01
5.1680E-06,-5.05371E-01
5.1696E-06,-3.73535E-01
5.1712E-06,-1.97754E-01
5.1728E-06,-1.70898E-02
5.1744E-06,1.83105E-01
5.1760E-06,3.58887E-01
5.1776E-06,5.29785E-01
5.1792E-06,6.46973E-01
5.1808E-06,7.59277E-01
5.1824E-06,8.22754E-01
5.1840E-06,8.61816E-01
5.1856E-06,8.52051E-01
5.1872E-06,7.83691E-01
5.1888E-06,6.95801E-01
5.1904E-06,5.54199E-01
5.1920E-06,4.02832E-01
5.1936E-06,2.46582E-01
5.1952E-06,3.66211E-02
5.1968E-06,-1.29395E-01
5.1984E-06,-3.10059E-01
5.2000E-06,-4.85840E-01
5.2016E-06,-6.22559E-01
5.2032E-06,-7.20215E-01
5.2048E-06,-7.93457E-01
5.2064E-06,-8.22754E-01
5.2080E-06,-8.03223E-01
5.2096E-06,-7.59277E-01
5.2112E-06,-6.61621E-01
5.2128E-06,-5.34668E-01
5.2144E-06,-3.73535E-01
5.2160E-06,-2.27051E-01
5.2176E-06,-3.17383E-02
5.2192E-06,1.58691E-01
5.2208E-06,3.24707E-01
5.2224E-06,5.00488E-01
5.2240E-06,6.27441E-01
5.2256E-06,7.49512E-01
5.2272E-06,8.17871E-01
5.2288E-06,8.42285E-01
5.2304E-06,8.27637E-01
5.2320E-06,7.88574E-01
5.2336E-06,6.95801E-01
5.2352E-06,5.73730E-01
5.2368E-06,4.27246E-01
5.2384E-06,2.46582E-01
5.2400E-06,5.12695E-02
5.2416E-06,-1.24512E-01
5.2432E-06,-3.05176E-01
5.2448E-06,-4.56543E-01
5.2464E-06,-6.03027E-01
5.2480E-06,-7.15332E-01
5.2496E-06,-7.83691E-01
5.2512E-06,-8.32520E-01
5.2528E-06,-8.12988E-01
5.2544E-06,-7.69043E-01
5.2560E-06,-6.76270E-01
5.2576E-06,-5.59082E-01
5.2592E-06,-3.97949E-01
5.2608E-06,-2.56348E-01
5.2624E-06,-5.12695E-02
5.2640E-06,1.39160E-01
5.2656E-06,3.14941E-01
5.2672E-06,4.76074E-01
5.2688E-06,6.12793E-01
5.2704E-06,7.34863E-01
5.2720E-06,8.08105E-01
5.2736E-06,8.42285E-01
5.2752E-06,8.42285E-01
5.2768E-06,8.03223E-01
5.2784E-06,7.20215E-01
5.2800E-06,5.93262E-01
5.2816E-06,4.46777E-01
5.2832E-06,2.85645E-01
5.2848E-06,9.03320E-02
5.2864E-06,-8.05664E-02
5.2880E-06,-2.70996E-01
5.2896E-06,-4.37012E-01
5.2912E-06,-5.88379E-01
5.2928E-06,-6.95801E-01
5.2944E-06,-7.64160E-01
5.2960E-06,-8.22754E-01
5.2976E-06,-8.22754E-01
5.2992E-06,-7.88574E-01
5.3008E-06,-6.86035E-01
5.3024E-06,-5.78613E-01
5.3040E-06,-4.17480E-01
5.3056E-06,-2.66113E-01
5.3072E-06,-7.08008E-02
5.3088E-06,1.09863E-01
5.3104E-06,2.85645E-01
5.3120E-06,4.56543E-01
5.3136E-06,5.88379E-01
5.3152E-06,7.05566E-01
5.3168E-06,8.12988E-01
5.3184E-06,8.56934E-01
5.3200E-06,8.47168E-01
5.3216E-06,8.17871E-01
5.3232E-06,7.29980E-01
5.3248E-06,6.17676E-01
5.3264E-06,4.76074E-01
5.3280E-06,3.19824E-01
5.3296E-06,1.24512E-01
5.3312E-06,-6.59180E-02
5.3328E-06,-2.41699E-01
5.3344E-06,-4.27246E-01
5.3360E-06,-5.59082E-01
5.3376E-06,-7.00684E-01
5.3392E-06,-7.59277E-01
5.3408E-06,-8.12988E-01
5.3424E-06,-8.17871E-01
5.3440E-06,-7.83691E-01
5.3456E-06,-7.00684E-01
5.3472E-06,-5.83496E-01
5.3488E-06,-4.32129E-01
5.3504E-06,-3.00293E-01
5.3520E-06,-1.04980E-01
5.3536E-06,8.54492E-02
5.3552E-06,2.70996E-01
5.3568E-06,4.37012E-01
5.3584E-06,5.68848E-01
5.3600E-06,7.10449E-01
5.3616E-06,8.03223E-01
5.3632E-06,8.47168E-01
5.3648E-06,8.52051E-01
5.3664E-06,8.22754E-01
5.3680E-06,7.44629E-01
5.3696E-06,6.37207E-01
5.3712E-06,4.95605E-01
5.3728E-06,3.19824E-01
5.3744E-06,1.39160E-01
5.3760E-06,-3.66211E-02
5.3776E-06,-2.46582E-01
5.3792E-06,-3.78418E-01
5.3808E-06,-5.54199E-01
5.3824E-06,-6.76270E-01
5.3840E-06,-7.54395E-01
5.3856E-06,-8.08105E-01
5.3872E-06,-8.22754E-01
5.3888E-06,-8.03223E-01
5.3904E-06,-7.20215E-01
5.3920E-06,-6.07910E-01
5.3936E-06,-4.66309E-01
5.3952E-06,-3.10059E-01
5.3968E-06,-1.19629E-01
5.3984E-06,6.10352E-02
5.4000E-06,2.46582E-01
5.4016E-06,4.02832E-01
5.4032E-06,5.68848E-01
5.4048E-06,6.90918E-01
5.4064E-06,7.93457E-01
5.4080E-06,8.32520E-01
5.4096E-06,8.42285E-01
5.4112E-06,8.22754E-01
5.4128E-06,7.54395E-01
5.4144E-06,6.46973E-01
5.4160E-06,5.10254E-01
5.4176E-06,3.44238E-01
5.4192E-06,1.68457E-01
5.4208E-06,-3.17383E-02
5.4224E-06,-1.97754E-01
5.4240E-06,-3.68652E-01
5.4256E-06,-5.24902E-01
5.4272E-06,-6.61621E-01
5.4288E-06,-7.49512E-01
5.4304E-06,-8.03223E-01
5.4320E-06,-8.22754E-01
5.4336E-06,-8.12988E-01
5.4352E-06,-7.29980E-01
5.4368E-06,-6.12793E-01
5.4384E-06,-4.66309E-01
5.4400E-06,-3.29590E-01
5.4416E-06,-1.63574E-01
5.4432E-06,3.66211E-02
5.4448E-06,2.12402E-01
5.4464E-06,3.88184E-01
5.4480E-06,5.44434E-01
5.4496E-06,6.66504E-01
5.4512E-06,7.78809E-01
5.4528E-06,8.37402E-01
5.4544E-06,8.37402E-01
5.4560E-06,8.27637E-01
5.4576E-06,7.49512E-01
5.4592E-06,6.61621E-01
5.4608E-06,5.39551E-01
5.4624E-06,3.73535E-01
5.4640E-06,1.97754E-01
5.4656E-06,1.70898E-02
5.4672E-06,-1.78223E-01
5.4688E-06,-3.49121E-01
5.4704E-06,-5.20020E-01
5.4720E-06,-6.37207E-01
5.4736E-06,-7.34863E-01
5.4752E-06,-8.17871E-01
5.4768E-06,-8.22754E-01
5.4784E-06,-8.03223E-01
5.4800E-06,-7.34863E-01
5.4816E-06,-6.27441E-01
5.4832E-06,-5.00488E-01
5.4848E-06,-3.54004E-01
5.4864E-06,-1.87988E-01
5.4880E-06,1.70898E-02
5.4896E-06,1.92871E-01
5.4912E-06,3.68652E-01
5.4928E-06,5.15137E-01
5.4944E-06,6.61621E-01
5.4960E-06,7.59277E-01
5.4976E-06,8.32520E-01
5.4992E-06,8.42285E-01
5.5008E-06,8.32520E-01
5.5024E-06,7.83691E-01
5.5040E-06,6.61621E-01
5.5056E-06,5.49316E-01
5.5072E-06,3.73535E-01
5.5088E-06,1.97754E-01
5.5104E-06,1.70898E-02
5.5120E-06,-1.44043E-01
5.5136E-06,-3.34473E-01
5.5152E-06,-5.05371E-01
5.5168E-06,-6.37207E-01
5.5184E-06,-7.39746E-01
5.5200E-06,-7.98340E-01
5.5216E-06,-8.22754E-01
5.5232E-06,-7.93457E-01
5.5248E-06,-7.59277E-01
5.5264E-06,-6.51855E-01
5.5280E-06,-5.24902E-01
5.5296E-06,-3.88184E-01
5.5312E-06,-1.97754E-01
5.5328E-06,-3.17383E-02
5.5344E-06,1.78223E-01
5.5360E-06,3.49121E-01
5.5376E-06,4.95605E-01
5.5392E-06,6.51855E-01
5.5408E-06,7.54395E-01
5.5424E-06,8.22754E-01
5.5440E-06,8.42285E-01
5.5456E-06,8.47168E-01
5.5472E-06,7.83691E-01
5.5488E-06,6.95801E-01
5.5504E-06,5.73730E-01
5.5520E-06,4.02832E-01
5.5536E-06,2.46582E-01
5.5552E-06,5.61523E-02
5.5568E-06,-1.29395E-01
5.5584E-06,-3.14941E-01
5.5600E-06,-4.66309E-01
5.5616E-06,-6.12793E-01
5.5632E-06,-7.15332E-01
5.5648E-06,-7.73926E-01
5.5664E-06,-8.32520E-01
5.5680E-06,-8.03223E-01
5.5696E-06,-7.54395E-01
5.5712E-06,-6.66504E-01
5.5728E-06,-5.29785E-01
5.5744E-06,-3.78418E-01
5.5760E-06,-2.27051E-01
5.5776E-06,-5.12695E-02
5.5792E-06,1.39160E-01
5.5808E-06,3.29590E-01
5.5824E-06,4.80957E-01
5.5840E-06,6.27441E-01
5.5856E-06,7.44629E-01
5.5872E-06,8.08105E-01
5.5888E-06,8.47168E-01
5.5904E-06,8.52051E-01
5.5920E-06,7.88574E-01
5.5936E-06,7.05566E-01
5.5952E-06,5.88379E-01
5.5968E-06,4.27246E-01
5.5984E-06,2.51465E-01
5.6000E-06,8.54492E-02
5.6016E-06,-1.14746E-01
5.6032E-06,-2.85645E-01
5.6048E-06,-4.61426E-01
5.6064E-06,-6.07910E-01
5.6080E-06,-7.10449E-01
5.6096E-06,-7.73926E-01
5.6112E-06,-8.17871E-01
5.6128E-06,-8.22754E-01
5.6144E-06,-7.54395E-01
5.6160E-06,-6.86035E-01
5.6176E-06,-5.49316E-01
5.6192E-06,-4.17480E-01
5.6208E-06,-2.61230E-01
5.6224E-06,-7.56836E-02
5.6240E-06,1.24512E-01
5.6256E-06,3.05176E-01
5.6272E-06,4.66309E-01
5.6288E-06,6.03027E-01
5.6304E-06,7.25098E-01
5.6320E-06,8.03223E-01
5.6336E-06,8.52051E-01
5.6352E-06,8.42285E-01
5.6368E-06,8.03223E-01
5.6384E-06,7.25098E-01
5.6400E-06,6.03027E-01
5.6416E-06,4.46777E-01
5.6432E-06,2.85645E-01
5.6448E-06,9.03320E-02
5.6464E-06,-8.54492E-02
5.6480E-06,-2.66113E-01
5.6496E-06,-4.41895E-01
5.6512E-06,-5.88379E-01
5.6528E-06,-6.95801E-01
5.6544E-06,-7.69043E-01
5.6560E-06,-8.22754E-01
5.6576E-06,-8.03223E-01
5.6592E-06,-7.64160E-01
5.6608E-06,-6.86035E-01
5.6624E-06,-5.78613E-01
5.6640E-06,-4.32129E-01
5.6656E-06,-2.70996E-01
5.6672E-06,-8.05664E-02
5.6688E-06,9.52148E-02
5.6704E-06,2.80762E-01
5.6720E-06,4.51660E-01
5.6736E-06,5.93262E-01
5.6752E-06,7.15332E-01
5.6768E-06,7.93457E-01
5.6784E-06,8.47168E-01
5.6800E-06,8.47168E-01
5.6816E-06,8.22754E-01
5.6832E-06,7.20215E-01
5.6848E-06,6.22559E-01
5.6864E-06,4.76074E-01
5.6880E-06,3.14941E-01
5.6896E-06,1.09863E-01
5.6912E-06,-7.56836E-02
5.6928E-06,-2.51465E-01
5.6944E-06,-4.12598E-01
5.6960E-06,-5.54199E-01
5.6976E-06,-6.95801E-01
5.6992E-06,-7.54395E-01
5.7008E-06,-8.03223E-01
5.7024E-06,-8.27637E-01
5.7040E-06,-7.88574E-01
5.7056E-06,-7.05566E-01
5.7072E-06,-5.98145E-01
5.7088E-06,-4.61426E-01
5.7104E-06,-2.95410E-01
5.7120E-06,-1.24512E-01
5.7136E-06,7.56836E-02
5.7152E-06,2.56348E-01
5.7168E-06,4.37012E-01
5.7184E-06,5.59082E-01
5.7200E-06,6.95801E-01
5.7216E-06,7.83691E-01
5.7232E-06,8.47168E-01
5.7248E-06,8.52051E-01
5.7264E-06,8.22754E-01
5.7280E-06,7.49512E-01
5.7296E-06,6.37207E-01
5.7312E-06,4.95605E-01
5.7328E-06,3.14941E-01
5.7344E-06,1.29395E-01
5.7360E-06,-4.63867E-02
5.7376E-06,-2.12402E-01
5.7392E-06,-3.63770E-01
5.7408E-06,-5.44434E-01
5.7424E-06,-6.66504E-01
5.7440E-06,-7.49512E-01
5.7456E-06,-8.03223E-01
5.7472E-06,-8.32520E-01
5.7488E-06,-7.88574E-01
5.7504E-06,-7.20215E-01
5.7520E-06,-6.07910E-01
5.7536E-06,-4.71191E-01
5.7552E-06,-3.24707E-01
5.7568E-06,-1.44043E-01
5.7584E-06,5.61523E-02
5.7600E-06,2.31934E-01
5.7616E-06,4.02832E-01
5.7632E-06,5.63965E-01
5.7648E-06,6.95801E-01
5.7664E-06,7.64160E-01
5.7680E-06,8.42285E-01
5.7696E-06,8.56934E-01
5.7712E-06,8.32520E-01
5.7728E-06,7.44629E-01
5.7744E-06,6.37207E-01
5.7760E-06,5.10254E-01
5.7776E-06,3.54004E-01
5.7792E-06,1.78223E-01
5.7808E-06,-1.70898E-02
5.7824E-06,-1.92871E-01
5.7840E-06,-3.68652E-01
5.7856E-06,-5.29785E-01
5.7872E-06,-6.61621E-01
5.7888E-06,-7.44629E-01
5.7904E-06,-8.17871E-01
5.7920E-06,-8.22754E-01
5.7936E-06,-8.03223E-01
5.7952E-06,-7.15332E-01
5.7968E-06,-6.27441E-01
5.7984E-06,-4.85840E-01
5.8000E-06,-3.44238E-01
5.8016E-06,-1.63574E-01
5.8032E-06,2.19727E-02
5.8048E-06,1.97754E-01
5.8064E-06,3.83301E-01
5.8080E-06,5.49316E-01
5.8096E-06,6.71387E-01
5.8112E-06,7.83691E-01
5.8128E-06,8.22754E-01
5.8144E-06,8.42285E-01
5.8160E-06,8.32520E-01
5.8176E-06,7.78809E-01
5.8192E-06,6.56738E-01
5.8208E-06,5.29785E-01
5.8224E-06,3.68652E-01
5.8240E-06,1.87988E-01
5.8256E-06,1.22070E-02
5.8272E-06,-1.48926E-01
5.8288E-06,-3.39355E-01
5.8304E-06,-5.10254E-01
5.8320E-06,-6.46973E-01
5.8336E-06,-7.44629E-01
5.8352E-06,-8.03223E-01
5.8368E-06,-8.37402E-01
5.8384E-06,-8.03223E-01
5.8400E-06,-7.49512E-01
5.8416E-06,-6.51855E-01
5.8432E-06,-5.24902E-01
5.8448E-06,-3.49121E-01
5.8464E-06,-1.97754E-01
5.8480E-06,2.44141E-03
5.8496E-06,2.07520E-01
5.8512E-06,3.68652E-01
5.8528E-06,5.29785E-01
5.8544E-06,6.56738E-01
5.8560E-06,7.69043E-01
5.8576E-06,8.27637E-01
5.8592E-06,8.47168E-01
5.8608E-06,8.42285E-01
5.8624E-06,7.83691E-01
5.8640E-06,6.81152E-01
5.8656E-06,5.54199E-01
5.8672E-06,4.02832E-01
5.8688E-06,2.07520E-01
5.8704E-06,3.17383E-02
5.8720E-06,-1.34277E-01
5.8736E-06,-3.24707E-01
5.8752E-06,-4.85840E-01
5.8768E-06,-6.22559E-01
5.8784E-06,-7.34863E-01
5.8800E-06,-7.98340E-01
5.8816E-06,-8.22754E-01
5.8832E-06,-8.03223E-01
5.8848E-06,-7.54395E-01
5.8864E-06,-6.61621E-01
5.8880E-06,-5.49316E-01
5.8896E-06,-3.83301E-01
5.8912E-06,-2.02637E-01
5.8928E-06,-3.17383E-02
5.8944E-06,1.58691E-01
5.8960E-06,3.34473E-01
5.8976E-06,4.90723E-01
5.8992E-06,6.32324E-01
5.9008E-06,7.49512E-01
5.9024E-06,8.27637E-01
5.9040E-06,8.56934E-01
5.9056E-06,8.42285E-01
5.9072E-06,7.88574E-01
5.9088E-06,7.05566E-01
5.9104E-06,5.73730E-01
5.9120E-06,4.07715E-01
5.9136E-06,2.36816E-01
5.9152E-06,5.61523E-02
5.9168E-06,-1.19629E-01
5.9184E-06,-3.05176E-01
5.9200E-06,-4.66309E-01
5.9216E-06,-6.32324E-01
5.9232E-06,-7.20215E-01
5.9248E-06,-7.88574E-01
5.9264E-06,-8.22754E-01
5.9280E-06,-8.12988E-01
5.9296E-06,-7.64160E-01
5.9312E-06,-6.76270E-01
5.9328E-06,-5.49316E-01
5.9344E-06,-4.07715E-01
5.9360E-06,-2.31934E-01
5.9376E-06,-5.12695E-02
5.9392E-06,1.29395E-01
5.9408E-06,3.14941E-01
5.9424E-06,4.76074E-01
5.9440E-06,6.03027E-01
5.9456E-06,7.29980E-01
5.9472E-06,8.08105E-01
5.9488E-06,8.47168E-01
5.9504E-06,8.56934E-01
5.9520E-06,8.03223E-01
5.9536E-06,7.15332E-01
5.9552E-06,5.93262E-01
5.9568E-06,4.46777E-01
5.9584E-06,2.56348E-01
5.9600E-06,8.05664E-02
5.9616E-06,-1.04980E-01
5.9632E-06,-2.80762E-01
5.9648E-06,-4.46777E-01
5.9664E-06,-5.98145E-01
5.9680E-06,-6.86035E-01
5.9696E-06,-7.73926E-01
5.9712E-06,-8.27637E-01
5.9728E-06,-8.08105E-01
5.9744E-06,-7.73926E-01
5.9760E-06,-6.86035E-01
5.9776E-06,-5.73730E-01
5.9792E-06,-4.17480E-01
5.9808E-06,-2.31934E-01
5.9824E-06,-8.54492E-02
5.9840E-06,1.09863E-01
5.9856E-06,2.95410E-01
5.9872E-06,4.51660E-01
5.9888E-06,6.07910E-01
5.9904E-06,7.15332E-01
5.9920E-06,8.08105E-01
5.9936E-06,8.52051E-01
5.9952E-06,8.52051E-01
5.9968E-06,7.98340E-01
5.9984E-06,7.25098E-01
6.0000E-06,6.07910E-01
6.0016E-06,4.46777E-01
6.0032E-06,2.85645E-01
6.0048E-06,9.52148E-02
6.0064E-06,-7.56836E-02
6.0080E-06,-2.41699E-01
6.0096E-06,-4.37012E-01
6.0112E-06,-5.83496E-01
6.0128E-06,-6.81152E-01
6.0144E-06,-7.73926E-01
6.0160E-06,-8.17871E-01
6.0176E-06,-8.08105E-01
6.0192E-06,-7.69043E-01
6.0208E-06,-6.86035E-01
6.0224E-06,-5.88379E-01
6.0240E-06,-4.46777E-01
6.0256E-06,-2.85645E-01
6.0272E-06,-1.04980E-01
6.0288E-06,1.00098E-01
6.0304E-06,2.61230E-01
6.0320E-06,4.46777E-01
6.0336E-06,5.88379E-01
6.0352E-06,7.05566E-01
6.0368E-06,7.98340E-01
6.0384E-06,8.52051E-01
6.0400E-06,8.42285E-01
6.0416E-06,8.17871E-01
6.0432E-06,7.39746E-01
6.0448E-06,6.22559E-01
6.0464E-06,4.76074E-01
6.0480E-06,3.05176E-01
6.0496E-06,1.24512E-01
6.0512E-06,-4.15039E-02
6.0528E-06,-2.17285E-01
6.0544E-06,-3.97949E-01
6.0560E-06,-5.68848E-01
6.0576E-06,-6.76270E-01
6.0592E-06,-7.73926E-01
6.0608E-06,-8.12988E-01
6.0624E-06,-8.08105E-01
6.0640E-06,-7.73926E-01
6.0656E-06,-7.20215E-01
6.0672E-06,-5.98145E-01
6.0688E-06,-4.46777E-01
6.0704E-06,-3.00293E-01
6.0720E-06,-1.34277E-01
6.0736E-06,8.54492E-02
6.0752E-06,2.56348E-01
6.0768E-06,4.02832E-01
6.0784E-06,5.73730E-01
6.0800E-06,6.95801E-01
6.0816E-06,8.03223E-01
6.0832E-06,8.47168E-01
6.0848E-06,8.52051E-01
6.0864E-06,8.22754E-01
6.0880E-06,7.44629E-01
6.0896E-06,6.42090E-01
6.0912E-06,5.10254E-01
6.0928E-06,3.29590E-01
6.0944E-06,1.44043E-01
6.0960E-06,-1.22070E-02
6.0976E-06,-2.22168E-01
6.0992E-06,-3.83301E-01
6.1008E-06,-5.44434E-01
6.1024E-06,-6.71387E-01
6.1040E-06,-7.49512E-01
6.1056E-06,-8.08105E-01
6.1072E-06,-8.22754E-01
6.1088E-06,-7.88574E-01
6.1104E-06,-7.20215E-01
6.1120E-06,-6.27441E-01
6.1136E-06,-4.85840E-01
6.1152E-06,-3.34473E-01
6.1168E-06,-1.63574E-01
6.1184E-06,4.15039E-02
6.1200E-06,2.22168E-01
6.1216E-06,3.93066E-01
6.1232E-06,5.63965E-01
6.1248E-06,6.81152E-01
6.1264E-06,7.73926E-01
6.1280E-06,8.42285E-01
6.1296E-06,8.56934E-01
6.1312E-06,8.32520E-01
6.1328E-06,7.44629E-01
6.1344E-06,6.61621E-01
6.1360E-06,5.24902E-01
6.1376E-06,3.44238E-01
6.1392E-06,1.83105E-01
6.1408E-06,2.44141E-03
6.1424E-06,-1.78223E-01
6.1440E-06,-3.58887E-01
6.1456E-06,-5.15137E-01
6.1472E-06,-6.61621E-01
6.1488E-06,-7.39746E-01
6.1504E-06,-7.98340E-01
6.1520E-06,-8.37402E-01
6.1536E-06,-8.03223E-01
6.1552E-06,-7.39746E-01
6.1568E-06,-6.27441E-01
6.1584E-06,-4.95605E-01
6.1600E-06,-3.39355E-01
6.1616E-06,-1.63574E-01
6.1632E-06,1.22070E-02
6.1648E-06,2.07520E-01
6.1664E-06,3.63770E-01
6.1680E-06,5.20020E-01
6.1696E-06,6.61621E-01
6.1712E-06,7.73926E-01
6.1728E-06,8.47168E-01
6.1744E-06,8.52051E-01
6.1760E-06,8.27637E-01
6.1776E-06,7.64160E-01
6.1792E-06,6.76270E-01
6.1808E-06,5.59082E-01
6.1824E-06,3.88184E-01
6.1840E-06,1.97754E-01
6.1856E-06,2.68555E-02
6.1872E-06,-1.68457E-01
6.1888E-06,-3.39355E-01
6.1904E-06,-5.15137E-01
6.1920E-06,-6.37207E-01
6.1936E-06,-7.49512E-01
6.1952E-06,-8.03223E-01
6.1968E-06,-8.27637E-01
6.1984E-06,-8.03223E-01
6.2000E-06,-7.39746E-01
6.2016E-06,-6.56738E-01
6.2032E-06,-5.05371E-01
6.2048E-06,-3.83301E-01
6.2064E-06,-1.87988E-01
6.2080E-06,-2.44141E-03
6.2096E-06,1.68457E-01
6.2112E-06,3.44238E-01
6.2128E-06,5.10254E-01
6.2144E-06,6.46973E-01
6.2160E-06,7.44629E-01
6.2176E-06,8.12988E-01
6.2192E-06,8.56934E-01
6.2208E-06,8.37402E-01
6.2224E-06,7.69043E-01
6.2240E-06,6.81152E-01
6.2256E-06,5.73730E-01
6.2272E-06,3.93066E-01
6.2288E-06,2.27051E-01
6.2304E-06,4.15039E-02
6.2320E-06,-1.24512E-01
6.2336E-06,-3.14941E-01
6.2352E-06,-4.85840E-01
6.2368E-06,-6.07910E-01
6.2384E-06,-7.20215E-01
6.2400E-06,-7.88574E-01
6.2416E-06,-8.12988E-01
6.2432E-06,-8.08105E-01
6.2448E-06,-7.64160E-01
6.2464E-06,-6.51855E-01
6.2480E-06,-5.44434E-01
6.2496E-06,-3.93066E-01
6.2512E-06,-2.07520E-01
6.2528E-06,-4.15039E-02
6.2544E-06,1.53809E-01
6.2560E-06,3.29590E-01
6.2576E-06,4.95605E-01
6.2592E-06,6.32324E-01
6.2608E-06,7.39746E-01
6.2624E-06,8.22754E-01
6.2640E-06,8.42285E-01
6.2656E-06,8.42285E-01
6.2672E-06,7.83691E-01
6.2688E-06,7.00684E-01
6.2704E-06,5.83496E-01
6.2720E-06,4.37012E-01
6.2736E-06,2.61230E-01
6.2752E-06,6.10352E-02
6.2768E-06,-1.00098E-01
6.2784E-06,-3.05176E-01
6.2800E-06,-4.66309E-01
6.2816E-06,-6.07910E-01
6.2832E-06,-7.10449E-01
6.2848E-06,-7.83691E-01
6.2864E-06,-8.17871E-01
6.2880E-06,-8.12988E-01
6.2896E-06,-7.64160E-01
6.2912E-06,-6.81152E-01
6.2928E-06,-5.54199E-01
6.2944E-06,-3.93066E-01
6.2960E-06,-2.22168E-01
6.2976E-06,-5.61523E-02
6.2992E-06,1.39160E-01
6.3008E-06,3.05176E-01
6.3024E-06,4.80957E-01
6.3040E-06,6.03027E-01
6.3056E-06,7.15332E-01
6.3072E-06,8.08105E-01
6.3088E-06,8.47168E-01
6.3104E-06,8.37402E-01
6.3120E-06,7.93457E-01
6.3136E-06,7.25098E-01
6.3152E-06,6.03027E-01
6.3168E-06,4.61426E-01
6.3184E-06,2.70996E-01
6.3200E-06,8.54492E-02
6.3216E-06,-7.56836E-02
6.3232E-06,-2.61230E-01
6.3248E-06,-4.32129E-01
6.3264E-06,-5.88379E-01
6.3280E-06,-6.95801E-01
6.3296E-06,-7.83691E-01
6.3312E-06,-8.32520E-01
6.3328E-06,-8.08105E-01
6.3344E-06,-7.73926E-01
6.3360E-06,-6.66504E-01
6.3376E-06,-5.78613E-01
6.3392E-06,-4.27246E-01
6.3408E-06,-2.66113E-01
6.3424E-06,-1.04980E-01
6.3440E-06,1.00098E-01
6.3456E-06,2.75879E-01
6.3472E-06,4.51660E-01
6.3488E-06,5.98145E-01
6.3504E-06,7.15332E-01
6.3520E-06,8.12988E-01
6.3536E-06,8.52051E-01
6.3552E-06,8.42285E-01
6.3568E-06,7.93457E-01
6.3584E-06,7.29980E-01
6.3600E-06,6.22559E-01
6.3616E-06,4.90723E-01
6.3632E-06,2.95410E-01
6.3648E-06,1.09863E-01
6.3664E-06,-6.59180E-02
6.3680E-06,-2.51465E-01
6.3696E-06,-4.27246E-01
6.3712E-06,-5.63965E-01
6.3728E-06,-7.00684E-01
6.3744E-06,-7.83691E-01
6.3760E-06,-8.12988E-01
6.3776E-06,-8.22754E-01
6.3792E-06,-7.78809E-01
6.3808E-06,-7.10449E-01
6.3824E-06,-5.93262E-01
6.3840E-06,-4.41895E-01
6.3856E-06,-2.95410E-01
6.3872E-06,-1.19629E-01
6.3888E-06,7.56836E-02
6.3904E-06,2.56348E-01
6.3920E-06,4.37012E-01
6.3936E-06,5.83496E-01
6.3952E-06,7.05566E-01
6.3968E-06,8.03223E-01
6.3984E-06,8.47168E-01
6.4000E-06,8.42285E-01
6.4016E-06,8.17871E-01
6.4032E-06,7.44629E-01
6.4048E-06,6.27441E-01
6.4064E-06,4.76074E-01
6.4080E-06,3.24707E-01
6.4096E-06,1.34277E-01
6.4112E-06,-3.66211E-02
6.4128E-06,-2.31934E-01
6.4144E-06,-3.93066E-01
6.4160E-06,-5.54199E-01
6.4176E-06,-6.76270E-01
6.4192E-06,-7.59277E-01
6.4208E-06,-8.17871E-01
6.4224E-06,-8.22754E-01
6.4240E-06,-7.88574E-01
6.4256E-06,-7.25098E-01
6.4272E-06,-6.03027E-01
6.4288E-06,-4.66309E-01
6.4304E-06,-3.14941E-01
6.4320E-06,-1.39160E-01
6.4336E-06,6.59180E-02
6.4352E-06,2.41699E-01
6.4368E-06,3.97949E-01
6.4384E-06,5.59082E-01
6.4400E-06,7.10449E-01
6.4416E-06,7.88574E-01
6.4432E-06,8.52051E-01
6.4448E-06,8.61816E-01
6.4464E-06,8.22754E-01
6.4480E-06,7.44629E-01
6.4496E-06,6.42090E-01
6.4512E-06,5.05371E-01
6.4528E-06,3.39355E-01
6.4544E-06,1.63574E-01
6.4560E-06,-2.44141E-03
6.4576E-06,-1.97754E-01
6.4592E-06,-3.68652E-01
6.4608E-06,-5.44434E-01
6.4624E-06,-6.56738E-01
6.4640E-06,-7.69043E-01
6.4656E-06,-8.08105E-01
6.4672E-06,-8.22754E-01
6.4688E-06,-7.88574E-01
6.4704E-06,-7.34863E-01
6.4720E-06,-6.27441E-01
6.4736E-06,-5.00488E-01
6.4752E-06,-3.24707E-01
6.4768E-06,-1.58691E-01
6.4784E-06,4.15039E-02
6.4800E-06,2.22168E-01
6.4816E-06,3.83301E-01
6.4832E-06,5.54199E-01
6.4848E-06,6.66504E-01
6.4864E-06,7.73926E-01
6.4880E-06,8.27637E-01
6.4896E-06,8.47168E-01
6.4912E-06,8.27637E-01
6.4928E-06,7.73926E-01
6.4944E-06,6.61621E-01
6.4960E-06,5.34668E-01
6.4976E-06,3.78418E-01
6.4992E-06,1.92871E-01
6.5008E-06,1.22070E-02
6.5024E-06,-1.87988E-01
6.5040E-06,-3.63770E-01
6.5056E-06,-5.20020E-01
6.5072E-06,-6.56738E-01
6.5088E-06,-7.49512E-01
6.5104E-06,-8.12988E-01
6.5120E-06,-8.22754E-01
6.5136E-06,-7.88574E-01
6.5152E-06,-7.54395E-01
6.5168E-06,-6.42090E-01
6.5184E-06,-5.10254E-01
6.5200E-06,-3.44238E-01
6.5216E-06,-1.92871E-01
6.5232E-06,2.19727E-02
6.5248E-06,1.97754E-01
6.5264E-06,3.58887E-01
6.5280E-06,5.20020E-01
6.5296E-06,6.61621E-01
6.5312E-06,7.64160E-01
6.5328E-06,8.27637E-01
6.5344E-06,8.52051E-01
6.5360E-06,8.27637E-01
6.5376E-06,7.78809E-01
6.5392E-06,6.86035E-01
6.5408E-06,5.54199E-01
6.5424E-06,3.97949E-01
6.5440E-06,2.02637E-01
6.5456E-06,1.70898E-02
6.5472E-06,-1.44043E-01
6.5488E-06,-3.49121E-01
6.5504E-06,-5.00488E-01
6.5520E-06,-6.42090E-01
6.5536E-06,-7.44629E-01
6.5552E-06,-8.08105E-01
6.5568E-06,-8.32520E-01
6.5584E-06,-8.03223E-01
6.5600E-06,-7.44629E-01
6.5616E-06,-6.66504E-01
6.5632E-06,-5.34668E-01
6.5648E-06,-3.68652E-01
6.5664E-06,-2.12402E-01
6.5680E-06,-1.22070E-02
6.5696E-06,1.87988E-01
6.5712E-06,3.49121E-01
6.5728E-06,4.95605E-01
6.5744E-06,6.46973E-01
6.5760E-06,7.59277E-01
6.5776E-06,8.22754E-01
6.5792E-06,8.47168E-01
6.5808E-06,8.37402E-01
6.5824E-06,7.69043E-01
6.5840E-06,6.86035E-01
6.5856E-06,5.68848E-01
6.5872E-06,4.12598E-01
6.5888E-06,2.41699E-01
6.5904E-06,6.10352E-02
6.5920E-06,-1.19629E-01
6.5936E-06,-3.05176E-01
6.5952E-06,-4.66309E-01
6.5968E-06,-6.07910E-01
6.5984E-06,-7.20215E-01
6.6000E-06,-7.88574E-01
6.6016E-06,-8.22754E-01
6.6032E-06,-8.03223E-01
6.6048E-06,-7.54395E-01
6.6064E-06,-6.66504E-01
6.6080E-06,-5.34668E-01
6.6096E-06,-3.88184E-01
6.6112E-06,-2.27051E-01
6.6128E-06,-3.66211E-02
6.6144E-06,1.48926E-01
6.6160E-06,3.29590E-01
6.6176E-06,4.90723E-01
6.6192E-06,6.17676E-01
6.6208E-06,7.39746E-01
6.6224E-06,8.32520E-01
6.6240E-06,8.52051E-01
6.6256E-06,8.37402E-01
6.6272E-06,8.03223E-01
6.6288E-06,7.10449E-01
6.6304E-06,5.88379E-01
6.6320E-06,4.46777E-01
6.6336E-06,2.56348E-01
6.6352E-06,6.10352E-02
6.6368E-06,-1.04980E-01
6.6384E-06,-2.90527E-01
6.6400E-06,-4.51660E-01
6.6416E-06,-5.93262E-01
6.6432E-06,-7.15332E-01
6.6448E-06,-7.98340E-01
6.6464E-06,-8.17871E-01
6.6480E-06,-8.08105E-01
6.6496E-06,-7.73926E-01
6.6512E-06,-6.95801E-01
6.6528E-06,-5.59082E-01
6.6544E-06,-4.07715E-01
6.6560E-06,-2.66113E-01
6.6576E-06,-5.12695E-02
6.6592E-06,1.29395E-01
6.6608E-06,3.00293E-01
6.6624E-06,4.61426E-01
6.6640E-06,6.22559E-01
6.6656E-06,7.15332E-01
6.6672E-06,8.08105E-01
6.6688E-06,8.52051E-01
6.6704E-06,8.37402E-01
6.6720E-06,7.93457E-01
6.6736E-06,7.25098E-01
6.6752E-06,5.88379E-01
6.6768E-06,4.51660E-01
6.6784E-06,3.05176E-01
6.6800E-06,9.03320E-02
6.6816E-06,-7.08008E-02
6.6832E-06,-2.70996E-01
6.6848E-06,-4.27246E-01
6.6864E-06,-5.78613E-01
6.6880E-06,-7.15332E-01
6.6896E-06,-7.88574E-01
6.6912E-06,-8.27637E-01
6.6928E-06,-8.17871E-01
6.6944E-06,-7.78809E-01
6.6960E-06,-7.00684E-01
6.6976E-06,-5.93262E-01
6.6992E-06,-4.32129E-01
6.7008E-06,-2.85645E-01
6.7024E-06,-8.54492E-02
6.7040E-06,1.04980E-01
6.7056E-06,2.85645E-01
6.7072E-06,4.32129E-01
6.7088E-06,5.93262E-01
6.7104E-06,7.00684E-01
6.7120E-06,7.88574E-01
6.7136E-06,8.32520E-01
6.7152E-06,8.47168E-01
6.7168E-06,8.03223E-01
6.7184E-06,7.29980E-01
6.7200E-06,5.98145E-01
6.7216E-06,4.95605E-01
6.7232E-06,3.14941E-01
6.7248E-06,1.19629E-01
6.7264E-06,-6.10352E-02
6.7280E-06,-2.51465E-01
6.7296E-06,-4.17480E-01
6.7312E-06,-5.59082E-01
6.7328E-06,-6.81152E-01
6.7344E-06,-7.69043E-01
6.7360E-06,-8.08105E-01
6.7376E-06,-8.22754E-01
6.7392E-06,-7.88574E-01
6.7408E-06,-7.15332E-01
6.7424E-06,-5.88379E-01
6.7440E-06,-4.56543E-01
6.7456E-06,-3.05176E-01
6.7472E-06,-1.14746E-01
6.7488E-06,7.08008E-02
6.7504E-06,2.36816E-01
6.7520E-06,4.12598E-01
6.7536E-06,5.83496E-01
6.7552E-06,6.95801E-01
6.7568E-06,7.88574E-01
6.7584E-06,8.42285E-01
6.7600E-06,8.42285E-01
6.7616E-06,8.22754E-01
6.7632E-06,7.49512E-01
6.7648E-06,6.27441E-01
6.7664E-06,5.00488E-01
6.7680E-06,3.39355E-01
6.7696E-06,1.58691E-01
6.7712E-06,-2.68555E-02
6.7728E-06,-2.02637E-01
6.7744E-06,-3.88184E-01
6.7760E-06,-5.34668E-01
6.7776E-06,-6.76270E-01
6.7792E-06,-7.54395E-01
6.7808E-06,-8.08105E-01
6.7824E-06,-8.17871E-01
6.7840E-06,-7.98340E-01
6.7856E-06,-7.20215E-01
6.7872E-06,-6.12793E-01
6.7888E-06,-4.66309E-01
6.7904E-06,-3.10059E-01
6.7920E-06,-1.44043E-01
6.7936E-06,5.12695E-02
6.7952E-06,2.22168E-01
6.7968E-06,4.02832E-01
6.7984E-06,5.54199E-01
6.8000E-06,6.81152E-01
6.8016E-06,7.64160E-01
6.8032E-06,8.42285E-01
6.8048E-06,8.42285E-01
6.8064E-06,8.27637E-01
6.8080E-06,7.59277E-01
6.8096E-06,6.56738E-01
6.8112E-06,5.05371E-01
6.8128E-06,3.58887E-01
6.8144E-06,1.53809E-01
6.8160E-06,-7.32422E-03
6.8176E-06,-1.87988E-01
6.8192E-06,-3.63770E-01
6.8208E-06,-5.24902E-01
6.8224E-06,-6.61621E-01
6.8240E-06,-7.44629E-01
6.8256E-06,-8.08105E-01
6.8272E-06,-8.22754E-01
6.8288E-06,-7.93457E-01
6.8304E-06,-7.25098E-01
6.8320E-06,-6.12793E-01
6.8336E-06,-4.80957E-01
6.8352E-06,-3.39355E-01
6.8368E-06,-1.73340E-01
6.8384E-06,3.17383E-02
6.8400E-06,1.97754E-01
6.8416E-06,3.88184E-01
6.8432E-06,5.34668E-01
6.8448E-06,6.76270E-01
6.8464E-06,7.88574E-01
6.8480E-06,8.27637E-01
6.8496E-06,8.37402E-01
6.8512E-06,8.27637E-01
6.8528E-06,7.49512E-01
6.8544E-06,6.51855E-01
6.8560E-06,5.34668E-01
6.8576E-06,3.78418E-01
6.8592E-06,1.92871E-01
6.8608E-06,1.22070E-02
6.8624E-06,-1.68457E-01
6.8640E-06,-3.58887E-01
6.8656E-06,-5.20020E-01
6.8672E-06,-6.42090E-01
6.8688E-06,-7.44629E-01
6.8704E-06,-7.93457E-01
6.8720E-06,-8.37402E-01
6.8736E-06,-7.98340E-01
6.8752E-06,-7.39746E-01
6.8768E-06,-6.46973E-01
6.8784E-06,-5.20020E-01
6.8800E-06,-3.58887E-01
6.8816E-06,-1.97754E-01
6.8832E-06,1.22070E-02
6.8848E-06,1.92871E-01
6.8864E-06,3.58887E-01
6.8880E-06,5.20020E-01
6.8896E-06,6.46973E-01
6.8912E-06,7.64160E-01
6.8928E-06,8.22754E-01
6.8944E-06,8.56934E-01
6.8960E-06,8.22754E-01
6.8976E-06,7.73926E-01
6.8992E-06,6.95801E-01
6.9008E-06,5.54199E-01
6.9024E-06,4.07715E-01
6.9040E-06,2.31934E-01
6.9056E-06,3.66211E-02
6.9072E-06,-1.53809E-01
6.9088E-06,-3.24707E-01
6.9104E-06,-4.95605E-01
6.9120E-06,-6.27441E-01
6.9136E-06,-7.39746E-01
6.9152E-06,-7.83691E-01
6.9168E-06,-8.37402E-01
6.9184E-06,-8.17871E-01
6.9200E-06,-7.54395E-01
6.9216E-06,-6.51855E-01
6.9232E-06,-5.34668E-01
6.9248E-06,-3.88184E-01
6.9264E-06,-2.12402E-01
6.9280E-06,-3.66211E-02
6.9296E-06,1.44043E-01
6.9312E-06,3.39355E-01
6.9328E-06,5.00488E-01
6.9344E-06,6.32324E-01
6.9360E-06,7.54395E-01
6.9376E-06,8.27637E-01
6.9392E-06,8.47168E-01
6.9408E-06,8.22754E-01
6.9424E-06,7.83691E-01
6.9440E-06,6.86035E-01
6.9456E-06,5.83496E-01
6.9472E-06,4.22363E-01
6.9488E-06,2.41699E-01
6.9504E-06,6.59180E-02
6.9520E-06,-1.34277E-01
6.9536E-06,-3.05176E-01
6.9552E-06,-4.66309E-01
6.9568E-06,-6.22559E-01
6.9584E-06,-7.20215E-01
6.9600E-06,-7.93457E-01
6.9616E-06,-8.17871E-01
6.9632E-06,-8.22754E-01
6.9648E-06,-7.59277E-01
6.9664E-06,-6.76270E-01
6.9680E-06,-5.49316E-01
6.9696E-06,-3.93066E-01
6.9712E-06,-2.51465E-01
6.9728E-06,-6.10352E-02
6.9744E-06,1.24512E-01
6.9760E-06,3.19824E-01
6.9776E-06,4.56543E-01
6.9792E-06,6.22559E-01
6.9808E-06,7.25098E-01
6.9824E-06,8.08105E-01
6.9840E-06,8.42285E-01
6.9856E-06,8.52051E-01
6.9872E-06,7.88574E-01
6.9888E-06,7.25098E-01
6.9904E-06,5.98145E-01
6.9920E-06,4.32129E-01
6.9936E-06,2.51465E-01
6.9952E-06,6.10352E-02
6.9968E-06,-8.54492E-02
6.9984E-06,-2.80762E-01
7.0000E-06,-4.41895E-01
7.0016E-06,-6.17676E-01
7.0032E-06,-6.95801E-01
7.0048E-06,-7.69043E-01
7.0064E-06,-8.22754E-01
7.0080E-06,-8.12988E-01
7.0096E-06,-7.78809E-01
7.0112E-06,-6.81152E-01
7.0128E-06,-5.59082E-01
7.0144E-06,-4.27246E-01
7.0160E-06,-2.66113E-01
7.0176E-06,-7.56836E-02
7.0192E-06,1.04980E-01
7.0208E-06,2.95410E-01
7.0224E-06,4.56543E-01
7.0240E-06,6.03027E-01
7.0256E-06,7.15332E-01
7.0272E-06,8.08105E-01
7.0288E-06,8.32520E-01
7.0304E-06,8.37402E-01
7.0320E-06,8.12988E-01
7.0336E-06,7.10449E-01
7.0352E-06,6.12793E-01
7.0368E-06,4.66309E-01
7.0384E-06,2.75879E-01
7.0400E-06,1.04980E-01
7.0416E-06,-7.08008E-02
7.0432E-06,-2.46582E-01
7.0448E-06,-4.12598E-01
7.0464E-06,-5.88379E-01
7.0480E-06,-7.00684E-01
7.0496E-06,-7.69043E-01
7.0512E-06,-8.22754E-01
7.0528E-06,-8.27637E-01
7.0544E-06,-7.69043E-01
7.0560E-06,-6.76270E-01
7.0576E-06,-5.83496E-01
7.0592E-06,-4.37012E-01
7.0608E-06,-2.85645E-01
7.0624E-06,-1.14746E-01
7.0640E-06,9.03320E-02
7.0656E-06,2.66113E-01
7.0672E-06,4.32129E-01
7.0688E-06,5.93262E-01
7.0704E-06,6.90918E-01
7.0720E-06,7.93457E-01
7.0736E-06,8.37402E-01
7.0752E-06,8.47168E-01
7.0768E-06,8.03223E-01
7.0784E-06,7.25098E-01
7.0800E-06,6.22559E-01
7.0816E-06,4.90723E-01
7.0832E-06,3.05176E-01
7.0848E-06,1.24512E-01
7.0864E-06,-7.08008E-02
7.0880E-06,-2.31934E-01
7.0896E-06,-4.12598E-01
7.0912E-06,-5.68848E-01
7.0928E-06,-6.71387E-01
7.0944E-06,-7.54395E-01
7.0960E-06,-8.17871E-01
7.0976E-06,-8.17871E-01
7.0992E-06,-7.83691E-01
7.1008E-06,-7.05566E-01
7.1024E-06,-6.07910E-01
7.1040E-06,-4.66309E-01
7.1056E-06,-3.14941E-01
7.1072E-06,-1.24512E-01
7.1088E-06,7.08008E-02
7.1104E-06,2.41699E-01
7.1120E-06,4.12598E-01
7.1136E-06,5.68848E-01
7.1152E-06,6.95801E-01
7.1168E-06,7.69043E-01
7.1184E-06,8.37402E-01
7.1200E-06,8.61816E-01
7.1216E-06,8.03223E-01
7.1232E-06,7.49512E-01
7.1248E-06,6.46973E-01
7.1264E-06,4.90723E-01
7.1280E-06,3.54004E-01
7.1296E-06,1.48926E-01
7.1312E-06,-2.19727E-02
7.1328E-06,-1.97754E-01
7.1344E-06,-3.78418E-01
7.1360E-06,-5.34668E-01
7.1376E-06,-6.61621E-01
7.1392E-06,-7.54395E-01
7.1408E-06,-8.03223E-01
7.1424E-06,-8.22754E-01
7.1440E-06,-8.03223E-01
7.1456E-06,-7.20215E-01
7.1472E-06,-6.07910E-01
7.1488E-06,-4.80957E-01
7.1504E-06,-3.29590E-01
7.1520E-06,-1.53809E-01
7.1536E-06,5.12695E-02
7.1552E-06,2.36816E-01
7.1568E-06,4.02832E-01
7.1584E-06,5.39551E-01
7.1600E-06,6.71387E-01
7.1616E-06,7.83691E-01
7.1632E-06,8.27637E-01
7.1648E-06,8.52051E-01
7.1664E-06,8.27637E-01
7.1680E-06,7.69043E-01
7.1696E-06,6.56738E-01
7.1712E-06,5.10254E-01
7.1728E-06,3.58887E-01
7.1744E-06,1.68457E-01
7.1760E-06,-7.32422E-03
7.1776E-06,-1.68457E-01
7.1792E-06,-3.49121E-01
7.1808E-06,-5.29785E-01
7.1824E-06,-6.46973E-01
7.1840E-06,-7.34863E-01
7.1856E-06,-8.17871E-01
7.1872E-06,-8.27637E-01
7.1888E-06,-7.98340E-01
7.1904E-06,-7.15332E-01
7.1920E-06,-6.27441E-01
7.1936E-06,-5.20020E-01
7.1952E-06,-3.54004E-01
7.1968E-06,-1.92871E-01
7.1984E-06,2.44141E-03
7.2000E-06,2.02637E-01
7.2016E-06,3.73535E-01
7.2032E-06,5.29785E-01
7.2048E-06,6.66504E-01
7.2064E-06,7.78809E-01
7.2080E-06,8.27637E-01
7.2096E-06,8.37402E-01
7.2112E-06,8.47168E-01
7.2128E-06,7.69043E-01
7.2144E-06,6.81152E-01
7.2160E-06,5.39551E-01
7.2176E-06,3.83301E-01
7.2192E-06,2.02637E-01
7.2208E-06,2.44141E-03
7.2224E-06,-1.53809E-01
7.2240E-06,-3.39355E-01
7.2256E-06,-5.10254E-01
7.2272E-06,-6.37207E-01
7.2288E-06,-7.20215E-01
7.2304E-06,-8.03223E-01
7.2320E-06,-8.22754E-01
7.2336E-06,-8.08105E-01
7.2352E-06,-7.39746E-01
7.2368E-06,-6.32324E-01
7.2384E-06,-5.34668E-01
7.2400E-06,-3.73535E-01
7.2416E-06,-1.92871E-01
7.2432E-06,-1.70898E-02
7.2448E-06,1.83105E-01
7.2464E-06,3.54004E-01
7.2480E-06,5.15137E-01
7.2496E-06,6.51855E-01
7.2512E-06,7.54395E-01
7.2528E-06,8.22754E-01
7.2544E-06,8.52051E-01
7.2560E-06,8.37402E-01
7.2576E-06,7.78809E-01
7.2592E-06,6.90918E-01
7.2608E-06,5.59082E-01
7.2624E-06,4.07715E-01
7.2640E-06,2.31934E-01
7.2656E-06,4.15039E-02
7.2672E-06,-1.24512E-01
7.2688E-06,-3.05176E-01
7.2704E-06,-4.80957E-01
7.2720E-06,-6.12793E-01
7.2736E-06,-7.29980E-01
7.2752E-06,-7.83691E-01
7.2768E-06,-8.32520E-01
7.2784E-06,-8.08105E-01
7.2800E-06,-7.59277E-01
7.2816E-06,-6.61621E-01
7.2832E-06,-5.44434E-01
7.2848E-06,-3.83301E-01
7.2864E-06,-2.22168E-01
7.2880E-06,-5.12695E-02
7.2896E-06,1.58691E-01
7.2912E-06,3.39355E-01
7.2928E-06,4.85840E-01
7.2944E-06,6.22559E-01
7.2960E-06,7.44629E-01
7.2976E-06,8.17871E-01
7.2992E-06,8.56934E-01
7.3008E-06,8.37402E-01
7.3024E-06,7.98340E-01
7.3040E-06,6.86035E-01
7.3056E-06,5.83496E-01
7.3072E-06,4.07715E-01
7.3088E-06,2.51465E-01
7.3104E-06,6.59180E-02
7.3120E-06,-1.14746E-01
7.3136E-06,-2.95410E-01
7.3152E-06,-4.66309E-01
7.3168E-06,-5.98145E-01
7.3184E-06,-6.95801E-01
7.3200E-06,-7.93457E-01
7.3216E-06,-8.22754E-01
7.3232E-06,-8.12988E-01
7.3248E-06,-7.69043E-01
7.3264E-06,-6.66504E-01
7.3280E-06,-5.54199E-01
7.3296E-06,-4.17480E-01
7.3312E-06,-2.46582E-01
7.3328E-06,-7.08008E-02
7.3344E-06,1.34277E-01
7.3360E-06,3.05176E-01
7.3376E-06,4.66309E-01
7.3392E-06,6.07910E-01
7.3408E-06,7.20215E-01
7.3424E-06,8.08105E-01
7.3440E-06,8.42285E-01
7.3456E-06,8.42285E-01
7.3472E-06,8.03223E-01
7.3488E-06,7.10449E-01
7.3504E-06,6.07910E-01
7.3520E-06,4.46777E-01
7.3536E-06,2.90527E-01
7.3552E-06,1.00098E-01
7.3568E-06,-9.03320E-02
7.3584E-06,-2.75879E-01
7.3600E-06,-4.56543E-01
7.3616E-06,-5.88379E-01
7.3632E-06,-6.95801E-01
7.3648E-06,-7.83691E-01
7.3664E-06,-8.22754E-01
7.3680E-06,-8.22754E-01
7.3696E-06,-7.83691E-01
7.3712E-06,-6.90918E-01
7.3728E-06,-6.03027E-01
7.3744E-06,-4.32129E-01
7.3760E-06,-2.61230E-01
7.3776E-06,-1.04980E-01
7.3792E-06,1.04980E-01
7.3808E-06,2.80762E-01
7.3824E-06,4.56543E-01
7.3840E-06,5.78613E-01
7.3856E-06,7.05566E-01
7.3872E-06,7.98340E-01
7.3888E-06,8.56934E-01
7.3904E-06,8.52051E-01
7.3920E-06,8.03223E-01
7.3936E-06,7.29980E-01
7.3952E-06,6.17676E-01
7.3968E-06,4.76074E-01
7.3984E-06,3.05176E-01
7.4000E-06,1.09863E-01
7.4016E-06,-6.59180E-02
7.4032E-06,-2.36816E-01
7.4048E-06,-4.17480E-01
7.4064E-06,-5.83496E-01
7.4080E-06,-6.95801E-01
7.4096E-06,-7.83691E-01
7.4112E-06,-8.22754E-01
7.4128E-06,-8.17871E-01
7.4144E-06,-7.83691E-01
7.4160E-06,-6.90918E-01
7.4176E-06,-6.03027E-01
7.4192E-06,-4.51660E-01
7.4208E-06,-3.05176E-01
7.4224E-06,-1.14746E-01
7.4240E-06,7.56836E-02
7.4256E-06,2.51465E-01
7.4272E-06,4.27246E-01
7.4288E-06,5.78613E-01
7.4304E-06,7.05566E-01
7.4320E-06,7.98340E-01
7.4336E-06,8.32520E-01
7.4352E-06,8.47168E-01
7.4368E-06,8.17871E-01
7.4384E-06,7.49512E-01
7.4400E-06,6.27441E-01
7.4416E-06,4.71191E-01
7.4432E-06,3.19824E-01
7.4448E-06,1.34277E-01
7.4464E-06,-2.68555E-02
7.4480E-06,-2.22168E-01
7.4496E-06,-4.02832E-01
7.4512E-06,-5.54199E-01
7.4528E-06,-6.66504E-01
7.4544E-06,-7.64160E-01
7.4560E-06,-8.17871E-01
7.4576E-06,-8.22754E-01
7.4592E-06,-7.93457E-01
7.4608E-06,-7.25098E-01
7.4624E-06,-6.17676E-01
7.4640E-06,-4.71191E-01
7.4656E-06,-3.19824E-01
7.4672E-06,-1.44043E-01
7.4688E-06,5.61523E-02
7.4704E-06,2.36816E-01
7.4720E-06,4.12598E-01
7.4736E-06,5.39551E-01
7.4752E-06,6.81152E-01
7.4768E-06,7.83691E-01
7.4784E-06,8.42285E-01
7.4800E-06,8.66699E-01
7.4816E-06,8.32520E-01
7.4832E-06,7.49512E-01
7.4848E-06,6.46973E-01
7.4864E-06,5.10254E-01
7.4880E-06,3.39355E-01
7.4896E-06,1.48926E-01
7.4912E-06,-1.70898E-02
7.4928E-06,-2.07520E-01
7.4944E-06,-3.83301E-01
7.4960E-06,-5.54199E-01
7.4976E-06,-6.61621E-01
7.4992E-06,-7.44629E-01
7.5008E-06,-7.98340E-01
7.5024E-06,-8.12988E-01
7.5040E-06,-8.03223E-01
7.5056E-06,-7.34863E-01
7.5072E-06,-6.22559E-01
7.5088E-06,-4.85840E-01
7.5104E-06,-3.29590E-01
7.5120E-06,-1.48926E-01
7.5136E-06,4.63867E-02
7.5152E-06,1.97754E-01
7.5168E-06,3.93066E-01
7.5184E-06,5.34668E-01
7.5200E-06,6.76270E-01
7.5216E-06,7.83691E-01
7.5232E-06,8.27637E-01
7.5248E-06,8.47168E-01
7.5264E-06,8.22754E-01
7.5280E-06,7.54395E-01
7.5296E-06,6.61621E-01
7.5312E-06,5.29785E-01
7.5328E-06,3.63770E-01
7.5344E-06,1.87988E-01
7.5360E-06,7.32422E-03
7.5376E-06,-1.87988E-01
7.5392E-06,-3.49121E-01
7.5408E-06,-5.20020E-01
7.5424E-06,-6.42090E-01
7.5440E-06,-7.34863E-01
7.5456E-06,-7.98340E-01
7.5472E-06,-8.27637E-01
7.5488E-06,-8.03223E-01
7.5504E-06,-7.49512E-01
7.5520E-06,-6.46973E-01
7.5536E-06,-5.05371E-01
7.5552E-06,-3.54004E-01
7.5568E-06,-1.83105E-01
7.5584E-06,7.32422E-03
7.5600E-06,1.92871E-01
7.5616E-06,3.73535E-01
7.5632E-06,5.10254E-01
7.5648E-06,6.61621E-01
7.5664E-06,7.54395E-01
7.5680E-06,8.17871E-01
7.5696E-06,8.56934E-01
7.5712E-06,8.37402E-01
7.5728E-06,7.78809E-01
7.5744E-06,6.71387E-01
7.5760E-06,5.39551E-01
7.5776E-06,3.88184E-01
7.5792E-06,2.02637E-01
7.5808E-06,2.19727E-02
7.5824E-06,-1.48926E-01
7.5840E-06,-3.24707E-01
7.5856E-06,-5.05371E-01
7.5872E-06,-6.32324E-01
7.5888E-06,-7.29980E-01
7.5904E-06,-7.88574E-01
7.5920E-06,-8.12988E-01
7.5936E-06,-8.03223E-01
7.5952E-06,-7.64160E-01
7.5968E-06,-6.56738E-01
7.5984E-06,-5.39551E-01
7.6000E-06,-3.63770E-01
7.6016E-06,-1.97754E-01
7.6032E-06,-3.66211E-02
7.6048E-06,1.73340E-01
7.6064E-06,3.29590E-01
7.6080E-06,4.95605E-01
7.6096E-06,6.46973E-01
7.6112E-06,7.64160E-01
7.6128E-06,8.27637E-01
7.6144E-06,8.47168E-01
7.6160E-06,8.37402E-01
7.6176E-06,7.78809E-01
7.6192E-06,6.95801E-01
7.6208E-06,5.49316E-01
7.6224E-06,4.17480E-01
7.6240E-06,2.17285E-01
7.6256E-06,4.63867E-02
7.6272E-06,-1.14746E-01
7.6288E-06,-3.14941E-01
7.6304E-06,-4.71191E-01
7.6320E-06,-6.27441E-01
7.6336E-06,-7.25098E-01
7.6352E-06,-8.08105E-01
7.6368E-06,-8.22754E-01
7.6384E-06,-8.22754E-01
7.6400E-06,-7.69043E-01
7.6416E-06,-6.81152E-01
7.6432E-06,-5.34668E-01
7.6448E-06,-4.02832E-01
7.6464E-06,-2.31934E-01
7.6480E-06,-5.12695E-02
7.6496E-06,1.44043E-01
7.6512E-06,3.19824E-01
7.6528E-06,4.90723E-01
7.6544E-06,6.27441E-01
7.6560E-06,7.34863E-01
7.6576E-06,8.22754E-01
7.6592E-06,8.47168E-01
7.6608E-06,8.37402E-01
7.6624E-06,7.78809E-01
7.6640E-06,7.05566E-01
7.6656E-06,5.93262E-01
7.6672E-06,4.32129E-01
7.6688E-06,2.61230E-01
7.6704E-06,7.08008E-02
7.6720E-06,-1.14746E-01
7.6736E-06,-3.00293E-01
7.6752E-06,-4.51660E-01
7.6768E-06,-5.93262E-01
7.6784E-06,-7.05566E-01
7.6800E-06,-7.88574E-01
7.6816E-06,-8.22754E-01
7.6832E-06,-8.17871E-01
7.6848E-06,-7.78809E-01
7.6864E-06,-6.76270E-01
7.6880E-06,-5.54199E-01
7.6896E-06,-4.12598E-01
7.6912E-06,-2.46582E-01
7.6928E-06,-8.05664E-02
7.6944E-06,1.14746E-01
7.6960E-06,2.90527E-01
7.6976E-06,4.51660E-01
7.6992E-06,6.03027E-01
7.7008E-06,7.20215E-01
7.7024E-06,8.12988E-01
7.7040E-06,8.47168E-01
7.7056E-06,8.47168E-01
7.7072E-06,7.83691E-01
7.7088E-06,7.29980E-01
7.7104E-06,5.93262E-01
7.7120E-06,4.66309E-01
7.7136E-06,2.85645E-01
7.7152E-06,1.04980E-01
7.7168E-06,-7.56836E-02
7.7184E-06,-2.80762E-01
7.7200E-06,-4.22363E-01
7.7216E-06,-5.63965E-01
7.7232E-06,-6.95801E-01
7.7248E-06,-7.73926E-01
7.7264E-06,-8.22754E-01
7.7280E-06,-8.08105E-01
7.7296E-06,-7.83691E-01
7.7312E-06,-7.00684E-01
7.7328E-06,-5.83496E-01
7.7344E-06,-4.32129E-01
7.7360E-06,-2.80762E-01
7.7376E-06,-1.04980E-01
7.7392E-06,9.52148E-02
7.7408E-06,2.80762E-01
7.7424E-06,4.41895E-01
7.7440E-06,5.93262E-01
7.7456E-06,6.95801E-01
7.7472E-06,8.03223E-01
7.7488E-06,8.47168E-01
7.7504E-06,8.56934E-01
7.7520E-06,8.17871E-01
7.7536E-06,7.25098E-01
7.7552E-06,6.22559E-01
7.7568E-06,4.76074E-01
7.7584E-06,3.00293E-01
7.7600E-06,1.24512E-01
7.7616E-06,-4.15039E-02
7.7632E-06,-2.31934E-01
7.7648E-06,-4.27246E-01
7.7664E-06,-5.59082E-01
7.7680E-06,-6.81152E-01
7.7696E-06,-7.69043E-01
7.7712E-06,-8.08105E-01
7.7728E-06,-8.22754E-01
7.7744E-06,-7.98340E-01
7.7760E-06,-7.00684E-01
7.7776E-06,-5.98145E-01
7.7792E-06,-4.61426E-01
7.7808E-06,-3.00293E-01
7.7824E-06,-1.24512E-01
7.7840E-06,8.05664E-02
7.7856E-06,2.66113E-01
7.7872E-06,4.12598E-01
7.7888E-06,5.78613E-01
7.7904E-06,6.90918E-01
7.7920E-06,7.93457E-01
7.7936E-06,8.47168E-01
7.7952E-06,8.66699E-01
7.7968E-06,8.27637E-01
7.7984E-06,7.39746E-01
7.8000E-06,6.42090E-01
7.8016E-06,5.00488E-01
7.8032E-06,3.39355E-01
7.8048E-06,1.39160E-01
7.8064E-06,-3.17383E-02
7.8080E-06,-2.12402E-01
7.8096E-06,-3.78418E-01
7.8112E-06,-5.49316E-01
7.8128E-06,-6.81152E-01
7.8144E-06,-7.78809E-01
7.8160E-06,-8.12988E-01
7.8176E-06,-8.37402E-01
7.8192E-06,-7.73926E-01
7.8208E-06,-7.15332E-01
7.8224E-06,-6.17676E-01
7.8240E-06,-4.80957E-01
7.8256E-06,-3.29590E-01
7.8272E-06,-1.53809E-01
7.8288E-06,4.63867E-02
7.8304E-06,2.31934E-01
7.8320E-06,4.07715E-01
7.8336E-06,5.59082E-01
7.8352E-06,6.81152E-01
7.8368E-06,7.73926E-01
7.8384E-06,8.32520E-01
7.8400E-06,8.66699E-01
7.8416E-06,8.22754E-01
7.8432E-06,7.54395E-01
7.8448E-06,6.51855E-01
7.8464E-06,5.20020E-01
7.8480E-06,3.63770E-01
7.8496E-06,1.83105E-01
7.8512E-06,-7.32422E-03
7.8528E-06,-1.92871E-01
7.8544E-06,-3.73535E-01
7.8560E-06,-5.24902E-01
7.8576E-06,-6.61621E-01
7.8592E-06,-7.54395E-01
7.8608E-06,-8.12988E-01
7.8624E-06,-8.22754E-01
7.8640E-06,-8.08105E-01
7.8656E-06,-7.34863E-01
7.8672E-06,-6.17676E-01
7.8688E-06,-5.00488E-01
7.8704E-06,-3.34473E-01
7.8720E-06,-1.78223E-01
7.8736E-06,3.17383E-02
7.8752E-06,2.12402E-01
7.8768E-06,3.73535E-01
7.8784E-06,5.44434E-01
7.8800E-06,6.61621E-01
7.8816E-06,7.73926E-01
7.8832E-06,8.32520E-01
7.8848E-06,8.66699E-01
7.8864E-06,8.37402E-01
7.8880E-06,7.73926E-01
7.8896E-06,6.71387E-01
7.8912E-06,5.34668E-01
7.8928E-06,3.68652E-01
7.8944E-06,1.97754E-01
7.8960E-06,4.15039E-02
7.8976E-06,-1.63574E-01
7.8992E-06,-3.39355E-01
7.9008E-06,-5.00488E-01
7.9024E-06,-6.42090E-01
7.9040E-06,-7.49512E-01
7.9056E-06,-8.03223E-01
7.9072E-06,-8.08105E-01
7.9088E-06,-7.98340E-01
7.9104E-06,-7.54395E-01
7.9120E-06,-6.42090E-01
7.9136E-06,-5.15137E-01
7.9152E-06,-3.63770E-01
7.9168E-06,-1.97754E-01
7.9184E-06,-2.44141E-03
7.9200E-06,1.92871E-01
7.9216E-06,3.58887E-01
7.9232E-06,5.20020E-01
7.9248E-06,6.66504E-01
7.9264E-06,7.69043E-01
7.9280E-06,8.27637E-01
7.9296E-06,8.56934E-01
7.9312E-06,8.47168E-01
7.9328E-06,7.73926E-01
7.9344E-06,6.95801E-01
7.9360E-06,5.54199E-01
7.9376E-06,3.93066E-01
7.9392E-06,2.22168E-01
7.9408E-06,3.66211E-02
7.9424E-06,-1.34277E-01
7.9440E-06,-3.24707E-01
7.9456E-06,-4.90723E-01
7.9472E-06,-6.12793E-01
7.9488E-06,-7.39746E-01
7.9504E-06,-7.88574E-01
7.9520E-06,-8.32520E-01
7.9536E-06,-7.98340E-01
7.9552E-06,-7.44629E-01
7.9568E-06,-6.66504E-01
7.9584E-06,-5.34668E-01
7.9600E-06,-3.88184E-01
7.9616E-06,-2.17285E-01
7.9632E-06,-2.19727E-02
7.9648E-06,1.68457E-01
7.9664E-06,3.29590E-01
7.9680E-06,5.00488E-01
7.9696E-06,6.27441E-01
7.9712E-06,7.39746E-01
7.9728E-06,8.08105E-01
7.9744E-06,8.42285E-01
7.9760E-06,8.27637E-01
7.9776E-06,7.78809E-01
7.9792E-06,7.05566E-01
7.9808E-06,5.78613E-01
7.9824E-06,4.07715E-01
7.9840E-06,2.46582E-01
7.9856E-06,5.61523E-02
7.9872E-06,-1.34277E-01
7.9888E-06,-2.95410E-01
7.9904E-06,-4.61426E-01
7.9920E-06,-6.07910E-01
7.9936E-06,-7.15332E-01
7.9952E-06,-7.78809E-01
7.9968E-06,-8.03223E-01
7.9984E-06,-8.03223E-01
