in s,C1 in V
-3.0000E-06,1.93617E-03
-2.9996E-06,1.99477E-03
-2.9992E-06,2.03383E-03
-2.9988E-06,2.07289E-03
-2.9984E-06,2.05336E-03
-2.9980E-06,2.11195E-03
-2.9976E-06,2.11195E-03
-2.9972E-06,2.13148E-03
-2.9968E-06,2.19008E-03
-2.9964E-06,2.22914E-03
-2.9960E-06,2.20961E-03
-2.9956E-06,2.28773E-03
-2.9952E-06,2.30727E-03
-2.9948E-06,2.36586E-03
-2.9944E-06,2.42445E-03
-2.9940E-06,2.38539E-03
-2.9936E-06,2.38539E-03
-2.9932E-06,2.50258E-03
-2.9928E-06,2.46352E-03
-2.9924E-06,2.46352E-03
-2.9920E-06,2.46352E-03
-2.9916E-06,2.50258E-03
-2.9912E-06,2.58070E-03
-2.9908E-06,2.61977E-03
-2.9904E-06,2.54164E-03
-2.9900E-06,2.52211E-03
-2.9896E-06,2.61977E-03
-2.9892E-06,2.65883E-03
-2.9888E-06,2.54164E-03
-2.9884E-06,2.65883E-03
-2.9880E-06,2.63930E-03
-2.9876E-06,2.75648E-03
-2.9872E-06,2.63930E-03
-2.9868E-06,2.69789E-03
-2.9864E-06,2.77602E-03
-2.9860E-06,2.71742E-03
-2.9856E-06,2.73695E-03
-2.9852E-06,2.67836E-03
-2.9848E-06,2.73695E-03
-2.9844E-06,2.73695E-03
-2.9840E-06,2.73695E-03
-2.9836E-06,2.79555E-03
-2.9832E-06,2.73695E-03
-2.9828E-06,2.75648E-03
-2.9824E-06,2.73695E-03
-2.9820E-06,2.79555E-03
-2.9816E-06,2.75648E-03
-2.9812E-06,2.79555E-03
-2.9808E-06,2.77602E-03
-2.9804E-06,2.85414E-03
-2.9800E-06,2.87367E-03
-2.9796E-06,2.77602E-03
-2.9792E-06,2.79555E-03
-2.9788E-06,2.83461E-03
-2.9784E-06,2.85414E-03
-2.9780E-06,2.85414E-03
-2.9776E-06,2.83461E-03
-2.9772E-06,2.85414E-03
-2.9768E-06,2.81508E-03
-2.9764E-06,2.81508E-03
-2.9760E-06,2.81508E-03
-2.9756E-06,2.85414E-03
-2.9752E-06,2.81508E-03
-2.9748E-06,2.81508E-03
-2.9744E-06,2.81508E-03
-2.9740E-06,2.87367E-03
-2.9736E-06,2.77602E-03
-2.9732E-06,2.79555E-03
-2.9728E-06,2.79555E-03
-2.9724E-06,2.77602E-03
-2.9720E-06,2.71742E-03
-2.9716E-06,2.79555E-03
-2.9712E-06,2.71742E-03
-2.9708E-06,2.75648E-03
-2.9704E-06,2.77602E-03
-2.9700E-06,2.69789E-03
-2.9696E-06,2.69789E-03
-2.9692E-06,2.67836E-03
-2.9688E-06,2.61977E-03
-2.9684E-06,2.44398E-03
-2.9680E-06,2.22914E-03
-2.9676E-06,2.07289E-03
-2.9672E-06,1.79945E-03
-2.9668E-06,1.60414E-03
-2.9664E-06,1.27211E-03
-2.9660E-06,1.09633E-03
-2.9656E-06,9.98672E-04
-2.9652E-06,9.20547E-04
-2.9648E-06,7.64297E-04
-2.9644E-06,8.03359E-04
-2.9640E-06,6.27578E-04
-2.9636E-06,5.49453E-04
-2.9632E-06,4.71328E-04
-2.9628E-06,4.51797E-04
-2.9624E-06,2.76016E-04
-2.9620E-06,1.00234E-04
-2.9616E-06,-1.34141E-04
-2.9612E-06,-2.70859E-04
-2.9608E-06,-5.05234E-04
-2.9604E-06,-6.41953E-04
-2.9600E-06,-9.73984E-04
-2.9596E-06,-1.01305E-03
-2.9592E-06,-1.14977E-03
-2.9588E-06,-1.18883E-03
-2.9584E-06,-1.22789E-03
-2.9580E-06,-1.28648E-03
-2.9576E-06,-1.38414E-03
-2.9572E-06,-1.48180E-03
-2.9568E-06,-1.52086E-03
-2.9564E-06,-1.52086E-03
-2.9560E-06,-1.65758E-03
-2.9556E-06,-1.71617E-03
-2.9552E-06,-1.87242E-03
-2.9548E-06,-1.93102E-03
-2.9544E-06,-1.95055E-03
-2.9540E-06,-2.10680E-03
-2.9536E-06,-2.22398E-03
-2.9532E-06,-2.26305E-03
-2.9528E-06,-2.32164E-03
-2.9524E-06,-2.22398E-03
-2.9520E-06,-2.26305E-03
-2.9516E-06,-2.20445E-03
-2.9512E-06,-2.24352E-03
-2.9508E-06,-2.20445E-03
-2.9504E-06,-2.18492E-03
-2.9500E-06,-2.08727E-03
-2.9496E-06,-2.04820E-03
-2.9492E-06,-1.93102E-03
-2.9488E-06,-1.87242E-03
-2.9484E-06,-1.79430E-03
-2.9480E-06,-1.71617E-03
-2.9476E-06,-1.63805E-03
-2.9472E-06,-1.54039E-03
-2.9468E-06,-1.42320E-03
-2.9464E-06,-1.28648E-03
-2.9460E-06,-1.14977E-03
-2.9456E-06,-1.14977E-03
-2.9452E-06,-9.73984E-04
-2.9448E-06,-9.15391E-04
-2.9444E-06,-8.37266E-04
-2.9440E-06,-7.98203E-04
-2.9436E-06,-6.22422E-04
-2.9432E-06,-6.02891E-04
-2.9428E-06,-4.85703E-04
-2.9424E-06,-4.07578E-04
-2.9420E-06,-2.90391E-04
-2.9416E-06,-2.31797E-04
-2.9412E-06,-7.55469E-05
-2.9408E-06,-9.50781E-05
-2.9404E-06,6.11719E-05
-2.9400E-06,1.58828E-04
-2.9396E-06,1.78359E-04
-2.9392E-06,2.36953E-04
-2.9388E-06,3.54141E-04
-2.9384E-06,4.12734E-04
-2.9380E-06,3.73672E-04
-2.9376E-06,4.12734E-04
-2.9372E-06,3.34609E-04
-2.9368E-06,1.78359E-04
-2.9364E-06,8.07031E-05
-2.9360E-06,-1.34141E-04
-2.9356E-06,-3.48984E-04
-2.9352E-06,-7.59141E-04
-2.9348E-06,-1.09117E-03
-2.9344E-06,-1.46227E-03
-2.9340E-06,-1.69664E-03
-2.9336E-06,-1.98961E-03
-2.9332E-06,-2.24352E-03
-2.9328E-06,-2.59508E-03
-2.9324E-06,-2.96617E-03
-2.9320E-06,-3.20055E-03
-2.9316E-06,-3.29820E-03
-2.9312E-06,-3.37633E-03
-2.9308E-06,-3.43492E-03
-2.9304E-06,-3.49352E-03
-2.9300E-06,-3.49352E-03
-2.9296E-06,-3.57164E-03
-2.9292E-06,-3.47398E-03
-2.9288E-06,-3.47398E-03
-2.9284E-06,-3.39586E-03
-2.9280E-06,-3.41539E-03
-2.9276E-06,-3.23961E-03
-2.9272E-06,-3.25914E-03
-2.9268E-06,-3.14195E-03
-2.9264E-06,-3.08336E-03
-2.9260E-06,-2.98570E-03
-2.9256E-06,-2.92711E-03
-2.9252E-06,-2.77086E-03
-2.9248E-06,-2.65367E-03
-2.9244E-06,-2.63414E-03
-2.9240E-06,-2.49742E-03
-2.9236E-06,-2.51695E-03
-2.9232E-06,-2.43883E-03
-2.9228E-06,-2.45836E-03
-2.9224E-06,-2.26305E-03
-2.9220E-06,-2.18492E-03
-2.9216E-06,-2.14586E-03
-2.9212E-06,-2.04820E-03
-2.9208E-06,-2.02867E-03
-2.9204E-06,-1.89195E-03
-2.9200E-06,-1.85289E-03
-2.9196E-06,-1.81383E-03
-2.9192E-06,-1.69664E-03
-2.9188E-06,-1.48180E-03
-2.9184E-06,-1.48180E-03
-2.9180E-06,-1.28648E-03
-2.9176E-06,-1.18883E-03
-2.9172E-06,-1.05211E-03
-2.9168E-06,-1.03258E-03
-2.9164E-06,-7.78672E-04
-2.9160E-06,-7.20078E-04
-2.9156E-06,-5.05234E-04
-2.9152E-06,-4.85703E-04
-2.9148E-06,-3.48984E-04
-2.9144E-06,-3.68516E-04
-2.9140E-06,-2.31797E-04
-2.9136E-06,-1.53672E-04
-2.9132E-06,-1.69531E-05
-2.9128E-06,-9.50781E-05
-2.9124E-06,8.07031E-05
-2.9120E-06,-3.64844E-05
-2.9116E-06,-1.69531E-05
-2.9112E-06,-2.51328E-04
-2.9108E-06,-4.07578E-04
-2.9104E-06,-6.41953E-04
-2.9100E-06,-9.15391E-04
-2.9096E-06,-1.28648E-03
-2.9092E-06,-1.65758E-03
-2.9088E-06,-1.91148E-03
-2.9084E-06,-1.98961E-03
-2.9080E-06,-2.00914E-03
-2.9076E-06,-2.06773E-03
-2.9072E-06,-2.08727E-03
-2.9068E-06,-2.12633E-03
-2.9064E-06,-2.18492E-03
-2.9060E-06,-2.22398E-03
-2.9056E-06,-2.32164E-03
-2.9052E-06,-2.24352E-03
-2.9048E-06,-2.26305E-03
-2.9044E-06,-2.12633E-03
-2.9040E-06,-2.06773E-03
-2.9036E-06,-1.97008E-03
-2.9032E-06,-1.69664E-03
-2.9028E-06,-1.61852E-03
-2.9024E-06,-1.54039E-03
-2.9020E-06,-1.30602E-03
-2.9016E-06,-1.26695E-03
-2.9012E-06,-1.09117E-03
-2.9008E-06,-1.11070E-03
-2.9004E-06,-1.16930E-03
-2.9000E-06,-1.18883E-03
-2.8996E-06,-1.07164E-03
-2.8992E-06,-9.54453E-04
-2.8988E-06,-8.56797E-04
-2.8984E-06,-7.98203E-04
-2.8980E-06,-7.39609E-04
-2.8976E-06,-6.22422E-04
-2.8972E-06,-5.44297E-04
-2.8968E-06,-5.24766E-04
-2.8964E-06,-3.88047E-04
-2.8960E-06,-3.48984E-04
-2.8956E-06,-2.70859E-04
-2.8952E-06,-2.12266E-04
-2.8948E-06,-1.14609E-04
-2.8944E-06,-7.55469E-05
-2.8940E-06,8.07031E-05
-2.8936E-06,1.39297E-04
-2.8932E-06,3.54141E-04
-2.8928E-06,4.51797E-04
-2.8924E-06,5.29922E-04
-2.8920E-06,5.88516E-04
-2.8916E-06,7.05703E-04
-2.8912E-06,7.64297E-04
-2.8908E-06,7.83828E-04
-2.8904E-06,8.61953E-04
-2.8900E-06,9.59609E-04
-2.8896E-06,9.20547E-04
-2.8892E-06,1.05727E-03
-2.8888E-06,1.09633E-03
-2.8884E-06,1.19398E-03
-2.8880E-06,1.23305E-03
-2.8876E-06,1.31117E-03
-2.8872E-06,1.31117E-03
-2.8868E-06,1.42836E-03
-2.8864E-06,1.42836E-03
-2.8860E-06,1.44789E-03
-2.8856E-06,1.48695E-03
-2.8852E-06,1.46742E-03
-2.8848E-06,1.48695E-03
-2.8844E-06,1.54555E-03
-2.8840E-06,1.66273E-03
-2.8836E-06,1.77992E-03
-2.8832E-06,1.74086E-03
-2.8828E-06,1.70180E-03
-2.8824E-06,1.70180E-03
-2.8820E-06,1.60414E-03
-2.8816E-06,1.46742E-03
-2.8812E-06,1.46742E-03
-2.8808E-06,1.23305E-03
-2.8804E-06,1.03773E-03
-2.8800E-06,7.64297E-04
-2.8796E-06,6.66641E-04
-2.8792E-06,5.10391E-04
-2.8788E-06,4.51797E-04
-2.8784E-06,2.95547E-04
-2.8780E-06,1.97891E-04
-2.8776E-06,2.57813E-06
-2.8772E-06,-2.70859E-04
-2.8768E-06,-5.44297E-04
-2.8764E-06,-8.56797E-04
-2.8760E-06,-1.05211E-03
-2.8756E-06,-1.20836E-03
-2.8752E-06,-1.46227E-03
-2.8748E-06,-1.63805E-03
-2.8744E-06,-1.81383E-03
-2.8740E-06,-1.85289E-03
-2.8736E-06,-1.83336E-03
-2.8732E-06,-1.79430E-03
-2.8728E-06,-1.69664E-03
-2.8724E-06,-1.73570E-03
-2.8720E-06,-1.71617E-03
-2.8716E-06,-1.65758E-03
-2.8712E-06,-1.69664E-03
-2.8708E-06,-1.81383E-03
-2.8704E-06,-1.67711E-03
-2.8700E-06,-1.63805E-03
-2.8696E-06,-1.55992E-03
-2.8692E-06,-1.42320E-03
-2.8688E-06,-1.30602E-03
-2.8684E-06,-1.32555E-03
-2.8680E-06,-1.28648E-03
-2.8676E-06,-1.28648E-03
-2.8672E-06,-1.32555E-03
-2.8668E-06,-1.28648E-03
-2.8664E-06,-1.42320E-03
-2.8660E-06,-1.48180E-03
-2.8656E-06,-1.69664E-03
-2.8652E-06,-1.65758E-03
-2.8648E-06,-1.67711E-03
-2.8644E-06,-1.61852E-03
-2.8640E-06,-1.52086E-03
-2.8636E-06,-1.42320E-03
-2.8632E-06,-1.42320E-03
-2.8628E-06,-1.40367E-03
-2.8624E-06,-1.38414E-03
-2.8620E-06,-1.22789E-03
-2.8616E-06,-1.20836E-03
-2.8612E-06,-1.11070E-03
-2.8608E-06,-1.24742E-03
-2.8604E-06,-1.07164E-03
-2.8600E-06,-1.16930E-03
-2.8596E-06,-1.16930E-03
-2.8592E-06,-1.30602E-03
-2.8588E-06,-1.34508E-03
-2.8584E-06,-1.44273E-03
-2.8580E-06,-1.69664E-03
-2.8576E-06,-1.89195E-03
-2.8572E-06,-1.91148E-03
-2.8568E-06,-1.93102E-03
-2.8564E-06,-1.91148E-03
-2.8560E-06,-1.87242E-03
-2.8556E-06,-1.91148E-03
-2.8552E-06,-1.97008E-03
-2.8548E-06,-1.89195E-03
-2.8544E-06,-1.87242E-03
-2.8540E-06,-1.75523E-03
-2.8536E-06,-1.73570E-03
-2.8532E-06,-1.61852E-03
-2.8528E-06,-1.65758E-03
-2.8524E-06,-1.50133E-03
-2.8520E-06,-1.40367E-03
-2.8516E-06,-1.20836E-03
-2.8512E-06,-1.16930E-03
-2.8508E-06,-9.93516E-04
-2.8504E-06,-8.76328E-04
-2.8500E-06,-7.98203E-04
-2.8496E-06,-7.20078E-04
-2.8492E-06,-6.81016E-04
-2.8488E-06,-6.61484E-04
-2.8484E-06,-6.61484E-04
-2.8480E-06,-6.22422E-04
-2.8476E-06,-4.85703E-04
-2.8472E-06,-4.85703E-04
-2.8468E-06,-4.07578E-04
-2.8464E-06,-3.88047E-04
-2.8460E-06,-2.51328E-04
-2.8456E-06,-2.12266E-04
-2.8452E-06,-2.70859E-04
-2.8448E-06,-2.70859E-04
-2.8444E-06,-2.51328E-04
-2.8440E-06,-1.53672E-04
-2.8436E-06,-1.34141E-04
-2.8432E-06,-1.34141E-04
-2.8428E-06,2.21094E-05
-2.8424E-06,1.00234E-04
-2.8420E-06,1.58828E-04
-2.8416E-06,2.17422E-04
-2.8412E-06,2.36953E-04
-2.8408E-06,1.58828E-04
-2.8404E-06,1.39297E-04
-2.8400E-06,-1.69531E-05
-2.8396E-06,-1.14609E-04
-2.8392E-06,-1.92734E-04
-2.8388E-06,-4.27109E-04
-2.8384E-06,-5.83359E-04
-2.8380E-06,-5.44297E-04
-2.8376E-06,-5.24766E-04
-2.8372E-06,-4.66172E-04
-2.8368E-06,-5.24766E-04
-2.8364E-06,-5.05234E-04
-2.8360E-06,-5.63828E-04
-2.8356E-06,-6.02891E-04
-2.8352E-06,-6.81016E-04
-2.8348E-06,-8.17734E-04
-2.8344E-06,-8.37266E-04
-2.8340E-06,-9.34922E-04
-2.8336E-06,-9.93516E-04
-2.8332E-06,-1.13023E-03
-2.8328E-06,-1.18883E-03
-2.8324E-06,-1.13023E-03
-2.8320E-06,-1.05211E-03
-2.8316E-06,-9.15391E-04
-2.8312E-06,-8.76328E-04
-2.8308E-06,-7.78672E-04
-2.8304E-06,-7.78672E-04
-2.8300E-06,-8.37266E-04
-2.8296E-06,-8.17734E-04
-2.8292E-06,-7.78672E-04
-2.8288E-06,-7.59141E-04
-2.8284E-06,-6.81016E-04
-2.8280E-06,-6.02891E-04
-2.8276E-06,-4.85703E-04
-2.8272E-06,-5.44297E-04
-2.8268E-06,-3.88047E-04
-2.8264E-06,-3.29453E-04
-2.8260E-06,-1.73203E-04
-2.8256E-06,-1.53672E-04
-2.8252E-06,-1.34141E-04
-2.8248E-06,-5.60156E-05
-2.8244E-06,2.57813E-06
-2.8240E-06,-1.69531E-05
-2.8236E-06,6.11719E-05
-2.8232E-06,8.07031E-05
-2.8228E-06,2.56484E-04
-2.8224E-06,2.17422E-04
-2.8220E-06,3.73672E-04
-2.8216E-06,4.51797E-04
-2.8212E-06,4.71328E-04
-2.8208E-06,5.29922E-04
-2.8204E-06,6.47109E-04
-2.8200E-06,6.08047E-04
-2.8196E-06,7.44766E-04
-2.8192E-06,7.83828E-04
-2.8188E-06,8.81484E-04
-2.8184E-06,8.81484E-04
-2.8180E-06,1.03773E-03
-2.8176E-06,1.01820E-03
-2.8172E-06,1.09633E-03
-2.8168E-06,1.11586E-03
-2.8164E-06,1.19398E-03
-2.8160E-06,1.25258E-03
-2.8156E-06,1.33070E-03
-2.8152E-06,1.31117E-03
-2.8148E-06,1.42836E-03
-2.8144E-06,1.38930E-03
-2.8140E-06,1.52602E-03
-2.8136E-06,1.54555E-03
-2.8132E-06,1.62367E-03
-2.8128E-06,1.64320E-03
-2.8124E-06,1.70180E-03
-2.8120E-06,1.66273E-03
-2.8116E-06,1.74086E-03
-2.8112E-06,1.72133E-03
-2.8108E-06,1.81898E-03
-2.8104E-06,1.74086E-03
-2.8100E-06,1.93617E-03
-2.8096E-06,1.91664E-03
-2.8092E-06,1.95570E-03
-2.8088E-06,1.95570E-03
-2.8084E-06,1.99477E-03
-2.8080E-06,2.01430E-03
-2.8076E-06,2.09242E-03
-2.8072E-06,2.09242E-03
-2.8068E-06,2.13148E-03
-2.8064E-06,2.07289E-03
-2.8060E-06,2.17055E-03
-2.8056E-06,2.13148E-03
-2.8052E-06,2.17055E-03
-2.8048E-06,2.22914E-03
-2.8044E-06,2.24867E-03
-2.8040E-06,2.19008E-03
-2.8036E-06,2.15102E-03
-2.8032E-06,2.03383E-03
-2.8028E-06,1.95570E-03
-2.8024E-06,1.62367E-03
-2.8020E-06,1.44789E-03
-2.8016E-06,1.03773E-03
-2.8012E-06,6.66641E-04
-2.8008E-06,2.17422E-04
-2.8004E-06,-2.12266E-04
-2.8000E-06,-6.22422E-04
-2.7996E-06,-8.17734E-04
-2.7992E-06,-8.37266E-04
-2.7988E-06,-8.76328E-04
-2.7984E-06,-9.73984E-04
-2.7980E-06,-1.05211E-03
-2.7976E-06,-1.13023E-03
-2.7972E-06,-1.26695E-03
-2.7968E-06,-1.32555E-03
-2.7964E-06,-1.36461E-03
-2.7960E-06,-1.44273E-03
-2.7956E-06,-1.46227E-03
-2.7952E-06,-1.57945E-03
-2.7948E-06,-1.63805E-03
-2.7944E-06,-1.69664E-03
-2.7940E-06,-1.77477E-03
-2.7936E-06,-1.97008E-03
-2.7932E-06,-2.16539E-03
-2.7928E-06,-2.36070E-03
-2.7924E-06,-2.39977E-03
-2.7920E-06,-2.55602E-03
-2.7916E-06,-2.59508E-03
-2.7912E-06,-2.84898E-03
-2.7908E-06,-2.79039E-03
-2.7904E-06,-2.86852E-03
-2.7900E-06,-2.73180E-03
-2.7896E-06,-2.82945E-03
-2.7892E-06,-2.73180E-03
-2.7888E-06,-2.82945E-03
-2.7884E-06,-2.77086E-03
-2.7880E-06,-2.82945E-03
-2.7876E-06,-2.82945E-03
-2.7872E-06,-2.84898E-03
-2.7868E-06,-2.82945E-03
-2.7864E-06,-2.88805E-03
-2.7860E-06,-2.92711E-03
-2.7856E-06,-2.73180E-03
-2.7852E-06,-2.65367E-03
-2.7848E-06,-2.55602E-03
-2.7844E-06,-2.43883E-03
-2.7840E-06,-2.39977E-03
-2.7836E-06,-2.30211E-03
-2.7832E-06,-2.24352E-03
-2.7828E-06,-2.12633E-03
-2.7824E-06,-2.12633E-03
-2.7820E-06,-1.98961E-03
-2.7816E-06,-1.85289E-03
-2.7812E-06,-1.73570E-03
-2.7808E-06,-1.69664E-03
-2.7804E-06,-1.54039E-03
-2.7800E-06,-1.57945E-03
-2.7796E-06,-1.54039E-03
-2.7792E-06,-1.55992E-03
-2.7788E-06,-1.71617E-03
-2.7784E-06,-1.91148E-03
-2.7780E-06,-2.20445E-03
-2.7776E-06,-2.63414E-03
-2.7772E-06,-2.98570E-03
-2.7768E-06,-3.49352E-03
-2.7764E-06,-3.84508E-03
-2.7760E-06,-4.19664E-03
-2.7756E-06,-4.35289E-03
-2.7752E-06,-4.48961E-03
-2.7748E-06,-4.62633E-03
-2.7744E-06,-4.72398E-03
-2.7740E-06,-4.76305E-03
-2.7736E-06,-4.88023E-03
-2.7732E-06,-5.13414E-03
-2.7728E-06,-5.42711E-03
-2.7724E-06,-5.52477E-03
-2.7720E-06,-5.66148E-03
-2.7716E-06,-5.81773E-03
-2.7712E-06,-6.01305E-03
-2.7708E-06,-6.01305E-03
-2.7704E-06,-5.95445E-03
-2.7700E-06,-5.93492E-03
-2.7696E-06,-5.79820E-03
-2.7692E-06,-5.75914E-03
-2.7688E-06,-5.64195E-03
-2.7684E-06,-5.72008E-03
-2.7680E-06,-5.77867E-03
-2.7676E-06,-5.85680E-03
-2.7672E-06,-5.93492E-03
-2.7668E-06,-5.89586E-03
-2.7664E-06,-5.91539E-03
-2.7660E-06,-5.91539E-03
-2.7656E-06,-5.91539E-03
-2.7652E-06,-5.79820E-03
-2.7648E-06,-5.72008E-03
-2.7644E-06,-5.72008E-03
-2.7640E-06,-5.72008E-03
-2.7636E-06,-5.75914E-03
-2.7632E-06,-5.77867E-03
-2.7628E-06,-5.64195E-03
-2.7624E-06,-5.66148E-03
-2.7620E-06,-5.77867E-03
-2.7616E-06,-5.68102E-03
-2.7612E-06,-5.62242E-03
-2.7608E-06,-5.42711E-03
-2.7604E-06,-5.23180E-03
-2.7600E-06,-5.13414E-03
-2.7596E-06,-4.95836E-03
-2.7592E-06,-4.84117E-03
-2.7588E-06,-4.78258E-03
-2.7584E-06,-4.80211E-03
-2.7580E-06,-4.72398E-03
-2.7576E-06,-4.80211E-03
-2.7572E-06,-4.64586E-03
-2.7568E-06,-4.56773E-03
-2.7564E-06,-4.37242E-03
-2.7560E-06,-4.17711E-03
-2.7556E-06,-3.96227E-03
-2.7552E-06,-3.84508E-03
-2.7548E-06,-3.74742E-03
-2.7544E-06,-3.57164E-03
-2.7540E-06,-3.35680E-03
-2.7536E-06,-3.27867E-03
-2.7532E-06,-3.16148E-03
-2.7528E-06,-3.10289E-03
-2.7524E-06,-2.94664E-03
-2.7520E-06,-2.82945E-03
-2.7516E-06,-2.59508E-03
-2.7512E-06,-2.43883E-03
-2.7508E-06,-2.20445E-03
-2.7504E-06,-2.08727E-03
-2.7500E-06,-1.83336E-03
-2.7496E-06,-1.75523E-03
-2.7492E-06,-1.67711E-03
-2.7488E-06,-1.54039E-03
-2.7484E-06,-1.44273E-03
-2.7480E-06,-1.38414E-03
-2.7476E-06,-1.26695E-03
-2.7472E-06,-1.11070E-03
-2.7468E-06,-9.93516E-04
-2.7464E-06,-8.76328E-04
-2.7460E-06,-8.95859E-04
-2.7456E-06,-7.00547E-04
-2.7452E-06,-5.05234E-04
-2.7448E-06,-4.66172E-04
-2.7444E-06,-3.29453E-04
-2.7440E-06,-3.48984E-04
-2.7436E-06,-3.09922E-04
-2.7432E-06,-1.53672E-04
-2.7428E-06,-3.64844E-05
-2.7424E-06,4.16406E-05
-2.7420E-06,1.19766E-04
-2.7416E-06,2.56484E-04
-2.7412E-06,2.56484E-04
-2.7408E-06,3.73672E-04
-2.7404E-06,4.51797E-04
-2.7400E-06,3.93203E-04
-2.7396E-06,4.12734E-04
-2.7392E-06,3.73672E-04
-2.7388E-06,4.12734E-04
-2.7384E-06,2.95547E-04
-2.7380E-06,2.56484E-04
-2.7376E-06,2.57813E-06
-2.7372E-06,-5.60156E-05
-2.7368E-06,-2.12266E-04
-2.7364E-06,-4.66172E-04
-2.7360E-06,-7.00547E-04
-2.7356E-06,-1.07164E-03
-2.7352E-06,-1.48180E-03
-2.7348E-06,-1.81383E-03
-2.7344E-06,-2.14586E-03
-2.7340E-06,-2.38023E-03
-2.7336E-06,-2.49742E-03
-2.7332E-06,-2.59508E-03
-2.7328E-06,-2.82945E-03
-2.7324E-06,-2.82945E-03
-2.7320E-06,-2.84898E-03
-2.7316E-06,-2.88805E-03
-2.7312E-06,-2.92711E-03
-2.7308E-06,-2.86852E-03
-2.7304E-06,-2.88805E-03
-2.7300E-06,-2.82945E-03
-2.7296E-06,-2.77086E-03
-2.7292E-06,-2.73180E-03
-2.7288E-06,-2.61461E-03
-2.7284E-06,-2.45836E-03
-2.7280E-06,-2.34117E-03
-2.7276E-06,-2.20445E-03
-2.7272E-06,-2.08727E-03
-2.7268E-06,-2.10680E-03
-2.7264E-06,-2.14586E-03
-2.7260E-06,-2.12633E-03
-2.7256E-06,-2.32164E-03
-2.7252E-06,-2.39977E-03
-2.7248E-06,-2.49742E-03
-2.7244E-06,-2.69273E-03
-2.7240E-06,-2.77086E-03
-2.7236E-06,-2.90758E-03
-2.7232E-06,-2.98570E-03
-2.7228E-06,-3.06383E-03
-2.7224E-06,-3.10289E-03
-2.7220E-06,-3.14195E-03
-2.7216E-06,-3.22008E-03
-2.7212E-06,-3.14195E-03
-2.7208E-06,-3.12242E-03
-2.7204E-06,-3.02477E-03
-2.7200E-06,-2.96617E-03
-2.7196E-06,-2.94664E-03
-2.7192E-06,-2.79039E-03
-2.7188E-06,-2.63414E-03
-2.7184E-06,-2.49742E-03
-2.7180E-06,-2.28258E-03
-2.7176E-06,-2.14586E-03
-2.7172E-06,-1.98961E-03
-2.7168E-06,-1.93102E-03
-2.7164E-06,-1.75523E-03
-2.7160E-06,-1.69664E-03
-2.7156E-06,-1.52086E-03
-2.7152E-06,-1.44273E-03
-2.7148E-06,-1.30602E-03
-2.7144E-06,-1.26695E-03
-2.7140E-06,-1.11070E-03
-2.7136E-06,-1.11070E-03
-2.7132E-06,-9.15391E-04
-2.7128E-06,-8.56797E-04
-2.7124E-06,-6.81016E-04
-2.7120E-06,-6.61484E-04
-2.7116E-06,-5.24766E-04
-2.7112E-06,-6.22422E-04
-2.7108E-06,-5.44297E-04
-2.7104E-06,-6.02891E-04
-2.7100E-06,-4.27109E-04
-2.7096E-06,-4.66172E-04
-2.7092E-06,-4.46641E-04
-2.7088E-06,-5.24766E-04
-2.7084E-06,-5.63828E-04
-2.7080E-06,-6.61484E-04
-2.7076E-06,-6.81016E-04
-2.7072E-06,-7.00547E-04
-2.7068E-06,-5.63828E-04
-2.7064E-06,-5.63828E-04
-2.7060E-06,-5.24766E-04
-2.7056E-06,-6.02891E-04
-2.7052E-06,-6.22422E-04
-2.7048E-06,-7.00547E-04
-2.7044E-06,-8.17734E-04
-2.7040E-06,-8.76328E-04
-2.7036E-06,-1.03258E-03
-2.7032E-06,-1.20836E-03
-2.7028E-06,-1.24742E-03
-2.7024E-06,-1.36461E-03
-2.7020E-06,-1.24742E-03
-2.7016E-06,-1.30602E-03
-2.7012E-06,-1.24742E-03
-2.7008E-06,-1.22789E-03
-2.7004E-06,-1.18883E-03
-2.7000E-06,-1.20836E-03
-2.6996E-06,-1.16930E-03
-2.6992E-06,-1.24742E-03
-2.6988E-06,-1.13023E-03
-2.6984E-06,-1.09117E-03
-2.6980E-06,-1.07164E-03
-2.6976E-06,-9.15391E-04
-2.6972E-06,-8.95859E-04
-2.6968E-06,-7.98203E-04
-2.6964E-06,-6.81016E-04
-2.6960E-06,-6.02891E-04
-2.6956E-06,-5.05234E-04
-2.6952E-06,-4.66172E-04
-2.6948E-06,-3.68516E-04
-2.6944E-06,-3.88047E-04
-2.6940E-06,-3.09922E-04
-2.6936E-06,-2.51328E-04
-2.6932E-06,-1.73203E-04
-2.6928E-06,-1.73203E-04
-2.6924E-06,2.57813E-06
-2.6920E-06,8.07031E-05
-2.6916E-06,2.17422E-04
-2.6912E-06,2.17422E-04
-2.6908E-06,2.76016E-04
-2.6904E-06,3.73672E-04
-2.6900E-06,4.32266E-04
-2.6896E-06,3.93203E-04
-2.6892E-06,5.49453E-04
-2.6888E-06,5.29922E-04
-2.6884E-06,6.66641E-04
-2.6880E-06,7.25234E-04
-2.6876E-06,8.42422E-04
-2.6872E-06,8.42422E-04
-2.6868E-06,9.20547E-04
-2.6864E-06,9.59609E-04
-2.6860E-06,1.09633E-03
-2.6856E-06,1.17445E-03
-2.6852E-06,1.17445E-03
-2.6848E-06,1.19398E-03
-2.6844E-06,1.27211E-03
-2.6840E-06,1.31117E-03
-2.6836E-06,1.31117E-03
-2.6832E-06,1.38930E-03
-2.6828E-06,1.50648E-03
-2.6824E-06,1.48695E-03
-2.6820E-06,1.50648E-03
-2.6816E-06,1.56508E-03
-2.6812E-06,1.66273E-03
-2.6808E-06,1.70180E-03
-2.6804E-06,1.74086E-03
-2.6800E-06,1.72133E-03
-2.6796E-06,1.77992E-03
-2.6792E-06,1.87758E-03
-2.6788E-06,1.87758E-03
-2.6784E-06,1.85805E-03
-2.6780E-06,1.95570E-03
-2.6776E-06,2.01430E-03
-2.6772E-06,2.03383E-03
-2.6768E-06,2.11195E-03
-2.6764E-06,2.09242E-03
-2.6760E-06,2.05336E-03
-2.6756E-06,2.11195E-03
-2.6752E-06,2.11195E-03
-2.6748E-06,2.22914E-03
-2.6744E-06,2.24867E-03
-2.6740E-06,2.20961E-03
-2.6736E-06,2.24867E-03
-2.6732E-06,2.22914E-03
-2.6728E-06,2.30727E-03
-2.6724E-06,2.38539E-03
-2.6720E-06,2.30727E-03
-2.6716E-06,2.38539E-03
-2.6712E-06,2.30727E-03
-2.6708E-06,2.36586E-03
-2.6704E-06,2.36586E-03
-2.6700E-06,2.38539E-03
-2.6696E-06,2.42445E-03
-2.6692E-06,2.42445E-03
-2.6688E-06,2.42445E-03
-2.6684E-06,2.48305E-03
-2.6680E-06,2.44398E-03
-2.6676E-06,2.42445E-03
-2.6672E-06,2.17055E-03
-2.6668E-06,2.11195E-03
-2.6664E-06,1.87758E-03
-2.6660E-06,1.54555E-03
-2.6656E-06,1.29164E-03
-2.6652E-06,8.22891E-04
-2.6648E-06,4.32266E-04
-2.6644E-06,6.11719E-05
-2.6640E-06,-1.73203E-04
-2.6636E-06,-2.51328E-04
-2.6632E-06,-3.48984E-04
-2.6628E-06,-4.46641E-04
-2.6624E-06,-5.05234E-04
-2.6620E-06,-5.63828E-04
-2.6616E-06,-7.59141E-04
-2.6612E-06,-7.59141E-04
-2.6608E-06,-8.76328E-04
-2.6604E-06,-9.15391E-04
-2.6600E-06,-8.95859E-04
-2.6596E-06,-8.56797E-04
-2.6592E-06,-8.95859E-04
-2.6588E-06,-7.59141E-04
-2.6584E-06,-6.81016E-04
-2.6580E-06,-5.44297E-04
-2.6576E-06,-5.24766E-04
-2.6572E-06,-4.27109E-04
-2.6568E-06,-3.48984E-04
-2.6564E-06,-3.29453E-04
-2.6560E-06,-4.66172E-04
-2.6556E-06,-5.05234E-04
-2.6552E-06,-6.61484E-04
-2.6548E-06,-6.61484E-04
-2.6544E-06,-7.78672E-04
-2.6540E-06,-8.37266E-04
-2.6536E-06,-1.07164E-03
-2.6532E-06,-1.32555E-03
-2.6528E-06,-1.65758E-03
-2.6524E-06,-1.91148E-03
-2.6520E-06,-2.18492E-03
-2.6516E-06,-2.30211E-03
-2.6512E-06,-2.43883E-03
-2.6508E-06,-2.53648E-03
-2.6504E-06,-2.63414E-03
-2.6500E-06,-2.79039E-03
-2.6496E-06,-2.86852E-03
-2.6492E-06,-2.84898E-03
-2.6488E-06,-2.90758E-03
-2.6484E-06,-2.80992E-03
-2.6480E-06,-2.73180E-03
-2.6476E-06,-2.63414E-03
-2.6472E-06,-2.57555E-03
-2.6468E-06,-2.61461E-03
-2.6464E-06,-2.53648E-03
-2.6460E-06,-2.30211E-03
-2.6456E-06,-2.14586E-03
-2.6452E-06,-2.00914E-03
-2.6448E-06,-1.93102E-03
-2.6444E-06,-1.81383E-03
-2.6440E-06,-1.75523E-03
-2.6436E-06,-1.67711E-03
-2.6432E-06,-1.69664E-03
-2.6428E-06,-1.55992E-03
-2.6424E-06,-1.44273E-03
-2.6420E-06,-1.32555E-03
-2.6416E-06,-1.34508E-03
-2.6412E-06,-1.24742E-03
-2.6408E-06,-1.30602E-03
-2.6404E-06,-1.30602E-03
-2.6400E-06,-1.34508E-03
-2.6396E-06,-1.28648E-03
-2.6392E-06,-1.40367E-03
-2.6388E-06,-1.46227E-03
-2.6384E-06,-1.61852E-03
-2.6380E-06,-1.73570E-03
-2.6376E-06,-1.69664E-03
-2.6372E-06,-1.65758E-03
-2.6368E-06,-1.55992E-03
-2.6364E-06,-1.46227E-03
-2.6360E-06,-1.40367E-03
-2.6356E-06,-1.34508E-03
-2.6352E-06,-1.30602E-03
-2.6348E-06,-1.18883E-03
-2.6344E-06,-1.18883E-03
-2.6340E-06,-1.11070E-03
-2.6336E-06,-1.05211E-03
-2.6332E-06,-9.15391E-04
-2.6328E-06,-8.56797E-04
-2.6324E-06,-7.00547E-04
-2.6320E-06,-6.81016E-04
-2.6316E-06,-5.05234E-04
-2.6312E-06,-4.07578E-04
-2.6308E-06,-3.09922E-04
-2.6304E-06,-2.70859E-04
-2.6300E-06,-1.53672E-04
-2.6296E-06,-1.73203E-04
-2.6292E-06,-1.34141E-04
-2.6288E-06,-1.34141E-04
-2.6284E-06,-9.50781E-05
-2.6280E-06,8.07031E-05
-2.6276E-06,1.97891E-04
-2.6272E-06,1.78359E-04
-2.6268E-06,3.54141E-04
-2.6264E-06,3.34609E-04
-2.6260E-06,3.73672E-04
-2.6256E-06,3.73672E-04
-2.6252E-06,5.49453E-04
-2.6248E-06,4.71328E-04
-2.6244E-06,6.08047E-04
-2.6240E-06,6.66641E-04
-2.6236E-06,7.44766E-04
-2.6232E-06,8.03359E-04
-2.6228E-06,8.42422E-04
-2.6224E-06,8.81484E-04
-2.6220E-06,1.01820E-03
-2.6216E-06,1.13539E-03
-2.6212E-06,1.19398E-03
-2.6208E-06,1.27211E-03
-2.6204E-06,1.23305E-03
-2.6200E-06,1.27211E-03
-2.6196E-06,1.29164E-03
-2.6192E-06,1.31117E-03
-2.6188E-06,1.46742E-03
-2.6184E-06,1.48695E-03
-2.6180E-06,1.48695E-03
-2.6176E-06,1.58461E-03
-2.6172E-06,1.58461E-03
-2.6168E-06,1.60414E-03
-2.6164E-06,1.66273E-03
-2.6160E-06,1.72133E-03
-2.6156E-06,1.79945E-03
-2.6152E-06,1.81898E-03
-2.6148E-06,1.79945E-03
-2.6144E-06,1.83852E-03
-2.6140E-06,1.93617E-03
-2.6136E-06,1.89711E-03
-2.6132E-06,1.91664E-03
-2.6128E-06,2.01430E-03
-2.6124E-06,1.97523E-03
-2.6120E-06,2.01430E-03
-2.6116E-06,2.07289E-03
-2.6112E-06,2.11195E-03
-2.6108E-06,2.03383E-03
-2.6104E-06,2.15102E-03
-2.6100E-06,2.17055E-03
-2.6096E-06,2.09242E-03
-2.6092E-06,2.17055E-03
-2.6088E-06,2.20961E-03
-2.6084E-06,2.19008E-03
-2.6080E-06,2.28773E-03
-2.6076E-06,2.30727E-03
-2.6072E-06,2.26820E-03
-2.6068E-06,2.34633E-03
-2.6064E-06,2.32680E-03
-2.6060E-06,2.42445E-03
-2.6056E-06,2.38539E-03
-2.6052E-06,2.36586E-03
-2.6048E-06,2.38539E-03
-2.6044E-06,2.40492E-03
-2.6040E-06,2.42445E-03
-2.6036E-06,2.38539E-03
-2.6032E-06,2.40492E-03
-2.6028E-06,2.44398E-03
-2.6024E-06,2.46352E-03
-2.6020E-06,2.44398E-03
-2.6016E-06,2.50258E-03
-2.6012E-06,2.46352E-03
-2.6008E-06,2.48305E-03
-2.6004E-06,2.48305E-03
-2.6000E-06,2.44398E-03
-2.5996E-06,2.52211E-03
-2.5992E-06,2.50258E-03
-2.5988E-06,2.50258E-03
-2.5984E-06,2.52211E-03
-2.5980E-06,2.61977E-03
-2.5976E-06,2.63930E-03
-2.5972E-06,2.56117E-03
-2.5968E-06,2.58070E-03
-2.5964E-06,2.63930E-03
-2.5960E-06,2.63930E-03
-2.5956E-06,2.60023E-03
-2.5952E-06,2.61977E-03
-2.5948E-06,2.61977E-03
-2.5944E-06,2.60023E-03
-2.5940E-06,2.63930E-03
-2.5936E-06,2.65883E-03
-2.5932E-06,2.67836E-03
-2.5928E-06,2.63930E-03
-2.5924E-06,2.69789E-03
-2.5920E-06,2.61977E-03
-2.5916E-06,2.67836E-03
-2.5912E-06,2.71742E-03
-2.5908E-06,2.65883E-03
-2.5904E-06,2.65883E-03
-2.5900E-06,2.69789E-03
-2.5896E-06,2.73695E-03
-2.5892E-06,2.69789E-03
-2.5888E-06,2.67836E-03
-2.5884E-06,2.75648E-03
-2.5880E-06,2.63930E-03
-2.5876E-06,2.73695E-03
-2.5872E-06,2.63930E-03
-2.5868E-06,2.77602E-03
-2.5864E-06,2.69789E-03
-2.5860E-06,2.71742E-03
-2.5856E-06,2.71742E-03
-2.5852E-06,2.79555E-03
-2.5848E-06,2.73695E-03
-2.5844E-06,2.79555E-03
-2.5840E-06,2.67836E-03
-2.5836E-06,2.79555E-03
-2.5832E-06,2.79555E-03
-2.5828E-06,2.71742E-03
-2.5824E-06,2.73695E-03
-2.5820E-06,2.77602E-03
-2.5816E-06,2.77602E-03
-2.5812E-06,2.81508E-03
-2.5808E-06,2.73695E-03
-2.5804E-06,2.79555E-03
-2.5800E-06,2.75648E-03
-2.5796E-06,2.81508E-03
-2.5792E-06,2.73695E-03
-2.5788E-06,2.81508E-03
-2.5784E-06,2.79555E-03
-2.5780E-06,2.75648E-03
-2.5776E-06,2.69789E-03
-2.5772E-06,2.75648E-03
-2.5768E-06,2.75648E-03
-2.5764E-06,2.60023E-03
-2.5760E-06,2.67836E-03
-2.5756E-06,2.65883E-03
-2.5752E-06,2.65883E-03
-2.5748E-06,2.69789E-03
-2.5744E-06,2.61977E-03
-2.5740E-06,2.65883E-03
-2.5736E-06,2.65883E-03
-2.5732E-06,2.61977E-03
-2.5728E-06,2.61977E-03
-2.5724E-06,2.65883E-03
-2.5720E-06,2.67836E-03
-2.5716E-06,2.71742E-03
-2.5712E-06,2.69789E-03
-2.5708E-06,2.67836E-03
-2.5704E-06,2.71742E-03
-2.5700E-06,2.65883E-03
-2.5696E-06,2.60023E-03
-2.5692E-06,2.71742E-03
-2.5688E-06,2.67836E-03
-2.5684E-06,2.73695E-03
-2.5680E-06,2.65883E-03
-2.5676E-06,2.69789E-03
-2.5672E-06,2.69789E-03
-2.5668E-06,2.69789E-03
-2.5664E-06,2.67836E-03
-2.5660E-06,2.67836E-03
-2.5656E-06,2.69789E-03
-2.5652E-06,2.67836E-03
-2.5648E-06,2.54164E-03
-2.5644E-06,2.67836E-03
-2.5640E-06,2.63930E-03
-2.5636E-06,2.61977E-03
-2.5632E-06,2.56117E-03
-2.5628E-06,2.54164E-03
-2.5624E-06,2.56117E-03
-2.5620E-06,2.58070E-03
-2.5616E-06,2.60023E-03
-2.5612E-06,2.56117E-03
-2.5608E-06,2.60023E-03
-2.5604E-06,2.63930E-03
-2.5600E-06,2.63930E-03
-2.5596E-06,2.56117E-03
-2.5592E-06,2.67836E-03
-2.5588E-06,2.60023E-03
-2.5584E-06,2.56117E-03
-2.5580E-06,2.61977E-03
-2.5576E-06,2.65883E-03
-2.5572E-06,2.60023E-03
-2.5568E-06,2.61977E-03
-2.5564E-06,2.63930E-03
-2.5560E-06,2.67836E-03
-2.5556E-06,2.65883E-03
-2.5552E-06,2.65883E-03
-2.5548E-06,2.73695E-03
-2.5544E-06,2.67836E-03
-2.5540E-06,2.73695E-03
-2.5536E-06,2.69789E-03
-2.5532E-06,2.67836E-03
-2.5528E-06,2.63930E-03
-2.5524E-06,2.67836E-03
-2.5520E-06,2.63930E-03
-2.5516E-06,2.71742E-03
-2.5512E-06,2.71742E-03
-2.5508E-06,2.73695E-03
-2.5504E-06,2.73695E-03
-2.5500E-06,2.65883E-03
-2.5496E-06,2.71742E-03
-2.5492E-06,2.77602E-03
-2.5488E-06,2.73695E-03
-2.5484E-06,2.73695E-03
-2.5480E-06,2.73695E-03
-2.5476E-06,2.75648E-03
-2.5472E-06,2.79555E-03
-2.5468E-06,2.79555E-03
-2.5464E-06,2.73695E-03
-2.5460E-06,2.81508E-03
-2.5456E-06,2.71742E-03
-2.5452E-06,2.81508E-03
-2.5448E-06,2.79555E-03
-2.5444E-06,2.73695E-03
-2.5440E-06,2.73695E-03
-2.5436E-06,2.69789E-03
-2.5432E-06,2.73695E-03
-2.5428E-06,2.75648E-03
-2.5424E-06,2.69789E-03
-2.5420E-06,2.75648E-03
-2.5416E-06,2.75648E-03
-2.5412E-06,2.69789E-03
-2.5408E-06,2.73695E-03
-2.5404E-06,2.83461E-03
-2.5400E-06,2.73695E-03
-2.5396E-06,2.71742E-03
-2.5392E-06,2.71742E-03
-2.5388E-06,2.73695E-03
-2.5384E-06,2.73695E-03
-2.5380E-06,2.67836E-03
-2.5376E-06,2.65883E-03
-2.5372E-06,2.67836E-03
-2.5368E-06,2.73695E-03
-2.5364E-06,2.67836E-03
-2.5360E-06,2.65883E-03
-2.5356E-06,2.56117E-03
-2.5352E-06,2.60023E-03
-2.5348E-06,2.52211E-03
-2.5344E-06,2.44398E-03
-2.5340E-06,2.42445E-03
-2.5336E-06,2.44398E-03
-2.5332E-06,2.38539E-03
-2.5328E-06,2.36586E-03
-2.5324E-06,2.32680E-03
-2.5320E-06,2.30727E-03
-2.5316E-06,2.20961E-03
-2.5312E-06,2.03383E-03
-2.5308E-06,1.91664E-03
-2.5304E-06,1.68227E-03
-2.5300E-06,1.46742E-03
-2.5296E-06,1.17445E-03
-2.5292E-06,9.59609E-04
-2.5288E-06,7.25234E-04
-2.5284E-06,6.86172E-04
-2.5280E-06,6.86172E-04
-2.5276E-06,7.25234E-04
-2.5272E-06,6.66641E-04
-2.5268E-06,7.05703E-04
-2.5264E-06,5.68984E-04
-2.5260E-06,6.27578E-04
-2.5256E-06,5.29922E-04
-2.5252E-06,5.88516E-04
-2.5248E-06,5.10391E-04
-2.5244E-06,5.29922E-04
-2.5240E-06,5.49453E-04
-2.5236E-06,6.08047E-04
-2.5232E-06,6.27578E-04
-2.5228E-06,7.44766E-04
-2.5224E-06,8.81484E-04
-2.5220E-06,8.22891E-04
-2.5216E-06,9.40078E-04
-2.5212E-06,9.98672E-04
-2.5208E-06,9.40078E-04
-2.5204E-06,9.40078E-04
-2.5200E-06,8.81484E-04
-2.5196E-06,9.59609E-04
-2.5192E-06,9.79141E-04
-2.5188E-06,1.05727E-03
-2.5184E-06,1.01820E-03
-2.5180E-06,1.15492E-03
-2.5176E-06,1.13539E-03
-2.5172E-06,1.15492E-03
-2.5168E-06,1.15492E-03
-2.5164E-06,1.17445E-03
-2.5160E-06,1.21352E-03
-2.5156E-06,1.19398E-03
-2.5152E-06,1.23305E-03
-2.5148E-06,1.31117E-03
-2.5144E-06,1.42836E-03
-2.5140E-06,1.48695E-03
-2.5136E-06,1.46742E-03
-2.5132E-06,1.56508E-03
-2.5128E-06,1.66273E-03
-2.5124E-06,1.68227E-03
-2.5120E-06,1.72133E-03
-2.5116E-06,1.70180E-03
-2.5112E-06,1.74086E-03
-2.5108E-06,1.77992E-03
-2.5104E-06,1.79945E-03
-2.5100E-06,1.87758E-03
-2.5096E-06,1.87758E-03
-2.5092E-06,1.93617E-03
-2.5088E-06,1.95570E-03
-2.5084E-06,2.07289E-03
-2.5080E-06,2.07289E-03
-2.5076E-06,2.09242E-03
-2.5072E-06,2.09242E-03
-2.5068E-06,2.07289E-03
-2.5064E-06,2.13148E-03
-2.5060E-06,2.13148E-03
-2.5056E-06,2.13148E-03
-2.5052E-06,2.19008E-03
-2.5048E-06,2.28773E-03
-2.5044E-06,2.17055E-03
-2.5040E-06,2.26820E-03
-2.5036E-06,2.28773E-03
-2.5032E-06,2.30727E-03
-2.5028E-06,2.36586E-03
-2.5024E-06,2.36586E-03
-2.5020E-06,2.48305E-03
-2.5016E-06,2.44398E-03
-2.5012E-06,2.48305E-03
-2.5008E-06,2.38539E-03
-2.5004E-06,2.46352E-03
-2.5000E-06,2.46352E-03
-2.4996E-06,2.48305E-03
-2.4992E-06,2.46352E-03
-2.4988E-06,2.50258E-03
-2.4984E-06,2.38539E-03
-2.4980E-06,2.40492E-03
-2.4976E-06,2.36586E-03
-2.4972E-06,2.32680E-03
-2.4968E-06,2.30727E-03
-2.4964E-06,2.36586E-03
-2.4960E-06,2.30727E-03
-2.4956E-06,2.34633E-03
-2.4952E-06,2.40492E-03
-2.4948E-06,2.42445E-03
-2.4944E-06,2.38539E-03
-2.4940E-06,2.42445E-03
-2.4936E-06,2.48305E-03
-2.4932E-06,2.42445E-03
-2.4928E-06,2.36586E-03
-2.4924E-06,2.42445E-03
-2.4920E-06,2.40492E-03
-2.4916E-06,2.38539E-03
-2.4912E-06,2.44398E-03
-2.4908E-06,2.48305E-03
-2.4904E-06,2.50258E-03
-2.4900E-06,2.46352E-03
-2.4896E-06,2.50258E-03
-2.4892E-06,2.54164E-03
-2.4888E-06,2.54164E-03
-2.4884E-06,2.56117E-03
-2.4880E-06,2.46352E-03
-2.4876E-06,2.54164E-03
-2.4872E-06,2.61977E-03
-2.4868E-06,2.50258E-03
-2.4864E-06,2.58070E-03
-2.4860E-06,2.60023E-03
-2.4856E-06,2.58070E-03
-2.4852E-06,2.61977E-03
-2.4848E-06,2.56117E-03
-2.4844E-06,2.61977E-03
-2.4840E-06,2.60023E-03
-2.4836E-06,2.61977E-03
-2.4832E-06,2.63930E-03
-2.4828E-06,2.63930E-03
-2.4824E-06,2.63930E-03
-2.4820E-06,2.65883E-03
-2.4816E-06,2.60023E-03
-2.4812E-06,2.67836E-03
-2.4808E-06,2.75648E-03
-2.4804E-06,2.71742E-03
-2.4800E-06,2.75648E-03
-2.4796E-06,2.75648E-03
-2.4792E-06,2.73695E-03
-2.4788E-06,2.85414E-03
-2.4784E-06,2.69789E-03
-2.4780E-06,2.83461E-03
-2.4776E-06,2.73695E-03
-2.4772E-06,2.75648E-03
-2.4768E-06,2.81508E-03
-2.4764E-06,2.81508E-03
-2.4760E-06,2.79555E-03
-2.4756E-06,2.79555E-03
-2.4752E-06,2.73695E-03
-2.4748E-06,2.67836E-03
-2.4744E-06,2.67836E-03
-2.4740E-06,2.60023E-03
-2.4736E-06,2.63930E-03
-2.4732E-06,2.67836E-03
-2.4728E-06,2.61977E-03
-2.4724E-06,2.69789E-03
-2.4720E-06,2.65883E-03
-2.4716E-06,2.61977E-03
-2.4712E-06,2.61977E-03
-2.4708E-06,2.60023E-03
-2.4704E-06,2.60023E-03
-2.4700E-06,2.67836E-03
-2.4696E-06,2.60023E-03
-2.4692E-06,2.69789E-03
-2.4688E-06,2.65883E-03
-2.4684E-06,2.73695E-03
-2.4680E-06,2.67836E-03
-2.4676E-06,2.65883E-03
-2.4672E-06,2.71742E-03
-2.4668E-06,2.75648E-03
-2.4664E-06,2.67836E-03
-2.4660E-06,2.73695E-03
-2.4656E-06,2.69789E-03
-2.4652E-06,2.65883E-03
-2.4648E-06,2.63930E-03
-2.4644E-06,2.73695E-03
-2.4640E-06,2.65883E-03
-2.4636E-06,2.60023E-03
-2.4632E-06,2.50258E-03
-2.4628E-06,2.42445E-03
-2.4624E-06,2.22914E-03
-2.4620E-06,2.15102E-03
-2.4616E-06,1.91664E-03
-2.4612E-06,1.70180E-03
-2.4608E-06,1.44789E-03
-2.4604E-06,1.40883E-03
-2.4600E-06,1.29164E-03
-2.4596E-06,1.27211E-03
-2.4592E-06,1.15492E-03
-2.4588E-06,1.15492E-03
-2.4584E-06,1.03773E-03
-2.4580E-06,9.59609E-04
-2.4576E-06,9.79141E-04
-2.4572E-06,9.40078E-04
-2.4568E-06,9.59609E-04
-2.4564E-06,8.81484E-04
-2.4560E-06,9.01016E-04
-2.4556E-06,9.40078E-04
-2.4552E-06,9.40078E-04
-2.4548E-06,1.01820E-03
-2.4544E-06,1.01820E-03
-2.4540E-06,1.11586E-03
-2.4536E-06,1.13539E-03
-2.4532E-06,1.23305E-03
-2.4528E-06,1.23305E-03
-2.4524E-06,1.27211E-03
-2.4520E-06,1.25258E-03
-2.4516E-06,1.25258E-03
-2.4512E-06,1.21352E-03
-2.4508E-06,1.31117E-03
-2.4504E-06,1.33070E-03
-2.4500E-06,1.29164E-03
-2.4496E-06,1.33070E-03
-2.4492E-06,1.40883E-03
-2.4488E-06,1.44789E-03
-2.4484E-06,1.44789E-03
-2.4480E-06,1.46742E-03
-2.4476E-06,1.50648E-03
-2.4472E-06,1.46742E-03
-2.4468E-06,1.50648E-03
-2.4464E-06,1.58461E-03
-2.4460E-06,1.58461E-03
-2.4456E-06,1.50648E-03
-2.4452E-06,1.52602E-03
-2.4448E-06,1.42836E-03
-2.4444E-06,1.25258E-03
-2.4440E-06,9.59609E-04
-2.4436E-06,7.25234E-04
-2.4432E-06,4.51797E-04
-2.4428E-06,-1.69531E-05
-2.4424E-06,-3.29453E-04
-2.4420E-06,-6.41953E-04
-2.4416E-06,-7.78672E-04
-2.4412E-06,-8.17734E-04
-2.4408E-06,-8.37266E-04
-2.4404E-06,-9.15391E-04
-2.4400E-06,-1.09117E-03
-2.4396E-06,-1.16930E-03
-2.4392E-06,-1.13023E-03
-2.4388E-06,-1.24742E-03
-2.4384E-06,-1.24742E-03
-2.4380E-06,-1.24742E-03
-2.4376E-06,-1.26695E-03
-2.4372E-06,-1.16930E-03
-2.4368E-06,-1.13023E-03
-2.4364E-06,-9.34922E-04
-2.4360E-06,-7.98203E-04
-2.4356E-06,-6.41953E-04
-2.4352E-06,-5.63828E-04
-2.4348E-06,-4.27109E-04
-2.4344E-06,-4.07578E-04
-2.4340E-06,-3.48984E-04
-2.4336E-06,-4.66172E-04
-2.4332E-06,-4.66172E-04
-2.4328E-06,-4.07578E-04
-2.4324E-06,-2.70859E-04
-2.4320E-06,-2.12266E-04
-2.4316E-06,-1.34141E-04
-2.4312E-06,-5.60156E-05
-2.4308E-06,-1.69531E-05
-2.4304E-06,-1.69531E-05
-2.4300E-06,8.07031E-05
-2.4296E-06,1.39297E-04
-2.4292E-06,1.58828E-04
-2.4288E-06,1.97891E-04
-2.4284E-06,2.36953E-04
-2.4280E-06,3.15078E-04
-2.4276E-06,3.73672E-04
-2.4272E-06,5.29922E-04
-2.4268E-06,6.08047E-04
-2.4264E-06,6.66641E-04
-2.4260E-06,7.44766E-04
-2.4256E-06,7.83828E-04
-2.4252E-06,9.01016E-04
-2.4248E-06,8.42422E-04
-2.4244E-06,8.81484E-04
-2.4240E-06,7.83828E-04
-2.4236E-06,7.83828E-04
-2.4232E-06,7.05703E-04
-2.4228E-06,6.66641E-04
-2.4224E-06,7.05703E-04
-2.4220E-06,7.44766E-04
-2.4216E-06,8.61953E-04
-2.4212E-06,8.81484E-04
-2.4208E-06,9.40078E-04
-2.4204E-06,9.59609E-04
-2.4200E-06,9.98672E-04
-2.4196E-06,9.59609E-04
-2.4192E-06,9.59609E-04
-2.4188E-06,1.05727E-03
-2.4184E-06,1.01820E-03
-2.4180E-06,1.07680E-03
-2.4176E-06,1.05727E-03
-2.4172E-06,1.19398E-03
-2.4168E-06,1.27211E-03
-2.4164E-06,1.33070E-03
-2.4160E-06,1.35023E-03
-2.4156E-06,1.48695E-03
-2.4152E-06,1.44789E-03
-2.4148E-06,1.52602E-03
-2.4144E-06,1.48695E-03
-2.4140E-06,1.54555E-03
-2.4136E-06,1.62367E-03
-2.4132E-06,1.60414E-03
-2.4128E-06,1.64320E-03
-2.4124E-06,1.66273E-03
-2.4120E-06,1.70180E-03
-2.4116E-06,1.76039E-03
-2.4112E-06,1.74086E-03
-2.4108E-06,1.79945E-03
-2.4104E-06,1.81898E-03
-2.4100E-06,1.89711E-03
-2.4096E-06,1.79945E-03
-2.4092E-06,1.89711E-03
-2.4088E-06,1.85805E-03
-2.4084E-06,1.85805E-03
-2.4080E-06,1.79945E-03
-2.4076E-06,1.83852E-03
-2.4072E-06,1.66273E-03
-2.4068E-06,1.50648E-03
-2.4064E-06,1.35023E-03
-2.4060E-06,1.23305E-03
-2.4056E-06,8.61953E-04
-2.4052E-06,6.08047E-04
-2.4048E-06,3.93203E-04
-2.4044E-06,3.34609E-04
-2.4040E-06,3.54141E-04
-2.4036E-06,2.95547E-04
-2.4032E-06,3.34609E-04
-2.4028E-06,2.17422E-04
-2.4024E-06,2.36953E-04
-2.4020E-06,2.17422E-04
-2.4016E-06,2.17422E-04
-2.4012E-06,2.17422E-04
-2.4008E-06,1.78359E-04
-2.4004E-06,1.97891E-04
-2.4000E-06,2.56484E-04
-2.3996E-06,3.15078E-04
-2.3992E-06,3.93203E-04
-2.3988E-06,5.10391E-04
-2.3984E-06,5.68984E-04
-2.3980E-06,6.47109E-04
-2.3976E-06,8.03359E-04
-2.3972E-06,8.03359E-04
-2.3968E-06,7.64297E-04
-2.3964E-06,7.83828E-04
-2.3960E-06,7.44766E-04
-2.3956E-06,8.22891E-04
-2.3952E-06,7.64297E-04
-2.3948E-06,8.42422E-04
-2.3944E-06,9.40078E-04
-2.3940E-06,9.59609E-04
-2.3936E-06,9.01016E-04
-2.3932E-06,1.01820E-03
-2.3928E-06,1.09633E-03
-2.3924E-06,1.09633E-03
-2.3920E-06,1.13539E-03
-2.3916E-06,1.15492E-03
-2.3912E-06,1.23305E-03
-2.3908E-06,1.21352E-03
-2.3904E-06,1.21352E-03
-2.3900E-06,1.31117E-03
-2.3896E-06,1.38930E-03
-2.3892E-06,1.50648E-03
-2.3888E-06,1.52602E-03
-2.3884E-06,1.70180E-03
-2.3880E-06,1.68227E-03
-2.3876E-06,1.72133E-03
-2.3872E-06,1.77992E-03
-2.3868E-06,1.77992E-03
-2.3864E-06,1.83852E-03
-2.3860E-06,1.93617E-03
-2.3856E-06,1.93617E-03
-2.3852E-06,1.93617E-03
-2.3848E-06,1.99477E-03
-2.3844E-06,1.97523E-03
-2.3840E-06,2.01430E-03
-2.3836E-06,2.03383E-03
-2.3832E-06,2.09242E-03
-2.3828E-06,2.09242E-03
-2.3824E-06,2.05336E-03
-2.3820E-06,2.19008E-03
-2.3816E-06,2.09242E-03
-2.3812E-06,2.20961E-03
-2.3808E-06,2.15102E-03
-2.3804E-06,2.28773E-03
-2.3800E-06,2.28773E-03
-2.3796E-06,2.36586E-03
-2.3792E-06,2.34633E-03
-2.3788E-06,2.42445E-03
-2.3784E-06,2.44398E-03
-2.3780E-06,2.42445E-03
-2.3776E-06,2.46352E-03
-2.3772E-06,2.50258E-03
-2.3768E-06,2.52211E-03
-2.3764E-06,2.56117E-03
-2.3760E-06,2.46352E-03
-2.3756E-06,2.65883E-03
-2.3752E-06,2.52211E-03
-2.3748E-06,2.58070E-03
-2.3744E-06,2.61977E-03
-2.3740E-06,2.73695E-03
-2.3736E-06,2.65883E-03
-2.3732E-06,2.75648E-03
-2.3728E-06,2.71742E-03
-2.3724E-06,2.73695E-03
-2.3720E-06,2.73695E-03
-2.3716E-06,2.73695E-03
-2.3712E-06,2.73695E-03
-2.3708E-06,2.75648E-03
-2.3704E-06,2.79555E-03
-2.3700E-06,2.87367E-03
-2.3696E-06,2.71742E-03
-2.3692E-06,2.79555E-03
-2.3688E-06,2.79555E-03
-2.3684E-06,2.81508E-03
-2.3680E-06,2.77602E-03
-2.3676E-06,2.81508E-03
-2.3672E-06,2.81508E-03
-2.3668E-06,2.79555E-03
-2.3664E-06,2.91273E-03
-2.3660E-06,2.81508E-03
-2.3656E-06,2.85414E-03
-2.3652E-06,2.83461E-03
-2.3648E-06,2.83461E-03
-2.3644E-06,2.89320E-03
-2.3640E-06,2.87367E-03
-2.3636E-06,2.95180E-03
-2.3632E-06,2.83461E-03
-2.3628E-06,2.95180E-03
-2.3624E-06,2.89320E-03
-2.3620E-06,2.97133E-03
-2.3616E-06,2.85414E-03
-2.3612E-06,2.97133E-03
-2.3608E-06,2.93227E-03
-2.3604E-06,2.95180E-03
-2.3600E-06,2.89320E-03
-2.3596E-06,2.91273E-03
-2.3592E-06,3.01039E-03
-2.3588E-06,2.97133E-03
-2.3584E-06,2.93227E-03
-2.3580E-06,3.01039E-03
-2.3576E-06,2.99086E-03
-2.3572E-06,3.02992E-03
-2.3568E-06,2.97133E-03
-2.3564E-06,2.99086E-03
-2.3560E-06,2.95180E-03
-2.3556E-06,2.97133E-03
-2.3552E-06,2.95180E-03
-2.3548E-06,3.02992E-03
-2.3544E-06,3.02992E-03
-2.3540E-06,2.99086E-03
-2.3536E-06,3.02992E-03
-2.3532E-06,3.06898E-03
-2.3528E-06,3.04945E-03
-2.3524E-06,3.06898E-03
-2.3520E-06,2.99086E-03
-2.3516E-06,3.04945E-03
-2.3512E-06,2.97133E-03
-2.3508E-06,3.02992E-03
-2.3504E-06,3.04945E-03
-2.3500E-06,3.10805E-03
-2.3496E-06,3.06898E-03
-2.3492E-06,3.06898E-03
-2.3488E-06,3.04945E-03
-2.3484E-06,3.08852E-03
-2.3480E-06,3.02992E-03
-2.3476E-06,3.02992E-03
-2.3472E-06,3.06898E-03
-2.3468E-06,3.01039E-03
-2.3464E-06,3.08852E-03
-2.3460E-06,3.04945E-03
-2.3456E-06,3.02992E-03
-2.3452E-06,3.08852E-03
-2.3448E-06,3.04945E-03
-2.3444E-06,3.01039E-03
-2.3440E-06,3.08852E-03
-2.3436E-06,3.02992E-03
-2.3432E-06,3.02992E-03
-2.3428E-06,3.02992E-03
-2.3424E-06,3.08852E-03
-2.3420E-06,3.10805E-03
-2.3416E-06,3.02992E-03
-2.3412E-06,3.10805E-03
-2.3408E-06,3.04945E-03
-2.3404E-06,3.08852E-03
-2.3400E-06,3.08852E-03
-2.3396E-06,3.01039E-03
-2.3392E-06,3.06898E-03
-2.3388E-06,2.97133E-03
-2.3384E-06,3.02992E-03
-2.3380E-06,3.02992E-03
-2.3376E-06,2.89320E-03
-2.3372E-06,2.93227E-03
-2.3368E-06,2.83461E-03
-2.3364E-06,2.81508E-03
-2.3360E-06,2.83461E-03
-2.3356E-06,2.81508E-03
-2.3352E-06,2.81508E-03
-2.3348E-06,2.81508E-03
-2.3344E-06,2.75648E-03
-2.3340E-06,2.71742E-03
-2.3336E-06,2.71742E-03
-2.3332E-06,2.58070E-03
-2.3328E-06,2.50258E-03
-2.3324E-06,2.32680E-03
-2.3320E-06,2.20961E-03
-2.3316E-06,2.09242E-03
-2.3312E-06,1.87758E-03
-2.3308E-06,1.77992E-03
-2.3304E-06,1.68227E-03
-2.3300E-06,1.68227E-03
-2.3296E-06,1.68227E-03
-2.3292E-06,1.66273E-03
-2.3288E-06,1.62367E-03
-2.3284E-06,1.70180E-03
-2.3280E-06,1.54555E-03
-2.3276E-06,1.56508E-03
-2.3272E-06,1.54555E-03
-2.3268E-06,1.42836E-03
-2.3264E-06,1.38930E-03
-2.3260E-06,1.31117E-03
-2.3256E-06,1.23305E-03
-2.3252E-06,1.19398E-03
-2.3248E-06,1.11586E-03
-2.3244E-06,1.01820E-03
-2.3240E-06,9.59609E-04
-2.3236E-06,8.42422E-04
-2.3232E-06,7.83828E-04
-2.3228E-06,7.05703E-04
-2.3224E-06,6.47109E-04
-2.3220E-06,6.27578E-04
-2.3216E-06,4.51797E-04
-2.3212E-06,5.49453E-04
-2.3208E-06,4.71328E-04
-2.3204E-06,3.93203E-04
-2.3200E-06,2.95547E-04
-2.3196E-06,1.78359E-04
-2.3192E-06,6.11719E-05
-2.3188E-06,-7.55469E-05
-2.3184E-06,-2.90391E-04
-2.3180E-06,-5.44297E-04
-2.3176E-06,-7.98203E-04
-2.3172E-06,-9.54453E-04
-2.3168E-06,-1.05211E-03
-2.3164E-06,-1.01305E-03
-2.3160E-06,-1.14977E-03
-2.3156E-06,-1.22789E-03
-2.3152E-06,-1.34508E-03
-2.3148E-06,-1.44273E-03
-2.3144E-06,-1.50133E-03
-2.3140E-06,-1.54039E-03
-2.3136E-06,-1.67711E-03
-2.3132E-06,-1.71617E-03
-2.3128E-06,-1.85289E-03
-2.3124E-06,-1.95055E-03
-2.3120E-06,-2.08727E-03
-2.3116E-06,-2.18492E-03
-2.3112E-06,-2.38023E-03
-2.3108E-06,-2.51695E-03
-2.3104E-06,-2.67320E-03
-2.3100E-06,-2.69273E-03
-2.3096E-06,-2.73180E-03
-2.3092E-06,-2.71227E-03
-2.3088E-06,-2.77086E-03
-2.3084E-06,-2.75133E-03
-2.3080E-06,-2.69273E-03
-2.3076E-06,-2.65367E-03
-2.3072E-06,-2.55602E-03
-2.3068E-06,-2.49742E-03
-2.3064E-06,-2.49742E-03
-2.3060E-06,-2.47789E-03
-2.3056E-06,-2.55602E-03
-2.3052E-06,-2.65367E-03
-2.3048E-06,-2.69273E-03
-2.3044E-06,-2.77086E-03
-2.3040E-06,-2.94664E-03
-2.3036E-06,-3.23961E-03
-2.3032E-06,-3.43492E-03
-2.3028E-06,-3.63023E-03
-2.3024E-06,-3.78648E-03
-2.3020E-06,-3.78648E-03
-2.3016E-06,-3.80602E-03
-2.3012E-06,-3.82555E-03
-2.3008E-06,-3.84508E-03
-2.3004E-06,-3.96227E-03
-2.3000E-06,-4.13805E-03
-2.2996E-06,-4.54820E-03
-2.2992E-06,-4.91930E-03
-2.2988E-06,-5.32945E-03
-2.2984E-06,-5.77867E-03
-2.2980E-06,-6.16930E-03
-2.2976E-06,-6.83336E-03
-2.2972E-06,-7.20445E-03
-2.2968E-06,-7.47789E-03
-2.2964E-06,-7.55602E-03
-2.2960E-06,-7.69273E-03
-2.2956E-06,-7.69273E-03
-2.2952E-06,-7.88805E-03
-2.2948E-06,-8.08336E-03
-2.2944E-06,-8.31773E-03
-2.2940E-06,-8.57164E-03
-2.2936E-06,-8.61070E-03
-2.2932E-06,-8.59117E-03
-2.2928E-06,-8.61070E-03
-2.2924E-06,-8.39586E-03
-2.2920E-06,-8.33727E-03
-2.2916E-06,-8.22008E-03
-2.2912E-06,-8.06383E-03
-2.2908E-06,-7.96617E-03
-2.2904E-06,-7.86852E-03
-2.2900E-06,-7.86852E-03
-2.2896E-06,-7.80992E-03
-2.2892E-06,-7.79039E-03
-2.2888E-06,-7.79039E-03
-2.2884E-06,-7.65367E-03
-2.2880E-06,-7.57555E-03
-2.2876E-06,-7.39977E-03
-2.2872E-06,-7.04820E-03
-2.2868E-06,-6.91148E-03
-2.2864E-06,-6.71617E-03
-2.2860E-06,-6.69664E-03
-2.2856E-06,-6.67711E-03
-2.2852E-06,-6.71617E-03
-2.2848E-06,-6.77477E-03
-2.2844E-06,-6.77477E-03
-2.2840E-06,-6.95055E-03
-2.2836E-06,-6.95055E-03
-2.2832E-06,-6.89195E-03
-2.2828E-06,-6.77477E-03
-2.2824E-06,-6.63805E-03
-2.2820E-06,-6.54039E-03
-2.2816E-06,-6.42320E-03
-2.2812E-06,-6.36461E-03
-2.2808E-06,-6.28648E-03
-2.2804E-06,-6.13023E-03
-2.2800E-06,-5.99352E-03
-2.2796E-06,-5.91539E-03
-2.2792E-06,-5.73961E-03
-2.2788E-06,-5.64195E-03
-2.2784E-06,-5.40758E-03
-2.2780E-06,-5.13414E-03
-2.2776E-06,-4.95836E-03
-2.2772E-06,-4.72398E-03
-2.2768E-06,-4.48961E-03
-2.2764E-06,-4.37242E-03
-2.2760E-06,-4.27477E-03
-2.2756E-06,-4.31383E-03
-2.2752E-06,-4.33336E-03
-2.2748E-06,-4.45055E-03
-2.2744E-06,-4.50914E-03
-2.2740E-06,-4.64586E-03
-2.2736E-06,-4.66539E-03
-2.2732E-06,-4.62633E-03
-2.2728E-06,-4.56773E-03
-2.2724E-06,-4.37242E-03
-2.2720E-06,-4.35289E-03
-2.2716E-06,-4.19664E-03
-2.2712E-06,-4.13805E-03
-2.2708E-06,-4.00133E-03
-2.2704E-06,-4.00133E-03
-2.2700E-06,-3.86461E-03
-2.2696E-06,-3.72789E-03
-2.2692E-06,-3.53258E-03
-2.2688E-06,-3.41539E-03
-2.2684E-06,-3.27867E-03
-2.2680E-06,-3.04430E-03
-2.2676E-06,-2.79039E-03
-2.2672E-06,-2.61461E-03
-2.2668E-06,-2.30211E-03
-2.2664E-06,-2.14586E-03
-2.2660E-06,-2.08727E-03
-2.2656E-06,-1.93102E-03
-2.2652E-06,-1.83336E-03
-2.2648E-06,-1.81383E-03
-2.2644E-06,-1.59898E-03
-2.2640E-06,-1.59898E-03
-2.2636E-06,-1.42320E-03
-2.2632E-06,-1.26695E-03
-2.2628E-06,-1.11070E-03
-2.2624E-06,-1.05211E-03
-2.2620E-06,-9.54453E-04
-2.2616E-06,-9.15391E-04
-2.2612E-06,-1.03258E-03
-2.2608E-06,-1.09117E-03
-2.2604E-06,-1.13023E-03
-2.2600E-06,-1.26695E-03
-2.2596E-06,-1.38414E-03
-2.2592E-06,-1.42320E-03
-2.2588E-06,-1.40367E-03
-2.2584E-06,-1.38414E-03
-2.2580E-06,-1.22789E-03
-2.2576E-06,-1.18883E-03
-2.2572E-06,-1.03258E-03
-2.2568E-06,-9.34922E-04
-2.2564E-06,-9.93516E-04
-2.2560E-06,-9.73984E-04
-2.2556E-06,-8.56797E-04
-2.2552E-06,-8.37266E-04
-2.2548E-06,-7.78672E-04
-2.2544E-06,-7.39609E-04
-2.2540E-06,-5.83359E-04
-2.2536E-06,-5.44297E-04
-2.2532E-06,-3.68516E-04
-2.2528E-06,-3.09922E-04
-2.2524E-06,-9.50781E-05
-2.2520E-06,-5.60156E-05
-2.2516E-06,1.39297E-04
-2.2512E-06,1.39297E-04
-2.2508E-06,1.78359E-04
-2.2504E-06,1.78359E-04
-2.2500E-06,1.58828E-04
-2.2496E-06,2.95547E-04
-2.2492E-06,3.93203E-04
-2.2488E-06,4.90859E-04
-2.2484E-06,5.49453E-04
-2.2480E-06,5.88516E-04
-2.2476E-06,6.47109E-04
-2.2472E-06,6.47109E-04
-2.2468E-06,8.03359E-04
-2.2464E-06,8.42422E-04
-2.2460E-06,9.40078E-04
-2.2456E-06,8.61953E-04
-2.2452E-06,9.79141E-04
-2.2448E-06,9.59609E-04
-2.2444E-06,1.05727E-03
-2.2440E-06,1.17445E-03
-2.2436E-06,1.19398E-03
-2.2432E-06,1.31117E-03
-2.2428E-06,1.38930E-03
-2.2424E-06,1.44789E-03
-2.2420E-06,1.52602E-03
-2.2416E-06,1.52602E-03
-2.2412E-06,1.54555E-03
-2.2408E-06,1.52602E-03
-2.2404E-06,1.58461E-03
-2.2400E-06,1.52602E-03
-2.2396E-06,1.58461E-03
-2.2392E-06,1.58461E-03
-2.2388E-06,1.50648E-03
-2.2384E-06,1.44789E-03
-2.2380E-06,1.38930E-03
-2.2376E-06,1.25258E-03
-2.2372E-06,1.17445E-03
-2.2368E-06,1.09633E-03
-2.2364E-06,1.03773E-03
-2.2360E-06,8.61953E-04
-2.2356E-06,6.66641E-04
-2.2352E-06,3.54141E-04
-2.2348E-06,1.97891E-04
-2.2344E-06,-1.14609E-04
-2.2340E-06,-4.46641E-04
-2.2336E-06,-7.39609E-04
-2.2332E-06,-8.76328E-04
-2.2328E-06,-9.15391E-04
-2.2324E-06,-9.15391E-04
-2.2320E-06,-1.01305E-03
-2.2316E-06,-1.11070E-03
-2.2312E-06,-1.05211E-03
-2.2308E-06,-1.11070E-03
-2.2304E-06,-1.18883E-03
-2.2300E-06,-1.11070E-03
-2.2296E-06,-1.14977E-03
-2.2292E-06,-1.07164E-03
-2.2288E-06,-1.16930E-03
-2.2284E-06,-9.93516E-04
-2.2280E-06,-9.54453E-04
-2.2276E-06,-8.56797E-04
-2.2272E-06,-7.00547E-04
-2.2268E-06,-5.83359E-04
-2.2264E-06,-5.63828E-04
-2.2260E-06,-5.24766E-04
-2.2256E-06,-5.24766E-04
-2.2252E-06,-4.85703E-04
-2.2248E-06,-4.07578E-04
-2.2244E-06,-4.85703E-04
-2.2240E-06,-5.05234E-04
-2.2236E-06,-4.85703E-04
-2.2232E-06,-5.44297E-04
-2.2228E-06,-5.63828E-04
-2.2224E-06,-7.00547E-04
-2.2220E-06,-7.39609E-04
-2.2216E-06,-8.56797E-04
-2.2212E-06,-8.56797E-04
-2.2208E-06,-8.95859E-04
-2.2204E-06,-8.37266E-04
-2.2200E-06,-8.76328E-04
-2.2196E-06,-8.95859E-04
-2.2192E-06,-9.93516E-04
-2.2188E-06,-9.54453E-04
-2.2184E-06,-1.01305E-03
-2.2180E-06,-1.11070E-03
-2.2176E-06,-1.28648E-03
-2.2172E-06,-1.34508E-03
-2.2168E-06,-1.48180E-03
-2.2164E-06,-1.63805E-03
-2.2160E-06,-1.69664E-03
-2.2156E-06,-1.69664E-03
-2.2152E-06,-1.63805E-03
-2.2148E-06,-1.57945E-03
-2.2144E-06,-1.61852E-03
-2.2140E-06,-1.67711E-03
-2.2136E-06,-1.93102E-03
-2.2132E-06,-2.10680E-03
-2.2128E-06,-2.38023E-03
-2.2124E-06,-2.55602E-03
-2.2120E-06,-2.82945E-03
-2.2116E-06,-3.14195E-03
-2.2112E-06,-3.23961E-03
-2.2108E-06,-3.31773E-03
-2.2104E-06,-3.33727E-03
-2.2100E-06,-3.27867E-03
-2.2096E-06,-3.27867E-03
-2.2092E-06,-3.18102E-03
-2.2088E-06,-3.31773E-03
-2.2084E-06,-3.25914E-03
-2.2080E-06,-3.27867E-03
-2.2076E-06,-3.27867E-03
-2.2072E-06,-3.27867E-03
-2.2068E-06,-3.10289E-03
-2.2064E-06,-3.08336E-03
-2.2060E-06,-2.94664E-03
-2.2056E-06,-2.80992E-03
-2.2052E-06,-2.75133E-03
-2.2048E-06,-2.84898E-03
-2.2044E-06,-2.96617E-03
-2.2040E-06,-3.18102E-03
-2.2036E-06,-3.43492E-03
-2.2032E-06,-3.90367E-03
-2.2028E-06,-4.27477E-03
-2.2024E-06,-4.78258E-03
-2.2020E-06,-5.03648E-03
-2.2016E-06,-5.17320E-03
-2.2012E-06,-5.15367E-03
-2.2008E-06,-5.15367E-03
-2.2004E-06,-5.19273E-03
-2.2000E-06,-5.29039E-03
-2.1996E-06,-5.25133E-03
-2.1992E-06,-5.29039E-03
-2.1988E-06,-5.27086E-03
-2.1984E-06,-5.25133E-03
-2.1980E-06,-5.21227E-03
-2.1976E-06,-5.13414E-03
-2.1972E-06,-4.99742E-03
-2.1968E-06,-4.78258E-03
-2.1964E-06,-4.56773E-03
-2.1960E-06,-4.27477E-03
-2.1956E-06,-4.07945E-03
-2.1952E-06,-3.86461E-03
-2.1948E-06,-3.68883E-03
-2.1944E-06,-3.57164E-03
-2.1940E-06,-3.51305E-03
-2.1936E-06,-3.63023E-03
-2.1932E-06,-3.55211E-03
-2.1928E-06,-3.49352E-03
-2.1924E-06,-3.33727E-03
-2.1920E-06,-3.27867E-03
-2.1916E-06,-3.14195E-03
-2.1912E-06,-3.06383E-03
-2.1908E-06,-2.90758E-03
-2.1904E-06,-2.84898E-03
-2.1900E-06,-2.63414E-03
-2.1896E-06,-2.61461E-03
-2.1892E-06,-2.49742E-03
-2.1888E-06,-2.45836E-03
-2.1884E-06,-2.34117E-03
-2.1880E-06,-2.20445E-03
-2.1876E-06,-2.06773E-03
-2.1872E-06,-1.89195E-03
-2.1868E-06,-1.73570E-03
-2.1864E-06,-1.50133E-03
-2.1860E-06,-1.40367E-03
-2.1856E-06,-1.20836E-03
-2.1852E-06,-1.05211E-03
-2.1848E-06,-9.15391E-04
-2.1844E-06,-8.37266E-04
-2.1840E-06,-7.59141E-04
-2.1836E-06,-5.63828E-04
-2.1832E-06,-5.05234E-04
-2.1828E-06,-4.07578E-04
-2.1824E-06,-2.70859E-04
-2.1820E-06,-1.53672E-04
-2.1816E-06,-9.50781E-05
-2.1812E-06,2.21094E-05
-2.1808E-06,8.07031E-05
-2.1804E-06,1.19766E-04
-2.1800E-06,2.17422E-04
-2.1796E-06,2.36953E-04
-2.1792E-06,1.78359E-04
-2.1788E-06,2.17422E-04
-2.1784E-06,1.00234E-04
-2.1780E-06,4.16406E-05
-2.1776E-06,-7.55469E-05
-2.1772E-06,-2.70859E-04
-2.1768E-06,-6.22422E-04
-2.1764E-06,-8.56797E-04
-2.1760E-06,-1.36461E-03
-2.1756E-06,-1.73570E-03
-2.1752E-06,-2.14586E-03
-2.1748E-06,-2.34117E-03
-2.1744E-06,-2.41930E-03
-2.1740E-06,-2.41930E-03
-2.1736E-06,-2.49742E-03
-2.1732E-06,-2.65367E-03
-2.1728E-06,-2.80992E-03
-2.1724E-06,-2.90758E-03
-2.1720E-06,-3.08336E-03
-2.1716E-06,-3.25914E-03
-2.1712E-06,-3.45445E-03
-2.1708E-06,-3.63023E-03
-2.1704E-06,-3.76695E-03
-2.1700E-06,-3.82555E-03
-2.1696E-06,-3.78648E-03
-2.1692E-06,-3.68883E-03
-2.1688E-06,-3.63023E-03
-2.1684E-06,-3.59117E-03
-2.1680E-06,-3.45445E-03
-2.1676E-06,-3.45445E-03
-2.1672E-06,-3.37633E-03
-2.1668E-06,-3.41539E-03
-2.1664E-06,-3.53258E-03
-2.1660E-06,-3.37633E-03
-2.1656E-06,-3.39586E-03
-2.1652E-06,-3.27867E-03
-2.1648E-06,-3.23961E-03
-2.1644E-06,-3.29820E-03
-2.1640E-06,-3.31773E-03
-2.1636E-06,-3.41539E-03
-2.1632E-06,-3.51305E-03
-2.1628E-06,-3.63023E-03
-2.1624E-06,-3.84508E-03
-2.1620E-06,-3.96227E-03
-2.1616E-06,-4.09898E-03
-2.1612E-06,-4.05992E-03
-2.1608E-06,-4.00133E-03
-2.1604E-06,-3.92320E-03
-2.1600E-06,-3.80602E-03
-2.1596E-06,-3.64977E-03
-2.1592E-06,-3.66930E-03
-2.1588E-06,-3.47398E-03
-2.1584E-06,-3.41539E-03
-2.1580E-06,-3.27867E-03
-2.1576E-06,-3.27867E-03
-2.1572E-06,-3.08336E-03
-2.1568E-06,-2.94664E-03
-2.1564E-06,-2.71227E-03
-2.1560E-06,-2.65367E-03
-2.1556E-06,-2.41930E-03
-2.1552E-06,-2.32164E-03
-2.1548E-06,-2.10680E-03
-2.1544E-06,-1.97008E-03
-2.1540E-06,-1.93102E-03
-2.1536E-06,-1.85289E-03
-2.1532E-06,-1.79430E-03
-2.1528E-06,-1.73570E-03
-2.1524E-06,-1.59898E-03
-2.1520E-06,-1.59898E-03
-2.1516E-06,-1.42320E-03
-2.1512E-06,-1.36461E-03
-2.1508E-06,-1.36461E-03
-2.1504E-06,-1.26695E-03
-2.1500E-06,-1.24742E-03
-2.1496E-06,-1.34508E-03
-2.1492E-06,-1.38414E-03
-2.1488E-06,-1.67711E-03
-2.1484E-06,-1.75523E-03
-2.1480E-06,-2.06773E-03
-2.1476E-06,-2.24352E-03
-2.1472E-06,-2.41930E-03
-2.1468E-06,-2.45836E-03
-2.1464E-06,-2.55602E-03
-2.1460E-06,-2.55602E-03
-2.1456E-06,-2.71227E-03
-2.1452E-06,-2.80992E-03
-2.1448E-06,-2.94664E-03
-2.1444E-06,-3.12242E-03
-2.1440E-06,-3.31773E-03
-2.1436E-06,-3.45445E-03
-2.1432E-06,-3.53258E-03
-2.1428E-06,-3.39586E-03
-2.1424E-06,-3.35680E-03
-2.1420E-06,-3.33727E-03
-2.1416E-06,-3.20055E-03
-2.1412E-06,-3.10289E-03
-2.1408E-06,-3.06383E-03
-2.1404E-06,-2.86852E-03
-2.1400E-06,-2.77086E-03
-2.1396E-06,-2.61461E-03
-2.1392E-06,-2.65367E-03
-2.1388E-06,-2.51695E-03
-2.1384E-06,-2.55602E-03
-2.1380E-06,-2.43883E-03
-2.1376E-06,-2.34117E-03
-2.1372E-06,-2.20445E-03
-2.1368E-06,-1.95055E-03
-2.1364E-06,-1.83336E-03
-2.1360E-06,-1.75523E-03
-2.1356E-06,-1.65758E-03
-2.1352E-06,-1.55992E-03
-2.1348E-06,-1.55992E-03
-2.1344E-06,-1.50133E-03
-2.1340E-06,-1.34508E-03
-2.1336E-06,-1.26695E-03
-2.1332E-06,-1.18883E-03
-2.1328E-06,-1.13023E-03
-2.1324E-06,-9.34922E-04
-2.1320E-06,-7.98203E-04
-2.1316E-06,-7.59141E-04
-2.1312E-06,-6.02891E-04
-2.1308E-06,-4.66172E-04
-2.1304E-06,-3.88047E-04
-2.1300E-06,-3.09922E-04
-2.1296E-06,-2.90391E-04
-2.1292E-06,-2.12266E-04
-2.1288E-06,-7.55469E-05
-2.1284E-06,8.07031E-05
-2.1280E-06,1.39297E-04
-2.1276E-06,2.36953E-04
-2.1272E-06,2.76016E-04
-2.1268E-06,3.34609E-04
-2.1264E-06,2.17422E-04
-2.1260E-06,1.97891E-04
-2.1256E-06,1.00234E-04
-2.1252E-06,-9.50781E-05
-2.1248E-06,-4.46641E-04
-2.1244E-06,-8.37266E-04
-2.1240E-06,-1.20836E-03
-2.1236E-06,-1.52086E-03
-2.1232E-06,-1.73570E-03
-2.1228E-06,-1.95055E-03
-2.1224E-06,-2.16539E-03
-2.1220E-06,-2.39977E-03
-2.1216E-06,-2.57555E-03
-2.1212E-06,-2.71227E-03
-2.1208E-06,-2.82945E-03
-2.1204E-06,-2.92711E-03
-2.1200E-06,-3.22008E-03
-2.1196E-06,-3.31773E-03
-2.1192E-06,-3.47398E-03
-2.1188E-06,-3.51305E-03
-2.1184E-06,-3.57164E-03
-2.1180E-06,-3.57164E-03
-2.1176E-06,-3.47398E-03
-2.1172E-06,-3.31773E-03
-2.1168E-06,-3.33727E-03
-2.1164E-06,-3.16148E-03
-2.1160E-06,-3.10289E-03
-2.1156E-06,-3.14195E-03
-2.1152E-06,-3.14195E-03
-2.1148E-06,-3.18102E-03
-2.1144E-06,-3.12242E-03
-2.1140E-06,-3.12242E-03
-2.1136E-06,-3.14195E-03
-2.1132E-06,-3.10289E-03
-2.1128E-06,-3.06383E-03
-2.1124E-06,-2.94664E-03
-2.1120E-06,-2.92711E-03
-2.1116E-06,-2.90758E-03
-2.1112E-06,-2.82945E-03
-2.1108E-06,-2.82945E-03
-2.1104E-06,-2.79039E-03
-2.1100E-06,-2.82945E-03
-2.1096E-06,-2.86852E-03
-2.1092E-06,-3.02477E-03
-2.1088E-06,-3.06383E-03
-2.1084E-06,-3.10289E-03
-2.1080E-06,-3.20055E-03
-2.1076E-06,-3.27867E-03
-2.1072E-06,-3.41539E-03
-2.1068E-06,-3.41539E-03
-2.1064E-06,-3.43492E-03
-2.1060E-06,-3.33727E-03
-2.1056E-06,-3.29820E-03
-2.1052E-06,-3.25914E-03
-2.1048E-06,-3.27867E-03
-2.1044E-06,-3.33727E-03
-2.1040E-06,-3.39586E-03
-2.1036E-06,-3.37633E-03
-2.1032E-06,-3.33727E-03
-2.1028E-06,-3.35680E-03
-2.1024E-06,-3.43492E-03
-2.1020E-06,-3.49352E-03
-2.1016E-06,-3.45445E-03
-2.1012E-06,-3.53258E-03
-2.1008E-06,-3.57164E-03
-2.1004E-06,-3.70836E-03
-2.1000E-06,-3.90367E-03
-2.0996E-06,-4.09898E-03
-2.0992E-06,-4.35289E-03
-2.0988E-06,-4.56773E-03
-2.0984E-06,-4.78258E-03
-2.0980E-06,-4.84117E-03
-2.0976E-06,-5.09508E-03
-2.0972E-06,-5.21227E-03
-2.0968E-06,-5.36852E-03
-2.0964E-06,-5.44664E-03
-2.0960E-06,-5.48570E-03
-2.0956E-06,-5.52477E-03
-2.0952E-06,-5.40758E-03
-2.0948E-06,-5.46617E-03
-2.0944E-06,-5.44664E-03
-2.0940E-06,-5.44664E-03
-2.0936E-06,-5.38805E-03
-2.0932E-06,-5.30992E-03
-2.0928E-06,-5.29039E-03
-2.0924E-06,-5.03648E-03
-2.0920E-06,-4.91930E-03
-2.0916E-06,-4.66539E-03
-2.0912E-06,-4.58727E-03
-2.0908E-06,-4.39195E-03
-2.0904E-06,-4.25523E-03
-2.0900E-06,-4.15758E-03
-2.0896E-06,-4.05992E-03
-2.0892E-06,-4.00133E-03
-2.0888E-06,-3.98180E-03
-2.0884E-06,-4.04039E-03
-2.0880E-06,-4.17711E-03
-2.0876E-06,-4.23570E-03
-2.0872E-06,-4.39195E-03
-2.0868E-06,-4.54820E-03
-2.0864E-06,-4.62633E-03
-2.0860E-06,-4.68492E-03
-2.0856E-06,-4.62633E-03
-2.0852E-06,-4.58727E-03
-2.0848E-06,-4.58727E-03
-2.0844E-06,-4.50914E-03
-2.0840E-06,-4.50914E-03
-2.0836E-06,-4.41148E-03
-2.0832E-06,-4.31383E-03
-2.0828E-06,-4.23570E-03
-2.0824E-06,-4.04039E-03
-2.0820E-06,-3.90367E-03
-2.0816E-06,-3.84508E-03
-2.0812E-06,-3.64977E-03
-2.0808E-06,-3.49352E-03
-2.0804E-06,-3.35680E-03
-2.0800E-06,-3.16148E-03
-2.0796E-06,-3.00523E-03
-2.0792E-06,-2.96617E-03
-2.0788E-06,-2.94664E-03
-2.0784E-06,-3.02477E-03
-2.0780E-06,-3.00523E-03
-2.0776E-06,-3.00523E-03
-2.0772E-06,-3.00523E-03
-2.0768E-06,-3.00523E-03
-2.0764E-06,-3.00523E-03
-2.0760E-06,-2.98570E-03
-2.0756E-06,-2.96617E-03
-2.0752E-06,-2.94664E-03
-2.0748E-06,-2.92711E-03
-2.0744E-06,-2.88805E-03
-2.0740E-06,-2.94664E-03
-2.0736E-06,-2.84898E-03
-2.0732E-06,-2.79039E-03
-2.0728E-06,-2.71227E-03
-2.0724E-06,-2.59508E-03
-2.0720E-06,-2.57555E-03
-2.0716E-06,-2.47789E-03
-2.0712E-06,-2.36070E-03
-2.0708E-06,-2.28258E-03
-2.0704E-06,-2.28258E-03
-2.0700E-06,-2.26305E-03
-2.0696E-06,-2.28258E-03
-2.0692E-06,-2.26305E-03
-2.0688E-06,-2.06773E-03
-2.0684E-06,-2.00914E-03
-2.0680E-06,-1.98961E-03
-2.0676E-06,-1.85289E-03
-2.0672E-06,-1.85289E-03
-2.0668E-06,-1.69664E-03
-2.0664E-06,-1.63805E-03
-2.0660E-06,-1.55992E-03
-2.0656E-06,-1.48180E-03
-2.0652E-06,-1.42320E-03
-2.0648E-06,-1.28648E-03
-2.0644E-06,-1.20836E-03
-2.0640E-06,-1.13023E-03
-2.0636E-06,-9.93516E-04
-2.0632E-06,-9.54453E-04
-2.0628E-06,-7.20078E-04
-2.0624E-06,-7.00547E-04
-2.0620E-06,-5.05234E-04
-2.0616E-06,-4.46641E-04
-2.0612E-06,-3.68516E-04
-2.0608E-06,-2.70859E-04
-2.0604E-06,-2.12266E-04
-2.0600E-06,-1.34141E-04
-2.0596E-06,2.57813E-06
-2.0592E-06,2.21094E-05
-2.0588E-06,1.00234E-04
-2.0584E-06,2.36953E-04
-2.0580E-06,2.95547E-04
-2.0576E-06,2.76016E-04
-2.0572E-06,3.54141E-04
-2.0568E-06,4.12734E-04
-2.0564E-06,4.90859E-04
-2.0560E-06,4.90859E-04
-2.0556E-06,5.68984E-04
-2.0552E-06,5.29922E-04
-2.0548E-06,4.71328E-04
-2.0544E-06,2.56484E-04
-2.0540E-06,1.00234E-04
-2.0536E-06,-3.88047E-04
-2.0532E-06,-8.56797E-04
-2.0528E-06,-1.61852E-03
-2.0524E-06,-2.36070E-03
-2.0520E-06,-3.12242E-03
-2.0516E-06,-3.92320E-03
-2.0512E-06,-4.58727E-03
-2.0508E-06,-5.29039E-03
-2.0504E-06,-5.97398E-03
-2.0500E-06,-6.46227E-03
-2.0496E-06,-6.91148E-03
-2.0492E-06,-7.38023E-03
-2.0488E-06,-7.90758E-03
-2.0484E-06,-8.35680E-03
-2.0480E-06,-8.68883E-03
-2.0476E-06,-8.98180E-03
-2.0472E-06,-9.21617E-03
-2.0468E-06,-9.41148E-03
-2.0464E-06,-9.47008E-03
-2.0460E-06,-9.56773E-03
-2.0456E-06,-9.60680E-03
-2.0452E-06,-9.50914E-03
-2.0448E-06,-9.41148E-03
-2.0444E-06,-9.23570E-03
-2.0440E-06,-9.07945E-03
-2.0436E-06,-8.92320E-03
-2.0432E-06,-8.96227E-03
-2.0428E-06,-8.82555E-03
-2.0424E-06,-8.84508E-03
-2.0420E-06,-8.63023E-03
-2.0416E-06,-8.55211E-03
-2.0412E-06,-8.33727E-03
-2.0408E-06,-8.20055E-03
-2.0404E-06,-7.98570E-03
-2.0400E-06,-7.92711E-03
-2.0396E-06,-7.69273E-03
-2.0392E-06,-7.61461E-03
-2.0388E-06,-7.45836E-03
-2.0384E-06,-7.34117E-03
-2.0380E-06,-7.34117E-03
-2.0376E-06,-7.28258E-03
-2.0372E-06,-7.12633E-03
-2.0368E-06,-7.04820E-03
-2.0364E-06,-6.83336E-03
-2.0360E-06,-6.61852E-03
-2.0356E-06,-6.44273E-03
-2.0352E-06,-6.20836E-03
-2.0348E-06,-5.95445E-03
-2.0344E-06,-5.73961E-03
-2.0340E-06,-5.58336E-03
-2.0336E-06,-5.46617E-03
-2.0332E-06,-5.23180E-03
-2.0328E-06,-5.03648E-03
-2.0324E-06,-4.78258E-03
-2.0320E-06,-4.70445E-03
-2.0316E-06,-4.33336E-03
-2.0312E-06,-4.19664E-03
-2.0308E-06,-3.96227E-03
-2.0304E-06,-3.78648E-03
-2.0300E-06,-3.57164E-03
-2.0296E-06,-3.41539E-03
-2.0292E-06,-3.16148E-03
-2.0288E-06,-3.14195E-03
-2.0284E-06,-2.98570E-03
-2.0280E-06,-2.98570E-03
-2.0276E-06,-2.94664E-03
-2.0272E-06,-3.02477E-03
-2.0268E-06,-3.04430E-03
-2.0264E-06,-3.08336E-03
-2.0260E-06,-3.14195E-03
-2.0256E-06,-3.33727E-03
-2.0252E-06,-3.45445E-03
-2.0248E-06,-3.59117E-03
-2.0244E-06,-3.63023E-03
-2.0240E-06,-3.70836E-03
-2.0236E-06,-3.63023E-03
-2.0232E-06,-3.76695E-03
-2.0228E-06,-3.70836E-03
-2.0224E-06,-3.70836E-03
-2.0220E-06,-3.64977E-03
-2.0216E-06,-3.78648E-03
-2.0212E-06,-3.72789E-03
-2.0208E-06,-3.94273E-03
-2.0204E-06,-4.21617E-03
-2.0200E-06,-4.41148E-03
-2.0196E-06,-4.60680E-03
-2.0192E-06,-4.82164E-03
-2.0188E-06,-5.01695E-03
-2.0184E-06,-5.07555E-03
-2.0180E-06,-5.13414E-03
-2.0176E-06,-5.05602E-03
-2.0172E-06,-5.01695E-03
-2.0168E-06,-5.07555E-03
-2.0164E-06,-5.11461E-03
-2.0160E-06,-5.15367E-03
-2.0156E-06,-5.13414E-03
-2.0152E-06,-5.09508E-03
-2.0148E-06,-5.05602E-03
-2.0144E-06,-4.93883E-03
-2.0140E-06,-4.82164E-03
-2.0136E-06,-4.66539E-03
-2.0132E-06,-4.48961E-03
-2.0128E-06,-4.29430E-03
-2.0124E-06,-4.07945E-03
-2.0120E-06,-4.07945E-03
-2.0116E-06,-3.94273E-03
-2.0112E-06,-3.92320E-03
-2.0108E-06,-3.86461E-03
-2.0104E-06,-4.00133E-03
-2.0100E-06,-4.09898E-03
-2.0096E-06,-4.19664E-03
-2.0092E-06,-4.15758E-03
-2.0088E-06,-4.05992E-03
-2.0084E-06,-3.90367E-03
-2.0080E-06,-3.78648E-03
-2.0076E-06,-3.70836E-03
-2.0072E-06,-3.57164E-03
-2.0068E-06,-3.49352E-03
-2.0064E-06,-3.41539E-03
-2.0060E-06,-3.37633E-03
-2.0056E-06,-3.20055E-03
-2.0052E-06,-3.20055E-03
-2.0048E-06,-3.02477E-03
-2.0044E-06,-2.88805E-03
-2.0040E-06,-2.63414E-03
-2.0036E-06,-2.49742E-03
-2.0032E-06,-2.30211E-03
-2.0028E-06,-2.06773E-03
-2.0024E-06,-2.00914E-03
-2.0020E-06,-1.95055E-03
-2.0016E-06,-2.02867E-03
-2.0012E-06,-1.98961E-03
-2.0008E-06,-2.12633E-03
-2.0004E-06,-2.20445E-03
-2.0000E-06,-2.38023E-03
-1.9996E-06,-2.41930E-03
-1.9992E-06,-2.51695E-03
-1.9988E-06,-2.49742E-03
-1.9984E-06,-2.47789E-03
-1.9980E-06,-2.39977E-03
-1.9976E-06,-2.38023E-03
-1.9972E-06,-2.39977E-03
-1.9968E-06,-2.49742E-03
-1.9964E-06,-2.47789E-03
-1.9960E-06,-2.55602E-03
-1.9956E-06,-2.63414E-03
-1.9952E-06,-2.69273E-03
-1.9948E-06,-2.77086E-03
-1.9944E-06,-2.67320E-03
-1.9940E-06,-2.63414E-03
-1.9936E-06,-2.49742E-03
-1.9932E-06,-2.47789E-03
-1.9928E-06,-2.41930E-03
-1.9924E-06,-2.53648E-03
-1.9920E-06,-2.63414E-03
-1.9916E-06,-2.69273E-03
-1.9912E-06,-2.94664E-03
-1.9908E-06,-3.08336E-03
-1.9904E-06,-3.20055E-03
-1.9900E-06,-3.20055E-03
-1.9896E-06,-3.20055E-03
-1.9892E-06,-3.00523E-03
-1.9888E-06,-3.02477E-03
-1.9884E-06,-2.84898E-03
-1.9880E-06,-2.82945E-03
-1.9876E-06,-2.82945E-03
-1.9872E-06,-2.92711E-03
-1.9868E-06,-3.12242E-03
-1.9864E-06,-3.35680E-03
-1.9860E-06,-3.63023E-03
-1.9856E-06,-3.92320E-03
-1.9852E-06,-4.19664E-03
-1.9848E-06,-4.52867E-03
-1.9844E-06,-4.72398E-03
-1.9840E-06,-4.76305E-03
-1.9836E-06,-4.68492E-03
-1.9832E-06,-4.70445E-03
-1.9828E-06,-4.64586E-03
-1.9824E-06,-4.72398E-03
-1.9820E-06,-4.82164E-03
-1.9816E-06,-4.97789E-03
-1.9812E-06,-5.09508E-03
-1.9808E-06,-5.15367E-03
-1.9804E-06,-5.23180E-03
-1.9800E-06,-5.21227E-03
-1.9796E-06,-5.32945E-03
-1.9792E-06,-5.30992E-03
-1.9788E-06,-5.29039E-03
-1.9784E-06,-5.13414E-03
-1.9780E-06,-5.03648E-03
-1.9776E-06,-4.86070E-03
-1.9772E-06,-4.76305E-03
-1.9768E-06,-4.70445E-03
-1.9764E-06,-4.66539E-03
-1.9760E-06,-4.70445E-03
-1.9756E-06,-4.62633E-03
-1.9752E-06,-4.66539E-03
-1.9748E-06,-4.56773E-03
-1.9744E-06,-4.43102E-03
-1.9740E-06,-4.29430E-03
-1.9736E-06,-4.21617E-03
-1.9732E-06,-4.11852E-03
-1.9728E-06,-4.09898E-03
-1.9724E-06,-4.11852E-03
-1.9720E-06,-4.07945E-03
-1.9716E-06,-4.13805E-03
-1.9712E-06,-4.21617E-03
-1.9708E-06,-4.23570E-03
-1.9704E-06,-4.41148E-03
-1.9700E-06,-4.45055E-03
-1.9696E-06,-4.50914E-03
-1.9692E-06,-4.43102E-03
-1.9688E-06,-4.39195E-03
-1.9684E-06,-4.35289E-03
-1.9680E-06,-4.50914E-03
-1.9676E-06,-4.50914E-03
-1.9672E-06,-4.70445E-03
-1.9668E-06,-4.82164E-03
-1.9664E-06,-4.99742E-03
-1.9660E-06,-5.11461E-03
-1.9656E-06,-5.17320E-03
-1.9652E-06,-5.30992E-03
-1.9648E-06,-5.21227E-03
-1.9644E-06,-5.25133E-03
-1.9640E-06,-5.09508E-03
-1.9636E-06,-4.91930E-03
-1.9632E-06,-4.93883E-03
-1.9628E-06,-4.74352E-03
-1.9624E-06,-4.58727E-03
-1.9620E-06,-4.58727E-03
-1.9616E-06,-4.54820E-03
-1.9612E-06,-4.48961E-03
-1.9608E-06,-4.37242E-03
-1.9604E-06,-4.19664E-03
-1.9600E-06,-3.94273E-03
-1.9596E-06,-3.76695E-03
-1.9592E-06,-3.57164E-03
-1.9588E-06,-3.37633E-03
-1.9584E-06,-3.33727E-03
-1.9580E-06,-3.06383E-03
-1.9576E-06,-2.94664E-03
-1.9572E-06,-2.84898E-03
-1.9568E-06,-2.84898E-03
-1.9564E-06,-2.69273E-03
-1.9560E-06,-2.57555E-03
-1.9556E-06,-2.41930E-03
-1.9552E-06,-2.34117E-03
-1.9548E-06,-2.16539E-03
-1.9544E-06,-2.04820E-03
-1.9540E-06,-1.87242E-03
-1.9536E-06,-1.71617E-03
-1.9532E-06,-1.55992E-03
-1.9528E-06,-1.50133E-03
-1.9524E-06,-1.42320E-03
-1.9520E-06,-1.32555E-03
-1.9516E-06,-1.20836E-03
-1.9512E-06,-1.18883E-03
-1.9508E-06,-9.54453E-04
-1.9504E-06,-9.15391E-04
-1.9500E-06,-7.00547E-04
-1.9496E-06,-5.44297E-04
-1.9492E-06,-4.27109E-04
-1.9488E-06,-3.48984E-04
-1.9484E-06,-2.31797E-04
-1.9480E-06,-9.50781E-05
-1.9476E-06,-1.69531E-05
-1.9472E-06,2.57813E-06
-1.9468E-06,1.00234E-04
-1.9464E-06,1.78359E-04
-1.9460E-06,2.95547E-04
-1.9456E-06,3.73672E-04
-1.9452E-06,4.90859E-04
-1.9448E-06,5.10391E-04
-1.9444E-06,6.08047E-04
-1.9440E-06,6.66641E-04
-1.9436E-06,7.05703E-04
-1.9432E-06,8.03359E-04
-1.9428E-06,8.22891E-04
-1.9424E-06,9.01016E-04
-1.9420E-06,9.79141E-04
-1.9416E-06,1.07680E-03
-1.9412E-06,1.07680E-03
-1.9408E-06,1.11586E-03
-1.9404E-06,1.27211E-03
-1.9400E-06,1.27211E-03
-1.9396E-06,1.36977E-03
-1.9392E-06,1.35023E-03
-1.9388E-06,1.38930E-03
-1.9384E-06,1.35023E-03
-1.9380E-06,1.25258E-03
-1.9376E-06,1.15492E-03
-1.9372E-06,1.13539E-03
-1.9368E-06,9.98672E-04
-1.9364E-06,8.42422E-04
-1.9360E-06,6.47109E-04
-1.9356E-06,5.29922E-04
-1.9352E-06,4.12734E-04
-1.9348E-06,3.54141E-04
-1.9344E-06,1.97891E-04
-1.9340E-06,1.00234E-04
-1.9336E-06,-1.34141E-04
-1.9332E-06,-2.90391E-04
-1.9328E-06,-4.66172E-04
-1.9324E-06,-4.85703E-04
-1.9320E-06,-5.44297E-04
-1.9316E-06,-5.44297E-04
-1.9312E-06,-5.63828E-04
-1.9308E-06,-5.44297E-04
-1.9304E-06,-4.85703E-04
-1.9300E-06,-4.85703E-04
-1.9296E-06,-4.66172E-04
-1.9292E-06,-4.66172E-04
-1.9288E-06,-4.07578E-04
-1.9284E-06,-4.07578E-04
-1.9280E-06,-3.68516E-04
-1.9276E-06,-3.29453E-04
-1.9272E-06,-3.29453E-04
-1.9268E-06,-3.29453E-04
-1.9264E-06,-2.31797E-04
-1.9260E-06,-1.14609E-04
-1.9256E-06,-1.14609E-04
-1.9252E-06,6.11719E-05
-1.9248E-06,-7.55469E-05
-1.9244E-06,8.07031E-05
-1.9240E-06,2.21094E-05
-1.9236E-06,4.16406E-05
-1.9232E-06,6.11719E-05
-1.9228E-06,1.39297E-04
-1.9224E-06,1.58828E-04
-1.9220E-06,3.15078E-04
-1.9216E-06,2.76016E-04
-1.9212E-06,3.93203E-04
-1.9208E-06,3.73672E-04
-1.9204E-06,4.71328E-04
-1.9200E-06,5.29922E-04
-1.9196E-06,5.88516E-04
-1.9192E-06,6.47109E-04
-1.9188E-06,7.05703E-04
-1.9184E-06,7.25234E-04
-1.9180E-06,7.64297E-04
-1.9176E-06,8.61953E-04
-1.9172E-06,8.81484E-04
-1.9168E-06,9.98672E-04
-1.9164E-06,1.07680E-03
-1.9160E-06,1.11586E-03
-1.9156E-06,1.15492E-03
-1.9152E-06,1.09633E-03
-1.9148E-06,1.23305E-03
-1.9144E-06,1.25258E-03
-1.9140E-06,1.35023E-03
-1.9136E-06,1.38930E-03
-1.9132E-06,1.36977E-03
-1.9128E-06,1.46742E-03
-1.9124E-06,1.48695E-03
-1.9120E-06,1.48695E-03
-1.9116E-06,1.56508E-03
-1.9112E-06,1.60414E-03
-1.9108E-06,1.64320E-03
-1.9104E-06,1.64320E-03
-1.9100E-06,1.66273E-03
-1.9096E-06,1.66273E-03
-1.9092E-06,1.68227E-03
-1.9088E-06,1.72133E-03
-1.9084E-06,1.72133E-03
-1.9080E-06,1.74086E-03
-1.9076E-06,1.77992E-03
-1.9072E-06,1.79945E-03
-1.9068E-06,1.87758E-03
-1.9064E-06,1.91664E-03
-1.9060E-06,1.89711E-03
-1.9056E-06,1.89711E-03
-1.9052E-06,1.95570E-03
-1.9048E-06,1.93617E-03
-1.9044E-06,1.95570E-03
-1.9040E-06,1.95570E-03
-1.9036E-06,1.93617E-03
-1.9032E-06,2.07289E-03
-1.9028E-06,2.01430E-03
-1.9024E-06,2.09242E-03
-1.9020E-06,2.11195E-03
-1.9016E-06,2.09242E-03
-1.9012E-06,2.01430E-03
-1.9008E-06,1.99477E-03
-1.9004E-06,2.15102E-03
-1.9000E-06,2.09242E-03
-1.8996E-06,2.17055E-03
-1.8992E-06,2.11195E-03
-1.8988E-06,2.19008E-03
-1.8984E-06,2.22914E-03
-1.8980E-06,2.11195E-03
-1.8976E-06,2.19008E-03
-1.8972E-06,2.24867E-03
-1.8968E-06,2.19008E-03
-1.8964E-06,2.20961E-03
-1.8960E-06,2.19008E-03
-1.8956E-06,2.26820E-03
-1.8952E-06,2.19008E-03
-1.8948E-06,2.24867E-03
-1.8944E-06,2.19008E-03
-1.8940E-06,2.24867E-03
-1.8936E-06,2.30727E-03
-1.8932E-06,2.32680E-03
-1.8928E-06,2.30727E-03
-1.8924E-06,2.30727E-03
-1.8920E-06,2.36586E-03
-1.8916E-06,2.34633E-03
-1.8912E-06,2.28773E-03
-1.8908E-06,2.38539E-03
-1.8904E-06,2.40492E-03
-1.8900E-06,2.34633E-03
-1.8896E-06,2.40492E-03
-1.8892E-06,2.44398E-03
-1.8888E-06,2.38539E-03
-1.8884E-06,2.36586E-03
-1.8880E-06,2.38539E-03
-1.8876E-06,2.36586E-03
-1.8872E-06,2.40492E-03
-1.8868E-06,2.40492E-03
-1.8864E-06,2.36586E-03
-1.8860E-06,2.42445E-03
-1.8856E-06,2.46352E-03
-1.8852E-06,2.42445E-03
-1.8848E-06,2.48305E-03
-1.8844E-06,2.44398E-03
-1.8840E-06,2.40492E-03
-1.8836E-06,2.52211E-03
-1.8832E-06,2.46352E-03
-1.8828E-06,2.48305E-03
-1.8824E-06,2.48305E-03
-1.8820E-06,2.48305E-03
-1.8816E-06,2.44398E-03
-1.8812E-06,2.48305E-03
-1.8808E-06,2.52211E-03
-1.8804E-06,2.46352E-03
-1.8800E-06,2.50258E-03
-1.8796E-06,2.52211E-03
-1.8792E-06,2.56117E-03
-1.8788E-06,2.48305E-03
-1.8784E-06,2.48305E-03
-1.8780E-06,2.52211E-03
-1.8776E-06,2.50258E-03
-1.8772E-06,2.46352E-03
-1.8768E-06,2.46352E-03
-1.8764E-06,2.44398E-03
-1.8760E-06,2.46352E-03
-1.8756E-06,2.50258E-03
-1.8752E-06,2.48305E-03
-1.8748E-06,2.54164E-03
-1.8744E-06,2.56117E-03
-1.8740E-06,2.54164E-03
-1.8736E-06,2.52211E-03
-1.8732E-06,2.56117E-03
-1.8728E-06,2.60023E-03
-1.8724E-06,2.58070E-03
-1.8720E-06,2.54164E-03
-1.8716E-06,2.54164E-03
-1.8712E-06,2.48305E-03
-1.8708E-06,2.50258E-03
-1.8704E-06,2.52211E-03
-1.8700E-06,2.52211E-03
-1.8696E-06,2.52211E-03
-1.8692E-06,2.42445E-03
-1.8688E-06,2.44398E-03
-1.8684E-06,2.40492E-03
-1.8680E-06,2.46352E-03
-1.8676E-06,2.46352E-03
-1.8672E-06,2.46352E-03
-1.8668E-06,2.46352E-03
-1.8664E-06,2.52211E-03
-1.8660E-06,2.46352E-03
-1.8656E-06,2.46352E-03
-1.8652E-06,2.42445E-03
-1.8648E-06,2.46352E-03
-1.8644E-06,2.46352E-03
-1.8640E-06,2.36586E-03
-1.8636E-06,2.44398E-03
-1.8632E-06,2.42445E-03
-1.8628E-06,2.44398E-03
-1.8624E-06,2.50258E-03
-1.8620E-06,2.40492E-03
-1.8616E-06,2.48305E-03
-1.8612E-06,2.44398E-03
-1.8608E-06,2.44398E-03
-1.8604E-06,2.48305E-03
-1.8600E-06,2.48305E-03
-1.8596E-06,2.40492E-03
-1.8592E-06,2.44398E-03
-1.8588E-06,2.46352E-03
-1.8584E-06,2.46352E-03
-1.8580E-06,2.46352E-03
-1.8576E-06,2.46352E-03
-1.8572E-06,2.44398E-03
-1.8568E-06,2.40492E-03
-1.8564E-06,2.38539E-03
-1.8560E-06,2.34633E-03
-1.8556E-06,2.40492E-03
-1.8552E-06,2.36586E-03
-1.8548E-06,2.48305E-03
-1.8544E-06,2.40492E-03
-1.8540E-06,2.44398E-03
-1.8536E-06,2.42445E-03
-1.8532E-06,2.38539E-03
-1.8528E-06,2.34633E-03
-1.8524E-06,2.38539E-03
-1.8520E-06,2.40492E-03
-1.8516E-06,2.34633E-03
-1.8512E-06,2.22914E-03
-1.8508E-06,2.19008E-03
-1.8504E-06,2.09242E-03
-1.8500E-06,2.01430E-03
-1.8496E-06,1.87758E-03
-1.8492E-06,1.62367E-03
-1.8488E-06,1.56508E-03
-1.8484E-06,1.44789E-03
-1.8480E-06,1.31117E-03
-1.8476E-06,1.35023E-03
-1.8472E-06,1.44789E-03
-1.8468E-06,1.38930E-03
-1.8464E-06,1.29164E-03
-1.8460E-06,1.31117E-03
-1.8456E-06,1.27211E-03
-1.8452E-06,1.23305E-03
-1.8448E-06,1.23305E-03
-1.8444E-06,1.19398E-03
-1.8440E-06,1.17445E-03
-1.8436E-06,1.13539E-03
-1.8432E-06,1.09633E-03
-1.8428E-06,1.27211E-03
-1.8424E-06,1.19398E-03
-1.8420E-06,1.29164E-03
-1.8416E-06,1.33070E-03
-1.8412E-06,1.42836E-03
-1.8408E-06,1.44789E-03
-1.8404E-06,1.38930E-03
-1.8400E-06,1.31117E-03
-1.8396E-06,1.36977E-03
-1.8392E-06,1.36977E-03
-1.8388E-06,1.38930E-03
-1.8384E-06,1.36977E-03
-1.8380E-06,1.42836E-03
-1.8376E-06,1.42836E-03
-1.8372E-06,1.33070E-03
-1.8368E-06,1.31117E-03
-1.8364E-06,1.38930E-03
-1.8360E-06,1.38930E-03
-1.8356E-06,1.36977E-03
-1.8352E-06,1.35023E-03
-1.8348E-06,1.42836E-03
-1.8344E-06,1.46742E-03
-1.8340E-06,1.42836E-03
-1.8336E-06,1.48695E-03
-1.8332E-06,1.46742E-03
-1.8328E-06,1.52602E-03
-1.8324E-06,1.60414E-03
-1.8320E-06,1.62367E-03
-1.8316E-06,1.66273E-03
-1.8312E-06,1.60414E-03
-1.8308E-06,1.58461E-03
-1.8304E-06,1.66273E-03
-1.8300E-06,1.72133E-03
-1.8296E-06,1.70180E-03
-1.8292E-06,1.81898E-03
-1.8288E-06,1.70180E-03
-1.8284E-06,1.85805E-03
-1.8280E-06,1.81898E-03
-1.8276E-06,1.89711E-03
-1.8272E-06,1.91664E-03
-1.8268E-06,1.95570E-03
-1.8264E-06,1.95570E-03
-1.8260E-06,1.93617E-03
-1.8256E-06,1.97523E-03
-1.8252E-06,1.99477E-03
-1.8248E-06,2.01430E-03
-1.8244E-06,2.07289E-03
-1.8240E-06,2.07289E-03
-1.8236E-06,2.11195E-03
-1.8232E-06,2.09242E-03
-1.8228E-06,2.19008E-03
-1.8224E-06,2.19008E-03
-1.8220E-06,2.17055E-03
-1.8216E-06,2.20961E-03
-1.8212E-06,2.20961E-03
-1.8208E-06,2.22914E-03
-1.8204E-06,2.30727E-03
-1.8200E-06,2.24867E-03
-1.8196E-06,2.26820E-03
-1.8192E-06,2.24867E-03
-1.8188E-06,2.30727E-03
-1.8184E-06,2.22914E-03
-1.8180E-06,2.11195E-03
-1.8176E-06,1.99477E-03
-1.8172E-06,1.95570E-03
-1.8168E-06,1.77992E-03
-1.8164E-06,1.70180E-03
-1.8160E-06,1.54555E-03
-1.8156E-06,1.42836E-03
-1.8152E-06,1.52602E-03
-1.8148E-06,1.48695E-03
-1.8144E-06,1.42836E-03
-1.8140E-06,1.40883E-03
-1.8136E-06,1.36977E-03
-1.8132E-06,1.36977E-03
-1.8128E-06,1.38930E-03
-1.8124E-06,1.36977E-03
-1.8120E-06,1.25258E-03
-1.8116E-06,1.17445E-03
-1.8112E-06,1.09633E-03
-1.8108E-06,1.01820E-03
-1.8104E-06,9.59609E-04
-1.8100E-06,8.42422E-04
-1.8096E-06,7.05703E-04
-1.8092E-06,7.25234E-04
-1.8088E-06,6.66641E-04
-1.8084E-06,7.83828E-04
-1.8080E-06,6.47109E-04
-1.8076E-06,6.66641E-04
-1.8072E-06,5.88516E-04
-1.8068E-06,6.66641E-04
-1.8064E-06,5.88516E-04
-1.8060E-06,6.66641E-04
-1.8056E-06,6.47109E-04
-1.8052E-06,6.66641E-04
-1.8048E-06,6.86172E-04
-1.8044E-06,7.83828E-04
-1.8040E-06,7.44766E-04
-1.8036E-06,8.42422E-04
-1.8032E-06,7.83828E-04
-1.8028E-06,8.61953E-04
-1.8024E-06,9.40078E-04
-1.8020E-06,9.40078E-04
-1.8016E-06,9.98672E-04
-1.8012E-06,9.98672E-04
-1.8008E-06,1.01820E-03
-1.8004E-06,1.03773E-03
-1.8000E-06,1.03773E-03
-1.7996E-06,1.09633E-03
-1.7992E-06,1.03773E-03
-1.7988E-06,9.98672E-04
-1.7984E-06,8.42422E-04
-1.7980E-06,8.03359E-04
-1.7976E-06,6.08047E-04
-1.7972E-06,4.51797E-04
-1.7968E-06,1.58828E-04
-1.7964E-06,-5.60156E-05
-1.7960E-06,-2.12266E-04
-1.7956E-06,-2.70859E-04
-1.7952E-06,-2.70859E-04
-1.7948E-06,-2.31797E-04
-1.7944E-06,-1.92734E-04
-1.7940E-06,-2.51328E-04
-1.7936E-06,-1.92734E-04
-1.7932E-06,-1.92734E-04
-1.7928E-06,-2.12266E-04
-1.7924E-06,-2.31797E-04
-1.7920E-06,-1.92734E-04
-1.7916E-06,-1.14609E-04
-1.7912E-06,-1.34141E-04
-1.7908E-06,-7.55469E-05
-1.7904E-06,-1.69531E-05
-1.7900E-06,2.56484E-04
-1.7896E-06,2.95547E-04
-1.7892E-06,3.15078E-04
-1.7888E-06,3.73672E-04
-1.7884E-06,4.51797E-04
-1.7880E-06,5.29922E-04
-1.7876E-06,4.71328E-04
-1.7872E-06,4.32266E-04
-1.7868E-06,4.51797E-04
-1.7864E-06,5.10391E-04
-1.7860E-06,5.49453E-04
-1.7856E-06,6.66641E-04
-1.7852E-06,6.86172E-04
-1.7848E-06,7.44766E-04
-1.7844E-06,8.03359E-04
-1.7840E-06,8.61953E-04
-1.7836E-06,9.01016E-04
-1.7832E-06,9.01016E-04
-1.7828E-06,9.20547E-04
-1.7824E-06,9.59609E-04
-1.7820E-06,9.40078E-04
-1.7816E-06,1.03773E-03
-1.7812E-06,1.01820E-03
-1.7808E-06,1.01820E-03
-1.7804E-06,1.05727E-03
-1.7800E-06,1.01820E-03
-1.7796E-06,9.98672E-04
-1.7792E-06,9.01016E-04
-1.7788E-06,9.59609E-04
-1.7784E-06,8.61953E-04
-1.7780E-06,9.98672E-04
-1.7776E-06,9.98672E-04
-1.7772E-06,1.01820E-03
-1.7768E-06,1.07680E-03
-1.7764E-06,1.13539E-03
-1.7760E-06,1.13539E-03
-1.7756E-06,1.11586E-03
-1.7752E-06,1.17445E-03
-1.7748E-06,1.19398E-03
-1.7744E-06,1.23305E-03
-1.7740E-06,1.25258E-03
-1.7736E-06,1.25258E-03
-1.7732E-06,1.27211E-03
-1.7728E-06,1.27211E-03
-1.7724E-06,1.44789E-03
-1.7720E-06,1.48695E-03
-1.7716E-06,1.46742E-03
-1.7712E-06,1.52602E-03
-1.7708E-06,1.56508E-03
-1.7704E-06,1.56508E-03
-1.7700E-06,1.56508E-03
-1.7696E-06,1.56508E-03
-1.7692E-06,1.54555E-03
-1.7688E-06,1.60414E-03
-1.7684E-06,1.70180E-03
-1.7680E-06,1.62367E-03
-1.7676E-06,1.74086E-03
-1.7672E-06,1.66273E-03
-1.7668E-06,1.74086E-03
-1.7664E-06,1.62367E-03
-1.7660E-06,1.52602E-03
-1.7656E-06,1.33070E-03
-1.7652E-06,1.23305E-03
-1.7648E-06,9.59609E-04
-1.7644E-06,8.03359E-04
-1.7640E-06,5.10391E-04
-1.7636E-06,3.15078E-04
-1.7632E-06,1.00234E-04
-1.7628E-06,1.00234E-04
-1.7624E-06,2.21094E-05
-1.7620E-06,1.19766E-04
-1.7616E-06,-3.64844E-05
-1.7612E-06,-1.69531E-05
-1.7608E-06,-9.50781E-05
-1.7604E-06,-1.92734E-04
-1.7600E-06,-1.34141E-04
-1.7596E-06,-1.92734E-04
-1.7592E-06,-2.51328E-04
-1.7588E-06,-2.90391E-04
-1.7584E-06,-4.46641E-04
-1.7580E-06,-6.81016E-04
-1.7576E-06,-7.78672E-04
-1.7572E-06,-9.15391E-04
-1.7568E-06,-1.26695E-03
-1.7564E-06,-1.46227E-03
-1.7560E-06,-1.75523E-03
-1.7556E-06,-1.85289E-03
-1.7552E-06,-1.97008E-03
-1.7548E-06,-2.00914E-03
-1.7544E-06,-2.16539E-03
-1.7540E-06,-2.18492E-03
-1.7536E-06,-2.26305E-03
-1.7532E-06,-2.28258E-03
-1.7528E-06,-2.26305E-03
-1.7524E-06,-2.26305E-03
-1.7520E-06,-2.34117E-03
-1.7516E-06,-2.26305E-03
-1.7512E-06,-2.26305E-03
-1.7508E-06,-2.24352E-03
-1.7504E-06,-2.28258E-03
-1.7500E-06,-2.12633E-03
-1.7496E-06,-1.98961E-03
-1.7492E-06,-1.85289E-03
-1.7488E-06,-1.77477E-03
-1.7484E-06,-1.61852E-03
-1.7480E-06,-1.50133E-03
-1.7476E-06,-1.50133E-03
-1.7472E-06,-1.48180E-03
-1.7468E-06,-1.32555E-03
-1.7464E-06,-1.36461E-03
-1.7460E-06,-1.18883E-03
-1.7456E-06,-1.18883E-03
-1.7452E-06,-1.05211E-03
-1.7448E-06,-9.15391E-04
-1.7444E-06,-8.17734E-04
-1.7440E-06,-8.17734E-04
-1.7436E-06,-7.00547E-04
-1.7432E-06,-6.61484E-04
-1.7428E-06,-4.85703E-04
-1.7424E-06,-4.46641E-04
-1.7420E-06,-3.88047E-04
-1.7416E-06,-3.09922E-04
-1.7412E-06,-2.51328E-04
-1.7408E-06,-1.34141E-04
-1.7404E-06,2.57813E-06
-1.7400E-06,1.39297E-04
-1.7396E-06,2.76016E-04
-1.7392E-06,2.95547E-04
-1.7388E-06,4.32266E-04
-1.7384E-06,4.90859E-04
-1.7380E-06,4.90859E-04
-1.7376E-06,5.88516E-04
-1.7372E-06,6.86172E-04
-1.7368E-06,7.44766E-04
-1.7364E-06,8.42422E-04
-1.7360E-06,9.20547E-04
-1.7356E-06,9.98672E-04
-1.7352E-06,1.07680E-03
-1.7348E-06,1.11586E-03
-1.7344E-06,1.15492E-03
-1.7340E-06,1.17445E-03
-1.7336E-06,1.31117E-03
-1.7332E-06,1.31117E-03
-1.7328E-06,1.31117E-03
-1.7324E-06,1.36977E-03
-1.7320E-06,1.46742E-03
-1.7316E-06,1.48695E-03
-1.7312E-06,1.52602E-03
-1.7308E-06,1.60414E-03
-1.7304E-06,1.60414E-03
-1.7300E-06,1.74086E-03
-1.7296E-06,1.74086E-03
-1.7292E-06,1.79945E-03
-1.7288E-06,1.79945E-03
-1.7284E-06,1.89711E-03
-1.7280E-06,1.83852E-03
-1.7276E-06,1.95570E-03
-1.7272E-06,2.01430E-03
-1.7268E-06,2.05336E-03
-1.7264E-06,1.99477E-03
-1.7260E-06,2.09242E-03
-1.7256E-06,2.15102E-03
-1.7252E-06,2.13148E-03
-1.7248E-06,2.17055E-03
-1.7244E-06,2.20961E-03
-1.7240E-06,2.28773E-03
-1.7236E-06,2.26820E-03
-1.7232E-06,2.22914E-03
-1.7228E-06,2.26820E-03
-1.7224E-06,2.24867E-03
-1.7220E-06,2.30727E-03
-1.7216E-06,2.28773E-03
-1.7212E-06,2.34633E-03
-1.7208E-06,2.38539E-03
-1.7204E-06,2.40492E-03
-1.7200E-06,2.38539E-03
-1.7196E-06,2.38539E-03
-1.7192E-06,2.46352E-03
-1.7188E-06,2.42445E-03
-1.7184E-06,2.44398E-03
-1.7180E-06,2.40492E-03
-1.7176E-06,2.42445E-03
-1.7172E-06,2.34633E-03
-1.7168E-06,2.20961E-03
-1.7164E-06,1.95570E-03
-1.7160E-06,1.66273E-03
-1.7156E-06,1.44789E-03
-1.7152E-06,1.11586E-03
-1.7148E-06,7.25234E-04
-1.7144E-06,3.73672E-04
-1.7140E-06,1.19766E-04
-1.7136E-06,-5.60156E-05
-1.7132E-06,-7.55469E-05
-1.7128E-06,-5.60156E-05
-1.7124E-06,-2.12266E-04
-1.7120E-06,-3.09922E-04
-1.7116E-06,-3.09922E-04
-1.7112E-06,-4.85703E-04
-1.7108E-06,-4.27109E-04
-1.7104E-06,-6.22422E-04
-1.7100E-06,-4.85703E-04
-1.7096E-06,-4.66172E-04
-1.7092E-06,-4.85703E-04
-1.7088E-06,-4.46641E-04
-1.7084E-06,-2.90391E-04
-1.7080E-06,-1.14609E-04
-1.7076E-06,-3.64844E-05
-1.7072E-06,-1.69531E-05
-1.7068E-06,1.00234E-04
-1.7064E-06,1.58828E-04
-1.7060E-06,1.39297E-04
-1.7056E-06,-5.60156E-05
-1.7052E-06,-5.60156E-05
-1.7048E-06,-7.55469E-05
-1.7044E-06,2.21094E-05
-1.7040E-06,1.00234E-04
-1.7036E-06,1.58828E-04
-1.7032E-06,1.97891E-04
-1.7028E-06,2.76016E-04
-1.7024E-06,2.56484E-04
-1.7020E-06,3.34609E-04
-1.7016E-06,3.73672E-04
-1.7012E-06,3.93203E-04
-1.7008E-06,4.12734E-04
-1.7004E-06,4.51797E-04
-1.7000E-06,5.10391E-04
-1.6996E-06,5.49453E-04
-1.6992E-06,6.86172E-04
-1.6988E-06,7.83828E-04
-1.6984E-06,8.03359E-04
-1.6980E-06,9.98672E-04
-1.6976E-06,1.01820E-03
-1.6972E-06,1.05727E-03
-1.6968E-06,1.05727E-03
-1.6964E-06,1.09633E-03
-1.6960E-06,1.05727E-03
-1.6956E-06,1.17445E-03
-1.6952E-06,1.21352E-03
-1.6948E-06,1.31117E-03
-1.6944E-06,1.31117E-03
-1.6940E-06,1.42836E-03
-1.6936E-06,1.44789E-03
-1.6932E-06,1.48695E-03
-1.6928E-06,1.50648E-03
-1.6924E-06,1.52602E-03
-1.6920E-06,1.58461E-03
-1.6916E-06,1.54555E-03
-1.6912E-06,1.58461E-03
-1.6908E-06,1.64320E-03
-1.6904E-06,1.64320E-03
-1.6900E-06,1.72133E-03
-1.6896E-06,1.74086E-03
-1.6892E-06,1.77992E-03
-1.6888E-06,1.91664E-03
-1.6884E-06,1.89711E-03
-1.6880E-06,1.85805E-03
-1.6876E-06,1.83852E-03
-1.6872E-06,1.76039E-03
-1.6868E-06,1.79945E-03
-1.6864E-06,1.74086E-03
-1.6860E-06,1.68227E-03
-1.6856E-06,1.52602E-03
-1.6852E-06,1.48695E-03
-1.6848E-06,1.48695E-03
-1.6844E-06,1.48695E-03
-1.6840E-06,1.50648E-03
-1.6836E-06,1.56508E-03
-1.6832E-06,1.46742E-03
-1.6828E-06,1.52602E-03
-1.6824E-06,1.50648E-03
-1.6820E-06,1.50648E-03
-1.6816E-06,1.40883E-03
-1.6812E-06,1.52602E-03
-1.6808E-06,1.56508E-03
-1.6804E-06,1.52602E-03
-1.6800E-06,1.54555E-03
-1.6796E-06,1.58461E-03
-1.6792E-06,1.64320E-03
-1.6788E-06,1.72133E-03
-1.6784E-06,1.74086E-03
-1.6780E-06,1.81898E-03
-1.6776E-06,1.85805E-03
-1.6772E-06,1.81898E-03
-1.6768E-06,1.81898E-03
-1.6764E-06,1.87758E-03
-1.6760E-06,1.83852E-03
-1.6756E-06,1.83852E-03
-1.6752E-06,1.93617E-03
-1.6748E-06,1.95570E-03
-1.6744E-06,1.95570E-03
-1.6740E-06,1.97523E-03
-1.6736E-06,1.97523E-03
-1.6732E-06,2.03383E-03
-1.6728E-06,1.89711E-03
-1.6724E-06,1.85805E-03
-1.6720E-06,1.68227E-03
-1.6716E-06,1.60414E-03
-1.6712E-06,1.38930E-03
-1.6708E-06,1.31117E-03
-1.6704E-06,1.01820E-03
-1.6700E-06,1.01820E-03
-1.6696E-06,7.64297E-04
-1.6692E-06,8.03359E-04
-1.6688E-06,7.25234E-04
-1.6684E-06,8.03359E-04
-1.6680E-06,7.44766E-04
-1.6676E-06,7.44766E-04
-1.6672E-06,6.66641E-04
-1.6668E-06,7.05703E-04
-1.6664E-06,6.86172E-04
-1.6660E-06,6.08047E-04
-1.6656E-06,6.86172E-04
-1.6652E-06,6.86172E-04
-1.6648E-06,7.25234E-04
-1.6644E-06,8.22891E-04
-1.6640E-06,8.42422E-04
-1.6636E-06,9.40078E-04
-1.6632E-06,1.01820E-03
-1.6628E-06,1.03773E-03
-1.6624E-06,9.59609E-04
-1.6620E-06,1.09633E-03
-1.6616E-06,1.01820E-03
-1.6612E-06,1.09633E-03
-1.6608E-06,1.01820E-03
-1.6604E-06,1.01820E-03
-1.6600E-06,1.09633E-03
-1.6596E-06,1.11586E-03
-1.6592E-06,1.15492E-03
-1.6588E-06,1.23305E-03
-1.6584E-06,1.27211E-03
-1.6580E-06,1.25258E-03
-1.6576E-06,1.25258E-03
-1.6572E-06,1.36977E-03
-1.6568E-06,1.27211E-03
-1.6564E-06,1.36977E-03
-1.6560E-06,1.29164E-03
-1.6556E-06,1.36977E-03
-1.6552E-06,1.42836E-03
-1.6548E-06,1.46742E-03
-1.6544E-06,1.50648E-03
-1.6540E-06,1.58461E-03
-1.6536E-06,1.60414E-03
-1.6532E-06,1.64320E-03
-1.6528E-06,1.68227E-03
-1.6524E-06,1.66273E-03
-1.6520E-06,1.64320E-03
-1.6516E-06,1.62367E-03
-1.6512E-06,1.58461E-03
-1.6508E-06,1.62367E-03
-1.6504E-06,1.66273E-03
-1.6500E-06,1.68227E-03
-1.6496E-06,1.66273E-03
-1.6492E-06,1.60414E-03
-1.6488E-06,1.76039E-03
-1.6484E-06,1.72133E-03
-1.6480E-06,1.77992E-03
-1.6476E-06,1.74086E-03
-1.6472E-06,1.81898E-03
-1.6468E-06,1.79945E-03
-1.6464E-06,1.87758E-03
-1.6460E-06,1.85805E-03
-1.6456E-06,1.89711E-03
-1.6452E-06,1.87758E-03
-1.6448E-06,1.93617E-03
-1.6444E-06,1.95570E-03
-1.6440E-06,1.97523E-03
-1.6436E-06,1.95570E-03
-1.6432E-06,2.01430E-03
-1.6428E-06,2.09242E-03
-1.6424E-06,2.09242E-03
-1.6420E-06,2.11195E-03
-1.6416E-06,2.09242E-03
-1.6412E-06,2.13148E-03
-1.6408E-06,2.17055E-03
-1.6404E-06,2.17055E-03
-1.6400E-06,2.19008E-03
-1.6396E-06,2.19008E-03
-1.6392E-06,2.15102E-03
-1.6388E-06,2.15102E-03
-1.6384E-06,2.11195E-03
-1.6380E-06,2.07289E-03
-1.6376E-06,2.05336E-03
-1.6372E-06,1.93617E-03
-1.6368E-06,1.81898E-03
-1.6364E-06,1.72133E-03
-1.6360E-06,1.62367E-03
-1.6356E-06,1.40883E-03
-1.6352E-06,1.23305E-03
-1.6348E-06,1.09633E-03
-1.6344E-06,8.81484E-04
-1.6340E-06,6.47109E-04
-1.6336E-06,3.73672E-04
-1.6332E-06,2.56484E-04
-1.6328E-06,1.39297E-04
-1.6324E-06,1.39297E-04
-1.6320E-06,6.11719E-05
-1.6316E-06,4.16406E-05
-1.6312E-06,-1.69531E-05
-1.6308E-06,2.57813E-06
-1.6304E-06,2.57813E-06
-1.6300E-06,2.21094E-05
-1.6296E-06,2.57813E-06
-1.6292E-06,2.21094E-05
-1.6288E-06,6.11719E-05
-1.6284E-06,1.19766E-04
-1.6280E-06,1.58828E-04
-1.6276E-06,3.15078E-04
-1.6272E-06,2.95547E-04
-1.6268E-06,3.15078E-04
-1.6264E-06,3.34609E-04
-1.6260E-06,3.54141E-04
-1.6256E-06,3.15078E-04
-1.6252E-06,2.17422E-04
-1.6248E-06,1.00234E-04
-1.6244E-06,-9.50781E-05
-1.6240E-06,-2.90391E-04
-1.6236E-06,-5.44297E-04
-1.6232E-06,-9.15391E-04
-1.6228E-06,-1.40367E-03
-1.6224E-06,-1.91148E-03
-1.6220E-06,-2.47789E-03
-1.6216E-06,-2.90758E-03
-1.6212E-06,-3.39586E-03
-1.6208E-06,-3.84508E-03
-1.6204E-06,-4.23570E-03
-1.6200E-06,-4.60680E-03
-1.6196E-06,-4.82164E-03
-1.6192E-06,-5.21227E-03
-1.6188E-06,-5.42711E-03
-1.6184E-06,-5.64195E-03
-1.6180E-06,-5.77867E-03
-1.6176E-06,-5.89586E-03
-1.6172E-06,-5.79820E-03
-1.6168E-06,-5.77867E-03
-1.6164E-06,-5.73961E-03
-1.6160E-06,-5.62242E-03
-1.6156E-06,-5.58336E-03
-1.6152E-06,-5.34898E-03
-1.6148E-06,-5.13414E-03
-1.6144E-06,-4.99742E-03
-1.6140E-06,-4.84117E-03
-1.6136E-06,-4.70445E-03
-1.6132E-06,-4.52867E-03
-1.6128E-06,-4.48961E-03
-1.6124E-06,-4.27477E-03
-1.6120E-06,-4.27477E-03
-1.6116E-06,-4.05992E-03
-1.6112E-06,-3.98180E-03
-1.6108E-06,-3.80602E-03
-1.6104E-06,-3.64977E-03
-1.6100E-06,-3.63023E-03
-1.6096E-06,-3.72789E-03
-1.6092E-06,-3.57164E-03
-1.6088E-06,-3.49352E-03
-1.6084E-06,-3.41539E-03
-1.6080E-06,-3.33727E-03
-1.6076E-06,-3.22008E-03
-1.6072E-06,-3.23961E-03
-1.6068E-06,-3.16148E-03
-1.6064E-06,-3.16148E-03
-1.6060E-06,-3.18102E-03
-1.6056E-06,-3.20055E-03
-1.6052E-06,-3.25914E-03
-1.6048E-06,-3.49352E-03
-1.6044E-06,-3.55211E-03
-1.6040E-06,-3.39586E-03
-1.6036E-06,-3.35680E-03
-1.6032E-06,-3.31773E-03
-1.6028E-06,-3.20055E-03
-1.6024E-06,-3.12242E-03
-1.6020E-06,-2.98570E-03
-1.6016E-06,-2.90758E-03
-1.6012E-06,-2.79039E-03
-1.6008E-06,-2.71227E-03
-1.6004E-06,-2.61461E-03
-1.6000E-06,-2.49742E-03
-1.5996E-06,-2.36070E-03
-1.5992E-06,-2.22398E-03
-1.5988E-06,-2.06773E-03
-1.5984E-06,-1.98961E-03
-1.5980E-06,-1.69664E-03
-1.5976E-06,-1.61852E-03
-1.5972E-06,-1.42320E-03
-1.5968E-06,-1.38414E-03
-1.5964E-06,-1.26695E-03
-1.5960E-06,-1.24742E-03
-1.5956E-06,-1.18883E-03
-1.5952E-06,-1.18883E-03
-1.5948E-06,-9.54453E-04
-1.5944E-06,-9.34922E-04
-1.5940E-06,-8.37266E-04
-1.5936E-06,-7.39609E-04
-1.5932E-06,-6.22422E-04
-1.5928E-06,-5.05234E-04
-1.5924E-06,-3.48984E-04
-1.5920E-06,-3.48984E-04
-1.5916E-06,-2.31797E-04
-1.5912E-06,-2.12266E-04
-1.5908E-06,-5.60156E-05
-1.5904E-06,-3.64844E-05
-1.5900E-06,8.07031E-05
-1.5896E-06,1.19766E-04
-1.5892E-06,2.76016E-04
-1.5888E-06,4.12734E-04
-1.5884E-06,5.10391E-04
-1.5880E-06,5.88516E-04
-1.5876E-06,6.86172E-04
-1.5872E-06,7.05703E-04
-1.5868E-06,8.22891E-04
-1.5864E-06,8.03359E-04
-1.5860E-06,9.98672E-04
-1.5856E-06,9.98672E-04
-1.5852E-06,1.01820E-03
-1.5848E-06,1.11586E-03
-1.5844E-06,1.23305E-03
-1.5840E-06,1.29164E-03
-1.5836E-06,1.25258E-03
-1.5832E-06,1.36977E-03
-1.5828E-06,1.35023E-03
-1.5824E-06,1.42836E-03
-1.5820E-06,1.50648E-03
-1.5816E-06,1.52602E-03
-1.5812E-06,1.60414E-03
-1.5808E-06,1.64320E-03
-1.5804E-06,1.72133E-03
-1.5800E-06,1.74086E-03
-1.5796E-06,1.79945E-03
-1.5792E-06,1.76039E-03
-1.5788E-06,1.87758E-03
-1.5784E-06,1.89711E-03
-1.5780E-06,1.89711E-03
-1.5776E-06,1.87758E-03
-1.5772E-06,1.95570E-03
-1.5768E-06,1.99477E-03
-1.5764E-06,2.11195E-03
-1.5760E-06,2.09242E-03
-1.5756E-06,2.13148E-03
-1.5752E-06,2.15102E-03
-1.5748E-06,2.17055E-03
-1.5744E-06,2.19008E-03
-1.5740E-06,2.17055E-03
-1.5736E-06,2.20961E-03
-1.5732E-06,2.22914E-03
-1.5728E-06,2.19008E-03
-1.5724E-06,2.22914E-03
-1.5720E-06,2.32680E-03
-1.5716E-06,2.26820E-03
-1.5712E-06,2.28773E-03
-1.5708E-06,2.24867E-03
-1.5704E-06,2.28773E-03
-1.5700E-06,2.34633E-03
-1.5696E-06,2.34633E-03
-1.5692E-06,2.44398E-03
-1.5688E-06,2.34633E-03
-1.5684E-06,2.46352E-03
-1.5680E-06,2.36586E-03
-1.5676E-06,2.52211E-03
-1.5672E-06,2.44398E-03
-1.5668E-06,2.48305E-03
-1.5664E-06,2.44398E-03
-1.5660E-06,2.46352E-03
-1.5656E-06,2.56117E-03
-1.5652E-06,2.54164E-03
-1.5648E-06,2.50258E-03
-1.5644E-06,2.50258E-03
-1.5640E-06,2.48305E-03
-1.5636E-06,2.56117E-03
-1.5632E-06,2.56117E-03
-1.5628E-06,2.52211E-03
-1.5624E-06,2.40492E-03
-1.5620E-06,2.46352E-03
-1.5616E-06,2.38539E-03
-1.5612E-06,2.38539E-03
-1.5608E-06,2.28773E-03
-1.5604E-06,2.28773E-03
-1.5600E-06,2.13148E-03
-1.5596E-06,2.17055E-03
-1.5592E-06,2.15102E-03
-1.5588E-06,2.15102E-03
-1.5584E-06,2.13148E-03
-1.5580E-06,2.24867E-03
-1.5576E-06,2.11195E-03
-1.5572E-06,2.19008E-03
-1.5568E-06,2.22914E-03
-1.5564E-06,2.19008E-03
-1.5560E-06,2.15102E-03
-1.5556E-06,2.24867E-03
-1.5552E-06,2.09242E-03
-1.5548E-06,2.07289E-03
-1.5544E-06,2.13148E-03
-1.5540E-06,2.03383E-03
-1.5536E-06,1.91664E-03
-1.5532E-06,1.89711E-03
-1.5528E-06,1.83852E-03
-1.5524E-06,1.72133E-03
-1.5520E-06,1.46742E-03
-1.5516E-06,1.31117E-03
-1.5512E-06,1.09633E-03
-1.5508E-06,1.11586E-03
-1.5504E-06,1.09633E-03
-1.5500E-06,1.09633E-03
-1.5496E-06,1.05727E-03
-1.5492E-06,1.03773E-03
-1.5488E-06,9.98672E-04
-1.5484E-06,9.40078E-04
-1.5480E-06,8.22891E-04
-1.5476E-06,8.22891E-04
-1.5472E-06,6.66641E-04
-1.5468E-06,5.88516E-04
-1.5464E-06,5.29922E-04
-1.5460E-06,3.54141E-04
-1.5456E-06,1.78359E-04
-1.5452E-06,4.16406E-05
-1.5448E-06,-1.69531E-05
-1.5444E-06,-3.64844E-05
-1.5440E-06,-9.50781E-05
-1.5436E-06,-1.73203E-04
-1.5432E-06,-4.66172E-04
-1.5428E-06,-7.78672E-04
-1.5424E-06,-1.16930E-03
-1.5420E-06,-1.40367E-03
-1.5416E-06,-1.91148E-03
-1.5412E-06,-2.10680E-03
-1.5408E-06,-2.47789E-03
-1.5404E-06,-2.75133E-03
-1.5400E-06,-2.92711E-03
-1.5396E-06,-3.06383E-03
-1.5392E-06,-3.18102E-03
-1.5388E-06,-3.27867E-03
-1.5384E-06,-3.43492E-03
-1.5380E-06,-3.68883E-03
-1.5376E-06,-3.82555E-03
-1.5372E-06,-3.92320E-03
-1.5368E-06,-4.13805E-03
-1.5364E-06,-4.27477E-03
-1.5360E-06,-4.41148E-03
-1.5356E-06,-4.43102E-03
-1.5352E-06,-4.31383E-03
-1.5348E-06,-4.19664E-03
-1.5344E-06,-4.21617E-03
-1.5340E-06,-4.11852E-03
-1.5336E-06,-4.00133E-03
-1.5332E-06,-3.96227E-03
-1.5328E-06,-3.92320E-03
-1.5324E-06,-3.88414E-03
-1.5320E-06,-3.84508E-03
-1.5316E-06,-3.72789E-03
-1.5312E-06,-3.68883E-03
-1.5308E-06,-3.59117E-03
-1.5304E-06,-3.47398E-03
-1.5300E-06,-3.33727E-03
-1.5296E-06,-3.27867E-03
-1.5292E-06,-3.18102E-03
-1.5288E-06,-3.16148E-03
-1.5284E-06,-3.20055E-03
-1.5280E-06,-3.29820E-03
-1.5276E-06,-3.33727E-03
-1.5272E-06,-3.51305E-03
-1.5268E-06,-3.61070E-03
-1.5264E-06,-3.66930E-03
-1.5260E-06,-3.53258E-03
-1.5256E-06,-3.41539E-03
-1.5252E-06,-3.31773E-03
-1.5248E-06,-3.27867E-03
-1.5244E-06,-3.22008E-03
-1.5240E-06,-3.20055E-03
-1.5236E-06,-3.22008E-03
-1.5232E-06,-3.25914E-03
-1.5228E-06,-3.27867E-03
-1.5224E-06,-3.39586E-03
-1.5220E-06,-3.45445E-03
-1.5216E-06,-3.51305E-03
-1.5212E-06,-3.39586E-03
-1.5208E-06,-3.27867E-03
-1.5204E-06,-3.14195E-03
-1.5200E-06,-2.98570E-03
-1.5196E-06,-2.88805E-03
-1.5192E-06,-2.77086E-03
-1.5188E-06,-2.69273E-03
-1.5184E-06,-2.75133E-03
-1.5180E-06,-2.65367E-03
-1.5176E-06,-2.59508E-03
-1.5172E-06,-2.55602E-03
-1.5168E-06,-2.38023E-03
-1.5164E-06,-2.22398E-03
-1.5160E-06,-2.14586E-03
-1.5156E-06,-1.93102E-03
-1.5152E-06,-2.02867E-03
-1.5148E-06,-1.95055E-03
-1.5144E-06,-2.00914E-03
-1.5140E-06,-2.10680E-03
-1.5136E-06,-2.34117E-03
-1.5132E-06,-2.69273E-03
-1.5128E-06,-2.96617E-03
-1.5124E-06,-3.20055E-03
-1.5120E-06,-3.45445E-03
-1.5116E-06,-3.49352E-03
-1.5112E-06,-3.51305E-03
-1.5108E-06,-3.70836E-03
-1.5104E-06,-3.78648E-03
-1.5100E-06,-3.90367E-03
-1.5096E-06,-3.88414E-03
-1.5092E-06,-3.90367E-03
-1.5088E-06,-4.05992E-03
-1.5084E-06,-4.00133E-03
-1.5080E-06,-4.02086E-03
-1.5076E-06,-3.94273E-03
-1.5072E-06,-3.92320E-03
-1.5068E-06,-3.84508E-03
-1.5064E-06,-3.70836E-03
-1.5060E-06,-3.66930E-03
-1.5056E-06,-3.57164E-03
-1.5052E-06,-3.53258E-03
-1.5048E-06,-3.49352E-03
-1.5044E-06,-3.49352E-03
-1.5040E-06,-3.55211E-03
-1.5036E-06,-3.57164E-03
-1.5032E-06,-3.63023E-03
-1.5028E-06,-3.57164E-03
-1.5024E-06,-3.68883E-03
-1.5020E-06,-3.68883E-03
-1.5016E-06,-3.82555E-03
-1.5012E-06,-3.94273E-03
-1.5008E-06,-4.05992E-03
-1.5004E-06,-3.98180E-03
-1.5000E-06,-3.92320E-03
-1.4996E-06,-3.90367E-03
-1.4992E-06,-3.82555E-03
-1.4988E-06,-3.72789E-03
-1.4984E-06,-3.70836E-03
-1.4980E-06,-3.63023E-03
-1.4976E-06,-3.55211E-03
-1.4972E-06,-3.43492E-03
-1.4968E-06,-3.31773E-03
-1.4964E-06,-3.14195E-03
-1.4960E-06,-3.04430E-03
-1.4956E-06,-2.86852E-03
-1.4952E-06,-2.73180E-03
-1.4948E-06,-2.57555E-03
-1.4944E-06,-2.47789E-03
-1.4940E-06,-2.24352E-03
-1.4936E-06,-2.06773E-03
-1.4932E-06,-1.97008E-03
-1.4928E-06,-1.85289E-03
-1.4924E-06,-1.79430E-03
-1.4920E-06,-1.81383E-03
-1.4916E-06,-1.75523E-03
-1.4912E-06,-1.73570E-03
-1.4908E-06,-1.79430E-03
-1.4904E-06,-2.00914E-03
-1.4900E-06,-2.34117E-03
-1.4896E-06,-2.75133E-03
-1.4892E-06,-3.12242E-03
-1.4888E-06,-3.57164E-03
-1.4884E-06,-4.09898E-03
-1.4880E-06,-4.56773E-03
-1.4876E-06,-4.91930E-03
-1.4872E-06,-5.17320E-03
-1.4868E-06,-5.30992E-03
-1.4864E-06,-5.44664E-03
-1.4860E-06,-5.58336E-03
-1.4856E-06,-5.77867E-03
-1.4852E-06,-5.83727E-03
-1.4848E-06,-5.91539E-03
-1.4844E-06,-6.01305E-03
-1.4840E-06,-5.97398E-03
-1.4836E-06,-5.89586E-03
-1.4832E-06,-5.91539E-03
-1.4828E-06,-5.72008E-03
-1.4824E-06,-5.50523E-03
-1.4820E-06,-5.32945E-03
-1.4816E-06,-5.03648E-03
-1.4812E-06,-4.95836E-03
-1.4808E-06,-4.89977E-03
-1.4804E-06,-4.88023E-03
-1.4800E-06,-4.95836E-03
-1.4796E-06,-5.05602E-03
-1.4792E-06,-5.34898E-03
-1.4788E-06,-5.60289E-03
-1.4784E-06,-5.81773E-03
-1.4780E-06,-5.81773E-03
-1.4776E-06,-5.81773E-03
-1.4772E-06,-5.77867E-03
-1.4768E-06,-5.70055E-03
-1.4764E-06,-5.70055E-03
-1.4760E-06,-5.66148E-03
-1.4756E-06,-5.72008E-03
-1.4752E-06,-5.73961E-03
-1.4748E-06,-5.75914E-03
-1.4744E-06,-5.77867E-03
-1.4740E-06,-5.75914E-03
-1.4736E-06,-5.75914E-03
-1.4732E-06,-5.77867E-03
-1.4728E-06,-5.70055E-03
-1.4724E-06,-5.58336E-03
-1.4720E-06,-5.42711E-03
-1.4716E-06,-5.27086E-03
-1.4712E-06,-5.23180E-03
-1.4708E-06,-5.11461E-03
-1.4704E-06,-5.07555E-03
-1.4700E-06,-5.01695E-03
-1.4696E-06,-4.99742E-03
-1.4692E-06,-4.91930E-03
-1.4688E-06,-4.84117E-03
-1.4684E-06,-4.74352E-03
-1.4680E-06,-4.48961E-03
-1.4676E-06,-4.35289E-03
-1.4672E-06,-4.13805E-03
-1.4668E-06,-4.00133E-03
-1.4664E-06,-3.86461E-03
-1.4660E-06,-3.66930E-03
-1.4656E-06,-3.63023E-03
-1.4652E-06,-3.55211E-03
-1.4648E-06,-3.53258E-03
-1.4644E-06,-3.53258E-03
-1.4640E-06,-3.64977E-03
-1.4636E-06,-3.57164E-03
-1.4632E-06,-3.55211E-03
-1.4628E-06,-3.53258E-03
-1.4624E-06,-3.53258E-03
-1.4620E-06,-3.55211E-03
-1.4616E-06,-3.37633E-03
-1.4612E-06,-3.20055E-03
-1.4608E-06,-3.20055E-03
-1.4604E-06,-3.08336E-03
-1.4600E-06,-3.12242E-03
-1.4596E-06,-3.00523E-03
-1.4592E-06,-2.94664E-03
-1.4588E-06,-2.84898E-03
-1.4584E-06,-2.84898E-03
-1.4580E-06,-2.80992E-03
-1.4576E-06,-2.92711E-03
-1.4572E-06,-2.88805E-03
-1.4568E-06,-2.96617E-03
-1.4564E-06,-3.08336E-03
-1.4560E-06,-3.37633E-03
-1.4556E-06,-3.63023E-03
-1.4552E-06,-3.64977E-03
-1.4548E-06,-3.70836E-03
-1.4544E-06,-3.76695E-03
-1.4540E-06,-3.90367E-03
-1.4536E-06,-3.98180E-03
-1.4532E-06,-4.05992E-03
-1.4528E-06,-4.19664E-03
-1.4524E-06,-4.29430E-03
-1.4520E-06,-4.39195E-03
-1.4516E-06,-4.48961E-03
-1.4512E-06,-4.54820E-03
-1.4508E-06,-4.52867E-03
-1.4504E-06,-4.39195E-03
-1.4500E-06,-4.31383E-03
-1.4496E-06,-4.15758E-03
-1.4492E-06,-4.19664E-03
-1.4488E-06,-4.11852E-03
-1.4484E-06,-4.02086E-03
-1.4480E-06,-4.05992E-03
-1.4476E-06,-4.11852E-03
-1.4472E-06,-4.35289E-03
-1.4468E-06,-4.54820E-03
-1.4464E-06,-4.88023E-03
-1.4460E-06,-5.09508E-03
-1.4456E-06,-5.36852E-03
-1.4452E-06,-5.58336E-03
-1.4448E-06,-5.97398E-03
-1.4444E-06,-6.30602E-03
-1.4440E-06,-6.44273E-03
-1.4436E-06,-6.67711E-03
-1.4432E-06,-6.85289E-03
-1.4428E-06,-7.04820E-03
-1.4424E-06,-7.28258E-03
-1.4420E-06,-7.57555E-03
-1.4416E-06,-7.79039E-03
-1.4412E-06,-8.00523E-03
-1.4408E-06,-8.20055E-03
-1.4404E-06,-8.29820E-03
-1.4400E-06,-8.37633E-03
-1.4396E-06,-8.41539E-03
-1.4392E-06,-8.27867E-03
-1.4388E-06,-8.16148E-03
-1.4384E-06,-8.10289E-03
-1.4380E-06,-7.98570E-03
-1.4376E-06,-7.80992E-03
-1.4372E-06,-7.75133E-03
-1.4368E-06,-7.61461E-03
-1.4364E-06,-7.45836E-03
-1.4360E-06,-7.24352E-03
-1.4356E-06,-7.12633E-03
-1.4352E-06,-6.98961E-03
-1.4348E-06,-6.75523E-03
-1.4344E-06,-6.52086E-03
-1.4340E-06,-6.28648E-03
-1.4336E-06,-6.07164E-03
-1.4332E-06,-5.87633E-03
-1.4328E-06,-5.64195E-03
-1.4324E-06,-5.56383E-03
-1.4320E-06,-5.44664E-03
-1.4316E-06,-5.13414E-03
-1.4312E-06,-5.13414E-03
-1.4308E-06,-4.99742E-03
-1.4304E-06,-4.78258E-03
-1.4300E-06,-4.54820E-03
-1.4296E-06,-4.39195E-03
-1.4292E-06,-4.13805E-03
-1.4288E-06,-3.94273E-03
-1.4284E-06,-3.84508E-03
-1.4280E-06,-3.63023E-03
-1.4276E-06,-3.45445E-03
-1.4272E-06,-3.25914E-03
-1.4268E-06,-3.10289E-03
-1.4264E-06,-2.98570E-03
-1.4260E-06,-2.77086E-03
-1.4256E-06,-2.63414E-03
-1.4252E-06,-2.39977E-03
-1.4248E-06,-2.16539E-03
-1.4244E-06,-2.04820E-03
-1.4240E-06,-1.87242E-03
-1.4236E-06,-1.71617E-03
-1.4232E-06,-1.55992E-03
-1.4228E-06,-1.40367E-03
-1.4224E-06,-1.28648E-03
-1.4220E-06,-1.14977E-03
-1.4216E-06,-1.13023E-03
-1.4212E-06,-1.03258E-03
-1.4208E-06,-8.76328E-04
-1.4204E-06,-8.17734E-04
-1.4200E-06,-7.20078E-04
-1.4196E-06,-6.81016E-04
-1.4192E-06,-6.61484E-04
-1.4188E-06,-6.41953E-04
-1.4184E-06,-6.22422E-04
-1.4180E-06,-6.41953E-04
-1.4176E-06,-7.00547E-04
-1.4172E-06,-6.22422E-04
-1.4168E-06,-5.83359E-04
-1.4164E-06,-4.27109E-04
-1.4160E-06,-4.07578E-04
-1.4156E-06,-3.09922E-04
-1.4152E-06,-2.70859E-04
-1.4148E-06,-3.29453E-04
-1.4144E-06,-4.07578E-04
-1.4140E-06,-4.85703E-04
-1.4136E-06,-6.41953E-04
-1.4132E-06,-8.37266E-04
-1.4128E-06,-1.07164E-03
-1.4124E-06,-1.30602E-03
-1.4120E-06,-1.50133E-03
-1.4116E-06,-1.63805E-03
-1.4112E-06,-1.83336E-03
-1.4108E-06,-1.87242E-03
-1.4104E-06,-1.95055E-03
-1.4100E-06,-1.97008E-03
-1.4096E-06,-2.06773E-03
-1.4092E-06,-2.10680E-03
-1.4088E-06,-2.20445E-03
-1.4084E-06,-2.20445E-03
-1.4080E-06,-2.12633E-03
-1.4076E-06,-2.12633E-03
-1.4072E-06,-2.06773E-03
-1.4068E-06,-1.95055E-03
-1.4064E-06,-1.91148E-03
-1.4060E-06,-1.71617E-03
-1.4056E-06,-1.61852E-03
-1.4052E-06,-1.52086E-03
-1.4048E-06,-1.34508E-03
-1.4044E-06,-1.24742E-03
-1.4040E-06,-1.32555E-03
-1.4036E-06,-1.22789E-03
-1.4032E-06,-1.16930E-03
-1.4028E-06,-1.01305E-03
-1.4024E-06,-1.07164E-03
-1.4020E-06,-9.34922E-04
-1.4016E-06,-8.56797E-04
-1.4012E-06,-7.78672E-04
-1.4008E-06,-7.39609E-04
-1.4004E-06,-6.41953E-04
-1.4000E-06,-6.81016E-04
-1.3996E-06,-5.44297E-04
-1.3992E-06,-4.85703E-04
-1.3988E-06,-4.07578E-04
-1.3984E-06,-3.68516E-04
-1.3980E-06,-3.09922E-04
-1.3976E-06,-2.70859E-04
-1.3972E-06,-1.73203E-04
-1.3968E-06,2.57813E-06
-1.3964E-06,8.07031E-05
-1.3960E-06,1.97891E-04
-1.3956E-06,2.36953E-04
-1.3952E-06,2.56484E-04
-1.3948E-06,3.93203E-04
-1.3944E-06,4.90859E-04
-1.3940E-06,5.68984E-04
-1.3936E-06,5.68984E-04
-1.3932E-06,6.66641E-04
-1.3928E-06,7.05703E-04
-1.3924E-06,8.22891E-04
-1.3920E-06,8.81484E-04
-1.3916E-06,9.01016E-04
-1.3912E-06,9.01016E-04
-1.3908E-06,1.01820E-03
-1.3904E-06,1.05727E-03
-1.3900E-06,1.15492E-03
-1.3896E-06,1.15492E-03
-1.3892E-06,1.29164E-03
-1.3888E-06,1.27211E-03
-1.3884E-06,1.31117E-03
-1.3880E-06,1.38930E-03
-1.3876E-06,1.36977E-03
-1.3872E-06,1.38930E-03
-1.3868E-06,1.50648E-03
-1.3864E-06,1.54555E-03
-1.3860E-06,1.54555E-03
-1.3856E-06,1.60414E-03
-1.3852E-06,1.66273E-03
-1.3848E-06,1.68227E-03
-1.3844E-06,1.74086E-03
-1.3840E-06,1.74086E-03
-1.3836E-06,1.77992E-03
-1.3832E-06,1.68227E-03
-1.3828E-06,1.68227E-03
-1.3824E-06,1.72133E-03
-1.3820E-06,1.66273E-03
-1.3816E-06,1.62367E-03
-1.3812E-06,1.50648E-03
-1.3808E-06,1.38930E-03
-1.3804E-06,1.38930E-03
-1.3800E-06,1.40883E-03
-1.3796E-06,1.42836E-03
-1.3792E-06,1.36977E-03
-1.3788E-06,1.35023E-03
-1.3784E-06,1.31117E-03
-1.3780E-06,1.38930E-03
-1.3776E-06,1.36977E-03
-1.3772E-06,1.36977E-03
-1.3768E-06,1.31117E-03
-1.3764E-06,1.35023E-03
-1.3760E-06,1.35023E-03
-1.3756E-06,1.44789E-03
-1.3752E-06,1.38930E-03
-1.3748E-06,1.46742E-03
-1.3744E-06,1.44789E-03
-1.3740E-06,1.46742E-03
-1.3736E-06,1.52602E-03
-1.3732E-06,1.38930E-03
-1.3728E-06,1.29164E-03
-1.3724E-06,1.11586E-03
-1.3720E-06,8.22891E-04
-1.3716E-06,6.66641E-04
-1.3712E-06,4.12734E-04
-1.3708E-06,1.58828E-04
-1.3704E-06,-1.14609E-04
-1.3700E-06,-3.88047E-04
-1.3696E-06,-4.46641E-04
-1.3692E-06,-4.85703E-04
-1.3688E-06,-6.22422E-04
-1.3684E-06,-6.22422E-04
-1.3680E-06,-7.00547E-04
-1.3676E-06,-7.59141E-04
-1.3672E-06,-7.78672E-04
-1.3668E-06,-8.37266E-04
-1.3664E-06,-8.95859E-04
-1.3660E-06,-7.78672E-04
-1.3656E-06,-7.98203E-04
-1.3652E-06,-7.00547E-04
-1.3648E-06,-7.39609E-04
-1.3644E-06,-5.83359E-04
-1.3640E-06,-6.81016E-04
-1.3636E-06,-7.20078E-04
-1.3632E-06,-8.37266E-04
-1.3628E-06,-9.54453E-04
-1.3624E-06,-1.01305E-03
-1.3620E-06,-1.18883E-03
-1.3616E-06,-1.40367E-03
-1.3612E-06,-1.36461E-03
-1.3608E-06,-1.34508E-03
-1.3604E-06,-1.36461E-03
-1.3600E-06,-1.38414E-03
-1.3596E-06,-1.34508E-03
-1.3592E-06,-1.34508E-03
-1.3588E-06,-1.34508E-03
-1.3584E-06,-1.34508E-03
-1.3580E-06,-1.30602E-03
-1.3576E-06,-1.34508E-03
-1.3572E-06,-1.28648E-03
-1.3568E-06,-1.28648E-03
-1.3564E-06,-1.28648E-03
-1.3560E-06,-1.30602E-03
-1.3556E-06,-1.26695E-03
-1.3552E-06,-1.40367E-03
-1.3548E-06,-1.42320E-03
-1.3544E-06,-1.48180E-03
-1.3540E-06,-1.61852E-03
-1.3536E-06,-1.87242E-03
-1.3532E-06,-1.87242E-03
-1.3528E-06,-1.98961E-03
-1.3524E-06,-1.98961E-03
-1.3520E-06,-2.06773E-03
-1.3516E-06,-2.02867E-03
-1.3512E-06,-2.02867E-03
-1.3508E-06,-2.02867E-03
-1.3504E-06,-2.00914E-03
-1.3500E-06,-1.97008E-03
-1.3496E-06,-1.93102E-03
-1.3492E-06,-1.83336E-03
-1.3488E-06,-1.85289E-03
-1.3484E-06,-1.69664E-03
-1.3480E-06,-1.61852E-03
-1.3476E-06,-1.50133E-03
-1.3472E-06,-1.36461E-03
-1.3468E-06,-1.26695E-03
-1.3464E-06,-1.14977E-03
-1.3460E-06,-1.03258E-03
-1.3456E-06,-9.15391E-04
-1.3452E-06,-8.56797E-04
-1.3448E-06,-7.98203E-04
-1.3444E-06,-8.17734E-04
-1.3440E-06,-6.41953E-04
-1.3436E-06,-5.05234E-04
-1.3432E-06,-4.46641E-04
-1.3428E-06,-4.07578E-04
-1.3424E-06,-3.88047E-04
-1.3420E-06,-2.70859E-04
-1.3416E-06,-2.51328E-04
-1.3412E-06,-1.14609E-04
-1.3408E-06,-1.34141E-04
-1.3404E-06,-7.55469E-05
-1.3400E-06,-1.34141E-04
-1.3396E-06,-2.51328E-04
-1.3392E-06,-2.90391E-04
-1.3388E-06,-4.27109E-04
-1.3384E-06,-4.85703E-04
-1.3380E-06,-4.85703E-04
-1.3376E-06,-5.63828E-04
-1.3372E-06,-5.63828E-04
-1.3368E-06,-5.83359E-04
-1.3364E-06,-5.44297E-04
-1.3360E-06,-6.02891E-04
-1.3356E-06,-5.24766E-04
-1.3352E-06,-4.66172E-04
-1.3348E-06,-4.07578E-04
-1.3344E-06,-4.27109E-04
-1.3340E-06,-3.68516E-04
-1.3336E-06,-4.07578E-04
-1.3332E-06,-3.48984E-04
-1.3328E-06,-3.88047E-04
-1.3324E-06,-2.31797E-04
-1.3320E-06,-2.70859E-04
-1.3316E-06,-2.31797E-04
-1.3312E-06,-1.73203E-04
-1.3308E-06,-2.51328E-04
-1.3304E-06,-2.51328E-04
-1.3300E-06,-3.29453E-04
-1.3296E-06,-4.85703E-04
-1.3292E-06,-4.66172E-04
-1.3288E-06,-3.29453E-04
-1.3284E-06,-3.48984E-04
-1.3280E-06,-3.48984E-04
-1.3276E-06,-1.92734E-04
-1.3272E-06,-2.51328E-04
-1.3268E-06,-1.34141E-04
-1.3264E-06,-1.92734E-04
-1.3260E-06,-1.14609E-04
-1.3256E-06,-1.34141E-04
-1.3252E-06,-1.14609E-04
-1.3248E-06,-1.34141E-04
-1.3244E-06,-1.14609E-04
-1.3240E-06,-1.34141E-04
-1.3236E-06,-1.73203E-04
-1.3232E-06,-2.12266E-04
-1.3228E-06,-2.51328E-04
-1.3224E-06,-3.29453E-04
-1.3220E-06,-3.48984E-04
-1.3216E-06,-3.88047E-04
-1.3212E-06,-3.48984E-04
-1.3208E-06,-3.48984E-04
-1.3204E-06,-2.70859E-04
-1.3200E-06,-3.09922E-04
-1.3196E-06,-2.12266E-04
-1.3192E-06,-1.92734E-04
-1.3188E-06,-1.53672E-04
-1.3184E-06,-9.50781E-05
-1.3180E-06,-1.34141E-04
-1.3176E-06,-1.34141E-04
-1.3172E-06,-1.73203E-04
-1.3168E-06,-2.51328E-04
-1.3164E-06,-1.92734E-04
-1.3160E-06,-3.29453E-04
-1.3156E-06,-3.48984E-04
-1.3152E-06,-4.46641E-04
-1.3148E-06,-5.24766E-04
-1.3144E-06,-4.66172E-04
-1.3140E-06,-4.07578E-04
-1.3136E-06,-4.07578E-04
-1.3132E-06,-3.88047E-04
-1.3128E-06,-4.07578E-04
-1.3124E-06,-2.90391E-04
-1.3120E-06,-3.88047E-04
-1.3116E-06,-3.09922E-04
-1.3112E-06,-2.51328E-04
-1.3108E-06,-2.51328E-04
-1.3104E-06,-2.12266E-04
-1.3100E-06,-1.73203E-04
-1.3096E-06,-1.73203E-04
-1.3092E-06,-9.50781E-05
-1.3088E-06,-5.60156E-05
-1.3084E-06,-5.60156E-05
-1.3080E-06,-1.34141E-04
-1.3076E-06,-1.92734E-04
-1.3072E-06,-2.90391E-04
-1.3068E-06,-3.88047E-04
-1.3064E-06,-5.24766E-04
-1.3060E-06,-6.61484E-04
-1.3056E-06,-7.78672E-04
-1.3052E-06,-8.56797E-04
-1.3048E-06,-8.76328E-04
-1.3044E-06,-8.76328E-04
-1.3040E-06,-9.15391E-04
-1.3036E-06,-9.54453E-04
-1.3032E-06,-8.56797E-04
-1.3028E-06,-8.37266E-04
-1.3024E-06,-8.76328E-04
-1.3020E-06,-7.98203E-04
-1.3016E-06,-8.17734E-04
-1.3012E-06,-6.61484E-04
-1.3008E-06,-6.61484E-04
-1.3004E-06,-5.63828E-04
-1.3000E-06,-4.85703E-04
-1.2996E-06,-4.66172E-04
-1.2992E-06,-3.48984E-04
-1.2988E-06,-2.31797E-04
-1.2984E-06,-9.50781E-05
-1.2980E-06,-7.55469E-05
-1.2976E-06,-7.55469E-05
-1.2972E-06,-3.64844E-05
-1.2968E-06,2.57813E-06
-1.2964E-06,2.21094E-05
-1.2960E-06,4.16406E-05
-1.2956E-06,1.39297E-04
-1.2952E-06,1.58828E-04
-1.2948E-06,1.97891E-04
-1.2944E-06,1.58828E-04
-1.2940E-06,8.07031E-05
-1.2936E-06,-1.69531E-05
-1.2932E-06,-2.12266E-04
-1.2928E-06,-3.29453E-04
-1.2924E-06,-5.63828E-04
-1.2920E-06,-8.95859E-04
-1.2916E-06,-9.73984E-04
-1.2912E-06,-1.07164E-03
-1.2908E-06,-1.13023E-03
-1.2904E-06,-1.03258E-03
-1.2900E-06,-1.05211E-03
-1.2896E-06,-1.05211E-03
-1.2892E-06,-1.03258E-03
-1.2888E-06,-9.34922E-04
-1.2884E-06,-9.93516E-04
-1.2880E-06,-9.34922E-04
-1.2876E-06,-9.54453E-04
-1.2872E-06,-9.15391E-04
-1.2868E-06,-8.37266E-04
-1.2864E-06,-7.00547E-04
-1.2860E-06,-6.22422E-04
-1.2856E-06,-5.24766E-04
-1.2852E-06,-3.09922E-04
-1.2848E-06,-2.70859E-04
-1.2844E-06,-1.92734E-04
-1.2840E-06,-1.34141E-04
-1.2836E-06,2.57813E-06
-1.2832E-06,-5.60156E-05
-1.2828E-06,-5.60156E-05
-1.2824E-06,-9.50781E-05
-1.2820E-06,-1.69531E-05
-1.2816E-06,6.11719E-05
-1.2812E-06,1.00234E-04
-1.2808E-06,1.39297E-04
-1.2804E-06,2.95547E-04
-1.2800E-06,3.15078E-04
-1.2796E-06,4.51797E-04
-1.2792E-06,4.71328E-04
-1.2788E-06,5.10391E-04
-1.2784E-06,5.29922E-04
-1.2780E-06,6.08047E-04
-1.2776E-06,6.47109E-04
-1.2772E-06,6.86172E-04
-1.2768E-06,8.03359E-04
-1.2764E-06,8.81484E-04
-1.2760E-06,9.98672E-04
-1.2756E-06,9.98672E-04
-1.2752E-06,1.05727E-03
-1.2748E-06,1.19398E-03
-1.2744E-06,1.17445E-03
-1.2740E-06,1.15492E-03
-1.2736E-06,1.21352E-03
-1.2732E-06,1.27211E-03
-1.2728E-06,1.21352E-03
-1.2724E-06,1.29164E-03
-1.2720E-06,1.29164E-03
-1.2716E-06,1.38930E-03
-1.2712E-06,1.40883E-03
-1.2708E-06,1.50648E-03
-1.2704E-06,1.44789E-03
-1.2700E-06,1.48695E-03
-1.2696E-06,1.58461E-03
-1.2692E-06,1.56508E-03
-1.2688E-06,1.52602E-03
-1.2684E-06,1.66273E-03
-1.2680E-06,1.60414E-03
-1.2676E-06,1.68227E-03
-1.2672E-06,1.72133E-03
-1.2668E-06,1.79945E-03
-1.2664E-06,1.81898E-03
-1.2660E-06,1.83852E-03
-1.2656E-06,1.83852E-03
-1.2652E-06,1.87758E-03
-1.2648E-06,1.95570E-03
-1.2644E-06,1.89711E-03
-1.2640E-06,1.91664E-03
-1.2636E-06,1.95570E-03
-1.2632E-06,2.01430E-03
-1.2628E-06,2.05336E-03
-1.2624E-06,2.03383E-03
-1.2620E-06,1.99477E-03
-1.2616E-06,2.03383E-03
-1.2612E-06,2.05336E-03
-1.2608E-06,2.01430E-03
-1.2604E-06,2.22914E-03
-1.2600E-06,2.15102E-03
-1.2596E-06,2.20961E-03
-1.2592E-06,2.15102E-03
-1.2588E-06,2.17055E-03
-1.2584E-06,2.17055E-03
-1.2580E-06,2.20961E-03
-1.2576E-06,2.19008E-03
-1.2572E-06,2.24867E-03
-1.2568E-06,2.30727E-03
-1.2564E-06,2.28773E-03
-1.2560E-06,2.32680E-03
-1.2556E-06,2.32680E-03
-1.2552E-06,2.32680E-03
-1.2548E-06,2.30727E-03
-1.2544E-06,2.30727E-03
-1.2540E-06,2.36586E-03
-1.2536E-06,2.36586E-03
-1.2532E-06,2.38539E-03
-1.2528E-06,2.36586E-03
-1.2524E-06,2.38539E-03
-1.2520E-06,2.38539E-03
-1.2516E-06,2.38539E-03
-1.2512E-06,2.38539E-03
-1.2508E-06,2.42445E-03
-1.2504E-06,2.38539E-03
-1.2500E-06,2.36586E-03
-1.2496E-06,2.38539E-03
-1.2492E-06,2.36586E-03
-1.2488E-06,2.34633E-03
-1.2484E-06,2.44398E-03
-1.2480E-06,2.44398E-03
-1.2476E-06,2.46352E-03
-1.2472E-06,2.42445E-03
-1.2468E-06,2.50258E-03
-1.2464E-06,2.40492E-03
-1.2460E-06,2.48305E-03
-1.2456E-06,2.56117E-03
-1.2452E-06,2.44398E-03
-1.2448E-06,2.48305E-03
-1.2444E-06,2.52211E-03
-1.2440E-06,2.54164E-03
-1.2436E-06,2.50258E-03
-1.2432E-06,2.52211E-03
-1.2428E-06,2.50258E-03
-1.2424E-06,2.48305E-03
-1.2420E-06,2.50258E-03
-1.2416E-06,2.50258E-03
-1.2412E-06,2.54164E-03
-1.2408E-06,2.48305E-03
-1.2404E-06,2.54164E-03
-1.2400E-06,2.52211E-03
-1.2396E-06,2.58070E-03
-1.2392E-06,2.65883E-03
-1.2388E-06,2.58070E-03
-1.2384E-06,2.60023E-03
-1.2380E-06,2.60023E-03
-1.2376E-06,2.65883E-03
-1.2372E-06,2.65883E-03
-1.2368E-06,2.61977E-03
-1.2364E-06,2.67836E-03
-1.2360E-06,2.60023E-03
-1.2356E-06,2.61977E-03
-1.2352E-06,2.56117E-03
-1.2348E-06,2.67836E-03
-1.2344E-06,2.63930E-03
-1.2340E-06,2.73695E-03
-1.2336E-06,2.61977E-03
-1.2332E-06,2.71742E-03
-1.2328E-06,2.69789E-03
-1.2324E-06,2.69789E-03
-1.2320E-06,2.73695E-03
-1.2316E-06,2.69789E-03
-1.2312E-06,2.67836E-03
-1.2308E-06,2.69789E-03
-1.2304E-06,2.67836E-03
-1.2300E-06,2.73695E-03
-1.2296E-06,2.75648E-03
-1.2292E-06,2.67836E-03
-1.2288E-06,2.67836E-03
-1.2284E-06,2.73695E-03
-1.2280E-06,2.67836E-03
-1.2276E-06,2.75648E-03
-1.2272E-06,2.67836E-03
-1.2268E-06,2.75648E-03
-1.2264E-06,2.85414E-03
-1.2260E-06,2.73695E-03
-1.2256E-06,2.71742E-03
-1.2252E-06,2.75648E-03
-1.2248E-06,2.75648E-03
-1.2244E-06,2.75648E-03
-1.2240E-06,2.75648E-03
-1.2236E-06,2.77602E-03
-1.2232E-06,2.81508E-03
-1.2228E-06,2.87367E-03
-1.2224E-06,2.81508E-03
-1.2220E-06,2.79555E-03
-1.2216E-06,2.79555E-03
-1.2212E-06,2.81508E-03
-1.2208E-06,2.73695E-03
-1.2204E-06,2.81508E-03
-1.2200E-06,2.85414E-03
-1.2196E-06,2.79555E-03
-1.2192E-06,2.81508E-03
-1.2188E-06,2.83461E-03
-1.2184E-06,2.79555E-03
-1.2180E-06,2.75648E-03
-1.2176E-06,2.83461E-03
-1.2172E-06,2.85414E-03
-1.2168E-06,2.83461E-03
-1.2164E-06,2.77602E-03
-1.2160E-06,2.79555E-03
-1.2156E-06,2.81508E-03
-1.2152E-06,2.83461E-03
-1.2148E-06,2.83461E-03
-1.2144E-06,2.79555E-03
-1.2140E-06,2.87367E-03
-1.2136E-06,2.83461E-03
-1.2132E-06,2.79555E-03
-1.2128E-06,2.87367E-03
-1.2124E-06,2.83461E-03
-1.2120E-06,2.81508E-03
-1.2116E-06,2.89320E-03
-1.2112E-06,2.89320E-03
-1.2108E-06,2.87367E-03
-1.2104E-06,2.81508E-03
-1.2100E-06,2.77602E-03
-1.2096E-06,2.67836E-03
-1.2092E-06,2.67836E-03
-1.2088E-06,2.61977E-03
-1.2084E-06,2.67836E-03
-1.2080E-06,2.65883E-03
-1.2076E-06,2.69789E-03
-1.2072E-06,2.71742E-03
-1.2068E-06,2.65883E-03
-1.2064E-06,2.67836E-03
-1.2060E-06,2.67836E-03
-1.2056E-06,2.65883E-03
-1.2052E-06,2.71742E-03
-1.2048E-06,2.67836E-03
-1.2044E-06,2.67836E-03
-1.2040E-06,2.60023E-03
-1.2036E-06,2.67836E-03
-1.2032E-06,2.67836E-03
-1.2028E-06,2.67836E-03
-1.2024E-06,2.67836E-03
-1.2020E-06,2.67836E-03
-1.2016E-06,2.65883E-03
-1.2012E-06,2.67836E-03
-1.2008E-06,2.65883E-03
-1.2004E-06,2.69789E-03
-1.2000E-06,2.60023E-03
-1.1996E-06,2.71742E-03
-1.1992E-06,2.65883E-03
-1.1988E-06,2.65883E-03
-1.1984E-06,2.61977E-03
-1.1980E-06,2.65883E-03
-1.1976E-06,2.71742E-03
-1.1972E-06,2.65883E-03
-1.1968E-06,2.65883E-03
-1.1964E-06,2.67836E-03
-1.1960E-06,2.69789E-03
-1.1956E-06,2.67836E-03
-1.1952E-06,2.65883E-03
-1.1948E-06,2.67836E-03
-1.1944E-06,2.69789E-03
-1.1940E-06,2.71742E-03
-1.1936E-06,2.67836E-03
-1.1932E-06,2.71742E-03
-1.1928E-06,2.67836E-03
-1.1924E-06,2.77602E-03
-1.1920E-06,2.67836E-03
-1.1916E-06,2.65883E-03
-1.1912E-06,2.61977E-03
-1.1908E-06,2.52211E-03
-1.1904E-06,2.30727E-03
-1.1900E-06,2.20961E-03
-1.1896E-06,1.95570E-03
-1.1892E-06,1.77992E-03
-1.1888E-06,1.48695E-03
-1.1884E-06,1.13539E-03
-1.1880E-06,8.42422E-04
-1.1876E-06,6.66641E-04
-1.1872E-06,5.10391E-04
-1.1868E-06,5.10391E-04
-1.1864E-06,4.51797E-04
-1.1860E-06,3.93203E-04
-1.1856E-06,3.34609E-04
-1.1852E-06,3.15078E-04
-1.1848E-06,1.97891E-04
-1.1844E-06,2.36953E-04
-1.1840E-06,1.19766E-04
-1.1836E-06,2.95547E-04
-1.1832E-06,1.58828E-04
-1.1828E-06,2.36953E-04
-1.1824E-06,2.56484E-04
-1.1820E-06,3.93203E-04
-1.1816E-06,5.10391E-04
-1.1812E-06,5.68984E-04
-1.1808E-06,5.88516E-04
-1.1804E-06,7.25234E-04
-1.1800E-06,6.66641E-04
-1.1796E-06,6.27578E-04
-1.1792E-06,6.47109E-04
-1.1788E-06,6.08047E-04
-1.1784E-06,6.47109E-04
-1.1780E-06,7.25234E-04
-1.1776E-06,7.64297E-04
-1.1772E-06,7.83828E-04
-1.1768E-06,8.61953E-04
-1.1764E-06,8.81484E-04
-1.1760E-06,8.61953E-04
-1.1756E-06,9.79141E-04
-1.1752E-06,9.79141E-04
-1.1748E-06,1.03773E-03
-1.1744E-06,9.79141E-04
-1.1740E-06,1.03773E-03
-1.1736E-06,1.01820E-03
-1.1732E-06,1.15492E-03
-1.1728E-06,1.17445E-03
-1.1724E-06,1.31117E-03
-1.1720E-06,1.38930E-03
-1.1716E-06,1.42836E-03
-1.1712E-06,1.46742E-03
-1.1708E-06,1.56508E-03
-1.1704E-06,1.52602E-03
-1.1700E-06,1.58461E-03
-1.1696E-06,1.52602E-03
-1.1692E-06,1.66273E-03
-1.1688E-06,1.72133E-03
-1.1684E-06,1.72133E-03
-1.1680E-06,1.74086E-03
-1.1676E-06,1.83852E-03
-1.1672E-06,1.87758E-03
-1.1668E-06,1.87758E-03
-1.1664E-06,1.89711E-03
-1.1660E-06,1.95570E-03
-1.1656E-06,1.89711E-03
-1.1652E-06,1.99477E-03
-1.1648E-06,1.95570E-03
-1.1644E-06,2.01430E-03
-1.1640E-06,2.07289E-03
-1.1636E-06,2.13148E-03
-1.1632E-06,2.07289E-03
-1.1628E-06,2.19008E-03
-1.1624E-06,2.17055E-03
-1.1620E-06,2.20961E-03
-1.1616E-06,2.22914E-03
-1.1612E-06,2.24867E-03
-1.1608E-06,2.24867E-03
-1.1604E-06,2.28773E-03
-1.1600E-06,2.26820E-03
-1.1596E-06,2.34633E-03
-1.1592E-06,2.30727E-03
-1.1588E-06,2.30727E-03
-1.1584E-06,2.30727E-03
-1.1580E-06,2.40492E-03
-1.1576E-06,2.36586E-03
-1.1572E-06,2.48305E-03
-1.1568E-06,2.48305E-03
-1.1564E-06,2.50258E-03
-1.1560E-06,2.54164E-03
-1.1556E-06,2.52211E-03
-1.1552E-06,2.54164E-03
-1.1548E-06,2.56117E-03
-1.1544E-06,2.48305E-03
-1.1540E-06,2.54164E-03
-1.1536E-06,2.50258E-03
-1.1532E-06,2.58070E-03
-1.1528E-06,2.54164E-03
-1.1524E-06,2.58070E-03
-1.1520E-06,2.50258E-03
-1.1516E-06,2.52211E-03
-1.1512E-06,2.52211E-03
-1.1508E-06,2.44398E-03
-1.1504E-06,2.40492E-03
-1.1500E-06,2.48305E-03
-1.1496E-06,2.46352E-03
-1.1492E-06,2.52211E-03
-1.1488E-06,2.48305E-03
-1.1484E-06,2.56117E-03
-1.1480E-06,2.56117E-03
-1.1476E-06,2.52211E-03
-1.1472E-06,2.52211E-03
-1.1468E-06,2.54164E-03
-1.1464E-06,2.50258E-03
-1.1460E-06,2.48305E-03
-1.1456E-06,2.52211E-03
-1.1452E-06,2.54164E-03
-1.1448E-06,2.46352E-03
-1.1444E-06,2.58070E-03
-1.1440E-06,2.58070E-03
-1.1436E-06,2.58070E-03
-1.1432E-06,2.56117E-03
-1.1428E-06,2.46352E-03
-1.1424E-06,2.52211E-03
-1.1420E-06,2.46352E-03
-1.1416E-06,2.22914E-03
-1.1412E-06,2.13148E-03
-1.1408E-06,1.87758E-03
-1.1404E-06,1.72133E-03
-1.1400E-06,1.38930E-03
-1.1396E-06,1.19398E-03
-1.1392E-06,8.03359E-04
-1.1388E-06,7.25234E-04
-1.1384E-06,5.88516E-04
-1.1380E-06,4.90859E-04
-1.1376E-06,4.12734E-04
-1.1372E-06,3.93203E-04
-1.1368E-06,3.34609E-04
-1.1364E-06,1.97891E-04
-1.1360E-06,2.17422E-04
-1.1356E-06,1.58828E-04
-1.1352E-06,1.39297E-04
-1.1348E-06,1.19766E-04
-1.1344E-06,1.58828E-04
-1.1340E-06,1.78359E-04
-1.1336E-06,1.97891E-04
-1.1332E-06,2.56484E-04
-1.1328E-06,3.73672E-04
-1.1324E-06,4.71328E-04
-1.1320E-06,5.49453E-04
-1.1316E-06,6.47109E-04
-1.1312E-06,6.47109E-04
-1.1308E-06,7.05703E-04
-1.1304E-06,6.27578E-04
-1.1300E-06,6.27578E-04
-1.1296E-06,6.66641E-04
-1.1292E-06,6.27578E-04
-1.1288E-06,7.44766E-04
-1.1284E-06,7.64297E-04
-1.1280E-06,7.25234E-04
-1.1276E-06,8.42422E-04
-1.1272E-06,8.61953E-04
-1.1268E-06,9.40078E-04
-1.1264E-06,8.61953E-04
-1.1260E-06,9.59609E-04
-1.1256E-06,9.20547E-04
-1.1252E-06,9.79141E-04
-1.1248E-06,9.79141E-04
-1.1244E-06,1.01820E-03
-1.1240E-06,1.11586E-03
-1.1236E-06,1.21352E-03
-1.1232E-06,1.27211E-03
-1.1228E-06,1.36977E-03
-1.1224E-06,1.35023E-03
-1.1220E-06,1.48695E-03
-1.1216E-06,1.50648E-03
-1.1212E-06,1.54555E-03
-1.1208E-06,1.50648E-03
-1.1204E-06,1.54555E-03
-1.1200E-06,1.60414E-03
-1.1196E-06,1.72133E-03
-1.1192E-06,1.74086E-03
-1.1188E-06,1.79945E-03
-1.1184E-06,1.81898E-03
-1.1180E-06,1.87758E-03
-1.1176E-06,1.91664E-03
-1.1172E-06,1.91664E-03
-1.1168E-06,1.89711E-03
-1.1164E-06,1.95570E-03
-1.1160E-06,1.89711E-03
-1.1156E-06,1.95570E-03
-1.1152E-06,1.99477E-03
-1.1148E-06,2.11195E-03
-1.1144E-06,2.09242E-03
-1.1140E-06,2.11195E-03
-1.1136E-06,2.19008E-03
-1.1132E-06,2.24867E-03
-1.1128E-06,2.26820E-03
-1.1124E-06,2.30727E-03
-1.1120E-06,2.24867E-03
-1.1116E-06,2.30727E-03
-1.1112E-06,2.32680E-03
-1.1108E-06,2.38539E-03
-1.1104E-06,2.36586E-03
-1.1100E-06,2.40492E-03
-1.1096E-06,2.34633E-03
-1.1092E-06,2.38539E-03
-1.1088E-06,2.40492E-03
-1.1084E-06,2.48305E-03
-1.1080E-06,2.50258E-03
-1.1076E-06,2.50258E-03
-1.1072E-06,2.52211E-03
-1.1068E-06,2.60023E-03
-1.1064E-06,2.54164E-03
-1.1060E-06,2.60023E-03
-1.1056E-06,2.58070E-03
-1.1052E-06,2.58070E-03
-1.1048E-06,2.61977E-03
-1.1044E-06,2.60023E-03
-1.1040E-06,2.60023E-03
-1.1036E-06,2.65883E-03
-1.1032E-06,2.60023E-03
-1.1028E-06,2.65883E-03
-1.1024E-06,2.67836E-03
-1.1020E-06,2.69789E-03
-1.1016E-06,2.73695E-03
-1.1012E-06,2.69789E-03
-1.1008E-06,2.67836E-03
-1.1004E-06,2.73695E-03
-1.1000E-06,2.75648E-03
-1.0996E-06,2.75648E-03
-1.0992E-06,2.73695E-03
-1.0988E-06,2.79555E-03
-1.0984E-06,2.81508E-03
-1.0980E-06,2.69789E-03
-1.0976E-06,2.73695E-03
-1.0972E-06,2.77602E-03
-1.0968E-06,2.87367E-03
-1.0964E-06,2.81508E-03
-1.0960E-06,2.81508E-03
-1.0956E-06,2.81508E-03
-1.0952E-06,2.81508E-03
-1.0948E-06,2.79555E-03
-1.0944E-06,2.79555E-03
-1.0940E-06,2.91273E-03
-1.0936E-06,2.83461E-03
-1.0932E-06,2.95180E-03
-1.0928E-06,2.81508E-03
-1.0924E-06,2.87367E-03
-1.0920E-06,2.87367E-03
-1.0916E-06,2.89320E-03
-1.0912E-06,2.87367E-03
-1.0908E-06,2.89320E-03
-1.0904E-06,2.89320E-03
-1.0900E-06,2.91273E-03
-1.0896E-06,2.91273E-03
-1.0892E-06,2.97133E-03
-1.0888E-06,2.91273E-03
-1.0884E-06,2.93227E-03
-1.0880E-06,2.91273E-03
-1.0876E-06,2.91273E-03
-1.0872E-06,2.91273E-03
-1.0868E-06,2.91273E-03
-1.0864E-06,2.93227E-03
-1.0860E-06,2.91273E-03
-1.0856E-06,2.99086E-03
-1.0852E-06,2.97133E-03
-1.0848E-06,2.89320E-03
-1.0844E-06,2.93227E-03
-1.0840E-06,2.91273E-03
-1.0836E-06,3.01039E-03
-1.0832E-06,2.89320E-03
-1.0828E-06,3.01039E-03
-1.0824E-06,3.06898E-03
-1.0820E-06,2.99086E-03
-1.0816E-06,2.91273E-03
-1.0812E-06,2.99086E-03
-1.0808E-06,2.97133E-03
-1.0804E-06,2.99086E-03
-1.0800E-06,2.97133E-03
-1.0796E-06,3.06898E-03
-1.0792E-06,3.02992E-03
-1.0788E-06,2.95180E-03
-1.0784E-06,2.99086E-03
-1.0780E-06,2.97133E-03
-1.0776E-06,2.95180E-03
-1.0772E-06,3.02992E-03
-1.0768E-06,2.95180E-03
-1.0764E-06,2.95180E-03
-1.0760E-06,2.99086E-03
-1.0756E-06,2.95180E-03
-1.0752E-06,2.91273E-03
-1.0748E-06,2.83461E-03
-1.0744E-06,2.65883E-03
-1.0740E-06,2.58070E-03
-1.0736E-06,2.30727E-03
-1.0732E-06,2.17055E-03
-1.0728E-06,1.89711E-03
-1.0724E-06,1.58461E-03
-1.0720E-06,1.36977E-03
-1.0716E-06,1.13539E-03
-1.0712E-06,1.03773E-03
-1.0708E-06,1.01820E-03
-1.0704E-06,8.81484E-04
-1.0700E-06,8.61953E-04
-1.0696E-06,7.25234E-04
-1.0692E-06,6.27578E-04
-1.0688E-06,5.68984E-04
-1.0684E-06,4.90859E-04
-1.0680E-06,5.10391E-04
-1.0676E-06,5.10391E-04
-1.0672E-06,4.32266E-04
-1.0668E-06,5.10391E-04
-1.0664E-06,5.68984E-04
-1.0660E-06,6.27578E-04
-1.0656E-06,5.49453E-04
-1.0652E-06,7.25234E-04
-1.0648E-06,7.64297E-04
-1.0644E-06,8.81484E-04
-1.0640E-06,8.42422E-04
-1.0636E-06,8.03359E-04
-1.0632E-06,8.42422E-04
-1.0628E-06,7.44766E-04
-1.0624E-06,7.83828E-04
-1.0620E-06,8.42422E-04
-1.0616E-06,8.42422E-04
-1.0612E-06,9.40078E-04
-1.0608E-06,9.40078E-04
-1.0604E-06,9.98672E-04
-1.0600E-06,1.05727E-03
-1.0596E-06,9.59609E-04
-1.0592E-06,9.40078E-04
-1.0588E-06,9.98672E-04
-1.0584E-06,9.59609E-04
-1.0580E-06,1.01820E-03
-1.0576E-06,1.05727E-03
-1.0572E-06,1.15492E-03
-1.0568E-06,1.15492E-03
-1.0564E-06,1.19398E-03
-1.0560E-06,1.27211E-03
-1.0556E-06,1.40883E-03
-1.0552E-06,1.42836E-03
-1.0548E-06,1.50648E-03
-1.0544E-06,1.46742E-03
-1.0540E-06,1.52602E-03
-1.0536E-06,1.60414E-03
-1.0532E-06,1.60414E-03
-1.0528E-06,1.64320E-03
-1.0524E-06,1.72133E-03
-1.0520E-06,1.74086E-03
-1.0516E-06,1.79945E-03
-1.0512E-06,1.76039E-03
-1.0508E-06,1.81898E-03
-1.0504E-06,1.85805E-03
-1.0500E-06,1.89711E-03
-1.0496E-06,1.87758E-03
-1.0492E-06,1.95570E-03
-1.0488E-06,1.99477E-03
-1.0484E-06,1.99477E-03
-1.0480E-06,1.99477E-03
-1.0476E-06,2.13148E-03
-1.0472E-06,2.09242E-03
-1.0468E-06,2.17055E-03
-1.0464E-06,2.28773E-03
-1.0460E-06,2.22914E-03
-1.0456E-06,2.26820E-03
-1.0452E-06,2.26820E-03
-1.0448E-06,2.30727E-03
-1.0444E-06,2.40492E-03
-1.0440E-06,2.28773E-03
-1.0436E-06,2.38539E-03
-1.0432E-06,2.38539E-03
-1.0428E-06,2.44398E-03
-1.0424E-06,2.42445E-03
-1.0420E-06,2.46352E-03
-1.0416E-06,2.52211E-03
-1.0412E-06,2.60023E-03
-1.0408E-06,2.56117E-03
-1.0404E-06,2.50258E-03
-1.0400E-06,2.48305E-03
-1.0396E-06,2.50258E-03
-1.0392E-06,2.46352E-03
-1.0388E-06,2.36586E-03
-1.0384E-06,2.34633E-03
-1.0380E-06,2.32680E-03
-1.0376E-06,2.30727E-03
-1.0372E-06,2.28773E-03
-1.0368E-06,2.32680E-03
-1.0364E-06,2.36586E-03
-1.0360E-06,2.38539E-03
-1.0356E-06,2.30727E-03
-1.0352E-06,2.30727E-03
-1.0348E-06,2.30727E-03
-1.0344E-06,2.34633E-03
-1.0340E-06,2.38539E-03
-1.0336E-06,2.28773E-03
-1.0332E-06,2.36586E-03
-1.0328E-06,2.30727E-03
-1.0324E-06,2.38539E-03
-1.0320E-06,2.42445E-03
-1.0316E-06,2.42445E-03
-1.0312E-06,2.32680E-03
-1.0308E-06,2.38539E-03
-1.0304E-06,2.36586E-03
-1.0300E-06,2.46352E-03
-1.0296E-06,2.44398E-03
-1.0292E-06,2.48305E-03
-1.0288E-06,2.36586E-03
-1.0284E-06,2.44398E-03
-1.0280E-06,2.50258E-03
-1.0276E-06,2.44398E-03
-1.0272E-06,2.44398E-03
-1.0268E-06,2.42445E-03
-1.0264E-06,2.52211E-03
-1.0260E-06,2.40492E-03
-1.0256E-06,2.48305E-03
-1.0252E-06,2.50258E-03
-1.0248E-06,2.46352E-03
-1.0244E-06,2.48305E-03
-1.0240E-06,2.44398E-03
-1.0236E-06,2.50258E-03
-1.0232E-06,2.52211E-03
-1.0228E-06,2.56117E-03
-1.0224E-06,2.50258E-03
-1.0220E-06,2.58070E-03
-1.0216E-06,2.60023E-03
-1.0212E-06,2.56117E-03
-1.0208E-06,2.58070E-03
-1.0204E-06,2.60023E-03
-1.0200E-06,2.65883E-03
-1.0196E-06,2.60023E-03
-1.0192E-06,2.63930E-03
-1.0188E-06,2.63930E-03
-1.0184E-06,2.63930E-03
-1.0180E-06,2.65883E-03
-1.0176E-06,2.65883E-03
-1.0172E-06,2.73695E-03
-1.0168E-06,2.75648E-03
-1.0164E-06,2.73695E-03
-1.0160E-06,2.65883E-03
-1.0156E-06,2.75648E-03
-1.0152E-06,2.71742E-03
-1.0148E-06,2.73695E-03
-1.0144E-06,2.65883E-03
-1.0140E-06,2.75648E-03
-1.0136E-06,2.73695E-03
-1.0132E-06,2.79555E-03
-1.0128E-06,2.69789E-03
-1.0124E-06,2.75648E-03
-1.0120E-06,2.75648E-03
-1.0116E-06,2.77602E-03
-1.0112E-06,2.73695E-03
-1.0108E-06,2.77602E-03
-1.0104E-06,2.81508E-03
-1.0100E-06,2.79555E-03
-1.0096E-06,2.71742E-03
-1.0092E-06,2.75648E-03
-1.0088E-06,2.73695E-03
-1.0084E-06,2.75648E-03
-1.0080E-06,2.73695E-03
-1.0076E-06,2.69789E-03
-1.0072E-06,2.67836E-03
-1.0068E-06,2.65883E-03
-1.0064E-06,2.52211E-03
-1.0060E-06,2.34633E-03
-1.0056E-06,2.24867E-03
-1.0052E-06,2.05336E-03
-1.0048E-06,1.81898E-03
-1.0044E-06,1.56508E-03
-1.0040E-06,1.35023E-03
-1.0036E-06,1.23305E-03
-1.0032E-06,1.09633E-03
-1.0028E-06,1.13539E-03
-1.0024E-06,1.09633E-03
-1.0020E-06,1.07680E-03
-1.0016E-06,9.40078E-04
-1.0012E-06,9.98672E-04
-1.0008E-06,8.81484E-04
-1.0004E-06,8.81484E-04
-1.0000E-06,7.44766E-04
-9.9960E-07,7.44766E-04
-9.9920E-07,7.44766E-04
-9.9880E-07,6.66641E-04
-9.9840E-07,5.49453E-04
-9.9800E-07,3.93203E-04
-9.9760E-07,1.58828E-04
-9.9720E-07,-1.53672E-04
-9.9680E-07,-5.63828E-04
-9.9640E-07,-8.95859E-04
-9.9600E-07,-1.40367E-03
-9.9560E-07,-1.91148E-03
-9.9520E-07,-2.24352E-03
-9.9480E-07,-2.47789E-03
-9.9440E-07,-2.55602E-03
-9.9400E-07,-2.67320E-03
-9.9360E-07,-2.90758E-03
-9.9320E-07,-3.08336E-03
-9.9280E-07,-3.25914E-03
-9.9240E-07,-3.41539E-03
-9.9200E-07,-3.57164E-03
-9.9160E-07,-3.59117E-03
-9.9120E-07,-3.63023E-03
-9.9080E-07,-3.63023E-03
-9.9040E-07,-3.63023E-03
-9.9000E-07,-3.55211E-03
-9.8960E-07,-3.39586E-03
-9.8920E-07,-3.16148E-03
-9.8880E-07,-3.06383E-03
-9.8840E-07,-2.92711E-03
-9.8800E-07,-2.77086E-03
-9.8760E-07,-2.67320E-03
-9.8720E-07,-2.67320E-03
-9.8680E-07,-2.65367E-03
-9.8640E-07,-2.61461E-03
-9.8600E-07,-2.61461E-03
-9.8560E-07,-2.45836E-03
-9.8520E-07,-2.39977E-03
-9.8480E-07,-2.36070E-03
-9.8440E-07,-2.36070E-03
-9.8400E-07,-2.45836E-03
-9.8360E-07,-2.45836E-03
-9.8320E-07,-2.53648E-03
-9.8280E-07,-2.57555E-03
-9.8240E-07,-2.53648E-03
-9.8200E-07,-2.47789E-03
-9.8160E-07,-2.30211E-03
-9.8120E-07,-2.32164E-03
-9.8080E-07,-2.16539E-03
-9.8040E-07,-2.00914E-03
-9.8000E-07,-1.97008E-03
-9.7960E-07,-1.85289E-03
-9.7920E-07,-1.65758E-03
-9.7880E-07,-1.54039E-03
-9.7840E-07,-1.44273E-03
-9.7800E-07,-1.26695E-03
-9.7760E-07,-1.32555E-03
-9.7720E-07,-1.13023E-03
-9.7680E-07,-9.73984E-04
-9.7640E-07,-8.37266E-04
-9.7600E-07,-6.81016E-04
-9.7560E-07,-5.63828E-04
-9.7520E-07,-4.27109E-04
-9.7480E-07,-3.29453E-04
-9.7440E-07,-2.70859E-04
-9.7400E-07,-1.92734E-04
-9.7360E-07,-1.92734E-04
-9.7320E-07,2.21094E-05
-9.7280E-07,-3.64844E-05
-9.7240E-07,6.11719E-05
-9.7200E-07,1.39297E-04
-9.7160E-07,2.36953E-04
-9.7120E-07,2.95547E-04
-9.7080E-07,4.12734E-04
-9.7040E-07,5.29922E-04
-9.7000E-07,5.49453E-04
-9.6960E-07,5.88516E-04
-9.6920E-07,5.68984E-04
-9.6880E-07,5.10391E-04
-9.6840E-07,4.51797E-04
-9.6800E-07,2.95547E-04
-9.6760E-07,1.78359E-04
-9.6720E-07,-7.55469E-05
-9.6680E-07,-3.29453E-04
-9.6640E-07,-6.41953E-04
-9.6600E-07,-8.17734E-04
-9.6560E-07,-9.15391E-04
-9.6520E-07,-1.07164E-03
-9.6480E-07,-1.26695E-03
-9.6440E-07,-1.38414E-03
-9.6400E-07,-1.61852E-03
-9.6360E-07,-1.91148E-03
-9.6320E-07,-2.24352E-03
-9.6280E-07,-2.53648E-03
-9.6240E-07,-2.79039E-03
-9.6200E-07,-2.88805E-03
-9.6160E-07,-2.98570E-03
-9.6120E-07,-2.90758E-03
-9.6080E-07,-3.00523E-03
-9.6040E-07,-2.92711E-03
-9.6000E-07,-2.96617E-03
-9.5960E-07,-2.84898E-03
-9.5920E-07,-2.82945E-03
-9.5880E-07,-2.77086E-03
-9.5840E-07,-2.73180E-03
-9.5800E-07,-2.67320E-03
-9.5760E-07,-2.65367E-03
-9.5720E-07,-2.65367E-03
-9.5680E-07,-2.49742E-03
-9.5640E-07,-2.41930E-03
-9.5600E-07,-2.22398E-03
-9.5560E-07,-2.12633E-03
-9.5520E-07,-2.06773E-03
-9.5480E-07,-1.95055E-03
-9.5440E-07,-1.87242E-03
-9.5400E-07,-1.87242E-03
-9.5360E-07,-1.85289E-03
-9.5320E-07,-1.75523E-03
-9.5280E-07,-1.75523E-03
-9.5240E-07,-1.61852E-03
-9.5200E-07,-1.54039E-03
-9.5160E-07,-1.38414E-03
-9.5120E-07,-1.32555E-03
-9.5080E-07,-1.26695E-03
-9.5040E-07,-1.20836E-03
-9.5000E-07,-1.18883E-03
-9.4960E-07,-1.18883E-03
-9.4920E-07,-1.26695E-03
-9.4880E-07,-1.40367E-03
-9.4840E-07,-1.65758E-03
-9.4800E-07,-1.81383E-03
-9.4760E-07,-1.91148E-03
-9.4720E-07,-1.97008E-03
-9.4680E-07,-2.02867E-03
-9.4640E-07,-1.95055E-03
-9.4600E-07,-2.00914E-03
-9.4560E-07,-2.20445E-03
-9.4520E-07,-2.30211E-03
-9.4480E-07,-2.61461E-03
-9.4440E-07,-2.90758E-03
-9.4400E-07,-3.12242E-03
-9.4360E-07,-3.45445E-03
-9.4320E-07,-3.72789E-03
-9.4280E-07,-4.02086E-03
-9.4240E-07,-4.45055E-03
-9.4200E-07,-4.56773E-03
-9.4160E-07,-4.74352E-03
-9.4120E-07,-4.70445E-03
-9.4080E-07,-4.68492E-03
-9.4040E-07,-4.58727E-03
-9.4000E-07,-4.78258E-03
-9.3960E-07,-4.82164E-03
-9.3920E-07,-4.91930E-03
-9.3880E-07,-4.86070E-03
-9.3840E-07,-4.76305E-03
-9.3800E-07,-4.70445E-03
-9.3760E-07,-4.50914E-03
-9.3720E-07,-4.35289E-03
-9.3680E-07,-4.23570E-03
-9.3640E-07,-4.00133E-03
-9.3600E-07,-3.82555E-03
-9.3560E-07,-3.64977E-03
-9.3520E-07,-3.51305E-03
-9.3480E-07,-3.33727E-03
-9.3440E-07,-3.25914E-03
-9.3400E-07,-3.20055E-03
-9.3360E-07,-3.14195E-03
-9.3320E-07,-3.06383E-03
-9.3280E-07,-2.90758E-03
-9.3240E-07,-2.71227E-03
-9.3200E-07,-2.57555E-03
-9.3160E-07,-2.41930E-03
-9.3120E-07,-2.28258E-03
-9.3080E-07,-2.18492E-03
-9.3040E-07,-2.10680E-03
-9.3000E-07,-2.08727E-03
-9.2960E-07,-2.04820E-03
-9.2920E-07,-1.98961E-03
-9.2880E-07,-1.95055E-03
-9.2840E-07,-1.91148E-03
-9.2800E-07,-1.91148E-03
-9.2760E-07,-1.77477E-03
-9.2720E-07,-1.73570E-03
-9.2680E-07,-1.57945E-03
-9.2640E-07,-1.46227E-03
-9.2600E-07,-1.30602E-03
-9.2560E-07,-1.11070E-03
-9.2520E-07,-1.01305E-03
-9.2480E-07,-1.03258E-03
-9.2440E-07,-9.15391E-04
-9.2400E-07,-9.15391E-04
-9.2360E-07,-7.59141E-04
-9.2320E-07,-6.02891E-04
-9.2280E-07,-4.85703E-04
-9.2240E-07,-4.85703E-04
-9.2200E-07,-3.68516E-04
-9.2160E-07,-2.31797E-04
-9.2120E-07,-1.14609E-04
-9.2080E-07,-5.60156E-05
-9.2040E-07,-1.69531E-05
-9.2000E-07,1.00234E-04
-9.1960E-07,8.07031E-05
-9.1920E-07,-5.60156E-05
-9.1880E-07,-2.12266E-04
-9.1840E-07,-4.46641E-04
-9.1800E-07,-7.00547E-04
-9.1760E-07,-1.03258E-03
-9.1720E-07,-1.44273E-03
-9.1680E-07,-1.98961E-03
-9.1640E-07,-2.41930E-03
-9.1600E-07,-2.82945E-03
-9.1560E-07,-3.23961E-03
-9.1520E-07,-3.64977E-03
-9.1480E-07,-3.94273E-03
-9.1440E-07,-4.17711E-03
-9.1400E-07,-4.27477E-03
-9.1360E-07,-4.39195E-03
-9.1320E-07,-4.48961E-03
-9.1280E-07,-4.62633E-03
-9.1240E-07,-4.68492E-03
-9.1200E-07,-4.68492E-03
-9.1160E-07,-4.60680E-03
-9.1120E-07,-4.48961E-03
-9.1080E-07,-4.39195E-03
-9.1040E-07,-4.29430E-03
-9.1000E-07,-4.11852E-03
-9.0960E-07,-3.84508E-03
-9.0920E-07,-3.68883E-03
-9.0880E-07,-3.57164E-03
-9.0840E-07,-3.31773E-03
-9.0800E-07,-3.25914E-03
-9.0760E-07,-3.08336E-03
-9.0720E-07,-3.00523E-03
-9.0680E-07,-2.92711E-03
-9.0640E-07,-2.84898E-03
-9.0600E-07,-2.79039E-03
-9.0560E-07,-2.77086E-03
-9.0520E-07,-2.61461E-03
-9.0480E-07,-2.49742E-03
-9.0440E-07,-2.39977E-03
-9.0400E-07,-2.34117E-03
-9.0360E-07,-2.26305E-03
-9.0320E-07,-2.28258E-03
-9.0280E-07,-2.22398E-03
-9.0240E-07,-2.34117E-03
-9.0200E-07,-2.34117E-03
-9.0160E-07,-2.61461E-03
-9.0120E-07,-2.77086E-03
-9.0080E-07,-3.06383E-03
-9.0040E-07,-3.35680E-03
-9.0000E-07,-3.57164E-03
-8.9960E-07,-3.82555E-03
-8.9920E-07,-4.15758E-03
-8.9880E-07,-4.33336E-03
-8.9840E-07,-4.35289E-03
-8.9800E-07,-4.35289E-03
-8.9760E-07,-4.35289E-03
-8.9720E-07,-4.35289E-03
-8.9680E-07,-4.37242E-03
-8.9640E-07,-4.41148E-03
-8.9600E-07,-4.33336E-03
-8.9560E-07,-4.35289E-03
-8.9520E-07,-4.21617E-03
-8.9480E-07,-4.13805E-03
-8.9440E-07,-4.09898E-03
-8.9400E-07,-3.92320E-03
-8.9360E-07,-3.86461E-03
-8.9320E-07,-3.90367E-03
-8.9280E-07,-4.04039E-03
-8.9240E-07,-4.19664E-03
-8.9200E-07,-4.41148E-03
-8.9160E-07,-4.68492E-03
-8.9120E-07,-4.99742E-03
-8.9080E-07,-5.23180E-03
-8.9040E-07,-5.44664E-03
-8.9000E-07,-5.54430E-03
-8.8960E-07,-5.52477E-03
-8.8920E-07,-5.36852E-03
-8.8880E-07,-5.48570E-03
-8.8840E-07,-5.30992E-03
-8.8800E-07,-5.48570E-03
-8.8760E-07,-5.46617E-03
-8.8720E-07,-5.44664E-03
-8.8680E-07,-5.50523E-03
-8.8640E-07,-5.48570E-03
-8.8600E-07,-5.52477E-03
-8.8560E-07,-5.52477E-03
-8.8520E-07,-5.50523E-03
-8.8480E-07,-5.46617E-03
-8.8440E-07,-5.48570E-03
-8.8400E-07,-5.34898E-03
-8.8360E-07,-5.19273E-03
-8.8320E-07,-5.05602E-03
-8.8280E-07,-4.91930E-03
-8.8240E-07,-4.82164E-03
-8.8200E-07,-4.80211E-03
-8.8160E-07,-4.78258E-03
-8.8120E-07,-4.70445E-03
-8.8080E-07,-4.52867E-03
-8.8040E-07,-4.41148E-03
-8.8000E-07,-4.27477E-03
-8.7960E-07,-4.07945E-03
-8.7920E-07,-3.96227E-03
-8.7880E-07,-3.88414E-03
-8.7840E-07,-3.90367E-03
-8.7800E-07,-3.90367E-03
-8.7760E-07,-3.96227E-03
-8.7720E-07,-4.13805E-03
-8.7680E-07,-4.27477E-03
-8.7640E-07,-4.43102E-03
-8.7600E-07,-4.68492E-03
-8.7560E-07,-4.78258E-03
-8.7520E-07,-4.91930E-03
-8.7480E-07,-4.86070E-03
-8.7440E-07,-4.80211E-03
-8.7400E-07,-4.66539E-03
-8.7360E-07,-4.68492E-03
-8.7320E-07,-4.60680E-03
-8.7280E-07,-4.58727E-03
-8.7240E-07,-4.56773E-03
-8.7200E-07,-4.50914E-03
-8.7160E-07,-4.45055E-03
-8.7120E-07,-4.29430E-03
-8.7080E-07,-4.07945E-03
-8.7040E-07,-4.02086E-03
-8.7000E-07,-3.76695E-03
-8.6960E-07,-3.57164E-03
-8.6920E-07,-3.29820E-03
-8.6880E-07,-3.25914E-03
-8.6840E-07,-3.00523E-03
-8.6800E-07,-2.88805E-03
-8.6760E-07,-2.84898E-03
-8.6720E-07,-2.84898E-03
-8.6680E-07,-2.92711E-03
-8.6640E-07,-3.04430E-03
-8.6600E-07,-3.08336E-03
-8.6560E-07,-3.16148E-03
-8.6520E-07,-3.14195E-03
-8.6480E-07,-3.27867E-03
-8.6440E-07,-3.27867E-03
-8.6400E-07,-3.23961E-03
-8.6360E-07,-3.16148E-03
-8.6320E-07,-3.16148E-03
-8.6280E-07,-3.08336E-03
-8.6240E-07,-3.12242E-03
-8.6200E-07,-3.02477E-03
-8.6160E-07,-3.00523E-03
-8.6120E-07,-2.96617E-03
-8.6080E-07,-2.82945E-03
-8.6040E-07,-2.65367E-03
-8.6000E-07,-2.57555E-03
-8.5960E-07,-2.34117E-03
-8.5920E-07,-2.20445E-03
-8.5880E-07,-1.98961E-03
-8.5840E-07,-1.85289E-03
-8.5800E-07,-1.71617E-03
-8.5760E-07,-1.61852E-03
-8.5720E-07,-1.48180E-03
-8.5680E-07,-1.42320E-03
-8.5640E-07,-1.40367E-03
-8.5600E-07,-1.40367E-03
-8.5560E-07,-1.36461E-03
-8.5520E-07,-1.38414E-03
-8.5480E-07,-1.30602E-03
-8.5440E-07,-1.38414E-03
-8.5400E-07,-1.46227E-03
-8.5360E-07,-1.52086E-03
-8.5320E-07,-1.63805E-03
-8.5280E-07,-1.77477E-03
-8.5240E-07,-1.77477E-03
-8.5200E-07,-1.85289E-03
-8.5160E-07,-1.81383E-03
-8.5120E-07,-1.77477E-03
-8.5080E-07,-1.69664E-03
-8.5040E-07,-1.57945E-03
-8.5000E-07,-1.63805E-03
-8.4960E-07,-1.44273E-03
-8.4920E-07,-1.40367E-03
-8.4880E-07,-1.30602E-03
-8.4840E-07,-1.20836E-03
-8.4800E-07,-1.24742E-03
-8.4760E-07,-1.03258E-03
-8.4720E-07,-9.93516E-04
-8.4680E-07,-8.56797E-04
-8.4640E-07,-7.59141E-04
-8.4600E-07,-6.22422E-04
-8.4560E-07,-5.44297E-04
-8.4520E-07,-3.09922E-04
-8.4480E-07,-3.48984E-04
-8.4440E-07,-2.31797E-04
-8.4400E-07,-2.12266E-04
-8.4360E-07,-1.53672E-04
-8.4320E-07,-1.73203E-04
-8.4280E-07,-3.64844E-05
-8.4240E-07,2.21094E-05
-8.4200E-07,1.58828E-04
-8.4160E-07,1.58828E-04
-8.4120E-07,2.36953E-04
-8.4080E-07,2.56484E-04
-8.4040E-07,3.15078E-04
-8.4000E-07,3.54141E-04
-8.3960E-07,3.93203E-04
-8.3920E-07,3.54141E-04
-8.3880E-07,3.93203E-04
-8.3840E-07,3.15078E-04
-8.3800E-07,2.95547E-04
-8.3760E-07,1.00234E-04
-8.3720E-07,-1.69531E-05
-8.3680E-07,-2.12266E-04
-8.3640E-07,-4.07578E-04
-8.3600E-07,-4.66172E-04
-8.3560E-07,-6.81016E-04
-8.3520E-07,-8.17734E-04
-8.3480E-07,-8.95859E-04
-8.3440E-07,-9.54453E-04
-8.3400E-07,-9.73984E-04
-8.3360E-07,-9.34922E-04
-8.3320E-07,-9.54453E-04
-8.3280E-07,-1.01305E-03
-8.3240E-07,-9.73984E-04
-8.3200E-07,-9.54453E-04
-8.3160E-07,-8.95859E-04
-8.3120E-07,-8.56797E-04
-8.3080E-07,-7.59141E-04
-8.3040E-07,-8.17734E-04
-8.3000E-07,-6.41953E-04
-8.2960E-07,-5.44297E-04
-8.2920E-07,-4.27109E-04
-8.2880E-07,-3.68516E-04
-8.2840E-07,-3.68516E-04
-8.2800E-07,-2.70859E-04
-8.2760E-07,-2.51328E-04
-8.2720E-07,-2.31797E-04
-8.2680E-07,-2.12266E-04
-8.2640E-07,-2.31797E-04
-8.2600E-07,-4.07578E-04
-8.2560E-07,-4.46641E-04
-8.2520E-07,-5.44297E-04
-8.2480E-07,-7.78672E-04
-8.2440E-07,-9.34922E-04
-8.2400E-07,-1.32555E-03
-8.2360E-07,-1.61852E-03
-8.2320E-07,-1.89195E-03
-8.2280E-07,-2.14586E-03
-8.2240E-07,-2.34117E-03
-8.2200E-07,-2.55602E-03
-8.2160E-07,-2.82945E-03
-8.2120E-07,-3.00523E-03
-8.2080E-07,-3.29820E-03
-8.2040E-07,-3.41539E-03
-8.2000E-07,-3.55211E-03
-8.1960E-07,-3.66930E-03
-8.1920E-07,-3.84508E-03
-8.1880E-07,-4.02086E-03
-8.1840E-07,-4.23570E-03
-8.1800E-07,-4.39195E-03
-8.1760E-07,-4.68492E-03
-8.1720E-07,-4.78258E-03
-8.1680E-07,-4.88023E-03
-8.1640E-07,-4.91930E-03
-8.1600E-07,-4.89977E-03
-8.1560E-07,-4.72398E-03
-8.1520E-07,-4.64586E-03
-8.1480E-07,-4.66539E-03
-8.1440E-07,-4.62633E-03
-8.1400E-07,-4.54820E-03
-8.1360E-07,-4.54820E-03
-8.1320E-07,-4.35289E-03
-8.1280E-07,-4.35289E-03
-8.1240E-07,-4.21617E-03
-8.1200E-07,-4.13805E-03
-8.1160E-07,-3.98180E-03
-8.1120E-07,-3.86461E-03
-8.1080E-07,-3.59117E-03
-8.1040E-07,-3.47398E-03
-8.1000E-07,-3.23961E-03
-8.0960E-07,-3.20055E-03
-8.0920E-07,-3.08336E-03
-8.0880E-07,-2.92711E-03
-8.0840E-07,-2.82945E-03
-8.0800E-07,-2.77086E-03
-8.0760E-07,-2.63414E-03
-8.0720E-07,-2.53648E-03
-8.0680E-07,-2.34117E-03
-8.0640E-07,-2.26305E-03
-8.0600E-07,-2.06773E-03
-8.0560E-07,-1.95055E-03
-8.0520E-07,-1.77477E-03
-8.0480E-07,-1.67711E-03
-8.0440E-07,-1.48180E-03
-8.0400E-07,-1.40367E-03
-8.0360E-07,-1.30602E-03
-8.0320E-07,-1.20836E-03
-8.0280E-07,-1.05211E-03
-8.0240E-07,-9.54453E-04
-8.0200E-07,-7.59141E-04
-8.0160E-07,-5.83359E-04
-8.0120E-07,-5.05234E-04
-8.0080E-07,-4.66172E-04
-8.0040E-07,-2.51328E-04
-8.0000E-07,-2.12266E-04
-7.9960E-07,-1.73203E-04
-7.9920E-07,-1.73203E-04
-7.9880E-07,-1.34141E-04
-7.9840E-07,-1.73203E-04
-7.9800E-07,-3.64844E-05
-7.9760E-07,8.07031E-05
-7.9720E-07,1.58828E-04
-7.9680E-07,1.78359E-04
-7.9640E-07,2.95547E-04
-7.9600E-07,3.73672E-04
-7.9560E-07,4.71328E-04
-7.9520E-07,5.29922E-04
-7.9480E-07,5.88516E-04
-7.9440E-07,5.88516E-04
-7.9400E-07,6.08047E-04
-7.9360E-07,6.47109E-04
-7.9320E-07,7.25234E-04
-7.9280E-07,7.44766E-04
-7.9240E-07,9.01016E-04
-7.9200E-07,8.81484E-04
-7.9160E-07,1.03773E-03
-7.9120E-07,1.07680E-03
-7.9080E-07,1.17445E-03
-7.9040E-07,1.23305E-03
-7.9000E-07,1.27211E-03
-7.8960E-07,1.27211E-03
-7.8920E-07,1.27211E-03
-7.8880E-07,1.29164E-03
-7.8840E-07,1.42836E-03
-7.8800E-07,1.44789E-03
-7.8760E-07,1.44789E-03
-7.8720E-07,1.46742E-03
-7.8680E-07,1.52602E-03
-7.8640E-07,1.50648E-03
-7.8600E-07,1.50648E-03
-7.8560E-07,1.33070E-03
-7.8520E-07,1.31117E-03
-7.8480E-07,1.09633E-03
-7.8440E-07,9.40078E-04
-7.8400E-07,6.08047E-04
-7.8360E-07,4.12734E-04
-7.8320E-07,4.16406E-05
-7.8280E-07,-3.29453E-04
-7.8240E-07,-6.22422E-04
-7.8200E-07,-9.15391E-04
-7.8160E-07,-1.18883E-03
-7.8120E-07,-1.67711E-03
-7.8080E-07,-2.02867E-03
-7.8040E-07,-2.36070E-03
-7.8000E-07,-2.75133E-03
-7.7960E-07,-3.02477E-03
-7.7920E-07,-3.27867E-03
-7.7880E-07,-3.53258E-03
-7.7840E-07,-3.90367E-03
-7.7800E-07,-4.13805E-03
-7.7760E-07,-4.50914E-03
-7.7720E-07,-4.66539E-03
-7.7680E-07,-4.95836E-03
-7.7640E-07,-5.03648E-03
-7.7600E-07,-5.13414E-03
-7.7560E-07,-5.13414E-03
-7.7520E-07,-5.09508E-03
-7.7480E-07,-5.05602E-03
-7.7440E-07,-5.13414E-03
-7.7400E-07,-4.99742E-03
-7.7360E-07,-4.99742E-03
-7.7320E-07,-4.82164E-03
-7.7280E-07,-4.80211E-03
-7.7240E-07,-4.66539E-03
-7.7200E-07,-4.58727E-03
-7.7160E-07,-4.56773E-03
-7.7120E-07,-4.56773E-03
-7.7080E-07,-4.50914E-03
-7.7040E-07,-4.62633E-03
-7.7000E-07,-4.64586E-03
-7.6960E-07,-4.78258E-03
-7.6920E-07,-4.91930E-03
-7.6880E-07,-5.25133E-03
-7.6840E-07,-5.42711E-03
-7.6800E-07,-5.56383E-03
-7.6760E-07,-5.60289E-03
-7.6720E-07,-5.56383E-03
-7.6680E-07,-5.42711E-03
-7.6640E-07,-5.40758E-03
-7.6600E-07,-5.34898E-03
-7.6560E-07,-5.27086E-03
-7.6520E-07,-5.17320E-03
-7.6480E-07,-5.13414E-03
-7.6440E-07,-4.93883E-03
-7.6400E-07,-4.89977E-03
-7.6360E-07,-4.64586E-03
-7.6320E-07,-4.48961E-03
-7.6280E-07,-4.31383E-03
-7.6240E-07,-4.05992E-03
-7.6200E-07,-3.86461E-03
-7.6160E-07,-3.63023E-03
-7.6120E-07,-3.39586E-03
-7.6080E-07,-3.14195E-03
-7.6040E-07,-2.96617E-03
-7.6000E-07,-2.90758E-03
-7.5960E-07,-2.84898E-03
-7.5920E-07,-2.73180E-03
-7.5880E-07,-2.57555E-03
-7.5840E-07,-2.49742E-03
-7.5800E-07,-2.34117E-03
-7.5760E-07,-2.20445E-03
-7.5720E-07,-2.04820E-03
-7.5680E-07,-2.00914E-03
-7.5640E-07,-1.79430E-03
-7.5600E-07,-1.69664E-03
-7.5560E-07,-1.61852E-03
-7.5520E-07,-1.50133E-03
-7.5480E-07,-1.36461E-03
-7.5440E-07,-1.38414E-03
-7.5400E-07,-1.16930E-03
-7.5360E-07,-1.14977E-03
-7.5320E-07,-9.73984E-04
-7.5280E-07,-8.17734E-04
-7.5240E-07,-6.41953E-04
-7.5200E-07,-5.24766E-04
-7.5160E-07,-4.85703E-04
-7.5120E-07,-4.85703E-04
-7.5080E-07,-5.44297E-04
-7.5040E-07,-5.63828E-04
-7.5000E-07,-7.39609E-04
-7.4960E-07,-7.78672E-04
-7.4920E-07,-8.76328E-04
-7.4880E-07,-9.73984E-04
-7.4840E-07,-9.73984E-04
-7.4800E-07,-9.93516E-04
-7.4760E-07,-8.95859E-04
-7.4720E-07,-9.73984E-04
-7.4680E-07,-1.01305E-03
-7.4640E-07,-9.54453E-04
-7.4600E-07,-1.05211E-03
-7.4560E-07,-1.05211E-03
-7.4520E-07,-9.93516E-04
-7.4480E-07,-9.93516E-04
-7.4440E-07,-9.15391E-04
-7.4400E-07,-8.37266E-04
-7.4360E-07,-6.81016E-04
-7.4320E-07,-6.61484E-04
-7.4280E-07,-4.85703E-04
-7.4240E-07,-4.46641E-04
-7.4200E-07,-2.90391E-04
-7.4160E-07,-2.31797E-04
-7.4120E-07,-1.92734E-04
-7.4080E-07,-2.12266E-04
-7.4040E-07,-2.12266E-04
-7.4000E-07,-2.51328E-04
-7.3960E-07,-3.09922E-04
-7.3920E-07,-5.24766E-04
-7.3880E-07,-5.83359E-04
-7.3840E-07,-8.37266E-04
-7.3800E-07,-1.03258E-03
-7.3760E-07,-1.24742E-03
-7.3720E-07,-1.48180E-03
-7.3680E-07,-1.69664E-03
-7.3640E-07,-1.69664E-03
-7.3600E-07,-1.77477E-03
-7.3560E-07,-1.79430E-03
-7.3520E-07,-1.89195E-03
-7.3480E-07,-1.91148E-03
-7.3440E-07,-1.98961E-03
-7.3400E-07,-1.97008E-03
-7.3360E-07,-1.98961E-03
-7.3320E-07,-1.91148E-03
-7.3280E-07,-1.95055E-03
-7.3240E-07,-1.93102E-03
-7.3200E-07,-1.93102E-03
-7.3160E-07,-1.83336E-03
-7.3120E-07,-1.83336E-03
-7.3080E-07,-1.83336E-03
-7.3040E-07,-1.95055E-03
-7.3000E-07,-2.00914E-03
-7.2960E-07,-2.08727E-03
-7.2920E-07,-2.26305E-03
-7.2880E-07,-2.45836E-03
-7.2840E-07,-2.59508E-03
-7.2800E-07,-2.90758E-03
-7.2760E-07,-2.98570E-03
-7.2720E-07,-3.06383E-03
-7.2680E-07,-3.12242E-03
-7.2640E-07,-3.22008E-03
-7.2600E-07,-3.35680E-03
-7.2560E-07,-3.59117E-03
-7.2520E-07,-3.51305E-03
-7.2480E-07,-3.70836E-03
-7.2440E-07,-3.66930E-03
-7.2400E-07,-3.70836E-03
-7.2360E-07,-3.68883E-03
-7.2320E-07,-3.63023E-03
-7.2280E-07,-3.51305E-03
-7.2240E-07,-3.47398E-03
-7.2200E-07,-3.39586E-03
-7.2160E-07,-3.31773E-03
-7.2120E-07,-3.23961E-03
-7.2080E-07,-3.00523E-03
-7.2040E-07,-2.92711E-03
-7.2000E-07,-2.84898E-03
-7.1960E-07,-2.75133E-03
-7.1920E-07,-2.69273E-03
-7.1880E-07,-2.65367E-03
-7.1840E-07,-2.51695E-03
-7.1800E-07,-2.41930E-03
-7.1760E-07,-2.32164E-03
-7.1720E-07,-2.26305E-03
-7.1680E-07,-2.20445E-03
-7.1640E-07,-2.18492E-03
-7.1600E-07,-2.22398E-03
-7.1560E-07,-2.26305E-03
-7.1520E-07,-2.30211E-03
-7.1480E-07,-2.39977E-03
-7.1440E-07,-2.59508E-03
-7.1400E-07,-2.80992E-03
-7.1360E-07,-2.90758E-03
-7.1320E-07,-3.04430E-03
-7.1280E-07,-3.14195E-03
-7.1240E-07,-3.23961E-03
-7.1200E-07,-3.43492E-03
-7.1160E-07,-3.51305E-03
-7.1120E-07,-3.64977E-03
-7.1080E-07,-3.86461E-03
-7.1040E-07,-4.07945E-03
-7.1000E-07,-4.35289E-03
-7.0960E-07,-4.48961E-03
-7.0920E-07,-4.54820E-03
-7.0880E-07,-4.58727E-03
-7.0840E-07,-4.48961E-03
-7.0800E-07,-4.47008E-03
-7.0760E-07,-4.35289E-03
-7.0720E-07,-4.25523E-03
-7.0680E-07,-4.17711E-03
-7.0640E-07,-4.02086E-03
-7.0600E-07,-3.92320E-03
-7.0560E-07,-3.90367E-03
-7.0520E-07,-3.76695E-03
-7.0480E-07,-3.74742E-03
-7.0440E-07,-3.57164E-03
-7.0400E-07,-3.47398E-03
-7.0360E-07,-3.37633E-03
-7.0320E-07,-3.29820E-03
-7.0280E-07,-3.25914E-03
-7.0240E-07,-3.43492E-03
-7.0200E-07,-3.64977E-03
-7.0160E-07,-3.94273E-03
-7.0120E-07,-4.37242E-03
-7.0080E-07,-4.72398E-03
-7.0040E-07,-5.11461E-03
-7.0000E-07,-5.40758E-03
-6.9960E-07,-5.50523E-03
-6.9920E-07,-5.68102E-03
-6.9880E-07,-5.66148E-03
-6.9840E-07,-5.66148E-03
-6.9800E-07,-5.73961E-03
-6.9760E-07,-5.85680E-03
-6.9720E-07,-5.91539E-03
-6.9680E-07,-5.97398E-03
-6.9640E-07,-6.05211E-03
-6.9600E-07,-6.24742E-03
-6.9560E-07,-6.22789E-03
-6.9520E-07,-6.22789E-03
-6.9480E-07,-6.13023E-03
-6.9440E-07,-6.07164E-03
-6.9400E-07,-6.03258E-03
-6.9360E-07,-5.99352E-03
-6.9320E-07,-5.99352E-03
-6.9280E-07,-6.03258E-03
-6.9240E-07,-6.18883E-03
-6.9200E-07,-6.34508E-03
-6.9160E-07,-6.63805E-03
-6.9120E-07,-6.87242E-03
-6.9080E-07,-6.89195E-03
-6.9040E-07,-6.91148E-03
-6.9000E-07,-6.95055E-03
-6.8960E-07,-7.08727E-03
-6.8920E-07,-6.97008E-03
-6.8880E-07,-7.00914E-03
-6.8840E-07,-7.20445E-03
-6.8800E-07,-7.28258E-03
-6.8760E-07,-7.47789E-03
-6.8720E-07,-7.59508E-03
-6.8680E-07,-7.79039E-03
-6.8640E-07,-7.90758E-03
-6.8600E-07,-7.96617E-03
-6.8560E-07,-8.08336E-03
-6.8520E-07,-8.08336E-03
-6.8480E-07,-8.12242E-03
-6.8440E-07,-8.00523E-03
-6.8400E-07,-7.86852E-03
-6.8360E-07,-7.59508E-03
-6.8320E-07,-7.59508E-03
-6.8280E-07,-7.49742E-03
-6.8240E-07,-7.45836E-03
-6.8200E-07,-7.32164E-03
-6.8160E-07,-7.14586E-03
-6.8120E-07,-6.93102E-03
-6.8080E-07,-6.71617E-03
-6.8040E-07,-6.48180E-03
-6.8000E-07,-6.20836E-03
-6.7960E-07,-5.97398E-03
-6.7920E-07,-5.77867E-03
-6.7880E-07,-5.52477E-03
-6.7840E-07,-5.32945E-03
-6.7800E-07,-5.19273E-03
-6.7760E-07,-4.95836E-03
-6.7720E-07,-4.78258E-03
-6.7680E-07,-4.82164E-03
-6.7640E-07,-4.62633E-03
-6.7600E-07,-4.58727E-03
-6.7560E-07,-4.56773E-03
-6.7520E-07,-4.56773E-03
-6.7480E-07,-4.48961E-03
-6.7440E-07,-4.50914E-03
-6.7400E-07,-4.62633E-03
-6.7360E-07,-4.72398E-03
-6.7320E-07,-4.80211E-03
-6.7280E-07,-4.86070E-03
-6.7240E-07,-4.78258E-03
-6.7200E-07,-4.89977E-03
-6.7160E-07,-4.97789E-03
-6.7120E-07,-5.01695E-03
-6.7080E-07,-5.03648E-03
-6.7040E-07,-5.11461E-03
-6.7000E-07,-4.99742E-03
-6.6960E-07,-4.91930E-03
-6.6920E-07,-4.89977E-03
-6.6880E-07,-4.99742E-03
-6.6840E-07,-4.93883E-03
-6.6800E-07,-5.05602E-03
-6.6760E-07,-5.07555E-03
-6.6720E-07,-5.15367E-03
-6.6680E-07,-5.19273E-03
-6.6640E-07,-5.23180E-03
-6.6600E-07,-5.21227E-03
-6.6560E-07,-5.05602E-03
-6.6520E-07,-4.86070E-03
-6.6480E-07,-4.84117E-03
-6.6440E-07,-4.72398E-03
-6.6400E-07,-4.70445E-03
-6.6360E-07,-4.60680E-03
-6.6320E-07,-4.45055E-03
-6.6280E-07,-4.43102E-03
-6.6240E-07,-4.37242E-03
-6.6200E-07,-4.27477E-03
-6.6160E-07,-4.21617E-03
-6.6120E-07,-4.05992E-03
-6.6080E-07,-3.88414E-03
-6.6040E-07,-3.64977E-03
-6.6000E-07,-3.53258E-03
-6.5960E-07,-3.31773E-03
-6.5920E-07,-3.18102E-03
-6.5880E-07,-3.04430E-03
-6.5840E-07,-2.92711E-03
-6.5800E-07,-2.79039E-03
-6.5760E-07,-2.77086E-03
-6.5720E-07,-2.61461E-03
-6.5680E-07,-2.41930E-03
-6.5640E-07,-2.34117E-03
-6.5600E-07,-2.14586E-03
-6.5560E-07,-2.02867E-03
-6.5520E-07,-1.93102E-03
-6.5480E-07,-1.77477E-03
-6.5440E-07,-1.65758E-03
-6.5400E-07,-1.44273E-03
-6.5360E-07,-1.48180E-03
-6.5320E-07,-1.38414E-03
-6.5280E-07,-1.30602E-03
-6.5240E-07,-1.13023E-03
-6.5200E-07,-1.03258E-03
-6.5160E-07,-8.37266E-04
-6.5120E-07,-7.98203E-04
-6.5080E-07,-6.61484E-04
-6.5040E-07,-4.85703E-04
-6.5000E-07,-3.88047E-04
-6.4960E-07,-2.51328E-04
-6.4920E-07,-1.34141E-04
-6.4880E-07,-7.55469E-05
-6.4840E-07,2.21094E-05
-6.4800E-07,8.07031E-05
-6.4760E-07,2.76016E-04
-6.4720E-07,3.15078E-04
-6.4680E-07,4.12734E-04
-6.4640E-07,4.51797E-04
-6.4600E-07,5.10391E-04
-6.4560E-07,5.88516E-04
-6.4520E-07,6.66641E-04
-6.4480E-07,7.25234E-04
-6.4440E-07,8.03359E-04
-6.4400E-07,8.03359E-04
-6.4360E-07,9.20547E-04
-6.4320E-07,9.59609E-04
-6.4280E-07,9.59609E-04
-6.4240E-07,1.03773E-03
-6.4200E-07,1.13539E-03
-6.4160E-07,1.13539E-03
-6.4120E-07,1.29164E-03
-6.4080E-07,1.27211E-03
-6.4040E-07,1.36977E-03
-6.4000E-07,1.42836E-03
-6.3960E-07,1.50648E-03
-6.3920E-07,1.46742E-03
-6.3880E-07,1.56508E-03
-6.3840E-07,1.46742E-03
-6.3800E-07,1.58461E-03
-6.3760E-07,1.58461E-03
-6.3720E-07,1.54555E-03
-6.3680E-07,1.46742E-03
-6.3640E-07,1.50648E-03
-6.3600E-07,1.44789E-03
-6.3560E-07,1.52602E-03
-6.3520E-07,1.46742E-03
-6.3480E-07,1.52602E-03
-6.3440E-07,1.54555E-03
-6.3400E-07,1.52602E-03
-6.3360E-07,1.52602E-03
-6.3320E-07,1.54555E-03
-6.3280E-07,1.48695E-03
-6.3240E-07,1.50648E-03
-6.3200E-07,1.44789E-03
-6.3160E-07,1.46742E-03
-6.3120E-07,1.38930E-03
-6.3080E-07,1.27211E-03
-6.3040E-07,1.25258E-03
-6.3000E-07,1.29164E-03
-6.2960E-07,1.23305E-03
-6.2920E-07,1.29164E-03
-6.2880E-07,1.27211E-03
-6.2840E-07,1.29164E-03
-6.2800E-07,1.29164E-03
-6.2760E-07,1.31117E-03
-6.2720E-07,1.29164E-03
-6.2680E-07,1.31117E-03
-6.2640E-07,1.31117E-03
-6.2600E-07,1.35023E-03
-6.2560E-07,1.36977E-03
-6.2520E-07,1.40883E-03
-6.2480E-07,1.40883E-03
-6.2440E-07,1.40883E-03
-6.2400E-07,1.35023E-03
-6.2360E-07,1.35023E-03
-6.2320E-07,1.35023E-03
-6.2280E-07,1.31117E-03
-6.2240E-07,1.23305E-03
-6.2200E-07,1.19398E-03
-6.2160E-07,1.05727E-03
-6.2120E-07,8.81484E-04
-6.2080E-07,8.42422E-04
-6.2040E-07,8.03359E-04
-6.2000E-07,7.05703E-04
-6.1960E-07,8.22891E-04
-6.1920E-07,7.83828E-04
-6.1880E-07,8.03359E-04
-6.1840E-07,8.42422E-04
-6.1800E-07,7.83828E-04
-6.1760E-07,8.22891E-04
-6.1720E-07,8.03359E-04
-6.1680E-07,7.83828E-04
-6.1640E-07,8.61953E-04
-6.1600E-07,8.22891E-04
-6.1560E-07,9.20547E-04
-6.1520E-07,9.01016E-04
-6.1480E-07,1.01820E-03
-6.1440E-07,9.98672E-04
-6.1400E-07,1.11586E-03
-6.1360E-07,1.15492E-03
-6.1320E-07,1.21352E-03
-6.1280E-07,1.21352E-03
-6.1240E-07,1.27211E-03
-6.1200E-07,1.27211E-03
-6.1160E-07,1.23305E-03
-6.1120E-07,1.27211E-03
-6.1080E-07,1.36977E-03
-6.1040E-07,1.33070E-03
-6.1000E-07,1.48695E-03
-6.0960E-07,1.40883E-03
-6.0920E-07,1.50648E-03
-6.0880E-07,1.52602E-03
-6.0840E-07,1.50648E-03
-6.0800E-07,1.52602E-03
-6.0760E-07,1.54555E-03
-6.0720E-07,1.52602E-03
-6.0680E-07,1.62367E-03
-6.0640E-07,1.58461E-03
-6.0600E-07,1.60414E-03
-6.0560E-07,1.72133E-03
-6.0520E-07,1.70180E-03
-6.0480E-07,1.72133E-03
-6.0440E-07,1.77992E-03
-6.0400E-07,1.79945E-03
-6.0360E-07,1.85805E-03
-6.0320E-07,1.91664E-03
-6.0280E-07,1.87758E-03
-6.0240E-07,1.91664E-03
-6.0200E-07,1.91664E-03
-6.0160E-07,1.89711E-03
-6.0120E-07,1.97523E-03
-6.0080E-07,1.93617E-03
-6.0040E-07,2.01430E-03
-6.0000E-07,1.97523E-03
-5.9960E-07,2.01430E-03
-5.9920E-07,2.03383E-03
-5.9880E-07,2.03383E-03
-5.9840E-07,2.05336E-03
-5.9800E-07,2.09242E-03
-5.9760E-07,2.13148E-03
-5.9720E-07,2.17055E-03
-5.9680E-07,2.11195E-03
-5.9640E-07,2.15102E-03
-5.9600E-07,2.11195E-03
-5.9560E-07,2.19008E-03
-5.9520E-07,2.20961E-03
-5.9480E-07,2.20961E-03
-5.9440E-07,2.26820E-03
-5.9400E-07,2.28773E-03
-5.9360E-07,2.30727E-03
-5.9320E-07,2.26820E-03
-5.9280E-07,2.24867E-03
-5.9240E-07,2.22914E-03
-5.9200E-07,2.26820E-03
-5.9160E-07,2.30727E-03
-5.9120E-07,2.28773E-03
-5.9080E-07,2.30727E-03
-5.9040E-07,2.32680E-03
-5.9000E-07,2.36586E-03
-5.8960E-07,2.34633E-03
-5.8920E-07,2.36586E-03
-5.8880E-07,2.32680E-03
-5.8840E-07,2.40492E-03
-5.8800E-07,2.36586E-03
-5.8760E-07,2.40492E-03
-5.8720E-07,2.34633E-03
-5.8680E-07,2.34633E-03
-5.8640E-07,2.42445E-03
-5.8600E-07,2.40492E-03
-5.8560E-07,2.34633E-03
-5.8520E-07,2.38539E-03
-5.8480E-07,2.36586E-03
-5.8440E-07,2.46352E-03
-5.8400E-07,2.46352E-03
-5.8360E-07,2.48305E-03
-5.8320E-07,2.46352E-03
-5.8280E-07,2.40492E-03
-5.8240E-07,2.44398E-03
-5.8200E-07,2.48305E-03
-5.8160E-07,2.46352E-03
-5.8120E-07,2.46352E-03
-5.8080E-07,2.42445E-03
-5.8040E-07,2.44398E-03
-5.8000E-07,2.46352E-03
-5.7960E-07,2.38539E-03
-5.7920E-07,2.38539E-03
-5.7880E-07,2.40492E-03
-5.7840E-07,2.36586E-03
-5.7800E-07,2.38539E-03
-5.7760E-07,2.30727E-03
-5.7720E-07,2.34633E-03
-5.7680E-07,2.32680E-03
-5.7640E-07,2.36586E-03
-5.7600E-07,2.32680E-03
-5.7560E-07,2.38539E-03
-5.7520E-07,2.32680E-03
-5.7480E-07,2.36586E-03
-5.7440E-07,2.26820E-03
-5.7400E-07,2.32680E-03
-5.7360E-07,2.34633E-03
-5.7320E-07,2.26820E-03
-5.7280E-07,2.28773E-03
-5.7240E-07,2.34633E-03
-5.7200E-07,2.30727E-03
-5.7160E-07,2.36586E-03
-5.7120E-07,2.36586E-03
-5.7080E-07,2.32680E-03
-5.7040E-07,2.36586E-03
-5.7000E-07,2.34633E-03
-5.6960E-07,2.34633E-03
-5.6920E-07,2.38539E-03
-5.6880E-07,2.34633E-03
-5.6840E-07,2.38539E-03
-5.6800E-07,2.32680E-03
-5.6760E-07,2.44398E-03
-5.6720E-07,2.38539E-03
-5.6680E-07,2.32680E-03
-5.6640E-07,2.34633E-03
-5.6600E-07,2.38539E-03
-5.6560E-07,2.40492E-03
-5.6520E-07,2.32680E-03
-5.6480E-07,2.36586E-03
-5.6440E-07,2.38539E-03
-5.6400E-07,2.30727E-03
-5.6360E-07,2.32680E-03
-5.6320E-07,2.38539E-03
-5.6280E-07,2.32680E-03
-5.6240E-07,2.36586E-03
-5.6200E-07,2.34633E-03
-5.6160E-07,2.36586E-03
-5.6120E-07,2.40492E-03
-5.6080E-07,2.38539E-03
-5.6040E-07,2.34633E-03
-5.6000E-07,2.46352E-03
-5.5960E-07,2.44398E-03
-5.5920E-07,2.44398E-03
-5.5880E-07,2.44398E-03
-5.5840E-07,2.40492E-03
-5.5800E-07,2.36586E-03
-5.5760E-07,2.44398E-03
-5.5720E-07,2.46352E-03
-5.5680E-07,2.38539E-03
-5.5640E-07,2.46352E-03
-5.5600E-07,2.44398E-03
-5.5560E-07,2.44398E-03
-5.5520E-07,2.44398E-03
-5.5480E-07,2.46352E-03
-5.5440E-07,2.42445E-03
-5.5400E-07,2.38539E-03
-5.5360E-07,2.32680E-03
-5.5320E-07,2.34633E-03
-5.5280E-07,2.17055E-03
-5.5240E-07,2.13148E-03
-5.5200E-07,1.97523E-03
-5.5160E-07,1.87758E-03
-5.5120E-07,1.74086E-03
-5.5080E-07,1.70180E-03
-5.5040E-07,1.68227E-03
-5.5000E-07,1.66273E-03
-5.4960E-07,1.66273E-03
-5.4920E-07,1.58461E-03
-5.4880E-07,1.48695E-03
-5.4840E-07,1.56508E-03
-5.4800E-07,1.50648E-03
-5.4760E-07,1.46742E-03
-5.4720E-07,1.44789E-03
-5.4680E-07,1.38930E-03
-5.4640E-07,1.40883E-03
-5.4600E-07,1.42836E-03
-5.4560E-07,1.38930E-03
-5.4520E-07,1.48695E-03
-5.4480E-07,1.40883E-03
-5.4440E-07,1.46742E-03
-5.4400E-07,1.48695E-03
-5.4360E-07,1.56508E-03
-5.4320E-07,1.56508E-03
-5.4280E-07,1.60414E-03
-5.4240E-07,1.50648E-03
-5.4200E-07,1.54555E-03
-5.4160E-07,1.60414E-03
-5.4120E-07,1.62367E-03
-5.4080E-07,1.64320E-03
-5.4040E-07,1.68227E-03
-5.4000E-07,1.66273E-03
-5.3960E-07,1.68227E-03
-5.3920E-07,1.77992E-03
-5.3880E-07,1.79945E-03
-5.3840E-07,1.77992E-03
-5.3800E-07,1.79945E-03
-5.3760E-07,1.74086E-03
-5.3720E-07,1.83852E-03
-5.3680E-07,1.81898E-03
-5.3640E-07,1.81898E-03
-5.3600E-07,1.85805E-03
-5.3560E-07,1.89711E-03
-5.3520E-07,1.93617E-03
-5.3480E-07,1.99477E-03
-5.3440E-07,1.97523E-03
-5.3400E-07,2.05336E-03
-5.3360E-07,2.05336E-03
-5.3320E-07,2.03383E-03
-5.3280E-07,2.03383E-03
-5.3240E-07,2.17055E-03
-5.3200E-07,2.13148E-03
-5.3160E-07,2.17055E-03
-5.3120E-07,2.19008E-03
-5.3080E-07,2.19008E-03
-5.3040E-07,2.22914E-03
-5.3000E-07,2.24867E-03
-5.2960E-07,2.26820E-03
-5.2920E-07,2.30727E-03
-5.2880E-07,2.30727E-03
-5.2840E-07,2.32680E-03
-5.2800E-07,2.30727E-03
-5.2760E-07,2.36586E-03
-5.2720E-07,2.32680E-03
-5.2680E-07,2.36586E-03
-5.2640E-07,2.30727E-03
-5.2600E-07,2.30727E-03
-5.2560E-07,2.34633E-03
-5.2520E-07,2.28773E-03
-5.2480E-07,2.22914E-03
-5.2440E-07,2.38539E-03
-5.2400E-07,2.30727E-03
-5.2360E-07,2.36586E-03
-5.2320E-07,2.28773E-03
-5.2280E-07,2.38539E-03
-5.2240E-07,2.38539E-03
-5.2200E-07,2.40492E-03
-5.2160E-07,2.34633E-03
-5.2120E-07,2.42445E-03
-5.2080E-07,2.36586E-03
-5.2040E-07,2.32680E-03
-5.2000E-07,2.38539E-03
-5.1960E-07,2.44398E-03
-5.1920E-07,2.42445E-03
-5.1880E-07,2.42445E-03
-5.1840E-07,2.38539E-03
-5.1800E-07,2.46352E-03
-5.1760E-07,2.50258E-03
-5.1720E-07,2.48305E-03
-5.1680E-07,2.50258E-03
-5.1640E-07,2.56117E-03
-5.1600E-07,2.48305E-03
-5.1560E-07,2.54164E-03
-5.1520E-07,2.52211E-03
-5.1480E-07,2.54164E-03
-5.1440E-07,2.58070E-03
-5.1400E-07,2.56117E-03
-5.1360E-07,2.54164E-03
-5.1320E-07,2.56117E-03
-5.1280E-07,2.54164E-03
-5.1240E-07,2.60023E-03
-5.1200E-07,2.52211E-03
-5.1160E-07,2.58070E-03
-5.1120E-07,2.54164E-03
-5.1080E-07,2.54164E-03
-5.1040E-07,2.54164E-03
-5.1000E-07,2.60023E-03
-5.0960E-07,2.60023E-03
-5.0920E-07,2.63930E-03
-5.0880E-07,2.63930E-03
-5.0840E-07,2.67836E-03
-5.0800E-07,2.65883E-03
-5.0760E-07,2.71742E-03
-5.0720E-07,2.67836E-03
-5.0680E-07,2.73695E-03
-5.0640E-07,2.71742E-03
-5.0600E-07,2.69789E-03
-5.0560E-07,2.63930E-03
-5.0520E-07,2.73695E-03
-5.0480E-07,2.73695E-03
-5.0440E-07,2.73695E-03
-5.0400E-07,2.67836E-03
-5.0360E-07,2.79555E-03
-5.0320E-07,2.71742E-03
-5.0280E-07,2.79555E-03
-5.0240E-07,2.73695E-03
-5.0200E-07,2.73695E-03
-5.0160E-07,2.79555E-03
-5.0120E-07,2.75648E-03
-5.0080E-07,2.73695E-03
-5.0040E-07,2.73695E-03
-5.0000E-07,2.77602E-03
-4.9960E-07,2.77602E-03
-4.9920E-07,2.63930E-03
-4.9880E-07,2.81508E-03
-4.9840E-07,2.75648E-03
-4.9800E-07,2.79555E-03
-4.9760E-07,2.75648E-03
-4.9720E-07,2.75648E-03
-4.9680E-07,2.67836E-03
-4.9640E-07,2.63930E-03
-4.9600E-07,2.54164E-03
-4.9560E-07,2.48305E-03
-4.9520E-07,2.36586E-03
-4.9480E-07,2.24867E-03
-4.9440E-07,2.09242E-03
-4.9400E-07,1.93617E-03
-4.9360E-07,1.68227E-03
-4.9320E-07,1.50648E-03
-4.9280E-07,1.38930E-03
-4.9240E-07,1.31117E-03
-4.9200E-07,1.33070E-03
-4.9160E-07,1.36977E-03
-4.9120E-07,1.23305E-03
-4.9080E-07,1.17445E-03
-4.9040E-07,1.19398E-03
-4.9000E-07,1.15492E-03
-4.8960E-07,1.09633E-03
-4.8920E-07,1.13539E-03
-4.8880E-07,1.07680E-03
-4.8840E-07,1.05727E-03
-4.8800E-07,1.15492E-03
-4.8760E-07,1.23305E-03
-4.8720E-07,1.23305E-03
-4.8680E-07,1.19398E-03
-4.8640E-07,1.27211E-03
-4.8600E-07,1.33070E-03
-4.8560E-07,1.33070E-03
-4.8520E-07,1.33070E-03
-4.8480E-07,1.33070E-03
-4.8440E-07,1.31117E-03
-4.8400E-07,1.27211E-03
-4.8360E-07,1.29164E-03
-4.8320E-07,1.25258E-03
-4.8280E-07,1.33070E-03
-4.8240E-07,1.33070E-03
-4.8200E-07,1.33070E-03
-4.8160E-07,1.33070E-03
-4.8120E-07,1.50648E-03
-4.8080E-07,1.44789E-03
-4.8040E-07,1.44789E-03
-4.8000E-07,1.48695E-03
-4.7960E-07,1.44789E-03
-4.7920E-07,1.52602E-03
-4.7880E-07,1.50648E-03
-4.7840E-07,1.52602E-03
-4.7800E-07,1.54555E-03
-4.7760E-07,1.70180E-03
-4.7720E-07,1.70180E-03
-4.7680E-07,1.68227E-03
-4.7640E-07,1.79945E-03
-4.7600E-07,1.76039E-03
-4.7560E-07,1.83852E-03
-4.7520E-07,1.81898E-03
-4.7480E-07,1.83852E-03
-4.7440E-07,1.89711E-03
-4.7400E-07,1.89711E-03
-4.7360E-07,1.95570E-03
-4.7320E-07,1.95570E-03
-4.7280E-07,1.99477E-03
-4.7240E-07,1.99477E-03
-4.7200E-07,2.01430E-03
-4.7160E-07,2.05336E-03
-4.7120E-07,2.07289E-03
-4.7080E-07,2.07289E-03
-4.7040E-07,2.07289E-03
-4.7000E-07,2.11195E-03
-4.6960E-07,2.11195E-03
-4.6920E-07,2.13148E-03
-4.6880E-07,2.20961E-03
-4.6840E-07,2.28773E-03
-4.6800E-07,2.24867E-03
-4.6760E-07,2.28773E-03
-4.6720E-07,2.28773E-03
-4.6680E-07,2.36586E-03
-4.6640E-07,2.38539E-03
-4.6600E-07,2.34633E-03
-4.6560E-07,2.32680E-03
-4.6520E-07,2.38539E-03
-4.6480E-07,2.52211E-03
-4.6440E-07,2.38539E-03
-4.6400E-07,2.44398E-03
-4.6360E-07,2.46352E-03
-4.6320E-07,2.48305E-03
-4.6280E-07,2.44398E-03
-4.6240E-07,2.46352E-03
-4.6200E-07,2.52211E-03
-4.6160E-07,2.52211E-03
-4.6120E-07,2.52211E-03
-4.6080E-07,2.54164E-03
-4.6040E-07,2.58070E-03
-4.6000E-07,2.58070E-03
-4.5960E-07,2.58070E-03
-4.5920E-07,2.60023E-03
-4.5880E-07,2.61977E-03
-4.5840E-07,2.56117E-03
-4.5800E-07,2.67836E-03
-4.5760E-07,2.60023E-03
-4.5720E-07,2.65883E-03
-4.5680E-07,2.63930E-03
-4.5640E-07,2.65883E-03
-4.5600E-07,2.65883E-03
-4.5560E-07,2.63930E-03
-4.5520E-07,2.60023E-03
-4.5480E-07,2.48305E-03
-4.5440E-07,2.30727E-03
-4.5400E-07,2.11195E-03
-4.5360E-07,1.81898E-03
-4.5320E-07,1.46742E-03
-4.5280E-07,9.79141E-04
-4.5240E-07,5.88516E-04
-4.5200E-07,1.39297E-04
-4.5160E-07,-2.51328E-04
-4.5120E-07,-3.88047E-04
-4.5080E-07,-5.44297E-04
-4.5040E-07,-6.02891E-04
-4.5000E-07,-7.20078E-04
-4.4960E-07,-8.56797E-04
-4.4920E-07,-9.54453E-04
-4.4880E-07,-1.09117E-03
-4.4840E-07,-1.05211E-03
-4.4800E-07,-1.22789E-03
-4.4760E-07,-1.20836E-03
-4.4720E-07,-1.14977E-03
-4.4680E-07,-1.13023E-03
-4.4640E-07,-1.07164E-03
-4.4600E-07,-8.56797E-04
-4.4560E-07,-7.78672E-04
-4.4520E-07,-5.63828E-04
-4.4480E-07,-5.44297E-04
-4.4440E-07,-3.68516E-04
-4.4400E-07,-4.07578E-04
-4.4360E-07,-3.48984E-04
-4.4320E-07,-4.85703E-04
-4.4280E-07,-4.66172E-04
-4.4240E-07,-4.07578E-04
-4.4200E-07,-3.48984E-04
-4.4160E-07,-2.70859E-04
-4.4120E-07,-2.51328E-04
-4.4080E-07,-1.14609E-04
-4.4040E-07,-1.14609E-04
-4.4000E-07,-7.55469E-05
-4.3960E-07,2.21094E-05
-4.3920E-07,4.16406E-05
-4.3880E-07,8.07031E-05
-4.3840E-07,8.07031E-05
-4.3800E-07,1.58828E-04
-4.3760E-07,2.36953E-04
-4.3720E-07,3.73672E-04
-4.3680E-07,4.90859E-04
-4.3640E-07,5.88516E-04
-4.3600E-07,6.27578E-04
-4.3560E-07,7.25234E-04
-4.3520E-07,7.64297E-04
-4.3480E-07,8.81484E-04
-4.3440E-07,9.98672E-04
-4.3400E-07,9.59609E-04
-4.3360E-07,9.98672E-04
-4.3320E-07,1.09633E-03
-4.3280E-07,1.11586E-03
-4.3240E-07,1.21352E-03
-4.3200E-07,1.23305E-03
-4.3160E-07,1.31117E-03
-4.3120E-07,1.42836E-03
-4.3080E-07,1.44789E-03
-4.3040E-07,1.44789E-03
-4.3000E-07,1.54555E-03
-4.2960E-07,1.54555E-03
-4.2920E-07,1.60414E-03
-4.2880E-07,1.58461E-03
-4.2840E-07,1.64320E-03
-4.2800E-07,1.62367E-03
-4.2760E-07,1.74086E-03
-4.2720E-07,1.72133E-03
-4.2680E-07,1.81898E-03
-4.2640E-07,1.87758E-03
-4.2600E-07,1.93617E-03
-4.2560E-07,1.91664E-03
-4.2520E-07,1.95570E-03
-4.2480E-07,2.01430E-03
-4.2440E-07,2.07289E-03
-4.2400E-07,2.03383E-03
-4.2360E-07,2.09242E-03
-4.2320E-07,2.15102E-03
-4.2280E-07,2.17055E-03
-4.2240E-07,2.11195E-03
-4.2200E-07,2.17055E-03
-4.2160E-07,2.26820E-03
-4.2120E-07,2.28773E-03
-4.2080E-07,2.28773E-03
-4.2040E-07,2.30727E-03
-4.2000E-07,2.34633E-03
-4.1960E-07,2.34633E-03
-4.1920E-07,2.36586E-03
-4.1880E-07,2.34633E-03
-4.1840E-07,2.36586E-03
-4.1800E-07,2.36586E-03
-4.1760E-07,2.38539E-03
-4.1720E-07,2.42445E-03
-4.1680E-07,2.48305E-03
-4.1640E-07,2.54164E-03
-4.1600E-07,2.50258E-03
-4.1560E-07,2.58070E-03
-4.1520E-07,2.61977E-03
-4.1480E-07,2.60023E-03
-4.1440E-07,2.52211E-03
-4.1400E-07,2.58070E-03
-4.1360E-07,2.63930E-03
-4.1320E-07,2.60023E-03
-4.1280E-07,2.54164E-03
-4.1240E-07,2.60023E-03
-4.1200E-07,2.60023E-03
-4.1160E-07,2.63930E-03
-4.1120E-07,2.40492E-03
-4.1080E-07,2.19008E-03
-4.1040E-07,1.99477E-03
-4.1000E-07,1.62367E-03
-4.0960E-07,1.23305E-03
-4.0920E-07,8.03359E-04
-4.0880E-07,3.15078E-04
-4.0840E-07,-3.64844E-05
-4.0800E-07,-3.48984E-04
-4.0760E-07,-4.07578E-04
-4.0720E-07,-4.07578E-04
-4.0680E-07,-4.85703E-04
-4.0640E-07,-7.39609E-04
-4.0600E-07,-7.59141E-04
-4.0560E-07,-9.54453E-04
-4.0520E-07,-9.54453E-04
-4.0480E-07,-1.05211E-03
-4.0440E-07,-1.07164E-03
-4.0400E-07,-1.05211E-03
-4.0360E-07,-1.03258E-03
-4.0320E-07,-9.73984E-04
-4.0280E-07,-8.56797E-04
-4.0240E-07,-6.41953E-04
-4.0200E-07,-5.44297E-04
-4.0160E-07,-4.66172E-04
-4.0120E-07,-3.09922E-04
-4.0080E-07,-2.90391E-04
-4.0040E-07,-2.31797E-04
-4.0000E-07,-3.09922E-04
-3.9960E-07,-2.90391E-04
-3.9920E-07,-4.07578E-04
-3.9880E-07,-2.90391E-04
-3.9840E-07,-1.92734E-04
-3.9800E-07,-1.34141E-04
-3.9760E-07,-1.34141E-04
-3.9720E-07,-5.60156E-05
-3.9680E-07,2.57813E-06
-3.9640E-07,1.00234E-04
-3.9600E-07,1.00234E-04
-3.9560E-07,1.78359E-04
-3.9520E-07,1.00234E-04
-3.9480E-07,2.36953E-04
-3.9440E-07,2.36953E-04
-3.9400E-07,3.54141E-04
-3.9360E-07,3.93203E-04
-3.9320E-07,5.29922E-04
-3.9280E-07,5.88516E-04
-3.9240E-07,7.83828E-04
-3.9200E-07,8.42422E-04
-3.9160E-07,9.98672E-04
-3.9120E-07,9.98672E-04
-3.9080E-07,1.01820E-03
-3.9040E-07,9.79141E-04
-3.9000E-07,1.09633E-03
-3.8960E-07,1.21352E-03
-3.8920E-07,1.29164E-03
-3.8880E-07,1.38930E-03
-3.8840E-07,1.29164E-03
-3.8800E-07,1.50648E-03
-3.8760E-07,1.46742E-03
-3.8720E-07,1.52602E-03
-3.8680E-07,1.60414E-03
-3.8640E-07,1.54555E-03
-3.8600E-07,1.70180E-03
-3.8560E-07,1.64320E-03
-3.8520E-07,1.66273E-03
-3.8480E-07,1.70180E-03
-3.8440E-07,1.79945E-03
-3.8400E-07,1.74086E-03
-3.8360E-07,1.85805E-03
-3.8320E-07,1.93617E-03
-3.8280E-07,1.95570E-03
-3.8240E-07,1.97523E-03
-3.8200E-07,1.99477E-03
-3.8160E-07,2.03383E-03
-3.8120E-07,2.07289E-03
-3.8080E-07,2.07289E-03
-3.8040E-07,2.15102E-03
-3.8000E-07,2.22914E-03
-3.7960E-07,2.20961E-03
-3.7920E-07,2.22914E-03
-3.7880E-07,2.24867E-03
-3.7840E-07,2.30727E-03
-3.7800E-07,2.34633E-03
-3.7760E-07,2.30727E-03
-3.7720E-07,2.46352E-03
-3.7680E-07,2.36586E-03
-3.7640E-07,2.40492E-03
-3.7600E-07,2.38539E-03
-3.7560E-07,2.48305E-03
-3.7520E-07,2.52211E-03
-3.7480E-07,2.46352E-03
-3.7440E-07,2.50258E-03
-3.7400E-07,2.54164E-03
-3.7360E-07,2.60023E-03
-3.7320E-07,2.52211E-03
-3.7280E-07,2.60023E-03
-3.7240E-07,2.58070E-03
-3.7200E-07,2.65883E-03
-3.7160E-07,2.58070E-03
-3.7120E-07,2.58070E-03
-3.7080E-07,2.69789E-03
-3.7040E-07,2.67836E-03
-3.7000E-07,2.67836E-03
-3.6960E-07,2.65883E-03
-3.6920E-07,2.67836E-03
-3.6880E-07,2.71742E-03
-3.6840E-07,2.69789E-03
-3.6800E-07,2.71742E-03
-3.6760E-07,2.71742E-03
-3.6720E-07,2.69789E-03
-3.6680E-07,2.71742E-03
-3.6640E-07,2.73695E-03
-3.6600E-07,2.75648E-03
-3.6560E-07,2.71742E-03
-3.6520E-07,2.79555E-03
-3.6480E-07,2.69789E-03
-3.6440E-07,2.79555E-03
-3.6400E-07,2.71742E-03
-3.6360E-07,2.75648E-03
-3.6320E-07,2.81508E-03
-3.6280E-07,2.75648E-03
-3.6240E-07,2.81508E-03
-3.6200E-07,2.71742E-03
-3.6160E-07,2.79555E-03
-3.6120E-07,2.75648E-03
-3.6080E-07,2.81508E-03
-3.6040E-07,2.81508E-03
-3.6000E-07,2.83461E-03
-3.5960E-07,2.85414E-03
-3.5920E-07,2.81508E-03
-3.5880E-07,2.79555E-03
-3.5840E-07,2.81508E-03
-3.5800E-07,2.91273E-03
-3.5760E-07,2.79555E-03
-3.5720E-07,2.81508E-03
-3.5680E-07,2.73695E-03
-3.5640E-07,2.69789E-03
-3.5600E-07,2.60023E-03
-3.5560E-07,2.48305E-03
-3.5520E-07,2.32680E-03
-3.5480E-07,2.36586E-03
-3.5440E-07,2.22914E-03
-3.5400E-07,2.15102E-03
-3.5360E-07,2.17055E-03
-3.5320E-07,2.17055E-03
-3.5280E-07,2.15102E-03
-3.5240E-07,2.17055E-03
-3.5200E-07,2.09242E-03
-3.5160E-07,2.11195E-03
-3.5120E-07,2.03383E-03
-3.5080E-07,2.03383E-03
-3.5040E-07,1.99477E-03
-3.5000E-07,2.03383E-03
-3.4960E-07,2.03383E-03
-3.4920E-07,2.07289E-03
-3.4880E-07,1.97523E-03
-3.4840E-07,2.07289E-03
-3.4800E-07,1.97523E-03
-3.4760E-07,2.09242E-03
-3.4720E-07,2.13148E-03
-3.4680E-07,2.20961E-03
-3.4640E-07,2.11195E-03
-3.4600E-07,2.15102E-03
-3.4560E-07,2.07289E-03
-3.4520E-07,2.11195E-03
-3.4480E-07,2.11195E-03
-3.4440E-07,2.15102E-03
-3.4400E-07,2.15102E-03
-3.4360E-07,2.13148E-03
-3.4320E-07,2.17055E-03
-3.4280E-07,2.15102E-03
-3.4240E-07,2.13148E-03
-3.4200E-07,2.24867E-03
-3.4160E-07,2.19008E-03
-3.4120E-07,2.22914E-03
-3.4080E-07,2.19008E-03
-3.4040E-07,2.22914E-03
-3.4000E-07,2.19008E-03
-3.3960E-07,2.20961E-03
-3.3920E-07,2.26820E-03
-3.3880E-07,2.30727E-03
-3.3840E-07,2.32680E-03
-3.3800E-07,2.34633E-03
-3.3760E-07,2.28773E-03
-3.3720E-07,2.38539E-03
-3.3680E-07,2.42445E-03
-3.3640E-07,2.40492E-03
-3.3600E-07,2.40492E-03
-3.3560E-07,2.52211E-03
-3.3520E-07,2.44398E-03
-3.3480E-07,2.44398E-03
-3.3440E-07,2.54164E-03
-3.3400E-07,2.60023E-03
-3.3360E-07,2.50258E-03
-3.3320E-07,2.58070E-03
-3.3280E-07,2.56117E-03
-3.3240E-07,2.65883E-03
-3.3200E-07,2.58070E-03
-3.3160E-07,2.61977E-03
-3.3120E-07,2.56117E-03
-3.3080E-07,2.60023E-03
-3.3040E-07,2.60023E-03
-3.3000E-07,2.60023E-03
-3.2960E-07,2.63930E-03
-3.2920E-07,2.60023E-03
-3.2880E-07,2.58070E-03
-3.2840E-07,2.54164E-03
-3.2800E-07,2.54164E-03
-3.2760E-07,2.54164E-03
-3.2720E-07,2.50258E-03
-3.2680E-07,2.58070E-03
-3.2640E-07,2.58070E-03
-3.2600E-07,2.58070E-03
-3.2560E-07,2.63930E-03
-3.2520E-07,2.60023E-03
-3.2480E-07,2.56117E-03
-3.2440E-07,2.63930E-03
-3.2400E-07,2.65883E-03
-3.2360E-07,2.63930E-03
-3.2320E-07,2.61977E-03
-3.2280E-07,2.65883E-03
-3.2240E-07,2.61977E-03
-3.2200E-07,2.63930E-03
-3.2160E-07,2.65883E-03
-3.2120E-07,2.71742E-03
-3.2080E-07,2.65883E-03
-3.2040E-07,2.69789E-03
-3.2000E-07,2.67836E-03
-3.1960E-07,2.77602E-03
-3.1920E-07,2.73695E-03
-3.1880E-07,2.79555E-03
-3.1840E-07,2.69789E-03
-3.1800E-07,2.79555E-03
-3.1760E-07,2.79555E-03
-3.1720E-07,2.79555E-03
-3.1680E-07,2.87367E-03
-3.1640E-07,2.81508E-03
-3.1600E-07,2.87367E-03
-3.1560E-07,2.85414E-03
-3.1520E-07,2.75648E-03
-3.1480E-07,2.83461E-03
-3.1440E-07,2.87367E-03
-3.1400E-07,2.79555E-03
-3.1360E-07,2.79555E-03
-3.1320E-07,2.83461E-03
-3.1280E-07,2.81508E-03
-3.1240E-07,2.85414E-03
-3.1200E-07,2.81508E-03
-3.1160E-07,2.93227E-03
-3.1120E-07,2.83461E-03
-3.1080E-07,2.89320E-03
-3.1040E-07,2.93227E-03
-3.1000E-07,2.91273E-03
-3.0960E-07,2.89320E-03
-3.0920E-07,2.91273E-03
-3.0880E-07,2.93227E-03
-3.0840E-07,2.89320E-03
-3.0800E-07,2.91273E-03
-3.0760E-07,2.93227E-03
-3.0720E-07,2.89320E-03
-3.0680E-07,2.97133E-03
-3.0640E-07,2.93227E-03
-3.0600E-07,2.91273E-03
-3.0560E-07,2.87367E-03
-3.0520E-07,2.95180E-03
-3.0480E-07,2.95180E-03
-3.0440E-07,2.95180E-03
-3.0400E-07,2.95180E-03
-3.0360E-07,2.97133E-03
-3.0320E-07,2.95180E-03
-3.0280E-07,3.01039E-03
-3.0240E-07,2.95180E-03
-3.0200E-07,2.95180E-03
-3.0160E-07,2.99086E-03
-3.0120E-07,2.97133E-03
-3.0080E-07,2.97133E-03
-3.0040E-07,2.97133E-03
-3.0000E-07,2.97133E-03
-2.9960E-07,2.95180E-03
-2.9920E-07,2.97133E-03
-2.9880E-07,2.99086E-03
-2.9840E-07,2.99086E-03
-2.9800E-07,2.97133E-03
-2.9760E-07,2.99086E-03
-2.9720E-07,3.02992E-03
-2.9680E-07,2.99086E-03
-2.9640E-07,3.01039E-03
-2.9600E-07,3.02992E-03
-2.9560E-07,3.02992E-03
-2.9520E-07,2.97133E-03
-2.9480E-07,2.99086E-03
-2.9440E-07,3.02992E-03
-2.9400E-07,3.02992E-03
-2.9360E-07,3.02992E-03
-2.9320E-07,3.04945E-03
-2.9280E-07,3.02992E-03
-2.9240E-07,3.01039E-03
-2.9200E-07,3.04945E-03
-2.9160E-07,3.01039E-03
-2.9120E-07,3.02992E-03
-2.9080E-07,3.02992E-03
-2.9040E-07,3.01039E-03
-2.9000E-07,2.99086E-03
-2.8960E-07,2.99086E-03
-2.8920E-07,2.97133E-03
-2.8880E-07,2.91273E-03
-2.8840E-07,2.95180E-03
-2.8800E-07,2.93227E-03
-2.8760E-07,2.93227E-03
-2.8720E-07,2.85414E-03
-2.8680E-07,2.91273E-03
-2.8640E-07,2.91273E-03
-2.8600E-07,2.87367E-03
-2.8560E-07,2.87367E-03
-2.8520E-07,2.85414E-03
-2.8480E-07,2.75648E-03
-2.8440E-07,2.63930E-03
-2.8400E-07,2.54164E-03
-2.8360E-07,2.48305E-03
-2.8320E-07,2.24867E-03
-2.8280E-07,2.09242E-03
-2.8240E-07,1.97523E-03
-2.8200E-07,1.91664E-03
-2.8160E-07,1.81898E-03
-2.8120E-07,1.87758E-03
-2.8080E-07,1.81898E-03
-2.8040E-07,1.68227E-03
-2.8000E-07,1.60414E-03
-2.7960E-07,1.60414E-03
-2.7920E-07,1.54555E-03
-2.7880E-07,1.36977E-03
-2.7840E-07,1.25258E-03
-2.7800E-07,1.13539E-03
-2.7760E-07,1.03773E-03
-2.7720E-07,1.05727E-03
-2.7680E-07,1.11586E-03
-2.7640E-07,1.11586E-03
-2.7600E-07,1.09633E-03
-2.7560E-07,1.09633E-03
-2.7520E-07,1.15492E-03
-2.7480E-07,1.05727E-03
-2.7440E-07,1.01820E-03
-2.7400E-07,8.03359E-04
-2.7360E-07,4.71328E-04
-2.7320E-07,2.36953E-04
-2.7280E-07,-5.60156E-05
-2.7240E-07,-4.27109E-04
-2.7200E-07,-9.93516E-04
-2.7160E-07,-1.40367E-03
-2.7120E-07,-1.89195E-03
-2.7080E-07,-2.04820E-03
-2.7040E-07,-2.38023E-03
-2.7000E-07,-2.69273E-03
-2.6960E-07,-2.82945E-03
-2.6920E-07,-3.08336E-03
-2.6880E-07,-3.23961E-03
-2.6840E-07,-3.29820E-03
-2.6800E-07,-3.45445E-03
-2.6760E-07,-3.53258E-03
-2.6720E-07,-3.59117E-03
-2.6680E-07,-3.55211E-03
-2.6640E-07,-3.53258E-03
-2.6600E-07,-3.37633E-03
-2.6560E-07,-3.31773E-03
-2.6520E-07,-3.12242E-03
-2.6480E-07,-2.98570E-03
-2.6440E-07,-2.84898E-03
-2.6400E-07,-2.75133E-03
-2.6360E-07,-2.59508E-03
-2.6320E-07,-2.59508E-03
-2.6280E-07,-2.59508E-03
-2.6240E-07,-2.63414E-03
-2.6200E-07,-2.55602E-03
-2.6160E-07,-2.51695E-03
-2.6120E-07,-2.45836E-03
-2.6080E-07,-2.39977E-03
-2.6040E-07,-2.24352E-03
-2.6000E-07,-2.12633E-03
-2.5960E-07,-2.00914E-03
-2.5920E-07,-1.95055E-03
-2.5880E-07,-1.81383E-03
-2.5840E-07,-1.81383E-03
-2.5800E-07,-1.65758E-03
-2.5760E-07,-1.67711E-03
-2.5720E-07,-1.50133E-03
-2.5680E-07,-1.52086E-03
-2.5640E-07,-1.38414E-03
-2.5600E-07,-1.22789E-03
-2.5560E-07,-1.07164E-03
-2.5520E-07,-9.15391E-04
-2.5480E-07,-7.98203E-04
-2.5440E-07,-6.22422E-04
-2.5400E-07,-4.85703E-04
-2.5360E-07,-3.88047E-04
-2.5320E-07,-3.09922E-04
-2.5280E-07,-2.12266E-04
-2.5240E-07,-1.53672E-04
-2.5200E-07,2.57813E-06
-2.5160E-07,4.16406E-05
-2.5120E-07,6.11719E-05
-2.5080E-07,1.58828E-04
-2.5040E-07,1.78359E-04
-2.5000E-07,2.17422E-04
-2.4960E-07,1.58828E-04
-2.4920E-07,1.97891E-04
-2.4880E-07,1.58828E-04
-2.4840E-07,2.17422E-04
-2.4800E-07,2.17422E-04
-2.4760E-07,3.15078E-04
-2.4720E-07,4.12734E-04
-2.4680E-07,5.29922E-04
-2.4640E-07,4.71328E-04
-2.4600E-07,5.49453E-04
-2.4560E-07,5.68984E-04
-2.4520E-07,7.05703E-04
-2.4480E-07,6.86172E-04
-2.4440E-07,7.64297E-04
-2.4400E-07,8.03359E-04
-2.4360E-07,8.22891E-04
-2.4320E-07,8.81484E-04
-2.4280E-07,9.20547E-04
-2.4240E-07,9.20547E-04
-2.4200E-07,8.81484E-04
-2.4160E-07,7.64297E-04
-2.4120E-07,5.29922E-04
-2.4080E-07,1.58828E-04
-2.4040E-07,-2.90391E-04
-2.4000E-07,-9.73984E-04
-2.3960E-07,-1.75523E-03
-2.3920E-07,-2.43883E-03
-2.3880E-07,-3.06383E-03
-2.3840E-07,-3.70836E-03
-2.3800E-07,-4.27477E-03
-2.3760E-07,-4.76305E-03
-2.3720E-07,-4.97789E-03
-2.3680E-07,-5.19273E-03
-2.3640E-07,-5.34898E-03
-2.3600E-07,-5.52477E-03
-2.3560E-07,-5.64195E-03
-2.3520E-07,-5.77867E-03
-2.3480E-07,-5.89586E-03
-2.3440E-07,-5.85680E-03
-2.3400E-07,-5.81773E-03
-2.3360E-07,-5.75914E-03
-2.3320E-07,-5.56383E-03
-2.3280E-07,-5.27086E-03
-2.3240E-07,-5.05602E-03
-2.3200E-07,-4.82164E-03
-2.3160E-07,-4.56773E-03
-2.3120E-07,-4.35289E-03
-2.3080E-07,-4.35289E-03
-2.3040E-07,-4.23570E-03
-2.3000E-07,-4.27477E-03
-2.2960E-07,-4.39195E-03
-2.2920E-07,-4.48961E-03
-2.2880E-07,-4.76305E-03
-2.2840E-07,-5.09508E-03
-2.2800E-07,-5.34898E-03
-2.2760E-07,-5.75914E-03
-2.2720E-07,-6.11070E-03
-2.2680E-07,-6.54039E-03
-2.2640E-07,-6.97008E-03
-2.2600E-07,-7.32164E-03
-2.2560E-07,-7.73180E-03
-2.2520E-07,-7.84898E-03
-2.2480E-07,-8.08336E-03
-2.2440E-07,-8.18102E-03
-2.2400E-07,-8.22008E-03
-2.2360E-07,-8.18102E-03
-2.2320E-07,-8.10289E-03
-2.2280E-07,-7.92711E-03
-2.2240E-07,-7.79039E-03
-2.2200E-07,-7.59508E-03
-2.2160E-07,-7.39977E-03
-2.2120E-07,-7.16539E-03
-2.2080E-07,-6.95055E-03
-2.2040E-07,-6.59898E-03
-2.2000E-07,-6.52086E-03
-2.1960E-07,-6.16930E-03
-2.1920E-07,-6.09117E-03
-2.1880E-07,-5.99352E-03
-2.1840E-07,-5.99352E-03
-2.1800E-07,-5.93492E-03
-2.1760E-07,-6.03258E-03
-2.1720E-07,-6.16930E-03
-2.1680E-07,-6.28648E-03
-2.1640E-07,-6.28648E-03
-2.1600E-07,-6.22789E-03
-2.1560E-07,-6.09117E-03
-2.1520E-07,-5.95445E-03
-2.1480E-07,-6.03258E-03
-2.1440E-07,-6.01305E-03
-2.1400E-07,-6.01305E-03
-2.1360E-07,-5.77867E-03
-2.1320E-07,-5.79820E-03
-2.1280E-07,-5.79820E-03
-2.1240E-07,-5.73961E-03
-2.1200E-07,-5.56383E-03
-2.1160E-07,-5.42711E-03
-2.1120E-07,-5.15367E-03
-2.1080E-07,-4.95836E-03
-2.1040E-07,-4.74352E-03
-2.1000E-07,-4.48961E-03
-2.0960E-07,-4.23570E-03
-2.0920E-07,-4.05992E-03
-2.0880E-07,-3.92320E-03
-2.0840E-07,-3.86461E-03
-2.0800E-07,-3.86461E-03
-2.0760E-07,-3.74742E-03
-2.0720E-07,-3.57164E-03
-2.0680E-07,-3.31773E-03
-2.0640E-07,-3.23961E-03
-2.0600E-07,-3.04430E-03
-2.0560E-07,-2.98570E-03
-2.0520E-07,-2.92711E-03
-2.0480E-07,-2.88805E-03
-2.0440E-07,-2.96617E-03
-2.0400E-07,-3.08336E-03
-2.0360E-07,-3.33727E-03
-2.0320E-07,-3.59117E-03
-2.0280E-07,-3.86461E-03
-2.0240E-07,-4.11852E-03
-2.0200E-07,-4.33336E-03
-2.0160E-07,-4.41148E-03
-2.0120E-07,-4.41148E-03
-2.0080E-07,-4.35289E-03
-2.0040E-07,-4.52867E-03
-2.0000E-07,-4.70445E-03
-1.9960E-07,-4.95836E-03
-1.9920E-07,-5.27086E-03
-1.9880E-07,-5.50523E-03
-1.9840E-07,-5.87633E-03
-1.9800E-07,-6.05211E-03
-1.9760E-07,-6.20836E-03
-1.9720E-07,-6.18883E-03
-1.9680E-07,-6.09117E-03
-1.9640E-07,-5.99352E-03
-1.9600E-07,-5.79820E-03
-1.9560E-07,-5.83727E-03
-1.9520E-07,-5.72008E-03
-1.9480E-07,-5.75914E-03
-1.9440E-07,-5.79820E-03
-1.9400E-07,-5.85680E-03
-1.9360E-07,-6.07164E-03
-1.9320E-07,-6.13023E-03
-1.9280E-07,-6.18883E-03
-1.9240E-07,-6.07164E-03
-1.9200E-07,-5.91539E-03
-1.9160E-07,-5.60289E-03
-1.9120E-07,-5.48570E-03
-1.9080E-07,-5.30992E-03
-1.9040E-07,-5.29039E-03
-1.9000E-07,-5.13414E-03
-1.8960E-07,-5.15367E-03
-1.8920E-07,-5.19273E-03
-1.8880E-07,-5.21227E-03
-1.8840E-07,-5.23180E-03
-1.8800E-07,-5.21227E-03
-1.8760E-07,-5.09508E-03
-1.8720E-07,-5.03648E-03
-1.8680E-07,-4.91930E-03
-1.8640E-07,-4.80211E-03
-1.8600E-07,-4.74352E-03
-1.8560E-07,-4.64586E-03
-1.8520E-07,-4.58727E-03
-1.8480E-07,-4.66539E-03
-1.8440E-07,-4.82164E-03
-1.8400E-07,-4.99742E-03
-1.8360E-07,-5.21227E-03
-1.8320E-07,-5.27086E-03
-1.8280E-07,-5.42711E-03
-1.8240E-07,-5.42711E-03
-1.8200E-07,-5.27086E-03
-1.8160E-07,-5.13414E-03
-1.8120E-07,-4.99742E-03
-1.8080E-07,-4.84117E-03
-1.8040E-07,-4.70445E-03
-1.8000E-07,-4.66539E-03
-1.7960E-07,-4.62633E-03
-1.7920E-07,-4.56773E-03
-1.7880E-07,-4.47008E-03
-1.7840E-07,-4.27477E-03
-1.7800E-07,-4.13805E-03
-1.7760E-07,-4.02086E-03
-1.7720E-07,-3.76695E-03
-1.7680E-07,-3.53258E-03
-1.7640E-07,-3.27867E-03
-1.7600E-07,-3.08336E-03
-1.7560E-07,-2.94664E-03
-1.7520E-07,-2.84898E-03
-1.7480E-07,-2.73180E-03
-1.7440E-07,-2.69273E-03
-1.7400E-07,-2.65367E-03
-1.7360E-07,-2.57555E-03
-1.7320E-07,-2.36070E-03
-1.7280E-07,-2.24352E-03
-1.7240E-07,-2.04820E-03
-1.7200E-07,-1.85289E-03
-1.7160E-07,-1.71617E-03
-1.7120E-07,-1.61852E-03
-1.7080E-07,-1.50133E-03
-1.7040E-07,-1.36461E-03
-1.7000E-07,-1.32555E-03
-1.6960E-07,-1.20836E-03
-1.6920E-07,-1.14977E-03
-1.6880E-07,-1.16930E-03
-1.6840E-07,-1.14977E-03
-1.6800E-07,-1.20836E-03
-1.6760E-07,-1.24742E-03
-1.6720E-07,-1.34508E-03
-1.6680E-07,-1.50133E-03
-1.6640E-07,-1.71617E-03
-1.6600E-07,-1.98961E-03
-1.6560E-07,-2.18492E-03
-1.6520E-07,-2.22398E-03
-1.6480E-07,-2.28258E-03
-1.6440E-07,-2.24352E-03
-1.6400E-07,-2.20445E-03
-1.6360E-07,-2.22398E-03
-1.6320E-07,-2.20445E-03
-1.6280E-07,-2.20445E-03
-1.6240E-07,-2.14586E-03
-1.6200E-07,-2.14586E-03
-1.6160E-07,-2.06773E-03
-1.6120E-07,-2.00914E-03
-1.6080E-07,-1.98961E-03
-1.6040E-07,-1.91148E-03
-1.6000E-07,-1.75523E-03
-1.5960E-07,-1.55992E-03
-1.5920E-07,-1.50133E-03
-1.5880E-07,-1.38414E-03
-1.5840E-07,-1.18883E-03
-1.5800E-07,-1.09117E-03
-1.5760E-07,-9.93516E-04
-1.5720E-07,-1.13023E-03
-1.5680E-07,-1.14977E-03
-1.5640E-07,-1.16930E-03
-1.5600E-07,-1.26695E-03
-1.5560E-07,-1.32555E-03
-1.5520E-07,-1.38414E-03
-1.5480E-07,-1.42320E-03
-1.5440E-07,-1.61852E-03
-1.5400E-07,-1.61852E-03
-1.5360E-07,-1.67711E-03
-1.5320E-07,-1.57945E-03
-1.5280E-07,-1.61852E-03
-1.5240E-07,-1.61852E-03
-1.5200E-07,-1.79430E-03
-1.5160E-07,-1.71617E-03
-1.5120E-07,-1.69664E-03
-1.5080E-07,-1.59898E-03
-1.5040E-07,-1.57945E-03
-1.5000E-07,-1.50133E-03
-1.4960E-07,-1.44273E-03
-1.4920E-07,-1.34508E-03
-1.4880E-07,-1.30602E-03
-1.4840E-07,-1.16930E-03
-1.4800E-07,-1.14977E-03
-1.4760E-07,-1.07164E-03
-1.4720E-07,-1.13023E-03
-1.4680E-07,-9.34922E-04
-1.4640E-07,-1.05211E-03
-1.4600E-07,-1.07164E-03
-1.4560E-07,-1.24742E-03
-1.4520E-07,-1.18883E-03
-1.4480E-07,-1.34508E-03
-1.4440E-07,-1.48180E-03
-1.4400E-07,-1.67711E-03
-1.4360E-07,-1.75523E-03
-1.4320E-07,-1.91148E-03
-1.4280E-07,-2.04820E-03
-1.4240E-07,-2.26305E-03
-1.4200E-07,-2.55602E-03
-1.4160E-07,-2.73180E-03
-1.4120E-07,-2.82945E-03
-1.4080E-07,-2.90758E-03
-1.4040E-07,-3.00523E-03
-1.4000E-07,-2.86852E-03
-1.3960E-07,-2.90758E-03
-1.3920E-07,-2.92711E-03
-1.3880E-07,-2.88805E-03
-1.3840E-07,-2.88805E-03
-1.3800E-07,-2.79039E-03
-1.3760E-07,-2.82945E-03
-1.3720E-07,-2.86852E-03
-1.3680E-07,-2.94664E-03
-1.3640E-07,-3.08336E-03
-1.3600E-07,-3.23961E-03
-1.3560E-07,-3.31773E-03
-1.3520E-07,-3.49352E-03
-1.3480E-07,-3.64977E-03
-1.3440E-07,-3.76695E-03
-1.3400E-07,-3.80602E-03
-1.3360E-07,-3.84508E-03
-1.3320E-07,-3.82555E-03
-1.3280E-07,-3.90367E-03
-1.3240E-07,-3.94273E-03
-1.3200E-07,-4.04039E-03
-1.3160E-07,-4.05992E-03
-1.3120E-07,-4.02086E-03
-1.3080E-07,-3.98180E-03
-1.3040E-07,-3.96227E-03
-1.3000E-07,-3.92320E-03
-1.2960E-07,-3.78648E-03
-1.2920E-07,-3.63023E-03
-1.2880E-07,-3.47398E-03
-1.2840E-07,-3.33727E-03
-1.2800E-07,-3.14195E-03
-1.2760E-07,-3.00523E-03
-1.2720E-07,-2.84898E-03
-1.2680E-07,-2.75133E-03
-1.2640E-07,-2.67320E-03
-1.2600E-07,-2.55602E-03
-1.2560E-07,-2.41930E-03
-1.2520E-07,-2.34117E-03
-1.2480E-07,-2.18492E-03
-1.2440E-07,-1.98961E-03
-1.2400E-07,-1.93102E-03
-1.2360E-07,-1.71617E-03
-1.2320E-07,-1.67711E-03
-1.2280E-07,-1.50133E-03
-1.2240E-07,-1.48180E-03
-1.2200E-07,-1.42320E-03
-1.2160E-07,-1.32555E-03
-1.2120E-07,-1.24742E-03
-1.2080E-07,-1.13023E-03
-1.2040E-07,-1.01305E-03
-1.2000E-07,-9.73984E-04
-1.1960E-07,-7.78672E-04
-1.1920E-07,-6.22422E-04
-1.1880E-07,-5.63828E-04
-1.1840E-07,-4.85703E-04
-1.1800E-07,-3.29453E-04
-1.1760E-07,-3.29453E-04
-1.1720E-07,-1.34141E-04
-1.1680E-07,-1.34141E-04
-1.1640E-07,-5.60156E-05
-1.1600E-07,-5.60156E-05
-1.1560E-07,-7.55469E-05
-1.1520E-07,-5.60156E-05
-1.1480E-07,-1.34141E-04
-1.1440E-07,-2.90391E-04
-1.1400E-07,-5.63828E-04
-1.1360E-07,-8.76328E-04
-1.1320E-07,-1.13023E-03
-1.1280E-07,-1.48180E-03
-1.1240E-07,-1.83336E-03
-1.1200E-07,-2.18492E-03
-1.1160E-07,-2.43883E-03
-1.1120E-07,-2.57555E-03
-1.1080E-07,-2.65367E-03
-1.1040E-07,-2.65367E-03
-1.1000E-07,-2.71227E-03
-1.0960E-07,-2.73180E-03
-1.0920E-07,-2.84898E-03
-1.0880E-07,-2.92711E-03
-1.0840E-07,-3.04430E-03
-1.0800E-07,-3.20055E-03
-1.0760E-07,-3.33727E-03
-1.0720E-07,-3.49352E-03
-1.0680E-07,-3.51305E-03
-1.0640E-07,-3.55211E-03
-1.0600E-07,-3.70836E-03
-1.0560E-07,-3.76695E-03
-1.0520E-07,-3.78648E-03
-1.0480E-07,-3.72789E-03
-1.0440E-07,-3.66930E-03
-1.0400E-07,-3.64977E-03
-1.0360E-07,-3.68883E-03
-1.0320E-07,-3.72789E-03
-1.0280E-07,-3.72789E-03
-1.0240E-07,-3.78648E-03
-1.0200E-07,-3.70836E-03
-1.0160E-07,-3.72789E-03
-1.0120E-07,-3.57164E-03
-1.0080E-07,-3.51305E-03
-1.0040E-07,-3.43492E-03
-1.0000E-07,-3.31773E-03
-9.9600E-08,-3.27867E-03
-9.9200E-08,-3.20055E-03
-9.8800E-08,-3.20055E-03
-9.8400E-08,-3.08336E-03
-9.8000E-08,-3.08336E-03
-9.7600E-08,-3.04430E-03
-9.7200E-08,-3.12242E-03
-9.6800E-08,-3.18102E-03
-9.6400E-08,-3.23961E-03
-9.6000E-08,-3.31773E-03
-9.5600E-08,-3.35680E-03
-9.5200E-08,-3.47398E-03
-9.4800E-08,-3.49352E-03
-9.4400E-08,-3.63023E-03
-9.4000E-08,-3.55211E-03
-9.3600E-08,-3.47398E-03
-9.3200E-08,-3.43492E-03
-9.2800E-08,-3.37633E-03
-9.2400E-08,-3.25914E-03
-9.2000E-08,-3.31773E-03
-9.1600E-08,-3.33727E-03
-9.1200E-08,-3.25914E-03
-9.0800E-08,-3.23961E-03
-9.0400E-08,-3.20055E-03
-9.0000E-08,-3.20055E-03
-8.9600E-08,-3.16148E-03
-8.9200E-08,-3.04430E-03
-8.8800E-08,-2.94664E-03
-8.8400E-08,-2.82945E-03
-8.8000E-08,-2.73180E-03
-8.7600E-08,-2.55602E-03
-8.7200E-08,-2.45836E-03
-8.6800E-08,-2.34117E-03
-8.6400E-08,-2.39977E-03
-8.6000E-08,-2.24352E-03
-8.5600E-08,-2.16539E-03
-8.5200E-08,-2.06773E-03
-8.4800E-08,-1.98961E-03
-8.4400E-08,-1.79430E-03
-8.4000E-08,-1.73570E-03
-8.3600E-08,-1.65758E-03
-8.3200E-08,-1.54039E-03
-8.2800E-08,-1.42320E-03
-8.2400E-08,-1.32555E-03
-8.2000E-08,-1.18883E-03
-8.1600E-08,-1.18883E-03
-8.1200E-08,-1.05211E-03
-8.0800E-08,-1.01305E-03
-8.0400E-08,-9.93516E-04
-8.0000E-08,-9.15391E-04
-7.9600E-08,-7.59141E-04
-7.9200E-08,-7.39609E-04
-7.8800E-08,-6.02891E-04
-7.8400E-08,-5.63828E-04
-7.8000E-08,-5.05234E-04
-7.7600E-08,-5.05234E-04
-7.7200E-08,-4.66172E-04
-7.6800E-08,-5.83359E-04
-7.6400E-08,-5.24766E-04
-7.6000E-08,-4.85703E-04
-7.5600E-08,-4.07578E-04
-7.5200E-08,-4.46641E-04
-7.4800E-08,-3.29453E-04
-7.4400E-08,-2.70859E-04
-7.4000E-08,-2.31797E-04
-7.3600E-08,-3.88047E-04
-7.3200E-08,-4.85703E-04
-7.2800E-08,-7.39609E-04
-7.2400E-08,-9.93516E-04
-7.2000E-08,-1.34508E-03
-7.1600E-08,-1.71617E-03
-7.1200E-08,-2.08727E-03
-7.0800E-08,-2.39977E-03
-7.0400E-08,-2.69273E-03
-7.0000E-08,-2.77086E-03
-6.9600E-08,-3.10289E-03
-6.9200E-08,-3.20055E-03
-6.8800E-08,-3.45445E-03
-6.8400E-08,-3.57164E-03
-6.8000E-08,-3.82555E-03
-6.7600E-08,-4.02086E-03
-6.7200E-08,-4.13805E-03
-6.6800E-08,-4.17711E-03
-6.6400E-08,-4.13805E-03
-6.6000E-08,-4.07945E-03
-6.5600E-08,-4.04039E-03
-6.5200E-08,-3.90367E-03
-6.4800E-08,-3.74742E-03
-6.4400E-08,-3.59117E-03
-6.4000E-08,-3.43492E-03
-6.3600E-08,-3.39586E-03
-6.3200E-08,-3.23961E-03
-6.2800E-08,-3.20055E-03
-6.2400E-08,-3.25914E-03
-6.2000E-08,-3.29820E-03
-6.1600E-08,-3.43492E-03
-6.1200E-08,-3.66930E-03
-6.0800E-08,-3.94273E-03
-6.0400E-08,-4.17711E-03
-6.0000E-08,-4.60680E-03
-5.9600E-08,-4.97789E-03
-5.9200E-08,-5.42711E-03
-5.8800E-08,-5.68102E-03
-5.8400E-08,-5.95445E-03
-5.8000E-08,-6.20836E-03
-5.7600E-08,-6.52086E-03
-5.7200E-08,-6.71617E-03
-5.6800E-08,-7.06773E-03
-5.6400E-08,-7.28258E-03
-5.6000E-08,-7.57555E-03
-5.5600E-08,-7.65367E-03
-5.5200E-08,-7.71227E-03
-5.4800E-08,-7.65367E-03
-5.4400E-08,-7.57555E-03
-5.4000E-08,-7.41930E-03
-5.3600E-08,-7.26305E-03
-5.3200E-08,-7.06773E-03
-5.2800E-08,-6.93102E-03
-5.2400E-08,-6.73570E-03
-5.2000E-08,-6.61852E-03
-5.1600E-08,-6.38414E-03
-5.1200E-08,-6.32555E-03
-5.0800E-08,-6.30602E-03
-5.0400E-08,-6.42320E-03
-5.0000E-08,-6.42320E-03
-4.9600E-08,-6.34508E-03
-4.9200E-08,-6.30602E-03
-4.8800E-08,-6.32555E-03
-4.8400E-08,-6.20836E-03
-4.8000E-08,-6.24742E-03
-4.7600E-08,-6.18883E-03
-4.7200E-08,-6.20836E-03
-4.6800E-08,-6.13023E-03
-4.6400E-08,-6.09117E-03
-4.6000E-08,-6.07164E-03
-4.5600E-08,-6.07164E-03
-4.5200E-08,-6.14977E-03
-4.4800E-08,-6.16930E-03
-4.4400E-08,-6.24742E-03
-4.4000E-08,-6.40367E-03
-4.3600E-08,-6.44273E-03
-4.3200E-08,-6.57945E-03
-4.2800E-08,-6.52086E-03
-4.2400E-08,-6.50133E-03
-4.2000E-08,-6.42320E-03
-4.1600E-08,-6.36461E-03
-4.1200E-08,-6.32555E-03
-4.0800E-08,-6.18883E-03
-4.0400E-08,-6.03258E-03
-4.0000E-08,-5.87633E-03
-3.9600E-08,-5.81773E-03
-3.9200E-08,-5.62242E-03
-3.8800E-08,-5.60289E-03
-3.8400E-08,-5.38805E-03
-3.8000E-08,-5.21227E-03
-3.7600E-08,-5.03648E-03
-3.7200E-08,-4.78258E-03
-3.6800E-08,-4.54820E-03
-3.6400E-08,-4.37242E-03
-3.6000E-08,-4.15758E-03
-3.5600E-08,-3.98180E-03
-3.5200E-08,-3.86461E-03
-3.4800E-08,-3.74742E-03
-3.4400E-08,-3.57164E-03
-3.4000E-08,-3.47398E-03
-3.3600E-08,-3.39586E-03
-3.3200E-08,-3.31773E-03
-3.2800E-08,-3.35680E-03
-3.2400E-08,-3.33727E-03
-3.2000E-08,-3.35680E-03
-3.1600E-08,-3.31773E-03
-3.1200E-08,-3.47398E-03
-3.0800E-08,-3.45445E-03
-3.0400E-08,-3.49352E-03
-3.0000E-08,-3.33727E-03
-2.9600E-08,-3.22008E-03
-2.9200E-08,-3.20055E-03
-2.8800E-08,-3.06383E-03
-2.8400E-08,-3.00523E-03
-2.8000E-08,-2.92711E-03
-2.7600E-08,-2.80992E-03
-2.7200E-08,-2.71227E-03
-2.6800E-08,-2.71227E-03
-2.6400E-08,-2.69273E-03
-2.6000E-08,-2.65367E-03
-2.5600E-08,-2.73180E-03
-2.5200E-08,-2.71227E-03
-2.4800E-08,-2.92711E-03
-2.4400E-08,-3.23961E-03
-2.4000E-08,-3.63023E-03
-2.3600E-08,-4.00133E-03
-2.3200E-08,-4.37242E-03
-2.2800E-08,-4.84117E-03
-2.2400E-08,-5.32945E-03
-2.2000E-08,-5.81773E-03
-2.1600E-08,-6.13023E-03
-2.1200E-08,-6.26695E-03
-2.0800E-08,-6.36461E-03
-2.0400E-08,-6.36461E-03
-2.0000E-08,-6.42320E-03
-1.9600E-08,-6.48180E-03
-1.9200E-08,-6.55992E-03
-1.8800E-08,-6.48180E-03
-1.8400E-08,-6.46227E-03
-1.8000E-08,-6.34508E-03
-1.7600E-08,-6.20836E-03
-1.7200E-08,-5.99352E-03
-1.6800E-08,-5.79820E-03
-1.6400E-08,-5.54430E-03
-1.6000E-08,-5.25133E-03
-1.5600E-08,-4.97789E-03
-1.5200E-08,-4.80211E-03
-1.4800E-08,-4.62633E-03
-1.4400E-08,-4.50914E-03
-1.4000E-08,-4.35289E-03
-1.3600E-08,-4.39195E-03
-1.3200E-08,-4.33336E-03
-1.2800E-08,-4.35289E-03
-1.2400E-08,-4.23570E-03
-1.2000E-08,-4.05992E-03
-1.1600E-08,-3.92320E-03
-1.1200E-08,-3.84508E-03
-1.0800E-08,-3.63023E-03
-1.0400E-08,-3.49352E-03
-1.0000E-08,-3.37633E-03
-9.6000E-09,-3.22008E-03
-9.2000E-09,-3.18102E-03
-8.8000E-09,-3.06383E-03
-8.4000E-09,-2.98570E-03
-8.0000E-09,-2.79039E-03
-7.6000E-09,-2.61461E-03
-7.2000E-09,-2.39977E-03
-6.8000E-09,-2.26305E-03
-6.4000E-09,-2.06773E-03
-6.0000E-09,-1.87242E-03
-5.6000E-09,-1.65758E-03
-5.2000E-09,-1.46227E-03
-4.8000E-09,-1.40367E-03
-4.4000E-09,-1.32555E-03
-4.0000E-09,-1.18883E-03
-3.6000E-09,-1.11070E-03
-3.2000E-09,-1.03258E-03
-2.8000E-09,-7.98203E-04
-2.4000E-09,-7.00547E-04
-2.0000E-09,-5.63828E-04
-1.6000E-09,-4.66172E-04
-1.2000E-09,-3.48984E-04
-8.0000E-10,-3.48984E-04
-4.0000E-10,-2.51328E-04
3.7500E-22,-1.73203E-04
4.0000E-10,-1.53672E-04
8.0000E-10,-1.92734E-04
1.2000E-09,-1.53672E-04
1.6000E-09,-3.88047E-04
2.0000E-09,-4.27109E-04
2.4000E-09,-6.22422E-04
2.8000E-09,-8.17734E-04
3.2000E-09,-1.13023E-03
3.6000E-09,-1.22789E-03
4.0000E-09,-1.50133E-03
4.4000E-09,-1.57945E-03
4.8000E-09,-1.67711E-03
5.2000E-09,-1.67711E-03
5.6000E-09,-1.77477E-03
6.0000E-09,-1.83336E-03
6.4000E-09,-1.97008E-03
6.8000E-09,-2.02867E-03
7.2000E-09,-2.08727E-03
7.6000E-09,-2.22398E-03
8.0000E-09,-2.34117E-03
8.4000E-09,-2.28258E-03
8.8000E-09,-2.30211E-03
9.2000E-09,-2.20445E-03
9.6000E-09,-2.16539E-03
1.0000E-08,-2.12633E-03
1.0400E-08,-2.02867E-03
1.0800E-08,-2.04820E-03
1.1200E-08,-2.14586E-03
1.1600E-08,-2.08727E-03
1.2000E-08,-2.24352E-03
1.2400E-08,-2.34117E-03
1.2800E-08,-2.43883E-03
1.3200E-08,-2.41930E-03
1.3600E-08,-2.49742E-03
1.4000E-08,-2.32164E-03
1.4400E-08,-2.32164E-03
1.4800E-08,-2.20445E-03
1.5200E-08,-2.20445E-03
1.5600E-08,-2.04820E-03
1.6000E-08,-2.06773E-03
1.6400E-08,-1.98961E-03
1.6800E-08,-1.93102E-03
1.7200E-08,-1.95055E-03
1.7600E-08,-1.79430E-03
1.8000E-08,-1.69664E-03
1.8400E-08,-1.61852E-03
1.8800E-08,-1.44273E-03
1.9200E-08,-1.32555E-03
1.9600E-08,-1.14977E-03
2.0000E-08,-9.73984E-04
2.0400E-08,-8.56797E-04
2.0800E-08,-8.37266E-04
2.1200E-08,-7.78672E-04
2.1600E-08,-7.00547E-04
2.2000E-08,-6.22422E-04
2.2400E-08,-6.81016E-04
2.2800E-08,-5.24766E-04
2.3200E-08,-3.48984E-04
2.3600E-08,-2.90391E-04
2.4000E-08,-2.31797E-04
2.4400E-08,-1.53672E-04
2.4800E-08,-1.14609E-04
2.5200E-08,-3.64844E-05
2.5600E-08,2.21094E-05
2.6000E-08,-3.64844E-05
2.6400E-08,-1.34141E-04
2.6800E-08,-1.73203E-04
2.7200E-08,-3.29453E-04
2.7600E-08,-3.48984E-04
2.8000E-08,-5.05234E-04
2.8400E-08,-6.22422E-04
2.8800E-08,-7.39609E-04
2.9200E-08,-7.78672E-04
2.9600E-08,-7.39609E-04
3.0000E-08,-7.00547E-04
3.0400E-08,-6.41953E-04
3.0800E-08,-6.02891E-04
3.1200E-08,-6.61484E-04
3.1600E-08,-6.41953E-04
3.2000E-08,-6.41953E-04
3.2400E-08,-5.63828E-04
3.2800E-08,-5.44297E-04
3.3200E-08,-4.66172E-04
3.3600E-08,-5.44297E-04
3.4000E-08,-4.27109E-04
3.4400E-08,-2.51328E-04
3.4800E-08,-2.90391E-04
3.5200E-08,-2.70859E-04
3.5600E-08,-2.12266E-04
3.6000E-08,-1.73203E-04
3.6400E-08,-1.34141E-04
3.6800E-08,-2.51328E-04
3.7200E-08,-2.12266E-04
3.7600E-08,-2.70859E-04
3.8000E-08,-2.70859E-04
3.8400E-08,-1.14609E-04
3.8800E-08,-5.60156E-05
3.9200E-08,2.21094E-05
3.9600E-08,1.19766E-04
4.0000E-08,4.16406E-05
4.0400E-08,1.78359E-04
4.0800E-08,1.78359E-04
4.1200E-08,2.17422E-04
4.1600E-08,2.36953E-04
4.2000E-08,2.95547E-04
4.2400E-08,2.76016E-04
4.2800E-08,3.93203E-04
4.3200E-08,4.51797E-04
4.3600E-08,5.10391E-04
4.4000E-08,5.49453E-04
4.4400E-08,5.29922E-04
4.4800E-08,5.29922E-04
4.5200E-08,4.71328E-04
4.5600E-08,4.12734E-04
4.6000E-08,2.95547E-04
4.6400E-08,1.39297E-04
4.6800E-08,2.21094E-05
4.7200E-08,4.16406E-05
4.7600E-08,2.21094E-05
4.8000E-08,4.16406E-05
4.8400E-08,2.21094E-05
4.8800E-08,1.19766E-04
4.9200E-08,6.11719E-05
4.9600E-08,2.21094E-05
5.0000E-08,1.39297E-04
5.0400E-08,8.07031E-05
5.0800E-08,2.21094E-05
5.1200E-08,-1.69531E-05
5.1600E-08,2.57813E-06
5.2000E-08,-9.50781E-05
5.2400E-08,-7.55469E-05
5.2800E-08,-1.92734E-04
5.3200E-08,-2.51328E-04
5.3600E-08,-2.90391E-04
5.4000E-08,-3.48984E-04
5.4400E-08,-4.27109E-04
5.4800E-08,-3.68516E-04
5.5200E-08,-4.66172E-04
5.5600E-08,-4.07578E-04
5.6000E-08,-4.27109E-04
5.6400E-08,-3.68516E-04
5.6800E-08,-4.66172E-04
5.7200E-08,-4.07578E-04
5.7600E-08,-3.09922E-04
5.8000E-08,-3.29453E-04
5.8400E-08,-3.09922E-04
5.8800E-08,-2.70859E-04
5.9200E-08,-2.70859E-04
5.9600E-08,-1.53672E-04
6.0000E-08,-1.73203E-04
6.0400E-08,2.57813E-06
6.0800E-08,2.21094E-05
6.1200E-08,1.19766E-04
6.1600E-08,1.39297E-04
6.2000E-08,1.58828E-04
6.2400E-08,1.39297E-04
6.2800E-08,2.36953E-04
6.3200E-08,2.36953E-04
6.3600E-08,2.95547E-04
6.4000E-08,2.36953E-04
6.4400E-08,2.36953E-04
6.4800E-08,1.58828E-04
6.5200E-08,1.58828E-04
6.5600E-08,8.07031E-05
6.6000E-08,-5.60156E-05
6.6400E-08,-2.12266E-04
6.6800E-08,-3.48984E-04
6.7200E-08,-4.85703E-04
6.7600E-08,-4.66172E-04
6.8000E-08,-4.66172E-04
6.8400E-08,-4.27109E-04
6.8800E-08,-4.27109E-04
6.9200E-08,-4.07578E-04
6.9600E-08,-4.66172E-04
7.0000E-08,-3.29453E-04
7.0400E-08,-3.09922E-04
7.0800E-08,-2.70859E-04
7.1200E-08,-2.70859E-04
7.1600E-08,-1.92734E-04
7.2000E-08,-2.51328E-04
7.2400E-08,-1.73203E-04
7.2800E-08,-5.60156E-05
7.3200E-08,6.11719E-05
7.3600E-08,1.00234E-04
7.4000E-08,2.17422E-04
7.4400E-08,2.76016E-04
7.4800E-08,2.76016E-04
7.5200E-08,3.15078E-04
7.5600E-08,4.32266E-04
7.6000E-08,2.95547E-04
7.6400E-08,4.51797E-04
7.6800E-08,5.10391E-04
7.7200E-08,5.29922E-04
7.7600E-08,6.27578E-04
7.8000E-08,6.27578E-04
7.8400E-08,6.08047E-04
7.8800E-08,7.83828E-04
7.9200E-08,8.22891E-04
7.9600E-08,8.81484E-04
8.0000E-08,8.22891E-04
8.0400E-08,8.42422E-04
8.0800E-08,8.61953E-04
8.1200E-08,8.61953E-04
8.1600E-08,8.61953E-04
8.2000E-08,9.01016E-04
8.2400E-08,8.61953E-04
8.2800E-08,8.42422E-04
8.3200E-08,8.42422E-04
8.3600E-08,9.79141E-04
8.4000E-08,9.98672E-04
8.4400E-08,1.03773E-03
8.4800E-08,1.01820E-03
8.5200E-08,1.03773E-03
8.5600E-08,1.07680E-03
8.6000E-08,1.05727E-03
8.6400E-08,1.11586E-03
8.6800E-08,1.15492E-03
8.7200E-08,1.11586E-03
8.7600E-08,1.21352E-03
8.8000E-08,1.23305E-03
8.8400E-08,1.31117E-03
8.8800E-08,1.36977E-03
8.9200E-08,1.35023E-03
8.9600E-08,1.46742E-03
9.0000E-08,1.46742E-03
9.0400E-08,1.50648E-03
9.0800E-08,1.50648E-03
9.1200E-08,1.42836E-03
9.1600E-08,1.38930E-03
9.2000E-08,1.36977E-03
9.2400E-08,1.36977E-03
9.2800E-08,1.29164E-03
9.3200E-08,1.17445E-03
9.3600E-08,1.09633E-03
9.4000E-08,9.98672E-04
9.4400E-08,8.81484E-04
9.4800E-08,9.59609E-04
9.5200E-08,9.01016E-04
9.5600E-08,9.59609E-04
9.6000E-08,8.81484E-04
9.6400E-08,9.40078E-04
9.6800E-08,8.61953E-04
9.7200E-08,9.20547E-04
9.7600E-08,9.20547E-04
9.8000E-08,9.59609E-04
9.8400E-08,9.79141E-04
9.8800E-08,1.03773E-03
9.9200E-08,1.09633E-03
9.9600E-08,1.05727E-03
1.0000E-07,1.15492E-03
1.0040E-07,1.13539E-03
1.0080E-07,1.19398E-03
1.0120E-07,1.19398E-03
1.0160E-07,1.25258E-03
1.0200E-07,1.27211E-03
1.0240E-07,1.21352E-03
1.0280E-07,1.29164E-03
1.0320E-07,1.27211E-03
1.0360E-07,1.29164E-03
1.0400E-07,1.38930E-03
1.0440E-07,1.42836E-03
1.0480E-07,1.40883E-03
1.0520E-07,1.48695E-03
1.0560E-07,1.40883E-03
1.0600E-07,1.48695E-03
1.0640E-07,1.52602E-03
1.0680E-07,1.54555E-03
1.0720E-07,1.52602E-03
1.0760E-07,1.66273E-03
1.0800E-07,1.60414E-03
1.0840E-07,1.66273E-03
1.0880E-07,1.58461E-03
1.0920E-07,1.76039E-03
1.0960E-07,1.83852E-03
1.1000E-07,1.83852E-03
1.1040E-07,1.79945E-03
1.1080E-07,1.89711E-03
1.1120E-07,1.95570E-03
1.1160E-07,1.91664E-03
1.1200E-07,1.97523E-03
1.1240E-07,2.03383E-03
1.1280E-07,2.03383E-03
1.1320E-07,1.99477E-03
1.1360E-07,1.99477E-03
1.1400E-07,2.03383E-03
1.1440E-07,2.03383E-03
1.1480E-07,1.99477E-03
1.1520E-07,1.83852E-03
1.1560E-07,1.76039E-03
1.1600E-07,1.52602E-03
1.1640E-07,1.58461E-03
1.1680E-07,1.25258E-03
1.1720E-07,1.11586E-03
1.1760E-07,1.01820E-03
1.1800E-07,8.42422E-04
1.1840E-07,8.22891E-04
1.1880E-07,8.03359E-04
1.1920E-07,7.44766E-04
1.1960E-07,7.44766E-04
1.2000E-07,6.86172E-04
1.2040E-07,6.86172E-04
1.2080E-07,6.66641E-04
1.2120E-07,6.66641E-04
1.2160E-07,6.08047E-04
1.2200E-07,7.05703E-04
1.2240E-07,7.44766E-04
1.2280E-07,7.64297E-04
1.2320E-07,7.64297E-04
1.2360E-07,8.81484E-04
1.2400E-07,9.40078E-04
1.2440E-07,1.03773E-03
1.2480E-07,9.79141E-04
1.2520E-07,1.09633E-03
1.2560E-07,1.01820E-03
1.2600E-07,1.03773E-03
1.2640E-07,1.01820E-03
1.2680E-07,1.03773E-03
1.2720E-07,1.05727E-03
1.2760E-07,1.07680E-03
1.2800E-07,1.13539E-03
1.2840E-07,1.25258E-03
1.2880E-07,1.23305E-03
1.2920E-07,1.33070E-03
1.2960E-07,1.31117E-03
1.3000E-07,1.27211E-03
1.3040E-07,1.29164E-03
1.3080E-07,1.35023E-03
1.3120E-07,1.33070E-03
1.3160E-07,1.38930E-03
1.3200E-07,1.48695E-03
1.3240E-07,1.50648E-03
1.3280E-07,1.50648E-03
1.3320E-07,1.56508E-03
1.3360E-07,1.62367E-03
1.3400E-07,1.66273E-03
1.3440E-07,1.68227E-03
1.3480E-07,1.77992E-03
1.3520E-07,1.77992E-03
1.3560E-07,1.77992E-03
1.3600E-07,1.76039E-03
1.3640E-07,1.83852E-03
1.3680E-07,1.89711E-03
1.3720E-07,1.91664E-03
1.3760E-07,1.89711E-03
1.3800E-07,1.95570E-03
1.3840E-07,1.95570E-03
1.3880E-07,2.01430E-03
1.3920E-07,2.05336E-03
1.3960E-07,2.09242E-03
1.4000E-07,2.09242E-03
1.4040E-07,2.09242E-03
1.4080E-07,2.11195E-03
1.4120E-07,2.19008E-03
1.4160E-07,2.17055E-03
1.4200E-07,2.22914E-03
1.4240E-07,2.20961E-03
1.4280E-07,2.20961E-03
1.4320E-07,2.28773E-03
1.4360E-07,2.28773E-03
1.4400E-07,2.30727E-03
1.4440E-07,2.26820E-03
1.4480E-07,2.28773E-03
1.4520E-07,2.36586E-03
1.4560E-07,2.38539E-03
1.4600E-07,2.32680E-03
1.4640E-07,2.32680E-03
1.4680E-07,2.34633E-03
1.4720E-07,2.32680E-03
1.4760E-07,2.42445E-03
1.4800E-07,2.38539E-03
1.4840E-07,2.44398E-03
1.4880E-07,2.40492E-03
1.4920E-07,2.48305E-03
1.4960E-07,2.56117E-03
1.5000E-07,2.52211E-03
1.5040E-07,2.50258E-03
1.5080E-07,2.54164E-03
1.5120E-07,2.52211E-03
1.5160E-07,2.50258E-03
1.5200E-07,2.54164E-03
1.5240E-07,2.56117E-03
1.5280E-07,2.54164E-03
1.5320E-07,2.56117E-03
1.5360E-07,2.58070E-03
1.5400E-07,2.56117E-03
1.5440E-07,2.63930E-03
1.5480E-07,2.63930E-03
1.5520E-07,2.58070E-03
1.5560E-07,2.60023E-03
1.5600E-07,2.65883E-03
1.5640E-07,2.52211E-03
1.5680E-07,2.63930E-03
1.5720E-07,2.60023E-03
1.5760E-07,2.61977E-03
1.5800E-07,2.63930E-03
1.5840E-07,2.65883E-03
1.5880E-07,2.63930E-03
1.5920E-07,2.71742E-03
1.5960E-07,2.71742E-03
1.6000E-07,2.67836E-03
1.6040E-07,2.69789E-03
1.6080E-07,2.71742E-03
1.6120E-07,2.67836E-03
1.6160E-07,2.63930E-03
1.6200E-07,2.67836E-03
1.6240E-07,2.69789E-03
1.6280E-07,2.63930E-03
1.6320E-07,2.63930E-03
1.6360E-07,2.69789E-03
1.6400E-07,2.61977E-03
1.6440E-07,2.61977E-03
1.6480E-07,2.61977E-03
1.6520E-07,2.71742E-03
1.6560E-07,2.56117E-03
1.6600E-07,2.61977E-03
1.6640E-07,2.61977E-03
1.6680E-07,2.69789E-03
1.6720E-07,2.60023E-03
1.6760E-07,2.65883E-03
1.6800E-07,2.60023E-03
1.6840E-07,2.56117E-03
1.6880E-07,2.60023E-03
1.6920E-07,2.56117E-03
1.6960E-07,2.54164E-03
1.7000E-07,2.60023E-03
1.7040E-07,2.61977E-03
1.7080E-07,2.67836E-03
1.7120E-07,2.60023E-03
1.7160E-07,2.61977E-03
1.7200E-07,2.63930E-03
1.7240E-07,2.63930E-03
1.7280E-07,2.60023E-03
1.7320E-07,2.63930E-03
1.7360E-07,2.63930E-03
1.7400E-07,2.60023E-03
1.7440E-07,2.60023E-03
1.7480E-07,2.61977E-03
1.7520E-07,2.65883E-03
1.7560E-07,2.60023E-03
1.7600E-07,2.63930E-03
1.7640E-07,2.63930E-03
1.7680E-07,2.61977E-03
1.7720E-07,2.65883E-03
1.7760E-07,2.69789E-03
1.7800E-07,2.69789E-03
1.7840E-07,2.67836E-03
1.7880E-07,2.69789E-03
1.7920E-07,2.67836E-03
1.7960E-07,2.71742E-03
1.8000E-07,2.73695E-03
1.8040E-07,2.75648E-03
1.8080E-07,2.65883E-03
1.8120E-07,2.71742E-03
1.8160E-07,2.71742E-03
1.8200E-07,2.67836E-03
1.8240E-07,2.65883E-03
1.8280E-07,2.65883E-03
1.8320E-07,2.61977E-03
1.8360E-07,2.65883E-03
1.8400E-07,2.65883E-03
1.8440E-07,2.63930E-03
1.8480E-07,2.60023E-03
1.8520E-07,2.65883E-03
1.8560E-07,2.60023E-03
1.8600E-07,2.67836E-03
1.8640E-07,2.63930E-03
1.8680E-07,2.65883E-03
1.8720E-07,2.54164E-03
1.8760E-07,2.58070E-03
1.8800E-07,2.69789E-03
1.8840E-07,2.61977E-03
1.8880E-07,2.60023E-03
1.8920E-07,2.63930E-03
1.8960E-07,2.60023E-03
1.9000E-07,2.61977E-03
1.9040E-07,2.67836E-03
1.9080E-07,2.63930E-03
1.9120E-07,2.71742E-03
1.9160E-07,2.69789E-03
1.9200E-07,2.60023E-03
1.9240E-07,2.63930E-03
1.9280E-07,2.71742E-03
1.9320E-07,2.60023E-03
1.9360E-07,2.60023E-03
1.9400E-07,2.69789E-03
1.9440E-07,2.73695E-03
1.9480E-07,2.67836E-03
1.9520E-07,2.67836E-03
1.9560E-07,2.73695E-03
1.9600E-07,2.67836E-03
1.9640E-07,2.73695E-03
1.9680E-07,2.65883E-03
1.9720E-07,2.77602E-03
1.9760E-07,2.69789E-03
1.9800E-07,2.69789E-03
1.9840E-07,2.69789E-03
1.9880E-07,2.73695E-03
1.9920E-07,2.77602E-03
1.9960E-07,2.75648E-03
2.0000E-07,2.75648E-03
2.0040E-07,2.81508E-03
2.0080E-07,2.77602E-03
2.0120E-07,2.75648E-03
2.0160E-07,2.75648E-03
2.0200E-07,2.79555E-03
2.0240E-07,2.75648E-03
2.0280E-07,2.77602E-03
2.0320E-07,2.73695E-03
2.0360E-07,2.81508E-03
2.0400E-07,2.71742E-03
2.0440E-07,2.73695E-03
2.0480E-07,2.79555E-03
2.0520E-07,2.85414E-03
2.0560E-07,2.79555E-03
2.0600E-07,2.83461E-03
2.0640E-07,2.73695E-03
2.0680E-07,2.85414E-03
2.0720E-07,2.79555E-03
2.0760E-07,2.79555E-03
2.0800E-07,2.77602E-03
2.0840E-07,2.81508E-03
2.0880E-07,2.85414E-03
2.0920E-07,2.91273E-03
2.0960E-07,2.89320E-03
2.1000E-07,2.93227E-03
2.1040E-07,2.85414E-03
2.1080E-07,2.85414E-03
2.1120E-07,2.81508E-03
2.1160E-07,2.93227E-03
2.1200E-07,2.83461E-03
2.1240E-07,2.89320E-03
2.1280E-07,2.83461E-03
2.1320E-07,2.87367E-03
2.1360E-07,2.93227E-03
2.1400E-07,2.85414E-03
2.1440E-07,2.87367E-03
2.1480E-07,2.93227E-03
2.1520E-07,2.91273E-03
2.1560E-07,2.91273E-03
2.1600E-07,2.83461E-03
2.1640E-07,2.89320E-03
2.1680E-07,2.89320E-03
2.1720E-07,2.91273E-03
2.1760E-07,2.87367E-03
2.1800E-07,2.89320E-03
2.1840E-07,2.91273E-03
2.1880E-07,2.89320E-03
2.1920E-07,2.89320E-03
2.1960E-07,2.87367E-03
2.2000E-07,2.89320E-03
2.2040E-07,2.91273E-03
2.2080E-07,2.89320E-03
2.2120E-07,2.89320E-03
2.2160E-07,2.89320E-03
2.2200E-07,2.93227E-03
2.2240E-07,2.85414E-03
2.2280E-07,2.97133E-03
2.2320E-07,2.89320E-03
2.2360E-07,2.93227E-03
2.2400E-07,2.91273E-03
2.2440E-07,2.93227E-03
2.2480E-07,2.91273E-03
2.2520E-07,2.93227E-03
2.2560E-07,2.85414E-03
2.2600E-07,2.89320E-03
2.2640E-07,2.91273E-03
2.2680E-07,2.91273E-03
2.2720E-07,2.85414E-03
2.2760E-07,2.89320E-03
2.2800E-07,2.93227E-03
2.2840E-07,2.89320E-03
2.2880E-07,2.87367E-03
2.2920E-07,2.95180E-03
2.2960E-07,2.91273E-03
2.3000E-07,2.93227E-03
2.3040E-07,2.89320E-03
2.3080E-07,2.85414E-03
2.3120E-07,2.93227E-03
2.3160E-07,2.95180E-03
2.3200E-07,2.91273E-03
2.3240E-07,2.87367E-03
2.3280E-07,2.99086E-03
2.3320E-07,2.91273E-03
2.3360E-07,2.87367E-03
2.3400E-07,2.93227E-03
2.3440E-07,2.89320E-03
2.3480E-07,2.91273E-03
2.3520E-07,2.89320E-03
2.3560E-07,2.91273E-03
2.3600E-07,2.91273E-03
2.3640E-07,2.95180E-03
2.3680E-07,2.89320E-03
2.3720E-07,2.99086E-03
2.3760E-07,2.95180E-03
2.3800E-07,2.93227E-03
2.3840E-07,2.95180E-03
2.3880E-07,2.93227E-03
2.3920E-07,2.97133E-03
2.3960E-07,2.95180E-03
2.4000E-07,3.01039E-03
2.4040E-07,2.89320E-03
2.4080E-07,3.01039E-03
2.4120E-07,2.93227E-03
2.4160E-07,2.91273E-03
2.4200E-07,2.95180E-03
2.4240E-07,2.83461E-03
2.4280E-07,2.97133E-03
2.4320E-07,2.91273E-03
2.4360E-07,2.95180E-03
2.4400E-07,2.91273E-03
2.4440E-07,2.91273E-03
2.4480E-07,2.83461E-03
2.4520E-07,2.93227E-03
2.4560E-07,2.89320E-03
2.4600E-07,2.91273E-03
2.4640E-07,2.87367E-03
2.4680E-07,2.95180E-03
2.4720E-07,2.89320E-03
2.4760E-07,2.91273E-03
2.4800E-07,2.95180E-03
2.4840E-07,2.95180E-03
2.4880E-07,2.93227E-03
2.4920E-07,2.87367E-03
2.4960E-07,2.91273E-03
2.5000E-07,2.93227E-03
2.5040E-07,2.85414E-03
2.5080E-07,2.87367E-03
2.5120E-07,2.87367E-03
2.5160E-07,2.95180E-03
2.5200E-07,2.87367E-03
2.5240E-07,2.91273E-03
2.5280E-07,2.89320E-03
2.5320E-07,2.95180E-03
2.5360E-07,2.95180E-03
2.5400E-07,2.89320E-03
2.5440E-07,2.95180E-03
2.5480E-07,2.95180E-03
2.5520E-07,2.89320E-03
2.5560E-07,2.87367E-03
2.5600E-07,2.89320E-03
2.5640E-07,2.93227E-03
2.5680E-07,2.93227E-03
2.5720E-07,2.95180E-03
2.5760E-07,2.97133E-03
2.5800E-07,3.01039E-03
2.5840E-07,2.99086E-03
2.5880E-07,3.01039E-03
2.5920E-07,2.91273E-03
2.5960E-07,2.91273E-03
2.6000E-07,2.97133E-03
2.6040E-07,2.93227E-03
2.6080E-07,2.95180E-03
2.6120E-07,2.97133E-03
2.6160E-07,2.93227E-03
2.6200E-07,2.93227E-03
2.6240E-07,2.89320E-03
2.6280E-07,2.99086E-03
2.6320E-07,2.99086E-03
2.6360E-07,3.01039E-03
2.6400E-07,3.01039E-03
2.6440E-07,3.01039E-03
2.6480E-07,2.93227E-03
2.6520E-07,2.99086E-03
2.6560E-07,2.97133E-03
2.6600E-07,3.01039E-03
2.6640E-07,3.01039E-03
2.6680E-07,3.01039E-03
2.6720E-07,2.97133E-03
2.6760E-07,3.04945E-03
2.6800E-07,2.93227E-03
2.6840E-07,2.97133E-03
2.6880E-07,3.01039E-03
2.6920E-07,2.97133E-03
2.6960E-07,2.95180E-03
2.7000E-07,2.97133E-03
2.7040E-07,2.95180E-03
2.7080E-07,2.99086E-03
2.7120E-07,2.97133E-03
2.7160E-07,2.89320E-03
2.7200E-07,2.81508E-03
2.7240E-07,2.75648E-03
2.7280E-07,2.71742E-03
2.7320E-07,2.58070E-03
2.7360E-07,2.46352E-03
2.7400E-07,2.32680E-03
2.7440E-07,2.24867E-03
2.7480E-07,2.17055E-03
2.7520E-07,2.20961E-03
2.7560E-07,2.15102E-03
2.7600E-07,2.13148E-03
2.7640E-07,2.09242E-03
2.7680E-07,1.99477E-03
2.7720E-07,2.03383E-03
2.7760E-07,1.97523E-03
2.7800E-07,1.91664E-03
2.7840E-07,1.97523E-03
2.7880E-07,1.95570E-03
2.7920E-07,2.01430E-03
2.7960E-07,1.95570E-03
2.8000E-07,2.07289E-03
2.8040E-07,2.07289E-03
2.8080E-07,2.09242E-03
2.8120E-07,2.03383E-03
2.8160E-07,2.15102E-03
2.8200E-07,2.13148E-03
2.8240E-07,2.07289E-03
2.8280E-07,2.07289E-03
2.8320E-07,2.03383E-03
2.8360E-07,2.13148E-03
2.8400E-07,2.15102E-03
2.8440E-07,2.13148E-03
2.8480E-07,2.05336E-03
2.8520E-07,2.15102E-03
2.8560E-07,2.09242E-03
2.8600E-07,2.17055E-03
2.8640E-07,2.15102E-03
2.8680E-07,2.24867E-03
2.8720E-07,2.17055E-03
2.8760E-07,2.13148E-03
2.8800E-07,2.11195E-03
2.8840E-07,2.22914E-03
2.8880E-07,2.28773E-03
2.8920E-07,2.26820E-03
2.8960E-07,2.28773E-03
2.9000E-07,2.36586E-03
2.9040E-07,2.40492E-03
2.9080E-07,2.38539E-03
2.9120E-07,2.36586E-03
2.9160E-07,2.42445E-03
2.9200E-07,2.42445E-03
2.9240E-07,2.50258E-03
2.9280E-07,2.50258E-03
2.9320E-07,2.46352E-03
2.9360E-07,2.52211E-03
2.9400E-07,2.50258E-03
2.9440E-07,2.50258E-03
2.9480E-07,2.60023E-03
2.9520E-07,2.56117E-03
2.9560E-07,2.58070E-03
2.9600E-07,2.52211E-03
2.9640E-07,2.65883E-03
2.9680E-07,2.65883E-03
2.9720E-07,2.58070E-03
2.9760E-07,2.60023E-03
2.9800E-07,2.67836E-03
2.9840E-07,2.61977E-03
2.9880E-07,2.65883E-03
2.9920E-07,2.65883E-03
2.9960E-07,2.69789E-03
3.0000E-07,2.65883E-03
3.0040E-07,2.67836E-03
3.0080E-07,2.69789E-03
3.0120E-07,2.73695E-03
3.0160E-07,2.71742E-03
3.0200E-07,2.79555E-03
3.0240E-07,2.73695E-03
3.0280E-07,2.85414E-03
3.0320E-07,2.79555E-03
3.0360E-07,2.79555E-03
3.0400E-07,2.79555E-03
3.0440E-07,2.77602E-03
3.0480E-07,2.73695E-03
3.0520E-07,2.81508E-03
3.0560E-07,2.79555E-03
3.0600E-07,2.85414E-03
3.0640E-07,2.87367E-03
3.0680E-07,2.85414E-03
3.0720E-07,2.87367E-03
3.0760E-07,2.89320E-03
3.0800E-07,2.85414E-03
3.0840E-07,2.95180E-03
3.0880E-07,2.91273E-03
3.0920E-07,2.93227E-03
3.0960E-07,2.91273E-03
3.1000E-07,2.87367E-03
3.1040E-07,2.87367E-03
3.1080E-07,2.95180E-03
3.1120E-07,2.91273E-03
3.1160E-07,2.97133E-03
3.1200E-07,2.93227E-03
3.1240E-07,2.95180E-03
3.1280E-07,2.95180E-03
3.1320E-07,2.99086E-03
3.1360E-07,2.91273E-03
3.1400E-07,2.93227E-03
3.1440E-07,2.87367E-03
3.1480E-07,2.89320E-03
3.1520E-07,2.95180E-03
3.1560E-07,2.93227E-03
3.1600E-07,3.01039E-03
3.1640E-07,2.99086E-03
3.1680E-07,2.95180E-03
3.1720E-07,2.93227E-03
3.1760E-07,2.95180E-03
3.1800E-07,2.97133E-03
3.1840E-07,3.01039E-03
3.1880E-07,2.95180E-03
3.1920E-07,3.01039E-03
3.1960E-07,2.97133E-03
3.2000E-07,2.99086E-03
3.2040E-07,2.95180E-03
3.2080E-07,2.99086E-03
3.2120E-07,2.95180E-03
3.2160E-07,3.01039E-03
3.2200E-07,2.95180E-03
3.2240E-07,2.99086E-03
3.2280E-07,2.95180E-03
3.2320E-07,2.93227E-03
3.2360E-07,2.91273E-03
3.2400E-07,2.93227E-03
3.2440E-07,2.81508E-03
3.2480E-07,2.73695E-03
3.2520E-07,2.61977E-03
3.2560E-07,2.60023E-03
3.2600E-07,2.56117E-03
3.2640E-07,2.52211E-03
3.2680E-07,2.60023E-03
3.2720E-07,2.61977E-03
3.2760E-07,2.54164E-03
3.2800E-07,2.48305E-03
3.2840E-07,2.58070E-03
3.2880E-07,2.46352E-03
3.2920E-07,2.52211E-03
3.2960E-07,2.46352E-03
3.3000E-07,2.48305E-03
3.3040E-07,2.50258E-03
3.3080E-07,2.52211E-03
3.3120E-07,2.56117E-03
3.3160E-07,2.52211E-03
3.3200E-07,2.52211E-03
3.3240E-07,2.54164E-03
3.3280E-07,2.54164E-03
3.3320E-07,2.63930E-03
3.3360E-07,2.60023E-03
3.3400E-07,2.58070E-03
3.3440E-07,2.54164E-03
3.3480E-07,2.63930E-03
3.3520E-07,2.63930E-03
3.3560E-07,2.60023E-03
3.3600E-07,2.56117E-03
3.3640E-07,2.63930E-03
3.3680E-07,2.60023E-03
3.3720E-07,2.58070E-03
3.3760E-07,2.54164E-03
3.3800E-07,2.58070E-03
3.3840E-07,2.50258E-03
3.3880E-07,2.46352E-03
3.3920E-07,2.44398E-03
3.3960E-07,2.46352E-03
3.4000E-07,2.44398E-03
3.4040E-07,2.48305E-03
3.4080E-07,2.38539E-03
3.4120E-07,2.52211E-03
3.4160E-07,2.46352E-03
3.4200E-07,2.50258E-03
3.4240E-07,2.46352E-03
3.4280E-07,2.54164E-03
3.4320E-07,2.50258E-03
3.4360E-07,2.52211E-03
3.4400E-07,2.52211E-03
3.4440E-07,2.50258E-03
3.4480E-07,2.52211E-03
3.4520E-07,2.46352E-03
3.4560E-07,2.52211E-03
3.4600E-07,2.56117E-03
3.4640E-07,2.44398E-03
3.4680E-07,2.44398E-03
3.4720E-07,2.32680E-03
3.4760E-07,2.30727E-03
3.4800E-07,2.11195E-03
3.4840E-07,2.01430E-03
3.4880E-07,1.83852E-03
3.4920E-07,1.85805E-03
3.4960E-07,1.79945E-03
3.5000E-07,1.81898E-03
3.5040E-07,1.76039E-03
3.5080E-07,1.79945E-03
3.5120E-07,1.74086E-03
3.5160E-07,1.70180E-03
3.5200E-07,1.66273E-03
3.5240E-07,1.74086E-03
3.5280E-07,1.72133E-03
3.5320E-07,1.66273E-03
3.5360E-07,1.72133E-03
3.5400E-07,1.77992E-03
3.5440E-07,1.77992E-03
3.5480E-07,1.81898E-03
3.5520E-07,1.79945E-03
3.5560E-07,1.97523E-03
3.5600E-07,1.91664E-03
3.5640E-07,2.01430E-03
3.5680E-07,2.01430E-03
3.5720E-07,2.01430E-03
3.5760E-07,2.03383E-03
3.5800E-07,1.95570E-03
3.5840E-07,1.95570E-03
3.5880E-07,2.03383E-03
3.5920E-07,2.07289E-03
3.5960E-07,2.03383E-03
3.6000E-07,2.03383E-03
3.6040E-07,2.09242E-03
3.6080E-07,2.05336E-03
3.6120E-07,2.03383E-03
3.6160E-07,2.03383E-03
3.6200E-07,2.05336E-03
3.6240E-07,1.87758E-03
3.6280E-07,1.83852E-03
3.6320E-07,1.60414E-03
3.6360E-07,1.38930E-03
3.6400E-07,1.17445E-03
3.6440E-07,8.61953E-04
3.6480E-07,5.29922E-04
3.6520E-07,2.36953E-04
3.6560E-07,2.57813E-06
3.6600E-07,-2.90391E-04
3.6640E-07,-6.22422E-04
3.6680E-07,-1.05211E-03
3.6720E-07,-1.55992E-03
3.6760E-07,-2.04820E-03
3.6800E-07,-2.36070E-03
3.6840E-07,-2.55602E-03
3.6880E-07,-2.61461E-03
3.6920E-07,-2.71227E-03
3.6960E-07,-2.82945E-03
3.7000E-07,-2.94664E-03
3.7040E-07,-3.06383E-03
3.7080E-07,-3.12242E-03
3.7120E-07,-3.22008E-03
3.7160E-07,-3.33727E-03
3.7200E-07,-3.53258E-03
3.7240E-07,-3.66930E-03
3.7280E-07,-3.86461E-03
3.7320E-07,-4.04039E-03
3.7360E-07,-4.17711E-03
3.7400E-07,-4.15758E-03
3.7440E-07,-4.17711E-03
3.7480E-07,-4.05992E-03
3.7520E-07,-4.04039E-03
3.7560E-07,-4.02086E-03
3.7600E-07,-4.02086E-03
3.7640E-07,-4.09898E-03
3.7680E-07,-4.23570E-03
3.7720E-07,-4.29430E-03
3.7760E-07,-4.39195E-03
3.7800E-07,-4.50914E-03
3.7840E-07,-4.78258E-03
3.7880E-07,-5.11461E-03
3.7920E-07,-5.52477E-03
3.7960E-07,-5.93492E-03
3.8000E-07,-6.42320E-03
3.8040E-07,-6.89195E-03
3.8080E-07,-7.20445E-03
3.8120E-07,-7.38023E-03
3.8160E-07,-7.59508E-03
3.8200E-07,-7.82945E-03
3.8240E-07,-8.12242E-03
3.8280E-07,-8.25914E-03
3.8320E-07,-8.27867E-03
3.8360E-07,-8.29820E-03
3.8400E-07,-8.22008E-03
3.8440E-07,-8.08336E-03
3.8480E-07,-8.06383E-03
3.8520E-07,-7.94664E-03
3.8560E-07,-7.79039E-03
3.8600E-07,-7.53648E-03
3.8640E-07,-7.20445E-03
3.8680E-07,-6.95055E-03
3.8720E-07,-6.69664E-03
3.8760E-07,-6.42320E-03
3.8800E-07,-6.16930E-03
3.8840E-07,-5.91539E-03
3.8880E-07,-5.77867E-03
3.8920E-07,-5.62242E-03
3.8960E-07,-5.42711E-03
3.9000E-07,-5.29039E-03
3.9040E-07,-5.05602E-03
3.9080E-07,-4.82164E-03
3.9120E-07,-4.70445E-03
3.9160E-07,-4.48961E-03
3.9200E-07,-4.48961E-03
3.9240E-07,-4.15758E-03
3.9280E-07,-4.04039E-03
3.9320E-07,-3.80602E-03
3.9360E-07,-3.70836E-03
3.9400E-07,-3.49352E-03
3.9440E-07,-3.47398E-03
3.9480E-07,-3.27867E-03
3.9520E-07,-3.02477E-03
3.9560E-07,-2.86852E-03
3.9600E-07,-2.69273E-03
3.9640E-07,-2.43883E-03
3.9680E-07,-2.28258E-03
3.9720E-07,-2.08727E-03
3.9760E-07,-1.91148E-03
3.9800E-07,-1.69664E-03
3.9840E-07,-1.65758E-03
3.9880E-07,-1.40367E-03
3.9920E-07,-1.28648E-03
3.9960E-07,-1.05211E-03
4.0000E-07,-9.93516E-04
4.0040E-07,-8.37266E-04
4.0080E-07,-7.39609E-04
4.0120E-07,-6.02891E-04
4.0160E-07,-4.07578E-04
4.0200E-07,-3.68516E-04
4.0240E-07,-3.09922E-04
4.0280E-07,-2.51328E-04
4.0320E-07,-2.90391E-04
4.0360E-07,-2.31797E-04
4.0400E-07,-2.51328E-04
4.0440E-07,-3.29453E-04
4.0480E-07,-4.27109E-04
4.0520E-07,-6.22422E-04
4.0560E-07,-7.20078E-04
4.0600E-07,-9.15391E-04
4.0640E-07,-1.13023E-03
4.0680E-07,-1.32555E-03
4.0720E-07,-1.54039E-03
4.0760E-07,-1.81383E-03
4.0800E-07,-2.08727E-03
4.0840E-07,-2.30211E-03
4.0880E-07,-2.43883E-03
4.0920E-07,-2.51695E-03
4.0960E-07,-2.65367E-03
4.1000E-07,-2.63414E-03
4.1040E-07,-2.73180E-03
4.1080E-07,-2.77086E-03
4.1120E-07,-2.79039E-03
4.1160E-07,-2.79039E-03
4.1200E-07,-2.82945E-03
4.1240E-07,-2.71227E-03
4.1280E-07,-2.69273E-03
4.1320E-07,-2.57555E-03
4.1360E-07,-2.49742E-03
4.1400E-07,-2.41930E-03
4.1440E-07,-2.28258E-03
4.1480E-07,-2.16539E-03
4.1520E-07,-2.04820E-03
4.1560E-07,-1.98961E-03
4.1600E-07,-1.87242E-03
4.1640E-07,-1.77477E-03
4.1680E-07,-1.77477E-03
4.1720E-07,-1.67711E-03
4.1760E-07,-1.65758E-03
4.1800E-07,-1.59898E-03
4.1840E-07,-1.50133E-03
4.1880E-07,-1.48180E-03
4.1920E-07,-1.42320E-03
4.1960E-07,-1.34508E-03
4.2000E-07,-1.32555E-03
4.2040E-07,-1.22789E-03
4.2080E-07,-1.09117E-03
4.2120E-07,-1.05211E-03
4.2160E-07,-9.73984E-04
4.2200E-07,-8.17734E-04
4.2240E-07,-7.78672E-04
4.2280E-07,-7.39609E-04
4.2320E-07,-6.22422E-04
4.2360E-07,-5.44297E-04
4.2400E-07,-6.02891E-04
4.2440E-07,-6.22422E-04
4.2480E-07,-7.59141E-04
4.2520E-07,-1.03258E-03
4.2560E-07,-1.30602E-03
4.2600E-07,-1.67711E-03
4.2640E-07,-2.02867E-03
4.2680E-07,-2.53648E-03
4.2720E-07,-2.88805E-03
4.2760E-07,-3.16148E-03
4.2800E-07,-3.29820E-03
4.2840E-07,-3.27867E-03
4.2880E-07,-3.43492E-03
4.2920E-07,-3.41539E-03
4.2960E-07,-3.49352E-03
4.3000E-07,-3.55211E-03
4.3040E-07,-3.68883E-03
4.3080E-07,-3.63023E-03
4.3120E-07,-3.64977E-03
4.3160E-07,-3.59117E-03
4.3200E-07,-3.55211E-03
4.3240E-07,-3.41539E-03
4.3280E-07,-3.27867E-03
4.3320E-07,-3.16148E-03
4.3360E-07,-2.90758E-03
4.3400E-07,-2.80992E-03
4.3440E-07,-2.67320E-03
4.3480E-07,-2.59508E-03
4.3520E-07,-2.61461E-03
4.3560E-07,-2.77086E-03
4.3600E-07,-2.90758E-03
4.3640E-07,-2.98570E-03
4.3680E-07,-3.08336E-03
4.3720E-07,-3.27867E-03
4.3760E-07,-3.49352E-03
4.3800E-07,-3.80602E-03
4.3840E-07,-4.05992E-03
4.3880E-07,-4.17711E-03
4.3920E-07,-4.29430E-03
4.3960E-07,-4.48961E-03
4.4000E-07,-4.60680E-03
4.4040E-07,-4.68492E-03
4.4080E-07,-4.70445E-03
4.4120E-07,-4.68492E-03
4.4160E-07,-4.68492E-03
4.4200E-07,-4.56773E-03
4.4240E-07,-4.43102E-03
4.4280E-07,-4.31383E-03
4.4320E-07,-4.19664E-03
4.4360E-07,-4.02086E-03
4.4400E-07,-3.90367E-03
4.4440E-07,-3.68883E-03
4.4480E-07,-3.59117E-03
4.4520E-07,-3.39586E-03
4.4560E-07,-3.29820E-03
4.4600E-07,-3.27867E-03
4.4640E-07,-3.25914E-03
4.4680E-07,-3.29820E-03
4.4720E-07,-3.43492E-03
4.4760E-07,-3.41539E-03
4.4800E-07,-3.51305E-03
4.4840E-07,-3.49352E-03
4.4880E-07,-3.43492E-03
4.4920E-07,-3.33727E-03
4.4960E-07,-3.31773E-03
4.5000E-07,-3.22008E-03
4.5040E-07,-3.16148E-03
4.5080E-07,-3.06383E-03
4.5120E-07,-2.96617E-03
4.5160E-07,-2.94664E-03
4.5200E-07,-2.84898E-03
4.5240E-07,-2.71227E-03
4.5280E-07,-2.63414E-03
4.5320E-07,-2.45836E-03
4.5360E-07,-2.22398E-03
4.5400E-07,-2.06773E-03
4.5440E-07,-1.87242E-03
4.5480E-07,-1.67711E-03
4.5520E-07,-1.50133E-03
4.5560E-07,-1.42320E-03
4.5600E-07,-1.34508E-03
4.5640E-07,-1.26695E-03
4.5680E-07,-1.26695E-03
4.5720E-07,-1.18883E-03
4.5760E-07,-1.26695E-03
4.5800E-07,-1.20836E-03
4.5840E-07,-1.32555E-03
4.5880E-07,-1.22789E-03
4.5920E-07,-1.18883E-03
4.5960E-07,-1.16930E-03
4.6000E-07,-1.11070E-03
4.6040E-07,-1.18883E-03
4.6080E-07,-1.24742E-03
4.6120E-07,-1.26695E-03
4.6160E-07,-1.36461E-03
4.6200E-07,-1.55992E-03
4.6240E-07,-1.89195E-03
4.6280E-07,-2.06773E-03
4.6320E-07,-2.38023E-03
4.6360E-07,-2.55602E-03
4.6400E-07,-2.63414E-03
4.6440E-07,-2.73180E-03
4.6480E-07,-2.82945E-03
4.6520E-07,-3.04430E-03
4.6560E-07,-3.27867E-03
4.6600E-07,-3.35680E-03
4.6640E-07,-3.49352E-03
4.6680E-07,-3.51305E-03
4.6720E-07,-3.53258E-03
4.6760E-07,-3.61070E-03
4.6800E-07,-3.63023E-03
4.6840E-07,-3.51305E-03
4.6880E-07,-3.55211E-03
4.6920E-07,-3.39586E-03
4.6960E-07,-3.35680E-03
4.7000E-07,-3.23961E-03
4.7040E-07,-3.23961E-03
4.7080E-07,-3.35680E-03
4.7120E-07,-3.51305E-03
4.7160E-07,-3.63023E-03
4.7200E-07,-3.78648E-03
4.7240E-07,-3.98180E-03
4.7280E-07,-4.07945E-03
4.7320E-07,-4.25523E-03
4.7360E-07,-4.19664E-03
4.7400E-07,-4.21617E-03
4.7440E-07,-4.19664E-03
4.7480E-07,-4.13805E-03
4.7520E-07,-4.25523E-03
4.7560E-07,-4.11852E-03
4.7600E-07,-4.25523E-03
4.7640E-07,-4.37242E-03
4.7680E-07,-4.56773E-03
4.7720E-07,-4.70445E-03
4.7760E-07,-4.86070E-03
4.7800E-07,-4.95836E-03
4.7840E-07,-5.17320E-03
4.7880E-07,-5.27086E-03
4.7920E-07,-5.32945E-03
4.7960E-07,-5.25133E-03
4.8000E-07,-5.25133E-03
4.8040E-07,-5.15367E-03
4.8080E-07,-5.09508E-03
4.8120E-07,-5.07555E-03
4.8160E-07,-5.15367E-03
4.8200E-07,-5.09508E-03
4.8240E-07,-5.11461E-03
4.8280E-07,-5.07555E-03
4.8320E-07,-5.17320E-03
4.8360E-07,-5.21227E-03
4.8400E-07,-5.25133E-03
4.8440E-07,-5.17320E-03
4.8480E-07,-5.30992E-03
4.8520E-07,-5.32945E-03
4.8560E-07,-5.30992E-03
4.8600E-07,-5.19273E-03
4.8640E-07,-5.13414E-03
4.8680E-07,-5.03648E-03
4.8720E-07,-4.93883E-03
4.8760E-07,-4.89977E-03
4.8800E-07,-4.84117E-03
4.8840E-07,-4.72398E-03
4.8880E-07,-4.50914E-03
4.8920E-07,-4.35289E-03
4.8960E-07,-4.15758E-03
4.9000E-07,-4.04039E-03
4.9040E-07,-3.86461E-03
4.9080E-07,-3.72789E-03
4.9120E-07,-3.53258E-03
4.9160E-07,-3.37633E-03
4.9200E-07,-3.20055E-03
4.9240E-07,-3.02477E-03
4.9280E-07,-2.90758E-03
4.9320E-07,-2.77086E-03
4.9360E-07,-2.57555E-03
4.9400E-07,-2.49742E-03
4.9440E-07,-2.43883E-03
4.9480E-07,-2.20445E-03
4.9520E-07,-2.12633E-03
4.9560E-07,-1.98961E-03
4.9600E-07,-1.97008E-03
4.9640E-07,-2.10680E-03
4.9680E-07,-2.32164E-03
4.9720E-07,-2.55602E-03
4.9760E-07,-3.00523E-03
4.9800E-07,-3.55211E-03
4.9840E-07,-4.21617E-03
4.9880E-07,-4.80211E-03
4.9920E-07,-5.44664E-03
4.9960E-07,-5.81773E-03
5.0000E-07,-6.24742E-03
5.0040E-07,-6.30602E-03
5.0080E-07,-6.50133E-03
5.0120E-07,-6.57945E-03
5.0160E-07,-6.69664E-03
5.0200E-07,-6.85289E-03
5.0240E-07,-7.04820E-03
5.0280E-07,-7.18492E-03
5.0320E-07,-7.36070E-03
5.0360E-07,-7.47789E-03
5.0400E-07,-7.61461E-03
5.0440E-07,-7.59508E-03
5.0480E-07,-7.61461E-03
5.0520E-07,-7.67320E-03
5.0560E-07,-7.59508E-03
5.0600E-07,-7.49742E-03
5.0640E-07,-7.36070E-03
5.0680E-07,-7.30211E-03
5.0720E-07,-7.39977E-03
5.0760E-07,-7.43883E-03
5.0800E-07,-7.51695E-03
5.0840E-07,-7.63414E-03
5.0880E-07,-7.61461E-03
5.0920E-07,-7.45836E-03
5.0960E-07,-7.30211E-03
5.1000E-07,-7.16539E-03
5.1040E-07,-6.95055E-03
5.1080E-07,-6.79430E-03
5.1120E-07,-6.67711E-03
5.1160E-07,-6.61852E-03
5.1200E-07,-6.57945E-03
5.1240E-07,-6.59898E-03
5.1280E-07,-6.69664E-03
5.1320E-07,-6.79430E-03
5.1360E-07,-6.97008E-03
5.1400E-07,-7.12633E-03
5.1440E-07,-7.14586E-03
5.1480E-07,-7.14586E-03
5.1520E-07,-7.06773E-03
5.1560E-07,-6.98961E-03
5.1600E-07,-7.12633E-03
5.1640E-07,-7.12633E-03
5.1680E-07,-7.22398E-03
5.1720E-07,-7.24352E-03
5.1760E-07,-7.24352E-03
5.1800E-07,-7.14586E-03
5.1840E-07,-7.00914E-03
5.1880E-07,-6.89195E-03
5.1920E-07,-6.71617E-03
5.1960E-07,-6.48180E-03
5.2000E-07,-6.24742E-03
5.2040E-07,-5.99352E-03
5.2080E-07,-5.83727E-03
5.2120E-07,-5.56383E-03
5.2160E-07,-5.30992E-03
5.2200E-07,-5.19273E-03
5.2240E-07,-5.07555E-03
5.2280E-07,-4.91930E-03
5.2320E-07,-4.76305E-03
5.2360E-07,-4.50914E-03
5.2400E-07,-4.29430E-03
5.2440E-07,-4.09898E-03
5.2480E-07,-3.84508E-03
5.2520E-07,-3.66930E-03
5.2560E-07,-3.57164E-03
5.2600E-07,-3.43492E-03
5.2640E-07,-3.25914E-03
5.2680E-07,-3.12242E-03
5.2720E-07,-2.92711E-03
5.2760E-07,-2.90758E-03
5.2800E-07,-2.69273E-03
5.2840E-07,-2.53648E-03
5.2880E-07,-2.38023E-03
5.2920E-07,-2.22398E-03
5.2960E-07,-2.02867E-03
5.3000E-07,-1.85289E-03
5.3040E-07,-1.75523E-03
5.3080E-07,-1.61852E-03
5.3120E-07,-1.50133E-03
5.3160E-07,-1.40367E-03
5.3200E-07,-1.30602E-03
5.3240E-07,-1.16930E-03
5.3280E-07,-1.16930E-03
5.3320E-07,-9.34922E-04
5.3360E-07,-7.78672E-04
5.3400E-07,-7.00547E-04
5.3440E-07,-6.22422E-04
5.3480E-07,-5.24766E-04
5.3520E-07,-3.48984E-04
5.3560E-07,-2.12266E-04
5.3600E-07,-2.31797E-04
5.3640E-07,-1.14609E-04
5.3680E-07,-1.34141E-04
5.3720E-07,-1.34141E-04
5.3760E-07,-1.34141E-04
5.3800E-07,-1.73203E-04
5.3840E-07,-2.51328E-04
5.3880E-07,-3.68516E-04
5.3920E-07,-3.68516E-04
5.3960E-07,-4.46641E-04
5.4000E-07,-5.05234E-04
5.4040E-07,-6.02891E-04
5.4080E-07,-7.39609E-04
5.4120E-07,-7.78672E-04
5.4160E-07,-1.03258E-03
5.4200E-07,-1.14977E-03
5.4240E-07,-1.36461E-03
5.4280E-07,-1.54039E-03
5.4320E-07,-1.75523E-03
5.4360E-07,-1.89195E-03
5.4400E-07,-1.93102E-03
5.4440E-07,-2.12633E-03
5.4480E-07,-2.14586E-03
5.4520E-07,-2.08727E-03
5.4560E-07,-2.12633E-03
5.4600E-07,-2.06773E-03
5.4640E-07,-1.98961E-03
5.4680E-07,-1.98961E-03
5.4720E-07,-1.97008E-03
5.4760E-07,-1.89195E-03
5.4800E-07,-1.85289E-03
5.4840E-07,-1.83336E-03
5.4880E-07,-1.77477E-03
5.4920E-07,-1.65758E-03
5.4960E-07,-1.55992E-03
5.5000E-07,-1.54039E-03
5.5040E-07,-1.38414E-03
5.5080E-07,-1.22789E-03
5.5120E-07,-1.20836E-03
5.5160E-07,-1.16930E-03
5.5200E-07,-1.13023E-03
5.5240E-07,-9.93516E-04
5.5280E-07,-9.54453E-04
5.5320E-07,-9.34922E-04
5.5360E-07,-8.95859E-04
5.5400E-07,-7.78672E-04
5.5440E-07,-7.59141E-04
5.5480E-07,-5.83359E-04
5.5520E-07,-5.63828E-04
5.5560E-07,-4.66172E-04
5.5600E-07,-3.88047E-04
5.5640E-07,-2.90391E-04
5.5680E-07,-2.70859E-04
5.5720E-07,-1.53672E-04
5.5760E-07,-5.60156E-05
5.5800E-07,2.21094E-05
5.5840E-07,1.00234E-04
5.5880E-07,1.78359E-04
5.5920E-07,2.95547E-04
5.5960E-07,3.73672E-04
5.6000E-07,4.12734E-04
5.6040E-07,5.88516E-04
5.6080E-07,6.08047E-04
5.6120E-07,6.66641E-04
5.6160E-07,7.25234E-04
5.6200E-07,8.03359E-04
5.6240E-07,8.61953E-04
5.6280E-07,8.81484E-04
5.6320E-07,9.20547E-04
5.6360E-07,1.01820E-03
5.6400E-07,1.09633E-03
5.6440E-07,1.11586E-03
5.6480E-07,1.15492E-03
5.6520E-07,1.23305E-03
5.6560E-07,1.29164E-03
5.6600E-07,1.33070E-03
5.6640E-07,1.33070E-03
5.6680E-07,1.40883E-03
5.6720E-07,1.46742E-03
5.6760E-07,1.48695E-03
5.6800E-07,1.44789E-03
5.6840E-07,1.54555E-03
5.6880E-07,1.58461E-03
5.6920E-07,1.66273E-03
5.6960E-07,1.70180E-03
5.7000E-07,1.77992E-03
5.7040E-07,1.74086E-03
5.7080E-07,1.81898E-03
5.7120E-07,1.81898E-03
5.7160E-07,1.85805E-03
5.7200E-07,1.93617E-03
5.7240E-07,1.99477E-03
5.7280E-07,1.95570E-03
5.7320E-07,2.03383E-03
5.7360E-07,2.07289E-03
5.7400E-07,2.09242E-03
5.7440E-07,2.11195E-03
5.7480E-07,2.11195E-03
5.7520E-07,2.09242E-03
5.7560E-07,2.15102E-03
5.7600E-07,2.17055E-03
5.7640E-07,2.22914E-03
5.7680E-07,2.17055E-03
5.7720E-07,2.20961E-03
5.7760E-07,2.28773E-03
5.7800E-07,2.30727E-03
5.7840E-07,2.34633E-03
5.7880E-07,2.32680E-03
5.7920E-07,2.24867E-03
5.7960E-07,2.30727E-03
5.8000E-07,2.30727E-03
5.8040E-07,2.32680E-03
5.8080E-07,2.38539E-03
5.8120E-07,2.44398E-03
5.8160E-07,2.38539E-03
5.8200E-07,2.40492E-03
5.8240E-07,2.38539E-03
5.8280E-07,2.46352E-03
5.8320E-07,2.50258E-03
5.8360E-07,2.48305E-03
5.8400E-07,2.50258E-03
5.8440E-07,2.48305E-03
5.8480E-07,2.52211E-03
5.8520E-07,2.52211E-03
5.8560E-07,2.44398E-03
5.8600E-07,2.52211E-03
5.8640E-07,2.48305E-03
5.8680E-07,2.54164E-03
5.8720E-07,2.52211E-03
5.8760E-07,2.46352E-03
5.8800E-07,2.50258E-03
5.8840E-07,2.40492E-03
5.8880E-07,2.44398E-03
5.8920E-07,2.38539E-03
5.8960E-07,2.36586E-03
5.9000E-07,2.38539E-03
5.9040E-07,2.34633E-03
5.9080E-07,2.36586E-03
5.9120E-07,2.38539E-03
5.9160E-07,2.36586E-03
5.9200E-07,2.30727E-03
5.9240E-07,2.34633E-03
5.9280E-07,2.36586E-03
5.9320E-07,2.38539E-03
5.9360E-07,2.26820E-03
5.9400E-07,2.36586E-03
5.9440E-07,2.36586E-03
5.9480E-07,2.40492E-03
5.9520E-07,2.26820E-03
5.9560E-07,2.38539E-03
5.9600E-07,2.38539E-03
5.9640E-07,2.38539E-03
5.9680E-07,2.34633E-03
5.9720E-07,2.28773E-03
5.9760E-07,2.36586E-03
5.9800E-07,2.22914E-03
5.9840E-07,2.28773E-03
5.9880E-07,2.24867E-03
5.9920E-07,2.22914E-03
5.9960E-07,2.22914E-03
6.0000E-07,2.20961E-03
6.0040E-07,2.24867E-03
6.0080E-07,2.22914E-03
6.0120E-07,2.28773E-03
6.0160E-07,2.22914E-03
6.0200E-07,2.22914E-03
6.0240E-07,2.24867E-03
6.0280E-07,2.22914E-03
6.0320E-07,2.17055E-03
6.0360E-07,2.20961E-03
6.0400E-07,2.24867E-03
6.0440E-07,2.26820E-03
6.0480E-07,2.22914E-03
6.0520E-07,2.30727E-03
6.0560E-07,2.28773E-03
6.0600E-07,2.34633E-03
6.0640E-07,2.24867E-03
6.0680E-07,2.30727E-03
6.0720E-07,2.28773E-03
6.0760E-07,2.20961E-03
6.0800E-07,2.22914E-03
6.0840E-07,2.17055E-03
6.0880E-07,2.15102E-03
6.0920E-07,2.17055E-03
6.0960E-07,2.17055E-03
6.1000E-07,2.09242E-03
6.1040E-07,2.13148E-03
6.1080E-07,2.11195E-03
6.1120E-07,2.03383E-03
6.1160E-07,2.07289E-03
6.1200E-07,2.05336E-03
6.1240E-07,2.09242E-03
6.1280E-07,2.15102E-03
6.1320E-07,2.07289E-03
6.1360E-07,2.09242E-03
6.1400E-07,2.05336E-03
6.1440E-07,1.97523E-03
6.1480E-07,2.11195E-03
6.1520E-07,2.09242E-03
6.1560E-07,2.15102E-03
6.1600E-07,2.07289E-03
6.1640E-07,2.13148E-03
6.1680E-07,2.15102E-03
6.1720E-07,2.07289E-03
6.1760E-07,2.11195E-03
6.1800E-07,2.15102E-03
6.1840E-07,2.09242E-03
6.1880E-07,2.01430E-03
6.1920E-07,2.07289E-03
6.1960E-07,2.01430E-03
6.2000E-07,1.99477E-03
6.2040E-07,1.97523E-03
6.2080E-07,1.81898E-03
6.2120E-07,1.81898E-03
6.2160E-07,1.70180E-03
6.2200E-07,1.62367E-03
6.2240E-07,1.50648E-03
6.2280E-07,1.50648E-03
6.2320E-07,1.42836E-03
6.2360E-07,1.44789E-03
6.2400E-07,1.44789E-03
6.2440E-07,1.38930E-03
6.2480E-07,1.38930E-03
6.2520E-07,1.29164E-03
6.2560E-07,1.09633E-03
6.2600E-07,9.40078E-04
6.2640E-07,7.83828E-04
6.2680E-07,5.29922E-04
6.2720E-07,2.95547E-04
6.2760E-07,4.16406E-05
6.2800E-07,-1.73203E-04
6.2840E-07,-2.12266E-04
6.2880E-07,-3.48984E-04
6.2920E-07,-3.29453E-04
6.2960E-07,-3.29453E-04
6.3000E-07,-3.48984E-04
6.3040E-07,-4.27109E-04
6.3080E-07,-4.85703E-04
6.3120E-07,-5.63828E-04
6.3160E-07,-6.02891E-04
6.3200E-07,-5.63828E-04
6.3240E-07,-5.63828E-04
6.3280E-07,-6.02891E-04
6.3320E-07,-5.83359E-04
6.3360E-07,-6.61484E-04
6.3400E-07,-6.22422E-04
6.3440E-07,-7.00547E-04
6.3480E-07,-7.78672E-04
6.3520E-07,-9.93516E-04
6.3560E-07,-1.09117E-03
6.3600E-07,-1.26695E-03
6.3640E-07,-1.46227E-03
6.3680E-07,-1.57945E-03
6.3720E-07,-1.77477E-03
6.3760E-07,-2.02867E-03
6.3800E-07,-2.22398E-03
6.3840E-07,-2.49742E-03
6.3880E-07,-2.90758E-03
6.3920E-07,-3.33727E-03
6.3960E-07,-3.64977E-03
6.4000E-07,-4.05992E-03
6.4040E-07,-4.35289E-03
6.4080E-07,-4.58727E-03
6.4120E-07,-4.86070E-03
6.4160E-07,-5.07555E-03
6.4200E-07,-5.23180E-03
6.4240E-07,-5.38805E-03
6.4280E-07,-5.42711E-03
6.4320E-07,-5.40758E-03
6.4360E-07,-5.42711E-03
6.4400E-07,-5.36852E-03
6.4440E-07,-5.32945E-03
6.4480E-07,-5.29039E-03
6.4520E-07,-5.21227E-03
6.4560E-07,-5.05602E-03
6.4600E-07,-4.97789E-03
6.4640E-07,-4.78258E-03
6.4680E-07,-4.52867E-03
6.4720E-07,-4.35289E-03
6.4760E-07,-4.21617E-03
6.4800E-07,-4.13805E-03
6.4840E-07,-3.94273E-03
6.4880E-07,-3.80602E-03
6.4920E-07,-3.70836E-03
6.4960E-07,-3.55211E-03
6.5000E-07,-3.41539E-03
6.5040E-07,-3.29820E-03
6.5080E-07,-3.22008E-03
6.5120E-07,-3.16148E-03
6.5160E-07,-2.98570E-03
6.5200E-07,-2.82945E-03
6.5240E-07,-2.69273E-03
6.5280E-07,-2.61461E-03
6.5320E-07,-2.38023E-03
6.5360E-07,-2.34117E-03
6.5400E-07,-2.12633E-03
6.5440E-07,-2.08727E-03
6.5480E-07,-1.89195E-03
6.5520E-07,-1.75523E-03
6.5560E-07,-1.61852E-03
6.5600E-07,-1.50133E-03
6.5640E-07,-1.28648E-03
6.5680E-07,-1.11070E-03
6.5720E-07,-1.01305E-03
6.5760E-07,-9.15391E-04
6.5800E-07,-7.78672E-04
6.5840E-07,-6.02891E-04
6.5880E-07,-5.24766E-04
6.5920E-07,-4.07578E-04
6.5960E-07,-2.31797E-04
6.6000E-07,-1.53672E-04
6.6040E-07,-1.14609E-04
6.6080E-07,-3.64844E-05
6.6120E-07,1.58828E-04
6.6160E-07,2.56484E-04
6.6200E-07,2.76016E-04
6.6240E-07,2.76016E-04
6.6280E-07,2.36953E-04
6.6320E-07,1.19766E-04
6.6360E-07,-5.60156E-05
6.6400E-07,-3.09922E-04
6.6440E-07,-6.22422E-04
6.6480E-07,-1.01305E-03
6.6520E-07,-1.44273E-03
6.6560E-07,-1.81383E-03
6.6600E-07,-2.18492E-03
6.6640E-07,-2.49742E-03
6.6680E-07,-2.79039E-03
6.6720E-07,-3.14195E-03
6.6760E-07,-3.23961E-03
6.6800E-07,-3.37633E-03
6.6840E-07,-3.49352E-03
6.6880E-07,-3.68883E-03
6.6920E-07,-3.63023E-03
6.6960E-07,-3.72789E-03
6.7000E-07,-3.70836E-03
6.7040E-07,-3.78648E-03
6.7080E-07,-3.72789E-03
6.7120E-07,-3.59117E-03
6.7160E-07,-3.51305E-03
6.7200E-07,-3.37633E-03
6.7240E-07,-3.18102E-03
6.7280E-07,-3.02477E-03
6.7320E-07,-2.84898E-03
6.7360E-07,-2.77086E-03
6.7400E-07,-2.63414E-03
6.7440E-07,-2.63414E-03
6.7480E-07,-2.51695E-03
6.7520E-07,-2.47789E-03
6.7560E-07,-2.38023E-03
6.7600E-07,-2.34117E-03
6.7640E-07,-2.20445E-03
6.7680E-07,-2.16539E-03
6.7720E-07,-2.06773E-03
6.7760E-07,-1.93102E-03
6.7800E-07,-1.89195E-03
6.7840E-07,-1.89195E-03
6.7880E-07,-1.71617E-03
6.7920E-07,-1.75523E-03
6.7960E-07,-1.77477E-03
6.8000E-07,-1.81383E-03
6.8040E-07,-1.73570E-03
6.8080E-07,-1.81383E-03
6.8120E-07,-1.93102E-03
6.8160E-07,-1.93102E-03
6.8200E-07,-2.02867E-03
6.8240E-07,-1.91148E-03
6.8280E-07,-1.81383E-03
6.8320E-07,-1.77477E-03
6.8360E-07,-1.63805E-03
6.8400E-07,-1.59898E-03
6.8440E-07,-1.55992E-03
6.8480E-07,-1.55992E-03
6.8520E-07,-1.42320E-03
6.8560E-07,-1.38414E-03
6.8600E-07,-1.26695E-03
6.8640E-07,-1.26695E-03
6.8680E-07,-1.09117E-03
6.8720E-07,-1.01305E-03
6.8760E-07,-9.34922E-04
6.8800E-07,-8.76328E-04
6.8840E-07,-7.78672E-04
6.8880E-07,-6.81016E-04
6.8920E-07,-6.61484E-04
6.8960E-07,-6.41953E-04
6.9000E-07,-5.63828E-04
6.9040E-07,-5.83359E-04
6.9080E-07,-5.63828E-04
6.9120E-07,-4.66172E-04
6.9160E-07,-3.09922E-04
6.9200E-07,-3.09922E-04
6.9240E-07,-1.92734E-04
6.9280E-07,-1.53672E-04
6.9320E-07,-5.60156E-05
6.9360E-07,2.57813E-06
6.9400E-07,1.00234E-04
6.9440E-07,8.07031E-05
6.9480E-07,1.78359E-04
6.9520E-07,1.78359E-04
6.9560E-07,2.17422E-04
6.9600E-07,1.00234E-04
6.9640E-07,2.21094E-05
6.9680E-07,-1.14609E-04
6.9720E-07,-3.09922E-04
6.9760E-07,-5.24766E-04
6.9800E-07,-7.39609E-04
6.9840E-07,-1.16930E-03
6.9880E-07,-1.28648E-03
6.9920E-07,-1.52086E-03
6.9960E-07,-1.52086E-03
7.0000E-07,-1.54039E-03
7.0040E-07,-1.55992E-03
7.0080E-07,-1.61852E-03
7.0120E-07,-1.61852E-03
7.0160E-07,-1.61852E-03
7.0200E-07,-1.63805E-03
7.0240E-07,-1.67711E-03
7.0280E-07,-1.59898E-03
7.0320E-07,-1.55992E-03
7.0360E-07,-1.61852E-03
7.0400E-07,-1.46227E-03
7.0440E-07,-1.34508E-03
7.0480E-07,-1.18883E-03
7.0520E-07,-1.05211E-03
7.0560E-07,-9.34922E-04
7.0600E-07,-7.98203E-04
7.0640E-07,-7.59141E-04
7.0680E-07,-7.00547E-04
7.0720E-07,-7.98203E-04
7.0760E-07,-7.00547E-04
7.0800E-07,-7.39609E-04
7.0840E-07,-6.22422E-04
7.0880E-07,-5.05234E-04
7.0920E-07,-4.27109E-04
7.0960E-07,-3.88047E-04
7.1000E-07,-2.90391E-04
7.1040E-07,-1.92734E-04
7.1080E-07,-1.34141E-04
7.1120E-07,-1.34141E-04
7.1160E-07,-5.60156E-05
7.1200E-07,-1.34141E-04
7.1240E-07,2.21094E-05
7.1280E-07,6.11719E-05
7.1320E-07,1.97891E-04
7.1360E-07,2.17422E-04
7.1400E-07,4.32266E-04
7.1440E-07,4.32266E-04
7.1480E-07,5.49453E-04
7.1520E-07,5.88516E-04
7.1560E-07,8.03359E-04
7.1600E-07,7.44766E-04
7.1640E-07,7.64297E-04
7.1680E-07,7.64297E-04
7.1720E-07,8.42422E-04
7.1760E-07,7.44766E-04
7.1800E-07,7.25234E-04
7.1840E-07,5.29922E-04
7.1880E-07,4.51797E-04
7.1920E-07,2.95547E-04
7.1960E-07,1.58828E-04
7.2000E-07,-1.69531E-05
7.2040E-07,-3.64844E-05
7.2080E-07,-9.50781E-05
7.2120E-07,-5.60156E-05
7.2160E-07,-1.14609E-04
7.2200E-07,-1.14609E-04
7.2240E-07,-1.53672E-04
7.2280E-07,-1.34141E-04
7.2320E-07,-1.34141E-04
7.2360E-07,-7.55469E-05
7.2400E-07,-5.60156E-05
7.2440E-07,-5.60156E-05
7.2480E-07,-5.60156E-05
7.2520E-07,1.00234E-04
7.2560E-07,1.58828E-04
7.2600E-07,2.36953E-04
7.2640E-07,2.95547E-04
7.2680E-07,3.73672E-04
7.2720E-07,4.51797E-04
7.2760E-07,5.29922E-04
7.2800E-07,5.88516E-04
7.2840E-07,5.88516E-04
7.2880E-07,5.88516E-04
7.2920E-07,6.27578E-04
7.2960E-07,5.68984E-04
7.3000E-07,6.66641E-04
7.3040E-07,6.27578E-04
7.3080E-07,6.86172E-04
7.3120E-07,5.68984E-04
7.3160E-07,6.47109E-04
7.3200E-07,5.29922E-04
7.3240E-07,4.90859E-04
7.3280E-07,5.10391E-04
7.3320E-07,5.29922E-04
7.3360E-07,6.47109E-04
7.3400E-07,6.66641E-04
7.3440E-07,6.27578E-04
7.3480E-07,7.25234E-04
7.3520E-07,7.44766E-04
7.3560E-07,7.83828E-04
7.3600E-07,8.22891E-04
7.3640E-07,9.40078E-04
7.3680E-07,9.59609E-04
7.3720E-07,1.01820E-03
7.3760E-07,9.40078E-04
7.3800E-07,1.09633E-03
7.3840E-07,1.01820E-03
7.3880E-07,1.03773E-03
7.3920E-07,1.01820E-03
7.3960E-07,9.79141E-04
7.4000E-07,9.98672E-04
7.4040E-07,8.81484E-04
7.4080E-07,7.44766E-04
7.4120E-07,7.25234E-04
7.4160E-07,6.47109E-04
7.4200E-07,5.68984E-04
7.4240E-07,5.88516E-04
7.4280E-07,6.66641E-04
7.4320E-07,6.08047E-04
7.4360E-07,6.27578E-04
7.4400E-07,6.47109E-04
7.4440E-07,7.83828E-04
7.4480E-07,7.25234E-04
7.4520E-07,6.86172E-04
7.4560E-07,8.22891E-04
7.4600E-07,8.03359E-04
7.4640E-07,8.42422E-04
7.4680E-07,8.81484E-04
7.4720E-07,9.40078E-04
7.4760E-07,9.59609E-04
7.4800E-07,1.03773E-03
7.4840E-07,1.07680E-03
7.4880E-07,1.13539E-03
7.4920E-07,1.23305E-03
7.4960E-07,1.29164E-03
7.5000E-07,1.31117E-03
7.5040E-07,1.21352E-03
7.5080E-07,1.23305E-03
7.5120E-07,1.31117E-03
7.5160E-07,1.33070E-03
7.5200E-07,1.31117E-03
7.5240E-07,1.40883E-03
7.5280E-07,1.40883E-03
7.5320E-07,1.48695E-03
7.5360E-07,1.48695E-03
7.5400E-07,1.54555E-03
7.5440E-07,1.56508E-03
7.5480E-07,1.60414E-03
7.5520E-07,1.66273E-03
7.5560E-07,1.66273E-03
7.5600E-07,1.66273E-03
7.5640E-07,1.68227E-03
7.5680E-07,1.68227E-03
7.5720E-07,1.83852E-03
7.5760E-07,1.81898E-03
7.5800E-07,1.89711E-03
7.5840E-07,1.83852E-03
7.5880E-07,1.95570E-03
7.5920E-07,1.97523E-03
7.5960E-07,1.95570E-03
7.6000E-07,1.95570E-03
7.6040E-07,1.97523E-03
7.6080E-07,1.97523E-03
7.6120E-07,2.05336E-03
7.6160E-07,2.07289E-03
7.6200E-07,2.09242E-03
7.6240E-07,2.09242E-03
7.6280E-07,2.11195E-03
7.6320E-07,2.09242E-03
7.6360E-07,2.17055E-03
7.6400E-07,2.24867E-03
7.6440E-07,2.19008E-03
7.6480E-07,2.20961E-03
7.6520E-07,2.24867E-03
7.6560E-07,2.28773E-03
7.6600E-07,2.26820E-03
7.6640E-07,2.30727E-03
7.6680E-07,2.32680E-03
7.6720E-07,2.36586E-03
7.6760E-07,2.32680E-03
7.6800E-07,2.36586E-03
7.6840E-07,2.46352E-03
7.6880E-07,2.42445E-03
7.6920E-07,2.46352E-03
7.6960E-07,2.40492E-03
7.7000E-07,2.44398E-03
7.7040E-07,2.50258E-03
7.7080E-07,2.50258E-03
7.7120E-07,2.52211E-03
7.7160E-07,2.52211E-03
7.7200E-07,2.52211E-03
7.7240E-07,2.52211E-03
7.7280E-07,2.65883E-03
7.7320E-07,2.60023E-03
7.7360E-07,2.56117E-03
7.7400E-07,2.58070E-03
7.7440E-07,2.60023E-03
7.7480E-07,2.56117E-03
7.7520E-07,2.60023E-03
7.7560E-07,2.60023E-03
7.7600E-07,2.65883E-03
7.7640E-07,2.60023E-03
7.7680E-07,2.65883E-03
7.7720E-07,2.63930E-03
7.7760E-07,2.65883E-03
7.7800E-07,2.65883E-03
7.7840E-07,2.65883E-03
7.7880E-07,2.65883E-03
7.7920E-07,2.63930E-03
7.7960E-07,2.63930E-03
7.8000E-07,2.65883E-03
7.8040E-07,2.69789E-03
7.8080E-07,2.61977E-03
7.8120E-07,2.67836E-03
7.8160E-07,2.63930E-03
7.8200E-07,2.67836E-03
7.8240E-07,2.67836E-03
7.8280E-07,2.75648E-03
7.8320E-07,2.75648E-03
7.8360E-07,2.61977E-03
7.8400E-07,2.61977E-03
7.8440E-07,2.48305E-03
7.8480E-07,2.22914E-03
7.8520E-07,1.95570E-03
7.8560E-07,1.58461E-03
7.8600E-07,1.29164E-03
7.8640E-07,9.01016E-04
7.8680E-07,4.90859E-04
7.8720E-07,1.19766E-04
7.8760E-07,-1.14609E-04
7.8800E-07,-2.31797E-04
7.8840E-07,-3.48984E-04
7.8880E-07,-5.44297E-04
7.8920E-07,-6.41953E-04
7.8960E-07,-8.95859E-04
7.9000E-07,-1.05211E-03
7.9040E-07,-1.30602E-03
7.9080E-07,-1.52086E-03
7.9120E-07,-1.81383E-03
7.9160E-07,-1.97008E-03
7.9200E-07,-2.04820E-03
7.9240E-07,-1.95055E-03
7.9280E-07,-1.93102E-03
7.9320E-07,-1.85289E-03
7.9360E-07,-1.77477E-03
7.9400E-07,-1.71617E-03
7.9440E-07,-1.69664E-03
7.9480E-07,-1.63805E-03
7.9520E-07,-1.71617E-03
7.9560E-07,-1.79430E-03
7.9600E-07,-1.85289E-03
7.9640E-07,-1.83336E-03
7.9680E-07,-1.83336E-03
7.9720E-07,-1.77477E-03
7.9760E-07,-1.73570E-03
7.9800E-07,-1.71617E-03
7.9840E-07,-1.75523E-03
7.9880E-07,-1.67711E-03
7.9920E-07,-1.73570E-03
7.9960E-07,-1.69664E-03
8.0000E-07,-1.69664E-03
8.0040E-07,-1.69664E-03
8.0080E-07,-1.71617E-03
8.0120E-07,-1.59898E-03
8.0160E-07,-1.55992E-03
8.0200E-07,-1.46227E-03
8.0240E-07,-1.28648E-03
8.0280E-07,-1.16930E-03
8.0320E-07,-1.13023E-03
8.0360E-07,-9.54453E-04
8.0400E-07,-9.15391E-04
8.0440E-07,-8.37266E-04
8.0480E-07,-7.00547E-04
8.0520E-07,-6.61484E-04
8.0560E-07,-5.63828E-04
8.0600E-07,-4.85703E-04
8.0640E-07,-3.88047E-04
8.0680E-07,-1.73203E-04
8.0720E-07,-1.34141E-04
8.0760E-07,2.21094E-05
8.0800E-07,8.07031E-05
8.0840E-07,2.17422E-04
8.0880E-07,2.76016E-04
8.0920E-07,2.95547E-04
8.0960E-07,2.17422E-04
8.1000E-07,3.73672E-04
8.1040E-07,4.12734E-04
8.1080E-07,5.29922E-04
8.1120E-07,5.10391E-04
8.1160E-07,6.66641E-04
8.1200E-07,7.25234E-04
8.1240E-07,8.03359E-04
8.1280E-07,8.22891E-04
8.1320E-07,9.40078E-04
8.1360E-07,9.40078E-04
8.1400E-07,1.01820E-03
8.1440E-07,9.79141E-04
8.1480E-07,1.03773E-03
8.1520E-07,1.03773E-03
8.1560E-07,9.59609E-04
8.1600E-07,9.01016E-04
8.1640E-07,7.44766E-04
8.1680E-07,6.47109E-04
8.1720E-07,5.29922E-04
8.1760E-07,4.51797E-04
8.1800E-07,4.51797E-04
8.1840E-07,4.90859E-04
8.1880E-07,4.51797E-04
8.1920E-07,4.32266E-04
8.1960E-07,4.90859E-04
8.2000E-07,5.10391E-04
8.2040E-07,5.10391E-04
8.2080E-07,5.10391E-04
8.2120E-07,5.29922E-04
8.2160E-07,5.68984E-04
8.2200E-07,6.08047E-04
8.2240E-07,6.08047E-04
8.2280E-07,5.88516E-04
8.2320E-07,7.83828E-04
8.2360E-07,7.64297E-04
8.2400E-07,8.81484E-04
8.2440E-07,9.59609E-04
8.2480E-07,1.01820E-03
8.2520E-07,1.01820E-03
8.2560E-07,1.03773E-03
8.2600E-07,1.05727E-03
8.2640E-07,1.09633E-03
8.2680E-07,1.13539E-03
8.2720E-07,1.09633E-03
8.2760E-07,1.15492E-03
8.2800E-07,1.17445E-03
8.2840E-07,1.29164E-03
8.2880E-07,1.17445E-03
8.2920E-07,1.29164E-03
8.2960E-07,1.27211E-03
8.3000E-07,1.33070E-03
8.3040E-07,1.33070E-03
8.3080E-07,1.44789E-03
8.3120E-07,1.38930E-03
8.3160E-07,1.52602E-03
8.3200E-07,1.52602E-03
8.3240E-07,1.58461E-03
8.3280E-07,1.60414E-03
8.3320E-07,1.66273E-03
8.3360E-07,1.66273E-03
8.3400E-07,1.79945E-03
8.3440E-07,1.77992E-03
8.3480E-07,1.77992E-03
8.3520E-07,1.81898E-03
8.3560E-07,1.89711E-03
8.3600E-07,1.93617E-03
8.3640E-07,1.87758E-03
8.3680E-07,1.93617E-03
8.3720E-07,1.97523E-03
8.3760E-07,1.93617E-03
8.3800E-07,2.03383E-03
8.3840E-07,2.03383E-03
8.3880E-07,2.05336E-03
8.3920E-07,2.01430E-03
8.3960E-07,2.03383E-03
8.4000E-07,1.97523E-03
8.4040E-07,2.09242E-03
8.4080E-07,2.05336E-03
8.4120E-07,1.97523E-03
8.4160E-07,2.05336E-03
8.4200E-07,2.07289E-03
8.4240E-07,2.07289E-03
8.4280E-07,2.05336E-03
8.4320E-07,2.05336E-03
8.4360E-07,2.13148E-03
8.4400E-07,2.15102E-03
8.4440E-07,2.15102E-03
8.4480E-07,2.11195E-03
8.4520E-07,2.19008E-03
8.4560E-07,2.20961E-03
8.4600E-07,2.20961E-03
8.4640E-07,2.17055E-03
8.4680E-07,2.19008E-03
8.4720E-07,2.28773E-03
8.4760E-07,2.24867E-03
8.4800E-07,2.26820E-03
8.4840E-07,2.34633E-03
8.4880E-07,2.30727E-03
8.4920E-07,2.38539E-03
8.4960E-07,2.36586E-03
8.5000E-07,2.44398E-03
8.5040E-07,2.36586E-03
8.5080E-07,2.38539E-03
8.5120E-07,2.40492E-03
8.5160E-07,2.40492E-03
8.5200E-07,2.44398E-03
8.5240E-07,2.46352E-03
8.5280E-07,2.44398E-03
8.5320E-07,2.52211E-03
8.5360E-07,2.50258E-03
8.5400E-07,2.48305E-03
8.5440E-07,2.50258E-03
8.5480E-07,2.46352E-03
8.5520E-07,2.42445E-03
8.5560E-07,2.52211E-03
8.5600E-07,2.50258E-03
8.5640E-07,2.56117E-03
8.5680E-07,2.56117E-03
8.5720E-07,2.63930E-03
8.5760E-07,2.61977E-03
8.5800E-07,2.63930E-03
8.5840E-07,2.63930E-03
8.5880E-07,2.65883E-03
8.5920E-07,2.60023E-03
8.5960E-07,2.67836E-03
8.6000E-07,2.65883E-03
8.6040E-07,2.67836E-03
8.6080E-07,2.69789E-03
8.6120E-07,2.73695E-03
8.6160E-07,2.65883E-03
8.6200E-07,2.75648E-03
8.6240E-07,2.73695E-03
8.6280E-07,2.77602E-03
8.6320E-07,2.75648E-03
8.6360E-07,2.73695E-03
8.6400E-07,2.69789E-03
8.6440E-07,2.77602E-03
8.6480E-07,2.67836E-03
8.6520E-07,2.79555E-03
8.6560E-07,2.67836E-03
8.6600E-07,2.75648E-03
8.6640E-07,2.81508E-03
8.6680E-07,2.83461E-03
8.6720E-07,2.77602E-03
8.6760E-07,2.81508E-03
8.6800E-07,2.89320E-03
8.6840E-07,2.85414E-03
8.6880E-07,2.87367E-03
8.6920E-07,2.85414E-03
8.6960E-07,2.83461E-03
8.7000E-07,2.87367E-03
8.7040E-07,2.87367E-03
8.7080E-07,2.91273E-03
8.7120E-07,2.91273E-03
8.7160E-07,2.95180E-03
8.7200E-07,2.85414E-03
8.7240E-07,2.95180E-03
8.7280E-07,2.93227E-03
8.7320E-07,2.87367E-03
8.7360E-07,2.87367E-03
8.7400E-07,2.95180E-03
8.7440E-07,2.95180E-03
8.7480E-07,2.93227E-03
8.7520E-07,2.89320E-03
8.7560E-07,3.01039E-03
8.7600E-07,2.89320E-03
8.7640E-07,2.95180E-03
8.7680E-07,2.89320E-03
8.7720E-07,2.97133E-03
8.7760E-07,2.95180E-03
8.7800E-07,2.93227E-03
8.7840E-07,2.85414E-03
8.7880E-07,2.97133E-03
8.7920E-07,2.99086E-03
8.7960E-07,2.97133E-03
8.8000E-07,2.89320E-03
8.8040E-07,2.95180E-03
8.8080E-07,2.95180E-03
8.8120E-07,2.95180E-03
8.8160E-07,2.93227E-03
8.8200E-07,3.01039E-03
8.8240E-07,2.97133E-03
8.8280E-07,3.01039E-03
8.8320E-07,2.95180E-03
8.8360E-07,3.04945E-03
8.8400E-07,2.99086E-03
8.8440E-07,3.02992E-03
8.8480E-07,2.97133E-03
8.8520E-07,3.02992E-03
8.8560E-07,3.02992E-03
8.8600E-07,2.97133E-03
8.8640E-07,3.01039E-03
8.8680E-07,2.93227E-03
8.8720E-07,3.01039E-03
8.8760E-07,3.02992E-03
8.8800E-07,3.02992E-03
8.8840E-07,3.10805E-03
8.8880E-07,2.99086E-03
8.8920E-07,3.02992E-03
8.8960E-07,2.97133E-03
8.9000E-07,3.06898E-03
8.9040E-07,3.02992E-03
8.9080E-07,3.04945E-03
8.9120E-07,3.02992E-03
8.9160E-07,3.04945E-03
8.9200E-07,3.04945E-03
8.9240E-07,3.06898E-03
8.9280E-07,3.02992E-03
8.9320E-07,3.10805E-03
8.9360E-07,3.04945E-03
8.9400E-07,3.08852E-03
8.9440E-07,2.97133E-03
8.9480E-07,3.04945E-03
8.9520E-07,2.99086E-03
8.9560E-07,3.06898E-03
8.9600E-07,3.02992E-03
8.9640E-07,3.10805E-03
8.9680E-07,3.06898E-03
8.9720E-07,3.08852E-03
8.9760E-07,3.08852E-03
8.9800E-07,3.04945E-03
8.9840E-07,3.06898E-03
8.9880E-07,3.02992E-03
8.9920E-07,2.99086E-03
8.9960E-07,3.02992E-03
9.0000E-07,3.06898E-03
9.0040E-07,3.01039E-03
9.0080E-07,3.06898E-03
9.0120E-07,3.04945E-03
9.0160E-07,3.10805E-03
9.0200E-07,3.12758E-03
9.0240E-07,3.08852E-03
9.0280E-07,3.12758E-03
9.0320E-07,3.02992E-03
9.0360E-07,3.02992E-03
9.0400E-07,3.02992E-03
9.0440E-07,3.08852E-03
9.0480E-07,3.06898E-03
9.0520E-07,3.02992E-03
9.0560E-07,3.02992E-03
9.0600E-07,3.04945E-03
9.0640E-07,3.08852E-03
9.0680E-07,3.02992E-03
9.0720E-07,2.97133E-03
9.0760E-07,2.99086E-03
9.0800E-07,3.02992E-03
9.0840E-07,2.97133E-03
9.0880E-07,3.02992E-03
9.0920E-07,3.04945E-03
9.0960E-07,3.02992E-03
9.1000E-07,3.02992E-03
9.1040E-07,2.97133E-03
9.1080E-07,2.91273E-03
9.1120E-07,3.01039E-03
9.1160E-07,2.99086E-03
9.1200E-07,2.95180E-03
9.1240E-07,2.99086E-03
9.1280E-07,2.95180E-03
9.1320E-07,3.04945E-03
9.1360E-07,2.93227E-03
9.1400E-07,2.97133E-03
9.1440E-07,2.93227E-03
9.1480E-07,2.97133E-03
9.1520E-07,2.93227E-03
9.1560E-07,3.01039E-03
9.1600E-07,2.97133E-03
9.1640E-07,2.97133E-03
9.1680E-07,2.91273E-03
9.1720E-07,2.95180E-03
9.1760E-07,2.99086E-03
9.1800E-07,2.99086E-03
9.1840E-07,2.95180E-03
9.1880E-07,2.95180E-03
9.1920E-07,2.95180E-03
9.1960E-07,2.91273E-03
9.2000E-07,2.93227E-03
9.2040E-07,2.97133E-03
9.2080E-07,2.95180E-03
9.2120E-07,2.95180E-03
9.2160E-07,2.93227E-03
9.2200E-07,2.99086E-03
9.2240E-07,2.97133E-03
9.2280E-07,2.97133E-03
9.2320E-07,2.97133E-03
9.2360E-07,2.99086E-03
9.2400E-07,2.99086E-03
9.2440E-07,2.97133E-03
9.2480E-07,3.01039E-03
9.2520E-07,3.06898E-03
9.2560E-07,2.97133E-03
9.2600E-07,2.99086E-03
9.2640E-07,2.95180E-03
9.2680E-07,2.95180E-03
9.2720E-07,2.93227E-03
9.2760E-07,3.02992E-03
9.2800E-07,3.01039E-03
9.2840E-07,2.99086E-03
9.2880E-07,2.99086E-03
9.2920E-07,3.01039E-03
9.2960E-07,2.97133E-03
9.3000E-07,2.99086E-03
9.3040E-07,3.06898E-03
9.3080E-07,3.01039E-03
9.3120E-07,3.02992E-03
9.3160E-07,2.95180E-03
9.3200E-07,3.01039E-03
9.3240E-07,2.97133E-03
9.3280E-07,2.87367E-03
9.3320E-07,2.75648E-03
9.3360E-07,2.65883E-03
9.3400E-07,2.50258E-03
9.3440E-07,2.38539E-03
9.3480E-07,2.19008E-03
9.3520E-07,1.95570E-03
9.3560E-07,1.62367E-03
9.3600E-07,1.52602E-03
9.3640E-07,1.40883E-03
9.3680E-07,1.42836E-03
9.3720E-07,1.35023E-03
9.3760E-07,1.36977E-03
9.3800E-07,1.36977E-03
9.3840E-07,1.31117E-03
9.3880E-07,1.29164E-03
9.3920E-07,1.23305E-03
9.3960E-07,1.23305E-03
9.4000E-07,1.13539E-03
9.4040E-07,1.21352E-03
9.4080E-07,1.17445E-03
9.4120E-07,1.29164E-03
9.4160E-07,1.29164E-03
9.4200E-07,1.35023E-03
9.4240E-07,1.31117E-03
9.4280E-07,1.50648E-03
9.4320E-07,1.48695E-03
9.4360E-07,1.52602E-03
9.4400E-07,1.46742E-03
9.4440E-07,1.44789E-03
9.4480E-07,1.50648E-03
9.4520E-07,1.40883E-03
9.4560E-07,1.48695E-03
9.4600E-07,1.46742E-03
9.4640E-07,1.54555E-03
9.4680E-07,1.54555E-03
9.4720E-07,1.56508E-03
9.4760E-07,1.66273E-03
9.4800E-07,1.62367E-03
9.4840E-07,1.64320E-03
9.4880E-07,1.60414E-03
9.4920E-07,1.72133E-03
9.4960E-07,1.74086E-03
9.5000E-07,1.76039E-03
9.5040E-07,1.72133E-03
9.5080E-07,1.79945E-03
9.5120E-07,1.81898E-03
9.5160E-07,1.74086E-03
9.5200E-07,1.74086E-03
9.5240E-07,1.76039E-03
9.5280E-07,1.60414E-03
9.5320E-07,1.50648E-03
9.5360E-07,1.33070E-03
9.5400E-07,1.31117E-03
9.5440E-07,1.31117E-03
9.5480E-07,1.38930E-03
9.5520E-07,1.35023E-03
9.5560E-07,1.36977E-03
9.5600E-07,1.40883E-03
9.5640E-07,1.36977E-03
9.5680E-07,1.38930E-03
9.5720E-07,1.36977E-03
9.5760E-07,1.35023E-03
9.5800E-07,1.42836E-03
9.5840E-07,1.40883E-03
9.5880E-07,1.40883E-03
9.5920E-07,1.46742E-03
9.5960E-07,1.44789E-03
9.6000E-07,1.46742E-03
9.6040E-07,1.62367E-03
9.6080E-07,1.64320E-03
9.6120E-07,1.70180E-03
9.6160E-07,1.70180E-03
9.6200E-07,1.72133E-03
9.6240E-07,1.66273E-03
9.6280E-07,1.60414E-03
9.6320E-07,1.54555E-03
9.6360E-07,1.54555E-03
9.6400E-07,1.60414E-03
9.6440E-07,1.64320E-03
9.6480E-07,1.62367E-03
9.6520E-07,1.62367E-03
9.6560E-07,1.60414E-03
9.6600E-07,1.66273E-03
9.6640E-07,1.66273E-03
9.6680E-07,1.68227E-03
9.6720E-07,1.64320E-03
9.6760E-07,1.70180E-03
9.6800E-07,1.68227E-03
9.6840E-07,1.72133E-03
9.6880E-07,1.76039E-03
9.6920E-07,1.81898E-03
9.6960E-07,1.79945E-03
9.7000E-07,1.93617E-03
9.7040E-07,1.95570E-03
9.7080E-07,2.01430E-03
9.7120E-07,2.01430E-03
9.7160E-07,2.01430E-03
9.7200E-07,1.97523E-03
9.7240E-07,1.95570E-03
9.7280E-07,2.01430E-03
9.7320E-07,2.13148E-03
9.7360E-07,2.15102E-03
9.7400E-07,2.17055E-03
9.7440E-07,2.15102E-03
9.7480E-07,2.17055E-03
9.7520E-07,2.19008E-03
9.7560E-07,2.26820E-03
9.7600E-07,2.26820E-03
9.7640E-07,2.24867E-03
9.7680E-07,2.30727E-03
9.7720E-07,2.30727E-03
9.7760E-07,2.22914E-03
9.7800E-07,2.30727E-03
9.7840E-07,2.32680E-03
9.7880E-07,2.30727E-03
9.7920E-07,2.30727E-03
9.7960E-07,2.40492E-03
9.8000E-07,2.46352E-03
9.8040E-07,2.48305E-03
9.8080E-07,2.46352E-03
9.8120E-07,2.52211E-03
9.8160E-07,2.54164E-03
9.8200E-07,2.63930E-03
9.8240E-07,2.54164E-03
9.8280E-07,2.60023E-03
9.8320E-07,2.56117E-03
9.8360E-07,2.69789E-03
9.8400E-07,2.65883E-03
9.8440E-07,2.73695E-03
9.8480E-07,2.69789E-03
9.8520E-07,2.69789E-03
9.8560E-07,2.71742E-03
9.8600E-07,2.73695E-03
9.8640E-07,2.75648E-03
9.8680E-07,2.79555E-03
9.8720E-07,2.73695E-03
9.8760E-07,2.79555E-03
9.8800E-07,2.81508E-03
9.8840E-07,2.79555E-03
9.8880E-07,2.77602E-03
9.8920E-07,2.81508E-03
9.8960E-07,2.75648E-03
9.9000E-07,2.87367E-03
9.9040E-07,2.83461E-03
9.9080E-07,2.89320E-03
9.9120E-07,2.79555E-03
9.9160E-07,2.77602E-03
9.9200E-07,2.81508E-03
9.9240E-07,2.87367E-03
9.9280E-07,2.93227E-03
9.9320E-07,2.89320E-03
9.9360E-07,2.83461E-03
9.9400E-07,2.87367E-03
9.9440E-07,2.93227E-03
9.9480E-07,2.91273E-03
9.9520E-07,2.89320E-03
9.9560E-07,2.93227E-03
9.9600E-07,2.95180E-03
9.9640E-07,2.95180E-03
9.9680E-07,2.89320E-03
9.9720E-07,2.97133E-03
9.9760E-07,2.91273E-03
9.9800E-07,2.97133E-03
9.9840E-07,2.89320E-03
9.9880E-07,2.99086E-03
9.9920E-07,2.99086E-03
9.9960E-07,2.97133E-03
1.0000E-06,2.97133E-03
1.0004E-06,3.02992E-03
1.0008E-06,3.04945E-03
1.0012E-06,3.06898E-03
1.0016E-06,3.01039E-03
1.0020E-06,3.06898E-03
1.0024E-06,2.97133E-03
1.0028E-06,3.01039E-03
1.0032E-06,2.89320E-03
1.0036E-06,2.83461E-03
1.0040E-06,2.63930E-03
1.0044E-06,2.56117E-03
1.0048E-06,2.40492E-03
1.0052E-06,2.22914E-03
1.0056E-06,2.03383E-03
1.0060E-06,1.77992E-03
1.0064E-06,1.74086E-03
1.0068E-06,1.79945E-03
1.0072E-06,1.76039E-03
1.0076E-06,1.77992E-03
1.0080E-06,1.72133E-03
1.0084E-06,1.72133E-03
1.0088E-06,1.60414E-03
1.0092E-06,1.58461E-03
1.0096E-06,1.60414E-03
1.0100E-06,1.60414E-03
1.0104E-06,1.60414E-03
1.0108E-06,1.66273E-03
1.0112E-06,1.58461E-03
1.0116E-06,1.62367E-03
1.0120E-06,1.64320E-03
1.0124E-06,1.72133E-03
1.0128E-06,1.60414E-03
1.0132E-06,1.64320E-03
1.0136E-06,1.54555E-03
1.0140E-06,1.42836E-03
1.0144E-06,1.23305E-03
1.0148E-06,1.07680E-03
1.0152E-06,9.01016E-04
1.0156E-06,7.64297E-04
1.0160E-06,7.25234E-04
1.0164E-06,6.86172E-04
1.0168E-06,7.05703E-04
1.0172E-06,6.66641E-04
1.0176E-06,6.27578E-04
1.0180E-06,6.66641E-04
1.0184E-06,5.68984E-04
1.0188E-06,6.27578E-04
1.0192E-06,6.27578E-04
1.0196E-06,6.08047E-04
1.0200E-06,5.49453E-04
1.0204E-06,6.66641E-04
1.0208E-06,6.47109E-04
1.0212E-06,8.03359E-04
1.0216E-06,8.61953E-04
1.0220E-06,9.20547E-04
1.0224E-06,1.05727E-03
1.0228E-06,1.17445E-03
1.0232E-06,1.21352E-03
1.0236E-06,1.15492E-03
1.0240E-06,1.09633E-03
1.0244E-06,1.15492E-03
1.0248E-06,1.21352E-03
1.0252E-06,1.23305E-03
1.0256E-06,1.19398E-03
1.0260E-06,1.29164E-03
1.0264E-06,1.33070E-03
1.0268E-06,1.36977E-03
1.0272E-06,1.35023E-03
1.0276E-06,1.40883E-03
1.0280E-06,1.42836E-03
1.0284E-06,1.50648E-03
1.0288E-06,1.50648E-03
1.0292E-06,1.48695E-03
1.0296E-06,1.56508E-03
1.0300E-06,1.58461E-03
1.0304E-06,1.52602E-03
1.0308E-06,1.66273E-03
1.0312E-06,1.70180E-03
1.0316E-06,1.66273E-03
1.0320E-06,1.62367E-03
1.0324E-06,1.58461E-03
1.0328E-06,1.42836E-03
1.0332E-06,1.27211E-03
1.0336E-06,1.07680E-03
1.0340E-06,8.03359E-04
1.0344E-06,5.10391E-04
1.0348E-06,2.56484E-04
1.0352E-06,1.58828E-04
1.0356E-06,1.00234E-04
1.0360E-06,2.21094E-05
1.0364E-06,-2.31797E-04
1.0368E-06,-4.27109E-04
1.0372E-06,-7.20078E-04
1.0376E-06,-1.03258E-03
1.0380E-06,-1.40367E-03
1.0384E-06,-1.87242E-03
1.0388E-06,-2.20445E-03
1.0392E-06,-2.45836E-03
1.0396E-06,-2.71227E-03
1.0400E-06,-2.88805E-03
1.0404E-06,-3.04430E-03
1.0408E-06,-3.25914E-03
1.0412E-06,-3.49352E-03
1.0416E-06,-3.74742E-03
1.0420E-06,-4.04039E-03
1.0424E-06,-4.29430E-03
1.0428E-06,-4.39195E-03
1.0432E-06,-4.43102E-03
1.0436E-06,-4.56773E-03
1.0440E-06,-4.62633E-03
1.0444E-06,-4.62633E-03
1.0448E-06,-4.68492E-03
1.0452E-06,-4.72398E-03
1.0456E-06,-4.91930E-03
1.0460E-06,-4.99742E-03
1.0464E-06,-5.17320E-03
1.0468E-06,-5.38805E-03
1.0472E-06,-5.64195E-03
1.0476E-06,-5.85680E-03
1.0480E-06,-6.05211E-03
1.0484E-06,-6.16930E-03
1.0488E-06,-6.22789E-03
1.0492E-06,-6.24742E-03
1.0496E-06,-6.50133E-03
1.0500E-06,-6.67711E-03
1.0504E-06,-6.95055E-03
1.0508E-06,-7.14586E-03
1.0512E-06,-7.39977E-03
1.0516E-06,-7.53648E-03
1.0520E-06,-7.65367E-03
1.0524E-06,-7.82945E-03
1.0528E-06,-7.94664E-03
1.0532E-06,-8.12242E-03
1.0536E-06,-8.33727E-03
1.0540E-06,-8.43492E-03
1.0544E-06,-8.51305E-03
1.0548E-06,-8.51305E-03
1.0552E-06,-8.39586E-03
1.0556E-06,-8.25914E-03
1.0560E-06,-8.18102E-03
1.0564E-06,-8.16148E-03
1.0568E-06,-8.12242E-03
1.0572E-06,-8.02477E-03
1.0576E-06,-7.92711E-03
1.0580E-06,-7.77086E-03
1.0584E-06,-7.71227E-03
1.0588E-06,-7.57555E-03
1.0592E-06,-7.51695E-03
1.0596E-06,-7.43883E-03
1.0600E-06,-7.26305E-03
1.0604E-06,-6.97008E-03
1.0608E-06,-6.77477E-03
1.0612E-06,-6.55992E-03
1.0616E-06,-6.32555E-03
1.0620E-06,-6.13023E-03
1.0624E-06,-5.99352E-03
1.0628E-06,-5.77867E-03
1.0632E-06,-5.64195E-03
1.0636E-06,-5.42711E-03
1.0640E-06,-5.29039E-03
1.0644E-06,-4.99742E-03
1.0648E-06,-4.72398E-03
1.0652E-06,-4.54820E-03
1.0656E-06,-4.37242E-03
1.0660E-06,-4.13805E-03
1.0664E-06,-3.94273E-03
1.0668E-06,-3.72789E-03
1.0672E-06,-3.59117E-03
1.0676E-06,-3.53258E-03
1.0680E-06,-3.53258E-03
1.0684E-06,-3.57164E-03
1.0688E-06,-3.63023E-03
1.0692E-06,-3.74742E-03
1.0696E-06,-3.94273E-03
1.0700E-06,-4.13805E-03
1.0704E-06,-4.47008E-03
1.0708E-06,-4.84117E-03
1.0712E-06,-5.13414E-03
1.0716E-06,-5.52477E-03
1.0720E-06,-5.89586E-03
1.0724E-06,-6.34508E-03
1.0728E-06,-6.61852E-03
1.0732E-06,-6.98961E-03
1.0736E-06,-7.20445E-03
1.0740E-06,-7.43883E-03
1.0744E-06,-7.73180E-03
1.0748E-06,-7.82945E-03
1.0752E-06,-7.94664E-03
1.0756E-06,-7.94664E-03
1.0760E-06,-7.88805E-03
1.0764E-06,-7.82945E-03
1.0768E-06,-7.77086E-03
1.0772E-06,-7.59508E-03
1.0776E-06,-7.39977E-03
1.0780E-06,-7.32164E-03
1.0784E-06,-7.02867E-03
1.0788E-06,-6.93102E-03
1.0792E-06,-6.75523E-03
1.0796E-06,-6.52086E-03
1.0800E-06,-6.34508E-03
1.0804E-06,-6.18883E-03
1.0808E-06,-5.99352E-03
1.0812E-06,-5.81773E-03
1.0816E-06,-5.72008E-03
1.0820E-06,-5.64195E-03
1.0824E-06,-5.48570E-03
1.0828E-06,-5.23180E-03
1.0832E-06,-5.21227E-03
1.0836E-06,-5.07555E-03
1.0840E-06,-4.97789E-03
1.0844E-06,-4.88023E-03
1.0848E-06,-4.72398E-03
1.0852E-06,-4.64586E-03
1.0856E-06,-4.54820E-03
1.0860E-06,-4.48961E-03
1.0864E-06,-4.50914E-03
1.0868E-06,-4.47008E-03
1.0872E-06,-4.45055E-03
1.0876E-06,-4.31383E-03
1.0880E-06,-4.11852E-03
1.0884E-06,-3.96227E-03
1.0888E-06,-3.76695E-03
1.0892E-06,-3.59117E-03
1.0896E-06,-3.49352E-03
1.0900E-06,-3.33727E-03
1.0904E-06,-3.12242E-03
1.0908E-06,-3.00523E-03
1.0912E-06,-2.84898E-03
1.0916E-06,-2.80992E-03
1.0920E-06,-2.53648E-03
1.0924E-06,-2.49742E-03
1.0928E-06,-2.43883E-03
1.0932E-06,-2.45836E-03
1.0936E-06,-2.67320E-03
1.0940E-06,-2.90758E-03
1.0944E-06,-3.35680E-03
1.0948E-06,-3.88414E-03
1.0952E-06,-4.41148E-03
1.0956E-06,-5.09508E-03
1.0960E-06,-5.77867E-03
1.0964E-06,-6.20836E-03
1.0968E-06,-6.34508E-03
1.0972E-06,-6.52086E-03
1.0976E-06,-6.71617E-03
1.0980E-06,-6.89195E-03
1.0984E-06,-6.95055E-03
1.0988E-06,-7.02867E-03
1.0992E-06,-7.20445E-03
1.0996E-06,-7.26305E-03
1.1000E-06,-7.41930E-03
1.1004E-06,-7.41930E-03
1.1008E-06,-7.39977E-03
1.1012E-06,-7.34117E-03
1.1016E-06,-7.22398E-03
1.1020E-06,-7.12633E-03
1.1024E-06,-6.93102E-03
1.1028E-06,-6.85289E-03
1.1032E-06,-6.63805E-03
1.1036E-06,-6.50133E-03
1.1040E-06,-6.48180E-03
1.1044E-06,-6.48180E-03
1.1048E-06,-6.55992E-03
1.1052E-06,-6.50133E-03
1.1056E-06,-6.55992E-03
1.1060E-06,-6.36461E-03
1.1064E-06,-6.20836E-03
1.1068E-06,-6.05211E-03
1.1072E-06,-5.91539E-03
1.1076E-06,-5.70055E-03
1.1080E-06,-5.54430E-03
1.1084E-06,-5.40758E-03
1.1088E-06,-5.27086E-03
1.1092E-06,-5.07555E-03
1.1096E-06,-4.88023E-03
1.1100E-06,-4.74352E-03
1.1104E-06,-4.60680E-03
1.1108E-06,-4.37242E-03
1.1112E-06,-4.19664E-03
1.1116E-06,-4.02086E-03
1.1120E-06,-3.82555E-03
1.1124E-06,-3.64977E-03
1.1128E-06,-3.57164E-03
1.1132E-06,-3.49352E-03
1.1136E-06,-3.51305E-03
1.1140E-06,-3.61070E-03
1.1144E-06,-3.64977E-03
1.1148E-06,-3.63023E-03
1.1152E-06,-3.55211E-03
1.1156E-06,-3.39586E-03
1.1160E-06,-3.31773E-03
1.1164E-06,-3.14195E-03
1.1168E-06,-3.02477E-03
1.1172E-06,-2.86852E-03
1.1176E-06,-2.84898E-03
1.1180E-06,-2.69273E-03
1.1184E-06,-2.55602E-03
1.1188E-06,-2.49742E-03
1.1192E-06,-2.34117E-03
1.1196E-06,-2.20445E-03
1.1200E-06,-2.10680E-03
1.1204E-06,-1.93102E-03
1.1208E-06,-1.77477E-03
1.1212E-06,-1.67711E-03
1.1216E-06,-1.54039E-03
1.1220E-06,-1.30602E-03
1.1224E-06,-1.26695E-03
1.1228E-06,-1.22789E-03
1.1232E-06,-1.22789E-03
1.1236E-06,-1.13023E-03
1.1240E-06,-1.05211E-03
1.1244E-06,-8.76328E-04
1.1248E-06,-8.56797E-04
1.1252E-06,-7.20078E-04
1.1256E-06,-6.81016E-04
1.1260E-06,-5.44297E-04
1.1264E-06,-4.66172E-04
1.1268E-06,-4.46641E-04
1.1272E-06,-4.46641E-04
1.1276E-06,-3.68516E-04
1.1280E-06,-4.27109E-04
1.1284E-06,-4.27109E-04
1.1288E-06,-5.05234E-04
1.1292E-06,-6.22422E-04
1.1296E-06,-7.39609E-04
1.1300E-06,-7.78672E-04
1.1304E-06,-8.76328E-04
1.1308E-06,-9.15391E-04
1.1312E-06,-1.11070E-03
1.1316E-06,-1.09117E-03
1.1320E-06,-1.14977E-03
1.1324E-06,-1.18883E-03
1.1328E-06,-1.11070E-03
1.1332E-06,-1.03258E-03
1.1336E-06,-1.14977E-03
1.1340E-06,-1.07164E-03
1.1344E-06,-9.93516E-04
1.1348E-06,-1.01305E-03
1.1352E-06,-9.73984E-04
1.1356E-06,-8.37266E-04
1.1360E-06,-7.59141E-04
1.1364E-06,-7.59141E-04
1.1368E-06,-6.61484E-04
1.1372E-06,-5.44297E-04
1.1376E-06,-4.66172E-04
1.1380E-06,-4.27109E-04
1.1384E-06,-4.85703E-04
1.1388E-06,-4.66172E-04
1.1392E-06,-4.46641E-04
1.1396E-06,-4.46641E-04
1.1400E-06,-5.83359E-04
1.1404E-06,-6.61484E-04
1.1408E-06,-7.00547E-04
1.1412E-06,-6.22422E-04
1.1416E-06,-5.83359E-04
1.1420E-06,-5.05234E-04
1.1424E-06,-5.44297E-04
1.1428E-06,-4.85703E-04
1.1432E-06,-5.44297E-04
1.1436E-06,-4.46641E-04
1.1440E-06,-4.85703E-04
1.1444E-06,-4.46641E-04
1.1448E-06,-6.02891E-04
1.1452E-06,-7.20078E-04
1.1456E-06,-9.15391E-04
1.1460E-06,-1.07164E-03
1.1464E-06,-1.34508E-03
1.1468E-06,-1.69664E-03
1.1472E-06,-2.06773E-03
1.1476E-06,-2.26305E-03
1.1480E-06,-2.39977E-03
1.1484E-06,-2.45836E-03
1.1488E-06,-2.47789E-03
1.1492E-06,-2.53648E-03
1.1496E-06,-2.63414E-03
1.1500E-06,-2.65367E-03
1.1504E-06,-2.73180E-03
1.1508E-06,-2.90758E-03
1.1512E-06,-2.84898E-03
1.1516E-06,-2.96617E-03
1.1520E-06,-3.10289E-03
1.1524E-06,-3.23961E-03
1.1528E-06,-3.33727E-03
1.1532E-06,-3.45445E-03
1.1536E-06,-3.72789E-03
1.1540E-06,-3.90367E-03
1.1544E-06,-4.09898E-03
1.1548E-06,-4.13805E-03
1.1552E-06,-4.19664E-03
1.1556E-06,-4.31383E-03
1.1560E-06,-4.60680E-03
1.1564E-06,-4.91930E-03
1.1568E-06,-5.34898E-03
1.1572E-06,-5.70055E-03
1.1576E-06,-6.16930E-03
1.1580E-06,-6.52086E-03
1.1584E-06,-7.02867E-03
1.1588E-06,-7.38023E-03
1.1592E-06,-7.61461E-03
1.1596E-06,-7.77086E-03
1.1600E-06,-7.75133E-03
1.1604E-06,-7.73180E-03
1.1608E-06,-7.80992E-03
1.1612E-06,-7.73180E-03
1.1616E-06,-7.77086E-03
1.1620E-06,-7.73180E-03
1.1624E-06,-7.73180E-03
1.1628E-06,-7.75133E-03
1.1632E-06,-7.75133E-03
1.1636E-06,-7.69273E-03
1.1640E-06,-7.57555E-03
1.1644E-06,-7.49742E-03
1.1648E-06,-7.53648E-03
1.1652E-06,-7.57555E-03
1.1656E-06,-7.55602E-03
1.1660E-06,-7.63414E-03
1.1664E-06,-7.61461E-03
1.1668E-06,-7.63414E-03
1.1672E-06,-7.82945E-03
1.1676E-06,-7.88805E-03
1.1680E-06,-7.92711E-03
1.1684E-06,-7.84898E-03
1.1688E-06,-7.67320E-03
1.1692E-06,-7.49742E-03
1.1696E-06,-7.39977E-03
1.1700E-06,-7.22398E-03
1.1704E-06,-7.06773E-03
1.1708E-06,-6.95055E-03
1.1712E-06,-6.69664E-03
1.1716E-06,-6.52086E-03
1.1720E-06,-6.32555E-03
1.1724E-06,-6.07164E-03
1.1728E-06,-5.85680E-03
1.1732E-06,-5.73961E-03
1.1736E-06,-5.46617E-03
1.1740E-06,-5.34898E-03
1.1744E-06,-5.27086E-03
1.1748E-06,-5.25133E-03
1.1752E-06,-5.17320E-03
1.1756E-06,-5.21227E-03
1.1760E-06,-5.34898E-03
1.1764E-06,-5.54430E-03
1.1768E-06,-5.60289E-03
1.1772E-06,-5.50523E-03
1.1776E-06,-5.48570E-03
1.1780E-06,-5.44664E-03
1.1784E-06,-5.46617E-03
1.1788E-06,-5.52477E-03
1.1792E-06,-5.68102E-03
1.1796E-06,-5.72008E-03
1.1800E-06,-5.79820E-03
1.1804E-06,-5.77867E-03
1.1808E-06,-5.70055E-03
1.1812E-06,-5.66148E-03
1.1816E-06,-5.40758E-03
1.1820E-06,-5.32945E-03
1.1824E-06,-5.07555E-03
1.1828E-06,-4.91930E-03
1.1832E-06,-4.80211E-03
1.1836E-06,-4.64586E-03
1.1840E-06,-4.39195E-03
1.1844E-06,-4.33336E-03
1.1848E-06,-4.15758E-03
1.1852E-06,-4.04039E-03
1.1856E-06,-3.88414E-03
1.1860E-06,-3.76695E-03
1.1864E-06,-3.49352E-03
1.1868E-06,-3.29820E-03
1.1872E-06,-3.18102E-03
1.1876E-06,-3.00523E-03
1.1880E-06,-2.90758E-03
1.1884E-06,-2.71227E-03
1.1888E-06,-2.71227E-03
1.1892E-06,-2.59508E-03
1.1896E-06,-2.55602E-03
1.1900E-06,-2.39977E-03
1.1904E-06,-2.32164E-03
1.1908E-06,-2.26305E-03
1.1912E-06,-2.24352E-03
1.1916E-06,-2.20445E-03
1.1920E-06,-2.32164E-03
1.1924E-06,-2.28258E-03
1.1928E-06,-2.43883E-03
1.1932E-06,-2.47789E-03
1.1936E-06,-2.61461E-03
1.1940E-06,-2.71227E-03
1.1944E-06,-2.79039E-03
1.1948E-06,-2.84898E-03
1.1952E-06,-3.00523E-03
1.1956E-06,-2.96617E-03
1.1960E-06,-2.98570E-03
1.1964E-06,-2.96617E-03
1.1968E-06,-3.00523E-03
1.1972E-06,-2.94664E-03
1.1976E-06,-2.98570E-03
1.1980E-06,-2.86852E-03
1.1984E-06,-2.90758E-03
1.1988E-06,-2.71227E-03
1.1992E-06,-2.59508E-03
1.1996E-06,-2.59508E-03
1.2000E-06,-2.49742E-03
1.2004E-06,-2.32164E-03
1.2008E-06,-2.26305E-03
1.2012E-06,-2.12633E-03
1.2016E-06,-2.16539E-03
1.2020E-06,-1.98961E-03
1.2024E-06,-2.04820E-03
1.2028E-06,-2.04820E-03
1.2032E-06,-2.20445E-03
1.2036E-06,-2.14586E-03
1.2040E-06,-2.32164E-03
1.2044E-06,-2.28258E-03
1.2048E-06,-2.41930E-03
1.2052E-06,-2.47789E-03
1.2056E-06,-2.45836E-03
1.2060E-06,-2.49742E-03
1.2064E-06,-2.45836E-03
1.2068E-06,-2.53648E-03
1.2072E-06,-2.45836E-03
1.2076E-06,-2.41930E-03
1.2080E-06,-2.49742E-03
1.2084E-06,-2.45836E-03
1.2088E-06,-2.49742E-03
1.2092E-06,-2.55602E-03
1.2096E-06,-2.55602E-03
1.2100E-06,-2.57555E-03
1.2104E-06,-2.67320E-03
1.2108E-06,-2.59508E-03
1.2112E-06,-2.59508E-03
1.2116E-06,-2.47789E-03
1.2120E-06,-2.41930E-03
1.2124E-06,-2.41930E-03
1.2128E-06,-2.47789E-03
1.2132E-06,-2.59508E-03
1.2136E-06,-2.80992E-03
1.2140E-06,-2.98570E-03
1.2144E-06,-3.27867E-03
1.2148E-06,-3.53258E-03
1.2152E-06,-3.82555E-03
1.2156E-06,-4.11852E-03
1.2160E-06,-4.29430E-03
1.2164E-06,-4.48961E-03
1.2168E-06,-4.72398E-03
1.2172E-06,-5.07555E-03
1.2176E-06,-5.48570E-03
1.2180E-06,-5.87633E-03
1.2184E-06,-6.18883E-03
1.2188E-06,-6.59898E-03
1.2192E-06,-6.87242E-03
1.2196E-06,-7.10680E-03
1.2200E-06,-7.34117E-03
1.2204E-06,-7.41930E-03
1.2208E-06,-7.36070E-03
1.2212E-06,-7.30211E-03
1.2216E-06,-7.24352E-03
1.2220E-06,-7.10680E-03
1.2224E-06,-7.12633E-03
1.2228E-06,-7.04820E-03
1.2232E-06,-7.00914E-03
1.2236E-06,-7.00914E-03
1.2240E-06,-7.02867E-03
1.2244E-06,-7.06773E-03
1.2248E-06,-6.83336E-03
1.2252E-06,-6.57945E-03
1.2256E-06,-6.50133E-03
1.2260E-06,-6.30602E-03
1.2264E-06,-6.14977E-03
1.2268E-06,-6.01305E-03
1.2272E-06,-5.85680E-03
1.2276E-06,-5.72008E-03
1.2280E-06,-5.64195E-03
1.2284E-06,-5.56383E-03
1.2288E-06,-5.54430E-03
1.2292E-06,-5.38805E-03
1.2296E-06,-5.19273E-03
1.2300E-06,-5.03648E-03
1.2304E-06,-4.78258E-03
1.2308E-06,-4.58727E-03
1.2312E-06,-4.45055E-03
1.2316E-06,-4.41148E-03
1.2320E-06,-4.45055E-03
1.2324E-06,-4.48961E-03
1.2328E-06,-4.50914E-03
1.2332E-06,-4.66539E-03
1.2336E-06,-4.66539E-03
1.2340E-06,-4.76305E-03
1.2344E-06,-4.74352E-03
1.2348E-06,-4.60680E-03
1.2352E-06,-4.48961E-03
1.2356E-06,-4.31383E-03
1.2360E-06,-4.27477E-03
1.2364E-06,-4.05992E-03
1.2368E-06,-4.05992E-03
1.2372E-06,-3.92320E-03
1.2376E-06,-3.86461E-03
1.2380E-06,-3.74742E-03
1.2384E-06,-3.72789E-03
1.2388E-06,-3.47398E-03
1.2392E-06,-3.39586E-03
1.2396E-06,-3.04430E-03
1.2400E-06,-2.84898E-03
1.2404E-06,-2.63414E-03
1.2408E-06,-2.47789E-03
1.2412E-06,-2.32164E-03
1.2416E-06,-2.18492E-03
1.2420E-06,-2.06773E-03
1.2424E-06,-2.04820E-03
1.2428E-06,-2.00914E-03
1.2432E-06,-2.12633E-03
1.2436E-06,-2.14586E-03
1.2440E-06,-2.28258E-03
1.2444E-06,-2.38023E-03
1.2448E-06,-2.49742E-03
1.2452E-06,-2.67320E-03
1.2456E-06,-2.80992E-03
1.2460E-06,-2.90758E-03
1.2464E-06,-3.08336E-03
1.2468E-06,-3.06383E-03
1.2472E-06,-3.10289E-03
1.2476E-06,-3.10289E-03
1.2480E-06,-3.12242E-03
1.2484E-06,-3.12242E-03
1.2488E-06,-3.10289E-03
1.2492E-06,-3.04430E-03
1.2496E-06,-2.98570E-03
1.2500E-06,-2.79039E-03
1.2504E-06,-2.82945E-03
1.2508E-06,-2.86852E-03
1.2512E-06,-2.92711E-03
1.2516E-06,-3.00523E-03
1.2520E-06,-3.08336E-03
1.2524E-06,-3.16148E-03
1.2528E-06,-3.31773E-03
1.2532E-06,-3.51305E-03
1.2536E-06,-3.64977E-03
1.2540E-06,-3.66930E-03
1.2544E-06,-3.63023E-03
1.2548E-06,-3.66930E-03
1.2552E-06,-3.70836E-03
1.2556E-06,-3.68883E-03
1.2560E-06,-3.70836E-03
1.2564E-06,-3.63023E-03
1.2568E-06,-3.59117E-03
1.2572E-06,-3.57164E-03
1.2576E-06,-3.55211E-03
1.2580E-06,-3.49352E-03
1.2584E-06,-3.35680E-03
1.2588E-06,-3.29820E-03
1.2592E-06,-3.22008E-03
1.2596E-06,-3.18102E-03
1.2600E-06,-3.20055E-03
1.2604E-06,-3.16148E-03
1.2608E-06,-3.25914E-03
1.2612E-06,-3.39586E-03
1.2616E-06,-3.49352E-03
1.2620E-06,-3.63023E-03
1.2624E-06,-3.78648E-03
1.2628E-06,-3.86461E-03
1.2632E-06,-3.84508E-03
1.2636E-06,-3.70836E-03
1.2640E-06,-3.70836E-03
1.2644E-06,-3.68883E-03
1.2648E-06,-3.49352E-03
1.2652E-06,-3.45445E-03
1.2656E-06,-3.45445E-03
1.2660E-06,-3.33727E-03
1.2664E-06,-3.29820E-03
1.2668E-06,-3.20055E-03
1.2672E-06,-3.06383E-03
1.2676E-06,-2.92711E-03
1.2680E-06,-2.84898E-03
1.2684E-06,-2.57555E-03
1.2688E-06,-2.41930E-03
1.2692E-06,-2.26305E-03
1.2696E-06,-2.06773E-03
1.2700E-06,-1.98961E-03
1.2704E-06,-1.95055E-03
1.2708E-06,-1.81383E-03
1.2712E-06,-1.79430E-03
1.2716E-06,-1.71617E-03
1.2720E-06,-1.71617E-03
1.2724E-06,-1.55992E-03
1.2728E-06,-1.48180E-03
1.2732E-06,-1.36461E-03
1.2736E-06,-1.20836E-03
1.2740E-06,-1.14977E-03
1.2744E-06,-1.09117E-03
1.2748E-06,-1.05211E-03
1.2752E-06,-1.07164E-03
1.2756E-06,-1.05211E-03
1.2760E-06,-1.07164E-03
1.2764E-06,-1.03258E-03
1.2768E-06,-1.11070E-03
1.2772E-06,-1.18883E-03
1.2776E-06,-1.11070E-03
1.2780E-06,-1.13023E-03
1.2784E-06,-1.14977E-03
1.2788E-06,-1.14977E-03
1.2792E-06,-1.32555E-03
1.2796E-06,-1.44273E-03
1.2800E-06,-1.50133E-03
1.2804E-06,-1.59898E-03
1.2808E-06,-1.63805E-03
1.2812E-06,-1.59898E-03
1.2816E-06,-1.57945E-03
1.2820E-06,-1.65758E-03
1.2824E-06,-1.65758E-03
1.2828E-06,-1.65758E-03
1.2832E-06,-1.75523E-03
1.2836E-06,-1.71617E-03
1.2840E-06,-1.73570E-03
1.2844E-06,-1.67711E-03
1.2848E-06,-1.63805E-03
1.2852E-06,-1.54039E-03
1.2856E-06,-1.54039E-03
1.2860E-06,-1.36461E-03
1.2864E-06,-1.32555E-03
1.2868E-06,-1.22789E-03
1.2872E-06,-1.24742E-03
1.2876E-06,-1.32555E-03
1.2880E-06,-1.44273E-03
1.2884E-06,-1.55992E-03
1.2888E-06,-1.63805E-03
1.2892E-06,-1.89195E-03
1.2896E-06,-2.06773E-03
1.2900E-06,-2.26305E-03
1.2904E-06,-2.41930E-03
1.2908E-06,-2.61461E-03
1.2912E-06,-2.63414E-03
1.2916E-06,-2.73180E-03
1.2920E-06,-2.77086E-03
1.2924E-06,-2.98570E-03
1.2928E-06,-3.00523E-03
1.2932E-06,-2.98570E-03
1.2936E-06,-3.08336E-03
1.2940E-06,-3.00523E-03
1.2944E-06,-3.00523E-03
1.2948E-06,-2.90758E-03
1.2952E-06,-2.82945E-03
1.2956E-06,-2.71227E-03
1.2960E-06,-2.67320E-03
1.2964E-06,-2.47789E-03
1.2968E-06,-2.41930E-03
1.2972E-06,-2.36070E-03
1.2976E-06,-2.43883E-03
1.2980E-06,-2.45836E-03
1.2984E-06,-2.57555E-03
1.2988E-06,-2.75133E-03
1.2992E-06,-2.90758E-03
1.2996E-06,-3.14195E-03
1.3000E-06,-3.23961E-03
1.3004E-06,-3.29820E-03
1.3008E-06,-3.35680E-03
1.3012E-06,-3.37633E-03
1.3016E-06,-3.35680E-03
1.3020E-06,-3.35680E-03
1.3024E-06,-3.29820E-03
1.3028E-06,-3.33727E-03
1.3032E-06,-3.35680E-03
1.3036E-06,-3.31773E-03
1.3040E-06,-3.39586E-03
1.3044E-06,-3.27867E-03
1.3048E-06,-3.20055E-03
1.3052E-06,-3.16148E-03
1.3056E-06,-2.88805E-03
1.3060E-06,-2.80992E-03
1.3064E-06,-2.63414E-03
1.3068E-06,-2.49742E-03
1.3072E-06,-2.32164E-03
1.3076E-06,-2.20445E-03
1.3080E-06,-2.12633E-03
1.3084E-06,-2.10680E-03
1.3088E-06,-2.02867E-03
1.3092E-06,-1.95055E-03
1.3096E-06,-1.85289E-03
1.3100E-06,-1.73570E-03
1.3104E-06,-1.63805E-03
1.3108E-06,-1.44273E-03
1.3112E-06,-1.42320E-03
1.3116E-06,-1.32555E-03
1.3120E-06,-1.32555E-03
1.3124E-06,-1.26695E-03
1.3128E-06,-1.32555E-03
1.3132E-06,-1.11070E-03
1.3136E-06,-1.24742E-03
1.3140E-06,-1.05211E-03
1.3144E-06,-9.73984E-04
1.3148E-06,-8.95859E-04
1.3152E-06,-7.98203E-04
1.3156E-06,-7.00547E-04
1.3160E-06,-6.22422E-04
1.3164E-06,-7.39609E-04
1.3168E-06,-7.20078E-04
1.3172E-06,-7.78672E-04
1.3176E-06,-9.54453E-04
1.3180E-06,-1.13023E-03
1.3184E-06,-1.30602E-03
1.3188E-06,-1.52086E-03
1.3192E-06,-1.63805E-03
1.3196E-06,-1.59898E-03
1.3200E-06,-1.71617E-03
1.3204E-06,-1.55992E-03
1.3208E-06,-1.50133E-03
1.3212E-06,-1.54039E-03
1.3216E-06,-1.55992E-03
1.3220E-06,-1.57945E-03
1.3224E-06,-1.59898E-03
1.3228E-06,-1.65758E-03
1.3232E-06,-1.91148E-03
1.3236E-06,-1.97008E-03
1.3240E-06,-2.06773E-03
1.3244E-06,-2.14586E-03
1.3248E-06,-2.24352E-03
1.3252E-06,-2.26305E-03
1.3256E-06,-2.22398E-03
1.3260E-06,-2.18492E-03
1.3264E-06,-2.22398E-03
1.3268E-06,-2.08727E-03
1.3272E-06,-2.10680E-03
1.3276E-06,-2.08727E-03
1.3280E-06,-2.16539E-03
1.3284E-06,-2.12633E-03
1.3288E-06,-2.12633E-03
1.3292E-06,-2.04820E-03
1.3296E-06,-1.89195E-03
1.3300E-06,-1.81383E-03
1.3304E-06,-1.79430E-03
1.3308E-06,-1.57945E-03
1.3312E-06,-1.61852E-03
1.3316E-06,-1.46227E-03
1.3320E-06,-1.34508E-03
1.3324E-06,-1.26695E-03
1.3328E-06,-1.32555E-03
1.3332E-06,-1.20836E-03
1.3336E-06,-1.13023E-03
1.3340E-06,-1.03258E-03
1.3344E-06,-1.05211E-03
1.3348E-06,-8.56797E-04
1.3352E-06,-8.56797E-04
1.3356E-06,-7.98203E-04
1.3360E-06,-8.17734E-04
1.3364E-06,-8.56797E-04
1.3368E-06,-9.34922E-04
1.3372E-06,-1.07164E-03
1.3376E-06,-1.13023E-03
1.3380E-06,-1.16930E-03
1.3384E-06,-1.05211E-03
1.3388E-06,-1.05211E-03
1.3392E-06,-9.93516E-04
1.3396E-06,-8.76328E-04
1.3400E-06,-8.76328E-04
1.3404E-06,-8.17734E-04
1.3408E-06,-7.20078E-04
1.3412E-06,-7.00547E-04
1.3416E-06,-6.41953E-04
1.3420E-06,-5.63828E-04
1.3424E-06,-6.02891E-04
1.3428E-06,-4.27109E-04
1.3432E-06,-5.44297E-04
1.3436E-06,-2.70859E-04
1.3440E-06,-2.51328E-04
1.3444E-06,-1.14609E-04
1.3448E-06,6.11719E-05
1.3452E-06,1.00234E-04
1.3456E-06,6.11719E-05
1.3460E-06,1.58828E-04
1.3464E-06,1.39297E-04
1.3468E-06,2.36953E-04
1.3472E-06,2.36953E-04
1.3476E-06,3.54141E-04
1.3480E-06,4.71328E-04
1.3484E-06,4.32266E-04
1.3488E-06,4.71328E-04
1.3492E-06,5.68984E-04
1.3496E-06,6.27578E-04
1.3500E-06,7.05703E-04
1.3504E-06,7.25234E-04
1.3508E-06,7.05703E-04
1.3512E-06,6.86172E-04
1.3516E-06,7.05703E-04
1.3520E-06,5.88516E-04
1.3524E-06,6.47109E-04
1.3528E-06,6.27578E-04
1.3532E-06,6.27578E-04
1.3536E-06,6.66641E-04
1.3540E-06,7.25234E-04
1.3544E-06,7.44766E-04
1.3548E-06,7.64297E-04
1.3552E-06,7.25234E-04
1.3556E-06,8.03359E-04
1.3560E-06,7.83828E-04
1.3564E-06,8.42422E-04
1.3568E-06,8.61953E-04
1.3572E-06,9.01016E-04
1.3576E-06,9.59609E-04
1.3580E-06,9.79141E-04
1.3584E-06,9.98672E-04
1.3588E-06,1.09633E-03
1.3592E-06,1.11586E-03
1.3596E-06,1.23305E-03
1.3600E-06,1.23305E-03
1.3604E-06,1.29164E-03
1.3608E-06,1.36977E-03
1.3612E-06,1.31117E-03
1.3616E-06,1.35023E-03
1.3620E-06,1.42836E-03
1.3624E-06,1.38930E-03
1.3628E-06,1.38930E-03
1.3632E-06,1.40883E-03
1.3636E-06,1.44789E-03
1.3640E-06,1.50648E-03
1.3644E-06,1.54555E-03
1.3648E-06,1.46742E-03
1.3652E-06,1.56508E-03
1.3656E-06,1.60414E-03
1.3660E-06,1.60414E-03
1.3664E-06,1.52602E-03
1.3668E-06,1.66273E-03
1.3672E-06,1.64320E-03
1.3676E-06,1.66273E-03
1.3680E-06,1.68227E-03
1.3684E-06,1.77992E-03
1.3688E-06,1.79945E-03
1.3692E-06,1.81898E-03
1.3696E-06,1.85805E-03
1.3700E-06,1.87758E-03
1.3704E-06,1.85805E-03
1.3708E-06,1.93617E-03
1.3712E-06,1.81898E-03
1.3716E-06,1.91664E-03
1.3720E-06,1.93617E-03
1.3724E-06,2.01430E-03
1.3728E-06,1.93617E-03
1.3732E-06,2.03383E-03
1.3736E-06,2.01430E-03
1.3740E-06,2.01430E-03
1.3744E-06,2.09242E-03
1.3748E-06,2.09242E-03
1.3752E-06,2.09242E-03
1.3756E-06,2.07289E-03
1.3760E-06,1.99477E-03
1.3764E-06,1.93617E-03
1.3768E-06,1.89711E-03
1.3772E-06,1.79945E-03
1.3776E-06,1.66273E-03
1.3780E-06,1.58461E-03
1.3784E-06,1.44789E-03
1.3788E-06,1.31117E-03
1.3792E-06,1.15492E-03
1.3796E-06,1.17445E-03
1.3800E-06,1.09633E-03
1.3804E-06,1.15492E-03
1.3808E-06,1.15492E-03
1.3812E-06,1.13539E-03
1.3816E-06,1.07680E-03
1.3820E-06,1.09633E-03
1.3824E-06,9.40078E-04
1.3828E-06,1.01820E-03
1.3832E-06,1.01820E-03
1.3836E-06,1.09633E-03
1.3840E-06,1.03773E-03
1.3844E-06,1.09633E-03
1.3848E-06,1.09633E-03
1.3852E-06,1.21352E-03
1.3856E-06,1.17445E-03
1.3860E-06,1.23305E-03
1.3864E-06,1.23305E-03
1.3868E-06,1.23305E-03
1.3872E-06,1.23305E-03
1.3876E-06,1.23305E-03
1.3880E-06,1.21352E-03
1.3884E-06,1.19398E-03
1.3888E-06,1.17445E-03
1.3892E-06,1.33070E-03
1.3896E-06,1.31117E-03
1.3900E-06,1.40883E-03
1.3904E-06,1.35023E-03
1.3908E-06,1.38930E-03
1.3912E-06,1.44789E-03
1.3916E-06,1.48695E-03
1.3920E-06,1.40883E-03
1.3924E-06,1.44789E-03
1.3928E-06,1.44789E-03
1.3932E-06,1.50648E-03
1.3936E-06,1.52602E-03
1.3940E-06,1.58461E-03
1.3944E-06,1.66273E-03
1.3948E-06,1.62367E-03
1.3952E-06,1.70180E-03
1.3956E-06,1.74086E-03
1.3960E-06,1.74086E-03
1.3964E-06,1.79945E-03
1.3968E-06,1.72133E-03
1.3972E-06,1.77992E-03
1.3976E-06,1.79945E-03
1.3980E-06,1.85805E-03
1.3984E-06,1.87758E-03
1.3988E-06,1.79945E-03
1.3992E-06,1.81898E-03
1.3996E-06,1.81898E-03
1.4000E-06,1.91664E-03
1.4004E-06,1.95570E-03
1.4008E-06,1.91664E-03
1.4012E-06,1.87758E-03
1.4016E-06,2.01430E-03
1.4020E-06,2.01430E-03
1.4024E-06,1.95570E-03
1.4028E-06,2.01430E-03
1.4032E-06,1.95570E-03
1.4036E-06,2.01430E-03
1.4040E-06,2.03383E-03
1.4044E-06,2.01430E-03
1.4048E-06,2.09242E-03
1.4052E-06,2.13148E-03
1.4056E-06,2.09242E-03
1.4060E-06,2.13148E-03
1.4064E-06,2.13148E-03
1.4068E-06,2.11195E-03
1.4072E-06,2.09242E-03
1.4076E-06,2.15102E-03
1.4080E-06,2.07289E-03
1.4084E-06,2.17055E-03
1.4088E-06,2.09242E-03
1.4092E-06,2.13148E-03
1.4096E-06,2.09242E-03
1.4100E-06,2.22914E-03
1.4104E-06,2.15102E-03
1.4108E-06,2.09242E-03
1.4112E-06,2.01430E-03
1.4116E-06,2.01430E-03
1.4120E-06,1.85805E-03
1.4124E-06,1.77992E-03
1.4128E-06,1.60414E-03
1.4132E-06,1.40883E-03
1.4136E-06,1.29164E-03
1.4140E-06,1.17445E-03
1.4144E-06,1.13539E-03
1.4148E-06,1.15492E-03
1.4152E-06,1.07680E-03
1.4156E-06,1.07680E-03
1.4160E-06,9.79141E-04
1.4164E-06,1.05727E-03
1.4168E-06,9.79141E-04
1.4172E-06,9.98672E-04
1.4176E-06,8.81484E-04
1.4180E-06,9.98672E-04
1.4184E-06,9.20547E-04
1.4188E-06,1.03773E-03
1.4192E-06,9.79141E-04
1.4196E-06,1.15492E-03
1.4200E-06,1.15492E-03
1.4204E-06,1.17445E-03
1.4208E-06,1.23305E-03
1.4212E-06,1.35023E-03
1.4216E-06,1.31117E-03
1.4220E-06,1.29164E-03
1.4224E-06,1.23305E-03
1.4228E-06,1.29164E-03
1.4232E-06,1.33070E-03
1.4236E-06,1.33070E-03
1.4240E-06,1.33070E-03
1.4244E-06,1.38930E-03
1.4248E-06,1.44789E-03
1.4252E-06,1.48695E-03
1.4256E-06,1.50648E-03
1.4260E-06,1.52602E-03
1.4264E-06,1.52602E-03
1.4268E-06,1.56508E-03
1.4272E-06,1.52602E-03
1.4276E-06,1.60414E-03
1.4280E-06,1.60414E-03
1.4284E-06,1.66273E-03
1.4288E-06,1.64320E-03
1.4292E-06,1.81898E-03
1.4296E-06,1.83852E-03
1.4300E-06,1.89711E-03
1.4304E-06,1.87758E-03
1.4308E-06,1.87758E-03
1.4312E-06,1.95570E-03
1.4316E-06,1.97523E-03
1.4320E-06,1.93617E-03
1.4324E-06,1.99477E-03
1.4328E-06,1.97523E-03
1.4332E-06,2.03383E-03
1.4336E-06,2.03383E-03
1.4340E-06,2.11195E-03
1.4344E-06,2.05336E-03
1.4348E-06,2.07289E-03
1.4352E-06,2.01430E-03
1.4356E-06,2.01430E-03
1.4360E-06,2.01430E-03
1.4364E-06,1.89711E-03
1.4368E-06,1.79945E-03
1.4372E-06,1.79945E-03
1.4376E-06,1.62367E-03
1.4380E-06,1.56508E-03
1.4384E-06,1.48695E-03
1.4388E-06,1.50648E-03
1.4392E-06,1.56508E-03
1.4396E-06,1.50648E-03
1.4400E-06,1.46742E-03
1.4404E-06,1.48695E-03
1.4408E-06,1.50648E-03
1.4412E-06,1.44789E-03
1.4416E-06,1.40883E-03
1.4420E-06,1.40883E-03
1.4424E-06,1.27211E-03
1.4428E-06,1.09633E-03
1.4432E-06,8.22891E-04
1.4436E-06,8.42422E-04
1.4440E-06,5.29922E-04
1.4444E-06,3.15078E-04
1.4448E-06,1.00234E-04
1.4452E-06,-1.14609E-04
1.4456E-06,-2.51328E-04
1.4460E-06,-3.29453E-04
1.4464E-06,-2.31797E-04
1.4468E-06,-3.09922E-04
1.4472E-06,-4.27109E-04
1.4476E-06,-3.29453E-04
1.4480E-06,-4.07578E-04
1.4484E-06,-4.27109E-04
1.4488E-06,-4.27109E-04
1.4492E-06,-3.88047E-04
1.4496E-06,-4.27109E-04
1.4500E-06,-3.68516E-04
1.4504E-06,-2.51328E-04
1.4508E-06,-2.12266E-04
1.4512E-06,2.57813E-06
1.4516E-06,2.57813E-06
1.4520E-06,-1.69531E-05
1.4524E-06,1.58828E-04
1.4528E-06,1.58828E-04
1.4532E-06,2.36953E-04
1.4536E-06,1.58828E-04
1.4540E-06,1.58828E-04
1.4544E-06,1.97891E-04
1.4548E-06,2.56484E-04
1.4552E-06,3.73672E-04
1.4556E-06,3.93203E-04
1.4560E-06,4.12734E-04
1.4564E-06,5.10391E-04
1.4568E-06,5.49453E-04
1.4572E-06,5.88516E-04
1.4576E-06,7.05703E-04
1.4580E-06,7.25234E-04
1.4584E-06,7.25234E-04
1.4588E-06,7.83828E-04
1.4592E-06,8.61953E-04
1.4596E-06,9.20547E-04
1.4600E-06,9.98672E-04
1.4604E-06,1.07680E-03
1.4608E-06,1.05727E-03
1.4612E-06,1.15492E-03
1.4616E-06,1.23305E-03
1.4620E-06,1.09633E-03
1.4624E-06,9.40078E-04
1.4628E-06,7.05703E-04
1.4632E-06,5.29922E-04
1.4636E-06,3.15078E-04
1.4640E-06,1.00234E-04
1.4644E-06,-2.90391E-04
1.4648E-06,-5.24766E-04
1.4652E-06,-6.02891E-04
1.4656E-06,-7.00547E-04
1.4660E-06,-7.00547E-04
1.4664E-06,-7.59141E-04
1.4668E-06,-7.20078E-04
1.4672E-06,-9.15391E-04
1.4676E-06,-8.76328E-04
1.4680E-06,-8.95859E-04
1.4684E-06,-9.15391E-04
1.4688E-06,-8.76328E-04
1.4692E-06,-8.17734E-04
1.4696E-06,-7.98203E-04
1.4700E-06,-7.39609E-04
1.4704E-06,-6.41953E-04
1.4708E-06,-4.85703E-04
1.4712E-06,-4.27109E-04
1.4716E-06,-2.70859E-04
1.4720E-06,-2.12266E-04
1.4724E-06,-1.92734E-04
1.4728E-06,-1.34141E-04
1.4732E-06,-1.73203E-04
1.4736E-06,-2.51328E-04
1.4740E-06,-2.12266E-04
1.4744E-06,-3.64844E-05
1.4748E-06,2.57813E-06
1.4752E-06,1.00234E-04
1.4756E-06,1.58828E-04
1.4760E-06,2.56484E-04
1.4764E-06,2.76016E-04
1.4768E-06,2.17422E-04
1.4772E-06,1.58828E-04
1.4776E-06,2.57813E-06
1.4780E-06,-9.50781E-05
1.4784E-06,-3.88047E-04
1.4788E-06,-5.24766E-04
1.4792E-06,-8.56797E-04
1.4796E-06,-1.05211E-03
1.4800E-06,-1.28648E-03
1.4804E-06,-1.32555E-03
1.4808E-06,-1.36461E-03
1.4812E-06,-1.32555E-03
1.4816E-06,-1.34508E-03
1.4820E-06,-1.26695E-03
1.4824E-06,-1.34508E-03
1.4828E-06,-1.42320E-03
1.4832E-06,-1.40367E-03
1.4836E-06,-1.36461E-03
1.4840E-06,-1.38414E-03
1.4844E-06,-1.30602E-03
1.4848E-06,-1.26695E-03
1.4852E-06,-1.11070E-03
1.4856E-06,-9.73984E-04
1.4860E-06,-7.98203E-04
1.4864E-06,-7.59141E-04
1.4868E-06,-6.02891E-04
1.4872E-06,-5.05234E-04
1.4876E-06,-4.27109E-04
1.4880E-06,-4.27109E-04
1.4884E-06,-4.46641E-04
1.4888E-06,-4.07578E-04
1.4892E-06,-3.88047E-04
1.4896E-06,-2.70859E-04
1.4900E-06,-1.73203E-04
1.4904E-06,-9.50781E-05
1.4908E-06,-9.50781E-05
1.4912E-06,4.16406E-05
1.4916E-06,1.19766E-04
1.4920E-06,1.39297E-04
1.4924E-06,2.36953E-04
1.4928E-06,1.78359E-04
1.4932E-06,2.76016E-04
1.4936E-06,3.54141E-04
1.4940E-06,4.51797E-04
1.4944E-06,4.51797E-04
1.4948E-06,5.88516E-04
1.4952E-06,7.05703E-04
1.4956E-06,8.22891E-04
1.4960E-06,8.42422E-04
1.4964E-06,9.98672E-04
1.4968E-06,1.07680E-03
1.4972E-06,1.07680E-03
1.4976E-06,1.09633E-03
1.4980E-06,1.19398E-03
1.4984E-06,1.17445E-03
1.4988E-06,1.27211E-03
1.4992E-06,1.29164E-03
1.4996E-06,1.40883E-03
1.5000E-06,1.48695E-03
1.5004E-06,1.46742E-03
1.5008E-06,1.54555E-03
1.5012E-06,1.62367E-03
1.5016E-06,1.60414E-03
1.5020E-06,1.66273E-03
1.5024E-06,1.68227E-03
1.5028E-06,1.76039E-03
1.5032E-06,1.72133E-03
1.5036E-06,1.81898E-03
1.5040E-06,1.85805E-03
1.5044E-06,1.95570E-03
1.5048E-06,1.89711E-03
1.5052E-06,2.09242E-03
1.5056E-06,2.03383E-03
1.5060E-06,2.09242E-03
1.5064E-06,2.13148E-03
1.5068E-06,2.11195E-03
1.5072E-06,2.15102E-03
1.5076E-06,2.22914E-03
1.5080E-06,2.19008E-03
1.5084E-06,2.20961E-03
1.5088E-06,2.20961E-03
1.5092E-06,2.32680E-03
1.5096E-06,2.30727E-03
1.5100E-06,2.38539E-03
1.5104E-06,2.40492E-03
1.5108E-06,2.42445E-03
1.5112E-06,2.44398E-03
1.5116E-06,2.46352E-03
1.5120E-06,2.42445E-03
1.5124E-06,2.54164E-03
1.5128E-06,2.54164E-03
1.5132E-06,2.52211E-03
1.5136E-06,2.52211E-03
1.5140E-06,2.56117E-03
1.5144E-06,2.60023E-03
1.5148E-06,2.61977E-03
1.5152E-06,2.54164E-03
1.5156E-06,2.71742E-03
1.5160E-06,2.61977E-03
1.5164E-06,2.61977E-03
1.5168E-06,2.61977E-03
1.5172E-06,2.63930E-03
1.5176E-06,2.71742E-03
1.5180E-06,2.67836E-03
1.5184E-06,2.73695E-03
1.5188E-06,2.75648E-03
1.5192E-06,2.73695E-03
1.5196E-06,2.73695E-03
1.5200E-06,2.75648E-03
1.5204E-06,2.79555E-03
1.5208E-06,2.69789E-03
1.5212E-06,2.71742E-03
1.5216E-06,2.73695E-03
1.5220E-06,2.85414E-03
1.5224E-06,2.77602E-03
1.5228E-06,2.81508E-03
1.5232E-06,2.79555E-03
1.5236E-06,2.81508E-03
1.5240E-06,2.87367E-03
1.5244E-06,2.89320E-03
1.5248E-06,2.75648E-03
1.5252E-06,2.77602E-03
1.5256E-06,2.85414E-03
1.5260E-06,2.79555E-03
1.5264E-06,2.85414E-03
1.5268E-06,2.85414E-03
1.5272E-06,2.75648E-03
1.5276E-06,2.77602E-03
1.5280E-06,2.83461E-03
1.5284E-06,2.83461E-03
1.5288E-06,2.75648E-03
1.5292E-06,2.77602E-03
1.5296E-06,2.81508E-03
1.5300E-06,2.81508E-03
1.5304E-06,2.73695E-03
1.5308E-06,2.87367E-03
1.5312E-06,2.77602E-03
1.5316E-06,2.79555E-03
1.5320E-06,2.81508E-03
1.5324E-06,2.83461E-03
1.5328E-06,2.81508E-03
1.5332E-06,2.89320E-03
1.5336E-06,2.79555E-03
1.5340E-06,2.83461E-03
1.5344E-06,2.81508E-03
1.5348E-06,2.87367E-03
1.5352E-06,2.81508E-03
1.5356E-06,2.79555E-03
1.5360E-06,2.85414E-03
1.5364E-06,2.85414E-03
1.5368E-06,2.87367E-03
1.5372E-06,2.87367E-03
1.5376E-06,2.87367E-03
1.5380E-06,2.85414E-03
1.5384E-06,2.87367E-03
1.5388E-06,2.85414E-03
1.5392E-06,2.87367E-03
1.5396E-06,2.89320E-03
1.5400E-06,2.89320E-03
1.5404E-06,2.95180E-03
1.5408E-06,2.89320E-03
1.5412E-06,2.89320E-03
1.5416E-06,2.91273E-03
1.5420E-06,2.85414E-03
1.5424E-06,2.83461E-03
1.5428E-06,2.87367E-03
1.5432E-06,2.79555E-03
1.5436E-06,2.75648E-03
1.5440E-06,2.81508E-03
1.5444E-06,2.77602E-03
1.5448E-06,2.81508E-03
1.5452E-06,2.79555E-03
1.5456E-06,2.75648E-03
1.5460E-06,2.75648E-03
1.5464E-06,2.69789E-03
1.5468E-06,2.63930E-03
1.5472E-06,2.60023E-03
1.5476E-06,2.58070E-03
1.5480E-06,2.46352E-03
1.5484E-06,2.42445E-03
1.5488E-06,2.30727E-03
1.5492E-06,2.30727E-03
1.5496E-06,2.30727E-03
1.5500E-06,2.38539E-03
1.5504E-06,2.30727E-03
1.5508E-06,2.38539E-03
1.5512E-06,2.34633E-03
1.5516E-06,2.36586E-03
1.5520E-06,2.28773E-03
1.5524E-06,2.30727E-03
1.5528E-06,2.30727E-03
1.5532E-06,2.26820E-03
1.5536E-06,2.24867E-03
1.5540E-06,2.32680E-03
1.5544E-06,2.26820E-03
1.5548E-06,2.32680E-03
1.5552E-06,2.24867E-03
1.5556E-06,2.30727E-03
1.5560E-06,2.26820E-03
1.5564E-06,2.30727E-03
1.5568E-06,2.28773E-03
1.5572E-06,2.26820E-03
1.5576E-06,2.36586E-03
1.5580E-06,2.28773E-03
1.5584E-06,2.28773E-03
1.5588E-06,2.32680E-03
1.5592E-06,2.26820E-03
1.5596E-06,2.36586E-03
1.5600E-06,2.38539E-03
1.5604E-06,2.34633E-03
1.5608E-06,2.38539E-03
1.5612E-06,2.36586E-03
1.5616E-06,2.34633E-03
1.5620E-06,2.44398E-03
1.5624E-06,2.44398E-03
1.5628E-06,2.46352E-03
1.5632E-06,2.40492E-03
1.5636E-06,2.40492E-03
1.5640E-06,2.48305E-03
1.5644E-06,2.42445E-03
1.5648E-06,2.38539E-03
1.5652E-06,2.46352E-03
1.5656E-06,2.46352E-03
1.5660E-06,2.50258E-03
1.5664E-06,2.48305E-03
1.5668E-06,2.48305E-03
1.5672E-06,2.54164E-03
1.5676E-06,2.56117E-03
1.5680E-06,2.58070E-03
1.5684E-06,2.54164E-03
1.5688E-06,2.61977E-03
1.5692E-06,2.56117E-03
1.5696E-06,2.54164E-03
1.5700E-06,2.65883E-03
1.5704E-06,2.61977E-03
1.5708E-06,2.58070E-03
1.5712E-06,2.63930E-03
1.5716E-06,2.60023E-03
1.5720E-06,2.65883E-03
1.5724E-06,2.69789E-03
1.5728E-06,2.61977E-03
1.5732E-06,2.75648E-03
1.5736E-06,2.67836E-03
1.5740E-06,2.69789E-03
1.5744E-06,2.69789E-03
1.5748E-06,2.79555E-03
1.5752E-06,2.79555E-03
1.5756E-06,2.73695E-03
1.5760E-06,2.71742E-03
1.5764E-06,2.81508E-03
1.5768E-06,2.81508E-03
1.5772E-06,2.77602E-03
1.5776E-06,2.77602E-03
1.5780E-06,2.87367E-03
1.5784E-06,2.81508E-03
1.5788E-06,2.83461E-03
1.5792E-06,2.81508E-03
1.5796E-06,2.83461E-03
1.5800E-06,2.81508E-03
1.5804E-06,2.87367E-03
1.5808E-06,2.83461E-03
1.5812E-06,2.87367E-03
1.5816E-06,2.83461E-03
1.5820E-06,2.91273E-03
1.5824E-06,2.81508E-03
1.5828E-06,2.81508E-03
1.5832E-06,2.89320E-03
1.5836E-06,2.87367E-03
1.5840E-06,2.89320E-03
1.5844E-06,2.97133E-03
1.5848E-06,2.95180E-03
1.5852E-06,2.93227E-03
1.5856E-06,2.93227E-03
1.5860E-06,2.97133E-03
1.5864E-06,2.95180E-03
1.5868E-06,2.93227E-03
1.5872E-06,2.89320E-03
1.5876E-06,2.97133E-03
1.5880E-06,2.85414E-03
1.5884E-06,2.91273E-03
1.5888E-06,2.89320E-03
1.5892E-06,2.93227E-03
1.5896E-06,2.91273E-03
1.5900E-06,2.91273E-03
1.5904E-06,2.89320E-03
1.5908E-06,2.87367E-03
1.5912E-06,2.93227E-03
1.5916E-06,2.99086E-03
1.5920E-06,2.91273E-03
1.5924E-06,2.91273E-03
1.5928E-06,2.97133E-03
1.5932E-06,2.91273E-03
1.5936E-06,2.89320E-03
1.5940E-06,2.87367E-03
1.5944E-06,2.91273E-03
1.5948E-06,2.91273E-03
1.5952E-06,2.89320E-03
1.5956E-06,2.93227E-03
1.5960E-06,2.89320E-03
1.5964E-06,2.93227E-03
1.5968E-06,2.85414E-03
1.5972E-06,2.91273E-03
1.5976E-06,2.93227E-03
1.5980E-06,2.93227E-03
1.5984E-06,2.85414E-03
1.5988E-06,2.89320E-03
1.5992E-06,2.83461E-03
1.5996E-06,2.85414E-03
1.6000E-06,2.85414E-03
1.6004E-06,2.89320E-03
1.6008E-06,2.87367E-03
1.6012E-06,2.85414E-03
1.6016E-06,2.77602E-03
1.6020E-06,2.77602E-03
1.6024E-06,2.81508E-03
1.6028E-06,2.85414E-03
1.6032E-06,2.81508E-03
1.6036E-06,2.79555E-03
1.6040E-06,2.77602E-03
1.6044E-06,2.77602E-03
1.6048E-06,2.73695E-03
1.6052E-06,2.73695E-03
1.6056E-06,2.67836E-03
1.6060E-06,2.67836E-03
1.6064E-06,2.69789E-03
1.6068E-06,2.73695E-03
1.6072E-06,2.69789E-03
1.6076E-06,2.81508E-03
1.6080E-06,2.75648E-03
1.6084E-06,2.79555E-03
1.6088E-06,2.79555E-03
1.6092E-06,2.75648E-03
1.6096E-06,2.71742E-03
1.6100E-06,2.75648E-03
1.6104E-06,2.73695E-03
1.6108E-06,2.79555E-03
1.6112E-06,2.75648E-03
1.6116E-06,2.81508E-03
1.6120E-06,2.81508E-03
1.6124E-06,2.79555E-03
1.6128E-06,2.77602E-03
1.6132E-06,2.79555E-03
1.6136E-06,2.65883E-03
1.6140E-06,2.58070E-03
1.6144E-06,2.38539E-03
1.6148E-06,2.30727E-03
1.6152E-06,2.03383E-03
1.6156E-06,1.87758E-03
1.6160E-06,1.56508E-03
1.6164E-06,1.50648E-03
1.6168E-06,1.31117E-03
1.6172E-06,1.27211E-03
1.6176E-06,1.17445E-03
1.6180E-06,1.17445E-03
1.6184E-06,1.05727E-03
1.6188E-06,1.07680E-03
1.6192E-06,9.59609E-04
1.6196E-06,9.98672E-04
1.6200E-06,9.01016E-04
1.6204E-06,9.98672E-04
1.6208E-06,9.40078E-04
1.6212E-06,9.79141E-04
1.6216E-06,9.98672E-04
1.6220E-06,1.11586E-03
1.6224E-06,1.15492E-03
1.6228E-06,1.21352E-03
1.6232E-06,1.27211E-03
1.6236E-06,1.35023E-03
1.6240E-06,1.31117E-03
1.6244E-06,1.36977E-03
1.6248E-06,1.31117E-03
1.6252E-06,1.25258E-03
1.6256E-06,1.23305E-03
1.6260E-06,1.29164E-03
1.6264E-06,1.36977E-03
1.6268E-06,1.42836E-03
1.6272E-06,1.33070E-03
1.6276E-06,1.38930E-03
1.6280E-06,1.42836E-03
1.6284E-06,1.46742E-03
1.6288E-06,1.44789E-03
1.6292E-06,1.46742E-03
1.6296E-06,1.40883E-03
1.6300E-06,1.52602E-03
1.6304E-06,1.52602E-03
1.6308E-06,1.54555E-03
1.6312E-06,1.60414E-03
1.6316E-06,1.64320E-03
1.6320E-06,1.70180E-03
1.6324E-06,1.76039E-03
1.6328E-06,1.83852E-03
1.6332E-06,1.85805E-03
1.6336E-06,1.81898E-03
1.6340E-06,1.91664E-03
1.6344E-06,1.83852E-03
1.6348E-06,1.93617E-03
1.6352E-06,1.85805E-03
1.6356E-06,2.01430E-03
1.6360E-06,2.01430E-03
1.6364E-06,2.03383E-03
1.6368E-06,2.01430E-03
1.6372E-06,2.11195E-03
1.6376E-06,2.09242E-03
1.6380E-06,2.17055E-03
1.6384E-06,2.11195E-03
1.6388E-06,2.20961E-03
1.6392E-06,2.17055E-03
1.6396E-06,2.22914E-03
1.6400E-06,2.20961E-03
1.6404E-06,2.20961E-03
1.6408E-06,2.24867E-03
1.6412E-06,2.28773E-03
1.6416E-06,2.32680E-03
1.6420E-06,2.38539E-03
1.6424E-06,2.44398E-03
1.6428E-06,2.40492E-03
1.6432E-06,2.44398E-03
1.6436E-06,2.46352E-03
1.6440E-06,2.50258E-03
1.6444E-06,2.48305E-03
1.6448E-06,2.50258E-03
1.6452E-06,2.48305E-03
1.6456E-06,2.60023E-03
1.6460E-06,2.58070E-03
1.6464E-06,2.58070E-03
1.6468E-06,2.65883E-03
1.6472E-06,2.65883E-03
1.6476E-06,2.63930E-03
1.6480E-06,2.56117E-03
1.6484E-06,2.71742E-03
1.6488E-06,2.58070E-03
1.6492E-06,2.67836E-03
1.6496E-06,2.65883E-03
1.6500E-06,2.69789E-03
1.6504E-06,2.65883E-03
1.6508E-06,2.75648E-03
1.6512E-06,2.69789E-03
1.6516E-06,2.75648E-03
1.6520E-06,2.73695E-03
1.6524E-06,2.75648E-03
1.6528E-06,2.73695E-03
1.6532E-06,2.79555E-03
1.6536E-06,2.79555E-03
1.6540E-06,2.73695E-03
1.6544E-06,2.69789E-03
1.6548E-06,2.71742E-03
1.6552E-06,2.77602E-03
1.6556E-06,2.79555E-03
1.6560E-06,2.79555E-03
1.6564E-06,2.77602E-03
1.6568E-06,2.73695E-03
1.6572E-06,2.75648E-03
1.6576E-06,2.73695E-03
1.6580E-06,2.77602E-03
1.6584E-06,2.75648E-03
1.6588E-06,2.75648E-03
1.6592E-06,2.67836E-03
1.6596E-06,2.75648E-03
1.6600E-06,2.75648E-03
1.6604E-06,2.73695E-03
1.6608E-06,2.71742E-03
1.6612E-06,2.65883E-03
1.6616E-06,2.56117E-03
1.6620E-06,2.50258E-03
1.6624E-06,2.36586E-03
1.6628E-06,2.17055E-03
1.6632E-06,1.97523E-03
1.6636E-06,1.87758E-03
1.6640E-06,1.74086E-03
1.6644E-06,1.66273E-03
1.6648E-06,1.64320E-03
1.6652E-06,1.68227E-03
1.6656E-06,1.62367E-03
1.6660E-06,1.62367E-03
1.6664E-06,1.62367E-03
1.6668E-06,1.58461E-03
1.6672E-06,1.50648E-03
1.6676E-06,1.52602E-03
1.6680E-06,1.52602E-03
1.6684E-06,1.52602E-03
1.6688E-06,1.52602E-03
1.6692E-06,1.60414E-03
1.6696E-06,1.60414E-03
1.6700E-06,1.64320E-03
1.6704E-06,1.70180E-03
1.6708E-06,1.72133E-03
1.6712E-06,1.81898E-03
1.6716E-06,1.83852E-03
1.6720E-06,1.77992E-03
1.6724E-06,1.72133E-03
1.6728E-06,1.74086E-03
1.6732E-06,1.74086E-03
1.6736E-06,1.81898E-03
1.6740E-06,1.79945E-03
1.6744E-06,1.81898E-03
1.6748E-06,1.87758E-03
1.6752E-06,1.85805E-03
1.6756E-06,1.87758E-03
1.6760E-06,1.79945E-03
1.6764E-06,1.89711E-03
1.6768E-06,1.91664E-03
1.6772E-06,1.95570E-03
1.6776E-06,1.95570E-03
1.6780E-06,2.03383E-03
1.6784E-06,1.99477E-03
1.6788E-06,2.03383E-03
1.6792E-06,2.13148E-03
1.6796E-06,2.17055E-03
1.6800E-06,2.15102E-03
1.6804E-06,2.24867E-03
1.6808E-06,2.28773E-03
1.6812E-06,2.24867E-03
1.6816E-06,2.24867E-03
1.6820E-06,2.32680E-03
1.6824E-06,2.34633E-03
1.6828E-06,2.42445E-03
1.6832E-06,2.34633E-03
1.6836E-06,2.40492E-03
1.6840E-06,2.48305E-03
1.6844E-06,2.44398E-03
1.6848E-06,2.40492E-03
1.6852E-06,2.44398E-03
1.6856E-06,2.52211E-03
1.6860E-06,2.54164E-03
1.6864E-06,2.50258E-03
1.6868E-06,2.46352E-03
1.6872E-06,2.58070E-03
1.6876E-06,2.52211E-03
1.6880E-06,2.52211E-03
1.6884E-06,2.58070E-03
1.6888E-06,2.48305E-03
1.6892E-06,2.58070E-03
1.6896E-06,2.52211E-03
1.6900E-06,2.60023E-03
1.6904E-06,2.48305E-03
1.6908E-06,2.38539E-03
1.6912E-06,2.24867E-03
1.6916E-06,2.15102E-03
1.6920E-06,1.95570E-03
1.6924E-06,1.70180E-03
1.6928E-06,1.44789E-03
1.6932E-06,1.31117E-03
1.6936E-06,1.11586E-03
1.6940E-06,1.07680E-03
1.6944E-06,1.05727E-03
1.6948E-06,9.98672E-04
1.6952E-06,9.40078E-04
1.6956E-06,8.81484E-04
1.6960E-06,8.61953E-04
1.6964E-06,8.03359E-04
1.6968E-06,7.44766E-04
1.6972E-06,6.86172E-04
1.6976E-06,7.05703E-04
1.6980E-06,7.44766E-04
1.6984E-06,8.03359E-04
1.6988E-06,8.61953E-04
1.6992E-06,9.01016E-04
1.6996E-06,1.03773E-03
1.7000E-06,1.07680E-03
1.7004E-06,1.15492E-03
1.7008E-06,1.13539E-03
1.7012E-06,1.25258E-03
1.7016E-06,1.15492E-03
1.7020E-06,1.15492E-03
1.7024E-06,1.15492E-03
1.7028E-06,1.11586E-03
1.7032E-06,1.13539E-03
1.7036E-06,1.19398E-03
1.7040E-06,1.05727E-03
1.7044E-06,1.01820E-03
1.7048E-06,8.61953E-04
1.7052E-06,7.44766E-04
1.7056E-06,4.12734E-04
1.7060E-06,1.00234E-04
1.7064E-06,-2.51328E-04
1.7068E-06,-6.41953E-04
1.7072E-06,-9.15391E-04
1.7076E-06,-1.16930E-03
1.7080E-06,-1.38414E-03
1.7084E-06,-1.52086E-03
1.7088E-06,-1.50133E-03
1.7092E-06,-1.55992E-03
1.7096E-06,-1.61852E-03
1.7100E-06,-1.63805E-03
1.7104E-06,-1.73570E-03
1.7108E-06,-1.87242E-03
1.7112E-06,-1.97008E-03
1.7116E-06,-2.16539E-03
1.7120E-06,-2.41930E-03
1.7124E-06,-2.69273E-03
1.7128E-06,-3.02477E-03
1.7132E-06,-3.49352E-03
1.7136E-06,-3.90367E-03
1.7140E-06,-4.27477E-03
1.7144E-06,-4.64586E-03
1.7148E-06,-4.97789E-03
1.7152E-06,-5.40758E-03
1.7156E-06,-5.64195E-03
1.7160E-06,-5.77867E-03
1.7164E-06,-5.97398E-03
1.7168E-06,-6.18883E-03
1.7172E-06,-6.22789E-03
1.7176E-06,-6.22789E-03
1.7180E-06,-6.32555E-03
1.7184E-06,-6.32555E-03
1.7188E-06,-6.24742E-03
1.7192E-06,-6.13023E-03
1.7196E-06,-5.93492E-03
1.7200E-06,-5.81773E-03
1.7204E-06,-5.62242E-03
1.7208E-06,-5.38805E-03
1.7212E-06,-5.13414E-03
1.7216E-06,-4.95836E-03
1.7220E-06,-4.78258E-03
1.7224E-06,-4.64586E-03
1.7228E-06,-4.47008E-03
1.7232E-06,-4.37242E-03
1.7236E-06,-4.11852E-03
1.7240E-06,-4.11852E-03
1.7244E-06,-4.09898E-03
1.7248E-06,-4.02086E-03
1.7252E-06,-4.04039E-03
1.7256E-06,-4.05992E-03
1.7260E-06,-4.07945E-03
1.7264E-06,-4.19664E-03
1.7268E-06,-4.27477E-03
1.7272E-06,-4.31383E-03
1.7276E-06,-4.43102E-03
1.7280E-06,-4.50914E-03
1.7284E-06,-4.58727E-03
1.7288E-06,-4.84117E-03
1.7292E-06,-5.19273E-03
1.7296E-06,-5.50523E-03
1.7300E-06,-5.85680E-03
1.7304E-06,-6.28648E-03
1.7308E-06,-6.61852E-03
1.7312E-06,-6.93102E-03
1.7316E-06,-7.06773E-03
1.7320E-06,-7.12633E-03
1.7324E-06,-7.08727E-03
1.7328E-06,-7.08727E-03
1.7332E-06,-7.06773E-03
1.7336E-06,-7.04820E-03
1.7340E-06,-7.06773E-03
1.7344E-06,-6.93102E-03
1.7348E-06,-6.89195E-03
1.7352E-06,-6.71617E-03
1.7356E-06,-6.67711E-03
1.7360E-06,-6.59898E-03
1.7364E-06,-6.38414E-03
1.7368E-06,-6.07164E-03
1.7372E-06,-5.87633E-03
1.7376E-06,-5.70055E-03
1.7380E-06,-5.54430E-03
1.7384E-06,-5.48570E-03
1.7388E-06,-5.46617E-03
1.7392E-06,-5.58336E-03
1.7396E-06,-5.68102E-03
1.7400E-06,-5.77867E-03
1.7404E-06,-5.73961E-03
1.7408E-06,-5.68102E-03
1.7412E-06,-5.46617E-03
1.7416E-06,-5.29039E-03
1.7420E-06,-5.13414E-03
1.7424E-06,-4.99742E-03
1.7428E-06,-4.86070E-03
1.7432E-06,-4.68492E-03
1.7436E-06,-4.52867E-03
1.7440E-06,-4.47008E-03
1.7444E-06,-4.31383E-03
1.7448E-06,-4.13805E-03
1.7452E-06,-3.98180E-03
1.7456E-06,-3.76695E-03
1.7460E-06,-3.49352E-03
1.7464E-06,-3.23961E-03
1.7468E-06,-2.94664E-03
1.7472E-06,-2.73180E-03
1.7476E-06,-2.57555E-03
1.7480E-06,-2.38023E-03
1.7484E-06,-2.30211E-03
1.7488E-06,-2.20445E-03
1.7492E-06,-2.08727E-03
1.7496E-06,-1.91148E-03
1.7500E-06,-1.81383E-03
1.7504E-06,-1.67711E-03
1.7508E-06,-1.54039E-03
1.7512E-06,-1.48180E-03
1.7516E-06,-1.42320E-03
1.7520E-06,-1.44273E-03
1.7524E-06,-1.42320E-03
1.7528E-06,-1.65758E-03
1.7532E-06,-1.81383E-03
1.7536E-06,-2.10680E-03
1.7540E-06,-2.32164E-03
1.7544E-06,-2.57555E-03
1.7548E-06,-2.65367E-03
1.7552E-06,-2.84898E-03
1.7556E-06,-2.88805E-03
1.7560E-06,-2.94664E-03
1.7564E-06,-2.94664E-03
1.7568E-06,-2.80992E-03
1.7572E-06,-2.80992E-03
1.7576E-06,-2.92711E-03
1.7580E-06,-2.86852E-03
1.7584E-06,-2.84898E-03
1.7588E-06,-2.75133E-03
1.7592E-06,-2.65367E-03
1.7596E-06,-2.55602E-03
1.7600E-06,-2.47789E-03
1.7604E-06,-2.30211E-03
1.7608E-06,-2.12633E-03
1.7612E-06,-1.91148E-03
1.7616E-06,-1.79430E-03
1.7620E-06,-1.59898E-03
1.7624E-06,-1.52086E-03
1.7628E-06,-1.52086E-03
1.7632E-06,-1.48180E-03
1.7636E-06,-1.36461E-03
1.7640E-06,-1.30602E-03
1.7644E-06,-1.24742E-03
1.7648E-06,-1.16930E-03
1.7652E-06,-1.03258E-03
1.7656E-06,-8.95859E-04
1.7660E-06,-8.76328E-04
1.7664E-06,-7.00547E-04
1.7668E-06,-6.22422E-04
1.7672E-06,-5.63828E-04
1.7676E-06,-5.05234E-04
1.7680E-06,-4.46641E-04
1.7684E-06,-3.48984E-04
1.7688E-06,-2.90391E-04
1.7692E-06,-2.31797E-04
1.7696E-06,-9.50781E-05
1.7700E-06,2.21094E-05
1.7704E-06,1.39297E-04
1.7708E-06,2.76016E-04
1.7712E-06,3.34609E-04
1.7716E-06,3.73672E-04
1.7720E-06,2.76016E-04
1.7724E-06,4.16406E-05
1.7728E-06,-2.31797E-04
1.7732E-06,-6.81016E-04
1.7736E-06,-1.14977E-03
1.7740E-06,-1.65758E-03
1.7744E-06,-2.26305E-03
1.7748E-06,-2.73180E-03
1.7752E-06,-3.20055E-03
1.7756E-06,-3.49352E-03
1.7760E-06,-3.76695E-03
1.7764E-06,-3.88414E-03
1.7768E-06,-4.02086E-03
1.7772E-06,-4.21617E-03
1.7776E-06,-4.48961E-03
1.7780E-06,-4.58727E-03
1.7784E-06,-4.74352E-03
1.7788E-06,-4.72398E-03
1.7792E-06,-4.70445E-03
1.7796E-06,-4.64586E-03
1.7800E-06,-4.54820E-03
1.7804E-06,-4.39195E-03
1.7808E-06,-4.23570E-03
1.7812E-06,-4.02086E-03
1.7816E-06,-3.82555E-03
1.7820E-06,-3.55211E-03
1.7824E-06,-3.47398E-03
1.7828E-06,-3.31773E-03
1.7832E-06,-3.35680E-03
1.7836E-06,-3.35680E-03
1.7840E-06,-3.45445E-03
1.7844E-06,-3.53258E-03
1.7848E-06,-3.64977E-03
1.7852E-06,-3.74742E-03
1.7856E-06,-3.90367E-03
1.7860E-06,-4.21617E-03
1.7864E-06,-4.58727E-03
1.7868E-06,-4.88023E-03
1.7872E-06,-5.27086E-03
1.7876E-06,-5.34898E-03
1.7880E-06,-5.42711E-03
1.7884E-06,-5.58336E-03
1.7888E-06,-5.54430E-03
1.7892E-06,-5.62242E-03
1.7896E-06,-5.50523E-03
1.7900E-06,-5.42711E-03
1.7904E-06,-5.34898E-03
1.7908E-06,-5.17320E-03
1.7912E-06,-5.07555E-03
1.7916E-06,-4.89977E-03
1.7920E-06,-4.66539E-03
1.7924E-06,-4.48961E-03
1.7928E-06,-4.33336E-03
1.7932E-06,-4.04039E-03
1.7936E-06,-3.88414E-03
1.7940E-06,-3.61070E-03
1.7944E-06,-3.33727E-03
1.7948E-06,-3.23961E-03
1.7952E-06,-3.08336E-03
1.7956E-06,-3.06383E-03
1.7960E-06,-2.94664E-03
1.7964E-06,-2.92711E-03
1.7968E-06,-2.77086E-03
1.7972E-06,-2.67320E-03
1.7976E-06,-2.55602E-03
1.7980E-06,-2.45836E-03
1.7984E-06,-2.38023E-03
1.7988E-06,-2.16539E-03
1.7992E-06,-2.04820E-03
1.7996E-06,-1.97008E-03
1.8000E-06,-1.89195E-03
1.8004E-06,-1.79430E-03
1.8008E-06,-1.67711E-03
1.8012E-06,-1.57945E-03
1.8016E-06,-1.54039E-03
1.8020E-06,-1.44273E-03
1.8024E-06,-1.40367E-03
1.8028E-06,-1.16930E-03
1.8032E-06,-1.09117E-03
1.8036E-06,-8.95859E-04
1.8040E-06,-8.17734E-04
1.8044E-06,-7.39609E-04
1.8048E-06,-6.02891E-04
1.8052E-06,-4.85703E-04
1.8056E-06,-4.07578E-04
1.8060E-06,-3.29453E-04
1.8064E-06,-2.70859E-04
1.8068E-06,-1.14609E-04
1.8072E-06,-5.60156E-05
1.8076E-06,4.16406E-05
1.8080E-06,1.19766E-04
1.8084E-06,2.36953E-04
1.8088E-06,2.76016E-04
1.8092E-06,3.73672E-04
1.8096E-06,4.32266E-04
1.8100E-06,5.49453E-04
1.8104E-06,5.49453E-04
1.8108E-06,6.08047E-04
1.8112E-06,6.27578E-04
1.8116E-06,7.44766E-04
1.8120E-06,8.03359E-04
1.8124E-06,8.22891E-04
1.8128E-06,8.03359E-04
1.8132E-06,7.44766E-04
1.8136E-06,7.05703E-04
1.8140E-06,6.47109E-04
1.8144E-06,3.73672E-04
1.8148E-06,1.39297E-04
1.8152E-06,-3.09922E-04
1.8156E-06,-6.61484E-04
1.8160E-06,-1.03258E-03
1.8164E-06,-1.30602E-03
1.8168E-06,-1.65758E-03
1.8172E-06,-2.12633E-03
1.8176E-06,-2.41930E-03
1.8180E-06,-2.73180E-03
1.8184E-06,-3.00523E-03
1.8188E-06,-3.22008E-03
1.8192E-06,-3.57164E-03
1.8196E-06,-3.63023E-03
1.8200E-06,-3.82555E-03
1.8204E-06,-4.05992E-03
1.8208E-06,-4.33336E-03
1.8212E-06,-4.58727E-03
1.8216E-06,-4.78258E-03
1.8220E-06,-4.93883E-03
1.8224E-06,-5.07555E-03
1.8228E-06,-5.21227E-03
1.8232E-06,-5.25133E-03
1.8236E-06,-5.21227E-03
1.8240E-06,-5.13414E-03
1.8244E-06,-5.17320E-03
1.8248E-06,-5.19273E-03
1.8252E-06,-5.21227E-03
1.8256E-06,-5.23180E-03
1.8260E-06,-5.21227E-03
1.8264E-06,-5.27086E-03
1.8268E-06,-5.34898E-03
1.8272E-06,-5.36852E-03
1.8276E-06,-5.30992E-03
1.8280E-06,-5.19273E-03
1.8284E-06,-5.07555E-03
1.8288E-06,-5.03648E-03
1.8292E-06,-4.78258E-03
1.8296E-06,-4.66539E-03
1.8300E-06,-4.56773E-03
1.8304E-06,-4.41148E-03
1.8308E-06,-4.35289E-03
1.8312E-06,-4.29430E-03
1.8316E-06,-4.11852E-03
1.8320E-06,-4.05992E-03
1.8324E-06,-3.82555E-03
1.8328E-06,-3.61070E-03
1.8332E-06,-3.49352E-03
1.8336E-06,-3.33727E-03
1.8340E-06,-3.18102E-03
1.8344E-06,-2.96617E-03
1.8348E-06,-2.73180E-03
1.8352E-06,-2.63414E-03
1.8356E-06,-2.53648E-03
1.8360E-06,-2.43883E-03
1.8364E-06,-2.34117E-03
1.8368E-06,-2.22398E-03
1.8372E-06,-2.22398E-03
1.8376E-06,-2.04820E-03
1.8380E-06,-1.98961E-03
1.8384E-06,-2.06773E-03
1.8388E-06,-2.06773E-03
1.8392E-06,-2.04820E-03
1.8396E-06,-2.20445E-03
1.8400E-06,-2.38023E-03
1.8404E-06,-2.47789E-03
1.8408E-06,-2.57555E-03
1.8412E-06,-2.53648E-03
1.8416E-06,-2.61461E-03
1.8420E-06,-2.55602E-03
1.8424E-06,-2.61461E-03
1.8428E-06,-2.61461E-03
1.8432E-06,-2.84898E-03
1.8436E-06,-2.90758E-03
1.8440E-06,-3.20055E-03
1.8444E-06,-3.31773E-03
1.8448E-06,-3.39586E-03
1.8452E-06,-3.33727E-03
1.8456E-06,-3.27867E-03
1.8460E-06,-3.23961E-03
1.8464E-06,-3.10289E-03
1.8468E-06,-3.12242E-03
1.8472E-06,-3.04430E-03
1.8476E-06,-2.90758E-03
1.8480E-06,-2.96617E-03
1.8484E-06,-2.88805E-03
1.8488E-06,-2.82945E-03
1.8492E-06,-2.82945E-03
1.8496E-06,-2.80992E-03
1.8500E-06,-2.61461E-03
1.8504E-06,-2.55602E-03
1.8508E-06,-2.24352E-03
1.8512E-06,-2.30211E-03
1.8516E-06,-2.06773E-03
1.8520E-06,-1.93102E-03
1.8524E-06,-1.81383E-03
1.8528E-06,-1.83336E-03
1.8532E-06,-1.75523E-03
1.8536E-06,-1.79430E-03
1.8540E-06,-1.73570E-03
1.8544E-06,-1.71617E-03
1.8548E-06,-1.65758E-03
1.8552E-06,-1.61852E-03
1.8556E-06,-1.69664E-03
1.8560E-06,-1.67711E-03
1.8564E-06,-1.75523E-03
1.8568E-06,-1.79430E-03
1.8572E-06,-1.83336E-03
1.8576E-06,-1.91148E-03
1.8580E-06,-1.81383E-03
1.8584E-06,-1.73570E-03
1.8588E-06,-1.77477E-03
1.8592E-06,-1.81383E-03
1.8596E-06,-1.83336E-03
1.8600E-06,-1.87242E-03
1.8604E-06,-2.04820E-03
1.8608E-06,-2.28258E-03
1.8612E-06,-2.53648E-03
1.8616E-06,-2.84898E-03
1.8620E-06,-3.08336E-03
1.8624E-06,-3.43492E-03
1.8628E-06,-3.57164E-03
1.8632E-06,-3.66930E-03
1.8636E-06,-3.74742E-03
1.8640E-06,-3.98180E-03
1.8644E-06,-3.92320E-03
1.8648E-06,-3.88414E-03
1.8652E-06,-3.92320E-03
1.8656E-06,-4.02086E-03
1.8660E-06,-4.05992E-03
1.8664E-06,-4.00133E-03
1.8668E-06,-4.05992E-03
1.8672E-06,-3.86461E-03
1.8676E-06,-3.76695E-03
1.8680E-06,-3.64977E-03
1.8684E-06,-3.43492E-03
1.8688E-06,-3.29820E-03
1.8692E-06,-3.06383E-03
1.8696E-06,-2.98570E-03
1.8700E-06,-2.86852E-03
1.8704E-06,-2.92711E-03
1.8708E-06,-2.84898E-03
1.8712E-06,-2.86852E-03
1.8716E-06,-2.98570E-03
1.8720E-06,-3.02477E-03
1.8724E-06,-3.20055E-03
1.8728E-06,-3.22008E-03
1.8732E-06,-3.25914E-03
1.8736E-06,-3.14195E-03
1.8740E-06,-2.98570E-03
1.8744E-06,-3.00523E-03
1.8748E-06,-2.96617E-03
1.8752E-06,-2.96617E-03
1.8756E-06,-2.84898E-03
1.8760E-06,-2.92711E-03
1.8764E-06,-2.96617E-03
1.8768E-06,-3.18102E-03
1.8772E-06,-3.33727E-03
1.8776E-06,-3.55211E-03
1.8780E-06,-3.74742E-03
1.8784E-06,-4.04039E-03
1.8788E-06,-4.29430E-03
1.8792E-06,-4.66539E-03
1.8796E-06,-4.84117E-03
1.8800E-06,-4.89977E-03
1.8804E-06,-5.03648E-03
1.8808E-06,-5.01695E-03
1.8812E-06,-5.09508E-03
1.8816E-06,-5.30992E-03
1.8820E-06,-5.34898E-03
1.8824E-06,-5.40758E-03
1.8828E-06,-5.48570E-03
1.8832E-06,-5.42711E-03
1.8836E-06,-5.50523E-03
1.8840E-06,-5.48570E-03
1.8844E-06,-5.42711E-03
1.8848E-06,-5.23180E-03
1.8852E-06,-5.11461E-03
1.8856E-06,-4.91930E-03
1.8860E-06,-4.78258E-03
1.8864E-06,-4.76305E-03
1.8868E-06,-4.70445E-03
1.8872E-06,-4.76305E-03
1.8876E-06,-4.80211E-03
1.8880E-06,-4.91930E-03
1.8884E-06,-5.01695E-03
1.8888E-06,-5.01695E-03
1.8892E-06,-4.99742E-03
1.8896E-06,-4.93883E-03
1.8900E-06,-4.86070E-03
1.8904E-06,-4.74352E-03
1.8908E-06,-4.64586E-03
1.8912E-06,-4.64586E-03
1.8916E-06,-4.58727E-03
1.8920E-06,-4.50914E-03
1.8924E-06,-4.47008E-03
1.8928E-06,-4.43102E-03
1.8932E-06,-4.29430E-03
1.8936E-06,-4.15758E-03
1.8940E-06,-3.96227E-03
1.8944E-06,-3.74742E-03
1.8948E-06,-3.51305E-03
1.8952E-06,-3.27867E-03
1.8956E-06,-3.08336E-03
1.8960E-06,-2.96617E-03
1.8964E-06,-2.77086E-03
1.8968E-06,-2.73180E-03
1.8972E-06,-2.71227E-03
1.8976E-06,-2.75133E-03
1.8980E-06,-2.75133E-03
1.8984E-06,-2.77086E-03
1.8988E-06,-2.84898E-03
1.8992E-06,-2.86852E-03
1.8996E-06,-2.92711E-03
1.9000E-06,-3.12242E-03
1.9004E-06,-3.22008E-03
1.9008E-06,-3.31773E-03
1.9012E-06,-3.27867E-03
1.9016E-06,-3.27867E-03
1.9020E-06,-3.18102E-03
1.9024E-06,-3.18102E-03
1.9028E-06,-3.16148E-03
1.9032E-06,-3.12242E-03
1.9036E-06,-2.98570E-03
1.9040E-06,-2.94664E-03
1.9044E-06,-2.82945E-03
1.9048E-06,-2.73180E-03
1.9052E-06,-2.63414E-03
1.9056E-06,-2.59508E-03
1.9060E-06,-2.49742E-03
1.9064E-06,-2.49742E-03
1.9068E-06,-2.47789E-03
1.9072E-06,-2.47789E-03
1.9076E-06,-2.43883E-03
1.9080E-06,-2.45836E-03
1.9084E-06,-2.55602E-03
1.9088E-06,-2.69273E-03
1.9092E-06,-2.77086E-03
1.9096E-06,-2.92711E-03
1.9100E-06,-3.06383E-03
1.9104E-06,-3.22008E-03
1.9108E-06,-3.45445E-03
1.9112E-06,-3.70836E-03
1.9116E-06,-3.94273E-03
1.9120E-06,-4.07945E-03
1.9124E-06,-4.21617E-03
1.9128E-06,-4.35289E-03
1.9132E-06,-4.41148E-03
1.9136E-06,-4.58727E-03
1.9140E-06,-4.70445E-03
1.9144E-06,-4.89977E-03
1.9148E-06,-4.95836E-03
1.9152E-06,-5.17320E-03
1.9156E-06,-5.17320E-03
1.9160E-06,-5.25133E-03
1.9164E-06,-5.13414E-03
1.9168E-06,-4.97789E-03
1.9172E-06,-4.89977E-03
1.9176E-06,-4.78258E-03
1.9180E-06,-4.76305E-03
1.9184E-06,-4.66539E-03
1.9188E-06,-4.52867E-03
1.9192E-06,-4.48961E-03
1.9196E-06,-4.31383E-03
1.9200E-06,-4.23570E-03
1.9204E-06,-4.13805E-03
1.9208E-06,-4.04039E-03
1.9212E-06,-3.78648E-03
1.9216E-06,-3.68883E-03
1.9220E-06,-3.43492E-03
1.9224E-06,-3.31773E-03
1.9228E-06,-3.18102E-03
1.9232E-06,-3.08336E-03
1.9236E-06,-2.92711E-03
1.9240E-06,-2.86852E-03
1.9244E-06,-2.82945E-03
1.9248E-06,-2.71227E-03
1.9252E-06,-2.61461E-03
1.9256E-06,-2.41930E-03
1.9260E-06,-2.26305E-03
1.9264E-06,-2.14586E-03
1.9268E-06,-1.95055E-03
1.9272E-06,-1.79430E-03
1.9276E-06,-1.65758E-03
1.9280E-06,-1.55992E-03
1.9284E-06,-1.42320E-03
1.9288E-06,-1.28648E-03
1.9292E-06,-1.20836E-03
1.9296E-06,-1.18883E-03
1.9300E-06,-1.07164E-03
1.9304E-06,-9.15391E-04
1.9308E-06,-8.37266E-04
1.9312E-06,-8.37266E-04
1.9316E-06,-8.95859E-04
1.9320E-06,-1.11070E-03
1.9324E-06,-1.28648E-03
1.9328E-06,-1.42320E-03
1.9332E-06,-1.69664E-03
1.9336E-06,-1.98961E-03
1.9340E-06,-2.30211E-03
1.9344E-06,-2.47789E-03
1.9348E-06,-2.57555E-03
1.9352E-06,-2.51695E-03
1.9356E-06,-2.55602E-03
1.9360E-06,-2.59508E-03
1.9364E-06,-2.51695E-03
1.9368E-06,-2.57555E-03
1.9372E-06,-2.61461E-03
1.9376E-06,-2.63414E-03
1.9380E-06,-2.61461E-03
1.9384E-06,-2.59508E-03
1.9388E-06,-2.51695E-03
1.9392E-06,-2.47789E-03
1.9396E-06,-2.36070E-03
1.9400E-06,-2.24352E-03
1.9404E-06,-2.10680E-03
1.9408E-06,-2.02867E-03
1.9412E-06,-1.83336E-03
1.9416E-06,-1.75523E-03
1.9420E-06,-1.69664E-03
1.9424E-06,-1.63805E-03
1.9428E-06,-1.67711E-03
1.9432E-06,-1.69664E-03
1.9436E-06,-1.63805E-03
1.9440E-06,-1.55992E-03
1.9444E-06,-1.42320E-03
1.9448E-06,-1.32555E-03
1.9452E-06,-1.28648E-03
1.9456E-06,-1.11070E-03
1.9460E-06,-1.07164E-03
1.9464E-06,-1.01305E-03
1.9468E-06,-9.15391E-04
1.9472E-06,-9.15391E-04
1.9476E-06,-7.20078E-04
1.9480E-06,-7.39609E-04
1.9484E-06,-6.81016E-04
1.9488E-06,-5.63828E-04
1.9492E-06,-4.85703E-04
1.9496E-06,-3.48984E-04
1.9500E-06,-1.53672E-04
1.9504E-06,-3.64844E-05
1.9508E-06,1.00234E-04
1.9512E-06,1.78359E-04
1.9516E-06,1.78359E-04
1.9520E-06,2.36953E-04
1.9524E-06,3.73672E-04
1.9528E-06,3.34609E-04
1.9532E-06,3.73672E-04
1.9536E-06,4.12734E-04
1.9540E-06,5.49453E-04
1.9544E-06,6.27578E-04
1.9548E-06,7.44766E-04
1.9552E-06,7.83828E-04
1.9556E-06,8.22891E-04
1.9560E-06,8.61953E-04
1.9564E-06,8.81484E-04
1.9568E-06,7.25234E-04
1.9572E-06,7.05703E-04
1.9576E-06,5.10391E-04
1.9580E-06,1.58828E-04
1.9584E-06,-1.92734E-04
1.9588E-06,-6.22422E-04
1.9592E-06,-1.05211E-03
1.9596E-06,-1.55992E-03
1.9600E-06,-2.12633E-03
1.9604E-06,-2.55602E-03
1.9608E-06,-2.84898E-03
1.9612E-06,-3.14195E-03
1.9616E-06,-3.33727E-03
1.9620E-06,-3.41539E-03
1.9624E-06,-3.61070E-03
1.9628E-06,-3.70836E-03
1.9632E-06,-3.78648E-03
1.9636E-06,-3.86461E-03
1.9640E-06,-3.92320E-03
1.9644E-06,-3.90367E-03
1.9648E-06,-3.88414E-03
1.9652E-06,-3.82555E-03
1.9656E-06,-3.68883E-03
1.9660E-06,-3.57164E-03
1.9664E-06,-3.35680E-03
1.9668E-06,-3.22008E-03
1.9672E-06,-3.06383E-03
1.9676E-06,-2.92711E-03
1.9680E-06,-2.82945E-03
1.9684E-06,-2.73180E-03
1.9688E-06,-2.75133E-03
1.9692E-06,-2.67320E-03
1.9696E-06,-2.61461E-03
1.9700E-06,-2.55602E-03
1.9704E-06,-2.55602E-03
1.9708E-06,-2.53648E-03
1.9712E-06,-2.47789E-03
1.9716E-06,-2.41930E-03
1.9720E-06,-2.39977E-03
1.9724E-06,-2.38023E-03
1.9728E-06,-2.49742E-03
1.9732E-06,-2.47789E-03
1.9736E-06,-2.45836E-03
1.9740E-06,-2.43883E-03
1.9744E-06,-2.36070E-03
1.9748E-06,-2.28258E-03
1.9752E-06,-2.10680E-03
1.9756E-06,-1.98961E-03
1.9760E-06,-1.83336E-03
1.9764E-06,-1.77477E-03
1.9768E-06,-1.61852E-03
1.9772E-06,-1.54039E-03
1.9776E-06,-1.42320E-03
1.9780E-06,-1.38414E-03
1.9784E-06,-1.28648E-03
1.9788E-06,-1.13023E-03
1.9792E-06,-1.14977E-03
1.9796E-06,-9.34922E-04
1.9800E-06,-8.56797E-04
1.9804E-06,-7.78672E-04
1.9808E-06,-7.00547E-04
1.9812E-06,-6.22422E-04
1.9816E-06,-5.83359E-04
1.9820E-06,-5.63828E-04
1.9824E-06,-6.02891E-04
1.9828E-06,-6.02891E-04
1.9832E-06,-6.41953E-04
1.9836E-06,-7.00547E-04
1.9840E-06,-7.78672E-04
1.9844E-06,-9.15391E-04
1.9848E-06,-1.20836E-03
1.9852E-06,-1.36461E-03
1.9856E-06,-1.59898E-03
1.9860E-06,-1.79430E-03
1.9864E-06,-2.00914E-03
1.9868E-06,-2.20445E-03
1.9872E-06,-2.34117E-03
1.9876E-06,-2.30211E-03
1.9880E-06,-2.41930E-03
1.9884E-06,-2.39977E-03
1.9888E-06,-2.41930E-03
1.9892E-06,-2.39977E-03
1.9896E-06,-2.39977E-03
1.9900E-06,-2.34117E-03
1.9904E-06,-2.32164E-03
1.9908E-06,-2.26305E-03
1.9912E-06,-2.22398E-03
1.9916E-06,-2.10680E-03
1.9920E-06,-2.04820E-03
1.9924E-06,-1.91148E-03
1.9928E-06,-1.69664E-03
1.9932E-06,-1.61852E-03
1.9936E-06,-1.50133E-03
1.9940E-06,-1.42320E-03
1.9944E-06,-1.34508E-03
1.9948E-06,-1.26695E-03
1.9952E-06,-1.18883E-03
1.9956E-06,-1.20836E-03
1.9960E-06,-1.18883E-03
1.9964E-06,-1.16930E-03
1.9968E-06,-9.93516E-04
1.9972E-06,-9.34922E-04
1.9976E-06,-8.56797E-04
1.9980E-06,-7.98203E-04
1.9984E-06,-7.39609E-04
1.9988E-06,-6.22422E-04
1.9992E-06,-5.44297E-04
1.9996E-06,-4.66172E-04
2.0000E-06,-4.46641E-04
2.0004E-06,-2.90391E-04
2.0008E-06,-2.51328E-04
2.0012E-06,-9.50781E-05
2.0016E-06,-3.64844E-05
2.0020E-06,1.00234E-04
2.0024E-06,1.19766E-04
2.0028E-06,2.56484E-04
2.0032E-06,3.15078E-04
2.0036E-06,3.93203E-04
2.0040E-06,4.12734E-04
2.0044E-06,4.32266E-04
2.0048E-06,4.12734E-04
2.0052E-06,4.32266E-04
2.0056E-06,5.29922E-04
2.0060E-06,6.66641E-04
2.0064E-06,6.66641E-04
2.0068E-06,7.44766E-04
2.0072E-06,7.44766E-04
2.0076E-06,8.81484E-04
2.0080E-06,9.20547E-04
2.0084E-06,8.81484E-04
2.0088E-06,8.81484E-04
2.0092E-06,7.44766E-04
2.0096E-06,5.49453E-04
2.0100E-06,2.95547E-04
2.0104E-06,2.21094E-05
2.0108E-06,-2.31797E-04
2.0112E-06,-5.24766E-04
2.0116E-06,-8.17734E-04
2.0120E-06,-1.01305E-03
2.0124E-06,-1.24742E-03
2.0128E-06,-1.24742E-03
2.0132E-06,-1.26695E-03
2.0136E-06,-1.40367E-03
2.0140E-06,-1.48180E-03
2.0144E-06,-1.55992E-03
2.0148E-06,-1.63805E-03
2.0152E-06,-1.69664E-03
2.0156E-06,-1.69664E-03
2.0160E-06,-1.75523E-03
2.0164E-06,-1.69664E-03
2.0168E-06,-1.67711E-03
2.0172E-06,-1.48180E-03
2.0176E-06,-1.42320E-03
2.0180E-06,-1.26695E-03
2.0184E-06,-1.16930E-03
2.0188E-06,-1.09117E-03
2.0192E-06,-1.20836E-03
2.0196E-06,-1.22789E-03
2.0200E-06,-1.32555E-03
2.0204E-06,-1.46227E-03
2.0208E-06,-1.65758E-03
2.0212E-06,-1.81383E-03
2.0216E-06,-1.98961E-03
2.0220E-06,-2.06773E-03
2.0224E-06,-2.12633E-03
2.0228E-06,-2.16539E-03
2.0232E-06,-2.22398E-03
2.0236E-06,-2.18492E-03
2.0240E-06,-2.20445E-03
2.0244E-06,-2.18492E-03
2.0248E-06,-2.20445E-03
2.0252E-06,-2.14586E-03
2.0256E-06,-2.28258E-03
2.0260E-06,-2.10680E-03
2.0264E-06,-2.06773E-03
2.0268E-06,-1.98961E-03
2.0272E-06,-2.06773E-03
2.0276E-06,-2.12633E-03
2.0280E-06,-2.22398E-03
2.0284E-06,-2.39977E-03
2.0288E-06,-2.45836E-03
2.0292E-06,-2.57555E-03
2.0296E-06,-2.80992E-03
2.0300E-06,-2.90758E-03
2.0304E-06,-3.08336E-03
2.0308E-06,-3.00523E-03
2.0312E-06,-3.06383E-03
2.0316E-06,-3.02477E-03
2.0320E-06,-3.06383E-03
2.0324E-06,-3.08336E-03
2.0328E-06,-3.04430E-03
2.0332E-06,-3.06383E-03
2.0336E-06,-3.04430E-03
2.0340E-06,-2.94664E-03
2.0344E-06,-2.92711E-03
2.0348E-06,-2.86852E-03
2.0352E-06,-2.69273E-03
2.0356E-06,-2.67320E-03
2.0360E-06,-2.55602E-03
2.0364E-06,-2.67320E-03
2.0368E-06,-2.69273E-03
2.0372E-06,-2.82945E-03
2.0376E-06,-2.88805E-03
2.0380E-06,-3.06383E-03
2.0384E-06,-3.29820E-03
2.0388E-06,-3.49352E-03
2.0392E-06,-3.45445E-03
2.0396E-06,-3.49352E-03
2.0400E-06,-3.53258E-03
2.0404E-06,-3.45445E-03
2.0408E-06,-3.49352E-03
2.0412E-06,-3.41539E-03
2.0416E-06,-3.39586E-03
2.0420E-06,-3.31773E-03
2.0424E-06,-3.31773E-03
2.0428E-06,-3.27867E-03
2.0432E-06,-3.29820E-03
2.0436E-06,-3.10289E-03
2.0440E-06,-2.90758E-03
2.0444E-06,-2.77086E-03
2.0448E-06,-2.55602E-03
2.0452E-06,-2.43883E-03
2.0456E-06,-2.28258E-03
2.0460E-06,-2.16539E-03
2.0464E-06,-2.02867E-03
2.0468E-06,-1.93102E-03
2.0472E-06,-2.00914E-03
2.0476E-06,-2.20445E-03
2.0480E-06,-2.41930E-03
2.0484E-06,-2.55602E-03
2.0488E-06,-2.71227E-03
2.0492E-06,-2.82945E-03
2.0496E-06,-3.16148E-03
2.0500E-06,-3.37633E-03
2.0504E-06,-3.41539E-03
2.0508E-06,-3.45445E-03
2.0512E-06,-3.39586E-03
2.0516E-06,-3.41539E-03
2.0520E-06,-3.39586E-03
2.0524E-06,-3.39586E-03
2.0528E-06,-3.41539E-03
2.0532E-06,-3.35680E-03
2.0536E-06,-3.31773E-03
2.0540E-06,-3.27867E-03
2.0544E-06,-3.18102E-03
2.0548E-06,-2.98570E-03
2.0552E-06,-2.82945E-03
2.0556E-06,-2.57555E-03
2.0560E-06,-2.45836E-03
2.0564E-06,-2.24352E-03
2.0568E-06,-2.06773E-03
2.0572E-06,-1.97008E-03
2.0576E-06,-1.89195E-03
2.0580E-06,-1.77477E-03
2.0584E-06,-1.75523E-03
2.0588E-06,-1.73570E-03
2.0592E-06,-1.71617E-03
2.0596E-06,-1.54039E-03
2.0600E-06,-1.36461E-03
2.0604E-06,-1.26695E-03
2.0608E-06,-1.16930E-03
2.0612E-06,-1.16930E-03
2.0616E-06,-1.01305E-03
2.0620E-06,-9.15391E-04
2.0624E-06,-8.17734E-04
2.0628E-06,-8.37266E-04
2.0632E-06,-7.59141E-04
2.0636E-06,-7.39609E-04
2.0640E-06,-5.44297E-04
2.0644E-06,-4.66172E-04
2.0648E-06,-3.09922E-04
2.0652E-06,-1.92734E-04
2.0656E-06,-5.60156E-05
2.0660E-06,6.11719E-05
2.0664E-06,8.07031E-05
2.0668E-06,1.19766E-04
2.0672E-06,8.07031E-05
2.0676E-06,2.21094E-05
2.0680E-06,-1.34141E-04
2.0684E-06,-2.70859E-04
2.0688E-06,-3.68516E-04
2.0692E-06,-5.83359E-04
2.0696E-06,-7.78672E-04
2.0700E-06,-9.73984E-04
2.0704E-06,-1.07164E-03
2.0708E-06,-1.05211E-03
2.0712E-06,-1.13023E-03
2.0716E-06,-9.93516E-04
2.0720E-06,-1.07164E-03
2.0724E-06,-1.03258E-03
2.0728E-06,-1.13023E-03
2.0732E-06,-1.16930E-03
2.0736E-06,-1.09117E-03
2.0740E-06,-1.09117E-03
2.0744E-06,-1.05211E-03
2.0748E-06,-9.73984E-04
2.0752E-06,-9.73984E-04
2.0756E-06,-8.56797E-04
2.0760E-06,-7.98203E-04
2.0764E-06,-6.41953E-04
2.0768E-06,-6.41953E-04
2.0772E-06,-5.83359E-04
2.0776E-06,-5.83359E-04
2.0780E-06,-4.85703E-04
2.0784E-06,-5.63828E-04
2.0788E-06,-5.05234E-04
2.0792E-06,-5.24766E-04
2.0796E-06,-4.85703E-04
2.0800E-06,-4.07578E-04
2.0804E-06,-3.29453E-04
2.0808E-06,-2.31797E-04
2.0812E-06,-1.73203E-04
2.0816E-06,-1.53672E-04
2.0820E-06,-1.34141E-04
2.0824E-06,-5.60156E-05
2.0828E-06,-7.55469E-05
2.0832E-06,-5.60156E-05
2.0836E-06,-1.14609E-04
2.0840E-06,-1.14609E-04
2.0844E-06,-1.14609E-04
2.0848E-06,-1.73203E-04
2.0852E-06,-1.53672E-04
2.0856E-06,-2.51328E-04
2.0860E-06,-3.29453E-04
2.0864E-06,-4.46641E-04
2.0868E-06,-3.88047E-04
2.0872E-06,-4.66172E-04
2.0876E-06,-4.66172E-04
2.0880E-06,-7.00547E-04
2.0884E-06,-6.22422E-04
2.0888E-06,-7.39609E-04
2.0892E-06,-7.59141E-04
2.0896E-06,-8.76328E-04
2.0900E-06,-8.17734E-04
2.0904E-06,-8.95859E-04
2.0908E-06,-8.76328E-04
2.0912E-06,-8.95859E-04
2.0916E-06,-8.95859E-04
2.0920E-06,-9.34922E-04
2.0924E-06,-9.15391E-04
2.0928E-06,-9.73984E-04
2.0932E-06,-9.34922E-04
2.0936E-06,-1.01305E-03
2.0940E-06,-8.95859E-04
2.0944E-06,-8.95859E-04
2.0948E-06,-8.37266E-04
2.0952E-06,-7.98203E-04
2.0956E-06,-7.39609E-04
2.0960E-06,-6.22422E-04
2.0964E-06,-6.22422E-04
2.0968E-06,-5.24766E-04
2.0972E-06,-4.66172E-04
2.0976E-06,-4.85703E-04
2.0980E-06,-4.27109E-04
2.0984E-06,-3.88047E-04
2.0988E-06,-4.07578E-04
2.0992E-06,-4.07578E-04
2.0996E-06,-4.07578E-04
2.1000E-06,-5.05234E-04
2.1004E-06,-6.22422E-04
2.1008E-06,-7.98203E-04
2.1012E-06,-1.01305E-03
2.1016E-06,-1.32555E-03
2.1020E-06,-1.46227E-03
2.1024E-06,-1.65758E-03
2.1028E-06,-1.75523E-03
2.1032E-06,-1.79430E-03
2.1036E-06,-1.87242E-03
2.1040E-06,-1.97008E-03
2.1044E-06,-1.83336E-03
2.1048E-06,-1.97008E-03
2.1052E-06,-1.87242E-03
2.1056E-06,-1.87242E-03
2.1060E-06,-1.79430E-03
2.1064E-06,-1.83336E-03
2.1068E-06,-1.75523E-03
2.1072E-06,-1.63805E-03
2.1076E-06,-1.55992E-03
2.1080E-06,-1.42320E-03
2.1084E-06,-1.40367E-03
2.1088E-06,-1.16930E-03
2.1092E-06,-1.03258E-03
2.1096E-06,-9.73984E-04
2.1100E-06,-8.37266E-04
2.1104E-06,-8.56797E-04
2.1108E-06,-7.78672E-04
2.1112E-06,-7.59141E-04
2.1116E-06,-7.00547E-04
2.1120E-06,-6.81016E-04
2.1124E-06,-5.44297E-04
2.1128E-06,-6.02891E-04
2.1132E-06,-4.46641E-04
2.1136E-06,-4.85703E-04
2.1140E-06,-4.27109E-04
2.1144E-06,-4.85703E-04
2.1148E-06,-5.63828E-04
2.1152E-06,-8.37266E-04
2.1156E-06,-8.37266E-04
2.1160E-06,-1.09117E-03
2.1164E-06,-1.26695E-03
2.1168E-06,-1.42320E-03
2.1172E-06,-1.46227E-03
2.1176E-06,-1.44273E-03
2.1180E-06,-1.38414E-03
2.1184E-06,-1.34508E-03
2.1188E-06,-1.22789E-03
2.1192E-06,-1.26695E-03
2.1196E-06,-1.16930E-03
2.1200E-06,-1.26695E-03
2.1204E-06,-1.22789E-03
2.1208E-06,-1.26695E-03
2.1212E-06,-1.36461E-03
2.1216E-06,-1.46227E-03
2.1220E-06,-1.67711E-03
2.1224E-06,-1.89195E-03
2.1228E-06,-1.91148E-03
2.1232E-06,-2.14586E-03
2.1236E-06,-2.34117E-03
2.1240E-06,-2.53648E-03
2.1244E-06,-2.61461E-03
2.1248E-06,-2.63414E-03
2.1252E-06,-2.67320E-03
2.1256E-06,-2.77086E-03
2.1260E-06,-2.75133E-03
2.1264E-06,-2.79039E-03
2.1268E-06,-2.75133E-03
2.1272E-06,-2.71227E-03
2.1276E-06,-2.69273E-03
2.1280E-06,-2.63414E-03
2.1284E-06,-2.53648E-03
2.1288E-06,-2.41930E-03
2.1292E-06,-2.32164E-03
2.1296E-06,-2.20445E-03
2.1300E-06,-2.06773E-03
2.1304E-06,-1.95055E-03
2.1308E-06,-1.81383E-03
2.1312E-06,-1.77477E-03
2.1316E-06,-1.55992E-03
2.1320E-06,-1.48180E-03
2.1324E-06,-1.40367E-03
2.1328E-06,-1.42320E-03
2.1332E-06,-1.32555E-03
2.1336E-06,-1.18883E-03
2.1340E-06,-1.07164E-03
2.1344E-06,-9.73984E-04
2.1348E-06,-8.76328E-04
2.1352E-06,-8.37266E-04
2.1356E-06,-7.59141E-04
2.1360E-06,-6.22422E-04
2.1364E-06,-5.63828E-04
2.1368E-06,-5.05234E-04
2.1372E-06,-4.85703E-04
2.1376E-06,-4.07578E-04
2.1380E-06,-2.51328E-04
2.1384E-06,-1.92734E-04
2.1388E-06,-9.50781E-05
2.1392E-06,-1.69531E-05
2.1396E-06,1.19766E-04
2.1400E-06,2.36953E-04
2.1404E-06,1.97891E-04
2.1408E-06,2.17422E-04
2.1412E-06,3.54141E-04
2.1416E-06,2.36953E-04
2.1420E-06,2.56484E-04
2.1424E-06,2.21094E-05
2.1428E-06,-1.69531E-05
2.1432E-06,-2.51328E-04
2.1436E-06,-4.85703E-04
2.1440E-06,-7.98203E-04
2.1444E-06,-9.15391E-04
2.1448E-06,-9.93516E-04
2.1452E-06,-1.01305E-03
2.1456E-06,-1.07164E-03
2.1460E-06,-1.07164E-03
2.1464E-06,-1.03258E-03
2.1468E-06,-1.07164E-03
2.1472E-06,-1.14977E-03
2.1476E-06,-1.07164E-03
2.1480E-06,-1.13023E-03
2.1484E-06,-1.05211E-03
2.1488E-06,-9.93516E-04
2.1492E-06,-1.03258E-03
2.1496E-06,-9.34922E-04
2.1500E-06,-8.95859E-04
2.1504E-06,-8.37266E-04
2.1508E-06,-7.59141E-04
2.1512E-06,-8.76328E-04
2.1516E-06,-7.78672E-04
2.1520E-06,-8.95859E-04
2.1524E-06,-9.15391E-04
2.1528E-06,-1.01305E-03
2.1532E-06,-1.07164E-03
2.1536E-06,-1.13023E-03
2.1540E-06,-1.05211E-03
2.1544E-06,-1.01305E-03
2.1548E-06,-1.01305E-03
2.1552E-06,-9.73984E-04
2.1556E-06,-9.15391E-04
2.1560E-06,-8.76328E-04
2.1564E-06,-9.34922E-04
2.1568E-06,-1.11070E-03
2.1572E-06,-1.34508E-03
2.1576E-06,-1.55992E-03
2.1580E-06,-1.75523E-03
2.1584E-06,-2.00914E-03
2.1588E-06,-2.22398E-03
2.1592E-06,-2.45836E-03
2.1596E-06,-2.63414E-03
2.1600E-06,-2.73180E-03
2.1604E-06,-2.73180E-03
2.1608E-06,-2.77086E-03
2.1612E-06,-2.82945E-03
2.1616E-06,-2.92711E-03
2.1620E-06,-3.00523E-03
2.1624E-06,-3.12242E-03
2.1628E-06,-3.10289E-03
2.1632E-06,-3.14195E-03
2.1636E-06,-3.00523E-03
2.1640E-06,-2.98570E-03
2.1644E-06,-2.88805E-03
2.1648E-06,-2.80992E-03
2.1652E-06,-2.61461E-03
2.1656E-06,-2.47789E-03
2.1660E-06,-2.28258E-03
2.1664E-06,-2.28258E-03
2.1668E-06,-2.06773E-03
2.1672E-06,-2.02867E-03
2.1676E-06,-1.95055E-03
2.1680E-06,-1.95055E-03
2.1684E-06,-1.91148E-03
2.1688E-06,-1.85289E-03
2.1692E-06,-1.71617E-03
2.1696E-06,-1.55992E-03
2.1700E-06,-1.52086E-03
2.1704E-06,-1.42320E-03
2.1708E-06,-1.26695E-03
2.1712E-06,-1.28648E-03
2.1716E-06,-1.13023E-03
2.1720E-06,-1.09117E-03
2.1724E-06,-1.05211E-03
2.1728E-06,-9.15391E-04
2.1732E-06,-8.37266E-04
2.1736E-06,-8.37266E-04
2.1740E-06,-6.22422E-04
2.1744E-06,-5.44297E-04
2.1748E-06,-3.68516E-04
2.1752E-06,-2.51328E-04
2.1756E-06,-1.14609E-04
2.1760E-06,-1.34141E-04
2.1764E-06,2.57813E-06
2.1768E-06,8.07031E-05
2.1772E-06,1.39297E-04
2.1776E-06,1.19766E-04
2.1780E-06,1.78359E-04
2.1784E-06,3.73672E-04
2.1788E-06,4.51797E-04
2.1792E-06,4.71328E-04
2.1796E-06,5.88516E-04
2.1800E-06,7.05703E-04
2.1804E-06,7.83828E-04
2.1808E-06,7.44766E-04
2.1812E-06,8.81484E-04
2.1816E-06,9.20547E-04
2.1820E-06,8.81484E-04
2.1824E-06,9.79141E-04
2.1828E-06,1.07680E-03
2.1832E-06,1.09633E-03
2.1836E-06,1.21352E-03
2.1840E-06,1.15492E-03
2.1844E-06,1.31117E-03
2.1848E-06,1.25258E-03
2.1852E-06,1.19398E-03
2.1856E-06,1.09633E-03
2.1860E-06,8.81484E-04
2.1864E-06,7.83828E-04
2.1868E-06,6.27578E-04
2.1872E-06,4.32266E-04
2.1876E-06,2.56484E-04
2.1880E-06,1.58828E-04
2.1884E-06,6.11719E-05
2.1888E-06,2.21094E-05
2.1892E-06,8.07031E-05
2.1896E-06,1.00234E-04
2.1900E-06,8.07031E-05
2.1904E-06,2.21094E-05
2.1908E-06,8.07031E-05
2.1912E-06,-1.69531E-05
2.1916E-06,-1.69531E-05
2.1920E-06,-1.73203E-04
2.1924E-06,-9.50781E-05
2.1928E-06,-9.50781E-05
2.1932E-06,-5.60156E-05
2.1936E-06,-5.60156E-05
2.1940E-06,2.57813E-06
2.1944E-06,2.21094E-05
2.1948E-06,2.57813E-06
2.1952E-06,2.57813E-06
2.1956E-06,-1.69531E-05
2.1960E-06,-1.14609E-04
2.1964E-06,-1.73203E-04
2.1968E-06,-2.12266E-04
2.1972E-06,-1.14609E-04
2.1976E-06,-1.34141E-04
2.1980E-06,-5.60156E-05
2.1984E-06,-5.60156E-05
2.1988E-06,8.07031E-05
2.1992E-06,8.07031E-05
2.1996E-06,1.97891E-04
2.2000E-06,2.17422E-04
2.2004E-06,2.95547E-04
2.2008E-06,2.36953E-04
2.2012E-06,2.36953E-04
2.2016E-06,3.54141E-04
2.2020E-06,4.12734E-04
2.2024E-06,4.90859E-04
2.2028E-06,6.08047E-04
2.2032E-06,6.47109E-04
2.2036E-06,7.83828E-04
2.2040E-06,8.42422E-04
2.2044E-06,9.40078E-04
2.2048E-06,9.40078E-04
2.2052E-06,9.40078E-04
2.2056E-06,9.40078E-04
2.2060E-06,9.98672E-04
2.2064E-06,9.98672E-04
2.2068E-06,1.05727E-03
2.2072E-06,1.15492E-03
2.2076E-06,1.09633E-03
2.2080E-06,1.11586E-03
2.2084E-06,1.23305E-03
2.2088E-06,1.17445E-03
2.2092E-06,1.29164E-03
2.2096E-06,1.29164E-03
2.2100E-06,1.42836E-03
2.2104E-06,1.40883E-03
2.2108E-06,1.46742E-03
2.2112E-06,1.40883E-03
2.2116E-06,1.52602E-03
2.2120E-06,1.58461E-03
2.2124E-06,1.60414E-03
2.2128E-06,1.66273E-03
2.2132E-06,1.70180E-03
2.2136E-06,1.79945E-03
2.2140E-06,1.79945E-03
2.2144E-06,1.77992E-03
2.2148E-06,1.87758E-03
2.2152E-06,1.97523E-03
2.2156E-06,1.91664E-03
2.2160E-06,1.87758E-03
2.2164E-06,1.93617E-03
2.2168E-06,1.93617E-03
2.2172E-06,2.01430E-03
2.2176E-06,2.05336E-03
2.2180E-06,2.09242E-03
2.2184E-06,2.09242E-03
2.2188E-06,2.09242E-03
2.2192E-06,2.09242E-03
2.2196E-06,2.15102E-03
2.2200E-06,2.13148E-03
2.2204E-06,2.17055E-03
2.2208E-06,2.15102E-03
2.2212E-06,2.17055E-03
2.2216E-06,2.22914E-03
2.2220E-06,2.22914E-03
2.2224E-06,2.19008E-03
2.2228E-06,2.30727E-03
2.2232E-06,2.38539E-03
2.2236E-06,2.24867E-03
2.2240E-06,2.28773E-03
2.2244E-06,2.40492E-03
2.2248E-06,2.30727E-03
2.2252E-06,2.36586E-03
2.2256E-06,2.28773E-03
2.2260E-06,2.36586E-03
2.2264E-06,2.38539E-03
2.2268E-06,2.44398E-03
2.2272E-06,2.36586E-03
2.2276E-06,2.46352E-03
2.2280E-06,2.48305E-03
2.2284E-06,2.44398E-03
2.2288E-06,2.50258E-03
2.2292E-06,2.50258E-03
2.2296E-06,2.54164E-03
2.2300E-06,2.48305E-03
2.2304E-06,2.52211E-03
2.2308E-06,2.52211E-03
2.2312E-06,2.56117E-03
2.2316E-06,2.50258E-03
2.2320E-06,2.52211E-03
2.2324E-06,2.58070E-03
2.2328E-06,2.58070E-03
2.2332E-06,2.61977E-03
2.2336E-06,2.50258E-03
2.2340E-06,2.58070E-03
2.2344E-06,2.60023E-03
2.2348E-06,2.58070E-03
2.2352E-06,2.52211E-03
2.2356E-06,2.60023E-03
2.2360E-06,2.58070E-03
2.2364E-06,2.56117E-03
2.2368E-06,2.58070E-03
2.2372E-06,2.63930E-03
2.2376E-06,2.65883E-03
2.2380E-06,2.63930E-03
2.2384E-06,2.60023E-03
2.2388E-06,2.61977E-03
2.2392E-06,2.63930E-03
2.2396E-06,2.71742E-03
2.2400E-06,2.63930E-03
2.2404E-06,2.65883E-03
2.2408E-06,2.63930E-03
2.2412E-06,2.71742E-03
2.2416E-06,2.69789E-03
2.2420E-06,2.65883E-03
2.2424E-06,2.65883E-03
2.2428E-06,2.73695E-03
2.2432E-06,2.61977E-03
2.2436E-06,2.71742E-03
2.2440E-06,2.67836E-03
2.2444E-06,2.67836E-03
2.2448E-06,2.65883E-03
2.2452E-06,2.65883E-03
2.2456E-06,2.63930E-03
2.2460E-06,2.60023E-03
2.2464E-06,2.56117E-03
2.2468E-06,2.54164E-03
2.2472E-06,2.42445E-03
2.2476E-06,2.38539E-03
2.2480E-06,2.15102E-03
2.2484E-06,2.09242E-03
2.2488E-06,1.83852E-03
2.2492E-06,1.64320E-03
2.2496E-06,1.48695E-03
2.2500E-06,1.35023E-03
2.2504E-06,1.29164E-03
2.2508E-06,1.17445E-03
2.2512E-06,1.15492E-03
2.2516E-06,1.13539E-03
2.2520E-06,1.03773E-03
2.2524E-06,9.59609E-04
2.2528E-06,9.20547E-04
2.2532E-06,8.03359E-04
2.2536E-06,8.03359E-04
2.2540E-06,7.44766E-04
2.2544E-06,7.44766E-04
2.2548E-06,8.22891E-04
2.2552E-06,8.42422E-04
2.2556E-06,9.20547E-04
2.2560E-06,9.20547E-04
2.2564E-06,9.79141E-04
2.2568E-06,1.03773E-03
2.2572E-06,1.07680E-03
2.2576E-06,1.03773E-03
2.2580E-06,9.98672E-04
2.2584E-06,1.01820E-03
2.2588E-06,9.59609E-04
2.2592E-06,9.98672E-04
2.2596E-06,1.03773E-03
2.2600E-06,1.11586E-03
2.2604E-06,1.19398E-03
2.2608E-06,1.15492E-03
2.2612E-06,1.17445E-03
2.2616E-06,1.19398E-03
2.2620E-06,1.29164E-03
2.2624E-06,1.21352E-03
2.2628E-06,1.23305E-03
2.2632E-06,1.25258E-03
2.2636E-06,1.31117E-03
2.2640E-06,1.36977E-03
2.2644E-06,1.38930E-03
2.2648E-06,1.44789E-03
2.2652E-06,1.50648E-03
2.2656E-06,1.48695E-03
2.2660E-06,1.58461E-03
2.2664E-06,1.62367E-03
2.2668E-06,1.66273E-03
2.2672E-06,1.52602E-03
2.2676E-06,1.64320E-03
2.2680E-06,1.72133E-03
2.2684E-06,1.79945E-03
2.2688E-06,1.76039E-03
2.2692E-06,1.85805E-03
2.2696E-06,1.79945E-03
2.2700E-06,1.87758E-03
2.2704E-06,1.85805E-03
2.2708E-06,1.91664E-03
2.2712E-06,1.95570E-03
2.2716E-06,1.93617E-03
2.2720E-06,1.91664E-03
2.2724E-06,1.97523E-03
2.2728E-06,2.01430E-03
2.2732E-06,2.05336E-03
2.2736E-06,2.01430E-03
2.2740E-06,2.05336E-03
2.2744E-06,2.05336E-03
2.2748E-06,2.11195E-03
2.2752E-06,2.15102E-03
2.2756E-06,2.15102E-03
2.2760E-06,2.17055E-03
2.2764E-06,2.17055E-03
2.2768E-06,2.13148E-03
2.2772E-06,2.20961E-03
2.2776E-06,2.20961E-03
2.2780E-06,2.30727E-03
2.2784E-06,2.32680E-03
2.2788E-06,2.28773E-03
2.2792E-06,2.30727E-03
2.2796E-06,2.32680E-03
2.2800E-06,2.34633E-03
2.2804E-06,2.40492E-03
2.2808E-06,2.40492E-03
2.2812E-06,2.36586E-03
2.2816E-06,2.42445E-03
2.2820E-06,2.40492E-03
2.2824E-06,2.46352E-03
2.2828E-06,2.42445E-03
2.2832E-06,2.40492E-03
2.2836E-06,2.48305E-03
2.2840E-06,2.40492E-03
2.2844E-06,2.48305E-03
2.2848E-06,2.44398E-03
2.2852E-06,2.56117E-03
2.2856E-06,2.54164E-03
2.2860E-06,2.58070E-03
2.2864E-06,2.52211E-03
2.2868E-06,2.56117E-03
2.2872E-06,2.58070E-03
2.2876E-06,2.60023E-03
2.2880E-06,2.54164E-03
2.2884E-06,2.61977E-03
2.2888E-06,2.56117E-03
2.2892E-06,2.63930E-03
2.2896E-06,2.60023E-03
2.2900E-06,2.71742E-03
2.2904E-06,2.63930E-03
2.2908E-06,2.65883E-03
2.2912E-06,2.67836E-03
2.2916E-06,2.67836E-03
2.2920E-06,2.60023E-03
2.2924E-06,2.65883E-03
2.2928E-06,2.61977E-03
2.2932E-06,2.65883E-03
2.2936E-06,2.67836E-03
2.2940E-06,2.67836E-03
2.2944E-06,2.61977E-03
2.2948E-06,2.65883E-03
2.2952E-06,2.69789E-03
2.2956E-06,2.67836E-03
2.2960E-06,2.67836E-03
2.2964E-06,2.71742E-03
2.2968E-06,2.75648E-03
2.2972E-06,2.71742E-03
2.2976E-06,2.71742E-03
2.2980E-06,2.73695E-03
2.2984E-06,2.73695E-03
2.2988E-06,2.79555E-03
2.2992E-06,2.71742E-03
2.2996E-06,2.67836E-03
2.3000E-06,2.67836E-03
2.3004E-06,2.60023E-03
2.3008E-06,2.54164E-03
2.3012E-06,2.54164E-03
2.3016E-06,2.50258E-03
2.3020E-06,2.50258E-03
2.3024E-06,2.50258E-03
2.3028E-06,2.48305E-03
2.3032E-06,2.46352E-03
2.3036E-06,2.46352E-03
2.3040E-06,2.36586E-03
2.3044E-06,2.40492E-03
2.3048E-06,2.42445E-03
2.3052E-06,2.44398E-03
2.3056E-06,2.42445E-03
2.3060E-06,2.48305E-03
2.3064E-06,2.40492E-03
2.3068E-06,2.42445E-03
2.3072E-06,2.44398E-03
2.3076E-06,2.50258E-03
2.3080E-06,2.46352E-03
2.3084E-06,2.52211E-03
2.3088E-06,2.46352E-03
2.3092E-06,2.50258E-03
2.3096E-06,2.44398E-03
2.3100E-06,2.48305E-03
2.3104E-06,2.50258E-03
2.3108E-06,2.63930E-03
2.3112E-06,2.54164E-03
2.3116E-06,2.52211E-03
2.3120E-06,2.52211E-03
2.3124E-06,2.54164E-03
2.3128E-06,2.61977E-03
2.3132E-06,2.52211E-03
2.3136E-06,2.54164E-03
2.3140E-06,2.61977E-03
2.3144E-06,2.48305E-03
2.3148E-06,2.58070E-03
2.3152E-06,2.60023E-03
2.3156E-06,2.56117E-03
2.3160E-06,2.60023E-03
2.3164E-06,2.60023E-03
2.3168E-06,2.60023E-03
2.3172E-06,2.67836E-03
2.3176E-06,2.73695E-03
2.3180E-06,2.67836E-03
2.3184E-06,2.61977E-03
2.3188E-06,2.77602E-03
2.3192E-06,2.71742E-03
2.3196E-06,2.69789E-03
2.3200E-06,2.67836E-03
2.3204E-06,2.71742E-03
2.3208E-06,2.75648E-03
2.3212E-06,2.71742E-03
2.3216E-06,2.69789E-03
2.3220E-06,2.65883E-03
2.3224E-06,2.63930E-03
2.3228E-06,2.63930E-03
2.3232E-06,2.60023E-03
2.3236E-06,2.67836E-03
2.3240E-06,2.56117E-03
2.3244E-06,2.67836E-03
2.3248E-06,2.58070E-03
2.3252E-06,2.63930E-03
2.3256E-06,2.71742E-03
2.3260E-06,2.65883E-03
2.3264E-06,2.56117E-03
2.3268E-06,2.65883E-03
2.3272E-06,2.63930E-03
2.3276E-06,2.67836E-03
2.3280E-06,2.63930E-03
2.3284E-06,2.65883E-03
2.3288E-06,2.65883E-03
2.3292E-06,2.65883E-03
2.3296E-06,2.65883E-03
2.3300E-06,2.69789E-03
2.3304E-06,2.71742E-03
2.3308E-06,2.79555E-03
2.3312E-06,2.69789E-03
2.3316E-06,2.75648E-03
2.3320E-06,2.71742E-03
2.3324E-06,2.69789E-03
2.3328E-06,2.71742E-03
2.3332E-06,2.79555E-03
2.3336E-06,2.77602E-03
2.3340E-06,2.71742E-03
2.3344E-06,2.73695E-03
2.3348E-06,2.73695E-03
2.3352E-06,2.65883E-03
2.3356E-06,2.69789E-03
2.3360E-06,2.65883E-03
2.3364E-06,2.69789E-03
2.3368E-06,2.61977E-03
2.3372E-06,2.52211E-03
2.3376E-06,2.22914E-03
2.3380E-06,2.05336E-03
2.3384E-06,1.74086E-03
2.3388E-06,1.35023E-03
2.3392E-06,9.20547E-04
2.3396E-06,5.29922E-04
2.3400E-06,1.58828E-04
2.3404E-06,-2.12266E-04
2.3408E-06,-3.68516E-04
2.3412E-06,-4.07578E-04
2.3416E-06,-4.66172E-04
2.3420E-06,-7.00547E-04
2.3424E-06,-7.98203E-04
2.3428E-06,-9.34922E-04
2.3432E-06,-9.73984E-04
2.3436E-06,-1.03258E-03
2.3440E-06,-1.11070E-03
2.3444E-06,-1.05211E-03
2.3448E-06,-1.05211E-03
2.3452E-06,-9.93516E-04
2.3456E-06,-8.76328E-04
2.3460E-06,-7.78672E-04
2.3464E-06,-6.22422E-04
2.3468E-06,-5.63828E-04
2.3472E-06,-5.83359E-04
2.3476E-06,-4.46641E-04
2.3480E-06,-6.02891E-04
2.3484E-06,-7.00547E-04
2.3488E-06,-9.34922E-04
2.3492E-06,-1.03258E-03
2.3496E-06,-1.13023E-03
2.3500E-06,-1.11070E-03
2.3504E-06,-1.13023E-03
2.3508E-06,-1.05211E-03
2.3512E-06,-9.73984E-04
2.3516E-06,-9.34922E-04
2.3520E-06,-9.54453E-04
2.3524E-06,-9.15391E-04
2.3528E-06,-8.95859E-04
2.3532E-06,-8.56797E-04
2.3536E-06,-8.56797E-04
2.3540E-06,-7.78672E-04
2.3544E-06,-7.20078E-04
2.3548E-06,-6.61484E-04
2.3552E-06,-5.24766E-04
2.3556E-06,-3.68516E-04
2.3560E-06,-2.90391E-04
2.3564E-06,-1.69531E-05
2.3568E-06,4.16406E-05
2.3572E-06,1.19766E-04
2.3576E-06,1.58828E-04
2.3580E-06,2.36953E-04
2.3584E-06,1.78359E-04
2.3588E-06,2.95547E-04
2.3592E-06,3.15078E-04
2.3596E-06,3.73672E-04
2.3600E-06,4.71328E-04
2.3604E-06,6.08047E-04
2.3608E-06,6.47109E-04
2.3612E-06,6.86172E-04
2.3616E-06,7.05703E-04
2.3620E-06,8.22891E-04
2.3624E-06,8.22891E-04
2.3628E-06,8.03359E-04
2.3632E-06,7.25234E-04
2.3636E-06,7.05703E-04
2.3640E-06,6.47109E-04
2.3644E-06,5.29922E-04
2.3648E-06,3.73672E-04
2.3652E-06,2.36953E-04
2.3656E-06,6.11719E-05
2.3660E-06,2.57813E-06
2.3664E-06,-1.92734E-04
2.3668E-06,-2.51328E-04
2.3672E-06,-3.09922E-04
2.3676E-06,-2.51328E-04
2.3680E-06,-2.90391E-04
2.3684E-06,-1.92734E-04
2.3688E-06,-2.31797E-04
2.3692E-06,-2.90391E-04
2.3696E-06,-2.90391E-04
2.3700E-06,-3.09922E-04
2.3704E-06,-2.70859E-04
2.3708E-06,-2.90391E-04
2.3712E-06,-3.29453E-04
2.3716E-06,-3.09922E-04
2.3720E-06,-2.90391E-04
2.3724E-06,-2.90391E-04
2.3728E-06,-3.09922E-04
2.3732E-06,-1.92734E-04
2.3736E-06,-2.51328E-04
2.3740E-06,-1.92734E-04
2.3744E-06,-1.34141E-04
2.3748E-06,-1.73203E-04
2.3752E-06,-2.31797E-04
2.3756E-06,-1.92734E-04
2.3760E-06,-1.53672E-04
2.3764E-06,-5.60156E-05
2.3768E-06,-3.64844E-05
2.3772E-06,6.11719E-05
2.3776E-06,2.21094E-05
2.3780E-06,1.97891E-04
2.3784E-06,1.00234E-04
2.3788E-06,1.58828E-04
2.3792E-06,1.78359E-04
2.3796E-06,1.97891E-04
2.3800E-06,6.11719E-05
2.3804E-06,-7.55469E-05
2.3808E-06,-2.70859E-04
2.3812E-06,-4.46641E-04
2.3816E-06,-7.00547E-04
2.3820E-06,-8.56797E-04
2.3824E-06,-1.07164E-03
2.3828E-06,-1.20836E-03
2.3832E-06,-1.28648E-03
2.3836E-06,-1.42320E-03
2.3840E-06,-1.40367E-03
2.3844E-06,-1.38414E-03
2.3848E-06,-1.44273E-03
2.3852E-06,-1.34508E-03
2.3856E-06,-1.42320E-03
2.3860E-06,-1.32555E-03
2.3864E-06,-1.44273E-03
2.3868E-06,-1.40367E-03
2.3872E-06,-1.38414E-03
2.3876E-06,-1.36461E-03
2.3880E-06,-1.38414E-03
2.3884E-06,-1.34508E-03
2.3888E-06,-1.28648E-03
2.3892E-06,-1.30602E-03
2.3896E-06,-1.18883E-03
2.3900E-06,-1.20836E-03
2.3904E-06,-1.16930E-03
2.3908E-06,-1.13023E-03
2.3912E-06,-1.14977E-03
2.3916E-06,-1.13023E-03
2.3920E-06,-1.09117E-03
2.3924E-06,-1.07164E-03
2.3928E-06,-1.01305E-03
2.3932E-06,-9.15391E-04
2.3936E-06,-8.56797E-04
2.3940E-06,-7.39609E-04
2.3944E-06,-6.61484E-04
2.3948E-06,-6.02891E-04
2.3952E-06,-6.02891E-04
2.3956E-06,-4.85703E-04
2.3960E-06,-4.85703E-04
2.3964E-06,-4.27109E-04
2.3968E-06,-4.66172E-04
2.3972E-06,-3.48984E-04
2.3976E-06,-4.07578E-04
2.3980E-06,-4.46641E-04
2.3984E-06,-5.05234E-04
2.3988E-06,-6.02891E-04
2.3992E-06,-7.20078E-04
2.3996E-06,-7.78672E-04
2.4000E-06,-8.56797E-04
2.4004E-06,-1.09117E-03
2.4008E-06,-1.18883E-03
2.4012E-06,-1.34508E-03
2.4016E-06,-1.38414E-03
2.4020E-06,-1.40367E-03
2.4024E-06,-1.42320E-03
2.4028E-06,-1.42320E-03
2.4032E-06,-1.48180E-03
2.4036E-06,-1.36461E-03
2.4040E-06,-1.38414E-03
2.4044E-06,-1.26695E-03
2.4048E-06,-1.30602E-03
2.4052E-06,-1.18883E-03
2.4056E-06,-1.22789E-03
2.4060E-06,-1.13023E-03
2.4064E-06,-1.05211E-03
2.4068E-06,-9.34922E-04
2.4072E-06,-9.73984E-04
2.4076E-06,-9.15391E-04
2.4080E-06,-8.76328E-04
2.4084E-06,-8.17734E-04
2.4088E-06,-8.56797E-04
2.4092E-06,-9.15391E-04
2.4096E-06,-1.05211E-03
2.4100E-06,-1.20836E-03
2.4104E-06,-1.40367E-03
2.4108E-06,-1.57945E-03
2.4112E-06,-1.81383E-03
2.4116E-06,-1.91148E-03
2.4120E-06,-2.02867E-03
2.4124E-06,-1.98961E-03
2.4128E-06,-2.02867E-03
2.4132E-06,-1.93102E-03
2.4136E-06,-1.93102E-03
2.4140E-06,-1.91148E-03
2.4144E-06,-2.02867E-03
2.4148E-06,-1.98961E-03
2.4152E-06,-2.00914E-03
2.4156E-06,-1.98961E-03
2.4160E-06,-2.00914E-03
2.4164E-06,-2.06773E-03
2.4168E-06,-1.98961E-03
2.4172E-06,-1.95055E-03
2.4176E-06,-1.79430E-03
2.4180E-06,-1.63805E-03
2.4184E-06,-1.50133E-03
2.4188E-06,-1.50133E-03
2.4192E-06,-1.44273E-03
2.4196E-06,-1.32555E-03
2.4200E-06,-1.32555E-03
2.4204E-06,-1.34508E-03
2.4208E-06,-1.32555E-03
2.4212E-06,-1.24742E-03
2.4216E-06,-1.13023E-03
2.4220E-06,-1.14977E-03
2.4224E-06,-1.13023E-03
2.4228E-06,-1.13023E-03
2.4232E-06,-1.18883E-03
2.4236E-06,-1.20836E-03
2.4240E-06,-1.40367E-03
2.4244E-06,-1.50133E-03
2.4248E-06,-1.55992E-03
2.4252E-06,-1.63805E-03
2.4256E-06,-1.69664E-03
2.4260E-06,-1.69664E-03
2.4264E-06,-1.59898E-03
2.4268E-06,-1.46227E-03
2.4272E-06,-1.46227E-03
2.4276E-06,-1.34508E-03
2.4280E-06,-1.26695E-03
2.4284E-06,-1.13023E-03
2.4288E-06,-1.13023E-03
2.4292E-06,-1.03258E-03
2.4296E-06,-1.01305E-03
2.4300E-06,-8.76328E-04
2.4304E-06,-8.56797E-04
2.4308E-06,-6.61484E-04
2.4312E-06,-6.22422E-04
2.4316E-06,-4.46641E-04
2.4320E-06,-3.48984E-04
2.4324E-06,-2.70859E-04
2.4328E-06,-2.12266E-04
2.4332E-06,-9.50781E-05
2.4336E-06,-9.50781E-05
2.4340E-06,-3.64844E-05
2.4344E-06,-1.69531E-05
2.4348E-06,-1.69531E-05
2.4352E-06,2.21094E-05
2.4356E-06,8.07031E-05
2.4360E-06,1.39297E-04
2.4364E-06,1.97891E-04
2.4368E-06,2.36953E-04
2.4372E-06,2.95547E-04
2.4376E-06,3.54141E-04
2.4380E-06,3.73672E-04
2.4384E-06,4.12734E-04
2.4388E-06,4.51797E-04
2.4392E-06,5.49453E-04
2.4396E-06,4.71328E-04
2.4400E-06,5.10391E-04
2.4404E-06,5.68984E-04
2.4408E-06,4.51797E-04
2.4412E-06,3.73672E-04
2.4416E-06,2.17422E-04
2.4420E-06,6.11719E-05
2.4424E-06,-1.69531E-05
2.4428E-06,-1.53672E-04
2.4432E-06,-3.68516E-04
2.4436E-06,-6.61484E-04
2.4440E-06,-1.03258E-03
2.4444E-06,-1.20836E-03
2.4448E-06,-1.75523E-03
2.4452E-06,-2.18492E-03
2.4456E-06,-2.61461E-03
2.4460E-06,-3.04430E-03
2.4464E-06,-3.41539E-03
2.4468E-06,-3.70836E-03
2.4472E-06,-4.00133E-03
2.4476E-06,-4.27477E-03
2.4480E-06,-4.48961E-03
2.4484E-06,-4.62633E-03
2.4488E-06,-4.74352E-03
2.4492E-06,-4.91930E-03
2.4496E-06,-4.99742E-03
2.4500E-06,-4.97789E-03
2.4504E-06,-4.99742E-03
2.4508E-06,-4.99742E-03
2.4512E-06,-4.99742E-03
2.4516E-06,-4.89977E-03
2.4520E-06,-4.78258E-03
2.4524E-06,-4.68492E-03
2.4528E-06,-4.56773E-03
2.4532E-06,-4.31383E-03
2.4536E-06,-4.19664E-03
2.4540E-06,-4.15758E-03
2.4544E-06,-3.98180E-03
2.4548E-06,-3.92320E-03
2.4552E-06,-3.80602E-03
2.4556E-06,-3.66930E-03
2.4560E-06,-3.55211E-03
2.4564E-06,-3.47398E-03
2.4568E-06,-3.39586E-03
2.4572E-06,-3.25914E-03
2.4576E-06,-3.10289E-03
2.4580E-06,-2.94664E-03
2.4584E-06,-2.94664E-03
2.4588E-06,-2.73180E-03
2.4592E-06,-2.65367E-03
2.4596E-06,-2.51695E-03
2.4600E-06,-2.43883E-03
2.4604E-06,-2.22398E-03
2.4608E-06,-2.18492E-03
2.4612E-06,-1.97008E-03
2.4616E-06,-1.81383E-03
2.4620E-06,-1.69664E-03
2.4624E-06,-1.55992E-03
2.4628E-06,-1.34508E-03
2.4632E-06,-1.20836E-03
2.4636E-06,-1.09117E-03
2.4640E-06,-9.73984E-04
2.4644E-06,-7.78672E-04
2.4648E-06,-7.00547E-04
2.4652E-06,-5.63828E-04
2.4656E-06,-5.24766E-04
2.4660E-06,-3.29453E-04
2.4664E-06,-2.12266E-04
2.4668E-06,-1.34141E-04
2.4672E-06,-3.64844E-05
2.4676E-06,4.16406E-05
2.4680E-06,1.97891E-04
2.4684E-06,2.36953E-04
2.4688E-06,2.95547E-04
2.4692E-06,3.73672E-04
2.4696E-06,4.51797E-04
2.4700E-06,5.29922E-04
2.4704E-06,5.49453E-04
2.4708E-06,6.86172E-04
2.4712E-06,7.44766E-04
2.4716E-06,8.03359E-04
2.4720E-06,8.61953E-04
2.4724E-06,9.01016E-04
2.4728E-06,1.01820E-03
2.4732E-06,1.09633E-03
2.4736E-06,1.09633E-03
2.4740E-06,1.21352E-03
2.4744E-06,1.27211E-03
2.4748E-06,1.31117E-03
2.4752E-06,1.27211E-03
2.4756E-06,1.23305E-03
2.4760E-06,1.03773E-03
2.4764E-06,8.81484E-04
2.4768E-06,6.66641E-04
2.4772E-06,3.93203E-04
2.4776E-06,6.11719E-05
2.4780E-06,-2.70859E-04
2.4784E-06,-6.41953E-04
2.4788E-06,-8.56797E-04
2.4792E-06,-8.76328E-04
2.4796E-06,-9.54453E-04
2.4800E-06,-1.01305E-03
2.4804E-06,-1.05211E-03
2.4808E-06,-1.13023E-03
2.4812E-06,-1.24742E-03
2.4816E-06,-1.24742E-03
2.4820E-06,-1.30602E-03
2.4824E-06,-1.34508E-03
2.4828E-06,-1.30602E-03
2.4832E-06,-1.40367E-03
2.4836E-06,-1.28648E-03
2.4840E-06,-1.36461E-03
2.4844E-06,-1.20836E-03
2.4848E-06,-1.14977E-03
2.4852E-06,-1.09117E-03
2.4856E-06,-1.14977E-03
2.4860E-06,-1.20836E-03
2.4864E-06,-1.48180E-03
2.4868E-06,-1.81383E-03
2.4872E-06,-2.16539E-03
2.4876E-06,-2.41930E-03
2.4880E-06,-2.80992E-03
2.4884E-06,-3.06383E-03
2.4888E-06,-3.37633E-03
2.4892E-06,-3.59117E-03
2.4896E-06,-3.78648E-03
2.4900E-06,-3.96227E-03
2.4904E-06,-4.02086E-03
2.4908E-06,-4.05992E-03
2.4912E-06,-4.29430E-03
2.4916E-06,-4.47008E-03
2.4920E-06,-4.54820E-03
2.4924E-06,-4.66539E-03
2.4928E-06,-4.64586E-03
2.4932E-06,-4.68492E-03
2.4936E-06,-4.47008E-03
2.4940E-06,-4.29430E-03
2.4944E-06,-4.09898E-03
2.4948E-06,-3.90367E-03
2.4952E-06,-3.82555E-03
2.4956E-06,-3.63023E-03
2.4960E-06,-3.59117E-03
2.4964E-06,-3.47398E-03
2.4968E-06,-3.57164E-03
2.4972E-06,-3.53258E-03
2.4976E-06,-3.78648E-03
2.4980E-06,-3.86461E-03
2.4984E-06,-4.21617E-03
2.4988E-06,-4.54820E-03
2.4992E-06,-4.93883E-03
2.4996E-06,-5.32945E-03
2.5000E-06,-5.58336E-03
2.5004E-06,-5.75914E-03
2.5008E-06,-6.05211E-03
2.5012E-06,-6.24742E-03
2.5016E-06,-6.44273E-03
2.5020E-06,-6.50133E-03
2.5024E-06,-6.55992E-03
2.5028E-06,-6.54039E-03
2.5032E-06,-6.50133E-03
2.5036E-06,-6.44273E-03
2.5040E-06,-6.40367E-03
2.5044E-06,-6.22789E-03
2.5048E-06,-6.07164E-03
2.5052E-06,-5.85680E-03
2.5056E-06,-5.66148E-03
2.5060E-06,-5.42711E-03
2.5064E-06,-5.19273E-03
2.5068E-06,-5.09508E-03
2.5072E-06,-5.15367E-03
2.5076E-06,-5.25133E-03
2.5080E-06,-5.56383E-03
2.5084E-06,-5.99352E-03
2.5088E-06,-6.34508E-03
2.5092E-06,-6.79430E-03
2.5096E-06,-7.20445E-03
2.5100E-06,-7.55602E-03
2.5104E-06,-7.86852E-03
2.5108E-06,-7.98570E-03
2.5112E-06,-8.00523E-03
2.5116E-06,-8.04430E-03
2.5120E-06,-8.02477E-03
2.5124E-06,-8.08336E-03
2.5128E-06,-8.08336E-03
2.5132E-06,-8.10289E-03
2.5136E-06,-8.12242E-03
2.5140E-06,-7.98570E-03
2.5144E-06,-7.84898E-03
2.5148E-06,-7.65367E-03
2.5152E-06,-7.32164E-03
2.5156E-06,-7.00914E-03
2.5160E-06,-6.63805E-03
2.5164E-06,-6.28648E-03
2.5168E-06,-5.93492E-03
2.5172E-06,-5.75914E-03
2.5176E-06,-5.58336E-03
2.5180E-06,-5.40758E-03
2.5184E-06,-5.29039E-03
2.5188E-06,-5.25133E-03
2.5192E-06,-5.21227E-03
2.5196E-06,-5.19273E-03
2.5200E-06,-5.17320E-03
2.5204E-06,-5.07555E-03
2.5208E-06,-5.03648E-03
2.5212E-06,-5.05602E-03
2.5216E-06,-5.17320E-03
2.5220E-06,-5.27086E-03
2.5224E-06,-5.36852E-03
2.5228E-06,-5.34898E-03
2.5232E-06,-5.34898E-03
2.5236E-06,-5.21227E-03
2.5240E-06,-5.13414E-03
2.5244E-06,-4.93883E-03
2.5248E-06,-4.78258E-03
2.5252E-06,-4.56773E-03
2.5256E-06,-4.29430E-03
2.5260E-06,-4.13805E-03
2.5264E-06,-4.02086E-03
2.5268E-06,-3.84508E-03
2.5272E-06,-3.66930E-03
2.5276E-06,-3.45445E-03
2.5280E-06,-3.31773E-03
2.5284E-06,-3.14195E-03
2.5288E-06,-2.94664E-03
2.5292E-06,-2.77086E-03
2.5296E-06,-2.57555E-03
2.5300E-06,-2.36070E-03
2.5304E-06,-2.22398E-03
2.5308E-06,-2.14586E-03
2.5312E-06,-2.10680E-03
2.5316E-06,-2.00914E-03
2.5320E-06,-1.91148E-03
2.5324E-06,-1.77477E-03
2.5328E-06,-1.69664E-03
2.5332E-06,-1.57945E-03
2.5336E-06,-1.46227E-03
2.5340E-06,-1.30602E-03
2.5344E-06,-1.20836E-03
2.5348E-06,-1.07164E-03
2.5352E-06,-9.93516E-04
2.5356E-06,-8.37266E-04
2.5360E-06,-7.78672E-04
2.5364E-06,-6.22422E-04
2.5368E-06,-4.85703E-04
2.5372E-06,-4.27109E-04
2.5376E-06,-3.48984E-04
2.5380E-06,-2.12266E-04
2.5384E-06,-5.60156E-05
2.5388E-06,1.00234E-04
2.5392E-06,1.97891E-04
2.5396E-06,2.56484E-04
2.5400E-06,3.93203E-04
2.5404E-06,4.12734E-04
2.5408E-06,4.71328E-04
2.5412E-06,5.68984E-04
2.5416E-06,6.27578E-04
2.5420E-06,6.47109E-04
2.5424E-06,5.29922E-04
2.5428E-06,4.71328E-04
2.5432E-06,2.95547E-04
2.5436E-06,1.58828E-04
2.5440E-06,-1.69531E-05
2.5444E-06,-2.70859E-04
2.5448E-06,-5.24766E-04
2.5452E-06,-7.59141E-04
2.5456E-06,-9.34922E-04
2.5460E-06,-1.01305E-03
2.5464E-06,-1.09117E-03
2.5468E-06,-1.16930E-03
2.5472E-06,-1.30602E-03
2.5476E-06,-1.42320E-03
2.5480E-06,-1.65758E-03
2.5484E-06,-1.75523E-03
2.5488E-06,-2.04820E-03
2.5492E-06,-2.16539E-03
2.5496E-06,-2.16539E-03
2.5500E-06,-2.34117E-03
2.5504E-06,-2.20445E-03
2.5508E-06,-2.12633E-03
2.5512E-06,-2.06773E-03
2.5516E-06,-1.93102E-03
2.5520E-06,-1.93102E-03
2.5524E-06,-1.85289E-03
2.5528E-06,-1.77477E-03
2.5532E-06,-1.69664E-03
2.5536E-06,-1.77477E-03
2.5540E-06,-1.77477E-03
2.5544E-06,-1.71617E-03
2.5548E-06,-1.57945E-03
2.5552E-06,-1.50133E-03
2.5556E-06,-1.38414E-03
2.5560E-06,-1.26695E-03
2.5564E-06,-1.16930E-03
2.5568E-06,-1.05211E-03
2.5572E-06,-1.01305E-03
2.5576E-06,-9.34922E-04
2.5580E-06,-8.56797E-04
2.5584E-06,-9.15391E-04
2.5588E-06,-8.37266E-04
2.5592E-06,-7.59141E-04
2.5596E-06,-6.81016E-04
2.5600E-06,-5.44297E-04
2.5604E-06,-4.46641E-04
2.5608E-06,-3.48984E-04
2.5612E-06,-1.92734E-04
2.5616E-06,-1.34141E-04
2.5620E-06,-3.64844E-05
2.5624E-06,6.11719E-05
2.5628E-06,6.11719E-05
2.5632E-06,8.07031E-05
2.5636E-06,2.36953E-04
2.5640E-06,2.76016E-04
2.5644E-06,4.32266E-04
2.5648E-06,4.71328E-04
2.5652E-06,6.27578E-04
2.5656E-06,6.47109E-04
2.5660E-06,6.66641E-04
2.5664E-06,7.05703E-04
2.5668E-06,7.83828E-04
2.5672E-06,9.01016E-04
2.5676E-06,8.81484E-04
2.5680E-06,8.42422E-04
2.5684E-06,9.20547E-04
2.5688E-06,9.40078E-04
2.5692E-06,9.40078E-04
2.5696E-06,8.61953E-04
2.5700E-06,8.03359E-04
2.5704E-06,6.08047E-04
2.5708E-06,5.10391E-04
2.5712E-06,3.73672E-04
2.5716E-06,2.17422E-04
2.5720E-06,-5.60156E-05
2.5724E-06,-1.92734E-04
2.5728E-06,-3.29453E-04
2.5732E-06,-2.51328E-04
2.5736E-06,-3.48984E-04
2.5740E-06,-3.29453E-04
2.5744E-06,-4.66172E-04
2.5748E-06,-5.44297E-04
2.5752E-06,-7.00547E-04
2.5756E-06,-9.34922E-04
2.5760E-06,-1.34508E-03
2.5764E-06,-1.63805E-03
2.5768E-06,-2.04820E-03
2.5772E-06,-2.39977E-03
2.5776E-06,-2.71227E-03
2.5780E-06,-2.98570E-03
2.5784E-06,-3.12242E-03
2.5788E-06,-3.35680E-03
2.5792E-06,-3.39586E-03
2.5796E-06,-3.37633E-03
2.5800E-06,-3.49352E-03
2.5804E-06,-3.63023E-03
2.5808E-06,-3.86461E-03
2.5812E-06,-4.05992E-03
2.5816E-06,-4.25523E-03
2.5820E-06,-4.41148E-03
2.5824E-06,-4.50914E-03
2.5828E-06,-4.62633E-03
2.5832E-06,-4.72398E-03
2.5836E-06,-4.72398E-03
2.5840E-06,-4.70445E-03
2.5844E-06,-4.47008E-03
2.5848E-06,-4.43102E-03
2.5852E-06,-4.39195E-03
2.5856E-06,-4.33336E-03
2.5860E-06,-4.35289E-03
2.5864E-06,-4.31383E-03
2.5868E-06,-4.27477E-03
2.5872E-06,-4.33336E-03
2.5876E-06,-4.17711E-03
2.5880E-06,-4.02086E-03
2.5884E-06,-3.90367E-03
2.5888E-06,-3.68883E-03
2.5892E-06,-3.49352E-03
2.5896E-06,-3.35680E-03
2.5900E-06,-3.27867E-03
2.5904E-06,-3.18102E-03
2.5908E-06,-3.08336E-03
2.5912E-06,-3.04430E-03
2.5916E-06,-3.04430E-03
2.5920E-06,-2.92711E-03
2.5924E-06,-3.00523E-03
2.5928E-06,-2.86852E-03
2.5932E-06,-2.75133E-03
2.5936E-06,-2.69273E-03
2.5940E-06,-2.41930E-03
2.5944E-06,-2.28258E-03
2.5948E-06,-2.18492E-03
2.5952E-06,-2.12633E-03
2.5956E-06,-2.00914E-03
2.5960E-06,-1.97008E-03
2.5964E-06,-2.06773E-03
2.5968E-06,-2.12633E-03
2.5972E-06,-2.14586E-03
2.5976E-06,-2.28258E-03
2.5980E-06,-2.38023E-03
2.5984E-06,-2.51695E-03
2.5988E-06,-2.65367E-03
2.5992E-06,-2.86852E-03
2.5996E-06,-2.86852E-03
2.6000E-06,-3.06383E-03
2.6004E-06,-3.18102E-03
2.6008E-06,-3.23961E-03
2.6012E-06,-3.41539E-03
2.6016E-06,-3.63023E-03
2.6020E-06,-3.76695E-03
2.6024E-06,-3.88414E-03
2.6028E-06,-4.04039E-03
2.6032E-06,-4.21617E-03
2.6036E-06,-4.17711E-03
2.6040E-06,-4.19664E-03
2.6044E-06,-4.11852E-03
2.6048E-06,-4.05992E-03
2.6052E-06,-4.05992E-03
2.6056E-06,-4.00133E-03
2.6060E-06,-4.04039E-03
2.6064E-06,-4.02086E-03
2.6068E-06,-4.13805E-03
2.6072E-06,-4.25523E-03
2.6076E-06,-4.43102E-03
2.6080E-06,-4.58727E-03
2.6084E-06,-4.76305E-03
2.6088E-06,-4.78258E-03
2.6092E-06,-4.95836E-03
2.6096E-06,-5.03648E-03
2.6100E-06,-5.03648E-03
2.6104E-06,-5.13414E-03
2.6108E-06,-5.15367E-03
2.6112E-06,-5.15367E-03
2.6116E-06,-5.13414E-03
2.6120E-06,-5.19273E-03
2.6124E-06,-5.21227E-03
2.6128E-06,-5.21227E-03
2.6132E-06,-5.07555E-03
2.6136E-06,-5.05602E-03
2.6140E-06,-4.91930E-03
2.6144E-06,-4.88023E-03
2.6148E-06,-4.64586E-03
2.6152E-06,-4.48961E-03
2.6156E-06,-4.35289E-03
2.6160E-06,-4.27477E-03
2.6164E-06,-4.13805E-03
2.6168E-06,-4.13805E-03
2.6172E-06,-4.13805E-03
2.6176E-06,-4.09898E-03
2.6180E-06,-4.02086E-03
2.6184E-06,-4.00133E-03
2.6188E-06,-3.90367E-03
2.6192E-06,-3.84508E-03
2.6196E-06,-3.66930E-03
2.6200E-06,-3.55211E-03
2.6204E-06,-3.37633E-03
2.6208E-06,-3.31773E-03
2.6212E-06,-3.23961E-03
2.6216E-06,-3.16148E-03
2.6220E-06,-3.00523E-03
2.6224E-06,-3.06383E-03
2.6228E-06,-3.04430E-03
2.6232E-06,-3.12242E-03
2.6236E-06,-3.25914E-03
2.6240E-06,-3.31773E-03
2.6244E-06,-3.41539E-03
2.6248E-06,-3.51305E-03
2.6252E-06,-3.66930E-03
2.6256E-06,-3.78648E-03
2.6260E-06,-3.80602E-03
2.6264E-06,-3.64977E-03
2.6268E-06,-3.70836E-03
2.6272E-06,-3.70836E-03
2.6276E-06,-3.59117E-03
2.6280E-06,-3.63023E-03
2.6284E-06,-3.51305E-03
2.6288E-06,-3.45445E-03
2.6292E-06,-3.41539E-03
2.6296E-06,-3.27867E-03
2.6300E-06,-3.29820E-03
2.6304E-06,-3.18102E-03
2.6308E-06,-2.98570E-03
2.6312E-06,-2.90758E-03
2.6316E-06,-2.65367E-03
2.6320E-06,-2.67320E-03
2.6324E-06,-2.49742E-03
2.6328E-06,-2.38023E-03
2.6332E-06,-2.22398E-03
2.6336E-06,-2.20445E-03
2.6340E-06,-2.06773E-03
2.6344E-06,-2.00914E-03
2.6348E-06,-1.97008E-03
2.6352E-06,-1.91148E-03
2.6356E-06,-1.71617E-03
2.6360E-06,-1.67711E-03
2.6364E-06,-1.57945E-03
2.6368E-06,-1.48180E-03
2.6372E-06,-1.36461E-03
2.6376E-06,-1.24742E-03
2.6380E-06,-1.11070E-03
2.6384E-06,-9.34922E-04
2.6388E-06,-9.54453E-04
2.6392E-06,-8.17734E-04
2.6396E-06,-7.59141E-04
2.6400E-06,-6.81016E-04
2.6404E-06,-6.22422E-04
2.6408E-06,-6.41953E-04
2.6412E-06,-6.81016E-04
2.6416E-06,-7.98203E-04
2.6420E-06,-7.78672E-04
2.6424E-06,-9.73984E-04
2.6428E-06,-1.13023E-03
2.6432E-06,-1.32555E-03
2.6436E-06,-1.54039E-03
2.6440E-06,-1.50133E-03
2.6444E-06,-1.50133E-03
2.6448E-06,-1.44273E-03
2.6452E-06,-1.38414E-03
2.6456E-06,-1.42320E-03
2.6460E-06,-1.38414E-03
2.6464E-06,-1.34508E-03
2.6468E-06,-1.28648E-03
2.6472E-06,-1.30602E-03
2.6476E-06,-1.18883E-03
2.6480E-06,-1.18883E-03
2.6484E-06,-1.16930E-03
2.6488E-06,-1.13023E-03
2.6492E-06,-1.05211E-03
2.6496E-06,-1.14977E-03
2.6500E-06,-1.16930E-03
2.6504E-06,-1.40367E-03
2.6508E-06,-1.55992E-03
2.6512E-06,-1.91148E-03
2.6516E-06,-2.16539E-03
2.6520E-06,-2.45836E-03
2.6524E-06,-2.75133E-03
2.6528E-06,-2.92711E-03
2.6532E-06,-3.02477E-03
2.6536E-06,-3.08336E-03
2.6540E-06,-3.06383E-03
2.6544E-06,-3.14195E-03
2.6548E-06,-3.14195E-03
2.6552E-06,-3.08336E-03
2.6556E-06,-3.12242E-03
2.6560E-06,-3.14195E-03
2.6564E-06,-3.06383E-03
2.6568E-06,-3.06383E-03
2.6572E-06,-2.96617E-03
2.6576E-06,-2.84898E-03
2.6580E-06,-2.73180E-03
2.6584E-06,-2.53648E-03
2.6588E-06,-2.41930E-03
2.6592E-06,-2.28258E-03
2.6596E-06,-2.14586E-03
2.6600E-06,-2.12633E-03
2.6604E-06,-2.16539E-03
2.6608E-06,-2.22398E-03
2.6612E-06,-2.34117E-03
2.6616E-06,-2.51695E-03
2.6620E-06,-2.55602E-03
2.6624E-06,-2.75133E-03
2.6628E-06,-2.75133E-03
2.6632E-06,-2.90758E-03
2.6636E-06,-3.04430E-03
2.6640E-06,-3.18102E-03
2.6644E-06,-3.12242E-03
2.6648E-06,-3.12242E-03
2.6652E-06,-3.10289E-03
2.6656E-06,-3.14195E-03
2.6660E-06,-3.20055E-03
2.6664E-06,-3.20055E-03
2.6668E-06,-3.22008E-03
2.6672E-06,-3.18102E-03
2.6676E-06,-3.08336E-03
2.6680E-06,-3.08336E-03
2.6684E-06,-2.98570E-03
2.6688E-06,-2.94664E-03
2.6692E-06,-2.75133E-03
2.6696E-06,-2.61461E-03
2.6700E-06,-2.45836E-03
2.6704E-06,-2.45836E-03
2.6708E-06,-2.32164E-03
2.6712E-06,-2.20445E-03
2.6716E-06,-2.12633E-03
2.6720E-06,-2.06773E-03
2.6724E-06,-2.00914E-03
2.6728E-06,-2.00914E-03
2.6732E-06,-1.85289E-03
2.6736E-06,-1.83336E-03
2.6740E-06,-1.79430E-03
2.6744E-06,-1.81383E-03
2.6748E-06,-1.77477E-03
2.6752E-06,-1.89195E-03
2.6756E-06,-1.87242E-03
2.6760E-06,-1.89195E-03
2.6764E-06,-1.93102E-03
2.6768E-06,-1.95055E-03
2.6772E-06,-1.89195E-03
2.6776E-06,-1.83336E-03
2.6780E-06,-1.71617E-03
2.6784E-06,-1.63805E-03
2.6788E-06,-1.52086E-03
2.6792E-06,-1.46227E-03
2.6796E-06,-1.36461E-03
2.6800E-06,-1.32555E-03
2.6804E-06,-1.22789E-03
2.6808E-06,-1.13023E-03
2.6812E-06,-1.07164E-03
2.6816E-06,-1.07164E-03
2.6820E-06,-8.76328E-04
2.6824E-06,-7.98203E-04
2.6828E-06,-7.00547E-04
2.6832E-06,-7.00547E-04
2.6836E-06,-7.78672E-04
2.6840E-06,-9.54453E-04
2.6844E-06,-1.22789E-03
2.6848E-06,-1.59898E-03
2.6852E-06,-1.93102E-03
2.6856E-06,-2.38023E-03
2.6860E-06,-2.77086E-03
2.6864E-06,-3.12242E-03
2.6868E-06,-3.25914E-03
2.6872E-06,-3.47398E-03
2.6876E-06,-3.39586E-03
2.6880E-06,-3.51305E-03
2.6884E-06,-3.45445E-03
2.6888E-06,-3.57164E-03
2.6892E-06,-3.53258E-03
2.6896E-06,-3.66930E-03
2.6900E-06,-3.63023E-03
2.6904E-06,-3.66930E-03
2.6908E-06,-3.59117E-03
2.6912E-06,-3.45445E-03
2.6916E-06,-3.27867E-03
2.6920E-06,-3.12242E-03
2.6924E-06,-2.84898E-03
2.6928E-06,-2.65367E-03
2.6932E-06,-2.43883E-03
2.6936E-06,-2.34117E-03
2.6940E-06,-2.30211E-03
2.6944E-06,-2.28258E-03
2.6948E-06,-2.26305E-03
2.6952E-06,-2.24352E-03
2.6956E-06,-2.22398E-03
2.6960E-06,-2.26305E-03
2.6964E-06,-2.06773E-03
2.6968E-06,-1.98961E-03
2.6972E-06,-1.85289E-03
2.6976E-06,-1.73570E-03
2.6980E-06,-1.65758E-03
2.6984E-06,-1.59898E-03
2.6988E-06,-1.48180E-03
2.6992E-06,-1.54039E-03
2.6996E-06,-1.50133E-03
2.7000E-06,-1.61852E-03
2.7004E-06,-1.61852E-03
2.7008E-06,-1.59898E-03
2.7012E-06,-1.59898E-03
2.7016E-06,-1.65758E-03
2.7020E-06,-1.73570E-03
2.7024E-06,-1.89195E-03
2.7028E-06,-1.87242E-03
2.7032E-06,-1.91148E-03
2.7036E-06,-1.85289E-03
2.7040E-06,-1.97008E-03
2.7044E-06,-2.02867E-03
2.7048E-06,-2.06773E-03
2.7052E-06,-2.04820E-03
2.7056E-06,-2.12633E-03
2.7060E-06,-2.00914E-03
2.7064E-06,-1.93102E-03
2.7068E-06,-1.91148E-03
2.7072E-06,-1.85289E-03
2.7076E-06,-1.63805E-03
2.7080E-06,-1.61852E-03
2.7084E-06,-1.50133E-03
2.7088E-06,-1.46227E-03
2.7092E-06,-1.28648E-03
2.7096E-06,-1.32555E-03
2.7100E-06,-1.16930E-03
2.7104E-06,-1.14977E-03
2.7108E-06,-1.01305E-03
2.7112E-06,-9.54453E-04
2.7116E-06,-8.95859E-04
2.7120E-06,-8.17734E-04
2.7124E-06,-6.81016E-04
2.7128E-06,-5.63828E-04
2.7132E-06,-5.63828E-04
2.7136E-06,-5.05234E-04
2.7140E-06,-4.07578E-04
2.7144E-06,-3.88047E-04
2.7148E-06,-2.51328E-04
2.7152E-06,-2.12266E-04
2.7156E-06,-7.55469E-05
2.7160E-06,-1.69531E-05
2.7164E-06,8.07031E-05
2.7168E-06,1.58828E-04
2.7172E-06,2.56484E-04
2.7176E-06,2.76016E-04
2.7180E-06,3.93203E-04
2.7184E-06,3.73672E-04
2.7188E-06,5.29922E-04
2.7192E-06,6.27578E-04
2.7196E-06,6.66641E-04
2.7200E-06,7.44766E-04
2.7204E-06,7.25234E-04
2.7208E-06,8.42422E-04
2.7212E-06,9.59609E-04
2.7216E-06,1.01820E-03
2.7220E-06,1.11586E-03
2.7224E-06,1.15492E-03
2.7228E-06,1.15492E-03
2.7232E-06,1.19398E-03
2.7236E-06,1.17445E-03
2.7240E-06,1.29164E-03
2.7244E-06,1.35023E-03
2.7248E-06,1.33070E-03
2.7252E-06,1.42836E-03
2.7256E-06,1.44789E-03
2.7260E-06,1.46742E-03
2.7264E-06,1.46742E-03
2.7268E-06,1.66273E-03
2.7272E-06,1.56508E-03
2.7276E-06,1.76039E-03
2.7280E-06,1.64320E-03
2.7284E-06,1.79945E-03
2.7288E-06,1.76039E-03
2.7292E-06,1.83852E-03
2.7296E-06,1.85805E-03
2.7300E-06,1.87758E-03
2.7304E-06,1.99477E-03
2.7308E-06,1.91664E-03
2.7312E-06,1.95570E-03
2.7316E-06,1.95570E-03
2.7320E-06,2.07289E-03
2.7324E-06,2.07289E-03
2.7328E-06,2.03383E-03
2.7332E-06,2.17055E-03
2.7336E-06,2.13148E-03
2.7340E-06,2.11195E-03
2.7344E-06,2.11195E-03
2.7348E-06,2.17055E-03
2.7352E-06,2.17055E-03
2.7356E-06,2.20961E-03
2.7360E-06,2.19008E-03
2.7364E-06,2.22914E-03
2.7368E-06,2.28773E-03
2.7372E-06,2.28773E-03
2.7376E-06,2.28773E-03
2.7380E-06,2.30727E-03
2.7384E-06,2.28773E-03
2.7388E-06,2.28773E-03
2.7392E-06,2.32680E-03
2.7396E-06,2.34633E-03
2.7400E-06,2.30727E-03
2.7404E-06,2.36586E-03
2.7408E-06,2.30727E-03
2.7412E-06,2.34633E-03
2.7416E-06,2.44398E-03
2.7420E-06,2.36586E-03
2.7424E-06,2.38539E-03
2.7428E-06,2.44398E-03
2.7432E-06,2.44398E-03
2.7436E-06,2.46352E-03
2.7440E-06,2.40492E-03
2.7444E-06,2.46352E-03
2.7448E-06,2.40492E-03
2.7452E-06,2.40492E-03
2.7456E-06,2.42445E-03
2.7460E-06,2.52211E-03
2.7464E-06,2.42445E-03
2.7468E-06,2.50258E-03
2.7472E-06,2.50258E-03
2.7476E-06,2.50258E-03
2.7480E-06,2.48305E-03
2.7484E-06,2.50258E-03
2.7488E-06,2.52211E-03
2.7492E-06,2.58070E-03
2.7496E-06,2.50258E-03
2.7500E-06,2.61977E-03
2.7504E-06,2.54164E-03
2.7508E-06,2.60023E-03
2.7512E-06,2.60023E-03
2.7516E-06,2.60023E-03
2.7520E-06,2.58070E-03
2.7524E-06,2.58070E-03
2.7528E-06,2.54164E-03
2.7532E-06,2.65883E-03
2.7536E-06,2.60023E-03
2.7540E-06,2.54164E-03
2.7544E-06,2.65883E-03
2.7548E-06,2.67836E-03
2.7552E-06,2.61977E-03
2.7556E-06,2.63930E-03
2.7560E-06,2.65883E-03
2.7564E-06,2.65883E-03
2.7568E-06,2.69789E-03
2.7572E-06,2.67836E-03
2.7576E-06,2.67836E-03
2.7580E-06,2.65883E-03
2.7584E-06,2.60023E-03
2.7588E-06,2.63930E-03
2.7592E-06,2.71742E-03
2.7596E-06,2.67836E-03
2.7600E-06,2.63930E-03
2.7604E-06,2.67836E-03
2.7608E-06,2.65883E-03
2.7612E-06,2.65883E-03
2.7616E-06,2.65883E-03
2.7620E-06,2.71742E-03
2.7624E-06,2.67836E-03
2.7628E-06,2.65883E-03
2.7632E-06,2.63930E-03
2.7636E-06,2.67836E-03
2.7640E-06,2.63930E-03
2.7644E-06,2.63930E-03
2.7648E-06,2.61977E-03
2.7652E-06,2.67836E-03
2.7656E-06,2.65883E-03
2.7660E-06,2.69789E-03
2.7664E-06,2.61977E-03
2.7668E-06,2.67836E-03
2.7672E-06,2.71742E-03
2.7676E-06,2.65883E-03
2.7680E-06,2.69789E-03
2.7684E-06,2.61977E-03
2.7688E-06,2.69789E-03
2.7692E-06,2.63930E-03
2.7696E-06,2.71742E-03
2.7700E-06,2.61977E-03
2.7704E-06,2.63930E-03
2.7708E-06,2.60023E-03
2.7712E-06,2.56117E-03
2.7716E-06,2.52211E-03
2.7720E-06,2.44398E-03
2.7724E-06,2.30727E-03
2.7728E-06,2.24867E-03
2.7732E-06,2.17055E-03
2.7736E-06,1.99477E-03
2.7740E-06,1.93617E-03
2.7744E-06,1.83852E-03
2.7748E-06,1.79945E-03
2.7752E-06,1.83852E-03
2.7756E-06,1.79945E-03
2.7760E-06,1.77992E-03
2.7764E-06,1.77992E-03
2.7768E-06,1.76039E-03
2.7772E-06,1.74086E-03
2.7776E-06,1.74086E-03
2.7780E-06,1.68227E-03
2.7784E-06,1.72133E-03
2.7788E-06,1.72133E-03
2.7792E-06,1.76039E-03
2.7796E-06,1.76039E-03
2.7800E-06,1.77992E-03
2.7804E-06,1.85805E-03
2.7808E-06,1.76039E-03
2.7812E-06,1.85805E-03
2.7816E-06,1.87758E-03
2.7820E-06,1.87758E-03
2.7824E-06,1.79945E-03
2.7828E-06,1.87758E-03
2.7832E-06,1.81898E-03
2.7836E-06,1.79945E-03
2.7840E-06,1.87758E-03
2.7844E-06,1.93617E-03
2.7848E-06,1.87758E-03
2.7852E-06,1.74086E-03
2.7856E-06,1.58461E-03
2.7860E-06,1.36977E-03
2.7864E-06,1.07680E-03
2.7868E-06,8.22891E-04
2.7872E-06,3.73672E-04
2.7876E-06,8.07031E-05
2.7880E-06,-3.68516E-04
2.7884E-06,-5.63828E-04
2.7888E-06,-7.59141E-04
2.7892E-06,-8.37266E-04
2.7896E-06,-8.17734E-04
2.7900E-06,-9.15391E-04
2.7904E-06,-9.54453E-04
2.7908E-06,-1.13023E-03
2.7912E-06,-1.14977E-03
2.7916E-06,-1.20836E-03
2.7920E-06,-1.32555E-03
2.7924E-06,-1.30602E-03
2.7928E-06,-1.34508E-03
2.7932E-06,-1.36461E-03
2.7936E-06,-1.26695E-03
2.7940E-06,-1.13023E-03
2.7944E-06,-1.11070E-03
2.7948E-06,-1.01305E-03
2.7952E-06,-9.93516E-04
2.7956E-06,-8.37266E-04
2.7960E-06,-8.56797E-04
2.7964E-06,-8.76328E-04
2.7968E-06,-9.54453E-04
2.7972E-06,-9.54453E-04
2.7976E-06,-9.73984E-04
2.7980E-06,-9.54453E-04
2.7984E-06,-8.95859E-04
2.7988E-06,-7.59141E-04
2.7992E-06,-6.81016E-04
2.7996E-06,-6.02891E-04
2.8000E-06,-6.22422E-04
2.8004E-06,-4.66172E-04
2.8008E-06,-5.24766E-04
2.8012E-06,-3.68516E-04
2.8016E-06,-3.88047E-04
2.8020E-06,-3.68516E-04
2.8024E-06,-2.31797E-04
2.8028E-06,-1.34141E-04
2.8032E-06,-1.34141E-04
2.8036E-06,1.00234E-04
2.8040E-06,1.00234E-04
2.8044E-06,2.17422E-04
2.8048E-06,3.34609E-04
2.8052E-06,4.32266E-04
2.8056E-06,4.12734E-04
2.8060E-06,4.12734E-04
2.8064E-06,5.29922E-04
2.8068E-06,5.88516E-04
2.8072E-06,5.49453E-04
2.8076E-06,6.27578E-04
2.8080E-06,6.86172E-04
2.8084E-06,7.64297E-04
2.8088E-06,7.25234E-04
2.8092E-06,8.42422E-04
2.8096E-06,8.81484E-04
2.8100E-06,1.03773E-03
2.8104E-06,1.01820E-03
2.8108E-06,1.07680E-03
2.8112E-06,1.01820E-03
2.8116E-06,1.13539E-03
2.8120E-06,1.15492E-03
2.8124E-06,1.21352E-03
2.8128E-06,1.21352E-03
2.8132E-06,1.31117E-03
2.8136E-06,1.38930E-03
2.8140E-06,1.50648E-03
2.8144E-06,1.50648E-03
2.8148E-06,1.66273E-03
2.8152E-06,1.58461E-03
2.8156E-06,1.64320E-03
2.8160E-06,1.54555E-03
2.8164E-06,1.66273E-03
2.8168E-06,1.74086E-03
2.8172E-06,1.83852E-03
2.8176E-06,1.76039E-03
2.8180E-06,1.79945E-03
2.8184E-06,1.85805E-03
2.8188E-06,1.85805E-03
2.8192E-06,1.93617E-03
2.8196E-06,1.95570E-03
2.8200E-06,1.93617E-03
2.8204E-06,1.95570E-03
2.8208E-06,1.91664E-03
2.8212E-06,1.95570E-03
2.8216E-06,1.93617E-03
2.8220E-06,1.99477E-03
2.8224E-06,2.01430E-03
2.8228E-06,2.11195E-03
2.8232E-06,2.07289E-03
2.8236E-06,2.15102E-03
2.8240E-06,2.13148E-03
2.8244E-06,2.17055E-03
2.8248E-06,2.22914E-03
2.8252E-06,2.28773E-03
2.8256E-06,2.20961E-03
2.8260E-06,2.26820E-03
2.8264E-06,2.19008E-03
2.8268E-06,2.22914E-03
2.8272E-06,2.24867E-03
2.8276E-06,2.30727E-03
2.8280E-06,2.30727E-03
2.8284E-06,2.32680E-03
2.8288E-06,2.28773E-03
2.8292E-06,2.38539E-03
2.8296E-06,2.36586E-03
2.8300E-06,2.40492E-03
2.8304E-06,2.46352E-03
2.8308E-06,2.44398E-03
2.8312E-06,2.48305E-03
2.8316E-06,2.38539E-03
2.8320E-06,2.42445E-03
2.8324E-06,2.44398E-03
2.8328E-06,2.46352E-03
2.8332E-06,2.44398E-03
2.8336E-06,2.48305E-03
2.8340E-06,2.46352E-03
2.8344E-06,2.50258E-03
2.8348E-06,2.46352E-03
2.8352E-06,2.46352E-03
2.8356E-06,2.44398E-03
2.8360E-06,2.56117E-03
2.8364E-06,2.56117E-03
2.8368E-06,2.46352E-03
2.8372E-06,2.52211E-03
2.8376E-06,2.54164E-03
2.8380E-06,2.50258E-03
2.8384E-06,2.52211E-03
2.8388E-06,2.56117E-03
2.8392E-06,2.54164E-03
2.8396E-06,2.54164E-03
2.8400E-06,2.52211E-03
2.8404E-06,2.52211E-03
2.8408E-06,2.56117E-03
2.8412E-06,2.48305E-03
2.8416E-06,2.50258E-03
2.8420E-06,2.38539E-03
2.8424E-06,2.38539E-03
2.8428E-06,2.30727E-03
2.8432E-06,2.19008E-03
2.8436E-06,2.09242E-03
2.8440E-06,2.01430E-03
2.8444E-06,1.81898E-03
2.8448E-06,1.70180E-03
2.8452E-06,1.68227E-03
2.8456E-06,1.62367E-03
2.8460E-06,1.64320E-03
2.8464E-06,1.60414E-03
2.8468E-06,1.56508E-03
2.8472E-06,1.62367E-03
2.8476E-06,1.46742E-03
2.8480E-06,1.46742E-03
2.8484E-06,1.48695E-03
2.8488E-06,1.48695E-03
2.8492E-06,1.46742E-03
2.8496E-06,1.44789E-03
2.8500E-06,1.54555E-03
2.8504E-06,1.58461E-03
2.8508E-06,1.66273E-03
2.8512E-06,1.60414E-03
2.8516E-06,1.72133E-03
2.8520E-06,1.68227E-03
2.8524E-06,1.72133E-03
2.8528E-06,1.72133E-03
2.8532E-06,1.77992E-03
2.8536E-06,1.74086E-03
2.8540E-06,1.74086E-03
2.8544E-06,1.72133E-03
2.8548E-06,1.79945E-03
2.8552E-06,1.77992E-03
2.8556E-06,1.83852E-03
2.8560E-06,1.74086E-03
2.8564E-06,1.83852E-03
2.8568E-06,1.79945E-03
2.8572E-06,1.87758E-03
2.8576E-06,1.83852E-03
2.8580E-06,1.93617E-03
2.8584E-06,1.87758E-03
2.8588E-06,1.81898E-03
2.8592E-06,1.87758E-03
2.8596E-06,1.95570E-03
2.8600E-06,1.91664E-03
2.8604E-06,1.91664E-03
2.8608E-06,1.89711E-03
2.8612E-06,1.91664E-03
2.8616E-06,1.81898E-03
2.8620E-06,1.83852E-03
2.8624E-06,1.62367E-03
2.8628E-06,1.52602E-03
2.8632E-06,1.40883E-03
2.8636E-06,1.40883E-03
2.8640E-06,1.31117E-03
2.8644E-06,1.36977E-03
2.8648E-06,1.33070E-03
2.8652E-06,1.36977E-03
2.8656E-06,1.33070E-03
2.8660E-06,1.40883E-03
2.8664E-06,1.35023E-03
2.8668E-06,1.33070E-03
2.8672E-06,1.31117E-03
2.8676E-06,1.35023E-03
2.8680E-06,1.42836E-03
2.8684E-06,1.44789E-03
2.8688E-06,1.44789E-03
2.8692E-06,1.52602E-03
2.8696E-06,1.58461E-03
2.8700E-06,1.62367E-03
2.8704E-06,1.64320E-03
2.8708E-06,1.72133E-03
2.8712E-06,1.72133E-03
2.8716E-06,1.66273E-03
2.8720E-06,1.56508E-03
2.8724E-06,1.62367E-03
2.8728E-06,1.54555E-03
2.8732E-06,1.52602E-03
2.8736E-06,1.38930E-03
2.8740E-06,1.33070E-03
2.8744E-06,1.23305E-03
2.8748E-06,1.11586E-03
2.8752E-06,9.40078E-04
2.8756E-06,9.20547E-04
2.8760E-06,8.61953E-04
2.8764E-06,8.03359E-04
2.8768E-06,7.64297E-04
2.8772E-06,6.47109E-04
2.8776E-06,5.68984E-04
2.8780E-06,5.10391E-04
2.8784E-06,4.51797E-04
2.8788E-06,5.68984E-04
2.8792E-06,5.10391E-04
2.8796E-06,6.08047E-04
2.8800E-06,6.08047E-04
2.8804E-06,6.27578E-04
2.8808E-06,7.05703E-04
2.8812E-06,7.64297E-04
2.8816E-06,7.44766E-04
2.8820E-06,8.03359E-04
2.8824E-06,8.03359E-04
2.8828E-06,9.79141E-04
2.8832E-06,8.42422E-04
2.8836E-06,8.81484E-04
2.8840E-06,8.22891E-04
2.8844E-06,9.40078E-04
2.8848E-06,8.81484E-04
2.8852E-06,9.59609E-04
2.8856E-06,9.40078E-04
2.8860E-06,9.79141E-04
2.8864E-06,9.98672E-04
2.8868E-06,9.79141E-04
2.8872E-06,1.01820E-03
2.8876E-06,1.09633E-03
2.8880E-06,1.15492E-03
2.8884E-06,1.15492E-03
2.8888E-06,1.21352E-03
2.8892E-06,1.29164E-03
2.8896E-06,1.27211E-03
2.8900E-06,1.36977E-03
2.8904E-06,1.31117E-03
2.8908E-06,1.31117E-03
2.8912E-06,1.29164E-03
2.8916E-06,1.27211E-03
2.8920E-06,1.21352E-03
2.8924E-06,1.19398E-03
2.8928E-06,1.11586E-03
2.8932E-06,1.15492E-03
2.8936E-06,1.19398E-03
2.8940E-06,1.19398E-03
2.8944E-06,1.15492E-03
2.8948E-06,1.23305E-03
2.8952E-06,1.25258E-03
2.8956E-06,1.27211E-03
2.8960E-06,1.25258E-03
2.8964E-06,1.31117E-03
2.8968E-06,1.33070E-03
2.8972E-06,1.36977E-03
2.8976E-06,1.36977E-03
2.8980E-06,1.40883E-03
2.8984E-06,1.36977E-03
2.8988E-06,1.42836E-03
2.8992E-06,1.42836E-03
2.8996E-06,1.54555E-03
2.9000E-06,1.54555E-03
2.9004E-06,1.64320E-03
2.9008E-06,1.52602E-03
2.9012E-06,1.58461E-03
2.9016E-06,1.64320E-03
2.9020E-06,1.70180E-03
2.9024E-06,1.62367E-03
2.9028E-06,1.66273E-03
2.9032E-06,1.68227E-03
2.9036E-06,1.74086E-03
2.9040E-06,1.68227E-03
2.9044E-06,1.76039E-03
2.9048E-06,1.81898E-03
2.9052E-06,1.83852E-03
2.9056E-06,1.77992E-03
2.9060E-06,1.87758E-03
2.9064E-06,1.87758E-03
2.9068E-06,1.93617E-03
2.9072E-06,1.89711E-03
2.9076E-06,1.91664E-03
2.9080E-06,2.01430E-03
2.9084E-06,2.03383E-03
2.9088E-06,2.03383E-03
2.9092E-06,2.11195E-03
2.9096E-06,2.09242E-03
2.9100E-06,2.13148E-03
2.9104E-06,2.13148E-03
2.9108E-06,2.17055E-03
2.9112E-06,2.15102E-03
2.9116E-06,2.19008E-03
2.9120E-06,2.24867E-03
2.9124E-06,2.19008E-03
2.9128E-06,2.28773E-03
2.9132E-06,2.34633E-03
2.9136E-06,2.34633E-03
2.9140E-06,2.32680E-03
2.9144E-06,2.42445E-03
2.9148E-06,2.36586E-03
2.9152E-06,2.34633E-03
2.9156E-06,2.46352E-03
2.9160E-06,2.36586E-03
2.9164E-06,2.44398E-03
2.9168E-06,2.34633E-03
2.9172E-06,2.42445E-03
2.9176E-06,2.44398E-03
2.9180E-06,2.42445E-03
2.9184E-06,2.34633E-03
2.9188E-06,2.30727E-03
2.9192E-06,2.11195E-03
2.9196E-06,1.95570E-03
2.9200E-06,1.66273E-03
2.9204E-06,1.36977E-03
2.9208E-06,1.11586E-03
2.9212E-06,6.86172E-04
2.9216E-06,3.73672E-04
2.9220E-06,2.21094E-05
2.9224E-06,-1.92734E-04
2.9228E-06,-3.09922E-04
2.9232E-06,-3.88047E-04
2.9236E-06,-4.27109E-04
2.9240E-06,-7.20078E-04
2.9244E-06,-6.81016E-04
2.9248E-06,-7.78672E-04
2.9252E-06,-8.95859E-04
2.9256E-06,-9.73984E-04
2.9260E-06,-1.01305E-03
2.9264E-06,-9.93516E-04
2.9268E-06,-9.73984E-04
2.9272E-06,-8.37266E-04
2.9276E-06,-7.00547E-04
2.9280E-06,-6.22422E-04
2.9284E-06,-4.85703E-04
2.9288E-06,-4.07578E-04
2.9292E-06,-3.29453E-04
2.9296E-06,-3.29453E-04
2.9300E-06,-2.51328E-04
2.9304E-06,-3.29453E-04
2.9308E-06,-2.90391E-04
2.9312E-06,-3.29453E-04
2.9316E-06,-2.51328E-04
2.9320E-06,-2.12266E-04
2.9324E-06,-1.14609E-04
2.9328E-06,-1.34141E-04
2.9332E-06,2.57813E-06
2.9336E-06,1.39297E-04
2.9340E-06,1.00234E-04
2.9344E-06,2.17422E-04
2.9348E-06,1.58828E-04
2.9352E-06,2.17422E-04
2.9356E-06,2.76016E-04
2.9360E-06,2.95547E-04
2.9364E-06,4.71328E-04
2.9368E-06,4.71328E-04
2.9372E-06,6.47109E-04
2.9376E-06,7.25234E-04
2.9380E-06,8.42422E-04
2.9384E-06,8.22891E-04
2.9388E-06,9.40078E-04
2.9392E-06,9.40078E-04
2.9396E-06,1.11586E-03
2.9400E-06,1.05727E-03
2.9404E-06,1.09633E-03
2.9408E-06,1.17445E-03
2.9412E-06,1.31117E-03
2.9416E-06,1.29164E-03
2.9420E-06,1.33070E-03
2.9424E-06,1.40883E-03
2.9428E-06,1.40883E-03
2.9432E-06,1.46742E-03
2.9436E-06,1.50648E-03
2.9440E-06,1.48695E-03
2.9444E-06,1.64320E-03
2.9448E-06,1.54555E-03
2.9452E-06,1.66273E-03
2.9456E-06,1.64320E-03
2.9460E-06,1.74086E-03
2.9464E-06,1.81898E-03
2.9468E-06,1.81898E-03
2.9472E-06,1.87758E-03
2.9476E-06,1.93617E-03
2.9480E-06,1.97523E-03
2.9484E-06,2.01430E-03
2.9488E-06,2.01430E-03
2.9492E-06,2.05336E-03
2.9496E-06,2.11195E-03
2.9500E-06,2.11195E-03
2.9504E-06,2.17055E-03
2.9508E-06,2.17055E-03
2.9512E-06,2.20961E-03
2.9516E-06,2.24867E-03
2.9520E-06,2.26820E-03
2.9524E-06,2.32680E-03
2.9528E-06,2.38539E-03
2.9532E-06,2.32680E-03
2.9536E-06,2.32680E-03
2.9540E-06,2.34633E-03
2.9544E-06,2.38539E-03
2.9548E-06,2.40492E-03
2.9552E-06,2.42445E-03
2.9556E-06,2.50258E-03
2.9560E-06,2.46352E-03
2.9564E-06,2.48305E-03
2.9568E-06,2.48305E-03
2.9572E-06,2.58070E-03
2.9576E-06,2.56117E-03
2.9580E-06,2.60023E-03
2.9584E-06,2.58070E-03
2.9588E-06,2.60023E-03
2.9592E-06,2.56117E-03
2.9596E-06,2.46352E-03
2.9600E-06,2.52211E-03
2.9604E-06,2.56117E-03
2.9608E-06,2.60023E-03
2.9612E-06,2.60023E-03
2.9616E-06,2.60023E-03
2.9620E-06,2.65883E-03
2.9624E-06,2.60023E-03
2.9628E-06,2.63930E-03
2.9632E-06,2.60023E-03
2.9636E-06,2.67836E-03
2.9640E-06,2.61977E-03
2.9644E-06,2.60023E-03
2.9648E-06,2.58070E-03
2.9652E-06,2.54164E-03
2.9656E-06,2.65883E-03
2.9660E-06,2.52211E-03
2.9664E-06,2.58070E-03
2.9668E-06,2.60023E-03
2.9672E-06,2.61977E-03
2.9676E-06,2.60023E-03
2.9680E-06,2.58070E-03
2.9684E-06,2.60023E-03
2.9688E-06,2.61977E-03
2.9692E-06,2.63930E-03
2.9696E-06,2.60023E-03
2.9700E-06,2.65883E-03
2.9704E-06,2.65883E-03
2.9708E-06,2.67836E-03
2.9712E-06,2.61977E-03
2.9716E-06,2.60023E-03
2.9720E-06,2.65883E-03
2.9724E-06,2.67836E-03
2.9728E-06,2.63930E-03
2.9732E-06,2.73695E-03
2.9736E-06,2.65883E-03
2.9740E-06,2.67836E-03
2.9744E-06,2.65883E-03
2.9748E-06,2.67836E-03
2.9752E-06,2.65883E-03
2.9756E-06,2.65883E-03
2.9760E-06,2.67836E-03
2.9764E-06,2.63930E-03
2.9768E-06,2.73695E-03
2.9772E-06,2.71742E-03
2.9776E-06,2.69789E-03
2.9780E-06,2.73695E-03
2.9784E-06,2.71742E-03
2.9788E-06,2.71742E-03
2.9792E-06,2.67836E-03
2.9796E-06,2.71742E-03
2.9800E-06,2.67836E-03
2.9804E-06,2.75648E-03
2.9808E-06,2.77602E-03
2.9812E-06,2.73695E-03
2.9816E-06,2.77602E-03
2.9820E-06,2.77602E-03
2.9824E-06,2.75648E-03
2.9828E-06,2.77602E-03
2.9832E-06,2.73695E-03
2.9836E-06,2.79555E-03
2.9840E-06,2.67836E-03
2.9844E-06,2.77602E-03
2.9848E-06,2.81508E-03
2.9852E-06,2.75648E-03
2.9856E-06,2.85414E-03
2.9860E-06,2.77602E-03
2.9864E-06,2.77602E-03
2.9868E-06,2.81508E-03
2.9872E-06,2.81508E-03
2.9876E-06,2.77602E-03
2.9880E-06,2.83461E-03
2.9884E-06,2.77602E-03
2.9888E-06,2.77602E-03
2.9892E-06,2.75648E-03
2.9896E-06,2.81508E-03
2.9900E-06,2.77602E-03
2.9904E-06,2.67836E-03
2.9908E-06,2.75648E-03
2.9912E-06,2.67836E-03
2.9916E-06,2.63930E-03
2.9920E-06,2.60023E-03
2.9924E-06,2.54164E-03
2.9928E-06,2.38539E-03
2.9932E-06,2.34633E-03
2.9936E-06,2.30727E-03
2.9940E-06,2.30727E-03
2.9944E-06,2.22914E-03
2.9948E-06,2.26820E-03
2.9952E-06,2.24867E-03
2.9956E-06,2.24867E-03
2.9960E-06,2.17055E-03
2.9964E-06,2.19008E-03
2.9968E-06,2.22914E-03
2.9972E-06,2.26820E-03
2.9976E-06,2.13148E-03
2.9980E-06,2.22914E-03
2.9984E-06,2.17055E-03
2.9988E-06,2.24867E-03
2.9992E-06,2.22914E-03
2.9996E-06,2.26820E-03
