in s,C2 in V
-3.0000E-06,1.40448E-01
-2.9992E-06,-5.96690E-02
-2.9984E-06,-2.15079E-01
-2.9976E-06,-3.27911E-01
-2.9968E-06,-4.04552E-01
-2.9960E-06,-4.32228E-01
-2.9952E-06,-4.53517E-01
-2.9944E-06,-4.66290E-01
-2.9936E-06,-4.68419E-01
-2.9928E-06,-4.70548E-01
-2.9920E-06,-4.70548E-01
-2.9912E-06,-4.76935E-01
-2.9904E-06,-4.72677E-01
-2.9896E-06,-4.79064E-01
-2.9888E-06,-4.74806E-01
-2.9880E-06,-4.85450E-01
-2.9872E-06,-4.85450E-01
-2.9864E-06,-4.85450E-01
-2.9856E-06,-4.85450E-01
-2.9848E-06,-4.79064E-01
-2.9840E-06,-4.83321E-01
-2.9832E-06,-4.85450E-01
-2.9824E-06,-4.87579E-01
-2.9816E-06,-4.89708E-01
-2.9808E-06,-4.83321E-01
-2.9800E-06,-4.81192E-01
-2.9792E-06,-4.87579E-01
-2.9784E-06,-4.89708E-01
-2.9776E-06,-4.93966E-01
-2.9768E-06,-4.91837E-01
-2.9760E-06,-4.85450E-01
-2.9752E-06,-4.91837E-01
-2.9744E-06,-4.89708E-01
-2.9736E-06,-4.87579E-01
-2.9728E-06,-4.93966E-01
-2.9720E-06,-4.91837E-01
-2.9712E-06,-4.91837E-01
-2.9704E-06,-4.96095E-01
-2.9696E-06,-4.87579E-01
-2.9688E-06,-4.89708E-01
-2.9680E-06,-4.85450E-01
-2.9672E-06,-4.91837E-01
-2.9664E-06,-4.93966E-01
-2.9656E-06,-4.79064E-01
-2.9648E-06,-4.83321E-01
-2.9640E-06,-4.81192E-01
-2.9632E-06,-4.79064E-01
-2.9624E-06,-4.83321E-01
-2.9616E-06,-4.79064E-01
-2.9608E-06,-4.81192E-01
-2.9600E-06,-4.85450E-01
-2.9592E-06,-4.83321E-01
-2.9584E-06,-4.81192E-01
-2.9576E-06,-4.81192E-01
-2.9568E-06,-4.83321E-01
-2.9560E-06,-4.91837E-01
-2.9552E-06,-4.87579E-01
-2.9544E-06,-4.81192E-01
-2.9536E-06,-4.79064E-01
-2.9528E-06,-4.79064E-01
-2.9520E-06,-4.83321E-01
-2.9512E-06,-4.83321E-01
-2.9504E-06,-4.85450E-01
-2.9496E-06,-4.79064E-01
-2.9488E-06,-4.79064E-01
-2.9480E-06,-4.81192E-01
-2.9472E-06,-4.81192E-01
-2.9464E-06,-4.81192E-01
-2.9456E-06,-4.85450E-01
-2.9448E-06,-4.83321E-01
-2.9440E-06,-4.81192E-01
-2.9432E-06,-4.81192E-01
-2.9424E-06,-4.76935E-01
-2.9416E-06,-4.83321E-01
-2.9408E-06,-4.79064E-01
-2.9400E-06,-4.74806E-01
-2.9392E-06,-4.91837E-01
-2.9384E-06,-4.85450E-01
-2.9376E-06,-4.83321E-01
-2.9368E-06,-4.83321E-01
-2.9360E-06,-4.83321E-01
-2.9352E-06,-4.79064E-01
-2.9344E-06,-4.85450E-01
-2.9336E-06,-4.85450E-01
-2.9328E-06,-4.87579E-01
-2.9320E-06,-4.85450E-01
-2.9312E-06,-4.89708E-01
-2.9304E-06,-4.85450E-01
-2.9296E-06,-4.85450E-01
-2.9288E-06,-4.81192E-01
-2.9280E-06,-4.83321E-01
-2.9272E-06,-4.87579E-01
-2.9264E-06,-4.87579E-01
-2.9256E-06,-4.91837E-01
-2.9248E-06,-4.85450E-01
-2.9240E-06,-4.81192E-01
-2.9232E-06,-4.79064E-01
-2.9224E-06,-4.83321E-01
-2.9216E-06,-4.79064E-01
-2.9208E-06,-4.79064E-01
-2.9200E-06,-4.76935E-01
-2.9192E-06,-4.81192E-01
-2.9184E-06,-4.87579E-01
-2.9176E-06,-4.89708E-01
-2.9168E-06,-4.81192E-01
-2.9160E-06,-4.76935E-01
-2.9152E-06,-4.87579E-01
-2.9144E-06,-4.85450E-01
-2.9136E-06,-4.85450E-01
-2.9128E-06,-4.85450E-01
-2.9120E-06,-4.79064E-01
-2.9112E-06,-4.79064E-01
-2.9104E-06,-4.87579E-01
-2.9096E-06,-4.81192E-01
-2.9088E-06,-4.91837E-01
-2.9080E-06,-4.85450E-01
-2.9072E-06,-4.74806E-01
-2.9064E-06,-4.85450E-01
-2.9056E-06,-4.79064E-01
-2.9048E-06,-4.85450E-01
-2.9040E-06,-4.79064E-01
-2.9032E-06,-4.79064E-01
-2.9024E-06,-4.81192E-01
-2.9016E-06,-4.81192E-01
-2.9008E-06,-4.85450E-01
-2.9000E-06,-4.87579E-01
-2.8992E-06,-4.87579E-01
-2.8984E-06,-4.83321E-01
-2.8976E-06,-4.83321E-01
-2.8968E-06,-4.79064E-01
-2.8960E-06,-4.87579E-01
-2.8952E-06,-4.83321E-01
-2.8944E-06,-4.83321E-01
-2.8936E-06,-4.85450E-01
-2.8928E-06,-4.83321E-01
-2.8920E-06,-4.85450E-01
-2.8912E-06,-4.89708E-01
-2.8904E-06,-4.79064E-01
-2.8896E-06,-4.81192E-01
-2.8888E-06,-4.79064E-01
-2.8880E-06,-4.79064E-01
-2.8872E-06,-4.83321E-01
-2.8864E-06,-4.83321E-01
-2.8856E-06,-4.79064E-01
-2.8848E-06,-4.79064E-01
-2.8840E-06,-4.85450E-01
-2.8832E-06,-4.81192E-01
-2.8824E-06,-4.85450E-01
-2.8816E-06,-4.83321E-01
-2.8808E-06,-4.85450E-01
-2.8800E-06,-4.85450E-01
-2.8792E-06,-4.76935E-01
-2.8784E-06,-4.87579E-01
-2.8776E-06,-4.83321E-01
-2.8768E-06,-4.87579E-01
-2.8760E-06,-4.79064E-01
-2.8752E-06,-4.81192E-01
-2.8744E-06,-4.79064E-01
-2.8736E-06,-4.83321E-01
-2.8728E-06,-4.85450E-01
-2.8720E-06,-4.79064E-01
-2.8712E-06,-4.81192E-01
-2.8704E-06,-4.89708E-01
-2.8696E-06,-4.89708E-01
-2.8688E-06,-4.91837E-01
-2.8680E-06,-4.91837E-01
-2.8672E-06,-4.79064E-01
-2.8664E-06,-4.79064E-01
-2.8656E-06,-4.79064E-01
-2.8648E-06,-4.83321E-01
-2.8640E-06,-4.83321E-01
-2.8632E-06,-4.87579E-01
-2.8624E-06,-4.79064E-01
-2.8616E-06,-4.85450E-01
-2.8608E-06,-4.79064E-01
-2.8600E-06,-4.85450E-01
-2.8592E-06,-4.81192E-01
-2.8584E-06,-4.74806E-01
-2.8576E-06,-4.79064E-01
-2.8568E-06,-4.79064E-01
-2.8560E-06,-4.83321E-01
-2.8552E-06,-4.81192E-01
-2.8544E-06,-4.79064E-01
-2.8536E-06,-4.81192E-01
-2.8528E-06,-4.85450E-01
-2.8520E-06,-4.72677E-01
-2.8512E-06,-4.83321E-01
-2.8504E-06,-4.81192E-01
-2.8496E-06,-4.79064E-01
-2.8488E-06,-4.74806E-01
-2.8480E-06,-4.79064E-01
-2.8472E-06,-4.85450E-01
-2.8464E-06,-4.79064E-01
-2.8456E-06,-4.79064E-01
-2.8448E-06,-4.81192E-01
-2.8440E-06,-4.83321E-01
-2.8432E-06,-4.81192E-01
-2.8424E-06,-4.79064E-01
-2.8416E-06,-4.85450E-01
-2.8408E-06,-4.76935E-01
-2.8400E-06,-4.79064E-01
-2.8392E-06,-4.83321E-01
-2.8384E-06,-4.79064E-01
-2.8376E-06,-4.79064E-01
-2.8368E-06,-4.87579E-01
-2.8360E-06,-4.85450E-01
-2.8352E-06,-4.79064E-01
-2.8344E-06,-4.79064E-01
-2.8336E-06,-4.79064E-01
-2.8328E-06,-4.81192E-01
-2.8320E-06,-4.83321E-01
-2.8312E-06,-4.83321E-01
-2.8304E-06,-4.76935E-01
-2.8296E-06,-4.81192E-01
-2.8288E-06,-4.81192E-01
-2.8280E-06,-4.81192E-01
-2.8272E-06,-4.85450E-01
-2.8264E-06,-4.79064E-01
-2.8256E-06,-4.76935E-01
-2.8248E-06,-4.79064E-01
-2.8240E-06,-4.79064E-01
-2.8232E-06,-4.83321E-01
-2.8224E-06,-4.85450E-01
-2.8216E-06,-4.83321E-01
-2.8208E-06,-4.85450E-01
-2.8200E-06,-4.83321E-01
-2.8192E-06,-4.81192E-01
-2.8184E-06,-4.85450E-01
-2.8176E-06,-4.83321E-01
-2.8168E-06,-4.83321E-01
-2.8160E-06,-4.89708E-01
-2.8152E-06,-4.81192E-01
-2.8144E-06,-4.85450E-01
-2.8136E-06,-4.85450E-01
-2.8128E-06,-4.81192E-01
-2.8120E-06,-4.81192E-01
-2.8112E-06,-4.79064E-01
-2.8104E-06,-4.74806E-01
-2.8096E-06,-4.81192E-01
-2.8088E-06,-4.87579E-01
-2.8080E-06,-4.89708E-01
-2.8072E-06,-4.83321E-01
-2.8064E-06,-4.85450E-01
-2.8056E-06,-4.85450E-01
-2.8048E-06,-4.83321E-01
-2.8040E-06,-4.83321E-01
-2.8032E-06,-4.85450E-01
-2.8024E-06,-4.85450E-01
-2.8016E-06,-4.79064E-01
-2.8008E-06,-4.83321E-01
-2.8000E-06,-4.87579E-01
-2.7992E-06,-4.81192E-01
-2.7984E-06,-4.79064E-01
-2.7976E-06,-4.83321E-01
-2.7968E-06,-4.79064E-01
-2.7960E-06,-4.83321E-01
-2.7952E-06,-4.79064E-01
-2.7944E-06,-4.79064E-01
-2.7936E-06,-4.83321E-01
-2.7928E-06,-4.74806E-01
-2.7920E-06,-4.79064E-01
-2.7912E-06,-4.79064E-01
-2.7904E-06,-4.85450E-01
-2.7896E-06,-4.83321E-01
-2.7888E-06,-4.79064E-01
-2.7880E-06,-4.76935E-01
-2.7872E-06,-4.89708E-01
-2.7864E-06,-4.76935E-01
-2.7856E-06,-4.85450E-01
-2.7848E-06,-4.83321E-01
-2.7840E-06,-4.83321E-01
-2.7832E-06,-4.85450E-01
-2.7824E-06,-4.83321E-01
-2.7816E-06,-4.79064E-01
-2.7808E-06,-4.74806E-01
-2.7800E-06,-4.85450E-01
-2.7792E-06,-4.76935E-01
-2.7784E-06,-4.74806E-01
-2.7776E-06,-4.76935E-01
-2.7768E-06,-4.83321E-01
-2.7760E-06,-4.81192E-01
-2.7752E-06,-4.83321E-01
-2.7744E-06,-4.81192E-01
-2.7736E-06,-4.76935E-01
-2.7728E-06,-4.81192E-01
-2.7720E-06,-4.76935E-01
-2.7712E-06,-4.85450E-01
-2.7704E-06,-4.85450E-01
-2.7696E-06,-4.81192E-01
-2.7688E-06,-4.85450E-01
-2.7680E-06,-4.83321E-01
-2.7672E-06,-4.83321E-01
-2.7664E-06,-4.83321E-01
-2.7656E-06,-4.72677E-01
-2.7648E-06,-4.81192E-01
-2.7640E-06,-4.79064E-01
-2.7632E-06,-4.81192E-01
-2.7624E-06,-4.85450E-01
-2.7616E-06,-4.81192E-01
-2.7608E-06,-4.83321E-01
-2.7600E-06,-4.81192E-01
-2.7592E-06,-4.81192E-01
-2.7584E-06,-4.85450E-01
-2.7576E-06,-4.83321E-01
-2.7568E-06,-4.76935E-01
-2.7560E-06,-4.83321E-01
-2.7552E-06,-4.89708E-01
-2.7544E-06,-4.83321E-01
-2.7536E-06,-4.83321E-01
-2.7528E-06,-4.76935E-01
-2.7520E-06,-4.79064E-01
-2.7512E-06,-4.81192E-01
-2.7504E-06,-4.76935E-01
-2.7496E-06,-4.76935E-01
-2.7488E-06,-4.79064E-01
-2.7480E-06,-4.81192E-01
-2.7472E-06,-4.81192E-01
-2.7464E-06,-4.79064E-01
-2.7456E-06,-4.79064E-01
-2.7448E-06,-4.76935E-01
-2.7440E-06,-4.85450E-01
-2.7432E-06,-4.79064E-01
-2.7424E-06,-4.93966E-01
-2.7416E-06,-4.76935E-01
-2.7408E-06,-4.74806E-01
-2.7400E-06,-4.83321E-01
-2.7392E-06,-4.81192E-01
-2.7384E-06,-4.85450E-01
-2.7376E-06,-4.87579E-01
-2.7368E-06,-4.74806E-01
-2.7360E-06,-4.79064E-01
-2.7352E-06,-4.79064E-01
-2.7344E-06,-4.83321E-01
-2.7336E-06,-4.83321E-01
-2.7328E-06,-4.76935E-01
-2.7320E-06,-4.79064E-01
-2.7312E-06,-4.74806E-01
-2.7304E-06,-4.72677E-01
-2.7296E-06,-4.76935E-01
-2.7288E-06,-4.76935E-01
-2.7280E-06,-4.74806E-01
-2.7272E-06,-4.74806E-01
-2.7264E-06,-4.85450E-01
-2.7256E-06,-4.83321E-01
-2.7248E-06,-4.76935E-01
-2.7240E-06,-4.76935E-01
-2.7232E-06,-4.83321E-01
-2.7224E-06,-4.81192E-01
-2.7216E-06,-4.81192E-01
-2.7208E-06,-4.81192E-01
-2.7200E-06,-4.74806E-01
-2.7192E-06,-4.81192E-01
-2.7184E-06,-4.85450E-01
-2.7176E-06,-4.83321E-01
-2.7168E-06,-4.91837E-01
-2.7160E-06,-4.81192E-01
-2.7152E-06,-4.83321E-01
-2.7144E-06,-4.76935E-01
-2.7136E-06,-4.79064E-01
-2.7128E-06,-4.79064E-01
-2.7120E-06,-4.85450E-01
-2.7112E-06,-4.81192E-01
-2.7104E-06,-4.81192E-01
-2.7096E-06,-4.83321E-01
-2.7088E-06,-4.76935E-01
-2.7080E-06,-4.74806E-01
-2.7072E-06,-4.76935E-01
-2.7064E-06,-4.74806E-01
-2.7056E-06,-4.74806E-01
-2.7048E-06,-4.74806E-01
-2.7040E-06,-4.83321E-01
-2.7032E-06,-4.79064E-01
-2.7024E-06,-4.85450E-01
-2.7016E-06,-4.81192E-01
-2.7008E-06,-4.85450E-01
-2.7000E-06,-4.72677E-01
-2.6992E-06,-4.76935E-01
-2.6984E-06,-4.76935E-01
-2.6976E-06,-4.89708E-01
-2.6968E-06,-4.85450E-01
-2.6960E-06,-4.89708E-01
-2.6952E-06,-4.85450E-01
-2.6944E-06,-4.74806E-01
-2.6936E-06,-4.81192E-01
-2.6928E-06,-4.79064E-01
-2.6920E-06,-4.83321E-01
-2.6912E-06,-4.87579E-01
-2.6904E-06,-4.81192E-01
-2.6896E-06,-4.79064E-01
-2.6888E-06,-4.79064E-01
-2.6880E-06,-4.85450E-01
-2.6872E-06,-4.87579E-01
-2.6864E-06,-4.87579E-01
-2.6856E-06,-4.83321E-01
-2.6848E-06,-4.83321E-01
-2.6840E-06,-4.74806E-01
-2.6832E-06,-4.76935E-01
-2.6824E-06,-4.74806E-01
-2.6816E-06,-4.79064E-01
-2.6808E-06,-4.81192E-01
-2.6800E-06,-4.76935E-01
-2.6792E-06,-4.79064E-01
-2.6784E-06,-4.81192E-01
-2.6776E-06,-4.85450E-01
-2.6768E-06,-4.79064E-01
-2.6760E-06,-4.79064E-01
-2.6752E-06,-4.81192E-01
-2.6744E-06,-4.76935E-01
-2.6736E-06,-4.83321E-01
-2.6728E-06,-4.76935E-01
-2.6720E-06,-4.83321E-01
-2.6712E-06,-4.81192E-01
-2.6704E-06,-4.83321E-01
-2.6696E-06,-4.68419E-01
-2.6688E-06,-4.47130E-01
-2.6680E-06,-3.81134E-01
-2.6672E-06,-2.40626E-01
-2.6664E-06,-3.19932E-02
-2.6656E-06,1.46835E-01
-2.6648E-06,2.97987E-01
-2.6640E-06,3.98046E-01
-2.6632E-06,4.59784E-01
-2.6624E-06,4.87460E-01
-2.6616E-06,5.00233E-01
-2.6608E-06,5.02362E-01
-2.6600E-06,5.13007E-01
-2.6592E-06,5.02362E-01
-2.6584E-06,5.10878E-01
-2.6576E-06,5.00233E-01
-2.6568E-06,5.08749E-01
-2.6560E-06,5.17265E-01
-2.6552E-06,5.13007E-01
-2.6544E-06,5.21522E-01
-2.6536E-06,5.23651E-01
-2.6528E-06,5.21522E-01
-2.6520E-06,5.21522E-01
-2.6512E-06,5.21522E-01
-2.6504E-06,5.21522E-01
-2.6496E-06,5.25780E-01
-2.6488E-06,5.17265E-01
-2.6480E-06,5.21522E-01
-2.6472E-06,5.25780E-01
-2.6464E-06,5.21522E-01
-2.6456E-06,5.27909E-01
-2.6448E-06,5.25780E-01
-2.6440E-06,5.21522E-01
-2.6432E-06,5.17265E-01
-2.6424E-06,5.15136E-01
-2.6416E-06,5.21522E-01
-2.6408E-06,5.21522E-01
-2.6400E-06,5.21522E-01
-2.6392E-06,5.23651E-01
-2.6384E-06,5.25780E-01
-2.6376E-06,5.23651E-01
-2.6368E-06,5.21522E-01
-2.6360E-06,5.15136E-01
-2.6352E-06,5.25780E-01
-2.6344E-06,5.25780E-01
-2.6336E-06,5.21522E-01
-2.6328E-06,5.21522E-01
-2.6320E-06,5.17265E-01
-2.6312E-06,5.17265E-01
-2.6304E-06,5.21522E-01
-2.6296E-06,5.21522E-01
-2.6288E-06,5.23651E-01
-2.6280E-06,5.27909E-01
-2.6272E-06,5.19394E-01
-2.6264E-06,5.19394E-01
-2.6256E-06,5.19394E-01
-2.6248E-06,5.17265E-01
-2.6240E-06,5.17265E-01
-2.6232E-06,5.32167E-01
-2.6224E-06,5.21522E-01
-2.6216E-06,5.15136E-01
-2.6208E-06,5.25780E-01
-2.6200E-06,5.21522E-01
-2.6192E-06,5.13007E-01
-2.6184E-06,5.10878E-01
-2.6176E-06,5.15136E-01
-2.6168E-06,5.17265E-01
-2.6160E-06,5.19394E-01
-2.6152E-06,5.19394E-01
-2.6144E-06,5.21522E-01
-2.6136E-06,5.10878E-01
-2.6128E-06,5.13007E-01
-2.6120E-06,5.10878E-01
-2.6112E-06,5.15136E-01
-2.6104E-06,5.15136E-01
-2.6096E-06,5.13007E-01
-2.6088E-06,5.15136E-01
-2.6080E-06,5.10878E-01
-2.6072E-06,5.15136E-01
-2.6064E-06,5.17265E-01
-2.6056E-06,5.10878E-01
-2.6048E-06,5.17265E-01
-2.6040E-06,5.21522E-01
-2.6032E-06,5.17265E-01
-2.6024E-06,5.13007E-01
-2.6016E-06,5.13007E-01
-2.6008E-06,5.15136E-01
-2.6000E-06,5.17265E-01
-2.5992E-06,5.17265E-01
-2.5984E-06,5.23651E-01
-2.5976E-06,5.10878E-01
-2.5968E-06,5.13007E-01
-2.5960E-06,5.13007E-01
-2.5952E-06,5.21522E-01
-2.5944E-06,5.19394E-01
-2.5936E-06,5.10878E-01
-2.5928E-06,5.13007E-01
-2.5920E-06,5.21522E-01
-2.5912E-06,5.17265E-01
-2.5904E-06,5.23651E-01
-2.5896E-06,5.21522E-01
-2.5888E-06,5.17265E-01
-2.5880E-06,5.13007E-01
-2.5872E-06,5.21522E-01
-2.5864E-06,5.15136E-01
-2.5856E-06,5.19394E-01
-2.5848E-06,5.17265E-01
-2.5840E-06,5.17265E-01
-2.5832E-06,5.23651E-01
-2.5824E-06,5.15136E-01
-2.5816E-06,5.17265E-01
-2.5808E-06,5.10878E-01
-2.5800E-06,5.08749E-01
-2.5792E-06,5.23651E-01
-2.5784E-06,5.19394E-01
-2.5776E-06,5.17265E-01
-2.5768E-06,5.21522E-01
-2.5760E-06,5.13007E-01
-2.5752E-06,5.13007E-01
-2.5744E-06,5.15136E-01
-2.5736E-06,5.19394E-01
-2.5728E-06,5.23651E-01
-2.5720E-06,5.21522E-01
-2.5712E-06,5.25780E-01
-2.5704E-06,5.19394E-01
-2.5696E-06,5.17265E-01
-2.5688E-06,5.15136E-01
-2.5680E-06,5.13007E-01
-2.5672E-06,5.13007E-01
-2.5664E-06,5.21522E-01
-2.5656E-06,5.17265E-01
-2.5648E-06,5.17265E-01
-2.5640E-06,5.15136E-01
-2.5632E-06,5.23651E-01
-2.5624E-06,5.17265E-01
-2.5616E-06,5.27909E-01
-2.5608E-06,5.15136E-01
-2.5600E-06,5.17265E-01
-2.5592E-06,5.21522E-01
-2.5584E-06,5.19394E-01
-2.5576E-06,5.17265E-01
-2.5568E-06,5.19394E-01
-2.5560E-06,5.13007E-01
-2.5552E-06,5.08749E-01
-2.5544E-06,5.21522E-01
-2.5536E-06,5.17265E-01
-2.5528E-06,5.15136E-01
-2.5520E-06,5.21522E-01
-2.5512E-06,5.21522E-01
-2.5504E-06,5.17265E-01
-2.5496E-06,5.08749E-01
-2.5488E-06,5.13007E-01
-2.5480E-06,5.15136E-01
-2.5472E-06,5.21522E-01
-2.5464E-06,5.21522E-01
-2.5456E-06,5.21522E-01
-2.5448E-06,5.21522E-01
-2.5440E-06,5.19394E-01
-2.5432E-06,5.23651E-01
-2.5424E-06,5.13007E-01
-2.5416E-06,5.13007E-01
-2.5408E-06,5.21522E-01
-2.5400E-06,5.21522E-01
-2.5392E-06,5.23651E-01
-2.5384E-06,5.13007E-01
-2.5376E-06,5.17265E-01
-2.5368E-06,5.17265E-01
-2.5360E-06,5.19394E-01
-2.5352E-06,5.21522E-01
-2.5344E-06,5.17265E-01
-2.5336E-06,5.19394E-01
-2.5328E-06,5.19394E-01
-2.5320E-06,5.15136E-01
-2.5312E-06,5.13007E-01
-2.5304E-06,5.17265E-01
-2.5296E-06,5.13007E-01
-2.5288E-06,5.15136E-01
-2.5280E-06,5.23651E-01
-2.5272E-06,5.13007E-01
-2.5264E-06,5.21522E-01
-2.5256E-06,5.21522E-01
-2.5248E-06,5.19394E-01
-2.5240E-06,5.17265E-01
-2.5232E-06,5.19394E-01
-2.5224E-06,5.17265E-01
-2.5216E-06,5.13007E-01
-2.5208E-06,5.21522E-01
-2.5200E-06,5.21522E-01
-2.5192E-06,5.19394E-01
-2.5184E-06,5.10878E-01
-2.5176E-06,5.13007E-01
-2.5168E-06,5.17265E-01
-2.5160E-06,5.15136E-01
-2.5152E-06,5.23651E-01
-2.5144E-06,5.17265E-01
-2.5136E-06,5.19394E-01
-2.5128E-06,5.19394E-01
-2.5120E-06,5.21522E-01
-2.5112E-06,5.19394E-01
-2.5104E-06,5.13007E-01
-2.5096E-06,5.17265E-01
-2.5088E-06,5.19394E-01
-2.5080E-06,5.13007E-01
-2.5072E-06,5.23651E-01
-2.5064E-06,5.23651E-01
-2.5056E-06,5.23651E-01
-2.5048E-06,5.19394E-01
-2.5040E-06,5.19394E-01
-2.5032E-06,5.21522E-01
-2.5024E-06,5.17265E-01
-2.5016E-06,5.15136E-01
-2.5008E-06,5.13007E-01
-2.5000E-06,5.13007E-01
-2.4992E-06,5.21522E-01
-2.4984E-06,5.15136E-01
-2.4976E-06,5.17265E-01
-2.4968E-06,5.15136E-01
-2.4960E-06,5.15136E-01
-2.4952E-06,5.17265E-01
-2.4944E-06,5.21522E-01
-2.4936E-06,5.17265E-01
-2.4928E-06,5.17265E-01
-2.4920E-06,5.19394E-01
-2.4912E-06,5.13007E-01
-2.4904E-06,5.13007E-01
-2.4896E-06,5.17265E-01
-2.4888E-06,5.19394E-01
-2.4880E-06,5.21522E-01
-2.4872E-06,5.19394E-01
-2.4864E-06,5.17265E-01
-2.4856E-06,5.27909E-01
-2.4848E-06,5.21522E-01
-2.4840E-06,5.15136E-01
-2.4832E-06,5.13007E-01
-2.4824E-06,5.15136E-01
-2.4816E-06,5.21522E-01
-2.4808E-06,5.19394E-01
-2.4800E-06,5.15136E-01
-2.4792E-06,5.17265E-01
-2.4784E-06,5.15136E-01
-2.4776E-06,5.15136E-01
-2.4768E-06,5.17265E-01
-2.4760E-06,5.21522E-01
-2.4752E-06,5.13007E-01
-2.4744E-06,5.13007E-01
-2.4736E-06,5.13007E-01
-2.4728E-06,5.13007E-01
-2.4720E-06,5.13007E-01
-2.4712E-06,5.19394E-01
-2.4704E-06,5.15136E-01
-2.4696E-06,5.17265E-01
-2.4688E-06,5.15136E-01
-2.4680E-06,5.17265E-01
-2.4672E-06,5.19394E-01
-2.4664E-06,5.19394E-01
-2.4656E-06,5.19394E-01
-2.4648E-06,5.15136E-01
-2.4640E-06,5.10878E-01
-2.4632E-06,5.17265E-01
-2.4624E-06,5.06620E-01
-2.4616E-06,5.25780E-01
-2.4608E-06,5.15136E-01
-2.4600E-06,5.21522E-01
-2.4592E-06,5.13007E-01
-2.4584E-06,5.06620E-01
-2.4576E-06,5.15136E-01
-2.4568E-06,5.19394E-01
-2.4560E-06,5.15136E-01
-2.4552E-06,5.17265E-01
-2.4544E-06,5.08749E-01
-2.4536E-06,5.13007E-01
-2.4528E-06,5.13007E-01
-2.4520E-06,5.13007E-01
-2.4512E-06,5.19394E-01
-2.4504E-06,5.17265E-01
-2.4496E-06,5.13007E-01
-2.4488E-06,5.15136E-01
-2.4480E-06,5.10878E-01
-2.4472E-06,5.10878E-01
-2.4464E-06,5.13007E-01
-2.4456E-06,5.21522E-01
-2.4448E-06,5.25780E-01
-2.4440E-06,5.10878E-01
-2.4432E-06,5.19394E-01
-2.4424E-06,5.19394E-01
-2.4416E-06,5.13007E-01
-2.4408E-06,5.19394E-01
-2.4400E-06,5.13007E-01
-2.4392E-06,5.17265E-01
-2.4384E-06,5.15136E-01
-2.4376E-06,5.06620E-01
-2.4368E-06,5.21522E-01
-2.4360E-06,5.15136E-01
-2.4352E-06,5.19394E-01
-2.4344E-06,5.15136E-01
-2.4336E-06,5.08749E-01
-2.4328E-06,5.17265E-01
-2.4320E-06,5.15136E-01
-2.4312E-06,5.15136E-01
-2.4304E-06,5.13007E-01
-2.4296E-06,5.19394E-01
-2.4288E-06,5.13007E-01
-2.4280E-06,5.08749E-01
-2.4272E-06,5.17265E-01
-2.4264E-06,5.13007E-01
-2.4256E-06,5.19394E-01
-2.4248E-06,5.15136E-01
-2.4240E-06,5.15136E-01
-2.4232E-06,5.15136E-01
-2.4224E-06,5.25780E-01
-2.4216E-06,5.17265E-01
-2.4208E-06,5.10878E-01
-2.4200E-06,5.13007E-01
-2.4192E-06,5.08749E-01
-2.4184E-06,5.21522E-01
-2.4176E-06,5.17265E-01
-2.4168E-06,5.10878E-01
-2.4160E-06,5.17265E-01
-2.4152E-06,5.17265E-01
-2.4144E-06,5.15136E-01
-2.4136E-06,5.19394E-01
-2.4128E-06,5.15136E-01
-2.4120E-06,5.13007E-01
-2.4112E-06,5.17265E-01
-2.4104E-06,5.17265E-01
-2.4096E-06,5.19394E-01
-2.4088E-06,5.08749E-01
-2.4080E-06,5.15136E-01
-2.4072E-06,5.13007E-01
-2.4064E-06,5.13007E-01
-2.4056E-06,5.17265E-01
-2.4048E-06,5.08749E-01
-2.4040E-06,5.13007E-01
-2.4032E-06,5.13007E-01
-2.4024E-06,5.13007E-01
-2.4016E-06,5.08749E-01
-2.4008E-06,5.13007E-01
-2.4000E-06,5.15136E-01
-2.3992E-06,5.15136E-01
-2.3984E-06,5.17265E-01
-2.3976E-06,5.15136E-01
-2.3968E-06,5.13007E-01
-2.3960E-06,5.13007E-01
-2.3952E-06,5.06620E-01
-2.3944E-06,5.13007E-01
-2.3936E-06,5.17265E-01
-2.3928E-06,5.10878E-01
-2.3920E-06,5.17265E-01
-2.3912E-06,5.13007E-01
-2.3904E-06,5.13007E-01
-2.3896E-06,5.17265E-01
-2.3888E-06,5.19394E-01
-2.3880E-06,5.17265E-01
-2.3872E-06,5.21522E-01
-2.3864E-06,5.15136E-01
-2.3856E-06,5.13007E-01
-2.3848E-06,5.17265E-01
-2.3840E-06,5.15136E-01
-2.3832E-06,5.13007E-01
-2.3824E-06,5.15136E-01
-2.3816E-06,5.19394E-01
-2.3808E-06,5.15136E-01
-2.3800E-06,5.25780E-01
-2.3792E-06,5.17265E-01
-2.3784E-06,5.10878E-01
-2.3776E-06,5.17265E-01
-2.3768E-06,5.10878E-01
-2.3760E-06,5.13007E-01
-2.3752E-06,5.08749E-01
-2.3744E-06,5.15136E-01
-2.3736E-06,5.21522E-01
-2.3728E-06,5.13007E-01
-2.3720E-06,5.13007E-01
-2.3712E-06,5.17265E-01
-2.3704E-06,5.13007E-01
-2.3696E-06,5.08749E-01
-2.3688E-06,5.13007E-01
-2.3680E-06,5.17265E-01
-2.3672E-06,5.15136E-01
-2.3664E-06,5.21522E-01
-2.3656E-06,5.15136E-01
-2.3648E-06,5.15136E-01
-2.3640E-06,5.19394E-01
-2.3632E-06,5.15136E-01
-2.3624E-06,5.06620E-01
-2.3616E-06,5.19394E-01
-2.3608E-06,5.21522E-01
-2.3600E-06,5.13007E-01
-2.3592E-06,5.13007E-01
-2.3584E-06,5.13007E-01
-2.3576E-06,5.13007E-01
-2.3568E-06,5.15136E-01
-2.3560E-06,5.19394E-01
-2.3552E-06,5.15136E-01
-2.3544E-06,5.21522E-01
-2.3536E-06,5.21522E-01
-2.3528E-06,5.21522E-01
-2.3520E-06,5.21522E-01
-2.3512E-06,5.17265E-01
-2.3504E-06,5.13007E-01
-2.3496E-06,5.08749E-01
-2.3488E-06,5.19394E-01
-2.3480E-06,5.10878E-01
-2.3472E-06,5.19394E-01
-2.3464E-06,5.10878E-01
-2.3456E-06,5.17265E-01
-2.3448E-06,5.17265E-01
-2.3440E-06,5.15136E-01
-2.3432E-06,5.13007E-01
-2.3424E-06,5.13007E-01
-2.3416E-06,5.17265E-01
-2.3408E-06,5.17265E-01
-2.3400E-06,5.17265E-01
-2.3392E-06,5.15136E-01
-2.3384E-06,5.15136E-01
-2.3376E-06,5.15136E-01
-2.3368E-06,5.17265E-01
-2.3360E-06,5.06620E-01
-2.3352E-06,4.61913E-01
-2.3344E-06,3.59726E-01
-2.3336E-06,2.06444E-01
-2.3328E-06,2.06930E-03
-2.3320E-06,-1.72501E-01
-2.3312E-06,-3.00235E-01
-2.3304E-06,-3.85392E-01
-2.3296E-06,-4.27970E-01
-2.3288E-06,-4.51388E-01
-2.3280E-06,-4.59903E-01
-2.3272E-06,-4.59903E-01
-2.3264E-06,-4.68419E-01
-2.3256E-06,-4.66290E-01
-2.3248E-06,-4.76935E-01
-2.3240E-06,-4.70548E-01
-2.3232E-06,-4.70548E-01
-2.3224E-06,-4.72677E-01
-2.3216E-06,-4.81192E-01
-2.3208E-06,-4.83321E-01
-2.3200E-06,-4.79064E-01
-2.3192E-06,-4.85450E-01
-2.3184E-06,-4.85450E-01
-2.3176E-06,-4.85450E-01
-2.3168E-06,-4.81192E-01
-2.3160E-06,-4.83321E-01
-2.3152E-06,-4.85450E-01
-2.3144E-06,-4.85450E-01
-2.3136E-06,-4.87579E-01
-2.3128E-06,-4.79064E-01
-2.3120E-06,-4.87579E-01
-2.3112E-06,-4.87579E-01
-2.3104E-06,-4.85450E-01
-2.3096E-06,-4.83321E-01
-2.3088E-06,-4.85450E-01
-2.3080E-06,-4.87579E-01
-2.3072E-06,-4.91837E-01
-2.3064E-06,-4.91837E-01
-2.3056E-06,-4.91837E-01
-2.3048E-06,-4.87579E-01
-2.3040E-06,-4.87579E-01
-2.3032E-06,-4.89708E-01
-2.3024E-06,-4.83321E-01
-2.3016E-06,-4.87579E-01
-2.3008E-06,-4.87579E-01
-2.3000E-06,-4.81192E-01
-2.2992E-06,-4.87579E-01
-2.2984E-06,-4.91837E-01
-2.2976E-06,-4.85450E-01
-2.2968E-06,-4.93966E-01
-2.2960E-06,-4.85450E-01
-2.2952E-06,-4.74806E-01
-2.2944E-06,-4.83321E-01
-2.2936E-06,-4.81192E-01
-2.2928E-06,-4.81192E-01
-2.2920E-06,-4.81192E-01
-2.2912E-06,-4.85450E-01
-2.2904E-06,-4.87579E-01
-2.2896E-06,-4.85450E-01
-2.2888E-06,-4.85450E-01
-2.2880E-06,-4.89708E-01
-2.2872E-06,-4.85450E-01
-2.2864E-06,-4.81192E-01
-2.2856E-06,-4.79064E-01
-2.2848E-06,-4.83321E-01
-2.2840E-06,-4.85450E-01
-2.2832E-06,-4.87579E-01
-2.2824E-06,-4.81192E-01
-2.2816E-06,-4.85450E-01
-2.2808E-06,-4.83321E-01
-2.2800E-06,-4.85450E-01
-2.2792E-06,-4.83321E-01
-2.2784E-06,-4.79064E-01
-2.2776E-06,-4.79064E-01
-2.2768E-06,-4.76935E-01
-2.2760E-06,-4.72677E-01
-2.2752E-06,-4.85450E-01
-2.2744E-06,-4.81192E-01
-2.2736E-06,-4.87579E-01
-2.2728E-06,-4.87579E-01
-2.2720E-06,-4.89708E-01
-2.2712E-06,-4.87579E-01
-2.2704E-06,-4.81192E-01
-2.2696E-06,-4.79064E-01
-2.2688E-06,-4.85450E-01
-2.2680E-06,-4.85450E-01
-2.2672E-06,-4.83321E-01
-2.2664E-06,-4.81192E-01
-2.2656E-06,-4.85450E-01
-2.2648E-06,-4.81192E-01
-2.2640E-06,-4.74806E-01
-2.2632E-06,-4.79064E-01
-2.2624E-06,-4.85450E-01
-2.2616E-06,-4.85450E-01
-2.2608E-06,-4.79064E-01
-2.2600E-06,-4.81192E-01
-2.2592E-06,-4.81192E-01
-2.2584E-06,-4.89708E-01
-2.2576E-06,-4.85450E-01
-2.2568E-06,-4.83321E-01
-2.2560E-06,-4.83321E-01
-2.2552E-06,-4.91837E-01
-2.2544E-06,-4.81192E-01
-2.2536E-06,-4.85450E-01
-2.2528E-06,-4.85450E-01
-2.2520E-06,-4.76935E-01
-2.2512E-06,-4.81192E-01
-2.2504E-06,-4.89708E-01
-2.2496E-06,-4.89708E-01
-2.2488E-06,-4.79064E-01
-2.2480E-06,-4.85450E-01
-2.2472E-06,-4.85450E-01
-2.2464E-06,-4.89708E-01
-2.2456E-06,-4.85450E-01
-2.2448E-06,-4.85450E-01
-2.2440E-06,-4.81192E-01
-2.2432E-06,-4.81192E-01
-2.2424E-06,-4.81192E-01
-2.2416E-06,-4.85450E-01
-2.2408E-06,-4.83321E-01
-2.2400E-06,-4.89708E-01
-2.2392E-06,-4.83321E-01
-2.2384E-06,-4.83321E-01
-2.2376E-06,-4.85450E-01
-2.2368E-06,-4.81192E-01
-2.2360E-06,-4.93966E-01
-2.2352E-06,-4.85450E-01
-2.2344E-06,-4.76935E-01
-2.2336E-06,-4.87579E-01
-2.2328E-06,-4.85450E-01
-2.2320E-06,-4.81192E-01
-2.2312E-06,-4.87579E-01
-2.2304E-06,-4.83321E-01
-2.2296E-06,-4.76935E-01
-2.2288E-06,-4.85450E-01
-2.2280E-06,-4.76935E-01
-2.2272E-06,-4.91837E-01
-2.2264E-06,-4.85450E-01
-2.2256E-06,-4.85450E-01
-2.2248E-06,-4.85450E-01
-2.2240E-06,-4.79064E-01
-2.2232E-06,-4.85450E-01
-2.2224E-06,-4.87579E-01
-2.2216E-06,-4.85450E-01
-2.2208E-06,-4.89708E-01
-2.2200E-06,-4.87579E-01
-2.2192E-06,-4.85450E-01
-2.2184E-06,-4.83321E-01
-2.2176E-06,-4.81192E-01
-2.2168E-06,-4.83321E-01
-2.2160E-06,-4.81192E-01
-2.2152E-06,-4.87579E-01
-2.2144E-06,-4.81192E-01
-2.2136E-06,-4.87579E-01
-2.2128E-06,-4.83321E-01
-2.2120E-06,-4.81192E-01
-2.2112E-06,-4.89708E-01
-2.2104E-06,-4.79064E-01
-2.2096E-06,-4.87579E-01
-2.2088E-06,-4.79064E-01
-2.2080E-06,-4.85450E-01
-2.2072E-06,-4.85450E-01
-2.2064E-06,-4.79064E-01
-2.2056E-06,-4.85450E-01
-2.2048E-06,-4.83321E-01
-2.2040E-06,-4.85450E-01
-2.2032E-06,-4.85450E-01
-2.2024E-06,-4.85450E-01
-2.2016E-06,-4.83321E-01
-2.2008E-06,-4.83321E-01
-2.2000E-06,-4.74806E-01
-2.1992E-06,-4.83321E-01
-2.1984E-06,-4.83321E-01
-2.1976E-06,-4.79064E-01
-2.1968E-06,-4.87579E-01
-2.1960E-06,-4.83321E-01
-2.1952E-06,-4.74806E-01
-2.1944E-06,-4.72677E-01
-2.1936E-06,-4.79064E-01
-2.1928E-06,-4.91837E-01
-2.1920E-06,-4.91837E-01
-2.1912E-06,-4.89708E-01
-2.1904E-06,-4.85450E-01
-2.1896E-06,-4.81192E-01
-2.1888E-06,-4.79064E-01
-2.1880E-06,-4.79064E-01
-2.1872E-06,-4.85450E-01
-2.1864E-06,-4.91837E-01
-2.1856E-06,-4.93966E-01
-2.1848E-06,-4.81192E-01
-2.1840E-06,-4.87579E-01
-2.1832E-06,-4.81192E-01
-2.1824E-06,-4.79064E-01
-2.1816E-06,-4.87579E-01
-2.1808E-06,-4.83321E-01
-2.1800E-06,-4.87579E-01
-2.1792E-06,-4.81192E-01
-2.1784E-06,-4.83321E-01
-2.1776E-06,-4.81192E-01
-2.1768E-06,-4.79064E-01
-2.1760E-06,-4.85450E-01
-2.1752E-06,-4.87579E-01
-2.1744E-06,-4.85450E-01
-2.1736E-06,-4.91837E-01
-2.1728E-06,-4.91837E-01
-2.1720E-06,-4.81192E-01
-2.1712E-06,-4.83321E-01
-2.1704E-06,-4.79064E-01
-2.1696E-06,-4.79064E-01
-2.1688E-06,-4.79064E-01
-2.1680E-06,-4.85450E-01
-2.1672E-06,-4.79064E-01
-2.1664E-06,-4.79064E-01
-2.1656E-06,-4.81192E-01
-2.1648E-06,-4.79064E-01
-2.1640E-06,-4.87579E-01
-2.1632E-06,-4.83321E-01
-2.1624E-06,-4.83321E-01
-2.1616E-06,-4.81192E-01
-2.1608E-06,-4.81192E-01
-2.1600E-06,-4.76935E-01
-2.1592E-06,-4.72677E-01
-2.1584E-06,-4.81192E-01
-2.1576E-06,-4.85450E-01
-2.1568E-06,-4.79064E-01
-2.1560E-06,-4.76935E-01
-2.1552E-06,-4.76935E-01
-2.1544E-06,-4.81192E-01
-2.1536E-06,-4.85450E-01
-2.1528E-06,-4.74806E-01
-2.1520E-06,-4.81192E-01
-2.1512E-06,-4.83321E-01
-2.1504E-06,-4.81192E-01
-2.1496E-06,-4.76935E-01
-2.1488E-06,-4.72677E-01
-2.1480E-06,-4.79064E-01
-2.1472E-06,-4.81192E-01
-2.1464E-06,-4.85450E-01
-2.1456E-06,-4.76935E-01
-2.1448E-06,-4.79064E-01
-2.1440E-06,-4.70548E-01
-2.1432E-06,-4.83321E-01
-2.1424E-06,-4.79064E-01
-2.1416E-06,-4.83321E-01
-2.1408E-06,-4.87579E-01
-2.1400E-06,-4.83321E-01
-2.1392E-06,-4.85450E-01
-2.1384E-06,-4.83321E-01
-2.1376E-06,-4.85450E-01
-2.1368E-06,-4.89708E-01
-2.1360E-06,-4.81192E-01
-2.1352E-06,-4.85450E-01
-2.1344E-06,-4.85450E-01
-2.1336E-06,-4.85450E-01
-2.1328E-06,-4.76935E-01
-2.1320E-06,-4.85450E-01
-2.1312E-06,-4.81192E-01
-2.1304E-06,-4.81192E-01
-2.1296E-06,-4.72677E-01
-2.1288E-06,-4.81192E-01
-2.1280E-06,-4.83321E-01
-2.1272E-06,-4.85450E-01
-2.1264E-06,-4.83321E-01
-2.1256E-06,-4.85450E-01
-2.1248E-06,-4.83321E-01
-2.1240E-06,-4.85450E-01
-2.1232E-06,-4.85450E-01
-2.1224E-06,-4.87579E-01
-2.1216E-06,-4.87579E-01
-2.1208E-06,-4.81192E-01
-2.1200E-06,-4.79064E-01
-2.1192E-06,-4.76935E-01
-2.1184E-06,-4.79064E-01
-2.1176E-06,-4.81192E-01
-2.1168E-06,-4.79064E-01
-2.1160E-06,-4.79064E-01
-2.1152E-06,-4.72677E-01
-2.1144E-06,-4.79064E-01
-2.1136E-06,-4.81192E-01
-2.1128E-06,-4.79064E-01
-2.1120E-06,-4.76935E-01
-2.1112E-06,-4.83321E-01
-2.1104E-06,-4.81192E-01
-2.1096E-06,-4.79064E-01
-2.1088E-06,-4.79064E-01
-2.1080E-06,-4.83321E-01
-2.1072E-06,-4.74806E-01
-2.1064E-06,-4.85450E-01
-2.1056E-06,-4.79064E-01
-2.1048E-06,-4.70548E-01
-2.1040E-06,-4.85450E-01
-2.1032E-06,-4.79064E-01
-2.1024E-06,-4.85450E-01
-2.1016E-06,-4.81192E-01
-2.1008E-06,-4.79064E-01
-2.1000E-06,-4.81192E-01
-2.0992E-06,-4.76935E-01
-2.0984E-06,-4.79064E-01
-2.0976E-06,-4.81192E-01
-2.0968E-06,-4.81192E-01
-2.0960E-06,-4.85450E-01
-2.0952E-06,-4.85450E-01
-2.0944E-06,-4.85450E-01
-2.0936E-06,-4.85450E-01
-2.0928E-06,-4.76935E-01
-2.0920E-06,-4.74806E-01
-2.0912E-06,-4.76935E-01
-2.0904E-06,-4.72677E-01
-2.0896E-06,-4.81192E-01
-2.0888E-06,-4.83321E-01
-2.0880E-06,-4.79064E-01
-2.0872E-06,-4.79064E-01
-2.0864E-06,-4.76935E-01
-2.0856E-06,-4.79064E-01
-2.0848E-06,-4.85450E-01
-2.0840E-06,-4.79064E-01
-2.0832E-06,-4.87579E-01
-2.0824E-06,-4.79064E-01
-2.0816E-06,-4.76935E-01
-2.0808E-06,-4.81192E-01
-2.0800E-06,-4.81192E-01
-2.0792E-06,-4.76935E-01
-2.0784E-06,-4.79064E-01
-2.0776E-06,-4.79064E-01
-2.0768E-06,-4.87579E-01
-2.0760E-06,-4.79064E-01
-2.0752E-06,-4.81192E-01
-2.0744E-06,-4.81192E-01
-2.0736E-06,-4.87579E-01
-2.0728E-06,-4.81192E-01
-2.0720E-06,-4.83321E-01
-2.0712E-06,-4.79064E-01
-2.0704E-06,-4.79064E-01
-2.0696E-06,-4.72677E-01
-2.0688E-06,-4.76935E-01
-2.0680E-06,-4.79064E-01
-2.0672E-06,-4.81192E-01
-2.0664E-06,-4.81192E-01
-2.0656E-06,-4.87579E-01
-2.0648E-06,-4.76935E-01
-2.0640E-06,-4.81192E-01
-2.0632E-06,-4.74806E-01
-2.0624E-06,-4.74806E-01
-2.0616E-06,-4.83321E-01
-2.0608E-06,-4.81192E-01
-2.0600E-06,-4.74806E-01
-2.0592E-06,-4.79064E-01
-2.0584E-06,-4.81192E-01
-2.0576E-06,-4.85450E-01
-2.0568E-06,-4.74806E-01
-2.0560E-06,-4.89708E-01
-2.0552E-06,-4.79064E-01
-2.0544E-06,-4.74806E-01
-2.0536E-06,-4.72677E-01
-2.0528E-06,-4.83321E-01
-2.0520E-06,-4.74806E-01
-2.0512E-06,-4.85450E-01
-2.0504E-06,-4.81192E-01
-2.0496E-06,-4.85450E-01
-2.0488E-06,-4.85450E-01
-2.0480E-06,-4.76935E-01
-2.0472E-06,-4.74806E-01
-2.0464E-06,-4.79064E-01
-2.0456E-06,-4.83321E-01
-2.0448E-06,-4.81192E-01
-2.0440E-06,-4.76935E-01
-2.0432E-06,-4.87579E-01
-2.0424E-06,-4.83321E-01
-2.0416E-06,-4.81192E-01
-2.0408E-06,-4.83321E-01
-2.0400E-06,-4.79064E-01
-2.0392E-06,-4.74806E-01
-2.0384E-06,-4.79064E-01
-2.0376E-06,-4.79064E-01
-2.0368E-06,-4.79064E-01
-2.0360E-06,-4.70548E-01
-2.0352E-06,-4.79064E-01
-2.0344E-06,-4.70548E-01
-2.0336E-06,-4.81192E-01
-2.0328E-06,-4.85450E-01
-2.0320E-06,-4.72677E-01
-2.0312E-06,-4.70548E-01
-2.0304E-06,-4.87579E-01
-2.0296E-06,-4.83321E-01
-2.0288E-06,-4.81192E-01
-2.0280E-06,-4.79064E-01
-2.0272E-06,-4.83321E-01
-2.0264E-06,-4.79064E-01
-2.0256E-06,-4.83321E-01
-2.0248E-06,-4.81192E-01
-2.0240E-06,-4.74806E-01
-2.0232E-06,-4.74806E-01
-2.0224E-06,-4.81192E-01
-2.0216E-06,-4.83321E-01
-2.0208E-06,-4.76935E-01
-2.0200E-06,-4.79064E-01
-2.0192E-06,-4.81192E-01
-2.0184E-06,-4.74806E-01
-2.0176E-06,-4.76935E-01
-2.0168E-06,-4.76935E-01
-2.0160E-06,-4.76935E-01
-2.0152E-06,-4.76935E-01
-2.0144E-06,-4.81192E-01
-2.0136E-06,-4.83321E-01
-2.0128E-06,-4.81192E-01
-2.0120E-06,-4.76935E-01
-2.0112E-06,-4.72677E-01
-2.0104E-06,-4.85450E-01
-2.0096E-06,-4.79064E-01
-2.0088E-06,-4.81192E-01
-2.0080E-06,-4.76935E-01
-2.0072E-06,-4.74806E-01
-2.0064E-06,-4.83321E-01
-2.0056E-06,-4.79064E-01
-2.0048E-06,-4.83321E-01
-2.0040E-06,-4.81192E-01
-2.0032E-06,-4.72677E-01
-2.0024E-06,-4.59903E-01
-2.0016E-06,-4.08810E-01
-2.0008E-06,-2.93849E-01
-2.0000E-06,-1.15021E-01
-1.9992E-06,8.08388E-02
-1.9984E-06,2.55409E-01
-1.9976E-06,3.68241E-01
-1.9968E-06,4.38495E-01
-1.9960E-06,4.68300E-01
-1.9952E-06,4.87460E-01
-1.9944E-06,5.02362E-01
-1.9936E-06,5.06620E-01
-1.9928E-06,5.04491E-01
-1.9920E-06,5.13007E-01
-1.9912E-06,5.06620E-01
-1.9904E-06,5.25780E-01
-1.9896E-06,5.15136E-01
-1.9888E-06,5.10878E-01
-1.9880E-06,5.10878E-01
-1.9872E-06,5.19394E-01
-1.9864E-06,5.19394E-01
-1.9856E-06,5.19394E-01
-1.9848E-06,5.21522E-01
-1.9840E-06,5.21522E-01
-1.9832E-06,5.15136E-01
-1.9824E-06,5.21522E-01
-1.9816E-06,5.25780E-01
-1.9808E-06,5.21522E-01
-1.9800E-06,5.17265E-01
-1.9792E-06,5.21522E-01
-1.9784E-06,5.13007E-01
-1.9776E-06,5.21522E-01
-1.9768E-06,5.17265E-01
-1.9760E-06,5.25780E-01
-1.9752E-06,5.19394E-01
-1.9744E-06,5.21522E-01
-1.9736E-06,5.27909E-01
-1.9728E-06,5.23651E-01
-1.9720E-06,5.21522E-01
-1.9712E-06,5.25780E-01
-1.9704E-06,5.15136E-01
-1.9696E-06,5.23651E-01
-1.9688E-06,5.21522E-01
-1.9680E-06,5.21522E-01
-1.9672E-06,5.23651E-01
-1.9664E-06,5.21522E-01
-1.9656E-06,5.21522E-01
-1.9648E-06,5.27909E-01
-1.9640E-06,5.21522E-01
-1.9632E-06,5.17265E-01
-1.9624E-06,5.25780E-01
-1.9616E-06,5.19394E-01
-1.9608E-06,5.13007E-01
-1.9600E-06,5.10878E-01
-1.9592E-06,5.21522E-01
-1.9584E-06,5.21522E-01
-1.9576E-06,5.19394E-01
-1.9568E-06,5.23651E-01
-1.9560E-06,5.25780E-01
-1.9552E-06,5.21522E-01
-1.9544E-06,5.23651E-01
-1.9536E-06,5.13007E-01
-1.9528E-06,5.06620E-01
-1.9520E-06,5.19394E-01
-1.9512E-06,5.13007E-01
-1.9504E-06,5.17265E-01
-1.9496E-06,5.19394E-01
-1.9488E-06,5.17265E-01
-1.9480E-06,5.17265E-01
-1.9472E-06,5.17265E-01
-1.9464E-06,5.13007E-01
-1.9456E-06,5.27909E-01
-1.9448E-06,5.23651E-01
-1.9440E-06,5.21522E-01
-1.9432E-06,5.21522E-01
-1.9424E-06,5.21522E-01
-1.9416E-06,5.13007E-01
-1.9408E-06,5.21522E-01
-1.9400E-06,5.21522E-01
-1.9392E-06,5.15136E-01
-1.9384E-06,5.15136E-01
-1.9376E-06,5.21522E-01
-1.9368E-06,5.15136E-01
-1.9360E-06,5.13007E-01
-1.9352E-06,5.17265E-01
-1.9344E-06,5.19394E-01
-1.9336E-06,5.21522E-01
-1.9328E-06,5.19394E-01
-1.9320E-06,5.17265E-01
-1.9312E-06,5.13007E-01
-1.9304E-06,5.15136E-01
-1.9296E-06,5.19394E-01
-1.9288E-06,5.17265E-01
-1.9280E-06,5.15136E-01
-1.9272E-06,5.15136E-01
-1.9264E-06,5.17265E-01
-1.9256E-06,5.15136E-01
-1.9248E-06,5.13007E-01
-1.9240E-06,5.15136E-01
-1.9232E-06,5.19394E-01
-1.9224E-06,5.19394E-01
-1.9216E-06,5.15136E-01
-1.9208E-06,5.13007E-01
-1.9200E-06,5.17265E-01
-1.9192E-06,5.17265E-01
-1.9184E-06,5.13007E-01
-1.9176E-06,5.21522E-01
-1.9168E-06,5.21522E-01
-1.9160E-06,5.21522E-01
-1.9152E-06,5.21522E-01
-1.9144E-06,5.17265E-01
-1.9136E-06,5.17265E-01
-1.9128E-06,5.13007E-01
-1.9120E-06,5.17265E-01
-1.9112E-06,5.15136E-01
-1.9104E-06,5.21522E-01
-1.9096E-06,5.21522E-01
-1.9088E-06,5.13007E-01
-1.9080E-06,5.17265E-01
-1.9072E-06,5.19394E-01
-1.9064E-06,5.19394E-01
-1.9056E-06,5.13007E-01
-1.9048E-06,5.19394E-01
-1.9040E-06,5.17265E-01
-1.9032E-06,5.21522E-01
-1.9024E-06,5.21522E-01
-1.9016E-06,5.19394E-01
-1.9008E-06,5.21522E-01
-1.9000E-06,5.21522E-01
-1.8992E-06,5.21522E-01
-1.8984E-06,5.19394E-01
-1.8976E-06,5.15136E-01
-1.8968E-06,5.15136E-01
-1.8960E-06,5.19394E-01
-1.8952E-06,5.15136E-01
-1.8944E-06,5.19394E-01
-1.8936E-06,5.21522E-01
-1.8928E-06,5.21522E-01
-1.8920E-06,5.15136E-01
-1.8912E-06,5.25780E-01
-1.8904E-06,5.21522E-01
-1.8896E-06,5.19394E-01
-1.8888E-06,5.08749E-01
-1.8880E-06,5.23651E-01
-1.8872E-06,5.21522E-01
-1.8864E-06,5.19394E-01
-1.8856E-06,5.15136E-01
-1.8848E-06,5.23651E-01
-1.8840E-06,5.23651E-01
-1.8832E-06,5.19394E-01
-1.8824E-06,5.13007E-01
-1.8816E-06,5.25780E-01
-1.8808E-06,5.17265E-01
-1.8800E-06,5.10878E-01
-1.8792E-06,5.13007E-01
-1.8784E-06,5.08749E-01
-1.8776E-06,5.13007E-01
-1.8768E-06,5.13007E-01
-1.8760E-06,5.13007E-01
-1.8752E-06,5.21522E-01
-1.8744E-06,5.23651E-01
-1.8736E-06,5.25780E-01
-1.8728E-06,5.17265E-01
-1.8720E-06,5.21522E-01
-1.8712E-06,5.21522E-01
-1.8704E-06,5.19394E-01
-1.8696E-06,5.19394E-01
-1.8688E-06,5.23651E-01
-1.8680E-06,5.21522E-01
-1.8672E-06,5.21522E-01
-1.8664E-06,5.15136E-01
-1.8656E-06,5.13007E-01
-1.8648E-06,5.21522E-01
-1.8640E-06,5.17265E-01
-1.8632E-06,5.15136E-01
-1.8624E-06,5.21522E-01
-1.8616E-06,5.15136E-01
-1.8608E-06,5.19394E-01
-1.8600E-06,5.13007E-01
-1.8592E-06,5.19394E-01
-1.8584E-06,5.17265E-01
-1.8576E-06,5.19394E-01
-1.8568E-06,5.10878E-01
-1.8560E-06,5.17265E-01
-1.8552E-06,5.19394E-01
-1.8544E-06,5.17265E-01
-1.8536E-06,5.21522E-01
-1.8528E-06,5.21522E-01
-1.8520E-06,5.19394E-01
-1.8512E-06,5.15136E-01
-1.8504E-06,5.10878E-01
-1.8496E-06,5.13007E-01
-1.8488E-06,5.08749E-01
-1.8480E-06,5.17265E-01
-1.8472E-06,5.17265E-01
-1.8464E-06,5.19394E-01
-1.8456E-06,5.19394E-01
-1.8448E-06,5.13007E-01
-1.8440E-06,5.15136E-01
-1.8432E-06,5.23651E-01
-1.8424E-06,5.15136E-01
-1.8416E-06,5.17265E-01
-1.8408E-06,5.19394E-01
-1.8400E-06,5.13007E-01
-1.8392E-06,5.10878E-01
-1.8384E-06,5.15136E-01
-1.8376E-06,5.15136E-01
-1.8368E-06,5.13007E-01
-1.8360E-06,5.13007E-01
-1.8352E-06,5.13007E-01
-1.8344E-06,5.19394E-01
-1.8336E-06,5.19394E-01
-1.8328E-06,5.17265E-01
-1.8320E-06,5.13007E-01
-1.8312E-06,5.15136E-01
-1.8304E-06,5.19394E-01
-1.8296E-06,5.21522E-01
-1.8288E-06,5.21522E-01
-1.8280E-06,5.25780E-01
-1.8272E-06,5.21522E-01
-1.8264E-06,5.15136E-01
-1.8256E-06,5.15136E-01
-1.8248E-06,5.15136E-01
-1.8240E-06,5.15136E-01
-1.8232E-06,5.17265E-01
-1.8224E-06,5.13007E-01
-1.8216E-06,5.17265E-01
-1.8208E-06,5.13007E-01
-1.8200E-06,5.13007E-01
-1.8192E-06,5.10878E-01
-1.8184E-06,5.08749E-01
-1.8176E-06,5.13007E-01
-1.8168E-06,5.15136E-01
-1.8160E-06,5.19394E-01
-1.8152E-06,5.21522E-01
-1.8144E-06,5.13007E-01
-1.8136E-06,5.13007E-01
-1.8128E-06,5.13007E-01
-1.8120E-06,5.13007E-01
-1.8112E-06,5.13007E-01
-1.8104E-06,5.19394E-01
-1.8096E-06,5.21522E-01
-1.8088E-06,5.23651E-01
-1.8080E-06,5.23651E-01
-1.8072E-06,5.21522E-01
-1.8064E-06,5.19394E-01
-1.8056E-06,5.13007E-01
-1.8048E-06,5.17265E-01
-1.8040E-06,5.15136E-01
-1.8032E-06,5.19394E-01
-1.8024E-06,5.19394E-01
-1.8016E-06,5.15136E-01
-1.8008E-06,5.15136E-01
-1.8000E-06,5.23651E-01
-1.7992E-06,5.13007E-01
-1.7984E-06,5.19394E-01
-1.7976E-06,5.17265E-01
-1.7968E-06,5.19394E-01
-1.7960E-06,5.13007E-01
-1.7952E-06,5.13007E-01
-1.7944E-06,5.13007E-01
-1.7936E-06,5.10878E-01
-1.7928E-06,5.17265E-01
-1.7920E-06,5.17265E-01
-1.7912E-06,5.19394E-01
-1.7904E-06,5.19394E-01
-1.7896E-06,5.21522E-01
-1.7888E-06,5.19394E-01
-1.7880E-06,5.15136E-01
-1.7872E-06,5.13007E-01
-1.7864E-06,5.13007E-01
-1.7856E-06,5.13007E-01
-1.7848E-06,5.21522E-01
-1.7840E-06,5.19394E-01
-1.7832E-06,5.21522E-01
-1.7824E-06,5.13007E-01
-1.7816E-06,5.21522E-01
-1.7808E-06,5.15136E-01
-1.7800E-06,5.15136E-01
-1.7792E-06,5.15136E-01
-1.7784E-06,5.10878E-01
-1.7776E-06,5.21522E-01
-1.7768E-06,5.17265E-01
-1.7760E-06,5.19394E-01
-1.7752E-06,5.19394E-01
-1.7744E-06,5.13007E-01
-1.7736E-06,5.13007E-01
-1.7728E-06,5.15136E-01
-1.7720E-06,5.17265E-01
-1.7712E-06,5.19394E-01
-1.7704E-06,5.15136E-01
-1.7696E-06,5.10878E-01
-1.7688E-06,5.15136E-01
-1.7680E-06,5.08749E-01
-1.7672E-06,5.15136E-01
-1.7664E-06,5.19394E-01
-1.7656E-06,5.13007E-01
-1.7648E-06,5.08749E-01
-1.7640E-06,5.06620E-01
-1.7632E-06,5.06620E-01
-1.7624E-06,5.10878E-01
-1.7616E-06,5.13007E-01
-1.7608E-06,5.13007E-01
-1.7600E-06,5.23651E-01
-1.7592E-06,5.21522E-01
-1.7584E-06,5.13007E-01
-1.7576E-06,5.06620E-01
-1.7568E-06,5.13007E-01
-1.7560E-06,5.10878E-01
-1.7552E-06,5.08749E-01
-1.7544E-06,5.19394E-01
-1.7536E-06,5.19394E-01
-1.7528E-06,5.19394E-01
-1.7520E-06,5.21522E-01
-1.7512E-06,5.21522E-01
-1.7504E-06,5.15136E-01
-1.7496E-06,5.19394E-01
-1.7488E-06,5.17265E-01
-1.7480E-06,5.13007E-01
-1.7472E-06,5.15136E-01
-1.7464E-06,5.15136E-01
-1.7456E-06,5.15136E-01
-1.7448E-06,5.27909E-01
-1.7440E-06,5.15136E-01
-1.7432E-06,5.19394E-01
-1.7424E-06,5.19394E-01
-1.7416E-06,5.15136E-01
-1.7408E-06,5.19394E-01
-1.7400E-06,5.15136E-01
-1.7392E-06,5.17265E-01
-1.7384E-06,5.17265E-01
-1.7376E-06,5.10878E-01
-1.7368E-06,5.13007E-01
-1.7360E-06,5.13007E-01
-1.7352E-06,5.08749E-01
-1.7344E-06,5.06620E-01
-1.7336E-06,5.17265E-01
-1.7328E-06,5.19394E-01
-1.7320E-06,5.15136E-01
-1.7312E-06,5.15136E-01
-1.7304E-06,5.15136E-01
-1.7296E-06,5.13007E-01
-1.7288E-06,5.08749E-01
-1.7280E-06,5.15136E-01
-1.7272E-06,5.13007E-01
-1.7264E-06,5.21522E-01
-1.7256E-06,5.15136E-01
-1.7248E-06,5.21522E-01
-1.7240E-06,5.15136E-01
-1.7232E-06,5.13007E-01
-1.7224E-06,5.13007E-01
-1.7216E-06,5.15136E-01
-1.7208E-06,5.15136E-01
-1.7200E-06,5.25780E-01
-1.7192E-06,5.19394E-01
-1.7184E-06,5.19394E-01
-1.7176E-06,5.13007E-01
-1.7168E-06,5.10878E-01
-1.7160E-06,5.13007E-01
-1.7152E-06,5.17265E-01
-1.7144E-06,5.15136E-01
-1.7136E-06,5.15136E-01
-1.7128E-06,5.19394E-01
-1.7120E-06,5.15136E-01
-1.7112E-06,5.21522E-01
-1.7104E-06,5.19394E-01
-1.7096E-06,5.13007E-01
-1.7088E-06,5.21522E-01
-1.7080E-06,5.17265E-01
-1.7072E-06,5.19394E-01
-1.7064E-06,5.19394E-01
-1.7056E-06,5.10878E-01
-1.7048E-06,5.13007E-01
-1.7040E-06,5.13007E-01
-1.7032E-06,5.13007E-01
-1.7024E-06,5.15136E-01
-1.7016E-06,5.23651E-01
-1.7008E-06,5.21522E-01
-1.7000E-06,5.21522E-01
-1.6992E-06,5.13007E-01
-1.6984E-06,5.10878E-01
-1.6976E-06,5.13007E-01
-1.6968E-06,5.13007E-01
-1.6960E-06,5.17265E-01
-1.6952E-06,5.13007E-01
-1.6944E-06,5.19394E-01
-1.6936E-06,5.17265E-01
-1.6928E-06,5.17265E-01
-1.6920E-06,5.08749E-01
-1.6912E-06,5.19394E-01
-1.6904E-06,5.06620E-01
-1.6896E-06,5.19394E-01
-1.6888E-06,5.17265E-01
-1.6880E-06,5.19394E-01
-1.6872E-06,5.17265E-01
-1.6864E-06,5.15136E-01
-1.6856E-06,5.15136E-01
-1.6848E-06,5.10878E-01
-1.6840E-06,5.13007E-01
-1.6832E-06,5.13007E-01
-1.6824E-06,5.13007E-01
-1.6816E-06,5.17265E-01
-1.6808E-06,5.13007E-01
-1.6800E-06,5.06620E-01
-1.6792E-06,5.13007E-01
-1.6784E-06,5.13007E-01
-1.6776E-06,5.17265E-01
-1.6768E-06,5.15136E-01
-1.6760E-06,5.15136E-01
-1.6752E-06,5.15136E-01
-1.6744E-06,5.21522E-01
-1.6736E-06,5.10878E-01
-1.6728E-06,5.10878E-01
-1.6720E-06,5.13007E-01
-1.6712E-06,5.17265E-01
-1.6704E-06,5.13007E-01
-1.6696E-06,5.15136E-01
-1.6688E-06,4.83202E-01
-1.6680E-06,4.02304E-01
-1.6672E-06,2.66054E-01
-1.6664E-06,7.65810E-02
-1.6656E-06,-1.17149E-01
-1.6648E-06,-2.68302E-01
-1.6640E-06,-3.55587E-01
-1.6632E-06,-4.15196E-01
-1.6624E-06,-4.47130E-01
-1.6616E-06,-4.59903E-01
-1.6608E-06,-4.66290E-01
-1.6600E-06,-4.74806E-01
-1.6592E-06,-4.70548E-01
-1.6584E-06,-4.74806E-01
-1.6576E-06,-4.74806E-01
-1.6568E-06,-4.83321E-01
-1.6560E-06,-4.79064E-01
-1.6552E-06,-4.79064E-01
-1.6544E-06,-4.81192E-01
-1.6536E-06,-4.76935E-01
-1.6528E-06,-4.79064E-01
-1.6520E-06,-4.79064E-01
-1.6512E-06,-4.85450E-01
-1.6504E-06,-4.83321E-01
-1.6496E-06,-4.83321E-01
-1.6488E-06,-4.83321E-01
-1.6480E-06,-4.85450E-01
-1.6472E-06,-4.83321E-01
-1.6464E-06,-4.74806E-01
-1.6456E-06,-4.81192E-01
-1.6448E-06,-4.81192E-01
-1.6440E-06,-4.85450E-01
-1.6432E-06,-4.91837E-01
-1.6424E-06,-4.79064E-01
-1.6416E-06,-4.93966E-01
-1.6408E-06,-4.85450E-01
-1.6400E-06,-5.00353E-01
-1.6392E-06,-5.00353E-01
-1.6384E-06,-4.93966E-01
-1.6376E-06,-4.87579E-01
-1.6368E-06,-4.87579E-01
-1.6360E-06,-4.81192E-01
-1.6352E-06,-4.85450E-01
-1.6344E-06,-4.81192E-01
-1.6336E-06,-4.81192E-01
-1.6328E-06,-4.87579E-01
-1.6320E-06,-4.85450E-01
-1.6312E-06,-4.87579E-01
-1.6304E-06,-4.85450E-01
-1.6296E-06,-4.85450E-01
-1.6288E-06,-4.81192E-01
-1.6280E-06,-4.83321E-01
-1.6272E-06,-4.89708E-01
-1.6264E-06,-4.85450E-01
-1.6256E-06,-4.79064E-01
-1.6248E-06,-4.87579E-01
-1.6240E-06,-4.85450E-01
-1.6232E-06,-4.79064E-01
-1.6224E-06,-4.85450E-01
-1.6216E-06,-4.79064E-01
-1.6208E-06,-4.79064E-01
-1.6200E-06,-4.87579E-01
-1.6192E-06,-4.79064E-01
-1.6184E-06,-4.79064E-01
-1.6176E-06,-4.87579E-01
-1.6168E-06,-4.83321E-01
-1.6160E-06,-4.89708E-01
-1.6152E-06,-4.85450E-01
-1.6144E-06,-4.81192E-01
-1.6136E-06,-4.83321E-01
-1.6128E-06,-4.85450E-01
-1.6120E-06,-4.89708E-01
-1.6112E-06,-4.76935E-01
-1.6104E-06,-4.83321E-01
-1.6096E-06,-4.81192E-01
-1.6088E-06,-4.81192E-01
-1.6080E-06,-4.83321E-01
-1.6072E-06,-4.79064E-01
-1.6064E-06,-4.81192E-01
-1.6056E-06,-4.83321E-01
-1.6048E-06,-4.76935E-01
-1.6040E-06,-4.79064E-01
-1.6032E-06,-4.83321E-01
-1.6024E-06,-4.83321E-01
-1.6016E-06,-4.85450E-01
-1.6008E-06,-4.81192E-01
-1.6000E-06,-4.85450E-01
-1.5992E-06,-4.83321E-01
-1.5984E-06,-4.87579E-01
-1.5976E-06,-4.79064E-01
-1.5968E-06,-4.81192E-01
-1.5960E-06,-4.85450E-01
-1.5952E-06,-4.81192E-01
-1.5944E-06,-4.83321E-01
-1.5936E-06,-4.79064E-01
-1.5928E-06,-4.79064E-01
-1.5920E-06,-4.87579E-01
-1.5912E-06,-4.83321E-01
-1.5904E-06,-4.85450E-01
-1.5896E-06,-4.89708E-01
-1.5888E-06,-4.79064E-01
-1.5880E-06,-4.83321E-01
-1.5872E-06,-4.79064E-01
-1.5864E-06,-4.81192E-01
-1.5856E-06,-4.87579E-01
-1.5848E-06,-4.83321E-01
-1.5840E-06,-4.83321E-01
-1.5832E-06,-4.85450E-01
-1.5824E-06,-4.81192E-01
-1.5816E-06,-4.85450E-01
-1.5808E-06,-4.87579E-01
-1.5800E-06,-4.81192E-01
-1.5792E-06,-4.81192E-01
-1.5784E-06,-4.72677E-01
-1.5776E-06,-4.74806E-01
-1.5768E-06,-4.79064E-01
-1.5760E-06,-4.81192E-01
-1.5752E-06,-4.81192E-01
-1.5744E-06,-4.85450E-01
-1.5736E-06,-4.83321E-01
-1.5728E-06,-4.83321E-01
-1.5720E-06,-4.79064E-01
-1.5712E-06,-4.89708E-01
-1.5704E-06,-4.76935E-01
-1.5696E-06,-4.85450E-01
-1.5688E-06,-4.81192E-01
-1.5680E-06,-4.83321E-01
-1.5672E-06,-4.85450E-01
-1.5664E-06,-4.81192E-01
-1.5656E-06,-4.81192E-01
-1.5648E-06,-4.91837E-01
-1.5640E-06,-4.83321E-01
-1.5632E-06,-4.89708E-01
-1.5624E-06,-4.85450E-01
-1.5616E-06,-4.85450E-01
-1.5608E-06,-4.87579E-01
-1.5600E-06,-4.87579E-01
-1.5592E-06,-4.83321E-01
-1.5584E-06,-4.81192E-01
-1.5576E-06,-4.74806E-01
-1.5568E-06,-4.79064E-01
-1.5560E-06,-4.83321E-01
-1.5552E-06,-4.85450E-01
-1.5544E-06,-4.89708E-01
-1.5536E-06,-4.85450E-01
-1.5528E-06,-4.81192E-01
-1.5520E-06,-4.79064E-01
-1.5512E-06,-4.81192E-01
-1.5504E-06,-4.81192E-01
-1.5496E-06,-4.85450E-01
-1.5488E-06,-4.79064E-01
-1.5480E-06,-4.76935E-01
-1.5472E-06,-4.74806E-01
-1.5464E-06,-4.87579E-01
-1.5456E-06,-4.81192E-01
-1.5448E-06,-4.85450E-01
-1.5440E-06,-4.91837E-01
-1.5432E-06,-4.85450E-01
-1.5424E-06,-4.74806E-01
-1.5416E-06,-4.81192E-01
-1.5408E-06,-4.83321E-01
-1.5400E-06,-4.76935E-01
-1.5392E-06,-4.81192E-01
-1.5384E-06,-4.79064E-01
-1.5376E-06,-4.81192E-01
-1.5368E-06,-4.83321E-01
-1.5360E-06,-4.74806E-01
-1.5352E-06,-4.83321E-01
-1.5344E-06,-4.81192E-01
-1.5336E-06,-4.76935E-01
-1.5328E-06,-4.81192E-01
-1.5320E-06,-4.79064E-01
-1.5312E-06,-4.87579E-01
-1.5304E-06,-4.76935E-01
-1.5296E-06,-4.76935E-01
-1.5288E-06,-4.79064E-01
-1.5280E-06,-4.79064E-01
-1.5272E-06,-4.89708E-01
-1.5264E-06,-4.83321E-01
-1.5256E-06,-4.85450E-01
-1.5248E-06,-4.83321E-01
-1.5240E-06,-4.79064E-01
-1.5232E-06,-4.72677E-01
-1.5224E-06,-4.74806E-01
-1.5216E-06,-4.81192E-01
-1.5208E-06,-4.85450E-01
-1.5200E-06,-4.85450E-01
-1.5192E-06,-4.87579E-01
-1.5184E-06,-4.79064E-01
-1.5176E-06,-4.79064E-01
-1.5168E-06,-4.83321E-01
-1.5160E-06,-4.83321E-01
-1.5152E-06,-4.79064E-01
-1.5144E-06,-4.83321E-01
-1.5136E-06,-4.79064E-01
-1.5128E-06,-4.79064E-01
-1.5120E-06,-4.85450E-01
-1.5112E-06,-4.79064E-01
-1.5104E-06,-4.76935E-01
-1.5096E-06,-4.76935E-01
-1.5088E-06,-4.81192E-01
-1.5080E-06,-4.79064E-01
-1.5072E-06,-4.81192E-01
-1.5064E-06,-4.79064E-01
-1.5056E-06,-4.76935E-01
-1.5048E-06,-4.83321E-01
-1.5040E-06,-4.79064E-01
-1.5032E-06,-4.81192E-01
-1.5024E-06,-4.81192E-01
-1.5016E-06,-4.76935E-01
-1.5008E-06,-4.79064E-01
-1.5000E-06,-4.72677E-01
-1.4992E-06,-4.76935E-01
-1.4984E-06,-4.79064E-01
-1.4976E-06,-4.83321E-01
-1.4968E-06,-4.87579E-01
-1.4960E-06,-4.81192E-01
-1.4952E-06,-4.81192E-01
-1.4944E-06,-4.79064E-01
-1.4936E-06,-4.79064E-01
-1.4928E-06,-4.79064E-01
-1.4920E-06,-4.85450E-01
-1.4912E-06,-4.72677E-01
-1.4904E-06,-4.81192E-01
-1.4896E-06,-4.79064E-01
-1.4888E-06,-4.85450E-01
-1.4880E-06,-4.87579E-01
-1.4872E-06,-4.85450E-01
-1.4864E-06,-4.74806E-01
-1.4856E-06,-4.81192E-01
-1.4848E-06,-4.83321E-01
-1.4840E-06,-4.79064E-01
-1.4832E-06,-4.79064E-01
-1.4824E-06,-4.85450E-01
-1.4816E-06,-4.79064E-01
-1.4808E-06,-4.79064E-01
-1.4800E-06,-4.76935E-01
-1.4792E-06,-4.81192E-01
-1.4784E-06,-4.85450E-01
-1.4776E-06,-4.85450E-01
-1.4768E-06,-4.89708E-01
-1.4760E-06,-4.89708E-01
-1.4752E-06,-4.85450E-01
-1.4744E-06,-4.79064E-01
-1.4736E-06,-4.79064E-01
-1.4728E-06,-4.79064E-01
-1.4720E-06,-4.79064E-01
-1.4712E-06,-4.79064E-01
-1.4704E-06,-4.85450E-01
-1.4696E-06,-4.81192E-01
-1.4688E-06,-4.85450E-01
-1.4680E-06,-4.81192E-01
-1.4672E-06,-4.74806E-01
-1.4664E-06,-4.83321E-01
-1.4656E-06,-4.81192E-01
-1.4648E-06,-4.83321E-01
-1.4640E-06,-4.83321E-01
-1.4632E-06,-4.79064E-01
-1.4624E-06,-4.79064E-01
-1.4616E-06,-4.74806E-01
-1.4608E-06,-4.83321E-01
-1.4600E-06,-4.81192E-01
-1.4592E-06,-4.76935E-01
-1.4584E-06,-4.79064E-01
-1.4576E-06,-4.81192E-01
-1.4568E-06,-4.85450E-01
-1.4560E-06,-4.74806E-01
-1.4552E-06,-4.85450E-01
-1.4544E-06,-4.79064E-01
-1.4536E-06,-4.79064E-01
-1.4528E-06,-4.70548E-01
-1.4520E-06,-4.89708E-01
-1.4512E-06,-4.79064E-01
-1.4504E-06,-4.79064E-01
-1.4496E-06,-4.72677E-01
-1.4488E-06,-4.66290E-01
-1.4480E-06,-4.74806E-01
-1.4472E-06,-4.72677E-01
-1.4464E-06,-4.81192E-01
-1.4456E-06,-4.83321E-01
-1.4448E-06,-4.83321E-01
-1.4440E-06,-4.79064E-01
-1.4432E-06,-4.85450E-01
-1.4424E-06,-4.81192E-01
-1.4416E-06,-4.89708E-01
-1.4408E-06,-4.83321E-01
-1.4400E-06,-4.79064E-01
-1.4392E-06,-4.72677E-01
-1.4384E-06,-4.81192E-01
-1.4376E-06,-4.79064E-01
-1.4368E-06,-4.85450E-01
-1.4360E-06,-4.85450E-01
-1.4352E-06,-4.79064E-01
-1.4344E-06,-4.85450E-01
-1.4336E-06,-4.79064E-01
-1.4328E-06,-4.81192E-01
-1.4320E-06,-4.76935E-01
-1.4312E-06,-4.85450E-01
-1.4304E-06,-4.87579E-01
-1.4296E-06,-4.76935E-01
-1.4288E-06,-4.79064E-01
-1.4280E-06,-4.85450E-01
-1.4272E-06,-4.85450E-01
-1.4264E-06,-4.79064E-01
-1.4256E-06,-4.76935E-01
-1.4248E-06,-4.79064E-01
-1.4240E-06,-4.76935E-01
-1.4232E-06,-4.79064E-01
-1.4224E-06,-4.85450E-01
-1.4216E-06,-4.76935E-01
-1.4208E-06,-4.70548E-01
-1.4200E-06,-4.76935E-01
-1.4192E-06,-4.76935E-01
-1.4184E-06,-4.79064E-01
-1.4176E-06,-4.81192E-01
-1.4168E-06,-4.79064E-01
-1.4160E-06,-4.87579E-01
-1.4152E-06,-4.83321E-01
-1.4144E-06,-4.76935E-01
-1.4136E-06,-4.79064E-01
-1.4128E-06,-4.79064E-01
-1.4120E-06,-4.74806E-01
-1.4112E-06,-4.79064E-01
-1.4104E-06,-4.79064E-01
-1.4096E-06,-4.70548E-01
-1.4088E-06,-4.83321E-01
-1.4080E-06,-4.72677E-01
-1.4072E-06,-4.76935E-01
-1.4064E-06,-4.74806E-01
-1.4056E-06,-4.76935E-01
-1.4048E-06,-4.85450E-01
-1.4040E-06,-4.85450E-01
-1.4032E-06,-4.87579E-01
-1.4024E-06,-4.83321E-01
-1.4016E-06,-4.81192E-01
-1.4008E-06,-4.79064E-01
-1.4000E-06,-4.76935E-01
-1.3992E-06,-4.83321E-01
-1.3984E-06,-4.85450E-01
-1.3976E-06,-4.79064E-01
-1.3968E-06,-4.79064E-01
-1.3960E-06,-4.79064E-01
-1.3952E-06,-4.83321E-01
-1.3944E-06,-4.79064E-01
-1.3936E-06,-4.79064E-01
-1.3928E-06,-4.87579E-01
-1.3920E-06,-4.83321E-01
-1.3912E-06,-4.74806E-01
-1.3904E-06,-4.81192E-01
-1.3896E-06,-4.74806E-01
-1.3888E-06,-4.79064E-01
-1.3880E-06,-4.83321E-01
-1.3872E-06,-4.85450E-01
-1.3864E-06,-4.70548E-01
-1.3856E-06,-4.83321E-01
-1.3848E-06,-4.79064E-01
-1.3840E-06,-4.76935E-01
-1.3832E-06,-4.83321E-01
-1.3824E-06,-4.76935E-01
-1.3816E-06,-4.79064E-01
-1.3808E-06,-4.79064E-01
-1.3800E-06,-4.76935E-01
-1.3792E-06,-4.79064E-01
-1.3784E-06,-4.76935E-01
-1.3776E-06,-4.76935E-01
-1.3768E-06,-4.79064E-01
-1.3760E-06,-4.81192E-01
-1.3752E-06,-4.81192E-01
-1.3744E-06,-4.79064E-01
-1.3736E-06,-4.79064E-01
-1.3728E-06,-4.81192E-01
-1.3720E-06,-4.76935E-01
-1.3712E-06,-4.87579E-01
-1.3704E-06,-4.76935E-01
-1.3696E-06,-4.81192E-01
-1.3688E-06,-4.79064E-01
-1.3680E-06,-4.79064E-01
-1.3672E-06,-4.79064E-01
-1.3664E-06,-4.81192E-01
-1.3656E-06,-4.79064E-01
-1.3648E-06,-4.87579E-01
-1.3640E-06,-4.79064E-01
-1.3632E-06,-4.83321E-01
-1.3624E-06,-4.79064E-01
-1.3616E-06,-4.85450E-01
-1.3608E-06,-4.79064E-01
-1.3600E-06,-4.81192E-01
-1.3592E-06,-4.85450E-01
-1.3584E-06,-4.79064E-01
-1.3576E-06,-4.85450E-01
-1.3568E-06,-4.79064E-01
-1.3560E-06,-4.83321E-01
-1.3552E-06,-4.76935E-01
-1.3544E-06,-4.83321E-01
-1.3536E-06,-4.79064E-01
-1.3528E-06,-4.79064E-01
-1.3520E-06,-4.79064E-01
-1.3512E-06,-4.76935E-01
-1.3504E-06,-4.79064E-01
-1.3496E-06,-4.74806E-01
-1.3488E-06,-4.79064E-01
-1.3480E-06,-4.79064E-01
-1.3472E-06,-4.79064E-01
-1.3464E-06,-4.79064E-01
-1.3456E-06,-4.83321E-01
-1.3448E-06,-4.85450E-01
-1.3440E-06,-4.83321E-01
-1.3432E-06,-4.81192E-01
-1.3424E-06,-4.79064E-01
-1.3416E-06,-4.79064E-01
-1.3408E-06,-4.76935E-01
-1.3400E-06,-4.76935E-01
-1.3392E-06,-4.85450E-01
-1.3384E-06,-4.81192E-01
-1.3376E-06,-4.76935E-01
-1.3368E-06,-4.76935E-01
-1.3360E-06,-4.62032E-01
-1.3352E-06,-4.23712E-01
-1.3344E-06,-3.36427E-01
-1.3336E-06,-1.72501E-01
-1.3328E-06,2.12295E-02
-1.3320E-06,2.10702E-01
-1.3312E-06,3.40565E-01
-1.3304E-06,4.21464E-01
-1.3296E-06,4.68300E-01
-1.3288E-06,4.85331E-01
-1.3280E-06,5.00233E-01
-1.3272E-06,5.04491E-01
-1.3264E-06,5.06620E-01
-1.3256E-06,5.06620E-01
-1.3248E-06,5.10878E-01
-1.3240E-06,5.06620E-01
-1.3232E-06,5.08749E-01
-1.3224E-06,5.10878E-01
-1.3216E-06,5.19394E-01
-1.3208E-06,5.19394E-01
-1.3200E-06,5.19394E-01
-1.3192E-06,5.21522E-01
-1.3184E-06,5.27909E-01
-1.3176E-06,5.19394E-01
-1.3168E-06,5.21522E-01
-1.3160E-06,5.30038E-01
-1.3152E-06,5.30038E-01
-1.3144E-06,5.27909E-01
-1.3136E-06,5.23651E-01
-1.3128E-06,5.15136E-01
-1.3120E-06,5.23651E-01
-1.3112E-06,5.23651E-01
-1.3104E-06,5.23651E-01
-1.3096E-06,5.25780E-01
-1.3088E-06,5.25780E-01
-1.3080E-06,5.21522E-01
-1.3072E-06,5.25780E-01
-1.3064E-06,5.23651E-01
-1.3056E-06,5.27909E-01
-1.3048E-06,5.27909E-01
-1.3040E-06,5.21522E-01
-1.3032E-06,5.21522E-01
-1.3024E-06,5.17265E-01
-1.3016E-06,5.13007E-01
-1.3008E-06,5.13007E-01
-1.3000E-06,5.25780E-01
-1.2992E-06,5.19394E-01
-1.2984E-06,5.15136E-01
-1.2976E-06,5.27909E-01
-1.2968E-06,5.23651E-01
-1.2960E-06,5.27909E-01
-1.2952E-06,5.13007E-01
-1.2944E-06,5.13007E-01
-1.2936E-06,5.15136E-01
-1.2928E-06,5.13007E-01
-1.2920E-06,5.15136E-01
-1.2912E-06,5.23651E-01
-1.2904E-06,5.19394E-01
-1.2896E-06,5.21522E-01
-1.2888E-06,5.21522E-01
-1.2880E-06,5.15136E-01
-1.2872E-06,5.13007E-01
-1.2864E-06,5.19394E-01
-1.2856E-06,5.19394E-01
-1.2848E-06,5.19394E-01
-1.2840E-06,5.17265E-01
-1.2832E-06,5.23651E-01
-1.2824E-06,5.23651E-01
-1.2816E-06,5.15136E-01
-1.2808E-06,5.13007E-01
-1.2800E-06,5.17265E-01
-1.2792E-06,5.15136E-01
-1.2784E-06,5.21522E-01
-1.2776E-06,5.21522E-01
-1.2768E-06,5.17265E-01
-1.2760E-06,5.19394E-01
-1.2752E-06,5.13007E-01
-1.2744E-06,5.10878E-01
-1.2736E-06,5.23651E-01
-1.2728E-06,5.23651E-01
-1.2720E-06,5.21522E-01
-1.2712E-06,5.25780E-01
-1.2704E-06,5.21522E-01
-1.2696E-06,5.17265E-01
-1.2688E-06,5.21522E-01
-1.2680E-06,5.15136E-01
-1.2672E-06,5.17265E-01
-1.2664E-06,5.19394E-01
-1.2656E-06,5.15136E-01
-1.2648E-06,5.19394E-01
-1.2640E-06,5.10878E-01
-1.2632E-06,5.15136E-01
-1.2624E-06,5.13007E-01
-1.2616E-06,5.06620E-01
-1.2608E-06,5.25780E-01
-1.2600E-06,5.17265E-01
-1.2592E-06,5.21522E-01
-1.2584E-06,5.19394E-01
-1.2576E-06,5.19394E-01
-1.2568E-06,5.21522E-01
-1.2560E-06,5.17265E-01
-1.2552E-06,5.21522E-01
-1.2544E-06,5.17265E-01
-1.2536E-06,5.17265E-01
-1.2528E-06,5.13007E-01
-1.2520E-06,5.19394E-01
-1.2512E-06,5.21522E-01
-1.2504E-06,5.19394E-01
-1.2496E-06,5.17265E-01
-1.2488E-06,5.15136E-01
-1.2480E-06,5.15136E-01
-1.2472E-06,5.17265E-01
-1.2464E-06,5.19394E-01
-1.2456E-06,5.23651E-01
-1.2448E-06,5.25780E-01
-1.2440E-06,5.23651E-01
-1.2432E-06,5.21522E-01
-1.2424E-06,5.21522E-01
-1.2416E-06,5.19394E-01
-1.2408E-06,5.15136E-01
-1.2400E-06,5.21522E-01
-1.2392E-06,5.21522E-01
-1.2384E-06,5.21522E-01
-1.2376E-06,5.15136E-01
-1.2368E-06,5.15136E-01
-1.2360E-06,5.13007E-01
-1.2352E-06,5.17265E-01
-1.2344E-06,5.13007E-01
-1.2336E-06,5.13007E-01
-1.2328E-06,5.13007E-01
-1.2320E-06,5.17265E-01
-1.2312E-06,5.21522E-01
-1.2304E-06,5.19394E-01
-1.2296E-06,5.19394E-01
-1.2288E-06,5.23651E-01
-1.2280E-06,5.19394E-01
-1.2272E-06,5.25780E-01
-1.2264E-06,5.19394E-01
-1.2256E-06,5.21522E-01
-1.2248E-06,5.19394E-01
-1.2240E-06,5.21522E-01
-1.2232E-06,5.15136E-01
-1.2224E-06,5.13007E-01
-1.2216E-06,5.21522E-01
-1.2208E-06,5.19394E-01
-1.2200E-06,5.19394E-01
-1.2192E-06,5.21522E-01
-1.2184E-06,5.19394E-01
-1.2176E-06,5.23651E-01
-1.2168E-06,5.19394E-01
-1.2160E-06,5.23651E-01
-1.2152E-06,5.17265E-01
-1.2144E-06,5.13007E-01
-1.2136E-06,5.15136E-01
-1.2128E-06,5.21522E-01
-1.2120E-06,5.21522E-01
-1.2112E-06,5.19394E-01
-1.2104E-06,5.13007E-01
-1.2096E-06,5.19394E-01
-1.2088E-06,5.13007E-01
-1.2080E-06,5.17265E-01
-1.2072E-06,5.13007E-01
-1.2064E-06,5.17265E-01
-1.2056E-06,5.17265E-01
-1.2048E-06,5.13007E-01
-1.2040E-06,5.13007E-01
-1.2032E-06,5.15136E-01
-1.2024E-06,5.19394E-01
-1.2016E-06,5.19394E-01
-1.2008E-06,5.25780E-01
-1.2000E-06,5.15136E-01
-1.1992E-06,5.13007E-01
-1.1984E-06,5.13007E-01
-1.1976E-06,5.21522E-01
-1.1968E-06,5.21522E-01
-1.1960E-06,5.17265E-01
-1.1952E-06,5.21522E-01
-1.1944E-06,5.19394E-01
-1.1936E-06,5.21522E-01
-1.1928E-06,5.21522E-01
-1.1920E-06,5.19394E-01
-1.1912E-06,5.13007E-01
-1.1904E-06,5.17265E-01
-1.1896E-06,5.25780E-01
-1.1888E-06,5.21522E-01
-1.1880E-06,5.17265E-01
-1.1872E-06,5.15136E-01
-1.1864E-06,5.15136E-01
-1.1856E-06,5.13007E-01
-1.1848E-06,5.10878E-01
-1.1840E-06,5.15136E-01
-1.1832E-06,5.17265E-01
-1.1824E-06,5.13007E-01
-1.1816E-06,5.15136E-01
-1.1808E-06,5.17265E-01
-1.1800E-06,5.08749E-01
-1.1792E-06,5.08749E-01
-1.1784E-06,5.08749E-01
-1.1776E-06,5.21522E-01
-1.1768E-06,5.15136E-01
-1.1760E-06,5.23651E-01
-1.1752E-06,5.21522E-01
-1.1744E-06,5.17265E-01
-1.1736E-06,5.17265E-01
-1.1728E-06,5.17265E-01
-1.1720E-06,5.15136E-01
-1.1712E-06,5.15136E-01
-1.1704E-06,5.19394E-01
-1.1696E-06,5.21522E-01
-1.1688E-06,5.19394E-01
-1.1680E-06,5.13007E-01
-1.1672E-06,5.19394E-01
-1.1664E-06,5.08749E-01
-1.1656E-06,5.15136E-01
-1.1648E-06,5.21522E-01
-1.1640E-06,5.19394E-01
-1.1632E-06,5.19394E-01
-1.1624E-06,5.13007E-01
-1.1616E-06,5.15136E-01
-1.1608E-06,5.19394E-01
-1.1600E-06,5.13007E-01
-1.1592E-06,5.17265E-01
-1.1584E-06,5.15136E-01
-1.1576E-06,5.15136E-01
-1.1568E-06,5.17265E-01
-1.1560E-06,5.17265E-01
-1.1552E-06,5.21522E-01
-1.1544E-06,5.15136E-01
-1.1536E-06,5.27909E-01
-1.1528E-06,5.15136E-01
-1.1520E-06,5.17265E-01
-1.1512E-06,5.17265E-01
-1.1504E-06,5.13007E-01
-1.1496E-06,5.13007E-01
-1.1488E-06,5.04491E-01
-1.1480E-06,5.13007E-01
-1.1472E-06,5.08749E-01
-1.1464E-06,5.13007E-01
-1.1456E-06,5.17265E-01
-1.1448E-06,5.15136E-01
-1.1440E-06,5.15136E-01
-1.1432E-06,5.19394E-01
-1.1424E-06,5.21522E-01
-1.1416E-06,5.19394E-01
-1.1408E-06,5.13007E-01
-1.1400E-06,5.13007E-01
-1.1392E-06,5.17265E-01
-1.1384E-06,5.13007E-01
-1.1376E-06,5.15136E-01
-1.1368E-06,5.19394E-01
-1.1360E-06,5.21522E-01
-1.1352E-06,5.15136E-01
-1.1344E-06,5.21522E-01
-1.1336E-06,5.17265E-01
-1.1328E-06,5.19394E-01
-1.1320E-06,5.21522E-01
-1.1312E-06,5.21522E-01
-1.1304E-06,5.13007E-01
-1.1296E-06,5.13007E-01
-1.1288E-06,5.13007E-01
-1.1280E-06,5.13007E-01
-1.1272E-06,5.13007E-01
-1.1264E-06,5.13007E-01
-1.1256E-06,5.25780E-01
-1.1248E-06,5.23651E-01
-1.1240E-06,5.21522E-01
-1.1232E-06,5.15136E-01
-1.1224E-06,5.15136E-01
-1.1216E-06,5.19394E-01
-1.1208E-06,5.23651E-01
-1.1200E-06,5.27909E-01
-1.1192E-06,5.17265E-01
-1.1184E-06,5.13007E-01
-1.1176E-06,5.13007E-01
-1.1168E-06,5.17265E-01
-1.1160E-06,5.10878E-01
-1.1152E-06,5.19394E-01
-1.1144E-06,5.10878E-01
-1.1136E-06,5.19394E-01
-1.1128E-06,5.17265E-01
-1.1120E-06,5.23651E-01
-1.1112E-06,5.17265E-01
-1.1104E-06,5.17265E-01
-1.1096E-06,5.13007E-01
-1.1088E-06,5.13007E-01
-1.1080E-06,5.13007E-01
-1.1072E-06,5.17265E-01
-1.1064E-06,5.15136E-01
-1.1056E-06,5.19394E-01
-1.1048E-06,5.21522E-01
-1.1040E-06,5.21522E-01
-1.1032E-06,5.27909E-01
-1.1024E-06,5.21522E-01
-1.1016E-06,5.10878E-01
-1.1008E-06,5.13007E-01
-1.1000E-06,5.13007E-01
-1.0992E-06,5.17265E-01
-1.0984E-06,5.15136E-01
-1.0976E-06,5.13007E-01
-1.0968E-06,5.15136E-01
-1.0960E-06,5.19394E-01
-1.0952E-06,5.23651E-01
-1.0944E-06,5.21522E-01
-1.0936E-06,5.15136E-01
-1.0928E-06,5.13007E-01
-1.0920E-06,5.21522E-01
-1.0912E-06,5.15136E-01
-1.0904E-06,5.17265E-01
-1.0896E-06,5.10878E-01
-1.0888E-06,5.08749E-01
-1.0880E-06,5.23651E-01
-1.0872E-06,5.21522E-01
-1.0864E-06,5.21522E-01
-1.0856E-06,5.21522E-01
-1.0848E-06,5.19394E-01
-1.0840E-06,5.19394E-01
-1.0832E-06,5.17265E-01
-1.0824E-06,5.13007E-01
-1.0816E-06,5.13007E-01
-1.0808E-06,5.21522E-01
-1.0800E-06,5.17265E-01
-1.0792E-06,5.13007E-01
-1.0784E-06,5.13007E-01
-1.0776E-06,5.19394E-01
-1.0768E-06,5.21522E-01
-1.0760E-06,5.25780E-01
-1.0752E-06,5.19394E-01
-1.0744E-06,5.15136E-01
-1.0736E-06,5.21522E-01
-1.0728E-06,5.17265E-01
-1.0720E-06,5.17265E-01
-1.0712E-06,5.17265E-01
-1.0704E-06,5.13007E-01
-1.0696E-06,5.10878E-01
-1.0688E-06,5.21522E-01
-1.0680E-06,5.19394E-01
-1.0672E-06,5.19394E-01
-1.0664E-06,5.19394E-01
-1.0656E-06,5.23651E-01
-1.0648E-06,5.19394E-01
-1.0640E-06,5.15136E-01
-1.0632E-06,5.21522E-01
-1.0624E-06,5.21522E-01
-1.0616E-06,5.15136E-01
-1.0608E-06,5.19394E-01
-1.0600E-06,5.17265E-01
-1.0592E-06,5.17265E-01
-1.0584E-06,5.19394E-01
-1.0576E-06,5.15136E-01
-1.0568E-06,5.15136E-01
-1.0560E-06,5.13007E-01
-1.0552E-06,5.21522E-01
-1.0544E-06,5.23651E-01
-1.0536E-06,5.27909E-01
-1.0528E-06,5.21522E-01
-1.0520E-06,5.15136E-01
-1.0512E-06,5.21522E-01
-1.0504E-06,5.13007E-01
-1.0496E-06,5.17265E-01
-1.0488E-06,5.15136E-01
-1.0480E-06,5.21522E-01
-1.0472E-06,5.15136E-01
-1.0464E-06,5.19394E-01
-1.0456E-06,5.19394E-01
-1.0448E-06,5.19394E-01
-1.0440E-06,5.13007E-01
-1.0432E-06,5.25780E-01
-1.0424E-06,5.21522E-01
-1.0416E-06,5.21522E-01
-1.0408E-06,5.13007E-01
-1.0400E-06,5.15136E-01
-1.0392E-06,5.13007E-01
-1.0384E-06,5.13007E-01
-1.0376E-06,5.13007E-01
-1.0368E-06,5.19394E-01
-1.0360E-06,5.21522E-01
-1.0352E-06,5.19394E-01
-1.0344E-06,5.23651E-01
-1.0336E-06,5.15136E-01
-1.0328E-06,5.15136E-01
-1.0320E-06,5.13007E-01
-1.0312E-06,5.17265E-01
-1.0304E-06,5.15136E-01
-1.0296E-06,5.17265E-01
-1.0288E-06,5.21522E-01
-1.0280E-06,5.15136E-01
-1.0272E-06,5.21522E-01
-1.0264E-06,5.13007E-01
-1.0256E-06,5.13007E-01
-1.0248E-06,5.13007E-01
-1.0240E-06,5.21522E-01
-1.0232E-06,5.15136E-01
-1.0224E-06,5.21522E-01
-1.0216E-06,5.17265E-01
-1.0208E-06,5.19394E-01
-1.0200E-06,5.13007E-01
-1.0192E-06,5.19394E-01
-1.0184E-06,5.10878E-01
-1.0176E-06,5.17265E-01
-1.0168E-06,5.17265E-01
-1.0160E-06,5.10878E-01
-1.0152E-06,5.13007E-01
-1.0144E-06,5.13007E-01
-1.0136E-06,5.13007E-01
-1.0128E-06,5.15136E-01
-1.0120E-06,5.13007E-01
-1.0112E-06,5.13007E-01
-1.0104E-06,5.19394E-01
-1.0096E-06,5.21522E-01
-1.0088E-06,5.15136E-01
-1.0080E-06,5.21522E-01
-1.0072E-06,5.19394E-01
-1.0064E-06,5.21522E-01
-1.0056E-06,5.21522E-01
-1.0048E-06,5.21522E-01
-1.0040E-06,5.17265E-01
-1.0032E-06,5.15136E-01
-1.0024E-06,5.00233E-01
-1.0016E-06,4.40624E-01
-1.0008E-06,3.17147E-01
-1.0000E-06,1.42577E-01
-9.9920E-07,-5.11534E-02
-9.9840E-07,-2.23595E-01
-9.9760E-07,-3.38556E-01
-9.9680E-07,-3.98165E-01
-9.9600E-07,-4.25841E-01
-9.9520E-07,-4.53517E-01
-9.9440E-07,-4.62032E-01
-9.9360E-07,-4.68419E-01
-9.9280E-07,-4.68419E-01
-9.9200E-07,-4.62032E-01
-9.9120E-07,-4.72677E-01
-9.9040E-07,-4.79064E-01
-9.8960E-07,-4.72677E-01
-9.8880E-07,-4.83321E-01
-9.8800E-07,-4.81192E-01
-9.8720E-07,-4.83321E-01
-9.8640E-07,-4.74806E-01
-9.8560E-07,-4.83321E-01
-9.8480E-07,-4.79064E-01
-9.8400E-07,-4.81192E-01
-9.8320E-07,-4.74806E-01
-9.8240E-07,-4.81192E-01
-9.8160E-07,-4.79064E-01
-9.8080E-07,-4.89708E-01
-9.8000E-07,-4.81192E-01
-9.7920E-07,-4.81192E-01
-9.7840E-07,-4.85450E-01
-9.7760E-07,-4.89708E-01
-9.7680E-07,-4.81192E-01
-9.7600E-07,-4.83321E-01
-9.7520E-07,-4.85450E-01
-9.7440E-07,-4.85450E-01
-9.7360E-07,-4.91837E-01
-9.7280E-07,-4.89708E-01
-9.7200E-07,-4.89708E-01
-9.7120E-07,-4.85450E-01
-9.7040E-07,-4.83321E-01
-9.6960E-07,-4.79064E-01
-9.6880E-07,-4.85450E-01
-9.6800E-07,-4.89708E-01
-9.6720E-07,-4.83321E-01
-9.6640E-07,-4.81192E-01
-9.6560E-07,-4.87579E-01
-9.6480E-07,-4.76935E-01
-9.6400E-07,-4.83321E-01
-9.6320E-07,-4.89708E-01
-9.6240E-07,-4.85450E-01
-9.6160E-07,-4.85450E-01
-9.6080E-07,-4.81192E-01
-9.6000E-07,-4.83321E-01
-9.5920E-07,-4.87579E-01
-9.5840E-07,-4.85450E-01
-9.5760E-07,-4.83321E-01
-9.5680E-07,-4.81192E-01
-9.5600E-07,-4.83321E-01
-9.5520E-07,-4.83321E-01
-9.5440E-07,-4.85450E-01
-9.5360E-07,-4.74806E-01
-9.5280E-07,-4.79064E-01
-9.5200E-07,-4.76935E-01
-9.5120E-07,-4.79064E-01
-9.5040E-07,-4.83321E-01
-9.4960E-07,-4.85450E-01
-9.4880E-07,-4.76935E-01
-9.4800E-07,-4.81192E-01
-9.4720E-07,-4.85450E-01
-9.4640E-07,-4.85450E-01
-9.4560E-07,-4.83321E-01
-9.4480E-07,-4.81192E-01
-9.4400E-07,-4.76935E-01
-9.4320E-07,-4.76935E-01
-9.4240E-07,-4.76935E-01
-9.4160E-07,-4.83321E-01
-9.4080E-07,-4.79064E-01
-9.4000E-07,-4.74806E-01
-9.3920E-07,-4.79064E-01
-9.3840E-07,-4.81192E-01
-9.3760E-07,-4.85450E-01
-9.3680E-07,-4.83321E-01
-9.3600E-07,-4.74806E-01
-9.3520E-07,-4.81192E-01
-9.3440E-07,-4.81192E-01
-9.3360E-07,-4.83321E-01
-9.3280E-07,-4.85450E-01
-9.3200E-07,-4.81192E-01
-9.3120E-07,-4.83321E-01
-9.3040E-07,-4.81192E-01
-9.2960E-07,-4.83321E-01
-9.2880E-07,-4.83321E-01
-9.2800E-07,-4.79064E-01
-9.2720E-07,-4.76935E-01
-9.2640E-07,-4.83321E-01
-9.2560E-07,-4.85450E-01
-9.2480E-07,-4.81192E-01
-9.2400E-07,-4.76935E-01
-9.2320E-07,-4.85450E-01
-9.2240E-07,-4.91837E-01
-9.2160E-07,-4.79064E-01
-9.2080E-07,-4.83321E-01
-9.2000E-07,-4.83321E-01
-9.1920E-07,-4.85450E-01
-9.1840E-07,-4.81192E-01
-9.1760E-07,-4.83321E-01
-9.1680E-07,-4.79064E-01
-9.1600E-07,-4.79064E-01
-9.1520E-07,-4.74806E-01
-9.1440E-07,-4.83321E-01
-9.1360E-07,-4.83321E-01
-9.1280E-07,-4.83321E-01
-9.1200E-07,-4.91837E-01
-9.1120E-07,-4.81192E-01
-9.1040E-07,-4.81192E-01
-9.0960E-07,-4.79064E-01
-9.0880E-07,-4.79064E-01
-9.0800E-07,-4.83321E-01
-9.0720E-07,-4.76935E-01
-9.0640E-07,-4.85450E-01
-9.0560E-07,-4.83321E-01
-9.0480E-07,-4.83321E-01
-9.0400E-07,-4.81192E-01
-9.0320E-07,-4.72677E-01
-9.0240E-07,-4.74806E-01
-9.0160E-07,-4.76935E-01
-9.0080E-07,-4.72677E-01
-9.0000E-07,-4.81192E-01
-8.9920E-07,-4.72677E-01
-8.9840E-07,-4.83321E-01
-8.9760E-07,-4.79064E-01
-8.9680E-07,-4.81192E-01
-8.9600E-07,-4.83321E-01
-8.9520E-07,-4.76935E-01
-8.9440E-07,-4.76935E-01
-8.9360E-07,-4.70548E-01
-8.9280E-07,-4.81192E-01
-8.9200E-07,-4.85450E-01
-8.9120E-07,-4.76935E-01
-8.9040E-07,-4.85450E-01
-8.8960E-07,-4.79064E-01
-8.8880E-07,-4.87579E-01
-8.8800E-07,-4.85450E-01
-8.8720E-07,-4.85450E-01
-8.8640E-07,-4.79064E-01
-8.8560E-07,-4.81192E-01
-8.8480E-07,-4.79064E-01
-8.8400E-07,-4.76935E-01
-8.8320E-07,-4.81192E-01
-8.8240E-07,-4.89708E-01
-8.8160E-07,-4.79064E-01
-8.8080E-07,-4.76935E-01
-8.8000E-07,-4.79064E-01
-8.7920E-07,-4.81192E-01
-8.7840E-07,-4.76935E-01
-8.7760E-07,-4.81192E-01
-8.7680E-07,-4.70548E-01
-8.7600E-07,-4.83321E-01
-8.7520E-07,-4.87579E-01
-8.7440E-07,-4.79064E-01
-8.7360E-07,-4.83321E-01
-8.7280E-07,-4.85450E-01
-8.7200E-07,-4.79064E-01
-8.7120E-07,-4.79064E-01
-8.7040E-07,-4.85450E-01
-8.6960E-07,-4.83321E-01
-8.6880E-07,-4.87579E-01
-8.6800E-07,-4.79064E-01
-8.6720E-07,-4.85450E-01
-8.6640E-07,-4.83321E-01
-8.6560E-07,-4.83321E-01
-8.6480E-07,-4.81192E-01
-8.6400E-07,-4.79064E-01
-8.6320E-07,-4.83321E-01
-8.6240E-07,-4.85450E-01
-8.6160E-07,-4.83321E-01
-8.6080E-07,-4.72677E-01
-8.6000E-07,-4.79064E-01
-8.5920E-07,-4.79064E-01
-8.5840E-07,-4.83321E-01
-8.5760E-07,-4.83321E-01
-8.5680E-07,-4.79064E-01
-8.5600E-07,-4.81192E-01
-8.5520E-07,-4.83321E-01
-8.5440E-07,-4.87579E-01
-8.5360E-07,-4.85450E-01
-8.5280E-07,-4.81192E-01
-8.5200E-07,-4.74806E-01
-8.5120E-07,-4.83321E-01
-8.5040E-07,-4.79064E-01
-8.4960E-07,-4.76935E-01
-8.4880E-07,-4.79064E-01
-8.4800E-07,-4.81192E-01
-8.4720E-07,-4.83321E-01
-8.4640E-07,-4.87579E-01
-8.4560E-07,-4.72677E-01
-8.4480E-07,-4.70548E-01
-8.4400E-07,-4.79064E-01
-8.4320E-07,-4.83321E-01
-8.4240E-07,-4.81192E-01
-8.4160E-07,-4.87579E-01
-8.4080E-07,-4.85450E-01
-8.4000E-07,-4.76935E-01
-8.3920E-07,-4.79064E-01
-8.3840E-07,-4.85450E-01
-8.3760E-07,-4.81192E-01
-8.3680E-07,-4.79064E-01
-8.3600E-07,-4.74806E-01
-8.3520E-07,-4.87579E-01
-8.3440E-07,-4.79064E-01
-8.3360E-07,-4.85450E-01
-8.3280E-07,-4.76935E-01
-8.3200E-07,-4.83321E-01
-8.3120E-07,-4.83321E-01
-8.3040E-07,-4.83321E-01
-8.2960E-07,-4.83321E-01
-8.2880E-07,-4.81192E-01
-8.2800E-07,-4.79064E-01
-8.2720E-07,-4.79064E-01
-8.2640E-07,-4.79064E-01
-8.2560E-07,-4.76935E-01
-8.2480E-07,-4.74806E-01
-8.2400E-07,-4.76935E-01
-8.2320E-07,-4.79064E-01
-8.2240E-07,-4.87579E-01
-8.2160E-07,-4.85450E-01
-8.2080E-07,-4.85450E-01
-8.2000E-07,-4.81192E-01
-8.1920E-07,-4.79064E-01
-8.1840E-07,-4.93966E-01
-8.1760E-07,-4.76935E-01
-8.1680E-07,-4.81192E-01
-8.1600E-07,-4.79064E-01
-8.1520E-07,-4.87579E-01
-8.1440E-07,-4.81192E-01
-8.1360E-07,-4.85450E-01
-8.1280E-07,-4.76935E-01
-8.1200E-07,-4.83321E-01
-8.1120E-07,-4.83321E-01
-8.1040E-07,-4.81192E-01
-8.0960E-07,-4.83321E-01
-8.0880E-07,-4.81192E-01
-8.0800E-07,-4.87579E-01
-8.0720E-07,-4.83321E-01
-8.0640E-07,-4.79064E-01
-8.0560E-07,-4.81192E-01
-8.0480E-07,-4.81192E-01
-8.0400E-07,-4.76935E-01
-8.0320E-07,-4.83321E-01
-8.0240E-07,-4.79064E-01
-8.0160E-07,-4.89708E-01
-8.0080E-07,-4.74806E-01
-8.0000E-07,-4.76935E-01
-7.9920E-07,-4.81192E-01
-7.9840E-07,-4.79064E-01
-7.9760E-07,-4.85450E-01
-7.9680E-07,-4.85450E-01
-7.9600E-07,-4.91837E-01
-7.9520E-07,-4.85450E-01
-7.9440E-07,-4.83321E-01
-7.9360E-07,-4.76935E-01
-7.9280E-07,-4.81192E-01
-7.9200E-07,-4.89708E-01
-7.9120E-07,-4.72677E-01
-7.9040E-07,-4.79064E-01
-7.8960E-07,-4.79064E-01
-7.8880E-07,-4.76935E-01
-7.8800E-07,-4.83321E-01
-7.8720E-07,-4.83321E-01
-7.8640E-07,-4.85450E-01
-7.8560E-07,-4.85450E-01
-7.8480E-07,-4.79064E-01
-7.8400E-07,-4.83321E-01
-7.8320E-07,-4.74806E-01
-7.8240E-07,-4.79064E-01
-7.8160E-07,-4.72677E-01
-7.8080E-07,-4.74806E-01
-7.8000E-07,-4.85450E-01
-7.7920E-07,-4.85450E-01
-7.7840E-07,-4.81192E-01
-7.7760E-07,-4.81192E-01
-7.7680E-07,-4.79064E-01
-7.7600E-07,-4.83321E-01
-7.7520E-07,-4.74806E-01
-7.7440E-07,-4.79064E-01
-7.7360E-07,-4.81192E-01
-7.7280E-07,-4.81192E-01
-7.7200E-07,-4.76935E-01
-7.7120E-07,-4.81192E-01
-7.7040E-07,-4.79064E-01
-7.6960E-07,-4.83321E-01
-7.6880E-07,-4.76935E-01
-7.6800E-07,-4.79064E-01
-7.6720E-07,-4.85450E-01
-7.6640E-07,-4.79064E-01
-7.6560E-07,-4.79064E-01
-7.6480E-07,-4.72677E-01
-7.6400E-07,-4.76935E-01
-7.6320E-07,-4.70548E-01
-7.6240E-07,-4.70548E-01
-7.6160E-07,-4.70548E-01
-7.6080E-07,-4.79064E-01
-7.6000E-07,-4.79064E-01
-7.5920E-07,-4.74806E-01
-7.5840E-07,-4.76935E-01
-7.5760E-07,-4.81192E-01
-7.5680E-07,-4.79064E-01
-7.5600E-07,-4.79064E-01
-7.5520E-07,-4.83321E-01
-7.5440E-07,-4.85450E-01
-7.5360E-07,-4.74806E-01
-7.5280E-07,-4.72677E-01
-7.5200E-07,-4.81192E-01
-7.5120E-07,-4.76935E-01
-7.5040E-07,-4.83321E-01
-7.4960E-07,-4.85450E-01
-7.4880E-07,-4.79064E-01
-7.4800E-07,-4.83321E-01
-7.4720E-07,-4.87579E-01
-7.4640E-07,-4.81192E-01
-7.4560E-07,-4.81192E-01
-7.4480E-07,-4.85450E-01
-7.4400E-07,-4.79064E-01
-7.4320E-07,-4.81192E-01
-7.4240E-07,-4.81192E-01
-7.4160E-07,-4.81192E-01
-7.4080E-07,-4.83321E-01
-7.4000E-07,-4.76935E-01
-7.3920E-07,-4.81192E-01
-7.3840E-07,-4.79064E-01
-7.3760E-07,-4.81192E-01
-7.3680E-07,-4.85450E-01
-7.3600E-07,-4.81192E-01
-7.3520E-07,-4.83321E-01
-7.3440E-07,-4.79064E-01
-7.3360E-07,-4.74806E-01
-7.3280E-07,-4.74806E-01
-7.3200E-07,-4.72677E-01
-7.3120E-07,-4.81192E-01
-7.3040E-07,-4.83321E-01
-7.2960E-07,-4.83321E-01
-7.2880E-07,-4.76935E-01
-7.2800E-07,-4.79064E-01
-7.2720E-07,-4.87579E-01
-7.2640E-07,-4.83321E-01
-7.2560E-07,-4.85450E-01
-7.2480E-07,-4.85450E-01
-7.2400E-07,-4.85450E-01
-7.2320E-07,-4.91837E-01
-7.2240E-07,-4.79064E-01
-7.2160E-07,-4.85450E-01
-7.2080E-07,-4.81192E-01
-7.2000E-07,-4.81192E-01
-7.1920E-07,-4.81192E-01
-7.1840E-07,-4.83321E-01
-7.1760E-07,-4.83321E-01
-7.1680E-07,-4.79064E-01
-7.1600E-07,-4.87579E-01
-7.1520E-07,-4.87579E-01
-7.1440E-07,-4.83321E-01
-7.1360E-07,-4.87579E-01
-7.1280E-07,-4.79064E-01
-7.1200E-07,-4.74806E-01
-7.1120E-07,-4.85450E-01
-7.1040E-07,-4.74806E-01
-7.0960E-07,-4.74806E-01
-7.0880E-07,-4.81192E-01
-7.0800E-07,-4.76935E-01
-7.0720E-07,-4.76935E-01
-7.0640E-07,-4.74806E-01
-7.0560E-07,-4.76935E-01
-7.0480E-07,-4.81192E-01
-7.0400E-07,-4.81192E-01
-7.0320E-07,-4.81192E-01
-7.0240E-07,-4.81192E-01
-7.0160E-07,-4.79064E-01
-7.0080E-07,-4.85450E-01
-7.0000E-07,-4.81192E-01
-6.9920E-07,-4.70548E-01
-6.9840E-07,-4.83321E-01
-6.9760E-07,-4.85450E-01
-6.9680E-07,-4.85450E-01
-6.9600E-07,-4.81192E-01
-6.9520E-07,-4.79064E-01
-6.9440E-07,-4.83321E-01
-6.9360E-07,-4.85450E-01
-6.9280E-07,-4.79064E-01
-6.9200E-07,-4.79064E-01
-6.9120E-07,-4.85450E-01
-6.9040E-07,-4.76935E-01
-6.8960E-07,-4.76935E-01
-6.8880E-07,-4.79064E-01
-6.8800E-07,-4.83321E-01
-6.8720E-07,-4.79064E-01
-6.8640E-07,-4.83321E-01
-6.8560E-07,-4.81192E-01
-6.8480E-07,-4.79064E-01
-6.8400E-07,-4.81192E-01
-6.8320E-07,-4.81192E-01
-6.8240E-07,-4.79064E-01
-6.8160E-07,-4.83321E-01
-6.8080E-07,-4.74806E-01
-6.8000E-07,-4.81192E-01
-6.7920E-07,-4.79064E-01
-6.7840E-07,-4.79064E-01
-6.7760E-07,-4.79064E-01
-6.7680E-07,-4.83321E-01
-6.7600E-07,-4.79064E-01
-6.7520E-07,-4.89708E-01
-6.7440E-07,-4.81192E-01
-6.7360E-07,-4.72677E-01
-6.7280E-07,-4.76935E-01
-6.7200E-07,-4.83321E-01
-6.7120E-07,-4.81192E-01
-6.7040E-07,-4.81192E-01
-6.6960E-07,-4.70548E-01
-6.6880E-07,-4.45001E-01
-6.6800E-07,-3.72618E-01
-6.6720E-07,-2.36368E-01
-6.6640E-07,-4.05088E-02
-6.6560E-07,1.46835E-01
-6.6480E-07,3.08632E-01
-6.6400E-07,4.02304E-01
-6.6320E-07,4.53397E-01
-6.6240E-07,4.74686E-01
-6.6160E-07,4.95976E-01
-6.6080E-07,5.08749E-01
-6.6000E-07,5.08749E-01
-6.5920E-07,5.06620E-01
-6.5840E-07,5.04491E-01
-6.5760E-07,5.13007E-01
-6.5680E-07,5.13007E-01
-6.5600E-07,5.08749E-01
-6.5520E-07,5.13007E-01
-6.5440E-07,5.19394E-01
-6.5360E-07,5.19394E-01
-6.5280E-07,5.21522E-01
-6.5200E-07,5.17265E-01
-6.5120E-07,5.21522E-01
-6.5040E-07,5.21522E-01
-6.4960E-07,5.21522E-01
-6.4880E-07,5.34296E-01
-6.4800E-07,5.27909E-01
-6.4720E-07,5.27909E-01
-6.4640E-07,5.27909E-01
-6.4560E-07,5.30038E-01
-6.4480E-07,5.21522E-01
-6.4400E-07,5.27909E-01
-6.4320E-07,5.25780E-01
-6.4240E-07,5.21522E-01
-6.4160E-07,5.15136E-01
-6.4080E-07,5.25780E-01
-6.4000E-07,5.32167E-01
-6.3920E-07,5.30038E-01
-6.3840E-07,5.25780E-01
-6.3760E-07,5.27909E-01
-6.3680E-07,5.21522E-01
-6.3600E-07,5.13007E-01
-6.3520E-07,5.21522E-01
-6.3440E-07,5.21522E-01
-6.3360E-07,5.19394E-01
-6.3280E-07,5.17265E-01
-6.3200E-07,5.21522E-01
-6.3120E-07,5.17265E-01
-6.3040E-07,5.30038E-01
-6.2960E-07,5.23651E-01
-6.2880E-07,5.21522E-01
-6.2800E-07,5.13007E-01
-6.2720E-07,5.15136E-01
-6.2640E-07,5.21522E-01
-6.2560E-07,5.21522E-01
-6.2480E-07,5.19394E-01
-6.2400E-07,5.19394E-01
-6.2320E-07,5.15136E-01
-6.2240E-07,5.17265E-01
-6.2160E-07,5.13007E-01
-6.2080E-07,5.17265E-01
-6.2000E-07,5.13007E-01
-6.1920E-07,5.21522E-01
-6.1840E-07,5.17265E-01
-6.1760E-07,5.19394E-01
-6.1680E-07,5.19394E-01
-6.1600E-07,5.19394E-01
-6.1520E-07,5.17265E-01
-6.1440E-07,5.21522E-01
-6.1360E-07,5.17265E-01
-6.1280E-07,5.19394E-01
-6.1200E-07,5.19394E-01
-6.1120E-07,5.19394E-01
-6.1040E-07,5.13007E-01
-6.0960E-07,5.17265E-01
-6.0880E-07,5.15136E-01
-6.0800E-07,5.21522E-01
-6.0720E-07,5.19394E-01
-6.0640E-07,5.15136E-01
-6.0560E-07,5.19394E-01
-6.0480E-07,5.17265E-01
-6.0400E-07,5.21522E-01
-6.0320E-07,5.17265E-01
-6.0240E-07,5.21522E-01
-6.0160E-07,5.21522E-01
-6.0080E-07,5.21522E-01
-6.0000E-07,5.25780E-01
-5.9920E-07,5.30038E-01
-5.9840E-07,5.21522E-01
-5.9760E-07,5.15136E-01
-5.9680E-07,5.17265E-01
-5.9600E-07,5.17265E-01
-5.9520E-07,5.21522E-01
-5.9440E-07,5.25780E-01
-5.9360E-07,5.25780E-01
-5.9280E-07,5.17265E-01
-5.9200E-07,5.21522E-01
-5.9120E-07,5.15136E-01
-5.9040E-07,5.15136E-01
-5.8960E-07,5.13007E-01
-5.8880E-07,5.17265E-01
-5.8800E-07,5.27909E-01
-5.8720E-07,5.21522E-01
-5.8640E-07,5.13007E-01
-5.8560E-07,5.17265E-01
-5.8480E-07,5.10878E-01
-5.8400E-07,5.17265E-01
-5.8320E-07,5.15136E-01
-5.8240E-07,5.19394E-01
-5.8160E-07,5.15136E-01
-5.8080E-07,5.19394E-01
-5.8000E-07,5.23651E-01
-5.7920E-07,5.21522E-01
-5.7840E-07,5.19394E-01
-5.7760E-07,5.19394E-01
-5.7680E-07,5.17265E-01
-5.7600E-07,5.17265E-01
-5.7520E-07,5.21522E-01
-5.7440E-07,5.17265E-01
-5.7360E-07,5.21522E-01
-5.7280E-07,5.17265E-01
-5.7200E-07,5.17265E-01
-5.7120E-07,5.19394E-01
-5.7040E-07,5.13007E-01
-5.6960E-07,5.15136E-01
-5.6880E-07,5.15136E-01
-5.6800E-07,5.19394E-01
-5.6720E-07,5.10878E-01
-5.6640E-07,5.19394E-01
-5.6560E-07,5.21522E-01
-5.6480E-07,5.19394E-01
-5.6400E-07,5.13007E-01
-5.6320E-07,5.19394E-01
-5.6240E-07,5.10878E-01
-5.6160E-07,5.23651E-01
-5.6080E-07,5.21522E-01
-5.6000E-07,5.23651E-01
-5.5920E-07,5.23651E-01
-5.5840E-07,5.13007E-01
-5.5760E-07,5.19394E-01
-5.5680E-07,5.15136E-01
-5.5600E-07,5.10878E-01
-5.5520E-07,5.15136E-01
-5.5440E-07,5.13007E-01
-5.5360E-07,5.17265E-01
-5.5280E-07,5.19394E-01
-5.5200E-07,5.15136E-01
-5.5120E-07,5.13007E-01
-5.5040E-07,5.19394E-01
-5.4960E-07,5.19394E-01
-5.4880E-07,5.23651E-01
-5.4800E-07,5.23651E-01
-5.4720E-07,5.15136E-01
-5.4640E-07,5.13007E-01
-5.4560E-07,5.17265E-01
-5.4480E-07,5.15136E-01
-5.4400E-07,5.27909E-01
-5.4320E-07,5.17265E-01
-5.4240E-07,5.21522E-01
-5.4160E-07,5.17265E-01
-5.4080E-07,5.23651E-01
-5.4000E-07,5.15136E-01
-5.3920E-07,5.15136E-01
-5.3840E-07,5.19394E-01
-5.3760E-07,5.25780E-01
-5.3680E-07,5.27909E-01
-5.3600E-07,5.21522E-01
-5.3520E-07,5.23651E-01
-5.3440E-07,5.17265E-01
-5.3360E-07,5.21522E-01
-5.3280E-07,5.23651E-01
-5.3200E-07,5.15136E-01
-5.3120E-07,5.23651E-01
-5.3040E-07,5.13007E-01
-5.2960E-07,5.15136E-01
-5.2880E-07,5.25780E-01
-5.2800E-07,5.19394E-01
-5.2720E-07,5.13007E-01
-5.2640E-07,5.21522E-01
-5.2560E-07,5.13007E-01
-5.2480E-07,5.19394E-01
-5.2400E-07,5.15136E-01
-5.2320E-07,5.19394E-01
-5.2240E-07,5.15136E-01
-5.2160E-07,5.15136E-01
-5.2080E-07,5.08749E-01
-5.2000E-07,5.13007E-01
-5.1920E-07,5.13007E-01
-5.1840E-07,5.19394E-01
-5.1760E-07,5.15136E-01
-5.1680E-07,5.13007E-01
-5.1600E-07,5.21522E-01
-5.1520E-07,5.19394E-01
-5.1440E-07,5.21522E-01
-5.1360E-07,5.19394E-01
-5.1280E-07,5.21522E-01
-5.1200E-07,5.15136E-01
-5.1120E-07,5.25780E-01
-5.1040E-07,5.25780E-01
-5.0960E-07,5.15136E-01
-5.0880E-07,5.17265E-01
-5.0800E-07,5.21522E-01
-5.0720E-07,5.10878E-01
-5.0640E-07,5.15136E-01
-5.0560E-07,5.17265E-01
-5.0480E-07,5.15136E-01
-5.0400E-07,5.15136E-01
-5.0320E-07,5.25780E-01
-5.0240E-07,5.15136E-01
-5.0160E-07,5.15136E-01
-5.0080E-07,5.10878E-01
-5.0000E-07,5.13007E-01
-4.9920E-07,5.17265E-01
-4.9840E-07,5.21522E-01
-4.9760E-07,5.21522E-01
-4.9680E-07,5.17265E-01
-4.9600E-07,5.19394E-01
-4.9520E-07,5.25780E-01
-4.9440E-07,5.13007E-01
-4.9360E-07,5.13007E-01
-4.9280E-07,5.17265E-01
-4.9200E-07,5.17265E-01
-4.9120E-07,5.13007E-01
-4.9040E-07,5.13007E-01
-4.8960E-07,5.19394E-01
-4.8880E-07,5.19394E-01
-4.8800E-07,5.13007E-01
-4.8720E-07,5.10878E-01
-4.8640E-07,5.21522E-01
-4.8560E-07,5.13007E-01
-4.8480E-07,5.13007E-01
-4.8400E-07,5.23651E-01
-4.8320E-07,5.21522E-01
-4.8240E-07,5.13007E-01
-4.8160E-07,5.19394E-01
-4.8080E-07,5.19394E-01
-4.8000E-07,5.23651E-01
-4.7920E-07,5.21522E-01
-4.7840E-07,5.25780E-01
-4.7760E-07,5.21522E-01
-4.7680E-07,5.08749E-01
-4.7600E-07,5.21522E-01
-4.7520E-07,5.13007E-01
-4.7440E-07,5.13007E-01
-4.7360E-07,5.17265E-01
-4.7280E-07,5.13007E-01
-4.7200E-07,5.21522E-01
-4.7120E-07,5.15136E-01
-4.7040E-07,5.10878E-01
-4.6960E-07,5.21522E-01
-4.6880E-07,5.13007E-01
-4.6800E-07,5.17265E-01
-4.6720E-07,5.17265E-01
-4.6640E-07,5.23651E-01
-4.6560E-07,5.21522E-01
-4.6480E-07,5.25780E-01
-4.6400E-07,5.23651E-01
-4.6320E-07,5.17265E-01
-4.6240E-07,5.13007E-01
-4.6160E-07,5.15136E-01
-4.6080E-07,5.21522E-01
-4.6000E-07,5.15136E-01
-4.5920E-07,5.13007E-01
-4.5840E-07,5.06620E-01
-4.5760E-07,5.15136E-01
-4.5680E-07,5.19394E-01
-4.5600E-07,5.19394E-01
-4.5520E-07,5.10878E-01
-4.5440E-07,5.19394E-01
-4.5360E-07,5.17265E-01
-4.5280E-07,5.25780E-01
-4.5200E-07,5.21522E-01
-4.5120E-07,5.17265E-01
-4.5040E-07,5.08749E-01
-4.4960E-07,5.17265E-01
-4.4880E-07,5.15136E-01
-4.4800E-07,5.25780E-01
-4.4720E-07,5.17265E-01
-4.4640E-07,5.17265E-01
-4.4560E-07,5.21522E-01
-4.4480E-07,5.19394E-01
-4.4400E-07,5.17265E-01
-4.4320E-07,5.21522E-01
-4.4240E-07,5.17265E-01
-4.4160E-07,5.17265E-01
-4.4080E-07,5.19394E-01
-4.4000E-07,5.21522E-01
-4.3920E-07,5.21522E-01
-4.3840E-07,5.19394E-01
-4.3760E-07,5.17265E-01
-4.3680E-07,5.10878E-01
-4.3600E-07,5.19394E-01
-4.3520E-07,5.19394E-01
-4.3440E-07,5.15136E-01
-4.3360E-07,5.30038E-01
-4.3280E-07,5.19394E-01
-4.3200E-07,5.17265E-01
-4.3120E-07,5.17265E-01
-4.3040E-07,5.21522E-01
-4.2960E-07,5.15136E-01
-4.2880E-07,5.15136E-01
-4.2800E-07,5.19394E-01
-4.2720E-07,5.21522E-01
-4.2640E-07,5.21522E-01
-4.2560E-07,5.19394E-01
-4.2480E-07,5.15136E-01
-4.2400E-07,5.13007E-01
-4.2320E-07,5.13007E-01
-4.2240E-07,5.19394E-01
-4.2160E-07,5.19394E-01
-4.2080E-07,5.21522E-01
-4.2000E-07,5.21522E-01
-4.1920E-07,5.13007E-01
-4.1840E-07,5.17265E-01
-4.1760E-07,5.17265E-01
-4.1680E-07,5.21522E-01
-4.1600E-07,5.23651E-01
-4.1520E-07,5.15136E-01
-4.1440E-07,5.21522E-01
-4.1360E-07,5.15136E-01
-4.1280E-07,5.19394E-01
-4.1200E-07,5.19394E-01
-4.1120E-07,5.13007E-01
-4.1040E-07,5.15136E-01
-4.0960E-07,5.17265E-01
-4.0880E-07,5.17265E-01
-4.0800E-07,5.17265E-01
-4.0720E-07,5.17265E-01
-4.0640E-07,5.13007E-01
-4.0560E-07,5.21522E-01
-4.0480E-07,5.15136E-01
-4.0400E-07,5.15136E-01
-4.0320E-07,5.19394E-01
-4.0240E-07,5.13007E-01
-4.0160E-07,5.17265E-01
-4.0080E-07,5.15136E-01
-4.0000E-07,5.21522E-01
-3.9920E-07,5.15136E-01
-3.9840E-07,5.19394E-01
-3.9760E-07,5.21522E-01
-3.9680E-07,5.19394E-01
-3.9600E-07,5.19394E-01
-3.9520E-07,5.19394E-01
-3.9440E-07,5.15136E-01
-3.9360E-07,5.13007E-01
-3.9280E-07,5.15136E-01
-3.9200E-07,5.17265E-01
-3.9120E-07,5.10878E-01
-3.9040E-07,5.21522E-01
-3.8960E-07,5.17265E-01
-3.8880E-07,5.17265E-01
-3.8800E-07,5.15136E-01
-3.8720E-07,5.15136E-01
-3.8640E-07,5.19394E-01
-3.8560E-07,5.15136E-01
-3.8480E-07,5.21522E-01
-3.8400E-07,5.23651E-01
-3.8320E-07,5.06620E-01
-3.8240E-07,5.08749E-01
-3.8160E-07,5.15136E-01
-3.8080E-07,5.19394E-01
-3.8000E-07,5.19394E-01
-3.7920E-07,5.19394E-01
-3.7840E-07,5.10878E-01
-3.7760E-07,5.21522E-01
-3.7680E-07,5.17265E-01
-3.7600E-07,5.17265E-01
-3.7520E-07,5.10878E-01
-3.7440E-07,5.19394E-01
-3.7360E-07,5.23651E-01
-3.7280E-07,5.19394E-01
-3.7200E-07,5.15136E-01
-3.7120E-07,5.19394E-01
-3.7040E-07,5.17265E-01
-3.6960E-07,5.21522E-01
-3.6880E-07,5.15136E-01
-3.6800E-07,5.17265E-01
-3.6720E-07,5.15136E-01
-3.6640E-07,5.13007E-01
-3.6560E-07,5.15136E-01
-3.6480E-07,5.25780E-01
-3.6400E-07,5.13007E-01
-3.6320E-07,5.21522E-01
-3.6240E-07,5.15136E-01
-3.6160E-07,5.19394E-01
-3.6080E-07,5.17265E-01
-3.6000E-07,5.06620E-01
-3.5920E-07,5.13007E-01
-3.5840E-07,5.21522E-01
-3.5760E-07,5.15136E-01
-3.5680E-07,5.21522E-01
-3.5600E-07,5.19394E-01
-3.5520E-07,5.21522E-01
-3.5440E-07,5.21522E-01
-3.5360E-07,5.13007E-01
-3.5280E-07,5.13007E-01
-3.5200E-07,5.19394E-01
-3.5120E-07,5.21522E-01
-3.5040E-07,5.21522E-01
-3.4960E-07,5.25780E-01
-3.4880E-07,5.21522E-01
-3.4800E-07,5.08749E-01
-3.4720E-07,5.08749E-01
-3.4640E-07,5.15136E-01
-3.4560E-07,5.23651E-01
-3.4480E-07,5.08749E-01
-3.4400E-07,5.19394E-01
-3.4320E-07,5.17265E-01
-3.4240E-07,5.08749E-01
-3.4160E-07,5.08749E-01
-3.4080E-07,5.10878E-01
-3.4000E-07,5.06620E-01
-3.3920E-07,5.13007E-01
-3.3840E-07,5.15136E-01
-3.3760E-07,5.19394E-01
-3.3680E-07,5.13007E-01
-3.3600E-07,5.04491E-01
-3.3520E-07,4.64042E-01
-3.3440E-07,3.63983E-01
-3.3360E-07,2.10702E-01
-3.3280E-07,4.19820E-03
-3.3200E-07,-1.72501E-01
-3.3120E-07,-3.04493E-01
-3.3040E-07,-3.76876E-01
-3.2960E-07,-4.21583E-01
-3.2880E-07,-4.53517E-01
-3.2800E-07,-4.66290E-01
-3.2720E-07,-4.66290E-01
-3.2640E-07,-4.68419E-01
-3.2560E-07,-4.68419E-01
-3.2480E-07,-4.70548E-01
-3.2400E-07,-4.68419E-01
-3.2320E-07,-4.79064E-01
-3.2240E-07,-4.79064E-01
-3.2160E-07,-4.83321E-01
-3.2080E-07,-4.83321E-01
-3.2000E-07,-4.72677E-01
-3.1920E-07,-4.85450E-01
-3.1840E-07,-4.79064E-01
-3.1760E-07,-4.87579E-01
-3.1680E-07,-4.83321E-01
-3.1600E-07,-4.93966E-01
-3.1520E-07,-4.89708E-01
-3.1440E-07,-4.93966E-01
-3.1360E-07,-4.87579E-01
-3.1280E-07,-4.87579E-01
-3.1200E-07,-4.87579E-01
-3.1120E-07,-4.85450E-01
-3.1040E-07,-4.87579E-01
-3.0960E-07,-4.87579E-01
-3.0880E-07,-4.87579E-01
-3.0800E-07,-4.85450E-01
-3.0720E-07,-4.85450E-01
-3.0640E-07,-4.87579E-01
-3.0560E-07,-4.91837E-01
-3.0480E-07,-4.81192E-01
-3.0400E-07,-4.96095E-01
-3.0320E-07,-4.79064E-01
-3.0240E-07,-4.81192E-01
-3.0160E-07,-4.81192E-01
-3.0080E-07,-4.85450E-01
-3.0000E-07,-4.76935E-01
-2.9920E-07,-4.83321E-01
-2.9840E-07,-4.83321E-01
-2.9760E-07,-4.83321E-01
-2.9680E-07,-4.81192E-01
-2.9600E-07,-4.87579E-01
-2.9520E-07,-4.85450E-01
-2.9440E-07,-4.83321E-01
-2.9360E-07,-4.74806E-01
-2.9280E-07,-4.83321E-01
-2.9200E-07,-4.79064E-01
-2.9120E-07,-4.85450E-01
-2.9040E-07,-4.74806E-01
-2.8960E-07,-4.76935E-01
-2.8880E-07,-4.76935E-01
-2.8800E-07,-4.83321E-01
-2.8720E-07,-4.79064E-01
-2.8640E-07,-4.76935E-01
-2.8560E-07,-4.81192E-01
-2.8480E-07,-4.87579E-01
-2.8400E-07,-4.79064E-01
-2.8320E-07,-4.87579E-01
-2.8240E-07,-4.81192E-01
-2.8160E-07,-4.83321E-01
-2.8080E-07,-4.87579E-01
-2.8000E-07,-4.81192E-01
-2.7920E-07,-4.79064E-01
-2.7840E-07,-4.83321E-01
-2.7760E-07,-4.83321E-01
-2.7680E-07,-4.81192E-01
-2.7600E-07,-4.79064E-01
-2.7520E-07,-4.83321E-01
-2.7440E-07,-4.76935E-01
-2.7360E-07,-4.85450E-01
-2.7280E-07,-4.76935E-01
-2.7200E-07,-4.79064E-01
-2.7120E-07,-4.85450E-01
-2.7040E-07,-4.85450E-01
-2.6960E-07,-4.85450E-01
-2.6880E-07,-4.79064E-01
-2.6800E-07,-4.83321E-01
-2.6720E-07,-4.81192E-01
-2.6640E-07,-4.79064E-01
-2.6560E-07,-4.87579E-01
-2.6480E-07,-4.79064E-01
-2.6400E-07,-4.87579E-01
-2.6320E-07,-4.81192E-01
-2.6240E-07,-4.83321E-01
-2.6160E-07,-4.81192E-01
-2.6080E-07,-4.83321E-01
-2.6000E-07,-4.81192E-01
-2.5920E-07,-4.85450E-01
-2.5840E-07,-4.83321E-01
-2.5760E-07,-4.83321E-01
-2.5680E-07,-4.79064E-01
-2.5600E-07,-4.79064E-01
-2.5520E-07,-4.85450E-01
-2.5440E-07,-4.85450E-01
-2.5360E-07,-4.76935E-01
-2.5280E-07,-4.83321E-01
-2.5200E-07,-4.89708E-01
-2.5120E-07,-4.85450E-01
-2.5040E-07,-4.89708E-01
-2.4960E-07,-4.74806E-01
-2.4880E-07,-4.76935E-01
-2.4800E-07,-4.85450E-01
-2.4720E-07,-4.76935E-01
-2.4640E-07,-4.81192E-01
-2.4560E-07,-4.74806E-01
-2.4480E-07,-4.76935E-01
-2.4400E-07,-4.79064E-01
-2.4320E-07,-4.79064E-01
-2.4240E-07,-4.79064E-01
-2.4160E-07,-4.83321E-01
-2.4080E-07,-4.79064E-01
-2.4000E-07,-4.81192E-01
-2.3920E-07,-4.81192E-01
-2.3840E-07,-4.85450E-01
-2.3760E-07,-4.83321E-01
-2.3680E-07,-4.79064E-01
-2.3600E-07,-4.74806E-01
-2.3520E-07,-4.79064E-01
-2.3440E-07,-4.81192E-01
-2.3360E-07,-4.79064E-01
-2.3280E-07,-4.74806E-01
-2.3200E-07,-4.83321E-01
-2.3120E-07,-4.76935E-01
-2.3040E-07,-4.85450E-01
-2.2960E-07,-4.83321E-01
-2.2880E-07,-4.83321E-01
-2.2800E-07,-4.83321E-01
-2.2720E-07,-4.79064E-01
-2.2640E-07,-4.79064E-01
-2.2560E-07,-4.87579E-01
-2.2480E-07,-4.85450E-01
-2.2400E-07,-4.79064E-01
-2.2320E-07,-4.81192E-01
-2.2240E-07,-4.79064E-01
-2.2160E-07,-4.81192E-01
-2.2080E-07,-4.85450E-01
-2.2000E-07,-4.89708E-01
-2.1920E-07,-4.87579E-01
-2.1840E-07,-4.79064E-01
-2.1760E-07,-4.83321E-01
-2.1680E-07,-4.83321E-01
-2.1600E-07,-4.81192E-01
-2.1520E-07,-4.81192E-01
-2.1440E-07,-4.85450E-01
-2.1360E-07,-4.79064E-01
-2.1280E-07,-4.83321E-01
-2.1200E-07,-4.83321E-01
-2.1120E-07,-4.83321E-01
-2.1040E-07,-4.85450E-01
-2.0960E-07,-4.83321E-01
-2.0880E-07,-4.79064E-01
-2.0800E-07,-4.79064E-01
-2.0720E-07,-4.85450E-01
-2.0640E-07,-4.70548E-01
-2.0560E-07,-4.81192E-01
-2.0480E-07,-4.85450E-01
-2.0400E-07,-4.89708E-01
-2.0320E-07,-4.70548E-01
-2.0240E-07,-4.83321E-01
-2.0160E-07,-4.83321E-01
-2.0080E-07,-4.79064E-01
-2.0000E-07,-4.79064E-01
-1.9920E-07,-4.76935E-01
-1.9840E-07,-4.83321E-01
-1.9760E-07,-4.83321E-01
-1.9680E-07,-4.85450E-01
-1.9600E-07,-4.79064E-01
-1.9520E-07,-4.85450E-01
-1.9440E-07,-4.81192E-01
-1.9360E-07,-4.81192E-01
-1.9280E-07,-4.79064E-01
-1.9200E-07,-4.85450E-01
-1.9120E-07,-4.85450E-01
-1.9040E-07,-4.79064E-01
-1.8960E-07,-4.79064E-01
-1.8880E-07,-4.83321E-01
-1.8800E-07,-4.85450E-01
-1.8720E-07,-4.87579E-01
-1.8640E-07,-4.72677E-01
-1.8560E-07,-4.79064E-01
-1.8480E-07,-4.76935E-01
-1.8400E-07,-4.83321E-01
-1.8320E-07,-4.72677E-01
-1.8240E-07,-4.81192E-01
-1.8160E-07,-4.79064E-01
-1.8080E-07,-4.72677E-01
-1.8000E-07,-4.79064E-01
-1.7920E-07,-4.81192E-01
-1.7840E-07,-4.76935E-01
-1.7760E-07,-4.81192E-01
-1.7680E-07,-4.81192E-01
-1.7600E-07,-4.85450E-01
-1.7520E-07,-4.74806E-01
-1.7440E-07,-4.83321E-01
-1.7360E-07,-4.83321E-01
-1.7280E-07,-4.79064E-01
-1.7200E-07,-4.74806E-01
-1.7120E-07,-4.83321E-01
-1.7040E-07,-4.83321E-01
-1.6960E-07,-4.85450E-01
-1.6880E-07,-4.83321E-01
-1.6800E-07,-4.83321E-01
-1.6720E-07,-4.79064E-01
-1.6640E-07,-4.76935E-01
-1.6560E-07,-4.72677E-01
-1.6480E-07,-4.81192E-01
-1.6400E-07,-4.79064E-01
-1.6320E-07,-4.87579E-01
-1.6240E-07,-4.74806E-01
-1.6160E-07,-4.83321E-01
-1.6080E-07,-4.81192E-01
-1.6000E-07,-4.85450E-01
-1.5920E-07,-4.85450E-01
-1.5840E-07,-4.79064E-01
-1.5760E-07,-4.79064E-01
-1.5680E-07,-4.76935E-01
-1.5600E-07,-4.79064E-01
-1.5520E-07,-4.85450E-01
-1.5440E-07,-4.83321E-01
-1.5360E-07,-4.79064E-01
-1.5280E-07,-4.85450E-01
-1.5200E-07,-4.76935E-01
-1.5120E-07,-4.76935E-01
-1.5040E-07,-4.79064E-01
-1.4960E-07,-4.89708E-01
-1.4880E-07,-4.79064E-01
-1.4800E-07,-4.72677E-01
-1.4720E-07,-4.76935E-01
-1.4640E-07,-4.79064E-01
-1.4560E-07,-4.76935E-01
-1.4480E-07,-4.76935E-01
-1.4400E-07,-4.76935E-01
-1.4320E-07,-4.81192E-01
-1.4240E-07,-4.87579E-01
-1.4160E-07,-4.76935E-01
-1.4080E-07,-4.76935E-01
-1.4000E-07,-4.79064E-01
-1.3920E-07,-4.83321E-01
-1.3840E-07,-4.83321E-01
-1.3760E-07,-4.83321E-01
-1.3680E-07,-4.81192E-01
-1.3600E-07,-4.76935E-01
-1.3520E-07,-4.79064E-01
-1.3440E-07,-4.81192E-01
-1.3360E-07,-4.85450E-01
-1.3280E-07,-4.85450E-01
-1.3200E-07,-4.70548E-01
-1.3120E-07,-4.81192E-01
-1.3040E-07,-4.79064E-01
-1.2960E-07,-4.83321E-01
-1.2880E-07,-4.70548E-01
-1.2800E-07,-4.76935E-01
-1.2720E-07,-4.85450E-01
-1.2640E-07,-4.85450E-01
-1.2560E-07,-4.79064E-01
-1.2480E-07,-4.81192E-01
-1.2400E-07,-4.85450E-01
-1.2320E-07,-4.81192E-01
-1.2240E-07,-4.89708E-01
-1.2160E-07,-4.79064E-01
-1.2080E-07,-4.83321E-01
-1.2000E-07,-4.79064E-01
-1.1920E-07,-4.74806E-01
-1.1840E-07,-4.85450E-01
-1.1760E-07,-4.81192E-01
-1.1680E-07,-4.76935E-01
-1.1600E-07,-4.79064E-01
-1.1520E-07,-4.76935E-01
-1.1440E-07,-4.76935E-01
-1.1360E-07,-4.83321E-01
-1.1280E-07,-4.79064E-01
-1.1200E-07,-4.79064E-01
-1.1120E-07,-4.81192E-01
-1.1040E-07,-4.72677E-01
-1.0960E-07,-4.79064E-01
-1.0880E-07,-4.70548E-01
-1.0800E-07,-4.72677E-01
-1.0720E-07,-4.74806E-01
-1.0640E-07,-4.81192E-01
-1.0560E-07,-4.87579E-01
-1.0480E-07,-4.87579E-01
-1.0400E-07,-4.79064E-01
-1.0320E-07,-4.72677E-01
-1.0240E-07,-4.72677E-01
-1.0160E-07,-4.83321E-01
-1.0080E-07,-4.83321E-01
-1.0000E-07,-4.79064E-01
-9.9200E-08,-4.79064E-01
-9.8400E-08,-4.79064E-01
-9.7600E-08,-4.81192E-01
-9.6800E-08,-4.83321E-01
-9.6000E-08,-4.89708E-01
-9.5200E-08,-4.85450E-01
-9.4400E-08,-4.79064E-01
-9.3600E-08,-4.81192E-01
-9.2800E-08,-4.76935E-01
-9.2000E-08,-4.81192E-01
-9.1200E-08,-4.74806E-01
-9.0400E-08,-4.85450E-01
-8.9600E-08,-4.81192E-01
-8.8800E-08,-4.83321E-01
-8.8000E-08,-4.76935E-01
-8.7200E-08,-4.83321E-01
-8.6400E-08,-4.79064E-01
-8.5600E-08,-4.74806E-01
-8.4800E-08,-4.79064E-01
-8.4000E-08,-4.85450E-01
-8.3200E-08,-4.85450E-01
-8.2400E-08,-4.76935E-01
-8.1600E-08,-4.74806E-01
-8.0800E-08,-4.72677E-01
-8.0000E-08,-4.74806E-01
-7.9200E-08,-4.72677E-01
-7.8400E-08,-4.72677E-01
-7.7600E-08,-4.74806E-01
-7.6800E-08,-4.79064E-01
-7.6000E-08,-4.76935E-01
-7.5200E-08,-4.81192E-01
-7.4400E-08,-4.79064E-01
-7.3600E-08,-4.79064E-01
-7.2800E-08,-4.79064E-01
-7.2000E-08,-4.76935E-01
-7.1200E-08,-4.74806E-01
-7.0400E-08,-4.81192E-01
-6.9600E-08,-4.81192E-01
-6.8800E-08,-4.76935E-01
-6.8000E-08,-4.72677E-01
-6.7200E-08,-4.83321E-01
-6.6400E-08,-4.81192E-01
-6.5600E-08,-4.81192E-01
-6.4800E-08,-4.83321E-01
-6.4000E-08,-4.89708E-01
-6.3200E-08,-4.79064E-01
-6.2400E-08,-4.79064E-01
-6.1600E-08,-4.76935E-01
-6.0800E-08,-4.81192E-01
-6.0000E-08,-4.76935E-01
-5.9200E-08,-4.74806E-01
-5.8400E-08,-4.83321E-01
-5.7600E-08,-4.81192E-01
-5.6800E-08,-4.87579E-01
-5.6000E-08,-4.81192E-01
-5.5200E-08,-4.72677E-01
-5.4400E-08,-4.85450E-01
-5.3600E-08,-4.76935E-01
-5.2800E-08,-4.79064E-01
-5.2000E-08,-4.83321E-01
-5.1200E-08,-4.87579E-01
-5.0400E-08,-4.74806E-01
-4.9600E-08,-4.76935E-01
-4.8800E-08,-4.79064E-01
-4.8000E-08,-4.81192E-01
-4.7200E-08,-4.79064E-01
-4.6400E-08,-4.79064E-01
-4.5600E-08,-4.83321E-01
-4.4800E-08,-4.85450E-01
-4.4000E-08,-4.81192E-01
-4.3200E-08,-4.85450E-01
-4.2400E-08,-4.81192E-01
-4.1600E-08,-4.81192E-01
-4.0800E-08,-4.83321E-01
-4.0000E-08,-4.81192E-01
-3.9200E-08,-4.83321E-01
-3.8400E-08,-4.83321E-01
-3.7600E-08,-4.83321E-01
-3.6800E-08,-4.76935E-01
-3.6000E-08,-4.70548E-01
-3.5200E-08,-4.81192E-01
-3.4400E-08,-4.72677E-01
-3.3600E-08,-4.79064E-01
-3.2800E-08,-4.72677E-01
-3.2000E-08,-4.83321E-01
-3.1200E-08,-4.74806E-01
-3.0400E-08,-4.74806E-01
-2.9600E-08,-4.79064E-01
-2.8800E-08,-4.85450E-01
-2.8000E-08,-4.83321E-01
-2.7200E-08,-4.74806E-01
-2.6400E-08,-4.79064E-01
-2.5600E-08,-4.74806E-01
-2.4800E-08,-4.79064E-01
-2.4000E-08,-4.85450E-01
-2.3200E-08,-4.79064E-01
-2.2400E-08,-4.79064E-01
-2.1600E-08,-4.72677E-01
-2.0800E-08,-4.83321E-01
-2.0000E-08,-4.79064E-01
-1.9200E-08,-4.85450E-01
-1.8400E-08,-4.81192E-01
-1.7600E-08,-4.76935E-01
-1.6800E-08,-4.79064E-01
-1.6000E-08,-4.81192E-01
-1.5200E-08,-4.85450E-01
-1.4400E-08,-4.83321E-01
-1.3600E-08,-4.85450E-01
-1.2800E-08,-4.81192E-01
-1.2000E-08,-4.79064E-01
-1.1200E-08,-4.81192E-01
-1.0400E-08,-4.74806E-01
-9.6000E-09,-4.85450E-01
-8.8000E-09,-4.81192E-01
-8.0000E-09,-4.85450E-01
-7.2000E-09,-4.81192E-01
-6.4000E-09,-4.72677E-01
-5.6000E-09,-4.85450E-01
-4.8000E-09,-4.83321E-01
-4.0000E-09,-4.72677E-01
-3.2000E-09,-4.74806E-01
-2.4000E-09,-4.59903E-01
-1.6000E-09,-4.06681E-01
-8.0000E-10,-2.89591E-01
1.2500E-23,-1.10763E-01
8.0000E-10,8.50966E-02
1.6000E-09,2.57538E-01
2.4000E-09,3.76757E-01
3.2000E-09,4.36366E-01
4.0000E-09,4.70429E-01
4.8000E-09,4.83202E-01
5.6000E-09,4.98104E-01
6.4000E-09,5.02362E-01
7.2000E-09,5.00233E-01
8.0000E-09,5.08749E-01
8.8000E-09,5.06620E-01
9.6000E-09,5.08749E-01
1.0400E-08,5.08749E-01
1.1200E-08,5.08749E-01
1.2000E-08,5.15136E-01
1.2800E-08,5.23651E-01
1.3600E-08,5.15136E-01
1.4400E-08,5.23651E-01
1.5200E-08,5.25780E-01
1.6000E-08,5.21522E-01
1.6800E-08,5.19394E-01
1.7600E-08,5.21522E-01
1.8400E-08,5.25780E-01
1.9200E-08,5.25780E-01
2.0000E-08,5.25780E-01
2.0800E-08,5.23651E-01
2.1600E-08,5.21522E-01
2.2400E-08,5.27909E-01
2.3200E-08,5.15136E-01
2.4000E-08,5.25780E-01
2.4800E-08,5.15136E-01
2.5600E-08,5.27909E-01
2.6400E-08,5.17265E-01
2.7200E-08,5.30038E-01
2.8000E-08,5.27909E-01
2.8800E-08,5.23651E-01
2.9600E-08,5.19394E-01
3.0400E-08,5.17265E-01
3.1200E-08,5.17265E-01
3.2000E-08,5.21522E-01
3.2800E-08,5.15136E-01
3.3600E-08,5.19394E-01
3.4400E-08,5.15136E-01
3.5200E-08,5.17265E-01
3.6000E-08,5.21522E-01
3.6800E-08,5.19394E-01
3.7600E-08,5.17265E-01
3.8400E-08,5.21522E-01
3.9200E-08,5.21522E-01
4.0000E-08,5.21522E-01
4.0800E-08,5.19394E-01
4.1600E-08,5.15136E-01
4.2400E-08,5.13007E-01
4.3200E-08,5.15136E-01
4.4000E-08,5.21522E-01
4.4800E-08,5.23651E-01
4.5600E-08,5.19394E-01
4.6400E-08,5.27909E-01
4.7200E-08,5.19394E-01
4.8000E-08,5.19394E-01
4.8800E-08,5.08749E-01
4.9600E-08,5.15136E-01
5.0400E-08,5.08749E-01
5.1200E-08,5.21522E-01
5.2000E-08,5.19394E-01
5.2800E-08,5.19394E-01
5.3600E-08,5.21522E-01
5.4400E-08,5.17265E-01
5.5200E-08,5.21522E-01
5.6000E-08,5.23651E-01
5.6800E-08,5.21522E-01
5.7600E-08,5.25780E-01
5.8400E-08,5.25780E-01
5.9200E-08,5.19394E-01
6.0000E-08,5.17265E-01
6.0800E-08,5.17265E-01
6.1600E-08,5.13007E-01
6.2400E-08,5.19394E-01
6.3200E-08,5.21522E-01
6.4000E-08,5.21522E-01
6.4800E-08,5.21522E-01
6.5600E-08,5.17265E-01
6.6400E-08,5.17265E-01
6.7200E-08,5.17265E-01
6.8000E-08,5.13007E-01
6.8800E-08,5.19394E-01
6.9600E-08,5.15136E-01
7.0400E-08,5.13007E-01
7.1200E-08,5.15136E-01
7.2000E-08,5.21522E-01
7.2800E-08,5.27909E-01
7.3600E-08,5.21522E-01
7.4400E-08,5.25780E-01
7.5200E-08,5.13007E-01
7.6000E-08,5.19394E-01
7.6800E-08,5.15136E-01
7.7600E-08,5.21522E-01
7.8400E-08,5.21522E-01
7.9200E-08,5.17265E-01
8.0000E-08,5.19394E-01
8.0800E-08,5.19394E-01
8.1600E-08,5.17265E-01
8.2400E-08,5.13007E-01
8.3200E-08,5.19394E-01
8.4000E-08,5.17265E-01
8.4800E-08,5.25780E-01
8.5600E-08,5.25780E-01
8.6400E-08,5.21522E-01
8.7200E-08,5.17265E-01
8.8000E-08,5.21522E-01
8.8800E-08,5.15136E-01
8.9600E-08,5.17265E-01
9.0400E-08,5.15136E-01
9.1200E-08,5.19394E-01
9.2000E-08,5.21522E-01
9.2800E-08,5.19394E-01
9.3600E-08,5.19394E-01
9.4400E-08,5.17265E-01
9.5200E-08,5.10878E-01
9.6000E-08,5.19394E-01
9.6800E-08,5.13007E-01
9.7600E-08,5.17265E-01
9.8400E-08,5.27909E-01
9.9200E-08,5.21522E-01
1.0000E-07,5.19394E-01
1.0080E-07,5.21522E-01
1.0160E-07,5.19394E-01
1.0240E-07,5.21522E-01
1.0320E-07,5.19394E-01
1.0400E-07,5.15136E-01
1.0480E-07,5.19394E-01
1.0560E-07,5.17265E-01
1.0640E-07,5.10878E-01
1.0720E-07,5.13007E-01
1.0800E-07,5.19394E-01
1.0880E-07,5.10878E-01
1.0960E-07,5.19394E-01
1.1040E-07,5.21522E-01
1.1120E-07,5.13007E-01
1.1200E-07,5.13007E-01
1.1280E-07,5.08749E-01
1.1360E-07,5.23651E-01
1.1440E-07,5.19394E-01
1.1520E-07,5.21522E-01
1.1600E-07,5.13007E-01
1.1680E-07,5.23651E-01
1.1760E-07,5.17265E-01
1.1840E-07,5.13007E-01
1.1920E-07,5.15136E-01
1.2000E-07,5.13007E-01
1.2080E-07,5.21522E-01
1.2160E-07,5.21522E-01
1.2240E-07,5.15136E-01
1.2320E-07,5.15136E-01
1.2400E-07,5.13007E-01
1.2480E-07,5.15136E-01
1.2560E-07,5.23651E-01
1.2640E-07,5.19394E-01
1.2720E-07,5.19394E-01
1.2800E-07,5.17265E-01
1.2880E-07,5.13007E-01
1.2960E-07,5.21522E-01
1.3040E-07,5.15136E-01
1.3120E-07,5.21522E-01
1.3200E-07,5.19394E-01
1.3280E-07,5.15136E-01
1.3360E-07,5.19394E-01
1.3440E-07,5.17265E-01
1.3520E-07,5.19394E-01
1.3600E-07,5.17265E-01
1.3680E-07,5.13007E-01
1.3760E-07,5.19394E-01
1.3840E-07,5.13007E-01
1.3920E-07,5.15136E-01
1.4000E-07,5.15136E-01
1.4080E-07,5.15136E-01
1.4160E-07,5.17265E-01
1.4240E-07,5.17265E-01
1.4320E-07,5.17265E-01
1.4400E-07,5.17265E-01
1.4480E-07,5.17265E-01
1.4560E-07,5.15136E-01
1.4640E-07,5.13007E-01
1.4720E-07,5.21522E-01
1.4800E-07,5.19394E-01
1.4880E-07,5.15136E-01
1.4960E-07,5.13007E-01
1.5040E-07,5.17265E-01
1.5120E-07,5.13007E-01
1.5200E-07,5.13007E-01
1.5280E-07,5.15136E-01
1.5360E-07,5.21522E-01
1.5440E-07,5.21522E-01
1.5520E-07,5.21522E-01
1.5600E-07,5.21522E-01
1.5680E-07,5.19394E-01
1.5760E-07,5.10878E-01
1.5840E-07,5.25780E-01
1.5920E-07,5.17265E-01
1.6000E-07,5.15136E-01
1.6080E-07,5.15136E-01
1.6160E-07,5.21522E-01
1.6240E-07,5.23651E-01
1.6320E-07,5.19394E-01
1.6400E-07,5.17265E-01
1.6480E-07,5.13007E-01
1.6560E-07,5.17265E-01
1.6640E-07,5.23651E-01
1.6720E-07,5.17265E-01
1.6800E-07,5.17265E-01
1.6880E-07,5.13007E-01
1.6960E-07,5.13007E-01
1.7040E-07,5.10878E-01
1.7120E-07,5.21522E-01
1.7200E-07,5.21522E-01
1.7280E-07,5.19394E-01
1.7360E-07,5.21522E-01
1.7440E-07,5.17265E-01
1.7520E-07,5.19394E-01
1.7600E-07,5.19394E-01
1.7680E-07,5.15136E-01
1.7760E-07,5.19394E-01
1.7840E-07,5.21522E-01
1.7920E-07,5.17265E-01
1.8000E-07,5.21522E-01
1.8080E-07,5.19394E-01
1.8160E-07,5.21522E-01
1.8240E-07,5.17265E-01
1.8320E-07,5.17265E-01
1.8400E-07,5.17265E-01
1.8480E-07,5.21522E-01
1.8560E-07,5.21522E-01
1.8640E-07,5.15136E-01
1.8720E-07,5.21522E-01
1.8800E-07,5.17265E-01
1.8880E-07,5.10878E-01
1.8960E-07,5.17265E-01
1.9040E-07,5.15136E-01
1.9120E-07,5.15136E-01
1.9200E-07,5.21522E-01
1.9280E-07,5.15136E-01
1.9360E-07,5.23651E-01
1.9440E-07,5.19394E-01
1.9520E-07,5.21522E-01
1.9600E-07,5.15136E-01
1.9680E-07,5.13007E-01
1.9760E-07,5.10878E-01
1.9840E-07,5.21522E-01
1.9920E-07,5.15136E-01
2.0000E-07,5.19394E-01
2.0080E-07,5.15136E-01
2.0160E-07,5.19394E-01
2.0240E-07,5.13007E-01
2.0320E-07,5.13007E-01
2.0400E-07,5.21522E-01
2.0480E-07,5.13007E-01
2.0560E-07,5.19394E-01
2.0640E-07,5.08749E-01
2.0720E-07,5.17265E-01
2.0800E-07,5.21522E-01
2.0880E-07,5.15136E-01
2.0960E-07,5.19394E-01
2.1040E-07,5.15136E-01
2.1120E-07,5.19394E-01
2.1200E-07,5.30038E-01
2.1280E-07,5.21522E-01
2.1360E-07,5.17265E-01
2.1440E-07,5.21522E-01
2.1520E-07,5.21522E-01
2.1600E-07,5.13007E-01
2.1680E-07,5.15136E-01
2.1760E-07,5.27909E-01
2.1840E-07,5.15136E-01
2.1920E-07,5.19394E-01
2.2000E-07,5.21522E-01
2.2080E-07,5.15136E-01
2.2160E-07,5.19394E-01
2.2240E-07,5.21522E-01
2.2320E-07,5.17265E-01
2.2400E-07,5.19394E-01
2.2480E-07,5.15136E-01
2.2560E-07,5.17265E-01
2.2640E-07,5.13007E-01
2.2720E-07,5.15136E-01
2.2800E-07,5.15136E-01
2.2880E-07,5.17265E-01
2.2960E-07,5.13007E-01
2.3040E-07,5.19394E-01
2.3120E-07,5.15136E-01
2.3200E-07,5.19394E-01
2.3280E-07,5.08749E-01
2.3360E-07,5.17265E-01
2.3440E-07,5.15136E-01
2.3520E-07,5.13007E-01
2.3600E-07,5.10878E-01
2.3680E-07,5.21522E-01
2.3760E-07,5.15136E-01
2.3840E-07,5.21522E-01
2.3920E-07,5.17265E-01
2.4000E-07,5.17265E-01
2.4080E-07,5.19394E-01
2.4160E-07,5.23651E-01
2.4240E-07,5.17265E-01
2.4320E-07,5.21522E-01
2.4400E-07,5.19394E-01
2.4480E-07,5.21522E-01
2.4560E-07,5.19394E-01
2.4640E-07,5.17265E-01
2.4720E-07,5.13007E-01
2.4800E-07,5.06620E-01
2.4880E-07,5.15136E-01
2.4960E-07,5.15136E-01
2.5040E-07,5.10878E-01
2.5120E-07,5.30038E-01
2.5200E-07,5.17265E-01
2.5280E-07,5.17265E-01
2.5360E-07,5.15136E-01
2.5440E-07,5.10878E-01
2.5520E-07,5.13007E-01
2.5600E-07,5.15136E-01
2.5680E-07,5.15136E-01
2.5760E-07,5.19394E-01
2.5840E-07,5.15136E-01
2.5920E-07,5.21522E-01
2.6000E-07,5.23651E-01
2.6080E-07,5.08749E-01
2.6160E-07,5.13007E-01
2.6240E-07,5.15136E-01
2.6320E-07,5.15136E-01
2.6400E-07,5.19394E-01
2.6480E-07,5.19394E-01
2.6560E-07,5.19394E-01
2.6640E-07,5.15136E-01
2.6720E-07,5.19394E-01
2.6800E-07,5.15136E-01
2.6880E-07,5.19394E-01
2.6960E-07,5.13007E-01
2.7040E-07,5.13007E-01
2.7120E-07,5.19394E-01
2.7200E-07,5.08749E-01
2.7280E-07,5.13007E-01
2.7360E-07,5.10878E-01
2.7440E-07,5.19394E-01
2.7520E-07,5.19394E-01
2.7600E-07,5.15136E-01
2.7680E-07,5.21522E-01
2.7760E-07,5.21522E-01
2.7840E-07,5.17265E-01
2.7920E-07,5.19394E-01
2.8000E-07,5.13007E-01
2.8080E-07,5.06620E-01
2.8160E-07,5.19394E-01
2.8240E-07,5.23651E-01
2.8320E-07,5.19394E-01
2.8400E-07,5.08749E-01
2.8480E-07,5.15136E-01
2.8560E-07,5.13007E-01
2.8640E-07,5.13007E-01
2.8720E-07,5.17265E-01
2.8800E-07,5.19394E-01
2.8880E-07,5.19394E-01
2.8960E-07,5.17265E-01
2.9040E-07,5.13007E-01
2.9120E-07,5.13007E-01
2.9200E-07,5.13007E-01
2.9280E-07,5.13007E-01
2.9360E-07,5.10878E-01
2.9440E-07,5.19394E-01
2.9520E-07,5.19394E-01
2.9600E-07,5.21522E-01
2.9680E-07,5.17265E-01
2.9760E-07,5.17265E-01
2.9840E-07,5.19394E-01
2.9920E-07,5.17265E-01
3.0000E-07,5.23651E-01
3.0080E-07,5.15136E-01
3.0160E-07,5.13007E-01
3.0240E-07,5.06620E-01
3.0320E-07,5.15136E-01
3.0400E-07,5.08749E-01
3.0480E-07,5.13007E-01
3.0560E-07,5.13007E-01
3.0640E-07,5.13007E-01
3.0720E-07,5.19394E-01
3.0800E-07,5.13007E-01
3.0880E-07,5.19394E-01
3.0960E-07,5.19394E-01
3.1040E-07,5.21522E-01
3.1120E-07,5.21522E-01
3.1200E-07,5.17265E-01
3.1280E-07,5.23651E-01
3.1360E-07,5.21522E-01
3.1440E-07,5.17265E-01
3.1520E-07,5.19394E-01
3.1600E-07,5.19394E-01
3.1680E-07,5.15136E-01
3.1760E-07,5.08749E-01
3.1840E-07,5.08749E-01
3.1920E-07,5.13007E-01
3.2000E-07,5.15136E-01
3.2080E-07,5.15136E-01
3.2160E-07,5.21522E-01
3.2240E-07,5.15136E-01
3.2320E-07,5.19394E-01
3.2400E-07,5.23651E-01
3.2480E-07,5.23651E-01
3.2560E-07,5.19394E-01
3.2640E-07,5.21522E-01
3.2720E-07,5.21522E-01
3.2800E-07,5.19394E-01
3.2880E-07,5.19394E-01
3.2960E-07,5.21522E-01
3.3040E-07,5.10878E-01
3.3120E-07,4.78944E-01
3.3200E-07,4.04433E-01
3.3280E-07,2.70311E-01
3.3360E-07,6.80654E-02
3.3440E-07,-1.12892E-01
3.3520E-07,-2.57657E-01
3.3600E-07,-3.57716E-01
3.3680E-07,-4.10939E-01
3.3760E-07,-4.38614E-01
3.3840E-07,-4.62032E-01
3.3920E-07,-4.57774E-01
3.4000E-07,-4.70548E-01
3.4080E-07,-4.70548E-01
3.4160E-07,-4.72677E-01
3.4240E-07,-4.72677E-01
3.4320E-07,-4.72677E-01
3.4400E-07,-4.74806E-01
3.4480E-07,-4.74806E-01
3.4560E-07,-4.72677E-01
3.4640E-07,-4.70548E-01
3.4720E-07,-4.79064E-01
3.4800E-07,-4.81192E-01
3.4880E-07,-4.89708E-01
3.4960E-07,-4.85450E-01
3.5040E-07,-4.87579E-01
3.5120E-07,-4.79064E-01
3.5200E-07,-4.85450E-01
3.5280E-07,-4.81192E-01
3.5360E-07,-4.89708E-01
3.5440E-07,-4.83321E-01
3.5520E-07,-4.87579E-01
3.5600E-07,-4.85450E-01
3.5680E-07,-4.85450E-01
3.5760E-07,-4.81192E-01
3.5840E-07,-4.81192E-01
3.5920E-07,-4.83321E-01
3.6000E-07,-4.93966E-01
3.6080E-07,-4.96095E-01
3.6160E-07,-4.91837E-01
3.6240E-07,-4.87579E-01
3.6320E-07,-4.83321E-01
3.6400E-07,-4.79064E-01
3.6480E-07,-4.79064E-01
3.6560E-07,-4.76935E-01
3.6640E-07,-4.87579E-01
3.6720E-07,-4.87579E-01
3.6800E-07,-4.81192E-01
3.6880E-07,-4.85450E-01
3.6960E-07,-4.81192E-01
3.7040E-07,-4.81192E-01
3.7120E-07,-4.79064E-01
3.7200E-07,-4.79064E-01
3.7280E-07,-4.79064E-01
3.7360E-07,-4.79064E-01
3.7440E-07,-4.85450E-01
3.7520E-07,-4.79064E-01
3.7600E-07,-4.81192E-01
3.7680E-07,-4.76935E-01
3.7760E-07,-4.91837E-01
3.7840E-07,-4.81192E-01
3.7920E-07,-4.83321E-01
3.8000E-07,-4.81192E-01
3.8080E-07,-4.81192E-01
3.8160E-07,-4.81192E-01
3.8240E-07,-4.81192E-01
3.8320E-07,-4.79064E-01
3.8400E-07,-4.83321E-01
3.8480E-07,-4.87579E-01
3.8560E-07,-4.81192E-01
3.8640E-07,-4.79064E-01
3.8720E-07,-4.76935E-01
3.8800E-07,-4.85450E-01
3.8880E-07,-4.79064E-01
3.8960E-07,-4.72677E-01
3.9040E-07,-4.85450E-01
3.9120E-07,-4.83321E-01
3.9200E-07,-4.76935E-01
3.9280E-07,-4.79064E-01
3.9360E-07,-4.79064E-01
3.9440E-07,-4.79064E-01
3.9520E-07,-4.79064E-01
3.9600E-07,-4.76935E-01
3.9680E-07,-4.79064E-01
3.9760E-07,-4.81192E-01
3.9840E-07,-4.76935E-01
3.9920E-07,-4.76935E-01
4.0000E-07,-4.83321E-01
4.0080E-07,-4.76935E-01
4.0160E-07,-4.81192E-01
4.0240E-07,-4.81192E-01
4.0320E-07,-4.79064E-01
4.0400E-07,-4.72677E-01
4.0480E-07,-4.83321E-01
4.0560E-07,-4.81192E-01
4.0640E-07,-4.81192E-01
4.0720E-07,-4.85450E-01
4.0800E-07,-4.76935E-01
4.0880E-07,-4.72677E-01
4.0960E-07,-4.83321E-01
4.1040E-07,-4.74806E-01
4.1120E-07,-4.79064E-01
4.1200E-07,-4.85450E-01
4.1280E-07,-4.83321E-01
4.1360E-07,-4.79064E-01
4.1440E-07,-4.83321E-01
4.1520E-07,-4.85450E-01
4.1600E-07,-4.79064E-01
4.1680E-07,-4.79064E-01
4.1760E-07,-4.85450E-01
4.1840E-07,-4.83321E-01
4.1920E-07,-4.91837E-01
4.2000E-07,-4.85450E-01
4.2080E-07,-4.83321E-01
4.2160E-07,-4.70548E-01
4.2240E-07,-4.79064E-01
4.2320E-07,-4.76935E-01
4.2400E-07,-4.79064E-01
4.2480E-07,-4.76935E-01
4.2560E-07,-4.79064E-01
4.2640E-07,-4.81192E-01
4.2720E-07,-4.79064E-01
4.2800E-07,-4.74806E-01
4.2880E-07,-4.83321E-01
4.2960E-07,-4.79064E-01
4.3040E-07,-4.79064E-01
4.3120E-07,-4.79064E-01
4.3200E-07,-4.85450E-01
4.3280E-07,-4.74806E-01
4.3360E-07,-4.76935E-01
4.3440E-07,-4.79064E-01
4.3520E-07,-4.79064E-01
4.3600E-07,-4.83321E-01
4.3680E-07,-4.87579E-01
4.3760E-07,-4.79064E-01
4.3840E-07,-4.83321E-01
4.3920E-07,-4.83321E-01
4.4000E-07,-4.81192E-01
4.4080E-07,-4.83321E-01
4.4160E-07,-4.85450E-01
4.4240E-07,-4.91837E-01
4.4320E-07,-4.76935E-01
4.4400E-07,-4.81192E-01
4.4480E-07,-4.79064E-01
4.4560E-07,-4.81192E-01
4.4640E-07,-4.81192E-01
4.4720E-07,-4.81192E-01
4.4800E-07,-4.83321E-01
4.4880E-07,-4.85450E-01
4.4960E-07,-4.76935E-01
4.5040E-07,-4.79064E-01
4.5120E-07,-4.85450E-01
4.5200E-07,-4.85450E-01
4.5280E-07,-4.89708E-01
4.5360E-07,-4.74806E-01
4.5440E-07,-4.79064E-01
4.5520E-07,-4.83321E-01
4.5600E-07,-4.79064E-01
4.5680E-07,-4.74806E-01
4.5760E-07,-4.79064E-01
4.5840E-07,-4.79064E-01
4.5920E-07,-4.76935E-01
4.6000E-07,-4.83321E-01
4.6080E-07,-4.91837E-01
4.6160E-07,-4.89708E-01
4.6240E-07,-4.76935E-01
4.6320E-07,-4.83321E-01
4.6400E-07,-4.83321E-01
4.6480E-07,-4.76935E-01
4.6560E-07,-4.76935E-01
4.6640E-07,-4.83321E-01
4.6720E-07,-4.76935E-01
4.6800E-07,-4.85450E-01
4.6880E-07,-4.85450E-01
4.6960E-07,-4.72677E-01
4.7040E-07,-4.81192E-01
4.7120E-07,-4.74806E-01
4.7200E-07,-4.83321E-01
4.7280E-07,-4.85450E-01
4.7360E-07,-4.76935E-01
4.7440E-07,-4.81192E-01
4.7520E-07,-4.81192E-01
4.7600E-07,-4.85450E-01
4.7680E-07,-4.79064E-01
4.7760E-07,-4.76935E-01
4.7840E-07,-4.79064E-01
4.7920E-07,-4.81192E-01
4.8000E-07,-4.87579E-01
4.8080E-07,-4.87579E-01
4.8160E-07,-4.83321E-01
4.8240E-07,-4.81192E-01
4.8320E-07,-4.81192E-01
4.8400E-07,-4.70548E-01
4.8480E-07,-4.76935E-01
4.8560E-07,-4.74806E-01
4.8640E-07,-4.83321E-01
4.8720E-07,-4.81192E-01
4.8800E-07,-4.76935E-01
4.8880E-07,-4.79064E-01
4.8960E-07,-4.76935E-01
4.9040E-07,-4.87579E-01
4.9120E-07,-4.83321E-01
4.9200E-07,-4.83321E-01
4.9280E-07,-4.85450E-01
4.9360E-07,-4.83321E-01
4.9440E-07,-4.72677E-01
4.9520E-07,-4.79064E-01
4.9600E-07,-4.81192E-01
4.9680E-07,-4.83321E-01
4.9760E-07,-4.87579E-01
4.9840E-07,-4.87579E-01
4.9920E-07,-4.85450E-01
5.0000E-07,-4.83321E-01
5.0080E-07,-4.76935E-01
5.0160E-07,-4.83321E-01
5.0240E-07,-4.87579E-01
5.0320E-07,-4.83321E-01
5.0400E-07,-4.89708E-01
5.0480E-07,-4.79064E-01
5.0560E-07,-4.79064E-01
5.0640E-07,-4.83321E-01
5.0720E-07,-4.89708E-01
5.0800E-07,-4.81192E-01
5.0880E-07,-4.85450E-01
5.0960E-07,-4.79064E-01
5.1040E-07,-4.72677E-01
5.1120E-07,-4.70548E-01
5.1200E-07,-4.79064E-01
5.1280E-07,-4.83321E-01
5.1360E-07,-4.89708E-01
5.1440E-07,-4.79064E-01
5.1520E-07,-4.83321E-01
5.1600E-07,-4.85450E-01
5.1680E-07,-4.79064E-01
5.1760E-07,-4.81192E-01
5.1840E-07,-4.76935E-01
5.1920E-07,-4.74806E-01
5.2000E-07,-4.72677E-01
5.2080E-07,-4.72677E-01
5.2160E-07,-4.85450E-01
5.2240E-07,-4.83321E-01
5.2320E-07,-4.79064E-01
5.2400E-07,-4.85450E-01
5.2480E-07,-4.81192E-01
5.2560E-07,-4.79064E-01
5.2640E-07,-4.79064E-01
5.2720E-07,-4.74806E-01
5.2800E-07,-4.79064E-01
5.2880E-07,-4.76935E-01
5.2960E-07,-4.83321E-01
5.3040E-07,-4.81192E-01
5.3120E-07,-4.66290E-01
5.3200E-07,-4.76935E-01
5.3280E-07,-4.85450E-01
5.3360E-07,-4.83321E-01
5.3440E-07,-4.85450E-01
5.3520E-07,-4.83321E-01
5.3600E-07,-4.85450E-01
5.3680E-07,-4.83321E-01
5.3760E-07,-4.79064E-01
5.3840E-07,-4.89708E-01
5.3920E-07,-4.79064E-01
5.4000E-07,-4.76935E-01
5.4080E-07,-4.87579E-01
5.4160E-07,-4.76935E-01
5.4240E-07,-4.79064E-01
5.4320E-07,-4.81192E-01
5.4400E-07,-4.79064E-01
5.4480E-07,-4.76935E-01
5.4560E-07,-4.85450E-01
5.4640E-07,-4.79064E-01
5.4720E-07,-4.79064E-01
5.4800E-07,-4.79064E-01
5.4880E-07,-4.79064E-01
5.4960E-07,-4.79064E-01
5.5040E-07,-4.79064E-01
5.5120E-07,-4.83321E-01
5.5200E-07,-4.79064E-01
5.5280E-07,-4.79064E-01
5.5360E-07,-4.83321E-01
5.5440E-07,-4.83321E-01
5.5520E-07,-4.83321E-01
5.5600E-07,-4.85450E-01
5.5680E-07,-4.79064E-01
5.5760E-07,-4.87579E-01
5.5840E-07,-4.83321E-01
5.5920E-07,-4.85450E-01
5.6000E-07,-4.83321E-01
5.6080E-07,-4.79064E-01
5.6160E-07,-4.79064E-01
5.6240E-07,-4.83321E-01
5.6320E-07,-4.79064E-01
5.6400E-07,-4.83321E-01
5.6480E-07,-4.85450E-01
5.6560E-07,-4.79064E-01
5.6640E-07,-4.87579E-01
5.6720E-07,-4.74806E-01
5.6800E-07,-4.76935E-01
5.6880E-07,-4.74806E-01
5.6960E-07,-4.83321E-01
5.7040E-07,-4.87579E-01
5.7120E-07,-4.87579E-01
5.7200E-07,-4.72677E-01
5.7280E-07,-4.79064E-01
5.7360E-07,-4.79064E-01
5.7440E-07,-4.83321E-01
5.7520E-07,-4.72677E-01
5.7600E-07,-4.72677E-01
5.7680E-07,-4.83321E-01
5.7760E-07,-4.85450E-01
5.7840E-07,-4.83321E-01
5.7920E-07,-4.85450E-01
5.8000E-07,-4.76935E-01
5.8080E-07,-4.87579E-01
5.8160E-07,-4.81192E-01
5.8240E-07,-4.85450E-01
5.8320E-07,-4.83321E-01
5.8400E-07,-4.79064E-01
5.8480E-07,-4.83321E-01
5.8560E-07,-4.76935E-01
5.8640E-07,-4.79064E-01
5.8720E-07,-4.79064E-01
5.8800E-07,-4.87579E-01
5.8880E-07,-4.79064E-01
5.8960E-07,-4.83321E-01
5.9040E-07,-4.81192E-01
5.9120E-07,-4.79064E-01
5.9200E-07,-4.81192E-01
5.9280E-07,-4.81192E-01
5.9360E-07,-4.83321E-01
5.9440E-07,-4.81192E-01
5.9520E-07,-4.79064E-01
5.9600E-07,-4.79064E-01
5.9680E-07,-4.81192E-01
5.9760E-07,-4.74806E-01
5.9840E-07,-4.79064E-01
5.9920E-07,-4.79064E-01
6.0000E-07,-4.81192E-01
6.0080E-07,-4.83321E-01
6.0160E-07,-4.81192E-01
6.0240E-07,-4.74806E-01
6.0320E-07,-4.79064E-01
6.0400E-07,-4.79064E-01
6.0480E-07,-4.79064E-01
6.0560E-07,-4.76935E-01
6.0640E-07,-4.72677E-01
6.0720E-07,-4.79064E-01
6.0800E-07,-4.79064E-01
6.0880E-07,-4.83321E-01
6.0960E-07,-4.83321E-01
6.1040E-07,-4.74806E-01
6.1120E-07,-4.83321E-01
6.1200E-07,-4.74806E-01
6.1280E-07,-4.81192E-01
6.1360E-07,-4.85450E-01
6.1440E-07,-4.81192E-01
6.1520E-07,-4.81192E-01
6.1600E-07,-4.81192E-01
6.1680E-07,-4.79064E-01
6.1760E-07,-4.87579E-01
6.1840E-07,-4.79064E-01
6.1920E-07,-4.76935E-01
6.2000E-07,-4.79064E-01
6.2080E-07,-4.76935E-01
6.2160E-07,-4.87579E-01
6.2240E-07,-4.85450E-01
6.2320E-07,-4.81192E-01
6.2400E-07,-4.79064E-01
6.2480E-07,-4.74806E-01
6.2560E-07,-4.83321E-01
6.2640E-07,-4.83321E-01
6.2720E-07,-4.72677E-01
6.2800E-07,-4.81192E-01
6.2880E-07,-4.72677E-01
6.2960E-07,-4.74806E-01
6.3040E-07,-4.79064E-01
6.3120E-07,-4.79064E-01
6.3200E-07,-4.79064E-01
6.3280E-07,-4.79064E-01
6.3360E-07,-4.74806E-01
6.3440E-07,-4.87579E-01
6.3520E-07,-4.74806E-01
6.3600E-07,-4.70548E-01
6.3680E-07,-4.79064E-01
6.3760E-07,-4.81192E-01
6.3840E-07,-4.74806E-01
6.3920E-07,-4.76935E-01
6.4000E-07,-4.79064E-01
6.4080E-07,-4.83321E-01
6.4160E-07,-4.79064E-01
6.4240E-07,-4.79064E-01
6.4320E-07,-4.85450E-01
6.4400E-07,-4.76935E-01
6.4480E-07,-4.83321E-01
6.4560E-07,-4.79064E-01
6.4640E-07,-4.83321E-01
6.4720E-07,-4.76935E-01
6.4800E-07,-4.76935E-01
6.4880E-07,-4.70548E-01
6.4960E-07,-4.74806E-01
6.5040E-07,-4.74806E-01
6.5120E-07,-4.74806E-01
6.5200E-07,-4.79064E-01
6.5280E-07,-4.76935E-01
6.5360E-07,-4.76935E-01
6.5440E-07,-4.81192E-01
6.5520E-07,-4.79064E-01
6.5600E-07,-4.89708E-01
6.5680E-07,-4.81192E-01
6.5760E-07,-4.76935E-01
6.5840E-07,-4.79064E-01
6.5920E-07,-4.85450E-01
6.6000E-07,-4.83321E-01
6.6080E-07,-4.76935E-01
6.6160E-07,-4.79064E-01
6.6240E-07,-4.89708E-01
6.6320E-07,-4.79064E-01
6.6400E-07,-4.76935E-01
6.6480E-07,-4.30099E-01
6.6560E-07,-3.30040E-01
6.6640E-07,-1.74630E-01
6.6720E-07,3.18740E-02
6.6800E-07,2.10702E-01
6.6880E-07,3.42694E-01
6.6960E-07,4.23593E-01
6.7040E-07,4.61913E-01
6.7120E-07,4.83202E-01
6.7200E-07,5.00233E-01
6.7280E-07,5.10878E-01
6.7360E-07,5.06620E-01
6.7440E-07,5.04491E-01
6.7520E-07,5.00233E-01
6.7600E-07,5.13007E-01
6.7680E-07,5.15136E-01
6.7760E-07,5.15136E-01
6.7840E-07,5.15136E-01
6.7920E-07,5.17265E-01
6.8000E-07,5.19394E-01
6.8080E-07,5.17265E-01
6.8160E-07,5.19394E-01
6.8240E-07,5.17265E-01
6.8320E-07,5.21522E-01
6.8400E-07,5.15136E-01
6.8480E-07,5.21522E-01
6.8560E-07,5.21522E-01
6.8640E-07,5.27909E-01
6.8720E-07,5.21522E-01
6.8800E-07,5.23651E-01
6.8880E-07,5.25780E-01
6.8960E-07,5.21522E-01
6.9040E-07,5.21522E-01
6.9120E-07,5.15136E-01
6.9200E-07,5.17265E-01
6.9280E-07,5.21522E-01
6.9360E-07,5.30038E-01
6.9440E-07,5.25780E-01
6.9520E-07,5.27909E-01
6.9600E-07,5.27909E-01
6.9680E-07,5.21522E-01
6.9760E-07,5.23651E-01
6.9840E-07,5.15136E-01
6.9920E-07,5.23651E-01
7.0000E-07,5.15136E-01
7.0080E-07,5.23651E-01
7.0160E-07,5.15136E-01
7.0240E-07,5.21522E-01
7.0320E-07,5.13007E-01
7.0400E-07,5.17265E-01
7.0480E-07,5.15136E-01
7.0560E-07,5.19394E-01
7.0640E-07,5.21522E-01
7.0720E-07,5.21522E-01
7.0800E-07,5.15136E-01
7.0880E-07,5.10878E-01
7.0960E-07,5.21522E-01
7.1040E-07,5.21522E-01
7.1120E-07,5.21522E-01
7.1200E-07,5.25780E-01
7.1280E-07,5.19394E-01
7.1360E-07,5.19394E-01
7.1440E-07,5.13007E-01
7.1520E-07,5.15136E-01
7.1600E-07,5.13007E-01
7.1680E-07,5.13007E-01
7.1760E-07,5.15136E-01
7.1840E-07,5.17265E-01
7.1920E-07,5.13007E-01
7.2000E-07,5.17265E-01
7.2080E-07,5.19394E-01
7.2160E-07,5.17265E-01
7.2240E-07,5.02362E-01
7.2320E-07,5.17265E-01
7.2400E-07,5.17265E-01
7.2480E-07,5.13007E-01
7.2560E-07,5.13007E-01
7.2640E-07,5.15136E-01
7.2720E-07,5.15136E-01
7.2800E-07,5.13007E-01
7.2880E-07,5.21522E-01
7.2960E-07,5.23651E-01
7.3040E-07,5.19394E-01
7.3120E-07,5.21522E-01
7.3200E-07,5.19394E-01
7.3280E-07,5.21522E-01
7.3360E-07,5.15136E-01
7.3440E-07,5.19394E-01
7.3520E-07,5.21522E-01
7.3600E-07,5.17265E-01
7.3680E-07,5.15136E-01
7.3760E-07,5.17265E-01
7.3840E-07,5.15136E-01
7.3920E-07,5.19394E-01
7.4000E-07,5.19394E-01
7.4080E-07,5.17265E-01
7.4160E-07,5.17265E-01
7.4240E-07,5.13007E-01
7.4320E-07,5.15136E-01
7.4400E-07,5.21522E-01
7.4480E-07,5.13007E-01
7.4560E-07,5.19394E-01
7.4640E-07,5.23651E-01
7.4720E-07,5.19394E-01
7.4800E-07,5.13007E-01
7.4880E-07,5.15136E-01
7.4960E-07,5.15136E-01
7.5040E-07,5.15136E-01
7.5120E-07,5.10878E-01
7.5200E-07,5.25780E-01
7.5280E-07,5.13007E-01
7.5360E-07,5.13007E-01
7.5440E-07,5.15136E-01
7.5520E-07,5.27909E-01
7.5600E-07,5.13007E-01
7.5680E-07,5.21522E-01
7.5760E-07,5.17265E-01
7.5840E-07,5.15136E-01
7.5920E-07,5.13007E-01
7.6000E-07,5.19394E-01
7.6080E-07,5.15136E-01
7.6160E-07,5.21522E-01
7.6240E-07,5.15136E-01
7.6320E-07,5.17265E-01
7.6400E-07,5.25780E-01
7.6480E-07,5.15136E-01
7.6560E-07,5.25780E-01
7.6640E-07,5.17265E-01
7.6720E-07,5.21522E-01
7.6800E-07,5.17265E-01
7.6880E-07,5.19394E-01
7.6960E-07,5.30038E-01
7.7040E-07,5.27909E-01
7.7120E-07,5.21522E-01
7.7200E-07,5.15136E-01
7.7280E-07,5.19394E-01
7.7360E-07,5.15136E-01
7.7440E-07,5.15136E-01
7.7520E-07,5.19394E-01
7.7600E-07,5.21522E-01
7.7680E-07,5.21522E-01
7.7760E-07,5.13007E-01
7.7840E-07,5.15136E-01
7.7920E-07,5.13007E-01
7.8000E-07,5.13007E-01
7.8080E-07,5.25780E-01
7.8160E-07,5.21522E-01
7.8240E-07,5.13007E-01
7.8320E-07,5.21522E-01
7.8400E-07,5.19394E-01
7.8480E-07,5.13007E-01
7.8560E-07,5.08749E-01
7.8640E-07,5.13007E-01
7.8720E-07,5.19394E-01
7.8800E-07,5.21522E-01
7.8880E-07,5.27909E-01
7.8960E-07,5.27909E-01
7.9040E-07,5.19394E-01
7.9120E-07,5.21522E-01
7.9200E-07,5.19394E-01
7.9280E-07,5.15136E-01
7.9360E-07,5.25780E-01
7.9440E-07,5.15136E-01
7.9520E-07,5.19394E-01
7.9600E-07,5.19394E-01
7.9680E-07,5.13007E-01
7.9760E-07,5.19394E-01
7.9840E-07,5.19394E-01
7.9920E-07,5.13007E-01
8.0000E-07,5.17265E-01
8.0080E-07,5.17265E-01
8.0160E-07,5.19394E-01
8.0240E-07,5.15136E-01
8.0320E-07,5.21522E-01
8.0400E-07,5.08749E-01
8.0480E-07,5.15136E-01
8.0560E-07,5.19394E-01
8.0640E-07,5.17265E-01
8.0720E-07,5.15136E-01
8.0800E-07,5.08749E-01
8.0880E-07,5.17265E-01
8.0960E-07,5.15136E-01
8.1040E-07,5.13007E-01
8.1120E-07,5.17265E-01
8.1200E-07,5.13007E-01
8.1280E-07,5.13007E-01
8.1360E-07,5.13007E-01
8.1440E-07,5.13007E-01
8.1520E-07,5.21522E-01
8.1600E-07,5.17265E-01
8.1680E-07,5.13007E-01
8.1760E-07,5.15136E-01
8.1840E-07,5.13007E-01
8.1920E-07,5.17265E-01
8.2000E-07,5.17265E-01
8.2080E-07,5.19394E-01
8.2160E-07,5.17265E-01
8.2240E-07,5.27909E-01
8.2320E-07,5.17265E-01
8.2400E-07,5.15136E-01
8.2480E-07,5.15136E-01
8.2560E-07,5.15136E-01
8.2640E-07,5.13007E-01
8.2720E-07,5.10878E-01
8.2800E-07,5.13007E-01
8.2880E-07,5.19394E-01
8.2960E-07,5.15136E-01
8.3040E-07,5.15136E-01
8.3120E-07,5.15136E-01
8.3200E-07,5.19394E-01
8.3280E-07,5.17265E-01
8.3360E-07,5.19394E-01
8.3440E-07,5.17265E-01
8.3520E-07,5.21522E-01
8.3600E-07,5.08749E-01
8.3680E-07,5.08749E-01
8.3760E-07,5.17265E-01
8.3840E-07,5.15136E-01
8.3920E-07,5.19394E-01
8.4000E-07,5.23651E-01
8.4080E-07,5.15136E-01
8.4160E-07,5.17265E-01
8.4240E-07,5.17265E-01
8.4320E-07,5.10878E-01
8.4400E-07,5.13007E-01
8.4480E-07,5.19394E-01
8.4560E-07,5.19394E-01
8.4640E-07,5.19394E-01
8.4720E-07,5.15136E-01
8.4800E-07,5.13007E-01
8.4880E-07,5.13007E-01
8.4960E-07,5.15136E-01
8.5040E-07,5.19394E-01
8.5120E-07,5.15136E-01
8.5200E-07,5.13007E-01
8.5280E-07,5.17265E-01
8.5360E-07,5.21522E-01
8.5440E-07,5.19394E-01
8.5520E-07,5.08749E-01
8.5600E-07,5.15136E-01
8.5680E-07,5.17265E-01
8.5760E-07,5.19394E-01
8.5840E-07,5.15136E-01
8.5920E-07,5.19394E-01
8.6000E-07,5.23651E-01
8.6080E-07,5.19394E-01
8.6160E-07,5.06620E-01
8.6240E-07,5.17265E-01
8.6320E-07,5.15136E-01
8.6400E-07,5.21522E-01
8.6480E-07,5.17265E-01
8.6560E-07,5.19394E-01
8.6640E-07,5.17265E-01
8.6720E-07,5.13007E-01
8.6800E-07,5.13007E-01
8.6880E-07,5.13007E-01
8.6960E-07,5.19394E-01
8.7040E-07,5.21522E-01
8.7120E-07,5.13007E-01
8.7200E-07,5.08749E-01
8.7280E-07,5.15136E-01
8.7360E-07,5.06620E-01
8.7440E-07,5.13007E-01
8.7520E-07,5.10878E-01
8.7600E-07,5.08749E-01
8.7680E-07,5.21522E-01
8.7760E-07,5.17265E-01
8.7840E-07,5.21522E-01
8.7920E-07,5.23651E-01
8.8000E-07,5.21522E-01
8.8080E-07,5.21522E-01
8.8160E-07,5.19394E-01
8.8240E-07,5.17265E-01
8.8320E-07,5.15136E-01
8.8400E-07,5.21522E-01
8.8480E-07,5.08749E-01
8.8560E-07,5.17265E-01
8.8640E-07,5.13007E-01
8.8720E-07,5.23651E-01
8.8800E-07,5.17265E-01
8.8880E-07,5.10878E-01
8.8960E-07,5.25780E-01
8.9040E-07,5.21522E-01
8.9120E-07,5.25780E-01
8.9200E-07,5.15136E-01
8.9280E-07,5.19394E-01
8.9360E-07,5.15136E-01
8.9440E-07,5.15136E-01
8.9520E-07,5.21522E-01
8.9600E-07,5.15136E-01
8.9680E-07,5.17265E-01
8.9760E-07,5.25780E-01
8.9840E-07,5.21522E-01
8.9920E-07,5.21522E-01
9.0000E-07,5.13007E-01
9.0080E-07,5.13007E-01
9.0160E-07,5.13007E-01
9.0240E-07,5.13007E-01
9.0320E-07,5.15136E-01
9.0400E-07,5.19394E-01
9.0480E-07,5.15136E-01
9.0560E-07,5.15136E-01
9.0640E-07,5.08749E-01
9.0720E-07,5.13007E-01
9.0800E-07,5.13007E-01
9.0880E-07,5.08749E-01
9.0960E-07,5.10878E-01
9.1040E-07,5.19394E-01
9.1120E-07,5.17265E-01
9.1200E-07,5.19394E-01
9.1280E-07,5.19394E-01
9.1360E-07,5.21522E-01
9.1440E-07,5.15136E-01
9.1520E-07,5.15136E-01
9.1600E-07,5.08749E-01
9.1680E-07,5.19394E-01
9.1760E-07,5.15136E-01
9.1840E-07,5.19394E-01
9.1920E-07,5.17265E-01
9.2000E-07,5.13007E-01
9.2080E-07,5.10878E-01
9.2160E-07,5.19394E-01
9.2240E-07,5.17265E-01
9.2320E-07,5.21522E-01
9.2400E-07,5.19394E-01
9.2480E-07,5.21522E-01
9.2560E-07,5.17265E-01
9.2640E-07,5.13007E-01
9.2720E-07,5.13007E-01
9.2800E-07,5.08749E-01
9.2880E-07,5.13007E-01
9.2960E-07,5.19394E-01
9.3040E-07,5.13007E-01
9.3120E-07,5.13007E-01
9.3200E-07,5.17265E-01
9.3280E-07,5.15136E-01
9.3360E-07,5.10878E-01
9.3440E-07,5.13007E-01
9.3520E-07,5.08749E-01
9.3600E-07,5.13007E-01
9.3680E-07,5.13007E-01
9.3760E-07,5.17265E-01
9.3840E-07,5.10878E-01
9.3920E-07,5.13007E-01
9.4000E-07,5.15136E-01
9.4080E-07,5.15136E-01
9.4160E-07,5.08749E-01
9.4240E-07,5.10878E-01
9.4320E-07,5.15136E-01
9.4400E-07,5.15136E-01
9.4480E-07,5.10878E-01
9.4560E-07,5.10878E-01
9.4640E-07,5.13007E-01
9.4720E-07,5.19394E-01
9.4800E-07,5.13007E-01
9.4880E-07,5.15136E-01
9.4960E-07,5.13007E-01
9.5040E-07,5.13007E-01
9.5120E-07,5.19394E-01
9.5200E-07,5.10878E-01
9.5280E-07,5.10878E-01
9.5360E-07,5.19394E-01
9.5440E-07,5.15136E-01
9.5520E-07,5.15136E-01
9.5600E-07,5.10878E-01
9.5680E-07,5.17265E-01
9.5760E-07,5.13007E-01
9.5840E-07,5.15136E-01
9.5920E-07,5.06620E-01
9.6000E-07,5.15136E-01
9.6080E-07,5.15136E-01
9.6160E-07,5.13007E-01
9.6240E-07,5.17265E-01
9.6320E-07,5.13007E-01
9.6400E-07,5.08749E-01
9.6480E-07,5.19394E-01
9.6560E-07,5.17265E-01
9.6640E-07,5.13007E-01
9.6720E-07,5.13007E-01
9.6800E-07,5.13007E-01
9.6880E-07,5.15136E-01
9.6960E-07,5.15136E-01
9.7040E-07,5.13007E-01
9.7120E-07,5.15136E-01
9.7200E-07,5.13007E-01
9.7280E-07,5.10878E-01
9.7360E-07,5.15136E-01
9.7440E-07,5.25780E-01
9.7520E-07,5.15136E-01
9.7600E-07,5.23651E-01
9.7680E-07,5.21522E-01
9.7760E-07,5.17265E-01
9.7840E-07,5.25780E-01
9.7920E-07,5.23651E-01
9.8000E-07,5.15136E-01
9.8080E-07,5.10878E-01
9.8160E-07,5.21522E-01
9.8240E-07,5.21522E-01
9.8320E-07,5.25780E-01
9.8400E-07,5.19394E-01
9.8480E-07,5.10878E-01
9.8560E-07,5.15136E-01
9.8640E-07,5.15136E-01
9.8720E-07,5.08749E-01
9.8800E-07,5.13007E-01
9.8880E-07,5.13007E-01
9.8960E-07,5.13007E-01
9.9040E-07,5.10878E-01
9.9120E-07,5.13007E-01
9.9200E-07,5.17265E-01
9.9280E-07,5.25780E-01
9.9360E-07,5.17265E-01
9.9440E-07,5.21522E-01
9.9520E-07,5.19394E-01
9.9600E-07,5.19394E-01
9.9680E-07,5.15136E-01
9.9760E-07,4.95976E-01
9.9840E-07,4.47011E-01
9.9920E-07,3.17147E-01
1.0000E-06,1.38319E-01
1.0008E-06,-5.96690E-02
1.0016E-06,-2.21466E-01
1.0024E-06,-3.36427E-01
1.0032E-06,-3.98165E-01
1.0040E-06,-4.36485E-01
1.0048E-06,-4.55646E-01
1.0056E-06,-4.64161E-01
1.0064E-06,-4.64161E-01
1.0072E-06,-4.66290E-01
1.0080E-06,-4.70548E-01
1.0088E-06,-4.70548E-01
1.0096E-06,-4.76935E-01
1.0104E-06,-4.79064E-01
1.0112E-06,-4.79064E-01
1.0120E-06,-4.72677E-01
1.0128E-06,-4.81192E-01
1.0136E-06,-4.79064E-01
1.0144E-06,-4.85450E-01
1.0152E-06,-4.83321E-01
1.0160E-06,-4.87579E-01
1.0168E-06,-4.87579E-01
1.0176E-06,-4.81192E-01
1.0184E-06,-4.85450E-01
1.0192E-06,-4.83321E-01
1.0200E-06,-4.81192E-01
1.0208E-06,-4.93966E-01
1.0216E-06,-4.76935E-01
1.0224E-06,-4.87579E-01
1.0232E-06,-4.79064E-01
1.0240E-06,-4.81192E-01
1.0248E-06,-4.76935E-01
1.0256E-06,-4.85450E-01
1.0264E-06,-4.89708E-01
1.0272E-06,-4.83321E-01
1.0280E-06,-4.87579E-01
1.0288E-06,-4.89708E-01
1.0296E-06,-4.91837E-01
1.0304E-06,-4.81192E-01
1.0312E-06,-4.87579E-01
1.0320E-06,-4.83321E-01
1.0328E-06,-4.81192E-01
1.0336E-06,-4.85450E-01
1.0344E-06,-4.85450E-01
1.0352E-06,-4.85450E-01
1.0360E-06,-4.83321E-01
1.0368E-06,-4.81192E-01
1.0376E-06,-4.74806E-01
1.0384E-06,-4.79064E-01
1.0392E-06,-4.83321E-01
1.0400E-06,-4.91837E-01
1.0408E-06,-4.85450E-01
1.0416E-06,-4.83321E-01
1.0424E-06,-4.89708E-01
1.0432E-06,-4.81192E-01
1.0440E-06,-4.79064E-01
1.0448E-06,-4.85450E-01
1.0456E-06,-4.79064E-01
1.0464E-06,-4.85450E-01
1.0472E-06,-4.79064E-01
1.0480E-06,-4.83321E-01
1.0488E-06,-4.85450E-01
1.0496E-06,-4.85450E-01
1.0504E-06,-4.72677E-01
1.0512E-06,-4.79064E-01
1.0520E-06,-4.87579E-01
1.0528E-06,-4.83321E-01
1.0536E-06,-4.76935E-01
1.0544E-06,-4.76935E-01
1.0552E-06,-4.74806E-01
1.0560E-06,-4.81192E-01
1.0568E-06,-4.81192E-01
1.0576E-06,-4.83321E-01
1.0584E-06,-4.83321E-01
1.0592E-06,-4.81192E-01
1.0600E-06,-4.79064E-01
1.0608E-06,-4.83321E-01
1.0616E-06,-4.85450E-01
1.0624E-06,-4.81192E-01
1.0632E-06,-4.83321E-01
1.0640E-06,-4.79064E-01
1.0648E-06,-4.81192E-01
1.0656E-06,-4.81192E-01
1.0664E-06,-4.79064E-01
1.0672E-06,-4.81192E-01
1.0680E-06,-4.85450E-01
1.0688E-06,-4.79064E-01
1.0696E-06,-4.81192E-01
1.0704E-06,-4.79064E-01
1.0712E-06,-4.74806E-01
1.0720E-06,-4.74806E-01
1.0728E-06,-4.81192E-01
1.0736E-06,-4.87579E-01
1.0744E-06,-4.81192E-01
1.0752E-06,-4.85450E-01
1.0760E-06,-4.87579E-01
1.0768E-06,-4.85450E-01
1.0776E-06,-4.85450E-01
1.0784E-06,-4.91837E-01
1.0792E-06,-4.76935E-01
1.0800E-06,-4.83321E-01
1.0808E-06,-4.79064E-01
1.0816E-06,-4.83321E-01
1.0824E-06,-4.81192E-01
1.0832E-06,-4.87579E-01
1.0840E-06,-4.79064E-01
1.0848E-06,-4.76935E-01
1.0856E-06,-4.74806E-01
1.0864E-06,-4.74806E-01
1.0872E-06,-4.72677E-01
1.0880E-06,-4.85450E-01
1.0888E-06,-4.76935E-01
1.0896E-06,-4.76935E-01
1.0904E-06,-4.74806E-01
1.0912E-06,-4.83321E-01
1.0920E-06,-4.83321E-01
1.0928E-06,-4.79064E-01
1.0936E-06,-4.81192E-01
1.0944E-06,-4.83321E-01
1.0952E-06,-4.76935E-01
1.0960E-06,-4.76935E-01
1.0968E-06,-4.79064E-01
1.0976E-06,-4.85450E-01
1.0984E-06,-4.79064E-01
1.0992E-06,-4.83321E-01
1.1000E-06,-4.79064E-01
1.1008E-06,-4.85450E-01
1.1016E-06,-4.81192E-01
1.1024E-06,-4.85450E-01
1.1032E-06,-4.76935E-01
1.1040E-06,-4.74806E-01
1.1048E-06,-4.79064E-01
1.1056E-06,-4.79064E-01
1.1064E-06,-4.83321E-01
1.1072E-06,-4.85450E-01
1.1080E-06,-4.89708E-01
1.1088E-06,-4.83321E-01
1.1096E-06,-4.74806E-01
1.1104E-06,-4.83321E-01
1.1112E-06,-4.79064E-01
1.1120E-06,-4.85450E-01
1.1128E-06,-4.83321E-01
1.1136E-06,-4.81192E-01
1.1144E-06,-4.81192E-01
1.1152E-06,-4.79064E-01
1.1160E-06,-4.79064E-01
1.1168E-06,-4.79064E-01
1.1176E-06,-4.85450E-01
1.1184E-06,-4.81192E-01
1.1192E-06,-4.79064E-01
1.1200E-06,-4.83321E-01
1.1208E-06,-4.81192E-01
1.1216E-06,-4.83321E-01
1.1224E-06,-4.83321E-01
1.1232E-06,-4.85450E-01
1.1240E-06,-4.79064E-01
1.1248E-06,-4.81192E-01
1.1256E-06,-4.72677E-01
1.1264E-06,-4.85450E-01
1.1272E-06,-4.85450E-01
1.1280E-06,-4.87579E-01
1.1288E-06,-4.83321E-01
1.1296E-06,-4.87579E-01
1.1304E-06,-4.81192E-01
1.1312E-06,-4.83321E-01
1.1320E-06,-4.74806E-01
1.1328E-06,-4.85450E-01
1.1336E-06,-4.87579E-01
1.1344E-06,-4.79064E-01
1.1352E-06,-4.79064E-01
1.1360E-06,-4.85450E-01
1.1368E-06,-4.81192E-01
1.1376E-06,-4.83321E-01
1.1384E-06,-4.83321E-01
1.1392E-06,-4.83321E-01
1.1400E-06,-4.85450E-01
1.1408E-06,-4.83321E-01
1.1416E-06,-4.79064E-01
1.1424E-06,-4.87579E-01
1.1432E-06,-4.87579E-01
1.1440E-06,-4.81192E-01
1.1448E-06,-4.83321E-01
1.1456E-06,-4.85450E-01
1.1464E-06,-4.91837E-01
1.1472E-06,-4.85450E-01
1.1480E-06,-4.81192E-01
1.1488E-06,-4.81192E-01
1.1496E-06,-4.81192E-01
1.1504E-06,-4.74806E-01
1.1512E-06,-4.87579E-01
1.1520E-06,-4.83321E-01
1.1528E-06,-4.87579E-01
1.1536E-06,-4.79064E-01
1.1544E-06,-4.70548E-01
1.1552E-06,-4.79064E-01
1.1560E-06,-4.83321E-01
1.1568E-06,-4.89708E-01
1.1576E-06,-4.83321E-01
1.1584E-06,-4.79064E-01
1.1592E-06,-4.83321E-01
1.1600E-06,-4.76935E-01
1.1608E-06,-4.81192E-01
1.1616E-06,-4.79064E-01
1.1624E-06,-4.81192E-01
1.1632E-06,-4.79064E-01
1.1640E-06,-4.85450E-01
1.1648E-06,-4.83321E-01
1.1656E-06,-4.76935E-01
1.1664E-06,-4.76935E-01
1.1672E-06,-4.76935E-01
1.1680E-06,-4.79064E-01
1.1688E-06,-4.79064E-01
1.1696E-06,-4.79064E-01
1.1704E-06,-4.76935E-01
1.1712E-06,-4.79064E-01
1.1720E-06,-4.79064E-01
1.1728E-06,-4.83321E-01
1.1736E-06,-4.83321E-01
1.1744E-06,-4.89708E-01
1.1752E-06,-4.85450E-01
1.1760E-06,-4.76935E-01
1.1768E-06,-4.76935E-01
1.1776E-06,-4.76935E-01
1.1784E-06,-4.81192E-01
1.1792E-06,-4.83321E-01
1.1800E-06,-4.83321E-01
1.1808E-06,-4.81192E-01
1.1816E-06,-4.87579E-01
1.1824E-06,-4.83321E-01
1.1832E-06,-4.79064E-01
1.1840E-06,-4.68419E-01
1.1848E-06,-4.83321E-01
1.1856E-06,-4.81192E-01
1.1864E-06,-4.76935E-01
1.1872E-06,-4.83321E-01
1.1880E-06,-4.81192E-01
1.1888E-06,-4.85450E-01
1.1896E-06,-4.79064E-01
1.1904E-06,-4.81192E-01
1.1912E-06,-4.76935E-01
1.1920E-06,-4.79064E-01
1.1928E-06,-4.76935E-01
1.1936E-06,-4.81192E-01
1.1944E-06,-4.76935E-01
1.1952E-06,-4.79064E-01
1.1960E-06,-4.79064E-01
1.1968E-06,-4.85450E-01
1.1976E-06,-4.89708E-01
1.1984E-06,-4.85450E-01
1.1992E-06,-4.81192E-01
1.2000E-06,-4.81192E-01
1.2008E-06,-4.83321E-01
1.2016E-06,-4.85450E-01
1.2024E-06,-4.81192E-01
1.2032E-06,-4.76935E-01
1.2040E-06,-4.83321E-01
1.2048E-06,-4.70548E-01
1.2056E-06,-4.76935E-01
1.2064E-06,-4.79064E-01
1.2072E-06,-4.83321E-01
1.2080E-06,-4.83321E-01
1.2088E-06,-4.81192E-01
1.2096E-06,-4.83321E-01
1.2104E-06,-4.87579E-01
1.2112E-06,-4.85450E-01
1.2120E-06,-4.83321E-01
1.2128E-06,-4.83321E-01
1.2136E-06,-4.83321E-01
1.2144E-06,-4.85450E-01
1.2152E-06,-4.70548E-01
1.2160E-06,-4.79064E-01
1.2168E-06,-4.89708E-01
1.2176E-06,-4.79064E-01
1.2184E-06,-4.89708E-01
1.2192E-06,-4.81192E-01
1.2200E-06,-4.79064E-01
1.2208E-06,-4.81192E-01
1.2216E-06,-4.76935E-01
1.2224E-06,-4.85450E-01
1.2232E-06,-4.89708E-01
1.2240E-06,-4.85450E-01
1.2248E-06,-4.85450E-01
1.2256E-06,-4.85450E-01
1.2264E-06,-4.83321E-01
1.2272E-06,-4.83321E-01
1.2280E-06,-4.81192E-01
1.2288E-06,-4.76935E-01
1.2296E-06,-4.76935E-01
1.2304E-06,-4.76935E-01
1.2312E-06,-4.79064E-01
1.2320E-06,-4.76935E-01
1.2328E-06,-4.79064E-01
1.2336E-06,-4.79064E-01
1.2344E-06,-4.79064E-01
1.2352E-06,-4.72677E-01
1.2360E-06,-4.83321E-01
1.2368E-06,-4.81192E-01
1.2376E-06,-4.79064E-01
1.2384E-06,-4.81192E-01
1.2392E-06,-4.79064E-01
1.2400E-06,-4.76935E-01
1.2408E-06,-4.81192E-01
1.2416E-06,-4.81192E-01
1.2424E-06,-4.83321E-01
1.2432E-06,-4.79064E-01
1.2440E-06,-4.79064E-01
1.2448E-06,-4.85450E-01
1.2456E-06,-4.79064E-01
1.2464E-06,-4.89708E-01
1.2472E-06,-4.87579E-01
1.2480E-06,-4.79064E-01
1.2488E-06,-4.76935E-01
1.2496E-06,-4.81192E-01
1.2504E-06,-4.76935E-01
1.2512E-06,-4.79064E-01
1.2520E-06,-4.83321E-01
1.2528E-06,-4.76935E-01
1.2536E-06,-4.83321E-01
1.2544E-06,-4.83321E-01
1.2552E-06,-4.81192E-01
1.2560E-06,-4.79064E-01
1.2568E-06,-4.76935E-01
1.2576E-06,-4.85450E-01
1.2584E-06,-4.79064E-01
1.2592E-06,-4.83321E-01
1.2600E-06,-4.85450E-01
1.2608E-06,-4.81192E-01
1.2616E-06,-4.83321E-01
1.2624E-06,-4.76935E-01
1.2632E-06,-4.72677E-01
1.2640E-06,-4.81192E-01
1.2648E-06,-4.76935E-01
1.2656E-06,-4.81192E-01
1.2664E-06,-4.83321E-01
1.2672E-06,-4.79064E-01
1.2680E-06,-4.81192E-01
1.2688E-06,-4.72677E-01
1.2696E-06,-4.81192E-01
1.2704E-06,-4.83321E-01
1.2712E-06,-4.79064E-01
1.2720E-06,-4.85450E-01
1.2728E-06,-4.81192E-01
1.2736E-06,-4.79064E-01
1.2744E-06,-4.81192E-01
1.2752E-06,-4.79064E-01
1.2760E-06,-4.79064E-01
1.2768E-06,-4.81192E-01
1.2776E-06,-4.83321E-01
1.2784E-06,-4.83321E-01
1.2792E-06,-4.79064E-01
1.2800E-06,-4.81192E-01
1.2808E-06,-4.76935E-01
1.2816E-06,-4.83321E-01
1.2824E-06,-4.70548E-01
1.2832E-06,-4.79064E-01
1.2840E-06,-4.79064E-01
1.2848E-06,-4.76935E-01
1.2856E-06,-4.81192E-01
1.2864E-06,-4.79064E-01
1.2872E-06,-4.89708E-01
1.2880E-06,-4.83321E-01
1.2888E-06,-4.81192E-01
1.2896E-06,-4.83321E-01
1.2904E-06,-4.83321E-01
1.2912E-06,-4.81192E-01
1.2920E-06,-4.81192E-01
1.2928E-06,-4.76935E-01
1.2936E-06,-4.74806E-01
1.2944E-06,-4.83321E-01
1.2952E-06,-4.83321E-01
1.2960E-06,-4.79064E-01
1.2968E-06,-4.79064E-01
1.2976E-06,-4.79064E-01
1.2984E-06,-4.74806E-01
1.2992E-06,-4.79064E-01
1.3000E-06,-4.79064E-01
1.3008E-06,-4.76935E-01
1.3016E-06,-4.85450E-01
1.3024E-06,-4.81192E-01
1.3032E-06,-4.85450E-01
1.3040E-06,-4.85450E-01
1.3048E-06,-4.74806E-01
1.3056E-06,-4.79064E-01
1.3064E-06,-4.79064E-01
1.3072E-06,-4.79064E-01
1.3080E-06,-4.76935E-01
1.3088E-06,-4.76935E-01
1.3096E-06,-4.72677E-01
1.3104E-06,-4.76935E-01
1.3112E-06,-4.74806E-01
1.3120E-06,-4.70548E-01
1.3128E-06,-4.87579E-01
1.3136E-06,-4.85450E-01
1.3144E-06,-4.81192E-01
1.3152E-06,-4.79064E-01
1.3160E-06,-4.74806E-01
1.3168E-06,-4.83321E-01
1.3176E-06,-4.79064E-01
1.3184E-06,-4.87579E-01
1.3192E-06,-4.83321E-01
1.3200E-06,-4.79064E-01
1.3208E-06,-4.79064E-01
1.3216E-06,-4.81192E-01
1.3224E-06,-4.79064E-01
1.3232E-06,-4.74806E-01
1.3240E-06,-4.79064E-01
1.3248E-06,-4.85450E-01
1.3256E-06,-4.83321E-01
1.3264E-06,-4.81192E-01
1.3272E-06,-4.81192E-01
1.3280E-06,-4.87579E-01
1.3288E-06,-4.85450E-01
1.3296E-06,-4.76935E-01
1.3304E-06,-4.70548E-01
1.3312E-06,-4.53517E-01
1.3320E-06,-3.81134E-01
1.3328E-06,-2.47013E-01
1.3336E-06,-5.32823E-02
1.3344E-06,1.48964E-01
1.3352E-06,3.00116E-01
1.3360E-06,3.93788E-01
1.3368E-06,4.51269E-01
1.3376E-06,4.74686E-01
1.3384E-06,4.87460E-01
1.3392E-06,5.04491E-01
1.3400E-06,5.02362E-01
1.3408E-06,5.06620E-01
1.3416E-06,5.08749E-01
1.3424E-06,5.13007E-01
1.3432E-06,5.13007E-01
1.3440E-06,5.15136E-01
1.3448E-06,5.17265E-01
1.3456E-06,5.19394E-01
1.3464E-06,5.17265E-01
1.3472E-06,5.19394E-01
1.3480E-06,5.23651E-01
1.3488E-06,5.21522E-01
1.3496E-06,5.27909E-01
1.3504E-06,5.23651E-01
1.3512E-06,5.27909E-01
1.3520E-06,5.30038E-01
1.3528E-06,5.25780E-01
1.3536E-06,5.21522E-01
1.3544E-06,5.15136E-01
1.3552E-06,5.23651E-01
1.3560E-06,5.17265E-01
1.3568E-06,5.25780E-01
1.3576E-06,5.17265E-01
1.3584E-06,5.27909E-01
1.3592E-06,5.30038E-01
1.3600E-06,5.34296E-01
1.3608E-06,5.17265E-01
1.3616E-06,5.21522E-01
1.3624E-06,5.25780E-01
1.3632E-06,5.23651E-01
1.3640E-06,5.25780E-01
1.3648E-06,5.21522E-01
1.3656E-06,5.15136E-01
1.3664E-06,5.17265E-01
1.3672E-06,5.13007E-01
1.3680E-06,5.21522E-01
1.3688E-06,5.23651E-01
1.3696E-06,5.23651E-01
1.3704E-06,5.17265E-01
1.3712E-06,5.19394E-01
1.3720E-06,5.23651E-01
1.3728E-06,5.15136E-01
1.3736E-06,5.13007E-01
1.3744E-06,5.13007E-01
1.3752E-06,5.21522E-01
1.3760E-06,5.23651E-01
1.3768E-06,5.17265E-01
1.3776E-06,5.21522E-01
1.3784E-06,5.15136E-01
1.3792E-06,5.21522E-01
1.3800E-06,5.15136E-01
1.3808E-06,5.21522E-01
1.3816E-06,5.15136E-01
1.3824E-06,5.19394E-01
1.3832E-06,5.13007E-01
1.3840E-06,5.21522E-01
1.3848E-06,5.19394E-01
1.3856E-06,5.19394E-01
1.3864E-06,5.08749E-01
1.3872E-06,5.08749E-01
1.3880E-06,5.10878E-01
1.3888E-06,5.21522E-01
1.3896E-06,5.15136E-01
1.3904E-06,5.21522E-01
1.3912E-06,5.23651E-01
1.3920E-06,5.21522E-01
1.3928E-06,5.19394E-01
1.3936E-06,5.19394E-01
1.3944E-06,5.15136E-01
1.3952E-06,5.25780E-01
1.3960E-06,5.19394E-01
1.3968E-06,5.23651E-01
1.3976E-06,5.17265E-01
1.3984E-06,5.19394E-01
1.3992E-06,5.19394E-01
1.4000E-06,5.21522E-01
1.4008E-06,5.19394E-01
1.4016E-06,5.23651E-01
1.4024E-06,5.13007E-01
1.4032E-06,5.15136E-01
1.4040E-06,5.27909E-01
1.4048E-06,5.19394E-01
1.4056E-06,5.13007E-01
1.4064E-06,5.21522E-01
1.4072E-06,5.15136E-01
1.4080E-06,5.19394E-01
1.4088E-06,5.21522E-01
1.4096E-06,5.15136E-01
1.4104E-06,5.19394E-01
1.4112E-06,5.19394E-01
1.4120E-06,5.15136E-01
1.4128E-06,5.10878E-01
1.4136E-06,5.08749E-01
1.4144E-06,5.15136E-01
1.4152E-06,5.13007E-01
1.4160E-06,5.13007E-01
1.4168E-06,5.21522E-01
1.4176E-06,5.15136E-01
1.4184E-06,5.15136E-01
1.4192E-06,5.13007E-01
1.4200E-06,5.15136E-01
1.4208E-06,5.21522E-01
1.4216E-06,5.17265E-01
1.4224E-06,5.17265E-01
1.4232E-06,5.25780E-01
1.4240E-06,5.17265E-01
1.4248E-06,5.08749E-01
1.4256E-06,5.19394E-01
1.4264E-06,5.13007E-01
1.4272E-06,5.19394E-01
1.4280E-06,5.15136E-01
1.4288E-06,5.23651E-01
1.4296E-06,5.21522E-01
1.4304E-06,5.21522E-01
1.4312E-06,5.08749E-01
1.4320E-06,5.17265E-01
1.4328E-06,5.13007E-01
1.4336E-06,5.08749E-01
1.4344E-06,5.19394E-01
1.4352E-06,5.19394E-01
1.4360E-06,5.19394E-01
1.4368E-06,5.21522E-01
1.4376E-06,5.17265E-01
1.4384E-06,5.13007E-01
1.4392E-06,5.13007E-01
1.4400E-06,5.17265E-01
1.4408E-06,5.19394E-01
1.4416E-06,5.23651E-01
1.4424E-06,5.21522E-01
1.4432E-06,5.13007E-01
1.4440E-06,5.17265E-01
1.4448E-06,5.13007E-01
1.4456E-06,5.17265E-01
1.4464E-06,5.15136E-01
1.4472E-06,5.08749E-01
1.4480E-06,5.13007E-01
1.4488E-06,5.13007E-01
1.4496E-06,5.17265E-01
1.4504E-06,5.13007E-01
1.4512E-06,5.17265E-01
1.4520E-06,5.13007E-01
1.4528E-06,5.23651E-01
1.4536E-06,5.17265E-01
1.4544E-06,5.21522E-01
1.4552E-06,5.13007E-01
1.4560E-06,5.17265E-01
1.4568E-06,5.19394E-01
1.4576E-06,5.21522E-01
1.4584E-06,5.15136E-01
1.4592E-06,5.19394E-01
1.4600E-06,5.27909E-01
1.4608E-06,5.19394E-01
1.4616E-06,5.15136E-01
1.4624E-06,5.15136E-01
1.4632E-06,5.15136E-01
1.4640E-06,5.13007E-01
1.4648E-06,5.13007E-01
1.4656E-06,5.19394E-01
1.4664E-06,5.15136E-01
1.4672E-06,5.21522E-01
1.4680E-06,5.23651E-01
1.4688E-06,5.15136E-01
1.4696E-06,5.17265E-01
1.4704E-06,5.17265E-01
1.4712E-06,5.13007E-01
1.4720E-06,5.15136E-01
1.4728E-06,5.19394E-01
1.4736E-06,5.21522E-01
1.4744E-06,5.17265E-01
1.4752E-06,5.17265E-01
1.4760E-06,5.15136E-01
1.4768E-06,5.19394E-01
1.4776E-06,5.21522E-01
1.4784E-06,5.17265E-01
1.4792E-06,5.15136E-01
1.4800E-06,5.19394E-01
1.4808E-06,5.15136E-01
1.4816E-06,5.15136E-01
1.4824E-06,5.13007E-01
1.4832E-06,5.15136E-01
1.4840E-06,5.13007E-01
1.4848E-06,5.17265E-01
1.4856E-06,5.13007E-01
1.4864E-06,5.17265E-01
1.4872E-06,5.19394E-01
1.4880E-06,5.19394E-01
1.4888E-06,5.25780E-01
1.4896E-06,5.21522E-01
1.4904E-06,5.21522E-01
1.4912E-06,5.19394E-01
1.4920E-06,5.23651E-01
1.4928E-06,5.21522E-01
1.4936E-06,5.17265E-01
1.4944E-06,5.19394E-01
1.4952E-06,5.27909E-01
1.4960E-06,5.19394E-01
1.4968E-06,5.19394E-01
1.4976E-06,5.19394E-01
1.4984E-06,5.21522E-01
1.4992E-06,5.19394E-01
1.5000E-06,5.17265E-01
1.5008E-06,5.15136E-01
1.5016E-06,5.19394E-01
1.5024E-06,5.17265E-01
1.5032E-06,5.21522E-01
1.5040E-06,5.23651E-01
1.5048E-06,5.25780E-01
1.5056E-06,5.15136E-01
1.5064E-06,5.10878E-01
1.5072E-06,5.10878E-01
1.5080E-06,5.13007E-01
1.5088E-06,5.13007E-01
1.5096E-06,5.10878E-01
1.5104E-06,5.23651E-01
1.5112E-06,5.10878E-01
1.5120E-06,5.21522E-01
1.5128E-06,5.19394E-01
1.5136E-06,5.19394E-01
1.5144E-06,5.17265E-01
1.5152E-06,5.19394E-01
1.5160E-06,5.10878E-01
1.5168E-06,5.06620E-01
1.5176E-06,5.13007E-01
1.5184E-06,5.13007E-01
1.5192E-06,5.21522E-01
1.5200E-06,5.15136E-01
1.5208E-06,5.13007E-01
1.5216E-06,5.02362E-01
1.5224E-06,5.19394E-01
1.5232E-06,5.19394E-01
1.5240E-06,5.21522E-01
1.5248E-06,5.19394E-01
1.5256E-06,5.21522E-01
1.5264E-06,5.17265E-01
1.5272E-06,5.19394E-01
1.5280E-06,5.06620E-01
1.5288E-06,5.13007E-01
1.5296E-06,5.19394E-01
1.5304E-06,5.21522E-01
1.5312E-06,5.21522E-01
1.5320E-06,5.21522E-01
1.5328E-06,5.21522E-01
1.5336E-06,5.15136E-01
1.5344E-06,5.19394E-01
1.5352E-06,5.15136E-01
1.5360E-06,5.15136E-01
1.5368E-06,5.13007E-01
1.5376E-06,5.19394E-01
1.5384E-06,5.15136E-01
1.5392E-06,5.17265E-01
1.5400E-06,5.10878E-01
1.5408E-06,5.13007E-01
1.5416E-06,5.17265E-01
1.5424E-06,5.08749E-01
1.5432E-06,5.15136E-01
1.5440E-06,5.21522E-01
1.5448E-06,5.17265E-01
1.5456E-06,5.19394E-01
1.5464E-06,5.08749E-01
1.5472E-06,5.17265E-01
1.5480E-06,5.13007E-01
1.5488E-06,5.15136E-01
1.5496E-06,5.17265E-01
1.5504E-06,5.13007E-01
1.5512E-06,5.13007E-01
1.5520E-06,5.10878E-01
1.5528E-06,5.08749E-01
1.5536E-06,5.10878E-01
1.5544E-06,5.13007E-01
1.5552E-06,5.15136E-01
1.5560E-06,5.15136E-01
1.5568E-06,5.21522E-01
1.5576E-06,5.13007E-01
1.5584E-06,5.06620E-01
1.5592E-06,5.08749E-01
1.5600E-06,5.17265E-01
1.5608E-06,5.15136E-01
1.5616E-06,5.08749E-01
1.5624E-06,5.17265E-01
1.5632E-06,5.10878E-01
1.5640E-06,5.15136E-01
1.5648E-06,5.19394E-01
1.5656E-06,5.08749E-01
1.5664E-06,5.13007E-01
1.5672E-06,5.15136E-01
1.5680E-06,5.15136E-01
1.5688E-06,5.17265E-01
1.5696E-06,5.08749E-01
1.5704E-06,5.17265E-01
1.5712E-06,5.19394E-01
1.5720E-06,5.17265E-01
1.5728E-06,5.10878E-01
1.5736E-06,5.13007E-01
1.5744E-06,5.21522E-01
1.5752E-06,5.17265E-01
1.5760E-06,5.13007E-01
1.5768E-06,5.19394E-01
1.5776E-06,5.19394E-01
1.5784E-06,5.13007E-01
1.5792E-06,5.15136E-01
1.5800E-06,5.08749E-01
1.5808E-06,5.17265E-01
1.5816E-06,5.21522E-01
1.5824E-06,5.19394E-01
1.5832E-06,5.13007E-01
1.5840E-06,5.19394E-01
1.5848E-06,5.08749E-01
1.5856E-06,5.15136E-01
1.5864E-06,5.17265E-01
1.5872E-06,5.23651E-01
1.5880E-06,5.21522E-01
1.5888E-06,5.21522E-01
1.5896E-06,5.17265E-01
1.5904E-06,5.17265E-01
1.5912E-06,5.19394E-01
1.5920E-06,5.15136E-01
1.5928E-06,5.13007E-01
1.5936E-06,5.21522E-01
1.5944E-06,5.15136E-01
1.5952E-06,5.15136E-01
1.5960E-06,5.15136E-01
1.5968E-06,5.15136E-01
1.5976E-06,5.13007E-01
1.5984E-06,5.15136E-01
1.5992E-06,5.13007E-01
1.6000E-06,5.15136E-01
1.6008E-06,5.15136E-01
1.6016E-06,5.25780E-01
1.6024E-06,5.15136E-01
1.6032E-06,5.21522E-01
1.6040E-06,5.17265E-01
1.6048E-06,5.15136E-01
1.6056E-06,5.13007E-01
1.6064E-06,5.08749E-01
1.6072E-06,5.19394E-01
1.6080E-06,5.10878E-01
1.6088E-06,5.06620E-01
1.6096E-06,5.17265E-01
1.6104E-06,5.19394E-01
1.6112E-06,5.13007E-01
1.6120E-06,5.10878E-01
1.6128E-06,5.19394E-01
1.6136E-06,5.17265E-01
1.6144E-06,5.19394E-01
1.6152E-06,5.17265E-01
1.6160E-06,5.08749E-01
1.6168E-06,5.08749E-01
1.6176E-06,5.13007E-01
1.6184E-06,5.10878E-01
1.6192E-06,5.13007E-01
1.6200E-06,5.19394E-01
1.6208E-06,5.17265E-01
1.6216E-06,5.19394E-01
1.6224E-06,5.13007E-01
1.6232E-06,5.13007E-01
1.6240E-06,5.10878E-01
1.6248E-06,5.08749E-01
1.6256E-06,5.08749E-01
1.6264E-06,5.13007E-01
1.6272E-06,5.15136E-01
1.6280E-06,5.21522E-01
1.6288E-06,5.17265E-01
1.6296E-06,5.13007E-01
1.6304E-06,5.15136E-01
1.6312E-06,5.13007E-01
1.6320E-06,5.21522E-01
1.6328E-06,5.13007E-01
1.6336E-06,5.15136E-01
1.6344E-06,5.27909E-01
1.6352E-06,5.17265E-01
1.6360E-06,5.15136E-01
1.6368E-06,5.19394E-01
1.6376E-06,5.13007E-01
1.6384E-06,5.19394E-01
1.6392E-06,5.13007E-01
1.6400E-06,5.15136E-01
1.6408E-06,5.15136E-01
1.6416E-06,5.13007E-01
1.6424E-06,5.10878E-01
1.6432E-06,5.13007E-01
1.6440E-06,5.19394E-01
1.6448E-06,5.19394E-01
1.6456E-06,5.17265E-01
1.6464E-06,5.17265E-01
1.6472E-06,5.19394E-01
1.6480E-06,5.15136E-01
1.6488E-06,5.19394E-01
1.6496E-06,5.17265E-01
1.6504E-06,5.23651E-01
1.6512E-06,5.15136E-01
1.6520E-06,5.17265E-01
1.6528E-06,5.23651E-01
1.6536E-06,5.15136E-01
1.6544E-06,5.21522E-01
1.6552E-06,5.17265E-01
1.6560E-06,5.17265E-01
1.6568E-06,5.17265E-01
1.6576E-06,5.19394E-01
1.6584E-06,5.13007E-01
1.6592E-06,5.21522E-01
1.6600E-06,5.13007E-01
1.6608E-06,5.23651E-01
1.6616E-06,5.13007E-01
1.6624E-06,5.23651E-01
1.6632E-06,5.13007E-01
1.6640E-06,5.02362E-01
1.6648E-06,4.66171E-01
1.6656E-06,3.66112E-01
1.6664E-06,2.10702E-01
1.6672E-06,2.06930E-03
1.6680E-06,-1.70372E-01
1.6688E-06,-3.02364E-01
1.6696E-06,-3.83263E-01
1.6704E-06,-4.17325E-01
1.6712E-06,-4.42872E-01
1.6720E-06,-4.57774E-01
1.6728E-06,-4.70548E-01
1.6736E-06,-4.72677E-01
1.6744E-06,-4.72677E-01
1.6752E-06,-4.74806E-01
1.6760E-06,-4.76935E-01
1.6768E-06,-4.70548E-01
1.6776E-06,-4.83321E-01
1.6784E-06,-4.79064E-01
1.6792E-06,-4.83321E-01
1.6800E-06,-4.87579E-01
1.6808E-06,-4.79064E-01
1.6816E-06,-4.87579E-01
1.6824E-06,-4.93966E-01
1.6832E-06,-4.87579E-01
1.6840E-06,-4.85450E-01
1.6848E-06,-4.89708E-01
1.6856E-06,-4.76935E-01
1.6864E-06,-4.81192E-01
1.6872E-06,-4.83321E-01
1.6880E-06,-4.87579E-01
1.6888E-06,-4.96095E-01
1.6896E-06,-4.87579E-01
1.6904E-06,-4.83321E-01
1.6912E-06,-4.87579E-01
1.6920E-06,-4.83321E-01
1.6928E-06,-4.87579E-01
1.6936E-06,-4.91837E-01
1.6944E-06,-4.98224E-01
1.6952E-06,-4.87579E-01
1.6960E-06,-4.85450E-01
1.6968E-06,-4.79064E-01
1.6976E-06,-4.85450E-01
1.6984E-06,-4.83321E-01
1.6992E-06,-4.85450E-01
1.7000E-06,-4.85450E-01
1.7008E-06,-4.81192E-01
1.7016E-06,-4.79064E-01
1.7024E-06,-4.79064E-01
1.7032E-06,-4.87579E-01
1.7040E-06,-4.76935E-01
1.7048E-06,-4.85450E-01
1.7056E-06,-4.85450E-01
1.7064E-06,-4.79064E-01
1.7072E-06,-4.79064E-01
1.7080E-06,-4.81192E-01
1.7088E-06,-4.81192E-01
1.7096E-06,-4.81192E-01
1.7104E-06,-4.83321E-01
1.7112E-06,-4.79064E-01
1.7120E-06,-4.81192E-01
1.7128E-06,-4.79064E-01
1.7136E-06,-4.85450E-01
1.7144E-06,-4.81192E-01
1.7152E-06,-4.83321E-01
1.7160E-06,-4.76935E-01
1.7168E-06,-4.83321E-01
1.7176E-06,-4.85450E-01
1.7184E-06,-4.83321E-01
1.7192E-06,-4.81192E-01
1.7200E-06,-4.79064E-01
1.7208E-06,-4.83321E-01
1.7216E-06,-4.85450E-01
1.7224E-06,-4.81192E-01
1.7232E-06,-4.81192E-01
1.7240E-06,-4.79064E-01
1.7248E-06,-4.83321E-01
1.7256E-06,-4.81192E-01
1.7264E-06,-4.81192E-01
1.7272E-06,-4.81192E-01
1.7280E-06,-4.83321E-01
1.7288E-06,-4.85450E-01
1.7296E-06,-4.76935E-01
1.7304E-06,-4.72677E-01
1.7312E-06,-4.81192E-01
1.7320E-06,-4.79064E-01
1.7328E-06,-4.83321E-01
1.7336E-06,-4.76935E-01
1.7344E-06,-4.76935E-01
1.7352E-06,-4.91837E-01
1.7360E-06,-4.83321E-01
1.7368E-06,-4.81192E-01
1.7376E-06,-4.83321E-01
1.7384E-06,-4.89708E-01
1.7392E-06,-4.81192E-01
1.7400E-06,-4.85450E-01
1.7408E-06,-4.79064E-01
1.7416E-06,-4.85450E-01
1.7424E-06,-4.85450E-01
1.7432E-06,-4.81192E-01
1.7440E-06,-4.79064E-01
1.7448E-06,-4.85450E-01
1.7456E-06,-4.81192E-01
1.7464E-06,-4.79064E-01
1.7472E-06,-4.85450E-01
1.7480E-06,-4.83321E-01
1.7488E-06,-4.83321E-01
1.7496E-06,-4.91837E-01
1.7504E-06,-4.89708E-01
1.7512E-06,-4.76935E-01
1.7520E-06,-4.83321E-01
1.7528E-06,-4.85450E-01
1.7536E-06,-4.81192E-01
1.7544E-06,-4.79064E-01
1.7552E-06,-4.87579E-01
1.7560E-06,-4.74806E-01
1.7568E-06,-4.89708E-01
1.7576E-06,-4.89708E-01
1.7584E-06,-4.83321E-01
1.7592E-06,-4.76935E-01
1.7600E-06,-4.85450E-01
1.7608E-06,-4.83321E-01
1.7616E-06,-4.83321E-01
1.7624E-06,-4.81192E-01
1.7632E-06,-4.85450E-01
1.7640E-06,-4.79064E-01
1.7648E-06,-4.81192E-01
1.7656E-06,-4.85450E-01
1.7664E-06,-4.76935E-01
1.7672E-06,-4.87579E-01
1.7680E-06,-4.79064E-01
1.7688E-06,-4.85450E-01
1.7696E-06,-4.87579E-01
1.7704E-06,-4.76935E-01
1.7712E-06,-4.81192E-01
1.7720E-06,-4.76935E-01
1.7728E-06,-4.81192E-01
1.7736E-06,-4.81192E-01
1.7744E-06,-4.85450E-01
1.7752E-06,-4.76935E-01
1.7760E-06,-4.85450E-01
1.7768E-06,-4.76935E-01
1.7776E-06,-4.76935E-01
1.7784E-06,-4.83321E-01
1.7792E-06,-4.76935E-01
1.7800E-06,-4.79064E-01
1.7808E-06,-4.83321E-01
1.7816E-06,-4.76935E-01
1.7824E-06,-4.74806E-01
1.7832E-06,-4.79064E-01
1.7840E-06,-4.85450E-01
1.7848E-06,-4.79064E-01
1.7856E-06,-4.79064E-01
1.7864E-06,-4.89708E-01
1.7872E-06,-4.79064E-01
1.7880E-06,-4.74806E-01
1.7888E-06,-4.79064E-01
1.7896E-06,-4.79064E-01
1.7904E-06,-4.81192E-01
1.7912E-06,-4.72677E-01
1.7920E-06,-4.85450E-01
1.7928E-06,-4.83321E-01
1.7936E-06,-4.85450E-01
1.7944E-06,-4.79064E-01
1.7952E-06,-4.83321E-01
1.7960E-06,-4.87579E-01
1.7968E-06,-4.89708E-01
1.7976E-06,-4.83321E-01
1.7984E-06,-4.85450E-01
1.7992E-06,-4.81192E-01
1.8000E-06,-4.85450E-01
1.8008E-06,-4.81192E-01
1.8016E-06,-4.83321E-01
1.8024E-06,-4.81192E-01
1.8032E-06,-4.85450E-01
1.8040E-06,-4.83321E-01
1.8048E-06,-4.79064E-01
1.8056E-06,-4.83321E-01
1.8064E-06,-4.85450E-01
1.8072E-06,-4.83321E-01
1.8080E-06,-4.85450E-01
1.8088E-06,-4.81192E-01
1.8096E-06,-4.81192E-01
1.8104E-06,-4.81192E-01
1.8112E-06,-4.81192E-01
1.8120E-06,-4.83321E-01
1.8128E-06,-4.81192E-01
1.8136E-06,-4.79064E-01
1.8144E-06,-4.85450E-01
1.8152E-06,-4.85450E-01
1.8160E-06,-4.85450E-01
1.8168E-06,-4.74806E-01
1.8176E-06,-4.85450E-01
1.8184E-06,-4.76935E-01
1.8192E-06,-4.83321E-01
1.8200E-06,-4.76935E-01
1.8208E-06,-4.79064E-01
1.8216E-06,-4.76935E-01
1.8224E-06,-4.76935E-01
1.8232E-06,-4.79064E-01
1.8240E-06,-4.83321E-01
1.8248E-06,-4.81192E-01
1.8256E-06,-4.79064E-01
1.8264E-06,-4.76935E-01
1.8272E-06,-4.83321E-01
1.8280E-06,-4.79064E-01
1.8288E-06,-4.76935E-01
1.8296E-06,-4.81192E-01
1.8304E-06,-4.81192E-01
1.8312E-06,-4.79064E-01
1.8320E-06,-4.81192E-01
1.8328E-06,-4.93966E-01
1.8336E-06,-4.81192E-01
1.8344E-06,-4.79064E-01
1.8352E-06,-4.72677E-01
1.8360E-06,-4.81192E-01
1.8368E-06,-4.83321E-01
1.8376E-06,-4.81192E-01
1.8384E-06,-4.79064E-01
1.8392E-06,-4.79064E-01
1.8400E-06,-4.83321E-01
1.8408E-06,-4.76935E-01
1.8416E-06,-4.81192E-01
1.8424E-06,-4.76935E-01
1.8432E-06,-4.83321E-01
1.8440E-06,-4.79064E-01
1.8448E-06,-4.79064E-01
1.8456E-06,-4.76935E-01
1.8464E-06,-4.81192E-01
1.8472E-06,-4.85450E-01
1.8480E-06,-4.76935E-01
1.8488E-06,-4.83321E-01
1.8496E-06,-4.79064E-01
1.8504E-06,-4.85450E-01
1.8512E-06,-4.83321E-01
1.8520E-06,-4.83321E-01
1.8528E-06,-4.79064E-01
1.8536E-06,-4.81192E-01
1.8544E-06,-4.83321E-01
1.8552E-06,-4.85450E-01
1.8560E-06,-4.91837E-01
1.8568E-06,-4.85450E-01
1.8576E-06,-4.76935E-01
1.8584E-06,-4.81192E-01
1.8592E-06,-4.83321E-01
1.8600E-06,-4.76935E-01
1.8608E-06,-4.85450E-01
1.8616E-06,-4.79064E-01
1.8624E-06,-4.76935E-01
1.8632E-06,-4.85450E-01
1.8640E-06,-4.74806E-01
1.8648E-06,-4.85450E-01
1.8656E-06,-4.81192E-01
1.8664E-06,-4.76935E-01
1.8672E-06,-4.85450E-01
1.8680E-06,-4.76935E-01
1.8688E-06,-4.70548E-01
1.8696E-06,-4.72677E-01
1.8704E-06,-4.79064E-01
1.8712E-06,-4.81192E-01
1.8720E-06,-4.83321E-01
1.8728E-06,-4.79064E-01
1.8736E-06,-4.83321E-01
1.8744E-06,-4.76935E-01
1.8752E-06,-4.76935E-01
1.8760E-06,-4.85450E-01
1.8768E-06,-4.76935E-01
1.8776E-06,-4.79064E-01
1.8784E-06,-4.81192E-01
1.8792E-06,-4.87579E-01
1.8800E-06,-4.79064E-01
1.8808E-06,-4.74806E-01
1.8816E-06,-4.74806E-01
1.8824E-06,-4.85450E-01
1.8832E-06,-4.83321E-01
1.8840E-06,-4.74806E-01
1.8848E-06,-4.79064E-01
1.8856E-06,-4.79064E-01
1.8864E-06,-4.85450E-01
1.8872E-06,-4.81192E-01
1.8880E-06,-4.76935E-01
1.8888E-06,-4.76935E-01
1.8896E-06,-4.85450E-01
1.8904E-06,-4.89708E-01
1.8912E-06,-4.83321E-01
1.8920E-06,-4.76935E-01
1.8928E-06,-4.74806E-01
1.8936E-06,-4.83321E-01
1.8944E-06,-4.76935E-01
1.8952E-06,-4.76935E-01
1.8960E-06,-4.85450E-01
1.8968E-06,-4.83321E-01
1.8976E-06,-4.81192E-01
1.8984E-06,-4.83321E-01
1.8992E-06,-4.87579E-01
1.9000E-06,-4.81192E-01
1.9008E-06,-4.83321E-01
1.9016E-06,-4.76935E-01
1.9024E-06,-4.85450E-01
1.9032E-06,-4.81192E-01
1.9040E-06,-4.81192E-01
1.9048E-06,-4.83321E-01
1.9056E-06,-4.74806E-01
1.9064E-06,-4.74806E-01
1.9072E-06,-4.79064E-01
1.9080E-06,-4.76935E-01
1.9088E-06,-4.85450E-01
1.9096E-06,-4.85450E-01
1.9104E-06,-4.81192E-01
1.9112E-06,-4.83321E-01
1.9120E-06,-4.72677E-01
1.9128E-06,-4.85450E-01
1.9136E-06,-4.83321E-01
1.9144E-06,-4.85450E-01
1.9152E-06,-4.79064E-01
1.9160E-06,-4.85450E-01
1.9168E-06,-4.76935E-01
1.9176E-06,-4.81192E-01
1.9184E-06,-4.81192E-01
1.9192E-06,-4.79064E-01
1.9200E-06,-4.74806E-01
1.9208E-06,-4.85450E-01
1.9216E-06,-4.83321E-01
1.9224E-06,-4.76935E-01
1.9232E-06,-4.83321E-01
1.9240E-06,-4.81192E-01
1.9248E-06,-4.81192E-01
1.9256E-06,-4.85450E-01
1.9264E-06,-4.81192E-01
1.9272E-06,-4.83321E-01
1.9280E-06,-4.83321E-01
1.9288E-06,-4.81192E-01
1.9296E-06,-4.83321E-01
1.9304E-06,-4.79064E-01
1.9312E-06,-4.81192E-01
1.9320E-06,-4.79064E-01
1.9328E-06,-4.83321E-01
1.9336E-06,-4.79064E-01
1.9344E-06,-4.83321E-01
1.9352E-06,-4.79064E-01
1.9360E-06,-4.79064E-01
1.9368E-06,-4.76935E-01
1.9376E-06,-4.79064E-01
1.9384E-06,-4.76935E-01
1.9392E-06,-4.81192E-01
1.9400E-06,-4.76935E-01
1.9408E-06,-4.72677E-01
1.9416E-06,-4.81192E-01
1.9424E-06,-4.81192E-01
1.9432E-06,-4.85450E-01
1.9440E-06,-4.87579E-01
1.9448E-06,-4.79064E-01
1.9456E-06,-4.83321E-01
1.9464E-06,-4.76935E-01
1.9472E-06,-4.70548E-01
1.9480E-06,-4.79064E-01
1.9488E-06,-4.85450E-01
1.9496E-06,-4.83321E-01
1.9504E-06,-4.79064E-01
1.9512E-06,-4.70548E-01
1.9520E-06,-4.74806E-01
1.9528E-06,-4.85450E-01
1.9536E-06,-4.85450E-01
1.9544E-06,-4.87579E-01
1.9552E-06,-4.74806E-01
1.9560E-06,-4.81192E-01
1.9568E-06,-4.79064E-01
1.9576E-06,-4.74806E-01
1.9584E-06,-4.85450E-01
1.9592E-06,-4.85450E-01
1.9600E-06,-4.76935E-01
1.9608E-06,-4.81192E-01
1.9616E-06,-4.89708E-01
1.9624E-06,-4.81192E-01
1.9632E-06,-4.79064E-01
1.9640E-06,-4.74806E-01
1.9648E-06,-4.85450E-01
1.9656E-06,-4.79064E-01
1.9664E-06,-4.81192E-01
1.9672E-06,-4.85450E-01
1.9680E-06,-4.76935E-01
1.9688E-06,-4.76935E-01
1.9696E-06,-4.79064E-01
1.9704E-06,-4.79064E-01
1.9712E-06,-4.79064E-01
1.9720E-06,-4.81192E-01
1.9728E-06,-4.83321E-01
1.9736E-06,-4.81192E-01
1.9744E-06,-4.87579E-01
1.9752E-06,-4.79064E-01
1.9760E-06,-4.74806E-01
1.9768E-06,-4.76935E-01
1.9776E-06,-4.83321E-01
1.9784E-06,-4.83321E-01
1.9792E-06,-4.72677E-01
1.9800E-06,-4.79064E-01
1.9808E-06,-4.79064E-01
1.9816E-06,-4.79064E-01
1.9824E-06,-4.79064E-01
1.9832E-06,-4.83321E-01
1.9840E-06,-4.79064E-01
1.9848E-06,-4.74806E-01
1.9856E-06,-4.79064E-01
1.9864E-06,-4.79064E-01
1.9872E-06,-4.81192E-01
1.9880E-06,-4.79064E-01
1.9888E-06,-4.81192E-01
1.9896E-06,-4.81192E-01
1.9904E-06,-4.83321E-01
1.9912E-06,-4.85450E-01
1.9920E-06,-4.85450E-01
1.9928E-06,-4.89708E-01
1.9936E-06,-4.81192E-01
1.9944E-06,-4.79064E-01
1.9952E-06,-4.76935E-01
1.9960E-06,-4.81192E-01
1.9968E-06,-4.76935E-01
1.9976E-06,-4.59903E-01
1.9984E-06,-4.00294E-01
1.9992E-06,-2.89591E-01
2.0000E-06,-1.15021E-01
2.0008E-06,8.29677E-02
2.0016E-06,2.57538E-01
2.0024E-06,3.72499E-01
2.0032E-06,4.42753E-01
2.0040E-06,4.85331E-01
2.0048E-06,4.91718E-01
2.0056E-06,4.98104E-01
2.0064E-06,5.00233E-01
2.0072E-06,5.04491E-01
2.0080E-06,5.00233E-01
2.0088E-06,5.02362E-01
2.0096E-06,5.06620E-01
2.0104E-06,5.08749E-01
2.0112E-06,5.13007E-01
2.0120E-06,5.21522E-01
2.0128E-06,5.21522E-01
2.0136E-06,5.13007E-01
2.0144E-06,5.19394E-01
2.0152E-06,5.15136E-01
2.0160E-06,5.27909E-01
2.0168E-06,5.13007E-01
2.0176E-06,5.23651E-01
2.0184E-06,5.15136E-01
2.0192E-06,5.21522E-01
2.0200E-06,5.25780E-01
2.0208E-06,5.17265E-01
2.0216E-06,5.19394E-01
2.0224E-06,5.17265E-01
2.0232E-06,5.13007E-01
2.0240E-06,5.23651E-01
2.0248E-06,5.21522E-01
2.0256E-06,5.27909E-01
2.0264E-06,5.27909E-01
2.0272E-06,5.25780E-01
2.0280E-06,5.30038E-01
2.0288E-06,5.21522E-01
2.0296E-06,5.21522E-01
2.0304E-06,5.17265E-01
2.0312E-06,5.21522E-01
2.0320E-06,5.13007E-01
2.0328E-06,5.19394E-01
2.0336E-06,5.23651E-01
2.0344E-06,5.21522E-01
2.0352E-06,5.19394E-01
2.0360E-06,5.15136E-01
2.0368E-06,5.15136E-01
2.0376E-06,5.15136E-01
2.0384E-06,5.17265E-01
2.0392E-06,5.13007E-01
2.0400E-06,5.17265E-01
2.0408E-06,5.19394E-01
2.0416E-06,5.19394E-01
2.0424E-06,5.17265E-01
2.0432E-06,5.19394E-01
2.0440E-06,5.15136E-01
2.0448E-06,5.23651E-01
2.0456E-06,5.17265E-01
2.0464E-06,5.15136E-01
2.0472E-06,5.17265E-01
2.0480E-06,5.19394E-01
2.0488E-06,5.17265E-01
2.0496E-06,5.21522E-01
2.0504E-06,5.15136E-01
2.0512E-06,5.21522E-01
2.0520E-06,5.19394E-01
2.0528E-06,5.19394E-01
2.0536E-06,5.19394E-01
2.0544E-06,5.21522E-01
2.0552E-06,5.17265E-01
2.0560E-06,5.21522E-01
2.0568E-06,5.23651E-01
2.0576E-06,5.19394E-01
2.0584E-06,5.08749E-01
2.0592E-06,5.13007E-01
2.0600E-06,5.15136E-01
2.0608E-06,5.15136E-01
2.0616E-06,5.19394E-01
2.0624E-06,5.17265E-01
2.0632E-06,5.15136E-01
2.0640E-06,5.19394E-01
2.0648E-06,5.10878E-01
2.0656E-06,5.21522E-01
2.0664E-06,5.13007E-01
2.0672E-06,5.25780E-01
2.0680E-06,5.17265E-01
2.0688E-06,5.19394E-01
2.0696E-06,5.17265E-01
2.0704E-06,5.15136E-01
2.0712E-06,5.15136E-01
2.0720E-06,5.17265E-01
2.0728E-06,5.17265E-01
2.0736E-06,5.17265E-01
2.0744E-06,5.13007E-01
2.0752E-06,5.17265E-01
2.0760E-06,5.19394E-01
2.0768E-06,5.19394E-01
2.0776E-06,5.17265E-01
2.0784E-06,5.17265E-01
2.0792E-06,5.15136E-01
2.0800E-06,5.19394E-01
2.0808E-06,5.17265E-01
2.0816E-06,5.19394E-01
2.0824E-06,5.15136E-01
2.0832E-06,5.15136E-01
2.0840E-06,5.21522E-01
2.0848E-06,5.13007E-01
2.0856E-06,5.04491E-01
2.0864E-06,5.15136E-01
2.0872E-06,5.17265E-01
2.0880E-06,5.21522E-01
2.0888E-06,5.19394E-01
2.0896E-06,5.15136E-01
2.0904E-06,5.17265E-01
2.0912E-06,5.08749E-01
2.0920E-06,5.13007E-01
2.0928E-06,5.15136E-01
2.0936E-06,5.17265E-01
2.0944E-06,5.13007E-01
2.0952E-06,5.13007E-01
2.0960E-06,5.21522E-01
2.0968E-06,5.19394E-01
2.0976E-06,5.19394E-01
2.0984E-06,5.17265E-01
2.0992E-06,5.17265E-01
2.1000E-06,5.13007E-01
2.1008E-06,5.13007E-01
2.1016E-06,5.19394E-01
2.1024E-06,5.08749E-01
2.1032E-06,5.19394E-01
2.1040E-06,5.13007E-01
2.1048E-06,5.15136E-01
2.1056E-06,5.15136E-01
2.1064E-06,5.10878E-01
2.1072E-06,5.08749E-01
2.1080E-06,5.15136E-01
2.1088E-06,5.17265E-01
2.1096E-06,5.13007E-01
2.1104E-06,5.19394E-01
2.1112E-06,5.13007E-01
2.1120E-06,5.10878E-01
2.1128E-06,5.15136E-01
2.1136E-06,5.17265E-01
2.1144E-06,5.21522E-01
2.1152E-06,5.10878E-01
2.1160E-06,5.13007E-01
2.1168E-06,5.17265E-01
2.1176E-06,5.10878E-01
2.1184E-06,5.15136E-01
2.1192E-06,5.13007E-01
2.1200E-06,5.21522E-01
2.1208E-06,5.19394E-01
2.1216E-06,5.23651E-01
2.1224E-06,5.13007E-01
2.1232E-06,5.17265E-01
2.1240E-06,5.25780E-01
2.1248E-06,5.25780E-01
2.1256E-06,5.21522E-01
2.1264E-06,5.21522E-01
2.1272E-06,5.13007E-01
2.1280E-06,5.19394E-01
2.1288E-06,5.15136E-01
2.1296E-06,5.15136E-01
2.1304E-06,5.15136E-01
2.1312E-06,5.23651E-01
2.1320E-06,5.15136E-01
2.1328E-06,5.21522E-01
2.1336E-06,5.19394E-01
2.1344E-06,5.19394E-01
2.1352E-06,5.13007E-01
2.1360E-06,5.13007E-01
2.1368E-06,5.13007E-01
2.1376E-06,5.25780E-01
2.1384E-06,5.21522E-01
2.1392E-06,5.25780E-01
2.1400E-06,5.17265E-01
2.1408E-06,5.21522E-01
2.1416E-06,5.21522E-01
2.1424E-06,5.19394E-01
2.1432E-06,5.15136E-01
2.1440E-06,5.19394E-01
2.1448E-06,5.13007E-01
2.1456E-06,5.21522E-01
2.1464E-06,5.15136E-01
2.1472E-06,5.19394E-01
2.1480E-06,5.10878E-01
2.1488E-06,5.13007E-01
2.1496E-06,5.13007E-01
2.1504E-06,5.15136E-01
2.1512E-06,5.21522E-01
2.1520E-06,5.23651E-01
2.1528E-06,5.19394E-01
2.1536E-06,5.21522E-01
2.1544E-06,5.17265E-01
2.1552E-06,5.15136E-01
2.1560E-06,5.21522E-01
2.1568E-06,5.17265E-01
2.1576E-06,5.13007E-01
2.1584E-06,5.15136E-01
2.1592E-06,5.13007E-01
2.1600E-06,5.17265E-01
2.1608E-06,5.06620E-01
2.1616E-06,5.13007E-01
2.1624E-06,5.21522E-01
2.1632E-06,5.25780E-01
2.1640E-06,5.25780E-01
2.1648E-06,5.15136E-01
2.1656E-06,5.19394E-01
2.1664E-06,5.17265E-01
2.1672E-06,5.17265E-01
2.1680E-06,5.13007E-01
2.1688E-06,5.08749E-01
2.1696E-06,5.13007E-01
2.1704E-06,5.08749E-01
2.1712E-06,5.17265E-01
2.1720E-06,5.13007E-01
2.1728E-06,5.21522E-01
2.1736E-06,5.10878E-01
2.1744E-06,5.10878E-01
2.1752E-06,5.17265E-01
2.1760E-06,5.10878E-01
2.1768E-06,5.13007E-01
2.1776E-06,5.13007E-01
2.1784E-06,5.13007E-01
2.1792E-06,5.15136E-01
2.1800E-06,5.15136E-01
2.1808E-06,5.10878E-01
2.1816E-06,5.13007E-01
2.1824E-06,5.13007E-01
2.1832E-06,5.17265E-01
2.1840E-06,5.15136E-01
2.1848E-06,5.19394E-01
2.1856E-06,5.19394E-01
2.1864E-06,5.17265E-01
2.1872E-06,5.13007E-01
2.1880E-06,5.06620E-01
2.1888E-06,5.08749E-01
2.1896E-06,5.21522E-01
2.1904E-06,5.13007E-01
2.1912E-06,5.08749E-01
2.1920E-06,5.13007E-01
2.1928E-06,5.17265E-01
2.1936E-06,5.19394E-01
2.1944E-06,5.17265E-01
2.1952E-06,5.15136E-01
2.1960E-06,5.10878E-01
2.1968E-06,5.13007E-01
2.1976E-06,5.15136E-01
2.1984E-06,5.19394E-01
2.1992E-06,5.19394E-01
2.2000E-06,5.19394E-01
2.2008E-06,5.15136E-01
2.2016E-06,5.17265E-01
2.2024E-06,5.13007E-01
2.2032E-06,5.15136E-01
2.2040E-06,5.15136E-01
2.2048E-06,5.13007E-01
2.2056E-06,5.08749E-01
2.2064E-06,5.06620E-01
2.2072E-06,5.10878E-01
2.2080E-06,5.13007E-01
2.2088E-06,5.15136E-01
2.2096E-06,5.10878E-01
2.2104E-06,5.19394E-01
2.2112E-06,5.17265E-01
2.2120E-06,5.10878E-01
2.2128E-06,5.10878E-01
2.2136E-06,5.13007E-01
2.2144E-06,5.17265E-01
2.2152E-06,5.15136E-01
2.2160E-06,5.13007E-01
2.2168E-06,5.17265E-01
2.2176E-06,5.21522E-01
2.2184E-06,5.15136E-01
2.2192E-06,5.19394E-01
2.2200E-06,5.13007E-01
2.2208E-06,5.17265E-01
2.2216E-06,5.19394E-01
2.2224E-06,5.21522E-01
2.2232E-06,5.17265E-01
2.2240E-06,5.19394E-01
2.2248E-06,5.21522E-01
2.2256E-06,5.13007E-01
2.2264E-06,5.06620E-01
2.2272E-06,5.17265E-01
2.2280E-06,5.13007E-01
2.2288E-06,5.15136E-01
2.2296E-06,5.15136E-01
2.2304E-06,5.15136E-01
2.2312E-06,5.15136E-01
2.2320E-06,5.13007E-01
2.2328E-06,5.19394E-01
2.2336E-06,5.27909E-01
2.2344E-06,5.21522E-01
2.2352E-06,5.17265E-01
2.2360E-06,5.19394E-01
2.2368E-06,5.15136E-01
2.2376E-06,5.08749E-01
2.2384E-06,5.06620E-01
2.2392E-06,5.13007E-01
2.2400E-06,5.23651E-01
2.2408E-06,5.13007E-01
2.2416E-06,5.19394E-01
2.2424E-06,5.17265E-01
2.2432E-06,5.23651E-01
2.2440E-06,5.23651E-01
2.2448E-06,5.15136E-01
2.2456E-06,5.19394E-01
2.2464E-06,5.15136E-01
2.2472E-06,5.13007E-01
2.2480E-06,5.17265E-01
2.2488E-06,5.19394E-01
2.2496E-06,5.19394E-01
2.2504E-06,5.17265E-01
2.2512E-06,5.10878E-01
2.2520E-06,5.13007E-01
2.2528E-06,5.10878E-01
2.2536E-06,5.19394E-01
2.2544E-06,5.15136E-01
2.2552E-06,5.08749E-01
2.2560E-06,5.17265E-01
2.2568E-06,5.10878E-01
2.2576E-06,5.13007E-01
2.2584E-06,5.17265E-01
2.2592E-06,5.19394E-01
2.2600E-06,5.17265E-01
2.2608E-06,5.21522E-01
2.2616E-06,5.25780E-01
2.2624E-06,5.13007E-01
2.2632E-06,5.17265E-01
2.2640E-06,5.13007E-01
2.2648E-06,5.13007E-01
2.2656E-06,5.17265E-01
2.2664E-06,5.13007E-01
2.2672E-06,5.08749E-01
2.2680E-06,5.13007E-01
2.2688E-06,5.21522E-01
2.2696E-06,5.21522E-01
2.2704E-06,5.19394E-01
2.2712E-06,5.08749E-01
2.2720E-06,5.08749E-01
2.2728E-06,5.13007E-01
2.2736E-06,5.21522E-01
2.2744E-06,5.13007E-01
2.2752E-06,5.13007E-01
2.2760E-06,5.13007E-01
2.2768E-06,5.17265E-01
2.2776E-06,5.17265E-01
2.2784E-06,5.19394E-01
2.2792E-06,5.13007E-01
2.2800E-06,5.13007E-01
2.2808E-06,5.15136E-01
2.2816E-06,5.19394E-01
2.2824E-06,5.23651E-01
2.2832E-06,5.10878E-01
2.2840E-06,5.13007E-01
2.2848E-06,5.15136E-01
2.2856E-06,5.13007E-01
2.2864E-06,5.08749E-01
2.2872E-06,5.13007E-01
2.2880E-06,5.19394E-01
2.2888E-06,5.15136E-01
2.2896E-06,5.10878E-01
2.2904E-06,5.15136E-01
2.2912E-06,5.15136E-01
2.2920E-06,5.15136E-01
2.2928E-06,5.06620E-01
2.2936E-06,5.15136E-01
2.2944E-06,5.17265E-01
2.2952E-06,5.13007E-01
2.2960E-06,5.25780E-01
2.2968E-06,5.13007E-01
2.2976E-06,5.21522E-01
2.2984E-06,5.13007E-01
2.2992E-06,5.17265E-01
2.3000E-06,5.21522E-01
2.3008E-06,5.19394E-01
2.3016E-06,5.19394E-01
2.3024E-06,5.19394E-01
2.3032E-06,5.15136E-01
2.3040E-06,5.15136E-01
2.3048E-06,5.13007E-01
2.3056E-06,5.10878E-01
2.3064E-06,5.17265E-01
2.3072E-06,5.13007E-01
2.3080E-06,5.15136E-01
2.3088E-06,5.13007E-01
2.3096E-06,5.13007E-01
2.3104E-06,5.15136E-01
2.3112E-06,5.15136E-01
2.3120E-06,5.15136E-01
2.3128E-06,5.17265E-01
2.3136E-06,5.19394E-01
2.3144E-06,5.21522E-01
2.3152E-06,5.10878E-01
2.3160E-06,5.15136E-01
2.3168E-06,5.13007E-01
2.3176E-06,5.13007E-01
2.3184E-06,5.19394E-01
2.3192E-06,5.08749E-01
2.3200E-06,5.17265E-01
2.3208E-06,5.21522E-01
2.3216E-06,5.13007E-01
2.3224E-06,5.13007E-01
2.3232E-06,5.17265E-01
2.3240E-06,5.15136E-01
2.3248E-06,5.17265E-01
2.3256E-06,5.23651E-01
2.3264E-06,5.23651E-01
2.3272E-06,5.10878E-01
2.3280E-06,5.08749E-01
2.3288E-06,5.15136E-01
2.3296E-06,5.13007E-01
2.3304E-06,5.15136E-01
2.3312E-06,4.89589E-01
2.3320E-06,4.08690E-01
2.3328E-06,2.70311E-01
2.3336E-06,7.44521E-02
2.3344E-06,-1.17149E-01
2.3352E-06,-2.66173E-01
2.3360E-06,-3.57716E-01
2.3368E-06,-4.17325E-01
2.3376E-06,-4.49259E-01
2.3384E-06,-4.49259E-01
2.3392E-06,-4.70548E-01
2.3400E-06,-4.83321E-01
2.3408E-06,-4.79064E-01
2.3416E-06,-4.70548E-01
2.3424E-06,-4.68419E-01
2.3432E-06,-4.72677E-01
2.3440E-06,-4.79064E-01
2.3448E-06,-4.81192E-01
2.3456E-06,-4.85450E-01
2.3464E-06,-4.85450E-01
2.3472E-06,-4.83321E-01
2.3480E-06,-4.83321E-01
2.3488E-06,-4.79064E-01
2.3496E-06,-4.81192E-01
2.3504E-06,-4.83321E-01
2.3512E-06,-4.81192E-01
2.3520E-06,-4.85450E-01
2.3528E-06,-4.81192E-01
2.3536E-06,-4.85450E-01
2.3544E-06,-4.87579E-01
2.3552E-06,-4.87579E-01
2.3560E-06,-4.83321E-01
2.3568E-06,-4.85450E-01
2.3576E-06,-4.81192E-01
2.3584E-06,-4.83321E-01
2.3592E-06,-4.81192E-01
2.3600E-06,-4.89708E-01
2.3608E-06,-4.87579E-01
2.3616E-06,-4.85450E-01
2.3624E-06,-4.87579E-01
2.3632E-06,-4.85450E-01
2.3640E-06,-4.85450E-01
2.3648E-06,-4.91837E-01
2.3656E-06,-4.87579E-01
2.3664E-06,-4.81192E-01
2.3672E-06,-4.89708E-01
2.3680E-06,-4.81192E-01
2.3688E-06,-4.81192E-01
2.3696E-06,-4.87579E-01
2.3704E-06,-4.87579E-01
2.3712E-06,-4.81192E-01
2.3720E-06,-4.76935E-01
2.3728E-06,-4.87579E-01
2.3736E-06,-4.87579E-01
2.3744E-06,-4.83321E-01
2.3752E-06,-4.85450E-01
2.3760E-06,-4.79064E-01
2.3768E-06,-4.79064E-01
2.3776E-06,-4.79064E-01
2.3784E-06,-4.79064E-01
2.3792E-06,-4.79064E-01
2.3800E-06,-4.79064E-01
2.3808E-06,-4.81192E-01
2.3816E-06,-4.81192E-01
2.3824E-06,-4.85450E-01
2.3832E-06,-4.91837E-01
2.3840E-06,-4.81192E-01
2.3848E-06,-4.81192E-01
2.3856E-06,-4.83321E-01
2.3864E-06,-4.85450E-01
2.3872E-06,-4.89708E-01
2.3880E-06,-4.74806E-01
2.3888E-06,-4.79064E-01
2.3896E-06,-4.79064E-01
2.3904E-06,-4.85450E-01
2.3912E-06,-4.76935E-01
2.3920E-06,-4.87579E-01
2.3928E-06,-4.76935E-01
2.3936E-06,-4.70548E-01
2.3944E-06,-4.81192E-01
2.3952E-06,-4.76935E-01
2.3960E-06,-4.74806E-01
2.3968E-06,-4.83321E-01
2.3976E-06,-4.81192E-01
2.3984E-06,-4.87579E-01
2.3992E-06,-4.79064E-01
2.4000E-06,-4.76935E-01
2.4008E-06,-4.85450E-01
2.4016E-06,-4.83321E-01
2.4024E-06,-4.85450E-01
2.4032E-06,-4.85450E-01
2.4040E-06,-4.87579E-01
2.4048E-06,-4.85450E-01
2.4056E-06,-4.83321E-01
2.4064E-06,-4.83321E-01
2.4072E-06,-4.76935E-01
2.4080E-06,-4.79064E-01
2.4088E-06,-4.76935E-01
2.4096E-06,-4.85450E-01
2.4104E-06,-4.83321E-01
2.4112E-06,-4.87579E-01
2.4120E-06,-4.85450E-01
2.4128E-06,-4.85450E-01
2.4136E-06,-4.74806E-01
2.4144E-06,-4.83321E-01
2.4152E-06,-4.79064E-01
2.4160E-06,-4.83321E-01
2.4168E-06,-4.85450E-01
2.4176E-06,-4.85450E-01
2.4184E-06,-4.72677E-01
2.4192E-06,-4.83321E-01
2.4200E-06,-4.76935E-01
2.4208E-06,-4.79064E-01
2.4216E-06,-4.74806E-01
2.4224E-06,-4.85450E-01
2.4232E-06,-4.87579E-01
2.4240E-06,-4.85450E-01
2.4248E-06,-4.72677E-01
2.4256E-06,-4.83321E-01
2.4264E-06,-4.74806E-01
2.4272E-06,-4.91837E-01
2.4280E-06,-4.79064E-01
2.4288E-06,-4.87579E-01
2.4296E-06,-4.79064E-01
2.4304E-06,-4.79064E-01
2.4312E-06,-4.79064E-01
2.4320E-06,-4.79064E-01
2.4328E-06,-4.87579E-01
2.4336E-06,-4.85450E-01
2.4344E-06,-4.83321E-01
2.4352E-06,-4.81192E-01
2.4360E-06,-4.79064E-01
2.4368E-06,-4.87579E-01
2.4376E-06,-4.87579E-01
2.4384E-06,-4.91837E-01
2.4392E-06,-4.87579E-01
2.4400E-06,-4.89708E-01
2.4408E-06,-4.91837E-01
2.4416E-06,-4.89708E-01
2.4424E-06,-4.85450E-01
2.4432E-06,-4.85450E-01
2.4440E-06,-4.91837E-01
2.4448E-06,-4.85450E-01
2.4456E-06,-4.85450E-01
2.4464E-06,-4.81192E-01
2.4472E-06,-4.72677E-01
2.4480E-06,-4.83321E-01
2.4488E-06,-4.85450E-01
2.4496E-06,-4.79064E-01
2.4504E-06,-4.85450E-01
2.4512E-06,-4.79064E-01
2.4520E-06,-4.81192E-01
2.4528E-06,-4.85450E-01
2.4536E-06,-4.74806E-01
2.4544E-06,-4.79064E-01
2.4552E-06,-4.76935E-01
2.4560E-06,-4.85450E-01
2.4568E-06,-4.72677E-01
2.4576E-06,-4.79064E-01
2.4584E-06,-4.79064E-01
2.4592E-06,-4.85450E-01
2.4600E-06,-4.85450E-01
2.4608E-06,-4.81192E-01
2.4616E-06,-4.79064E-01
2.4624E-06,-4.81192E-01
2.4632E-06,-4.83321E-01
2.4640E-06,-4.87579E-01
2.4648E-06,-4.83321E-01
2.4656E-06,-4.81192E-01
2.4664E-06,-4.79064E-01
2.4672E-06,-4.83321E-01
2.4680E-06,-4.89708E-01
2.4688E-06,-4.83321E-01
2.4696E-06,-4.76935E-01
2.4704E-06,-4.79064E-01
2.4712E-06,-4.81192E-01
2.4720E-06,-4.83321E-01
2.4728E-06,-4.76935E-01
2.4736E-06,-4.85450E-01
2.4744E-06,-4.79064E-01
2.4752E-06,-4.85450E-01
2.4760E-06,-4.79064E-01
2.4768E-06,-4.83321E-01
2.4776E-06,-4.79064E-01
2.4784E-06,-4.81192E-01
2.4792E-06,-4.79064E-01
2.4800E-06,-4.85450E-01
2.4808E-06,-4.81192E-01
2.4816E-06,-4.83321E-01
2.4824E-06,-4.81192E-01
2.4832E-06,-4.85450E-01
2.4840E-06,-4.83321E-01
2.4848E-06,-4.79064E-01
2.4856E-06,-4.83321E-01
2.4864E-06,-4.81192E-01
2.4872E-06,-4.87579E-01
2.4880E-06,-4.85450E-01
2.4888E-06,-4.76935E-01
2.4896E-06,-4.79064E-01
2.4904E-06,-4.85450E-01
2.4912E-06,-4.85450E-01
2.4920E-06,-4.85450E-01
2.4928E-06,-4.79064E-01
2.4936E-06,-4.85450E-01
2.4944E-06,-4.85450E-01
2.4952E-06,-4.83321E-01
2.4960E-06,-4.83321E-01
2.4968E-06,-4.85450E-01
2.4976E-06,-4.85450E-01
2.4984E-06,-4.74806E-01
2.4992E-06,-4.81192E-01
2.5000E-06,-4.81192E-01
2.5008E-06,-4.89708E-01
2.5016E-06,-4.81192E-01
2.5024E-06,-4.81192E-01
2.5032E-06,-4.79064E-01
2.5040E-06,-4.85450E-01
2.5048E-06,-4.76935E-01
2.5056E-06,-4.76935E-01
2.5064E-06,-4.79064E-01
2.5072E-06,-4.79064E-01
2.5080E-06,-4.83321E-01
2.5088E-06,-4.79064E-01
2.5096E-06,-4.81192E-01
2.5104E-06,-4.87579E-01
2.5112E-06,-4.79064E-01
2.5120E-06,-4.79064E-01
2.5128E-06,-4.76935E-01
2.5136E-06,-4.74806E-01
2.5144E-06,-4.83321E-01
2.5152E-06,-4.81192E-01
2.5160E-06,-4.79064E-01
2.5168E-06,-4.83321E-01
2.5176E-06,-4.81192E-01
2.5184E-06,-4.83321E-01
2.5192E-06,-4.79064E-01
2.5200E-06,-4.79064E-01
2.5208E-06,-4.79064E-01
2.5216E-06,-4.87579E-01
2.5224E-06,-4.83321E-01
2.5232E-06,-4.85450E-01
2.5240E-06,-4.83321E-01
2.5248E-06,-4.81192E-01
2.5256E-06,-4.85450E-01
2.5264E-06,-4.91837E-01
2.5272E-06,-4.79064E-01
2.5280E-06,-4.85450E-01
2.5288E-06,-4.91837E-01
2.5296E-06,-4.81192E-01
2.5304E-06,-4.85450E-01
2.5312E-06,-4.89708E-01
2.5320E-06,-4.81192E-01
2.5328E-06,-4.83321E-01
2.5336E-06,-4.81192E-01
2.5344E-06,-4.76935E-01
2.5352E-06,-4.83321E-01
2.5360E-06,-4.85450E-01
2.5368E-06,-4.81192E-01
2.5376E-06,-4.81192E-01
2.5384E-06,-4.83321E-01
2.5392E-06,-4.79064E-01
2.5400E-06,-4.76935E-01
2.5408E-06,-4.83321E-01
2.5416E-06,-4.81192E-01
2.5424E-06,-4.83321E-01
2.5432E-06,-4.76935E-01
2.5440E-06,-4.83321E-01
2.5448E-06,-4.70548E-01
2.5456E-06,-4.83321E-01
2.5464E-06,-4.74806E-01
2.5472E-06,-4.76935E-01
2.5480E-06,-4.74806E-01
2.5488E-06,-4.81192E-01
2.5496E-06,-4.81192E-01
2.5504E-06,-4.79064E-01
2.5512E-06,-4.76935E-01
2.5520E-06,-4.76935E-01
2.5528E-06,-4.81192E-01
2.5536E-06,-4.74806E-01
2.5544E-06,-4.81192E-01
2.5552E-06,-4.87579E-01
2.5560E-06,-4.79064E-01
2.5568E-06,-4.83321E-01
2.5576E-06,-4.85450E-01
2.5584E-06,-4.83321E-01
2.5592E-06,-4.79064E-01
2.5600E-06,-4.72677E-01
2.5608E-06,-4.74806E-01
2.5616E-06,-4.72677E-01
2.5624E-06,-4.79064E-01
2.5632E-06,-4.83321E-01
2.5640E-06,-4.76935E-01
2.5648E-06,-4.81192E-01
2.5656E-06,-4.76935E-01
2.5664E-06,-4.72677E-01
2.5672E-06,-4.70548E-01
2.5680E-06,-4.76935E-01
2.5688E-06,-4.76935E-01
2.5696E-06,-4.79064E-01
2.5704E-06,-4.79064E-01
2.5712E-06,-4.72677E-01
2.5720E-06,-4.72677E-01
2.5728E-06,-4.74806E-01
2.5736E-06,-4.72677E-01
2.5744E-06,-4.76935E-01
2.5752E-06,-4.72677E-01
2.5760E-06,-4.81192E-01
2.5768E-06,-4.85450E-01
2.5776E-06,-4.76935E-01
2.5784E-06,-4.72677E-01
2.5792E-06,-4.76935E-01
2.5800E-06,-4.74806E-01
2.5808E-06,-4.81192E-01
2.5816E-06,-4.79064E-01
2.5824E-06,-4.79064E-01
2.5832E-06,-4.79064E-01
2.5840E-06,-4.87579E-01
2.5848E-06,-4.83321E-01
2.5856E-06,-4.91837E-01
2.5864E-06,-4.74806E-01
2.5872E-06,-4.81192E-01
2.5880E-06,-4.79064E-01
2.5888E-06,-4.79064E-01
2.5896E-06,-4.72677E-01
2.5904E-06,-4.76935E-01
2.5912E-06,-4.83321E-01
2.5920E-06,-4.83321E-01
2.5928E-06,-4.85450E-01
2.5936E-06,-4.89708E-01
2.5944E-06,-4.83321E-01
2.5952E-06,-4.79064E-01
2.5960E-06,-4.76935E-01
2.5968E-06,-4.76935E-01
2.5976E-06,-4.85450E-01
2.5984E-06,-4.76935E-01
2.5992E-06,-4.85450E-01
2.6000E-06,-4.76935E-01
2.6008E-06,-4.74806E-01
2.6016E-06,-4.83321E-01
2.6024E-06,-4.79064E-01
2.6032E-06,-4.85450E-01
2.6040E-06,-4.83321E-01
2.6048E-06,-4.79064E-01
2.6056E-06,-4.85450E-01
2.6064E-06,-4.89708E-01
2.6072E-06,-4.81192E-01
2.6080E-06,-4.85450E-01
2.6088E-06,-4.81192E-01
2.6096E-06,-4.79064E-01
2.6104E-06,-4.79064E-01
2.6112E-06,-4.76935E-01
2.6120E-06,-4.83321E-01
2.6128E-06,-4.83321E-01
2.6136E-06,-4.79064E-01
2.6144E-06,-4.85450E-01
2.6152E-06,-4.79064E-01
2.6160E-06,-4.81192E-01
2.6168E-06,-4.72677E-01
2.6176E-06,-4.85450E-01
2.6184E-06,-4.81192E-01
2.6192E-06,-4.83321E-01
2.6200E-06,-4.89708E-01
2.6208E-06,-4.81192E-01
2.6216E-06,-4.74806E-01
2.6224E-06,-4.81192E-01
2.6232E-06,-4.79064E-01
2.6240E-06,-4.76935E-01
2.6248E-06,-4.83321E-01
2.6256E-06,-4.76935E-01
2.6264E-06,-4.76935E-01
2.6272E-06,-4.79064E-01
2.6280E-06,-4.79064E-01
2.6288E-06,-4.79064E-01
2.6296E-06,-4.83321E-01
2.6304E-06,-4.83321E-01
2.6312E-06,-4.74806E-01
2.6320E-06,-4.79064E-01
2.6328E-06,-4.81192E-01
2.6336E-06,-4.76935E-01
2.6344E-06,-4.76935E-01
2.6352E-06,-4.85450E-01
2.6360E-06,-4.83321E-01
2.6368E-06,-4.79064E-01
2.6376E-06,-4.85450E-01
2.6384E-06,-4.83321E-01
2.6392E-06,-4.83321E-01
2.6400E-06,-4.79064E-01
2.6408E-06,-4.85450E-01
2.6416E-06,-4.76935E-01
2.6424E-06,-4.72677E-01
2.6432E-06,-4.81192E-01
2.6440E-06,-4.81192E-01
2.6448E-06,-4.81192E-01
2.6456E-06,-4.76935E-01
2.6464E-06,-4.85450E-01
2.6472E-06,-4.79064E-01
2.6480E-06,-4.81192E-01
2.6488E-06,-4.72677E-01
2.6496E-06,-4.72677E-01
2.6504E-06,-4.76935E-01
2.6512E-06,-4.76935E-01
2.6520E-06,-4.81192E-01
2.6528E-06,-4.81192E-01
2.6536E-06,-4.79064E-01
2.6544E-06,-4.76935E-01
2.6552E-06,-4.74806E-01
2.6560E-06,-4.76935E-01
2.6568E-06,-4.81192E-01
2.6576E-06,-4.81192E-01
2.6584E-06,-4.81192E-01
2.6592E-06,-4.83321E-01
2.6600E-06,-4.76935E-01
2.6608E-06,-4.79064E-01
2.6616E-06,-4.81192E-01
2.6624E-06,-4.74806E-01
2.6632E-06,-4.79064E-01
2.6640E-06,-4.64161E-01
2.6648E-06,-4.23712E-01
2.6656E-06,-3.40685E-01
2.6664E-06,-1.81017E-01
2.6672E-06,2.33584E-02
2.6680E-06,2.08573E-01
2.6688E-06,3.42694E-01
2.6696E-06,4.19335E-01
2.6704E-06,4.59784E-01
2.6712E-06,4.81073E-01
2.6720E-06,4.98104E-01
2.6728E-06,5.06620E-01
2.6736E-06,5.08749E-01
2.6744E-06,5.08749E-01
2.6752E-06,5.10878E-01
2.6760E-06,5.08749E-01
2.6768E-06,5.15136E-01
2.6776E-06,5.19394E-01
2.6784E-06,5.23651E-01
2.6792E-06,5.19394E-01
2.6800E-06,5.10878E-01
2.6808E-06,5.23651E-01
2.6816E-06,5.21522E-01
2.6824E-06,5.19394E-01
2.6832E-06,5.23651E-01
2.6840E-06,5.21522E-01
2.6848E-06,5.17265E-01
2.6856E-06,5.21522E-01
2.6864E-06,5.19394E-01
2.6872E-06,5.19394E-01
2.6880E-06,5.21522E-01
2.6888E-06,5.21522E-01
2.6896E-06,5.25780E-01
2.6904E-06,5.21522E-01
2.6912E-06,5.21522E-01
2.6920E-06,5.15136E-01
2.6928E-06,5.23651E-01
2.6936E-06,5.27909E-01
2.6944E-06,5.25780E-01
2.6952E-06,5.17265E-01
2.6960E-06,5.30038E-01
2.6968E-06,5.27909E-01
2.6976E-06,5.23651E-01
2.6984E-06,5.21522E-01
2.6992E-06,5.13007E-01
2.7000E-06,5.15136E-01
2.7008E-06,5.17265E-01
2.7016E-06,5.13007E-01
2.7024E-06,5.17265E-01
2.7032E-06,5.23651E-01
2.7040E-06,5.23651E-01
2.7048E-06,5.17265E-01
2.7056E-06,5.23651E-01
2.7064E-06,5.21522E-01
2.7072E-06,5.21522E-01
2.7080E-06,5.17265E-01
2.7088E-06,5.21522E-01
2.7096E-06,5.15136E-01
2.7104E-06,5.15136E-01
2.7112E-06,5.21522E-01
2.7120E-06,5.19394E-01
2.7128E-06,5.13007E-01
2.7136E-06,5.21522E-01
2.7144E-06,5.15136E-01
2.7152E-06,5.23651E-01
2.7160E-06,5.21522E-01
2.7168E-06,5.19394E-01
2.7176E-06,5.19394E-01
2.7184E-06,5.17265E-01
2.7192E-06,5.15136E-01
2.7200E-06,5.17265E-01
2.7208E-06,5.19394E-01
2.7216E-06,5.23651E-01
2.7224E-06,5.17265E-01
2.7232E-06,5.13007E-01
2.7240E-06,5.19394E-01
2.7248E-06,5.17265E-01
2.7256E-06,5.15136E-01
2.7264E-06,5.19394E-01
2.7272E-06,5.17265E-01
2.7280E-06,5.08749E-01
2.7288E-06,5.15136E-01
2.7296E-06,5.08749E-01
2.7304E-06,5.13007E-01
2.7312E-06,5.15136E-01
2.7320E-06,5.13007E-01
2.7328E-06,5.08749E-01
2.7336E-06,5.13007E-01
2.7344E-06,5.17265E-01
2.7352E-06,5.13007E-01
2.7360E-06,5.08749E-01
2.7368E-06,5.15136E-01
2.7376E-06,5.10878E-01
2.7384E-06,5.13007E-01
2.7392E-06,5.19394E-01
2.7400E-06,5.21522E-01
2.7408E-06,5.23651E-01
2.7416E-06,5.19394E-01
2.7424E-06,5.13007E-01
2.7432E-06,5.19394E-01
2.7440E-06,5.15136E-01
2.7448E-06,5.17265E-01
2.7456E-06,5.13007E-01
2.7464E-06,5.19394E-01
2.7472E-06,5.17265E-01
2.7480E-06,5.21522E-01
2.7488E-06,5.21522E-01
2.7496E-06,5.15136E-01
2.7504E-06,5.15136E-01
2.7512E-06,5.21522E-01
2.7520E-06,5.19394E-01
2.7528E-06,5.17265E-01
2.7536E-06,5.15136E-01
2.7544E-06,5.19394E-01
2.7552E-06,5.10878E-01
2.7560E-06,5.13007E-01
2.7568E-06,5.06620E-01
2.7576E-06,5.06620E-01
2.7584E-06,5.13007E-01
2.7592E-06,5.21522E-01
2.7600E-06,5.23651E-01
2.7608E-06,5.30038E-01
2.7616E-06,5.15136E-01
2.7624E-06,5.13007E-01
2.7632E-06,5.13007E-01
2.7640E-06,5.08749E-01
2.7648E-06,5.15136E-01
2.7656E-06,5.13007E-01
2.7664E-06,5.10878E-01
2.7672E-06,5.15136E-01
2.7680E-06,5.19394E-01
2.7688E-06,5.15136E-01
2.7696E-06,5.13007E-01
2.7704E-06,5.19394E-01
2.7712E-06,5.21522E-01
2.7720E-06,5.23651E-01
2.7728E-06,5.21522E-01
2.7736E-06,5.25780E-01
2.7744E-06,5.19394E-01
2.7752E-06,5.17265E-01
2.7760E-06,5.17265E-01
2.7768E-06,5.17265E-01
2.7776E-06,5.17265E-01
2.7784E-06,5.17265E-01
2.7792E-06,5.15136E-01
2.7800E-06,5.15136E-01
2.7808E-06,5.13007E-01
2.7816E-06,5.13007E-01
2.7824E-06,5.19394E-01
2.7832E-06,5.23651E-01
2.7840E-06,5.15136E-01
2.7848E-06,5.17265E-01
2.7856E-06,5.15136E-01
2.7864E-06,5.15136E-01
2.7872E-06,5.21522E-01
2.7880E-06,5.27909E-01
2.7888E-06,5.13007E-01
2.7896E-06,5.13007E-01
2.7904E-06,5.15136E-01
2.7912E-06,5.15136E-01
2.7920E-06,5.13007E-01
2.7928E-06,5.21522E-01
2.7936E-06,5.17265E-01
2.7944E-06,5.15136E-01
2.7952E-06,5.08749E-01
2.7960E-06,5.19394E-01
2.7968E-06,5.19394E-01
2.7976E-06,5.21522E-01
2.7984E-06,5.21522E-01
2.7992E-06,5.21522E-01
2.8000E-06,5.19394E-01
2.8008E-06,5.21522E-01
2.8016E-06,5.08749E-01
2.8024E-06,5.15136E-01
2.8032E-06,5.19394E-01
2.8040E-06,5.15136E-01
2.8048E-06,5.19394E-01
2.8056E-06,5.21522E-01
2.8064E-06,5.17265E-01
2.8072E-06,5.23651E-01
2.8080E-06,5.13007E-01
2.8088E-06,5.21522E-01
2.8096E-06,5.15136E-01
2.8104E-06,5.17265E-01
2.8112E-06,5.15136E-01
2.8120E-06,5.17265E-01
2.8128E-06,5.10878E-01
2.8136E-06,5.21522E-01
2.8144E-06,5.19394E-01
2.8152E-06,5.17265E-01
2.8160E-06,5.13007E-01
2.8168E-06,5.13007E-01
2.8176E-06,5.21522E-01
2.8184E-06,5.17265E-01
2.8192E-06,5.23651E-01
2.8200E-06,5.19394E-01
2.8208E-06,5.13007E-01
2.8216E-06,5.13007E-01
2.8224E-06,5.25780E-01
2.8232E-06,5.17265E-01
2.8240E-06,5.15136E-01
2.8248E-06,5.17265E-01
2.8256E-06,5.19394E-01
2.8264E-06,5.19394E-01
2.8272E-06,5.06620E-01
2.8280E-06,5.10878E-01
2.8288E-06,5.15136E-01
2.8296E-06,5.17265E-01
2.8304E-06,5.21522E-01
2.8312E-06,5.15136E-01
2.8320E-06,5.08749E-01
2.8328E-06,5.13007E-01
2.8336E-06,5.17265E-01
2.8344E-06,5.17265E-01
2.8352E-06,5.19394E-01
2.8360E-06,5.21522E-01
2.8368E-06,5.17265E-01
2.8376E-06,5.17265E-01
2.8384E-06,5.17265E-01
2.8392E-06,5.15136E-01
2.8400E-06,5.15136E-01
2.8408E-06,5.13007E-01
2.8416E-06,5.17265E-01
2.8424E-06,5.19394E-01
2.8432E-06,5.17265E-01
2.8440E-06,5.19394E-01
2.8448E-06,5.19394E-01
2.8456E-06,5.13007E-01
2.8464E-06,5.13007E-01
2.8472E-06,5.08749E-01
2.8480E-06,5.19394E-01
2.8488E-06,5.15136E-01
2.8496E-06,5.15136E-01
2.8504E-06,5.15136E-01
2.8512E-06,5.08749E-01
2.8520E-06,5.08749E-01
2.8528E-06,5.15136E-01
2.8536E-06,5.13007E-01
2.8544E-06,5.27909E-01
2.8552E-06,5.17265E-01
2.8560E-06,5.10878E-01
2.8568E-06,5.13007E-01
2.8576E-06,5.08749E-01
2.8584E-06,5.13007E-01
2.8592E-06,5.10878E-01
2.8600E-06,5.10878E-01
2.8608E-06,5.21522E-01
2.8616E-06,5.21522E-01
2.8624E-06,5.15136E-01
2.8632E-06,5.17265E-01
2.8640E-06,5.19394E-01
2.8648E-06,5.17265E-01
2.8656E-06,5.13007E-01
2.8664E-06,5.15136E-01
2.8672E-06,5.17265E-01
2.8680E-06,5.23651E-01
2.8688E-06,5.21522E-01
2.8696E-06,5.15136E-01
2.8704E-06,5.21522E-01
2.8712E-06,5.23651E-01
2.8720E-06,5.17265E-01
2.8728E-06,5.15136E-01
2.8736E-06,5.13007E-01
2.8744E-06,5.10878E-01
2.8752E-06,5.17265E-01
2.8760E-06,5.25780E-01
2.8768E-06,5.13007E-01
2.8776E-06,5.17265E-01
2.8784E-06,5.13007E-01
2.8792E-06,5.13007E-01
2.8800E-06,5.19394E-01
2.8808E-06,5.15136E-01
2.8816E-06,5.19394E-01
2.8824E-06,5.15136E-01
2.8832E-06,5.15136E-01
2.8840E-06,5.19394E-01
2.8848E-06,5.15136E-01
2.8856E-06,5.23651E-01
2.8864E-06,5.15136E-01
2.8872E-06,5.13007E-01
2.8880E-06,5.17265E-01
2.8888E-06,5.13007E-01
2.8896E-06,5.15136E-01
2.8904E-06,5.13007E-01
2.8912E-06,5.13007E-01
2.8920E-06,5.13007E-01
2.8928E-06,5.19394E-01
2.8936E-06,5.15136E-01
2.8944E-06,5.13007E-01
2.8952E-06,5.23651E-01
2.8960E-06,5.19394E-01
2.8968E-06,5.19394E-01
2.8976E-06,5.15136E-01
2.8984E-06,5.13007E-01
2.8992E-06,5.17265E-01
2.9000E-06,5.17265E-01
2.9008E-06,5.15136E-01
2.9016E-06,5.21522E-01
2.9024E-06,5.19394E-01
2.9032E-06,5.17265E-01
2.9040E-06,5.19394E-01
2.9048E-06,5.13007E-01
2.9056E-06,5.25780E-01
2.9064E-06,5.17265E-01
2.9072E-06,5.23651E-01
2.9080E-06,5.13007E-01
2.9088E-06,5.15136E-01
2.9096E-06,5.13007E-01
2.9104E-06,5.13007E-01
2.9112E-06,5.13007E-01
2.9120E-06,5.25780E-01
2.9128E-06,5.10878E-01
2.9136E-06,5.17265E-01
2.9144E-06,5.21522E-01
2.9152E-06,5.13007E-01
2.9160E-06,5.10878E-01
2.9168E-06,5.13007E-01
2.9176E-06,5.08749E-01
2.9184E-06,5.13007E-01
2.9192E-06,5.15136E-01
2.9200E-06,5.19394E-01
2.9208E-06,5.15136E-01
2.9216E-06,5.17265E-01
2.9224E-06,5.13007E-01
2.9232E-06,5.10878E-01
2.9240E-06,5.15136E-01
2.9248E-06,5.13007E-01
2.9256E-06,5.17265E-01
2.9264E-06,5.08749E-01
2.9272E-06,5.08749E-01
2.9280E-06,5.13007E-01
2.9288E-06,5.13007E-01
2.9296E-06,5.08749E-01
2.9304E-06,5.13007E-01
2.9312E-06,5.21522E-01
2.9320E-06,5.10878E-01
2.9328E-06,5.08749E-01
2.9336E-06,5.17265E-01
2.9344E-06,5.13007E-01
2.9352E-06,5.19394E-01
2.9360E-06,5.17265E-01
2.9368E-06,5.13007E-01
2.9376E-06,5.21522E-01
2.9384E-06,5.15136E-01
2.9392E-06,5.21522E-01
2.9400E-06,5.17265E-01
2.9408E-06,5.15136E-01
2.9416E-06,5.13007E-01
2.9424E-06,5.02362E-01
2.9432E-06,5.17265E-01
2.9440E-06,5.17265E-01
2.9448E-06,5.15136E-01
2.9456E-06,5.13007E-01
2.9464E-06,5.13007E-01
2.9472E-06,5.08749E-01
2.9480E-06,5.15136E-01
2.9488E-06,5.19394E-01
2.9496E-06,5.17265E-01
2.9504E-06,5.21522E-01
2.9512E-06,5.19394E-01
2.9520E-06,5.21522E-01
2.9528E-06,5.15136E-01
2.9536E-06,5.15136E-01
2.9544E-06,5.15136E-01
2.9552E-06,5.08749E-01
2.9560E-06,5.10878E-01
2.9568E-06,5.19394E-01
2.9576E-06,5.10878E-01
2.9584E-06,5.08749E-01
2.9592E-06,5.13007E-01
2.9600E-06,5.17265E-01
2.9608E-06,5.15136E-01
2.9616E-06,5.08749E-01
2.9624E-06,5.02362E-01
2.9632E-06,5.17265E-01
2.9640E-06,5.06620E-01
2.9648E-06,5.17265E-01
2.9656E-06,5.13007E-01
2.9664E-06,5.21522E-01
2.9672E-06,5.15136E-01
2.9680E-06,5.17265E-01
2.9688E-06,5.13007E-01
2.9696E-06,5.13007E-01
2.9704E-06,5.15136E-01
2.9712E-06,5.19394E-01
2.9720E-06,5.13007E-01
2.9728E-06,5.19394E-01
2.9736E-06,5.19394E-01
2.9744E-06,5.17265E-01
2.9752E-06,5.06620E-01
2.9760E-06,5.19394E-01
2.9768E-06,5.21522E-01
2.9776E-06,5.21522E-01
2.9784E-06,5.21522E-01
2.9792E-06,5.17265E-01
2.9800E-06,5.15136E-01
2.9808E-06,5.13007E-01
2.9816E-06,5.17265E-01
2.9824E-06,5.21522E-01
2.9832E-06,5.17265E-01
2.9840E-06,5.21522E-01
2.9848E-06,5.15136E-01
2.9856E-06,5.23651E-01
2.9864E-06,5.13007E-01
2.9872E-06,5.19394E-01
2.9880E-06,5.13007E-01
2.9888E-06,5.17265E-01
2.9896E-06,5.10878E-01
2.9904E-06,5.19394E-01
2.9912E-06,5.13007E-01
2.9920E-06,5.17265E-01
2.9928E-06,5.19394E-01
2.9936E-06,5.19394E-01
2.9944E-06,5.17265E-01
2.9952E-06,5.21522E-01
2.9960E-06,5.19394E-01
2.9968E-06,5.13007E-01
2.9976E-06,4.91718E-01
2.9984E-06,4.27851E-01
2.9992E-06,3.10761E-01
3.0000E-06,1.40448E-01
3.0008E-06,-5.75401E-02
3.0016E-06,-2.25724E-01
3.0024E-06,-3.40685E-01
