1.933779755e+02,-1.167328097e-03
1.935834351e+02,-2.307974547e-02
1.937889099e+02,8.204649203e-03
1.939943848e+02,-2.227929235e-02
1.941998901e+02,4.202381242e-03
1.944053955e+02,-5.303005222e-03
1.946109161e+02,1.894406788e-02
1.948164520e+02,4.869426135e-03
1.950220032e+02,1.797685400e-02
1.952275696e+02,-2.297968790e-02
1.954331360e+02,3.301871195e-02
1.956387177e+02,4.989494011e-02
1.958443298e+02,2.274622209e-02
1.960499420e+02,-7.337491028e-03
1.962555695e+02,1.527532283e-02
1.964611969e+02,3.675416112e-02
1.966668549e+02,5.169596057e-03
1.968725128e+02,3.201814368e-02
1.970782013e+02,8.938398212e-03
1.972838898e+02,4.652636498e-02
1.974895935e+02,1.947770454e-02
1.976953125e+02,2.031151019e-02
1.979010315e+02,-1.804355718e-02
1.981067810e+02,-3.535336582e-03
1.983125305e+02,1.647600345e-02
1.985182953e+02,-5.102891475e-03
1.987240906e+02,-2.401360776e-03
1.989298706e+02,-1.163992938e-02
1.991356812e+02,-9.405329823e-03
1.993415070e+02,-2.901644213e-03
1.995473328e+02,-2.474735677e-02
1.997531891e+02,-1.994463615e-02
1.999590454e+02,-1.354100648e-02
2.001649170e+02,1.087282784e-02
2.003708038e+02,-2.191241644e-02
2.005766907e+02,5.209618807e-02
2.007826080e+02,2.067838423e-02
2.009885254e+02,1.567554893e-03
2.011944733e+02,4.335790290e-04
2.014004211e+02,-4.669312621e-04
2.016063843e+02,-1.224026922e-02
2.018123627e+02,-2.564786747e-02
2.020183411e+02,-6.136810873e-03
2.022243500e+02,4.102324694e-02
2.024303589e+02,-2.801587572e-03
2.026363831e+02,3.528666124e-02
2.028424225e+02,4.092318937e-02
2.030484772e+02,1.447486877e-02
2.032545471e+02,1.175999716e-01
2.034606171e+02,2.701530932e-03
2.036667175e+02,1.147316769e-02
2.038728180e+02,5.936697591e-03
2.040789337e+02,3.091751970e-02
2.042850647e+02,1.000566990e-03
2.044912109e+02,-3.335223300e-03
2.046973724e+02,-1.637594588e-02
2.049035339e+02,-1.244038250e-02
2.051097107e+02,2.871627174e-02
2.053159180e+02,9.778874367e-02
2.055221252e+02,9.482039511e-02
2.057283478e+02,-1.624253765e-02
2.059345703e+02,1.667611650e-04
2.061408234e+02,-1.547543611e-02
2.063470764e+02,7.871126756e-03
2.065533600e+02,-4.335790407e-03
2.067596436e+02,-1.440816466e-02
2.069659424e+02,2.001133934e-02
2.071722412e+02,7.971183397e-03
2.073785706e+02,3.471967578e-02
2.075848999e+02,-9.238568135e-03
2.077912598e+02,-2.488076501e-02
2.079976196e+02,1.981122606e-02
2.082039948e+02,-3.335223300e-04
2.084103851e+02,3.268518718e-03
2.086167908e+02,1.664276421e-02
2.088231964e+02,-3.101757728e-03
2.090296173e+02,-2.621485479e-02
2.092360687e+02,8.771637455e-03
2.094425201e+02,-3.335223300e-05
2.096489868e+02,5.803288426e-03
2.098554535e+02,5.496447906e-02
2.100619507e+02,1.090618037e-02
2.102684479e+02,-2.568122000e-02
2.104749756e+02,6.970616523e-03
2.106815033e+02,5.936697591e-03
2.108880463e+02,1.274055336e-02
2.110946045e+02,3.792148829e-02
2.113011627e+02,-2.368008485e-03
2.115077515e+02,-2.267951844e-03
2.117143402e+02,7.003968931e-04
2.119209442e+02,-6.203515455e-03
2.121275635e+02,1.030583959e-02
2.123341980e+02,5.859987438e-02
2.125408478e+02,1.444151718e-02
2.127475128e+02,1.384117641e-02
2.129541779e+02,2.628155984e-02
2.131608582e+02,-1.460827794e-02
2.133675537e+02,-4.902778193e-03
2.135742645e+02,1.667611650e-04
2.137809906e+02,-2.304639295e-02
2.139877319e+02,-1.287396159e-02
2.141944733e+02,2.991695330e-02
2.144012299e+02,-3.008371405e-02
2.146080017e+02,-8.071240038e-03
2.148147888e+02,-2.428042516e-02
2.150215912e+02,-1.244038250e-02
2.152284088e+02,-1.650935598e-02
2.154352264e+02,-1.400793786e-03
2.156420746e+02,6.403628737e-03
2.158489227e+02,-2.347997203e-02
2.160557861e+02,-2.734882990e-03
2.162626648e+02,2.201247262e-03
2.164695435e+02,4.302437976e-02
2.166764526e+02,2.217923477e-02
2.168833618e+02,-5.303005222e-03
2.170902863e+02,-1.410799474e-02
2.172972412e+02,4.812727123e-02
2.175041809e+02,2.501417510e-02
2.177111511e+02,6.867224723e-02
2.179181366e+02,-5.269652698e-03
2.181251221e+02,1.684287749e-02
2.183321228e+02,-7.504252251e-03
2.185391388e+02,-1.874395460e-02
2.187461700e+02,-1.083947532e-02
2.189532166e+02,-1.811026223e-02
2.191602783e+02,-7.003969047e-03
2.193673401e+02,-2.201247262e-03
2.195744171e+02,6.603742018e-03
2.197815247e+02,-5.636527203e-03
2.199886322e+02,1.480839122e-02
2.201957397e+02,6.236867514e-03
2.204028778e+02,-2.101190761e-02
2.206100159e+02,-1.667611650e-03
2.208171844e+02,-2.214588225e-02
2.210243530e+02,-1.137311105e-02
2.212315369e+02,-1.534202718e-03
2.214387360e+02,2.514758334e-02
2.216459351e+02,-2.291298471e-02
2.218531647e+02,-1.167328190e-02
2.220603943e+02,3.768802388e-03
2.222676392e+02,-5.236300640e-03
2.224748993e+02,3.868858889e-02
2.226821747e+02,4.872761294e-02
2.228894653e+02,2.434713067e-03
2.230967712e+02,-2.111196332e-02
2.233040771e+02,3.905546293e-02
2.235113983e+02,-4.869426135e-03
2.237187347e+02,-9.805556387e-03
2.239260864e+02,4.415835813e-02
2.241334534e+02,-2.161224745e-02
2.243408203e+02,-2.424707264e-02
2.245482178e+02,2.257946134e-02
2.247556152e+02,3.158456460e-02
2.249630280e+02,-1.500850450e-02
2.251704559e+02,3.245172277e-02
2.253778839e+02,5.252976716e-02
2.255853424e+02,3.358569741e-02
2.257928009e+02,-1.964446530e-02
2.260002899e+02,7.204082329e-03
2.262077789e+02,-1.210686099e-02
2.264152832e+02,2.334656310e-04
2.266227875e+02,-1.877730712e-02
2.268303223e+02,2.354667708e-02
2.270378571e+02,-4.469199106e-03
2.272454224e+02,1.924423873e-02
2.274529877e+02,-2.174565569e-02
2.276605682e+02,-3.071740642e-02
2.278681488e+02,-7.637661416e-03
2.280757599e+02,7.270786911e-03
2.282833710e+02,4.235733766e-03
2.284910126e+02,-2.534769662e-02
2.286986542e+02,-2.214588225e-02
2.289063110e+02,1.597571932e-02
2.291139679e+02,-2.134542912e-03
2.293216553e+02,2.111196332e-02
2.295293427e+02,4.169029184e-03
2.297370605e+02,6.973952055e-02
2.299447784e+02,2.714871801e-02
2.301525116e+02,-3.228496015e-02
2.303602448e+02,2.101190621e-03
2.305680084e+02,-1.204015594e-02
2.307757721e+02,6.236867514e-03
2.309835663e+02,-5.336357281e-04
2.311913605e+02,8.314711601e-02
2.313991699e+02,8.704932407e-03
2.316069794e+02,-2.311309800e-02
2.318148193e+02,3.401927650e-02
2.320226746e+02,1.137311105e-02
2.322305298e+02,6.400293857e-02
2.324384003e+02,-1.964446530e-02
2.326462860e+02,2.804922871e-02
2.328541870e+02,-2.411366440e-02
2.330620880e+02,-9.405329823e-03
2.332700195e+02,-1.287396159e-02
2.334779510e+02,-5.869993009e-03
2.336858978e+02,3.411933407e-02
2.338938599e+02,-1.180669013e-02
2.341018372e+02,-5.669879727e-03
2.343098145e+02,-3.835506737e-02
2.345178223e+02,4.422505945e-02
2.347258301e+02,-5.002834951e-04
2.349338531e+02,-1.370776817e-02
2.351418915e+02,3.198479116e-02
2.353499298e+02,1.317413244e-02
2.355579987e+02,-2.711536549e-02
2.357660675e+02,-3.828836232e-02
2.359741669e+02,-7.737718057e-03
2.361822662e+02,1.560884528e-02
2.363903809e+02,4.185705259e-02
2.365984955e+02,-1.354100648e-02
2.368066406e+02,-1.660941169e-02
2.370147858e+02,-2.368008485e-03
2.372229462e+02,3.802154446e-03
2.374311371e+02,1.387452893e-02
2.376393127e+02,4.048961028e-02
2.378475189e+02,1.267384854e-03
2.380557404e+02,7.537604775e-03
2.382639618e+02,2.854951099e-02
2.384721985e+02,-1.280725747e-02
2.386804504e+02,1.734316163e-02
2.388887177e+02,6.943935156e-02
2.390970001e+02,1.015575528e-01
2.393052826e+02,-1.107294112e-02
2.395135956e+02,9.672147571e-04
2.397219086e+02,3.515325487e-02
2.399302368e+02,3.278524429e-02
2.401385803e+02,-3.068405390e-02
2.403469238e+02,4.562585428e-02
2.405552979e+02,9.638795629e-03
2.407636719e+02,-2.624820732e-02
2.409720612e+02,-7.904479280e-03
2.411804657e+02,-1.804355718e-02
2.413888855e+02,-2.134542912e-03
2.415973206e+02,3.035053145e-03
2.418057556e+02,-1.697628573e-02
2.420142059e+02,1.987793110e-02
2.422226715e+02,1.117633358e-01
2.424311523e+02,-1.764333062e-02
2.426396484e+02,7.270786911e-03
2.428481598e+02,5.002834834e-03
2.430566711e+02,-1.557549275e-02
2.432651978e+02,-1.017243136e-02
2.434737549e+02,1.534202718e-03
2.436822968e+02,-2.414701693e-02
2.438908691e+02,-2.648167312e-02
2.440994568e+02,2.468065126e-03
2.443080444e+02,-2.077844180e-02
2.445166473e+02,4.595937580e-02
2.447252655e+02,2.581462823e-02
2.449338989e+02,-1.070606709e-02
2.451425476e+02,-2.334656380e-02
2.453511963e+02,-1.964446530e-02
2.455598755e+02,2.267951844e-03
2.457685547e+02,7.374178618e-02
2.459772491e+02,-3.011706658e-02
2.461859589e+02,-1.477503963e-02
2.463946686e+02,3.355234489e-02
2.466034088e+02,-1.133975922e-03
2.468121490e+02,-4.035620019e-02
2.470209045e+02,5.369709339e-03
2.472296753e+02,2.204582654e-02
2.474384613e+02,-1.704299077e-02
2.476472626e+02,7.570956834e-03
2.478560638e+02,9.071807377e-03
2.480648804e+02,-6.670446601e-04
2.482737122e+02,1.650935598e-02
2.484825592e+02,-2.011139691e-02
2.486914215e+02,6.670446601e-03
2.489002991e+02,-5.603175145e-03
2.491091766e+02,-1.000566967e-02
2.493180695e+02,1.884401217e-02
2.495269775e+02,1.150652021e-02
2.497359009e+02,-1.057265792e-02
2.499448395e+02,1.744321734e-02
2.501537781e+02,-2.874962427e-02
2.503627472e+02,1.430810802e-02
2.505717163e+02,2.161224745e-02
2.507807007e+02,-4.028949887e-02
2.509897003e+02,2.201247262e-03
2.511987000e+02,5.523129925e-02
2.514077301e+02,-1.931094378e-02
2.516167603e+02,5.196277797e-02
2.518258057e+02,-3.018377163e-02
2.520348663e+02,3.982256725e-02
2.522439423e+02,-1.367441495e-03
2.524530182e+02,7.204082329e-03
2.526621246e+02,-2.638161555e-02
2.528712311e+02,9.138511494e-03
2.530803528e+02,7.137377746e-03
2.532894897e+02,-1.163992938e-02
2.534986420e+02,-2.661508135e-02
2.537077942e+02,-5.436413921e-03
2.539169617e+02,5.970049649e-03
2.541261444e+02,2.864956856e-02
2.543353424e+02,1.931094378e-02
2.545445557e+02,5.879998580e-02
2.547537842e+02,-8.971750736e-03
2.549630127e+02,3.852182999e-02
2.551722717e+02,-2.701530792e-02
2.553815308e+02,1.600907184e-02
2.555908051e+02,-1.404128969e-02
2.558000793e+02,-1.904412545e-02
2.560093689e+02,2.534769708e-03
2.562186890e+02,2.271287143e-02
2.564280090e+02,2.428042516e-02
2.566373596e+02,-4.102324601e-03
2.568467102e+02,-1.904412545e-02
2.570560608e+02,-1.297401823e-02
2.572654419e+02,2.824934199e-02
2.574748230e+02,-2.971684001e-02
2.576842041e+02,-9.972318076e-03
2.578936157e+02,-4.936130252e-03
2.581030579e+02,-2.801587572e-03
2.583125000e+02,5.436413921e-03
2.585219421e+02,-1.610912941e-02
2.587313843e+02,5.603175145e-03
2.589408569e+02,1.397458557e-02
2.591503601e+02,9.305273183e-03
2.593598633e+02,-8.704932407e-03
2.595693665e+02,3.438615054e-02
2.597789001e+02,1.153987274e-02
2.599884338e+02,-3.105092794e-02
2.601979675e+02,-1.267384854e-03
2.604075317e+02,8.037888445e-03
2.606170959e+02,-2.634826349e-03
2.608266907e+02,-2.234599553e-02
2.610362854e+02,-2.955007926e-02
2.612459106e+02,9.572090581e-03
2.614555359e+02,-4.369142465e-03
2.616651611e+02,-4.702664912e-03
2.618748169e+02,-2.428042516e-02
2.620844727e+02,-3.335223300e-05
2.622941284e+02,9.838908911e-03
2.625038147e+02,-2.534769662e-02
2.627135315e+02,1.334089320e-03
2.629232483e+02,2.174565569e-02
2.631329651e+02,-2.264616638e-02
2.633426819e+02,-3.108428046e-02
2.635524292e+02,1.163992938e-02
2.637622070e+02,-2.558116242e-02
2.639719849e+02,5.002834951e-04
2.641817627e+02,-7.937831804e-03
2.643915710e+02,-7.137377746e-03
2.646013794e+02,2.434713067e-03
2.648111877e+02,-1.670946926e-02
2.650210266e+02,-1.961111277e-02
2.652308655e+02,-1.133975922e-03
2.654407349e+02,7.937831804e-03
2.656506042e+02,7.671013474e-03
2.658605042e+02,-2.968348796e-03
2.660704041e+02,2.831604518e-02
2.662803040e+02,1.337424573e-02
2.664902344e+02,-2.521428838e-02
2.667001648e+02,7.821098715e-02
2.669101257e+02,-1.374111976e-02
2.671200867e+02,-2.801587572e-03
2.673300476e+02,1.650935598e-02
2.675400391e+02,-3.935563378e-03
2.677500305e+02,4.269085824e-03
2.679600525e+02,-6.170162931e-03
2.681700745e+02,7.370843738e-02
2.683800964e+02,-4.869426135e-03
2.685901489e+02,-3.375246003e-02
2.688002014e+02,5.022846162e-02
2.690102844e+02,-8.638228290e-03
2.692203674e+02,-2.157889493e-02
2.694304504e+02,-3.001700970e-04
2.696405640e+02,2.768235281e-02
2.698506775e+02,-5.569823086e-03
2.700608215e+02,-3.218490630e-02
2.702709656e+02,-2.848280780e-02
2.704811401e+02,1.567555033e-02
2.706913147e+02,-2.634826349e-03
2.709014893e+02,5.036187358e-03
2.711116943e+02,-7.404195610e-03
2.713218994e+02,7.237434387e-03
2.715321045e+02,6.270219572e-03
2.717423401e+02,2.701530932e-03
2.719526062e+02,3.698762506e-02
2.721628418e+02,-2.424707264e-02
2.723731384e+02,-7.337491028e-03
2.725834045e+02,-2.371343784e-02
2.727937012e+02,-1.434146054e-02
2.730039978e+02,4.756028578e-02
2.732143250e+02,1.794350147e-02
2.734246521e+02,4.854417443e-01
2.736350098e+02,-2.411366440e-02
2.738453674e+02,9.705499746e-03
2.740557556e+02,-2.434713021e-02
2.742661133e+02,-2.127872407e-02
2.744765320e+02,-7.104025688e-03
2.746869202e+02,-2.524764091e-02
2.748973389e+02,-5.503118504e-03
2.751077881e+02,3.431944922e-02
2.753182373e+02,1.037254464e-02
2.755286865e+02,3.441950306e-02
2.757391663e+02,-2.421372198e-02
2.759496460e+02,-1.043924876e-02
2.761601257e+02,-3.298535943e-02
2.763706360e+02,4.752693325e-02
2.765811462e+02,6.430310756e-02
2.767916870e+02,1.317413244e-02
2.770022278e+02,-3.735450096e-03
2.772127991e+02,6.386952847e-02
2.774233704e+02,3.521995619e-02
2.776339417e+02,3.808825091e-02
2.778445435e+02,1.544208359e-02
2.780551453e+02,-1.560884528e-02
2.782657471e+02,-1.130640693e-02
2.784763794e+02,-1.264049672e-02
2.786870422e+02,3.735450096e-03
2.788976746e+02,-2.114531584e-02
2.791083679e+02,6.470333319e-03
2.793190308e+02,6.336924271e-04
2.795297241e+02,-8.037888445e-03
2.797404175e+02,1.424140390e-02
2.799511414e+02,-5.503118504e-03
2.801618652e+02,-1.367441565e-02
2.803726196e+02,-2.608144656e-02
2.805833740e+02,-8.504819125e-03
2.807941284e+02,3.518660739e-02
2.810049133e+02,-8.838341571e-03
2.812156982e+02,3.388587013e-02
2.814265137e+02,-6.303572096e-03
2.816373291e+02,-1.354100648e-02
2.818481750e+02,-4.425841197e-02
2.820589905e+02,-2.307974547e-02
2.822698669e+02,9.221892059e-02
2.824807129e+02,2.097855508e-02
2.826915894e+02,-2.227929235e-02
2.829024963e+02,-8.638228290e-03
2.831134033e+02,2.668178640e-03
2.833243103e+02,4.219057411e-02
2.835352478e+02,-9.005102911e-04
2.837461853e+02,-3.822165728e-02
2.839571228e+02,3.692092001e-02
2.841680908e+02,-1.200680388e-03
2.843790588e+02,-1.630924270e-02
2.845900574e+02,-3.778807819e-02
2.848010559e+02,2.047827095e-02
2.850120850e+02,1.657605916e-02
2.852230835e+02,1.017243136e-02
2.854341431e+02,-3.892205656e-02
2.856452026e+02,-3.168462077e-03
2.858562622e+02,-3.018377163e-02
2.860673218e+02,1.210686099e-02
2.862784119e+02,-8.438115008e-03
2.864895020e+02,1.440816466e-02
2.867006226e+02,1.204015594e-02
2.869117432e+02,-1.884401217e-02
2.871228943e+02,-3.688757122e-02
2.873340454e+02,-2.801587572e-03
2.875451965e+02,-2.017810009e-02
2.877563782e+02,-2.227929235e-02
2.879675598e+02,-1.340759732e-02
2.881787720e+02,1.767668291e-03
2.883899536e+02,6.903912406e-03
2.886011963e+02,2.334656194e-03
2.888124390e+02,-2.694860473e-02
2.890236816e+02,-1.567554893e-03
2.892349243e+02,4.836073890e-02
2.894461975e+02,-1.861054637e-02
2.896575012e+02,-2.498082258e-02
2.898687744e+02,-3.668745630e-04
2.900801086e+02,1.640929841e-02
2.902914124e+02,-1.260714419e-02
2.905027466e+02,-2.334656380e-02
2.907141113e+02,7.637661416e-03
2.909254456e+02,3.672080860e-02
2.911368408e+02,1.334089320e-03
2.913482056e+02,-1.007237472e-02
2.915596008e+02,9.171864018e-03
2.917710266e+02,1.053930540e-02
2.919824219e+02,2.514758334e-02
2.921938782e+02,-3.135110065e-02
2.924053040e+02,9.705499746e-03
2.926167603e+02,4.092318937e-02
2.928282471e+02,-2.481406182e-02
2.930397034e+02,-1.450822130e-02
2.932512207e+02,2.234599553e-03
2.934627075e+02,3.668745630e-04
2.936742249e+02,-1.500850427e-03
2.938857727e+02,-1.057265792e-02
2.940973206e+02,2.754894458e-02
2.943088684e+02,-1.414134633e-02
2.945204163e+02,5.970049649e-03
2.947320251e+02,-1.297401823e-02
2.949436035e+02,-1.664276421e-02
2.951552124e+02,-1.150652021e-02
2.953668213e+02,-8.004535921e-03
2.955784607e+02,-2.334656380e-02
2.957901001e+02,-2.968348796e-03
2.960017395e+02,-1.197345182e-02
2.962134094e+02,-4.419170693e-02
2.964250793e+02,-2.728212625e-02
2.966367798e+02,2.798252366e-02
2.968484802e+02,1.123970281e-02
2.970601807e+02,-1.043924876e-02
2.972719116e+02,-4.635960329e-03
2.974836731e+02,3.285194933e-02
2.976954041e+02,4.192375764e-02
2.979071655e+02,6.803855300e-03
2.981189575e+02,1.730980910e-02
2.983307495e+02,-3.238501772e-02
2.985425415e+02,-1.784344390e-02
2.987543335e+02,-1.190674677e-02
2.989661865e+02,-1.600907184e-02
2.991780090e+02,-2.608144656e-02
2.993898621e+02,-1.297401823e-02
2.996017151e+02,5.769936368e-03
2.998135986e+02,-2.341326699e-02
3.000254822e+02,1.791014895e-02
3.002373657e+02,1.364106312e-02
3.004492798e+02,-1.354100648e-02
3.006611938e+02,-3.552012891e-02
3.008731384e+02,1.814361475e-02
3.010850830e+02,4.902778193e-03
3.012970581e+02,3.118433803e-02
3.015090027e+02,-3.195143864e-02
3.017210083e+02,6.937264651e-02
3.019329834e+02,-1.120635029e-02
3.021450195e+02,-4.669312621e-04
3.023570251e+02,-3.245172277e-02
3.025690613e+02,2.478070930e-02
3.027810974e+02,2.844945528e-02
3.029931641e+02,-2.504752763e-02
3.032052307e+02,1.027248800e-01
3.034172974e+02,2.237934805e-02
3.036293945e+02,-3.458626568e-02
3.038414917e+02,2.201247262e-03
3.040536194e+02,9.005102911e-04
3.042657471e+02,-2.244605310e-02
3.044779053e+02,3.725444525e-02
3.046900635e+02,-4.335790290e-04
3.049022217e+02,-8.704932407e-03
3.051143799e+02,1.133975922e-03
3.053265991e+02,-5.136243999e-03
3.055387878e+02,-2.327985875e-02
3.057510071e+02,-2.828269266e-02
3.059632263e+02,-1.967781782e-02
3.061754761e+02,1.287396159e-02
3.063877258e+02,1.967781689e-03
3.065999756e+02,-2.004469186e-02
3.068122559e+02,-2.251275815e-02
3.070245361e+02,-2.398025617e-02
3.072368469e+02,-2.191241644e-02
3.074491577e+02,-1.360771060e-02
3.076614990e+02,-1.234032563e-03
3.078738098e+02,6.203515455e-02
3.080861816e+02,-2.568122000e-03
3.082985229e+02,-2.904979512e-02
3.085108948e+02,3.015041910e-02
3.087232971e+02,-1.150652021e-02
3.089356995e+02,-1.364106312e-02
3.091481018e+02,-9.305273183e-03
3.093605347e+02,2.091185004e-02
3.095729675e+02,-1.811026223e-02
3.097854004e+02,3.335223300e-03
3.099978638e+02,-3.331888095e-02
3.102103271e+02,1.971117035e-02
3.104228210e+02,9.605443105e-03
3.106353149e+02,2.167895203e-03
3.108478088e+02,-1.567555033e-02
3.110603333e+02,-2.431377769e-02
3.112728577e+02,-7.570956834e-03
3.114854126e+02,2.891638502e-02
3.116979675e+02,-2.114531584e-02
3.119105225e+02,-1.060601044e-02
3.121231079e+02,4.095654190e-02
3.123356934e+02,-1.130640693e-02
3.125483093e+02,4.058966786e-02
3.127609253e+02,8.905046619e-03
3.129735413e+02,-1.434146054e-02
3.131861877e+02,-2.424707264e-02
3.133988342e+02,-8.204649203e-03
3.136115112e+02,-1.881065965e-02
3.138241882e+02,1.067271456e-03
3.140368652e+02,4.435847048e-03
3.142495728e+02,-2.131207660e-02
3.144622803e+02,3.912216797e-02
3.146750183e+02,6.363605708e-02
3.148877563e+02,-6.136810873e-03
3.151004944e+02,-2.354667708e-02
3.153132629e+02,-9.105159901e-03
3.155260315e+02,5.803288426e-03
3.157388306e+02,-7.104025688e-03
3.159516296e+02,-3.078411147e-02
3.161644287e+02,-2.267951891e-02
3.163772583e+02,-1.947770454e-02
3.165900879e+02,-3.068405436e-03
3.168029480e+02,-8.004535921e-04
3.170158081e+02,-4.335790290e-04
3.172286682e+02,2.934996504e-03
3.174415588e+02,2.431377769e-02
3.176544495e+02,-2.671513893e-02
3.178673706e+02,7.610979676e-02
3.180802612e+02,1.914418116e-02
3.182932129e+02,-4.369142465e-03
3.185061646e+02,-3.975586221e-02
3.187191162e+02,-2.524764091e-02
3.189320679e+02,-4.402494524e-03
3.191450500e+02,9.972318076e-03
3.193580322e+02,2.097855508e-02
3.195710449e+02,-1.734316116e-03
3.197840576e+02,1.700963825e-03
3.199971008e+02,-1.550878864e-02
3.202101440e+02,1.901077293e-02
3.204231873e+02,6.216856092e-02
3.206362610e+02,9.738852270e-03
3.208493347e+02,-2.171230316e-02
3.210624084e+02,-3.145115450e-02
3.212755127e+02,-2.234599553e-03
3.214886169e+02,9.105159901e-03
3.217017517e+02,-2.154554240e-02
3.219148865e+02,6.870559882e-03
3.221280518e+02,-2.211252972e-02
3.223411865e+02,3.391922265e-02
3.225543823e+02,2.554780990e-02
3.227675476e+02,8.671580581e-04
3.229807434e+02,3.595370799e-02
3.231939697e+02,-5.703231785e-03
3.234071960e+02,-1.891071536e-02
3.236204224e+02,1.173998602e-02
3.238336792e+02,2.448053844e-02
3.240469360e+02,-1.304072328e-02
3.242601929e+02,3.091751970e-02
3.244734802e+02,-9.472033940e-03
3.246867676e+02,-5.536470562e-03
3.249000854e+02,-1.640929841e-02
3.251134033e+02,2.214588225e-02
3.253267212e+02,-1.454157382e-02
3.255400696e+02,1.330754068e-02
3.257534180e+02,1.073941868e-02
3.259667969e+02,3.778807819e-02
3.261801758e+02,-8.271353319e-03
3.263935547e+02,-2.364673279e-02
3.266069641e+02,-1.133975945e-02
3.268203735e+02,4.759363458e-02
3.270337830e+02,7.170730270e-03
3.272472229e+02,2.768235281e-03
3.274606934e+02,-8.238001727e-03
3.276741333e+02,-1.200680388e-03
3.278876038e+02,5.239635706e-02
3.281011047e+02,-2.768235281e-03
3.283146057e+02,-1.334089320e-03
3.285281067e+02,-1.244038250e-02
3.287416382e+02,-3.201814368e-03
3.289551697e+02,7.737718057e-03
3.291687317e+02,-7.704365999e-03
3.293822632e+02,3.588700294e-02
3.295958557e+02,-4.359136894e-02
3.298094177e+02,7.671013474e-03
3.300230103e+02,2.081179246e-02
3.302366333e+02,-1.210686099e-02
3.304502563e+02,3.368575592e-03
3.306638794e+02,-7.037321106e-03
3.308775330e+02,6.603742018e-03
3.310911865e+02,-3.231831267e-02
3.313048401e+02,-3.335223300e-04
3.315185242e+02,-7.437548134e-03
3.317322083e+02,6.670446601e-05
3.319459229e+02,9.038454853e-03
3.321596375e+02,5.953373760e-02
3.323733521e+02,7.404195610e-03
3.325870972e+02,9.938965552e-03
3.328008423e+02,-5.002834834e-03
3.330146179e+02,-2.661508135e-02
3.332283936e+02,7.640996575e-02
3.334421692e+02,1.017243136e-02
3.336559753e+02,2.291298471e-02
3.338697815e+02,-3.268518671e-02
3.340835876e+02,6.603742018e-03
3.342974243e+02,1.967781689e-03
3.345112915e+02,7.607644051e-02
3.347251282e+02,-3.345229104e-02
3.349389954e+02,2.094520256e-02
3.351528931e+02,6.603742018e-03
3.353667908e+02,-1.517526619e-02
3.355806885e+02,-1.687623002e-02
3.357946167e+02,1.184004266e-02
3.360085449e+02,-1.297401823e-02
3.362224731e+02,3.001700970e-04
3.364364319e+02,-1.170663349e-02
3.366503906e+02,5.856652185e-02
3.368643799e+02,2.681519464e-02
3.370783691e+02,3.025047481e-02
3.372923889e+02,-2.237934805e-02
3.375063782e+02,5.169596057e-03
3.377204285e+02,-1.260714419e-02
3.379344482e+02,2.601474058e-03
3.381484985e+02,-1.650935598e-02
3.383625793e+02,-2.157889493e-02
3.385766296e+02,2.001133980e-03
3.387907410e+02,-2.858286351e-02
3.390048218e+02,-1.127305441e-02
3.392189331e+02,-1.207350846e-02
3.394330444e+02,2.197912149e-02
3.396471863e+02,1.173998602e-02
3.398613281e+02,-2.177900821e-02
3.400755005e+02,-1.494180039e-02
3.402896729e+02,1.234032586e-02
3.405038452e+02,3.355234489e-02
3.407180481e+02,-1.234032586e-02
3.409322510e+02,-3.138444945e-02
3.411464539e+02,2.027815767e-02
3.413606873e+02,1.224026922e-02
3.415749207e+02,-9.071807377e-03
3.417891846e+02,-2.588133328e-02
3.420034485e+02,3.542007133e-02
3.422177124e+02,-2.107861079e-02
3.424320068e+02,2.061167918e-02
3.426463318e+02,-1.254043914e-02
3.428606262e+02,-2.004469186e-02
3.430749512e+02,1.073941868e-02
3.432892761e+02,-1.977787353e-02
3.435036316e+02,3.628722951e-02
3.437179871e+02,-2.127872407e-02
3.439323730e+02,-4.312443733e-02
3.441467590e+02,-3.401927650e-03
3.443611450e+02,-2.751559205e-02
3.445755615e+02,-1.847713627e-02
3.447899780e+02,-2.558116242e-02
3.450044250e+02,-8.804989047e-03
3.452188721e+02,-6.637094542e-03
3.454333191e+02,-2.934996504e-03
3.456477661e+02,-3.001700900e-02
3.458622742e+02,-1.774338819e-02
3.460767517e+02,2.744888701e-02
3.462912598e+02,-7.404195610e-03
3.465057678e+02,-3.308541328e-02
3.467203064e+02,2.668178640e-03
3.469348450e+02,1.267384854e-03
3.471493835e+02,3.802154446e-03
3.473639526e+02,-4.736016970e-03
3.475785217e+02,2.251275815e-02
3.477931213e+02,-4.902778193e-03
3.480077209e+02,2.087849751e-02
3.482223206e+02,6.970616523e-03
3.484369507e+02,-2.714871801e-02
3.486515808e+02,-2.034486271e-03
3.488662109e+02,-4.902778193e-03
3.490808716e+02,2.698195726e-02
3.492955627e+02,-2.434713021e-02
3.495102234e+02,1.060601044e-02
3.497249146e+02,-1.667611673e-02
3.499396362e+02,-2.568122000e-03
3.501543579e+02,-7.637661416e-03
3.503690796e+02,-8.438115008e-03
3.505838318e+02,-8.838341571e-03
3.507985840e+02,1.674282178e-02
3.510133362e+02,-1.560884528e-02
3.512281189e+02,3.702097759e-02
3.514429016e+02,1.227362175e-02
3.516577148e+02,-3.525330871e-02
3.518725281e+02,5.906680599e-02
3.520873413e+02,2.277957462e-02
3.523021851e+02,-1.921088621e-02
3.525170288e+02,3.622052446e-02
3.527318726e+02,-8.938398212e-03
3.529467468e+02,-6.703798659e-03
3.531616516e+02,3.328552842e-02
3.533765259e+02,4.035620019e-03
3.535914307e+02,-1.003902219e-02
3.538063660e+02,-1.364106312e-02
3.540213013e+02,1.847713627e-02
3.542362366e+02,1.200680388e-03
3.544512024e+02,-7.337491028e-03
3.546661682e+02,3.722109273e-02
3.548811340e+02,1.093953196e-02
3.550961304e+02,-2.411366440e-02
3.553111267e+02,-3.952239454e-02
3.555261536e+02,2.848280780e-02
3.557411804e+02,-1.634259336e-02
3.559562073e+02,4.555914924e-02
3.561712646e+02,-2.654837817e-02
3.563863220e+02,3.742120415e-02
3.566013794e+02,1.510856114e-02
3.568164673e+02,-3.228496015e-02
3.570315857e+02,2.668178640e-03
3.572466736e+02,5.036187358e-03
3.574617920e+02,2.894973755e-02
3.576769409e+02,-1.514191367e-02
3.578920898e+02,2.801587572e-03
3.581072388e+02,-1.204015594e-02
3.583223877e+02,3.735449910e-02
3.585375671e+02,6.533702463e-02
3.587527771e+02,-1.324083656e-02
3.589679871e+02,-1.957776025e-02
3.591831970e+02,-3.535336582e-03
3.593984070e+02,-2.394690365e-02
3.596136475e+02,4.402494524e-03
3.598289185e+02,-6.370276678e-03
3.600441589e+02,1.187339518e-02
3.602594299e+02,3.401927650e-03
3.604747314e+02,2.998365648e-02
3.606900330e+02,9.805556387e-03
3.609053345e+02,4.629290104e-02
3.611206665e+02,-2.174565569e-02
3.613359985e+02,-9.938965552e-03
3.615513306e+02,-1.604242437e-02
3.617666931e+02,4.068972543e-03
3.619820557e+02,-4.048961028e-02
3.621974487e+02,1.377447229e-02
3.624128418e+02,2.157889493e-02
3.626282349e+02,8.738284931e-03
3.628436584e+02,2.434713067e-03
3.630590820e+02,-3.205149621e-02
3.632745056e+02,4.759363458e-02
3.634899597e+02,3.968915902e-03
3.637054443e+02,9.538738988e-03
3.639208984e+02,-9.105159901e-03
3.641363831e+02,1.127305441e-02
3.643518982e+02,-2.781576291e-02
3.645674133e+02,-2.474735677e-02
3.647829285e+02,3.742120415e-02
3.649984436e+02,7.684354484e-02
3.652139893e+02,1.807690971e-02
3.654295654e+02,9.672147571e-04
3.656451111e+02,-3.141780198e-02
3.658607178e+02,2.001133980e-03
3.660762939e+02,-6.970616523e-03
3.662919006e+02,1.110629365e-02
3.665075073e+02,3.692092001e-02
3.667231445e+02,5.119567737e-02
3.669387817e+02,-3.435279941e-03
3.671544495e+02,-3.692092001e-02
3.673700867e+02,-2.067838423e-02
3.675857849e+02,-7.337491261e-04
3.678014526e+02,4.329119995e-02
3.680171509e+02,1.247373503e-02
3.682328796e+02,-1.984457858e-02
3.684485779e+02,3.288530186e-02
3.686643066e+02,-8.204649203e-03
3.688800659e+02,4.936130252e-03
3.690958252e+02,-1.847713627e-02
3.693115845e+02,2.884968184e-02
3.695273743e+02,6.316912919e-02
3.697431641e+02,2.624820732e-02
3.699589539e+02,-2.161224745e-02
3.701747742e+02,2.164559998e-02
3.703906250e+02,-1.587566361e-02
3.706064453e+02,1.274055336e-02
3.708222961e+02,-9.371977299e-03
3.710381775e+02,8.404762484e-03
3.712540283e+02,1.320414841e-01
3.714699097e+02,-9.338624775e-03
3.716858215e+02,-2.167895064e-02
3.719017334e+02,8.748290688e-02
3.721176453e+02,1.781009324e-02
3.723335876e+02,-2.167895203e-03
3.725495300e+02,-2.001133934e-02
3.727654724e+02,-2.568122000e-02
3.729814453e+02,1.914418116e-02
3.731974182e+02,-1.204015594e-02
3.734134216e+02,-3.201814368e-03
3.736294250e+02,5.403061863e-03
3.738454285e+02,5.643197894e-02
3.740614624e+02,-1.927759126e-02
3.742774963e+02,9.105159901e-03
3.744935608e+02,1.073941868e-02
3.747096252e+02,-1.607577689e-02
3.749256897e+02,-3.471967578e-02
3.751417847e+02,-3.121769056e-02
3.753578796e+02,7.504252251e-03
3.755739746e+02,3.275189176e-02
3.757901001e+02,-1.877730712e-02
3.760062256e+02,-1.173998602e-02
3.762223816e+02,1.160657685e-02
3.764385376e+02,5.933362246e-02
3.766546936e+02,-2.928326093e-02
3.768708801e+02,4.359136894e-02
3.770870667e+02,-2.094520256e-02
3.773032837e+02,-8.304705843e-03
3.775194702e+02,-7.537604775e-03
3.777357178e+02,-1.587566361e-02
3.779519348e+02,2.948337421e-02
3.781681824e+02,3.705433011e-02
3.783844604e+02,-1.617583260e-02
3.786007385e+02,-2.461394854e-02
3.788170166e+02,-1.871060207e-02
3.790332947e+02,8.564853668e-02
3.792496033e+02,-2.741553634e-02
3.794659424e+02,4.422505945e-02
3.796822510e+02,-1.370776817e-02
3.798986206e+02,1.240703091e-02
3.801149597e+02,-4.235733673e-02
3.803313293e+02,-3.038388491e-02
3.805476990e+02,6.003401941e-04
3.807640991e+02,-1.777674071e-02
3.809804993e+02,-1.057265792e-02
3.811968994e+02,-3.025047481e-02
3.814133301e+02,-1.350765396e-02
3.816297607e+02,-1.600907184e-03
3.818462219e+02,3.401927650e-03
3.820626831e+02,8.438115008e-03
3.822791443e+02,1.534202718e-03
3.824956360e+02,-6.036754232e-03
3.827121277e+02,-2.561451495e-02
3.829286194e+02,-8.971750736e-03
3.831451416e+02,6.700463593e-02
3.833616638e+02,7.200746983e-02
3.835782166e+02,-2.488076501e-02
3.837947693e+02,-2.441383526e-02
3.840113220e+02,1.997798681e-02
3.842279053e+02,1.137311105e-02
3.844444885e+02,-1.087282784e-02
3.846610718e+02,-3.795484081e-02
3.848776855e+02,4.709335417e-02
3.850943298e+02,-3.668745630e-04
3.853109436e+02,1.567555033e-02
3.855275879e+02,2.681519464e-02
3.857442627e+02,-1.654270664e-02
3.859609070e+02,4.255744815e-02
3.861776123e+02,-1.864389889e-02
3.863942871e+02,-9.438682348e-03
3.866109924e+02,2.758229710e-02
3.868276978e+02,-2.114531584e-02
3.870444336e+02,-7.771070115e-03
3.872611694e+02,-3.935563378e-03
3.874779358e+02,-8.104592562e-03
3.876947021e+02,2.251275815e-02
3.879114685e+02,-2.704866044e-02
3.881282349e+02,-1.160657685e-02
3.883450317e+02,-1.404128969e-02
3.885618591e+02,1.050595380e-02
3.887786560e+02,-4.706000164e-02
3.889955139e+02,-2.478070930e-02
3.892123413e+02,3.158456460e-02
3.894291992e+02,1.180669013e-02
3.896460571e+02,2.834939770e-02
3.898629456e+02,-1.167328097e-03
3.900798340e+02,-1.994463615e-02
3.902967224e+02,-8.238001727e-03
3.905136414e+02,1.510856114e-02
3.907305603e+02,-2.054497600e-02
3.909475098e+02,1.610912941e-02
3.911644592e+02,8.304705843e-03
3.913814087e+02,6.413634121e-02
3.915983887e+02,-3.085081466e-02
3.918153687e+02,1.377447229e-02
3.920323486e+02,-7.837775163e-03
3.922493591e+02,2.004469186e-02
3.924663696e+02,5.936697591e-03
3.926834106e+02,6.236867607e-02
3.929004517e+02,1.334089320e-03
3.931174927e+02,-3.418603912e-02
3.933345642e+02,6.690458208e-02
3.935516357e+02,8.941733837e-02
3.937687073e+02,-1.360771060e-02
3.939858093e+02,6.263549626e-02
3.942029114e+02,-3.952239454e-02
3.944200439e+02,1.607577689e-02
3.946371765e+02,3.201814368e-02
3.948543091e+02,2.051162347e-02
3.950714722e+02,1.607577689e-02
3.952886353e+02,4.269085824e-03
3.955058289e+02,-7.104025688e-03
3.957230225e+02,7.570956834e-03
3.959402161e+02,-3.278524429e-02
3.961574402e+02,6.440316141e-02
3.963746643e+02,-1.720975153e-02
3.965918884e+02,-1.537537947e-02
3.968091431e+02,-3.338558599e-02
3.970263977e+02,5.656538531e-02
3.972436829e+02,-1.670946926e-02
3.974609375e+02,-1.931094378e-02
3.976782532e+02,-3.281859681e-02
3.978955383e+02,-1.600907184e-03
3.981128845e+02,4.672648013e-02
3.983302002e+02,-1.640929841e-02
3.985475464e+02,5.836640950e-03
3.987648926e+02,4.249074310e-02
3.989822693e+02,2.341326699e-02
3.991996155e+02,1.250708755e-02
3.994170227e+02,-3.028382733e-02
3.996343994e+02,1.170663349e-02
3.998518372e+02,-1.740986481e-02
4.000692444e+02,-4.375812784e-02
4.002866821e+02,-4.802721366e-02
4.005041199e+02,1.070606709e-02
4.007215881e+02,1.577560604e-02
4.009390564e+02,-2.414701693e-02
4.011565247e+02,3.975586221e-02
4.013740234e+02,-1.861054637e-02
4.015915222e+02,3.001700854e-03
4.018090210e+02,5.149584636e-02
4.020265503e+02,-2.868292108e-02
4.022440796e+02,4.916119203e-02
4.024616394e+02,-2.071173675e-02
4.026791992e+02,-1.847713627e-02
4.028967590e+02,-1.170663349e-02
4.031143494e+02,-1.987793110e-02
4.033319397e+02,-1.200680388e-03
4.035495605e+02,-5.269652698e-03
4.037671814e+02,-3.968915902e-03
4.039848022e+02,7.771070302e-02
4.042024231e+02,-3.141780198e-02
4.044200745e+02,-1.217356510e-02
4.046377563e+02,5.536470562e-03
4.048554382e+02,-1.227362175e-02
4.050731201e+02,1.100623631e-03
4.052908020e+02,-1.100623701e-02
4.055085144e+02,-2.147883736e-02
4.057262268e+02,-1.377447229e-02
4.059439697e+02,-9.038454853e-03
4.061617126e+02,3.421939164e-02
4.063794556e+02,-2.698195726e-02
4.065972290e+02,1.811026223e-02
4.068150024e+02,-2.051162347e-02
4.070328064e+02,-2.481406182e-02
4.072506104e+02,4.165693745e-02
4.074684143e+02,8.191308379e-02
4.076862488e+02,-3.868858889e-02
4.079040833e+02,-1.707634330e-02
4.081219177e+02,-1.824367233e-02
4.083397827e+02,-4.169029184e-03
4.085576477e+02,-1.467498252e-03
4.087755432e+02,-8.137945086e-03
4.089934387e+02,7.977854460e-02
4.092113342e+02,5.069539417e-03
4.094292603e+02,1.234032586e-02
4.096471863e+02,-1.677617244e-02
4.098651123e+02,1.123970281e-02
4.100830688e+02,1.560884528e-02
4.103010254e+02,-6.103458814e-03
4.105189819e+02,-3.481972963e-02
4.107369690e+02,-1.887736470e-02
4.109549866e+02,4.472534359e-02
4.111729736e+02,3.335223300e-03
4.113909912e+02,-4.335790407e-03
4.116090393e+02,-9.738852270e-03
4.118270874e+02,2.137878165e-02
4.120451355e+02,-3.448620811e-02
4.122631836e+02,1.644265093e-02
4.124812622e+02,8.371410891e-03
4.126993713e+02,-1.734316116e-03
4.129174500e+02,4.869426135e-03
4.131355591e+02,-2.961678244e-02
4.133536987e+02,-2.834939864e-03
4.135718079e+02,3.305206448e-02
4.137899780e+02,-7.637661416e-03
4.140081177e+02,-1.947770454e-02
4.142262878e+02,1.637594588e-02
4.144444580e+02,-2.761564963e-02
4.146626587e+02,4.602608271e-03
4.148808594e+02,-2.087849751e-02
4.150990906e+02,2.141213417e-02
4.153172913e+02,1.884401217e-02
4.155355225e+02,7.037321106e-03
4.157537842e+02,1.247373503e-02
4.159720459e+02,7.437548134e-03
4.161903076e+02,-1.244038250e-02
4.164085999e+02,-6.837207824e-03
4.166268921e+02,-2.851615846e-02
4.168451843e+02,5.646533147e-02
4.170635071e+02,-1.947770454e-02
4.172818298e+02,-8.571524173e-03
4.175001831e+02,2.051162347e-02
4.177185364e+02,3.702097805e-03
4.179368896e+02,1.987793110e-02
4.181552734e+02,-4.005603120e-02
4.183736572e+02,9.005102911e-04
4.185920410e+02,9.138511494e-03
4.188104553e+02,1.881065965e-02
4.190288696e+02,3.248507529e-02
4.192473145e+02,-3.265183419e-02
4.194657288e+02,-1.500850427e-03
4.196842041e+02,-2.531434409e-02
4.199026489e+02,4.752693325e-02
4.201211243e+02,-2.794917114e-02
4.203396301e+02,1.637594588e-02
4.205581360e+02,1.180669013e-02
4.207766418e+02,-4.379148036e-02
4.209951477e+02,-2.341326699e-02
4.212136841e+02,-2.137878165e-02
4.214322205e+02,9.672147571e-04
4.216507874e+02,2.918320335e-02
4.218693542e+02,-1.634259336e-02
4.220879211e+02,1.081946418e-01
4.223065186e+02,-3.335223300e-03
4.225251160e+02,1.987793110e-02
4.227437439e+02,-1.110629365e-02
4.229623718e+02,2.801587619e-02
4.231809998e+02,-1.367441495e-03
4.233996277e+02,3.361904994e-02
4.236182861e+02,-2.137878165e-02
4.238369751e+02,5.536470562e-02
4.240556641e+02,2.794917114e-02
4.242743530e+02,2.371343784e-02
4.244930420e+02,-2.147883736e-02
4.247117615e+02,8.107928187e-02
4.249304810e+02,7.971183397e-03
4.251492310e+02,-8.471467532e-03
4.253679810e+02,-1.887736470e-02
4.255867310e+02,1.087282784e-02
4.258055115e+02,2.364673279e-02
4.260242920e+02,7.147383690e-02
4.262430725e+02,-1.247373503e-02
4.264618835e+02,-2.404695936e-02
4.266806946e+02,-3.135109786e-03
4.268995361e+02,-3.515325487e-02
4.271183777e+02,-2.408031188e-02
4.273372192e+02,3.902211320e-03
4.275560913e+02,1.267384854e-03
4.277749634e+02,4.355801642e-02
4.279938354e+02,-3.181802854e-02
4.282127380e+02,4.092318937e-02
4.284316406e+02,5.556482077e-02
4.286505737e+02,2.524764091e-02
4.288695068e+02,-4.335790128e-02
4.290884399e+02,7.837775163e-03
4.293074036e+02,3.428609669e-02
4.295263672e+02,9.868925810e-02
4.297453308e+02,3.935563564e-02
4.299643250e+02,-7.304138970e-03
4.301833191e+02,1.073608398e-01
4.304023438e+02,-2.297968790e-02
4.306213379e+02,-3.962245211e-02
4.308403931e+02,1.944435202e-02
4.310594177e+02,-2.428042516e-02
4.312784729e+02,3.408598155e-02
4.314975586e+02,-3.191808611e-02
4.317166138e+02,1.043924876e-02
4.319357300e+02,-1.774338819e-02
4.321548157e+02,-2.934996504e-03
4.323739319e+02,-2.914985083e-02
4.325930481e+02,-1.040589623e-02
4.328121948e+02,2.534769708e-03
4.330313416e+02,-1.821031980e-02
4.332504883e+02,5.469765980e-03
4.334696655e+02,1.567554893e-03
4.336888428e+02,-1.254043914e-02
4.339080200e+02,-2.301304042e-02
4.341272278e+02,-2.908314764e-02
4.343464355e+02,1.420805138e-02
4.345656738e+02,7.827769220e-02
4.347849121e+02,-3.228496015e-02
4.350041504e+02,-4.312443733e-02
4.352234192e+02,1.334089320e-02
4.354426880e+02,1.204015613e-01
4.356619568e+02,-3.275189176e-02
4.358812561e+02,-2.938331664e-02
4.361005554e+02,-8.538171649e-03
4.363198853e+02,-7.771070115e-03
4.365392151e+02,-1.804355718e-02
4.367585449e+02,-3.171797469e-02
4.369778748e+02,-7.937831804e-03
4.371972351e+02,2.321315371e-02
4.374166260e+02,6.560384482e-02
4.376360168e+02,-2.021145262e-02
4.378554077e+02,1.353767067e-01
4.380747986e+02,1.544208359e-02
4.382942200e+02,-1.404128969e-02
4.385136414e+02,-2.311309800e-02
4.387330933e+02,6.950605661e-02
4.389525452e+02,3.158456460e-02
4.391719971e+02,-2.901644213e-03
4.393914795e+02,-1.290731411e-02
4.396109619e+02,4.125671089e-02
4.398304443e+02,9.171864018e-03
4.400499573e+02,-4.242404178e-02
4.402694702e+02,-4.072307795e-02
4.404890137e+02,3.668745630e-04
4.407085571e+02,-2.224593982e-02
4.409281006e+02,2.257946134e-02
4.411476746e+02,5.669879611e-04
4.413672485e+02,2.257946134e-02
4.415868225e+02,2.851615846e-02
4.418064270e+02,-2.384684607e-02
4.420260315e+02,1.687623002e-02
4.422456360e+02,-5.736583844e-03
4.424652710e+02,7.590968162e-02
4.426849060e+02,-4.349131137e-02
4.429045715e+02,-2.911650017e-02
4.431242371e+02,-2.744888701e-02
4.433439026e+02,-9.238568135e-03
4.435635986e+02,-2.307974547e-02
4.437832947e+02,-1.067271456e-02
4.440029907e+02,-1.467498252e-03
4.442227173e+02,-1.270720083e-02
4.444424438e+02,-1.100623631e-03
4.446622009e+02,-2.081179246e-02
4.448819580e+02,1.083947532e-02
4.451017151e+02,-1.197345182e-02
4.453215027e+02,-6.036754232e-03
4.455412903e+02,-6.436980795e-03
4.457610779e+02,-9.472033940e-03
4.459808960e+02,-7.304138970e-03
4.462007141e+02,-4.502551630e-03
4.464205322e+02,1.627589017e-02
4.466403809e+02,1.130640693e-02
4.468602600e+02,1.794350147e-02
4.470801086e+02,-2.084514499e-02
4.472999878e+02,-3.308541328e-02
4.475198669e+02,1.067271456e-03
4.477397766e+02,-2.274622209e-02
4.479596863e+02,-2.207917906e-02
4.481796265e+02,3.501984477e-02
4.483995361e+02,4.736016970e-03
4.486194763e+02,4.209051654e-02
4.488394470e+02,-3.578694537e-02
4.490594177e+02,-3.418603912e-02
4.492793884e+02,2.811593190e-02
4.494993896e+02,-1.280725747e-02
4.497193909e+02,-1.834372804e-02
4.499393921e+02,-6.170162931e-03
4.501594238e+02,1.667611650e-03
4.503794556e+02,4.579261690e-02
4.505994873e+02,4.695994407e-02
4.508195496e+02,7.337491214e-02
4.510396118e+02,-6.303572096e-03
4.512597046e+02,-1.147316769e-02
4.514797974e+02,5.836640950e-03
4.516998901e+02,-5.002834951e-04
4.519200134e+02,-1.100623701e-02
4.521401367e+02,4.766033962e-02
4.523602600e+02,-2.187906392e-02
4.525804138e+02,-7.937831804e-03
4.528005676e+02,8.938398212e-03
4.530207520e+02,-1.791014895e-02
4.532409058e+02,-4.399159551e-02
4.534611206e+02,7.404195610e-03
4.536813049e+02,4.062302038e-02
4.539015198e+02,-4.869426135e-03
4.541217346e+02,-6.570389960e-03
4.543419800e+02,-3.768802388e-03
4.545622253e+02,-2.091185004e-02
4.547825012e+02,-3.768802388e-03
4.550027466e+02,-1.891071536e-02
4.552230225e+02,1.550878864e-02
4.554433289e+02,-1.967781782e-02
4.556636353e+02,-1.517526619e-02
4.558839417e+02,-1.130640693e-02
4.561042786e+02,-2.948337421e-02
4.563246155e+02,4.365807399e-02
4.565449524e+02,-7.104025688e-03
4.567653198e+02,-1.217356510e-02
4.569856873e+02,-2.448053844e-02
4.572060547e+02,1.360771060e-02
4.574264526e+02,-2.034486271e-02
4.576468506e+02,-1.607577689e-02
4.578672791e+02,3.952239454e-02
4.580877075e+02,-2.264616638e-02
4.583081360e+02,-1.434145961e-03
4.585285645e+02,-5.669879611e-04
4.587490234e+02,-1.951105706e-02
4.589695129e+02,1.724310406e-02
4.591900024e+02,-5.669879727e-03
4.594104919e+02,1.020578295e-02
4.596309814e+02,-3.105092794e-02
4.598515015e+02,5.249641463e-02
4.600720215e+02,-8.238001727e-03
4.602925720e+02,2.054497600e-02
4.605130920e+02,-8.338058367e-03
4.607336731e+02,6.186839193e-02
4.609542236e+02,-2.094520256e-02
4.611748047e+02,-3.835506737e-02
4.613954163e+02,-3.435279941e-03
4.616159973e+02,1.767668314e-02
4.618366394e+02,-2.558116242e-02
4.620572510e+02,1.781009324e-02
4.622778931e+02,2.744888701e-02
4.624985352e+02,3.091751970e-02
4.627192078e+02,6.270219572e-03
4.629398499e+02,2.064503171e-02
4.631605530e+02,2.067838330e-03
4.633812256e+02,1.684287749e-02
4.636019287e+02,-3.415268660e-02
4.638226624e+02,-1.487509627e-02
4.640433655e+02,-1.750992239e-02
4.642641296e+02,4.685988650e-02
4.644848633e+02,-2.054497600e-02
4.647056274e+02,-4.402494803e-02
4.649263916e+02,-6.703798659e-03
4.651471863e+02,-9.305273183e-03
4.653679504e+02,-2.884968184e-02
4.655887756e+02,-2.758229710e-02
4.658095703e+02,1.934429514e-03
4.660303955e+02,6.803855300e-03
4.662512512e+02,-3.802154446e-03
4.664720764e+02,2.304639295e-02
4.666929626e+02,-1.610912941e-02
4.669138184e+02,5.099556595e-02
4.671347046e+02,-1.767668314e-02
4.673555908e+02,-2.451389097e-02
4.675765076e+02,6.136810780e-02
4.677973938e+02,7.937831804e-03
4.680183411e+02,1.801020582e-03
4.682392578e+02,-2.204582654e-02
4.684602051e+02,-1.360771060e-02
4.686811829e+02,2.634826349e-03
4.689021301e+02,-3.645399213e-02
4.691231384e+02,1.881065965e-02
4.693441162e+02,-2.561451495e-02
4.695651245e+02,9.438682348e-03
4.697861328e+02,1.437481213e-02
4.700071411e+02,-3.278524429e-02
4.702281799e+02,2.194576897e-02
4.704492493e+02,6.070106290e-03
4.706702881e+02,-5.669879611e-04
4.708913574e+02,-1.714304835e-02
4.711124573e+02,-9.638795629e-03
4.713335266e+02,2.097855508e-02
4.715546265e+02,-2.368008485e-03
4.717757568e+02,4.916119203e-02
4.719968872e+02,6.603742018e-03
4.722180176e+02,3.885535151e-02
4.724391479e+02,3.628722951e-02
4.726603088e+02,-8.804989047e-03
4.728814697e+02,2.901644213e-03
4.731026611e+02,-1.580895856e-02
4.733238525e+02,-4.409165308e-02
4.735450439e+02,-1.774338819e-02
4.737662659e+02,-1.380782481e-02
4.739874878e+02,-2.057832852e-02
4.742087097e+02,-1.851048879e-02
4.744299622e+02,-4.335790128e-02
4.746512146e+02,-2.007804438e-02
4.748724976e+02,1.744321734e-02
4.750937805e+02,-3.822165728e-02
4.753150635e+02,-1.604242437e-02
4.755363464e+02,-2.334656310e-04
4.757576599e+02,1.040589623e-02
4.759790039e+02,-1.000566967e-02
4.762003174e+02,-2.097855508e-02
4.764216614e+02,-1.634259336e-02
4.766430359e+02,-1.023913547e-02
4.768643799e+02,5.036187358e-03
4.770857544e+02,-7.270786911e-03
4.773071594e+02,3.838841990e-02
4.775285645e+02,1.600907184e-03
4.777499695e+02,-4.169029184e-03
4.779714050e+02,3.478637710e-02
4.781928101e+02,-1.277390495e-02
4.784142761e+02,-1.227362175e-02
4.786357117e+02,-9.005102911e-04
4.788571777e+02,-1.257379167e-02
4.790786743e+02,1.851382405e-01
4.793001404e+02,1.824367233e-02
4.795216370e+02,-2.111196332e-02
4.797431641e+02,3.335223300e-03
4.799646912e+02,-8.771637455e-03
4.801862183e+02,-2.368008532e-02
4.804077454e+02,-2.137878165e-02
4.806293030e+02,-2.721542120e-02
4.808508606e+02,-1.427475549e-02
4.810724487e+02,-8.738284931e-03
4.812940369e+02,-2.458059601e-02
4.815156250e+02,8.738284931e-03
4.817372437e+02,-5.536470562e-03
4.819588623e+02,-2.251275815e-02
4.821804810e+02,-1.033919165e-03
4.824021301e+02,-3.758796677e-02
4.826237793e+02,1.110629365e-02
4.828454590e+02,1.981122606e-02
4.830671082e+02,1.053930540e-02
4.832888184e+02,-2.945002168e-02
4.835104980e+02,-3.268518718e-03
4.837322083e+02,6.507020444e-02
4.839539185e+02,-2.144548669e-02
4.841756592e+02,3.705433011e-02
4.843973999e+02,5.669879727e-03
4.846191406e+02,2.818263695e-02
4.848409119e+02,-1.190674677e-02
4.850626831e+02,-1.320748404e-02
4.852844543e+02,-9.638795629e-03
4.855062561e+02,4.058966786e-02
4.857280579e+02,-2.888303436e-02
4.859498901e+02,1.901077293e-02
4.861717224e+02,3.235166660e-03
4.863935547e+02,-1.574225351e-02
4.866154175e+02,-1.340759732e-02
4.868372498e+02,-3.285194933e-02
4.870591431e+02,-5.669879727e-03
4.872810059e+02,-8.804989047e-03
4.875028992e+02,3.688757122e-02
4.877248230e+02,-2.574792318e-02
4.879467163e+02,4.822732881e-02
4.881686707e+02,4.409165308e-02
4.883905945e+02,-4.042290524e-02
4.886125488e+02,-3.872194141e-02
4.888345032e+02,1.500850450e-02
4.890564575e+02,5.509788916e-02
4.892784424e+02,6.603742018e-03
4.895004578e+02,-7.604308892e-03
4.897224426e+02,-1.971117035e-02
4.899444580e+02,-1.444151718e-02
4.901664734e+02,3.595370799e-02
4.903885193e+02,-1.173998602e-02
4.906105652e+02,-1.857719384e-02
4.908326111e+02,3.728779778e-02
4.910546875e+02,3.785478324e-02
4.912767639e+02,-2.498082258e-02
4.914988708e+02,2.091185004e-02
4.917209778e+02,5.623186380e-02
4.919430847e+02,-2.001133934e-02
4.921651917e+02,-2.584798075e-02
4.923873291e+02,-1.103958953e-02
4.926094666e+02,1.307407487e-02
4.928316345e+02,-1.994463615e-02
4.930538025e+02,-2.868292108e-02
4.932759705e+02,-1.710969582e-02
4.934981689e+02,-5.169596057e-03
4.937203674e+02,-3.395257145e-02
4.939425659e+02,1.614248008e-02
4.941647949e+02,-2.234599553e-02
4.943870239e+02,-1.047260128e-02
4.946092834e+02,-2.544775419e-02
4.948315125e+02,-1.487509627e-02
4.950538025e+02,-4.702664912e-03
4.952760620e+02,-3.201814368e-03
4.954983521e+02,-4.098989442e-02
4.957206421e+02,7.404195610e-03
4.959429626e+02,-1.754327491e-02
4.961652832e+02,4.802721366e-02
4.963876038e+02,-1.190674677e-02
4.966099548e+02,1.280725747e-02
4.968323059e+02,-2.267951891e-02
4.970546570e+02,2.734882990e-03
4.972770386e+02,-8.071240038e-03
4.974994202e+02,5.903345067e-03
4.977218018e+02,1.901077293e-02
4.979442139e+02,-9.938965552e-03
4.981666260e+02,-2.401360683e-02
4.983890686e+02,-6.336924154e-03
4.986115112e+02,2.241270058e-02
4.988339539e+02,-1.821031980e-02
4.990564270e+02,-6.003401941e-04
4.992788696e+02,1.567554893e-03
4.995013733e+02,2.728212625e-02
4.997238464e+02,-9.005103260e-03
4.999463501e+02,-3.018377163e-02
5.001688843e+02,-1.760997809e-02
5.003914185e+02,5.473101512e-02
5.006139526e+02,-1.470833458e-02
5.008364868e+02,4.159023613e-02
5.010590515e+02,-5.503118504e-03
5.012816162e+02,-1.047260128e-02
5.015041809e+02,-2.648167312e-02
5.017267761e+02,-2.097855508e-02
5.019493713e+02,1.504185703e-02
5.021719971e+02,2.581462823e-02
5.023946228e+02,-1.177333854e-02
5.026172485e+02,-1.944435202e-02
5.028399048e+02,-2.911650017e-02
5.030625610e+02,-1.600907184e-03
5.032852173e+02,1.520861778e-02
5.035079041e+02,2.634826349e-03
5.037305908e+02,-2.401360683e-02
5.039532776e+02,4.082313180e-02
5.041759949e+02,4.695994407e-02
5.043987122e+02,2.474735677e-02
5.046214600e+02,-2.568122000e-03
5.048441772e+02,2.451389097e-02
5.050669556e+02,-6.136810873e-03
5.052897034e+02,-2.468065126e-03
5.055124817e+02,4.105659947e-02
5.057352600e+02,3.435279941e-03
5.059580688e+02,-1.821031980e-02
5.061808777e+02,-2.488076501e-02
5.064036865e+02,-1.314077992e-02
5.066265259e+02,4.782710224e-02
5.068493652e+02,-6.003401941e-04
5.070722046e+02,-3.585365042e-02
5.072950745e+02,-3.595370799e-02
5.075179443e+02,4.319114238e-02
5.077408142e+02,4.799386486e-02
5.079637146e+02,1.560884528e-02
5.081866150e+02,-1.117299777e-02
5.084095459e+02,-7.470900193e-03
5.086324768e+02,-1.063936204e-02
5.088554077e+02,-2.734882990e-03
5.090783386e+02,-9.605443105e-03
5.093013000e+02,-7.704365999e-03
5.095242920e+02,-1.764333062e-02
5.097472534e+02,-1.620918512e-02
5.099702454e+02,2.668178640e-04
5.101932373e+02,1.194009930e-02
5.104162598e+02,-1.881065965e-02
5.106392822e+02,-3.441950306e-02
5.108623352e+02,1.734316116e-03
5.110853577e+02,-9.371977299e-03
5.113084106e+02,-2.254610881e-02
5.115314941e+02,4.339125380e-02
5.117545776e+02,-3.331888095e-02
5.119776611e+02,-1.157322526e-02
5.122007446e+02,-1.083947532e-02
5.124238892e+02,-4.165693745e-02
5.126469727e+02,-1.167328190e-02
5.128701172e+02,-8.137945086e-03
5.130932617e+02,-1.457492542e-02
5.133164062e+02,-1.827702299e-02
5.135395508e+02,-1.824367233e-02
5.137627563e+02,-6.303572096e-03
5.139859619e+02,2.481406182e-02
5.142091064e+02,-2.127872407e-02
5.144323120e+02,6.070106290e-03
5.146555786e+02,-2.111196332e-02
5.148787842e+02,6.933929026e-02
5.151019897e+02,2.618150227e-02
5.153252563e+02,-1.324083656e-02
5.155485229e+02,1.097288448e-02
5.157717896e+02,2.144548669e-02
5.159950562e+02,-1.087282784e-02
5.162183838e+02,-1.554214023e-02
5.164416504e+02,-1.100623631e-03
5.166649780e+02,-2.828269266e-02
5.168883057e+02,-3.321882337e-02
5.171116333e+02,2.504752763e-02
5.173350220e+02,2.334656310e-04
5.175583496e+02,1.280725747e-02
5.177817383e+02,1.167328190e-02
5.180051270e+02,-1.877730712e-02
5.182285156e+02,1.757662743e-02
5.184519043e+02,-3.485308215e-02
5.186752930e+02,-5.202948116e-03
5.188987427e+02,-1.704299077e-02
5.191221313e+02,5.736583844e-03
5.193455811e+02,-3.145115450e-02
5.195690308e+02,-4.032285139e-02
5.197925415e+02,1.767668314e-02
5.200159912e+02,-1.540873200e-02
5.202395020e+02,-4.375812784e-02
5.204629517e+02,-3.425274417e-02
5.206864624e+02,2.294633538e-02
5.209099731e+02,-5.836640950e-03
5.211335449e+02,-2.314645052e-02
5.213570557e+02,1.150652021e-02
5.215806274e+02,-1.580895856e-02
5.218041992e+02,-1.634259359e-03
5.220277710e+02,-2.921655588e-02
5.222513428e+02,-1.040589623e-02
5.224749146e+02,-1.574225351e-02
5.226985474e+02,-1.083947532e-02
5.229221191e+02,-2.945002168e-02
5.231457520e+02,-2.434713021e-02
5.233693848e+02,1.150652021e-02
5.235930176e+02,-2.488076501e-02
5.238167114e+02,-1.537537947e-02
5.240403442e+02,3.201814368e-03
5.242640381e+02,-2.167895203e-03
5.244877319e+02,4.275756329e-02
5.247114258e+02,-1.654270664e-02
5.249351196e+02,3.902211413e-02
5.251588745e+02,-2.611479908e-02
5.253826294e+02,5.036187358e-03
5.256063232e+02,-1.234032563e-03
5.258300781e+02,-1.137311105e-02
5.260538330e+02,3.395257145e-02
5.262776489e+02,2.558116242e-02
5.265014038e+02,-7.003969047e-03
5.267252197e+02,-5.002834834e-03
5.269490356e+02,3.355234489e-02
5.271728516e+02,-2.574792318e-02
5.273966675e+02,-3.235166520e-02
5.276204834e+02,8.171296865e-02
5.278443604e+02,-6.603742018e-03
5.280682373e+02,5.769936368e-03
5.282921143e+02,5.533135310e-02
5.285159912e+02,-2.788246609e-02
5.287398682e+02,2.965013497e-02
5.289637451e+02,-1.487509627e-02
5.291876831e+02,-4.159023613e-02
5.294116211e+02,-2.234599553e-03
5.296355591e+02,7.170730270e-03
5.298594971e+02,-2.594803646e-02
5.300834351e+02,-1.150652021e-02
5.303074341e+02,-4.972817749e-02
5.305313721e+02,-1.377447229e-02
5.307553711e+02,-1.137311105e-02
5.309793701e+02,6.003401708e-03
5.312033691e+02,-4.058966786e-02
5.314274292e+02,9.732181579e-02
5.316514282e+02,-2.161224745e-02
5.318754883e+02,7.257445902e-02
5.320995483e+02,2.983357310e-01
5.323236084e+02,6.185838580e-01
5.325476685e+02,6.564386487e-01
5.327717285e+02,4.935463369e-01
5.329958496e+02,3.364239633e-01
5.332199707e+02,2.557449341e-01
5.334440308e+02,1.945102215e-01
5.336682129e+02,5.876663327e-02
5.338923340e+02,1.901077293e-02
5.341164551e+02,8.204649389e-02
5.343406372e+02,2.211252972e-02
5.345648193e+02,-2.568122000e-03
5.347890015e+02,2.104525827e-02
5.350131836e+02,8.671580814e-03
5.352373657e+02,-7.671013474e-03
5.354616089e+02,-1.784344390e-02
5.356857910e+02,3.428609669e-02
5.359100342e+02,-1.567555033e-02
5.361342773e+02,-2.434713067e-03
5.363585205e+02,5.022846162e-02
5.365828247e+02,6.570389960e-03
5.368070679e+02,-6.170162931e-03
5.370313721e+02,-1.447486877e-02
5.372556763e+02,-2.691525221e-02
5.374799805e+02,-4.382483289e-02
5.377042847e+02,-1.700963825e-03
5.379285889e+02,2.251275815e-02
5.381529541e+02,-5.303005222e-03
5.383773193e+02,-4.035620019e-02
5.386016846e+02,1.697628573e-02
5.388260498e+02,-2.801587572e-03
5.390504150e+02,8.471467532e-03
5.392747803e+02,2.231264301e-02
5.394992065e+02,-7.771070115e-03
5.397236328e+02,-8.638228290e-03
5.399480591e+02,8.338058367e-03
5.401724854e+02,-2.511423081e-02
5.403969116e+02,-7.370843552e-03
5.406213989e+02,3.355234489e-02
5.408458252e+02,-2.955007926e-02
5.410703125e+02,-2.824934199e-02
5.412947998e+02,2.327985875e-02
5.415192871e+02,-3.001700854e-03
5.417438354e+02,-1.824367233e-02
5.419683228e+02,-1.727645658e-02
5.421928711e+02,5.102891475e-03
5.424174194e+02,1.427475549e-02
5.426419678e+02,-5.970049649e-03
5.428665161e+02,-5.803288426e-03
5.430910645e+02,3.835506737e-03
5.433156738e+02,1.327418908e-02
5.435402832e+02,-3.205149621e-02
5.437648315e+02,-3.201814368e-03
5.439895020e+02,-6.136810873e-03
5.442141113e+02,5.303005222e-03
5.444387207e+02,-2.197912149e-02
5.446633911e+02,1.517526619e-02
5.448880615e+02,7.771070115e-03
5.451127319e+02,-1.460827794e-02
5.453374023e+02,-2.741553634e-02
5.455620728e+02,-1.070606709e-02
5.457867432e+02,6.143481284e-02
5.460114746e+02,-1.167328190e-02
5.462362061e+02,-2.434713021e-02
5.464609375e+02,-9.371977299e-03
5.466856689e+02,-1.204015594e-02
5.469104004e+02,-3.105092794e-02
5.471351929e+02,-1.444151718e-02
5.473599243e+02,-1.921088621e-02
5.475847168e+02,2.334656310e-04
5.478095093e+02,-3.311876580e-02
5.480343018e+02,-4.289097339e-02
5.482591553e+02,4.139012098e-02
5.484839478e+02,-1.801020652e-02
5.487088013e+02,-1.534202695e-02
5.489336548e+02,-1.971117035e-02
5.491585083e+02,-4.142347351e-02
5.493833618e+02,-2.934996504e-03
5.496082764e+02,7.357502729e-02
5.498331299e+02,2.424707264e-02
5.500580444e+02,-3.408598155e-02
5.502829590e+02,1.887736470e-02
5.505078735e+02,1.627589017e-02
5.507327881e+02,3.068405436e-03
5.509577637e+02,-1.620918512e-02
5.511826782e+02,-1.287396159e-02
5.514076538e+02,1.654270664e-02
5.516326294e+02,-7.404195610e-03
5.518576050e+02,-3.938898817e-02
5.520825806e+02,-1.991128363e-02
5.523076172e+02,-1.710969582e-02
5.525325928e+02,-3.088416718e-02
5.527576294e+02,4.469199106e-03
5.529826660e+02,-4.102324601e-03
5.532077026e+02,-1.697628573e-02
5.534328003e+02,-8.338058251e-04
5.536578369e+02,9.005103260e-03
5.538829346e+02,1.700963825e-02
5.541080322e+02,1.901077223e-03
5.543331299e+02,-3.351899236e-02
5.545582275e+02,-1.584231108e-02
5.547833252e+02,1.207350846e-02
5.550084839e+02,3.218490630e-02
5.552335815e+02,-2.955007926e-02
5.554587402e+02,-3.515325487e-02
5.556838989e+02,4.509221762e-02
5.559091187e+02,1.067271456e-03
5.561342773e+02,5.186272040e-02
5.563594971e+02,-3.858853504e-02
5.565846558e+02,1.434145961e-03
5.568098755e+02,2.724877372e-02
5.570350952e+02,1.901077293e-02
5.572603760e+02,-2.528099343e-02
5.574855957e+02,1.500850450e-02
5.577108765e+02,-1.600907184e-02
5.579360962e+02,-3.321882337e-02
5.581613770e+02,-4.852749780e-02
5.583866577e+02,-8.571524173e-03
5.586119995e+02,-5.703231785e-03
5.588372803e+02,-1.740986481e-02
5.590626221e+02,-4.502551630e-02
5.592879028e+02,-6.670446601e-03
5.595132446e+02,-3.285194933e-02
5.597386475e+02,-1.220691763e-02
5.599639893e+02,-8.938398212e-03
5.601893311e+02,4.235733766e-03
5.604147339e+02,6.907247752e-02
5.606401367e+02,6.600406766e-02
5.608655396e+02,3.538671881e-02
5.610909424e+02,-1.534202718e-03
5.613163452e+02,2.501417417e-03
5.615418091e+02,-2.768235281e-03
5.617672119e+02,3.955574706e-02
5.619926758e+02,1.837708056e-02
5.622181396e+02,-2.674849145e-02
5.624436646e+02,-2.324650623e-02
5.626691284e+02,-8.804989047e-03
5.628945923e+02,1.834372757e-03
5.631201172e+02,1.257379167e-02
5.633456421e+02,-1.734316116e-03
5.635711670e+02,2.924990840e-02
5.637966919e+02,3.445285559e-02
5.640222778e+02,1.300737076e-02
5.642478027e+02,-8.871694095e-03
5.644733887e+02,2.541440167e-02
5.646989746e+02,-6.336924154e-03
5.649245605e+02,5.202948116e-03
5.651501465e+02,-2.588133328e-02
5.653757935e+02,8.204649203e-03
5.656013794e+02,-3.768802388e-03
5.658270264e+02,5.279658362e-02
5.660526733e+02,-3.708768263e-02
5.662783203e+02,-6.537037436e-03
5.665039673e+02,-7.671013474e-03
5.667296753e+02,3.848847747e-02
5.669553223e+02,1.230697427e-02
5.671810303e+02,-1.040589623e-02
5.674067383e+02,2.631491236e-02
5.676324463e+02,-1.407464221e-02
5.678581543e+02,-1.817696728e-02
5.680839233e+02,6.040089205e-02
5.683096313e+02,-2.031151019e-02
5.685354004e+02,-2.314645052e-02
5.687611694e+02,-2.491411753e-02
5.689869385e+02,3.145115450e-02
5.692127686e+02,3.195143864e-02
5.694385376e+02,1.837708056e-02
5.696643677e+02,4.602608271e-03
5.698901978e+02,-1.467498206e-02
5.701160278e+02,-2.564786747e-02
5.703418579e+02,9.425341338e-02
5.705676880e+02,-3.208484873e-02
5.707935791e+02,7.897808403e-02
5.710194092e+02,-8.771637455e-03
5.712453003e+02,-2.234599553e-03
5.714711914e+02,-1.674282178e-02
5.716970825e+02,1.027248800e-02
5.719230347e+02,2.321315371e-02
5.721489258e+02,6.386952847e-02
5.723748779e+02,-3.045058809e-02
5.726008301e+02,-1.911082864e-02
5.728267822e+02,-7.637661416e-03
5.730527344e+02,4.736017063e-02
5.732786865e+02,1.510856114e-02
5.735046997e+02,-1.500850427e-03
5.737307129e+02,1.767668291e-03
5.739566650e+02,-6.270219572e-03
5.741826782e+02,2.531434409e-02
5.744087524e+02,-8.771637455e-03
5.746347656e+02,1.454157382e-02
5.748608398e+02,-3.745455667e-02
5.750868530e+02,-6.436980795e-03
5.753129272e+02,-1.694293506e-02
5.755390015e+02,-6.403628737e-03
5.757651367e+02,-4.736016970e-03
5.759912109e+02,-2.778241038e-02
5.762173462e+02,-5.736583844e-03
5.764434204e+02,-1.334089320e-04
5.766695557e+02,-1.710969582e-02
5.768956909e+02,-2.454724349e-02
5.771218872e+02,-9.338625241e-04
5.773480225e+02,-1.510856114e-02
5.775742188e+02,-2.594803646e-02
5.778003540e+02,-2.051162347e-02
5.780265503e+02,-1.204015594e-02
5.782527466e+02,3.515325487e-02
5.784790039e+02,1.937764697e-02
5.787052002e+02,-2.394690365e-02
5.789314575e+02,-1.657605916e-02
5.791577148e+02,-1.384117641e-02
5.793839111e+02,1.700963825e-03
5.796102295e+02,-2.474735677e-02
5.798364868e+02,1.189007089e-01
5.800627441e+02,-9.405329823e-03
5.802890625e+02,-2.124537155e-02
5.805153809e+02,-2.134542912e-03
5.807416992e+02,-4.202381242e-03
5.809680176e+02,-1.527532283e-02
5.811943359e+02,-1.594236679e-02
5.814207153e+02,9.838908911e-03
5.816470337e+02,7.287462801e-02
5.818734131e+02,2.681519464e-02
5.820997925e+02,-6.870559882e-03
5.823261719e+02,-2.317980118e-02
5.825526123e+02,4.235733766e-03
5.827789917e+02,-2.691525221e-02
5.830054321e+02,1.851048879e-02
5.832318726e+02,-2.834939864e-03
5.834583130e+02,-1.617583260e-02
5.836847534e+02,-1.864389889e-02
5.839111938e+02,2.564786747e-02
5.841376953e+02,-1.897742040e-02
5.843641357e+02,-5.436413921e-03
5.845906372e+02,1.330754068e-02
5.848171387e+02,-2.938331664e-02
5.850436401e+02,-3.842177242e-02
5.852702026e+02,-1.167328097e-03
5.854967041e+02,3.191808611e-02
5.857232666e+02,-3.008371405e-02
5.859498291e+02,-1.237367839e-02
5.861763916e+02,-1.020578295e-02
5.864029541e+02,-4.535903689e-03
5.866295166e+02,1.767668291e-03
5.868561401e+02,-3.922222555e-02
5.870827026e+02,9.005102911e-04
5.873093262e+02,-8.671580581e-04
5.875359497e+02,-3.565353528e-02
5.877625732e+02,-4.372477904e-02
5.879892578e+02,-3.268518718e-03
5.882158813e+02,-1.864389889e-02
5.884425659e+02,-1.224026922e-02
5.886692505e+02,1.077277120e-02
5.888959351e+02,2.778241038e-02
5.891226196e+02,-8.738284931e-03
5.893493652e+02,6.473668665e-02
5.895760498e+02,-1.240703091e-02
5.898027954e+02,5.072874576e-02
5.900295410e+02,-3.411933407e-02
5.902562866e+02,5.809959024e-02
5.904830322e+02,-1.157322526e-02
5.907097778e+02,-1.801020582e-03
5.909365845e+02,-5.736583844e-03
5.911633911e+02,-3.391922265e-02
5.913901978e+02,-1.540873200e-02
5.916170044e+02,4.402494524e-03
5.918438110e+02,-2.044491842e-02
5.920706177e+02,-2.731547877e-02
5.922974854e+02,-3.608711436e-02
5.925242920e+02,6.443651766e-02
5.927511597e+02,-9.171864018e-03
5.929780273e+02,1.590901427e-02
5.932049561e+02,3.235166660e-03
5.934318237e+02,2.851615846e-02
5.936587524e+02,2.051162347e-02
5.938856201e+02,1.250708755e-02
5.941125488e+02,-4.335790290e-04
5.943394775e+02,9.705499746e-03
5.945664673e+02,-1.734316116e-03
5.947933960e+02,-5.369709339e-03
5.950203857e+02,-2.201247262e-03
5.952473145e+02,3.028382733e-02
5.954743042e+02,5.679885298e-02
5.957012939e+02,-1.517526619e-02
5.959283447e+02,-6.070106290e-03
5.961553345e+02,1.180669013e-02
5.963823853e+02,-8.638228290e-03
5.966093750e+02,-2.408031188e-02
5.968364258e+02,2.411366440e-02
5.970634766e+02,1.234032563e-03
5.972905884e+02,2.027815767e-02
5.975176392e+02,1.017243136e-02
5.977447510e+02,-3.632058203e-02
5.979718018e+02,2.854951099e-02
5.981989136e+02,-1.700963825e-02
5.984260254e+02,-2.251275815e-02
5.986531982e+02,-3.348564357e-02
5.988803101e+02,-2.291298471e-02
5.991074829e+02,-1.530867536e-02
5.993345947e+02,3.862188756e-02
5.995617676e+02,-3.625387698e-02
5.997889404e+02,6.770503242e-03
6.000161743e+02,4.565920681e-02
6.002433472e+02,-1.667611673e-02
6.004705811e+02,9.605443105e-03
6.006977539e+02,-2.084514499e-02
6.009249878e+02,1.714304835e-02
6.011522217e+02,-1.107294112e-02
6.013795166e+02,-2.121202089e-02
6.016067505e+02,1.163992938e-02
6.018340454e+02,-7.637661416e-03
6.020612793e+02,-6.236867514e-03
6.022885742e+02,-1.707634330e-02
6.025158691e+02,1.010572631e-02
6.027432251e+02,6.870559882e-03
6.029705200e+02,3.115098551e-02
6.031978760e+02,1.057265792e-02
6.034251709e+02,3.928893059e-02
6.036525269e+02,-5.936697591e-03
6.038798828e+02,-1.304072328e-02
6.041072998e+02,-2.101190761e-02
6.043346558e+02,1.307407487e-02
6.045620728e+02,-5.669879611e-04
6.047894287e+02,-1.951105706e-02
6.050168457e+02,-2.177900821e-02
6.052442627e+02,2.738218382e-02
6.054717407e+02,-9.005103260e-03
6.056991577e+02,2.684854716e-02
6.059266357e+02,5.303005222e-03
6.061540527e+02,4.736016970e-03
6.063815308e+02,5.336357281e-04
6.066090698e+02,2.958342992e-02
6.068365479e+02,-2.434713021e-02
6.070640259e+02,3.975586221e-02
6.072915649e+02,-5.369709339e-03
6.075191040e+02,9.318614006e-02
6.077465820e+02,-1.120635029e-02
6.079741821e+02,1.092952639e-01
6.082017212e+02,-7.437548134e-03
6.084292603e+02,1.604242437e-02
6.086568604e+02,2.731547877e-02
6.088844604e+02,-7.237434387e-03
6.091119995e+02,-2.334656194e-03
6.093396606e+02,9.938965552e-03
6.095672607e+02,2.144548669e-02
6.097948608e+02,-1.073941868e-02
6.100225220e+02,1.697628573e-02
6.102501831e+02,9.121835977e-02
6.104777832e+02,5.890004337e-02
6.107055054e+02,-9.538738988e-03
6.109331665e+02,2.381349355e-02
6.111608276e+02,9.388653934e-02
6.113885498e+02,6.937264465e-03
6.116162720e+02,1.954440773e-02
6.118439331e+02,1.010572631e-02
6.120716553e+02,2.408031188e-02
6.122994385e+02,-1.334089320e-03
6.125271606e+02,-2.334656310e-04
6.127549438e+02,2.501417417e-03
6.129826660e+02,4.575926438e-02
6.132104492e+02,6.363605708e-02
6.134382324e+02,5.596504733e-02
6.136660767e+02,2.054497600e-02
6.138938599e+02,7.574292272e-02
6.141217041e+02,1.600907184e-02
6.143494873e+02,1.029583439e-01
6.145773315e+02,3.542007133e-02
6.148051758e+02,9.705499746e-03
6.150330811e+02,8.204649389e-02
6.152609253e+02,7.334156334e-02
6.154887695e+02,5.359703675e-02
6.157166748e+02,2.801587619e-02
6.159445801e+02,1.098622531e-01
6.161724854e+02,1.044258401e-01
6.164003906e+02,3.615381941e-02
6.166283569e+02,4.035620019e-02
6.168562622e+02,3.885535151e-02
6.170842285e+02,6.797184795e-02
6.173121948e+02,5.413067341e-02
6.175401611e+02,8.444785327e-02
6.177681274e+02,6.653770804e-02
6.179961548e+02,1.223359928e-01
6.182241211e+02,7.490911335e-02
6.184521484e+02,9.738852084e-02
6.186801758e+02,5.589834228e-02
6.189082031e+02,1.297735423e-01
6.191362305e+02,8.491478860e-02
6.193642578e+02,8.181302994e-02
6.195923462e+02,1.141313389e-01
6.198203735e+02,9.185204655e-02
6.200484619e+02,1.056932285e-01
6.202765503e+02,1.263382584e-01
6.205046997e+02,1.231697947e-01
6.207327881e+02,1.723309904e-01
6.209608765e+02,1.248040572e-01
6.211890259e+02,1.283060461e-01
6.214171753e+02,1.023246497e-01
6.216453247e+02,1.580895782e-01
6.218734741e+02,1.474502236e-01
6.221016846e+02,1.272054166e-01
6.223298340e+02,1.425140947e-01
6.225580444e+02,1.420138031e-01
6.227862549e+02,1.434812993e-01
6.230144653e+02,1.539539099e-01
6.232426758e+02,1.464830041e-01
6.234708862e+02,1.377113760e-01
6.236991577e+02,1.871727258e-01
6.239273682e+02,1.482506692e-01
6.241556396e+02,1.779008061e-01
6.243839111e+02,2.586465776e-01
6.246121826e+02,1.995130628e-01
6.248404541e+02,1.758996695e-01
6.250687866e+02,2.448720932e-01
6.252971191e+02,1.746322960e-01
6.255253906e+02,2.297301739e-01
6.257537231e+02,2.175232619e-01
6.259821167e+02,2.166561037e-01
6.262104492e+02,2.372344285e-01
6.264387817e+02,2.120534927e-01
6.266671753e+02,3.531334400e-01
6.268955688e+02,2.763899565e-01
6.271239624e+02,2.379014790e-01
6.273523560e+02,2.232598513e-01
6.275807495e+02,2.540106177e-01
6.278092041e+02,2.672557235e-01
6.280375977e+02,2.381782234e-01
6.282660522e+02,2.568016052e-01
6.284945068e+02,2.836922109e-01
6.287229614e+02,2.669625282e-01
6.289514160e+02,3.137751222e-01
6.291799316e+02,2.803951204e-01
6.294083862e+02,2.999844849e-01
6.296369019e+02,3.272095621e-01
6.298654175e+02,2.865884304e-01
6.300939331e+02,2.969283760e-01
6.303224487e+02,2.963050604e-01
6.305510254e+02,3.702436984e-01
6.307795410e+02,2.975494862e-01
6.310081177e+02,3.458971679e-01
6.312366943e+02,3.998714089e-01
6.314652710e+02,3.618238568e-01
6.316938477e+02,3.468520343e-01
6.319224854e+02,3.071162701e-01
6.321510620e+02,3.428103030e-01
6.323796997e+02,3.591927588e-01
6.326083374e+02,3.596225679e-01
6.328369751e+02,4.042645395e-01
6.330656128e+02,3.380663097e-01
6.332943115e+02,4.352988303e-01
6.335229492e+02,4.327518642e-01
6.337516479e+02,3.914176226e-01
6.339803467e+02,4.183106720e-01
6.342090454e+02,3.792752624e-01
6.344377441e+02,3.809933960e-01
6.346664429e+02,3.777719140e-01
6.348952026e+02,4.660182893e-01
6.351239624e+02,4.686854184e-01
6.353526611e+02,3.987038136e-01
6.355814819e+02,4.503324628e-01
6.358102417e+02,4.661778212e-01
6.360390015e+02,4.464749098e-01
6.362678223e+02,4.790660143e-01
6.364965820e+02,4.635740519e-01
6.367254028e+02,4.801496565e-01
6.369542236e+02,4.764176607e-01
6.371830444e+02,4.606921971e-01
6.374119263e+02,5.202684999e-01
6.376407471e+02,4.866546988e-01
6.378696289e+02,5.103487372e-01
6.380984497e+02,5.230297446e-01
6.383273315e+02,5.088067055e-01
6.385562744e+02,5.205775499e-01
6.387851562e+02,5.637540221e-01
6.390140381e+02,5.670206547e-01
6.392429810e+02,5.273963809e-01
6.394719238e+02,5.192916989e-01
6.397008667e+02,5.407901406e-01
6.399298096e+02,5.671332479e-01
6.401587524e+02,5.664216280e-01
6.403877563e+02,6.060488224e-01
6.406166992e+02,5.143575072e-01
6.408457031e+02,5.349134803e-01
6.410747070e+02,5.040969849e-01
6.413037109e+02,5.005431771e-01
6.415327148e+02,5.443469286e-01
6.417617798e+02,5.440785289e-01
6.419907837e+02,4.873086810e-01
6.422198486e+02,4.992340207e-01
6.424489136e+02,5.356339216e-01
6.426779785e+02,5.191498995e-01
6.429070435e+02,5.092515349e-01
6.431361694e+02,5.646726489e-01
6.433652344e+02,5.303319693e-01
6.435943604e+02,5.696284771e-01
6.438234863e+02,5.044514537e-01
6.440526123e+02,5.159168243e-01
6.442817383e+02,5.153009295e-01
6.445108643e+02,5.026102662e-01
6.447400513e+02,4.993285835e-01
6.449692383e+02,4.920513332e-01
6.451983643e+02,5.131564140e-01
6.454275513e+02,5.165491104e-01
6.456567993e+02,5.348158479e-01
6.458859863e+02,5.323139429e-01
6.461151733e+02,5.253662467e-01
6.463444214e+02,5.003175735e-01
6.465736694e+02,5.146552920e-01
6.468029175e+02,4.934353232e-01
6.470321655e+02,5.401353836e-01
6.472614136e+02,5.510271192e-01
6.474907227e+02,4.933668971e-01
6.477200317e+02,5.439934134e-01
6.479492798e+02,5.499504209e-01
6.481785889e+02,5.345236063e-01
6.484078979e+02,5.566862226e-01
6.486372681e+02,5.663860440e-01
6.488665771e+02,5.391193032e-01
6.490959473e+02,5.212193727e-01
6.493253174e+02,5.470544100e-01
6.495546265e+02,5.264723897e-01
6.497840576e+02,5.423749685e-01
6.500134277e+02,5.456812978e-01
6.502427979e+02,5.972357988e-01
6.504722290e+02,5.216947198e-01
6.507016602e+02,5.420539975e-01
6.509310303e+02,5.390383005e-01
6.511605225e+02,5.246458054e-01
6.513899536e+02,5.902724266e-01
6.516193848e+02,5.881124735e-01
6.518488770e+02,5.764870048e-01
6.520783081e+02,5.375282168e-01
6.523078003e+02,6.010335684e-01
6.525372925e+02,5.579610467e-01
6.527667847e+02,5.573716164e-01
6.529963379e+02,5.411044955e-01
6.532258301e+02,5.598522425e-01
6.534553833e+02,5.662978888e-01
6.536849365e+02,5.973419547e-01
6.539144897e+02,5.814972520e-01
6.541440430e+02,6.070364118e-01
6.543735962e+02,5.823369026e-01
6.546032104e+02,6.041541696e-01
6.548327637e+02,6.155306101e-01
6.550623779e+02,5.954385400e-01
6.552919922e+02,6.179866791e-01
6.555216064e+02,5.993281603e-01
6.557512817e+02,5.859548450e-01
6.559808960e+02,5.980960727e-01
6.562105713e+02,6.058955193e-01
6.564402466e+02,6.136900783e-01
6.566698608e+02,6.327757835e-01
6.568995972e+02,6.225440502e-01
6.571292725e+02,6.221560836e-01
6.573589478e+02,6.860609651e-01
6.575886841e+02,6.164907217e-01
6.578184204e+02,6.648952365e-01
6.580480957e+02,6.375329494e-01
6.582778931e+02,6.963937283e-01
6.585076294e+02,6.408686638e-01
6.587373657e+02,6.263524890e-01
6.589671631e+02,6.529897451e-01
6.591968994e+02,6.622653604e-01
6.594266968e+02,6.330768466e-01
6.596564941e+02,6.801533103e-01
6.598862915e+02,6.550246477e-01
6.601161499e+02,6.399768591e-01
6.603459473e+02,6.832517385e-01
6.605758057e+02,6.378614306e-01
6.608056641e+02,6.856885552e-01
6.610355225e+02,7.098355889e-01
6.612653809e+02,6.505352855e-01
6.614952393e+02,6.849548221e-01
6.617251587e+02,7.056999207e-01
6.619550171e+02,6.634092927e-01
6.621849365e+02,6.729813814e-01
6.624148560e+02,7.154054046e-01
6.626447754e+02,6.920254827e-01
6.628747559e+02,6.803522110e-01
6.631046753e+02,6.800853610e-01
6.633346558e+02,7.145715952e-01
6.635645752e+02,7.216422558e-01
6.637945557e+02,6.848547459e-01
6.640245361e+02,6.595404148e-01
6.642545776e+02,6.953273416e-01
6.644845581e+02,6.681786180e-01
6.647145386e+02,7.092685699e-01
6.649445801e+02,6.854884624e-01
6.651746216e+02,6.750491858e-01
6.654046631e+02,6.810859442e-01
6.656347046e+02,6.995297074e-01
6.658648071e+02,6.469999552e-01
6.660948486e+02,6.434313059e-01
6.663249512e+02,7.002301216e-01
6.665550537e+02,6.651436090e-01
6.667851562e+02,6.970616579e-01
6.670152588e+02,7.011973262e-01
6.672453613e+02,7.001300454e-01
6.674755249e+02,6.885902286e-01
6.677056274e+02,6.616415977e-01
6.679357910e+02,6.712803841e-01
6.681659546e+02,6.780508757e-01
6.683961182e+02,6.666777730e-01
6.686262817e+02,6.874562502e-01
6.688565063e+02,6.763832569e-01
6.690866699e+02,7.048994303e-01
6.693168945e+02,6.598405838e-01
6.695471191e+02,6.928926110e-01
6.697773438e+02,6.813527942e-01
6.700075684e+02,7.206416726e-01
6.702378540e+02,7.179068327e-01
6.704680786e+02,6.670446396e-01
6.706983643e+02,6.835206747e-01
6.709286499e+02,7.415869236e-01
6.711589355e+02,7.349831462e-01
6.713892212e+02,6.699129343e-01
6.716195679e+02,6.949270964e-01
6.718498535e+02,6.815528870e-01
6.720802002e+02,6.888570189e-01
6.723105469e+02,7.047326565e-01
6.725408936e+02,6.867558360e-01
6.727712402e+02,6.850215197e-01
6.730015869e+02,7.296801805e-01
6.732319336e+02,6.666110754e-01
6.734623413e+02,6.739819050e-01
6.736927490e+02,6.938931942e-01
6.739231567e+02,7.054664493e-01
6.741535645e+02,6.900576949e-01
6.743839722e+02,6.735149622e-01
6.746144409e+02,7.139378786e-01
6.748448486e+02,7.326151729e-01
6.750753174e+02,6.794183254e-01
6.753057861e+02,6.981289387e-01
6.755362549e+02,7.032651901e-01
6.757667236e+02,7.135376930e-01
6.759971924e+02,7.497915626e-01
6.762277222e+02,7.007637620e-01
6.764582520e+02,7.057666183e-01
6.766887817e+02,7.103358507e-01
6.769193115e+02,6.996964812e-01
6.771498413e+02,7.121035457e-01
6.773803711e+02,7.282460332e-01
6.776109619e+02,7.482907176e-01
6.778414917e+02,6.987626553e-01
6.780720825e+02,7.456892133e-01
6.783026733e+02,7.515591979e-01
6.785332642e+02,7.673681974e-01
6.787638550e+02,6.958609819e-01
6.789945068e+02,7.379848361e-01
6.792250977e+02,7.111696601e-01
6.794557495e+02,7.283460498e-01
6.796864014e+02,8.162959218e-01
6.799170532e+02,7.007304430e-01
6.801477051e+02,7.197745442e-01
6.803784180e+02,7.327485681e-01
6.806090698e+02,7.042990923e-01
6.808397827e+02,7.634659410e-01
6.810704956e+02,7.474235296e-01
6.813012085e+02,7.737051249e-01
6.815319214e+02,7.074342370e-01
6.817626343e+02,7.117366791e-01
6.819934082e+02,7.681352496e-01
6.822241821e+02,7.634993196e-01
6.824548950e+02,7.164059877e-01
6.826856689e+02,7.303805351e-01
6.829164429e+02,7.547943592e-01
6.831472778e+02,7.085682154e-01
6.833780518e+02,7.358169556e-01
6.836088867e+02,7.077677250e-01
6.838397217e+02,7.294133306e-01
6.840705566e+02,7.238768339e-01
6.843013916e+02,7.303472161e-01
6.845322266e+02,7.236767411e-01
6.847630615e+02,7.725377679e-01
6.849939575e+02,7.541273236e-01
6.852248535e+02,7.288796902e-01
6.854556885e+02,7.097355127e-01
6.856865845e+02,7.043991685e-01
6.859175415e+02,7.206083536e-01
6.861484375e+02,7.274455428e-01
6.863793335e+02,7.409198284e-01
6.866102905e+02,9.314278364e-01
6.868412476e+02,7.321815491e-01
6.870722046e+02,7.708034515e-01
6.873031616e+02,7.510255575e-01
6.875341187e+02,7.365506887e-01
6.877651367e+02,7.341160178e-01
6.879960938e+02,7.211753130e-01
6.882271118e+02,7.637994885e-01
6.884581299e+02,7.314478159e-01
6.886891479e+02,7.108694911e-01
6.889201660e+02,7.077010274e-01
6.891512451e+02,7.123036385e-01
6.893822632e+02,6.980288625e-01
6.896133423e+02,7.044992447e-01
6.898444214e+02,7.257779241e-01
6.900755005e+02,6.685121655e-01
6.903065796e+02,7.212420106e-01
6.905377197e+02,7.132708430e-01
6.907687988e+02,6.737151146e-01
6.909999390e+02,7.191075087e-01
6.912310181e+02,6.811193228e-01
6.914621582e+02,6.792849302e-01
6.916933594e+02,6.951272488e-01
6.919244995e+02,6.876563430e-01
6.921556396e+02,7.047660351e-01
6.923868408e+02,6.612747312e-01
6.926180420e+02,6.510022283e-01
6.928492432e+02,7.289130688e-01
6.930804443e+02,6.621752381e-01
6.933116455e+02,6.613748074e-01
6.935428467e+02,6.474002004e-01
6.937741089e+02,6.776840091e-01
6.940053711e+02,6.855217814e-01
6.942365723e+02,6.926258206e-01
6.944678345e+02,6.594737172e-01
6.946991577e+02,7.019644380e-01
6.949304199e+02,6.600406766e-01
6.951616821e+02,6.261548400e-01
6.953930054e+02,6.298902631e-01
6.956243286e+02,6.711803079e-01
6.958556519e+02,6.442984343e-01
6.960869751e+02,6.292232275e-01
6.963182983e+02,6.767168045e-01
6.965496826e+02,6.955608130e-01
6.967810059e+02,6.676116586e-01
6.970123901e+02,6.349264383e-01
6.972437744e+02,6.091118455e-01
6.974751587e+02,6.754160523e-01
6.977065430e+02,6.407297254e-01
6.979379272e+02,6.228529215e-01
6.981693726e+02,6.317579746e-01
6.984008179e+02,6.590734720e-01
6.986322021e+02,6.459326744e-01
6.988636475e+02,6.214188337e-01
6.990951538e+02,6.150819063e-01
6.993265991e+02,7.123703361e-01
6.995580444e+02,6.302238107e-01
6.997895508e+02,6.401627660e-01
7.000210571e+02,5.948370695e-01
7.002525635e+02,6.100456715e-01
7.004840698e+02,7.391855121e-01
7.007155762e+02,6.015742421e-01
7.009470825e+02,6.017410159e-01
7.011786499e+02,6.508021355e-01
7.014102173e+02,6.805523038e-01
7.016417847e+02,6.355267763e-01
7.018733521e+02,6.440983415e-01
7.021049194e+02,6.488009691e-01
7.023364868e+02,6.891571879e-01
7.025681152e+02,6.057432294e-01
7.027996826e+02,6.142147183e-01
7.030313110e+02,6.290898323e-01
7.032629395e+02,6.380615830e-01
7.034945679e+02,6.096454859e-01
7.037261963e+02,6.277557015e-01
7.039578857e+02,6.418637037e-01
7.041895142e+02,6.008404493e-01
7.044212036e+02,5.969049335e-01
7.046528931e+02,6.755161285e-01
7.048845825e+02,6.575392485e-01
7.051162720e+02,5.916686058e-01
7.053480225e+02,6.476002932e-01
7.055797119e+02,5.850648880e-01
7.058114624e+02,6.784844995e-01
7.060432129e+02,6.259546876e-01
7.062749634e+02,5.912016630e-01
7.065067139e+02,5.918686986e-01
7.067384644e+02,5.968048573e-01
7.069702759e+02,5.755928159e-01
7.072020264e+02,6.922922730e-01
7.074338379e+02,6.004068851e-01
7.076656494e+02,5.762265325e-01
7.078974609e+02,6.069439054e-01
7.081292725e+02,5.782276392e-01
7.083611450e+02,7.359837294e-01
7.085929565e+02,6.252209544e-01
7.088248291e+02,6.847546697e-01
7.090567017e+02,5.770269632e-01
7.092885742e+02,5.743588209e-01
7.095204468e+02,6.006403565e-01
7.097523193e+02,6.417636871e-01
7.099842529e+02,6.021412015e-01
7.102161255e+02,5.864656568e-01
7.104480591e+02,6.088783741e-01
7.106799927e+02,5.858319998e-01
7.109119263e+02,5.583831072e-01
7.111439209e+02,5.580829382e-01
7.113758545e+02,6.235867143e-01
7.116078491e+02,6.033418775e-01
7.118397827e+02,5.889670849e-01
7.120717773e+02,5.676550269e-01
7.123037720e+02,5.548143983e-01
7.125357666e+02,5.766600966e-01
7.127678223e+02,5.645198822e-01
7.129998169e+02,5.568488836e-01
7.132318726e+02,5.985391736e-01
7.134639282e+02,5.921355486e-01
7.136959839e+02,5.578160882e-01
7.139280396e+02,5.782610178e-01
7.141600952e+02,5.864656568e-01
7.143921509e+02,5.434746146e-01
7.146242676e+02,5.709902048e-01
7.148563843e+02,5.553146601e-01
7.150885010e+02,5.329353213e-01
7.153206177e+02,5.507120490e-01
7.155527344e+02,5.445085764e-01
7.157848511e+02,5.534803271e-01
7.160170288e+02,5.784277916e-01
7.162491455e+02,5.945035815e-01
7.164813232e+02,5.910015702e-01
7.167135010e+02,5.584831238e-01
7.169456787e+02,5.881332755e-01
7.171779175e+02,5.815295577e-01
7.174100952e+02,5.785611868e-01
7.176423340e+02,5.192275643e-01
7.178745117e+02,5.664209723e-01
7.181067505e+02,5.560817719e-01
7.183389893e+02,5.165260434e-01
7.185712891e+02,5.642530918e-01
7.188035278e+02,5.354701281e-01
7.190358276e+02,5.657539368e-01
7.192680664e+02,5.379047990e-01
7.195003662e+02,5.213287473e-01
7.197326660e+02,5.011839867e-01
7.199649658e+02,5.609512329e-01
7.201972656e+02,5.275655985e-01
7.204296265e+02,4.924123585e-01
7.206619873e+02,5.246639848e-01
7.208942871e+02,5.110896230e-01
7.211266479e+02,5.373378396e-01
7.213590088e+02,5.511456728e-01
7.215913696e+02,5.174265504e-01
7.218237915e+02,5.443751216e-01
7.220561523e+02,5.437080860e-01
7.222885742e+02,5.009171963e-01
7.225209961e+02,4.897108376e-01
7.227534180e+02,5.184271336e-01
7.229858398e+02,4.674315453e-01
7.232182617e+02,4.739685953e-01
7.234507446e+02,4.882433414e-01
7.236831665e+02,4.846746624e-01
7.239156494e+02,5.322682858e-01
7.241481323e+02,4.912783802e-01
7.243806152e+02,4.652636349e-01
7.246130981e+02,5.179268122e-01
7.248456421e+02,5.153253675e-01
7.250781250e+02,4.718006849e-01
7.253106689e+02,4.707667530e-01
7.255432129e+02,4.679651856e-01
7.257757568e+02,4.517893493e-01
7.260083008e+02,4.906780422e-01
7.262408447e+02,4.511556625e-01
7.264734497e+02,5.307340622e-01
7.267059937e+02,4.526231587e-01
7.269385986e+02,4.895774126e-01
7.271712036e+02,4.923790097e-01
7.274038086e+02,4.531234503e-01
7.276364136e+02,4.780375659e-01
7.278690796e+02,4.413167536e-01
7.281016846e+02,4.559583664e-01
7.283343506e+02,4.634626210e-01
7.285670166e+02,4.655971825e-01
7.287996826e+02,4.200713634e-01
7.290323486e+02,4.271420538e-01
7.292650146e+02,4.520561695e-01
7.294976807e+02,4.437514544e-01
7.297304077e+02,4.462528825e-01
7.299631348e+02,4.467531741e-01
7.301958618e+02,4.696661532e-01
7.304285889e+02,4.593936503e-01
7.306613159e+02,4.694993794e-01
7.308940430e+02,4.489544034e-01
7.311268311e+02,4.447186887e-01
7.313596191e+02,4.008938372e-01
7.315923462e+02,4.139679074e-01
7.318251343e+02,4.195043743e-01
7.320579834e+02,4.338791966e-01
7.322907715e+02,4.003268480e-01
7.325235596e+02,3.886202276e-01
7.327564087e+02,4.370143116e-01
7.329892578e+02,4.347130060e-01
7.332220459e+02,4.503552020e-01
7.334549561e+02,4.105993509e-01
7.336878052e+02,4.250742197e-01
7.339206543e+02,4.270086288e-01
7.341535645e+02,3.902878165e-01
7.343864136e+02,4.600940645e-01
7.346193237e+02,4.063636065e-01
7.348522339e+02,4.333455563e-01
7.350851440e+02,4.003268480e-01
7.353180542e+02,4.104325771e-01
7.355510254e+02,4.331120849e-01
7.357839355e+02,3.935897052e-01
7.360169067e+02,3.685088158e-01
7.362498779e+02,3.911883533e-01
7.364828491e+02,4.045959413e-01
7.367158203e+02,3.866190910e-01
7.369488525e+02,3.923890293e-01
7.371818237e+02,3.960244060e-01
7.374148560e+02,4.239402413e-01
7.376478882e+02,4.041289985e-01
7.378809204e+02,4.232731760e-01
7.381139526e+02,3.864856660e-01
7.383469849e+02,3.816162348e-01
7.385800171e+02,3.792148829e-01
7.388131104e+02,3.737451136e-01
7.390462036e+02,4.195043743e-01
7.392792358e+02,3.713771105e-01
7.395123291e+02,4.349798262e-01
7.397454834e+02,3.788480163e-01
7.399785767e+02,4.298769236e-01
7.402116699e+02,3.690424562e-01
7.404448242e+02,3.950905502e-01
7.406779785e+02,3.763132393e-01
7.409111328e+02,4.240736365e-01
7.411442871e+02,3.695760965e-01
7.413774414e+02,3.752126098e-01
7.416105957e+02,3.812493682e-01
7.418438110e+02,3.450621963e-01
7.420770264e+02,3.519327641e-01
7.423102417e+02,3.873194754e-01
7.425434570e+02,3.275189400e-01
7.427766724e+02,4.035286605e-01
7.430098877e+02,3.464963436e-01
7.432431030e+02,3.636727333e-01
7.434763794e+02,3.361237943e-01
7.437096558e+02,3.292198777e-01
7.439429321e+02,3.228162527e-01
7.441762085e+02,3.591035008e-01
7.444094849e+02,3.616382480e-01
7.446427612e+02,3.544341922e-01
7.448760986e+02,3.556015193e-01
7.451094360e+02,3.456291854e-01
7.453427124e+02,3.597705364e-01
7.455760498e+02,3.419270813e-01
7.458093872e+02,3.575359285e-01
7.460427856e+02,3.797818720e-01
7.462761230e+02,3.168795705e-01
7.465095215e+02,3.139112294e-01
7.467428589e+02,3.368575573e-01
7.469762573e+02,3.566354215e-01
7.472096558e+02,3.003035188e-01
7.474431152e+02,3.581696153e-01
7.476765137e+02,3.323549926e-01
7.479099121e+02,3.447286785e-01
7.481433716e+02,3.096754849e-01
7.483768311e+02,3.629390001e-01
7.486102905e+02,3.237501383e-01
7.488437500e+02,2.870293260e-01
7.490772095e+02,3.126438260e-01
7.493106689e+02,2.983357310e-01
7.495441895e+02,3.141446710e-01
7.497777100e+02,3.024380505e-01
7.500112305e+02,2.894640267e-01
7.502447510e+02,3.143447936e-01
7.504782715e+02,2.876296639e-01
7.507117920e+02,2.952006161e-01
7.509453125e+02,3.044391870e-01
7.511788940e+02,3.268518746e-01
7.514124756e+02,2.787913084e-01
7.516460571e+02,3.061735034e-01
7.518796387e+02,2.622152567e-01
7.521132202e+02,3.601040542e-01
7.523468018e+02,3.091751933e-01
7.525804443e+02,3.014708459e-01
7.528140259e+02,2.594136596e-01
7.530476685e+02,3.050061762e-01
7.532813110e+02,2.709201872e-01
7.535149536e+02,2.712537050e-01
7.537486572e+02,3.204149008e-01
7.539822998e+02,2.743888199e-01
7.542160034e+02,2.678851485e-01
7.544496460e+02,2.394356877e-01
7.546833496e+02,2.764566541e-01
7.549170532e+02,3.243838251e-01
7.551507568e+02,2.592802644e-01
7.553845215e+02,2.563786209e-01
7.556182251e+02,2.454057336e-01
7.558519897e+02,2.741219997e-01
7.560857544e+02,2.363672704e-01
7.563194580e+02,2.357002348e-01
7.565532837e+02,2.437381148e-01
7.567870483e+02,2.731214464e-01
7.570208130e+02,2.956008315e-01
7.572546387e+02,2.295300663e-01
7.574884033e+02,2.375679612e-01
7.577222290e+02,2.759897411e-01
7.579560547e+02,2.536437213e-01
7.581898804e+02,2.772571146e-01
7.584237671e+02,2.256278545e-01
7.586575928e+02,2.526098192e-01
7.588914795e+02,2.390021086e-01
7.591253052e+02,2.640496194e-01
7.593591919e+02,2.118533850e-01
7.595930786e+02,2.314311415e-01
7.598269653e+02,2.609478831e-01
7.600609131e+02,2.290297896e-01
7.602947998e+02,2.099523097e-01
7.605287476e+02,2.121202052e-01
7.607626953e+02,2.790247798e-01
7.609965820e+02,2.302304655e-01
7.612305908e+02,2.295967788e-01
7.614645386e+02,2.304972857e-01
7.616984863e+02,2.894306779e-01
7.619324951e+02,2.926991880e-01
7.621664429e+02,2.282293290e-01
7.624004517e+02,2.072174251e-01
7.626344604e+02,2.173898518e-01
7.628684692e+02,2.139212191e-01
7.631025391e+02,1.906747222e-01
7.633365479e+02,2.457726002e-01
7.635706177e+02,2.770236433e-01
7.638046265e+02,2.736217082e-01
7.640386963e+02,1.981456131e-01
7.642727661e+02,2.070840150e-01
7.645068359e+02,2.133208811e-01
7.647409668e+02,1.877397150e-01
7.649750366e+02,1.957108974e-01
7.652091675e+02,2.345996052e-01
7.654432983e+02,2.127205431e-01
7.656773682e+02,1.978120953e-01
7.659115601e+02,2.236267179e-01
7.661456909e+02,2.751892805e-01
7.663798218e+02,2.158890069e-01
7.666140137e+02,2.388353348e-01
7.668481445e+02,1.917753369e-01
7.670823364e+02,2.260280848e-01
7.673165283e+02,2.418036908e-01
7.675507202e+02,2.452723235e-01
7.677849731e+02,1.899743229e-01
7.680191650e+02,2.015808970e-01
7.682534180e+02,2.079178244e-01
7.684876099e+02,1.875062585e-01
7.687218628e+02,1.648267359e-01
7.689561157e+02,2.191241682e-01
7.691903687e+02,1.776006371e-01
7.694246826e+02,2.128206044e-01
7.696589355e+02,1.597905457e-01
7.698932495e+02,1.770336479e-01
7.701275024e+02,2.324650586e-01
7.703618164e+02,1.753326952e-01
7.705961304e+02,2.160557657e-01
7.708305054e+02,2.105526477e-01
7.710648193e+02,1.626921892e-01
7.712991333e+02,1.793016046e-01
7.715335083e+02,1.879064739e-01
7.717678833e+02,2.039489001e-01
7.720022583e+02,2.346663177e-01
7.722366333e+02,1.937764734e-01
7.724710083e+02,1.845712513e-01
7.727054443e+02,2.331321090e-01
7.729398193e+02,3.024047017e-01
7.731742554e+02,1.596571356e-01
7.734086914e+02,1.661941707e-01
7.736431274e+02,1.787346154e-01
7.738775635e+02,1.748657525e-01
7.741119995e+02,1.931094229e-01
7.743464966e+02,2.286629081e-01
7.745809326e+02,1.687956452e-01
7.748154297e+02,2.571457028e-01
7.750499268e+02,1.973785162e-01
7.752844238e+02,1.510189176e-01
7.755189209e+02,2.102191299e-01
7.757534180e+02,1.694293469e-01
7.759879761e+02,1.503852159e-01
7.762224731e+02,1.502184570e-01
7.764570312e+02,1.707967818e-01
7.766915894e+02,1.594570279e-01
7.769261475e+02,1.637261063e-01
7.771607056e+02,1.391455084e-01
7.773953247e+02,1.691625267e-01
7.776298828e+02,1.503185183e-01
7.778645020e+02,1.654937863e-01
7.780991211e+02,1.633592397e-01
7.783337402e+02,1.572224200e-01
7.785683594e+02,1.306740493e-01
7.788029785e+02,1.268385351e-01
7.790376587e+02,2.099856585e-01
7.792722778e+02,1.286729127e-01
7.795069580e+02,1.589233875e-01
7.797416382e+02,1.770670116e-01
7.799763184e+02,1.448820978e-01
7.802109985e+02,1.496848166e-01
7.804456787e+02,1.441483498e-01
7.806804199e+02,1.955441386e-01
7.809151001e+02,1.025581136e-01
7.811498413e+02,1.543541402e-01
7.813845825e+02,1.496848166e-01
7.816193237e+02,1.463829577e-01
7.818540649e+02,1.297068298e-01
7.820888062e+02,1.644598544e-01
7.823236084e+02,1.351099014e-01
7.825583496e+02,1.632591784e-01
7.827931519e+02,1.362105161e-01
7.830279541e+02,1.197345182e-01
7.832627563e+02,1.293733120e-01
7.834975586e+02,1.300403625e-01
7.837324219e+02,1.307741106e-01
7.839672241e+02,1.319414377e-01
7.842020874e+02,1.318080276e-01
7.844369507e+02,9.508721530e-02
7.846718140e+02,1.590901464e-01
7.849066772e+02,1.348097324e-01
7.851415405e+02,1.509855539e-01
7.853764648e+02,1.281726360e-01
7.856113281e+02,1.293399632e-01
7.858462524e+02,1.138311699e-01
7.860811768e+02,1.845045537e-01
7.863161011e+02,1.061268076e-01
7.865510254e+02,1.488843709e-01
7.867859497e+02,1.958109587e-01
7.870208740e+02,1.168328747e-01
7.872558594e+02,1.044258401e-01
7.874908447e+02,2.294300050e-01
7.877258301e+02,1.773338169e-01
7.879608154e+02,1.490844786e-01
7.881958008e+02,1.434812993e-01
7.884307861e+02,1.175666228e-01
7.886658325e+02,1.409798861e-01
7.889008179e+02,1.179334968e-01
7.891358643e+02,1.281726360e-01
7.893709106e+02,1.181336120e-01
7.896059570e+02,2.015141845e-01
7.898410034e+02,1.285395026e-01
7.900760498e+02,1.422806233e-01
7.903111572e+02,9.538738430e-02
7.905462646e+02,1.279058158e-01
7.907813110e+02,1.007904485e-01
7.910164185e+02,1.222025827e-01
7.912515259e+02,1.029916927e-01
7.914866943e+02,1.122302637e-01
7.917218018e+02,1.350098401e-01
7.919569702e+02,1.384117603e-01
7.921920776e+02,8.928392828e-02
7.924272461e+02,1.166994646e-01
7.926624146e+02,1.202681512e-01
7.928975830e+02,1.193009391e-01
7.931327515e+02,1.392122209e-01
7.933679810e+02,1.015241966e-01
7.936031494e+02,1.245705932e-01
7.938383789e+02,8.855018020e-02
7.940736084e+02,7.627655566e-02
7.943088379e+02,1.700630337e-01
7.945440674e+02,8.885034919e-02
7.947792969e+02,9.882266819e-02
7.950145874e+02,1.015575528e-01
7.952498169e+02,9.442017227e-02
7.954851074e+02,1.153987274e-01
7.957203979e+02,1.039589122e-01
7.959556885e+02,1.128639579e-01
7.961909790e+02,1.196678132e-01
7.964262695e+02,1.008237973e-01
7.966616211e+02,1.314077973e-01
7.968969116e+02,9.381983429e-02
7.971322632e+02,1.830037087e-01
7.973676147e+02,9.108494967e-02
7.976029663e+02,1.385785341e-01
7.978383179e+02,7.440882921e-02
7.980737305e+02,1.114298105e-01
7.983090820e+02,7.597638667e-02
7.985444946e+02,7.500917464e-02
7.987798462e+02,1.050261781e-01
7.990152588e+02,8.591534942e-02
7.992506714e+02,9.081812948e-02
7.994861450e+02,8.908381313e-02
7.997215576e+02,7.570956647e-02
7.999570312e+02,8.291365206e-02
8.001924438e+02,7.287462801e-02
8.004279175e+02,5.533135310e-02
8.006633911e+02,9.495380521e-02
8.008988647e+02,6.947270036e-02
8.011343384e+02,1.295400709e-01
8.013698730e+02,7.100690156e-02
8.016053467e+02,4.189040512e-02
8.018408813e+02,6.637094170e-02
8.020764160e+02,1.491845399e-01
8.023119507e+02,1.112630516e-01
8.025474854e+02,6.206850708e-02
8.027830200e+02,1.065603867e-01
8.030185547e+02,6.507020444e-02
8.032541504e+02,1.054931134e-01
8.034897461e+02,8.895040303e-02
8.037252808e+02,1.224360466e-01
8.039608765e+02,8.651569486e-02
8.041964722e+02,1.038588509e-01
8.044321289e+02,7.270786911e-02
8.046677246e+02,1.192342341e-01
8.049033813e+02,8.464796841e-02
8.051389771e+02,8.728279173e-02
8.053746338e+02,1.060934514e-01
8.056102905e+02,1.172330976e-01
8.058459473e+02,9.765534103e-02
8.060816650e+02,7.944501936e-02
8.063173218e+02,6.210185587e-02
8.065530396e+02,7.897808403e-02
8.067886963e+02,7.851115614e-02
8.070244141e+02,8.741620183e-02
8.072601318e+02,6.477003545e-02
8.074958496e+02,6.270220131e-02
8.077316284e+02,6.897241622e-02
8.079673462e+02,4.726011306e-02
8.082031250e+02,5.923356488e-02
8.084389038e+02,9.962312132e-02
8.086746216e+02,1.082947031e-01
8.089104004e+02,4.682653397e-02
8.091462402e+02,6.390287727e-02
8.093820190e+02,1.340426207e-01
8.096177979e+02,6.000066549e-02
8.098536377e+02,5.409732088e-02
8.100894775e+02,7.867791504e-02
8.103253174e+02,8.588200063e-02
8.105611572e+02,7.127372175e-02
8.107969971e+02,9.098488837e-02
8.110328369e+02,1.076276526e-01
8.112687378e+02,6.013407558e-02
8.115045776e+02,7.647667080e-02
8.117404785e+02,6.376946718e-02
8.119763794e+02,5.276323110e-02
8.122122803e+02,8.321382105e-02
8.124481812e+02,3.521995619e-02
8.126841431e+02,1.483507305e-01
8.129200439e+02,5.179601908e-02
8.131560059e+02,7.347496599e-02
8.133919678e+02,1.645932645e-01
8.136279297e+02,2.914985083e-02
8.138638916e+02,1.189340651e-01
8.140998535e+02,1.261714995e-01
8.143358154e+02,5.496447906e-02
8.145718384e+02,9.788880497e-02
8.148078003e+02,7.170730084e-02
8.150438232e+02,8.248007298e-02
8.152798462e+02,1.338758618e-01
8.155158691e+02,8.031217754e-02
8.157518921e+02,5.292999372e-02
8.159879761e+02,8.161291480e-02
8.162239990e+02,3.892205656e-02
8.164600830e+02,4.756028578e-02
8.166961670e+02,7.370843738e-02
8.169322510e+02,1.350765377e-01
8.171683350e+02,5.363038927e-02
8.174044189e+02,1.187339500e-01
8.176405029e+02,8.301370591e-02
8.178766479e+02,4.622619599e-02
8.181127930e+02,7.307474315e-02
8.183488770e+02,4.082313180e-02
8.185850220e+02,5.990061164e-02
8.188212280e+02,6.510356069e-02
8.190573730e+02,3.875529394e-02
8.192935181e+02,3.762131929e-02
8.195297241e+02,1.365106851e-01
8.197658691e+02,3.451956064e-02
8.200020752e+02,6.853883713e-02
8.202382812e+02,4.746022820e-02
8.204744873e+02,9.612113237e-02
8.207107544e+02,5.489777401e-02
8.209469604e+02,8.294700086e-02
8.211831665e+02,4.996164516e-02
8.214194336e+02,5.102891475e-02
8.216557007e+02,6.436981261e-02
8.218919678e+02,6.153487042e-02
8.221282349e+02,7.807757705e-02
8.223645020e+02,4.932795092e-02
8.226008301e+02,1.081612930e-01
8.228370972e+02,4.502551630e-02
8.230734253e+02,4.489210621e-02
8.233097534e+02,3.421939164e-02
8.235460815e+02,4.085648432e-02
8.237824097e+02,3.375246003e-02
8.240187378e+02,6.390287727e-02
8.242551270e+02,9.205216169e-02
8.244914551e+02,5.890004337e-02
8.247278442e+02,5.676550046e-02
8.249642334e+02,4.352466390e-02
8.252006226e+02,8.588200063e-02
8.254370117e+02,1.156655401e-01
8.256734009e+02,3.878864646e-02
8.259097900e+02,5.839975923e-02
8.261462402e+02,4.922789708e-02
8.263826904e+02,5.930026993e-02
8.266191406e+02,1.170663349e-02
8.268555908e+02,3.668745607e-02
8.270920410e+02,2.991695330e-02
8.273284912e+02,5.583163723e-02
8.275649414e+02,1.207350846e-02
8.278014526e+02,3.395257145e-02
8.280379639e+02,5.156255141e-02
8.282744751e+02,4.769369215e-02
8.285109863e+02,8.391422033e-02
8.287474976e+02,6.787179410e-02
8.289840088e+02,4.552579671e-02
8.292205200e+02,4.422505945e-02
8.294570923e+02,2.804922871e-02
8.296936646e+02,5.956708640e-02
8.299301758e+02,6.166828051e-02
8.301667480e+02,6.023413315e-02
8.304033813e+02,2.321315371e-02
8.306399536e+02,4.655971751e-02
8.308765259e+02,8.581529558e-02
8.311131592e+02,2.197912149e-02
8.313497925e+02,7.053997368e-02
8.315863647e+02,3.258513287e-02
8.318229980e+02,4.629290104e-02
8.320596924e+02,4.075643048e-02
8.322963257e+02,1.627589017e-02
8.325329590e+02,2.291298471e-02
8.327696533e+02,1.148984432e-01
8.330062866e+02,5.516459420e-02
8.332429810e+02,6.907247752e-02
8.334796753e+02,1.734316163e-02
8.337163696e+02,7.080679387e-02
8.339531250e+02,8.784978092e-02
8.341898193e+02,3.418603912e-02
8.344265747e+02,5.596504733e-02
8.346632690e+02,6.100123376e-02
8.349000244e+02,1.123970281e-02
8.351367798e+02,2.414701693e-02
8.353735352e+02,5.022846162e-02
8.356103516e+02,7.370843738e-02
8.358471069e+02,2.454724349e-02
8.360839233e+02,2.801587619e-02
8.363206787e+02,2.474735677e-02
8.365574951e+02,4.595937580e-02
8.367943115e+02,2.638161555e-02
8.370311279e+02,1.817696728e-02
8.372679443e+02,8.271353319e-03
8.375048218e+02,1.617583260e-02
8.377416382e+02,2.768235281e-02
8.379785156e+02,1.484174374e-02
8.382153931e+02,2.678184398e-02
8.384522705e+02,3.692092001e-02
8.386891479e+02,1.791014895e-02
8.389260254e+02,3.882199898e-02
8.391629639e+02,7.177400589e-02
8.393998413e+02,1.007237434e-01
8.396367798e+02,3.588700294e-02
8.398737183e+02,3.391922265e-02
8.401106567e+02,3.812160343e-02
8.403475952e+02,3.195143864e-02
8.405845337e+02,4.459193721e-02
8.408215332e+02,3.228496015e-02
8.410584717e+02,5.256311968e-02
8.412954712e+02,2.267951891e-02
8.415324707e+02,5.763265863e-02
8.417694702e+02,3.708768263e-02
8.420064697e+02,2.868292108e-02
8.422434692e+02,3.191808611e-02
8.424804688e+02,1.811026223e-02
8.427175293e+02,2.571457252e-02
8.429545288e+02,3.028382733e-02
8.431915894e+02,2.131207660e-02
8.434286499e+02,3.081746399e-02
8.436657104e+02,2.224593982e-02
8.439028320e+02,1.857719384e-02
8.441398926e+02,4.202381521e-02
8.443769531e+02,5.769936368e-02
8.446140747e+02,1.804355718e-02
8.448511963e+02,4.042290524e-02
8.450883179e+02,4.042290524e-02
8.453254395e+02,1.864389889e-02
8.455625610e+02,1.073941868e-02
8.457997437e+02,2.841610275e-02
8.460368652e+02,9.412000328e-02
8.462740479e+02,3.592035547e-02
8.465112305e+02,2.788246609e-02
8.467483521e+02,3.535336582e-03
8.469855957e+02,3.128439561e-02
8.472227783e+02,1.020244807e-01
8.474599609e+02,6.356935948e-02
8.476972046e+02,5.046192929e-02
8.479343872e+02,2.161224745e-02
8.481716309e+02,2.664843388e-02
8.484088745e+02,5.573157966e-02
8.486461182e+02,2.874962427e-02
8.488833618e+02,3.975586221e-02
8.491206665e+02,2.614814974e-02
8.493579102e+02,3.962245211e-02
8.495952148e+02,8.938398212e-03
8.498324585e+02,8.037888445e-03
8.500697632e+02,4.105659947e-02
8.503070679e+02,1.237367839e-02
8.505444336e+02,3.842177242e-02
8.507817383e+02,9.138511494e-03
8.510190430e+02,7.277457416e-02
8.512564087e+02,-8.671580581e-04
8.514937744e+02,2.334656194e-03
8.517311401e+02,2.251275815e-02
8.519685059e+02,6.720475107e-02
8.522058716e+02,3.625387698e-02
8.524432373e+02,8.271353319e-03
8.526806641e+02,3.938898817e-02
8.529180298e+02,2.871627174e-02
8.531554565e+02,-1.400793786e-03
8.533928833e+02,1.477503963e-02
8.536303101e+02,6.413634121e-02
8.538677368e+02,2.771570534e-02
8.541051636e+02,1.480839122e-02
8.543426514e+02,1.068939045e-01
8.545800781e+02,7.604308892e-03
8.548175659e+02,2.718207054e-02
8.550550537e+02,3.755461425e-02
8.552925415e+02,5.436413921e-03
8.555300293e+02,2.004469186e-02
8.557675171e+02,3.912216797e-02
8.560050659e+02,3.488643467e-02
8.562425537e+02,1.414134633e-02
8.564801025e+02,8.348064125e-02
8.567176514e+02,4.475869611e-02
8.569552002e+02,6.547043473e-02
8.571927490e+02,1.847713627e-02
8.574302979e+02,1.008905023e-01
8.576679077e+02,2.154554240e-02
8.579054565e+02,3.245172277e-02
8.581430664e+02,2.284627967e-02
8.583806763e+02,2.251275815e-02
8.586182861e+02,5.549811572e-02
8.588558960e+02,-2.334656310e-04
8.590935059e+02,8.144615591e-02
8.593311157e+02,3.398592398e-02
8.595687866e+02,2.541440167e-02
8.598064575e+02,4.332454875e-02
8.600440674e+02,1.544208359e-02
8.602817383e+02,1.380782481e-02
8.605194092e+02,3.968915902e-03
8.607571411e+02,2.317980118e-02
8.609948120e+02,6.236867514e-03
8.612324829e+02,4.685988650e-02
8.614702148e+02,1.150652021e-02
8.617079468e+02,5.829970166e-02
8.619456787e+02,1.250708755e-02
8.621834106e+02,3.365240246e-02
8.624211426e+02,2.544775419e-02
8.626588745e+02,4.092318937e-02
8.628966675e+02,7.104025688e-03
8.631343994e+02,7.937831432e-02
8.633721924e+02,1.460827794e-02
8.636099854e+02,3.455291316e-02
8.638477783e+02,5.669879611e-04
8.640855713e+02,8.691591769e-02
8.643234253e+02,1.754327491e-02
8.645612183e+02,6.953940541e-02
8.647990723e+02,5.303005129e-02
8.650368652e+02,4.282426834e-02
8.652747192e+02,4.028949887e-02
8.655125732e+02,1.827702299e-02
8.657504272e+02,1.737651415e-02
8.659883423e+02,5.823300034e-02
8.662261963e+02,3.668745514e-03
8.664641113e+02,2.614814974e-02
8.667019653e+02,2.107861079e-02
8.669398804e+02,2.738218382e-02
8.671777954e+02,-7.637661416e-03
8.674157104e+02,-4.169029184e-03
8.676536865e+02,2.301304135e-03
8.678916016e+02,2.167895064e-02
8.681295776e+02,2.634826349e-03
8.683674927e+02,1.717640087e-02
8.686054688e+02,9.138511494e-03
8.688434448e+02,6.517026573e-02
8.690814209e+02,2.034486271e-02
8.693193970e+02,1.160657685e-02
8.695574341e+02,8.471467532e-03
8.697954102e+02,3.158456460e-02
8.700334473e+02,5.970049649e-03
8.702714844e+02,1.167328097e-03
8.705095215e+02,2.418036945e-02
8.707475586e+02,1.884401217e-02
8.709855957e+02,7.104025688e-03
8.712236328e+02,1.013907883e-02
8.714617310e+02,6.410299242e-02
8.716997681e+02,-5.903345067e-03
8.719378662e+02,1.003902219e-02
8.721759644e+02,-2.868291922e-03
8.724140625e+02,6.803855300e-03
8.726521606e+02,-8.604875766e-03
8.728903198e+02,9.888937324e-02
8.731284180e+02,2.297968790e-02
8.733665771e+02,1.058599874e-01
8.736046753e+02,7.671013474e-02
8.738428345e+02,5.703231785e-03
8.740809937e+02,-1.554214023e-02
8.743191528e+02,3.268518671e-02
8.745573730e+02,2.137878165e-02
8.747955322e+02,2.021145262e-02
8.750337524e+02,1.991128363e-02
8.752719116e+02,9.038454853e-03
8.755101318e+02,2.995030582e-02
8.757483521e+02,3.835506737e-03
8.759865723e+02,2.067838330e-03
8.762248535e+02,2.341326699e-02
8.764630737e+02,1.063936204e-02
8.767013550e+02,5.803288519e-02
8.769395752e+02,2.054497600e-02
8.771778564e+02,4.836073890e-02
8.774161377e+02,2.314645052e-02
8.776544189e+02,1.347430199e-01
8.778927002e+02,6.663776189e-02
8.781310425e+02,3.408598155e-02
8.783693237e+02,5.089550838e-02
8.786076660e+02,3.338558599e-02
8.788460083e+02,-2.134542912e-03
8.790842896e+02,2.474735677e-02
8.793226318e+02,1.570890099e-02
8.795610352e+02,2.804922871e-02
8.797993774e+02,3.525330871e-02
8.800377197e+02,1.857719384e-02
8.802761230e+02,3.405262902e-02
8.805145264e+02,-1.227362175e-02
8.807529297e+02,2.017810009e-02
8.809913330e+02,-1.133975922e-03
8.812297363e+02,0.000000000e+00
8.814681396e+02,-8.104592562e-03
8.817066040e+02,-5.136243999e-03
8.819450073e+02,1.500850450e-02
8.821834717e+02,3.718774021e-02
8.824219360e+02,-2.067838330e-03
8.826604004e+02,-1.544208359e-02
8.828988647e+02,7.037321106e-03
8.831373291e+02,5.366374180e-02
8.833757935e+02,1.467498252e-03
8.836143188e+02,-8.371410891e-03
8.838528442e+02,3.798819333e-02
8.840913086e+02,2.101190621e-03
8.843298340e+02,2.371343784e-02
8.845683594e+02,1.974452101e-02
8.848069458e+02,4.132341594e-02
8.850454712e+02,1.020578295e-02
8.852839966e+02,2.027815767e-02
8.855225830e+02,-1.467498206e-02
8.857611694e+02,4.622619599e-02
8.859997559e+02,3.615381941e-02
8.862383423e+02,-1.140646357e-02
8.864769287e+02,6.203515455e-03
8.867155151e+02,7.574292272e-02
8.869541626e+02,3.792148829e-02
8.871927490e+02,6.583730876e-02
8.874313965e+02,8.738284931e-03
8.876700439e+02,3.808825091e-02
8.879086914e+02,-8.638228290e-03
8.881473389e+02,2.024480514e-02
8.883859863e+02,4.529233277e-02
8.886246948e+02,7.934496552e-02
8.888633423e+02,4.922789708e-02
8.891020508e+02,-1.567554893e-03
8.893407593e+02,2.891638502e-02
8.895794678e+02,8.971750736e-02
8.898181763e+02,2.744888701e-02
8.900568848e+02,4.335790290e-04
8.902955933e+02,5.303005222e-03
8.905343628e+02,-6.303572096e-03
8.907730713e+02,-1.204015594e-02
8.910118408e+02,2.834939770e-02
8.912506104e+02,4.442517459e-02
8.914893799e+02,1.584231108e-02
8.917281494e+02,2.734883130e-02
8.919669800e+02,4.802721553e-03
8.922057495e+02,1.130640693e-02
8.924445801e+02,-9.271920659e-03
8.926833496e+02,4.092318937e-02
8.929221802e+02,3.688757122e-02
8.931610107e+02,2.234599553e-02
8.933998413e+02,6.130140275e-02
8.936387329e+02,8.804989047e-03
8.938775635e+02,2.037821524e-02
8.941164551e+02,-1.881065965e-02
8.943552856e+02,3.678751364e-02
8.945941772e+02,5.229629949e-02
8.948330688e+02,-1.720975153e-02
8.950719604e+02,1.700963825e-02
8.953108521e+02,4.055631533e-02
8.955498047e+02,5.363038927e-02
8.957886963e+02,-1.570890099e-02
8.960276489e+02,-7.370843552e-03
8.962666016e+02,4.539239034e-02
8.965055542e+02,1.467498206e-02
8.967445068e+02,1.000566990e-04
8.969834595e+02,1.244038250e-02
8.972224121e+02,4.932795092e-02
8.974614258e+02,1.063936204e-02
8.977003784e+02,2.548110671e-02
8.979393921e+02,4.335790290e-04
8.981784058e+02,4.822732881e-02
8.984174194e+02,2.558116242e-02
8.986564331e+02,4.902778193e-03
8.988954468e+02,-9.305273183e-03
8.991345215e+02,-5.269652698e-03
8.993735352e+02,3.758796677e-02
8.996126099e+02,-1.457492542e-02
8.998516846e+02,1.891071536e-02
9.000907593e+02,5.423073098e-02
9.003298340e+02,2.554780990e-02
9.005689087e+02,-3.021712229e-02
9.008079834e+02,3.341893852e-02
9.010471191e+02,1.951105706e-02
9.012861938e+02,4.095654190e-02
9.015253296e+02,1.041590199e-01
9.017644653e+02,3.698762506e-02
9.020036011e+02,4.172364250e-02
9.022427368e+02,1.887736470e-02
9.024819336e+02,1.220024675e-01
9.027210693e+02,3.088416718e-02
9.029602661e+02,2.191241644e-02
9.031994019e+02,1.280725747e-02
9.034385986e+02,1.680952497e-02
9.036777954e+02,1.324083656e-02
9.039169922e+02,3.915552050e-02
9.041561890e+02,3.888870403e-02
9.043954468e+02,5.936697591e-03
9.046346436e+02,6.103458814e-03
9.048739014e+02,2.121202089e-02
9.051131592e+02,1.414134633e-02
9.053524170e+02,3.135109786e-03
9.055916748e+02,-2.424707264e-02
9.058309326e+02,-4.802721553e-03
9.060701904e+02,-7.971183397e-03
9.063095093e+02,3.101757728e-03
9.065487671e+02,1.230697427e-02
9.067880859e+02,2.961678244e-02
9.070274048e+02,3.095087223e-02
9.072667236e+02,7.937831804e-03
9.075060425e+02,1.884401217e-02
9.077454224e+02,7.020644844e-02
9.079847412e+02,1.230697427e-02
9.082240601e+02,4.172364250e-02
9.084634399e+02,-6.236867514e-03
9.087028198e+02,6.433645636e-02
9.089421997e+02,7.070673164e-03
9.091815796e+02,5.943368003e-02
9.094209595e+02,-3.068405390e-02
9.096604004e+02,-3.335223300e-05
9.098997803e+02,-1.013907883e-02
9.101392212e+02,-8.804989047e-03
9.103786011e+02,-1.740986481e-02
9.106180420e+02,4.592602327e-02
9.108574829e+02,2.744888701e-02
9.110969849e+02,-2.041156590e-02
9.113364258e+02,-1.544208359e-02
9.115758667e+02,-1.704299077e-02
9.118153687e+02,3.271853924e-02
9.120548706e+02,1.507520955e-02
9.122943115e+02,2.608144656e-02
9.125338135e+02,8.121268451e-02
9.127733765e+02,1.010572631e-02
9.130128784e+02,5.036187358e-03
9.132523804e+02,3.435280174e-02
9.134919434e+02,-4.535903689e-03
9.137314453e+02,2.668178640e-04
9.139710083e+02,-2.544775419e-02
9.142105713e+02,2.361338027e-02
9.144501343e+02,2.074508928e-02
9.146896973e+02,5.603175145e-03
9.149293213e+02,-1.007237472e-02
9.151688843e+02,-7.504252251e-03
9.154085083e+02,5.603175145e-03
9.156480713e+02,6.370276678e-03
9.158876953e+02,-8.338058251e-04
9.161273193e+02,-2.524764091e-02
9.163669434e+02,2.294633538e-02
9.166066284e+02,-9.838908911e-03
9.168462524e+02,-1.133975922e-03
9.170858765e+02,-5.769936368e-03
9.173255615e+02,1.327418908e-02
9.175652466e+02,-1.634259359e-03
9.178049316e+02,1.103958935e-01
9.180446167e+02,3.562018648e-02
9.182843018e+02,6.477003545e-02
9.185239868e+02,-1.220691763e-02
9.187637329e+02,6.370276678e-03
9.190034180e+02,-1.267384854e-03
9.192431641e+02,9.338624775e-03
9.194829102e+02,8.338058251e-04
9.197226562e+02,-3.635393456e-03
9.199624023e+02,-1.304072328e-02
9.202021484e+02,3.308541328e-02
9.204419556e+02,2.221258730e-02
9.206817017e+02,-1.227362175e-02
9.209215088e+02,1.750992239e-02
9.211613159e+02,2.731547877e-02
9.214011230e+02,7.504252251e-03
9.216409302e+02,8.204649203e-03
9.218807373e+02,6.770503242e-03
9.221205444e+02,1.020578295e-02
9.223604126e+02,4.315778986e-02
9.226002197e+02,-8.471467532e-03
9.228400879e+02,-9.638795629e-03
9.230799561e+02,2.097855508e-02
9.233198242e+02,-2.734882990e-03
9.235596924e+02,1.480839122e-02
9.237995605e+02,-2.314645052e-02
9.240394897e+02,-1.167328097e-03
9.242793579e+02,-9.538738988e-03
9.245192871e+02,3.031717986e-02
9.247592163e+02,-7.570956834e-03
9.249991455e+02,5.469765980e-03
9.252390747e+02,1.982456744e-01
9.254790039e+02,3.578694537e-02
9.257189331e+02,-5.803288426e-03
9.259589233e+02,-1.217356510e-02
9.261988525e+02,-4.535903689e-03
9.264388428e+02,-6.703798659e-03
9.266788330e+02,-3.135109786e-03
9.269188232e+02,5.469765980e-03
9.271588135e+02,1.807690971e-02
9.273988037e+02,2.331321128e-02
9.276388550e+02,-3.101757728e-02
9.278788452e+02,3.578694537e-02
9.281188965e+02,3.598706052e-02
9.283589478e+02,1.694293506e-02
9.285989990e+02,7.294133306e-02
9.288390503e+02,-1.600907184e-03
9.290791016e+02,2.488076501e-02
9.293191528e+02,3.058399856e-01
9.295592651e+02,6.837207824e-03
9.297993164e+02,3.245172277e-02
9.300394287e+02,1.994463615e-02
9.302795410e+02,-4.102324601e-03
9.305196533e+02,-7.537604775e-03
9.307597656e+02,-6.336924154e-03
9.309998779e+02,2.621485479e-02
9.312400513e+02,-4.008938372e-02
9.314801636e+02,1.207350846e-02
9.317203369e+02,-3.668745514e-03
9.319605103e+02,3.545342386e-02
9.322006836e+02,1.417469885e-02
9.324408569e+02,2.041156590e-02
9.326810303e+02,6.030083820e-02
9.329212036e+02,-1.487509627e-02
9.331614380e+02,3.565353528e-02
9.334016113e+02,2.368008532e-02
9.336418457e+02,2.301304042e-02
9.338820801e+02,-2.501417510e-02
9.341223145e+02,1.484174374e-02
9.343625488e+02,-1.487509627e-02
9.346027832e+02,3.001700854e-03
9.348430176e+02,-1.300737029e-03
9.350833130e+02,4.515892267e-02
9.353236084e+02,3.178467974e-02
9.355638428e+02,4.669312388e-03
9.358041382e+02,-7.604308892e-03
9.360444336e+02,-1.781009324e-02
9.362847290e+02,2.918320335e-02
9.365250854e+02,3.161791712e-02
9.367653809e+02,-1.700963825e-02
9.370057373e+02,2.358002961e-02
9.372460327e+02,-3.802154446e-03
9.374863892e+02,2.034486271e-02
9.377267456e+02,1.867725048e-03
9.379671021e+02,1.147316769e-02
9.382075195e+02,3.498649225e-02
9.384478760e+02,6.670446601e-04
9.386882324e+02,-3.768802388e-03
9.389286499e+02,-1.357435901e-02
9.391690674e+02,2.521428838e-02
9.394094849e+02,2.054497600e-02
9.396499023e+02,3.665410355e-02
9.398903198e+02,1.931094378e-02
9.401307373e+02,5.663209036e-02
9.403712158e+02,-9.938965552e-03
9.406116333e+02,3.115098551e-02
9.408521118e+02,-2.638161555e-02
9.410925903e+02,1.267384854e-03
9.413330078e+02,3.742120415e-02
9.415735474e+02,-6.136810873e-03
9.418140259e+02,1.530867536e-02
9.420545044e+02,-3.735450096e-03
9.422950439e+02,4.209051654e-02
9.425355225e+02,3.068405436e-03
9.427760620e+02,-2.434713021e-02
9.430166016e+02,1.650935598e-02
9.432571411e+02,2.901644260e-02
9.434976807e+02,-1.067271456e-03
9.437382202e+02,-2.137878165e-02
9.439787598e+02,1.771003567e-02
9.442193604e+02,-1.160657685e-02
9.444599609e+02,8.071240038e-03
9.447005005e+02,2.201247262e-03
9.449411011e+02,-5.836640950e-03
9.451817017e+02,3.268518718e-03
9.454223022e+02,-1.730980910e-02
9.456629639e+02,1.634259336e-02
9.459035645e+02,1.300737029e-03
9.461442261e+02,9.005103260e-03
9.463848267e+02,-1.791014895e-02
9.466254883e+02,1.314077992e-02
9.468661499e+02,8.031217754e-02
9.471068115e+02,8.571524173e-03
9.473475342e+02,4.702664912e-03
9.475881958e+02,-1.971117035e-02
9.478288574e+02,-3.068405436e-03
9.480695801e+02,-1.981122606e-02
9.483103027e+02,-7.237434387e-03
9.485510254e+02,3.501984477e-02
9.487917480e+02,2.694860473e-02
9.490324707e+02,2.838275023e-02
9.492731934e+02,-2.261281386e-02
9.495139160e+02,5.936697591e-03
9.497546997e+02,2.147883736e-02
9.499954834e+02,-3.635393456e-03
9.502362061e+02,6.333588809e-02
9.504769897e+02,-4.669312621e-04
9.507177734e+02,2.824934199e-02
9.509585571e+02,3.915552050e-02
9.511994019e+02,1.347430237e-02
9.514401855e+02,2.661508135e-02
9.516810303e+02,2.291298471e-02
9.519218140e+02,2.378014289e-02
9.521626587e+02,-1.457492542e-02
9.524035034e+02,6.103458814e-03
9.526443481e+02,7.064002752e-02
9.528852539e+02,-2.234599553e-03
9.531260986e+02,-2.801587619e-02
9.533669434e+02,-6.737151183e-03
9.536078491e+02,9.672147222e-03
9.538487549e+02,4.115665704e-02
9.540896606e+02,-3.822165728e-02
9.543305664e+02,1.874395460e-02
9.545714722e+02,-1.577560604e-02
9.548123779e+02,4.072307795e-02
9.550532837e+02,2.634826489e-02
9.552942505e+02,-2.177900821e-02
9.555352173e+02,3.588700294e-02
9.557761230e+02,3.331888095e-02
9.560170898e+02,5.669879611e-04
9.562580566e+02,-1.420805138e-02
9.564990845e+02,-6.670446601e-03
9.567400513e+02,3.258513287e-02
9.569810181e+02,2.151218988e-02
9.572220459e+02,-3.175132722e-02
9.574630737e+02,-2.001133980e-04
9.577040405e+02,4.068972543e-03
9.579450684e+02,3.218490630e-02
9.581860962e+02,-2.828269266e-02
9.584271851e+02,-1.967781689e-03
9.586682129e+02,1.083947532e-02
9.589092407e+02,4.239068925e-02
9.591503296e+02,1.834372757e-03
9.593914185e+02,1.047260128e-02
9.596325073e+02,7.881132513e-02
9.598735962e+02,-4.402494524e-03
9.601146851e+02,-9.705499746e-03
9.603557739e+02,1.284061000e-02
9.605968628e+02,1.867724955e-02
9.608380127e+02,1.307407487e-02
9.610791626e+02,-1.821031980e-02
9.613202515e+02,1.857719384e-02
9.615614014e+02,-1.340759732e-02
9.618025513e+02,-1.304072328e-02
9.620437012e+02,-1.300737076e-02
9.622849121e+02,5.546476319e-02
9.625260620e+02,1.280725747e-02
9.627672729e+02,-8.171296678e-03
9.630084229e+02,-2.221258730e-02
9.632496338e+02,6.903912406e-03
9.634908447e+02,-7.370843552e-03
9.637320557e+02,-2.358002961e-02
9.639732666e+02,-1.734316116e-03
9.642145386e+02,1.060601044e-02
9.644557495e+02,6.683787704e-02
9.646970215e+02,8.238001727e-03
9.649382324e+02,-6.770503242e-03
9.651795044e+02,3.668745514e-03
9.654207764e+02,2.734883130e-02
9.656620483e+02,5.169596057e-03
9.659033203e+02,-1.907747798e-02
9.661446533e+02,3.878864646e-02
9.663859253e+02,-3.602041164e-03
9.666272583e+02,-2.314645052e-02
9.668685913e+02,-1.334089320e-03
9.671099243e+02,-3.568688873e-03
9.673512573e+02,2.064503171e-02
9.675925903e+02,1.090618037e-02
9.678339233e+02,-1.147316769e-02
9.680752563e+02,4.245739430e-02
9.683166504e+02,3.145115450e-02
9.685579834e+02,-2.968348796e-03
9.687993774e+02,2.067838423e-02
9.690407715e+02,-1.210686099e-02
9.692821655e+02,-1.077277120e-02
9.695235596e+02,2.354667708e-02
9.697650146e+02,1.737651415e-02
9.700064087e+02,-1.230697427e-02
9.702478638e+02,7.304138970e-03
9.704892578e+02,-2.347997203e-02
9.707307129e+02,-2.351332456e-02
9.709721680e+02,2.281292714e-02
9.712136230e+02,1.434145961e-03
9.714550781e+02,-7.937831804e-03
9.716965942e+02,-1.160657685e-02
9.719380493e+02,6.533702463e-02
9.721795654e+02,-1.554214023e-02
9.724210205e+02,-2.574792318e-02
9.726625366e+02,2.111196332e-02
9.729040527e+02,-1.297401823e-02
9.731455688e+02,1.578227729e-01
9.733870850e+02,-2.701530932e-03
9.736286621e+02,-2.998365648e-02
9.738701782e+02,2.291298471e-02
9.741117554e+02,1.017243136e-02
9.743533325e+02,8.371410891e-03
9.745948486e+02,-2.791581862e-02
9.748364258e+02,1.310742740e-02
9.750780029e+02,-1.484174374e-02
9.753196411e+02,-2.151218988e-02
9.755612183e+02,-1.514191367e-02
9.758028564e+02,8.471467532e-03
9.760444336e+02,2.438048273e-02
9.762860718e+02,-2.314645052e-02
9.765277100e+02,7.864456624e-02
9.767693481e+02,2.568122000e-03
9.770109863e+02,3.481972963e-02
9.772526245e+02,-2.211252972e-02
9.774943237e+02,-2.401360776e-03
9.777359619e+02,-4.068972543e-03
9.779776611e+02,1.397458557e-02
9.782193604e+02,-1.540873200e-02
9.784610596e+02,4.192375764e-02
9.787027588e+02,-1.497515291e-02
9.789444580e+02,6.036754232e-03
9.791861572e+02,-2.751559205e-02
9.794278564e+02,-1.497515291e-02
9.796696167e+02,4.932795092e-02
9.799113770e+02,3.782143071e-02
9.801530762e+02,-1.334089320e-04
9.803948364e+02,1.867725048e-03
9.806365967e+02,2.077844180e-02
9.808784180e+02,1.264049672e-02
9.811201782e+02,2.368008485e-03
9.813619385e+02,4.002267960e-04
9.816037598e+02,-4.035620019e-03
9.818455811e+02,-1.907747798e-02
9.820873413e+02,-2.071173675e-02
9.823291626e+02,4.856085032e-02
9.825709839e+02,-3.001700970e-04
9.828128662e+02,3.145115450e-02
9.830546875e+02,-1.740986481e-02
9.832965088e+02,2.147883736e-02
9.835383911e+02,3.328552842e-02
9.837802734e+02,-1.764333062e-02
9.840221558e+02,-3.105092794e-02
9.842639771e+02,-2.648167312e-02
9.845059204e+02,-1.000566990e-04
9.847478027e+02,-1.133975922e-03
9.849896851e+02,5.236300640e-03
9.852316284e+02,-3.622052446e-02
9.854735107e+02,1.584231108e-02
9.857154541e+02,7.687689364e-02
9.859573975e+02,-1.734316163e-02
9.861993408e+02,-2.434713067e-03
9.864412842e+02,9.438682348e-03
9.866832275e+02,6.737151183e-03
9.869251709e+02,-1.274055336e-02
9.871671753e+02,-1.564219780e-02
9.874091797e+02,3.208484873e-02
9.876511230e+02,5.669879611e-04
9.878931274e+02,-1.537537947e-02
9.881351318e+02,-2.604809403e-02
9.883771362e+02,9.738852270e-03
9.886192017e+02,9.872260503e-03
9.888612061e+02,1.267384854e-03
9.891032104e+02,-6.770503242e-03
9.893452759e+02,-4.335790290e-04
9.895873413e+02,7.671013591e-04
9.898294067e+02,-3.501984524e-03
9.900714722e+02,6.270219572e-03
9.903135376e+02,2.724877372e-02
9.905556030e+02,-1.000566990e-03
9.907977295e+02,-3.935563378e-03
9.910397949e+02,2.908314764e-02
9.912819214e+02,2.147883736e-02
9.915239868e+02,-9.772203863e-03
9.917661133e+02,-3.031717986e-02
9.920082397e+02,8.137945086e-03
9.922504272e+02,1.450822130e-02
9.924925537e+02,-6.336924154e-03
9.927346802e+02,-2.544775419e-02
9.929768677e+02,-5.503118504e-03
9.932189941e+02,-5.669879611e-04
9.934611816e+02,7.671013591e-04
9.937033691e+02,-1.897742040e-02
9.939455566e+02,3.932228312e-02
9.941877441e+02,2.051162347e-02
9.944299927e+02,3.061735071e-02
9.946721802e+02,-1.080612373e-02
9.949143677e+02,1.053930540e-02
9.951566162e+02,-6.203515455e-03
9.953988647e+02,3.221825883e-02
9.956411133e+02,-2.731547877e-02
9.958833618e+02,-1.634259359e-03
9.961256104e+02,5.536470562e-03
9.963678589e+02,-1.504185703e-02
9.966101685e+02,-1.367441495e-03
9.968524170e+02,6.670446601e-03
9.970947266e+02,3.271853924e-02
9.973370361e+02,2.568122000e-02
9.975793457e+02,-8.404762484e-03
9.978216553e+02,5.506453663e-02
9.980639648e+02,1.734316163e-02
9.983062744e+02,-3.111763299e-02
9.985486450e+02,-2.054497600e-02
9.987909546e+02,-3.101757728e-03
9.990333252e+02,-8.438115008e-03
9.992756958e+02,-2.594803646e-02
9.995180664e+02,-2.691525221e-02
9.997604370e+02,8.304706216e-02
1.000002808e+03,-1.244038250e-02
1.000245178e+03,-1.354100648e-02
1.000487610e+03,7.104025688e-03
1.000729980e+03,1.304072328e-02
1.000972412e+03,3.428609669e-02
1.001214844e+03,-2.871627174e-02
1.001457275e+03,-9.772203863e-03
1.001699707e+03,-2.634826349e-03
1.001942139e+03,-6.270219572e-03
1.002184570e+03,-6.570389960e-03
1.002427063e+03,-1.050595380e-02
1.002669495e+03,9.405329823e-03
1.002911987e+03,-5.069539417e-03
1.003154480e+03,-2.634826349e-03
1.003396973e+03,6.303572096e-03
1.003639465e+03,3.488643467e-02
1.003881958e+03,-2.634826349e-03
1.004124451e+03,3.702097805e-03
1.004367004e+03,-2.201247262e-03
1.004609497e+03,2.671513893e-02
1.004852051e+03,-1.464163046e-02
1.005094604e+03,-2.214588225e-02
1.005337158e+03,-9.105159901e-03
1.005579712e+03,-1.727645658e-02
1.005822266e+03,9.171864018e-03
1.006064819e+03,3.435279941e-03
1.006307434e+03,2.301304042e-02
1.006549988e+03,3.535336629e-02
1.006792603e+03,1.841043308e-02
1.007035217e+03,1.187339518e-02
1.007277832e+03,-1.357435901e-02
1.007520447e+03,4.135676846e-02
1.007763062e+03,4.189040512e-02
1.008005676e+03,-1.217356510e-02
1.008248352e+03,-2.608144656e-02
1.008490967e+03,1.467498252e-03
1.008733643e+03,-4.369142465e-03
1.008976318e+03,-9.538738988e-03
1.009218994e+03,2.518093586e-02
1.009461670e+03,1.227362175e-02
1.009704346e+03,5.222959816e-02
1.009947021e+03,1.194009930e-02
1.010189758e+03,7.594303787e-02
1.010432434e+03,3.268518718e-03
1.010675171e+03,-1.801020582e-03
1.010917908e+03,-3.902211320e-03
1.011160645e+03,-2.794917114e-02
1.011403381e+03,5.803288426e-03
1.011646118e+03,-1.417469885e-02
1.011888855e+03,-1.617583260e-02
1.012131653e+03,-4.002267960e-03
1.012374390e+03,2.101190761e-02
1.012617188e+03,1.654270664e-02
1.012859985e+03,-2.114531584e-02
1.013102783e+03,-5.503118504e-03
1.013345581e+03,3.095087223e-02
1.013588379e+03,6.670446601e-03
1.013831177e+03,4.535903689e-03
1.014074036e+03,1.424140390e-02
1.014316833e+03,-3.468632232e-03
1.014559692e+03,6.670446601e-03
1.014802551e+03,2.961678244e-02
1.015045349e+03,-1.887736470e-02
1.015288269e+03,2.077844180e-02
1.015531128e+03,1.540873200e-02
1.015773987e+03,-1.190674752e-01
1.016016846e+03,-1.185338348e-01
1.016259766e+03,-1.223026365e-01
1.016502686e+03,-1.219691187e-01
1.016745544e+03,-1.230363846e-01
1.016988464e+03,-1.216355935e-01
