1.933779755e+02,6.808727514e-03
1.935834351e+02,-1.583036035e-02
1.937889099e+02,9.276651777e-03
1.939943848e+02,-1.421798393e-02
1.941998901e+02,4.669860471e-03
1.944053955e+02,-3.161684610e-03
1.946109161e+02,1.325823553e-02
1.948164520e+02,5.689935759e-03
1.950220032e+02,1.849023439e-02
1.952275696e+02,-1.326371916e-02
1.954331360e+02,2.072781883e-02
1.956387177e+02,3.978019208e-02
1.958443298e+02,1.921415888e-02
1.960499420e+02,-4.083042964e-03
1.962555695e+02,1.543000806e-02
1.964611969e+02,2.984268405e-02
1.966668549e+02,9.638614021e-03
1.968725128e+02,2.724313736e-02
1.970782013e+02,8.388198912e-03
1.972838898e+02,3.122472018e-02
1.974895935e+02,1.766759343e-02
1.976953125e+02,1.786502637e-02
1.979010315e+02,-1.013768278e-02
1.981067810e+02,9.597481403e-05
1.983125305e+02,1.668042317e-02
1.985182953e+02,-3.688174998e-03
1.987240906e+02,-1.713835984e-03
1.989298706e+02,-7.176174317e-03
1.991356812e+02,-5.399269052e-03
1.993415070e+02,-2.108703833e-03
1.995473328e+02,-1.560002100e-02
1.997531891e+02,-1.092741825e-02
1.999590454e+02,-1.119066402e-02
2.001649170e+02,3.715596395e-03
2.003708038e+02,-1.415217202e-02
2.005766907e+02,4.280751199e-02
2.007826080e+02,1.858895086e-02
2.009885254e+02,-3.976099542e-04
2.011944733e+02,1.313483925e-03
2.014004211e+02,5.031822715e-03
2.016063843e+02,1.617861126e-04
2.018123627e+02,-2.418839559e-02
2.020183411e+02,-2.001760440e-04
2.022243500e+02,2.806577832e-02
2.024303589e+02,5.558312871e-03
2.026363831e+02,2.816449478e-02
2.028424225e+02,2.977687307e-02
2.030484772e+02,1.125099044e-02
2.032545471e+02,8.660493046e-02
2.034606171e+02,6.306916475e-05
2.036667175e+02,4.768577404e-03
2.038728180e+02,8.355293423e-03
2.040789337e+02,2.230728976e-02
2.042850647e+02,3.090389073e-03
2.044912109e+02,2.275974257e-04
2.046973724e+02,-6.847117562e-03
2.049035339e+02,-6.024476141e-03
2.051097107e+02,1.967483759e-02
2.053159180e+02,7.479180396e-02
2.055221252e+02,7.163286209e-02
2.057283478e+02,-4.675344564e-03
2.059345703e+02,1.050238730e-03
2.061408234e+02,-8.426588960e-03
2.063470764e+02,7.664274424e-03
2.065533600e+02,1.247672597e-03
2.067596436e+02,-1.151971985e-02
2.069659424e+02,1.631846093e-02
2.071722412e+02,8.124954067e-03
2.073785706e+02,2.589400485e-02
2.075848999e+02,-7.867192850e-03
2.077912598e+02,-1.678462513e-02
2.079976196e+02,1.822698861e-02
2.082039948e+02,4.472426604e-03
2.084103851e+02,5.492501426e-03
2.086167908e+02,9.145028889e-03
2.088231964e+02,3.978841472e-03
2.090296173e+02,-1.981194504e-02
2.092360687e+02,8.289482445e-03
2.094425201e+02,2.234842163e-03
2.096489868e+02,2.827143762e-03
2.098554535e+02,3.787166253e-02
2.100619507e+02,9.210839868e-03
2.102684479e+02,-1.484319102e-02
2.104749756e+02,7.170689758e-03
2.106815033e+02,1.358729228e-02
2.108880463e+02,1.306080166e-02
2.110946045e+02,2.540042065e-02
2.113011627e+02,2.201936441e-03
2.115077515e+02,4.908426199e-04
2.117143402e+02,3.814313328e-03
2.119209442e+02,-2.075798111e-03
2.121275635e+02,9.177934378e-03
2.123341980e+02,4.474894330e-02
2.125408478e+02,1.398216002e-02
2.127475128e+02,8.585632779e-03
2.129541779e+02,1.473898999e-02
2.131608582e+02,-5.958665162e-03
2.133675537e+02,-3.819797654e-03
2.135742645e+02,1.116050058e-03
2.137809906e+02,-1.638975739e-02
2.139877319e+02,-7.011645939e-03
2.141944733e+02,2.214276046e-02
2.144012299e+02,-1.800213382e-02
2.146080017e+02,-1.286062528e-03
2.148147888e+02,-1.250688918e-02
2.150215912e+02,-5.958665162e-03
2.152284088e+02,-1.563292742e-02
2.154352264e+02,3.419445595e-03
2.156420746e+02,7.762991358e-03
2.158489227e+02,-1.908802055e-02
2.160557861e+02,-4.839872941e-03
2.162626648e+02,8.881784044e-03
2.164695435e+02,3.254094720e-02
2.166764526e+02,1.506804582e-02
2.168833618e+02,-6.279494846e-04
2.170902863e+02,-4.214665387e-03
2.172972412e+02,3.852977604e-02
2.175041809e+02,2.497264743e-02
2.177111511e+02,4.978350922e-02
2.179181366e+02,-2.536477288e-03
2.181251221e+02,1.279755589e-02
2.183321228e+02,-5.333457608e-03
2.185391388e+02,-1.066417340e-02
2.187461700e+02,-4.872778431e-03
2.189532166e+02,-7.998815738e-03
2.191602783e+02,-5.563797429e-03
2.193673401e+02,8.528048056e-04
2.195744171e+02,6.479671225e-03
2.197815247e+02,6.306916475e-05
2.199886322e+02,1.065868884e-02
2.201957397e+02,5.525407381e-03
2.204028778e+02,-1.438251138e-02
2.206100159e+02,1.576729119e-03
2.208171844e+02,-1.464575715e-02
2.210243530e+02,-6.550966762e-03
2.212315369e+02,2.070313785e-03
2.214387360e+02,2.089234628e-02
2.216459351e+02,-1.398764364e-02
2.218531647e+02,-2.569383010e-03
2.220603943e+02,6.380954292e-03
2.222676392e+02,4.579369852e-04
2.224748993e+02,2.599272318e-02
2.226821747e+02,2.517008036e-02
2.228894653e+02,8.980500512e-03
2.230967712e+02,-1.079579536e-02
2.233040771e+02,3.329777718e-02
2.235113983e+02,-5.292325513e-04
2.237187347e+02,-1.318968134e-03
2.239260864e+02,3.497596458e-02
2.241334534e+02,-1.319790818e-02
2.243408203e+02,-1.573164389e-02
2.245482178e+02,1.924706437e-02
2.247556152e+02,2.763800509e-02
2.249630280e+02,-6.715495139e-03
2.251704559e+02,2.079362981e-02
2.253778839e+02,3.958275542e-02
2.255853424e+02,2.099106275e-02
2.257928009e+02,-1.372439880e-02
2.260002899e+02,2.695521340e-03
2.262077789e+02,-4.181759898e-03
2.264152832e+02,8.528048056e-04
2.266227875e+02,-1.214492787e-02
2.268303223e+02,1.697657444e-02
2.270378571e+02,2.728426829e-03
2.272454224e+02,1.740434766e-02
2.274529877e+02,-1.086160727e-02
2.276605682e+02,-2.139141597e-02
2.278681488e+02,-3.622363787e-03
2.280757599e+02,8.848877624e-03
2.282833710e+02,3.880124772e-03
2.284910126e+02,-1.833119057e-02
2.286986542e+02,-9.808626026e-03
2.289063110e+02,1.789793186e-02
2.291139679e+02,1.708351774e-03
2.293216553e+02,1.437702775e-02
2.295293427e+02,1.204072591e-02
2.297370605e+02,5.136298016e-02
2.299447784e+02,2.069491334e-02
2.301525116e+02,-1.974613219e-02
2.303602448e+02,6.545482669e-03
2.305680084e+02,-6.057382096e-03
2.307757721e+02,4.209181294e-03
2.309835663e+02,1.905785641e-03
2.311913605e+02,5.929324031e-02
2.313991699e+02,6.051897537e-03
2.316069794e+02,-1.484319102e-02
2.318148193e+02,2.418291196e-02
2.320226746e+02,1.638427190e-02
2.322305298e+02,4.813822731e-02
2.324384003e+02,-9.611192159e-03
2.326462860e+02,2.648630738e-02
2.328541870e+02,-1.731111482e-02
2.330620880e+02,-1.878364244e-03
2.332700195e+02,-7.834287360e-03
2.334779510e+02,-1.286062528e-03
2.336858978e+02,2.859226801e-02
2.338938599e+02,-4.148854408e-03
2.341018372e+02,-5.761231296e-03
2.343098145e+02,-2.326703817e-02
2.345178223e+02,3.323196620e-02
2.347258301e+02,2.925860928e-03
2.349338531e+02,-6.386438385e-03
2.351418915e+02,2.609143965e-02
2.353499298e+02,1.371891424e-02
2.355579987e+02,-2.175337821e-02
2.357660675e+02,-2.622854710e-02
2.359741669e+02,1.609634724e-03
2.361822662e+02,1.391634811e-02
2.363903809e+02,3.138924763e-02
2.365984955e+02,-1.020349376e-02
2.368066406e+02,-1.043383405e-02
2.370147858e+02,2.860049484e-03
2.372229462e+02,4.900199827e-03
2.374311371e+02,9.934764355e-03
2.376393127e+02,2.803287283e-02
2.378475189e+02,6.183520425e-03
2.380557404e+02,1.190910395e-02
2.382639618e+02,2.125430852e-02
2.384721985e+02,-4.412099253e-03
2.386804504e+02,1.055997238e-02
2.388887177e+02,5.063905567e-02
2.390970001e+02,7.334395498e-02
2.393052826e+02,-7.603947539e-03
2.395135956e+02,5.262162071e-03
2.397219086e+02,2.902004309e-02
2.399302368e+02,2.961234376e-02
2.401385803e+02,-1.918673702e-02
2.403469238e+02,3.379136324e-02
2.405552979e+02,1.148132980e-02
2.407636719e+02,-1.691624708e-02
2.409720612e+02,-5.761231296e-03
2.411804657e+02,-9.150513448e-03
2.413888855e+02,5.895596114e-04
2.415973206e+02,-6.855343963e-05
2.418057556e+02,-8.788551204e-03
2.420142059e+02,1.766759343e-02
2.422226715e+02,8.361051977e-02
2.424311523e+02,-1.194749400e-02
2.426396484e+02,4.209181294e-03
2.428481598e+02,9.112123400e-03
2.430566711e+02,-7.603947539e-03
2.432651978e+02,-9.282135405e-03
2.434737549e+02,2.662615618e-03
2.436822968e+02,-1.428379491e-02
2.438908691e+02,-1.609360613e-02
2.440994568e+02,3.682690905e-03
2.443080444e+02,-1.477737911e-02
2.445166473e+02,3.349521011e-02
2.447252655e+02,2.415000647e-02
2.449338989e+02,-8.426588960e-03
2.451425476e+02,-1.625813358e-02
2.453511963e+02,-1.253979560e-02
2.455598755e+02,4.373709671e-03
2.457685547e+02,5.218562111e-02
2.459772491e+02,-2.227986790e-02
2.461859589e+02,-2.635194222e-03
2.463946686e+02,2.592691034e-02
2.466034088e+02,-1.615119050e-03
2.468121490e+02,-2.757767774e-02
2.470209045e+02,5.722841248e-03
2.472296753e+02,2.122140303e-02
2.474384613e+02,-9.150513448e-03
2.476472626e+02,7.631368935e-03
2.478560638e+02,7.894613780e-03
2.480648804e+02,2.695521340e-03
2.482737122e+02,1.437702775e-02
2.484825592e+02,-1.043383405e-02
2.486914215e+02,6.306916475e-05
2.489002991e+02,1.346389530e-03
2.491091766e+02,-1.885768026e-02
2.493180695e+02,1.457446162e-02
2.495269775e+02,7.730085868e-03
2.497359009e+02,-5.497985985e-03
2.499448395e+02,9.868953377e-03
2.501537781e+02,-1.898930222e-02
2.503627472e+02,1.493642386e-02
2.505717163e+02,2.112268656e-02
2.507807007e+02,-3.057209216e-02
2.509897003e+02,2.794238273e-03
2.511987000e+02,4.234683141e-02
2.514077301e+02,-9.051796049e-03
2.516167603e+02,3.546955064e-02
2.518258057e+02,-2.181918919e-02
2.520348663e+02,2.796706185e-02
2.522439423e+02,-6.279494846e-04
2.524530182e+02,1.807068707e-03
2.526621246e+02,-1.675171778e-02
2.528712311e+02,1.227106620e-02
2.530803528e+02,4.373709671e-03
2.532894897e+02,-9.545381181e-03
2.534986420e+02,-1.737692580e-02
2.537077942e+02,-2.799722599e-03
2.539169617e+02,4.735671449e-03
2.541261444e+02,2.605853416e-02
2.543353424e+02,1.375181973e-02
2.545445557e+02,4.583483189e-02
2.547537842e+02,1.946917764e-04
2.549630127e+02,2.852645703e-02
2.551722717e+02,-1.806794479e-02
2.553815308e+02,1.437702775e-02
2.555908051e+02,-7.669758983e-03
2.558000793e+02,-1.638975739e-02
2.560093689e+02,2.267747885e-03
2.562186890e+02,1.822698861e-02
2.564280090e+02,1.993808337e-02
2.566373596e+02,-5.070212297e-03
2.568467102e+02,-8.393683471e-03
2.570560608e+02,-5.465080030e-03
2.572654419e+02,2.658502385e-02
2.574748230e+02,-2.267473564e-02
2.576842041e+02,-2.075798111e-03
2.578936157e+02,5.237482837e-04
2.581030579e+02,1.247672597e-03
2.583125000e+02,3.222011728e-03
2.585219421e+02,-1.184877660e-02
2.587313843e+02,8.355293423e-03
2.589408569e+02,1.227106620e-02
2.591503601e+02,-6.518061273e-03
2.593598633e+02,-5.366363097e-03
2.595693665e+02,2.681536414e-02
2.597789001e+02,1.269883942e-02
2.599884338e+02,-2.221405692e-02
2.601979675e+02,2.399370307e-03
2.604075317e+02,7.664274424e-03
2.606170959e+02,8.528048056e-04
2.608266907e+02,-1.504062489e-02
2.610362854e+02,-1.961451024e-02
2.612459106e+02,1.023091562e-02
2.614555359e+02,-1.417685184e-03
2.616651611e+02,-6.583872251e-03
2.618748169e+02,-1.267141756e-02
2.620844727e+02,3.485256806e-03
2.622941284e+02,1.098774560e-02
2.625038147e+02,-1.783760451e-02
2.627135315e+02,9.844274027e-04
2.629232483e+02,2.359060943e-02
2.631329651e+02,-1.260560658e-02
2.633426819e+02,-2.218115143e-02
2.635524292e+02,7.565557491e-03
2.637622070e+02,-1.096032374e-02
2.639719849e+02,7.170689758e-03
2.641817627e+02,-5.267646164e-03
2.643915710e+02,-4.115948454e-03
2.646013794e+02,4.274992738e-03
2.648111877e+02,-4.543722142e-03
2.650210266e+02,-1.148681436e-02
2.652308655e+02,3.921256866e-04
2.654407349e+02,1.125099044e-02
2.656506042e+02,1.032963209e-02
2.658605042e+02,-2.437760355e-03
2.660704041e+02,2.349189296e-02
2.662803040e+02,1.444283873e-02
2.664902344e+02,-1.510643587e-02
2.667001648e+02,5.267920718e-02
2.669101257e+02,-6.814212073e-03
2.671200867e+02,4.340803716e-03
2.673300476e+02,1.595649868e-02
2.675400391e+02,-2.536477288e-03
2.677500305e+02,4.867294338e-03
2.679600525e+02,4.908426199e-04
2.681700745e+02,5.702275038e-02
2.683800964e+02,-3.260401543e-03
2.685901489e+02,-2.139141597e-02
2.688002014e+02,4.070154950e-02
2.690102844e+02,3.016351366e-05
2.692203674e+02,-1.003896538e-02
2.694304504e+02,1.379295252e-03
2.696405640e+02,2.174789272e-02
2.698506775e+02,-4.576627631e-03
2.700608215e+02,-2.277345210e-02
2.702709656e+02,-1.984485053e-02
2.704811401e+02,1.365310326e-02
2.706913147e+02,1.280578319e-03
2.709014893e+02,6.117708981e-03
2.711116943e+02,-5.201835185e-03
2.713218994e+02,6.315142848e-03
2.715321045e+02,7.664274424e-03
2.717423401e+02,1.971596852e-03
2.719526062e+02,2.520298585e-02
2.721628418e+02,-1.507353038e-02
2.723731384e+02,-6.855343963e-05
2.725834045e+02,-1.648847386e-02
2.727937012e+02,-9.183418937e-03
2.730039978e+02,4.182033986e-02
2.732143250e+02,1.401506551e-02
2.734246521e+02,3.519560993e-01
2.736350098e+02,-1.569873840e-02
2.738453674e+02,1.546291355e-02
2.740557556e+02,-1.770598255e-02
2.742661133e+02,-1.898930222e-02
2.744765320e+02,-6.912929006e-03
2.746869202e+02,-1.214492787e-02
2.748973389e+02,-9.899117285e-04
2.751077881e+02,2.566366643e-02
2.753182373e+02,7.532652002e-03
2.755286865e+02,2.559785545e-02
2.757391663e+02,-1.191458758e-02
2.759496460e+02,-5.958665162e-03
2.761601257e+02,-2.497813106e-02
2.763706360e+02,3.655543551e-02
2.765811462e+02,4.609807581e-02
2.767916870e+02,1.230397169e-02
2.770022278e+02,-1.351873856e-03
2.772127991e+02,4.692071676e-02
2.774233704e+02,2.240600623e-02
2.776339417e+02,2.500555292e-02
2.778445435e+02,8.124954067e-03
2.780551453e+02,-7.900098339e-03
2.782657471e+02,-8.582890732e-04
2.784763794e+02,-8.788551204e-03
2.786870422e+02,-2.306137700e-03
2.788976746e+02,-9.512475692e-03
2.791083679e+02,1.276465040e-02
2.793190308e+02,-2.371949144e-03
2.795297241e+02,-6.057382096e-03
2.797404175e+02,1.115227398e-02
2.799511414e+02,3.592200228e-04
2.801618652e+02,-1.188168209e-02
2.803726196e+02,-1.569873840e-02
2.805833740e+02,5.895596114e-04
2.807941284e+02,2.714442089e-02
2.810049133e+02,-6.024476141e-03
2.812156982e+02,2.510426939e-02
2.814265137e+02,-9.570060065e-04
2.816373291e+02,-5.300552119e-03
2.818481750e+02,-3.080243245e-02
2.820589905e+02,-1.536968164e-02
2.822698669e+02,7.176448405e-02
2.824807129e+02,1.654880121e-02
2.826915894e+02,-1.260560658e-02
2.829024963e+02,-9.973154403e-03
2.831134033e+02,7.104878314e-03
2.833243103e+02,3.339649364e-02
2.835352478e+02,-4.477910697e-03
2.837461853e+02,-3.017722443e-02
2.839571228e+02,3.129053116e-02
2.841680908e+02,-1.154439989e-03
2.843790588e+02,-6.221910007e-03
2.845900574e+02,-2.928877249e-02
2.848010559e+02,2.095815726e-02
2.850120850e+02,1.575906575e-02
2.852230835e+02,2.399370307e-03
2.854341431e+02,-3.076952696e-02
2.856452026e+02,4.307898227e-03
2.858562622e+02,-2.010809444e-02
2.860673218e+02,1.065868884e-02
2.862784119e+02,-5.465080030e-03
2.864895020e+02,1.990517601e-02
2.867006226e+02,1.187619753e-02
2.869117432e+02,-1.395473816e-02
2.871228943e+02,-2.527428232e-02
2.873340454e+02,-1.022817334e-03
2.875451965e+02,-7.307796739e-03
2.877563782e+02,-1.592907682e-02
2.879675598e+02,-6.287721451e-03
2.881787720e+02,3.781407839e-03
2.883899536e+02,6.874538958e-03
2.886011963e+02,6.117708981e-03
2.888124390e+02,-1.704786904e-02
2.890236816e+02,2.267747885e-03
2.892349243e+02,3.806909546e-02
2.894461975e+02,-1.530386973e-02
2.896575012e+02,-1.527096424e-02
2.898687744e+02,4.143369850e-03
2.900801086e+02,1.213944331e-02
2.902914124e+02,-7.571042050e-03
2.905027466e+02,-1.388892718e-02
2.907141113e+02,7.664274424e-03
2.909254456e+02,2.704570256e-02
2.911368408e+02,3.016351366e-05
2.913482056e+02,-9.677004069e-03
2.915596008e+02,8.190765046e-03
2.917710266e+02,1.490351744e-02
2.919824219e+02,1.493642386e-02
2.921938782e+02,-2.201662213e-02
2.924053040e+02,1.029672660e-02
2.926167603e+02,3.306743875e-02
2.928282471e+02,-1.467866264e-02
2.930397034e+02,-9.907343425e-03
2.932512207e+02,6.183520425e-03
2.934627075e+02,4.406615160e-03
2.936742249e+02,-1.351873856e-03
2.938857727e+02,-9.644097649e-03
2.940973206e+02,2.661792934e-02
2.943088684e+02,-9.150513448e-03
2.945204163e+02,2.136125229e-03
2.947320251e+02,-9.413758293e-03
2.949436035e+02,-7.176174317e-03
2.951552124e+02,-3.786891932e-03
2.953668213e+02,-1.845458639e-03
2.955784607e+02,-1.694915257e-02
2.957901001e+02,1.708351774e-03
2.960017395e+02,-5.950438790e-04
2.962134094e+02,-3.047337569e-02
2.964250793e+02,-1.968032122e-02
2.966367798e+02,2.559785545e-02
2.968484802e+02,9.441180155e-03
2.970601807e+02,-6.616778206e-03
2.972719116e+02,-5.168929230e-03
2.974836731e+02,2.563076094e-02
2.976954041e+02,3.372555226e-02
2.979071655e+02,5.097633693e-03
2.981189575e+02,7.335218135e-03
2.983307495e+02,-1.648847386e-02
2.985425415e+02,-8.393683471e-03
2.987543335e+02,-8.887267672e-03
2.989661865e+02,-1.089451276e-02
2.991780090e+02,-1.685043611e-02
2.993898621e+02,-8.393683471e-03
2.996017151e+02,1.741257380e-03
2.998135986e+02,-1.490900200e-02
3.000254822e+02,1.526547968e-02
3.002373657e+02,9.836047888e-03
3.004492798e+02,-6.057382096e-03
3.006611938e+02,-2.395805717e-02
3.008731384e+02,1.951030828e-02
3.010850830e+02,2.267747885e-03
3.012970581e+02,1.872057281e-02
3.015090027e+02,-1.921964251e-02
3.017210083e+02,5.415996164e-02
3.019329834e+02,-2.602288499e-03
3.021450195e+02,-3.490741132e-03
3.023570251e+02,-1.984485053e-02
3.025690613e+02,2.079362981e-02
3.027810974e+02,2.619015612e-02
3.029931641e+02,-1.829828508e-02
3.032052307e+02,7.153414190e-02
3.034172974e+02,2.158336528e-02
3.036293945e+02,-2.329994366e-02
3.038414917e+02,2.892955206e-03
3.040536194e+02,7.211822085e-04
3.042657471e+02,-1.494190749e-02
3.044779053e+02,2.681536414e-02
3.046900635e+02,-1.582213445e-03
3.049022217e+02,-7.735569961e-03
3.051143799e+02,4.538237583e-03
3.053265991e+02,-7.924777456e-04
3.055387878e+02,-1.523805875e-02
3.057510071e+02,-2.231277339e-02
3.059632263e+02,-7.933003828e-03
3.061754761e+02,1.246850006e-02
3.063877258e+02,2.267747885e-03
3.065999756e+02,-1.523805875e-02
3.068122559e+02,-1.198039949e-02
3.070245361e+02,-1.533677522e-02
3.072368469e+02,-1.089451276e-02
3.074491577e+02,-1.165134273e-02
3.076614990e+02,6.051897537e-03
3.078738098e+02,2.938200533e-02
3.080861816e+02,-2.470666077e-03
3.082985229e+02,-1.991066150e-02
3.085108948e+02,2.230728976e-02
3.087232971e+02,-5.794136785e-03
3.089356995e+02,-5.794136785e-03
3.091481018e+02,-6.320627406e-03
3.093605347e+02,1.898381859e-02
3.095729675e+02,-6.485155318e-03
3.097854004e+02,3.320728661e-03
3.099978638e+02,-2.181918919e-02
3.102103271e+02,1.756887510e-02
3.104228210e+02,1.240268815e-02
3.106353149e+02,2.169030951e-03
3.108478088e+02,-1.030221116e-02
3.110603333e+02,-1.500771940e-02
3.112728577e+02,-2.997156465e-03
3.114854126e+02,1.997098885e-02
3.116979675e+02,-1.204621047e-02
3.119105225e+02,-8.492399938e-03
3.121231079e+02,3.464690968e-02
3.123356934e+02,-6.254815962e-03
3.125483093e+02,2.928328700e-02
3.127609253e+02,1.121808495e-02
3.129735413e+02,-2.536477288e-03
3.131861877e+02,-1.648847386e-02
3.133988342e+02,-6.287721451e-03
3.136115112e+02,-8.492399938e-03
3.138241882e+02,5.558312871e-03
3.140368652e+02,3.452351317e-03
3.142495728e+02,-1.033511665e-02
3.144622803e+02,3.313324973e-02
3.146750183e+02,4.711814970e-02
3.148877563e+02,-1.944175572e-03
3.151004944e+02,-1.694915257e-02
3.153132629e+02,-5.292325513e-04
3.155260315e+02,5.755746737e-03
3.157388306e+02,-5.300552119e-03
3.159516296e+02,-2.162175439e-02
3.161644287e+02,-1.135519147e-02
3.163772583e+02,-1.142100338e-02
3.165900879e+02,-2.174515044e-03
3.168029480e+02,1.214766991e-03
3.170158081e+02,7.598463446e-03
3.172286682e+02,1.379295252e-03
3.174415588e+02,1.858895086e-02
3.176544495e+02,-1.638975739e-02
3.178673706e+02,5.675950646e-02
3.180802612e+02,1.937868632e-02
3.182932129e+02,-5.136023741e-03
3.185061646e+02,-2.942039445e-02
3.187191162e+02,-1.675171778e-02
3.189320679e+02,-4.305156181e-04
3.191450500e+02,6.018992048e-03
3.193580322e+02,1.763468608e-02
3.195710449e+02,-1.713835984e-03
3.197840576e+02,2.432276029e-03
3.199971008e+02,-1.040092763e-02
3.202101440e+02,1.779921539e-02
3.204231873e+02,4.738139734e-02
3.206362610e+02,9.013406001e-03
3.208493347e+02,-1.490900200e-02
3.210624084e+02,-2.280635759e-02
3.212755127e+02,2.934087242e-04
3.214886169e+02,1.181038655e-02
3.217017517e+02,-1.579745486e-02
3.219148865e+02,1.003348175e-02
3.221280518e+02,-1.230945531e-02
3.223411865e+02,2.609143965e-02
3.225543823e+02,1.503514033e-02
3.227675476e+02,2.662615618e-03
3.229807434e+02,3.208026662e-02
3.231939697e+02,3.921256866e-04
3.234071960e+02,-1.543549262e-02
3.236204224e+02,1.312661264e-02
3.238336792e+02,2.059619501e-02
3.240469360e+02,-6.978739984e-03
3.242601929e+02,1.937868632e-02
3.244734802e+02,-6.880023051e-03
3.246867676e+02,3.452351317e-03
3.249000854e+02,-9.907343425e-03
3.251134033e+02,1.467317808e-02
3.253267212e+02,-7.143268362e-03
3.255400696e+02,1.510095224e-02
3.257534180e+02,1.322533004e-02
3.259667969e+02,2.829611860e-02
3.261801758e+02,-7.538136095e-03
3.263935547e+02,-1.708077453e-02
3.266069641e+02,-3.622363787e-03
3.268203735e+02,3.642381355e-02
3.270337830e+02,6.742916536e-03
3.272472229e+02,1.046125498e-02
3.274606934e+02,-5.136023741e-03
3.276741333e+02,3.781407839e-03
3.278876038e+02,3.079694696e-02
3.281011047e+02,2.596804406e-03
3.283146057e+02,4.702765960e-03
3.285281067e+02,-6.386438385e-03
3.287416382e+02,-4.346288275e-03
3.289551697e+02,1.543000806e-02
3.291687317e+02,-4.280476831e-03
3.293822632e+02,2.296540327e-02
3.295958557e+02,-3.021012992e-02
3.298094177e+02,7.401029579e-03
3.300230103e+02,2.102396823e-02
3.302366333e+02,-1.026930567e-02
3.304502563e+02,3.123294795e-03
3.306638794e+02,-3.317986557e-04
3.308775330e+02,6.907444447e-03
3.310911865e+02,-2.392514981e-02
3.313048401e+02,-9.775720537e-03
3.315185242e+02,-2.075798111e-03
3.317322083e+02,-3.317986557e-04
3.319459229e+02,7.137784269e-03
3.321596375e+02,4.280751199e-02
3.323733521e+02,9.737330489e-03
3.325870972e+02,1.036253758e-02
3.328008423e+02,-4.050137475e-03
3.330146179e+02,-1.665300131e-02
3.332283936e+02,6.047784537e-02
3.334421692e+02,8.289482445e-03
3.336559753e+02,1.464027259e-02
3.338697815e+02,-2.359609492e-02
3.340835876e+02,1.134970784e-02
3.342974243e+02,8.059142157e-03
3.345112915e+02,5.596977100e-02
3.347251282e+02,-2.353028208e-02
3.349389954e+02,1.849023439e-02
3.351528931e+02,4.472426604e-03
3.353667908e+02,-9.413758293e-03
3.355806885e+02,-9.907343425e-03
3.357946167e+02,1.431121584e-02
3.360085449e+02,-7.241985295e-03
3.362224731e+02,-2.742137667e-06
3.364364319e+02,-8.591117337e-03
3.366503906e+02,4.468313232e-02
3.368643799e+02,2.405128814e-02
3.370783691e+02,1.648298837e-02
3.372923889e+02,-1.303337980e-02
3.375063782e+02,8.783066645e-03
3.377204285e+02,-6.123193074e-03
3.379344482e+02,1.478012186e-03
3.381484985e+02,-1.036802214e-02
3.383625793e+02,-1.158553176e-02
3.385766296e+02,2.695521340e-03
3.387907410e+02,-1.905511506e-02
3.390048218e+02,-5.366363097e-03
3.392189331e+02,-3.523646854e-03
3.394330444e+02,2.013551630e-02
3.396471863e+02,7.664274424e-03
3.398613281e+02,-1.323081367e-02
3.400755005e+02,-4.938589875e-03
3.402896729e+02,7.269406691e-03
3.405038452e+02,4.735671449e-03
3.407180481e+02,-8.426588960e-03
3.409322510e+02,-1.875896379e-02
3.411464539e+02,1.648298837e-02
3.413606873e+02,5.854463670e-03
3.415749207e+02,-5.695419852e-03
3.417891846e+02,-1.323081367e-02
3.420034485e+02,2.740766481e-02
3.422177124e+02,-1.244107820e-02
3.424320068e+02,1.306080166e-02
3.426463318e+02,-2.503571566e-03
3.428606262e+02,-8.064626716e-03
3.430749512e+02,5.591218360e-03
3.432892761e+02,-1.049964502e-02
3.435036316e+02,2.934909798e-02
3.437179871e+02,-1.438251138e-02
3.439323730e+02,-3.231609240e-02
3.441467590e+02,-2.141609555e-03
3.443611450e+02,-2.063458599e-02
3.445755615e+02,-1.026930567e-02
3.447899780e+02,-1.434960589e-02
3.450044250e+02,-1.911269967e-03
3.452188721e+02,3.419445595e-03
3.454333191e+02,6.150614470e-03
3.456477661e+02,-1.852862351e-02
3.458622742e+02,-1.237526722e-02
3.460767517e+02,2.566366643e-02
3.462912598e+02,-2.602288499e-03
3.465057678e+02,-2.188500017e-02
3.467203064e+02,-3.564779036e-05
3.469348450e+02,9.934764355e-03
3.471493835e+02,8.059142157e-03
3.473639526e+02,9.515217389e-04
3.475785217e+02,1.496932935e-02
3.477931213e+02,-1.516402117e-03
3.480077209e+02,1.737144217e-02
3.482223206e+02,4.966011271e-03
3.484369507e+02,-1.816666126e-02
3.486515808e+02,2.070313785e-03
3.488662109e+02,-4.963268875e-04
3.490808716e+02,1.677913964e-02
3.492955627e+02,-1.510643587e-02
3.495102234e+02,1.273174491e-02
3.497249146e+02,-7.406513672e-03
3.499396362e+02,-5.201835185e-03
3.501543579e+02,3.263143881e-04
3.503690796e+02,-2.001760440e-04
3.505838318e+02,-1.351873856e-03
3.507985840e+02,1.266593393e-02
3.510133362e+02,-8.492399938e-03
3.512281189e+02,2.717732638e-02
3.514429016e+02,1.158004720e-02
3.516577148e+02,-2.116107568e-02
3.518725281e+02,4.050411284e-02
3.520873413e+02,1.881929114e-02
3.523021851e+02,-9.018890560e-03
3.525170288e+02,2.619015612e-02
3.527318726e+02,-4.083042964e-03
3.529467468e+02,-3.688174998e-03
3.531616516e+02,2.497264743e-02
3.533765259e+02,3.485256806e-03
3.535914307e+02,-6.057382096e-03
3.538063660e+02,-1.318968134e-03
3.540213013e+02,1.891800761e-02
3.542362366e+02,9.186160751e-04
3.544512024e+02,-2.602288499e-03
3.546661682e+02,2.865808085e-02
3.548811340e+02,9.079217911e-03
3.550961304e+02,-1.737692580e-02
3.553111267e+02,-3.109858185e-02
3.555261536e+02,2.638759091e-02
3.557411804e+02,-4.839872941e-03
3.559562073e+02,3.392298520e-02
3.561712646e+02,-1.829828508e-02
3.563863220e+02,3.119181469e-02
3.566013794e+02,1.444283873e-02
3.568164673e+02,-2.303669788e-02
3.570315857e+02,4.933105782e-03
3.572466736e+02,2.892955206e-03
3.574617920e+02,2.339317650e-02
3.576769409e+02,-1.746741706e-03
3.578920898e+02,5.229256582e-03
3.581072388e+02,-1.582213445e-03
3.583223877e+02,3.004011698e-02
3.585375671e+02,4.955316707e-02
3.587527771e+02,-9.084701538e-03
3.589679871e+02,-1.069707889e-02
3.591831970e+02,3.320728661e-03
3.593984070e+02,-2.023971826e-02
3.596136475e+02,-8.582890732e-04
3.598289185e+02,-7.924777456e-04
3.600441589e+02,1.677913964e-02
3.602594299e+02,7.211822085e-04
3.604747314e+02,1.852313988e-02
3.606900330e+02,6.479671225e-03
3.609053345e+02,3.642381355e-02
3.611206665e+02,-1.316500269e-02
3.613359985e+02,-6.386438385e-03
3.615513306e+02,-7.307796739e-03
3.617666931e+02,1.052706596e-02
3.619820557e+02,-2.780801803e-02
3.621974487e+02,7.401029579e-03
3.624128418e+02,1.862185635e-02
3.626282349e+02,9.803142399e-03
3.628436584e+02,4.538237583e-03
3.630590820e+02,-2.461616881e-02
3.632745056e+02,3.635800257e-02
3.634899597e+02,9.605707601e-03
3.637054443e+02,4.505332094e-03
3.639208984e+02,-7.603947539e-03
3.641363831e+02,1.309370715e-02
3.643518982e+02,-1.517224777e-02
3.645674133e+02,-1.862733997e-02
3.647829285e+02,2.714442089e-02
3.649984436e+02,5.350184813e-02
3.652139893e+02,1.717400737e-02
3.654295654e+02,4.604049027e-03
3.656451111e+02,-2.376062237e-02
3.658607178e+02,3.090389073e-03
3.660762939e+02,-3.753986442e-03
3.662919006e+02,9.441180155e-03
3.665075073e+02,2.148464881e-02
3.667231445e+02,4.310366139e-02
3.669387817e+02,1.774162985e-03
3.671544495e+02,-2.283926494e-02
3.673700867e+02,-1.132228598e-02
3.675857849e+02,5.130539648e-03
3.678014526e+02,3.820071742e-02
3.680171509e+02,9.441180155e-03
3.682328796e+02,-1.300047431e-02
3.684485779e+02,1.904962957e-02
3.686643066e+02,-1.384779462e-03
3.688800659e+02,3.583973739e-03
3.690958252e+02,-9.545381181e-03
3.693115845e+02,2.405128814e-02
3.695273743e+02,4.975060374e-02
3.697431641e+02,2.115559205e-02
3.699589539e+02,-1.332953107e-02
3.701747742e+02,2.289959043e-02
3.703906250e+02,-7.110362872e-03
3.706064453e+02,8.190765046e-03
3.708222961e+02,-4.938589875e-03
3.710381775e+02,8.421104401e-03
3.712540283e+02,9.265957028e-02
3.714699097e+02,-5.399269052e-03
3.716858215e+02,-1.296756882e-02
3.719017334e+02,6.051075086e-02
3.721176453e+02,1.747015864e-02
3.723335876e+02,1.576729119e-03
3.725495300e+02,-1.326371916e-02
3.727654724e+02,-1.652137935e-02
3.729814453e+02,1.747015864e-02
3.731974182e+02,-6.254815962e-03
3.734134216e+02,-4.971495364e-03
3.736294250e+02,4.768577404e-03
3.738454285e+02,3.994471952e-02
3.740614624e+02,-1.533677522e-02
3.742774963e+02,2.103219507e-03
3.744935608e+02,1.194200944e-02
3.747096252e+02,-7.274891250e-03
3.749256897e+02,-2.425420657e-02
3.751417847e+02,-1.793632284e-02
3.753578796e+02,1.009929273e-02
3.755739746e+02,2.362351492e-02
3.757901001e+02,-1.069707889e-02
3.760062256e+02,-1.184877660e-02
3.762223816e+02,1.404797100e-02
3.764385376e+02,4.277460277e-02
3.766546936e+02,-1.783760451e-02
3.768708801e+02,3.073113598e-02
3.770870667e+02,-1.138809789e-02
3.773032837e+02,-1.450590789e-03
3.775194702e+02,3.263143881e-04
3.777357178e+02,-9.413758293e-03
3.779519348e+02,2.266925201e-02
3.781681824e+02,3.339649364e-02
3.783844604e+02,-1.148681436e-02
3.786007385e+02,-1.434960589e-02
3.788170166e+02,-9.940248914e-03
3.790332947e+02,6.139920279e-02
3.792496033e+02,-1.968032122e-02
3.794659424e+02,3.553536162e-02
3.796822510e+02,-7.340702228e-03
3.798986206e+02,1.194200944e-02
3.801149597e+02,-3.070371412e-02
3.803313293e+02,-2.251020819e-02
3.805476990e+02,4.867294338e-03
3.807640991e+02,-4.905684385e-03
3.809804993e+02,-5.103118252e-03
3.811968994e+02,-1.721239835e-02
3.814133301e+02,-1.516402117e-03
3.816297607e+02,3.189106006e-03
3.818462219e+02,-1.615119050e-03
3.820626831e+02,3.945935983e-03
3.822791443e+02,9.506991133e-03
3.824956360e+02,4.274992738e-03
3.827121277e+02,-1.671881229e-02
3.829286194e+02,-7.110362872e-03
3.831451416e+02,5.057324469e-02
3.833616638e+02,5.695693940e-02
3.835782166e+02,-1.448122878e-02
3.837947693e+02,-1.813375577e-02
3.840113220e+02,1.737144217e-02
3.842279053e+02,1.352148037e-02
3.844444885e+02,-5.958665162e-03
3.846610718e+02,-2.422130108e-02
3.848776855e+02,3.648962453e-02
3.850943298e+02,2.037408296e-03
3.853109436e+02,9.210839868e-03
3.855275879e+02,2.158336528e-02
3.857442627e+02,-4.806967452e-03
3.859609070e+02,3.563407809e-02
3.861776123e+02,-1.638975739e-02
3.863942871e+02,-4.313382320e-03
3.866109924e+02,1.977355406e-02
3.868276978e+02,-1.550130360e-02
3.870444336e+02,-4.642439075e-03
3.872611694e+02,-4.214665387e-03
3.874779358e+02,-2.733911155e-03
3.876947021e+02,2.431453392e-02
3.879114685e+02,-1.875896379e-02
3.881282349e+02,-9.742815048e-03
3.883450317e+02,-6.090287585e-03
3.885618591e+02,1.598940417e-02
3.887786560e+02,-3.603443131e-02
3.889955139e+02,-1.958160475e-02
3.892123413e+02,2.635468543e-02
3.894291992e+02,1.546291355e-02
3.896460571e+02,2.016842179e-02
3.898629456e+02,-5.300552119e-03
3.900798340e+02,-9.545381181e-03
3.902967224e+02,-4.839872941e-03
3.905136414e+02,1.174457557e-02
3.907305603e+02,-1.418507751e-02
3.909475098e+02,1.934578083e-02
3.911644592e+02,8.848877624e-03
3.913814087e+02,4.438698292e-02
3.915983887e+02,-2.139141597e-02
3.918153687e+02,1.470608357e-02
3.920323486e+02,-3.852703376e-03
3.922493591e+02,1.309370715e-02
3.924663696e+02,2.958766418e-03
3.926834106e+02,4.468313232e-02
3.929004517e+02,6.348048337e-03
3.931174927e+02,-2.260892466e-02
3.933345642e+02,4.757883027e-02
3.935516357e+02,7.304780185e-02
3.937687073e+02,-7.077457383e-03
3.939858093e+02,4.257716984e-02
3.942029114e+02,-2.655760199e-02
3.944200439e+02,1.480480097e-02
3.946371765e+02,2.839483507e-02
3.948543091e+02,1.661461219e-02
3.950714722e+02,1.105355658e-02
3.952886353e+02,8.651443757e-03
3.955058289e+02,9.844274027e-04
3.957230225e+02,8.947595023e-03
3.959402161e+02,-2.030552924e-02
3.961574402e+02,5.560780689e-02
3.963746643e+02,-6.221910007e-03
3.965918884e+02,-1.105904114e-02
3.968091431e+02,-2.412258461e-02
3.970263977e+02,4.543996230e-02
3.972436829e+02,-6.287721451e-03
3.974609375e+02,-1.086160727e-02
3.976782532e+02,-2.514266036e-02
3.978955383e+02,5.327973515e-03
3.981128845e+02,3.359392658e-02
3.983302002e+02,-1.346115395e-02
3.985475464e+02,7.499746513e-03
3.987648926e+02,3.491015360e-02
3.989822693e+02,2.405128814e-02
3.991996155e+02,9.243746288e-03
3.994170227e+02,-2.060168050e-02
3.996343994e+02,8.848877624e-03
3.998518372e+02,-7.472325116e-03
4.000692444e+02,-3.300711140e-02
4.002866821e+02,-3.560665622e-02
4.005041199e+02,1.408087648e-02
4.007215881e+02,1.493642386e-02
4.009390564e+02,-1.704786904e-02
4.011565247e+02,2.651921287e-02
4.013740234e+02,-1.171715371e-02
4.015915222e+02,5.525407381e-03
4.018090210e+02,3.658834100e-02
4.020265503e+02,-1.833119057e-02
4.022440796e+02,3.895754740e-02
4.024616394e+02,-6.978739984e-03
4.026791992e+02,-1.234236173e-02
4.028967590e+02,-7.011645939e-03
4.031143494e+02,-1.211202145e-02
4.033319397e+02,-5.234740674e-03
4.035495605e+02,-6.353532895e-03
4.037671814e+02,3.263143881e-04
4.039848022e+02,6.123467535e-02
4.042024231e+02,-1.635685004e-02
4.044200745e+02,-9.545381181e-03
4.046377563e+02,6.644199602e-03
4.048554382e+02,-4.247571342e-03
4.050731201e+02,9.844274027e-04
4.052908020e+02,-6.880023051e-03
4.055085144e+02,-1.049964502e-02
4.057262268e+02,-4.181759898e-03
4.059439697e+02,-7.044551428e-03
4.061617126e+02,2.461068518e-02
4.063794556e+02,-1.293466333e-02
4.065972290e+02,1.845732890e-02
4.068150024e+02,-1.201330498e-02
4.070328064e+02,-1.954869926e-02
4.072506104e+02,3.444947302e-02
4.074684143e+02,6.271542609e-02
4.076862488e+02,-2.738024481e-02
4.079040833e+02,-9.315041825e-03
4.081219177e+02,-6.583872251e-03
4.083397827e+02,-1.014590889e-04
4.085576477e+02,7.869934780e-04
4.087755432e+02,-3.260401543e-03
4.089934387e+02,5.870094150e-02
4.092113342e+02,7.104878314e-03
4.094292603e+02,5.295067560e-03
4.096471863e+02,-1.359277591e-02
4.098651123e+02,1.447574422e-02
4.100830688e+02,1.710819639e-02
4.103010254e+02,-6.912929006e-03
4.105189819e+02,-2.691956423e-02
4.107369690e+02,-6.912929006e-03
4.109549866e+02,3.579860553e-02
4.111729736e+02,5.566539476e-04
4.113909912e+02,-2.701005433e-03
4.116090393e+02,2.432276029e-03
4.118270874e+02,1.556163095e-02
4.120451355e+02,-2.152303793e-02
4.122631836e+02,1.283046231e-02
4.124812622e+02,1.210653782e-02
4.126993713e+02,3.551068250e-03
4.129174500e+02,3.748502117e-03
4.131355591e+02,-1.773888804e-02
4.133536987e+02,4.933105782e-03
4.135718079e+02,2.984268405e-02
4.137899780e+02,-3.260401543e-03
4.140081177e+02,-9.775720537e-03
4.142262878e+02,1.589068770e-02
4.144444580e+02,-1.731111482e-02
4.146626587e+02,1.050238730e-03
4.148808594e+02,-1.675171778e-02
4.150990906e+02,2.049747854e-02
4.153172913e+02,1.806246117e-02
4.155355225e+02,6.216425914e-03
4.157537842e+02,9.901858866e-03
4.159720459e+02,1.069159433e-02
4.161903076e+02,-4.412099253e-03
4.164085999e+02,-5.136023741e-03
4.166268921e+02,-2.432001755e-02
4.168451843e+02,4.580192268e-02
4.170635071e+02,-8.525305428e-03
4.172818298e+02,-5.103118252e-03
4.175001831e+02,1.487061195e-02
4.177185364e+02,4.505332094e-03
4.179368896e+02,1.822698861e-02
4.181552734e+02,-2.935458347e-02
4.183736572e+02,-3.564779036e-05
4.185920410e+02,1.210653782e-02
4.188104553e+02,1.852313988e-02
4.190288696e+02,2.405128814e-02
4.192473145e+02,-2.145722695e-02
4.194657288e+02,8.157859556e-03
4.196842041e+02,-1.540258713e-02
4.199026489e+02,3.171830624e-02
4.201211243e+02,-2.172047272e-02
4.203396301e+02,1.391634811e-02
4.205581360e+02,1.911544055e-02
4.207766418e+02,-3.297420591e-02
4.209951477e+02,-1.201330498e-02
4.212136841e+02,-1.148681436e-02
4.214322205e+02,1.675446052e-03
4.216507874e+02,1.918125339e-02
4.218693542e+02,-9.545381181e-03
4.220879211e+02,7.584478706e-02
4.223065186e+02,2.925860928e-03
4.225251160e+02,1.651589572e-02
4.227437439e+02,-6.123193074e-03
4.229623718e+02,2.602562867e-02
4.231809998e+02,5.360879004e-03
4.233996277e+02,2.201113850e-02
4.236182861e+02,-1.467866264e-02
4.238369751e+02,4.191905633e-02
4.240556641e+02,2.391966619e-02
4.242743530e+02,1.602230966e-02
4.244930420e+02,-1.306628529e-02
4.247117615e+02,6.090561673e-02
4.249304810e+02,1.052706596e-02
4.251492310e+02,-5.234740674e-03
4.253679810e+02,-1.425088942e-02
4.255867310e+02,1.263302751e-02
4.258055115e+02,2.234019525e-02
4.260242920e+02,5.073777214e-02
4.262430725e+02,-1.003896538e-02
4.264618835e+02,-1.313209720e-02
4.266806946e+02,5.986086559e-03
4.268995361e+02,-2.195081115e-02
4.271183777e+02,-1.642266288e-02
4.273372192e+02,8.684350178e-03
4.275560913e+02,7.993331179e-03
4.277749634e+02,2.875679731e-02
4.279938354e+02,-2.119398117e-02
4.282127380e+02,3.168540075e-02
4.284316406e+02,3.780585155e-02
4.286505737e+02,1.779921539e-02
4.288695068e+02,-3.040756471e-02
4.290884399e+02,1.174457557e-02
4.293074036e+02,2.839483507e-02
4.295263672e+02,6.528206915e-02
4.297453308e+02,2.658502385e-02
4.299643250e+02,1.576729119e-03
4.301833191e+02,8.338017762e-02
4.304023438e+02,-1.569873840e-02
4.306213379e+02,-2.560333908e-02
4.308403931e+02,2.089234628e-02
4.310594177e+02,-1.099322923e-02
4.312784729e+02,2.799996734e-02
4.314975586e+02,-2.181918919e-02
4.317166138e+02,1.470608357e-02
4.319357300e+02,-6.945834495e-03
4.321548157e+02,-1.997647248e-02
4.323739319e+02,-2.221405692e-02
4.325930481e+02,-4.115948454e-03
4.328121948e+02,9.375368245e-03
4.330313416e+02,-1.382311527e-02
4.332504883e+02,2.432276029e-03
4.334696655e+02,7.236501202e-03
4.336888428e+02,-5.958665162e-03
4.339080200e+02,-1.875896379e-02
4.341272278e+02,-2.339866012e-02
4.343464355e+02,1.276465040e-02
4.345656738e+02,5.926033482e-02
4.347849121e+02,-2.089782991e-02
4.350041504e+02,-3.221737593e-02
4.352234192e+02,1.260012202e-02
4.354426880e+02,8.973097056e-02
4.356619568e+02,-2.343156561e-02
4.358812561e+02,-2.241148986e-02
4.361005554e+02,4.250313214e-04
4.363198853e+02,-2.799722599e-03
4.365392151e+02,-1.168424822e-02
4.367585449e+02,-2.274054661e-02
4.369778748e+02,-1.384779462e-03
4.371972351e+02,2.306411974e-02
4.374166260e+02,4.534124583e-02
4.376360168e+02,-1.385602169e-02
4.378554077e+02,9.614757448e-02
4.380747986e+02,1.908253506e-02
4.382942200e+02,-1.026930567e-02
4.385136414e+02,-1.402054913e-02
4.387330933e+02,5.050743371e-02
4.389525452e+02,2.480811812e-02
4.391719971e+02,-3.564779036e-05
4.393914795e+02,-8.327871561e-03
4.396109619e+02,2.980977856e-02
4.398304443e+02,1.138261333e-02
4.400499573e+02,-3.063790314e-02
4.402694702e+02,-3.221737593e-02
4.404890137e+02,4.571143538e-03
4.407085571e+02,-1.125647500e-02
4.409281006e+02,1.506804582e-02
4.411476746e+02,-1.417685184e-03
4.413672485e+02,1.888510212e-02
4.415868225e+02,2.579528838e-02
4.418064270e+02,-2.007518895e-02
4.420260315e+02,1.464027259e-02
4.422456360e+02,-2.437760355e-03
4.424652710e+02,5.679241195e-02
4.426849060e+02,-3.244771436e-02
4.429045715e+02,-1.885768026e-02
4.431242371e+02,-1.754145510e-02
4.433439026e+02,2.201936441e-03
4.435635986e+02,-1.856152900e-02
4.437832947e+02,-6.945834495e-03
4.440029907e+02,4.933105782e-03
4.442227173e+02,-6.518061273e-03
4.444424438e+02,-3.976099542e-04
4.446622009e+02,-1.464575715e-02
4.448819580e+02,1.302789617e-02
4.451017151e+02,-3.392024199e-03
4.453215027e+02,-4.346288275e-03
4.455412903e+02,-4.839872941e-03
4.457610779e+02,-4.905684385e-03
4.459808960e+02,-2.174515044e-03
4.462007141e+02,-5.004401319e-03
4.464205322e+02,6.775822025e-03
4.466403809e+02,1.075740624e-02
4.468602600e+02,1.924706437e-02
4.470801086e+02,-1.247398369e-02
4.472999878e+02,-2.231277339e-02
4.475198669e+02,6.150614470e-03
4.477397766e+02,-1.020349376e-02
4.479596863e+02,-1.652137935e-02
4.481796265e+02,2.615725063e-02
4.483995361e+02,1.121808495e-02
4.486194763e+02,2.994140051e-02
4.488394470e+02,-2.517556585e-02
4.490594177e+02,-2.195081115e-02
4.492793884e+02,2.615725063e-02
4.494993896e+02,-3.293307265e-03
4.497193909e+02,-1.599488780e-02
4.499393921e+02,-5.037306808e-03
4.501594238e+02,8.585632779e-03
4.503794556e+02,3.132343665e-02
4.505994873e+02,3.138924763e-02
4.508195496e+02,5.228433758e-02
4.510396118e+02,2.037408296e-03
4.512597046e+02,-1.672703947e-04
4.514797974e+02,4.604049027e-03
4.516998901e+02,8.914689533e-03
4.519200134e+02,-1.318968134e-03
4.521401367e+02,3.405460715e-02
4.523602600e+02,-1.767307706e-02
4.525804138e+02,-9.117607959e-03
4.528005676e+02,1.171167009e-02
4.530207520e+02,-9.315041825e-03
4.532409058e+02,-3.261224180e-02
4.534611206e+02,4.735671449e-03
4.536813049e+02,3.517339751e-02
4.539015198e+02,1.214766991e-03
4.541217346e+02,-5.892853718e-03
4.543419800e+02,-5.234740674e-03
4.545622253e+02,-9.611192159e-03
4.547825012e+02,-4.963268875e-04
4.550027466e+02,-1.211202145e-02
4.552230225e+02,9.441180155e-03
4.554433289e+02,-1.033511665e-02
4.556636353e+02,-5.958665162e-03
4.558839417e+02,-1.145390887e-02
4.561042786e+02,-2.073330246e-02
4.563246155e+02,3.691739962e-02
4.565449524e+02,1.576729119e-03
4.567653198e+02,-3.786891932e-03
4.569856873e+02,-1.586326584e-02
4.572060547e+02,1.546291355e-02
4.574264526e+02,-1.286885142e-02
4.576468506e+02,-7.044551428e-03
4.578672791e+02,2.793415636e-02
4.580877075e+02,-1.178296562e-02
4.583081360e+02,1.121808495e-02
4.585285645e+02,-1.121534267e-03
4.587490234e+02,-1.059836149e-02
4.589695129e+02,1.217234880e-02
4.591900024e+02,3.263143881e-04
4.594104919e+02,3.583973739e-03
4.596309814e+02,-1.889058575e-02
4.598515015e+02,4.274169728e-02
4.600720215e+02,-7.176174317e-03
4.602925720e+02,1.523257419e-02
4.605130920e+02,-6.608551485e-04
4.607336731e+02,4.728267714e-02
4.609542236e+02,-1.536968164e-02
4.611748047e+02,-2.372771688e-02
4.613954163e+02,1.609634724e-03
4.616159973e+02,2.023423277e-02
4.618366394e+02,-1.471156813e-02
4.620572510e+02,1.556163095e-02
4.622778931e+02,2.108978108e-02
4.624985352e+02,3.036917374e-02
4.627192078e+02,6.183520425e-03
4.629398499e+02,1.246850006e-02
4.631605530e+02,4.011747427e-03
4.633812256e+02,1.993808337e-02
4.636019287e+02,-2.527428232e-02
4.638226624e+02,-8.064626716e-03
4.640433655e+02,-8.624022827e-03
4.642641296e+02,3.780585155e-02
4.644848633e+02,-1.076288987e-02
4.647056274e+02,-3.353359923e-02
4.649263916e+02,-3.317986557e-04
4.651471863e+02,1.017333008e-03
4.653679504e+02,-2.270764112e-02
4.655887756e+02,-2.047005668e-02
4.658095703e+02,8.717255667e-03
4.660303955e+02,7.894613780e-03
4.662512512e+02,-4.346288275e-03
4.664720764e+02,1.773340441e-02
4.666929626e+02,-4.905684385e-03
4.669138184e+02,3.691739962e-02
4.671347046e+02,-1.263851207e-02
4.673555908e+02,-1.708077453e-02
4.675765076e+02,4.478184879e-02
4.677973938e+02,1.227106620e-02
4.680183411e+02,3.748502117e-03
4.682392578e+02,-1.244107820e-02
4.684602051e+02,-4.247571342e-03
4.686811829e+02,4.472426604e-03
4.689021301e+02,-2.481360361e-02
4.691231384e+02,1.378472615e-02
4.693441162e+02,-1.553420909e-02
4.695651245e+02,1.134970784e-02
4.697861328e+02,1.046125498e-02
4.700071411e+02,-2.382643335e-02
4.702281799e+02,2.694698609e-02
4.704492493e+02,8.059142157e-03
4.706702881e+02,3.921256866e-04
4.708913574e+02,-1.059836149e-02
4.711124573e+02,-9.241004009e-04
4.713335266e+02,2.513717487e-02
4.715546265e+02,-5.103118252e-03
4.717757568e+02,3.385717422e-02
4.719968872e+02,1.161295269e-02
4.722180176e+02,2.882260829e-02
4.724391479e+02,2.592691034e-02
4.726603088e+02,-7.669758983e-03
4.728814697e+02,8.684350178e-03
4.731026611e+02,-5.465080030e-03
4.733238525e+02,-3.310582787e-02
4.735450439e+02,-1.405345555e-02
4.737662659e+02,-5.465080030e-03
4.739874878e+02,-1.003896538e-02
4.742087097e+02,-1.471156813e-02
4.744299622e+02,-3.076952696e-02
4.746512146e+02,-6.057382096e-03
4.748724976e+02,1.536419708e-02
4.750937805e+02,-2.718281001e-02
4.753150635e+02,-1.418507751e-02
4.755363464e+02,5.558312871e-03
4.757576599e+02,1.059287786e-02
4.759790039e+02,-1.779647311e-03
4.762003174e+02,-1.997647248e-02
4.764216614e+02,-4.247571342e-03
4.766430359e+02,-5.465080030e-03
4.768643799e+02,3.551068250e-03
4.770857544e+02,-3.984326031e-03
4.773071594e+02,3.086275794e-02
4.775285645e+02,3.518162528e-03
4.777499695e+02,6.882765447e-04
4.779714050e+02,2.289959043e-02
4.781928101e+02,-2.503571566e-03
4.784142761e+02,-2.733911155e-03
4.786357117e+02,-8.253834094e-04
4.788571777e+02,-1.122356951e-02
4.790786743e+02,1.386287659e-01
4.793001404e+02,1.575906575e-02
4.795216370e+02,-1.655428484e-02
4.797431641e+02,3.090389073e-03
4.799646912e+02,-3.030061955e-03
4.801862183e+02,-1.517224777e-02
4.804077454e+02,-1.448122878e-02
4.806293030e+02,-1.668590680e-02
4.808508606e+02,-5.333457608e-03
4.810724487e+02,-2.330816933e-04
4.812940369e+02,-1.747564226e-02
4.815156250e+02,3.649785183e-03
4.817372437e+02,2.201936441e-03
4.819588623e+02,-1.369149331e-02
4.821804810e+02,-8.911947371e-04
4.824021301e+02,-2.668922581e-02
4.826237793e+02,1.740434766e-02
4.828454590e+02,2.095815726e-02
4.830671082e+02,7.664274424e-03
4.832888184e+02,-1.931835897e-02
4.835104980e+02,-1.549307723e-03
4.837322083e+02,4.708524421e-02
4.839539185e+02,-1.523805875e-02
4.841756592e+02,2.345898747e-02
4.843973999e+02,6.150614470e-03
4.846191406e+02,2.592691034e-02
4.848409119e+02,-1.119066402e-02
4.850626831e+02,-1.441541780e-02
4.852844543e+02,-2.009986900e-03
4.855062561e+02,3.319906071e-02
4.857280579e+02,-2.251020819e-02
4.859498901e+02,1.125099044e-02
4.861717224e+02,9.506991133e-03
4.863935547e+02,-6.386438385e-03
4.866154175e+02,-7.735569961e-03
4.868372498e+02,-2.418839559e-02
4.870591431e+02,2.925860928e-03
4.872810059e+02,4.579369852e-04
4.875028992e+02,1.279755589e-02
4.877248230e+02,-1.668590680e-02
4.879467163e+02,3.843105957e-02
4.881686707e+02,3.326487169e-02
4.883905945e+02,-3.152635694e-02
4.886125488e+02,-2.711699903e-02
4.888345032e+02,1.694366895e-02
4.890564575e+02,4.244554788e-02
4.892784424e+02,3.090389073e-03
4.895004578e+02,-8.920174092e-03
4.897224426e+02,-8.887267672e-03
4.899444580e+02,-5.465080030e-03
4.901664734e+02,2.342608199e-02
4.903885193e+02,-9.249229915e-03
4.906105652e+02,-6.156099029e-03
4.908326111e+02,2.832902409e-02
4.910546875e+02,2.697989158e-02
4.912767639e+02,-1.852862351e-02
4.914988708e+02,2.184661105e-02
4.917209778e+02,4.040539637e-02
4.919430847e+02,-1.099322923e-02
4.921651917e+02,-1.662009582e-02
4.923873291e+02,-2.001760440e-04
4.926094666e+02,1.608812064e-02
4.928316345e+02,-1.023639925e-02
4.930538025e+02,-1.813375577e-02
4.932759705e+02,-9.973154403e-03
4.934981689e+02,-1.286062528e-03
4.937203674e+02,-2.165465988e-02
4.939425659e+02,1.230397169e-02
4.941647949e+02,-1.184877660e-02
4.943870239e+02,-5.596702918e-03
4.946092834e+02,-1.974613219e-02
4.948315125e+02,-9.545381181e-03
4.950538025e+02,5.788652692e-03
4.952760620e+02,-1.746741706e-03
4.954983521e+02,-2.905843221e-02
4.957206421e+02,7.006161381e-03
4.959429626e+02,-8.327871561e-03
4.961652832e+02,3.777294606e-02
4.963876038e+02,-8.722739294e-03
4.966099548e+02,7.532652002e-03
4.968323059e+02,-1.306628529e-02
4.970546570e+02,6.512576714e-03
4.972770386e+02,-7.669758983e-03
4.974994202e+02,-2.001760440e-04
4.977218018e+02,1.760178059e-02
4.979442139e+02,-4.148854408e-03
4.981666260e+02,-1.527096424e-02
4.983890686e+02,-6.550966762e-03
4.986115112e+02,1.881929114e-02
4.988339539e+02,-6.024476141e-03
4.990564270e+02,-7.595721399e-04
4.992788696e+02,-1.121534267e-03
4.995013733e+02,2.549913712e-02
4.997238464e+02,-3.260401543e-03
4.999463501e+02,-2.336575463e-02
5.001688843e+02,-8.854362182e-03
5.003914185e+02,4.550577328e-02
5.006139526e+02,-8.525305428e-03
5.008364868e+02,2.691408060e-02
5.010590515e+02,-4.313382320e-03
5.012816162e+02,-5.234740674e-03
5.015041809e+02,-1.484319102e-02
5.017267761e+02,-1.303337980e-02
5.019493713e+02,6.973255891e-03
5.021719971e+02,2.549913712e-02
5.023946228e+02,-2.865533810e-03
5.026172485e+02,-1.500771940e-02
5.028399048e+02,-1.740983129e-02
5.030625610e+02,4.406615160e-03
5.032852173e+02,1.849023439e-02
5.035079041e+02,2.234842163e-03
5.037305908e+02,-1.727820933e-02
5.039532776e+02,3.398879617e-02
5.041759949e+02,3.385717422e-02
5.043987122e+02,1.612102613e-02
5.046214600e+02,-1.121534267e-03
5.048441772e+02,2.408419549e-02
5.050669556e+02,-1.154439989e-03
5.052897034e+02,-1.845458639e-03
5.055124817e+02,2.296540327e-02
5.057352600e+02,5.262162071e-03
5.059580688e+02,-9.808626026e-03
5.061808777e+02,-2.142432146e-02
5.064036865e+02,-1.105904114e-02
5.066265259e+02,3.494305909e-02
5.068493652e+02,7.269406691e-03
5.070722046e+02,-2.395805717e-02
5.072950745e+02,-2.474779263e-02
5.075179443e+02,3.323196620e-02
5.077408142e+02,3.701611608e-02
5.079637146e+02,1.151423622e-02
5.081866150e+02,-6.847117562e-03
5.084095459e+02,-2.964250743e-03
5.086324768e+02,-1.318968134e-03
5.088554077e+02,6.306916475e-05
5.090783386e+02,-1.082870178e-02
5.093013000e+02,5.895596114e-04
5.095242920e+02,-9.644097649e-03
5.097472534e+02,-1.546839811e-02
5.099702454e+02,-1.055722940e-03
5.101932373e+02,1.477189548e-02
5.104162598e+02,-1.204621047e-02
5.106392822e+02,-2.816998027e-02
5.108623352e+02,-4.305156181e-04
5.110853577e+02,-2.701005433e-03
5.113084106e+02,-1.277013496e-02
5.115314941e+02,3.142215312e-02
5.117545776e+02,-2.537299879e-02
5.119776611e+02,-6.452249829e-03
5.122007446e+02,-7.867192850e-03
5.124238892e+02,-3.231609240e-02
5.126469727e+02,-9.413758293e-03
5.128701172e+02,1.576729119e-03
5.130932617e+02,-5.892853718e-03
5.133164062e+02,-1.151971985e-02
5.135395508e+02,-1.329662558e-02
5.137627563e+02,-2.075798111e-03
5.139859619e+02,2.451196872e-02
5.142091064e+02,-1.369149331e-02
5.144323120e+02,4.636954516e-03
5.146555786e+02,-9.347947314e-03
5.148787842e+02,5.376509205e-02
5.151019897e+02,1.677913964e-02
5.153252563e+02,-1.151971985e-02
5.155485229e+02,1.283046231e-02
5.157717896e+02,1.575906575e-02
5.159950562e+02,-9.282135405e-03
5.162183838e+02,-3.885609098e-03
5.164416504e+02,3.057483351e-03
5.166649780e+02,-1.856152900e-02
5.168883057e+02,-2.297088690e-02
5.171116333e+02,1.697657444e-02
5.173350220e+02,5.360879004e-03
5.175583496e+02,8.190765046e-03
5.177817383e+02,5.558312871e-03
5.180051270e+02,-9.709909558e-03
5.182285156e+02,1.865476184e-02
5.184519043e+02,-2.583367750e-02
5.186752930e+02,-2.240326488e-03
5.188987427e+02,-4.675344564e-03
5.191221313e+02,9.243746288e-03
5.193455811e+02,-2.366190590e-02
5.195690308e+02,-2.747896127e-02
5.197925415e+02,2.013551630e-02
5.200159912e+02,-8.097532205e-03
5.202395020e+02,-3.178960085e-02
5.204629517e+02,-2.448454686e-02
5.206864624e+02,2.467649616e-02
5.209099731e+02,1.478012186e-03
5.211335449e+02,-1.708077453e-02
5.213570557e+02,8.684350178e-03
5.215806274e+02,-4.313382320e-03
5.218041992e+02,2.958766418e-03
5.220277710e+02,-1.928545348e-02
5.222513428e+02,-9.709909558e-03
5.224749146e+02,-6.419344340e-03
5.226985474e+02,-4.806967452e-03
5.229221191e+02,-1.938416995e-02
5.231457520e+02,-1.704786904e-02
5.233693848e+02,1.036253758e-02
5.235930176e+02,-1.540258713e-02
5.238167114e+02,-1.020349376e-02
5.240403442e+02,2.662615618e-03
5.242640381e+02,2.267747885e-03
5.244877319e+02,3.036917374e-02
5.247114258e+02,-1.234236173e-02
5.249351196e+02,2.418291196e-02
5.251588745e+02,-1.504062489e-02
5.253826294e+02,5.689935759e-03
5.256063232e+02,-1.911269967e-03
5.258300781e+02,-7.439419162e-03
5.260538330e+02,2.372223325e-02
5.262776489e+02,2.013551630e-02
5.265014038e+02,-2.898439532e-03
5.267252197e+02,-3.227496054e-03
5.269490356e+02,2.507136390e-02
5.271728516e+02,-1.773888804e-02
5.273966675e+02,-2.435292490e-02
5.276204834e+02,6.199150532e-02
5.278443604e+02,-2.569383010e-03
5.280682373e+02,1.059287786e-02
5.282921143e+02,3.892464191e-02
5.285159912e+02,-1.905511506e-02
5.287398682e+02,2.622306161e-02
5.289637451e+02,-9.709909558e-03
5.291876831e+02,-3.162507340e-02
5.294116211e+02,6.306916475e-05
5.296355591e+02,1.059287786e-02
5.298594971e+02,-1.691624708e-02
5.300834351e+02,-5.267646164e-03
5.303074341e+02,-3.800876811e-02
5.305313721e+02,-7.867192850e-03
5.307553711e+02,-2.964250743e-03
5.309793701e+02,7.236501202e-03
5.312033691e+02,-2.932167798e-02
5.314274292e+02,6.771709025e-02
5.316514282e+02,-6.945834495e-03
5.318754883e+02,1.222417504e-01
5.320995483e+02,4.518905580e-01
5.323236084e+02,6.482056975e-01
5.325476685e+02,4.404723048e-01
5.327717285e+02,2.251377255e-01
5.329958496e+02,1.170097515e-01
5.332199707e+02,7.600931078e-02
5.334440308e+02,6.679572910e-02
5.336682129e+02,-7.307796739e-03
5.338923340e+02,-1.596198231e-02
5.341164551e+02,4.047120735e-02
5.343406372e+02,7.104878314e-03
5.345648193e+02,-7.505230606e-03
5.347890015e+02,1.309370715e-02
5.350131836e+02,1.292917877e-02
5.352373657e+02,-4.634212528e-04
5.354616089e+02,-1.069707889e-02
5.356857910e+02,2.072781883e-02
5.359100342e+02,-1.010477729e-02
5.361342773e+02,-2.108703833e-03
5.363585205e+02,3.678577766e-02
5.365828247e+02,2.037408296e-03
5.368070679e+02,-3.753986442e-03
5.370313721e+02,-7.834287360e-03
5.372556763e+02,-2.066749148e-02
5.374799805e+02,-3.057209216e-02
5.377042847e+02,1.576729119e-03
5.379285889e+02,1.822698861e-02
5.381529541e+02,-4.412099253e-03
5.383773193e+02,-2.984816767e-02
5.386016846e+02,1.612102613e-02
5.388260498e+02,2.234842163e-03
5.390504150e+02,5.558312871e-03
5.392747803e+02,1.365310326e-02
5.394992065e+02,-1.680930378e-03
5.397236328e+02,-5.070212297e-03
5.399480591e+02,8.322387934e-03
5.401724854e+02,-1.740983129e-02
5.403969116e+02,-3.622363787e-03
5.406213989e+02,2.362351492e-02
5.408458252e+02,-2.102945372e-02
5.410703125e+02,-1.810085028e-02
5.412947998e+02,2.115559205e-02
5.415192871e+02,3.024577862e-03
5.417438354e+02,-1.230945531e-02
5.419683228e+02,-1.411926653e-02
5.421928711e+02,1.184329204e-02
5.424174194e+02,1.055997238e-02
5.426419678e+02,-3.194590332e-03
5.428665161e+02,-6.287721451e-03
5.430910645e+02,5.854463670e-03
5.433156738e+02,1.362019777e-02
5.435402832e+02,-2.231277339e-02
5.437648315e+02,-4.083042964e-03
5.439895020e+02,1.872880035e-03
5.442141113e+02,7.927520201e-03
5.444387207e+02,-1.175005920e-02
5.446633911e+02,9.210839868e-03
5.448880615e+02,9.803142399e-03
5.451127319e+02,-6.978739984e-03
5.453374023e+02,-1.625813358e-02
5.455620728e+02,-6.386438385e-03
5.457867432e+02,4.767754674e-02
5.460114746e+02,-3.688174998e-03
5.462362061e+02,-1.773888804e-02
5.464609375e+02,-9.874437936e-03
5.466856689e+02,-2.569383010e-03
5.469104004e+02,-2.297088690e-02
5.471351929e+02,-1.579745486e-02
5.473599243e+02,-1.349405944e-02
5.475847168e+02,7.269406691e-03
5.478095093e+02,-2.649179101e-02
5.480343018e+02,-2.616273426e-02
5.482591553e+02,2.283377945e-02
5.484839478e+02,-6.814212073e-03
5.487088013e+02,-7.044551428e-03
5.489336548e+02,-1.441541780e-02
5.491585083e+02,-3.261224180e-02
5.493833618e+02,4.538237583e-03
5.496082764e+02,5.824026093e-02
5.498331299e+02,2.079362981e-02
5.500580444e+02,-2.606401779e-02
5.502829590e+02,1.957612112e-02
5.505078735e+02,1.602230966e-02
5.507327881e+02,2.695521340e-03
5.509577637e+02,-7.439419162e-03
5.511826782e+02,-7.933003828e-03
5.514076538e+02,1.523257419e-02
5.516326294e+02,-4.938589875e-03
5.518576050e+02,-2.816998027e-02
5.520825806e+02,-7.472325116e-03
5.523076172e+02,-5.366363097e-03
5.525325928e+02,-2.257601917e-02
5.527576294e+02,9.515217389e-04
5.529826660e+02,4.579369852e-04
5.532077026e+02,-8.130437694e-03
5.534328003e+02,8.528048056e-04
5.536578369e+02,5.722841248e-03
5.538829346e+02,1.503514033e-02
5.541080322e+02,5.229256582e-03
5.543331299e+02,-2.274054661e-02
5.545582275e+02,-8.393683471e-03
5.547833252e+02,1.546291355e-02
5.550084839e+02,2.447906323e-02
5.552335815e+02,-2.119398117e-02
5.554587402e+02,-2.629435807e-02
5.556838989e+02,3.527211770e-02
5.559091187e+02,3.847219050e-03
5.561342773e+02,3.599604219e-02
5.563594971e+02,-2.731443197e-02
5.565846558e+02,6.841633469e-03
5.568098755e+02,2.220857330e-02
5.570350952e+02,1.062578335e-02
5.572603760e+02,-1.938416995e-02
5.574855957e+02,1.348857488e-02
5.577108765e+02,-9.249229915e-03
5.579360962e+02,-2.645888552e-02
5.581613770e+02,-3.659382463e-02
5.583866577e+02,3.156200284e-03
5.586119995e+02,8.857104694e-04
5.588372803e+02,-1.283594593e-02
5.590626221e+02,-3.484982625e-02
5.592879028e+02,-4.963268875e-04
5.595132446e+02,-2.191790566e-02
5.597386475e+02,-5.925759207e-03
5.599639893e+02,-6.485155318e-03
5.601893311e+02,7.137784269e-03
5.604147339e+02,5.007965863e-02
5.606401367e+02,5.001384765e-02
5.608655396e+02,2.253762819e-02
5.610909424e+02,4.505332094e-03
5.613163452e+02,1.062578335e-02
5.615418091e+02,-2.404854633e-03
5.617672119e+02,2.345898747e-02
5.619926758e+02,1.796374284e-02
5.622181396e+02,-1.576454937e-02
5.624436646e+02,-1.326371916e-02
5.626691284e+02,-6.024476141e-03
5.628945923e+02,5.854463670e-03
5.631201172e+02,9.145028889e-03
5.633456421e+02,-3.556552576e-03
5.635711670e+02,1.543000806e-02
5.637966919e+02,2.250472270e-02
5.640222778e+02,1.032963209e-02
5.642478027e+02,-8.229155093e-03
5.644733887e+02,1.483770646e-02
5.646989746e+02,4.143369850e-03
5.649245605e+02,6.479671225e-03
5.651501465e+02,-1.731111482e-02
5.653757935e+02,7.170689758e-03
5.656013794e+02,1.708351774e-03
5.658270264e+02,3.826653212e-02
5.660526733e+02,-2.738024481e-02
5.662783203e+02,-6.353532895e-03
5.665039673e+02,5.895596114e-04
5.667296753e+02,2.128721401e-02
5.669553223e+02,1.164585818e-02
5.671810303e+02,-9.973154403e-03
5.674067383e+02,2.138593048e-02
5.676324463e+02,-5.333457608e-03
5.678581543e+02,-1.711368002e-02
5.680839233e+02,3.984600306e-02
5.683096313e+02,-9.841531515e-03
5.685354004e+02,-1.151971985e-02
5.687611694e+02,-1.484319102e-02
5.689869385e+02,2.072781883e-02
5.692127686e+02,2.645340189e-02
5.694385376e+02,1.773340441e-02
5.696643677e+02,3.748502117e-03
5.698901978e+02,-9.413758293e-03
5.701160278e+02,-1.421798393e-02
5.703418579e+02,6.929656118e-02
5.705676880e+02,-2.116107568e-02
5.707935791e+02,5.294245109e-02
5.710194092e+02,-6.254815962e-03
5.712453003e+02,2.300653374e-03
5.714711914e+02,-1.033511665e-02
5.716970825e+02,8.157859556e-03
5.719230347e+02,2.309702523e-02
5.721489258e+02,4.859890416e-02
5.723748779e+02,-2.530718781e-02
5.726008301e+02,-1.181587111e-02
5.728267822e+02,9.186160751e-04
5.730527344e+02,3.764132410e-02
5.732786865e+02,7.203595713e-03
5.735046997e+02,-4.214665387e-03
5.737307129e+02,2.037408296e-03
5.739566650e+02,-5.004401319e-03
5.741826782e+02,-4.675344564e-03
5.744087524e+02,-4.634212528e-04
5.746347656e+02,1.125099044e-02
5.748608398e+02,-2.563624457e-02
5.750868530e+02,-9.282135405e-03
5.753129272e+02,-5.991570652e-03
5.755390015e+02,6.306916475e-05
5.757651367e+02,-5.070212297e-03
5.759912109e+02,-2.422130108e-02
5.762173462e+02,7.211822085e-04
5.764434204e+02,6.479671225e-03
5.766695557e+02,-1.099322923e-02
5.768956909e+02,-1.839700155e-02
5.771218872e+02,3.880124772e-03
5.773480225e+02,-3.062967677e-03
5.775742188e+02,-2.056877501e-02
5.778003540e+02,-1.454703975e-02
5.780265503e+02,-6.649683695e-03
5.782527466e+02,2.836192958e-02
5.784790039e+02,9.375368245e-03
5.787052002e+02,-1.734402031e-02
5.789314575e+02,-5.037306808e-03
5.791577148e+02,-6.748400629e-03
5.793839111e+02,1.148955664e-03
5.796102295e+02,-1.714658737e-02
5.798364868e+02,8.897414058e-02
5.800627441e+02,-1.549307723e-03
5.802890625e+02,-1.921964251e-02
5.805153809e+02,-2.075798111e-03
5.807416992e+02,2.662615618e-03
5.809680176e+02,-6.682589184e-03
5.811943359e+02,-1.382311527e-02
5.814207153e+02,9.934764355e-03
5.816470337e+02,5.323860049e-02
5.818734131e+02,1.796374284e-02
5.820997925e+02,-2.075798111e-03
5.823261719e+02,-1.740983129e-02
5.825526123e+02,9.243746288e-03
5.827789917e+02,-1.852862351e-02
5.830054321e+02,1.638427190e-02
5.832318726e+02,-3.976099542e-04
5.834583130e+02,-6.583872251e-03
5.836847534e+02,-1.148681436e-02
5.839111938e+02,1.388344262e-02
5.841376953e+02,-1.418507751e-02
5.843641357e+02,6.553708808e-04
5.845906372e+02,1.720691286e-02
5.848171387e+02,-2.297088690e-02
5.850436401e+02,-2.642598003e-02
5.852702026e+02,2.004502574e-03
5.854967041e+02,2.543332614e-02
5.857232666e+02,-1.882477477e-02
5.859498291e+02,-6.847117562e-03
5.861763916e+02,-9.570060065e-04
5.864029541e+02,3.847219050e-03
5.866295166e+02,-3.260401543e-03
5.868561401e+02,-3.109858185e-02
5.870827026e+02,5.163445137e-03
5.873093262e+02,3.386539873e-03
5.875359497e+02,-2.685375325e-02
5.877625732e+02,-3.165797889e-02
5.879892578e+02,2.169030951e-03
5.882158813e+02,-8.393683471e-03
5.884425659e+02,-9.315041825e-03
5.886692505e+02,5.031822715e-03
5.888959351e+02,2.671664581e-02
5.891226196e+02,-5.333457608e-03
5.893493652e+02,4.685490578e-02
5.895760498e+02,-4.083042964e-03
5.898027954e+02,3.941822797e-02
5.900295410e+02,-2.168756723e-02
5.902562866e+02,4.168871790e-02
5.904830322e+02,-7.472325116e-03
5.907097778e+02,1.148955664e-03
5.909365845e+02,1.214766991e-03
5.911633911e+02,-2.198371664e-02
5.913901978e+02,-1.365858782e-02
5.916170044e+02,2.300653374e-03
5.918438110e+02,-1.076288987e-02
5.920706177e+02,-2.181918919e-02
5.922974854e+02,-2.563624457e-02
5.925242920e+02,4.511090741e-02
5.927511597e+02,-2.635194222e-03
5.929780273e+02,8.980500512e-03
5.932049561e+02,-4.634212528e-04
5.934318237e+02,2.421581745e-02
5.936587524e+02,1.766759343e-02
5.938856201e+02,7.927520201e-03
5.941125488e+02,-2.865533810e-03
5.943394775e+02,1.411378197e-02
5.945664673e+02,5.821558181e-03
5.947933960e+02,-7.266664761e-04
5.950203857e+02,-9.570060065e-04
5.952473145e+02,2.461068518e-02
5.954743042e+02,4.241264239e-02
5.957012939e+02,-1.138809789e-02
5.959283447e+02,-6.353532895e-03
5.961553345e+02,8.717255667e-03
5.963823853e+02,-3.885609098e-03
5.966093750e+02,-1.467866264e-02
5.968364258e+02,1.980645955e-02
5.970634766e+02,5.788652692e-03
5.972905884e+02,2.342608199e-02
5.975176392e+02,8.717255667e-03
5.977447510e+02,-2.816998027e-02
5.979718018e+02,2.171498723e-02
5.981989136e+02,-1.112485211e-02
5.984260254e+02,-1.063126791e-02
5.986531982e+02,-2.135851048e-02
5.988803101e+02,-1.336243656e-02
5.991074829e+02,-6.616778206e-03
5.993345947e+02,2.895423025e-02
5.995617676e+02,-2.570205554e-02
5.997889404e+02,7.039067335e-03
6.000161743e+02,3.770713508e-02
6.002433472e+02,-8.525305428e-03
6.004705811e+02,1.625264995e-02
6.006977539e+02,-1.198039949e-02
6.009249878e+02,1.770049892e-02
6.011522217e+02,-7.735569961e-03
6.013795166e+02,-1.237526722e-02
6.016067505e+02,1.256721653e-02
6.018340454e+02,-9.570060065e-04
6.020612793e+02,5.237482837e-04
6.022885742e+02,-1.102613565e-02
6.025158691e+02,1.042834949e-02
6.027432251e+02,1.075740624e-02
6.029705200e+02,2.132011950e-02
6.031978760e+02,1.085612271e-02
6.034251709e+02,3.109309822e-02
6.036525269e+02,-1.680930378e-03
6.038798828e+02,-4.905684385e-03
6.041072998e+02,-1.444832329e-02
6.043346558e+02,1.306080166e-02
6.045620728e+02,8.124954067e-03
6.047894287e+02,-1.309919171e-02
6.050168457e+02,-1.049964502e-02
6.052442627e+02,2.651921287e-02
6.054717407e+02,-2.898439532e-03
6.056991577e+02,2.059619501e-02
6.059266357e+02,6.249331404e-03
6.061540527e+02,8.881784044e-03
6.063815308e+02,4.604049027e-03
6.066090698e+02,2.809868380e-02
6.068365479e+02,-1.448122878e-02
6.070640259e+02,3.734517097e-02
6.072915649e+02,4.274992738e-03
6.075191040e+02,7.245550305e-02
6.077465820e+02,-4.806967452e-03
6.079741821e+02,8.792115748e-02
6.082017212e+02,3.814313328e-03
6.084292603e+02,1.802955568e-02
6.086568604e+02,2.385385521e-02
6.088844604e+02,4.077558406e-03
6.091119995e+02,9.506991133e-03
6.093396606e+02,1.411378197e-02
6.095672607e+02,2.102396823e-02
6.097948608e+02,2.925860928e-03
6.100225220e+02,2.418291196e-02
6.102501831e+02,7.028372586e-02
6.104777832e+02,5.050743371e-02
6.107055054e+02,4.636954516e-03
6.109331665e+02,2.977687307e-02
6.111608276e+02,7.798365504e-02
6.113885498e+02,1.371891424e-02
6.116162720e+02,2.869098634e-02
6.118439331e+02,2.355770394e-02
6.120716553e+02,2.776962705e-02
6.122994385e+02,1.612102613e-02
6.125271606e+02,1.605521515e-02
6.127549438e+02,1.743725315e-02
6.129826660e+02,4.576901719e-02
6.132104492e+02,6.133339182e-02
6.134382324e+02,6.347225606e-02
6.136660767e+02,3.826653212e-02
6.138938599e+02,7.166576385e-02
6.141217041e+02,2.974396572e-02
6.143494873e+02,9.558817744e-02
6.145773315e+02,5.188947171e-02
6.148051758e+02,3.339649364e-02
6.150330811e+02,8.884251863e-02
6.152609253e+02,7.620674372e-02
6.154887695e+02,6.689444929e-02
6.157166748e+02,4.497928172e-02
6.159445801e+02,1.001291573e-01
6.161724854e+02,1.071051508e-01
6.164003906e+02,5.764795840e-02
6.166283569e+02,5.830607191e-02
6.168562622e+02,5.577233806e-02
6.170842285e+02,8.147165179e-02
6.173121948e+02,7.953021675e-02
6.175401611e+02,9.180402756e-02
6.177681274e+02,8.495964855e-02
6.179961548e+02,1.336929202e-01
6.182241211e+02,9.680568427e-02
6.184521484e+02,1.152657568e-01
6.186801758e+02,8.137293160e-02
6.189082031e+02,1.373454481e-01
6.191362305e+02,1.070064381e-01
6.193642578e+02,1.079277918e-01
6.195923462e+02,1.380035579e-01
6.198203735e+02,1.195434853e-01
6.200484619e+02,1.355027258e-01
6.202765503e+02,1.449795514e-01
6.205046997e+02,1.450782716e-01
6.207327881e+02,1.863090545e-01
6.209608765e+02,1.511658132e-01
6.211890259e+02,1.571546495e-01
6.214171753e+02,1.431039423e-01
6.216453247e+02,1.844663322e-01
6.218734741e+02,1.758121550e-01
6.221016846e+02,1.652165353e-01
6.223298340e+02,1.816693544e-01
6.225580444e+02,1.801227927e-01
6.227862549e+02,1.858812869e-01
6.230144653e+02,1.925282180e-01
6.232426758e+02,1.917384863e-01
6.234708862e+02,1.888098866e-01
6.236991577e+02,2.192476094e-01
6.239273682e+02,1.851244569e-01
6.241556396e+02,2.106921375e-01
6.243839111e+02,2.808798850e-01
6.246121826e+02,2.352397591e-01
6.248404541e+02,2.210574299e-01
6.250687866e+02,2.768324912e-01
6.252971191e+02,2.307974994e-01
6.255253906e+02,2.725218534e-01
6.257537231e+02,2.604125738e-01
6.259821167e+02,2.579117417e-01
6.262104492e+02,2.795636654e-01
6.264387817e+02,2.663685083e-01
6.266671753e+02,3.607748151e-01
6.268955688e+02,3.102646470e-01
6.271239624e+02,2.872636020e-01
6.273523560e+02,2.846311331e-01
6.275807495e+02,2.973985374e-01
6.278092041e+02,3.138253093e-01
6.280375977e+02,2.973188460e-01
6.282660522e+02,3.092667162e-01
6.284945068e+02,3.340029716e-01
6.287229614e+02,3.243115842e-01
6.289514160e+02,3.585799038e-01
6.291799316e+02,3.394253552e-01
6.294083862e+02,3.503867984e-01
6.296369019e+02,3.743568063e-01
6.298654175e+02,3.452469707e-01
6.300939331e+02,3.563069105e-01
6.303224487e+02,3.487926126e-01
6.305510254e+02,4.184033871e-01
6.307795410e+02,3.744614422e-01
6.310081177e+02,4.074208438e-01
6.312366943e+02,4.409046471e-01
6.314652710e+02,4.289273918e-01
6.316938477e+02,4.191119671e-01
6.319224854e+02,3.892540634e-01
6.321510620e+02,4.125102162e-01
6.323796997e+02,4.388282597e-01
6.326083374e+02,4.366064668e-01
6.328369751e+02,4.719620943e-01
6.330656128e+02,4.142309427e-01
6.332943115e+02,4.919725358e-01
6.335229492e+02,4.862899184e-01
6.337516479e+02,4.684243202e-01
6.339803467e+02,4.890259504e-01
6.342090454e+02,4.596730173e-01
6.344377441e+02,4.659914970e-01
6.346664429e+02,4.638461471e-01
6.348952026e+02,5.261623263e-01
6.351239624e+02,5.279297233e-01
6.353526611e+02,4.848782122e-01
6.355814819e+02,5.354850292e-01
6.358102417e+02,5.524207354e-01
6.360390015e+02,5.524563789e-01
6.362678223e+02,5.575823188e-01
6.364965820e+02,5.648315549e-01
6.367254028e+02,5.815437436e-01
6.369542236e+02,5.876590014e-01
6.371830444e+02,5.719849467e-01
6.374119263e+02,6.111568809e-01
6.376407471e+02,5.983713865e-01
6.378696289e+02,6.105533838e-01
6.380984497e+02,6.282287836e-01
6.383273315e+02,6.076065302e-01
6.385562744e+02,6.107423306e-01
6.387851562e+02,6.480729580e-01
6.390140381e+02,6.451064348e-01
6.392429810e+02,6.153725386e-01
6.394719238e+02,5.892801881e-01
6.397008667e+02,5.999662280e-01
6.399298096e+02,6.200088263e-01
6.401587524e+02,6.208433509e-01
6.403877563e+02,6.527400017e-01
6.406166992e+02,5.969486237e-01
6.408457031e+02,6.100865602e-01
6.410747070e+02,6.007829309e-01
6.413037109e+02,5.925049782e-01
6.415327148e+02,6.318861842e-01
6.417617798e+02,6.386190653e-01
6.419907837e+02,5.890987515e-01
6.422198486e+02,5.871643424e-01
6.424489136e+02,6.391604543e-01
6.426779785e+02,6.159476042e-01
6.429070435e+02,6.133416891e-01
6.431361694e+02,6.455672979e-01
6.433652344e+02,6.347759366e-01
6.435943604e+02,6.501548290e-01
6.438234863e+02,5.961189270e-01
6.440526123e+02,6.101730466e-01
6.442817383e+02,5.998834968e-01
6.445108643e+02,5.901698470e-01
6.447400513e+02,5.902185440e-01
6.449692383e+02,5.733258128e-01
6.451983643e+02,6.008623242e-01
6.454275513e+02,6.023496985e-01
6.456567993e+02,6.195298433e-01
6.458859863e+02,6.128405333e-01
6.461151733e+02,6.135658622e-01
6.463444214e+02,5.901032090e-01
6.465736694e+02,6.084601283e-01
6.468029175e+02,5.874877572e-01
6.470321655e+02,6.311581731e-01
6.472614136e+02,6.232871413e-01
6.474907227e+02,5.930726528e-01
6.477200317e+02,6.259158254e-01
6.479492798e+02,6.376411319e-01
6.481785889e+02,6.236372590e-01
6.484078979e+02,6.380227804e-01
6.486372681e+02,6.445428729e-01
6.488665771e+02,6.219451427e-01
6.490959473e+02,6.154324412e-01
6.493253174e+02,6.263248324e-01
6.495546265e+02,6.202219129e-01
6.497840576e+02,6.355548501e-01
6.500134277e+02,6.336009502e-01
6.502427979e+02,6.605453491e-01
6.504722290e+02,6.056953073e-01
6.507016602e+02,6.317598820e-01
6.509310303e+02,6.346595883e-01
6.511605225e+02,6.121967435e-01
6.513899536e+02,6.627980471e-01
6.516193848e+02,6.676090956e-01
6.518488770e+02,6.479052901e-01
6.520783081e+02,6.272456050e-01
6.523078003e+02,6.787710190e-01
6.525372925e+02,6.412534714e-01
6.527667847e+02,6.490962505e-01
6.529963379e+02,6.379265189e-01
6.532258301e+02,6.488709450e-01
6.534553833e+02,6.546789408e-01
6.536849365e+02,6.793492436e-01
6.539144897e+02,6.663121581e-01
6.541440430e+02,6.881193519e-01
6.543735962e+02,6.656231284e-01
6.546032104e+02,7.078384757e-01
6.548327637e+02,6.974950433e-01
6.550623779e+02,6.878498197e-01
6.552919922e+02,7.037054896e-01
6.555216064e+02,6.917185187e-01
6.557512817e+02,6.904805899e-01
6.559808960e+02,7.008541226e-01
6.562105713e+02,7.038313150e-01
6.564402466e+02,7.139441967e-01
6.566698608e+02,7.299252152e-01
6.568995972e+02,7.194946408e-01
6.571292725e+02,7.178750038e-01
6.573589478e+02,7.788040042e-01
6.575886841e+02,7.228336930e-01
6.578184204e+02,7.607348561e-01
6.580480957e+02,7.463731766e-01
6.582778931e+02,7.871099710e-01
6.585076294e+02,7.530376315e-01
6.587373657e+02,7.341483831e-01
6.589671631e+02,7.595636845e-01
6.591968994e+02,7.586565614e-01
6.594266968e+02,7.525543571e-01
6.596564941e+02,7.859014869e-01
6.598862915e+02,7.729702592e-01
6.601161499e+02,7.534797192e-01
6.603459473e+02,7.971003652e-01
6.605758057e+02,7.525165677e-01
6.608056641e+02,7.890089750e-01
6.610355225e+02,8.088839650e-01
6.612653809e+02,7.572550178e-01
6.614952393e+02,7.885153890e-01
6.617251587e+02,8.061199188e-01
6.619550171e+02,7.785778642e-01
6.621849365e+02,7.820987701e-01
6.624148560e+02,8.082258701e-01
6.626447754e+02,7.903251648e-01
6.628747559e+02,7.827897668e-01
6.631046753e+02,7.768996954e-01
6.633346558e+02,8.090155721e-01
6.635645752e+02,8.041455746e-01
6.637945557e+02,7.884495854e-01
6.640245361e+02,7.622895837e-01
6.642545776e+02,7.866397500e-01
6.644845581e+02,7.794992328e-01
6.647145386e+02,7.994400263e-01
6.649445801e+02,7.902593613e-01
6.651746216e+02,7.754189372e-01
6.654046631e+02,7.821645737e-01
6.656347046e+02,7.929247618e-01
6.658648071e+02,7.594925761e-01
6.660948486e+02,7.567285299e-01
6.663249512e+02,7.962481976e-01
6.665550537e+02,7.689694166e-01
6.667851562e+02,7.953597307e-01
6.670152588e+02,8.003942966e-01
6.672453613e+02,7.937473655e-01
6.674755249e+02,8.019079566e-01
6.677056274e+02,7.848628759e-01
6.679357910e+02,7.704172730e-01
6.681659546e+02,7.800586224e-01
6.683961182e+02,7.688378096e-01
6.686262817e+02,7.786107659e-01
6.688565063e+02,7.712728381e-01
6.690866699e+02,8.121745586e-01
6.693168945e+02,7.662053704e-01
6.695471191e+02,7.901606560e-01
6.697773438e+02,7.846654058e-01
6.700075684e+02,8.130959272e-01
6.702378540e+02,8.158270717e-01
6.704680786e+02,7.746620774e-01
6.706983643e+02,7.905226350e-01
6.709286499e+02,8.350110650e-01
6.711589355e+02,8.215526342e-01
6.713892212e+02,7.814735770e-01
6.716195679e+02,7.946358323e-01
6.718498535e+02,7.890089750e-01
6.720802002e+02,7.897657752e-01
6.723105469e+02,7.953926325e-01
6.725408936e+02,7.791043520e-01
6.727712402e+02,7.927930951e-01
6.730015869e+02,8.184924126e-01
6.732319336e+02,7.849286795e-01
6.734623413e+02,7.743659616e-01
6.736927490e+02,8.107925057e-01
6.739231567e+02,8.154321909e-01
6.741535645e+02,7.969721556e-01
6.743839722e+02,7.997362018e-01
6.746144409e+02,8.202693462e-01
6.748448486e+02,8.295487165e-01
6.750753174e+02,7.849286795e-01
6.753057861e+02,8.107267022e-01
6.755362549e+02,8.062515259e-01
6.757667236e+02,8.247774243e-01
6.759971924e+02,8.471203446e-01
6.762277222e+02,8.077651858e-01
6.764582520e+02,8.126023412e-01
6.766887817e+02,8.255013227e-01
6.769193115e+02,8.136224151e-01
6.771498413e+02,8.209274411e-01
6.773803711e+02,8.370512128e-01
6.776109619e+02,8.557087183e-01
6.778414917e+02,8.055276275e-01
6.780720825e+02,8.406050205e-01
6.783026733e+02,8.543595672e-01
6.785332642e+02,8.753533959e-01
6.787638550e+02,8.110228181e-01
6.789945068e+02,8.421844840e-01
6.792250977e+02,8.285286427e-01
6.794557495e+02,8.512335420e-01
6.796864014e+02,9.078641534e-01
6.799170532e+02,8.211248517e-01
6.801477051e+02,8.406050205e-01
6.803784180e+02,8.519575000e-01
6.806090698e+02,8.318521380e-01
6.808397827e+02,8.662714362e-01
6.810704956e+02,8.635402918e-01
6.813012085e+02,8.851263523e-01
6.815319214e+02,8.269162774e-01
6.817626343e+02,8.375447989e-01
6.819934082e+02,8.783807158e-01
6.822241821e+02,8.651855588e-01
6.824548950e+02,8.317863345e-01
6.826856689e+02,8.333657980e-01
6.829164429e+02,8.543924689e-01
6.831472778e+02,8.387293816e-01
6.833780518e+02,8.321153522e-01
6.836088867e+02,8.374131918e-01
6.838397217e+02,8.477784395e-01
6.840705566e+02,8.350768685e-01
6.843013916e+02,8.428755403e-01
6.845322266e+02,8.348136544e-01
6.847630615e+02,8.670282364e-01
6.849939575e+02,8.629479408e-01
6.852248535e+02,8.338264823e-01
6.854556885e+02,8.200389743e-01
6.856865845e+02,8.163206577e-01
6.859175415e+02,8.328393102e-01
6.861484375e+02,8.279363513e-01
6.863793335e+02,8.346490860e-01
6.866102905e+02,9.710101485e-01
6.868412476e+02,8.324773312e-01
6.870722046e+02,8.678508997e-01
6.873031616e+02,8.468900323e-01
6.875341187e+02,8.407037258e-01
6.877651367e+02,8.407695293e-01
6.879960938e+02,8.250077367e-01
6.882271118e+02,8.523852229e-01
6.884581299e+02,8.327735066e-01
6.886891479e+02,8.215855360e-01
6.889201660e+02,8.168142438e-01
6.891512451e+02,8.042442799e-01
6.893822632e+02,8.001310825e-01
6.896133423e+02,7.958204150e-01
6.898444214e+02,8.197428584e-01
6.900755005e+02,7.701539993e-01
6.903065796e+02,8.138527274e-01
6.905377197e+02,8.194795847e-01
6.907687988e+02,7.780513763e-01
6.909999390e+02,8.054288626e-01
6.912310181e+02,7.814077735e-01
6.914621582e+02,7.755834460e-01
6.916933594e+02,7.847970128e-01
6.919244995e+02,7.910491228e-01
6.921556396e+02,7.981567383e-01
6.923868408e+02,7.659749985e-01
6.926180420e+02,7.628489733e-01
6.928492432e+02,8.211907148e-01
6.930804443e+02,7.703514695e-01
6.933116455e+02,7.631780505e-01
6.935428467e+02,7.474161983e-01
6.937741089e+02,7.636716366e-01
6.940053711e+02,7.786436677e-01
6.942365723e+02,7.756492496e-01
6.944678345e+02,7.411641479e-01
6.946991577e+02,7.875282168e-01
6.949304199e+02,7.521875501e-01
6.951616821e+02,7.307001352e-01
6.953930054e+02,7.270476222e-01
6.956243286e+02,7.699236870e-01
6.958556519e+02,7.416248322e-01
6.960869751e+02,7.268173099e-01
6.963182983e+02,7.552806735e-01
6.965496826e+02,7.554122806e-01
6.967810059e+02,7.412628531e-01
6.970123901e+02,7.103973627e-01
6.972437744e+02,7.032897472e-01
6.974751587e+02,7.474820614e-01
6.977065430e+02,7.315886021e-01
6.979379272e+02,7.000320554e-01
6.981693726e+02,7.076662183e-01
6.984008179e+02,7.329377532e-01
6.986322021e+02,7.366889715e-01
6.988636475e+02,7.039807439e-01
6.990951538e+02,7.067119479e-01
6.993265991e+02,7.699236870e-01
6.995580444e+02,7.256655693e-01
6.997895508e+02,7.123059034e-01
7.000210571e+02,6.991107464e-01
7.002525635e+02,7.161229253e-01
7.004840698e+02,8.038493991e-01
7.007155762e+02,7.057576776e-01
7.009470825e+02,6.972351074e-01
7.011786499e+02,7.360966802e-01
7.014102173e+02,7.559387684e-01
7.016417847e+02,7.207626700e-01
7.018733521e+02,7.305356264e-01
7.021049194e+02,7.153661251e-01
7.023364868e+02,7.560374737e-01
7.025681152e+02,6.937142015e-01
7.027996826e+02,7.002624273e-01
7.030313110e+02,7.121413350e-01
7.032629395e+02,7.127665877e-01
7.034945679e+02,6.943722963e-01
7.037261963e+02,7.050008178e-01
7.039578857e+02,7.243822813e-01
7.041895142e+02,6.953265667e-01
7.044212036e+02,6.782814264e-01
7.046528931e+02,7.388607264e-01
7.048845825e+02,7.283638716e-01
7.051162720e+02,6.764387488e-01
7.053480225e+02,7.180643678e-01
7.055797119e+02,6.758134961e-01
7.058114624e+02,7.480085492e-01
7.060432129e+02,6.985513568e-01
7.062749634e+02,6.635068059e-01
7.065067139e+02,6.680806875e-01
7.067384644e+02,6.774259210e-01
7.069702759e+02,6.618944407e-01
7.072020264e+02,7.509042025e-01
7.074338379e+02,6.828224063e-01
7.076656494e+02,6.597555876e-01
7.078974609e+02,6.876266599e-01
7.081292725e+02,6.521214843e-01
7.083611450e+02,7.797954082e-01
7.085929565e+02,6.896339059e-01
7.088248291e+02,7.532076240e-01
7.090567017e+02,6.667973995e-01
7.092885742e+02,6.638029814e-01
7.095204468e+02,6.767019629e-01
7.097523193e+02,7.194135189e-01
7.099842529e+02,6.828553081e-01
7.102161255e+02,6.804532409e-01
7.104480591e+02,6.887454391e-01
7.106799927e+02,6.757147908e-01
7.109119263e+02,6.418219805e-01
7.111439209e+02,6.504103541e-01
7.113758545e+02,7.012495995e-01
7.116078491e+02,6.738721132e-01
7.118397827e+02,6.738392115e-01
7.120717773e+02,6.477779150e-01
7.123037720e+02,6.437963247e-01
7.125357666e+02,6.479424238e-01
7.127678223e+02,6.485018134e-01
7.129998169e+02,6.382023692e-01
7.132318726e+02,6.696272492e-01
7.134639282e+02,6.558398008e-01
7.136959839e+02,6.323122382e-01
7.139280396e+02,6.444873214e-01
7.141600952e+02,6.645268798e-01
7.143921509e+02,6.248426437e-01
7.146242676e+02,6.340562701e-01
7.148563843e+02,6.355041265e-01
7.150885010e+02,6.106274128e-01
7.153206177e+02,6.250072122e-01
7.155527344e+02,6.033552885e-01
7.157848511e+02,6.210914254e-01
7.160170288e+02,6.414929032e-01
7.162491455e+02,6.509368420e-01
7.164813232e+02,6.432369351e-01
7.167135010e+02,6.198410392e-01
7.169456787e+02,6.420193911e-01
7.171779175e+02,6.323122382e-01
7.174100952e+02,6.380049586e-01
7.176423340e+02,5.899626613e-01
7.178745117e+02,6.177350283e-01
7.181067505e+02,6.177021265e-01
7.183389893e+02,5.817033648e-01
7.185712891e+02,6.194461584e-01
7.188035278e+02,5.951946974e-01
7.190358276e+02,6.214534044e-01
7.192680664e+02,5.944378376e-01
7.195003662e+02,5.870341063e-01
7.197326660e+02,5.734440684e-01
7.199649658e+02,6.005582809e-01
7.201972656e+02,5.939113498e-01
7.204296265e+02,5.687714219e-01
7.206619873e+02,6.020061374e-01
7.208942871e+02,5.804200172e-01
7.211266479e+02,5.989459157e-01
7.213590088e+02,6.069090962e-01
7.215913696e+02,5.876922011e-01
7.218237915e+02,5.924963951e-01
7.220561523e+02,6.065800190e-01
7.222885742e+02,5.687056184e-01
7.225209961e+02,5.645924211e-01
7.227534180e+02,5.728846192e-01
7.229858398e+02,5.365238786e-01
7.232182617e+02,5.314235091e-01
7.234507446e+02,5.568925142e-01
7.236831665e+02,5.533058047e-01
7.239156494e+02,5.816704631e-01
7.241481323e+02,5.509036779e-01
7.243806152e+02,5.359973907e-01
7.246130981e+02,5.666654706e-01
7.248456421e+02,5.659415722e-01
7.250781250e+02,5.366884470e-01
7.253106689e+02,5.323448777e-01
7.255432129e+02,5.340230465e-01
7.257757568e+02,5.169779658e-01
7.260083008e+02,5.483370423e-01
7.262408447e+02,5.262902379e-01
7.264734497e+02,5.714368224e-01
7.267059937e+02,5.216834545e-01
7.269385986e+02,5.399789810e-01
7.271712036e+02,5.500810146e-01
7.274038086e+02,5.161882043e-01
7.276364136e+02,5.173398852e-01
7.278690796e+02,5.014135838e-01
7.281016846e+02,5.139506459e-01
7.283343506e+02,5.148061514e-01
7.285670166e+02,5.213872790e-01
7.287996826e+02,4.965106249e-01
7.290323486e+02,4.839077592e-01
7.292650146e+02,5.116801262e-01
7.294976807e+02,4.940756261e-01
7.297304077e+02,5.016767979e-01
7.299631348e+02,4.985836744e-01
7.301958618e+02,5.227035284e-01
7.304285889e+02,5.161224008e-01
7.306613159e+02,5.254017711e-01
7.308940430e+02,5.006238222e-01
7.311268311e+02,4.901927412e-01
7.313596191e+02,5.065468550e-01
7.315923462e+02,4.782150984e-01
7.318251343e+02,4.806500971e-01
7.320579834e+02,4.864085913e-01
7.322907715e+02,4.644276202e-01
7.325235596e+02,4.511337280e-01
7.327564087e+02,4.872641563e-01
7.329892578e+02,4.865073264e-01
7.332220459e+02,4.933845997e-01
7.334549561e+02,4.763394594e-01
7.336878052e+02,4.840064943e-01
7.339206543e+02,4.800249040e-01
7.341535645e+02,4.426440895e-01
7.343864136e+02,5.066455603e-01
7.346193237e+02,4.654805958e-01
7.348522339e+02,4.766027033e-01
7.350851440e+02,4.571883678e-01
7.353180542e+02,4.512653649e-01
7.355510254e+02,4.706797004e-01
7.357839355e+02,4.463953376e-01
7.360169067e+02,4.246775806e-01
7.362498779e+02,4.329040051e-01
7.364828491e+02,4.467572868e-01
7.367158203e+02,4.420188665e-01
7.369488525e+02,4.278365374e-01
7.371818237e+02,4.422492087e-01
7.374148560e+02,4.644276202e-01
7.376478882e+02,4.466256499e-01
7.378809204e+02,4.557405412e-01
7.381139526e+02,4.324762225e-01
7.383469849e+02,4.351744950e-01
7.385800171e+02,4.268822670e-01
7.388131104e+02,4.173067212e-01
7.390462036e+02,4.500807524e-01
7.392792358e+02,4.225058258e-01
7.395123291e+02,4.634075463e-01
7.397454834e+02,4.159905016e-01
7.399785767e+02,4.608080089e-01
7.402116699e+02,4.223083854e-01
7.404448242e+02,4.268493652e-01
7.406779785e+02,4.209592640e-01
7.409111328e+02,4.469218254e-01
7.411442871e+02,4.139832556e-01
7.413774414e+02,4.228019714e-01
7.416105957e+02,4.148387909e-01
7.418438110e+02,3.957206309e-01
7.420770264e+02,4.030585885e-01
7.423102417e+02,4.225716293e-01
7.425434570e+02,3.723905087e-01
7.427766724e+02,4.308967590e-01
7.430098877e+02,3.930223584e-01
7.432431030e+02,4.001628757e-01
7.434763794e+02,3.819002509e-01
7.437096558e+02,3.712058961e-01
7.439429321e+02,3.677508235e-01
7.441762085e+02,3.972013891e-01
7.444094849e+02,3.969052136e-01
7.446427612e+02,3.822622001e-01
7.448760986e+02,3.873955011e-01
7.451094360e+02,3.816370070e-01
7.453427124e+02,3.852237165e-01
7.455760498e+02,3.690999448e-01
7.458093872e+02,3.905873299e-01
7.460427856e+02,3.998338282e-01
7.462761230e+02,3.587346673e-01
7.465095215e+02,3.466253877e-01
7.467428589e+02,3.695606291e-01
7.469762573e+02,3.793994188e-01
7.472096558e+02,3.433019221e-01
7.474431152e+02,3.809459805e-01
7.476765137e+02,3.654145300e-01
7.479099121e+02,3.676520884e-01
7.481433716e+02,3.418540657e-01
7.483768311e+02,3.796955645e-01
7.486102905e+02,3.556415439e-01
7.488437500e+02,3.277375400e-01
7.490772095e+02,3.394848704e-01
7.493106689e+02,3.327063024e-01
7.495441895e+02,3.498501480e-01
7.497777100e+02,3.371156454e-01
7.500112305e+02,3.208273649e-01
7.502447510e+02,3.414921165e-01
7.504782715e+02,3.222751915e-01
7.507117920e+02,3.277046382e-01
7.509453125e+02,3.253025115e-01
7.511788940e+02,3.460001945e-01
7.514124756e+02,3.139829934e-01
7.516460571e+02,3.237230480e-01
7.518796387e+02,2.968062460e-01
7.521132202e+02,3.658093810e-01
7.523468018e+02,3.307648599e-01
7.525804443e+02,3.168786764e-01
7.528140259e+02,2.903567255e-01
7.530476685e+02,3.303700089e-01
7.532813110e+02,3.021040559e-01
7.535149536e+02,2.945357561e-01
7.537486572e+02,3.363259137e-01
7.539822998e+02,2.972339988e-01
7.542160034e+02,2.907845080e-01
7.544496460e+02,2.662368715e-01
7.546833496e+02,3.027292490e-01
7.549170532e+02,3.391557932e-01
7.551507568e+02,2.880533338e-01
7.553845215e+02,2.761743963e-01
7.556182251e+02,2.754175663e-01
7.558519897e+02,2.978921235e-01
7.560857544e+02,2.672569454e-01
7.563194580e+02,2.648548484e-01
7.565532837e+02,2.737722695e-01
7.567870483e+02,2.961810231e-01
7.570208130e+02,3.100014031e-01
7.572546387e+02,2.625185549e-01
7.574884033e+02,2.572536469e-01
7.577222290e+02,2.911793590e-01
7.579560547e+02,2.741013467e-01
7.581898804e+02,2.943054140e-01
7.584237671e+02,2.481387705e-01
7.586575928e+02,2.748252451e-01
7.588914795e+02,2.642625570e-01
7.591253052e+02,2.705804408e-01
7.593591919e+02,2.385961413e-01
7.595930786e+02,2.611036003e-01
7.598269653e+02,2.809457183e-01
7.600609131e+02,2.498169690e-01
7.602947998e+02,2.446836829e-01
7.605287476e+02,2.416563630e-01
7.607626953e+02,2.959506810e-01
7.609965820e+02,2.525152266e-01
7.612305908e+02,2.524823248e-01
7.614645386e+02,2.509686649e-01
7.616984863e+02,2.957861423e-01
7.619324951e+02,2.980237305e-01
7.621664429e+02,2.536011040e-01
7.624004517e+02,2.353384793e-01
7.626344604e+02,2.410311550e-01
7.628684692e+02,2.437952310e-01
7.631025391e+02,2.173390836e-01
7.633365479e+02,2.640322149e-01
7.635706177e+02,2.866054773e-01
7.638046265e+02,2.822619379e-01
7.640386963e+02,2.254338712e-01
7.642727661e+02,2.341538668e-01
7.645068359e+02,2.387935668e-01
7.647409668e+02,2.155292779e-01
7.649750366e+02,2.118109316e-01
7.652091675e+02,2.494879067e-01
7.654432983e+02,2.305671573e-01
7.656773682e+02,2.187540233e-01
7.659115601e+02,2.320149988e-01
7.661456909e+02,2.790700793e-01
7.663798218e+02,2.325085849e-01
7.666140137e+02,2.408008128e-01
7.668481445e+02,2.105605155e-01
7.670823364e+02,2.418537885e-01
7.673165283e+02,2.487968802e-01
7.675507202e+02,2.442559004e-01
7.677849731e+02,2.060524523e-01
7.680191650e+02,2.126993835e-01
7.682534180e+02,2.212548554e-01
7.684876099e+02,2.004584819e-01
7.687218628e+02,1.913107187e-01
7.689561157e+02,2.309291214e-01
7.691903687e+02,1.981221884e-01
7.694246826e+02,2.134562135e-01
7.696589355e+02,1.793988645e-01
7.698932495e+02,1.941076964e-01
7.701275024e+02,2.364572734e-01
7.703618164e+02,1.913436204e-01
7.705961304e+02,2.203664035e-01
7.708305054e+02,2.150685936e-01
7.710648193e+02,1.823932827e-01
7.712991333e+02,1.898299605e-01
7.715335083e+02,1.974640638e-01
7.717678833e+02,2.096062601e-01
7.720022583e+02,2.347132713e-01
7.722366333e+02,1.998332739e-01
7.724710083e+02,1.938115507e-01
7.727054443e+02,2.318833768e-01
7.729398193e+02,2.846311331e-01
7.731742554e+02,1.742655933e-01
7.734086914e+02,1.791685224e-01
7.736431274e+02,1.926927567e-01
7.738775635e+02,1.898299605e-01
7.741119995e+02,1.932850480e-01
7.743464966e+02,2.208599895e-01
7.745809326e+02,1.878885329e-01
7.748154297e+02,2.513306141e-01
7.750499268e+02,2.032883763e-01
7.752844238e+02,1.717976630e-01
7.755189209e+02,2.207612693e-01
7.757534180e+02,1.815377325e-01
7.759879761e+02,1.613336653e-01
7.762224731e+02,1.611033231e-01
7.764570312e+02,1.876252741e-01
7.766915894e+02,1.702511013e-01
7.769261475e+02,1.729493588e-01
7.771607056e+02,1.548183411e-01
7.773953247e+02,1.772929132e-01
7.776298828e+02,1.677173674e-01
7.778645020e+02,1.623208374e-01
7.780991211e+02,1.670921594e-01
7.783337402e+02,1.726203114e-01
7.785683594e+02,1.552790254e-01
7.788029785e+02,1.450124681e-01
7.790376587e+02,2.053943276e-01
7.792722778e+02,1.463615894e-01
7.795069580e+02,1.694613546e-01
7.797416382e+02,1.760095805e-01
7.799763184e+02,1.568585038e-01
7.802109985e+02,1.590631753e-01
7.804456787e+02,1.591618955e-01
7.806804199e+02,1.925940365e-01
7.809151001e+02,1.250387281e-01
7.811498413e+02,1.598529071e-01
7.813845825e+02,1.629460454e-01
7.816193237e+02,1.576811373e-01
7.818540649e+02,1.348117143e-01
7.820888062e+02,1.654797792e-01
7.823236084e+02,1.440252960e-01
7.825583496e+02,1.679476947e-01
7.827931519e+02,1.446505040e-01
7.830279541e+02,1.384642422e-01
7.832627563e+02,1.411954015e-01
7.834975586e+02,1.384642422e-01
7.837324219e+02,1.397475600e-01
7.839672241e+02,1.485333741e-01
7.842020874e+02,1.443543434e-01
7.844369507e+02,1.123371497e-01
7.846718140e+02,1.537324637e-01
7.849066772e+02,1.403727680e-01
7.851415405e+02,1.480397880e-01
7.853764648e+02,1.326728463e-01
7.856113281e+02,1.362266541e-01
7.858462524e+02,1.253019720e-01
7.860811768e+02,1.745946407e-01
7.863161011e+02,1.165819839e-01
7.865510254e+02,1.440252960e-01
7.867859497e+02,1.789381951e-01
7.870208740e+02,1.279673427e-01
7.872558594e+02,1.127320156e-01
7.874908447e+02,2.103301734e-01
7.877258301e+02,1.709092110e-01
7.879608154e+02,1.517252177e-01
7.881958008e+02,1.440581977e-01
7.884307861e+02,1.261904240e-01
7.886658325e+02,1.393855959e-01
7.889008179e+02,1.285267323e-01
7.891358643e+02,1.555751711e-01
7.893709106e+02,1.235908866e-01
7.896059570e+02,1.870658845e-01
7.898410034e+02,1.343181282e-01
7.900760498e+02,1.426103562e-01
7.903111572e+02,1.073025838e-01
7.905462646e+02,1.297771484e-01
7.907813110e+02,1.139824316e-01
7.910164185e+02,1.235579774e-01
7.912515259e+02,1.054598689e-01
7.914866943e+02,1.170755625e-01
7.917218018e+02,1.349762380e-01
7.919569702e+02,1.363911778e-01
7.921920776e+02,1.025641710e-01
7.924272461e+02,1.310933679e-01
7.926624146e+02,1.200041696e-01
7.928975830e+02,1.183917895e-01
7.931327515e+02,1.239199415e-01
7.933679810e+02,1.124358699e-01
7.936031494e+02,1.244793385e-01
7.938383789e+02,1.072038710e-01
7.940736084e+02,9.137625247e-02
7.943088379e+02,1.649532914e-01
7.945440674e+02,9.874711931e-02
7.947792969e+02,1.086188108e-01
7.950145874e+02,1.021693051e-01
7.952498169e+02,1.049333811e-01
7.954851074e+02,1.195434853e-01
7.957203979e+02,1.058876440e-01
7.959556885e+02,1.201028824e-01
7.961909790e+02,1.222417504e-01
7.964262695e+02,1.108563989e-01
7.966616211e+02,1.257955581e-01
7.968969116e+02,1.044397950e-01
7.971322632e+02,1.681780368e-01
7.973676147e+02,1.019389629e-01
7.976029663e+02,1.354698241e-01
7.978383179e+02,8.295240253e-02
7.980737305e+02,1.149696037e-01
7.983090820e+02,9.098138660e-02
7.985444946e+02,8.031995595e-02
7.987798462e+02,1.064470410e-01
7.990152588e+02,9.611466527e-02
7.992506714e+02,1.018731520e-01
7.994861450e+02,9.535783529e-02
7.997215576e+02,8.288659155e-02
7.999570312e+02,9.242923558e-02
8.001924438e+02,9.147496521e-02
8.004279175e+02,7.222516090e-02
8.006633911e+02,9.943813831e-02
8.008988647e+02,8.068191260e-02
8.011343384e+02,1.294480860e-01
8.013698730e+02,8.614425361e-02
8.016053467e+02,5.962229893e-02
8.018408813e+02,7.772040367e-02
8.020764160e+02,1.373454481e-01
8.023119507e+02,1.069077179e-01
8.025474854e+02,7.159995288e-02
8.027830200e+02,1.112841740e-01
8.030185547e+02,7.916825265e-02
8.032541504e+02,1.033868119e-01
8.034897461e+02,8.716432750e-02
8.037252808e+02,1.166477948e-01
8.039608765e+02,9.430485219e-02
8.041964722e+02,1.021034941e-01
8.044321289e+02,8.084644377e-02
8.046677246e+02,1.132256016e-01
8.049033813e+02,9.377836436e-02
8.051389771e+02,9.081685543e-02
8.053746338e+02,1.058218330e-01
8.056102905e+02,1.158909649e-01
8.058459473e+02,9.785866737e-02
8.060816650e+02,8.170198649e-02
8.063173218e+02,7.219225913e-02
8.065530396e+02,8.262334764e-02
8.067886963e+02,8.314983547e-02
8.070244141e+02,8.706561476e-02
8.072601318e+02,6.926365197e-02
8.074958496e+02,6.837520003e-02
8.077316284e+02,7.475889474e-02
8.079673462e+02,5.879965797e-02
8.082031250e+02,6.965852529e-02
8.084389038e+02,9.571979940e-02
8.086746216e+02,1.051966250e-01
8.089104004e+02,5.633173138e-02
8.091462402e+02,6.801323593e-02
8.093820190e+02,1.209913343e-01
8.096177979e+02,6.801323593e-02
8.098536377e+02,6.505172700e-02
8.100894775e+02,8.022123575e-02
8.103253174e+02,8.838183433e-02
8.105611572e+02,7.459437102e-02
8.107969971e+02,8.469640464e-02
8.110328369e+02,1.039462090e-01
8.112687378e+02,7.291617990e-02
8.115045776e+02,7.897081971e-02
8.117404785e+02,6.969142705e-02
8.119763794e+02,5.922742933e-02
8.122122803e+02,7.706229389e-02
8.124481812e+02,4.471603781e-02
8.126841431e+02,1.349762380e-01
8.129200439e+02,6.258380413e-02
8.131560059e+02,7.966183871e-02
8.133919678e+02,1.440910995e-01
8.136279297e+02,3.876011446e-02
8.138638916e+02,1.057560220e-01
8.140998535e+02,1.137191877e-01
8.143358154e+02,5.639754236e-02
8.145718384e+02,9.006002545e-02
8.148078003e+02,7.206063718e-02
8.150438232e+02,7.867466658e-02
8.152798462e+02,1.145418286e-01
8.155158691e+02,7.469308376e-02
8.157518921e+02,5.794411153e-02
8.159879761e+02,7.913535088e-02
8.162239990e+02,5.017837510e-02
8.164600830e+02,5.304116756e-02
8.166961670e+02,7.489051670e-02
8.169322510e+02,1.195763946e-01
8.171683350e+02,5.267920718e-02
8.174044189e+02,9.907617420e-02
8.176405029e+02,8.890832961e-02
8.178766479e+02,5.100101605e-02
8.181127930e+02,7.156705111e-02
8.183488770e+02,5.007965863e-02
8.185850220e+02,6.482139230e-02
8.188212280e+02,6.715769321e-02
8.190573730e+02,4.343271628e-02
8.192935181e+02,4.205068201e-02
8.195297241e+02,1.149696037e-01
8.197658691e+02,4.162290692e-02
8.200020752e+02,6.653248519e-02
8.202382812e+02,5.267920718e-02
8.204744873e+02,9.022455662e-02
8.207107544e+02,5.659497902e-02
8.209469604e+02,7.459437102e-02
8.211831665e+02,4.896086827e-02
8.214194336e+02,5.649626255e-02
8.216557007e+02,6.054365635e-02
8.218919678e+02,5.764795840e-02
8.221282349e+02,7.018501312e-02
8.223645020e+02,5.439030007e-02
8.226008301e+02,9.335058928e-02
8.228370972e+02,4.925701767e-02
8.230734253e+02,4.728267714e-02
8.233097534e+02,3.918788955e-02
8.235460815e+02,4.757883027e-02
8.237824097e+02,4.445279390e-02
8.240187378e+02,5.389671400e-02
8.242551270e+02,8.433444053e-02
8.244914551e+02,6.281414628e-02
8.247278442e+02,5.402833596e-02
8.249642334e+02,4.606517032e-02
8.252006226e+02,7.808236778e-02
8.254370117e+02,1.003924012e-01
8.256734009e+02,4.172162339e-02
8.259097900e+02,5.406124145e-02
8.261462402e+02,4.790788516e-02
8.263826904e+02,5.916161835e-02
8.266191406e+02,2.099106275e-02
8.268555908e+02,3.954984993e-02
8.270920410e+02,3.665415198e-02
8.273284912e+02,6.182697788e-02
8.275649414e+02,2.085944079e-02
8.278014526e+02,3.494305909e-02
8.280379639e+02,5.274501815e-02
8.282744751e+02,4.596645385e-02
8.285109863e+02,7.564734668e-02
8.287474976e+02,6.255090237e-02
8.289840088e+02,4.632841423e-02
8.292205200e+02,4.843437672e-02
8.294570923e+02,3.398879617e-02
8.296936646e+02,5.267920718e-02
8.299301758e+02,5.807573348e-02
8.301667480e+02,5.366637558e-02
8.304033813e+02,2.770381607e-02
8.306399536e+02,4.662456736e-02
8.308765259e+02,7.498923689e-02
8.311131592e+02,3.184992820e-02
8.313497925e+02,6.817776710e-02
8.315863647e+02,3.247513622e-02
8.318229980e+02,5.017837510e-02
8.320596924e+02,3.632509708e-02
8.322963257e+02,2.846064605e-02
8.325329590e+02,2.750638314e-02
8.327696533e+02,9.825353324e-02
8.330062866e+02,5.340313166e-02
8.332429810e+02,5.662788451e-02
8.334796753e+02,2.470940165e-02
8.337163696e+02,6.422908604e-02
8.339531250e+02,7.525248080e-02
8.341898193e+02,3.428494558e-02
8.344265747e+02,4.850018770e-02
8.346632690e+02,5.267920718e-02
8.349000244e+02,2.016842179e-02
8.351367798e+02,3.030336276e-02
8.353735352e+02,4.024086893e-02
8.356103516e+02,6.623633206e-02
8.358471069e+02,3.138924763e-02
8.360839233e+02,3.178411722e-02
8.363206787e+02,2.773672156e-02
8.365574951e+02,4.652584717e-02
8.367943115e+02,2.984268405e-02
8.370311279e+02,2.187951654e-02
8.372679443e+02,1.207363233e-02
8.375048218e+02,2.332736552e-02
8.377416382e+02,3.155377880e-02
8.379785156e+02,1.743725315e-02
8.382153931e+02,3.033626825e-02
8.384522705e+02,3.987890854e-02
8.386891479e+02,2.632177807e-02
8.389260254e+02,4.208358750e-02
8.391629639e+02,5.998425931e-02
8.393998413e+02,8.667074144e-02
8.396367798e+02,3.852977604e-02
8.398737183e+02,3.135634214e-02
8.401106567e+02,3.780585155e-02
8.403475952e+02,3.287000209e-02
8.405845337e+02,4.389339685e-02
8.408215332e+02,3.843105957e-02
8.410584717e+02,4.744720832e-02
8.412954712e+02,2.549913712e-02
8.415324707e+02,5.386380851e-02
8.417694702e+02,3.175121173e-02
8.420064697e+02,3.385717422e-02
8.422434692e+02,3.448238224e-02
8.424804688e+02,2.674955316e-02
8.427175293e+02,3.165249527e-02
8.429545288e+02,3.017174080e-02
8.431915894e+02,3.165249527e-02
8.434286499e+02,3.695030510e-02
8.436657104e+02,2.576238289e-02
8.439028320e+02,2.201113850e-02
8.441398926e+02,3.928660601e-02
8.443769531e+02,5.047452822e-02
8.446140747e+02,2.112268656e-02
8.448511963e+02,3.675287217e-02
8.450883179e+02,4.185324535e-02
8.453254395e+02,2.260344103e-02
8.455625610e+02,1.440993324e-02
8.457997437e+02,2.971106023e-02
8.460368652e+02,7.824689895e-02
8.462740479e+02,4.030667990e-02
8.465112305e+02,2.757219411e-02
8.467483521e+02,6.644199602e-03
8.469855957e+02,3.448238224e-02
8.472227783e+02,8.489383757e-02
8.474599609e+02,5.455482751e-02
8.476972046e+02,4.846728221e-02
8.479343872e+02,2.655211836e-02
8.481716309e+02,2.905294858e-02
8.484088745e+02,4.280751199e-02
8.486461182e+02,3.217898309e-02
8.488833618e+02,3.879301995e-02
8.491206665e+02,2.359060943e-02
8.493579102e+02,3.688449413e-02
8.495952148e+02,1.174457557e-02
8.498324585e+02,1.621974446e-02
8.500697632e+02,3.616056964e-02
8.503070679e+02,1.937868632e-02
8.505444336e+02,3.135634214e-02
8.507817383e+02,1.411378197e-02
8.510190430e+02,6.271542609e-02
8.512564087e+02,4.373709671e-03
8.514937744e+02,1.032963209e-02
8.517311401e+02,2.576238289e-02
8.519685059e+02,5.287664011e-02
8.522058716e+02,2.898713574e-02
8.524432373e+02,1.161295269e-02
8.526806641e+02,3.714773804e-02
8.529180298e+02,2.806577832e-02
8.531554565e+02,5.722841248e-03
8.533928833e+02,1.914834604e-02
8.536303101e+02,5.837188289e-02
8.538677368e+02,3.184992820e-02
8.541051636e+02,1.549581997e-02
8.543426514e+02,8.828312159e-02
8.545800781e+02,1.750306413e-02
8.548175659e+02,2.493974194e-02
8.550550537e+02,3.744388744e-02
8.552925415e+02,1.075740624e-02
8.555300293e+02,2.566366643e-02
8.557675171e+02,3.454819322e-02
8.560050659e+02,3.336358815e-02
8.562425537e+02,1.750306413e-02
8.564801025e+02,7.067859918e-02
8.567176514e+02,4.412373528e-02
8.569552002e+02,5.481807142e-02
8.571927490e+02,1.717400737e-02
8.574302979e+02,7.650289685e-02
8.576679077e+02,2.464359067e-02
8.579054565e+02,2.967815474e-02
8.581430664e+02,2.056328952e-02
8.583806763e+02,2.023423277e-02
8.586182861e+02,4.715105519e-02
8.588558960e+02,7.170689758e-03
8.590935059e+02,6.439361721e-02
8.593311157e+02,3.642381355e-02
8.595687866e+02,2.842774056e-02
8.598064575e+02,4.001053050e-02
8.600440674e+02,1.674623415e-02
8.602817383e+02,1.546291355e-02
8.605194092e+02,1.207363233e-02
8.607571411e+02,1.842442341e-02
8.609948120e+02,7.598463446e-03
8.612324829e+02,4.520962387e-02
8.614702148e+02,1.664751768e-02
8.617079468e+02,4.636131972e-02
8.619456787e+02,1.477189548e-02
8.621834106e+02,3.543664515e-02
8.624211426e+02,2.714442089e-02
8.626588745e+02,3.744388744e-02
8.628966675e+02,7.598463446e-03
8.631343994e+02,6.268252432e-02
8.633721924e+02,1.648298837e-02
8.636099854e+02,3.201445565e-02
8.638477783e+02,6.644199602e-03
8.640855713e+02,7.390335202e-02
8.643234253e+02,2.135302499e-02
8.645612183e+02,5.544327945e-02
8.647990723e+02,3.546955064e-02
8.650368652e+02,3.602894768e-02
8.652747192e+02,3.823362291e-02
8.655125732e+02,1.983936504e-02
8.657504272e+02,1.776630990e-02
8.659883423e+02,4.590064287e-02
8.662261963e+02,1.154714171e-02
8.664641113e+02,1.911544055e-02
8.667019653e+02,2.368932590e-02
8.669398804e+02,2.592691034e-02
8.671777954e+02,2.432276029e-03
8.674157104e+02,1.946917764e-04
8.676536865e+02,7.039067335e-03
8.678916016e+02,2.345898747e-02
8.681295776e+02,1.572615840e-02
8.683674927e+02,1.434412226e-02
8.686054688e+02,1.246850006e-02
8.688434448e+02,4.695362225e-02
8.690814209e+02,1.957612112e-02
8.693193970e+02,1.141551882e-02
8.695574341e+02,1.085612271e-02
8.697954102e+02,2.744057029e-02
8.700334473e+02,1.223815978e-02
8.702714844e+02,5.657029804e-03
8.705095215e+02,2.421581745e-02
8.707475586e+02,2.359060943e-02
8.709855957e+02,6.315142848e-03
8.712236328e+02,8.552727289e-03
8.714617310e+02,5.034290254e-02
8.716997681e+02,6.117708981e-03
8.719378662e+02,9.276651777e-03
8.721759644e+02,4.250313214e-04
8.724140625e+02,1.747015864e-02
8.726521606e+02,1.017333008e-03
8.728903198e+02,7.100765407e-02
8.731284180e+02,1.967483759e-02
8.733665771e+02,7.811527699e-02
8.736046753e+02,6.524916738e-02
8.738428345e+02,7.828802802e-03
8.740809937e+02,-3.721080720e-03
8.743191528e+02,3.204736114e-02
8.745573730e+02,1.974064857e-02
8.747955322e+02,1.707529090e-02
8.750337524e+02,1.562744193e-02
8.752719116e+02,1.579197124e-02
8.755101318e+02,2.454487421e-02
8.757483521e+02,9.967669845e-03
8.759865723e+02,3.945935983e-03
8.762248535e+02,2.556494810e-02
8.764630737e+02,1.194200944e-02
8.767013550e+02,4.310366139e-02
8.769395752e+02,1.878638566e-02
8.771778564e+02,3.869430348e-02
8.774161377e+02,2.339317650e-02
8.776544189e+02,9.483134747e-02
8.778927002e+02,4.988222569e-02
8.781310425e+02,3.142215312e-02
8.783693237e+02,4.389339685e-02
8.786076660e+02,2.632177807e-02
8.788460083e+02,-1.977081178e-03
8.790842896e+02,2.622306161e-02
8.793226318e+02,1.325823553e-02
8.795610352e+02,1.888510212e-02
8.797993774e+02,2.707860805e-02
8.800377197e+02,1.944449730e-02
8.802761230e+02,2.382094972e-02
8.805145264e+02,-4.576627631e-03
8.807529297e+02,1.562744193e-02
8.809913330e+02,4.538237583e-03
8.812297363e+02,6.380954292e-03
8.814681396e+02,5.237482837e-04
8.817066040e+02,1.247672597e-03
8.819450073e+02,1.684495062e-02
8.821834717e+02,2.915166505e-02
8.824219360e+02,2.169030951e-03
8.826604004e+02,-8.426588960e-03
8.828988647e+02,1.000057627e-02
8.831373291e+02,4.149128497e-02
8.833757935e+02,1.510917791e-03
8.836143188e+02,-1.351873856e-03
8.838528442e+02,3.583151102e-02
8.840913086e+02,1.128389593e-02
8.843298340e+02,1.937868632e-02
8.845683594e+02,1.223815978e-02
8.848069458e+02,3.310034424e-02
8.850454712e+02,1.388344262e-02
8.852839966e+02,1.411378197e-02
8.855225830e+02,-8.064626716e-03
8.857611694e+02,3.550245613e-02
8.859997559e+02,2.747347578e-02
8.862383423e+02,-4.675344564e-03
8.864769287e+02,1.190910395e-02
8.867155151e+02,6.083980575e-02
8.869541626e+02,2.632177807e-02
8.871927490e+02,5.290954560e-02
8.874313965e+02,4.933105782e-03
8.876700439e+02,3.444947302e-02
8.879086914e+02,1.478012186e-03
8.881473389e+02,1.704238541e-02
8.883859863e+02,3.629219159e-02
8.886246948e+02,6.159663573e-02
8.888633423e+02,3.872720897e-02
8.891020508e+02,-2.988929919e-04
8.893407593e+02,2.118849754e-02
8.895794678e+02,6.791452318e-02
8.898181763e+02,2.178079821e-02
8.900568848e+02,1.971596852e-03
8.902955933e+02,1.197491493e-02
8.905343628e+02,9.844274027e-04
8.907730713e+02,-2.503571566e-03
8.910118408e+02,1.908253506e-02
8.912506104e+02,2.816449478e-02
8.914893799e+02,1.526547968e-02
8.917281494e+02,2.572947741e-02
8.919669800e+02,4.900199827e-03
8.922057495e+02,9.901858866e-03
8.924445801e+02,6.306916475e-05
8.926833496e+02,3.560117260e-02
8.929221802e+02,3.033626825e-02
8.931610107e+02,1.342276391e-02
8.933998413e+02,4.639422521e-02
8.936387329e+02,6.742916536e-03
8.938775635e+02,1.891800761e-02
8.941164551e+02,-1.003896538e-02
8.943552856e+02,3.372555226e-02
8.945941772e+02,4.096479341e-02
8.948330688e+02,-1.504062489e-02
8.950719604e+02,1.450864971e-02
8.953108521e+02,3.155377880e-02
8.955498047e+02,3.905626759e-02
8.957886963e+02,-6.221910007e-03
8.960276489e+02,-6.781306118e-03
8.962666016e+02,3.889173642e-02
8.965055542e+02,1.832570508e-02
8.967445068e+02,5.295067560e-03
8.969834595e+02,7.927520201e-03
8.972224121e+02,4.293913394e-02
8.974614258e+02,1.075740624e-02
8.977003784e+02,2.530170418e-02
8.979393921e+02,9.844274027e-04
8.981784058e+02,3.323196620e-02
8.984174194e+02,2.388676070e-02
8.986564331e+02,8.486916311e-03
8.988954468e+02,-4.247571342e-03
8.991345215e+02,6.117708981e-03
8.993735352e+02,3.112600371e-02
8.996126099e+02,-6.748400629e-03
8.998516846e+02,1.510095224e-02
9.000907593e+02,4.070154950e-02
9.003298340e+02,2.457777970e-02
9.005689087e+02,-1.813375577e-02
9.008079834e+02,2.441325039e-02
9.010471191e+02,2.135302499e-02
9.012861938e+02,3.359392658e-02
9.015253296e+02,7.281746715e-02
9.017644653e+02,2.559785545e-02
9.020036011e+02,3.454819322e-02
9.022427368e+02,1.793083735e-02
9.024819336e+02,8.841474354e-02
9.027210693e+02,1.941159181e-02
9.029602661e+02,1.473898999e-02
9.031994019e+02,1.210653782e-02
9.034385986e+02,1.296208426e-02
9.036777954e+02,9.638614021e-03
9.039169922e+02,3.451528773e-02
9.041561890e+02,3.254094720e-02
9.043954468e+02,1.807068707e-03
9.046346436e+02,6.479671225e-03
9.048739014e+02,2.697989158e-02
9.051131592e+02,1.194200944e-02
9.053524170e+02,2.695521340e-03
9.055916748e+02,-1.556711551e-02
9.058309326e+02,3.715596395e-03
9.060701904e+02,1.083144336e-03
9.063095093e+02,3.847219050e-03
9.065487671e+02,9.243746288e-03
9.067880859e+02,2.658502385e-02
9.070274048e+02,2.092525177e-02
9.072667236e+02,6.907444447e-03
9.075060425e+02,1.539710257e-02
9.077454224e+02,5.527875200e-02
9.079847412e+02,1.256721653e-02
9.082240601e+02,3.359392658e-02
9.084634399e+02,-3.786891932e-03
9.087028198e+02,4.948735610e-02
9.089421997e+02,8.486916311e-03
9.091815796e+02,3.945113346e-02
9.094209595e+02,-2.244439721e-02
9.096604004e+02,4.077558406e-03
9.098997803e+02,-1.253156923e-03
9.101392212e+02,-3.490741132e-03
9.103786011e+02,-1.569873840e-02
9.106180420e+02,3.639090806e-02
9.108574829e+02,2.266925201e-02
9.110969849e+02,-1.049964502e-02
9.113364258e+02,-1.270432398e-02
9.115758667e+02,-8.327871561e-03
9.118153687e+02,2.582819387e-02
9.120548706e+02,1.177748106e-02
9.122943115e+02,2.326155268e-02
9.125338135e+02,5.754924193e-02
9.127733765e+02,1.260012202e-02
9.130128784e+02,4.998916760e-03
9.132523804e+02,2.342608199e-02
9.134919434e+02,-2.470666077e-03
9.137314453e+02,6.413859781e-03
9.139710083e+02,-1.908802055e-02
9.142105713e+02,1.579197124e-02
9.144501343e+02,1.651589572e-02
9.146896973e+02,1.138261333e-02
9.149293213e+02,-7.801381405e-03
9.151688843e+02,-5.827042274e-03
9.154085083e+02,8.815972134e-03
9.156480713e+02,1.171167009e-02
9.158876953e+02,-4.634212528e-04
9.161273193e+02,-1.862733997e-02
9.163669434e+02,2.299830876e-02
9.166066284e+02,-2.404854633e-03
9.168462524e+02,3.263143881e-04
9.170858765e+02,-5.892853718e-03
9.173255615e+02,1.651589572e-02
9.175652466e+02,-2.503571566e-03
9.178049316e+02,7.600931078e-02
9.180446167e+02,2.721023187e-02
9.182843018e+02,4.859890416e-02
9.185239868e+02,-3.688174998e-03
9.187637329e+02,4.439520650e-03
9.190034180e+02,2.827143762e-03
9.192431641e+02,8.585632779e-03
9.194829102e+02,9.177934378e-03
9.197226562e+02,-2.635194222e-03
9.199624023e+02,-9.315041825e-03
9.202021484e+02,2.885551378e-02
9.204419556e+02,2.546623163e-02
9.206817017e+02,-9.150513448e-03
9.209215088e+02,1.546291355e-02
9.211613159e+02,2.362351492e-02
9.214011230e+02,1.424540486e-02
9.216409302e+02,7.466840558e-03
9.218807373e+02,6.282237358e-03
9.221205444e+02,1.062578335e-02
9.223604126e+02,3.333068267e-02
9.226002197e+02,8.528048056e-04
9.228400879e+02,-3.523646854e-03
9.230799561e+02,1.793083735e-02
9.233198242e+02,-7.924777456e-04
9.235596924e+02,8.585632779e-03
9.237995605e+02,-1.504062489e-02
9.240394897e+02,5.064728204e-03
9.242793579e+02,-2.108703833e-03
9.245192871e+02,2.082653530e-02
9.247592163e+02,-5.892853718e-03
9.249991455e+02,1.046125498e-02
9.252390747e+02,1.435317099e-01
9.254790039e+02,2.487393096e-02
9.257189331e+02,-2.207420766e-03
9.259589233e+02,-7.636853028e-03
9.261988525e+02,5.722841248e-03
9.264388428e+02,-6.320627406e-03
9.266788330e+02,9.597481403e-05
9.269188232e+02,1.059287786e-02
9.271588135e+02,1.414668746e-02
9.273988037e+02,1.878638566e-02
9.276388550e+02,-2.076620795e-02
9.278788452e+02,2.566366643e-02
9.281188965e+02,2.875679731e-02
9.283589478e+02,1.276465040e-02
9.285989990e+02,5.531165749e-02
9.288390503e+02,1.576729119e-03
9.290791016e+02,2.069491334e-02
9.293191528e+02,2.169771194e-01
9.295592651e+02,7.302312646e-03
9.297993164e+02,2.523589320e-02
9.300394287e+02,1.687785611e-02
9.302795410e+02,-8.911947371e-04
9.305196533e+02,-1.582213445e-03
9.307597656e+02,-3.359118477e-03
9.309998779e+02,1.602230966e-02
9.312400513e+02,-3.234899789e-02
9.314801636e+02,6.973255891e-03
9.317203369e+02,3.419445595e-03
9.319605103e+02,2.668374032e-02
9.322006836e+02,9.770235978e-03
9.324408569e+02,2.039876208e-02
9.326810303e+02,5.011256412e-02
9.329212036e+02,-8.887267672e-03
9.331614380e+02,2.484102547e-02
9.334016113e+02,2.013551630e-02
9.336418457e+02,1.852313988e-02
9.338820801e+02,-1.507353038e-02
9.341223145e+02,1.161295269e-02
9.343625488e+02,-5.859948229e-03
9.346027832e+02,3.551068250e-03
9.348430176e+02,2.399370307e-03
9.350833130e+02,3.194864467e-02
9.353236084e+02,3.586441651e-02
9.355638428e+02,1.049416047e-02
9.358041382e+02,-3.753986442e-03
9.360444336e+02,-9.940248914e-03
9.362847290e+02,2.911875956e-02
9.365250854e+02,2.836192958e-02
9.367653809e+02,-1.122356951e-02
9.370057373e+02,1.585778221e-02
9.372460327e+02,-3.819797654e-03
9.374863892e+02,2.030004561e-02
9.377267456e+02,-8.911947371e-04
9.379671021e+02,8.684350178e-03
9.382075195e+02,2.865808085e-02
9.384478760e+02,4.768577404e-03
9.386882324e+02,-5.662514362e-03
9.389286499e+02,-5.465080030e-03
9.391690674e+02,1.888510212e-02
9.394094849e+02,2.020132728e-02
9.396499023e+02,2.717732638e-02
9.398903198e+02,1.684495062e-02
9.401307373e+02,4.570320621e-02
9.403712158e+02,-3.326212987e-03
9.406116333e+02,2.230728976e-02
9.408521118e+02,-1.698205806e-02
9.410925903e+02,5.689935759e-03
9.413330078e+02,3.379136324e-02
9.415735474e+02,-3.655269509e-03
9.418140259e+02,1.151423622e-02
9.420545044e+02,9.844274027e-04
9.422950439e+02,3.714773804e-02
9.425355225e+02,1.617861126e-04
9.427760620e+02,-1.668590680e-02
9.430166016e+02,1.727272570e-02
9.432571411e+02,1.977355406e-02
9.434976807e+02,-1.549307723e-03
9.437382202e+02,-1.405345555e-02
9.439787598e+02,1.612102613e-02
9.442193604e+02,-1.516402117e-03
9.444599609e+02,5.262162071e-03
9.447005005e+02,2.530992962e-03
9.449411011e+02,2.827143762e-03
9.451817017e+02,8.783066645e-03
9.454223022e+02,-1.119066402e-02
9.456629639e+02,1.352148037e-02
9.459035645e+02,2.432276029e-03
9.461442261e+02,7.927520201e-03
9.463848267e+02,-9.413758293e-03
9.466254883e+02,7.861708291e-03
9.468661499e+02,6.047784537e-02
9.471068115e+02,1.230397169e-02
9.473475342e+02,3.090389073e-03
9.475881958e+02,-1.740983129e-02
9.478288574e+02,1.938691246e-03
9.480695801e+02,-1.359277591e-02
9.483103027e+02,-9.899117285e-04
9.485510254e+02,2.954653278e-02
9.487917480e+02,2.237310074e-02
9.490324707e+02,1.954321563e-02
9.492731934e+02,-1.546839811e-02
9.495139160e+02,4.143369850e-03
9.497546997e+02,1.796374284e-02
9.499954834e+02,2.605030604e-04
9.502362061e+02,4.590064287e-02
9.504769897e+02,-3.647042904e-04
9.507177734e+02,2.984268405e-02
9.509585571e+02,3.056660853e-02
9.511994019e+02,1.217234880e-02
9.514401855e+02,1.918125339e-02
9.516810303e+02,1.954321563e-02
9.519218140e+02,2.415000647e-02
9.521626587e+02,-1.072998438e-02
9.524035034e+02,5.689935759e-03
9.526443481e+02,6.406456232e-02
9.528852539e+02,1.609634724e-03
9.531260986e+02,-2.122688666e-02
9.533669434e+02,-2.964250743e-03
9.536078491e+02,1.223815978e-02
9.538487549e+02,3.375845775e-02
9.540896606e+02,-2.770929970e-02
9.543305664e+02,1.421249937e-02
9.545714722e+02,-4.445005208e-03
9.548123779e+02,3.458109871e-02
9.550532837e+02,1.075740624e-02
9.552942505e+02,-1.615941711e-02
9.555352173e+02,3.306743875e-02
9.557761230e+02,2.987558953e-02
9.560170898e+02,-3.317986557e-04
9.562580566e+02,-7.965909317e-03
9.564990845e+02,6.882765447e-04
9.567400513e+02,3.027045727e-02
9.569810181e+02,1.753596961e-02
9.572220459e+02,-1.862733997e-02
9.574630737e+02,1.807068707e-03
9.577040405e+02,6.611293647e-03
9.579450684e+02,2.447906323e-02
9.581860962e+02,-1.951579377e-02
9.584271851e+02,6.512576714e-03
9.586682129e+02,1.454155613e-02
9.589092407e+02,2.688117512e-02
9.591503296e+02,-1.680930378e-03
9.593914185e+02,1.385053713e-02
9.596325073e+02,6.238637120e-02
9.598735962e+02,-9.899117285e-04
9.601146851e+02,-8.887267672e-03
9.603557739e+02,1.345566940e-02
9.605968628e+02,1.167876367e-02
9.608380127e+02,1.125099044e-02
9.610791626e+02,-1.329662558e-02
9.613202515e+02,1.845732890e-02
9.615614014e+02,-5.497985985e-03
9.618025513e+02,-5.629608408e-03
9.620437012e+02,-1.181587111e-02
9.622849121e+02,4.086607695e-02
9.625260620e+02,1.651589572e-02
9.627672729e+02,-1.911269967e-03
9.630084229e+02,-1.313209720e-02
9.632496338e+02,1.404797100e-02
9.634908447e+02,1.872880035e-03
9.637320557e+02,-1.402054913e-02
9.639732666e+02,-1.680930378e-03
9.642145386e+02,1.105355658e-02
9.644557495e+02,4.886215180e-02
9.646970215e+02,8.223670535e-03
9.649382324e+02,-8.327871561e-03
9.651795044e+02,7.565557491e-03
9.654207764e+02,2.704570256e-02
9.656620483e+02,5.360879004e-03
9.659033203e+02,-1.040092763e-02
9.661446533e+02,2.796706185e-02
9.663859253e+02,7.211822085e-04
9.666272583e+02,-1.467866264e-02
9.668685913e+02,-3.523646854e-03
9.671099243e+02,5.327973515e-03
9.673512573e+02,1.549581997e-02
9.675925903e+02,3.715596395e-03
9.678339233e+02,-5.136023741e-03
9.680752563e+02,3.224479780e-02
9.683166504e+02,2.046457306e-02
9.685579834e+02,4.966011271e-03
9.687993774e+02,1.806246117e-02
9.690407715e+02,-3.589458065e-03
9.692821655e+02,-3.030061955e-03
9.695235596e+02,1.575906575e-02
9.697650146e+02,1.102065109e-02
9.700064087e+02,-7.924777456e-04
9.702478638e+02,1.315951813e-02
9.704892578e+02,-1.072998438e-02
9.707307129e+02,-1.931835897e-02
9.709721680e+02,1.760178059e-02
9.712136230e+02,4.274992738e-03
9.714550781e+02,9.597481403e-05
9.716965942e+02,-6.485155318e-03
9.719380493e+02,4.741430283e-02
9.721795654e+02,-3.062967677e-03
9.724210205e+02,-1.569873840e-02
9.726625366e+02,1.411378197e-02
9.729040527e+02,-8.262060583e-03
9.731455688e+02,1.120080948e-01
9.733870850e+02,3.016351366e-05
9.736286621e+02,-2.178628370e-02
9.738701782e+02,1.513385773e-02
9.741117554e+02,1.246850006e-02
9.743533325e+02,5.525407381e-03
9.745948486e+02,-2.030552924e-02
9.748364258e+02,1.118517946e-02
9.750780029e+02,-3.128779121e-03
9.753196411e+02,-1.319790818e-02
9.755612183e+02,-8.327871561e-03
9.758028564e+02,1.016510371e-02
9.760444336e+02,1.967483759e-02
9.762860718e+02,-1.596198231e-02
9.765277100e+02,5.675950646e-02
9.767693481e+02,6.742916536e-03
9.770109863e+02,2.783543803e-02
9.772526245e+02,-1.859443448e-02
9.774943237e+02,3.024577862e-03
9.777359619e+02,4.998916760e-03
9.779776611e+02,1.236978266e-02
9.782193604e+02,-1.017058827e-02
9.784610596e+02,2.849355154e-02
9.787027588e+02,-8.163344115e-03
9.789444580e+02,1.207363233e-02
9.791861572e+02,-1.885768026e-02
9.794278564e+02,-8.985985070e-03
9.796696167e+02,3.862849250e-02
9.799113770e+02,2.734185383e-02
9.801530762e+02,-1.253156923e-03
9.803948364e+02,2.662615618e-03
9.806365967e+02,1.888510212e-02
9.808784180e+02,1.582487673e-02
9.811201782e+02,4.702765960e-03
9.813619385e+02,-1.483496395e-03
9.816037598e+02,3.583973739e-03
9.818455811e+02,-9.611192159e-03
9.820873413e+02,-1.043383405e-02
9.823291626e+02,3.250804171e-02
9.825709839e+02,1.946917764e-04
9.828128662e+02,2.415000647e-02
9.830546875e+02,-9.874437936e-03
9.832965088e+02,1.937868632e-02
9.835383911e+02,2.559785545e-02
9.837802734e+02,-7.669758983e-03
9.840221558e+02,-2.405677363e-02
9.842639771e+02,-1.451413427e-02
9.845059204e+02,7.006161381e-03
9.847478027e+02,1.946917764e-04
9.849896851e+02,9.515217389e-04
9.852316284e+02,-2.037134022e-02
9.854735107e+02,2.016842179e-02
9.857154541e+02,5.837188289e-02
9.859573975e+02,-9.315041825e-03
9.861993408e+02,9.597481403e-05
9.864412842e+02,9.046312422e-03
9.866832275e+02,8.190765046e-03
9.869251709e+02,-6.682589184e-03
9.871671753e+02,-9.841531515e-03
9.874091797e+02,2.513717487e-02
9.876511230e+02,6.315142848e-03
9.878931274e+02,-7.505230606e-03
9.881351318e+02,-2.070039697e-02
9.883771362e+02,1.240268815e-02
9.886192017e+02,1.055997238e-02
9.888612061e+02,3.921256866e-04
9.891032104e+02,-1.351873856e-03
9.893452759e+02,1.478012186e-03
9.895873413e+02,5.525407381e-03
9.898294067e+02,-2.207420766e-03
9.900714722e+02,5.492501426e-03
9.903135376e+02,2.615725063e-02
9.905556030e+02,2.432276029e-03
9.907977295e+02,-1.088628662e-03
9.910397949e+02,1.934578083e-02
9.912819214e+02,2.210985497e-02
9.915239868e+02,-2.042892622e-03
9.917661133e+02,-1.839700155e-02
9.920082397e+02,6.084803492e-03
9.922504272e+02,1.421249937e-02
9.924925537e+02,4.579369852e-04
9.927346802e+02,-1.550130360e-02
9.929768677e+02,-1.253156923e-03
9.932189941e+02,3.880124772e-03
9.934611816e+02,6.249331404e-03
9.937033691e+02,-1.244107820e-02
9.939455566e+02,3.398879617e-02
9.941877441e+02,1.927996986e-02
9.944299927e+02,1.921415888e-02
9.946721802e+02,-5.070212297e-03
9.949143677e+02,1.329114102e-02
9.951566162e+02,-6.855343963e-05
9.953988647e+02,2.428162843e-02
9.956411133e+02,-1.866024733e-02
9.958833618e+02,4.735671449e-03
9.961256104e+02,9.671519510e-03
9.963678589e+02,-1.119066402e-02
9.966101685e+02,3.592200228e-04
9.968524170e+02,9.079217911e-03
9.970947266e+02,2.813158929e-02
9.973370361e+02,1.200782042e-02
9.975793457e+02,-6.090287585e-03
9.978216553e+02,4.221520945e-02
9.980639648e+02,1.901672408e-02
9.983062744e+02,-1.823247224e-02
9.985486450e+02,-1.589617133e-02
9.987909546e+02,-9.899117285e-04
9.990333252e+02,-4.148854408e-03
9.992756958e+02,-2.175337821e-02
9.995180664e+02,-1.803503931e-02
9.997604370e+02,5.824026093e-02
1.000002808e+03,-6.353532895e-03
1.000245178e+03,-1.105904114e-02
1.000487610e+03,4.274992738e-03
1.000729980e+03,1.398216002e-02
1.000972412e+03,2.293249592e-02
1.001214844e+03,-2.132560499e-02
1.001457275e+03,-7.669758983e-03
1.001699707e+03,2.267747885e-03
1.001942139e+03,9.515217389e-04
1.002184570e+03,-6.847117562e-03
1.002427063e+03,-7.965909317e-03
1.002669495e+03,1.026382111e-02
1.002911987e+03,3.518162528e-03
1.003154480e+03,-5.950438790e-04
1.003396973e+03,6.512576714e-03
1.003639465e+03,2.806577832e-02
1.003881958e+03,-6.279494846e-04
1.004124451e+03,-3.976099542e-04
1.004367004e+03,-9.899117285e-04
1.004609497e+03,2.312993072e-02
1.004852051e+03,-3.885609098e-03
1.005094604e+03,-1.615941711e-02
1.005337158e+03,-4.017231520e-03
1.005579712e+03,-6.189004518e-03
1.005822266e+03,1.026382111e-02
1.006064819e+03,2.432276029e-03
1.006307434e+03,1.523257419e-02
1.006549988e+03,2.464359067e-02
1.006792603e+03,1.306080166e-02
1.007035217e+03,9.177934378e-03
1.007277832e+03,-9.940248914e-03
1.007520447e+03,3.704902157e-02
1.007763062e+03,2.832902409e-02
1.008005676e+03,-7.340702228e-03
1.008248352e+03,-1.625813358e-02
1.008490967e+03,5.229256582e-03
1.008733643e+03,-2.766816877e-03
1.008976318e+03,-3.392024199e-03
1.009218994e+03,2.595981583e-02
1.009461670e+03,1.598940417e-02
1.009704346e+03,3.991181403e-02
1.009947021e+03,4.307898227e-03
1.010189758e+03,5.590396002e-02
1.010432434e+03,9.803142399e-03
1.010675171e+03,2.136125229e-03
1.010917908e+03,-5.432174541e-03
1.011160645e+03,-2.267473564e-02
1.011403381e+03,8.355293423e-03
1.011646118e+03,-7.998815738e-03
1.011888855e+03,-9.446663782e-03
1.012131653e+03,-8.582890732e-04
1.012374390e+03,2.118849754e-02
1.012617188e+03,1.529838610e-02
1.012859985e+03,-9.940248914e-03
1.013102783e+03,-2.240326488e-03
1.013345581e+03,2.727604285e-02
1.013588379e+03,6.611293647e-03
1.013831177e+03,6.775822025e-03
1.014074036e+03,1.233687717e-02
1.014316833e+03,1.708351774e-03
1.014559692e+03,8.256576024e-03
1.014802551e+03,1.352148037e-02
1.015045349e+03,-1.082870178e-02
1.015288269e+03,1.674623415e-02
1.015531128e+03,1.404797100e-02
1.015773987e+03,-1.080319956e-01
1.016016846e+03,-1.075384095e-01
1.016259766e+03,-1.089204475e-01
1.016502686e+03,-1.092166007e-01
1.016745544e+03,-1.094140336e-01
1.016988464e+03,-1.073409766e-01
