1.933779755e+02,4.952967167e-03
1.935834351e+02,-1.744590700e-02
1.937889099e+02,1.042169798e-02
1.939943848e+02,-1.607053727e-02
1.941998901e+02,2.464203630e-03
1.944053955e+02,-9.087262442e-04
1.946109161e+02,1.091290172e-02
1.948164520e+02,6.361083593e-03
1.950220032e+02,1.821545884e-02
1.952275696e+02,-1.345078554e-02
1.954331360e+02,2.620569989e-02
1.956387177e+02,3.501461446e-02
1.958443298e+02,1.831369847e-02
1.960499420e+02,-3.790452611e-03
1.962555695e+02,1.510450337e-02
1.964611969e+02,3.082301095e-02
1.966668549e+02,6.492071319e-03
1.968725128e+02,2.505955845e-02
1.970782013e+02,6.164602470e-03
1.972838898e+02,3.304979950e-02
1.974895935e+02,2.004928328e-02
1.976953125e+02,1.703657024e-02
1.979010315e+02,-1.243563183e-02
1.981067810e+02,-2.513323911e-03
1.983125305e+02,1.700382307e-02
1.985182953e+02,-2.513323911e-03
1.987240906e+02,4.011494166e-04
1.989298706e+02,-7.851066999e-03
1.991356812e+02,-7.294369861e-03
1.993415070e+02,2.562444191e-03
1.995473328e+02,-2.108081058e-02
1.997531891e+02,-1.400748268e-02
1.999590454e+02,-9.553905576e-03
2.001649170e+02,5.673398729e-03
2.003708038e+02,-1.544834580e-02
2.005766907e+02,4.225167632e-02
2.007826080e+02,2.142465301e-02
2.009885254e+02,-3.757705679e-03
2.011944733e+02,1.719211723e-04
2.014004211e+02,4.756486043e-03
2.016063843e+02,-2.578817774e-03
2.018123627e+02,-2.055686153e-02
2.020183411e+02,-5.427797325e-03
2.022243500e+02,3.131421283e-02
2.024303589e+02,3.446610179e-03
2.026363831e+02,2.577999048e-02
2.028424225e+02,3.105223924e-02
2.030484772e+02,1.585768163e-02
2.032545471e+02,8.691843599e-02
2.034606171e+02,2.038493985e-03
2.036667175e+02,9.897748008e-03
2.038728180e+02,8.129416034e-03
2.040789337e+02,2.093344927e-02
2.042850647e+02,1.940253307e-03
2.044912109e+02,4.666431923e-04
2.046973724e+02,-6.442951038e-03
2.049035339e+02,-7.130635437e-03
2.051097107e+02,2.099894360e-02
2.053159180e+02,7.231332362e-02
2.055221252e+02,6.907138228e-02
2.057283478e+02,-6.868660450e-03
2.059345703e+02,-6.467510830e-04
2.061408234e+02,-1.007785555e-02
2.063470764e+02,9.341050871e-03
2.065533600e+02,-1.137954416e-03
2.067596436e+02,-1.083103381e-02
2.069659424e+02,1.513725054e-02
2.071722412e+02,7.081515156e-03
2.073785706e+02,2.934940159e-02
2.075848999e+02,-7.490851451e-03
2.077912598e+02,-1.571032032e-02
2.079976196e+02,1.890314370e-02
2.082039948e+02,-1.170701347e-03
2.084103851e+02,4.298029467e-03
2.086167908e+02,1.160058659e-02
2.088231964e+02,2.758925548e-03
2.090296173e+02,-1.679096930e-02
2.092360687e+02,3.675838467e-03
2.094425201e+02,-2.537883993e-04
2.096489868e+02,6.590311881e-03
2.098554535e+02,4.271013290e-02
2.100619507e+02,5.542411469e-03
2.102684479e+02,-1.571032032e-02
2.104749756e+02,2.758925548e-03
2.106815033e+02,1.071641967e-02
2.108880463e+02,8.817099966e-03
2.110946045e+02,2.574724331e-02
2.113011627e+02,-9.742199909e-04
2.115077515e+02,-3.331996268e-03
2.117143402e+02,1.350809238e-03
2.119209442e+02,-4.707365762e-03
2.121275635e+02,8.653366007e-03
2.123341980e+02,4.454395920e-02
2.125408478e+02,1.117487624e-02
2.127475128e+02,1.045444515e-02
2.129541779e+02,1.736403815e-02
2.131608582e+02,-6.901407149e-03
2.133675537e+02,-6.508444436e-03
2.135742645e+02,9.250996518e-04
2.137809906e+02,-1.364726666e-02
2.139877319e+02,-8.636992425e-03
2.141944733e+02,2.587823011e-02
2.144012299e+02,-1.783886924e-02
2.146080017e+02,-1.661904738e-03
2.148147888e+02,-1.381100155e-02
2.150215912e+02,-1.268942025e-03
2.152284088e+02,-1.456417982e-02
2.154352264e+02,4.429017194e-03
2.156420746e+02,6.393830292e-03
2.158489227e+02,-2.032763325e-02
2.160557861e+02,-3.724958748e-03
2.162626648e+02,6.852286868e-03
2.164695435e+02,3.606251255e-02
2.166764526e+02,1.801897772e-02
2.168833618e+02,-2.611564472e-03
2.170902863e+02,-4.510884173e-03
2.172972412e+02,3.894424066e-02
2.175041809e+02,2.286551706e-02
2.177111511e+02,4.474043846e-02
2.179181366e+02,-4.838353023e-03
2.181251221e+02,1.140410453e-02
2.183321228e+02,-3.299249336e-03
2.185391388e+02,-1.309056953e-02
2.187461700e+02,-6.049988326e-03
2.189532166e+02,-1.020884328e-02
2.191602783e+02,-4.903846886e-03
2.193673401e+02,-3.626718186e-03
2.195744171e+02,7.801946718e-03
2.197815247e+02,2.046680747e-04
2.199886322e+02,1.182981394e-02
2.201957397e+02,9.210063145e-03
2.204028778e+02,-1.613602974e-02
2.206100159e+02,1.285315491e-03
2.208171844e+02,-1.492439583e-02
2.210243530e+02,-5.427797325e-03
2.212315369e+02,-2.971780254e-03
2.214387360e+02,2.404440567e-02
2.216459351e+02,-1.600504294e-02
2.218531647e+02,-4.347149748e-03
2.220603943e+02,5.837133154e-03
2.222676392e+02,-1.760145416e-03
2.224748993e+02,2.607471123e-02
2.226821747e+02,3.760161623e-02
2.228894653e+02,6.328336895e-03
2.230967712e+02,-1.200992242e-02
2.233040771e+02,3.318078816e-02
2.235113983e+02,-2.185855061e-03
2.237187347e+02,-2.578817774e-03
2.239260864e+02,3.488362581e-02
2.241334534e+02,-1.364726666e-02
2.243408203e+02,-1.538285241e-02
2.245482178e+02,2.031125873e-02
2.247556152e+02,2.443736792e-02
2.249630280e+02,-8.636992425e-03
2.251704559e+02,2.093344927e-02
2.253778839e+02,3.707766905e-02
2.255853424e+02,2.771205641e-02
2.257928009e+02,-1.829732582e-02
2.260002899e+02,2.660684986e-03
2.262077789e+02,-5.591531750e-03
2.264152832e+02,4.003307316e-03
2.266227875e+02,-1.237013843e-02
2.268303223e+02,1.844468713e-02
2.270378571e+02,-3.921440337e-03
2.272454224e+02,1.628339104e-02
2.274529877e+02,-1.197717525e-02
2.276605682e+02,-2.232519351e-02
2.278681488e+02,-1.661904738e-03
2.280757599e+02,1.160058659e-02
2.282833710e+02,4.993900657e-04
2.284910126e+02,-2.009840496e-02
2.286986542e+02,-7.490851451e-03
2.289063110e+02,1.297595538e-02
2.291139679e+02,9.578465833e-04
2.293216553e+02,1.729854569e-02
2.295293427e+02,9.242810309e-03
2.297370605e+02,4.991444945e-02
2.299447784e+02,2.093344927e-02
2.301525116e+02,-1.960720122e-02
2.303602448e+02,6.033614744e-03
2.305680084e+02,-8.244030178e-03
2.307757721e+02,2.791672479e-03
2.309835663e+02,1.874759560e-03
2.311913605e+02,6.216178462e-02
2.313991699e+02,1.124037057e-02
2.316069794e+02,-1.662723348e-02
2.318148193e+02,2.031125873e-02
2.320226746e+02,1.720030420e-02
2.322305298e+02,4.493692145e-02
2.324384003e+02,-1.174794696e-02
2.326462860e+02,2.322573215e-02
2.328541870e+02,-1.541559864e-02
2.330620880e+02,4.993900657e-04
2.332700195e+02,-3.986934200e-03
2.334779510e+02,-3.626718186e-03
2.336858978e+02,3.043004870e-02
2.338938599e+02,-3.201008542e-03
2.341018372e+02,-4.502697557e-04
2.343098145e+02,-2.674602345e-02
2.345178223e+02,3.563680500e-02
2.347258301e+02,-9.087262442e-04
2.349338531e+02,-9.095449001e-03
2.351418915e+02,2.528878674e-02
2.353499298e+02,1.464604679e-02
2.355579987e+02,-2.029488608e-02
2.357660675e+02,-2.582911029e-02
2.359741669e+02,-1.760145416e-03
2.361822662e+02,1.772425510e-02
2.363903809e+02,3.190365806e-02
2.365984955e+02,-7.228875998e-03
2.368066406e+02,-9.684893303e-03
2.370147858e+02,2.660684986e-03
2.372229462e+02,6.492071319e-03
2.374311371e+02,8.489631116e-03
2.376393127e+02,2.748282813e-02
2.378475189e+02,7.638212293e-03
2.380557404e+02,1.120762341e-02
2.382639618e+02,2.191585675e-02
2.384721985e+02,-8.113042451e-03
2.386804504e+02,7.147009019e-03
2.388887177e+02,4.785139486e-02
2.390970001e+02,7.342671603e-02
2.393052826e+02,-8.113042451e-03
2.395135956e+02,3.053647699e-03
2.397219086e+02,2.797403187e-02
2.399302368e+02,2.597647160e-02
2.401385803e+02,-2.003291063e-02
2.403469238e+02,3.986115381e-02
2.405552979e+02,1.182981394e-02
2.407636719e+02,-1.823183149e-02
2.409720612e+02,-4.248909187e-03
2.411804657e+02,-7.425357588e-03
2.413888855e+02,-1.039713738e-03
2.415973206e+02,2.791672479e-03
2.418057556e+02,-1.112575643e-02
2.420142059e+02,1.932885312e-02
2.422226715e+02,8.256310225e-02
2.424311523e+02,-1.135498472e-02
2.426396484e+02,4.363523331e-03
2.428481598e+02,3.806826193e-03
2.430566711e+02,-8.800727315e-03
2.432651978e+02,-7.392610889e-03
2.434737549e+02,8.268589736e-04
2.436822968e+02,-1.616877690e-02
2.438908691e+02,-1.384374779e-02
2.440994568e+02,6.295589730e-03
2.443080444e+02,-1.237013843e-02
2.445166473e+02,3.547307104e-02
2.447252655e+02,2.299650386e-02
2.449338989e+02,-8.276776411e-03
2.451425476e+02,-1.584130898e-02
2.453511963e+02,-1.440044492e-02
2.455598755e+02,5.378677044e-03
2.457685547e+02,5.279617384e-02
2.459772491e+02,-2.052411437e-02
2.461859589e+02,-3.659465117e-03
2.463946686e+02,2.483033016e-02
2.466034088e+02,-2.447830047e-03
2.468121490e+02,-2.831787430e-02
2.470209045e+02,5.607905332e-03
2.472296753e+02,1.778974943e-02
2.474384613e+02,-1.112575643e-02
2.476472626e+02,5.575158168e-03
2.478560638e+02,6.524818018e-03
2.480648804e+02,-9.005395259e-05
2.482737122e+02,9.995988570e-03
2.484825592e+02,-1.210816298e-02
2.486914215e+02,3.937813453e-03
2.489002991e+02,4.666431923e-04
2.491091766e+02,-1.151871867e-02
2.493180695e+02,1.225552429e-02
2.495269775e+02,7.801946718e-03
2.497359009e+02,-5.984494463e-03
2.499448395e+02,1.268123370e-02
2.501537781e+02,-2.409352548e-02
2.503627472e+02,1.503900997e-02
2.505717163e+02,1.824820414e-02
2.507807007e+02,-2.910379879e-02
2.509897003e+02,2.627938055e-03
2.511987000e+02,4.287386686e-02
2.514077301e+02,-8.866220713e-03
2.516167603e+02,3.514559940e-02
2.518258057e+02,-2.370056324e-02
2.520348663e+02,2.961137705e-02
2.522439423e+02,-2.087614266e-03
2.524530182e+02,6.983274594e-03
2.526621246e+02,-1.905050315e-02
2.528712311e+02,1.104388945e-02
2.530803528e+02,5.313183181e-03
2.532894897e+02,-5.853506736e-03
2.534986420e+02,-1.610328443e-02
2.537077942e+02,-5.689772312e-03
2.539169617e+02,5.902627017e-03
2.541261444e+02,2.057323419e-02
2.543353424e+02,1.438407227e-02
2.545445557e+02,5.050389096e-02
2.547537842e+02,-8.432324394e-04
2.549630127e+02,2.748282813e-02
2.551722717e+02,-1.826457866e-02
2.553815308e+02,1.182981394e-02
2.555908051e+02,-6.475697737e-03
2.558000793e+02,-1.593954861e-02
2.560093689e+02,3.577597905e-03
2.562186890e+02,1.778974943e-02
2.564280090e+02,1.929610595e-02
2.566373596e+02,-5.198569037e-03
2.568467102e+02,-1.354902610e-02
2.570560608e+02,-5.984494463e-03
2.572654419e+02,2.410989814e-02
2.574748230e+02,-2.186673693e-02
2.576842041e+02,-5.755266175e-03
2.578936157e+02,4.093361349e-05
2.581030579e+02,3.119141329e-03
2.583125000e+02,3.381116549e-03
2.585219421e+02,-9.521158412e-03
2.587313843e+02,3.381116549e-03
2.589408569e+02,1.281222142e-02
2.591503601e+02,-8.047548123e-03
2.593598633e+02,-4.543631338e-03
2.595693665e+02,2.970961668e-02
2.597789001e+02,8.063921705e-03
2.599884338e+02,-2.504318580e-02
2.601979675e+02,2.824419411e-03
2.604075317e+02,1.150234509e-02
2.606170959e+02,3.086394398e-03
2.608266907e+02,-1.777337492e-02
2.610362854e+02,-2.026213892e-02
2.612459106e+02,1.110938285e-02
2.614555359e+02,5.648838705e-04
2.616651611e+02,-3.528477624e-03
2.618748169e+02,-1.325430442e-02
2.620844727e+02,4.527257755e-03
2.622941284e+02,1.399110910e-02
2.625038147e+02,-1.865754090e-02
2.627135315e+02,-1.661904738e-03
2.629232483e+02,1.991829649e-02
2.631329651e+02,-1.580856182e-02
2.633426819e+02,-2.252167463e-02
2.635524292e+02,9.341050871e-03
2.637622070e+02,-1.800260320e-02
2.639719849e+02,2.365962835e-03
2.641817627e+02,-3.135514911e-03
2.643915710e+02,-5.427797325e-03
2.646013794e+02,-1.203448279e-03
2.648111877e+02,-5.264062900e-03
2.650210266e+02,-1.282859500e-02
2.652308655e+02,1.154327882e-03
2.654407349e+02,1.065092627e-02
2.656506042e+02,1.084740739e-02
2.658605042e+02,-3.528477624e-03
2.660704041e+02,2.090070397e-02
2.662803040e+02,1.117487624e-02
2.664902344e+02,-1.688920893e-02
2.667001648e+02,5.535043404e-02
2.669101257e+02,-5.231315736e-03
2.671200867e+02,8.268589736e-04
2.673300476e+02,1.268123370e-02
2.675400391e+02,-2.153108129e-03
2.677500305e+02,5.968120880e-03
2.679600525e+02,-3.921440337e-03
2.681700745e+02,5.332012475e-02
2.683800964e+02,-3.364742966e-03
2.685901489e+02,-2.412627265e-02
2.688002014e+02,4.009038210e-02
2.690102844e+02,-1.923879841e-03
2.692203674e+02,-1.449868642e-02
2.694304504e+02,1.121581066e-03
2.696405640e+02,2.050773986e-02
2.698506775e+02,-2.120361198e-03
2.700608215e+02,-2.271815576e-02
2.702709656e+02,-2.094982378e-02
2.704811401e+02,1.025796402e-02
2.706913147e+02,-1.563664060e-03
2.709014893e+02,7.998428307e-03
2.711116943e+02,-6.344710011e-03
2.713218994e+02,8.948087692e-03
2.715321045e+02,7.769200020e-03
2.717423401e+02,1.809265697e-03
2.719526062e+02,2.410989814e-02
2.721628418e+02,-1.345078554e-02
2.723731384e+02,1.449049916e-03
2.725834045e+02,-1.724942401e-02
2.727937012e+02,-1.125674415e-02
2.730039978e+02,3.887874633e-02
2.732143250e+02,1.490802225e-02
2.734246521e+02,3.468959928e-01
2.736350098e+02,-1.675822213e-02
2.738453674e+02,1.238651201e-02
2.740557556e+02,-1.747865230e-02
2.742661133e+02,-1.489164867e-02
2.744765320e+02,-3.659465117e-03
2.746869202e+02,-1.462967321e-02
2.748973389e+02,-4.085174762e-03
2.751077881e+02,2.663140930e-02
2.753182373e+02,9.635772556e-03
2.755286865e+02,2.636943385e-02
2.757391663e+02,-1.505538356e-02
2.759496460e+02,-6.508444436e-03
2.761601257e+02,-2.121179923e-02
2.763706360e+02,3.471989185e-02
2.765811462e+02,4.883380234e-02
2.767916870e+02,8.391390555e-03
2.770022278e+02,-3.201008542e-03
2.772127991e+02,4.768766090e-02
2.774233704e+02,2.463384904e-02
2.776339417e+02,2.600921877e-02
2.778445435e+02,1.356539968e-02
2.780551453e+02,-8.735232987e-03
2.782657471e+02,-4.183415323e-03
2.784763794e+02,-7.523598149e-03
2.786870422e+02,-1.203448279e-03
2.788976746e+02,-9.652146138e-03
2.791083679e+02,8.227656595e-03
2.793190308e+02,-5.485104048e-04
2.795297241e+02,-7.196129300e-03
2.797404175e+02,1.160058659e-02
2.799511414e+02,1.719211723e-04
2.801618652e+02,-1.214091014e-02
2.803726196e+02,-1.911599748e-02
2.805833740e+02,-4.903846886e-03
2.807941284e+02,2.643492818e-02
2.810049133e+02,-3.201008542e-03
2.812156982e+02,2.257079445e-02
2.814265137e+02,-2.742552198e-03
2.816373291e+02,-8.244030178e-03
2.818481750e+02,-3.116685338e-02
2.820589905e+02,-1.620152406e-02
2.822698669e+02,6.560020894e-02
2.824807129e+02,1.585768163e-02
2.826915894e+02,-1.502263639e-02
2.829024963e+02,-9.455665015e-03
2.831134033e+02,3.872319823e-03
2.833243103e+02,3.491637111e-02
2.835352478e+02,-3.593971254e-03
2.837461853e+02,-2.527241409e-02
2.839571228e+02,2.859622240e-02
2.841680908e+02,4.338963190e-04
2.843790588e+02,-7.196129300e-03
2.845900574e+02,-2.998796478e-02
2.848010559e+02,2.103169076e-02
2.850120850e+02,1.638163254e-02
2.852230835e+02,3.544850973e-03
2.854341431e+02,-3.113410622e-02
2.856452026e+02,2.365962835e-03
2.858562622e+02,-1.911599748e-02
2.860673218e+02,9.439291432e-03
2.862784119e+02,-4.805606324e-03
2.864895020e+02,1.693832874e-02
2.867006226e+02,1.241925824e-02
2.869117432e+02,-1.980368234e-02
2.871228943e+02,-2.248892747e-02
2.873340454e+02,-8.432324394e-04
2.875451965e+02,-1.004510839e-02
2.877563782e+02,-1.623427123e-02
2.879675598e+02,-6.868660450e-03
2.881787720e+02,5.837133154e-03
2.883899536e+02,7.147009019e-03
2.886011963e+02,-5.730706107e-05
2.888124390e+02,-1.643075235e-02
2.890236816e+02,9.905934567e-04
2.892349243e+02,3.727414832e-02
2.894461975e+02,-1.227189787e-02
2.896575012e+02,-1.397473551e-02
2.898687744e+02,4.920220468e-03
2.900801086e+02,1.497351564e-02
2.902914124e+02,-9.848627262e-03
2.905027466e+02,-1.764238812e-02
2.907141113e+02,8.358644322e-03
2.909254456e+02,3.190365806e-02
2.911368408e+02,4.093361349e-05
2.913482056e+02,-7.196129300e-03
2.915596008e+02,1.091290172e-02
2.917710266e+02,1.143685170e-02
2.919824219e+02,2.031125873e-02
2.921938782e+02,-2.127729170e-02
2.924053040e+02,8.129416034e-03
2.926167603e+02,3.563680500e-02
2.928282471e+02,-1.918149181e-02
2.930397034e+02,-6.704926025e-03
2.932512207e+02,4.887473304e-03
2.934627075e+02,3.250129055e-03
2.936742249e+02,-1.989373704e-03
2.938857727e+02,-1.132223755e-02
2.940973206e+02,2.424088679e-02
2.943088684e+02,-6.573938299e-03
2.945204163e+02,5.345929880e-03
2.947320251e+02,-9.226436727e-03
2.949436035e+02,-7.327117026e-03
2.951552124e+02,-2.513323911e-03
2.953668213e+02,4.093361349e-05
2.955784607e+02,-1.898501068e-02
2.957901001e+02,-1.367182704e-03
2.960017395e+02,-2.677058335e-03
2.962134094e+02,-2.812139317e-02
2.964250793e+02,-1.918149181e-02
2.966367798e+02,1.995104365e-02
2.968484802e+02,1.061817911e-02
2.970601807e+02,-7.130635437e-03
2.972719116e+02,-3.757705679e-03
2.974836731e+02,3.101949207e-02
2.976954041e+02,3.157619014e-02
2.979071655e+02,3.086394398e-03
2.981189575e+02,1.317243651e-02
2.983307495e+02,-1.708569005e-02
2.985425415e+02,-7.720079739e-03
2.987543335e+02,-5.886253901e-03
2.989661865e+02,-8.702486753e-03
2.991780090e+02,-1.718393154e-02
2.993898621e+02,-4.150668625e-03
2.996017151e+02,6.393830292e-03
2.998135986e+02,-1.810084470e-02
3.000254822e+02,1.441681851e-02
3.002373657e+02,1.107663568e-02
3.004492798e+02,-6.770419888e-03
3.006611938e+02,-2.471571602e-02
3.008731384e+02,1.923061162e-02
3.010850830e+02,3.905066755e-03
3.012970581e+02,2.342221327e-02
3.015090027e+02,-1.715118438e-02
3.017210083e+02,5.014367774e-02
3.019329834e+02,-9.095449001e-03
3.021450195e+02,-8.759793127e-04
3.023570251e+02,-2.101531811e-02
3.025690613e+02,2.152289450e-02
3.027810974e+02,2.365144156e-02
3.029931641e+02,-2.049136721e-02
3.032052307e+02,7.352495939e-02
3.034172974e+02,1.949258707e-02
3.036293945e+02,-2.009840496e-02
3.038414917e+02,1.743771951e-03
3.040536194e+02,3.741332330e-03
3.042657471e+02,-1.436769869e-02
3.044779053e+02,2.695887722e-02
3.046900635e+02,-2.382336417e-03
3.049022217e+02,-9.029955603e-03
3.051143799e+02,4.625498317e-03
3.053265991e+02,1.252568560e-03
3.055387878e+02,-1.836281829e-02
3.057510071e+02,-2.032763325e-02
3.059632263e+02,-1.220640354e-02
3.061754761e+02,1.009422913e-02
3.063877258e+02,1.449049916e-03
3.065999756e+02,-1.728217117e-02
3.068122559e+02,-1.554658636e-02
3.070245361e+02,-1.489164867e-02
3.072368469e+02,-1.525186468e-02
3.074491577e+02,-1.273035351e-02
3.076614990e+02,9.250996518e-04
3.078738098e+02,2.702437155e-02
3.080861816e+02,-3.233755473e-03
3.082985229e+02,-2.068784833e-02
3.085108948e+02,2.348770760e-02
3.087232971e+02,-3.528477624e-03
3.089356995e+02,-7.687332574e-03
3.091481018e+02,-5.657025613e-03
3.093605347e+02,1.392561570e-02
3.095729675e+02,-8.375016972e-03
3.097854004e+02,2.136734547e-03
3.099978638e+02,-2.173574828e-02
3.102103271e+02,1.657811366e-02
3.104228210e+02,9.930495173e-03
3.106353149e+02,2.136734547e-03
3.108478088e+02,-1.331979781e-02
3.110603333e+02,-1.764238812e-02
3.112728577e+02,-2.677058335e-03
3.114854126e+02,2.214508504e-02
3.116979675e+02,-1.433495153e-02
3.119105225e+02,-6.410203874e-03
3.121231079e+02,3.013532609e-02
3.123356934e+02,-7.196129300e-03
3.125483093e+02,2.980785817e-02
3.127609253e+02,8.096668869e-03
3.129735413e+02,-8.375016972e-03
3.131861877e+02,-2.104806341e-02
3.133988342e+02,-6.017241161e-03
3.136115112e+02,-9.684893303e-03
3.138241882e+02,3.053647699e-03
3.140368652e+02,2.660684986e-03
3.142495728e+02,-1.089652814e-02
3.144622803e+02,3.239486367e-02
3.146750183e+02,4.853907973e-02
3.148877563e+02,-2.153108129e-03
3.151004944e+02,-1.541559864e-02
3.153132629e+02,-1.792892232e-03
3.155260315e+02,4.821979906e-03
3.157388306e+02,-3.266502405e-03
3.159516296e+02,-2.284914255e-02
3.161644287e+02,-1.446593925e-02
3.163772583e+02,-1.102751587e-02
3.165900879e+02,-1.694651670e-03
3.168029480e+02,-1.858386095e-03
3.170158081e+02,3.348369617e-03
3.172286682e+02,3.970560618e-03
3.174415588e+02,1.222277712e-02
3.176544495e+02,-1.882127486e-02
3.178673706e+02,5.669305474e-02
3.180802612e+02,1.769150794e-02
3.182932129e+02,-6.934154313e-03
3.185061646e+02,-2.995521948e-02
3.187191162e+02,-1.263211295e-02
3.189320679e+02,-5.034834612e-03
3.191450500e+02,6.950527430e-03
3.193580322e+02,1.523549110e-02
3.195710449e+02,-2.382336417e-03
3.197840576e+02,2.103987848e-03
3.199971008e+02,-9.226436727e-03
3.202101440e+02,1.569394767e-02
3.204231873e+02,5.030741170e-02
3.206362610e+02,6.721299607e-03
3.208493347e+02,-1.600504294e-02
3.210624084e+02,-2.006565779e-02
3.212755127e+02,-5.157635314e-04
3.214886169e+02,1.107663568e-02
3.217017517e+02,-1.564482786e-02
3.219148865e+02,8.915341459e-03
3.221280518e+02,-1.266486011e-02
3.223411865e+02,2.699162439e-02
3.225543823e+02,1.664360799e-02
3.227675476e+02,3.282875754e-03
3.229807434e+02,2.630393952e-02
3.231939697e+02,-3.528477624e-03
3.234071960e+02,-1.492439583e-02
3.236204224e+02,1.104388945e-02
3.238336792e+02,2.221057937e-02
3.240469360e+02,-4.838353023e-03
3.242601929e+02,1.801897772e-02
3.244734802e+02,-8.636992425e-03
3.246867676e+02,-4.175228532e-04
3.249000854e+02,-7.490851451e-03
3.251134033e+02,1.641437970e-02
3.253267212e+02,-7.982054725e-03
3.255400696e+02,1.340166479e-02
3.257534180e+02,1.310694311e-02
3.259667969e+02,2.790853754e-02
3.261801758e+02,-7.294369861e-03
3.263935547e+02,-1.800260320e-02
3.266069641e+02,-4.805606324e-03
3.268203735e+02,3.514559940e-02
3.270337830e+02,6.197349168e-03
3.272472229e+02,6.557564717e-03
3.274606934e+02,-2.054867335e-03
3.276741333e+02,-9.087262442e-04
3.278876038e+02,3.288606554e-02
3.281011047e+02,1.842012629e-03
3.283146057e+02,6.958714221e-04
3.285281067e+02,-7.556345314e-03
3.287416382e+02,-2.480576979e-03
3.289551697e+02,8.980834857e-03
3.291687317e+02,-3.430236829e-03
3.293822632e+02,2.800677903e-02
3.295958557e+02,-3.142882884e-02
3.298094177e+02,7.376237307e-03
3.300230103e+02,2.374968305e-02
3.302366333e+02,-1.004510839e-02
3.304502563e+02,1.874759560e-03
3.306638794e+02,-2.775299130e-03
3.308775330e+02,9.439291432e-03
3.310911865e+02,-2.684426308e-02
3.313048401e+02,-1.066729985e-02
3.315185242e+02,-3.855946474e-03
3.317322083e+02,5.648838705e-04
3.319459229e+02,8.653366007e-03
3.321596375e+02,4.303760082e-02
3.323733521e+02,6.328336895e-03
3.325870972e+02,1.071641967e-02
3.328008423e+02,-4.183415323e-03
3.330146179e+02,-1.672547497e-02
3.332283936e+02,6.114663184e-02
3.334421692e+02,9.210063145e-03
3.336559753e+02,1.641437970e-02
3.338697815e+02,-2.085158229e-02
3.340835876e+02,1.638163254e-02
3.342974243e+02,4.592751618e-03
3.345112915e+02,5.836314708e-02
3.347251282e+02,-2.756469510e-02
3.349389954e+02,1.739678532e-02
3.351528931e+02,9.668519720e-03
3.353667908e+02,-1.413847040e-02
3.355806885e+02,-1.138773095e-02
3.357946167e+02,1.471154112e-02
3.360085449e+02,-1.004510839e-02
3.362224731e+02,-4.478137475e-03
3.364364319e+02,-9.914121591e-03
3.366503906e+02,5.096234754e-02
3.368643799e+02,2.240706049e-02
3.370783691e+02,2.044224739e-02
3.372923889e+02,-1.426945813e-02
3.375063782e+02,5.804386456e-03
3.377204285e+02,-8.702486753e-03
3.379344482e+02,3.937813453e-03
3.381484985e+02,-8.702486753e-03
3.383625793e+02,-1.096202154e-02
3.385766296e+02,1.350809238e-03
3.387907410e+02,-2.140828036e-02
3.390048218e+02,-4.052427597e-03
3.392189331e+02,-4.314403050e-03
3.394330444e+02,2.221057937e-02
3.396471863e+02,7.179755718e-03
3.398613281e+02,-1.472791471e-02
3.400755005e+02,-7.032394875e-03
3.402896729e+02,1.490802225e-02
3.405038452e+02,7.081515156e-03
3.407180481e+02,-9.783133864e-03
3.409322510e+02,-1.823183149e-02
3.411464539e+02,1.952533424e-02
3.413606873e+02,5.640652031e-03
3.415749207e+02,-4.248909187e-03
3.417891846e+02,-1.299232896e-02
3.420034485e+02,2.833424695e-02
3.422177124e+02,-1.554658636e-02
3.424320068e+02,1.618515141e-02
3.426463318e+02,-6.377457175e-03
3.428606262e+02,-1.001236215e-02
3.430749512e+02,6.492071319e-03
3.432892761e+02,-1.525186468e-02
3.435036316e+02,2.944764122e-02
3.437179871e+02,-9.521158412e-03
3.439323730e+02,-3.244398162e-02
3.441467590e+02,-1.399929635e-03
3.443611450e+02,-2.000016347e-02
3.445755615e+02,-7.589092012e-03
3.447899780e+02,-1.862479374e-02
3.450044250e+02,-4.085174762e-03
3.452188721e+02,6.631245487e-04
3.454333191e+02,6.819540169e-03
3.456477661e+02,-1.869028807e-02
3.458622742e+02,-1.079828758e-02
3.460767517e+02,2.620569989e-02
3.462912598e+02,-1.555477356e-04
3.465057678e+02,-2.127729170e-02
3.467203064e+02,4.101547878e-03
3.469348450e+02,7.179755718e-03
3.471493835e+02,3.937813453e-03
3.473639526e+02,-7.556345314e-03
3.475785217e+02,1.572669484e-02
3.477931213e+02,-1.727398485e-03
3.480077209e+02,1.841193996e-02
3.482223206e+02,3.217382124e-03
3.484369507e+02,-2.055686153e-02
3.486515808e+02,4.461763892e-03
3.488662109e+02,2.824419411e-03
3.490808716e+02,1.808447018e-02
3.492955627e+02,-1.498988923e-02
3.495102234e+02,1.500626281e-02
3.497249146e+02,-9.521158412e-03
3.499396362e+02,-4.379896913e-03
3.501543579e+02,-3.233755473e-03
3.503690796e+02,-2.775299130e-03
3.505838318e+02,-1.465423382e-03
3.507985840e+02,1.425308455e-02
3.510133362e+02,-6.606685463e-03
3.512281189e+02,2.898918465e-02
3.514429016e+02,1.503900997e-02
3.516577148e+02,-2.478121035e-02
3.518725281e+02,4.303760082e-02
3.520873413e+02,2.171937563e-02
3.523021851e+02,-8.375016972e-03
3.525170288e+02,2.597647160e-02
3.527318726e+02,-5.296809599e-03
3.529467468e+02,-1.170701347e-03
3.531616516e+02,2.440462075e-02
3.533765259e+02,6.361083593e-03
3.535914307e+02,-7.196129300e-03
3.538063660e+02,-3.495730693e-03
3.540213013e+02,1.857567392e-02
3.542362366e+02,1.318062423e-03
3.544512024e+02,-3.495730693e-03
3.546661682e+02,3.216563538e-02
3.548811340e+02,9.439291432e-03
3.550961304e+02,-1.685646176e-02
3.553111267e+02,-2.769568376e-02
3.555261536e+02,2.152289450e-02
3.557411804e+02,-7.720079739e-03
3.559562073e+02,3.792908788e-02
3.561712646e+02,-1.937797293e-02
3.563863220e+02,2.987335064e-02
3.566013794e+02,1.435132511e-02
3.568164673e+02,-2.314386517e-02
3.570315857e+02,5.018461030e-03
3.572466736e+02,5.509664305e-03
3.574617920e+02,2.106443793e-02
3.576769409e+02,-6.508444436e-03
3.578920898e+02,4.036054481e-03
3.581072388e+02,-4.936594050e-03
3.583223877e+02,3.082301095e-02
3.585375671e+02,4.758942127e-02
3.587527771e+02,-8.014801890e-03
3.589679871e+02,-1.230464410e-02
3.591831970e+02,1.219821745e-03
3.593984070e+02,-2.045862004e-02
3.596136475e+02,1.383556169e-03
3.598289185e+02,4.093361349e-05
3.600441589e+02,1.523549110e-02
3.602594299e+02,-2.210415114e-04
3.604747314e+02,2.319298498e-02
3.606900330e+02,7.376237307e-03
3.609053345e+02,4.310309514e-02
3.611206665e+02,-1.531735808e-02
3.613359985e+02,-4.150668625e-03
3.615513306e+02,-1.070004702e-02
3.617666931e+02,9.406544268e-03
3.619820557e+02,-2.835062146e-02
3.621974487e+02,1.045444515e-02
3.624128418e+02,1.939434558e-02
3.626282349e+02,1.143685170e-02
3.628436584e+02,2.365962835e-03
3.630590820e+02,-2.117905207e-02
3.632745056e+02,4.441297054e-02
3.634899597e+02,7.703706156e-03
3.637054443e+02,5.149448756e-03
3.639208984e+02,-7.425357588e-03
3.641363831e+02,8.489631116e-03
3.643518982e+02,-1.413847040e-02
3.645674133e+02,-2.320935950e-02
3.647829285e+02,2.951313555e-02
3.649984436e+02,5.531768501e-02
3.652139893e+02,1.507175621e-02
3.654295654e+02,1.023340388e-03
3.656451111e+02,-2.383155003e-02
3.658607178e+02,5.149448756e-03
3.660762939e+02,-1.825639163e-03
3.662919006e+02,1.094564795e-02
3.665075073e+02,2.312749252e-02
3.667231445e+02,4.264463857e-02
3.669387817e+02,4.993900657e-04
3.671544495e+02,-2.379880287e-02
3.673700867e+02,-1.286134124e-02
3.675857849e+02,2.234975342e-03
3.678014526e+02,3.455615789e-02
3.680171509e+02,9.995988570e-03
3.682328796e+02,-1.564482786e-02
3.684485779e+02,2.355320193e-02
3.686643066e+02,-5.812573363e-04
3.688800659e+02,4.985714331e-03
3.690958252e+02,-9.357424453e-03
3.693115845e+02,2.129366621e-02
3.695273743e+02,4.886654764e-02
3.697431641e+02,2.021301910e-02
3.699589539e+02,-1.485890150e-02
3.701747742e+02,2.492857166e-02
3.703906250e+02,-9.979614988e-03
3.706064453e+02,9.603025392e-03
3.708222961e+02,-5.951747298e-03
3.710381775e+02,9.079075418e-03
3.712540283e+02,9.317309409e-02
3.714699097e+02,-7.687332574e-03
3.716858215e+02,-1.354902610e-02
3.719017334e+02,5.783919618e-02
3.721176453e+02,1.654536650e-02
3.723335876e+02,8.186722880e-06
3.725495300e+02,-1.698745042e-02
3.727654724e+02,-1.639800519e-02
3.729814453e+02,1.906687766e-02
3.731974182e+02,-8.997208439e-03
3.734134216e+02,-4.674618598e-03
3.736294250e+02,5.771639757e-03
3.738454285e+02,3.956643119e-02
3.740614624e+02,-1.371276099e-02
3.742774963e+02,6.099108607e-03
3.744935608e+02,1.382737514e-02
3.747096252e+02,-6.835913286e-03
3.749256897e+02,-2.602559142e-02
3.751417847e+02,-1.872303523e-02
3.753578796e+02,1.061817911e-02
3.755739746e+02,2.761381678e-02
3.757901001e+02,-1.161695924e-02
3.760062256e+02,-6.442951038e-03
3.762223816e+02,1.412209682e-02
3.764385376e+02,4.804787412e-02
3.766546936e+02,-2.157201432e-02
3.768708801e+02,3.180541843e-02
3.770870667e+02,-1.253387239e-02
3.773032837e+02,-2.153108129e-03
3.775194702e+02,-3.299249336e-03
3.777357178e+02,-1.020884328e-02
3.779519348e+02,2.597647160e-02
3.781681824e+02,3.232936934e-02
3.783844604e+02,-9.881374426e-03
3.786007385e+02,-1.986917667e-02
3.788170166e+02,-8.014801890e-03
3.790332947e+02,6.275123358e-02
3.792496033e+02,-2.147377469e-02
3.794659424e+02,3.727414832e-02
3.796822510e+02,-7.556345314e-03
3.798986206e+02,9.406544268e-03
3.801149597e+02,-3.247673064e-02
3.803313293e+02,-2.242343314e-02
3.805476990e+02,2.595191123e-03
3.807640991e+02,-7.327117026e-03
3.809804993e+02,-5.886253901e-03
3.811968994e+02,-1.944346726e-02
3.814133301e+02,-3.135514911e-03
3.816297607e+02,6.631245487e-04
3.818462219e+02,-2.865353017e-04
3.820626831e+02,7.769200020e-03
3.822791443e+02,8.882594295e-03
3.824956360e+02,1.645531273e-03
3.827121277e+02,-1.659448631e-02
3.829286194e+02,-9.128196165e-03
3.831451416e+02,4.791688919e-02
3.833616638e+02,5.829765275e-02
3.835782166e+02,-1.639800519e-02
3.837947693e+02,-1.675822213e-02
3.840113220e+02,1.841193996e-02
3.842279053e+02,1.579218730e-02
3.844444885e+02,-8.735232987e-03
3.846610718e+02,-2.389704436e-02
3.848776855e+02,3.471989185e-02
3.850943298e+02,2.496950561e-03
3.853109436e+02,8.948087692e-03
3.855275879e+02,2.060598135e-02
3.857442627e+02,-6.737672724e-03
3.859609070e+02,4.271013290e-02
3.861776123e+02,-1.669272780e-02
3.863942871e+02,-5.755266175e-03
3.866109924e+02,1.991829649e-02
3.868276978e+02,-1.390924212e-02
3.870444336e+02,-6.606685463e-03
3.872611694e+02,-6.475697737e-03
3.874779358e+02,-1.956626773e-03
3.876947021e+02,2.073696814e-02
3.879114685e+02,-2.009840496e-02
3.881282349e+02,-1.020884328e-02
3.883450317e+02,-4.936594050e-03
3.885618591e+02,1.566120051e-02
3.887786560e+02,-3.657009080e-02
3.889955139e+02,-1.888676919e-02
3.892123413e+02,2.699162439e-02
3.894291992e+02,1.386012137e-02
3.896460571e+02,1.769150794e-02
3.898629456e+02,-2.382336417e-03
3.900798340e+02,-1.024159044e-02
3.902967224e+02,-2.087614266e-03
3.905136414e+02,1.232101768e-02
3.907305603e+02,-1.397473551e-02
3.909475098e+02,1.805172302e-02
3.911644592e+02,7.408984005e-03
3.913814087e+02,4.431473091e-02
3.915983887e+02,-1.914874464e-02
3.918153687e+02,1.346715912e-02
3.920323486e+02,-1.629157807e-03
3.922493591e+02,1.313969027e-02
3.924663696e+02,3.250129055e-03
3.926834106e+02,4.742568359e-02
3.929004517e+02,7.368050137e-05
3.931174927e+02,-2.625481971e-02
3.933345642e+02,4.896478727e-02
3.935516357e+02,7.054498792e-02
3.937687073e+02,-3.757705679e-03
3.939858093e+02,3.982840478e-02
3.942029114e+02,-2.556713484e-02
3.944200439e+02,1.238651201e-02
3.946371765e+02,2.741733380e-02
3.948543091e+02,1.857567392e-02
3.950714722e+02,1.107663568e-02
3.952886353e+02,9.668519720e-03
3.955058289e+02,-7.122448878e-04
3.957230225e+02,7.179755718e-03
3.959402161e+02,-2.242343314e-02
3.961574402e+02,5.243596062e-02
3.963746643e+02,-5.591531750e-03
3.965918884e+02,-8.342270739e-03
3.968091431e+02,-2.494494431e-02
3.970263977e+02,4.320133477e-02
3.972436829e+02,-6.737672724e-03
3.974609375e+02,-1.692195609e-02
3.976782532e+02,-2.419176511e-02
3.978955383e+02,5.968120880e-03
3.981128845e+02,3.439242393e-02
3.983302002e+02,-1.390924212e-02
3.985475464e+02,7.965681143e-03
3.987648926e+02,3.789633885e-02
3.989822693e+02,2.299650386e-02
3.991996155e+02,1.022521686e-02
3.994170227e+02,-2.180124260e-02
3.996343994e+02,1.251749881e-02
3.998518372e+02,-6.213722751e-03
4.000692444e+02,-3.100311942e-02
4.002866821e+02,-3.532570973e-02
4.005041199e+02,1.015972253e-02
4.007215881e+02,1.539922599e-02
4.009390564e+02,-1.616877690e-02
4.011565247e+02,2.790853754e-02
4.013740234e+02,-1.043807156e-02
4.015915222e+02,8.293149993e-03
4.018090210e+02,3.776535392e-02
4.020265503e+02,-2.065510117e-02
4.022440796e+02,3.681569174e-02
4.024616394e+02,-7.851066999e-03
4.026791992e+02,-1.829732582e-02
4.028967590e+02,-1.050356496e-02
4.031143494e+02,-1.318881009e-02
4.033319397e+02,-2.284095623e-03
4.035495605e+02,-3.495730693e-03
4.037671814e+02,3.708585398e-03
4.039848022e+02,6.275123358e-02
4.042024231e+02,-1.908325031e-02
4.044200745e+02,-9.291930124e-03
4.046377563e+02,1.143685170e-02
4.048554382e+02,-5.853506736e-03
4.050731201e+02,-3.168261610e-03
4.052908020e+02,-5.034834612e-03
4.055085144e+02,-8.113042451e-03
4.057262268e+02,-5.558784585e-03
4.059439697e+02,-6.049988326e-03
4.061617126e+02,2.659866214e-02
4.063794556e+02,-1.682371460e-02
4.065972290e+02,1.710206456e-02
4.068150024e+02,-1.738041267e-02
4.070328064e+02,-1.806809753e-02
4.072506104e+02,3.229662031e-02
4.074684143e+02,6.664811075e-02
4.076862488e+02,-2.733546682e-02
4.079040833e+02,-1.328705065e-02
4.081219177e+02,-4.740112461e-03
4.083397827e+02,-1.301688957e-03
4.085576477e+02,-1.825639163e-03
4.087755432e+02,-3.233755473e-03
4.089934387e+02,6.327518076e-02
4.092113342e+02,4.985714331e-03
4.094292603e+02,8.162162267e-03
4.096471863e+02,-9.521158412e-03
4.098651123e+02,1.045444515e-02
4.100830688e+02,1.831369847e-02
4.103010254e+02,-3.299249336e-03
4.105189819e+02,-2.435550094e-02
4.107369690e+02,-7.294369861e-03
4.109549866e+02,3.462165222e-02
4.111729736e+02,4.068801180e-03
4.113909912e+02,1.719211723e-04
4.116090393e+02,-7.777386345e-04
4.118270874e+02,2.037675306e-02
4.120451355e+02,-2.170300297e-02
4.122631836e+02,1.608690992e-02
4.124812622e+02,1.235376485e-02
4.126993713e+02,2.300469205e-03
4.129174500e+02,5.214942619e-03
4.131355591e+02,-1.924698614e-02
4.133536987e+02,4.723738879e-03
4.135718079e+02,3.111773357e-02
4.137899780e+02,-3.233755473e-03
4.140081177e+02,-1.335254498e-02
4.142262878e+02,1.484252885e-02
4.144444580e+02,-1.557933353e-02
4.146626587e+02,6.131855305e-03
4.148808594e+02,-1.469516754e-02
4.150990906e+02,1.877215505e-02
4.153172913e+02,1.641437970e-02
4.155355225e+02,7.638212293e-03
4.157537842e+02,9.210063145e-03
4.159720459e+02,1.101114228e-02
4.161903076e+02,-5.788012873e-03
4.164085999e+02,-7.458104286e-03
4.166268921e+02,-2.474846318e-02
4.168451843e+02,4.418374225e-02
4.170635071e+02,-7.687332574e-03
4.172818298e+02,-5.820760038e-03
4.175001831e+02,1.562845334e-02
4.177185364e+02,2.889913041e-03
4.179368896e+02,1.955808140e-02
4.181552734e+02,-2.664778195e-02
4.183736572e+02,-8.104855660e-04
4.185920410e+02,1.549746655e-02
4.188104553e+02,1.769150794e-02
4.190288696e+02,2.240706049e-02
4.192473145e+02,-2.186673693e-02
4.194657288e+02,1.645531273e-03
4.196842041e+02,-1.466242038e-02
4.199026489e+02,3.341001645e-02
4.201211243e+02,-2.458472922e-02
4.203396301e+02,1.706931740e-02
4.205581360e+02,1.592317596e-02
4.207766418e+02,-3.152706847e-02
4.209951477e+02,-1.705294289e-02
4.212136841e+02,-1.161695924e-02
4.214322205e+02,-3.847759799e-04
4.216507874e+02,1.641437970e-02
4.218693542e+02,-9.291930124e-03
4.220879211e+02,7.735634595e-02
4.223065186e+02,2.791672479e-03
4.225251160e+02,1.392561570e-02
4.227437439e+02,-5.657025613e-03
4.229623718e+02,2.610745840e-02
4.231809998e+02,5.214942619e-03
4.233996277e+02,2.640218101e-02
4.236182861e+02,-1.567757502e-02
4.238369751e+02,4.339781776e-02
4.240556641e+02,2.407715097e-02
4.242743530e+02,1.513725054e-02
4.244930420e+02,-1.322155725e-02
4.247117615e+02,5.869061500e-02
4.249304810e+02,8.686113171e-03
4.251492310e+02,-9.128196165e-03
4.253679810e+02,-1.420396380e-02
4.255867310e+02,1.372913364e-02
4.258055115e+02,2.345496044e-02
4.260242920e+02,5.305815116e-02
4.262430725e+02,-1.214091014e-02
4.264618835e+02,-1.404022984e-02
4.266806946e+02,2.693431685e-03
4.268995361e+02,-2.235794067e-02
4.271183777e+02,-1.593954861e-02
4.273372192e+02,5.018461030e-03
4.275560913e+02,7.147009019e-03
4.277749634e+02,3.259134293e-02
4.279938354e+02,-2.117905207e-02
4.282127380e+02,3.471989185e-02
4.284316406e+02,4.336506873e-02
4.286505737e+02,2.054048702e-02
4.288695068e+02,-3.375385702e-02
4.290884399e+02,1.238651201e-02
4.293074036e+02,2.993884496e-02
4.295263672e+02,6.599317491e-02
4.297453308e+02,2.885819785e-02
4.299643250e+02,3.029087384e-04
4.301833191e+02,7.938665152e-02
4.304023438e+02,-1.973818801e-02
4.306213379e+02,-2.828512713e-02
4.308403931e+02,2.250530012e-02
4.310594177e+02,-1.168245357e-02
4.312784729e+02,2.155564167e-02
4.314975586e+02,-2.320935950e-02
4.317166138e+02,1.297595538e-02
4.319357300e+02,-5.657025613e-03
4.321548157e+02,-1.751139946e-02
4.323739319e+02,-2.019664459e-02
4.325930481e+02,-5.755266175e-03
4.328121948e+02,8.522378281e-03
4.330313416e+02,-1.407297608e-02
4.332504883e+02,1.809265697e-03
4.334696655e+02,3.577597905e-03
4.336888428e+02,-6.213722751e-03
4.339080200e+02,-2.000016347e-02
4.341272278e+02,-2.376605570e-02
4.343464355e+02,1.258299313e-02
4.345656738e+02,6.062268093e-02
4.347849121e+02,-2.573086880e-02
4.350041504e+02,-3.083938546e-02
4.352234192e+02,1.205904223e-02
4.354426880e+02,9.029136598e-02
4.356619568e+02,-2.471571602e-02
4.358812561e+02,-2.212871239e-02
4.361005554e+02,1.776518882e-03
4.363198853e+02,-2.873539692e-03
4.365392151e+02,-1.305782236e-02
4.367585449e+02,-2.487944998e-02
4.369778748e+02,-1.956626773e-03
4.371972351e+02,2.309474535e-02
4.374166260e+02,5.034015700e-02
4.376360168e+02,-1.295958180e-02
4.378554077e+02,1.001154333e-01
4.380747986e+02,1.792073622e-02
4.382942200e+02,-1.148597244e-02
4.385136414e+02,-1.751139946e-02
4.387330933e+02,4.788414016e-02
4.389525452e+02,2.836699411e-02
4.391719971e+02,2.267722273e-03
4.393914795e+02,-6.639432162e-03
4.396109619e+02,2.784304507e-02
4.398304443e+02,1.199354883e-02
4.400499573e+02,-2.854710259e-02
4.402694702e+02,-3.142882884e-02
4.404890137e+02,1.547290594e-03
4.407085571e+02,-1.462967321e-02
4.409281006e+02,1.389286853e-02
4.411476746e+02,-2.054867335e-03
4.413672485e+02,2.338946611e-02
4.415868225e+02,2.558350936e-02
4.418064270e+02,-1.806809753e-02
4.420260315e+02,1.877215505e-02
4.422456360e+02,-3.986934200e-03
4.424652710e+02,5.675854906e-02
4.426849060e+02,-3.119960055e-02
4.429045715e+02,-1.960720122e-02
4.431242371e+02,-1.649624668e-02
4.433439026e+02,4.338963190e-04
4.435635986e+02,-1.846105978e-02
4.437832947e+02,-6.737672724e-03
4.440029907e+02,1.154327882e-03
4.442227173e+02,-8.506004699e-03
4.444424438e+02,-6.140042096e-04
4.446622009e+02,-1.774062775e-02
4.448819580e+02,1.281222142e-02
4.451017151e+02,-2.939033555e-03
4.453215027e+02,-2.415083116e-03
4.455412903e+02,-5.460544024e-03
4.457610779e+02,-4.641871899e-03
4.459808960e+02,-3.888693405e-03
4.462007141e+02,-2.906286623e-03
4.464205322e+02,1.143685170e-02
4.466403809e+02,1.297595538e-02
4.468602600e+02,2.158838883e-02
4.470801086e+02,-1.178069413e-02
4.472999878e+02,-2.350408025e-02
4.475198669e+02,2.496950561e-03
4.477397766e+02,-1.079828758e-02
4.479596863e+02,-1.436769869e-02
4.481796265e+02,2.650042251e-02
4.483995361e+02,8.456884883e-03
4.486194763e+02,3.134696186e-02
4.488394470e+02,-2.484670281e-02
4.490594177e+02,-2.261991426e-02
4.492793884e+02,2.361869439e-02
4.494993896e+02,-6.508444436e-03
4.497193909e+02,-1.387649495e-02
4.499393921e+02,-1.170701347e-03
4.501594238e+02,3.741332330e-03
4.503794556e+02,3.671745211e-02
4.505994873e+02,3.082301095e-02
4.508195496e+02,5.423703790e-02
4.510396118e+02,-2.210415114e-04
4.512597046e+02,-2.677058335e-03
4.514797974e+02,2.398709767e-03
4.516998901e+02,1.068367343e-02
4.519200134e+02,-3.233755473e-03
4.521401367e+02,3.629174083e-02
4.523602600e+02,-1.698745042e-02
4.525804138e+02,-7.458104286e-03
4.528005676e+02,1.153509226e-02
4.530207520e+02,-5.165821873e-03
4.532409058e+02,-3.067564964e-02
4.534611206e+02,1.645531273e-03
4.536813049e+02,3.308254853e-02
4.539015198e+02,2.103987848e-03
4.541217346e+02,-5.755266175e-03
4.543419800e+02,-1.563664060e-03
4.545622253e+02,-1.299232896e-02
4.547825012e+02,-8.759793127e-04
4.550027466e+02,-1.479340810e-02
4.552230225e+02,7.474477869e-03
4.554433289e+02,-1.004510839e-02
4.556636353e+02,-4.445390310e-03
4.558839417e+02,-1.011060271e-02
4.561042786e+02,-2.271815576e-02
4.563246155e+02,3.711041436e-02
4.565449524e+02,2.464203630e-03
4.567653198e+02,1.842012629e-03
4.569856873e+02,-1.649624668e-02
4.572060547e+02,1.307419594e-02
4.574264526e+02,-1.593954861e-02
4.576468506e+02,-1.099476870e-02
4.578672791e+02,2.767930925e-02
4.580877075e+02,-1.292683557e-02
4.583081360e+02,8.063921705e-03
4.585285645e+02,8.923527785e-04
4.587490234e+02,-1.420396380e-02
4.589695129e+02,1.025796402e-02
4.591900024e+02,-2.349589486e-03
4.594104919e+02,3.708585398e-03
4.596309814e+02,-1.924698614e-02
4.598515015e+02,4.025411606e-02
4.600720215e+02,-4.805606324e-03
4.602925720e+02,1.654536650e-02
4.605130920e+02,-6.140042096e-04
4.607336731e+02,4.271013290e-02
4.609542236e+02,-1.436769869e-02
4.611748047e+02,-2.690975741e-02
4.613954163e+02,4.756486043e-03
4.616159973e+02,1.995104365e-02
4.618366394e+02,-1.839556545e-02
4.620572510e+02,1.399110910e-02
4.622778931e+02,2.178486995e-02
4.624985352e+02,2.967686951e-02
4.627192078e+02,3.708585398e-03
4.629398499e+02,1.353265252e-02
4.631605530e+02,4.167041741e-03
4.633812256e+02,1.667635515e-02
4.636019287e+02,-2.543614805e-02
4.638226624e+02,-1.033983100e-02
4.640433655e+02,-6.541191600e-03
4.642641296e+02,3.927170858e-02
4.644848633e+02,-1.479340810e-02
4.647056274e+02,-2.979148366e-02
4.649263916e+02,-1.563664060e-03
4.651471863e+02,-3.626718186e-03
4.653679504e+02,-2.170300297e-02
4.655887756e+02,-2.291463688e-02
4.658095703e+02,8.948087692e-03
4.660303955e+02,4.756486043e-03
4.662512512e+02,-4.838353023e-03
4.664720764e+02,2.122817189e-02
4.666929626e+02,-7.032394875e-03
4.669138184e+02,3.576779366e-02
4.671347046e+02,-1.070004702e-02
4.673555908e+02,-1.787161641e-02
4.675765076e+02,4.693448171e-02
4.677973938e+02,1.110938285e-02
4.680183411e+02,3.577597905e-03
4.682392578e+02,-1.672547497e-02
4.684602051e+02,-2.939033555e-03
4.686811829e+02,5.640652031e-03
4.689021301e+02,-2.746645547e-02
4.691231384e+02,1.317243651e-02
4.693441162e+02,-1.656174101e-02
4.695651245e+02,1.038895082e-02
4.697861328e+02,1.274672709e-02
4.700071411e+02,-2.504318580e-02
4.702281799e+02,2.093344927e-02
4.704492493e+02,8.162162267e-03
4.706702881e+02,-1.268942025e-03
4.708913574e+02,-8.735232987e-03
4.711124573e+02,-1.498170313e-03
4.713335266e+02,2.332397364e-02
4.715546265e+02,-3.233755473e-03
4.717757568e+02,3.105223924e-02
4.719968872e+02,8.194909431e-03
4.722180176e+02,2.925116010e-02
4.724391479e+02,2.745008096e-02
4.726603088e+02,-6.344710011e-03
4.728814697e+02,5.149448756e-03
4.731026611e+02,-5.755266175e-03
4.733238525e+02,-3.519472107e-02
4.735450439e+02,-1.702019572e-02
4.737662659e+02,-6.115481723e-03
4.739874878e+02,-1.184618752e-02
4.742087097e+02,-1.007785555e-02
4.744299622e+02,-3.142882884e-02
4.746512146e+02,-3.299249336e-03
4.748724976e+02,1.467879396e-02
4.750937805e+02,-2.602559142e-02
4.753150635e+02,-1.178069413e-02
4.755363464e+02,7.605465595e-03
4.757576599e+02,1.353265252e-02
4.759790039e+02,-6.737672724e-03
4.762003174e+02,-1.567757502e-02
4.764216614e+02,-8.800727315e-03
4.766430359e+02,-7.589092012e-03
4.768643799e+02,4.494510591e-03
4.770857544e+02,-3.986934200e-03
4.773071594e+02,2.892369218e-02
4.775285645e+02,3.479357110e-03
4.777499695e+02,-4.347149748e-03
4.779714050e+02,2.181761712e-02
4.781928101e+02,-4.183415323e-03
4.784142761e+02,-5.231315736e-03
4.786357117e+02,-6.794980145e-04
4.788571777e+02,-1.230464410e-02
4.790786743e+02,1.347288936e-01
4.793001404e+02,1.533373166e-02
4.795216370e+02,-1.819908433e-02
4.797431641e+02,2.071240917e-03
4.799646912e+02,-4.085174762e-03
4.801862183e+02,-1.476066094e-02
4.804077454e+02,-1.554658636e-02
4.806293030e+02,-1.734766550e-02
4.808508606e+02,-8.375016972e-03
4.810724487e+02,-9.087262442e-04
4.812940369e+02,-1.741315983e-02
4.815156250e+02,5.280436017e-03
4.817372437e+02,1.449049916e-03
4.819588623e+02,-1.227189787e-02
4.821804810e+02,-7.449917612e-04
4.824021301e+02,-2.681151778e-02
4.826237793e+02,1.264848653e-02
4.828454590e+02,2.142465301e-02
4.830671082e+02,7.081515156e-03
4.832888184e+02,-2.013115212e-02
4.835104980e+02,-5.198569037e-03
4.837322083e+02,4.880105332e-02
4.839539185e+02,-1.623427123e-02
4.841756592e+02,2.420813963e-02
4.843973999e+02,7.769200020e-03
4.846191406e+02,2.453560755e-02
4.848409119e+02,-1.266486011e-02
4.850626831e+02,-1.377825439e-02
4.852844543e+02,-3.135514911e-03
4.855062561e+02,2.997159213e-02
4.857280579e+02,-2.160476148e-02
4.859498901e+02,9.832253680e-03
4.861717224e+02,7.801946718e-03
4.863935547e+02,-6.213722751e-03
4.866154175e+02,-6.803166587e-03
4.868372498e+02,-2.193222940e-02
4.870591431e+02,-2.611564472e-03
4.872810059e+02,-4.412643611e-03
4.875028992e+02,2.266903594e-02
4.877248230e+02,-1.531735808e-02
4.879467163e+02,3.517834842e-02
4.881686707e+02,3.416319564e-02
4.883905945e+02,-2.874358371e-02
4.886125488e+02,-2.700799890e-02
4.888345032e+02,1.618515141e-02
4.890564575e+02,4.506791010e-02
4.892784424e+02,1.449049916e-03
4.895004578e+02,-7.556345314e-03
4.897224426e+02,-1.073279325e-02
4.899444580e+02,-6.279216148e-03
4.901664734e+02,2.450286038e-02
4.903885193e+02,-8.964461274e-03
4.906105652e+02,-7.425357588e-03
4.908326111e+02,2.856347524e-02
4.910546875e+02,2.568174899e-02
4.912767639e+02,-1.891951635e-02
4.914988708e+02,1.929610595e-02
4.917209778e+02,4.601756856e-02
4.919430847e+02,-7.785573136e-03
4.921651917e+02,-1.846105978e-02
4.923873291e+02,-1.203448279e-03
4.926094666e+02,1.133861113e-02
4.928316345e+02,-1.020884328e-02
4.930538025e+02,-2.239068598e-02
4.932759705e+02,-4.969340749e-03
4.934981689e+02,-2.611564472e-03
4.937203674e+02,-2.370056324e-02
4.939425659e+02,1.641437970e-02
4.941647949e+02,-1.197717525e-02
4.943870239e+02,-2.316842554e-03
4.946092834e+02,-1.833007298e-02
4.948315125e+02,-1.119124983e-02
4.950538025e+02,2.529697260e-03
4.952760620e+02,1.678278204e-03
4.954983521e+02,-3.011895344e-02
4.957206421e+02,2.103987848e-03
4.959429626e+02,-3.659465117e-03
4.961652832e+02,3.936994821e-02
4.963876038e+02,-1.070004702e-02
4.966099548e+02,2.136734547e-03
4.968323059e+02,-1.305782236e-02
4.970546570e+02,5.607905332e-03
4.972770386e+02,-8.931714110e-03
4.974994202e+02,5.804386456e-03
4.977218018e+02,1.422033738e-02
4.979442139e+02,-4.150668625e-03
4.981666260e+02,-1.351627894e-02
4.983890686e+02,-8.440511301e-03
4.986115112e+02,1.615240425e-02
4.988339539e+02,-8.375016972e-03
4.990564270e+02,-3.364742966e-03
4.992788696e+02,1.391742844e-04
4.995013733e+02,2.505955845e-02
4.997238464e+02,-1.727398485e-03
4.999463501e+02,-2.432275377e-02
5.001688843e+02,-8.767980151e-03
5.003914185e+02,4.536263272e-02
5.006139526e+02,-4.183415323e-03
5.008364868e+02,2.817051299e-02
5.010590515e+02,-4.052427597e-03
5.012816162e+02,-6.803166587e-03
5.015041809e+02,-1.620152406e-02
5.017267761e+02,-1.646349952e-02
5.019493713e+02,1.127311680e-02
5.021719971e+02,2.332397364e-02
5.023946228e+02,-4.379896913e-03
5.026172485e+02,-1.633251272e-02
5.028399048e+02,-1.842831261e-02
5.030625610e+02,2.365962835e-03
5.032852173e+02,1.670910046e-02
5.035079041e+02,4.756486043e-03
5.037305908e+02,-1.567757502e-02
5.039532776e+02,3.321353346e-02
5.041759949e+02,3.511285409e-02
5.043987122e+02,1.693832874e-02
5.046214600e+02,-1.432676450e-03
5.048441772e+02,2.473208867e-02
5.050669556e+02,-3.462983761e-03
5.052897034e+02,-5.460544024e-03
5.055124817e+02,2.558350936e-02
5.057352600e+02,5.280436017e-03
5.059580688e+02,-8.735232987e-03
5.061808777e+02,-2.022939175e-02
5.064036865e+02,-9.521158412e-03
5.066265259e+02,3.435967490e-02
5.068493652e+02,6.066361442e-03
5.070722046e+02,-2.340584062e-02
5.072950745e+02,-2.651679516e-02
5.075179443e+02,3.602976725e-02
5.077408142e+02,3.681569174e-02
5.079637146e+02,1.389286853e-02
5.081866150e+02,-1.161695924e-02
5.084095459e+02,2.701618650e-04
5.086324768e+02,-1.006966922e-03
5.088554077e+02,-2.513323911e-03
5.090783386e+02,-7.818319835e-03
5.093013000e+02,-2.971780254e-03
5.095242920e+02,-9.029955603e-03
5.097472534e+02,-1.295958180e-02
5.099702454e+02,-8.432324394e-04
5.101932373e+02,1.628339104e-02
5.104162598e+02,-1.145322528e-02
5.106392822e+02,-3.129784018e-02
5.108623352e+02,-3.201008542e-03
5.110853577e+02,-5.198569037e-03
5.113084106e+02,-1.279584784e-02
5.115314941e+02,3.206739202e-02
5.117545776e+02,-2.664778195e-02
5.119776611e+02,-9.062701836e-03
5.122007446e+02,-6.246469449e-03
5.124238892e+02,-3.044642136e-02
5.126469727e+02,-1.112575643e-02
5.128701172e+02,2.398709767e-03
5.130932617e+02,-4.707365762e-03
5.133164062e+02,-1.266486011e-02
5.135395508e+02,-1.112575643e-02
5.137627563e+02,-1.170701347e-03
5.139859619e+02,2.024576627e-02
5.142091064e+02,-1.305782236e-02
5.144323120e+02,1.514543663e-03
5.146555786e+02,-1.364726666e-02
5.148787842e+02,5.351660773e-02
5.151019897e+02,1.873940788e-02
5.153252563e+02,-1.214091014e-02
5.155485229e+02,1.009422913e-02
5.157717896e+02,1.736403815e-02
5.159950562e+02,-8.244030178e-03
5.162183838e+02,-3.757705679e-03
5.164416504e+02,2.627938055e-03
5.166649780e+02,-2.045862004e-02
5.168883057e+02,-2.294738404e-02
5.171116333e+02,1.824820414e-02
5.173350220e+02,1.711025019e-03
5.175583496e+02,6.819540169e-03
5.177817383e+02,6.492071319e-03
5.180051270e+02,-8.538751863e-03
5.182285156e+02,1.847743243e-02
5.184519043e+02,-2.648404799e-02
5.186752930e+02,-3.724958748e-03
5.188987427e+02,-9.455665015e-03
5.191221313e+02,8.391390555e-03
5.193455811e+02,-2.396253683e-02
5.195690308e+02,-2.576361597e-02
5.197925415e+02,1.654536650e-02
5.200159912e+02,-4.576378036e-03
5.202395020e+02,-2.982423082e-02
5.204629517e+02,-2.681151778e-02
5.206864624e+02,2.407715097e-02
5.209099731e+02,-1.694651670e-03
5.211335449e+02,-1.692195609e-02
5.213570557e+02,6.983274594e-03
5.215806274e+02,-5.755266175e-03
5.218041992e+02,2.071240917e-03
5.220277710e+02,-1.937797293e-02
5.222513428e+02,-8.309523575e-03
5.224749146e+02,-7.818319835e-03
5.226985474e+02,-3.692212049e-03
5.229221191e+02,-2.081883512e-02
5.231457520e+02,-1.702019572e-02
5.233693848e+02,1.480978169e-02
5.235930176e+02,-1.436769869e-02
5.238167114e+02,-1.220640354e-02
5.240403442e+02,-1.465423382e-03
5.242640381e+02,2.267722273e-03
5.244877319e+02,3.033180721e-02
5.247114258e+02,-1.348353270e-02
5.249351196e+02,2.836699411e-02
5.251588745e+02,-1.744590700e-02
5.253826294e+02,5.673398729e-03
5.256063232e+02,3.684025141e-04
5.258300781e+02,-6.966901012e-03
5.260538330e+02,2.951313555e-02
5.262776489e+02,2.057323419e-02
5.265014038e+02,-2.251348691e-03
5.267252197e+02,-2.447830047e-03
5.269490356e+02,2.316023782e-02
5.271728516e+02,-1.738041267e-02
5.273966675e+02,-2.527241409e-02
5.276204834e+02,6.245650724e-02
5.278443604e+02,-3.659465117e-03
5.280682373e+02,9.210063145e-03
5.282921143e+02,3.691393137e-02
5.285159912e+02,-1.895226352e-02
5.287398682e+02,2.499406412e-02
5.289637451e+02,-9.029955603e-03
5.291876831e+02,-3.149432316e-02
5.294116211e+02,6.631245487e-04
5.296355591e+02,9.570279159e-03
5.298594971e+02,-1.462967321e-02
5.300834351e+02,-5.329556298e-03
5.303074341e+02,-3.696305305e-02
5.305313721e+02,-9.029955603e-03
5.307553711e+02,-1.432676450e-03
5.309793701e+02,1.051993854e-02
5.312033691e+02,-2.821963280e-02
5.314274292e+02,7.512955368e-02
5.316514282e+02,-5.755266175e-03
5.318754883e+02,1.211061925e-01
5.320995483e+02,4.282720387e-01
5.323236084e+02,6.551097631e-01
5.325476685e+02,4.941915274e-01
5.327717285e+02,2.579227090e-01
5.329958496e+02,1.347943842e-01
5.332199707e+02,8.636173606e-02
5.334440308e+02,6.867841631e-02
5.336682129e+02,-8.244030178e-03
5.338923340e+02,-1.898501068e-02
5.341164551e+02,4.326682910e-02
5.343406372e+02,9.275556542e-03
5.345648193e+02,-9.160942398e-03
5.347890015e+02,1.068367343e-02
5.350131836e+02,1.186256111e-02
5.352373657e+02,-2.054867335e-03
5.354616089e+02,-9.029955603e-03
5.356857910e+02,2.286551706e-02
5.359100342e+02,-9.029955603e-03
5.361342773e+02,-2.153108129e-03
5.363585205e+02,3.711041436e-02
5.365828247e+02,4.985714331e-03
5.368070679e+02,-1.399929635e-03
5.370313721e+02,-3.888693405e-03
5.372556763e+02,-1.833007298e-02
5.374799805e+02,-3.015170060e-02
5.377042847e+02,1.580037526e-03
5.379285889e+02,1.693832874e-02
5.381529541e+02,-2.022120636e-03
5.383773193e+02,-2.674602345e-02
5.386016846e+02,1.664360799e-02
5.388260498e+02,6.303776754e-04
5.390504150e+02,9.144569747e-03
5.392747803e+02,1.546471938e-02
5.394992065e+02,-7.777386345e-04
5.397236328e+02,-2.939033555e-03
5.399480591e+02,7.638212293e-03
5.401724854e+02,-2.186673693e-02
5.403969116e+02,-7.228875998e-03
5.406213989e+02,2.479758300e-02
5.408458252e+02,-2.229244635e-02
5.410703125e+02,-2.019664459e-02
5.412947998e+02,2.080246247e-02
5.415192871e+02,4.298029467e-03
5.417438354e+02,-1.253387239e-02
5.419683228e+02,-1.282859500e-02
5.421928711e+02,1.120762341e-02
5.424174194e+02,1.366364025e-02
5.426419678e+02,-5.296809599e-03
5.428665161e+02,-3.364742966e-03
5.430910645e+02,7.867440581e-03
5.433156738e+02,1.926335879e-02
5.435402832e+02,-2.448648773e-02
5.437648315e+02,-3.528477624e-03
5.439895020e+02,-9.742199909e-04
5.442141113e+02,8.227656595e-03
5.444387207e+02,-1.767513528e-02
5.446633911e+02,1.051993854e-02
5.448880615e+02,8.620618843e-03
5.451127319e+02,-7.359863725e-03
5.453374023e+02,-1.754414663e-02
5.455620728e+02,-6.672178861e-03
5.457867432e+02,4.562460631e-02
5.460114746e+02,-5.100328475e-03
5.462362061e+02,-2.144102752e-02
5.464609375e+02,-7.490851451e-03
5.466856689e+02,-3.299249336e-03
5.469104004e+02,-1.721667871e-02
5.471351929e+02,-1.200992242e-02
5.473599243e+02,-1.325430442e-02
5.475847168e+02,9.504784830e-03
5.478095093e+02,-2.229244635e-02
5.480343018e+02,-2.838336863e-02
5.482591553e+02,2.515779994e-02
5.484839478e+02,-9.652146138e-03
5.487088013e+02,-7.490851451e-03
5.489336548e+02,-1.371276099e-02
5.491585083e+02,-3.208376840e-02
5.493833618e+02,-1.923879841e-03
5.496082764e+02,5.908357725e-02
5.498331299e+02,2.407715097e-02
5.500580444e+02,-2.668052912e-02
5.502829590e+02,2.109718509e-02
5.505078735e+02,1.746227965e-02
5.507327881e+02,3.184635192e-03
5.509577637e+02,-1.168245357e-02
5.511826782e+02,-7.523598149e-03
5.514076538e+02,1.212453656e-02
5.516326294e+02,-6.672178861e-03
5.518576050e+02,-2.674602345e-02
5.520825806e+02,-9.390170686e-03
5.523076172e+02,-6.803166587e-03
5.525325928e+02,-2.298013121e-02
5.527576294e+02,4.134295043e-03
5.529826660e+02,4.232535604e-03
5.532077026e+02,-1.194442809e-02
5.534328003e+02,1.719211723e-04
5.536578369e+02,6.983274594e-03
5.538829346e+02,1.589042880e-02
5.541080322e+02,6.164602470e-03
5.543331299e+02,-2.320935950e-02
5.545582275e+02,-9.521158412e-03
5.547833252e+02,1.471154112e-02
5.550084839e+02,2.800677903e-02
5.552335815e+02,-1.777337492e-02
5.554587402e+02,-2.563262917e-02
5.556838989e+02,3.318078816e-02
5.559091187e+02,3.020900767e-03
5.561342773e+02,3.252584860e-02
5.563594971e+02,-2.726997435e-02
5.565846558e+02,6.590311881e-03
5.568098755e+02,2.031125873e-02
5.570350952e+02,1.392561570e-02
5.572603760e+02,-1.623427123e-02
5.574855957e+02,1.418759022e-02
5.577108765e+02,-7.261623163e-03
5.579360962e+02,-2.553438768e-02
5.581613770e+02,-3.306617215e-02
5.583866577e+02,2.267722273e-03
5.586119995e+02,8.186722880e-06
5.588372803e+02,-1.528461184e-02
5.590626221e+02,-3.470351920e-02
5.592879028e+02,-1.923879841e-03
5.595132446e+02,-2.370056324e-02
5.597386475e+02,-6.966901012e-03
5.599639893e+02,-1.236195094e-03
5.601893311e+02,6.361083593e-03
5.604147339e+02,5.191200972e-02
5.606401367e+02,4.788414016e-02
5.608655396e+02,2.397891134e-02
5.610909424e+02,6.958714221e-04
5.613163452e+02,8.489631116e-03
5.615418091e+02,-3.266502405e-03
5.617672119e+02,2.453560755e-02
5.619926758e+02,1.608690992e-02
5.622181396e+02,-1.636525802e-02
5.624436646e+02,-1.325430442e-02
5.626691284e+02,-4.445390310e-03
5.628945923e+02,6.230095867e-03
5.631201172e+02,1.002873573e-02
5.633456421e+02,-1.465423382e-03
5.635711670e+02,2.024576627e-02
5.637966919e+02,2.280002274e-02
5.640222778e+02,1.274672709e-02
5.642478027e+02,-8.113042451e-03
5.644733887e+02,1.572669484e-02
5.646989746e+02,2.562444191e-03
5.649245605e+02,7.147009019e-03
5.651501465e+02,-1.980368234e-02
5.653757935e+02,7.670959458e-03
5.656013794e+02,-8.759793127e-04
5.658270264e+02,3.835479543e-02
5.660526733e+02,-2.537065372e-02
5.662783203e+02,-9.259183891e-03
5.665039673e+02,8.268589736e-04
5.667296753e+02,2.309474535e-02
5.669553223e+02,1.078191400e-02
5.671810303e+02,-1.014334988e-02
5.674067383e+02,2.414264530e-02
5.676324463e+02,-7.752826437e-03
5.678581543e+02,-1.122399699e-02
5.680839233e+02,4.009038210e-02
5.683096313e+02,-8.080295287e-03
5.685354004e+02,-1.394198928e-02
5.687611694e+02,-1.593954861e-02
5.689869385e+02,2.270178311e-02
5.692127686e+02,2.450286038e-02
5.694385376e+02,1.651261933e-02
5.696643677e+02,2.758925548e-03
5.698901978e+02,-1.047081873e-02
5.701160278e+02,-1.525186468e-02
5.703418579e+02,6.910412759e-02
5.705676880e+02,-2.366781607e-02
5.707935791e+02,5.384407565e-02
5.710194092e+02,-3.823199542e-03
5.712453003e+02,6.958714221e-04
5.714711914e+02,-1.279584784e-02
5.716970825e+02,-1.538285241e-02
5.719230347e+02,2.361869439e-02
5.721489258e+02,4.637778550e-02
5.723748779e+02,-2.609108575e-02
5.726008301e+02,-1.043807156e-02
5.728267822e+02,-2.873539692e-03
5.730527344e+02,4.107278958e-02
5.732786865e+02,9.603025392e-03
5.735046997e+02,-3.757705679e-03
5.737307129e+02,2.791672479e-03
5.739566650e+02,-4.412643611e-03
5.741826782e+02,-6.279216148e-03
5.744087524e+02,-2.120361198e-03
5.746347656e+02,1.091290172e-02
5.748608398e+02,-2.926753461e-02
5.750868530e+02,-7.294369861e-03
5.753129272e+02,-8.309523575e-03
5.755390015e+02,-7.777386345e-04
5.757651367e+02,-5.427797325e-03
5.759912109e+02,-2.324210666e-02
5.762173462e+02,-4.502697557e-04
5.764434204e+02,2.398709767e-03
5.766695557e+02,-1.295958180e-02
5.768956909e+02,-1.885402203e-02
5.771218872e+02,2.267722273e-03
5.773480225e+02,-3.790452611e-03
5.775742188e+02,-1.921423897e-02
5.778003540e+02,-1.561208069e-02
5.780265503e+02,-7.327117026e-03
5.782527466e+02,3.327902779e-02
5.784790039e+02,8.948087692e-03
5.787052002e+02,-1.564482786e-02
5.789314575e+02,-1.161695924e-02
5.791577148e+02,-4.052427597e-03
5.793839111e+02,-4.150668625e-03
5.796102295e+02,-1.577581465e-02
5.798364868e+02,8.695118129e-02
5.800627441e+02,-7.777386345e-04
5.802890625e+02,-2.049136721e-02
5.805153809e+02,-1.236195094e-03
5.807416992e+02,2.988153836e-03
5.809680176e+02,-9.226436727e-03
5.811943359e+02,-1.404022984e-02
5.814207153e+02,6.623058580e-03
5.816470337e+02,5.895259231e-02
5.818734131e+02,2.168662846e-02
5.820997925e+02,-2.808045829e-03
5.823261719e+02,-1.436769869e-02
5.825526123e+02,5.051207729e-03
5.827789917e+02,-1.816633716e-02
5.830054321e+02,1.657811366e-02
5.832318726e+02,-3.921440337e-03
5.834583130e+02,-7.163382601e-03
5.836847534e+02,-1.109300926e-02
5.839111938e+02,1.870666072e-02
5.841376953e+02,-1.584130898e-02
5.843641357e+02,1.842012629e-03
5.845906372e+02,1.687283628e-02
5.848171387e+02,-2.432275377e-02
5.850436401e+02,-2.461747453e-02
5.852702026e+02,3.217382124e-03
5.854967041e+02,2.568174899e-02
5.857232666e+02,-1.911599748e-02
5.859498291e+02,-7.261623163e-03
5.861763916e+02,-4.576378036e-03
5.864029541e+02,4.396270029e-03
5.866295166e+02,-4.502697557e-04
5.868561401e+02,-3.005345911e-02
5.870827026e+02,5.476917606e-03
5.873093262e+02,1.088834135e-03
5.875359497e+02,-3.005345911e-02
5.877625732e+02,-2.753194794e-02
5.879892578e+02,1.121581066e-03
5.882158813e+02,-1.250112522e-02
5.884425659e+02,-1.168245357e-02
5.886692505e+02,1.048719231e-02
5.888959351e+02,2.564900182e-02
5.891226196e+02,-3.528477624e-03
5.893493652e+02,4.418374225e-02
5.895760498e+02,-6.803166587e-03
5.898027954e+02,4.045059904e-02
5.900295410e+02,-2.317661233e-02
5.902562866e+02,3.891149163e-02
5.904830322e+02,-8.473258466e-03
5.907097778e+02,8.268589736e-04
5.909365845e+02,-1.530917129e-03
5.911633911e+02,-2.271815576e-02
5.913901978e+02,-1.318881009e-02
5.916170044e+02,1.743771951e-03
5.918438110e+02,-1.001236215e-02
5.920706177e+02,-1.885402203e-02
5.922974854e+02,-2.592735179e-02
5.925242920e+02,4.650877044e-02
5.927511597e+02,-2.087614266e-03
5.929780273e+02,8.522378281e-03
5.932049561e+02,1.318062423e-03
5.934318237e+02,2.748282813e-02
5.936587524e+02,1.579218730e-02
5.938856201e+02,4.134295043e-03
5.941125488e+02,-2.611564472e-03
5.943394775e+02,9.013582021e-03
5.945664673e+02,6.066361442e-03
5.947933960e+02,-1.923879841e-03
5.950203857e+02,-5.165821873e-03
5.952473145e+02,2.699162439e-02
5.954743042e+02,4.663975909e-02
5.957012939e+02,-1.223915070e-02
5.959283447e+02,-7.621838711e-03
5.961553345e+02,8.686113171e-03
5.963823853e+02,-6.835913286e-03
5.966093750e+02,-1.790436357e-02
5.968364258e+02,1.621789858e-02
5.970634766e+02,7.613652269e-04
5.972905884e+02,1.788798906e-02
5.975176392e+02,8.260402828e-03
5.977447510e+02,-2.632031403e-02
5.979718018e+02,2.440462075e-02
5.981989136e+02,-1.096202154e-02
5.984260254e+02,-1.279584784e-02
5.986531982e+02,-2.347133495e-02
5.988803101e+02,-1.567757502e-02
5.991074829e+02,-8.538751863e-03
5.993345947e+02,2.748282813e-02
5.995617676e+02,-2.825237997e-02
5.997889404e+02,9.177315980e-03
6.000161743e+02,3.822380677e-02
6.002433472e+02,-9.684893303e-03
6.004705811e+02,1.222277712e-02
6.006977539e+02,-1.135498472e-02
6.009249878e+02,1.448231284e-02
6.011522217e+02,-5.395050161e-03
6.013795166e+02,-1.273035351e-02
6.016067505e+02,1.431857795e-02
6.018340454e+02,1.743771951e-03
6.020612793e+02,-4.830166581e-04
6.022885742e+02,-8.571499027e-03
6.025158691e+02,1.002873573e-02
6.027432251e+02,9.504784830e-03
6.029705200e+02,2.139190584e-02
6.031978760e+02,9.865000844e-03
6.034251709e+02,2.882545069e-02
6.036525269e+02,2.300469205e-03
6.038798828e+02,-5.231315736e-03
6.041072998e+02,-1.646349952e-02
6.043346558e+02,1.166607998e-02
6.045620728e+02,7.343490142e-03
6.047894287e+02,-1.472791471e-02
6.050168457e+02,-1.223915070e-02
6.052442627e+02,2.034400590e-02
6.054717407e+02,-1.432676450e-03
6.056991577e+02,2.623844706e-02
6.059266357e+02,1.212453656e-02
6.061540527e+02,8.293149993e-03
6.063815308e+02,5.476917606e-03
6.066090698e+02,2.869446389e-02
6.068365479e+02,-1.282859500e-02
6.070640259e+02,3.475263715e-02
6.072915649e+02,3.675838467e-03
6.075191040e+02,7.287001610e-02
6.077465820e+02,-5.919000600e-03
6.079741821e+02,8.315254003e-02
6.082017212e+02,5.247689318e-03
6.084292603e+02,1.844468713e-02
6.086568604e+02,2.676239610e-02
6.088844604e+02,4.093361349e-05
6.091119995e+02,6.131855305e-03
6.093396606e+02,1.611965708e-02
6.095672607e+02,2.008203045e-02
6.097948608e+02,3.774079261e-03
6.100225220e+02,2.368418872e-02
6.102501831e+02,7.214958966e-02
6.104777832e+02,5.017642304e-02
6.107055054e+02,5.182195455e-03
6.109331665e+02,3.062652983e-02
6.111608276e+02,7.896094024e-02
6.113885498e+02,1.500626281e-02
6.116162720e+02,3.085575812e-02
6.118439331e+02,2.430637926e-02
6.120716553e+02,3.160893545e-02
6.122994385e+02,1.723305136e-02
6.125271606e+02,1.798623055e-02
6.127549438e+02,1.680734195e-02
6.129826660e+02,4.490417615e-02
6.132104492e+02,6.356990337e-02
6.134382324e+02,6.602592021e-02
6.136660767e+02,3.593152761e-02
6.138938599e+02,7.440911978e-02
6.141217041e+02,3.098674491e-02
6.143494873e+02,9.618580341e-02
6.145773315e+02,4.955423251e-02
6.148051758e+02,3.069202416e-02
6.150330811e+02,8.564130962e-02
6.152609253e+02,8.190815896e-02
6.154887695e+02,6.910412759e-02
6.157166748e+02,4.903028160e-02
6.159445801e+02,9.828160703e-02
6.161724854e+02,1.067957953e-01
6.164003906e+02,6.167058274e-02
6.166283569e+02,5.666030943e-02
6.168562622e+02,6.183431670e-02
6.170842285e+02,8.033630997e-02
6.173121948e+02,7.637393475e-02
6.175401611e+02,1.033246294e-01
6.177681274e+02,8.256310225e-02
6.179961548e+02,1.310612410e-01
6.182241211e+02,9.932950884e-02
6.184521484e+02,1.173402965e-01
6.186801758e+02,8.511735499e-02
6.189082031e+02,1.430466026e-01
6.191362305e+02,1.158339381e-01
6.193642578e+02,1.097430214e-01
6.195923462e+02,1.334517747e-01
6.198203735e+02,1.214664057e-01
6.200484619e+02,1.386585236e-01
6.202765503e+02,1.516262889e-01
6.205046997e+02,1.462230533e-01
6.207327881e+02,1.873204112e-01
6.209608765e+02,1.542460471e-01
6.211890259e+02,1.587651074e-01
6.214171753e+02,1.373813897e-01
6.216453247e+02,1.828668267e-01
6.218734741e+02,1.722240895e-01
6.221016846e+02,1.641683578e-01
6.223298340e+02,1.752695441e-01
6.225580444e+02,1.791009307e-01
6.227862549e+02,1.840784550e-01
6.230144653e+02,1.921014488e-01
6.232426758e+02,1.875168830e-01
6.234708862e+02,1.831288040e-01
6.236991577e+02,2.202965170e-01
6.239273682e+02,1.892197281e-01
6.241556396e+02,2.111601382e-01
6.243839111e+02,2.759662271e-01
6.246121826e+02,2.355565727e-01
6.248404541e+02,2.229817659e-01
6.250687866e+02,2.701700330e-01
6.252971191e+02,2.223923206e-01
6.255253906e+02,2.650615275e-01
6.257537231e+02,2.539930642e-01
6.259821167e+02,2.533381283e-01
6.262104492e+02,2.795684040e-01
6.264387817e+02,2.685981989e-01
6.266671753e+02,3.618285954e-01
6.268955688e+02,3.108416796e-01
6.271239624e+02,2.840219736e-01
6.273523560e+02,2.804853022e-01
6.275807495e+02,2.979393899e-01
6.278092041e+02,3.030518889e-01
6.280375977e+02,2.990595698e-01
6.282660522e+02,3.089035451e-01
6.284945068e+02,3.265727460e-01
6.287229614e+02,3.201330304e-01
6.289514160e+02,3.566303253e-01
6.291799316e+02,3.440667987e-01
6.294083862e+02,3.523374200e-01
6.296369019e+02,3.778734505e-01
6.298654175e+02,3.545681834e-01
6.300939331e+02,3.538770676e-01
6.303224487e+02,3.558380306e-01
6.305510254e+02,4.087921977e-01
6.307795410e+02,3.635516167e-01
6.310081177e+02,4.053997993e-01
6.312366943e+02,4.408447444e-01
6.314652710e+02,4.206773639e-01
6.316938477e+02,4.109594226e-01
6.319224854e+02,3.802775741e-01
6.321510620e+02,4.174716473e-01
6.323796997e+02,4.314591885e-01
6.326083374e+02,4.339490831e-01
6.328369751e+02,4.650348723e-01
6.330656128e+02,4.169133008e-01
6.332943115e+02,4.848401845e-01
6.335229492e+02,4.838891625e-01
6.337516479e+02,4.566812217e-01
6.339803467e+02,4.788792431e-01
6.342090454e+02,4.611376226e-01
6.344377441e+02,4.693154097e-01
6.346664429e+02,4.580547214e-01
6.348952026e+02,5.144177079e-01
6.351239624e+02,5.217930675e-01
6.353526611e+02,4.908592403e-01
6.355814819e+02,5.307519436e-01
6.358102417e+02,5.425959229e-01
6.360390015e+02,5.404914021e-01
6.362678223e+02,5.581322312e-01
6.364965820e+02,5.639375448e-01
6.367254028e+02,5.785769224e-01
6.369542236e+02,5.852186680e-01
6.371830444e+02,5.638873577e-01
6.374119263e+02,6.103891730e-01
6.376407471e+02,5.857191682e-01
6.378696289e+02,6.070634723e-01
6.380984497e+02,6.106024981e-01
6.383273315e+02,6.025864482e-01
6.385562744e+02,6.076010466e-01
6.387851562e+02,6.470927000e-01
6.390140381e+02,6.401295066e-01
6.392429810e+02,6.014753580e-01
6.394719238e+02,5.764310360e-01
6.397008667e+02,5.899011493e-01
6.399298096e+02,6.226451993e-01
6.401587524e+02,6.140560508e-01
6.403877563e+02,6.536285281e-01
6.406166992e+02,5.874420404e-01
6.408457031e+02,5.957302451e-01
6.410747070e+02,5.894167423e-01
6.413037109e+02,5.886490941e-01
6.415327148e+02,6.178869009e-01
6.417617798e+02,6.185243130e-01
6.419907837e+02,5.779654384e-01
6.422198486e+02,5.873477459e-01
6.424489136e+02,6.365945339e-01
6.426779785e+02,6.106528044e-01
6.429070435e+02,6.022189260e-01
6.431361694e+02,6.370418668e-01
6.433652344e+02,6.188963652e-01
6.435943604e+02,6.366141438e-01
6.438234863e+02,5.913060904e-01
6.440526123e+02,5.989488959e-01
6.442817383e+02,5.924332142e-01
6.445108643e+02,5.780661702e-01
6.447400513e+02,5.721723437e-01
6.449692383e+02,5.712792277e-01
6.451983643e+02,5.960139632e-01
6.454275513e+02,6.020229459e-01
6.456567993e+02,6.168470979e-01
6.458859863e+02,6.056146026e-01
6.461151733e+02,6.089683771e-01
6.463444214e+02,5.885320902e-01
6.465736694e+02,5.897036791e-01
6.468029175e+02,5.825812221e-01
6.470321655e+02,6.181626320e-01
6.472614136e+02,6.286973953e-01
6.474907227e+02,5.781954527e-01
6.477200317e+02,6.193215847e-01
6.479492798e+02,6.258923411e-01
6.481785889e+02,6.118348241e-01
6.484078979e+02,6.287214756e-01
6.486372681e+02,6.318424344e-01
6.488665771e+02,6.223252416e-01
6.490959473e+02,5.998734236e-01
6.493253174e+02,6.244238019e-01
6.495546265e+02,6.072739959e-01
6.497840576e+02,6.224541068e-01
6.500134277e+02,6.257836223e-01
6.502427979e+02,6.583940387e-01
6.504722290e+02,6.052240729e-01
6.507016602e+02,6.218860745e-01
6.509310303e+02,6.260063052e-01
6.511605225e+02,5.964102149e-01
6.513899536e+02,6.675534248e-01
6.516193848e+02,6.625022888e-01
6.518488770e+02,6.529184580e-01
6.520783081e+02,6.225043535e-01
6.523078003e+02,6.593746543e-01
6.525372925e+02,6.463285685e-01
6.527667847e+02,6.479833126e-01
6.529963379e+02,6.312376261e-01
6.532258301e+02,6.493917108e-01
6.534553833e+02,6.467527151e-01
6.536849365e+02,6.716825962e-01
6.539144897e+02,6.623582244e-01
6.541440430e+02,6.783211231e-01
6.543735962e+02,6.699982285e-01
6.546032104e+02,6.895149946e-01
6.548327637e+02,6.876183152e-01
6.550623779e+02,6.846396923e-01
6.552919922e+02,6.994063258e-01
6.555216064e+02,6.863557696e-01
6.557512817e+02,6.899518967e-01
6.559808960e+02,6.875398755e-01
6.562105713e+02,6.958520412e-01
6.564402466e+02,7.069099545e-01
6.566698608e+02,7.128205895e-01
6.568995972e+02,7.012054324e-01
6.571292725e+02,7.084249258e-01
6.573589478e+02,7.709866762e-01
6.575886841e+02,7.191610932e-01
6.578184204e+02,7.457286716e-01
6.580480957e+02,7.327005267e-01
6.582778931e+02,7.830618024e-01
6.585076294e+02,7.435086370e-01
6.587373657e+02,7.269148827e-01
6.589671631e+02,7.613125443e-01
6.591968994e+02,7.612884641e-01
6.594266968e+02,7.446821332e-01
6.596564941e+02,7.847506404e-01
6.598862915e+02,7.528128624e-01
6.601161499e+02,7.521845698e-01
6.603459473e+02,7.856518030e-01
6.605758057e+02,7.482419014e-01
6.608056641e+02,7.854096293e-01
6.610355225e+02,8.004732132e-01
6.612653809e+02,7.505996823e-01
6.614952393e+02,7.747996449e-01
6.617251587e+02,7.908783555e-01
6.619550171e+02,7.598670721e-01
6.621849365e+02,7.758475542e-01
6.624148560e+02,7.947424650e-01
6.626447754e+02,7.777140737e-01
6.628747559e+02,7.805958390e-01
6.631046753e+02,7.595396042e-01
6.633346558e+02,7.983773947e-01
6.635645752e+02,8.007023931e-01
6.637945557e+02,7.739809752e-01
6.640245361e+02,7.642223835e-01
6.642545776e+02,7.749305964e-01
6.644845581e+02,7.765024900e-01
6.647145386e+02,7.880620956e-01
6.649445801e+02,7.750943303e-01
6.651746216e+02,7.707390189e-01
6.654046631e+02,7.765352130e-01
6.656347046e+02,7.956594229e-01
6.658648071e+02,7.485693693e-01
6.660948486e+02,7.528592348e-01
6.663249512e+02,7.846891880e-01
6.665550537e+02,7.621265650e-01
6.667851562e+02,7.919917703e-01
6.670152588e+02,7.903216481e-01
6.672453613e+02,7.970675230e-01
6.674755249e+02,7.880620956e-01
6.677056274e+02,7.778123617e-01
6.679357910e+02,7.640913725e-01
6.681659546e+02,7.850493789e-01
6.683961182e+02,7.713612318e-01
6.686262817e+02,7.888480425e-01
6.688565063e+02,7.713939548e-01
6.690866699e+02,7.951682210e-01
6.693168945e+02,7.668421268e-01
6.695471191e+02,7.770591378e-01
6.697773438e+02,7.806285620e-01
6.700075684e+02,8.063676357e-01
6.702378540e+02,7.968055606e-01
6.704680786e+02,7.669731379e-01
6.706983643e+02,7.781070471e-01
6.709286499e+02,8.160607219e-01
6.711589355e+02,8.067933321e-01
6.713892212e+02,7.744066715e-01
6.716195679e+02,7.813490033e-01
6.718498535e+02,7.859663367e-01
6.720802002e+02,7.852786183e-01
6.723105469e+02,7.889135480e-01
6.725408936e+02,7.696911097e-01
6.727712402e+02,7.775831223e-01
6.730015869e+02,8.192371726e-01
6.732319336e+02,7.631744742e-01
6.734623413e+02,7.672351003e-01
6.736927490e+02,8.007351756e-01
6.739231567e+02,8.064331412e-01
6.741535645e+02,7.857043743e-01
6.743839722e+02,7.716231942e-01
6.746144409e+02,8.020450473e-01
6.748448486e+02,8.145216107e-01
6.750753174e+02,7.735224962e-01
6.753057861e+02,8.058437109e-01
6.755362549e+02,7.973949909e-01
6.757667236e+02,8.014228344e-01
6.759971924e+02,8.284062743e-01
6.762277222e+02,8.031584620e-01
6.764582520e+02,8.054834604e-01
6.766887817e+02,8.071863055e-01
6.769193115e+02,8.090201020e-01
6.771498413e+02,8.063349128e-01
6.773803711e+02,8.273583651e-01
6.776109619e+02,8.436990976e-01
6.778414917e+02,8.110504150e-01
6.780720825e+02,8.276531100e-01
6.783026733e+02,8.419962525e-01
6.785332642e+02,8.659669757e-01
6.787638550e+02,8.074810505e-01
6.789945068e+02,8.341042399e-01
6.792250977e+02,8.274893761e-01
6.794557495e+02,8.398349285e-01
6.796864014e+02,9.087998867e-01
6.799170532e+02,8.191389441e-01
6.801477051e+02,8.267689347e-01
6.803784180e+02,8.404571414e-01
6.806090698e+02,8.223808408e-01
6.808397827e+02,8.646571040e-01
6.810704956e+02,8.532939553e-01
6.813012085e+02,8.637402058e-01
6.815319214e+02,8.227738142e-01
6.817626343e+02,8.257865310e-01
6.819934082e+02,8.604327440e-01
6.822241821e+02,8.580094576e-01
6.824548950e+02,8.175016046e-01
6.826856689e+02,8.269326687e-01
6.829164429e+02,8.515583277e-01
6.831472778e+02,8.293559551e-01
6.833780518e+02,8.273583651e-01
6.836088867e+02,8.166828752e-01
6.838397217e+02,8.306331038e-01
6.840705566e+02,8.334820867e-01
6.843013916e+02,8.335148096e-01
6.845322266e+02,8.435353637e-01
6.847630615e+02,8.639039397e-01
6.849939575e+02,8.488076329e-01
6.852248535e+02,8.274238706e-01
6.854556885e+02,8.218241930e-01
6.856865845e+02,8.100025654e-01
6.859175415e+02,8.275876045e-01
6.861484375e+02,8.251315951e-01
6.863793335e+02,8.212347031e-01
6.866102905e+02,9.680390358e-01
6.868412476e+02,8.274238706e-01
6.870722046e+02,8.455656767e-01
6.873031616e+02,8.409811258e-01
6.875341187e+02,8.269654512e-01
6.877651367e+02,8.310915232e-01
6.879960938e+02,8.154385090e-01
6.882271118e+02,8.405553699e-01
6.884581299e+02,8.218569160e-01
6.886891479e+02,8.080704808e-01
6.889201660e+02,7.978206873e-01
6.891512451e+02,7.978861928e-01
6.893822632e+02,7.888480425e-01
6.896133423e+02,7.933343649e-01
6.898444214e+02,8.119673729e-01
6.900755005e+02,7.631744742e-01
6.903065796e+02,8.083651662e-01
6.905377197e+02,8.175016046e-01
6.907687988e+02,7.729002833e-01
6.909999390e+02,8.032566905e-01
6.912310181e+02,7.743084431e-01
6.914621582e+02,7.810870409e-01
6.916933594e+02,7.767644525e-01
6.919244995e+02,7.822331786e-01
6.921556396e+02,7.896012068e-01
6.923868408e+02,7.612751722e-01
6.926180420e+02,7.601290345e-01
6.928492432e+02,7.903871536e-01
6.930804443e+02,7.683157325e-01
6.933116455e+02,7.494207621e-01
6.935428467e+02,7.355033755e-01
6.937741089e+02,7.614716291e-01
6.940053711e+02,7.648445964e-01
6.942365723e+02,7.606202364e-01
6.944678345e+02,7.316064835e-01
6.946991577e+02,7.788602710e-01
6.949304199e+02,7.440503240e-01
6.951616821e+02,7.251880765e-01
6.953930054e+02,7.244021893e-01
6.956243286e+02,7.508616447e-01
6.958556519e+02,7.309188247e-01
6.960869751e+02,7.148400545e-01
6.963182983e+02,7.337023020e-01
6.965496826e+02,7.513528466e-01
6.967810059e+02,7.462770939e-01
6.970123901e+02,7.084544301e-01
6.972437744e+02,6.917207837e-01
6.974751587e+02,7.342589498e-01
6.977065430e+02,7.140213847e-01
6.979379272e+02,6.941767931e-01
6.981693726e+02,7.046557665e-01
6.984008179e+02,7.236817479e-01
6.986322021e+02,7.238454819e-01
6.988636475e+02,6.874637008e-01
6.990951538e+02,6.930961609e-01
6.993265991e+02,7.614389062e-01
6.995580444e+02,7.106484771e-01
6.997895508e+02,7.126132846e-01
7.000210571e+02,6.828135848e-01
7.002525635e+02,7.063586116e-01
7.004840698e+02,7.885860801e-01
7.007155762e+02,6.968620420e-01
7.009470825e+02,6.823551655e-01
7.011786499e+02,7.325233817e-01
7.014102173e+02,7.499119639e-01
7.016417847e+02,7.083234191e-01
7.018733521e+02,7.170668840e-01
7.021049194e+02,7.035751343e-01
7.023364868e+02,7.470302582e-01
7.025681152e+02,6.910003424e-01
7.027996826e+02,6.842872500e-01
7.030313110e+02,7.021997571e-01
7.032629395e+02,7.049505115e-01
7.034945679e+02,6.848766804e-01
7.037261963e+02,6.887735724e-01
7.039578857e+02,7.040336132e-01
7.041895142e+02,6.819621921e-01
7.044212036e+02,6.779670715e-01
7.046528931e+02,7.327853441e-01
7.048845825e+02,7.204725146e-01
7.051162720e+02,6.568126082e-01
7.053480225e+02,6.950281858e-01
7.055797119e+02,6.570090652e-01
7.058114624e+02,7.386143208e-01
7.060432129e+02,6.835013032e-01
7.062749634e+02,6.626415253e-01
7.065067139e+02,6.596615314e-01
7.067384644e+02,6.674880385e-01
7.069702759e+02,6.550769806e-01
7.072020264e+02,7.405136228e-01
7.074338379e+02,6.716141701e-01
7.076656494e+02,6.577295065e-01
7.078974609e+02,6.784255505e-01
7.081292725e+02,6.545857787e-01
7.083611450e+02,7.689051628e-01
7.085929565e+02,6.936855912e-01
7.088248291e+02,7.487331033e-01
7.090567017e+02,6.556664109e-01
7.092885742e+02,6.550442576e-01
7.095204468e+02,6.681430340e-01
7.097523193e+02,6.975824833e-01
7.099842529e+02,6.779015660e-01
7.102161255e+02,6.597270370e-01
7.104480591e+02,6.830428243e-01
7.106799927e+02,6.527191997e-01
7.109119263e+02,6.458423734e-01
7.111439209e+02,6.472504735e-01
7.113758545e+02,6.852368712e-01
7.116078491e+02,6.691908836e-01
7.118397827e+02,6.557319164e-01
7.120717773e+02,6.362147927e-01
7.123037720e+02,6.319577098e-01
7.125357666e+02,6.413887739e-01
7.127678223e+02,6.323179007e-01
7.129998169e+02,6.294361949e-01
7.132318726e+02,6.566815972e-01
7.134639282e+02,6.556009650e-01
7.136959839e+02,6.305495501e-01
7.139280396e+02,6.383433342e-01
7.141600952e+02,6.531776786e-01
7.143921509e+02,6.234434843e-01
7.146242676e+02,6.369679570e-01
7.148563843e+02,6.292724609e-01
7.150885010e+02,5.965910554e-01
7.153206177e+02,6.256375313e-01
7.155527344e+02,6.085764170e-01
7.157848511e+02,6.092640758e-01
7.160170288e+02,6.185641885e-01
7.162491455e+02,6.480691433e-01
7.164813232e+02,6.320559382e-01
7.167135010e+02,6.096243262e-01
7.169456787e+02,6.367715001e-01
7.171779175e+02,6.222646236e-01
7.174100952e+02,6.193501353e-01
7.176423340e+02,5.828046203e-01
7.178745117e+02,6.159117222e-01
7.181067505e+02,6.123750210e-01
7.183389893e+02,5.775651336e-01
7.185712891e+02,6.118838191e-01
7.188035278e+02,5.922356844e-01
7.190358276e+02,6.109014153e-01
7.192680664e+02,5.917772651e-01
7.195003662e+02,5.815602541e-01
7.197326660e+02,5.731770396e-01
7.199649658e+02,6.071355343e-01
7.201972656e+02,5.905001163e-01
7.204296265e+02,5.586046576e-01
7.206619873e+02,5.893539786e-01
7.208942871e+02,5.685924292e-01
7.211266479e+02,5.802175999e-01
7.213590088e+02,5.885025859e-01
7.215913696e+02,5.859810710e-01
7.218237915e+02,5.898779631e-01
7.220561523e+02,5.922356844e-01
7.222885742e+02,5.617811084e-01
7.225209961e+02,5.583099127e-01
7.227534180e+02,5.632547140e-01
7.229858398e+02,5.346666574e-01
7.232182617e+02,5.310645103e-01
7.234507446e+02,5.505816936e-01
7.236831665e+02,5.480929017e-01
7.239156494e+02,5.856536031e-01
7.241481323e+02,5.430171490e-01
7.243806152e+02,5.337824821e-01
7.246130981e+02,5.655142665e-01
7.248456421e+02,5.604057312e-01
7.250781250e+02,5.335860252e-01
7.253106689e+02,5.369589329e-01
7.255432129e+02,5.276260972e-01
7.257757568e+02,5.158371925e-01
7.260083008e+02,5.349941254e-01
7.262408447e+02,5.252028108e-01
7.264734497e+02,5.634184480e-01
7.267059937e+02,5.095497966e-01
7.269385986e+02,5.382688642e-01
7.271712036e+02,5.433118343e-01
7.274038086e+02,5.074540377e-01
7.276364136e+02,5.196031332e-01
7.278690796e+02,4.993982613e-01
7.281016846e+02,5.105977058e-01
7.283343506e+02,5.171470642e-01
7.285670166e+02,5.179657340e-01
7.287996826e+02,4.863650203e-01
7.290323486e+02,4.754275382e-01
7.292650146e+02,5.064716339e-01
7.294976807e+02,4.931763709e-01
7.297304077e+02,4.977936745e-01
7.299631348e+02,4.985795915e-01
7.301958618e+02,5.208474994e-01
7.304285889e+02,5.023127198e-01
7.306613159e+02,5.114163756e-01
7.308940430e+02,5.097135305e-01
7.311268311e+02,5.012320876e-01
7.313596191e+02,5.065698624e-01
7.315923462e+02,4.680267572e-01
7.318251343e+02,4.829920828e-01
7.320579834e+02,4.817476869e-01
7.322907715e+02,4.608551860e-01
7.325235596e+02,4.513258338e-01
7.327564087e+02,4.828283489e-01
7.329892578e+02,4.841382205e-01
7.332220459e+02,4.883625805e-01
7.334549561e+02,4.644573331e-01
7.336878052e+02,4.735609889e-01
7.339206543e+02,4.825008810e-01
7.341535645e+02,4.425824285e-01
7.343864136e+02,4.862012863e-01
7.346193237e+02,4.575150013e-01
7.348522339e+02,4.822389185e-01
7.350851440e+02,4.558776617e-01
7.353180542e+02,4.472652376e-01
7.355510254e+02,4.696313441e-01
7.357839355e+02,4.328238368e-01
7.360169067e+02,4.271259010e-01
7.362498779e+02,4.332168102e-01
7.364828491e+02,4.485096037e-01
7.367158203e+02,4.393732250e-01
7.369488525e+02,4.293526709e-01
7.371818237e+02,4.342319667e-01
7.374148560e+02,4.608224332e-01
7.376478882e+02,4.378996193e-01
7.378809204e+02,4.577769637e-01
7.381139526e+02,4.239821732e-01
7.383469849e+02,4.215589166e-01
7.385800171e+02,4.151732624e-01
7.388131104e+02,4.182514846e-01
7.390462036e+02,4.398644269e-01
7.392792358e+02,4.185461998e-01
7.395123291e+02,4.627217650e-01
7.397454834e+02,4.119640887e-01
7.399785767e+02,4.517842829e-01
7.402116699e+02,4.108179212e-01
7.404448242e+02,4.258815050e-01
7.406779785e+02,4.166468680e-01
7.409111328e+02,4.364914894e-01
7.411442871e+02,4.105232060e-01
7.413774414e+02,4.067900777e-01
7.416105957e+02,3.995530009e-01
7.418438110e+02,3.917264938e-01
7.420770264e+02,3.946409822e-01
7.423102417e+02,4.189064205e-01
7.425434570e+02,3.668061197e-01
7.427766724e+02,4.232617617e-01
7.430098877e+02,3.942480087e-01
7.432431030e+02,3.966712654e-01
7.434763794e+02,3.794464171e-01
7.437096558e+02,3.658891916e-01
7.439429321e+02,3.638589084e-01
7.441762085e+02,3.910388052e-01
7.444094849e+02,3.851443827e-01
7.446427612e+02,3.710304499e-01
7.448760986e+02,3.853081167e-01
7.451094360e+02,3.852753639e-01
7.453427124e+02,3.786277473e-01
7.455760498e+02,3.708339930e-01
7.458093872e+02,3.899581730e-01
7.460427856e+02,4.029259384e-01
7.462761230e+02,3.526594639e-01
7.465095215e+02,3.475182056e-01
7.467428589e+02,3.633676767e-01
7.469762573e+02,3.781692982e-01
7.472096558e+02,3.354345858e-01
7.474431152e+02,3.742724061e-01
7.476765137e+02,3.624507785e-01
7.479099121e+02,3.665768802e-01
7.481433716e+02,3.379233479e-01
7.483768311e+02,3.727332950e-01
7.486102905e+02,3.555084467e-01
7.488437500e+02,3.269858956e-01
7.490772095e+02,3.312102556e-01
7.493106689e+02,3.188974261e-01
7.495441895e+02,3.429663777e-01
7.497777100e+02,3.368754685e-01
7.500112305e+02,3.179149926e-01
7.502447510e+02,3.325856030e-01
7.504782715e+02,3.231217563e-01
7.507117920e+02,3.202727735e-01
7.509453125e+02,3.180787265e-01
7.511788940e+02,3.476819396e-01
7.514124756e+02,3.114311099e-01
7.516460571e+02,3.209277093e-01
7.518796387e+02,2.989545465e-01
7.521132202e+02,3.637606502e-01
7.523468018e+02,3.194541037e-01
7.525804443e+02,3.201090395e-01
7.528140259e+02,2.883118093e-01
7.530476685e+02,3.233837485e-01
7.532813110e+02,2.954179049e-01
7.535149536e+02,2.955488861e-01
7.537486572e+02,3.291471899e-01
7.539822998e+02,2.963675559e-01
7.542160034e+02,2.891959846e-01
7.544496460e+02,2.685326934e-01
7.546833496e+02,2.931911051e-01
7.549170532e+02,3.348451555e-01
7.551507568e+02,2.865107358e-01
7.553845215e+02,2.798631191e-01
7.556182251e+02,2.724623084e-01
7.558519897e+02,2.959418297e-01
7.560857544e+02,2.715454102e-01
7.563194580e+02,2.591015995e-01
7.565532837e+02,2.695806026e-01
7.567870483e+02,2.912590504e-01
7.570208130e+02,3.144438267e-01
7.572546387e+02,2.556631565e-01
7.574884033e+02,2.613283694e-01
7.577222290e+02,2.901128829e-01
7.579560547e+02,2.735429704e-01
7.581898804e+02,2.914882600e-01
7.584237671e+02,2.447257042e-01
7.586575928e+02,2.713816762e-01
7.588914795e+02,2.721021175e-01
7.591253052e+02,2.677467763e-01
7.593591919e+02,2.385037988e-01
7.595930786e+02,2.473454624e-01
7.598269653e+02,2.759007514e-01
7.600609131e+02,2.545497715e-01
7.602947998e+02,2.340829670e-01
7.605287476e+02,2.396499366e-01
7.607626953e+02,2.930928767e-01
7.609965820e+02,2.480658889e-01
7.612305908e+02,2.531743944e-01
7.614645386e+02,2.500306964e-01
7.616984863e+02,2.930273712e-01
7.619324951e+02,2.921759486e-01
7.621664429e+02,2.467887551e-01
7.624004517e+02,2.340502143e-01
7.626344604e+02,2.394862026e-01
7.628684692e+02,2.370629311e-01
7.631025391e+02,2.083766609e-01
7.633365479e+02,2.576934695e-01
7.635706177e+02,2.890650034e-01
7.638046265e+02,2.763264477e-01
7.640386963e+02,2.239969224e-01
7.642727661e+02,2.344759256e-01
7.645068359e+02,2.272716165e-01
7.647409668e+02,2.083111554e-01
7.649750366e+02,2.119788080e-01
7.652091675e+02,2.525522113e-01
7.654432983e+02,2.322491407e-01
7.656773682e+02,2.150897682e-01
7.659115601e+02,2.272716165e-01
7.661456909e+02,2.716109157e-01
7.663798218e+02,2.220976055e-01
7.666140137e+02,2.412872761e-01
7.668481445e+02,2.117495835e-01
7.670823364e+02,2.392242253e-01
7.673165283e+02,2.464612871e-01
7.675507202e+02,2.444964796e-01
7.677849731e+02,2.029734105e-01
7.680191650e+02,2.127974778e-01
7.682534180e+02,2.201327831e-01
7.684876099e+02,2.001899332e-01
7.687218628e+02,1.932803392e-01
7.689561157e+02,2.244881243e-01
7.691903687e+02,1.966860145e-01
7.694246826e+02,2.115203589e-01
7.696589355e+02,1.820481569e-01
7.698932495e+02,1.942954957e-01
7.701275024e+02,2.290726900e-01
7.703618164e+02,1.905950904e-01
7.705961304e+02,2.228835225e-01
7.708305054e+02,2.113238722e-01
7.710648193e+02,1.786424816e-01
7.712991333e+02,1.913810223e-01
7.715335083e+02,2.013688236e-01
7.717678833e+02,2.133214325e-01
7.720022583e+02,2.351636142e-01
7.722366333e+02,1.963585466e-01
7.724710083e+02,1.910535544e-01
7.727054443e+02,2.254377902e-01
7.729398193e+02,2.761954665e-01
7.731742554e+02,1.712744236e-01
7.734086914e+02,1.754987687e-01
7.736431274e+02,1.926908940e-01
7.738775635e+02,1.878771037e-01
7.741119995e+02,1.956053674e-01
7.743464966e+02,2.215081602e-01
7.745809326e+02,1.817534268e-01
7.748154297e+02,2.489500493e-01
7.750499268e+02,2.015652955e-01
7.752844238e+02,1.685891747e-01
7.755189209e+02,2.172838151e-01
7.757534180e+02,1.820808947e-01
7.759879761e+02,1.616468430e-01
7.762224731e+02,1.668208539e-01
7.764570312e+02,1.876806170e-01
7.766915894e+02,1.776600778e-01
7.769261475e+02,1.735012084e-01
7.771607056e+02,1.577499658e-01
7.773953247e+02,1.791009307e-01
7.776298828e+02,1.667226106e-01
7.778645020e+02,1.706522405e-01
7.780991211e+02,1.733374745e-01
7.783337402e+02,1.711761802e-01
7.785683594e+02,1.473364532e-01
7.788029785e+02,1.485153437e-01
7.790376587e+02,2.057241499e-01
7.792722778e+02,1.514298171e-01
7.795069580e+02,1.702920198e-01
7.797416382e+02,1.792646646e-01
7.799763184e+02,1.581429243e-01
7.802109985e+02,1.591253281e-01
7.804456787e+02,1.593218148e-01
7.806804199e+02,1.941317618e-01
7.809151001e+02,1.288672090e-01
7.811498413e+02,1.587978601e-01
7.813845825e+02,1.585358828e-01
7.816193237e+02,1.562436074e-01
7.818540649e+02,1.357440501e-01
7.820888062e+02,1.663623899e-01
7.823236084e+02,1.457973421e-01
7.825583496e+02,1.617778242e-01
7.827931519e+02,1.431775987e-01
7.830279541e+02,1.316506863e-01
7.832627563e+02,1.396409273e-01
7.834975586e+02,1.393462121e-01
7.837324219e+02,1.413765103e-01
7.839672241e+02,1.455681175e-01
7.842020874e+02,1.405578405e-01
7.844369507e+02,1.187156662e-01
7.846718140e+02,1.583394110e-01
7.849066772e+02,1.486463249e-01
7.851415405e+02,1.512333304e-01
7.853764648e+02,1.356458068e-01
7.856113281e+02,1.339757144e-01
7.858462524e+02,1.272298545e-01
7.860811768e+02,1.762519479e-01
7.863161011e+02,1.203530133e-01
7.865510254e+02,1.378071010e-01
7.867859497e+02,1.847988963e-01
7.870208740e+02,1.283760071e-01
7.872558594e+02,1.218266189e-01
7.874908447e+02,2.148932815e-01
7.877258301e+02,1.756952554e-01
7.879608154e+02,1.496287286e-01
7.881958008e+02,1.435378045e-01
7.884307861e+02,1.233002320e-01
7.886658325e+02,1.437342912e-01
7.889008179e+02,1.265094280e-01
7.891358643e+02,1.498252153e-01
7.893709106e+02,1.220231056e-01
7.896059570e+02,1.838492304e-01
7.898410034e+02,1.352200955e-01
7.900760498e+02,1.362352520e-01
7.903111572e+02,9.896928817e-02
7.905462646e+02,1.303080618e-01
7.907813110e+02,1.108891591e-01
7.910164185e+02,1.287362128e-01
7.912515259e+02,1.103324592e-01
7.914866943e+02,1.208769605e-01
7.917218018e+02,1.319454163e-01
7.919569702e+02,1.360387653e-01
7.921920776e+02,1.041432992e-01
7.924272461e+02,1.260837168e-01
7.926624146e+02,1.202875152e-01
7.928975830e+02,1.224488094e-01
7.931327515e+02,1.274590939e-01
7.933679810e+02,1.107581705e-01
7.936031494e+02,1.290964335e-01
7.938383789e+02,1.050929576e-01
7.940736084e+02,8.780260384e-02
7.943088379e+02,1.637426466e-01
7.945440674e+02,1.028989181e-01
7.947792969e+02,1.117733270e-01
7.950145874e+02,1.066320613e-01
7.952498169e+02,1.075817272e-01
7.954851074e+02,1.169145852e-01
7.957203979e+02,1.099722460e-01
7.959556885e+02,1.210079491e-01
7.961909790e+02,1.217283830e-01
7.964262695e+02,1.134761646e-01
7.966616211e+02,1.323056221e-01
7.968969116e+02,1.017527804e-01
7.971322632e+02,1.704230011e-01
7.973676147e+02,1.038158312e-01
7.976029663e+02,1.305045485e-01
7.978383179e+02,8.397121727e-02
7.980737305e+02,1.075162292e-01
7.983090820e+02,8.950544149e-02
7.985444946e+02,8.305430412e-02
7.987798462e+02,1.024732068e-01
7.990152588e+02,9.959148616e-02
7.992506714e+02,1.003774107e-01
7.994861450e+02,9.379528463e-02
7.997215576e+02,9.078256786e-02
7.999570312e+02,9.248540550e-02
8.001924438e+02,8.927620947e-02
8.004279175e+02,7.218233496e-02
8.006633911e+02,9.739743918e-02
8.008988647e+02,8.501911908e-02
8.011343384e+02,1.258217394e-01
8.013698730e+02,8.632899076e-02
8.016053467e+02,5.751172826e-02
8.018408813e+02,7.840424031e-02
8.020764160e+02,1.383310556e-01
8.023119507e+02,1.084331423e-01
8.025474854e+02,6.969357282e-02
8.027830200e+02,1.014908031e-01
8.030185547e+02,7.702887803e-02
8.032541504e+02,1.072870046e-01
8.034897461e+02,8.868676424e-02
8.037252808e+02,1.133451760e-01
8.039608765e+02,8.822830766e-02
8.041964722e+02,1.010978371e-01
8.044321289e+02,7.774930447e-02
8.046677246e+02,1.151462570e-01
8.049033813e+02,9.238716960e-02
8.051389771e+02,8.813007176e-02
8.053746338e+02,1.049292237e-01
8.056102905e+02,1.167508513e-01
8.058459473e+02,9.654602408e-02
8.060816650e+02,8.544482291e-02
8.063173218e+02,7.627569884e-02
8.065530396e+02,8.259584755e-02
8.067886963e+02,8.698392659e-02
8.070244141e+02,9.137201309e-02
8.072601318e+02,6.854742765e-02
8.074958496e+02,6.605866551e-02
8.077316284e+02,7.997609675e-02
8.079673462e+02,6.330792606e-02
8.082031250e+02,6.913687289e-02
8.084389038e+02,9.746293724e-02
8.086746216e+02,1.067303047e-01
8.089104004e+02,5.646382645e-02
8.091462402e+02,7.129816711e-02
8.093820190e+02,1.231364980e-01
8.096177979e+02,7.031576335e-02
8.098536377e+02,6.163783744e-02
8.100894775e+02,8.478988707e-02
8.103253174e+02,8.482263237e-02
8.105611572e+02,7.214958966e-02
8.107969971e+02,8.809732646e-02
8.110328369e+02,1.029644087e-01
8.112687378e+02,7.008653134e-02
8.115045776e+02,7.706162333e-02
8.117404785e+02,7.028301805e-02
8.119763794e+02,6.252200156e-02
8.122122803e+02,7.945214212e-02
8.124481812e+02,4.506791010e-02
8.126841431e+02,1.246101037e-01
8.129200439e+02,6.353715807e-02
8.131560059e+02,7.679964602e-02
8.133919678e+02,1.467797458e-01
8.136279297e+02,4.395451397e-02
8.138638916e+02,1.058461368e-01
8.140998535e+02,1.183554530e-01
8.143358154e+02,5.996774510e-02
8.145718384e+02,9.166673571e-02
8.148078003e+02,7.280452549e-02
8.150438232e+02,8.410220593e-02
8.152798462e+02,1.150152683e-01
8.155158691e+02,7.856798172e-02
8.157518921e+02,5.541592464e-02
8.159879761e+02,8.256310225e-02
8.162239990e+02,5.397506431e-02
8.164600830e+02,5.381133035e-02
8.166961670e+02,7.404890656e-02
8.169322510e+02,1.241516545e-01
8.171683350e+02,5.538317934e-02
8.174044189e+02,1.025059521e-01
8.176405029e+02,8.645997941e-02
8.178766479e+02,5.836314708e-02
8.181127930e+02,7.080696523e-02
8.183488770e+02,5.106059089e-02
8.185850220e+02,7.011928409e-02
8.188212280e+02,6.320969015e-02
8.190573730e+02,4.857182503e-02
8.192935181e+02,4.329957813e-02
8.195297241e+02,1.105944365e-01
8.197658691e+02,4.785139486e-02
8.200020752e+02,6.605866551e-02
8.202382812e+02,5.279617384e-02
8.204744873e+02,9.409000725e-02
8.207107544e+02,6.095015258e-02
8.209469604e+02,7.666865736e-02
8.211831665e+02,5.161728710e-02
8.214194336e+02,5.364759266e-02
8.216557007e+02,6.373363733e-02
8.218919678e+02,5.659481511e-02
8.221282349e+02,7.038125396e-02
8.223645020e+02,5.724975094e-02
8.226008301e+02,9.595657885e-02
8.228370972e+02,4.939049855e-02
8.230734253e+02,5.060213432e-02
8.233097534e+02,4.673799872e-02
8.235460815e+02,4.837534577e-02
8.237824097e+02,4.627954215e-02
8.240187378e+02,6.193255633e-02
8.242551270e+02,8.989840001e-02
8.244914551e+02,6.189981103e-02
8.247278442e+02,5.453176051e-02
8.249642334e+02,5.243596062e-02
8.252006226e+02,7.761831582e-02
8.254370117e+02,9.687349200e-02
8.256734009e+02,4.575559497e-02
8.259097900e+02,5.554691330e-02
8.261462402e+02,5.322188511e-02
8.263826904e+02,5.960752815e-02
8.266191406e+02,2.525603957e-02
8.268555908e+02,4.172772542e-02
8.270920410e+02,3.776535392e-02
8.273284912e+02,6.026246771e-02
8.275649414e+02,1.929610595e-02
8.278014526e+02,3.684844077e-02
8.280379639e+02,5.502296239e-02
8.282744751e+02,4.749117792e-02
8.285109863e+02,7.362319529e-02
8.287474976e+02,6.569845229e-02
8.289840088e+02,5.096234754e-02
8.292205200e+02,4.853907973e-02
8.294570923e+02,3.524384275e-02
8.296936646e+02,5.492472276e-02
8.299301758e+02,6.068817526e-02
8.301667480e+02,6.016422436e-02
8.304033813e+02,3.170717880e-02
8.306399536e+02,4.431473091e-02
8.308765259e+02,7.869896293e-02
8.311131592e+02,2.826875448e-02
8.313497925e+02,6.579668820e-02
8.315863647e+02,3.606251255e-02
8.318229980e+02,4.333232343e-02
8.320596924e+02,4.480593279e-02
8.322963257e+02,2.214508504e-02
8.325329590e+02,3.164168447e-02
8.327696533e+02,9.720095992e-02
8.330062866e+02,5.181377009e-02
8.332429810e+02,6.013147905e-02
8.334796753e+02,2.345496044e-02
8.337163696e+02,6.576394290e-02
8.339531250e+02,8.354550600e-02
8.341898193e+02,3.390121832e-02
8.344265747e+02,5.043840036e-02
8.346632690e+02,5.666030943e-02
8.349000244e+02,2.207959071e-02
8.351367798e+02,3.170717880e-02
8.353735352e+02,4.477318749e-02
8.356103516e+02,6.651712209e-02
8.358471069e+02,2.964412235e-02
8.360839233e+02,3.213288635e-02
8.363206787e+02,2.803952619e-02
8.365574951e+02,4.794963449e-02
8.367943115e+02,2.993884496e-02
8.370311279e+02,2.260354161e-02
8.372679443e+02,1.435132511e-02
8.375048218e+02,2.843248844e-02
8.377416382e+02,2.993884496e-02
8.379785156e+02,2.332397364e-02
8.382153931e+02,2.767930925e-02
8.384522705e+02,3.619350120e-02
8.386891479e+02,2.777755074e-02
8.389260254e+02,3.868226334e-02
8.391629639e+02,6.255474687e-02
8.393998413e+02,7.997609675e-02
8.396367798e+02,4.382352531e-02
8.398737183e+02,3.534208238e-02
8.401106567e+02,4.038510472e-02
8.403475952e+02,3.498186544e-02
8.405845337e+02,4.726194963e-02
8.408215332e+02,4.205519333e-02
8.410584717e+02,4.929225892e-02
8.412954712e+02,2.374968305e-02
8.415324707e+02,5.695503205e-02
8.417694702e+02,2.859622240e-02
8.420064697e+02,2.869446389e-02
8.422434692e+02,3.868226334e-02
8.424804688e+02,2.790853754e-02
8.427175293e+02,3.278782591e-02
8.429545288e+02,3.190365806e-02
8.431915894e+02,2.957862988e-02
8.434286499e+02,3.802732751e-02
8.436657104e+02,2.463384904e-02
8.439028320e+02,1.870666072e-02
8.441398926e+02,4.457670450e-02
8.443769531e+02,5.348385870e-02
8.446140747e+02,2.371693589e-02
8.448511963e+02,3.966467083e-02
8.450883179e+02,4.402000830e-02
8.453254395e+02,2.548526786e-02
8.455625610e+02,1.592317596e-02
8.457997437e+02,2.856347524e-02
8.460368652e+02,8.125322312e-02
8.462740479e+02,4.123652354e-02
8.465112305e+02,2.807227150e-02
8.467483521e+02,1.114213001e-02
8.469855957e+02,3.547307104e-02
8.472227783e+02,8.911247551e-02
8.474599609e+02,5.230497196e-02
8.476972046e+02,4.624679685e-02
8.479343872e+02,2.610745840e-02
8.481716309e+02,2.918566577e-02
8.484088745e+02,4.903028160e-02
8.486461182e+02,3.029906191e-02
8.488833618e+02,4.208794236e-02
8.491206665e+02,3.079026379e-02
8.493579102e+02,3.570229933e-02
8.495952148e+02,1.202629600e-02
8.498324585e+02,1.579218730e-02
8.500697632e+02,4.038510472e-02
8.503070679e+02,1.710206456e-02
8.505444336e+02,3.711041436e-02
8.507817383e+02,1.782249473e-02
8.510190430e+02,6.612415612e-02
8.512564087e+02,6.033614744e-03
8.514937744e+02,1.277947426e-02
8.517311401e+02,2.610745840e-02
8.519685059e+02,5.993499607e-02
8.522058716e+02,2.820326015e-02
8.524432373e+02,9.079075418e-03
8.526806641e+02,4.284112155e-02
8.529180298e+02,3.242760897e-02
8.531554565e+02,8.686113171e-03
8.533928833e+02,1.631613821e-02
8.536303101e+02,5.793743581e-02
8.538677368e+02,3.128146753e-02
8.541051636e+02,1.726579852e-02
8.543426514e+02,8.711491525e-02
8.545800781e+02,1.484252885e-02
8.548175659e+02,2.987335064e-02
8.550550537e+02,3.416319564e-02
8.552925415e+02,1.274672709e-02
8.555300293e+02,2.178486995e-02
8.557675171e+02,3.632448986e-02
8.560050659e+02,3.108498640e-02
8.562425537e+02,1.916511729e-02
8.564801025e+02,7.113443315e-02
8.567176514e+02,4.483868182e-02
8.569552002e+02,5.593987554e-02
8.571927490e+02,1.916511729e-02
8.574302979e+02,8.289057016e-02
8.576679077e+02,2.561625466e-02
8.579054565e+02,2.817051299e-02
8.581430664e+02,2.194860391e-02
8.583806763e+02,2.158838883e-02
8.586182861e+02,4.886654764e-02
8.588558960e+02,7.441731170e-03
8.590935059e+02,6.645163149e-02
8.593311157e+02,3.416319564e-02
8.595687866e+02,3.180541843e-02
8.598064575e+02,3.920621425e-02
8.600440674e+02,1.785524189e-02
8.602817383e+02,1.566120051e-02
8.605194092e+02,1.035620458e-02
8.607571411e+02,1.968906820e-02
8.609948120e+02,6.131855305e-03
8.612324829e+02,3.907522932e-02
8.614702148e+02,1.720030420e-02
8.617079468e+02,4.811336845e-02
8.619456787e+02,1.219002996e-02
8.621834106e+02,3.180541843e-02
8.624211426e+02,3.023356758e-02
8.626588745e+02,3.766711056e-02
8.628966675e+02,9.766760282e-03
8.631343994e+02,6.445407122e-02
8.633721924e+02,1.834644563e-02
8.636099854e+02,2.866171673e-02
8.638477783e+02,6.524818018e-03
8.640855713e+02,6.910412759e-02
8.643234253e+02,2.063872851e-02
8.645612183e+02,5.783919618e-02
8.647990723e+02,3.963192552e-02
8.650368652e+02,3.566955030e-02
8.652747192e+02,3.858402371e-02
8.655125732e+02,1.444956567e-02
8.657504272e+02,2.171937563e-02
8.659883423e+02,5.083136261e-02
8.662261963e+02,7.965681143e-03
8.664641113e+02,2.057323419e-02
8.667019653e+02,1.818271168e-02
8.669398804e+02,2.728634700e-02
8.671777954e+02,4.298029467e-03
8.674157104e+02,2.365962835e-03
8.676536865e+02,9.144569747e-03
8.678916016e+02,2.597647160e-02
8.681295776e+02,9.668519720e-03
8.683674927e+02,1.559570711e-02
8.686054688e+02,1.084740739e-02
8.688434448e+02,5.086410791e-02
8.690814209e+02,2.410989814e-02
8.693193970e+02,1.117487624e-02
8.695574341e+02,8.325897157e-03
8.697954102e+02,2.722085267e-02
8.700334473e+02,1.068367343e-02
8.702714844e+02,4.363523331e-03
8.705095215e+02,2.417539246e-02
8.707475586e+02,2.532153390e-02
8.709855957e+02,9.603025392e-03
8.712236328e+02,7.801946718e-03
8.714617310e+02,5.413879827e-02
8.716997681e+02,2.071240917e-03
8.719378662e+02,1.300870255e-02
8.721759644e+02,3.446610179e-03
8.724140625e+02,1.464604679e-02
8.726521606e+02,1.719211723e-04
8.728903198e+02,7.470384240e-02
8.731284180e+02,2.037675306e-02
8.733665771e+02,8.141695708e-02
8.736046753e+02,6.586218625e-02
8.738428345e+02,5.149448756e-03
8.740809937e+02,-3.135514911e-03
8.743191528e+02,2.954588272e-02
8.745573730e+02,2.273452841e-02
8.747955322e+02,1.887039654e-02
8.750337524e+02,2.011477761e-02
8.752719116e+02,1.366364025e-02
8.755101318e+02,2.401165850e-02
8.757483521e+02,6.197349168e-03
8.759865723e+02,2.660684986e-03
8.762248535e+02,2.099894360e-02
8.764630737e+02,1.205904223e-02
8.767013550e+02,4.356155172e-02
8.769395752e+02,1.647987217e-02
8.771778564e+02,4.140025750e-02
8.774161377e+02,2.571449615e-02
8.776544189e+02,9.684074670e-02
8.778927002e+02,4.798238352e-02
8.781310425e+02,3.226387501e-02
8.783693237e+02,4.395451397e-02
8.786076660e+02,2.551801503e-02
8.788460083e+02,-1.137954416e-03
8.790842896e+02,2.342221327e-02
8.793226318e+02,1.222277712e-02
8.795610352e+02,2.240706049e-02
8.797993774e+02,3.016807325e-02
8.800377197e+02,2.129366621e-02
8.802761230e+02,2.869446389e-02
8.805145264e+02,-9.414731176e-04
8.807529297e+02,1.680734195e-02
8.809913330e+02,6.164602470e-03
8.812297363e+02,7.867440581e-03
8.814681396e+02,-4.281655885e-03
8.817066040e+02,4.093361349e-05
8.819450073e+02,1.890314370e-02
8.821834717e+02,3.282057121e-02
8.824219360e+02,5.051207729e-03
8.826604004e+02,-7.916561328e-03
8.828988647e+02,1.130586397e-02
8.831373291e+02,4.739293829e-02
8.833757935e+02,6.426577456e-03
8.836143188e+02,-2.415083116e-03
8.838528442e+02,3.521109372e-02
8.840913086e+02,8.784353733e-03
8.843298340e+02,1.939434558e-02
8.845683594e+02,1.160058659e-02
8.848069458e+02,3.769985959e-02
8.850454712e+02,1.032345742e-02
8.852839966e+02,1.644712687e-02
8.855225830e+02,-7.261623163e-03
8.857611694e+02,3.943544254e-02
8.859997559e+02,2.492857166e-02
8.862383423e+02,-5.591531750e-03
8.864769287e+02,1.130586397e-02
8.867155151e+02,5.767546222e-02
8.869541626e+02,3.147795051e-02
8.871927490e+02,5.070037395e-02
8.874313965e+02,1.009422913e-02
8.876700439e+02,3.717590868e-02
8.879086914e+02,1.973000122e-03
8.881473389e+02,1.887039654e-02
8.883859863e+02,3.399945796e-02
8.886246948e+02,6.301320344e-02
8.888633423e+02,3.982840478e-02
8.891020508e+02,3.348369617e-03
8.893407593e+02,2.355320193e-02
8.895794678e+02,6.520725042e-02
8.898181763e+02,2.414264530e-02
8.900568848e+02,-2.153108129e-03
8.902955933e+02,8.358644322e-03
8.905343628e+02,7.368050137e-05
8.907730713e+02,-5.951747298e-03
8.910118408e+02,2.388066985e-02
8.912506104e+02,3.203464672e-02
8.914893799e+02,1.706931740e-02
8.917281494e+02,2.663140930e-02
8.919669800e+02,5.673398729e-03
8.922057495e+02,1.422033738e-02
8.924445801e+02,-1.629157807e-03
8.926833496e+02,3.730689734e-02
8.929221802e+02,2.875995636e-02
8.931610107e+02,1.484252885e-02
8.933998413e+02,4.981620982e-02
8.936387329e+02,9.865000844e-03
8.938775635e+02,1.759326644e-02
8.941164551e+02,-1.315606385e-02
8.943552856e+02,3.232936934e-02
8.945941772e+02,4.493692145e-02
8.948330688e+02,-1.521911751e-02
8.950719604e+02,1.458055340e-02
8.953108521e+02,3.275507689e-02
8.955498047e+02,4.185871407e-02
8.957886963e+02,-6.410203874e-03
8.960276489e+02,-6.246469449e-03
8.962666016e+02,3.812556714e-02
8.965055542e+02,1.952533424e-02
8.967445068e+02,7.638212293e-03
8.969834595e+02,8.555125445e-03
8.972224121e+02,4.221893102e-02
8.974614258e+02,1.392561570e-02
8.977003784e+02,2.345496044e-02
8.979393921e+02,-1.367182704e-03
8.981784058e+02,3.452340886e-02
8.984174194e+02,2.283276990e-02
8.986564331e+02,8.587872609e-03
8.988954468e+02,-5.788012873e-03
8.991345215e+02,1.678278204e-03
8.993735352e+02,3.553856537e-02
8.996126099e+02,-6.901407149e-03
8.998516846e+02,1.844468713e-02
9.000907593e+02,4.444571957e-02
9.003298340e+02,2.476483583e-02
9.005689087e+02,-1.764238812e-02
9.008079834e+02,2.781029791e-02
9.010471191e+02,1.625064388e-02
9.012861938e+02,3.321353346e-02
9.015253296e+02,7.650492340e-02
9.017644653e+02,3.144520149e-02
9.020036011e+02,3.593152761e-02
9.022427368e+02,1.703657024e-02
9.024819336e+02,8.524834365e-02
9.027210693e+02,2.185036242e-02
9.029602661e+02,1.864116825e-02
9.031994019e+02,1.471154112e-02
9.034385986e+02,1.500626281e-02
9.036777954e+02,1.248475257e-02
9.039169922e+02,3.200189769e-02
9.041561890e+02,3.432692960e-02
9.043954468e+02,8.620618843e-03
9.046346436e+02,4.625498317e-03
9.048739014e+02,2.961137705e-02
9.051131592e+02,1.441681851e-02
9.053524170e+02,5.476917606e-03
9.055916748e+02,-1.459692698e-02
9.058309326e+02,-6.140042096e-04
9.060701904e+02,4.298029467e-03
9.063095093e+02,1.547290594e-03
9.065487671e+02,6.885034032e-03
9.067880859e+02,2.803952619e-02
9.070274048e+02,2.587823011e-02
9.072667236e+02,5.837133154e-03
9.075060425e+02,1.729854569e-02
9.077454224e+02,5.240321159e-02
9.079847412e+02,1.533373166e-02
9.082240601e+02,3.318078816e-02
9.084634399e+02,5.321369972e-04
9.087028198e+02,5.273068324e-02
9.089421997e+02,1.074916683e-02
9.091815796e+02,3.943544254e-02
9.094209595e+02,-2.229244635e-02
9.096604004e+02,8.784353733e-03
9.098997803e+02,-2.742552198e-03
9.101392212e+02,-2.611564472e-03
9.103786011e+02,-9.521158412e-03
9.106180420e+02,3.796183318e-02
9.108574829e+02,2.650042251e-02
9.110969849e+02,-1.253387239e-02
9.113364258e+02,-1.227189787e-02
9.115758667e+02,-5.395050161e-03
9.118153687e+02,2.633668669e-02
9.120548706e+02,1.641437970e-02
9.122943115e+02,2.165388130e-02
9.125338135e+02,6.052444130e-02
9.127733765e+02,1.274672709e-02
9.130128784e+02,9.578465833e-04
9.132523804e+02,2.944764122e-02
9.134919434e+02,-1.334435772e-03
9.137314453e+02,5.280436017e-03
9.139710083e+02,-1.878852956e-02
9.142105713e+02,1.772425510e-02
9.144501343e+02,1.824820414e-02
9.146896973e+02,9.341050871e-03
9.149293213e+02,-5.296809599e-03
9.151688843e+02,-2.251348691e-03
9.154085083e+02,1.065092627e-02
9.156480713e+02,9.766760282e-03
9.158876953e+02,4.011494166e-04
9.161273193e+02,-2.052411437e-02
9.163669434e+02,2.270178311e-02
9.166066284e+02,-3.528477624e-03
9.168462524e+02,1.907506376e-03
9.170858765e+02,-6.901407149e-03
9.173255615e+02,1.785524189e-02
9.175652466e+02,1.874759560e-03
9.178049316e+02,7.850248367e-02
9.180446167e+02,2.676239610e-02
9.182843018e+02,4.850633070e-02
9.185239868e+02,-3.070021048e-03
9.187637329e+02,6.328336895e-03
9.190034180e+02,9.578465833e-04
9.192431641e+02,8.948087692e-03
9.194829102e+02,8.129416034e-03
9.197226562e+02,-1.727398485e-03
9.199624023e+02,-8.506004699e-03
9.202021484e+02,2.954588272e-02
9.204419556e+02,2.191585675e-02
9.206817017e+02,-1.109300926e-02
9.209215088e+02,1.867391542e-02
9.211613159e+02,2.489582449e-02
9.214011230e+02,1.232101768e-02
9.216409302e+02,8.555125445e-03
9.218807373e+02,6.459324155e-03
9.221205444e+02,1.284496766e-02
9.223604126e+02,3.324628249e-02
9.226002197e+02,-3.561224323e-03
9.228400879e+02,-5.329556298e-03
9.230799561e+02,2.044224739e-02
9.233198242e+02,3.937813453e-03
9.235596924e+02,1.002873573e-02
9.237995605e+02,-1.374550723e-02
9.240394897e+02,5.321369972e-04
9.242793579e+02,-4.969340749e-03
9.245192871e+02,1.991829649e-02
9.247592163e+02,-6.606685463e-03
9.249991455e+02,4.167041741e-03
9.252390747e+02,1.495959908e-01
9.254790039e+02,2.761381678e-02
9.257189331e+02,-6.344710011e-03
9.259589233e+02,-4.478137475e-03
9.261988525e+02,1.449049916e-03
9.264388428e+02,-6.508444436e-03
9.266788330e+02,-1.137954416e-03
9.269188232e+02,9.439291432e-03
9.271588135e+02,1.451505907e-02
9.273988037e+02,1.746227965e-02
9.276388550e+02,-2.517417260e-02
9.278788452e+02,2.643492818e-02
9.281188965e+02,3.000433929e-02
9.283589478e+02,1.340166479e-02
9.285989990e+02,5.557966232e-02
9.288390503e+02,3.217382124e-03
9.290791016e+02,1.972181536e-02
9.293191528e+02,2.112911344e-01
9.295592651e+02,6.295589730e-03
9.297993164e+02,2.735184133e-02
9.300394287e+02,1.553021278e-02
9.302795410e+02,6.631245487e-04
9.305196533e+02,-3.757705679e-03
9.307597656e+02,-1.334435772e-03
9.309998779e+02,2.149014734e-02
9.312400513e+02,-3.133058921e-02
9.314801636e+02,7.867440581e-03
9.317203369e+02,2.595191123e-03
9.319605103e+02,3.033180721e-02
9.322006836e+02,1.313969027e-02
9.324408569e+02,1.903413050e-02
9.326810303e+02,4.945599288e-02
9.329212036e+02,-8.244030178e-03
9.331614380e+02,2.839974128e-02
9.334016113e+02,1.657811366e-02
9.336418457e+02,2.253804728e-02
9.338820801e+02,-1.626701839e-02
9.341223145e+02,1.422033738e-02
9.343625488e+02,-7.556345314e-03
9.346027832e+02,2.595191123e-03
9.348430176e+02,-2.865353017e-04
9.350833130e+02,3.278782591e-02
9.353236084e+02,3.304979950e-02
9.355638428e+02,8.096668869e-03
9.358041382e+02,-4.019680899e-03
9.360444336e+02,-9.553905576e-03
9.362847290e+02,2.561625466e-02
9.365250854e+02,2.440462075e-02
9.367653809e+02,-1.132223755e-02
9.370057373e+02,1.670910046e-02
9.372460327e+02,2.038493985e-03
9.374863892e+02,1.991829649e-02
9.377267456e+02,1.154327882e-03
9.379671021e+02,8.260402828e-03
9.382075195e+02,2.905467898e-02
9.384478760e+02,5.575158168e-03
9.386882324e+02,-2.840792760e-03
9.389286499e+02,-8.407764137e-03
9.391690674e+02,2.181761712e-02
9.394094849e+02,2.250530012e-02
9.396499023e+02,2.928390726e-02
9.398903198e+02,1.870666072e-02
9.401307373e+02,4.264463857e-02
9.403712158e+02,-1.989373704e-03
9.406116333e+02,1.330342423e-02
9.408521118e+02,-1.440044492e-02
9.410925903e+02,3.905066755e-03
9.413330078e+02,3.075751662e-02
9.415735474e+02,-6.934154313e-03
9.418140259e+02,1.281222142e-02
9.420545044e+02,-1.006966922e-03
9.422950439e+02,3.485088050e-02
9.425355225e+02,2.824419411e-03
9.427760620e+02,-1.639800519e-02
9.430166016e+02,1.438407227e-02
9.432571411e+02,2.221057937e-02
9.434976807e+02,-5.231315736e-03
9.437382202e+02,-1.584130898e-02
9.439787598e+02,1.729854569e-02
9.442193604e+02,-5.624278449e-03
9.444599609e+02,7.081515156e-03
9.447005005e+02,1.449049916e-03
9.449411011e+02,1.350809238e-03
9.451817017e+02,8.162162267e-03
9.454223022e+02,-1.138773095e-02
9.456629639e+02,1.277947426e-02
9.459035645e+02,1.391742844e-04
9.461442261e+02,9.734013118e-03
9.463848267e+02,-1.364726666e-02
9.466254883e+02,8.915341459e-03
9.468661499e+02,6.140860915e-02
9.471068115e+02,9.832253680e-03
9.473475342e+02,5.018461030e-03
9.475881958e+02,-1.639800519e-02
9.478288574e+02,-3.847759799e-04
9.480695801e+02,-1.384374779e-02
9.483103027e+02,-1.923879841e-03
9.485510254e+02,2.555076219e-02
9.487917480e+02,2.270178311e-02
9.490324707e+02,2.479758300e-02
9.492731934e+02,-1.512087695e-02
9.495139160e+02,5.444170441e-03
9.497546997e+02,1.690558344e-02
9.499954834e+02,6.361083593e-03
9.502362061e+02,4.532988369e-02
9.504769897e+02,1.350809238e-03
9.507177734e+02,2.957862988e-02
9.509585571e+02,3.255859762e-02
9.511994019e+02,1.074916683e-02
9.514401855e+02,2.165388130e-02
9.516810303e+02,2.388066985e-02
9.519218140e+02,1.778974943e-02
9.521626587e+02,-9.095449001e-03
9.524035034e+02,4.265282769e-03
9.526443481e+02,6.550196558e-02
9.528852539e+02,3.512104042e-03
9.531260986e+02,-2.298013121e-02
9.533669434e+02,-3.528477624e-03
9.536078491e+02,1.078191400e-02
9.538487549e+02,3.151069582e-02
9.540896606e+02,-2.425725944e-02
9.543305664e+02,1.471154112e-02
9.545714722e+02,-3.364742966e-03
9.548123779e+02,3.537482768e-02
9.550532837e+02,1.562845334e-02
9.552942505e+02,-1.718393154e-02
9.555352173e+02,2.964412235e-02
9.557761230e+02,3.098674491e-02
9.560170898e+02,2.398709767e-03
9.562580566e+02,-1.214091014e-02
9.564990845e+02,3.348369617e-03
9.567400513e+02,2.741733380e-02
9.569810181e+02,1.372913364e-02
9.572220459e+02,-2.186673693e-02
9.574630737e+02,8.186722880e-06
9.577040405e+02,7.212502882e-03
9.579450684e+02,2.250530012e-02
9.581860962e+02,-1.911599748e-02
9.584271851e+02,2.398709767e-03
9.586682129e+02,1.477703452e-02
9.589092407e+02,3.187091276e-02
9.591503296e+02,1.481796848e-03
9.593914185e+02,1.127311680e-02
9.596325073e+02,5.970576778e-02
9.598735962e+02,-1.268942025e-03
9.601146851e+02,-6.672178861e-03
9.603557739e+02,1.156783942e-02
9.605968628e+02,1.592317596e-02
9.608380127e+02,9.799507447e-03
9.610791626e+02,-1.200992242e-02
9.613202515e+02,1.471154112e-02
9.615614014e+02,-5.526037887e-03
9.618025513e+02,-6.442951038e-03
9.620437012e+02,-8.735232987e-03
9.622849121e+02,4.428198189e-02
9.625260620e+02,1.513725054e-02
9.627672729e+02,-3.692212049e-03
9.630084229e+02,-1.571032032e-02
9.632496338e+02,1.074916683e-02
9.634908447e+02,1.711025019e-03
9.637320557e+02,-1.770788059e-02
9.639732666e+02,-1.334435772e-03
9.642145386e+02,1.536647882e-02
9.644557495e+02,4.978346080e-02
9.646970215e+02,7.769200020e-03
9.649382324e+02,-7.425357588e-03
9.651795044e+02,8.555125445e-03
9.654207764e+02,3.006983362e-02
9.656620483e+02,3.970560618e-03
9.659033203e+02,-1.354902610e-02
9.661446533e+02,3.311529383e-02
9.663859253e+02,2.046680747e-04
9.666272583e+02,-1.456417982e-02
9.668685913e+02,1.285315491e-03
9.671099243e+02,2.496950561e-03
9.673512573e+02,1.952533424e-02
9.675925903e+02,6.361083593e-03
9.678339233e+02,-8.047548123e-03
9.680752563e+02,2.925116010e-02
9.683166504e+02,2.548526786e-02
9.685579834e+02,4.560004454e-03
9.687993774e+02,1.828095131e-02
9.690407715e+02,-4.216162022e-03
9.692821655e+02,-3.070021048e-03
9.695235596e+02,1.661086082e-02
9.697650146e+02,1.094564795e-02
9.700064087e+02,-4.019680899e-03
9.702478638e+02,1.415484399e-02
9.704892578e+02,-1.171520073e-02
9.707307129e+02,-1.649624668e-02
9.709721680e+02,1.700382307e-02
9.712136230e+02,2.300469205e-03
9.714550781e+02,-1.228008477e-04
9.716965942e+02,-6.508444436e-03
9.719380493e+02,4.948873818e-02
9.721795654e+02,-4.838353023e-03
9.724210205e+02,-1.760964096e-02
9.726625366e+02,1.936160028e-02
9.729040527e+02,-5.624278449e-03
9.731455688e+02,1.121662855e-01
9.733870850e+02,2.136734547e-03
9.736286621e+02,-2.062235400e-02
9.738701782e+02,1.805172302e-02
9.741117554e+02,9.734013118e-03
9.743533325e+02,3.643091535e-03
9.745948486e+02,-2.180124260e-02
9.748364258e+02,1.245200541e-02
9.750780029e+02,-3.397489898e-03
9.753196411e+02,-1.535010524e-02
9.755612183e+02,-8.767980151e-03
9.758028564e+02,1.074916683e-02
9.760444336e+02,2.505955845e-02
9.762860718e+02,-1.793710887e-02
9.765277100e+02,5.878885463e-02
9.767693481e+02,4.756486043e-03
9.770109863e+02,2.898918465e-02
9.772526245e+02,-1.796985604e-02
9.774943237e+02,4.338963190e-04
9.777359619e+02,3.774079261e-03
9.779776611e+02,1.251749881e-02
9.782193604e+02,-1.161695924e-02
9.784610596e+02,2.712261304e-02
9.787027588e+02,-8.178535849e-03
9.789444580e+02,1.143685170e-02
9.791861572e+02,-1.744590700e-02
9.794278564e+02,-1.086378098e-02
9.796696167e+02,3.851852939e-02
9.799113770e+02,2.941489406e-02
9.801530762e+02,-4.347149748e-03
9.803948364e+02,7.572718430e-03
9.806365967e+02,1.759326644e-02
9.808784180e+02,1.480978169e-02
9.811201782e+02,3.544850973e-03
9.813619385e+02,-1.989373704e-03
9.816037598e+02,2.300469205e-03
9.818455811e+02,-1.007785555e-02
9.820873413e+02,-1.358177327e-02
9.823291626e+02,3.144520149e-02
9.825709839e+02,1.350809238e-03
9.828128662e+02,2.424088679e-02
9.830546875e+02,-1.161695924e-02
9.832965088e+02,1.602141559e-02
9.835383911e+02,2.774480358e-02
9.837802734e+02,-9.521158412e-03
9.840221558e+02,-2.396253683e-02
9.842639771e+02,-1.394198928e-02
9.845059204e+02,6.721299607e-03
9.847478027e+02,1.391742844e-04
9.849896851e+02,2.046680747e-04
9.852316284e+02,-2.543614805e-02
9.854735107e+02,1.539922599e-02
9.857154541e+02,6.029521301e-02
9.859573975e+02,-1.345078554e-02
9.861993408e+02,2.496950561e-03
9.864412842e+02,1.140410453e-02
9.866832275e+02,9.275556542e-03
9.869251709e+02,-9.815881029e-03
9.871671753e+02,-9.586652741e-03
9.874091797e+02,2.803952619e-02
9.876511230e+02,6.099108607e-03
9.878931274e+02,-8.244030178e-03
9.881351318e+02,-1.839556545e-02
9.883771362e+02,1.074916683e-02
9.886192017e+02,8.817099966e-03
9.888612061e+02,9.578465833e-04
9.891032104e+02,-4.314403050e-03
9.893452759e+02,2.726178616e-03
9.895873413e+02,6.721299607e-03
9.898294067e+02,-2.349589486e-03
9.900714722e+02,2.496950561e-03
9.903135376e+02,2.453560755e-02
9.905556030e+02,1.776518882e-03
9.907977295e+02,-6.246469449e-03
9.910397949e+02,2.090070397e-02
9.912819214e+02,2.149014734e-02
9.915239868e+02,-3.192821750e-04
9.917661133e+02,-2.232519351e-02
9.920082397e+02,2.693431685e-03
9.922504272e+02,1.605416276e-02
9.924925537e+02,-1.170701347e-03
9.927346802e+02,-1.724942401e-02
9.929768677e+02,-2.513323911e-03
9.932189941e+02,4.920220468e-03
9.934611816e+02,5.018461030e-03
9.937033691e+02,-1.341803838e-02
9.939455566e+02,3.560405597e-02
9.941877441e+02,1.814996451e-02
9.944299927e+02,1.955808140e-02
9.946721802e+02,-9.029955603e-03
9.949143677e+02,1.258299313e-02
9.951566162e+02,9.250996518e-04
9.953988647e+02,2.447011508e-02
9.956411133e+02,-1.780612208e-02
9.958833618e+02,3.446610179e-03
9.961256104e+02,5.935374182e-03
9.963678589e+02,-9.979614988e-03
9.966101685e+02,-9.414731176e-04
9.968524170e+02,9.701266885e-03
9.970947266e+02,2.767930925e-02
9.973370361e+02,1.631613821e-02
9.975793457e+02,-4.609124735e-03
9.978216553e+02,4.762216657e-02
9.980639648e+02,1.841193996e-02
9.983062744e+02,-2.072059549e-02
9.985486450e+02,-1.564482786e-02
9.987909546e+02,3.356556408e-04
9.990333252e+02,-4.183415323e-03
9.992756958e+02,-1.918149181e-02
9.995180664e+02,-1.973818801e-02
9.997604370e+02,6.085190922e-02
1.000002808e+03,-5.362303462e-03
1.000245178e+03,-1.066729985e-02
1.000487610e+03,6.590311881e-03
1.000729980e+03,1.130586397e-02
1.000972412e+03,2.718810551e-02
1.001214844e+03,-2.301287837e-02
1.001457275e+03,-5.133075174e-03
1.001699707e+03,1.383556169e-03
1.001942139e+03,-3.847759799e-04
1.002184570e+03,-6.475697737e-03
1.002427063e+03,-5.853506736e-03
1.002669495e+03,9.308303706e-03
1.002911987e+03,6.631245487e-04
1.003154480e+03,-6.794980145e-04
1.003396973e+03,6.295589730e-03
1.003639465e+03,3.006983362e-02
1.003881958e+03,4.068801180e-03
1.004124451e+03,3.577597905e-03
1.004367004e+03,-6.148228887e-03
1.004609497e+03,2.270178311e-02
1.004852051e+03,-7.752826437e-03
1.005094604e+03,-1.531735808e-02
1.005337158e+03,-3.135514911e-03
1.005579712e+03,-7.883814164e-03
1.005822266e+03,6.262843031e-03
1.006064819e+03,6.303776754e-04
1.006307434e+03,1.693832874e-02
1.006549988e+03,2.617295273e-02
1.006792603e+03,1.458055340e-02
1.007035217e+03,1.327067800e-02
1.007277832e+03,-8.636992425e-03
1.007520447e+03,3.082301095e-02
1.007763062e+03,3.170717880e-02
1.008005676e+03,-5.493291188e-03
1.008248352e+03,-1.685646176e-02
1.008490967e+03,7.769200020e-03
1.008733643e+03,-1.432676450e-03
1.008976318e+03,-7.032394875e-03
1.009218994e+03,2.823600732e-02
1.009461670e+03,1.556295995e-02
1.009704346e+03,3.776535392e-02
1.009947021e+03,6.852286868e-03
1.010189758e+03,5.535043404e-02
1.010432434e+03,1.081466116e-02
1.010675171e+03,2.431456698e-03
1.010917908e+03,-3.757705679e-03
1.011160645e+03,-1.947621256e-02
1.011403381e+03,5.738892592e-03
1.011646118e+03,-8.767980151e-03
1.011888855e+03,-1.309056953e-02
1.012131653e+03,-2.120361198e-03
1.012374390e+03,2.063872851e-02
1.012617188e+03,1.369638741e-02
1.012859985e+03,-1.345078554e-02
1.013102783e+03,-1.530917129e-03
1.013345581e+03,2.345496044e-02
1.013588379e+03,7.507224567e-03
1.013831177e+03,6.590311881e-03
1.014074036e+03,1.418759022e-02
1.014316833e+03,2.431456698e-03
1.014559692e+03,9.701266885e-03
1.014802551e+03,1.864116825e-02
1.015045349e+03,-8.866220713e-03
1.015288269e+03,1.605416276e-02
1.015531128e+03,1.395836193e-02
1.015773987e+03,-1.026860625e-01
1.016016846e+03,-1.019001380e-01
1.016259766e+03,-1.044216454e-01
1.016502686e+03,-1.039631888e-01
1.016745544e+03,-1.049783453e-01
1.016988464e+03,-1.049783453e-01
