3.217045593e+02,1.488358481e-03
3.218118591e+02,-4.330879310e-04
3.219191895e+02,1.158967614e-03
3.220265198e+02,-7.258797414e-04
3.221338501e+02,1.872647787e-03
3.222411804e+02,1.158967643e-04
3.223485413e+02,5.367849953e-04
3.224559021e+02,1.561556477e-03
3.225632629e+02,1.799449790e-03
3.226706543e+02,-1.055270550e-03
3.227780151e+02,1.817749231e-03
3.228854065e+02,-1.165067544e-03
3.229927979e+02,1.323663048e-03
3.231002197e+02,-9.820725536e-04
3.232076416e+02,7.197799277e-04
3.233150635e+02,1.634754357e-03
3.234224854e+02,8.478763630e-04
3.235299072e+02,-2.500930277e-04
3.236373596e+02,1.104069175e-03
3.237448120e+02,-2.866919967e-04
3.238522644e+02,6.465819315e-04
3.239597473e+02,8.295768639e-04
3.240672302e+02,2.879119711e-03
3.241747131e+02,-7.807782385e-04
3.242821960e+02,-5.977833061e-04
3.243897095e+02,-3.964889329e-04
3.244971924e+02,8.295768639e-04
3.246047058e+02,-1.293163863e-03
3.247122498e+02,3.171911521e-04
3.248197632e+02,-9.271741146e-04
3.249273071e+02,-6.709812442e-05
3.250348511e+02,-1.439559855e-03
3.251423950e+02,-1.238265424e-03
3.252499695e+02,1.360262046e-03
3.253575439e+02,2.641226398e-03
3.254651184e+02,-1.402960916e-04
3.255726929e+02,9.942722972e-04
3.256802979e+02,1.579855918e-03
3.257879028e+02,8.478763630e-04
3.258955078e+02,-5.611843662e-04
3.260031128e+02,-3.049914958e-04
3.261107483e+02,-1.402960916e-04
3.262183533e+02,1.158967643e-04
3.263259888e+02,1.634754357e-03
3.264336548e+02,9.759727982e-05
3.265412903e+02,5.916834925e-04
3.266489563e+02,2.073942160e-04
3.267566223e+02,-1.165067544e-03
3.268643188e+02,2.805921831e-04
3.269719849e+02,1.890947315e-04
3.270796814e+02,-4.147884320e-04
3.271873779e+02,-1.348062418e-03
3.272951050e+02,-4.330879310e-04
3.274028015e+02,1.707952324e-04
3.275105286e+02,1.890947227e-03
3.276182556e+02,-1.219965998e-04
3.277260132e+02,-8.905751747e-04
3.278337402e+02,1.158967614e-03
3.279414978e+02,1.524957479e-03
3.280492554e+02,-1.219965998e-04
3.281570129e+02,1.305363607e-03
3.282648010e+02,9.759727982e-05
3.283725891e+02,2.622926841e-03
3.284803772e+02,-4.879863991e-04
3.285881653e+02,7.929778803e-05
3.286959839e+02,-2.683924977e-04
3.288038025e+02,5.001860554e-04
3.289116211e+02,-1.695752726e-03
3.290194397e+02,1.561556477e-03
3.291272888e+02,-1.146767987e-03
3.292351379e+02,-6.526818033e-04
3.293429871e+02,-1.402960916e-04
3.294508362e+02,6.099829916e-04
3.295587158e+02,1.323663048e-03
3.296665955e+02,2.055642661e-03
3.297744751e+02,1.781150349e-03
3.298823547e+02,6.099829989e-06
3.299902649e+02,3.171911521e-04
3.300981750e+02,6.099829989e-06
3.302060852e+02,7.929778803e-05
3.303139954e+02,1.067470177e-03
3.304219360e+02,-7.441792404e-04
3.305298767e+02,1.396861044e-03
3.306378174e+02,1.524957479e-04
3.307457581e+02,1.415160485e-03
3.308537292e+02,-1.036971109e-03
3.309617004e+02,1.927546225e-03
3.310696716e+02,4.086885892e-04
3.311776428e+02,7.014804287e-04
3.312856445e+02,-9.454736137e-04
3.313936462e+02,1.012571738e-03
3.315016479e+02,-1.274864422e-03
3.316096497e+02,1.854348229e-03
3.317176819e+02,1.616454916e-03
3.318257141e+02,1.305363607e-03
3.319337463e+02,7.014804287e-04
3.320417786e+02,1.341962605e-03
3.321498413e+02,-7.258797414e-04
3.322578735e+02,3.428104334e-03
3.323659668e+02,-3.415904648e-04
3.324740295e+02,1.744551351e-03
3.325820923e+02,-4.330879310e-04
3.326901855e+02,1.470059040e-03
3.327982788e+02,-5.428848672e-04
3.329064026e+02,-9.820725536e-04
3.330144958e+02,5.916834925e-04
3.331226196e+02,2.385033527e-03
3.332307434e+02,-3.598899639e-04
3.333388977e+02,1.360262046e-03
3.334470215e+02,6.282824907e-04
3.335551758e+02,2.037343103e-03
3.336633301e+02,5.184855545e-04
3.337714844e+02,1.268764609e-03
3.338796692e+02,1.451759483e-03
3.339878540e+02,1.653053914e-03
3.340960388e+02,-5.611843662e-04
3.342042236e+02,5.733839935e-04
3.343124390e+02,8.661758620e-04
3.344206238e+02,8.295768639e-04
3.345288391e+02,-5.977833061e-04
3.346370850e+02,1.012571738e-03
3.347453003e+02,2.330135088e-03
3.348535461e+02,8.112773648e-04
3.349617920e+02,2.988916531e-04
3.350700378e+02,7.929778803e-05
3.351783142e+02,3.537901212e-04
3.352865601e+02,2.019043779e-03
3.353948364e+02,-1.219965998e-04
3.355031433e+02,9.210743010e-04
3.356114197e+02,2.330135088e-03
3.357197266e+02,-5.245853681e-04
3.358280334e+02,3.171911521e-04
3.359363403e+02,6.831809296e-04
3.360446777e+02,2.092241542e-03
3.361529846e+02,3.903891193e-04
3.362613220e+02,9.759727982e-05
3.363696899e+02,7.563789259e-04
3.364780273e+02,9.942722972e-04
3.365863953e+02,8.112773648e-04
3.366947632e+02,8.661758620e-04
3.368031311e+02,1.890947227e-03
3.369114990e+02,-2.080041915e-03
3.370198975e+02,1.579855918e-03
3.371282959e+02,1.085769734e-03
3.372366943e+02,1.030871295e-03
3.373450928e+02,-2.134940441e-04
3.374535217e+02,2.000744222e-03
3.375619507e+02,8.844753029e-04
3.376703796e+02,7.929778803e-05
3.377788391e+02,-5.977833061e-04
3.378872681e+02,-1.219965983e-03
3.379957275e+02,7.014804287e-04
3.381041870e+02,8.661758620e-04
3.382126770e+02,-3.964889329e-04
3.383211365e+02,9.759727982e-05
3.384296265e+02,9.942722972e-04
3.385381165e+02,8.478763630e-04
3.386466064e+02,-8.539761766e-04
3.387551270e+02,7.563789259e-04
3.388636475e+02,8.478763630e-04
3.389721680e+02,1.250465168e-03
3.390806885e+02,8.844753029e-04
3.391892395e+02,-1.768950606e-04
3.392977905e+02,1.360262046e-03
3.394063416e+02,2.586327726e-03
3.395148926e+02,1.890947315e-04
3.396234436e+02,7.380794268e-04
3.397320251e+02,-2.500930277e-04
3.398406067e+02,3.354906512e-04
3.399491882e+02,1.104069175e-03
3.400578003e+02,2.073942160e-04
3.401664124e+02,8.844753029e-04
3.402750244e+02,1.506657922e-03
3.403836365e+02,-1.146767987e-03
3.404922485e+02,1.250465168e-03
3.406008911e+02,-4.696869000e-04
3.407095337e+02,1.250465168e-03
3.408181763e+02,-3.964889329e-04
3.409268494e+02,7.746783667e-04
3.410354919e+02,-6.709813024e-04
3.411441650e+02,8.112773648e-04
3.412528381e+02,6.099829989e-06
3.413615417e+02,9.210743010e-04
3.414702148e+02,1.524957479e-03
3.415789185e+02,2.677825280e-03
3.416876221e+02,-2.683924977e-04
3.417963562e+02,-1.402960916e-04
3.419050598e+02,-1.951945596e-04
3.420137939e+02,7.197799277e-04
3.421225281e+02,1.451759483e-03
3.422312927e+02,-3.964889329e-04
3.423400269e+02,-5.794838071e-04
3.424487915e+02,8.295768639e-04
3.425575562e+02,1.451759483e-03
3.426663208e+02,1.927546225e-03
3.427751160e+02,-1.091869548e-03
3.428839111e+02,-5.245853681e-04
3.429927063e+02,-1.384661417e-03
3.431015015e+02,1.378561486e-03
3.432102966e+02,1.890947315e-04
3.433191223e+02,3.903891193e-04
3.434279480e+02,-4.696869000e-04
3.435367737e+02,1.415160485e-03
3.436456299e+02,-1.036971080e-04
3.437544556e+02,2.348434413e-03
3.438633118e+02,3.171911521e-04
3.439721985e+02,-1.219965998e-04
3.440810547e+02,-1.768950606e-03
3.441899414e+02,2.659525722e-03
3.442987976e+02,2.330135088e-03
3.444077148e+02,2.147139981e-03
3.445166016e+02,1.781150349e-03
3.446255188e+02,4.269880883e-04
3.447344055e+02,6.099829989e-06
3.448433228e+02,3.537901212e-04
3.449522705e+02,8.661758620e-04
3.450611877e+02,1.287064049e-03
3.451701355e+02,-4.330879310e-04
3.452790833e+02,3.354906512e-04
3.453880310e+02,1.524957479e-04
3.454970093e+02,-3.415904648e-04
3.456059875e+02,9.759727982e-05
3.457149658e+02,5.367849953e-04
3.458239441e+02,-2.134940441e-04
3.459329224e+02,3.903891193e-04
3.460419312e+02,4.269880810e-05
3.461509399e+02,8.295768639e-04
3.462599487e+02,3.354906512e-04
3.463689880e+02,1.396861044e-03
3.464779968e+02,5.184855545e-04
3.465870361e+02,2.055642661e-03
3.466960754e+02,-4.879863991e-05
3.468051453e+02,1.268764609e-03
3.469141846e+02,5.367849953e-04
3.470232544e+02,-1.585955761e-04
3.471323242e+02,-8.539761766e-04
3.472414246e+02,-4.513874010e-04
3.473504944e+02,1.232165610e-03
3.474595947e+02,1.177267171e-03
3.475686951e+02,1.323663048e-03
3.476777954e+02,-1.585955761e-04
3.477869263e+02,-3.415904648e-04
3.478960571e+02,1.543256920e-03
3.480051880e+02,-3.598899639e-04
3.481143188e+02,7.746783667e-04
3.482234497e+02,1.964145107e-03
3.483326111e+02,8.295768639e-04
3.484417725e+02,-8.905751747e-04
3.485509338e+02,-2.866919967e-04
3.486600952e+02,1.579855918e-03
3.487692871e+02,1.158967614e-03
3.488784790e+02,1.030871295e-03
3.489876709e+02,1.067470177e-03
3.490968628e+02,7.746783667e-04
3.492060852e+02,1.909246785e-03
3.493153076e+02,2.439931995e-05
3.494245300e+02,1.341962488e-04
3.495337524e+02,-7.990776794e-04
3.496430054e+02,2.988916531e-04
3.497522278e+02,6.831809296e-04
3.498614807e+02,1.524957479e-03
3.499707642e+02,2.165439539e-03
3.500800171e+02,5.184855545e-04
3.501893005e+02,7.929778803e-05
3.502985840e+02,1.781150349e-03
3.504078674e+02,4.818865564e-04
3.505171509e+02,4.818865564e-04
3.506264648e+02,7.014804287e-04
3.507357788e+02,-4.879863991e-05
3.508450928e+02,1.890947315e-04
3.509544067e+02,7.929778658e-04
3.510637512e+02,1.634754357e-03
3.511730957e+02,1.158967614e-03
3.512824402e+02,-1.768950606e-04
3.513917847e+02,5.733839935e-04
3.515011292e+02,7.014804287e-04
3.516105042e+02,-2.683924977e-04
3.517198792e+02,5.916834925e-04
3.518292542e+02,2.439931995e-04
3.519386597e+02,-5.794838071e-04
3.520480347e+02,1.396861044e-03
3.521574402e+02,-7.075802423e-04
3.522668762e+02,7.929778658e-04
3.523762817e+02,2.988916531e-04
3.524857178e+02,1.598155359e-03
3.525951233e+02,-6.709813024e-04
3.527045593e+02,1.964145107e-03
3.528140259e+02,7.929778803e-05
3.529234619e+02,-1.951945596e-04
3.530329285e+02,-5.428848672e-04
3.531423950e+02,1.707952324e-04
3.532518616e+02,-3.964889329e-04
3.533613586e+02,-1.951945596e-04
3.534708557e+02,9.759727982e-05
3.535803528e+02,2.256937092e-03
3.536898499e+02,-5.428848672e-04
3.537993469e+02,2.769322833e-03
3.539088745e+02,6.648814306e-04
3.540184021e+02,1.030871295e-03
3.541279297e+02,-4.696869000e-04
3.542374573e+02,-1.585955761e-04
3.543470154e+02,2.128840657e-03
3.544565430e+02,2.073942160e-04
3.545661316e+02,-1.219965998e-05
3.546756897e+02,-2.683924977e-04
3.547852478e+02,7.929778803e-05
3.548948364e+02,2.988916531e-04
3.550044250e+02,-2.683924977e-04
3.551140137e+02,1.030871295e-03
3.552236328e+02,2.165439539e-03
3.553332214e+02,1.982444664e-03
3.554428406e+02,-1.183366985e-03
3.555524597e+02,2.037343103e-03
3.556621094e+02,1.890947315e-04
3.557717285e+02,7.746783667e-04
3.558813782e+02,5.184855545e-04
3.559910278e+02,-1.219965998e-05
3.561006775e+02,2.934018150e-03
3.562103577e+02,-6.709813024e-04
3.563200378e+02,-2.683924977e-04
3.564297180e+02,1.085769734e-03
3.565393982e+02,1.854348229e-03
3.566490784e+02,1.012571738e-03
3.567587891e+02,-5.428848672e-04
3.568684998e+02,-6.526818033e-04
3.569782104e+02,3.354906512e-04
3.570879211e+02,7.380794268e-04
3.571976624e+02,1.213866170e-03
3.573074036e+02,2.293535974e-03
3.574171448e+02,7.929778658e-04
3.575268860e+02,1.085769734e-03
3.576366272e+02,-1.768950606e-04
3.577463989e+02,1.158967614e-03
3.578561707e+02,8.112773648e-04
3.579659424e+02,-6.892807432e-04
3.580757446e+02,-1.457859296e-03
3.581855164e+02,5.367849953e-04
3.582953186e+02,-1.768950606e-04
3.584051208e+02,9.942722972e-04
3.585149536e+02,-1.256564981e-03
3.586247559e+02,9.393738001e-04
3.587345886e+02,-9.454736137e-04
3.588444214e+02,1.287064049e-03
3.589542542e+02,6.099829989e-06
3.590641174e+02,-1.585955761e-04
3.591739807e+02,-6.709812442e-05
3.592838440e+02,-1.219965998e-05
3.593937073e+02,9.759727982e-05
3.595035706e+02,1.396861044e-03
3.596134644e+02,2.256937005e-04
3.597233582e+02,1.415160485e-03
3.598332520e+02,4.086885892e-04
3.599431458e+02,-4.696869000e-04
3.600530701e+02,8.661758620e-04
3.601629639e+02,1.506657922e-03
3.602728882e+02,7.746783667e-04
3.603828430e+02,8.295768639e-04
3.604927673e+02,-2.500930277e-04
3.606027222e+02,8.478763630e-04
3.607126770e+02,3.903891193e-04
3.608226318e+02,6.648814306e-04
3.609325867e+02,-3.781894629e-04
3.610425720e+02,1.268764609e-03
3.611525269e+02,-3.964889329e-04
3.612625427e+02,1.781150349e-03
3.613725281e+02,-6.709812442e-05
3.614825134e+02,1.744551351e-03
3.615925293e+02,4.086885892e-04
3.617025452e+02,9.393738001e-04
3.618125610e+02,3.354906512e-04
3.619226074e+02,8.661758620e-04
3.620326233e+02,1.653053914e-03
3.621426697e+02,5.184855545e-04
3.622527161e+02,7.746783667e-04
3.623627625e+02,5.001860554e-04
3.624728394e+02,3.903891193e-04
3.625829163e+02,-7.990776794e-04
3.626929932e+02,-2.500930277e-04
3.628030701e+02,-2.683924977e-04
3.629131470e+02,1.378561486e-03
3.630232544e+02,1.909246785e-03
3.631333618e+02,9.576732991e-04
3.632434692e+02,1.012571738e-03
3.633535767e+02,5.001860554e-04
3.634637146e+02,1.415160485e-03
3.635738525e+02,4.269880810e-05
3.636839905e+02,-4.513874010e-04
3.637941284e+02,-7.258797414e-04
3.639042969e+02,1.872647787e-03
3.640144348e+02,9.210743010e-04
3.641246033e+02,1.707952324e-04
3.642347717e+02,9.759727982e-05
3.643449707e+02,1.707952353e-03
3.644551392e+02,-6.160828052e-04
3.645653381e+02,1.671353355e-03
3.646755371e+02,-1.768950606e-04
3.647857361e+02,8.295768639e-04
3.648959656e+02,1.158967614e-03
3.650061951e+02,2.110541100e-03
3.651164246e+02,-9.454736137e-04
3.652266541e+02,2.293535974e-03
3.653368835e+02,1.067470177e-03
3.654471436e+02,8.661758620e-04
3.655574036e+02,-1.402960916e-04
3.656676636e+02,1.158967614e-03
3.657779236e+02,-1.219965998e-05
3.658882141e+02,7.929778658e-04
3.659984741e+02,5.733839935e-04
3.661087646e+02,1.433460042e-03
3.662190552e+02,-7.990776794e-04
3.663293762e+02,-5.245853681e-04
3.664396667e+02,8.478763630e-04
3.665499878e+02,-1.219965998e-04
3.666603088e+02,-1.036971080e-04
3.667706604e+02,1.488358481e-03
3.668809814e+02,2.019043779e-03
3.669913330e+02,7.929778658e-04
3.671016846e+02,-2.500930277e-04
3.672120361e+02,6.648814306e-04
3.673224182e+02,-6.526818033e-04
3.674327698e+02,9.393738001e-04
3.675431519e+02,6.099829989e-05
3.676535339e+02,1.177267171e-03
3.677639465e+02,-1.604255289e-03
3.678743286e+02,6.099829989e-05
3.679847412e+02,1.232165610e-03
3.680951538e+02,1.158967614e-03
3.682055664e+02,1.726251794e-03
3.683159790e+02,6.099829989e-06
3.684264221e+02,2.439931995e-04
3.685368652e+02,2.311835531e-03
3.686473083e+02,1.506657922e-03
3.687577515e+02,-4.330879310e-04
3.688682251e+02,-3.049914994e-05
3.689786987e+02,1.506657922e-03
3.690891724e+02,-3.598899639e-04
3.691996460e+02,6.099829989e-05
3.693101196e+02,-3.049914958e-04
3.694206238e+02,3.080414142e-03
3.695311279e+02,1.470059040e-03
3.696416321e+02,-3.598899639e-04
3.697521362e+02,-3.964889329e-04
3.698626709e+02,1.030871295e-03
3.699731750e+02,-8.539761766e-04
3.700837097e+02,7.746783667e-04
3.701942749e+02,2.256937005e-04
3.703048096e+02,1.707952324e-04
3.704153748e+02,-3.781894629e-04
3.705259399e+02,1.396861044e-03
3.706365051e+02,1.158967643e-04
3.707470703e+02,5.001860554e-04
3.708576355e+02,1.158967643e-04
3.709682312e+02,9.942722972e-04
3.710788269e+02,-8.539761766e-04
3.711894226e+02,9.759727982e-04
3.713000488e+02,-1.219965998e-05
3.714106445e+02,2.439931995e-04
3.715212708e+02,-7.258797414e-04
3.716318970e+02,6.831809296e-04
3.717425232e+02,-3.049914958e-04
3.718531799e+02,7.746783495e-01
3.719638367e+02,2.286827564e+00
3.720744934e+02,7.689395547e-01
3.721851501e+02,1.168245554e+00
3.722958069e+02,-1.529918432e+00
3.724064941e+02,9.664498568e-01
3.725171814e+02,1.046894789e+00
3.726278687e+02,-8.347120881e-02
3.727385559e+02,3.450399935e-01
3.728492432e+02,5.875809789e-01
3.729599609e+02,2.367909193e+00
3.730706787e+02,8.188693523e-01
3.731813965e+02,2.531697035e+00
3.732921143e+02,-1.502031922e+00
3.734028625e+02,1.751643777e+00
3.735136108e+02,-4.162498415e-01
3.736243591e+02,9.125014544e-01
3.737351074e+02,1.248141527e+00
3.738458557e+02,3.415391147e-01
3.739566345e+02,5.734872222e-01
3.740674133e+02,1.390551567e+00
3.741781921e+02,1.025160253e-01
3.742889709e+02,6.460003257e-01
3.743997803e+02,-3.491379917e-01
3.745105896e+02,-1.090069637e-01
3.746213989e+02,-3.900316060e-01
3.747322083e+02,1.302670956e+00
3.748430176e+02,2.128250897e-02
3.749538574e+02,2.499149740e-01
3.750646973e+02,-6.292881966e-01
3.751755371e+02,8.925063610e-01
3.752863770e+02,1.033537865e+00
3.753972168e+02,6.586353779e-01
3.755080872e+02,1.642779112e+00
3.756189575e+02,1.255352736e+00
3.757298279e+02,-4.943458140e-01
3.758407288e+02,4.066724479e-01
3.759515991e+02,-7.804965973e-01
3.760625000e+02,8.374559879e-01
3.761734009e+02,-2.635983527e-01
3.762843018e+02,1.752969265e+00
3.763952332e+02,1.026804566e+00
3.765061340e+02,1.032639861e+00
3.766170654e+02,-9.360051751e-01
3.767279968e+02,6.410454512e-01
3.768389282e+02,1.483689547e-01
3.769498901e+02,2.620798349e+00
3.770608521e+02,8.450240493e-01
3.771718140e+02,9.969600290e-02
3.772827759e+02,-7.315990329e-02
3.773937378e+02,-7.926695347e-01
3.775047302e+02,3.651046157e-01
3.776157227e+02,1.643834829e+00
3.777267151e+02,9.986047745e-01
3.778377075e+02,2.526544034e-01
3.779487000e+02,-4.107642472e-01
3.780597229e+02,1.261158109e+00
3.781707458e+02,8.762484193e-01
3.782817688e+02,9.382908344e-01
3.783927917e+02,1.297997117e+00
3.785038452e+02,8.371010423e-01
3.786148987e+02,6.521259993e-02
3.787259521e+02,2.886599898e-01
3.788370056e+02,1.972417116e+00
3.789480591e+02,7.824895978e-01
3.790591431e+02,1.012337923e+00
3.791702271e+02,8.765702844e-01
3.792813110e+02,1.499318480e-01
3.793923950e+02,8.896741271e-01
3.795034790e+02,1.031619430e+00
3.796145935e+02,1.145038962e+00
3.797257080e+02,1.920217276e-01
3.798368225e+02,3.626686931e-01
3.799479675e+02,2.039521039e-01
3.800590820e+02,3.451350331e-01
3.801702271e+02,1.219912171e+00
3.802813721e+02,5.438958406e-01
3.803925171e+02,4.448370337e-01
3.805036621e+02,5.156751275e-01
3.806148376e+02,1.593298554e+00
3.807260132e+02,1.970477939e+00
3.808371887e+02,1.151486397e+00
3.809483643e+02,1.146625638e+00
3.810595703e+02,4.569924437e-03
3.811707458e+02,3.189847246e-02
3.812819519e+02,3.168004379e-02
3.813931580e+02,1.082495093e+00
3.815043945e+02,4.012315273e-01
3.816156006e+02,1.811805725e+00
3.817268372e+02,8.679319024e-01
3.818380737e+02,9.482706189e-01
3.819493103e+02,1.472043514e+00
3.820605469e+02,1.136685014e+00
3.821718140e+02,9.508211613e-01
3.822830811e+02,1.147675753e+00
3.823943481e+02,9.955653548e-01
3.825056152e+02,7.159736753e-01
3.826168823e+02,1.327740192e+00
3.827281799e+02,1.012467504e+00
3.828394775e+02,8.234643191e-02
3.829507751e+02,-1.247269362e-01
3.830620728e+02,1.314315051e-01
3.831734009e+02,-4.243971407e-01
3.832846985e+02,1.372343183e+00
3.833960266e+02,5.784624219e-01
3.835073853e+02,4.285982251e-02
3.836187134e+02,6.137650609e-01
3.837300415e+02,6.641169190e-01
3.838414001e+02,7.403767705e-01
3.839527588e+02,-4.149619937e-01
3.840641174e+02,-5.812345147e-01
3.841755066e+02,-2.090613395e-01
3.842868652e+02,5.304204226e-01
3.843982544e+02,4.615031481e-01
3.845096436e+02,6.079481840e-01
3.846210632e+02,3.862732053e-01
3.847324524e+02,8.185560703e-01
3.848438721e+02,-2.767746449e-01
3.849552917e+02,6.658352017e-01
3.850667114e+02,-6.952359080e-01
3.851781311e+02,1.426833034e+00
3.852895508e+02,1.139040217e-01
3.854010010e+02,4.286676645e-01
3.855124512e+02,-2.378984094e-01
3.856239014e+02,7.241727114e-01
3.857353821e+02,3.291285634e-01
3.858468323e+02,3.754813969e-01
3.859583130e+02,-6.778550148e-02
3.860697937e+02,-1.376367062e-01
3.861812744e+02,6.198117137e-01
3.862927551e+02,7.594818473e-01
3.864042664e+02,-6.371334791e-01
3.865157776e+02,8.007223606e-01
3.866272888e+02,1.495989442e+00
3.867388000e+02,1.277735233e-01
3.868503418e+02,1.043982431e-01
3.869618530e+02,9.644391537e-01
3.870733948e+02,3.720161617e-01
3.871849365e+02,1.860289812e+00
3.872965088e+02,4.137481451e-01
3.874080505e+02,3.287712038e-01
3.875196228e+02,1.278579473e+00
3.876311951e+02,1.066666842e+00
3.877427673e+02,3.245928884e-01
3.878543396e+02,1.592484474e+00
3.879659424e+02,1.110184431e+00
3.880775146e+02,1.020035744e+00
3.881891174e+02,4.728813171e-01
3.883007202e+02,8.630976081e-01
3.884123535e+02,4.980109930e-01
3.885239563e+02,4.680868387e-01
3.886355896e+02,-4.381490350e-01
3.887472229e+02,6.510032415e-01
3.888588562e+02,-1.079119325e+00
3.889705200e+02,9.635742307e-01
3.890821533e+02,-5.951077491e-02
3.891938171e+02,5.988804698e-01
3.893054810e+02,-1.809818149e-01
3.894171448e+02,4.770388827e-02
3.895288391e+02,-6.915470362e-01
3.896405334e+02,1.135385036e+00
3.897521973e+02,8.304278255e-01
3.898639221e+02,-1.192730814e-01
3.899756165e+02,-2.098111063e-01
3.900873108e+02,-5.373384953e-01
3.901990356e+02,1.093371153e+00
3.903107605e+02,7.177391648e-02
3.904224854e+02,-5.050989985e-01
3.905342102e+02,7.481867671e-01
3.906459656e+02,-1.422804594e-01
3.907576904e+02,5.393471122e-01
3.908694458e+02,4.215439558e-01
3.909812317e+02,3.669071794e-01
3.910929871e+02,2.347959727e-01
3.912047424e+02,1.233473063e+00
3.913165283e+02,2.853690088e-01
3.914283142e+02,-8.266228437e-02
3.915401001e+02,9.070590138e-01
3.916519165e+02,1.370854020e+00
3.917637024e+02,3.535703570e-02
3.918755188e+02,8.684312701e-01
3.919873352e+02,6.226468682e-01
3.920991516e+02,9.621920586e-01
3.922109985e+02,8.713917732e-01
3.923228149e+02,2.767735124e-01
3.924346619e+02,-7.739655674e-02
3.925465088e+02,1.239146948e+00
3.926583557e+02,6.046419144e-01
3.927702332e+02,1.034305930e+00
3.928820801e+02,5.269992352e-01
3.929939575e+02,1.419088364e+00
3.931058350e+02,1.330389548e-02
3.932177124e+02,6.585174203e-01
3.933296204e+02,6.764764190e-01
3.934415283e+02,4.908853471e-01
3.935534058e+02,3.218229115e-02
3.936653137e+02,2.622049451e-01
3.937772522e+02,7.926038504e-01
3.938891602e+02,4.031924009e-01
3.940010986e+02,9.285855293e-01
3.941130371e+02,5.187880397e-01
3.942249756e+02,4.527392685e-01
3.943369141e+02,8.548743129e-01
3.944488831e+02,1.357325763e-01
3.945608215e+02,5.991147086e-02
3.946727905e+02,6.719683409e-01
3.947847595e+02,9.596076608e-01
3.948967590e+02,7.083544135e-01
3.950087280e+02,2.075534165e-01
3.951207275e+02,-7.601910233e-01
3.952327271e+02,4.084113538e-01
3.953447266e+02,6.842954755e-01
3.954567261e+02,3.239957392e-01
3.955687561e+02,1.826190501e-01
3.956807556e+02,8.851813525e-02
3.957927856e+02,-3.830762506e-01
3.959048157e+02,6.120275855e-01
3.960168762e+02,-4.787883461e-01
3.961289062e+02,6.481521130e-01
3.962409668e+02,6.085366011e-01
3.963530273e+02,3.930992484e-01
3.964650879e+02,1.716167927e+00
3.965771790e+02,1.113191172e-01
3.966892395e+02,2.381283492e-01
3.968013306e+02,5.969434381e-01
3.969134216e+02,5.125007629e-01
3.970255127e+02,5.597978234e-01
3.971376038e+02,-1.327219009e-01
3.972497253e+02,4.866116345e-01
3.973618469e+02,-4.412929416e-01
3.974739685e+02,1.054115891e+00
3.975860901e+02,-9.315416217e-02
3.976982117e+02,4.140798375e-02
3.978103638e+02,-2.534540296e-01
3.979225159e+02,1.085253119e+00
3.980346375e+02,-5.021019578e-01
3.981468201e+02,1.330005229e-01
3.982589722e+02,-6.147909909e-02
3.983711548e+02,-2.178304195e-01
3.984833069e+02,3.467175961e-01
3.985954895e+02,1.204031229e+00
3.987077026e+02,2.574279606e-01
3.988198853e+02,5.576657653e-01
3.989320984e+02,5.271393657e-01
3.990442810e+02,1.085151911e+00
3.991564941e+02,3.146535158e-01
3.992687073e+02,9.876351357e-01
3.993809509e+02,-1.132510528e-01
3.994931641e+02,8.138988018e-01
3.996054077e+02,-3.920155466e-01
3.997176514e+02,1.481192946e+00
3.998298950e+02,1.201653387e-02
3.999421692e+02,7.639958262e-01
4.000544128e+02,6.296980977e-01
4.001666870e+02,1.718225181e-01
4.002789612e+02,1.704233289e-01
4.003912354e+02,4.949153066e-01
4.005035400e+02,3.501720428e-01
4.006158142e+02,7.461442351e-01
4.007281189e+02,7.955353856e-01
4.008404236e+02,4.370700419e-01
4.009527283e+02,1.391051292e+00
4.010650635e+02,5.151022077e-01
4.011773682e+02,-8.454305679e-02
4.012897034e+02,5.590770841e-01
4.014020386e+02,9.276147485e-01
4.015143738e+02,1.287268877e+00
4.016267395e+02,5.570187569e-01
4.017390747e+02,1.490326881e+00
4.018514404e+02,9.962969422e-01
4.019638062e+02,5.771605372e-01
4.020761719e+02,3.041189015e-01
4.021885376e+02,1.113287091e+00
4.023009338e+02,9.341781586e-02
4.024133301e+02,3.731749356e-01
4.025257263e+02,1.059983850e+00
4.026381226e+02,1.158517003e+00
4.027505188e+02,1.833529174e-01
4.028629456e+02,-1.141488254e-01
4.029753723e+02,5.898618102e-01
4.030877991e+02,1.732464075e+00
4.032002258e+02,8.419386297e-02
4.033126526e+02,6.698455215e-01
4.034251099e+02,3.717995882e-01
4.035375366e+02,1.030815005e+00
4.036499939e+02,2.328018099e-01
4.037624512e+02,8.329924941e-01
4.038749390e+02,8.114831895e-02
4.039873962e+02,4.594835639e-01
4.040998840e+02,2.182920575e-01
4.042123718e+02,3.381337821e-01
4.043248596e+02,2.775054574e-01
4.044373474e+02,5.759325027e-01
4.045498657e+02,6.839716434e-01
4.046623840e+02,4.522368014e-01
4.047749023e+02,4.667445719e-01
4.048874207e+02,3.973933756e-01
4.049999390e+02,-1.308082491e-01
4.051124573e+02,1.125407457e+00
4.052250061e+02,-2.197464742e-02
4.053375549e+02,4.430633038e-02
4.054501038e+02,5.734392405e-01
4.055626526e+02,4.647136927e-01
4.056752319e+02,2.479849309e-01
4.057878113e+02,9.652472734e-01
4.059003906e+02,-3.098146617e-02
4.060129700e+02,1.235763431e+00
4.061255493e+02,3.402124941e-01
4.062381287e+02,4.998925030e-01
4.063507385e+02,9.658801556e-01
4.064633484e+02,7.921856642e-01
4.065759583e+02,6.248128414e-02
4.066885681e+02,6.111776829e-01
4.068012085e+02,-1.950517893e-01
4.069138184e+02,1.142535567e+00
4.070264587e+02,-5.501513481e-01
4.071390991e+02,9.377149343e-01
4.072517395e+02,3.847531974e-01
4.073644104e+02,3.157910407e-01
4.074770508e+02,-3.042397201e-01
4.075897217e+02,9.092246890e-01
4.077023926e+02,5.596964955e-01
4.078150635e+02,1.034459710e+00
4.079277649e+02,-5.716085806e-02
4.080404358e+02,-1.586119384e-01
4.081531372e+02,2.058777511e-01
4.082658386e+02,-2.256470025e-01
4.083785400e+02,-1.151479185e-01
4.084912720e+02,7.161833048e-01
4.086039734e+02,2.534937561e-01
4.087167053e+02,1.150960565e+00
4.088294373e+02,5.242982879e-02
4.089421692e+02,5.794548392e-01
4.090549011e+02,4.217519462e-01
4.091676636e+02,9.223293066e-01
4.092804260e+02,2.550413907e-01
4.093931885e+02,-4.909927249e-01
4.095059509e+02,9.670624137e-01
4.096187134e+02,8.203307986e-01
4.097314758e+02,2.578555644e-01
4.098442688e+02,8.109797239e-01
4.099570618e+02,6.277756095e-01
4.100698547e+02,9.470204711e-01
4.101826477e+02,1.035928130e+00
4.102954712e+02,3.064612150e-01
4.104082642e+02,1.915860176e-01
4.105210876e+02,1.831256449e-01
4.106339111e+02,5.094127059e-01
4.107467651e+02,1.655521095e-01
4.108595886e+02,7.810090780e-01
4.109724426e+02,1.082697034e+00
4.110852661e+02,4.098364115e-01
4.111981201e+02,-1.438069195e-01
4.113110046e+02,6.878849864e-01
4.114238586e+02,1.402338862e+00
4.115367432e+02,-5.347943865e-03
4.116495972e+02,3.573226035e-01
4.117624817e+02,8.858839869e-01
4.118753662e+02,1.302719563e-01
4.119882812e+02,6.055417061e-01
4.121011658e+02,-5.266722757e-03
4.122140808e+02,-2.652421892e-01
4.123269958e+02,9.083758593e-01
4.124399109e+02,-4.065945745e-01
4.125528259e+02,6.370171309e-01
4.126657715e+02,-1.687202454e-01
4.127787170e+02,3.661057949e-01
4.128916321e+02,4.636433721e-01
4.130045776e+02,3.012610674e-01
4.131175537e+02,7.861198485e-02
4.132304993e+02,9.030039310e-01
4.133434753e+02,5.975129604e-01
4.134564514e+02,9.660496712e-01
4.135694275e+02,8.007336259e-01
4.136824036e+02,1.117106199e+00
4.137953796e+02,-4.363047704e-02
4.139083862e+02,5.414009094e-01
4.140213928e+02,-6.193020940e-01
4.141343994e+02,7.150571793e-02
4.142474060e+02,9.524773061e-02
4.143604126e+02,3.887588382e-01
4.144734497e+02,-1.963165402e-01
4.145864563e+02,8.054567575e-01
4.146994934e+02,2.416979522e-01
4.148125305e+02,4.736419022e-01
4.149255981e+02,9.792517424e-01
4.150386353e+02,1.253517717e-01
4.151517029e+02,3.779291511e-01
4.152647705e+02,1.119596720e+00
4.153778381e+02,5.676431656e-01
4.154909058e+02,-6.584610790e-02
4.156040039e+02,5.695781708e-01
4.157170715e+02,1.036365509e+00
4.158301697e+02,3.420185149e-01
4.159432678e+02,3.258723617e-01
4.160563660e+02,4.459094405e-01
4.161694946e+02,9.843796492e-03
4.162825928e+02,4.120138288e-01
4.163957214e+02,1.363098264e+00
4.165088501e+02,1.503192931e-01
4.166219788e+02,9.192764759e-01
4.167351074e+02,6.655324697e-01
4.168482666e+02,9.394483566e-01
4.169614258e+02,3.925130144e-02
4.170745544e+02,6.633363366e-01
4.171877441e+02,1.327434182e+00
4.173009033e+02,2.795958817e-01
4.174140625e+02,-2.676655054e-01
4.175272522e+02,1.163816571e+00
4.176404419e+02,-2.147844285e-01
4.177536316e+02,1.087174177e+00
4.178668213e+02,5.953463316e-01
4.179800110e+02,2.943814099e-01
4.180932312e+02,4.278782308e-01
4.182064514e+02,9.911534190e-01
4.183196716e+02,3.201201931e-02
4.184328918e+02,4.682473466e-02
4.185461121e+02,6.780135036e-01
4.186593628e+02,1.027150512e+00
4.187725830e+02,8.865875006e-01
4.188858337e+02,6.071290374e-01
4.189990845e+02,2.637964785e-01
4.191123657e+02,-1.714123636e-01
4.192256165e+02,2.919492722e-01
4.193388977e+02,1.116519570e-01
4.194521484e+02,6.831067055e-02
4.195654297e+02,3.056132495e-01
4.196787415e+02,3.175881132e-02
4.197920227e+02,7.834848762e-01
4.199053345e+02,8.180634975e-01
4.200186157e+02,2.787834704e-01
4.201319275e+02,1.626978070e-01
4.202452393e+02,7.827524543e-01
4.203585815e+02,-4.877198488e-03
4.204718933e+02,9.086250663e-01
4.205852356e+02,6.321578622e-01
4.206985779e+02,9.342698455e-01
4.208119202e+02,1.086126924e+00
4.209252625e+02,3.831486404e-01
4.210386353e+02,2.072855234e-01
4.211519775e+02,-2.285020798e-01
4.212653503e+02,-2.936741412e-01
4.213787231e+02,7.554134727e-01
4.214920959e+02,4.022014737e-01
4.216054688e+02,-7.339421660e-02
4.217188721e+02,-1.276269406e-01
4.218322754e+02,-2.097183019e-01
4.219456787e+02,-4.211787879e-01
4.220590820e+02,1.061068773e+00
4.221724854e+02,6.605743766e-01
4.222859192e+02,5.230609179e-01
4.223993225e+02,4.310162365e-01
4.225127563e+02,7.428429127e-01
4.226261902e+02,1.411250681e-01
4.227396240e+02,1.796526790e+00
4.228530884e+02,5.640467405e-01
4.229665222e+02,6.306217313e-01
4.230799866e+02,-2.428826690e-02
4.231934509e+02,-1.371999383e-01
4.233069153e+02,-2.494174838e-01
4.234203796e+02,3.192091584e-01
4.235338745e+02,5.656065941e-01
4.236473389e+02,6.268835664e-01
4.237608337e+02,5.983596444e-01
4.238743286e+02,5.585658550e-01
4.239878540e+02,2.865433097e-01
4.241013489e+02,3.787809312e-01
4.242148743e+02,1.079495475e-01
4.243283691e+02,3.657316864e-01
4.244418945e+02,6.384885907e-01
4.245554199e+02,1.714675903e+00
4.246689758e+02,7.064200640e-01
4.247825012e+02,8.874667287e-01
4.248960571e+02,6.365085840e-01
4.250096130e+02,4.246254265e-01
4.251231689e+02,2.867691219e-01
4.252367249e+02,1.350803524e-01
4.253503113e+02,6.014135480e-01
4.254638672e+02,9.155405760e-01
4.255774536e+02,5.069496632e-01
4.256910400e+02,2.173453420e-01
4.258046265e+02,3.924575448e-01
4.259182129e+02,2.313892096e-01
4.260318298e+02,5.550124049e-01
4.261454468e+02,6.781668663e-01
4.262590332e+02,6.998698413e-02
4.263726501e+02,7.692852616e-01
4.264862976e+02,1.616016924e-01
4.265999146e+02,1.081887722e+00
4.267135620e+02,3.247471750e-01
4.268272095e+02,9.923764467e-01
4.269408569e+02,1.393282056e+00
4.270545044e+02,1.049820185e+00
4.271681519e+02,5.832771063e-01
4.272817993e+02,7.044861913e-01
4.273954773e+02,4.647540748e-01
4.275091553e+02,7.393138856e-02
4.276228333e+02,2.223959714e-01
4.277365112e+02,8.841825128e-01
4.278502197e+02,6.074266434e-01
4.279638977e+02,5.346058607e-01
4.280776062e+02,-6.456364989e-01
4.281913147e+02,5.105143785e-01
4.283050232e+02,1.649181992e-01
4.284187622e+02,4.796785489e-02
4.285324707e+02,1.216049790e-01
4.286462097e+02,1.163144633e-01
4.287599487e+02,7.434406281e-01
4.288736877e+02,8.534904718e-01
4.289874268e+02,3.205418587e-01
4.291011658e+02,1.881683230e+00
4.292149353e+02,4.131138623e-01
4.293287048e+02,6.539080739e-01
4.294424744e+02,-5.193332434e-01
4.295562439e+02,4.042692482e-01
4.296700134e+02,6.841083765e-01
4.297837830e+02,8.318961859e-01
4.298975830e+02,-2.918484062e-02
4.300113831e+02,2.995732129e-01
4.301251831e+02,2.695342898e-02
4.302389832e+02,8.907376975e-02
4.303527832e+02,1.818792075e-01
4.304666138e+02,2.713897228e-01
4.305804443e+02,2.734289318e-02
4.306942749e+02,4.469113648e-01
4.308081055e+02,2.394151986e-01
4.309219360e+02,-3.663536906e-02
4.310357666e+02,-5.106300712e-01
4.311496277e+02,6.679009199e-01
4.312634888e+02,2.045437843e-01
4.313773499e+02,7.494686246e-01
4.314912109e+02,5.791605115e-01
4.316050720e+02,3.582542539e-01
4.317189636e+02,1.877498925e-01
4.318328552e+02,2.556264102e-01
4.319467163e+02,-5.106941611e-02
4.320606079e+02,2.674418688e-01
4.321745300e+02,7.803833485e-01
4.322884216e+02,3.866391182e-01
4.324023438e+02,4.935798645e-01
4.325162354e+02,4.102979898e-01
4.326301575e+02,5.447182655e-01
4.327441101e+02,3.495598435e-01
4.328580322e+02,7.241682410e-01
4.329719543e+02,3.763860166e-01
4.330859070e+02,5.890818834e-01
4.331998596e+02,2.629292011e-01
4.333138123e+02,1.049127817e+00
4.334277649e+02,6.412740946e-01
4.335417175e+02,1.565237343e-01
4.336557007e+02,2.904394269e-01
4.337696838e+02,4.033838511e-01
4.338836365e+02,2.711137012e-02
4.339976196e+02,7.225956917e-01
4.341116333e+02,1.789690256e-01
4.342256165e+02,1.467974037e-01
4.343396301e+02,3.324091807e-02
4.344536133e+02,5.956019759e-01
4.345676270e+02,1.156443581e-01
4.346816711e+02,1.359885573e+00
4.347956848e+02,-1.473198086e-01
4.349096985e+02,6.605430245e-01
4.350237427e+02,5.433061719e-02
4.351377869e+02,-1.549886912e-01
4.352518311e+02,-1.937308908e-01
4.353658752e+02,3.854846656e-01
4.354799194e+02,-4.103282690e-01
4.355939941e+02,3.834479153e-01
4.357080688e+02,1.646789014e-01
4.358221130e+02,7.074677944e-01
4.359361877e+02,9.368707240e-02
4.360502930e+02,4.535249472e-01
4.361643677e+02,1.306974888e-01
4.362784729e+02,4.316714108e-01
4.363925476e+02,3.450114429e-01
4.365066528e+02,3.143341243e-01
4.366207581e+02,5.110933185e-01
4.367348938e+02,4.311811030e-01
4.368489990e+02,4.506578669e-02
4.369631348e+02,3.061168790e-01
4.370772705e+02,3.428409994e-01
4.371914062e+02,3.741039038e-01
4.373055420e+02,4.311136901e-01
4.374196777e+02,6.505652070e-01
4.375338440e+02,-5.099051595e-01
4.376479797e+02,2.333116531e-01
4.377621460e+02,4.383879900e-01
4.378763123e+02,2.846331000e-01
4.379904785e+02,-6.913310289e-02
4.381046753e+02,1.036736369e+00
4.382188416e+02,-2.132235281e-02
4.383330383e+02,3.647510335e-02
4.384472351e+02,-1.181233004e-01
4.385614319e+02,1.378047615e-01
4.386756287e+02,-9.481958114e-03
4.387898254e+02,5.613665581e-01
4.389040527e+02,4.444608986e-01
4.390182800e+02,2.664810717e-01
4.391325073e+02,3.400278389e-01
4.392467346e+02,1.655243933e-01
4.393609619e+02,1.536379904e-01
4.394752197e+02,4.063693285e-01
4.395894470e+02,1.793086827e-01
4.397037048e+02,3.830928504e-01
4.398179626e+02,4.430180788e-01
4.399322205e+02,-3.600260019e-01
4.400464783e+02,2.322114259e-01
4.401607666e+02,3.435087800e-01
4.402750244e+02,-2.686620653e-01
4.403893127e+02,3.844528794e-01
4.405036011e+02,-3.254925087e-02
4.406178894e+02,3.096478581e-01
4.407322083e+02,2.942477465e-01
4.408464966e+02,2.538083792e-01
4.409608154e+02,2.134529203e-01
4.410751343e+02,2.742060721e-01
4.411894531e+02,9.951791167e-02
4.413037720e+02,3.780519962e-01
4.414180908e+02,2.580866516e-01
4.415324402e+02,5.095903277e-01
4.416467896e+02,1.079501808e-01
4.417611389e+02,-7.265988737e-02
4.418754883e+02,6.549966335e-02
4.419898376e+02,4.345177412e-01
4.421041870e+02,1.651483417e+00
4.422185669e+02,1.692376435e-01
4.423329468e+02,-9.048471600e-02
4.424473267e+02,1.448764801e-01
4.425617065e+02,-4.974605143e-01
4.426760864e+02,4.336945415e-01
4.427904663e+02,3.288862109e-01
4.429048767e+02,2.582924366e-01
4.430192871e+02,5.080430955e-02
4.431336975e+02,7.048732042e-01
4.432481079e+02,1.261164993e-01
4.433625183e+02,6.601469517e-01
4.434769287e+02,7.248532176e-01
4.435913696e+02,6.021763384e-02
4.437058105e+02,7.057392504e-03
4.438202515e+02,1.175576970e-01
4.439346924e+02,4.393342137e-02
4.440491333e+02,3.840796351e-01
4.441636047e+02,-2.902724743e-01
4.442780457e+02,1.029945761e-01
4.443925171e+02,2.678862214e-01
4.445069885e+02,-5.103370920e-02
4.446214600e+02,1.603697687e-01
4.447359619e+02,2.505108118e-01
4.448504333e+02,4.419374466e-02
4.449649353e+02,7.230420709e-01
4.450794067e+02,-1.203123927e-01
4.451939087e+02,2.304396927e-01
4.453084412e+02,2.081115246e-01
4.454229431e+02,4.423924387e-01
4.455374451e+02,5.389921367e-02
4.456519775e+02,8.146088123e-01
4.457665100e+02,1.544761807e-01
4.458810425e+02,4.829168022e-01
4.459955750e+02,-3.363689035e-02
4.461101074e+02,9.269592166e-02
4.462246704e+02,-4.114125967e-01
4.463392334e+02,3.228580952e-02
4.464537659e+02,1.439063102e-01
4.465683289e+02,1.470532566e-01
4.466829224e+02,1.514639407e-01
4.467974854e+02,3.194932938e-01
4.469120483e+02,-2.306452394e-02
4.470266418e+02,2.635662258e-01
4.471412354e+02,6.549999118e-02
4.472558289e+02,5.253888965e-01
4.473704224e+02,4.451261759e-01
4.474850464e+02,1.726724505e-01
4.475996399e+02,3.706646264e-01
4.477142639e+02,4.904076457e-01
4.478288879e+02,3.017679453e-01
4.479435120e+02,5.876556635e-01
4.480581360e+02,-3.372121975e-02
4.481727600e+02,5.805753469e-01
4.482874146e+02,2.471309304e-01
4.484020386e+02,1.907929480e-01
4.485166931e+02,5.744832754e-02
4.486313477e+02,8.783707023e-02
4.487460022e+02,1.590661407e-01
4.488606873e+02,8.234787583e-01
4.489753418e+02,-1.491575241e-01
4.490900269e+02,5.661213398e-02
4.492047119e+02,9.611184150e-02
4.493193970e+02,1.595924646e-01
4.494340820e+02,1.831651777e-01
4.495487671e+02,8.577860147e-02
4.496634827e+02,1.990058720e-01
4.497781982e+02,3.137740493e-01
4.498928833e+02,4.438216090e-01
4.500075989e+02,2.516794801e-01
4.501223450e+02,1.147476677e-02
4.502370605e+02,3.174923956e-01
4.503517761e+02,-1.814038306e-02
4.504665222e+02,6.031261086e-01
4.505812683e+02,1.806822270e-01
4.506960144e+02,2.391904742e-01
4.508107605e+02,-6.029966474e-02
4.509255066e+02,2.235757746e-02
4.510402832e+02,6.823471189e-01
4.511550598e+02,2.198825218e-02
4.512698059e+02,-1.543354690e-01
4.513845825e+02,4.454146922e-01
4.514993896e+02,5.275985226e-02
4.516141663e+02,2.761644423e-01
4.517289429e+02,-7.919606566e-02
4.518437500e+02,1.273374557e-01
4.519585571e+02,-2.092849761e-01
4.520733643e+02,6.381387115e-01
4.521881714e+02,1.047923937e-01
4.523029785e+02,2.624560893e-01
4.524178162e+02,1.234881803e-01
4.525326233e+02,3.326729238e-01
4.526474609e+02,5.269618630e-01
4.527622986e+02,4.115058482e-01
4.528771362e+02,-7.672896236e-02
4.529920044e+02,2.943138778e-01
4.531068420e+02,1.122752801e-01
4.532217102e+02,4.658631086e-01
4.533365479e+02,-9.001339972e-02
4.534514160e+02,1.124059968e-02
4.535663147e+02,1.081186235e-01
4.536811829e+02,3.919928074e-01
4.537960510e+02,-1.502528340e-01
4.539109497e+02,2.796863317e-01
4.540258484e+02,3.525720909e-02
4.541407471e+02,8.877708316e-01
4.542556458e+02,4.057872891e-01
4.543705444e+02,-5.147206411e-02
4.544854431e+02,1.641496718e-01
4.546003723e+02,2.696791887e-01
4.547153015e+02,2.563920617e-02
4.548302002e+02,7.372566462e-01
4.549451599e+02,1.415144652e-01
4.550600891e+02,2.477828562e-01
4.551750183e+02,-1.290562004e-01
4.552899780e+02,1.889085174e-01
4.554049072e+02,1.067426875e-01
4.555198669e+02,3.106946349e-01
4.556348267e+02,6.195021272e-01
4.557497864e+02,3.895847201e-01
4.558647766e+02,2.436479777e-01
4.559797363e+02,5.998354554e-01
4.560947266e+02,1.741748154e-01
4.562097168e+02,3.477019370e-01
4.563247070e+02,-2.443901896e-01
4.564396973e+02,3.450868428e-01
4.565546875e+02,-1.161397621e-01
4.566697083e+02,-2.007239312e-01
4.567846985e+02,2.603503466e-01
4.568997192e+02,5.506291389e-01
4.570147400e+02,-4.273895621e-01
4.571297607e+02,5.622314811e-01
4.572448120e+02,2.025626786e-02
4.573598328e+02,-6.800048798e-02
4.574748840e+02,-3.766231239e-01
4.575899353e+02,7.000610828e-01
4.577049561e+02,5.573060736e-02
4.578200378e+02,3.621339202e-01
4.579350891e+02,1.144136414e-01
4.580501404e+02,1.697186083e-01
4.581652222e+02,1.104502678e-01
4.582803040e+02,3.694882393e-01
4.583953552e+02,6.030395627e-02
4.585104370e+02,3.361175954e-02
4.586255493e+02,1.085793748e-01
4.587406311e+02,4.776866436e-01
4.588557434e+02,1.137743592e-01
4.589708252e+02,3.502831459e-01
4.590859375e+02,-2.597013414e-01
4.592010498e+02,8.076360077e-02
4.593161621e+02,1.561092678e-02
4.594313049e+02,1.340603977e-01
4.595464172e+02,2.451360971e-01
4.596615601e+02,7.788852453e-01
4.597767029e+02,4.001725093e-02
4.598918457e+02,1.605445594e-01
4.600069885e+02,3.260442019e-01
4.601221313e+02,2.481312305e-01
4.602372742e+02,7.353363931e-02
4.603524475e+02,3.984337300e-02
4.604676208e+02,-2.620275617e-01
4.605827942e+02,2.466732264e-01
4.606979675e+02,1.947092116e-01
4.608131409e+02,1.615531445e-01
4.609283142e+02,1.593439579e-01
4.610435181e+02,9.566819668e-02
4.611587219e+02,-5.181334019e-01
4.612738953e+02,-1.165076792e-01
4.613891296e+02,5.089295283e-02
4.615043335e+02,-2.243998945e-01
4.616195374e+02,1.956815571e-01
4.617347717e+02,-1.327319443e-01
4.618499756e+02,3.994876519e-02
4.619652100e+02,-3.209627466e-03
4.620804443e+02,3.118980825e-01
4.621956787e+02,-6.680838764e-02
4.623109131e+02,1.758579761e-01
4.624261780e+02,-4.761855602e-01
4.625414124e+02,2.497017384e-02
4.626566772e+02,2.889733315e-01
4.627719421e+02,-1.657813974e-02
4.628872070e+02,1.268003583e-01
4.630024719e+02,5.230146646e-01
4.631177673e+02,1.600842476e-01
4.632330322e+02,2.342604101e-02
4.633483276e+02,1.454758048e-01
4.634636230e+02,2.549838722e-01
4.635789185e+02,3.011789024e-01
4.636942139e+02,1.576493382e-01
4.638095093e+02,-1.357207149e-01
4.639248352e+02,9.789016098e-03
4.640401306e+02,1.821926609e-02
4.641554565e+02,5.934505463e-01
4.642707825e+02,-5.048789456e-02
4.643861084e+02,6.683049351e-02
4.645014648e+02,6.234881878e-01
4.646167908e+02,1.941978186e-01
4.647321472e+02,-4.946243763e-01
4.648474731e+02,2.484379858e-01
4.649628296e+02,-2.181878388e-01
4.650781860e+02,-1.160008386e-01
4.651935425e+02,-4.590107203e-01
4.653089294e+02,-2.087685913e-01
4.654242859e+02,-3.773946464e-01
4.655396729e+02,4.246127009e-01
4.656550598e+02,1.054984406e-01
4.657704468e+02,1.056494564e-02
4.658858337e+02,2.861812711e-02
4.660012207e+02,1.189157739e-01
4.661166382e+02,-1.470901966e-01
4.662320251e+02,-5.708696693e-02
4.663474426e+02,1.662845314e-01
4.664628601e+02,5.989566445e-01
4.665782776e+02,3.016104400e-01
4.666936951e+02,6.502186060e-01
4.668091125e+02,4.261116683e-02
4.669245605e+02,5.563950539e-01
4.670400085e+02,-1.692659855e-01
4.671554260e+02,2.349482104e-02
4.672708740e+02,-3.900664151e-01
4.673863220e+02,2.997905314e-01
4.675018005e+02,-2.161107510e-01
4.676172485e+02,-4.636115581e-02
4.677327271e+02,-1.672019511e-01
4.678481750e+02,-2.538870871e-01
4.679636536e+02,2.488965839e-01
4.680791321e+02,7.061618567e-02
4.681946411e+02,6.845980287e-01
4.683101196e+02,3.009714186e-01
4.684256287e+02,-5.372985005e-01
4.685411072e+02,2.777943909e-01
4.686566162e+02,1.916743070e-01
4.687721252e+02,4.597670138e-01
4.688876343e+02,4.430156052e-01
4.690031433e+02,6.900960952e-02
4.691186829e+02,4.586212635e-01
4.692341919e+02,2.891050465e-02
4.693497314e+02,2.745761573e-01
4.694652710e+02,9.695969522e-02
4.695808105e+02,-3.206706345e-01
4.696963501e+02,6.602030396e-01
4.698119202e+02,-2.924388945e-01
4.699274597e+02,-2.960025668e-01
4.700430298e+02,-3.605800569e-01
4.701585693e+02,5.921690464e-01
4.702741394e+02,-2.201526463e-01
4.703897400e+02,1.512314752e-02
4.705053101e+02,1.797247827e-01
4.706208801e+02,1.522816271e-01
4.707364807e+02,3.252615333e-01
4.708520508e+02,1.959002316e-01
4.709676514e+02,1.504043490e-01
4.710832520e+02,-9.899800271e-02
4.711988525e+02,-7.267580926e-02
4.713144836e+02,4.557785392e-01
4.714300842e+02,-4.371094108e-01
4.715457153e+02,1.279764473e-01
4.716613464e+02,-8.134226501e-02
4.717769775e+02,6.079571247e-01
4.718926086e+02,-2.871458884e-03
4.720082397e+02,3.611779213e-01
4.721238708e+02,-2.068933249e-01
4.722395325e+02,2.687190473e-02
4.723551636e+02,3.922387213e-02
4.724708252e+02,-1.527360827e-02
4.725864868e+02,2.579972148e-01
4.727021484e+02,5.151468515e-01
4.728178406e+02,3.500186205e-01
4.729335022e+02,3.554812968e-01
4.730491943e+02,4.212814271e-01
4.731648560e+02,1.782779954e-02
4.732805481e+02,2.186144143e-02
4.733962402e+02,3.402096331e-01
4.735119324e+02,1.303640157e-01
4.736276550e+02,1.738339812e-01
4.737433472e+02,5.620543379e-03
4.738590698e+02,-3.253300115e-02
4.739747925e+02,3.633859456e-01
4.740904846e+02,-4.735392034e-01
4.742062378e+02,3.978691995e-02
4.743219604e+02,2.396404445e-01
4.744376831e+02,-3.129135072e-01
4.745534363e+02,1.709820330e-01
4.746691589e+02,-2.631600201e-01
4.747849121e+02,4.797942340e-01
4.749006653e+02,-6.274003536e-02
4.750164185e+02,1.129841059e-01
4.751321716e+02,9.419262409e-02
4.752479553e+02,-1.374451816e-01
4.753637085e+02,3.902622312e-02
4.754794922e+02,6.055432558e-01
4.755952759e+02,-2.258288264e-01
4.757110596e+02,-1.461242288e-01
4.758268433e+02,-1.542856395e-01
4.759426270e+02,5.104301572e-01
4.760584412e+02,-2.021831423e-01
4.761742249e+02,2.659799457e-01
4.762900391e+02,2.466191649e-01
4.764058533e+02,1.763306558e-01
4.765216675e+02,-2.849744866e-03
4.766374817e+02,-1.327622831e-01
4.767533264e+02,1.689404249e-01
4.768691406e+02,1.739302725e-01
4.769849854e+02,2.811564505e-01
4.771007996e+02,1.963120252e-01
4.772166443e+02,-9.772630036e-02
4.773324890e+02,1.822993755e-01
4.774483643e+02,6.884545088e-01
4.775642090e+02,8.425870538e-02
4.776800842e+02,1.064739227e-01
4.777959290e+02,3.120054603e-01
4.779118042e+02,2.534765005e-01
4.780276794e+02,5.948132277e-01
4.781435547e+02,-7.868372649e-02
4.782594299e+02,1.883487403e-01
4.783753357e+02,1.512835026e-01
4.784912109e+02,3.286442161e-01
4.786071167e+02,2.633332908e-01
4.787230225e+02,2.658491582e-02
4.788389282e+02,-1.560139935e-02
4.789548340e+02,3.279936612e-01
4.790707397e+02,2.001061887e-01
4.791866455e+02,-2.914921381e-03
4.793025818e+02,-7.606971264e-02
4.794185181e+02,-2.821339993e-03
4.795344543e+02,1.316688806e-01
4.796503906e+02,-4.118838310e-01
4.797663269e+02,1.503575891e-01
4.798822632e+02,4.463805556e-01
4.799981995e+02,1.067255810e-01
4.801141663e+02,3.124360740e-01
4.802301331e+02,2.157262117e-01
4.803460999e+02,2.281489819e-01
4.804620667e+02,-3.850844204e-01
4.805780334e+02,4.494750202e-01
4.806940002e+02,2.185366750e-01
4.808099976e+02,4.630101919e-01
4.809259644e+02,5.095163733e-02
4.810419617e+02,2.361519933e-01
4.811579590e+02,3.041899800e-01
4.812739563e+02,2.676378377e-02
4.813899536e+02,-8.716951311e-02
4.815059509e+02,1.404768229e-02
4.816219788e+02,-2.236538529e-01
4.817379761e+02,-2.111333609e-01
4.818540039e+02,1.966007650e-01
4.819700317e+02,3.872347176e-01
4.820860596e+02,-6.499411911e-02
4.822020874e+02,-1.649810970e-01
4.823181152e+02,-2.700923979e-01
4.824341736e+02,4.312745035e-01
4.825502319e+02,-1.104668807e-02
4.826662598e+02,5.966099501e-01
4.827823181e+02,6.339834630e-02
4.828983765e+02,1.427792311e-01
4.830144348e+02,5.558668450e-02
4.831305237e+02,7.449338436e-01
4.832465820e+02,-3.846182823e-01
4.833626709e+02,5.233673453e-01
4.834787598e+02,-1.320395470e-01
4.835948181e+02,3.055469692e-01
4.837109375e+02,-2.454411387e-01
4.838270264e+02,4.408752322e-01
4.839431152e+02,1.421595179e-02
4.840592041e+02,-1.677995324e-01
4.841753235e+02,6.854075193e-02
4.842914429e+02,-6.364434958e-02
4.844075623e+02,8.070132881e-02
4.845236816e+02,1.342023909e-01
4.846398010e+02,-3.997463882e-01
4.847559204e+02,7.072919607e-01
4.848720703e+02,3.999540508e-01
4.849881897e+02,4.268129766e-01
4.851043396e+02,-3.410200477e-01
4.852204895e+02,-6.624982953e-01
4.853366394e+02,-9.446765184e-01
4.854527893e+02,-2.994393110e-01
4.855689697e+02,-1.849468052e-01
4.856851196e+02,5.275066495e-01
4.858013000e+02,6.737396121e-01
4.859174500e+02,4.105477035e-01
4.860336304e+02,-1.114020586e+00
4.861498108e+02,3.221713006e-02
4.862659912e+02,1.622031480e-01
4.863822021e+02,-6.928112358e-02
4.864983826e+02,5.269013643e-01
4.866145935e+02,-5.351662636e-02
4.867307739e+02,2.272766978e-01
4.868469849e+02,5.094825476e-02
4.869631958e+02,-9.951592982e-02
4.870794067e+02,2.725829184e-01
4.871956482e+02,6.048271060e-02
4.873118591e+02,8.403592110e-01
4.874281006e+02,2.065429240e-01
4.875443115e+02,-1.714004576e-01
4.876605530e+02,-3.777622804e-02
4.877767944e+02,2.680697441e-01
4.878930359e+02,-6.134794652e-02
4.880093079e+02,1.786684990e-01
4.881255493e+02,-1.346092969e-01
4.882418213e+02,-8.511851728e-02
4.883580627e+02,4.659987614e-02
4.884743347e+02,-1.133162379e-01
4.885906067e+02,-1.615273356e-01
4.887068787e+02,-5.943765864e-02
4.888231812e+02,9.420601279e-02
4.889394531e+02,-6.219879165e-02
4.890557251e+02,1.306028571e-02
4.891720276e+02,2.523260117e-01
4.892883301e+02,2.536376715e-01
4.894046326e+02,5.450138077e-02
4.895209351e+02,-1.311137825e-01
4.896372375e+02,-1.043799818e-01
4.897535400e+02,3.529068083e-02
4.898698730e+02,2.735908329e-01
4.899862061e+02,1.405061334e-01
4.901025085e+02,2.257299870e-01
4.902188416e+02,-1.103760973e-01
4.903351746e+02,-1.961013526e-01
4.904515381e+02,1.863627881e-01
4.905678711e+02,-6.340551376e-02
4.906842041e+02,2.566196024e-01
4.908005676e+02,-2.321005762e-01
4.909169312e+02,2.506915033e-01
4.910332947e+02,-7.279140502e-02
4.911496582e+02,-2.606109483e-03
4.912660217e+02,4.797140136e-02
4.913823853e+02,7.118730247e-02
4.914987793e+02,1.600091606e-01
4.916151428e+02,5.155672505e-02
4.917315369e+02,-7.621497661e-02
4.918479309e+02,4.814198241e-02
4.919643250e+02,-2.225868776e-02
4.920807190e+02,1.706009731e-02
4.921971130e+02,1.139689609e-01
4.923135071e+02,3.991378099e-02
4.924299316e+02,1.239003316e-01
4.925463562e+02,3.056179881e-01
4.926627502e+02,-4.182800353e-01
4.927791748e+02,1.790272295e-01
4.928955994e+02,-8.980923891e-02
4.930120544e+02,2.667028904e-01
4.931284790e+02,1.528849751e-01
4.932449036e+02,-2.571726451e-03
4.933613586e+02,-1.591653079e-01
4.934778137e+02,1.190893799e-01
4.935942688e+02,-4.421326146e-02
4.937107239e+02,3.015769124e-01
4.938271790e+02,-3.856476247e-01
4.939436340e+02,-1.011261251e-02
4.940601196e+02,3.561543673e-02
4.941765747e+02,2.164443880e-01
4.942930603e+02,-2.930034399e-01
4.944095459e+02,3.343511224e-01
4.945260315e+02,-4.229608551e-02
4.946425171e+02,-5.063625053e-02
4.947590027e+02,-1.633713245e-01
4.948755188e+02,1.289744824e-01
4.949920044e+02,5.728689954e-02
4.951085205e+02,3.344605863e-01
4.952250366e+02,1.378197521e-01
4.953415222e+02,5.327565130e-03
4.954580688e+02,-4.594738781e-02
4.955745850e+02,4.256309569e-01
4.956911011e+02,-1.030505542e-02
4.958076477e+02,-2.789243162e-01
4.959241638e+02,-3.278886974e-01
4.960407104e+02,6.829157472e-01
4.961572571e+02,-2.574272454e-03
4.962738037e+02,2.433194071e-01
4.963903503e+02,-1.400205940e-01
4.965068970e+02,4.220924675e-01
4.966234741e+02,1.227489412e-01
4.967400208e+02,-3.413139582e-01
4.968565979e+02,-4.168621078e-02
4.969731750e+02,3.487500846e-01
4.970897522e+02,-1.527457535e-01
4.972063293e+02,3.115161657e-01
4.973229065e+02,-5.183567852e-02
4.974394836e+02,1.572023630e-01
4.975560913e+02,1.348267496e-02
4.976726685e+02,1.821403056e-01
4.977892761e+02,1.161831319e-01
4.979058838e+02,1.702750660e-02
4.980224915e+02,3.203931451e-01
4.981390991e+02,-6.454380695e-03
4.982557068e+02,-1.949312389e-01
4.983723450e+02,2.110390067e-01
4.984889526e+02,-1.717529446e-01
4.986055908e+02,-5.809461698e-02
4.987222290e+02,-1.005450860e-01
4.988388672e+02,3.478014469e-01
4.989555054e+02,-2.341963947e-01
4.990721436e+02,-2.383799991e-03
4.991887817e+02,1.825359166e-01
4.993054504e+02,1.586929560e-01
4.994221191e+02,1.036544740e-01
4.995387573e+02,1.049337685e-01
4.996554260e+02,-3.388346732e-01
4.997720947e+02,2.246741056e-01
4.998887634e+02,2.329536378e-01
5.000054626e+02,-1.419693697e-02
5.001221313e+02,1.249412522e-01
5.002388000e+02,-2.574441023e-03
5.003554993e+02,-3.230174184e-01
5.004721985e+02,7.813438773e-02
5.005888977e+02,8.856713772e-03
5.007055969e+02,-1.628252119e-01
5.008222961e+02,-5.603956059e-02
5.009389954e+02,1.886777282e-01
5.010557251e+02,6.465720385e-02
5.011724243e+02,1.562119424e-01
5.012891541e+02,-3.176231682e-01
5.014058838e+02,2.177471966e-01
5.015226135e+02,-1.243322268e-01
5.016393433e+02,8.376601338e-02
5.017560730e+02,1.340115517e-01
5.018728333e+02,3.589725196e-01
5.019895630e+02,1.175371110e-01
5.021063232e+02,-9.760071523e-03
5.022230835e+02,1.971828379e-02
5.023398132e+02,2.829629481e-01
5.024565735e+02,-1.439376920e-01
5.025733643e+02,1.645774692e-01
5.026901245e+02,-1.160921901e-01
5.028068848e+02,1.676234007e-01
5.029236755e+02,-9.942211211e-02
5.030404663e+02,5.199807882e-01
5.031572266e+02,-9.832637012e-02
5.032740173e+02,1.816216856e-01
5.033908081e+02,2.726438642e-01
5.035076294e+02,8.217580616e-02
5.036244202e+02,-2.566868905e-03
5.037412109e+02,1.987760365e-01
5.038580322e+02,-8.663919568e-02
5.039748535e+02,-1.743877232e-01
5.040916443e+02,-6.751111895e-02
5.042084656e+02,-6.384130567e-02
5.043252869e+02,-2.286231071e-01
5.044421387e+02,-3.694047406e-02
5.045589600e+02,9.269435704e-02
5.046758118e+02,3.545609862e-02
5.047926331e+02,-2.418071330e-01
5.049094849e+02,-2.188012600e-01
5.050263367e+02,-1.814955622e-01
5.051431885e+02,2.031688020e-02
5.052600403e+02,-1.111826822e-01
5.053768921e+02,2.345754206e-02
5.054937439e+02,4.575795680e-02
5.056106262e+02,1.659243703e-01
5.057275085e+02,4.499088228e-02
5.058443604e+02,1.655361056e-01
5.059612427e+02,-3.547663242e-02
5.060781250e+02,1.011244580e-01
5.061950073e+02,1.349239647e-01
5.063119202e+02,4.725856781e-01
5.064288025e+02,-2.534331679e-01
5.065457153e+02,2.029643394e-02
5.066625977e+02,-1.086149514e-01
5.067795105e+02,5.953279734e-01
5.068964233e+02,1.323342025e-01
5.070133362e+02,9.128576517e-02
5.071302490e+02,2.271095812e-01
5.072471924e+02,-7.177434862e-02
5.073641052e+02,-3.666244149e-01
5.074810181e+02,1.474830955e-01
5.075979614e+02,-2.821281850e-01
5.077149048e+02,-7.882070541e-02
5.078318481e+02,-3.170478046e-01
5.079487915e+02,3.318796158e-01
5.080657349e+02,2.602538466e-01
5.081826782e+02,5.753762275e-02
5.082996521e+02,1.996944100e-01
5.084165955e+02,-1.175264791e-01
5.085335693e+02,-3.966820240e-02
5.086505432e+02,8.873026073e-02
5.087675171e+02,-1.435173452e-01
5.088844910e+02,3.564362228e-02
5.090014648e+02,-2.861964107e-01
5.091184387e+02,2.656441033e-01
5.092354431e+02,9.676738083e-02
5.093524170e+02,-2.175383829e-02
5.094694214e+02,-1.941338778e-01
5.095864258e+02,1.658310927e-02
5.097034302e+02,-9.780060500e-02
5.098204346e+02,-2.539676148e-03
5.099374390e+02,-1.328899562e-01
5.100544739e+02,-2.116730995e-02
5.101714783e+02,-1.907539219e-01
5.102885132e+02,-8.476063609e-02
5.104055176e+02,6.700278819e-02
5.105225525e+02,-9.364667535e-02
5.106395874e+02,1.289732605e-01
5.107566223e+02,-2.536300123e-01
5.108736572e+02,-1.443624794e-01
5.109907227e+02,2.663631737e-01
5.111077576e+02,-2.602742314e-01
5.112248230e+02,-6.782714278e-02
5.113418579e+02,-9.693929926e-03
5.114589233e+02,-1.886206418e-01
5.115759888e+02,2.897173762e-01
5.116930542e+02,1.153777167e-01
5.118101196e+02,-1.591089070e-01
5.119272156e+02,1.320740730e-01
5.120443115e+02,9.118914604e-02
5.121613770e+02,4.824687261e-03
5.122784424e+02,4.093829915e-02
5.123955688e+02,3.078266382e-01
5.125126343e+02,-2.800118327e-01
5.126297607e+02,9.637308121e-02
5.127468262e+02,-5.354195088e-02
5.128639526e+02,2.573415339e-01
5.129810181e+02,1.441127807e-01
5.130981445e+02,1.367126703e-01
5.132152710e+02,-1.827796996e-01
5.133323975e+02,4.309227169e-01
5.134495239e+02,2.529880404e-01
5.135666504e+02,2.024420649e-01
5.136837769e+02,-7.846920192e-02
5.138009033e+02,3.019394539e-02
5.139180298e+02,5.122669935e-01
5.140352173e+02,2.920889854e-01
5.141523438e+02,-3.480959311e-02
5.142694702e+02,3.130157888e-01
5.143866577e+02,-1.719774306e-02
5.145037842e+02,5.838577747e-01
5.146209717e+02,-5.056660622e-02
5.147381592e+02,4.692052305e-01
5.148552856e+02,-2.227930576e-01
5.149724731e+02,2.748913765e-01
5.150896606e+02,2.295915335e-01
5.152068481e+02,1.613149792e-01
5.153240356e+02,1.082100123e-01
5.154412231e+02,-1.898104548e-01
5.155584106e+02,1.512582004e-01
5.156755981e+02,1.247553853e-03
5.157927856e+02,8.413060755e-02
5.159099731e+02,-1.210926548e-01
5.160272217e+02,-2.403567079e-03
5.161444092e+02,8.323907107e-02
5.162615967e+02,2.444138229e-01
5.163788452e+02,-1.492183656e-01
5.164960327e+02,2.730353773e-01
5.166132812e+02,-2.460072935e-01
5.167305298e+02,3.918749094e-01
5.168477173e+02,3.192279637e-01
5.169649658e+02,2.241477072e-01
5.170822144e+02,3.274713457e-01
5.171994629e+02,5.430730060e-02
5.173167114e+02,6.569033116e-02
5.174339600e+02,3.443627059e-01
5.175512085e+02,1.699650139e-01
5.176684570e+02,4.462943599e-02
5.177857056e+02,2.259117216e-01
5.179030151e+02,1.502017230e-01
5.180202637e+02,3.472449780e-01
5.181375122e+02,8.719537407e-02
5.182548218e+02,3.643121421e-01
5.183720703e+02,-2.510408759e-01
5.184893799e+02,-9.209452569e-02
5.186066284e+02,2.554129064e-01
5.187239380e+02,2.081536949e-01
5.188412476e+02,-2.284617275e-01
5.189585571e+02,-6.313522905e-02
5.190758057e+02,-1.355380714e-01
5.191931152e+02,2.514112890e-01
5.193104248e+02,-9.538812935e-02
5.194277344e+02,1.403691322e-01
5.195451050e+02,-6.218245998e-02
5.196624146e+02,1.015589684e-01
5.197797241e+02,8.280472457e-02
5.198970337e+02,1.173758730e-01
5.200144043e+02,1.207934171e-01
5.201317139e+02,1.467789412e-01
5.202490234e+02,1.206802428e-01
5.203663940e+02,4.956099093e-01
5.204837036e+02,3.087184727e-01
5.206010742e+02,2.015137225e-01
5.207184448e+02,-1.397947222e-01
5.208358154e+02,-9.908715636e-02
5.209531250e+02,3.487481922e-02
5.210704956e+02,3.305222988e-01
5.211878662e+02,-5.103472620e-02
5.213052368e+02,-6.513252854e-02
5.214226074e+02,4.996959269e-01
5.215399780e+02,4.937050492e-02
5.216573486e+02,4.162621126e-02
5.217747803e+02,2.351146005e-02
5.218921509e+02,2.355372012e-01
5.220095215e+02,-2.852955833e-02
5.221269531e+02,9.083004296e-02
5.222443237e+02,-2.898850292e-02
5.223617554e+02,9.759406000e-02
5.224791260e+02,1.281754347e-03
5.225965576e+02,1.469500363e-01
5.227139893e+02,1.693545878e-01
5.228313599e+02,2.091937065e-01
5.229487915e+02,7.921873033e-02
5.230662231e+02,-1.368374527e-01
5.231836548e+02,-1.363331228e-01
5.233010864e+02,7.979097217e-02
5.234185181e+02,-8.843382448e-02
5.235359497e+02,1.494903415e-01
5.236533813e+02,-1.068841368e-01
5.237708130e+02,4.949055910e-01
5.238883057e+02,4.253951311e-01
5.240057373e+02,7.217344642e-02
5.241231689e+02,-3.532274067e-02
5.242406616e+02,4.889796488e-03
5.243580933e+02,3.286525011e-01
5.244755859e+02,-2.909301817e-01
5.245930786e+02,-2.454280294e-02
5.247105103e+02,-9.883984923e-02
5.248280029e+02,1.596282609e-02
5.249454956e+02,4.748108983e-01
5.250629883e+02,-5.751211569e-02
5.251804810e+02,1.857721806e-01
5.252979126e+02,-2.134733647e-01
5.254154663e+02,1.082557067e-01
5.255329590e+02,-1.708105952e-02
5.256504517e+02,-3.166540340e-02
5.257679443e+02,-1.320633385e-02
5.258854370e+02,2.667225339e-02
5.260029297e+02,-1.037250683e-01
5.261204834e+02,8.072058856e-02
5.262379761e+02,2.604496293e-02
5.263555298e+02,1.733072847e-01
5.264730225e+02,8.018230647e-02
5.265905762e+02,2.028843910e-01
5.267081299e+02,1.182832420e-01
5.268256226e+02,-4.839819670e-02
5.269431763e+02,-2.357117366e-03
5.270607300e+02,3.206678331e-01
5.271782837e+02,1.680478305e-01
5.272958374e+02,2.260341644e-01
5.274133911e+02,-8.435771614e-02
5.275309448e+02,-1.711943597e-01
5.276484985e+02,2.043570131e-01
5.277660522e+02,4.138508439e-01
5.278836060e+02,3.669705987e-02
5.280011597e+02,1.846230477e-01
5.281187744e+02,3.498447835e-01
5.282363281e+02,1.147161573e-01
5.283539429e+02,3.416461647e-01
5.284714966e+02,8.015049994e-02
5.285891113e+02,1.372564435e-01
5.287066650e+02,-2.963958681e-01
5.288242798e+02,6.203392148e-02
5.289418945e+02,1.359464675e-01
5.290595093e+02,2.241877466e-02
5.291770630e+02,2.806456089e-01
5.292946777e+02,8.332401514e-01
5.294122925e+02,1.583835334e-01
5.295299072e+02,2.840075493e-01
5.296475220e+02,5.073121190e-01
5.297651367e+02,8.969845623e-02
5.298828125e+02,-2.362510888e-03
5.300004272e+02,1.775257289e-01
5.301180420e+02,-9.402811527e-02
5.302356567e+02,-3.429337963e-02
5.303533325e+02,3.755932748e-01
5.304709473e+02,2.075635791e-01
5.305886230e+02,2.000711560e-01
5.307062378e+02,2.724569440e-01
5.308239136e+02,3.146359622e-01
5.309415894e+02,3.034486771e-01
5.310592041e+02,1.064976826e-01
5.311768799e+02,-3.742086515e-02
5.312945557e+02,2.604406513e-02
5.314122314e+02,-1.202295497e-01
5.315299072e+02,5.122795701e-01
5.316475830e+02,6.198816001e-02
5.317652588e+02,6.944399327e-02
5.318829346e+02,-2.389265923e-03
5.320006104e+02,1.513549387e-01
5.321183472e+02,1.329683661e-01
5.322360229e+02,2.810204029e-01
5.323536987e+02,2.587174252e-02
5.324714355e+02,-9.029192477e-02
5.325891113e+02,-1.660916023e-02
5.327068481e+02,3.322798312e-01
5.328245239e+02,-1.769131869e-01
5.329422607e+02,2.894262075e-01
5.330599365e+02,-3.775849342e-01
5.331776733e+02,1.506312639e-01
5.332954102e+02,3.920690715e-01
5.334131470e+02,3.306293488e-01
5.335308838e+02,4.979148507e-01
5.336486206e+02,-2.478722632e-01
5.337663574e+02,6.521275640e-02
5.338840942e+02,1.648802757e-01
5.340018311e+02,5.462614819e-02
5.341195679e+02,2.010871917e-01
5.342373047e+02,2.266488783e-02
5.343551025e+02,-6.312475353e-02
5.344728394e+02,-2.416429371e-01
5.345905762e+02,-1.700215936e-01
5.347083740e+02,7.982175797e-02
5.348261108e+02,2.160196155e-01
5.349439087e+02,9.068226814e-02
5.350616455e+02,-4.880769551e-02
5.351794434e+02,2.083998322e-01
5.352972412e+02,1.085584313e-01
5.354149780e+02,-4.887307435e-02
5.355327759e+02,-1.134168059e-01
5.356505737e+02,1.591858268e-01
5.357683716e+02,4.647519886e-01
5.358861694e+02,1.160247102e-01
5.360039673e+02,4.058137536e-01
5.361217651e+02,1.197329387e-01
5.362395630e+02,-6.745333225e-02
5.363574219e+02,1.855923682e-01
5.364752197e+02,1.130497009e-01
5.365930176e+02,1.700085402e-01
5.367108154e+02,1.692897230e-01
5.368286743e+02,4.984548688e-01
5.369464722e+02,4.064882919e-02
5.370643311e+02,1.754007787e-01
5.371821289e+02,2.527331114e-01
5.372999878e+02,2.025724649e-01
5.374178467e+02,2.370506525e-01
5.375356445e+02,5.163148046e-01
5.376535034e+02,3.584562540e-01
5.377713623e+02,1.999887526e-01
5.378892212e+02,4.720883965e-01
5.380070801e+02,4.559859335e-01
5.381249390e+02,3.496491313e-01
5.382427979e+02,3.173305094e-01
5.383606567e+02,4.442239106e-01
5.384785156e+02,4.842725396e-01
5.385964355e+02,1.739834398e-01
5.387142944e+02,4.162033498e-01
5.388321533e+02,4.649634361e-01
5.389500122e+02,8.705154657e-01
5.390679321e+02,3.748126328e-01
5.391857910e+02,2.442578822e-01
5.393037109e+02,1.622025669e-01
5.394215698e+02,5.650881529e-01
5.395394897e+02,4.730841219e-01
5.396574097e+02,7.653412223e-01
5.397753296e+02,8.976718187e-01
5.398931885e+02,1.488713324e-01
5.400111084e+02,7.698848248e-01
5.401290283e+02,2.240407318e-01
5.402469482e+02,5.007305145e-01
5.403648682e+02,7.166659832e-01
5.404827881e+02,5.234321952e-01
5.406007080e+02,5.523387790e-01
5.407186279e+02,6.791855693e-01
5.408366089e+02,5.891132355e-01
5.409545288e+02,5.962460637e-01
5.410724487e+02,4.271627069e-01
5.411904297e+02,7.669535279e-01
5.413083496e+02,5.036294460e-01
5.414262695e+02,6.726710200e-01
5.415442505e+02,6.377838254e-01
5.416622314e+02,8.275828958e-01
5.417801514e+02,8.818709254e-01
5.418981323e+02,9.381375313e-01
5.420161133e+02,7.601979375e-01
5.421340332e+02,9.642828107e-01
5.422520142e+02,6.330305934e-01
5.423699951e+02,1.217814803e+00
5.424879761e+02,1.366918087e+00
5.426059570e+02,1.110649467e+00
5.427239380e+02,1.159627199e+00
5.428419189e+02,1.631074190e+00
5.429598999e+02,1.287335992e+00
5.430779419e+02,8.944529295e-01
5.431959229e+02,1.534945726e+00
5.433139038e+02,1.472041488e+00
5.434319458e+02,1.267350554e+00
5.435499268e+02,1.786810279e+00
5.436679077e+02,1.273219347e+00
5.437859497e+02,1.969944358e+00
5.439039917e+02,1.500594139e+00
5.440219727e+02,2.037295580e+00
5.441400146e+02,2.091256857e+00
5.442580566e+02,2.169396162e+00
5.443760376e+02,2.028622389e+00
5.444940796e+02,1.977636099e+00
5.446121216e+02,1.746788979e+00
5.447301636e+02,2.256986141e+00
5.448482056e+02,1.978636742e+00
5.449662476e+02,2.329736948e+00
5.450842896e+02,2.160872698e+00
5.452023315e+02,2.459363937e+00
5.453203735e+02,3.060537815e+00
5.454384155e+02,2.827140093e+00
5.455565186e+02,2.650269032e+00
5.456745605e+02,3.386183262e+00
5.457926025e+02,3.096976757e+00
5.459107056e+02,3.178297997e+00
5.460287476e+02,3.497988462e+00
5.461468506e+02,3.297950745e+00
5.462649536e+02,3.634835720e+00
5.463829956e+02,3.838781357e+00
5.465010986e+02,4.013498306e+00
5.466192017e+02,4.299950600e+00
5.467372437e+02,3.888090611e+00
5.468553467e+02,4.953599453e+00
5.469734497e+02,4.407412052e+00
5.470915527e+02,5.065104008e+00
5.472096558e+02,4.503723145e+00
5.473277588e+02,5.212552071e+00
5.474458618e+02,5.187316418e+00
5.475639648e+02,5.832460403e+00
5.476820679e+02,5.453430653e+00
5.478002319e+02,5.553007126e+00
5.479183350e+02,5.996664524e+00
5.480364380e+02,6.438617706e+00
5.481546021e+02,6.855903149e+00
5.482727051e+02,6.775828362e+00
5.483908691e+02,6.929482937e+00
5.485089722e+02,7.264176369e+00
5.486271362e+02,7.785220146e+00
5.487452393e+02,7.823497295e+00
5.488634033e+02,8.116303444e+00
5.489815674e+02,8.163288116e+00
5.490997314e+02,8.616466522e+00
5.492178345e+02,9.340691566e+00
5.493359985e+02,9.119585037e+00
5.494541626e+02,9.553454399e+00
5.495723267e+02,9.932954788e+00
5.496904907e+02,1.046056080e+01
5.498086548e+02,1.048757267e+01
5.499268188e+02,1.081377029e+01
5.500450439e+02,1.125220394e+01
5.501632080e+02,1.144186306e+01
5.502813721e+02,1.192955875e+01
5.503995361e+02,1.198554611e+01
5.505177612e+02,1.257487965e+01
5.506359253e+02,1.296034718e+01
5.507541504e+02,1.368432617e+01
5.508723145e+02,1.396171284e+01
5.509905396e+02,1.457297039e+01
5.511087036e+02,1.448110485e+01
5.512269287e+02,1.461569595e+01
5.513451538e+02,1.515766048e+01
5.514633789e+02,1.579438019e+01
5.515815430e+02,1.599634171e+01
5.516997681e+02,1.628153801e+01
5.518179932e+02,1.693464661e+01
5.519362183e+02,1.703339958e+01
5.520544434e+02,1.767482185e+01
5.521726685e+02,1.797709656e+01
5.522908936e+02,1.794613647e+01
5.524091797e+02,1.882064438e+01
5.525274048e+02,1.911571693e+01
5.526456299e+02,1.934794998e+01
5.527638550e+02,1.984104729e+01
5.528821411e+02,2.063996696e+01
5.530003662e+02,2.119290543e+01
5.531186523e+02,2.110859871e+01
5.532368774e+02,2.161097717e+01
5.533551636e+02,2.244085312e+01
5.534733887e+02,2.293691254e+01
5.535916748e+02,2.288874435e+01
5.537099609e+02,2.346507645e+01
5.538281860e+02,2.419412041e+01
5.539464722e+02,2.428703308e+01
5.540647583e+02,2.549473000e+01
5.541830444e+02,2.445928955e+01
5.543013306e+02,2.561521912e+01
5.544196167e+02,2.609459877e+01
5.545379028e+02,2.633349609e+01
5.546561890e+02,2.688642502e+01
5.547744751e+02,2.731739807e+01
5.548927612e+02,2.700668716e+01
5.550110474e+02,2.848458862e+01
5.551293945e+02,2.806275558e+01
5.552476807e+02,2.888237572e+01
5.553659668e+02,2.881508827e+01
5.554843140e+02,2.925642204e+01
5.556026001e+02,2.910399437e+01
5.557209473e+02,2.983003998e+01
5.558392334e+02,3.084840012e+01
5.559575806e+02,3.102006531e+01
5.560758667e+02,3.162795639e+01
5.561942139e+02,3.181230354e+01
5.563125610e+02,3.180802536e+01
5.564309082e+02,3.201589584e+01
5.565491943e+02,3.319285583e+01
5.566675415e+02,3.268225861e+01
5.567858887e+02,3.401986313e+01
5.569042358e+02,3.339345932e+01
5.570225830e+02,3.412738037e+01
5.571409302e+02,3.445043564e+01
5.572592773e+02,3.440175629e+01
5.573776855e+02,3.517053986e+01
5.574960327e+02,3.578058243e+01
5.576143799e+02,3.454199600e+01
5.577327271e+02,3.563208008e+01
5.578511353e+02,3.608718872e+01
5.579694824e+02,3.631451035e+01
5.580878906e+02,3.745772934e+01
5.582062378e+02,3.690938568e+01
5.583246460e+02,3.762299728e+01
5.584429932e+02,3.819083786e+01
5.585614014e+02,3.782592010e+01
5.586797485e+02,3.849364471e+01
5.587981567e+02,3.878277969e+01
5.589165649e+02,3.963267136e+01
5.590349731e+02,3.905594254e+01
5.591533813e+02,3.963954926e+01
5.592717896e+02,3.872347260e+01
5.593901367e+02,3.973139572e+01
5.595085449e+02,4.045787430e+01
5.596270142e+02,4.024461746e+01
5.597454224e+02,4.044106674e+01
5.598638306e+02,4.057727814e+01
5.599822388e+02,3.991072845e+01
5.601006470e+02,4.062731552e+01
5.602190552e+02,4.044755936e+01
5.603375244e+02,4.131953430e+01
5.604559326e+02,4.165960312e+01
5.605744019e+02,4.173034286e+01
5.606928101e+02,4.094362640e+01
5.608112793e+02,4.260276031e+01
5.609296875e+02,4.151671600e+01
5.610481567e+02,4.187735748e+01
5.611665649e+02,4.277052307e+01
5.612850342e+02,4.280534744e+01
5.614035034e+02,4.507820892e+01
5.615219727e+02,4.293052292e+01
5.616403809e+02,4.422995377e+01
5.617588501e+02,4.467280197e+01
5.618773193e+02,4.507834625e+01
5.619957886e+02,4.479609299e+01
5.621142578e+02,4.498699570e+01
5.622327271e+02,4.530006409e+01
5.623511963e+02,4.569979858e+01
5.624696655e+02,4.559531403e+01
5.625881958e+02,4.558975983e+01
5.627066650e+02,4.576865005e+01
5.628251343e+02,4.611786270e+01
5.629436035e+02,4.602278519e+01
5.630621338e+02,4.618047333e+01
5.631806030e+02,4.576956940e+01
5.632991333e+02,4.544826126e+01
5.634176025e+02,4.523999405e+01
5.635361328e+02,4.583115768e+01
5.636546021e+02,4.612306213e+01
5.637731323e+02,4.652606583e+01
5.638916626e+02,4.552525711e+01
5.640101318e+02,4.597314453e+01
5.641286621e+02,4.701491928e+01
5.642471924e+02,4.736891937e+01
5.643657227e+02,4.654207993e+01
5.644842529e+02,4.755987930e+01
5.646027832e+02,4.655505753e+01
5.647213135e+02,4.864844131e+01
5.648398438e+02,4.761298752e+01
5.649583740e+02,4.734583664e+01
5.650769043e+02,4.810365295e+01
5.651954346e+02,4.740852356e+01
5.653139648e+02,4.742697906e+01
5.654325562e+02,4.808682632e+01
5.655510864e+02,4.746877289e+01
5.656696167e+02,4.830923462e+01
5.657882080e+02,4.744692230e+01
5.659067383e+02,4.845840454e+01
5.660253296e+02,4.894102478e+01
5.661438599e+02,4.906507874e+01
5.662624512e+02,4.890156555e+01
5.663809814e+02,4.865993500e+01
5.664995728e+02,4.928755188e+01
5.666181641e+02,4.794327545e+01
5.667366943e+02,4.962572479e+01
5.668552856e+02,4.846764755e+01
5.669738770e+02,4.715954208e+01
5.670924683e+02,4.842268372e+01
5.672110596e+02,4.815761948e+01
5.673296509e+02,4.882328796e+01
5.674482422e+02,4.756300354e+01
5.675668335e+02,4.914621353e+01
5.676854248e+02,4.952576065e+01
5.678040161e+02,4.872197723e+01
5.679226074e+02,4.851390457e+01
5.680411987e+02,4.816331482e+01
5.681598511e+02,4.831933594e+01
5.682784424e+02,4.898428726e+01
5.683970337e+02,4.856774521e+01
5.685156860e+02,4.859913254e+01
5.686342773e+02,4.871736908e+01
5.687529297e+02,4.889105225e+01
5.688715210e+02,4.906355286e+01
5.689901733e+02,4.853374481e+01
5.691087646e+02,4.854841232e+01
5.692274170e+02,4.994620514e+01
5.693460693e+02,4.956499481e+01
5.694646606e+02,4.922585678e+01
5.695833130e+02,4.933446503e+01
5.697019653e+02,5.094581604e+01
5.698206177e+02,4.980018997e+01
5.699392700e+02,4.950273132e+01
5.700579224e+02,5.006262970e+01
5.701765747e+02,4.943613815e+01
5.702952271e+02,4.916646957e+01
5.704138794e+02,4.906629944e+01
5.705325317e+02,4.921480942e+01
5.706511841e+02,5.040633392e+01
5.707698364e+02,5.050703049e+01
5.708885498e+02,4.942746735e+01
5.710072021e+02,5.010189819e+01
5.711258545e+02,4.892858505e+01
5.712445679e+02,4.955718994e+01
5.713632202e+02,4.970018768e+01
5.714819336e+02,4.985456085e+01
5.716005859e+02,4.986592865e+01
5.717192993e+02,5.072760773e+01
5.718379517e+02,5.019530106e+01
5.719566650e+02,5.031120682e+01
5.720753784e+02,5.032358170e+01
5.721940308e+02,5.006826782e+01
5.723127441e+02,5.097195435e+01
5.724314575e+02,5.012372208e+01
5.725501709e+02,5.025478363e+01
5.726688843e+02,5.014379120e+01
5.727875977e+02,5.092523956e+01
5.729063110e+02,5.099906540e+01
5.730250244e+02,5.097694397e+01
5.731437378e+02,5.154438782e+01
5.732624512e+02,5.022212219e+01
5.733811646e+02,5.019555664e+01
5.734998779e+02,5.005862427e+01
5.736185913e+02,4.890135193e+01
5.737373047e+02,5.019054031e+01
5.738560791e+02,4.975909805e+01
5.739747925e+02,5.039562988e+01
5.740935059e+02,4.964351654e+01
5.742122803e+02,5.115281296e+01
5.743309937e+02,5.027896881e+01
5.744497681e+02,5.042481232e+01
5.745684814e+02,5.041500473e+01
5.746872559e+02,5.104345703e+01
5.748060303e+02,5.031497192e+01
5.749247437e+02,5.095448303e+01
5.750435181e+02,5.105848694e+01
5.751622925e+02,5.060686111e+01
5.752810669e+02,5.177790070e+01
5.753997803e+02,5.141410065e+01
5.755185547e+02,5.114839554e+01
5.756373291e+02,5.056458664e+01
5.757561035e+02,5.069327927e+01
5.758748779e+02,5.136439896e+01
5.759936523e+02,5.144396591e+01
5.761124268e+02,5.114913559e+01
5.762312012e+02,5.189170074e+01
5.763500366e+02,5.118946457e+01
5.764688110e+02,5.129545975e+01
5.765875854e+02,5.131388092e+01
5.767063599e+02,5.037533569e+01
5.768251953e+02,5.057653809e+01
5.769439697e+02,5.025222778e+01
5.770627441e+02,5.032452011e+01
5.771815796e+02,4.969123459e+01
5.773003540e+02,5.045776749e+01
5.774191895e+02,4.934969330e+01
5.775380249e+02,5.019408798e+01
5.776567993e+02,5.054799652e+01
5.777756348e+02,5.116442490e+01
5.778944092e+02,4.966730499e+01
5.780132446e+02,4.937881088e+01
5.781320801e+02,5.068474960e+01
5.782509155e+02,5.047844315e+01
5.783697510e+02,5.082856369e+01
5.784885864e+02,5.074372482e+01
5.786073608e+02,5.082091522e+01
5.787261963e+02,5.179090500e+01
5.788450317e+02,5.105688477e+01
5.789638672e+02,5.089591217e+01
5.790827637e+02,5.047010040e+01
5.792015991e+02,5.082211304e+01
5.793204346e+02,4.983493042e+01
5.794392700e+02,4.927531815e+01
5.795581055e+02,4.955103302e+01
5.796770020e+02,5.021854401e+01
5.797958374e+02,5.073021317e+01
5.799146729e+02,5.064285278e+01
5.800335693e+02,5.082170868e+01
5.801524048e+02,5.062290573e+01
5.802713013e+02,5.037900925e+01
5.803901367e+02,4.991751099e+01
5.805090332e+02,4.993608475e+01
5.806278687e+02,4.909658813e+01
5.807467651e+02,4.933773422e+01
5.808656616e+02,4.904002380e+01
5.809844971e+02,4.992990112e+01
5.811033936e+02,4.931715775e+01
5.812222900e+02,4.914194489e+01
5.813411865e+02,4.935022736e+01
5.814600830e+02,4.966773987e+01
5.815789795e+02,4.898673248e+01
5.816978760e+02,4.808146286e+01
5.818167725e+02,4.921091843e+01
5.819356689e+02,4.864838028e+01
5.820545654e+02,4.909925842e+01
5.821734619e+02,5.046745682e+01
5.822923584e+02,5.099782944e+01
5.824112549e+02,5.165681458e+01
5.825301514e+02,5.173782349e+01
5.826491089e+02,5.100429535e+01
5.827680054e+02,5.151374817e+01
5.828869019e+02,5.113613510e+01
5.830058594e+02,5.127531052e+01
5.831247559e+02,5.195910263e+01
5.832436523e+02,5.030532455e+01
5.833626099e+02,5.085697556e+01
5.834815063e+02,5.066723251e+01
5.836004639e+02,5.206204224e+01
5.837194214e+02,5.040887451e+01
5.838383179e+02,5.072531509e+01
5.839572754e+02,5.027999496e+01
5.840762329e+02,4.975669479e+01
5.841951294e+02,5.014727783e+01
5.843140869e+02,4.969906616e+01
5.844330444e+02,4.906731796e+01
5.845520020e+02,4.846528625e+01
5.846709595e+02,4.886441422e+01
5.847899170e+02,4.985279846e+01
5.849088745e+02,4.938755798e+01
5.850278320e+02,4.914870071e+01
5.851467896e+02,4.925265121e+01
5.852657471e+02,4.899668121e+01
5.853847046e+02,4.892617035e+01
5.855036621e+02,5.014451981e+01
5.856226807e+02,5.013917923e+01
5.857416382e+02,5.017517471e+01
5.858605957e+02,4.995193100e+01
5.859795532e+02,5.029937744e+01
5.860985718e+02,5.013530350e+01
5.862175293e+02,4.936561203e+01
5.863365479e+02,4.979206085e+01
5.864555054e+02,4.968170929e+01
5.865745239e+02,4.976062393e+01
5.866934814e+02,4.945623398e+01
5.868125000e+02,4.916636276e+01
5.869314575e+02,4.949483109e+01
5.870504761e+02,4.973987961e+01
5.871694946e+02,4.973259354e+01
5.872885132e+02,4.990702820e+01
5.874074707e+02,4.948777771e+01
5.875264893e+02,4.898147202e+01
5.876455078e+02,4.926848221e+01
5.877645264e+02,4.913602448e+01
5.878835449e+02,4.907202911e+01
5.880025635e+02,4.936979675e+01
5.881215820e+02,4.973632812e+01
5.882406006e+02,5.002322388e+01
5.883596191e+02,4.972749329e+01
5.884786377e+02,4.887277985e+01
5.885976562e+02,4.915841293e+01
5.887166748e+02,4.872474289e+01
5.888356934e+02,4.919895935e+01
5.889547729e+02,4.945802689e+01
5.890737915e+02,4.846376419e+01
5.891928101e+02,4.804809570e+01
5.893118896e+02,4.923064041e+01
5.894309082e+02,4.784893799e+01
5.895499878e+02,4.902439880e+01
5.896690063e+02,4.812376022e+01
5.897880859e+02,4.800602722e+01
5.899071045e+02,4.793059921e+01
5.900261841e+02,4.889271545e+01
5.901452026e+02,4.755775070e+01
5.902642822e+02,4.781488037e+01
5.903833618e+02,4.812485123e+01
5.905023804e+02,4.796178818e+01
5.906214600e+02,4.743796158e+01
5.907405396e+02,4.870046616e+01
5.908596191e+02,4.787961960e+01
5.909786987e+02,4.759615326e+01
5.910977173e+02,4.851811600e+01
5.912167969e+02,4.851779556e+01
5.913358765e+02,4.800645828e+01
5.914549561e+02,4.934626007e+01
5.915740356e+02,4.776332092e+01
5.916931763e+02,4.738863373e+01
5.918122559e+02,4.745346832e+01
5.919313354e+02,4.732596970e+01
5.920504150e+02,4.615621185e+01
5.921694946e+02,4.750901413e+01
5.922886353e+02,4.778781128e+01
5.924077148e+02,4.712646103e+01
5.925267944e+02,4.740440369e+01
5.926458740e+02,4.731880569e+01
5.927650146e+02,4.763557816e+01
5.928840942e+02,4.779933167e+01
5.930032349e+02,4.784448624e+01
5.931223145e+02,4.760195541e+01
5.932414551e+02,4.662374115e+01
5.933605347e+02,4.756819916e+01
5.934796753e+02,4.645264053e+01
5.935988159e+02,4.730833054e+01
5.937178955e+02,4.681288528e+01
5.938370361e+02,4.665905380e+01
5.939561768e+02,4.620362091e+01
5.940753174e+02,4.685555267e+01
5.941943970e+02,4.781169510e+01
5.943135376e+02,4.663658142e+01
5.944326782e+02,4.628408432e+01
5.945518188e+02,4.663576889e+01
5.946709595e+02,4.737430573e+01
5.947901001e+02,4.568139267e+01
5.949092407e+02,4.741837311e+01
5.950283813e+02,4.600769806e+01
5.951475220e+02,4.590175247e+01
5.952666626e+02,4.639731598e+01
5.953858643e+02,4.686880493e+01
5.955050049e+02,4.576058578e+01
5.956241455e+02,4.587878418e+01
5.957432861e+02,4.649850082e+01
5.958624878e+02,4.637530899e+01
5.959816284e+02,4.601289368e+01
5.961007690e+02,4.650518799e+01
5.962199707e+02,4.632586288e+01
5.963391113e+02,4.680288696e+01
5.964583130e+02,4.623452377e+01
5.965774536e+02,4.635771179e+01
5.966966553e+02,4.576776123e+01
5.968157959e+02,4.615541458e+01
5.969349976e+02,4.699203873e+01
5.970541992e+02,4.601852036e+01
5.971733398e+02,4.531948090e+01
5.972925415e+02,4.591843796e+01
5.974117432e+02,4.553719711e+01
5.975308838e+02,4.542973328e+01
5.976500854e+02,4.499488449e+01
5.977692871e+02,4.568599319e+01
5.978884888e+02,4.533282852e+01
5.980076904e+02,4.616824722e+01
5.981268921e+02,4.611643600e+01
5.982460938e+02,4.515587997e+01
5.983652954e+02,4.509690094e+01
5.984844971e+02,4.549451828e+01
5.986036987e+02,4.637096786e+01
5.987229004e+02,4.524112320e+01
5.988421021e+02,4.551623917e+01
5.989613037e+02,4.524066544e+01
5.990805664e+02,4.483905411e+01
5.991997681e+02,4.530216599e+01
5.993189697e+02,4.539172363e+01
5.994381714e+02,4.503638840e+01
5.995574341e+02,4.534420776e+01
5.996766357e+02,4.489506531e+01
5.997958984e+02,4.511900711e+01
5.999151001e+02,4.498825455e+01
6.000343628e+02,4.518910217e+01
6.001535645e+02,4.507226562e+01
6.002728271e+02,4.497949219e+01
6.003920288e+02,4.507164001e+01
6.005112915e+02,4.510272217e+01
6.006304932e+02,4.487845230e+01
6.007497559e+02,4.448993683e+01
6.008690186e+02,4.451165009e+01
6.009882812e+02,4.450018311e+01
6.011074829e+02,4.530302811e+01
6.012267456e+02,4.511167145e+01
6.013460083e+02,4.413772964e+01
6.014652710e+02,4.344487381e+01
6.015845337e+02,4.426252365e+01
6.017037964e+02,4.380101776e+01
6.018230591e+02,4.473690033e+01
6.019423218e+02,4.480791855e+01
6.020615845e+02,4.368368149e+01
6.021808472e+02,4.381124878e+01
6.023001099e+02,4.400655746e+01
6.024193726e+02,4.416686630e+01
6.025386353e+02,4.345596313e+01
6.026578979e+02,4.388685226e+01
6.027772217e+02,4.411455536e+01
6.028964844e+02,4.375839233e+01
6.030157471e+02,4.377163696e+01
6.031350098e+02,4.355785751e+01
6.032543335e+02,4.317969131e+01
6.033735962e+02,4.253379822e+01
6.034929199e+02,4.350946045e+01
6.036121826e+02,4.272716522e+01
6.037314453e+02,4.261817169e+01
6.038507690e+02,4.353399277e+01
6.039700928e+02,4.388097382e+01
6.040893555e+02,4.308682632e+01
6.042086792e+02,4.336457062e+01
6.043279419e+02,4.237958527e+01
6.044472656e+02,4.351296234e+01
6.045665894e+02,4.285715103e+01
6.046858521e+02,4.322826767e+01
6.048051758e+02,4.291934967e+01
6.049244995e+02,4.305653000e+01
6.050438232e+02,4.298928452e+01
6.051631470e+02,4.319188690e+01
6.052824707e+02,4.273636627e+01
6.054017944e+02,4.264529037e+01
6.055210571e+02,4.292934799e+01
6.056403809e+02,4.297940445e+01
6.057597046e+02,4.248183441e+01
6.058790283e+02,4.238505936e+01
6.059984131e+02,4.231491089e+01
6.061177368e+02,4.262569046e+01
6.062370605e+02,4.260107803e+01
6.063563843e+02,4.169569778e+01
6.064757080e+02,4.254488373e+01
6.065950317e+02,4.143888855e+01
6.067144165e+02,4.193333817e+01
6.068337402e+02,4.189709854e+01
6.069530640e+02,4.132516861e+01
6.070724487e+02,4.236862183e+01
6.071917725e+02,4.078005219e+01
6.073110962e+02,4.216159058e+01
6.074304810e+02,4.153596497e+01
6.075498047e+02,4.157082367e+01
6.076691895e+02,4.096571732e+01
6.077885132e+02,4.106541824e+01
6.079078979e+02,4.176326752e+01
6.080272827e+02,4.148123169e+01
6.081466064e+02,4.202276611e+01
6.082659912e+02,4.117833710e+01
6.083853149e+02,4.047243881e+01
6.085046997e+02,4.106845474e+01
6.086240845e+02,4.131503296e+01
6.087434692e+02,4.112629318e+01
6.088628540e+02,4.116074753e+01
6.089821777e+02,4.122962952e+01
6.091015625e+02,4.070826340e+01
6.092209473e+02,4.188593292e+01
6.093403320e+02,4.101157379e+01
6.094597168e+02,4.120716095e+01
6.095791016e+02,4.084800720e+01
6.096984863e+02,4.072740555e+01
6.098178711e+02,4.083368301e+01
6.099372559e+02,4.077405167e+01
6.100566406e+02,4.204996490e+01
6.101760254e+02,4.004926300e+01
6.102954712e+02,4.059239197e+01
6.104148560e+02,4.031707764e+01
6.105342407e+02,4.142283630e+01
6.106536255e+02,4.077152252e+01
6.107730103e+02,4.161606979e+01
6.108924561e+02,4.234734344e+01
6.110118408e+02,4.169159317e+01
6.111312256e+02,4.213587952e+01
6.112506714e+02,4.176567841e+01
6.113700562e+02,4.170299149e+01
6.114895020e+02,4.068137360e+01
6.116088867e+02,4.120905685e+01
6.117283325e+02,4.099414062e+01
6.118477173e+02,3.967464066e+01
6.119671631e+02,3.999147797e+01
6.120865479e+02,4.033258057e+01
6.122059937e+02,3.938003540e+01
6.123254395e+02,4.025049591e+01
6.124448242e+02,3.950037384e+01
6.125642700e+02,3.912059021e+01
6.126837158e+02,3.910017014e+01
6.128031616e+02,3.942995834e+01
6.129225464e+02,3.940589905e+01
6.130419922e+02,3.990313721e+01
6.131614380e+02,3.929462051e+01
6.132808838e+02,3.897279739e+01
6.134003296e+02,3.927842712e+01
6.135197754e+02,3.938983154e+01
6.136392212e+02,3.879589462e+01
6.137586670e+02,3.830410767e+01
6.138781128e+02,3.894089890e+01
6.139975586e+02,3.928668976e+01
6.141170044e+02,3.846618652e+01
6.142364502e+02,3.906455612e+01
6.143558960e+02,3.843764496e+01
6.144753418e+02,3.750777435e+01
6.145948486e+02,3.817001724e+01
6.147142944e+02,3.745699692e+01
6.148337402e+02,3.843607330e+01
6.149531860e+02,3.791938400e+01
6.150726929e+02,3.730743408e+01
6.151921387e+02,3.840405273e+01
6.153115845e+02,3.705447006e+01
6.154310913e+02,3.718025589e+01
6.155505371e+02,3.758414459e+01
6.156700439e+02,3.752441788e+01
6.157894897e+02,3.694229507e+01
6.159089966e+02,3.719626236e+01
6.160284424e+02,3.732259369e+01
6.161479492e+02,3.677522278e+01
6.162673950e+02,3.667054367e+01
6.163869019e+02,3.720225525e+01
6.165064087e+02,3.686583710e+01
6.166258545e+02,3.732440186e+01
6.167453613e+02,3.623743439e+01
6.168648682e+02,3.687370300e+01
6.169843140e+02,3.676107788e+01
6.171038208e+02,3.644065857e+01
6.172233276e+02,3.719898605e+01
6.173428345e+02,3.597303391e+01
6.174623413e+02,3.635869598e+01
6.175818481e+02,3.692095566e+01
6.177013550e+02,3.575291824e+01
6.178208618e+02,3.652727890e+01
6.179403076e+02,3.565272141e+01
6.180598145e+02,3.528501511e+01
6.181793823e+02,3.576758957e+01
6.182988892e+02,3.590460205e+01
6.184183960e+02,3.620600891e+01
6.185379028e+02,3.501402283e+01
6.186574097e+02,3.622783661e+01
6.187769165e+02,3.633126831e+01
6.188964233e+02,3.547341919e+01
6.190159302e+02,3.493261719e+01
6.191354980e+02,3.606520081e+01
6.192550049e+02,3.517177200e+01
6.193745117e+02,3.527256012e+01
6.194940796e+02,3.535374832e+01
6.196135864e+02,3.489187622e+01
6.197330933e+02,3.501690674e+01
6.198526611e+02,3.500424576e+01
6.199721680e+02,3.552712631e+01
6.200917358e+02,3.520914459e+01
6.202112427e+02,3.509353256e+01
6.203308105e+02,3.476391220e+01
6.204503174e+02,3.490534210e+01
6.205698853e+02,3.500037003e+01
6.206893921e+02,3.413589859e+01
6.208089600e+02,3.443655396e+01
6.209284668e+02,3.470835495e+01
6.210480347e+02,3.412757874e+01
6.211676025e+02,3.488270187e+01
6.212871094e+02,3.465377808e+01
6.214066772e+02,3.457593155e+01
6.215262451e+02,3.348879242e+01
6.216458130e+02,3.436963654e+01
6.217653809e+02,3.440843582e+01
6.218848877e+02,3.420932770e+01
6.220044556e+02,3.365613556e+01
6.221240234e+02,3.291550827e+01
6.222435913e+02,3.369260406e+01
6.223631592e+02,3.316847992e+01
6.224827271e+02,3.353846359e+01
6.226022949e+02,3.245560837e+01
6.227218628e+02,3.352212906e+01
6.228414307e+02,3.358082962e+01
6.229609985e+02,3.320906448e+01
6.230805664e+02,3.308377838e+01
6.232001343e+02,3.317881393e+01
6.233197632e+02,3.252930832e+01
6.234393311e+02,3.266618729e+01
6.235588989e+02,3.260758972e+01
6.236784668e+02,3.299098206e+01
6.237980347e+02,3.197034645e+01
6.239176636e+02,3.256539154e+01
6.240372314e+02,3.267203903e+01
6.241567993e+02,3.326900864e+01
6.242764282e+02,3.248340607e+01
6.243959961e+02,3.163391113e+01
6.245155640e+02,3.314033127e+01
6.246351929e+02,3.281348801e+01
6.247547607e+02,3.213922882e+01
6.248743896e+02,3.211782455e+01
6.249939575e+02,3.172087479e+01
6.251135864e+02,3.267985916e+01
6.252331543e+02,3.138431358e+01
6.253527832e+02,3.195360374e+01
6.254723511e+02,3.242115784e+01
6.255919800e+02,3.126835823e+01
6.257116089e+02,3.221085739e+01
6.258311768e+02,3.235020065e+01
6.259508057e+02,3.272442627e+01
6.260704346e+02,3.068833160e+01
6.261900635e+02,3.176627159e+01
6.263096313e+02,3.169987106e+01
6.264292603e+02,3.095216560e+01
6.265488892e+02,3.117562294e+01
6.266685181e+02,2.999299812e+01
6.267881470e+02,3.138040352e+01
6.269077148e+02,3.124961472e+01
6.270273438e+02,3.124699974e+01
6.271469727e+02,3.041213226e+01
6.272666016e+02,3.051643944e+01
6.273862305e+02,3.063240433e+01
6.275058594e+02,3.126076889e+01
6.276254883e+02,3.173178101e+01
6.277451172e+02,3.078577805e+01
6.278647461e+02,3.009420586e+01
6.279844360e+02,3.125600052e+01
6.281040649e+02,3.072397041e+01
6.282236938e+02,3.040726662e+01
6.283433228e+02,3.019016647e+01
6.284629517e+02,3.050159836e+01
6.285825806e+02,2.951613045e+01
6.287022705e+02,2.963250542e+01
6.288218994e+02,2.912788391e+01
6.289415283e+02,2.981801796e+01
6.290612183e+02,3.010269547e+01
6.291808472e+02,2.990614319e+01
6.293004761e+02,2.943361282e+01
6.294201660e+02,2.989072227e+01
6.295397949e+02,2.913792229e+01
6.296594238e+02,2.995639229e+01
6.297791138e+02,2.901113129e+01
6.298987427e+02,2.977779961e+01
6.300184326e+02,2.982294273e+01
6.301380615e+02,2.931538391e+01
6.302577515e+02,3.000614357e+01
6.303773804e+02,2.918521881e+01
6.304970703e+02,2.886236382e+01
6.306167603e+02,2.873439980e+01
6.307363892e+02,2.944751740e+01
6.308560791e+02,2.949821281e+01
6.309757690e+02,2.878614426e+01
6.310953979e+02,2.934517670e+01
6.312150879e+02,2.856588554e+01
6.313347778e+02,2.818530273e+01
6.314544678e+02,2.893834114e+01
6.315740967e+02,2.849343109e+01
6.316937866e+02,2.882836151e+01
6.318134766e+02,2.816510010e+01
6.319331665e+02,2.878363609e+01
6.320528564e+02,2.791798592e+01
6.321725464e+02,2.838955688e+01
6.322922363e+02,2.854057503e+01
6.324119263e+02,2.839939880e+01
6.325316162e+02,2.791961479e+01
6.326513062e+02,2.751612091e+01
6.327709961e+02,2.705436516e+01
6.328906860e+02,2.760557747e+01
6.330103760e+02,2.715532112e+01
6.331300659e+02,2.764735222e+01
6.332497559e+02,2.765135765e+01
6.333694458e+02,2.792242622e+01
6.334891357e+02,2.656428909e+01
6.336088257e+02,2.715220642e+01
6.337285767e+02,2.745966911e+01
6.338482666e+02,2.802476311e+01
6.339679565e+02,2.685991096e+01
6.340876465e+02,2.736860847e+01
6.342073975e+02,2.747120857e+01
6.343270874e+02,2.704762459e+01
6.344467773e+02,2.651407623e+01
6.345665283e+02,2.650316811e+01
6.346862183e+02,2.618451500e+01
6.348059082e+02,2.680194092e+01
6.349256592e+02,2.605850792e+01
6.350453491e+02,2.664221382e+01
6.351651001e+02,2.702120399e+01
6.352847900e+02,2.646367645e+01
6.354045410e+02,2.610929871e+01
6.355242310e+02,2.554069138e+01
6.356439819e+02,2.656523514e+01
6.357636719e+02,2.656442451e+01
6.358834229e+02,2.667855835e+01
6.360031128e+02,2.606438065e+01
6.361228638e+02,2.557817268e+01
6.362426147e+02,2.652902985e+01
6.363623047e+02,2.613171196e+01
6.364820557e+02,2.550840759e+01
6.366018066e+02,2.560731697e+01
6.367214966e+02,2.528847694e+01
6.368412476e+02,2.532378960e+01
6.369609985e+02,2.615468979e+01
6.370807495e+02,2.591113091e+01
6.372005005e+02,2.563017464e+01
6.373201904e+02,2.587131310e+01
6.374399414e+02,2.565630913e+01
6.375596924e+02,2.575324440e+01
6.376794434e+02,2.468321609e+01
6.377991943e+02,2.552758598e+01
6.379189453e+02,2.488710976e+01
6.380386963e+02,2.517666817e+01
6.381584473e+02,2.413124657e+01
6.382781982e+02,2.540787125e+01
6.383979492e+02,2.488828087e+01
6.385177002e+02,2.419338226e+01
6.386374512e+02,2.391319656e+01
6.387572021e+02,2.545970535e+01
6.388769531e+02,2.482664299e+01
6.389967041e+02,2.476535606e+01
6.391164551e+02,2.434787178e+01
6.392362671e+02,2.382960320e+01
6.393560181e+02,2.362898827e+01
6.394757690e+02,2.450867462e+01
6.395955200e+02,2.472908020e+01
6.397152710e+02,2.463282967e+01
6.398350830e+02,2.384362984e+01
6.399548340e+02,2.486602783e+01
6.400745850e+02,2.428831863e+01
6.401943970e+02,2.409306526e+01
6.403141479e+02,2.386104584e+01
6.404338989e+02,2.386057854e+01
6.405537109e+02,2.317546272e+01
6.406734619e+02,2.355619431e+01
6.407932129e+02,2.240620422e+01
6.409130249e+02,2.324949074e+01
6.410327759e+02,2.356609726e+01
6.411525879e+02,2.245084381e+01
6.412723389e+02,2.317048073e+01
6.413921509e+02,2.305733681e+01
6.415119019e+02,2.326220894e+01
6.416317139e+02,2.252373123e+01
6.417515259e+02,2.234305763e+01
6.418712769e+02,2.255227280e+01
6.419910889e+02,2.309854317e+01
6.421108398e+02,2.212116623e+01
6.422306519e+02,2.222037888e+01
6.423504639e+02,2.182600021e+01
6.424702148e+02,2.181360817e+01
6.425900269e+02,2.270592499e+01
6.427098389e+02,2.252324295e+01
6.428296509e+02,2.119826698e+01
6.429494019e+02,2.149378014e+01
6.430692139e+02,2.176679039e+01
6.431890259e+02,2.113326836e+01
6.433088379e+02,2.224744415e+01
6.434286499e+02,2.215529251e+01
6.435484009e+02,2.104553413e+01
6.436682129e+02,2.159839821e+01
6.437880249e+02,2.155515099e+01
6.439078369e+02,2.175067329e+01
6.440276489e+02,2.174777412e+01
6.441474609e+02,2.150465965e+01
6.442672729e+02,2.130791283e+01
6.443870850e+02,2.099391174e+01
6.445068970e+02,2.116512108e+01
6.446267090e+02,2.120648766e+01
6.447465210e+02,2.172579002e+01
6.448663330e+02,2.197315216e+01
6.449861450e+02,2.084272385e+01
6.451059570e+02,2.125099564e+01
6.452257690e+02,2.089281845e+01
6.453456421e+02,2.100481033e+01
6.454654541e+02,2.169002151e+01
6.455852661e+02,2.088371849e+01
6.457050781e+02,2.067155457e+01
6.458248901e+02,2.096694946e+01
6.459447021e+02,2.058020401e+01
6.460645752e+02,2.020685196e+01
6.461843872e+02,2.015538406e+01
6.463041992e+02,2.066752815e+01
6.464240723e+02,2.050318527e+01
6.465438843e+02,2.036050987e+01
6.466636963e+02,2.016037750e+01
6.467835693e+02,1.937414169e+01
6.469033813e+02,1.961172295e+01
6.470231934e+02,2.013052940e+01
6.471430664e+02,1.961201477e+01
6.472628784e+02,1.966901588e+01
6.473827515e+02,1.962110710e+01
6.475025635e+02,1.971110535e+01
6.476223755e+02,2.013362694e+01
6.477422485e+02,2.028665543e+01
6.478620605e+02,2.023404312e+01
6.479819336e+02,2.009307671e+01
6.481017456e+02,1.990333557e+01
6.482216187e+02,1.943837738e+01
6.483414917e+02,2.014135933e+01
6.484613037e+02,2.027389526e+01
6.485811768e+02,1.878581238e+01
6.487009888e+02,1.945063591e+01
6.488208618e+02,1.983930588e+01
6.489407349e+02,1.943904877e+01
6.490605469e+02,1.969004059e+01
6.491804199e+02,1.890925407e+01
6.493002930e+02,1.957810783e+01
6.494201660e+02,1.888783455e+01
6.495399780e+02,1.900410843e+01
6.496598511e+02,1.920590019e+01
6.497797241e+02,1.962352371e+01
6.498995972e+02,1.871071053e+01
6.500194092e+02,1.941632843e+01
6.501392822e+02,1.882687759e+01
6.502591553e+02,1.951922989e+01
6.503790283e+02,1.843442917e+01
6.504989014e+02,1.892089272e+01
6.506187744e+02,1.810708618e+01
6.507386475e+02,1.860642624e+01
6.508585205e+02,1.870912170e+01
6.509783325e+02,1.905645180e+01
6.510982056e+02,1.870346451e+01
6.512180786e+02,1.878271866e+01
6.513379517e+02,1.821726418e+01
6.514578247e+02,1.915383530e+01
6.515776978e+02,1.909248924e+01
6.516975708e+02,1.789412498e+01
6.518174438e+02,1.741483879e+01
6.519373779e+02,1.920256042e+01
6.520572510e+02,1.788801193e+01
6.521771240e+02,1.910711861e+01
6.522969971e+02,1.818555069e+01
6.524168701e+02,1.851357079e+01
6.525367432e+02,1.805323982e+01
6.526566162e+02,1.813752937e+01
6.527764893e+02,1.807936287e+01
6.528964233e+02,1.877301979e+01
6.530162964e+02,1.797642136e+01
6.531361694e+02,1.769356918e+01
6.532560425e+02,1.794291496e+01
6.533759766e+02,1.765920830e+01
6.534958496e+02,1.708346176e+01
6.536157227e+02,1.805123329e+01
6.537355957e+02,1.639615440e+01
6.538555298e+02,1.672475433e+01
6.539754028e+02,1.772134972e+01
6.540952759e+02,1.867868805e+01
6.542152100e+02,1.722826004e+01
6.543350830e+02,1.760083199e+01
6.544550171e+02,1.781707191e+01
6.545748901e+02,1.738769531e+01
6.546947632e+02,1.693274307e+01
6.548146973e+02,1.839754105e+01
6.549345703e+02,1.871958351e+01
6.550545044e+02,1.890474892e+01
6.551743774e+02,1.820815849e+01
6.552943115e+02,1.911077881e+01
6.554141846e+02,1.992557335e+01
6.555341187e+02,1.886555481e+01
6.556539917e+02,2.008320808e+01
6.557739258e+02,2.030401802e+01
6.558937988e+02,1.981521797e+01
6.560137329e+02,2.049863052e+01
6.561336670e+02,2.009672546e+01
6.562535400e+02,1.884898376e+01
6.563734741e+02,1.968616104e+01
6.564934082e+02,1.848133278e+01
6.566132812e+02,1.820092583e+01
6.567332153e+02,1.845315552e+01
6.568531494e+02,1.799421120e+01
6.569730225e+02,1.757543182e+01
6.570929565e+02,1.800051689e+01
6.572128906e+02,1.707349396e+01
6.573327637e+02,1.668360519e+01
6.574526978e+02,1.647653008e+01
6.575726318e+02,1.710866356e+01
6.576925659e+02,1.609340668e+01
6.578125000e+02,1.670732689e+01
6.579323730e+02,1.723006821e+01
6.580523071e+02,1.599149990e+01
6.581722412e+02,1.622577858e+01
6.582921753e+02,1.550222778e+01
6.584121094e+02,1.654922295e+01
6.585320435e+02,1.643301010e+01
6.586519775e+02,1.902582741e+01
6.587719116e+02,1.647104836e+01
6.588917847e+02,1.517578602e+01
6.590117188e+02,1.621611595e+01
6.591316528e+02,1.580179691e+01
6.592515869e+02,1.598532867e+01
6.593715210e+02,1.620144081e+01
6.594914551e+02,1.552873135e+01
6.596113892e+02,1.490220833e+01
6.597313232e+02,1.564741707e+01
6.598512573e+02,1.553981590e+01
6.599711914e+02,1.611637878e+01
6.600911255e+02,1.479267597e+01
6.602111206e+02,1.487260818e+01
6.603310547e+02,1.502093220e+01
6.604509888e+02,1.516405869e+01
6.605709229e+02,1.466450214e+01
6.606908569e+02,1.523674202e+01
6.608107910e+02,1.551059437e+01
6.609307251e+02,1.522050953e+01
6.610506592e+02,1.479293633e+01
6.611706543e+02,1.479722977e+01
6.612905884e+02,1.490656948e+01
6.614105225e+02,1.426805401e+01
6.615304565e+02,1.469614220e+01
6.616503906e+02,1.521066952e+01
6.617703857e+02,1.455109406e+01
6.618903198e+02,1.511810493e+01
6.620102539e+02,1.369644737e+01
6.621301880e+02,1.515817833e+01
6.622501831e+02,1.449834824e+01
6.623701172e+02,1.480993366e+01
6.624900513e+02,1.419658184e+01
6.626100464e+02,1.468418312e+01
6.627299805e+02,1.463582611e+01
6.628499146e+02,1.379199886e+01
6.629699097e+02,1.486286163e+01
6.630898438e+02,1.407087994e+01
6.632098389e+02,1.387958241e+01
6.633297729e+02,1.393022060e+01
6.634497070e+02,1.413956261e+01
6.635697021e+02,1.406921101e+01
6.636896362e+02,1.338551331e+01
6.638096313e+02,1.353474140e+01
6.639295654e+02,1.395267773e+01
6.640495605e+02,1.356112289e+01
6.641694946e+02,1.386909485e+01
6.642894897e+02,1.353029060e+01
6.644094238e+02,1.423085690e+01
6.645294189e+02,1.345581341e+01
6.646493530e+02,1.347208214e+01
6.647693481e+02,1.363935947e+01
6.648892822e+02,1.436009216e+01
6.650092773e+02,1.313366127e+01
6.651292114e+02,1.420658112e+01
6.652492065e+02,1.362707996e+01
6.653692017e+02,1.331075287e+01
6.654891357e+02,1.335919476e+01
6.656091309e+02,1.347265148e+01
6.657291260e+02,1.288283539e+01
6.658490601e+02,1.317454529e+01
6.659690552e+02,1.362335396e+01
6.660890503e+02,1.323550606e+01
6.662089844e+02,1.368919086e+01
6.663289795e+02,1.418276024e+01
6.664489746e+02,1.335767746e+01
6.665689087e+02,1.302539158e+01
6.666889038e+02,1.319600773e+01
6.668088989e+02,1.242769909e+01
6.669288940e+02,1.316041660e+01
6.670488281e+02,1.373745918e+01
6.671688232e+02,1.253688908e+01
6.672888184e+02,1.295989609e+01
6.674088135e+02,1.366005421e+01
6.675288086e+02,1.286993885e+01
6.676487427e+02,1.278374767e+01
6.677687378e+02,1.216333294e+01
6.678887329e+02,1.223406887e+01
6.680087280e+02,1.174605179e+01
6.681287231e+02,1.245635414e+01
6.682487183e+02,1.272697926e+01
6.683687134e+02,1.227950096e+01
6.684886475e+02,1.235708523e+01
6.686086426e+02,1.281793022e+01
6.687286377e+02,1.268282318e+01
6.688486328e+02,1.266918564e+01
6.689686279e+02,1.286501884e+01
6.690886230e+02,1.220780849e+01
6.692086182e+02,1.265913773e+01
6.693286133e+02,1.282220554e+01
6.694486084e+02,1.190970230e+01
6.695686035e+02,1.199722958e+01
6.696885986e+02,1.185760593e+01
6.698085938e+02,1.167726231e+01
6.699285889e+02,1.221701717e+01
6.700485840e+02,1.185863686e+01
6.701685791e+02,1.171105480e+01
6.702885742e+02,1.136028099e+01
6.704085693e+02,1.191564178e+01
6.705285645e+02,1.158057880e+01
6.706485596e+02,1.123441029e+01
6.707685547e+02,1.216264248e+01
6.708885498e+02,1.262166214e+01
6.710086060e+02,1.052519321e+01
6.711286011e+02,1.199516582e+01
6.712485962e+02,1.225043583e+01
6.713685913e+02,1.156699944e+01
6.714885864e+02,1.198102093e+01
6.716085815e+02,1.203102684e+01
6.717285767e+02,1.171051502e+01
6.718486328e+02,1.140663719e+01
6.719686279e+02,1.160814476e+01
6.720886230e+02,1.174882317e+01
6.722086182e+02,1.165685558e+01
6.723286133e+02,1.096516514e+01
6.724486694e+02,1.052532864e+01
6.725686646e+02,1.112044811e+01
6.726886597e+02,1.054357147e+01
6.728086548e+02,1.118413258e+01
6.729287109e+02,1.076674461e+01
6.730487061e+02,1.061240101e+01
6.731687012e+02,1.125923061e+01
6.732886963e+02,1.064384842e+01
6.734087524e+02,1.158824539e+01
6.735287476e+02,1.140724945e+01
6.736487427e+02,1.094732571e+01
6.737687988e+02,1.124118328e+01
6.738887939e+02,1.096627903e+01
6.740087891e+02,9.944322586e+00
6.741288452e+02,1.084520817e+01
6.742488403e+02,1.060260487e+01
6.743688354e+02,1.128813934e+01
6.744888916e+02,1.062635994e+01
6.746088867e+02,1.131033993e+01
6.747288818e+02,1.005147934e+01
6.748489380e+02,1.114300442e+01
6.749689331e+02,1.026663208e+01
6.750889893e+02,1.132018566e+01
6.752089844e+02,1.109363651e+01
6.753290405e+02,1.040553665e+01
6.754490356e+02,9.970276833e+00
6.755690308e+02,9.668682098e+00
6.756890869e+02,1.084027958e+01
6.758090820e+02,1.015998268e+01
6.759291382e+02,1.052362633e+01
6.760491333e+02,1.135342979e+01
6.761691895e+02,1.088435936e+01
6.762891846e+02,1.025712490e+01
6.764092407e+02,9.406404495e+00
6.765292358e+02,1.029107094e+01
6.766492920e+02,1.008004570e+01
6.767692871e+02,9.673735619e+00
6.768893433e+02,9.377752304e+00
6.770093384e+02,9.851814270e+00
6.771293945e+02,9.776139259e+00
6.772494507e+02,1.044171238e+01
6.773694458e+02,9.884719849e+00
6.774895020e+02,1.005924416e+01
6.776094971e+02,1.010976410e+01
6.777295532e+02,9.932749748e+00
6.778495483e+02,9.639047623e+00
6.779696045e+02,1.001693535e+01
6.780896606e+02,9.598371506e+00
6.782096558e+02,9.342818260e+00
6.783297119e+02,1.000885868e+01
6.784497681e+02,9.929909706e+00
6.785697632e+02,9.663005829e+00
6.786898193e+02,1.012904263e+01
6.788098755e+02,9.263197899e+00
6.789298706e+02,9.175284386e+00
6.790499268e+02,9.430633545e+00
6.791699829e+02,9.377120018e+00
6.792899780e+02,9.860472679e+00
6.794100342e+02,9.418542862e+00
6.795300903e+02,9.350070000e+00
6.796500854e+02,9.596569061e+00
6.797701416e+02,8.554519653e+00
6.798901978e+02,9.831763268e+00
6.800101929e+02,9.618348122e+00
6.801302490e+02,1.016318798e+01
6.802503052e+02,1.001680946e+01
6.803703613e+02,9.921747208e+00
6.804903564e+02,9.772041321e+00
6.806104126e+02,9.087625504e+00
6.807304688e+02,8.927282333e+00
6.808505249e+02,9.642756462e+00
6.809705811e+02,9.321280479e+00
6.810905762e+02,8.238039970e+00
6.812106323e+02,9.518830299e+00
6.813306885e+02,8.513237953e+00
6.814507446e+02,8.740785599e+00
6.815708008e+02,8.024811745e+00
6.816907959e+02,8.594436646e+00
6.818108521e+02,1.006147289e+01
6.819309082e+02,8.689514160e+00
6.820509644e+02,8.591536522e+00
6.821710205e+02,7.877552509e+00
6.822910767e+02,8.813021660e+00
6.824110718e+02,8.273266792e+00
6.825311279e+02,8.861845970e+00
6.826511841e+02,8.076206207e+00
6.827712402e+02,9.018358231e+00
6.828912964e+02,9.012588501e+00
6.830113525e+02,8.964036942e+00
6.831314087e+02,8.318246841e+00
6.832514648e+02,8.344122887e+00
6.833714600e+02,7.322214127e+00
6.834915161e+02,8.189635277e+00
6.836115723e+02,7.774096012e+00
6.837316284e+02,8.669320107e+00
6.838516846e+02,8.615129471e+00
6.839717407e+02,7.708124161e+00
6.840917969e+02,8.472066879e+00
6.842118530e+02,8.903369904e+00
6.843319092e+02,8.720769882e+00
6.844519653e+02,8.276040077e+00
6.845720215e+02,7.937276363e+00
6.846920776e+02,7.698262691e+00
6.848121338e+02,7.858005524e+00
6.849321899e+02,8.689560890e+00
6.850522461e+02,8.500877380e+00
6.851723022e+02,8.166487694e+00
6.852923584e+02,9.194716454e+00
6.854124146e+02,8.367288589e+00
6.855324707e+02,8.769126892e+00
6.856525269e+02,7.834782124e+00
6.857725830e+02,7.829185963e+00
6.858926392e+02,7.733709812e+00
6.860126953e+02,7.243472099e+00
6.861327515e+02,7.394047737e+00
6.862528076e+02,8.156229019e+00
6.863728638e+02,7.711029530e+00
6.864929199e+02,8.530567169e+00
6.866129761e+02,8.549181938e+00
6.867330322e+02,8.063620567e+00
6.868530884e+02,8.137974739e+00
6.869731445e+02,7.853304863e+00
6.870932007e+02,7.868253708e+00
6.872132568e+02,8.133882523e+00
6.873333130e+02,8.002710342e+00
6.874533691e+02,6.795840263e+00
6.875734253e+02,8.124751091e+00
6.876934814e+02,8.603476524e+00
6.878135376e+02,7.973405838e+00
6.879336548e+02,7.480777740e+00
6.880537109e+02,7.932868004e+00
6.881737671e+02,7.353242397e+00
6.882938232e+02,7.495043278e+00
6.884138794e+02,7.159252167e+00
6.885339355e+02,7.351421833e+00
6.886539917e+02,8.177966118e+00
6.887740479e+02,6.834423065e+00
6.888941040e+02,7.239033699e+00
6.890141602e+02,7.717256069e+00
6.891342773e+02,6.744678974e+00
6.892543335e+02,7.916627884e+00
6.893743896e+02,7.722266674e+00
6.894944458e+02,7.586558342e+00
6.896145020e+02,7.602983475e+00
6.897345581e+02,7.145911217e+00
6.898546143e+02,7.769742489e+00
6.899747314e+02,7.218261719e+00
6.900947876e+02,7.145030499e+00
6.902148438e+02,7.606766701e+00
6.903348999e+02,7.370536804e+00
6.904549561e+02,6.559348583e+00
6.905750122e+02,7.775218964e+00
6.906951294e+02,7.059216499e+00
6.908151855e+02,7.079974651e+00
6.909352417e+02,6.847671509e+00
6.910552979e+02,6.560903072e+00
6.911753540e+02,8.430720329e+00
6.912954712e+02,7.202736378e+00
6.914155273e+02,7.114223957e+00
6.915355835e+02,6.339341640e+00
6.916556396e+02,7.061599731e+00
6.917756958e+02,6.516806126e+00
6.918958130e+02,7.719794750e+00
6.920158691e+02,7.039406300e+00
6.921359253e+02,7.102387428e+00
6.922559814e+02,6.216719627e+00
6.923760376e+02,6.751837254e+00
6.924961548e+02,6.351808071e+00
6.926162109e+02,6.869153023e+00
6.927362671e+02,6.740242004e+00
6.928563232e+02,6.825588226e+00
6.929764404e+02,6.047356606e+00
6.930964966e+02,6.401219845e+00
6.932165527e+02,6.828387260e+00
6.933366089e+02,6.803196430e+00
6.934567261e+02,6.162997723e+00
6.935767822e+02,7.308715820e+00
6.936968384e+02,6.705357075e+00
6.938168945e+02,6.936395168e+00
6.939370117e+02,6.429742813e+00
6.940570679e+02,6.863598347e+00
6.941771240e+02,6.123316288e+00
6.942971802e+02,6.506585121e+00
6.944172974e+02,5.754576683e+00
6.945373535e+02,6.670619965e+00
6.946574097e+02,6.152320385e+00
6.947774658e+02,7.197629452e+00
6.948975830e+02,5.036192894e+00
6.950176392e+02,6.304611683e+00
6.951376953e+02,6.783500195e+00
6.952577515e+02,7.312292576e+00
6.953778687e+02,5.852328777e+00
6.954979248e+02,6.003833294e+00
6.956179810e+02,6.555057526e+00
6.957380981e+02,7.027833462e+00
6.958581543e+02,5.548935413e+00
6.959782104e+02,6.516065598e+00
6.960982666e+02,5.731877327e+00
6.962183838e+02,6.583476067e+00
6.963384399e+02,5.023105621e+00
6.964584961e+02,5.831424713e+00
6.965786133e+02,5.779551983e+00
6.966986694e+02,6.289501190e+00
6.968187256e+02,5.974106789e+00
6.969387817e+02,6.491610050e+00
6.970588989e+02,5.289892673e+00
6.971789551e+02,6.593718052e+00
6.972990112e+02,5.978629589e+00
6.974191284e+02,4.971985817e+00
6.975391846e+02,5.530858994e+00
6.976592407e+02,6.214926720e+00
6.977793579e+02,5.742626190e+00
6.978994141e+02,5.714500427e+00
6.980194702e+02,6.149262428e+00
6.981395264e+02,5.946336746e+00
6.982596436e+02,5.075179100e+00
6.983796997e+02,5.383227825e+00
6.984997559e+02,4.781962872e+00
6.986198730e+02,6.600597382e+00
6.987399292e+02,5.374196053e+00
6.988599854e+02,5.429332733e+00
6.989801025e+02,5.429862976e+00
6.991001587e+02,5.303387642e+00
6.992202148e+02,5.276076794e+00
6.993403320e+02,6.349531651e+00
6.994603882e+02,5.263622284e+00
6.995804443e+02,5.143138885e+00
6.997005005e+02,5.225506306e+00
6.998206177e+02,6.038686275e+00
6.999406738e+02,4.528262138e+00
7.000607300e+02,4.586047173e+00
7.001808472e+02,4.605423450e+00
7.003009033e+02,5.389459133e+00
7.004209595e+02,5.463224888e+00
7.005410767e+02,5.104170799e+00
7.006611328e+02,5.187504292e+00
7.007811890e+02,5.587175369e+00
7.009013062e+02,6.234754562e+00
7.010213623e+02,6.054585934e+00
7.011414185e+02,5.620495796e+00
7.012615356e+02,5.302830696e+00
7.013815918e+02,5.723752499e+00
7.015016479e+02,4.754949570e+00
7.016217651e+02,5.636087418e+00
7.017418213e+02,5.508586407e+00
7.018618774e+02,4.377663612e+00
7.019819336e+02,5.805821896e+00
7.021020508e+02,5.545322418e+00
7.022221069e+02,6.309592724e+00
7.023421631e+02,4.852468967e+00
7.024622803e+02,5.254277229e+00
7.025823364e+02,5.271019459e+00
7.027023926e+02,5.188556671e+00
7.028225098e+02,3.917215347e+00
7.029425659e+02,5.369703770e+00
7.030626221e+02,4.485266685e+00
7.031827393e+02,5.593930721e+00
7.033027954e+02,4.554076195e+00
7.034228516e+02,5.808911800e+00
7.035429688e+02,5.266388416e+00
7.036630249e+02,4.429338932e+00
7.037830811e+02,5.263877392e+00
7.039031372e+02,3.590927839e+00
7.040232544e+02,4.570187569e+00
7.041433105e+02,5.541350842e+00
7.042633667e+02,4.781212807e+00
7.043834839e+02,5.830795288e+00
7.045035400e+02,4.226717949e+00
7.046235962e+02,5.000299454e+00
7.047437134e+02,5.214457512e+00
7.048637695e+02,5.292536736e+00
7.049838257e+02,5.373928547e+00
7.051038818e+02,5.613640785e+00
7.052239990e+02,4.906348705e+00
7.053440552e+02,4.131050110e+00
7.054641113e+02,4.554133892e+00
7.055842285e+02,5.153925419e+00
7.057042847e+02,4.596877575e+00
7.058243408e+02,6.112705708e+00
7.059443970e+02,5.321853638e+00
7.060645142e+02,4.202511311e+00
7.061845703e+02,5.896173954e+00
7.063046265e+02,5.362555981e+00
7.064247437e+02,5.108146191e+00
7.065447998e+02,5.330244541e+00
7.066648560e+02,4.171323776e+00
7.067849121e+02,3.563160181e+00
7.069050293e+02,5.228353977e+00
7.070250854e+02,4.638395786e+00
7.071451416e+02,4.322695732e+00
7.072651978e+02,5.107607365e+00
7.073853149e+02,4.743511200e+00
7.075053711e+02,4.802671432e+00
7.076254272e+02,5.072632313e+00
7.077454834e+02,4.250291348e+00
7.078656006e+02,5.533699036e+00
7.079856567e+02,4.711122513e+00
7.081057129e+02,4.525689602e+00
7.082257690e+02,4.110357761e+00
7.083458862e+02,4.722908974e+00
7.084659424e+02,5.609373569e+00
7.085859985e+02,3.494732380e+00
7.087060547e+02,4.099512577e+00
7.088261719e+02,5.375934601e+00
7.089462280e+02,5.528301716e+00
7.090662842e+02,9.756418228e+00
7.091863403e+02,4.486199856e+00
7.093064575e+02,4.422997952e+00
7.094265137e+02,3.633995771e+00
7.095465698e+02,4.648528576e+00
7.096666260e+02,3.736022472e+00
7.097866821e+02,5.243358612e+00
7.099067993e+02,4.820534706e+00
7.100268555e+02,4.891765594e+00
7.101469116e+02,3.623590946e+00
7.102669678e+02,4.535515785e+00
7.103870239e+02,4.676000118e+00
7.105071411e+02,3.684296370e+00
7.106271973e+02,3.782464743e+00
7.107472534e+02,4.491574287e+00
7.108673096e+02,3.453056097e+00
7.109873657e+02,4.927951813e+00
7.111074219e+02,3.275983334e+00
7.112275391e+02,3.794945002e+00
7.113475952e+02,4.840746880e+00
7.114676514e+02,4.650471687e+00
7.115877075e+02,3.596683502e+00
7.117077637e+02,3.986209631e+00
7.118278198e+02,4.088016987e+00
7.119479370e+02,3.971133709e+00
7.120679932e+02,4.353128910e+00
7.121880493e+02,3.516758919e+00
7.123081055e+02,3.642152786e+00
7.124281616e+02,3.837601185e+00
7.125482178e+02,3.736348629e+00
7.126682739e+02,3.850670576e+00
7.127883911e+02,3.011095047e+00
7.129084473e+02,4.698750019e+00
7.130285034e+02,2.610037804e+00
7.131485596e+02,4.687502384e+00
7.132686157e+02,3.609707594e+00
7.133886719e+02,4.142708778e+00
7.135087280e+02,3.369805813e+00
7.136287842e+02,3.827366829e+00
7.137488403e+02,3.887368917e+00
7.138689575e+02,4.145506382e+00
7.139890137e+02,3.726694345e+00
7.141090698e+02,2.842141628e+00
7.142291260e+02,4.035068989e+00
7.143491821e+02,3.615097523e+00
7.144692383e+02,4.433469772e+00
7.145892944e+02,4.438290119e+00
7.147093506e+02,3.299936056e+00
7.148294067e+02,4.091527939e+00
7.149494629e+02,3.769987106e+00
7.150695190e+02,3.621937513e+00
7.151895752e+02,4.774582863e+00
7.153096313e+02,4.390890598e+00
7.154296875e+02,3.562484741e+00
7.155497437e+02,3.205626726e+00
7.156697998e+02,2.258355379e+00
7.157898560e+02,4.454907894e+00
7.159099121e+02,3.871350050e+00
7.160299683e+02,4.723135471e+00
7.161500244e+02,3.675045013e+00
7.162700806e+02,3.193735361e+00
7.163901367e+02,2.324785948e+00
7.165101929e+02,5.021019936e+00
7.166302490e+02,3.753321648e+00
7.167503052e+02,3.162067890e+00
7.168703613e+02,2.652925491e+00
7.169904175e+02,3.418790817e+00
7.171104736e+02,3.881204128e+00
7.172305298e+02,3.299946785e+00
7.173505859e+02,3.596517563e+00
7.174706421e+02,3.502279520e+00
7.175906982e+02,3.040227175e+00
7.177107544e+02,3.397328138e+00
7.178308105e+02,2.881906509e+00
7.179508667e+02,3.502782583e+00
7.180709229e+02,3.981613874e+00
7.181909790e+02,3.374102354e+00
7.183109741e+02,3.241606236e+00
7.184310303e+02,2.743575811e+00
7.185510864e+02,3.477331638e+00
7.186711426e+02,3.821264505e+00
7.187911987e+02,3.133596182e+00
7.189112549e+02,2.856547594e+00
7.190313110e+02,2.847930431e+00
7.191513672e+02,3.547284603e+00
7.192714233e+02,3.828657627e+00
7.193914185e+02,3.053641796e+00
7.195114746e+02,2.685011625e+00
7.196315308e+02,3.534273386e+00
7.197515869e+02,3.005048990e+00
7.198716431e+02,3.606790066e+00
7.199916992e+02,2.620659351e+00
7.201116943e+02,4.210766792e+00
7.202317505e+02,2.724793673e+00
7.203518066e+02,3.170517206e+00
7.204718628e+02,2.905652761e+00
7.205919189e+02,3.299359560e+00
7.207119141e+02,3.109520197e+00
7.208319702e+02,3.662658215e+00
7.209520264e+02,2.147893667e+00
7.210720825e+02,2.703704357e+00
7.211920776e+02,3.307928324e+00
7.213121338e+02,3.469501495e+00
7.214321899e+02,2.432230949e+00
7.215522461e+02,3.426352978e+00
7.216722412e+02,3.472011089e+00
7.217922974e+02,2.613816023e+00
7.219123535e+02,2.152845144e+00
7.220324097e+02,3.124756813e+00
7.221524048e+02,2.718593359e+00
7.222724609e+02,3.060667276e+00
7.223925171e+02,3.423929691e+00
7.225125122e+02,3.183139563e+00
7.226325684e+02,3.070993900e+00
7.227526245e+02,3.342784882e+00
7.228726196e+02,3.878828049e+00
7.229926758e+02,2.831912041e+00
7.231127319e+02,4.090666771e+00
7.232327271e+02,3.240643740e+00
7.233527832e+02,2.487748861e+00
7.234728394e+02,3.524566174e+00
7.235928345e+02,3.079436779e+00
7.237128906e+02,3.964199066e+00
7.238328857e+02,3.381911516e+00
7.239529419e+02,3.587558270e+00
7.240729980e+02,2.435846329e+00
7.241929932e+02,3.283850670e+00
7.243130493e+02,2.912525654e+00
7.244330444e+02,2.863847733e+00
7.245531006e+02,2.844759941e+00
7.246730957e+02,3.166878223e+00
7.247931519e+02,1.690460920e+00
7.249131470e+02,3.572868347e+00
7.250332031e+02,2.129789114e+00
7.251532593e+02,2.197965860e+00
7.252732544e+02,1.443843842e+00
7.253933105e+02,2.990545273e+00
7.255133057e+02,2.847858191e+00
7.256333618e+02,3.782907009e+00
7.257533569e+02,3.517260551e+00
7.258733521e+02,2.378507614e+00
7.259934082e+02,2.487023115e+00
7.261134033e+02,4.104526997e+00
7.262334595e+02,1.685209990e+00
7.263534546e+02,2.706753016e+00
7.264735107e+02,3.980137587e+00
7.265935059e+02,2.351899862e+00
7.267135620e+02,1.712887764e+00
7.268335571e+02,3.257047415e+00
7.269535522e+02,2.419204473e+00
7.270736084e+02,3.678020954e+00
7.271936035e+02,3.302695751e+00
7.273135986e+02,2.123790979e+00
7.274336548e+02,1.114445210e+00
7.275536499e+02,3.394958973e+00
7.276737061e+02,2.630874395e+00
7.277937012e+02,2.679210186e+00
7.279136963e+02,1.909191132e+00
7.280337524e+02,4.015921116e+00
7.281537476e+02,3.873255014e+00
7.282737427e+02,3.841435432e+00
7.283937378e+02,2.606805801e+00
7.285137939e+02,2.802081823e+00
7.286337891e+02,2.987006187e+00
7.287537842e+02,3.564052820e+00
7.288738403e+02,2.388492584e+00
7.289938354e+02,2.511837721e+00
7.291138306e+02,2.489131927e+00
7.292338257e+02,2.602387428e+00
7.293538208e+02,3.318955660e+00
7.294738770e+02,2.919891596e+00
7.295938721e+02,2.896009207e+00
7.297138672e+02,2.026351690e+00
7.298338623e+02,2.565134764e+00
7.299538574e+02,4.144669533e+00
7.300739136e+02,2.286685228e+00
7.301939087e+02,3.956929684e+00
7.303139038e+02,2.927373886e+00
7.304338989e+02,1.644846797e+00
7.305538940e+02,2.429565907e+00
7.306738892e+02,2.814128876e+00
7.307938843e+02,1.695756078e+00
7.309138794e+02,2.858548164e+00
7.310339355e+02,2.488474846e+00
7.311539307e+02,2.563036919e+00
7.312739258e+02,2.832357883e+00
7.313939209e+02,1.984961390e+00
7.315139160e+02,2.867903948e+00
7.316339111e+02,2.023448229e+00
7.317539062e+02,1.415587664e+00
7.318739014e+02,2.204125643e+00
7.319938965e+02,2.645207167e+00
7.321138916e+02,3.077225685e+00
7.322338867e+02,1.944435477e+00
7.323538818e+02,4.335830688e+00
7.324738770e+02,2.271100998e+00
7.325938721e+02,2.581789017e+00
7.327138672e+02,1.661409259e+00
7.328338623e+02,4.258897305e+00
7.329538574e+02,1.987096548e+00
7.330737915e+02,2.173269987e+00
7.331937866e+02,7.912129164e-01
7.333137817e+02,3.103460789e+00
7.334337769e+02,2.349751472e+00
7.335537720e+02,1.187882900e+00
7.336737671e+02,3.669874907e+00
7.337937622e+02,3.223406315e+00
7.339137573e+02,4.293523133e-01
7.340336914e+02,2.920860767e+00
7.341536865e+02,3.367381096e+00
7.342736816e+02,1.529255033e+00
7.343936768e+02,1.743897676e+00
7.345136719e+02,9.360734820e-01
7.346336060e+02,1.304546714e+00
7.347536011e+02,1.871832848e+00
7.348735962e+02,2.726368904e+00
7.349935913e+02,2.480967283e+00
7.351135254e+02,2.323160172e+00
7.352335205e+02,2.126212835e+00
7.353535156e+02,2.432470083e+00
7.354735107e+02,6.625121832e-01
7.355934448e+02,2.694860697e+00
7.357134399e+02,3.117421389e+00
7.358334351e+02,-1.626986116e-01
7.359533691e+02,1.319774270e+00
7.360733643e+02,3.420396566e+00
7.361932983e+02,1.099042535e+00
7.363132935e+02,2.642055511e+00
7.364332886e+02,4.688032150e+00
7.365532227e+02,2.903986216e+00
7.366732178e+02,1.723196149e+00
7.367931519e+02,1.399776340e+00
7.369131470e+02,2.195352793e+00
7.370331421e+02,1.323868155e+00
7.371530762e+02,2.733293772e+00
7.372730713e+02,1.890296459e+00
7.373930054e+02,2.613927841e+00
7.375130005e+02,3.344317675e+00
7.376329346e+02,1.810796380e+00
7.377529297e+02,1.656278133e+00
7.378728638e+02,2.352746487e+00
7.379927979e+02,1.584943771e+00
7.381127930e+02,1.025835514e+00
7.382327271e+02,1.566178441e+00
7.383527222e+02,1.797448158e+00
7.384726562e+02,1.930624962e+00
7.385926514e+02,2.442858696e+00
7.387125854e+02,2.550045967e+00
7.388325195e+02,9.596682191e-01
7.389525146e+02,2.580348492e+00
7.390724487e+02,1.168799400e+00
7.391923828e+02,2.128617287e+00
7.393123779e+02,2.543354034e+00
7.394323120e+02,2.550961494e+00
7.395522461e+02,-1.126865968e-01
7.396722412e+02,2.751102209e+00
7.397921753e+02,1.430756092e+00
7.399121094e+02,1.944676995e+00
7.400320435e+02,4.454018593e+00
7.401520386e+02,1.851073146e+00
7.402719727e+02,2.539662838e+00
7.403919067e+02,2.530636549e+00
7.405118408e+02,1.279075146e+00
7.406317749e+02,1.836372733e+00
7.407517090e+02,9.223885536e-01
7.408717041e+02,7.379171371e+00
7.409916382e+02,1.798194408e+00
7.411115723e+02,2.638081074e+00
7.412315063e+02,1.404109359e+00
7.413514404e+02,2.510478258e+00
7.414713745e+02,2.620606422e+00
7.415913086e+02,1.879218817e+00
7.417112427e+02,1.072052836e+00
7.418311768e+02,1.864244699e+00
7.419511108e+02,5.689215064e-01
7.420710449e+02,4.117130041e-01
7.421909790e+02,1.101506233e+00
7.423109131e+02,1.599947929e+00
7.424308472e+02,3.393280268e+00
7.425507812e+02,1.464911580e+00
7.426707153e+02,2.984525919e+00
7.427906494e+02,3.274934769e+00
7.429105835e+02,1.627969384e+00
7.430305176e+02,1.577872515e+00
7.431504517e+02,9.553648233e-01
7.432703857e+02,1.424622297e+00
7.433903198e+02,1.362735391e+00
7.435102539e+02,1.182283282e+00
7.436301270e+02,1.849059939e+00
7.437500610e+02,2.794885635e+00
7.438699951e+02,2.778244019e-01
7.439899292e+02,2.356654882e+00
7.441098633e+02,1.781150349e-03
7.442297363e+02,1.360262046e-03
7.443496704e+02,1.982444664e-03
7.444696045e+02,1.781150349e-03
7.445895386e+02,3.684297204e-03
7.447094116e+02,3.409804776e-03
7.448293457e+02,-1.951945596e-04
7.449492798e+02,5.733839935e-04
7.450691528e+02,-2.061742591e-03
7.451890869e+02,-2.464331221e-03
7.453090210e+02,-4.440675955e-03
7.454288940e+02,-3.434204264e-03
7.455488281e+02,-3.891691333e-03
7.456687622e+02,-3.361006267e-03
