1.933779755e+02,1.365505159e-03
1.935834351e+02,1.845277147e-04
1.937889099e+02,2.546482487e-03
1.939943848e+02,-4.354854173e-04
1.941998901e+02,2.221713774e-03
1.944053955e+02,8.045408758e-04
1.946109161e+02,3.107446712e-03
1.948164520e+02,1.660749433e-03
1.950220032e+02,1.631224994e-03
1.952275696e+02,3.911987587e-04
1.954331360e+02,-1.992899342e-04
1.956387177e+02,-6.421564613e-04
1.958443298e+02,9.226385737e-04
1.960499420e+02,8.635897539e-04
1.962555695e+02,2.192189218e-03
1.964611969e+02,2.398860408e-03
1.966668549e+02,-1.402410708e-04
1.968725128e+02,2.723629121e-03
1.970782013e+02,3.048397833e-03
1.972838898e+02,2.133140340e-03
1.974895935e+02,4.170326516e-03
1.976953125e+02,-5.535831442e-04
1.979010315e+02,1.395029598e-03
1.981067810e+02,1.845277147e-04
1.983125305e+02,2.251238097e-03
1.985182953e+02,1.601700555e-03
1.987240906e+02,2.221713774e-03
1.989298706e+02,5.388209247e-04
1.991356812e+02,6.569186808e-04
1.993415070e+02,2.605531365e-03
1.995473328e+02,2.162664896e-03
1.997531891e+02,1.011211891e-03
1.999590454e+02,2.546482487e-03
2.001649170e+02,3.026254708e-04
2.003708038e+02,1.896944945e-03
2.005766907e+02,-6.716809003e-04
2.007826080e+02,2.664580243e-03
2.009885254e+02,1.660749433e-03
2.011944733e+02,5.388209247e-04
2.014004211e+02,1.454078476e-03
2.016063843e+02,1.040736330e-03
2.018123627e+02,1.254788513e-04
2.020183411e+02,1.070260769e-03
2.022243500e+02,-4.945342662e-04
2.024303589e+02,4.207231977e-04
2.026363831e+02,-1.941231661e-03
2.028424225e+02,3.727460047e-03
2.030484772e+02,1.513127354e-03
2.032545471e+02,4.642717540e-03
2.034606171e+02,1.837896067e-03
2.036667175e+02,1.601700555e-03
2.038728180e+02,-6.126320222e-04
2.040789337e+02,1.513127354e-03
2.042850647e+02,7.750164368e-04
2.044912109e+02,2.398860408e-03
2.046973724e+02,2.435765928e-04
2.049035339e+02,2.753153676e-03
2.051097107e+02,3.026254708e-04
2.053159180e+02,2.900775755e-03
2.055221252e+02,3.616743197e-04
2.057283478e+02,4.081753083e-03
2.059345703e+02,-1.232645125e-03
2.061408234e+02,3.491264535e-03
2.063470764e+02,7.454919978e-04
2.065533600e+02,2.723629121e-03
2.067596436e+02,1.365505159e-03
2.069659424e+02,1.926469384e-03
2.071722412e+02,-5.166776100e-05
2.073785706e+02,1.719798311e-03
2.075848999e+02,2.015042584e-03
2.077912598e+02,2.074091462e-03
2.079976196e+02,1.276931842e-03
2.082039948e+02,2.074091462e-03
2.084103851e+02,1.483602915e-03
2.086167908e+02,1.867420506e-03
2.088231964e+02,1.985518262e-03
2.090296173e+02,1.572176116e-03
2.092360687e+02,6.569186808e-04
2.094425201e+02,2.516958164e-03
2.096489868e+02,1.896944945e-03
2.098554535e+02,8.340653148e-04
2.100619507e+02,2.074091462e-03
2.102684479e+02,2.546482487e-03
2.104749756e+02,1.454078476e-03
2.106815033e+02,2.428384731e-03
2.108880463e+02,7.159675588e-04
2.110946045e+02,3.166495590e-03
2.113011627e+02,-7.602542173e-04
2.115077515e+02,1.542651793e-03
2.117143402e+02,1.955993939e-03
2.119209442e+02,3.520788858e-03
2.121275635e+02,1.188358525e-03
2.123341980e+02,3.284593346e-03
2.125408478e+02,2.989348955e-03
2.127475128e+02,2.812202554e-03
2.129541779e+02,2.133140340e-03
2.131608582e+02,2.546482487e-03
2.133675537e+02,6.569186808e-04
2.135742645e+02,1.158834086e-03
2.137809906e+02,-1.468840637e-03
2.139877319e+02,8.931141347e-04
2.141944733e+02,2.546482487e-03
2.144012299e+02,2.782677999e-03
2.146080017e+02,1.011211891e-03
2.148147888e+02,2.044567140e-03
2.150215912e+02,1.719798311e-03
2.152284088e+02,5.092964857e-04
2.154352264e+02,1.660749433e-03
2.156420746e+02,-1.085023046e-03
2.158489227e+02,2.339811530e-03
2.160557861e+02,3.018873511e-03
2.162626648e+02,3.026254708e-04
2.164695435e+02,2.812202554e-03
2.166764526e+02,1.808371628e-03
2.168833618e+02,3.845557570e-03
2.170902863e+02,2.753153676e-03
2.172972412e+02,1.247407403e-03
2.175041809e+02,1.395029598e-03
2.177111511e+02,1.837896067e-03
2.179181366e+02,7.750164368e-04
2.181251221e+02,2.339811530e-03
2.183321228e+02,2.782677999e-03
2.185391388e+02,2.731010318e-04
2.187461700e+02,1.335980720e-03
2.189532166e+02,2.989348955e-03
2.191602783e+02,1.542651793e-03
2.193673401e+02,1.867420506e-03
2.195744171e+02,6.642998051e-05
2.197815247e+02,4.502476368e-04
2.199886322e+02,7.750164368e-04
2.201957397e+02,2.546482487e-03
2.204028778e+02,-1.291694003e-03
2.206100159e+02,4.207231977e-04
2.208171844e+02,1.631224994e-03
2.210243530e+02,6.864431198e-04
2.212315369e+02,2.140521538e-04
2.214387360e+02,2.310286975e-03
2.216459351e+02,1.158834086e-03
2.218531647e+02,1.631224994e-03
2.220603943e+02,1.483602915e-03
2.222676392e+02,1.099785208e-03
2.224748993e+02,1.070260769e-03
2.226821747e+02,2.398860408e-03
2.228894653e+02,2.339811530e-03
2.230967712e+02,9.816874517e-04
2.233040771e+02,1.631224994e-03
2.235113983e+02,1.306456281e-03
2.237187347e+02,-1.439316198e-03
2.239260864e+02,3.550313413e-03
2.241334534e+02,2.546482487e-03
2.243408203e+02,3.166495590e-03
2.245482178e+02,2.310286975e-03
2.247556152e+02,7.750164368e-04
2.249630280e+02,1.158834086e-03
2.251704559e+02,1.254788513e-04
2.253778839e+02,6.273942417e-04
2.255853424e+02,1.749322750e-03
2.257928009e+02,1.070260769e-03
2.260002899e+02,-2.878632513e-04
2.262077789e+02,3.727460047e-03
2.264152832e+02,5.092964857e-04
2.266227875e+02,6.273942417e-04
2.268303223e+02,2.339811530e-03
2.270378571e+02,1.099785208e-03
2.272454224e+02,1.985518262e-03
2.274529877e+02,3.373166779e-03
2.276605682e+02,1.099785208e-03
2.278681488e+02,2.731010318e-04
2.280757599e+02,4.207231977e-04
2.282833710e+02,2.044567140e-03
2.284910126e+02,1.188358525e-03
2.286986542e+02,4.207231977e-04
2.289063110e+02,2.605531365e-03
2.291139679e+02,1.306456281e-03
2.293216553e+02,-1.262169564e-03
2.295293427e+02,6.502756849e-03
2.297370605e+02,2.487433609e-03
2.299447784e+02,-1.232645125e-03
2.301525116e+02,1.778847189e-03
2.303602448e+02,8.045408758e-04
2.305680084e+02,3.402691102e-03
2.307757721e+02,1.601700555e-03
2.309835663e+02,2.989348955e-03
2.311913605e+02,2.044567140e-03
2.313991699e+02,7.454919978e-04
2.316069794e+02,2.398860408e-03
2.318148193e+02,3.343642224e-03
2.320226746e+02,2.162664896e-03
2.322305298e+02,4.199850839e-03
2.324384003e+02,1.955993939e-03
2.326462860e+02,1.099785208e-03
2.328541870e+02,-1.232645125e-03
2.330620880e+02,2.133140340e-03
2.332700195e+02,1.070260769e-03
2.334779510e+02,1.099785208e-03
2.336858978e+02,3.314117901e-03
2.338938599e+02,8.045408758e-04
2.341018372e+02,3.911987587e-04
2.343098145e+02,2.930300077e-03
2.345178223e+02,7.750164368e-04
2.347258301e+02,3.225544468e-03
2.349338531e+02,2.546482487e-03
2.351418915e+02,2.369335853e-03
2.353499298e+02,8.931141347e-04
2.355579987e+02,-4.354854173e-04
2.357660675e+02,4.502476368e-04
2.359741669e+02,2.044567140e-03
2.361822662e+02,5.092964857e-04
2.363903809e+02,2.841726877e-03
2.365984955e+02,6.273942417e-04
2.368066406e+02,5.092964857e-04
2.370147858e+02,1.158834086e-03
2.372229462e+02,8.045408758e-04
2.374311371e+02,1.896944945e-03
2.376393127e+02,1.955993939e-03
2.378475189e+02,-4.354854173e-04
2.380557404e+02,3.616743197e-04
2.382639618e+02,2.369335853e-03
2.384721985e+02,1.955993939e-03
2.386804504e+02,1.601700555e-03
2.388887177e+02,1.808371628e-03
2.390970001e+02,4.436046351e-03
2.393052826e+02,2.694104798e-03
2.395135956e+02,9.816874517e-04
2.397219086e+02,2.339811530e-03
2.399302368e+02,2.103616018e-03
2.401385803e+02,9.521630127e-04
2.403469238e+02,9.521630127e-04
2.405552979e+02,3.432215657e-03
2.407636719e+02,-1.992899342e-04
2.409720612e+02,3.077922389e-03
2.411804657e+02,7.381108844e-06
2.413888855e+02,2.723629121e-03
2.415973206e+02,-6.716809003e-04
2.418057556e+02,1.601700555e-03
2.420142059e+02,1.542651793e-03
2.422226715e+02,3.136971267e-03
2.424311523e+02,4.376997706e-03
2.426396484e+02,2.192189218e-03
2.428481598e+02,4.207231977e-04
2.430566711e+02,4.207231977e-04
2.432651978e+02,-1.107166318e-04
2.434737549e+02,1.395029598e-03
2.436822968e+02,2.731010318e-04
2.438908691e+02,2.339811530e-03
2.440994568e+02,3.993179649e-03
2.443080444e+02,2.044567140e-03
2.445166473e+02,1.808371628e-03
2.447252655e+02,2.664580243e-03
2.449338989e+02,1.572176116e-03
2.451425476e+02,2.044567140e-03
2.453511963e+02,2.605531365e-03
2.455598755e+02,1.955993939e-03
2.457685547e+02,-8.488275344e-04
2.459772491e+02,1.778847189e-03
2.461859589e+02,1.845277147e-04
2.463946686e+02,5.026535131e-03
2.466034088e+02,3.048397833e-03
2.468121490e+02,1.690273872e-03
2.470209045e+02,2.605531365e-03
2.472296753e+02,1.365505159e-03
2.474384613e+02,3.321499098e-04
2.476472626e+02,1.247407403e-03
2.478560638e+02,4.207231977e-04
2.480648804e+02,2.812202554e-03
2.482737122e+02,2.398860408e-03
2.484825592e+02,3.225544468e-03
2.486914215e+02,-4.945342662e-04
2.489002991e+02,2.989348955e-03
2.491091766e+02,3.911987587e-04
2.493180695e+02,3.373166779e-03
2.495269775e+02,2.162664896e-03
2.497359009e+02,2.487433609e-03
2.499448395e+02,1.247407403e-03
2.501537781e+02,1.896944945e-03
2.503627472e+02,-4.059609782e-04
2.505717163e+02,3.609362291e-03
2.507807007e+02,-5.166776100e-05
2.509897003e+02,2.841726877e-03
2.511987000e+02,1.158834086e-03
2.514077301e+02,2.398860408e-03
2.516167603e+02,1.896944945e-03
2.518258057e+02,2.192189218e-03
2.520348663e+02,7.750164368e-04
2.522439423e+02,2.015042584e-03
2.524530182e+02,8.340653148e-04
2.526621246e+02,2.044567140e-03
2.528712311e+02,1.254788513e-04
2.530803528e+02,2.900775755e-03
2.532894897e+02,1.660749433e-03
2.534986420e+02,1.217882964e-03
2.537077942e+02,-1.468840637e-03
2.539169617e+02,1.926469384e-03
2.541261444e+02,2.140521538e-04
2.543353424e+02,1.631224994e-03
2.545445557e+02,2.133140340e-03
2.547537842e+02,3.314117901e-03
2.549630127e+02,1.247407403e-03
2.551722717e+02,3.816033248e-03
2.553815308e+02,1.985518262e-03
2.555908051e+02,2.280762652e-03
2.558000793e+02,-9.669252322e-04
2.560093689e+02,1.542651793e-03
2.562186890e+02,1.719798311e-03
2.564280090e+02,1.306456281e-03
2.566373596e+02,3.911987587e-04
2.568467102e+02,2.546482487e-03
2.570560608e+02,8.340653148e-04
2.572654419e+02,1.985518262e-03
2.574748230e+02,4.797720758e-04
2.576842041e+02,3.461739980e-03
2.578936157e+02,1.719798311e-03
2.581030579e+02,1.896944945e-03
2.583125000e+02,1.335980720e-03
2.585219421e+02,1.395029598e-03
2.587313843e+02,2.074091462e-03
2.589408569e+02,1.276931842e-03
2.591503601e+02,3.018873511e-03
2.593598633e+02,1.099785208e-03
2.595693665e+02,3.026254708e-04
2.597789001e+02,2.516958164e-03
2.599884338e+02,-1.107166318e-04
2.601979675e+02,6.273942417e-04
2.604075317e+02,-1.262169564e-03
2.606170959e+02,1.601700555e-03
2.608266907e+02,2.428384731e-03
2.610362854e+02,1.129309647e-03
2.612459106e+02,-1.697654952e-04
2.614555359e+02,3.402691102e-03
2.616651611e+02,7.454919978e-04
2.618748169e+02,5.683453637e-04
2.620844727e+02,1.690273872e-03
2.622941284e+02,2.221713774e-03
2.625038147e+02,2.635055920e-03
2.627135315e+02,2.133140340e-03
2.629232483e+02,5.092964857e-04
2.631329651e+02,8.045408758e-04
2.633426819e+02,2.133140340e-03
2.635524292e+02,1.896944945e-03
2.637622070e+02,-2.029804979e-03
2.639719849e+02,1.985518262e-03
2.641817627e+02,2.664580243e-03
2.643915710e+02,8.045408758e-04
2.646013794e+02,-5.240587052e-04
2.648111877e+02,2.989348955e-03
2.650210266e+02,1.601700555e-03
2.652308655e+02,1.129309647e-03
2.654407349e+02,2.989348955e-03
2.656506042e+02,3.196020145e-03
2.658605042e+02,-1.616462832e-03
2.660704041e+02,1.129309647e-03
2.662803040e+02,5.388209247e-04
2.664902344e+02,1.631224994e-03
2.667001648e+02,-3.469121002e-04
2.669101257e+02,1.099785208e-03
2.671200867e+02,3.911987587e-04
2.673300476e+02,9.521630127e-04
2.675400391e+02,-6.716809003e-04
2.677500305e+02,9.521630127e-04
2.679600525e+02,1.631224994e-03
2.681700745e+02,2.398860408e-03
2.683800964e+02,2.015042584e-03
2.685901489e+02,1.040736330e-03
2.688002014e+02,2.841726877e-03
2.690102844e+02,2.930300077e-03
2.692203674e+02,2.280762652e-03
2.694304504e+02,2.900775755e-03
2.696405640e+02,1.099785208e-03
2.698506775e+02,4.052228760e-03
2.700608215e+02,-7.012053393e-04
2.702709656e+02,4.436046351e-03
2.704811401e+02,-8.119220001e-05
2.706913147e+02,3.321499098e-04
2.709014893e+02,1.837896067e-03
2.711116943e+02,1.129309647e-03
2.713218994e+02,1.690273872e-03
2.715321045e+02,2.989348955e-03
2.717423401e+02,2.015042584e-03
2.719526062e+02,2.871251432e-03
2.721628418e+02,1.254788513e-04
2.723731384e+02,5.388209247e-04
2.725834045e+02,3.616743197e-04
2.727937012e+02,3.638886614e-03
2.730039978e+02,3.756984370e-03
2.732143250e+02,2.015042584e-03
2.734246521e+02,4.229375161e-03
2.736350098e+02,1.985518262e-03
2.738453674e+02,-8.119220001e-05
2.740557556e+02,1.867420506e-03
2.742661133e+02,2.516958164e-03
2.744765320e+02,2.782677999e-03
2.746869202e+02,1.483602915e-03
2.748973389e+02,2.516958164e-03
2.751077881e+02,3.196020145e-03
2.753182373e+02,3.491264535e-03
2.755286865e+02,4.207231977e-04
2.757391663e+02,3.638886614e-03
2.759496460e+02,1.837896067e-03
2.761601257e+02,5.978698027e-04
2.763706360e+02,2.103616018e-03
2.765811462e+02,1.276931842e-03
2.767916870e+02,1.955993939e-03
2.770022278e+02,1.483602915e-03
2.772127991e+02,3.616743197e-04
2.774233704e+02,3.018873511e-03
2.776339417e+02,4.207231977e-04
2.778445435e+02,1.483602915e-03
2.780551453e+02,1.395029598e-03
2.782657471e+02,5.978698027e-04
2.784763794e+02,2.103616018e-03
2.786870422e+02,3.690554513e-05
2.788976746e+02,2.959824633e-03
2.791083679e+02,2.221713774e-03
2.793190308e+02,8.045408758e-04
2.795297241e+02,-1.697654952e-04
2.797404175e+02,-8.193030953e-04
2.799511414e+02,9.226385737e-04
2.801618652e+02,1.845277147e-04
2.803726196e+02,2.576007042e-03
2.805833740e+02,3.963655327e-03
2.807941284e+02,2.162664896e-03
2.810049133e+02,1.158834086e-03
2.812156982e+02,1.188358525e-03
2.814265137e+02,9.816874517e-04
2.816373291e+02,1.099785208e-03
2.818481750e+02,-5.240587052e-04
2.820589905e+02,3.432215657e-03
2.822698669e+02,3.402691102e-03
2.824807129e+02,3.690554513e-05
2.826915894e+02,2.516958164e-03
2.829024963e+02,5.683453637e-04
2.831134033e+02,2.339811530e-03
2.833243103e+02,2.576007042e-03
2.835352478e+02,1.129309647e-03
2.837461853e+02,3.491264535e-03
2.839571228e+02,3.461739980e-03
2.841680908e+02,1.335980720e-03
2.843790588e+02,3.432215657e-03
2.845900574e+02,4.081753083e-03
2.848010559e+02,2.044567140e-03
2.850120850e+02,6.569186808e-04
2.852230835e+02,1.247407403e-03
2.854341431e+02,9.816874517e-04
2.856452026e+02,-9.964497294e-04
2.858562622e+02,8.045408758e-04
2.860673218e+02,3.018873511e-03
2.862784119e+02,2.959824633e-03
2.864895020e+02,5.388209247e-04
2.867006226e+02,3.373166779e-03
2.869117432e+02,5.683453637e-04
2.871228943e+02,1.040736330e-03
2.873340454e+02,1.365505159e-03
2.875451965e+02,2.694104798e-03
2.877563782e+02,2.103616018e-03
2.879675598e+02,3.727460047e-03
2.881787720e+02,-7.602542173e-04
2.883899536e+02,1.395029598e-03
2.886011963e+02,1.483602915e-03
2.888124390e+02,2.812202554e-03
2.890236816e+02,3.875082126e-03
2.892349243e+02,3.668411169e-03
2.894461975e+02,3.690554513e-05
2.896575012e+02,2.015042584e-03
2.898687744e+02,2.989348955e-03
2.900801086e+02,1.926469384e-03
2.902914124e+02,1.040736330e-03
2.905027466e+02,3.107446712e-03
2.907141113e+02,1.011211891e-03
2.909254456e+02,2.841726877e-03
2.911368408e+02,3.616743197e-04
2.913482056e+02,2.280762652e-03
2.915596008e+02,2.428384731e-03
2.917710266e+02,1.454078476e-03
2.919824219e+02,-8.119220001e-05
2.921938782e+02,3.550313413e-03
2.924053040e+02,8.045408758e-04
2.926167603e+02,2.576007042e-03
2.928282471e+02,2.428384731e-03
2.930397034e+02,2.841726877e-03
2.932512207e+02,1.808371628e-03
2.934627075e+02,3.077922389e-03
2.936742249e+02,1.011211891e-03
2.938857727e+02,1.247407403e-03
2.940973206e+02,2.841726877e-03
2.943088684e+02,2.516958164e-03
2.945204163e+02,2.635055920e-03
2.947320251e+02,3.816033248e-03
2.949436035e+02,2.369335853e-03
2.951552124e+02,5.388209247e-04
2.953668213e+02,1.867420506e-03
2.955784607e+02,1.335980720e-03
2.957901001e+02,2.074091462e-03
2.960017395e+02,2.930300077e-03
2.962134094e+02,6.642998051e-05
2.964250793e+02,6.864431198e-04
2.966367798e+02,5.978698027e-04
2.968484802e+02,2.841726877e-03
2.970601807e+02,1.483602915e-03
2.972719116e+02,9.816874517e-04
2.974836731e+02,1.099785208e-03
2.976954041e+02,1.513127354e-03
2.979071655e+02,1.542651793e-03
2.981189575e+02,8.931141347e-04
2.983307495e+02,1.454078476e-03
2.985425415e+02,3.284593346e-03
2.987543335e+02,-5.831075832e-04
2.989661865e+02,2.140521538e-04
2.991780090e+02,9.595441225e-05
2.993898621e+02,3.136971267e-03
2.996017151e+02,3.816033248e-03
2.998135986e+02,8.635897539e-04
3.000254822e+02,1.572176116e-03
3.002373657e+02,1.335980720e-03
3.004492798e+02,8.635897539e-04
3.006611938e+02,1.808371628e-03
3.008731384e+02,8.931141347e-04
3.010850830e+02,-1.107166318e-04
3.012970581e+02,3.225544468e-03
3.015090027e+02,1.749322750e-03
3.017210083e+02,-5.535831442e-04
3.019329834e+02,1.837896067e-03
3.021450195e+02,-4.059609782e-04
3.023570251e+02,2.516958164e-03
3.025690613e+02,2.812202554e-03
3.027810974e+02,3.373166779e-03
3.029931641e+02,4.797720758e-04
3.032052307e+02,1.896944945e-03
3.034172974e+02,5.978698027e-04
3.036293945e+02,3.077922389e-03
3.038414917e+02,1.896944945e-03
3.040536194e+02,7.750164368e-04
3.042657471e+02,-2.878632513e-04
3.044779053e+02,3.491264535e-03
3.046900635e+02,2.015042584e-03
3.049022217e+02,1.837896067e-03
3.051143799e+02,2.871251432e-03
3.053265991e+02,1.631224994e-03
3.055387878e+02,2.782677999e-03
3.057510071e+02,1.276931842e-03
3.059632263e+02,-4.945342662e-04
3.061754761e+02,2.251238097e-03
3.063877258e+02,6.864431198e-04
3.065999756e+02,9.521630127e-04
3.068122559e+02,1.011211891e-03
3.070245361e+02,1.719798311e-03
3.072368469e+02,2.930300077e-03
3.074491577e+02,3.786508925e-03
3.076614990e+02,1.276931842e-03
3.078738098e+02,8.931141347e-04
3.080861816e+02,7.750164368e-04
3.082985229e+02,2.753153676e-03
3.085108948e+02,1.719798311e-03
3.087232971e+02,2.546482487e-03
3.089356995e+02,7.159675588e-04
3.091481018e+02,1.395029598e-03
3.093605347e+02,-5.831075832e-04
3.095729675e+02,8.045408758e-04
3.097854004e+02,-6.421564613e-04
3.099978638e+02,1.837896067e-03
3.102103271e+02,-4.650098563e-04
3.104228210e+02,1.719798311e-03
3.106353149e+02,7.159675588e-04
3.108478088e+02,-3.173876903e-04
3.110603333e+02,-1.852658344e-03
3.112728577e+02,1.955993939e-03
3.114854126e+02,3.963655327e-03
3.116979675e+02,-7.602542173e-04
3.119105225e+02,1.955993939e-03
3.121231079e+02,3.284593346e-03
3.123356934e+02,3.048397833e-03
3.125483093e+02,1.129309647e-03
3.127609253e+02,1.483602915e-03
3.129735413e+02,2.133140340e-03
3.131861877e+02,7.159675588e-04
3.133988342e+02,1.483602915e-03
3.136115112e+02,-3.764365392e-04
3.138241882e+02,5.388209247e-04
3.140368652e+02,1.550032903e-04
3.142495728e+02,2.103616018e-03
3.144622803e+02,3.373166779e-03
3.146750183e+02,1.217882964e-03
3.148877563e+02,-5.535831442e-04
3.151004944e+02,3.225544468e-03
3.153132629e+02,3.690554513e-05
3.155260315e+02,1.660749433e-03
3.157388306e+02,1.158834086e-03
3.159516296e+02,2.782677999e-03
3.161644287e+02,3.018873511e-03
3.163772583e+02,-2.878632513e-04
3.165900879e+02,1.572176116e-03
3.168029480e+02,2.900775755e-03
3.170158081e+02,5.388209247e-04
3.172286682e+02,4.207231977e-04
3.174415588e+02,4.207231977e-04
3.176544495e+02,3.845557570e-03
3.178673706e+02,-6.716809003e-04
3.180802612e+02,3.461739980e-03
3.182932129e+02,1.158834086e-03
3.185061646e+02,9.226385737e-04
3.187191162e+02,-4.354854173e-04
3.189320679e+02,2.369335853e-03
3.191450500e+02,7.454919978e-04
3.193580322e+02,2.959824633e-03
3.195710449e+02,-5.831075832e-04
3.197840576e+02,2.103616018e-03
3.199971008e+02,2.162664896e-03
3.202101440e+02,1.276931842e-03
3.204231873e+02,6.569186808e-04
3.206362610e+02,3.284593346e-03
3.208493347e+02,2.428384731e-03
3.210624084e+02,3.166495590e-03
3.212755127e+02,2.074091462e-03
3.214886169e+02,1.188358525e-03
3.217017517e+02,1.896944945e-03
3.219148865e+02,2.310286975e-03
3.221280518e+02,-7.012053393e-04
3.223411865e+02,1.985518262e-03
3.225543823e+02,-6.421564613e-04
3.227675476e+02,3.314117901e-03
3.229807434e+02,2.871251432e-03
3.231939697e+02,2.605531365e-03
3.234071960e+02,4.207231977e-04
3.236204224e+02,4.797720758e-04
3.238336792e+02,-6.126320222e-04
3.240469360e+02,3.136971267e-03
3.242601929e+02,5.978698027e-04
3.244734802e+02,2.723629121e-03
3.246867676e+02,-1.992899342e-04
3.249000854e+02,1.513127354e-03
3.251134033e+02,-1.350742881e-03
3.253267212e+02,5.233206321e-03
3.255400696e+02,1.129309647e-03
3.257534180e+02,1.365505159e-03
3.259667969e+02,1.011211891e-03
3.261801758e+02,9.521630127e-04
3.263935547e+02,5.092964857e-04
3.266069641e+02,7.750164368e-04
3.268203735e+02,5.388209247e-04
3.270337830e+02,3.373166779e-03
3.272472229e+02,-2.878632513e-04
3.274606934e+02,1.896944945e-03
3.276741333e+02,2.546482487e-03
3.278876038e+02,1.955993939e-03
3.281011047e+02,1.601700555e-03
3.283146057e+02,2.192189218e-03
3.285281067e+02,-1.107166318e-04
3.287416382e+02,2.192189218e-03
3.289551697e+02,1.011211891e-03
3.291687317e+02,2.428384731e-03
3.293822632e+02,6.569186808e-04
3.295958557e+02,9.521630127e-04
3.298094177e+02,6.273942417e-04
3.300230103e+02,1.454078476e-03
3.302366333e+02,9.521630127e-04
3.304502563e+02,2.133140340e-03
3.306638794e+02,1.424554037e-03
3.308775330e+02,1.542651793e-03
3.310911865e+02,8.931141347e-04
3.313048401e+02,1.454078476e-03
3.315185242e+02,1.335980720e-03
3.317322083e+02,2.871251432e-03
3.319459229e+02,2.989348955e-03
3.321596375e+02,1.188358525e-03
3.323733521e+02,2.044567140e-03
3.325870972e+02,1.926469384e-03
3.328008423e+02,1.483602915e-03
3.330146179e+02,9.226385737e-04
3.332283936e+02,2.546482487e-03
3.334421692e+02,1.542651793e-03
3.336559753e+02,1.778847189e-03
3.338697815e+02,2.133140340e-03
3.340835876e+02,9.816874517e-04
3.342974243e+02,2.162664896e-03
3.345112915e+02,1.011211891e-03
3.347251282e+02,4.170326516e-03
3.349389954e+02,-1.402410708e-04
3.351528931e+02,1.837896067e-03
3.353667908e+02,4.797720758e-04
3.355806885e+02,2.900775755e-03
3.357946167e+02,1.837896067e-03
3.360085449e+02,3.491264535e-03
3.362224731e+02,5.388209247e-04
3.364364319e+02,4.207231977e-04
3.366503906e+02,2.251238097e-03
3.368643799e+02,2.782677999e-03
3.370783691e+02,2.015042584e-03
3.372923889e+02,2.398860408e-03
3.375063782e+02,1.955993939e-03
3.377204285e+02,3.321499098e-04
3.379344482e+02,1.513127354e-03
3.381484985e+02,2.812202554e-03
3.383625793e+02,-5.831075832e-04
3.385766296e+02,4.797720758e-04
3.387907410e+02,1.572176116e-03
3.390048218e+02,3.077922389e-03
3.392189331e+02,5.978698027e-04
3.394330444e+02,2.635055920e-03
3.396471863e+02,2.782677999e-03
3.398613281e+02,1.542651793e-03
3.400755005e+02,-1.025974168e-03
3.402896729e+02,3.314117901e-03
3.405038452e+02,1.572176116e-03
3.407180481e+02,1.483602915e-03
3.409322510e+02,3.136971267e-03
3.411464539e+02,2.398860408e-03
3.413606873e+02,4.502476368e-04
3.415749207e+02,8.045408758e-04
3.417891846e+02,-1.992899342e-04
3.420034485e+02,1.690273872e-03
3.422177124e+02,2.989348955e-03
3.424320068e+02,2.044567140e-03
3.426463318e+02,1.896944945e-03
3.428606262e+02,9.595441225e-05
3.430749512e+02,1.217882964e-03
3.432892761e+02,1.955993939e-03
3.435036316e+02,3.432215657e-03
3.437179871e+02,2.162664896e-03
3.439323730e+02,1.335980720e-03
3.441467590e+02,1.808371628e-03
3.443611450e+02,8.340653148e-04
3.445755615e+02,2.339811530e-03
3.447899780e+02,4.207231977e-04
3.450044250e+02,1.926469384e-03
3.452188721e+02,8.340653148e-04
3.454333191e+02,1.867420506e-03
3.456477661e+02,4.502476368e-04
3.458622742e+02,4.022704437e-03
3.460767517e+02,2.723629121e-03
3.462912598e+02,2.221713774e-03
3.465057678e+02,1.837896067e-03
3.467203064e+02,1.660749433e-03
3.469348450e+02,3.911987587e-04
3.471493835e+02,5.388209247e-04
3.473639526e+02,2.192189218e-03
3.475785217e+02,9.595441225e-05
3.477931213e+02,-1.291694003e-03
3.480077209e+02,3.697935492e-03
3.482223206e+02,5.683453637e-04
3.484369507e+02,-2.000280423e-03
3.486515808e+02,-5.166776100e-05
3.488662109e+02,1.365505159e-03
3.490808716e+02,1.719798311e-03
3.492955627e+02,2.074091462e-03
3.495102234e+02,1.778847189e-03
3.497249146e+02,5.092964857e-04
3.499396362e+02,7.750164368e-04
3.501543579e+02,6.569186808e-04
3.503690796e+02,1.845277147e-04
3.505838318e+02,2.103616018e-03
3.507985840e+02,1.011211891e-03
3.510133362e+02,1.955993939e-03
3.512281189e+02,3.697935492e-03
3.514429016e+02,1.424554037e-03
3.516577148e+02,-1.291694003e-03
3.518725281e+02,2.251238097e-03
3.520873413e+02,1.572176116e-03
3.523021851e+02,3.697935492e-03
3.525170288e+02,5.388209247e-04
3.527318726e+02,2.221713774e-03
3.529467468e+02,6.273942417e-04
3.531616516e+02,2.044567140e-03
3.533765259e+02,1.217882964e-03
3.535914307e+02,1.808371628e-03
3.538063660e+02,4.207231977e-04
3.540213013e+02,2.398860408e-03
3.542362366e+02,1.837896067e-03
3.544512024e+02,7.750164368e-04
3.546661682e+02,1.070260769e-03
3.548811340e+02,3.638886614e-03
3.550961304e+02,-2.288143733e-04
3.553111267e+02,3.609362291e-03
3.555261536e+02,1.395029598e-03
3.557411804e+02,1.837896067e-03
3.559562073e+02,2.546482487e-03
3.561712646e+02,1.040736330e-03
3.563863220e+02,3.373166779e-03
3.566013794e+02,8.931141347e-04
3.568164673e+02,1.099785208e-03
3.570315857e+02,2.989348955e-03
3.572466736e+02,5.978698027e-04
3.574617920e+02,3.343642224e-03
3.576769409e+02,7.506587543e-03
3.578920898e+02,3.816033248e-03
3.581072388e+02,3.690554513e-05
3.583223877e+02,4.797720758e-04
3.585375671e+02,2.192189218e-03
3.587527771e+02,2.546482487e-03
3.589679871e+02,1.837896067e-03
3.591831970e+02,2.841726877e-03
3.593984070e+02,1.550032903e-04
3.596136475e+02,2.280762652e-03
3.598289185e+02,3.077922389e-03
3.600441589e+02,2.812202554e-03
3.602594299e+02,5.388209247e-04
3.604747314e+02,1.335980720e-03
3.606900330e+02,-7.012053393e-04
3.609053345e+02,2.723629121e-03
3.611206665e+02,3.026254708e-04
3.613359985e+02,3.255069023e-03
3.615513306e+02,5.683453637e-04
3.617666931e+02,3.845557570e-03
3.619820557e+02,6.642998051e-05
3.621974487e+02,-2.214332562e-05
3.624128418e+02,1.129309647e-03
3.626282349e+02,1.276931842e-03
3.628436584e+02,1.395029598e-03
3.630590820e+02,3.579837736e-03
3.632745056e+02,1.601700555e-03
3.634899597e+02,1.896944945e-03
3.637054443e+02,1.129309647e-03
3.639208984e+02,1.837896067e-03
3.641363831e+02,1.483602915e-03
3.643518982e+02,1.985518262e-03
3.645674133e+02,2.428384731e-03
3.647829285e+02,3.166495590e-03
3.649984436e+02,1.306456281e-03
3.652139893e+02,2.782677999e-03
3.654295654e+02,3.432215657e-03
3.656451111e+02,8.340653148e-04
3.658607178e+02,1.335980720e-03
3.660762939e+02,2.280762652e-03
3.662919006e+02,2.044567140e-03
3.665075073e+02,2.664580243e-03
3.667231445e+02,1.631224994e-03
3.669387817e+02,2.074091462e-03
3.671544495e+02,6.642998051e-05
3.673700867e+02,6.569186808e-04
3.675857849e+02,-1.107166318e-04
3.678014526e+02,3.166495590e-03
3.680171509e+02,-5.166776100e-05
3.682328796e+02,3.284593346e-03
3.684485779e+02,4.797720758e-04
3.686643066e+02,-4.059609782e-04
3.688800659e+02,3.196020145e-03
3.690958252e+02,2.428384731e-03
3.693115845e+02,3.491264535e-03
3.695273743e+02,2.339811530e-03
3.697431641e+02,8.185649291e-03
3.699589539e+02,1.550032903e-04
3.701747742e+02,-6.716809003e-04
3.703906250e+02,9.226385737e-04
3.706064453e+02,1.217882964e-03
3.708222961e+02,1.335980720e-03
3.710381775e+02,2.516958164e-03
3.712540283e+02,1.129309647e-03
3.714699097e+02,9.595441225e-05
3.716858215e+02,3.314117901e-03
3.719017334e+02,4.465570673e-03
3.721176453e+02,4.495095462e-03
3.723335876e+02,2.487433609e-03
3.725495300e+02,2.812202554e-03
3.727654724e+02,3.026254708e-04
3.729814453e+02,4.613193218e-03
3.731974182e+02,9.226385737e-04
3.734134216e+02,4.524619784e-03
3.736294250e+02,1.365505159e-03
3.738454285e+02,2.339811530e-03
3.740614624e+02,1.690273872e-03
3.742774963e+02,3.491264535e-03
3.744935608e+02,8.045408758e-04
3.747096252e+02,5.978698027e-04
3.749256897e+02,4.583668429e-03
3.751417847e+02,2.369335853e-03
3.753578796e+02,5.978698027e-04
3.755739746e+02,1.011211891e-03
3.757901001e+02,1.188358525e-03
3.760062256e+02,2.074091462e-03
3.762223816e+02,-2.583388123e-04
3.764385376e+02,4.790339619e-03
3.766546936e+02,5.388209247e-04
3.768708801e+02,3.875082126e-03
3.770870667e+02,1.778847189e-03
3.773032837e+02,1.896944945e-03
3.775194702e+02,4.495095462e-03
3.777357178e+02,2.015042584e-03
3.779519348e+02,-4.354854173e-04
3.781681824e+02,4.583668429e-03
3.783844604e+02,-1.557413954e-03
3.786007385e+02,2.074091462e-03
3.788170166e+02,2.369335853e-03
3.790332947e+02,3.461739980e-03
3.792496033e+02,5.978698027e-04
3.794659424e+02,8.097076789e-03
3.796822510e+02,7.750164368e-04
3.798986206e+02,2.900775755e-03
3.801149597e+02,1.276931842e-03
3.803313293e+02,2.546482487e-03
3.805476990e+02,1.011211891e-03
3.807640991e+02,1.365505159e-03
3.809804993e+02,7.159675588e-04
3.811968994e+02,2.731010318e-04
3.814133301e+02,4.797720758e-04
3.816297607e+02,2.369335853e-03
3.818462219e+02,3.018873511e-03
3.820626831e+02,1.011211891e-03
3.822791443e+02,2.221713774e-03
3.824956360e+02,2.015042584e-03
3.827121277e+02,9.816874517e-04
3.829286194e+02,4.207231977e-04
3.831451416e+02,1.542651793e-03
3.833616638e+02,1.217882964e-03
3.835782166e+02,1.572176116e-03
3.837947693e+02,1.845277147e-04
3.840113220e+02,9.595441225e-05
3.842279053e+02,5.092964857e-04
3.844444885e+02,3.491264535e-03
3.846610718e+02,3.196020145e-03
3.848776855e+02,4.502476368e-04
3.850943298e+02,1.247407403e-03
3.853109436e+02,1.335980720e-03
3.855275879e+02,3.166495590e-03
3.857442627e+02,-5.166776100e-05
3.859609070e+02,2.074091462e-03
3.861776123e+02,1.254788513e-04
3.863942871e+02,2.192189218e-03
3.866109924e+02,-3.469121002e-04
3.868276978e+02,1.955993939e-03
3.870444336e+02,2.635055920e-03
3.872611694e+02,1.454078476e-03
3.874779358e+02,7.750164368e-04
3.876947021e+02,3.727460047e-03
3.879114685e+02,1.985518262e-03
3.881282349e+02,2.841726877e-03
3.883450317e+02,3.690554513e-05
3.885618591e+02,2.635055920e-03
3.887786560e+02,-2.214332562e-05
3.889955139e+02,7.454919978e-04
3.892123413e+02,4.797720758e-04
3.894291992e+02,1.335980720e-03
3.896460571e+02,2.192189218e-03
3.898629456e+02,3.934131004e-03
3.900798340e+02,-1.107166318e-04
3.902967224e+02,5.912268069e-03
3.905136414e+02,1.158834086e-03
3.907305603e+02,4.642717540e-03
3.909475098e+02,9.226385737e-04
3.911644592e+02,2.398860408e-03
3.913814087e+02,2.605531365e-03
3.915983887e+02,2.103616018e-03
3.918153687e+02,1.129309647e-03
3.920323486e+02,-2.214332562e-05
3.922493591e+02,1.660749433e-03
3.924663696e+02,1.808371628e-03
3.926834106e+02,1.719798311e-03
3.929004517e+02,3.786508925e-03
3.931174927e+02,2.959824633e-03
3.933345642e+02,2.871251432e-03
3.935516357e+02,2.900775755e-03
3.937687073e+02,6.569186808e-04
3.939858093e+02,2.133140340e-03
3.942029114e+02,1.424554037e-03
3.944200439e+02,1.395029598e-03
3.946371765e+02,4.111277405e-03
3.948543091e+02,1.542651793e-03
3.950714722e+02,3.255069023e-03
3.952886353e+02,2.339811530e-03
3.955058289e+02,1.837896067e-03
3.957230225e+02,3.520788858e-03
3.959402161e+02,2.103616018e-03
3.961574402e+02,2.398860408e-03
3.963746643e+02,3.638886614e-03
3.965918884e+02,-3.764365392e-04
3.968091431e+02,8.045408758e-04
3.970263977e+02,1.365505159e-03
3.972436829e+02,6.864431198e-04
3.974609375e+02,2.044567140e-03
3.976782532e+02,2.310286975e-03
3.978955383e+02,4.081753083e-03
3.981128845e+02,2.635055920e-03
3.983302002e+02,6.569186808e-04
3.985475464e+02,2.103616018e-03
3.987648926e+02,2.015042584e-03
3.989822693e+02,3.018873511e-03
3.991996155e+02,4.081753083e-03
3.994170227e+02,5.683453637e-04
3.996343994e+02,1.513127354e-03
3.998518372e+02,5.388209247e-04
4.000692444e+02,2.044567140e-03
4.002866821e+02,9.521630127e-04
4.005041199e+02,2.516958164e-03
4.007215881e+02,3.166495590e-03
4.009390564e+02,1.011211891e-03
4.011565247e+02,4.140802193e-03
4.013740234e+02,2.516958164e-03
4.015915222e+02,1.867420506e-03
4.018090210e+02,5.388209247e-04
4.020265503e+02,1.660749433e-03
4.022440796e+02,3.550313413e-03
4.024616394e+02,3.963655327e-03
4.026791992e+02,2.428384731e-03
4.028967590e+02,4.997010808e-03
4.031143494e+02,2.192189218e-03
4.033319397e+02,9.226385737e-04
4.035495605e+02,2.015042584e-03
4.037671814e+02,3.373166779e-03
4.039848022e+02,5.115108564e-03
4.042024231e+02,1.955993939e-03
4.044200745e+02,4.140802193e-03
4.046377563e+02,3.314117901e-03
4.048554382e+02,6.089414936e-03
4.050731201e+02,4.170326516e-03
4.052908020e+02,5.410352722e-03
4.055085144e+02,3.963655327e-03
4.057262268e+02,5.056059454e-03
4.059439697e+02,2.280762652e-03
4.061617126e+02,4.052228760e-03
4.063794556e+02,7.159675588e-04
4.065972290e+02,3.077922389e-03
4.068150024e+02,3.491264535e-03
4.070328064e+02,4.258899949e-03
4.072506104e+02,3.343642224e-03
4.074684143e+02,4.111277405e-03
4.076862488e+02,2.516958164e-03
4.079040833e+02,4.347472917e-03
4.081219177e+02,8.931141347e-04
4.083397827e+02,3.402691102e-03
4.085576477e+02,3.904606448e-03
4.087755432e+02,7.299916819e-03
4.089934387e+02,3.491264535e-03
4.092113342e+02,3.314117901e-03
4.094292603e+02,4.672241863e-03
4.096471863e+02,4.111277405e-03
4.098651123e+02,2.989348955e-03
4.100830688e+02,2.044567140e-03
4.103010254e+02,3.993179649e-03
4.105189819e+02,5.380828399e-03
4.107369690e+02,5.380828399e-03
4.109549866e+02,5.498926155e-03
4.111729736e+02,4.701766185e-03
4.113909912e+02,7.978978567e-03
4.116090393e+02,6.709428038e-03
4.118270874e+02,6.768476684e-03
4.120451355e+02,6.798001006e-03
4.122631836e+02,6.532281172e-03
4.124812622e+02,9.779969230e-03
4.126993713e+02,7.122769952e-03
4.129174500e+02,6.030365825e-03
4.131355591e+02,8.953285404e-03
4.133536987e+02,9.425675496e-03
4.135718079e+02,8.215174079e-03
4.137899780e+02,1.016378682e-02
4.140081177e+02,1.090189815e-02
4.142262878e+02,1.057712920e-02
4.144444580e+02,1.081332471e-02
4.146626587e+02,9.750444442e-03
4.148808594e+02,1.258479059e-02
4.150990906e+02,1.028188411e-02
4.153172913e+02,1.293908339e-02
4.155355225e+02,1.441530511e-02
4.157537842e+02,1.338195056e-02
4.159720459e+02,1.214192435e-02
4.161903076e+02,1.299813297e-02
4.164085999e+02,1.476959884e-02
4.166268921e+02,1.465150062e-02
4.168451843e+02,1.412006095e-02
4.170635071e+02,1.781061478e-02
4.172818298e+02,1.707250439e-02
4.175001831e+02,1.860777475e-02
4.177185364e+02,1.742679812e-02
4.179368896e+02,2.067448571e-02
4.181552734e+02,1.978875324e-02
4.183736572e+02,2.020209469e-02
4.185920410e+02,2.200308442e-02
4.188104553e+02,2.415836975e-02
4.190288696e+02,2.330216020e-02
4.192473145e+02,2.371550165e-02
4.194657288e+02,2.787844837e-02
4.196842041e+02,2.752415463e-02
4.199026489e+02,3.077184223e-02
4.201211243e+02,2.920704708e-02
4.203396301e+02,3.000420704e-02
4.205581360e+02,3.068326972e-02
4.207766418e+02,3.289760277e-02
4.209951477e+02,3.523003310e-02
4.212136841e+02,3.694244847e-02
4.214322205e+02,3.915678337e-02
4.216507874e+02,3.927487880e-02
4.218693542e+02,4.364449531e-02
4.220879211e+02,4.163683578e-02
4.223065186e+02,4.506167024e-02
4.225251160e+02,5.002177507e-02
4.227437439e+02,5.202943459e-02
4.229623718e+02,4.901794344e-02
4.231809998e+02,5.338755995e-02
4.233996277e+02,5.282659456e-02
4.236182861e+02,6.023722887e-02
4.238369751e+02,5.882005766e-02
4.240556641e+02,6.121153384e-02
4.242743530e+02,6.389825791e-02
4.244930420e+02,6.404588372e-02
4.247117615e+02,6.965552270e-02
4.249304810e+02,7.101364434e-02
4.251492310e+02,7.186985761e-02
4.253679810e+02,7.432038337e-02
4.255867310e+02,7.547184080e-02
4.258055115e+02,8.565776795e-02
4.260242920e+02,8.456536382e-02
4.262430725e+02,8.270532638e-02
4.264618835e+02,8.447679132e-02
4.266806946e+02,9.141503274e-02
4.268995361e+02,9.590274841e-02
4.271183777e+02,9.876661748e-02
4.273372192e+02,1.047305539e-01
4.275560913e+02,1.079782397e-01
4.277749634e+02,1.077125221e-01
4.279938354e+02,1.127907261e-01
4.282127380e+02,1.170127168e-01
4.284316406e+02,1.211166158e-01
4.286505737e+02,1.230652258e-01
4.288695068e+02,1.272281706e-01
4.290884399e+02,1.304758638e-01
4.293074036e+02,1.354064345e-01
4.295263672e+02,1.386836469e-01
4.297453308e+02,1.428761184e-01
4.299643250e+02,1.448247284e-01
4.301833191e+02,1.543316096e-01
4.304023438e+02,1.553354412e-01
4.306213379e+02,1.629822701e-01
4.308403931e+02,1.656985134e-01
4.310594177e+02,1.668204367e-01
4.312784729e+02,1.736110598e-01
4.314975586e+02,1.759434938e-01
4.317166138e+02,1.773901880e-01
4.319357300e+02,1.790435612e-01
4.321548157e+02,1.940124482e-01
4.323739319e+02,1.983230114e-01
4.325930481e+02,2.033126354e-01
4.328121948e+02,2.072393894e-01
4.330313416e+02,2.066784203e-01
4.332504883e+02,2.195510864e-01
4.334696655e+02,2.232711613e-01
4.336888428e+02,2.259578854e-01
4.339080200e+02,2.318627685e-01
4.341272278e+02,2.361142933e-01
4.343464355e+02,2.482488304e-01
4.345656738e+02,2.486031204e-01
4.347849121e+02,2.604719400e-01
4.350041504e+02,2.667016089e-01
4.352234192e+02,2.757360935e-01
4.354426880e+02,2.785409093e-01
4.356619568e+02,2.907640040e-01
4.358812561e+02,3.113720715e-01
4.361005554e+02,3.282600641e-01
4.363198853e+02,3.414574862e-01
4.365392151e+02,3.352573514e-01
4.367585449e+02,3.448232710e-01
4.369778748e+02,3.451480269e-01
4.371972351e+02,3.464766145e-01
4.374166260e+02,3.604712188e-01
4.376360168e+02,3.687675893e-01
4.378554077e+02,3.790420890e-01
4.380747986e+02,3.838545680e-01
4.382942200e+02,3.982329667e-01
4.385136414e+02,4.032816291e-01
4.387330933e+02,4.118732512e-01
4.389525452e+02,4.291745722e-01
4.391719971e+02,4.324222505e-01
4.393914795e+02,4.480111599e-01
4.396109619e+02,4.591123462e-01
4.398304443e+02,4.668772817e-01
4.400499573e+02,4.819347262e-01
4.402694702e+02,5.007122755e-01
4.404890137e+02,5.042256713e-01
4.407085571e+02,5.050523877e-01
4.409281006e+02,5.234755874e-01
4.411476746e+02,5.308272243e-01
4.413672485e+02,5.457960963e-01
4.415868225e+02,5.530295968e-01
4.418064270e+02,5.594954491e-01
4.420260315e+02,5.694156289e-01
4.422456360e+02,5.811073184e-01
4.424652710e+02,5.877798200e-01
4.426849060e+02,5.974933505e-01
4.429045715e+02,6.116355658e-01
4.431242371e+02,6.130822897e-01
4.433439026e+02,6.149718165e-01
4.435635986e+02,6.277559400e-01
4.437832947e+02,6.285235286e-01
4.440029907e+02,6.331293583e-01
4.442227173e+02,6.397723556e-01
4.444424438e+02,6.409828663e-01
4.446622009e+02,6.428724527e-01
4.448819580e+02,6.495744586e-01
4.451017151e+02,6.579889655e-01
4.453215027e+02,6.554793715e-01
4.455412903e+02,6.564536691e-01
4.457610779e+02,6.464744210e-01
4.459808960e+02,6.547117233e-01
4.462007141e+02,6.522021294e-01
4.464205322e+02,6.498401761e-01
4.466403809e+02,6.424000263e-01
4.468602600e+02,6.373808980e-01
4.470801086e+02,6.355798841e-01
4.472999878e+02,6.236224771e-01
4.475198669e+02,6.210538745e-01
4.477397766e+02,6.161823273e-01
4.479596863e+02,6.087421775e-01
4.481796265e+02,5.997962952e-01
4.483995361e+02,5.796901584e-01
4.486194763e+02,5.692679882e-01
4.488394470e+02,5.631564856e-01
4.490594177e+02,5.548010468e-01
4.492793884e+02,5.419579148e-01
4.494993896e+02,5.367025733e-01
4.497193909e+02,5.306795835e-01
4.499393921e+02,5.143525600e-01
4.501594238e+02,4.964312315e-01
4.503794556e+02,4.909396768e-01
4.505994873e+02,4.708335400e-01
4.508195496e+02,4.649581909e-01
4.510396118e+02,4.544474781e-01
4.512597046e+02,4.313593805e-01
4.514797974e+02,4.261630774e-01
4.516998901e+02,4.111646712e-01
4.519200134e+02,3.986462951e-01
4.521401367e+02,3.913537562e-01
4.523602600e+02,3.774772882e-01
4.525804138e+02,3.674685061e-01
4.528005676e+02,3.590835631e-01
4.530207520e+02,3.486614227e-01
4.532409058e+02,3.404536545e-01
4.534611206e+02,3.288505375e-01
4.536813049e+02,3.201113045e-01
4.539015198e+02,3.101910949e-01
4.541217346e+02,3.012156785e-01
4.543419800e+02,2.919450104e-01
4.545622253e+02,2.824381292e-01
4.547825012e+02,2.850658000e-01
4.550027466e+02,2.724883854e-01
4.552230225e+02,2.688568830e-01
4.554433289e+02,2.552756369e-01
4.556636353e+02,2.551870644e-01
4.558839417e+02,2.402772307e-01
4.561042786e+02,2.416944057e-01
4.563246155e+02,2.295893878e-01
4.565449524e+02,2.286446095e-01
4.567653198e+02,2.261645496e-01
4.569856873e+02,2.259874046e-01
4.572060547e+02,2.190491706e-01
4.574264526e+02,2.132918984e-01
4.576468506e+02,2.070917636e-01
4.578672791e+02,2.060288936e-01
4.580877075e+02,2.038440853e-01
4.583081360e+02,2.010983080e-01
4.585285645e+02,1.938943416e-01
4.587490234e+02,1.904104650e-01
4.589695129e+02,1.899085492e-01
4.591900024e+02,1.879304051e-01
4.594104919e+02,1.815826595e-01
4.596309814e+02,1.808445454e-01
4.598515015e+02,1.751168072e-01
4.600720215e+02,1.779806763e-01
4.602925720e+02,1.762387305e-01
4.605130920e+02,1.704224199e-01
4.607336731e+02,1.710719615e-01
4.609542236e+02,1.670566350e-01
4.611748047e+02,1.646946818e-01
4.613954163e+02,1.575202495e-01
4.616159973e+02,1.590259820e-01
4.618366394e+02,1.569002271e-01
4.620572510e+02,1.581993103e-01
4.622778931e+02,1.520286947e-01
4.624985352e+02,1.493124515e-01
4.627192078e+02,1.503753364e-01
4.629398499e+02,1.439980567e-01
4.631605530e+02,1.404846460e-01
4.633812256e+02,1.416065693e-01
4.636019287e+02,1.397170126e-01
4.638226624e+02,1.331330538e-01
4.640433655e+02,1.365578920e-01
4.642641296e+02,1.296196580e-01
4.644848633e+02,1.277300864e-01
4.647056274e+02,1.280253381e-01
4.649263916e+02,1.241871566e-01
4.651471863e+02,1.214709058e-01
4.653679504e+02,1.148574352e-01
4.655887756e+02,1.154479235e-01
4.658095703e+02,1.100744754e-01
4.660303955e+02,1.103992462e-01
4.662512512e+02,1.096020862e-01
4.664720764e+02,1.068858355e-01
4.666929626e+02,1.077715680e-01
4.669138184e+02,1.018371582e-01
4.671347046e+02,9.962282330e-02
4.673555908e+02,1.021028757e-01
4.675765076e+02,9.734944254e-02
4.677973938e+02,9.581417590e-02
4.680183411e+02,9.182837605e-02
4.682392578e+02,9.168075025e-02
4.684602051e+02,8.979118615e-02
4.686811829e+02,9.233029187e-02
4.689021301e+02,8.881688118e-02
4.691231384e+02,8.837401867e-02
4.693441162e+02,8.595301211e-02
4.695651245e+02,8.831496537e-02
4.697861328e+02,8.326628804e-02
4.700071411e+02,8.155386895e-02
4.702281799e+02,8.019574732e-02
4.704492493e+02,8.046146482e-02
4.706702881e+02,7.505849749e-02
4.708913574e+02,7.712520659e-02
4.711124573e+02,7.198795676e-02
4.713335266e+02,7.535374165e-02
4.715546265e+02,7.169271260e-02
4.717757568e+02,7.437943667e-02
4.719968872e+02,7.246034592e-02
4.722180176e+02,7.065935433e-02
4.724391479e+02,7.000982016e-02
4.726603088e+02,6.856311858e-02
4.728814697e+02,6.832692772e-02
4.731026611e+02,7.157461345e-02
4.733238525e+02,6.643736362e-02
4.735450439e+02,6.661450863e-02
4.737662659e+02,6.398683041e-02
4.739874878e+02,6.832692772e-02
4.742087097e+02,6.714594364e-02
4.744299622e+02,6.938980520e-02
4.746512146e+02,6.673260778e-02
4.748724976e+02,6.800215691e-02
4.750937805e+02,6.590592116e-02
4.753150635e+02,6.676212698e-02
4.755363464e+02,6.605353951e-02
4.757576599e+02,6.968504936e-02
4.759790039e+02,6.301252544e-02
4.762003174e+02,6.401635706e-02
4.764216614e+02,6.528590620e-02
4.766430359e+02,6.590592116e-02
4.768643799e+02,6.242203712e-02
4.770857544e+02,6.552210450e-02
4.773071594e+02,6.389825791e-02
4.775285645e+02,6.239251420e-02
4.777499695e+02,6.442970037e-02
4.779714050e+02,6.823834777e-02
4.781928101e+02,6.702785194e-02
4.784142761e+02,6.617163867e-02
4.786357117e+02,6.534495950e-02
4.788571777e+02,6.747071445e-02
4.790786743e+02,6.643736362e-02
4.793001404e+02,6.785453111e-02
4.795216370e+02,6.696879864e-02
4.797431641e+02,6.584686786e-02
4.799646912e+02,6.171344966e-02
4.801862183e+02,6.927170604e-02
4.804077454e+02,6.572877616e-02
4.806293030e+02,6.971457601e-02
4.808508606e+02,6.487256289e-02
4.810724487e+02,6.649640948e-02
4.812940369e+02,6.637831032e-02
4.815156250e+02,7.009839267e-02
4.817372437e+02,6.788405776e-02
4.819588623e+02,6.670308113e-02
4.821804810e+02,6.702785194e-02
4.824021301e+02,6.927170604e-02
4.826237793e+02,6.897646189e-02
4.828454590e+02,6.980314851e-02
4.830671082e+02,7.048220932e-02
4.832888184e+02,7.272606343e-02
4.835104980e+02,7.420228422e-02
4.837322083e+02,7.482229918e-02
4.839539185e+02,7.384799421e-02
4.841756592e+02,7.564898580e-02
4.843973999e+02,7.251939178e-02
4.846191406e+02,7.340512425e-02
4.848409119e+02,7.381846756e-02
4.850626831e+02,7.685948908e-02
4.852844543e+02,7.355275005e-02
4.855062561e+02,7.635757327e-02
4.857280579e+02,7.685948908e-02
4.859498901e+02,8.270532638e-02
4.861717224e+02,8.010717481e-02
4.863935547e+02,8.122910559e-02
4.866154175e+02,8.509680629e-02
4.868372498e+02,8.494918048e-02
4.870591431e+02,8.279389888e-02
4.872810059e+02,8.604158461e-02
4.875028992e+02,8.987975866e-02
4.877248230e+02,9.002738446e-02
4.879467163e+02,8.486060798e-02
4.881686707e+02,8.769495040e-02
4.883905945e+02,8.813782036e-02
4.886125488e+02,9.368841350e-02
4.888345032e+02,9.135598689e-02
4.890564575e+02,9.489891678e-02
4.892784424e+02,9.599132091e-02
4.895004578e+02,9.171027690e-02
4.897224426e+02,9.424937516e-02
4.899444580e+02,9.953425080e-02
4.901664734e+02,1.024866924e-01
4.903885193e+02,1.017485857e-01
4.906105652e+02,1.030476615e-01
4.908326111e+02,1.049667448e-01
4.910546875e+02,1.064429730e-01
4.912767639e+02,1.086573005e-01
4.914988708e+02,1.105173454e-01
4.917209778e+02,1.133221611e-01
4.919430847e+02,1.128497720e-01
4.921651917e+02,1.118164137e-01
4.923873291e+02,1.181346476e-01
4.926094666e+02,1.148574352e-01
4.928316345e+02,1.195813417e-01
4.930538025e+02,1.193156242e-01
4.932759705e+02,1.208508909e-01
4.934981689e+02,1.276415139e-01
4.937203674e+02,1.261652857e-01
4.939425659e+02,1.264900565e-01
4.941647949e+02,1.348454803e-01
4.943870239e+02,1.332216263e-01
4.946092834e+02,1.354654878e-01
4.948315125e+02,1.385950744e-01
4.950538025e+02,1.369712353e-01
4.952760620e+02,1.444409192e-01
4.954983521e+02,1.459761858e-01
4.957206421e+02,1.510839164e-01
4.959429626e+02,1.554830521e-01
4.961652832e+02,1.547154188e-01
4.963876038e+02,1.526487172e-01
4.966099548e+02,1.558668762e-01
4.968323059e+02,1.591440886e-01
4.970546570e+02,1.644880027e-01
4.972770386e+02,1.697728783e-01
4.974994202e+02,1.698614508e-01
4.977218018e+02,1.755596697e-01
4.979442139e+02,1.756482422e-01
4.981666260e+02,1.765635014e-01
4.983890686e+02,1.796635687e-01
4.986115112e+02,1.866018176e-01
4.988339539e+02,1.857751310e-01
4.990564270e+02,1.911780983e-01
4.992788696e+02,1.884618551e-01
4.995013733e+02,1.989725530e-01
4.997238464e+02,1.994744688e-01
4.999463501e+02,1.972896606e-01
5.001688843e+02,2.097194493e-01
5.003914185e+02,2.089813352e-01
5.006139526e+02,2.093946785e-01
5.008364868e+02,2.154767066e-01
5.010590515e+02,2.200234681e-01
5.012816162e+02,2.228282988e-01
5.015041809e+02,2.262236029e-01
5.017267761e+02,2.249540538e-01
5.019493713e+02,2.316561043e-01
5.021719971e+02,2.395686507e-01
5.023946228e+02,2.394505441e-01
5.026172485e+02,2.474221438e-01
5.028399048e+02,2.452668697e-01
5.030625610e+02,2.497545779e-01
5.032852173e+02,2.543899119e-01
5.035079041e+02,2.617414892e-01
5.037305908e+02,2.640444040e-01
5.039532776e+02,2.634243965e-01
5.041759949e+02,2.756475210e-01
5.043987122e+02,2.745255828e-01
5.046214600e+02,2.784523368e-01
5.048441772e+02,2.823790908e-01
5.050669556e+02,2.874867916e-01
5.052897034e+02,2.963736653e-01
5.055124817e+02,2.960488796e-01
5.057352600e+02,2.990308702e-01
5.059580688e+02,3.070614934e-01
5.061808777e+02,3.103682399e-01
5.064036865e+02,3.178674579e-01
5.066265259e+02,3.184284270e-01
5.068493652e+02,3.247171044e-01
5.070722046e+02,3.271381259e-01
5.072950745e+02,3.384459913e-01
5.075179443e+02,3.349916339e-01
5.077408142e+02,3.354049623e-01
5.079637146e+02,3.444984853e-01
5.081866150e+02,3.488090634e-01
5.084095459e+02,3.532377183e-01
5.086324768e+02,3.508167267e-01
5.088554077e+02,3.608550131e-01
5.090783386e+02,3.628331721e-01
5.093013000e+02,3.704209328e-01
5.095242920e+02,3.746724725e-01
5.097472534e+02,3.753220141e-01
5.099702454e+02,3.783039749e-01
5.101932373e+02,3.857441247e-01
5.104162598e+02,3.874270320e-01
5.106392822e+02,3.932138085e-01
5.108623352e+02,3.927414119e-01
5.110853577e+02,3.964614868e-01
5.113084106e+02,4.012444615e-01
5.115314941e+02,4.106627405e-01
5.117545776e+02,4.093046188e-01
5.119776611e+02,4.073560238e-01
5.122007446e+02,4.150914252e-01
5.124238892e+02,4.226201475e-01
5.126469727e+02,4.274326265e-01
5.128701172e+02,4.307393730e-01
5.130932617e+02,4.331603646e-01
5.133164062e+02,4.265173674e-01
5.135395508e+02,4.339280128e-01
5.137627563e+02,4.384157062e-01
5.139859619e+02,4.444386959e-01
5.142091064e+02,4.502845407e-01
5.144323120e+02,4.572227895e-01
5.146555786e+02,4.429920018e-01
5.148787842e+02,4.521740973e-01
5.151019897e+02,4.555398822e-01
5.153252563e+02,4.566027820e-01
5.155485229e+02,4.628029168e-01
5.157717896e+02,4.648696184e-01
5.159950562e+02,4.624781311e-01
5.162183838e+02,4.699478149e-01
5.164416504e+02,4.701544940e-01
5.166649780e+02,4.715126157e-01
5.168883057e+02,4.785984755e-01
5.171116333e+02,4.820232987e-01
5.173350220e+02,4.878101051e-01
5.175583496e+02,4.835290611e-01
5.177817383e+02,4.898177683e-01
5.180051270e+02,4.847690761e-01
5.182285156e+02,4.946597815e-01
5.184519043e+02,4.975531697e-01
5.186752930e+02,5.002989173e-01
5.188987427e+02,4.912053943e-01
5.191221313e+02,4.955750108e-01
5.193455811e+02,5.031628013e-01
5.195690308e+02,4.938330948e-01
5.197925415e+02,5.019227862e-01
5.200159912e+02,5.072667003e-01
5.202395020e+02,5.138801932e-01
5.204629517e+02,5.119315386e-01
5.206864624e+02,5.152382851e-01
5.209099731e+02,5.088019967e-01
5.211335449e+02,5.200507641e-01
5.213570557e+02,5.204050541e-01
5.215806274e+02,5.194603205e-01
5.218041992e+02,5.284652710e-01
5.220277710e+02,5.283766985e-01
5.222513428e+02,5.307681561e-01
5.224749146e+02,5.237708688e-01
5.226985474e+02,5.331596136e-01
5.229221191e+02,5.336320400e-01
5.231457520e+02,5.419874191e-01
5.233693848e+02,5.341044068e-01
5.235930176e+02,5.398616791e-01
5.238167114e+02,5.413969755e-01
5.240403442e+02,5.522028804e-01
5.242640381e+02,5.475084782e-01
5.244877319e+02,5.512876511e-01
5.247114258e+02,5.559819937e-01
5.249351196e+02,5.543286800e-01
5.251588745e+02,5.512580872e-01
5.253826294e+02,5.618574023e-01
5.256063232e+02,5.563953519e-01
5.258300781e+02,5.701242089e-01
5.260538330e+02,5.693270564e-01
5.262776489e+02,5.645736456e-01
5.265014038e+02,5.687661171e-01
5.267252197e+02,5.746119618e-01
5.269490356e+02,5.713937879e-01
5.271728516e+02,5.789225101e-01
5.273966675e+02,5.762062669e-01
5.276204834e+02,5.792472959e-01
5.278443604e+02,5.812253952e-01
5.280682373e+02,5.832035542e-01
5.282921143e+02,5.918542147e-01
5.285159912e+02,5.957219005e-01
5.287398682e+02,5.916770697e-01
5.289637451e+02,5.975819230e-01
5.291876831e+02,5.936256647e-01
5.294116211e+02,5.987629294e-01
5.296355591e+02,6.002391577e-01
5.298594971e+02,6.010658145e-01
5.300834351e+02,6.034573317e-01
5.303074341e+02,6.127575040e-01
5.305313721e+02,6.036639810e-01
5.307553711e+02,6.153556705e-01
5.309793701e+02,6.129937172e-01
5.312033691e+02,6.168909073e-01
5.314274292e+02,6.161528230e-01
5.316514282e+02,6.208176613e-01
5.318754883e+02,6.241539121e-01
5.320995483e+02,6.254825592e-01
5.323236084e+02,6.263092160e-01
5.325476685e+02,6.253939867e-01
5.327717285e+02,6.274606586e-01
5.329958496e+02,6.435810328e-01
5.332199707e+02,6.287893057e-01
5.334440308e+02,6.380009055e-01
5.336682129e+02,6.395066381e-01
5.338923340e+02,6.412190795e-01
5.341164551e+02,6.446439028e-01
5.343406372e+02,6.511097550e-01
5.345648193e+02,6.555384398e-01
5.347890015e+02,6.540031433e-01
5.350131836e+02,6.632443070e-01
5.352373657e+02,6.559222341e-01
5.354616089e+02,6.584022641e-01
5.356857910e+02,6.616500020e-01
5.359100342e+02,6.669348478e-01
5.361342773e+02,6.733416319e-01
5.363585205e+02,6.684405804e-01
5.365828247e+02,6.667281985e-01
5.368070679e+02,6.749655008e-01
5.370313721e+02,6.739026308e-01
5.372556763e+02,6.762645841e-01
5.374799805e+02,6.864504814e-01
5.377042847e+02,6.778293848e-01
5.379285889e+02,6.900525093e-01
5.381529541e+02,6.881629229e-01
5.383773193e+02,6.849152446e-01
5.386016846e+02,6.887238622e-01
5.388260498e+02,6.960164309e-01
5.390504150e+02,7.045785189e-01
5.392747803e+02,7.050803900e-01
5.394992065e+02,7.032794356e-01
5.397236328e+02,7.077966928e-01
5.399480591e+02,7.079442739e-01
5.401724854e+02,7.134358287e-01
5.403969116e+02,7.080033422e-01
5.406213989e+02,7.192521691e-01
5.408458252e+02,7.268989682e-01
5.410703125e+02,7.274008989e-01
5.412947998e+02,7.222341299e-01
5.415192871e+02,7.300285697e-01
5.417438354e+02,7.412478328e-01
5.419683228e+02,7.458241582e-01
5.421928711e+02,7.456470132e-01
5.424174194e+02,7.512861490e-01
5.426419678e+02,7.698570490e-01
5.428665161e+02,7.808696628e-01
5.430910645e+02,7.721894383e-01
5.433156738e+02,7.777105570e-01
5.435402832e+02,7.800429463e-01
5.437648315e+02,7.904946208e-01
5.439895020e+02,7.876012325e-01
5.442141113e+02,7.945985198e-01
5.444387207e+02,7.915279865e-01
5.446633911e+02,7.962223291e-01
5.448880615e+02,7.933289409e-01
5.451127319e+02,7.883393168e-01
5.453374023e+02,7.926498652e-01
5.455620728e+02,7.928565741e-01
5.457867432e+02,7.899041176e-01
5.460114746e+02,7.949823141e-01
5.462362061e+02,8.078549504e-01
5.464609375e+02,8.104826212e-01
5.466856689e+02,8.020091653e-01
5.469104004e+02,8.007986546e-01
5.471351929e+02,7.895203233e-01
5.473599243e+02,8.022748828e-01
5.475847168e+02,7.855935693e-01
5.478095093e+02,7.730161548e-01
5.480343018e+02,7.797477245e-01
5.482591553e+02,7.768838406e-01
5.484839478e+02,7.726618648e-01
5.487088013e+02,7.649855018e-01
5.489336548e+02,7.720418572e-01
5.491585083e+02,7.726618648e-01
5.493833618e+02,7.701817751e-01
5.496082764e+02,7.794820070e-01
5.498331299e+02,7.767952681e-01
5.500580444e+02,7.860954404e-01
5.502829590e+02,7.818439603e-01
5.505078735e+02,7.741380930e-01
5.507327881e+02,7.750238180e-01
5.509577637e+02,7.837039828e-01
5.511826782e+02,7.772381306e-01
5.514076538e+02,7.742561698e-01
5.516326294e+02,7.773562074e-01
5.518576050e+02,7.727504373e-01
5.520825806e+02,7.718647122e-01
5.523076172e+02,7.803972363e-01
5.525325928e+02,7.823458910e-01
5.527576294e+02,7.839106321e-01
5.529826660e+02,7.746695280e-01
5.532077026e+02,7.832316160e-01
5.534328003e+02,7.753190398e-01
5.536578369e+02,7.811353803e-01
5.538829346e+02,7.689713240e-01
5.541080322e+02,7.813420296e-01
5.543331299e+02,7.826411128e-01
5.545582275e+02,7.743152380e-01
5.547833252e+02,7.774447799e-01
5.550084839e+02,7.685284019e-01
5.552335815e+02,7.687941194e-01
5.554587402e+02,7.605273128e-01
5.556838989e+02,7.691779733e-01
5.559091187e+02,7.699160576e-01
5.561342773e+02,7.710084915e-01
5.563594971e+02,7.757323980e-01
5.565846558e+02,7.724256516e-01
5.568098755e+02,7.776809931e-01
5.570350952e+02,7.803972363e-01
5.572603760e+02,7.750238180e-01
5.574855957e+02,7.725142241e-01
5.577108765e+02,7.796886563e-01
5.579360962e+02,7.757028937e-01
5.581613770e+02,7.704179883e-01
5.583866577e+02,7.697094083e-01
5.586119995e+02,7.723961473e-01
5.588372803e+02,7.675836682e-01
5.590626221e+02,7.757914662e-01
5.592879028e+02,7.733999491e-01
5.595132446e+02,7.758800387e-01
5.597386475e+02,7.777695656e-01
5.599639893e+02,7.763819098e-01
5.601893311e+02,7.699456215e-01
5.604147339e+02,7.792457938e-01
5.606401367e+02,7.737838030e-01
5.608655396e+02,7.797477245e-01
5.610909424e+02,7.701817751e-01
5.613163452e+02,7.797477245e-01
5.615418091e+02,7.744038105e-01
5.617672119e+02,7.793934345e-01
5.619926758e+02,7.803382277e-01
5.622181396e+02,7.737542391e-01
5.624436646e+02,7.685284019e-01
5.626691284e+02,7.762343287e-01
5.628945923e+02,7.796295881e-01
5.631201172e+02,7.752599716e-01
5.633456421e+02,7.875716686e-01
5.635711670e+02,7.782124281e-01
5.637966919e+02,7.739609480e-01
5.640222778e+02,7.814306021e-01
5.642478027e+02,7.775038481e-01
5.644733887e+02,7.740790248e-01
5.646989746e+02,7.709789276e-01
5.649245605e+02,7.781829238e-01
5.651501465e+02,7.754371166e-01
5.653757935e+02,7.834677696e-01
5.656013794e+02,7.750238180e-01
5.658270264e+02,7.798067331e-01
5.660526733e+02,7.765590549e-01
5.662783203e+02,7.768247724e-01
5.665039673e+02,7.738428116e-01
5.667296753e+02,7.754076123e-01
5.669553223e+02,7.834677696e-01
5.671810303e+02,7.757028937e-01
5.674067383e+02,7.775038481e-01
5.676324463e+02,7.789505720e-01
5.678581543e+02,7.733113766e-01
5.680839233e+02,7.729865909e-01
5.683096313e+02,7.805153728e-01
5.685354004e+02,7.709494233e-01
5.687611694e+02,7.762047648e-01
5.689869385e+02,7.752895355e-01
5.692127686e+02,7.707722783e-01
5.694385376e+02,7.765886188e-01
5.696643677e+02,7.700046301e-01
5.698901978e+02,7.841468453e-01
5.701160278e+02,7.845306993e-01
5.703418579e+02,7.836154103e-01
5.705676880e+02,7.747876048e-01
5.707935791e+02,7.732523084e-01
5.710194092e+02,7.770904899e-01
5.712453003e+02,7.793934345e-01
5.714711914e+02,7.801905870e-01
5.716970825e+02,7.689713240e-01
5.719230347e+02,7.763819098e-01
5.721489258e+02,7.819915414e-01
5.723748779e+02,7.759095430e-01
5.726008301e+02,7.840287685e-01
5.728267822e+02,7.845897079e-01
5.730527344e+02,7.779762745e-01
5.732786865e+02,7.842354178e-01
5.735046997e+02,7.739313841e-01
5.737307129e+02,7.837630510e-01
5.739566650e+02,7.845011353e-01
5.741826782e+02,7.824934721e-01
5.744087524e+02,7.834087610e-01
5.746347656e+02,7.832906246e-01
5.748608398e+02,7.814010978e-01
5.750868530e+02,7.800725102e-01
5.753129272e+02,7.780943513e-01
5.755390015e+02,7.796591520e-01
5.757651367e+02,7.792457938e-01
5.759912109e+02,7.784191370e-01
5.762173462e+02,7.768838406e-01
5.764434204e+02,7.743152380e-01
5.766695557e+02,7.810468078e-01
5.768956909e+02,7.715104222e-01
5.771218872e+02,7.786848545e-01
5.773480225e+02,7.788324356e-01
5.775742188e+02,7.762047648e-01
5.778003540e+02,7.829954028e-01
5.780265503e+02,7.749056816e-01
5.782527466e+02,7.749056816e-01
5.784790039e+02,7.761457562e-01
5.787052002e+02,7.821687460e-01
5.789314575e+02,7.824934721e-01
5.791577148e+02,7.939489484e-01
5.793839111e+02,7.768543363e-01
5.796102295e+02,7.821391821e-01
5.798364868e+02,7.734885216e-01
5.800627441e+02,7.852097154e-01
5.802890625e+02,7.767361999e-01
5.805153809e+02,7.863611579e-01
5.807416992e+02,7.881031036e-01
5.809680176e+02,7.771495581e-01
5.811943359e+02,7.779762745e-01
5.814207153e+02,7.859478593e-01
5.816470337e+02,7.795115113e-01
5.818734131e+02,7.933289409e-01
5.820997925e+02,7.893431783e-01
5.823261719e+02,7.775629163e-01
5.825526123e+02,7.786257863e-01
5.827789917e+02,7.935356498e-01
5.830054321e+02,7.787438631e-01
5.832318726e+02,7.812829614e-01
5.834583130e+02,7.822277546e-01
5.836847534e+02,7.877193093e-01
5.839111938e+02,7.768247724e-01
5.841376953e+02,7.830249071e-01
5.843641357e+02,7.883098125e-01
5.845906372e+02,7.783010006e-01
5.848171387e+02,7.871583700e-01
5.850436401e+02,7.790095806e-01
5.852702026e+02,7.712447047e-01
5.854967041e+02,7.841173410e-01
5.857232666e+02,7.780943513e-01
5.859498291e+02,7.802200913e-01
5.861763916e+02,7.773857713e-01
5.864029541e+02,7.771495581e-01
5.866295166e+02,7.740495205e-01
5.868561401e+02,7.699456215e-01
5.870827026e+02,7.714218497e-01
5.873093262e+02,7.795410156e-01
5.875359497e+02,7.667274475e-01
5.877625732e+02,7.745809555e-01
5.879892578e+02,7.808696628e-01
5.882158813e+02,7.684103251e-01
5.884425659e+02,7.731932998e-01
5.886692505e+02,7.707722783e-01
5.888959351e+02,7.721304297e-01
5.891226196e+02,7.641587853e-01
5.893493652e+02,7.690598965e-01
5.895760498e+02,7.630073428e-01
5.898027954e+02,7.662255168e-01
5.900295410e+02,7.567777038e-01
5.902562866e+02,7.617673278e-01
5.904830322e+02,7.566300631e-01
5.907097778e+02,7.522309422e-01
5.909365845e+02,7.585491538e-01
5.911633911e+02,7.513452172e-01
5.913901978e+02,7.509613633e-01
5.916170044e+02,7.475956082e-01
5.918438110e+02,7.522014380e-01
5.920706177e+02,7.421926260e-01
5.922974854e+02,7.432259917e-01
5.925242920e+02,7.478613257e-01
5.927511597e+02,7.491899133e-01
5.929780273e+02,7.478613257e-01
5.932049561e+02,7.435507774e-01
5.934318237e+02,7.414545417e-01
5.936587524e+02,7.490127683e-01
5.938856201e+02,7.406573892e-01
5.941125488e+02,7.381182313e-01
5.943394775e+02,7.416316867e-01
5.945664673e+02,7.445840836e-01
5.947933960e+02,7.299104929e-01
5.950203857e+02,7.350772619e-01
5.952473145e+02,7.231789231e-01
5.954743042e+02,7.317705154e-01
5.957012939e+02,7.240055799e-01
5.959283447e+02,7.182188034e-01
5.961553345e+02,7.232969999e-01
5.963823853e+02,7.243303657e-01
5.966093750e+02,7.126386762e-01
5.968364258e+02,7.109557986e-01
5.970634766e+02,7.159158587e-01
5.972905884e+02,7.181892395e-01
5.975176392e+02,7.133767605e-01
5.977447510e+02,7.079147696e-01
5.979718018e+02,7.061728239e-01
5.981989136e+02,7.069699764e-01
5.984260254e+02,7.048146725e-01
5.986531982e+02,7.056708932e-01
5.988803101e+02,7.004746199e-01
5.991074829e+02,7.059071064e-01
5.993345947e+02,6.914106011e-01
5.995617676e+02,7.056413889e-01
5.997889404e+02,7.075899839e-01
6.000161743e+02,6.995593309e-01
6.002433472e+02,6.998250484e-01
6.004705811e+02,6.956325769e-01
6.006977539e+02,6.899934411e-01
6.009249878e+02,6.967545152e-01
6.011522217e+02,6.876904964e-01
6.013795166e+02,6.876609921e-01
6.016067505e+02,6.881629229e-01
6.018340454e+02,6.819332838e-01
6.020612793e+02,6.827894449e-01
6.022885742e+02,6.882219911e-01
6.025158691e+02,6.821104288e-01
6.027432251e+02,6.768845916e-01
6.029705200e+02,6.742864251e-01
6.031978760e+02,6.767960191e-01
6.034251709e+02,6.747588515e-01
6.036525269e+02,6.668462753e-01
6.038798828e+02,6.679091454e-01
6.041072998e+02,6.701825261e-01
6.043346558e+02,6.601442099e-01
6.045620728e+02,6.619747281e-01
6.047894287e+02,6.482458711e-01
6.050168457e+02,6.533536315e-01
6.052442627e+02,6.501058936e-01
6.054717407e+02,6.537669301e-01
6.056991577e+02,6.500468850e-01
6.059266357e+02,6.479506493e-01
6.061540527e+02,6.418390870e-01
6.063815308e+02,6.414552331e-01
6.066090698e+02,6.454115510e-01
6.068365479e+02,6.526154876e-01
6.070640259e+02,6.386799812e-01
6.072915649e+02,6.414257288e-01
6.075191040e+02,6.444076896e-01
6.077465820e+02,6.414847970e-01
6.079741821e+02,6.372037530e-01
6.082017212e+02,6.332769990e-01
6.084292603e+02,6.399199963e-01
6.086568604e+02,6.392114162e-01
6.088844604e+02,6.281397343e-01
6.091119995e+02,6.387094855e-01
6.093396606e+02,6.393885612e-01
6.095672607e+02,6.410123706e-01
6.097948608e+02,6.386209130e-01
6.100225220e+02,6.317712665e-01
6.102501831e+02,6.464153528e-01
6.104777832e+02,6.440829635e-01
6.107055054e+02,6.385618448e-01
6.109331665e+02,6.481277943e-01
6.111608276e+02,6.618566513e-01
6.113885498e+02,6.918829679e-01
6.116162720e+02,7.163882852e-01
6.118439331e+02,7.303533554e-01
6.120716553e+02,7.271056175e-01
6.122994385e+02,7.090957165e-01
6.125271606e+02,7.057299614e-01
6.127549438e+02,7.080919147e-01
6.129826660e+02,6.930639744e-01
6.132104492e+02,6.890781522e-01
6.134382324e+02,6.773274541e-01
6.136660767e+02,6.774455309e-01
6.138938599e+02,6.554498672e-01
6.141217041e+02,6.428724527e-01
6.143494873e+02,6.428133845e-01
6.145773315e+02,6.337789297e-01
6.148051758e+02,6.266044974e-01
6.150330811e+02,6.227367520e-01
6.152609253e+02,6.174519062e-01
6.154887695e+02,6.227367520e-01
6.157166748e+02,6.140270829e-01
6.159445801e+02,6.138499379e-01
6.161724854e+02,6.045202017e-01
6.164003906e+02,6.025125384e-01
6.166283569e+02,5.978181362e-01
6.168562622e+02,6.015972495e-01
6.170842285e+02,5.908208489e-01
6.173121948e+02,5.886360407e-01
6.175401611e+02,5.875731707e-01
6.177681274e+02,5.840302110e-01
6.179961548e+02,5.839121342e-01
6.182241211e+02,5.723385811e-01
6.184521484e+02,5.712461472e-01
6.186801758e+02,5.686775446e-01
6.189082031e+02,5.683527589e-01
6.191362305e+02,5.736671686e-01
6.193642578e+02,5.696518421e-01
6.195923462e+02,5.691499114e-01
6.198203735e+02,5.498114228e-01
6.200484619e+02,5.646917224e-01
6.202765503e+02,5.586097240e-01
6.205046997e+02,5.621526241e-01
6.207327881e+02,5.557162762e-01
6.209608765e+02,5.583144426e-01
6.211890259e+02,5.539448261e-01
6.214171753e+02,5.561887026e-01
6.216453247e+02,5.461503863e-01
6.218734741e+02,5.534724593e-01
6.221016846e+02,5.462980270e-01
6.223298340e+02,5.462684631e-01
6.225580444e+02,5.392711759e-01
6.227862549e+02,5.419579148e-01
6.230144653e+02,5.349311233e-01
6.232426758e+02,5.359349251e-01
6.234708862e+02,5.361415744e-01
6.236991577e+02,5.338977575e-01
6.239273682e+02,5.311224461e-01
6.241556396e+02,5.274614096e-01
6.243839111e+02,5.235642195e-01
6.246121826e+02,5.248928070e-01
6.248404541e+02,5.200212598e-01
6.250687866e+02,5.095991492e-01
6.252971191e+02,5.143230557e-01
6.255253906e+02,5.155040026e-01
6.257537231e+02,5.168916583e-01
6.259821167e+02,5.071486235e-01
6.262104492e+02,5.134668350e-01
6.264387817e+02,5.141459107e-01
6.266671753e+02,5.085952878e-01
6.268955688e+02,5.064990520e-01
6.271239624e+02,5.008008480e-01
6.273523560e+02,4.976122081e-01
6.275807495e+02,4.966969490e-01
6.278092041e+02,4.949513078e-01
6.280375977e+02,4.939055145e-01
6.282660522e+02,5.029590130e-01
6.284945068e+02,4.920883179e-01
6.287229614e+02,4.935979247e-01
6.289514160e+02,4.869472086e-01
6.291799316e+02,4.802516997e-01
6.294083862e+02,4.752416611e-01
6.296369019e+02,4.760272205e-01
6.298654175e+02,4.800020158e-01
6.300939331e+02,4.804847240e-01
6.303224487e+02,4.732953906e-01
6.305510254e+02,4.741415679e-01
6.307795410e+02,4.797070026e-01
6.310081177e+02,4.774910510e-01
6.312366943e+02,4.765240550e-01
6.314652710e+02,4.850461185e-01
6.316938477e+02,4.837007523e-01
6.319224854e+02,4.675958753e-01
6.321510620e+02,4.690930247e-01
6.323796997e+02,4.666994810e-01
6.326083374e+02,4.634209871e-01
6.328369751e+02,4.646362066e-01
6.330656128e+02,4.517342150e-01
6.332943115e+02,4.549833536e-01
6.335229492e+02,4.484897256e-01
6.337516479e+02,4.529060125e-01
6.339803467e+02,4.452260435e-01
6.342090454e+02,4.429205656e-01
6.344377441e+02,4.369357824e-01
6.346664429e+02,4.333421886e-01
6.348952026e+02,4.341177344e-01
6.351239624e+02,4.316995144e-01
6.353526611e+02,4.294456840e-01
6.355814819e+02,4.192145765e-01
6.358102417e+02,4.234578907e-01
6.360390015e+02,4.260631800e-01
6.362678223e+02,4.198938608e-01
6.364965820e+02,4.152378738e-01
6.367254028e+02,4.197922349e-01
6.369542236e+02,4.198624492e-01
6.371830444e+02,4.162670076e-01
6.374119263e+02,4.135598242e-01
6.376407471e+02,4.092695713e-01
6.378696289e+02,4.096975029e-01
6.380984497e+02,4.022451937e-01
6.383273315e+02,4.038292766e-01
6.385562744e+02,3.946434259e-01
6.387851562e+02,4.009201825e-01
6.390140381e+02,3.845764399e-01
6.392429810e+02,3.886148036e-01
6.394719238e+02,3.788756430e-01
6.397008667e+02,3.778930008e-01
6.399298096e+02,3.827015162e-01
6.401587524e+02,3.839690089e-01
6.403877563e+02,3.702996373e-01
6.406166992e+02,3.700131774e-01
6.408457031e+02,3.693346679e-01
6.410747070e+02,3.653829694e-01
6.413037109e+02,3.528480828e-01
6.415327148e+02,3.615491092e-01
6.417617798e+02,3.542077541e-01
6.419907837e+02,3.525489271e-01
6.422198486e+02,3.504868448e-01
6.424489136e+02,3.467057645e-01
6.426779785e+02,3.538567126e-01
6.429070435e+02,3.434422016e-01
6.431361694e+02,3.400730193e-01
6.433652344e+02,3.385763168e-01
6.435943604e+02,3.284805715e-01
6.438234863e+02,3.340539336e-01
6.440526123e+02,3.341417611e-01
6.442817383e+02,3.278717697e-01
6.445108643e+02,3.173276484e-01
6.447400513e+02,3.196007311e-01
6.449692383e+02,3.185508549e-01
6.451983643e+02,3.253723383e-01
6.454275513e+02,3.059843481e-01
6.456567993e+02,3.160256743e-01
6.458859863e+02,3.099815845e-01
6.461151733e+02,3.018676043e-01
6.463444214e+02,3.053817153e-01
6.465736694e+02,2.992288172e-01
6.468029175e+02,3.035637438e-01
6.470321655e+02,2.944087684e-01
6.472614136e+02,2.928561270e-01
6.474907227e+02,2.940320075e-01
6.477200317e+02,2.919742465e-01
6.479492798e+02,2.869846523e-01
6.481785889e+02,2.839017808e-01
6.484078979e+02,2.881433368e-01
6.486372681e+02,2.936565578e-01
6.488665771e+02,2.799121737e-01
6.490959473e+02,2.775770426e-01
6.493253174e+02,2.781077325e-01
6.495546265e+02,2.758315206e-01
6.497840576e+02,2.704674006e-01
6.500134277e+02,2.741692364e-01
6.502427979e+02,2.737852037e-01
6.504722290e+02,2.631419897e-01
6.507016602e+02,2.670030296e-01
6.509310303e+02,2.644834816e-01
6.511605225e+02,2.624551952e-01
6.513899536e+02,2.588547468e-01
6.516193848e+02,2.613765001e-01
6.518488770e+02,2.635025680e-01
6.520783081e+02,2.553937733e-01
6.523078003e+02,2.572423518e-01
6.525372925e+02,2.526263893e-01
6.527667847e+02,2.490445673e-01
6.529963379e+02,2.526884079e-01
6.532258301e+02,2.475868464e-01
6.534553833e+02,2.425853759e-01
6.536849365e+02,2.434406430e-01
6.539144897e+02,2.409223169e-01
6.541440430e+02,2.440182269e-01
6.543735962e+02,2.401533425e-01
6.546032104e+02,2.432537675e-01
6.548327637e+02,2.377729863e-01
6.550623779e+02,2.352855802e-01
6.552919922e+02,2.426808327e-01
6.555216064e+02,2.295104563e-01
6.557512817e+02,2.299410701e-01
6.559808960e+02,2.338142395e-01
6.562105713e+02,2.263118625e-01
6.564402466e+02,2.284995317e-01
6.566698608e+02,2.228635699e-01
6.568995972e+02,2.292917818e-01
6.571292725e+02,2.284044474e-01
6.573589478e+02,2.209569067e-01
6.575886841e+02,2.211835384e-01
6.578184204e+02,2.231009007e-01
6.580480957e+02,2.228817195e-01
6.582778931e+02,2.214400917e-01
6.585076294e+02,2.210760713e-01
6.587373657e+02,2.195785642e-01
6.589671631e+02,2.210591584e-01
6.591968994e+02,2.111970931e-01
6.594266968e+02,2.206302881e-01
6.596564941e+02,2.184491009e-01
6.598862915e+02,2.120832205e-01
6.601161499e+02,2.116018832e-01
6.603459473e+02,2.119502723e-01
6.605758057e+02,2.070917636e-01
6.608056641e+02,2.093356252e-01
6.610355225e+02,2.107528001e-01
6.612653809e+02,2.040212303e-01
6.614952393e+02,2.048479170e-01
6.617251587e+02,2.018954754e-01
6.619550171e+02,2.058517486e-01
6.621849365e+02,2.017183155e-01
6.624148560e+02,2.017183155e-01
6.626447754e+02,1.956362873e-01
6.628747559e+02,2.013049871e-01
6.631046753e+02,2.009506822e-01
6.633346558e+02,1.943962574e-01
6.635645752e+02,1.987068355e-01
6.637945557e+02,1.968172640e-01
6.640245361e+02,1.961086839e-01
6.642545776e+02,1.946619749e-01
6.644845581e+02,1.972306073e-01
6.647145386e+02,1.946324557e-01
6.649445801e+02,1.909123808e-01
6.651746216e+02,1.881961375e-01
6.654046631e+02,1.884618551e-01
6.656347046e+02,1.883142292e-01
6.658648071e+02,1.875465959e-01
6.660948486e+02,1.827931553e-01
6.663249512e+02,1.835017502e-01
6.665550537e+02,1.890818626e-01
6.667851562e+02,1.823798120e-01
6.670152588e+02,1.796930879e-01
6.672453613e+02,1.831179261e-01
6.674755249e+02,1.797226220e-01
6.677056274e+02,1.805197746e-01
6.679357910e+02,1.763863564e-01
6.681659546e+02,1.764454097e-01
6.683961182e+02,1.803721488e-01
6.686262817e+02,1.742606014e-01
6.688565063e+02,1.755006164e-01
6.690866699e+02,1.761501580e-01
6.693168945e+02,1.684738100e-01
6.695471191e+02,1.770063639e-01
6.697773438e+02,1.704814732e-01
6.700075684e+02,1.722234040e-01
6.702378540e+02,1.716624498e-01
6.704680786e+02,1.676471233e-01
6.706983643e+02,1.692414433e-01
6.709286499e+02,1.655213684e-01
6.711589355e+02,1.658756584e-01
6.713892212e+02,1.656099409e-01
6.716195679e+02,1.669975817e-01
6.718498535e+02,1.673814058e-01
6.720802002e+02,1.573135704e-01
6.723105469e+02,1.609155536e-01
6.725408936e+02,1.597050577e-01
6.727712402e+02,1.584945470e-01
6.730015869e+02,1.604726911e-01
6.732319336e+02,1.576383412e-01
6.734623413e+02,1.591440886e-01
6.736927490e+02,1.549516171e-01
6.739231567e+02,1.547154188e-01
6.741535645e+02,1.532392055e-01
6.743839722e+02,1.501686573e-01
6.746144409e+02,1.499915123e-01
6.748448486e+02,1.515563130e-01
6.750753174e+02,1.479543298e-01
6.753057861e+02,1.469800174e-01
6.755362549e+02,1.481905282e-01
6.757667236e+02,1.430532634e-01
6.759971924e+02,1.493419707e-01
6.762277222e+02,1.442342401e-01
6.764582520e+02,1.432599425e-01
6.766887817e+02,1.437028050e-01
6.769193115e+02,1.418427676e-01
6.771498413e+02,1.448542625e-01
6.773803711e+02,1.449133158e-01
6.776109619e+02,1.446475834e-01
6.778414917e+02,1.408389360e-01
6.780720825e+02,1.409275085e-01
6.783026733e+02,1.361150295e-01
6.785332642e+02,1.362036020e-01
6.787638550e+02,1.351997703e-01
6.789945068e+02,1.386836469e-01
6.792250977e+02,1.363512278e-01
6.794557495e+02,1.362036020e-01
6.796864014e+02,1.307415813e-01
6.799170532e+02,1.330149621e-01
6.801477051e+02,1.304168105e-01
6.803784180e+02,1.348454803e-01
6.806090698e+02,1.300329864e-01
6.808397827e+02,1.294720322e-01
6.810704956e+02,1.282024831e-01
6.813012085e+02,1.310958713e-01
6.815319214e+02,1.262243390e-01
6.817626343e+02,1.268443614e-01
6.819934082e+02,1.287339181e-01
6.822241821e+02,1.256338507e-01
6.824548950e+02,1.262833923e-01
6.826856689e+02,1.214413866e-01
6.829164429e+02,1.229471266e-01
6.831472778e+02,1.192270517e-01
6.833780518e+02,1.225337833e-01
6.836088867e+02,1.201718301e-01
6.838397217e+02,1.171308160e-01
6.840705566e+02,1.195222959e-01
6.843013916e+02,1.186956093e-01
6.845322266e+02,1.185479909e-01
6.847630615e+02,1.197289675e-01
6.849939575e+02,1.185775101e-01
6.852248535e+02,1.152117252e-01
6.854556885e+02,1.172193885e-01
6.856865845e+02,1.110487804e-01
6.859175415e+02,1.099268496e-01
6.861484375e+02,1.113145053e-01
6.863793335e+02,1.101335213e-01
6.866102905e+02,1.090115979e-01
6.868412476e+02,1.099268496e-01
6.870722046e+02,1.120821387e-01
6.873031616e+02,1.088639721e-01
6.875341187e+02,1.077715680e-01
6.877651367e+02,1.075058505e-01
6.879960938e+02,1.068267897e-01
6.882271118e+02,1.108716354e-01
6.884581299e+02,1.070925072e-01
6.886891479e+02,1.030476615e-01
6.889201660e+02,1.051734164e-01
6.891512451e+02,1.042581648e-01
6.893822632e+02,1.023981199e-01
6.896133423e+02,1.029000357e-01
6.898444214e+02,1.018666849e-01
6.900755005e+02,9.997712076e-02
6.903065796e+02,9.557797760e-02
6.905377197e+02,9.965234995e-02
6.907687988e+02,9.870756418e-02
6.909999390e+02,9.380651265e-02
6.912310181e+02,9.773325920e-02
6.914621582e+02,9.336364269e-02
6.916933594e+02,9.171027690e-02
6.919244995e+02,9.191694856e-02
6.921556396e+02,9.182837605e-02
6.923868408e+02,8.946642280e-02
6.926180420e+02,9.094264358e-02
6.928492432e+02,8.940736949e-02
6.930804443e+02,8.686827123e-02
6.933116455e+02,8.917117864e-02
6.935428467e+02,8.571681380e-02
6.937741089e+02,8.565776795e-02
6.940053711e+02,8.781304955e-02
6.942365723e+02,8.589396626e-02
6.944678345e+02,8.480156213e-02
6.946991577e+02,8.923022449e-02
6.949304199e+02,8.663207293e-02
6.951616821e+02,8.483108133e-02
6.953930054e+02,8.190816641e-02
6.956243286e+02,7.978240401e-02
6.958556519e+02,8.214435726e-02
6.960869751e+02,8.125862479e-02
6.963182983e+02,8.211483806e-02
6.965496826e+02,8.084528148e-02
6.967810059e+02,8.072718978e-02
6.970123901e+02,7.576708496e-02
6.972437744e+02,7.933954149e-02
6.974751587e+02,7.839475572e-02
6.977065430e+02,7.659376413e-02
6.979379272e+02,7.455658168e-02
6.981693726e+02,7.774522156e-02
6.984008179e+02,7.753854990e-02
6.986322021e+02,7.387752086e-02
6.988636475e+02,7.417276502e-02
6.990951538e+02,7.142698765e-02
6.993265991e+02,7.387752086e-02
6.995580444e+02,7.585565746e-02
6.997895508e+02,7.024601102e-02
7.000210571e+02,7.331655174e-02
7.002525635e+02,6.995076686e-02
7.004840698e+02,7.299178839e-02
7.007155762e+02,6.868121773e-02
7.009470825e+02,7.219462842e-02
7.011786499e+02,6.885836273e-02
7.014102173e+02,7.163365930e-02
7.016417847e+02,6.513828784e-02
7.018733521e+02,6.513828784e-02
7.021049194e+02,6.516780704e-02
7.023364868e+02,6.502018869e-02
7.025681152e+02,6.664402783e-02
7.027996826e+02,6.304205209e-02
7.030313110e+02,6.584686786e-02
7.032629395e+02,6.658498198e-02
7.034945679e+02,6.386873126e-02
7.037261963e+02,6.227441505e-02
7.039578857e+02,6.844501942e-02
7.041895142e+02,6.448874623e-02
7.044212036e+02,6.097533926e-02
7.046528931e+02,6.484304368e-02
7.048845825e+02,5.861338601e-02
7.051162720e+02,5.911530182e-02
7.053480225e+02,6.251060963e-02
7.055797119e+02,6.321919709e-02
7.058114624e+02,6.003055722e-02
7.060432129e+02,6.112296134e-02
7.062749634e+02,6.165440008e-02
7.065067139e+02,6.280585378e-02
7.067384644e+02,5.970579013e-02
7.069702759e+02,6.203822047e-02
7.072020264e+02,6.035532802e-02
7.074338379e+02,6.194964424e-02
7.076656494e+02,6.041437387e-02
7.078974609e+02,6.121153384e-02
7.081292725e+02,5.879053101e-02
7.083611450e+02,6.050295010e-02
7.085929565e+02,5.902672559e-02
7.088248291e+02,6.003055722e-02
7.090567017e+02,5.766860396e-02
7.092885742e+02,5.985341221e-02
7.095204468e+02,5.822956562e-02
7.097523193e+02,6.097533926e-02
7.099842529e+02,5.772765353e-02
7.102161255e+02,5.468663573e-02
7.104480591e+02,5.545426905e-02
7.106799927e+02,5.321041495e-02
7.109119263e+02,5.383042619e-02
7.111439209e+02,5.518855155e-02
7.113758545e+02,5.247230083e-02
7.116078491e+02,5.427329242e-02
7.118397827e+02,5.078940839e-02
7.120717773e+02,5.135037377e-02
7.123037720e+02,5.149799585e-02
7.125357666e+02,5.385994911e-02
7.127678223e+02,5.495235324e-02
7.129998169e+02,5.211801082e-02
7.132318726e+02,4.836840555e-02
7.134639282e+02,5.205896124e-02
7.136959839e+02,5.129132420e-02
7.139280396e+02,5.353518203e-02
7.141600952e+02,4.990367591e-02
7.143921509e+02,4.845697805e-02
7.146242676e+02,4.736457393e-02
7.148563843e+02,4.748267308e-02
7.150885010e+02,4.538643733e-02
7.153206177e+02,4.647884145e-02
7.155527344e+02,4.470737651e-02
7.157848511e+02,4.833888263e-02
7.160170288e+02,4.736457393e-02
7.162491455e+02,4.730552807e-02
7.164813232e+02,4.600645229e-02
7.167135010e+02,4.184350744e-02
7.169456787e+02,4.299495742e-02
7.171779175e+02,4.565215856e-02
7.174100952e+02,4.361497238e-02
7.176423340e+02,4.001298919e-02
7.178745117e+02,4.110539332e-02
7.181067505e+02,4.585883021e-02
7.183389893e+02,4.234541953e-02
7.185712891e+02,4.228637367e-02
7.188035278e+02,3.897963464e-02
7.190358276e+02,4.137111455e-02
7.192680664e+02,3.968822211e-02
7.195003662e+02,3.862534091e-02
7.197326660e+02,3.968822211e-02
7.199649658e+02,3.945202753e-02
7.201972656e+02,4.199112952e-02
7.204296265e+02,3.995394334e-02
7.206619873e+02,3.776913509e-02
7.208942871e+02,4.072157666e-02
7.211266479e+02,3.664720431e-02
7.213590088e+02,3.830057383e-02
7.215913696e+02,4.021966085e-02
7.218237915e+02,3.830057383e-02
7.220561523e+02,3.587957099e-02
7.222885742e+02,3.782818094e-02
7.225209961e+02,3.490526229e-02
7.227534180e+02,3.679482639e-02
7.229858398e+02,3.490526229e-02
7.232182617e+02,3.390143439e-02
7.234507446e+02,3.466906771e-02
7.236831665e+02,3.331094235e-02
7.239156494e+02,3.499383852e-02
7.241481323e+02,3.490526229e-02
7.243806152e+02,3.366523609e-02
7.246130981e+02,3.664720431e-02
7.248456421e+02,2.956134081e-02
7.250781250e+02,3.221853822e-02
7.253106689e+02,3.183472157e-02
7.255432129e+02,3.292712569e-02
7.257757568e+02,3.537765518e-02
7.260083008e+02,3.148042783e-02
7.262408447e+02,2.846893668e-02
7.264734497e+02,3.068326972e-02
7.267059937e+02,3.112613596e-02
7.269385986e+02,3.248425946e-02
7.271712036e+02,3.192329407e-02
7.274038086e+02,3.274998069e-02
7.276364136e+02,3.162804991e-02
7.278690796e+02,3.109661117e-02
7.281016846e+02,2.923657186e-02
7.283343506e+02,3.396048024e-02
7.285670166e+02,2.590030991e-02
7.287996826e+02,3.115566075e-02
7.290323486e+02,3.062422015e-02
7.292650146e+02,3.041754849e-02
7.294976807e+02,2.569364011e-02
7.297304077e+02,2.902990021e-02
7.299631348e+02,2.592983469e-02
7.301958618e+02,2.802607045e-02
7.304285889e+02,3.009278141e-02
7.306613159e+02,2.876418084e-02
7.308940430e+02,2.716986090e-02
7.311268311e+02,2.619555593e-02
7.313596191e+02,2.820321731e-02
7.315923462e+02,2.920704708e-02
7.318251343e+02,2.522124909e-02
7.320579834e+02,2.569364011e-02
7.322907715e+02,2.262309752e-02
7.325235596e+02,2.294786647e-02
7.327564087e+02,2.687461674e-02
7.329892578e+02,2.584126219e-02
7.332220459e+02,2.672699466e-02
7.334549561e+02,2.628412843e-02
7.336878052e+02,2.536887117e-02
7.339206543e+02,2.294786647e-02
7.341535645e+02,2.563459054e-02
7.343864136e+02,2.669746988e-02
7.346193237e+02,2.542791888e-02
7.348522339e+02,2.350883186e-02
7.350851440e+02,2.244595252e-02
7.353180542e+02,2.274119668e-02
7.355510254e+02,2.291834354e-02
7.357839355e+02,2.350883186e-02
7.360169067e+02,2.256404981e-02
7.362498779e+02,2.156021819e-02
7.364828491e+02,2.421741746e-02
7.367158203e+02,2.389264852e-02
7.369488525e+02,2.108782716e-02
7.371818237e+02,2.463076077e-02
7.374148560e+02,2.412884496e-02
7.376478882e+02,2.471933328e-02
7.378809204e+02,2.197356150e-02
7.381139526e+02,2.321358770e-02
7.383469849e+02,2.203260921e-02
7.385800171e+02,2.238690294e-02
7.388131104e+02,2.268214710e-02
7.390462036e+02,2.111735195e-02
7.392792358e+02,1.943445951e-02
7.395123291e+02,2.014304511e-02
7.397454834e+02,2.091068029e-02
7.399785767e+02,1.869634911e-02
7.402116699e+02,2.212118357e-02
7.404448242e+02,2.132402360e-02
7.406779785e+02,2.215070836e-02
7.409111328e+02,2.029066719e-02
7.411442871e+02,1.967065409e-02
7.413774414e+02,2.076305822e-02
7.416105957e+02,1.766299270e-02
7.418438110e+02,2.023161948e-02
7.420770264e+02,1.748584583e-02
7.423102417e+02,1.937540993e-02
7.425434570e+02,1.834205538e-02
7.427766724e+02,1.943445951e-02
7.430098877e+02,1.636391878e-02
7.432431030e+02,1.896206848e-02
7.434763794e+02,2.138307132e-02
7.437096558e+02,1.760394499e-02
7.439429321e+02,1.671821065e-02
7.441762085e+02,1.707250439e-02
7.444094849e+02,1.813538373e-02
7.446427612e+02,1.763346978e-02
7.448760986e+02,1.813538373e-02
7.451094360e+02,1.530103851e-02
7.453427124e+02,1.642296650e-02
7.455760498e+02,1.801728643e-02
7.458093872e+02,1.474007405e-02
7.460427856e+02,1.665916294e-02
7.462761230e+02,1.716107875e-02
7.465095215e+02,1.763346978e-02
7.467428589e+02,1.417910960e-02
7.469762573e+02,1.943445951e-02
7.472096558e+02,1.441530511e-02
7.474431152e+02,1.881444640e-02
7.476765137e+02,1.834205538e-02
7.479099121e+02,1.603914984e-02
7.481433716e+02,1.471055020e-02
7.483768311e+02,1.474007405e-02
7.486102905e+02,1.488769613e-02
7.488437500e+02,1.373624336e-02
7.490772095e+02,1.618677191e-02
7.493106689e+02,1.282098610e-02
7.495441895e+02,1.417910960e-02
7.497777100e+02,1.695440710e-02
7.500112305e+02,1.308670547e-02
7.502447510e+02,1.417910960e-02
7.504782715e+02,1.462197676e-02
7.507117920e+02,1.462197676e-02
7.509453125e+02,1.376576815e-02
7.511788940e+02,1.270288788e-02
7.514124756e+02,1.497626957e-02
7.516460571e+02,1.562580653e-02
7.518796387e+02,1.305718161e-02
7.521132202e+02,1.462197676e-02
7.523468018e+02,1.305718161e-02
7.525804443e+02,1.282098610e-02
7.528140259e+02,1.394291408e-02
7.530476685e+02,1.246669237e-02
7.532813110e+02,1.208287477e-02
7.535149536e+02,1.234859508e-02
7.537486572e+02,1.373624336e-02
7.539822998e+02,1.125619095e-02
7.542160034e+02,1.420863438e-02
7.544496460e+02,1.270288788e-02
7.546833496e+02,1.326385234e-02
7.549170532e+02,1.290955953e-02
7.551507568e+02,1.155143511e-02
7.553845215e+02,1.025236025e-02
7.556182251e+02,1.252574194e-02
7.558519897e+02,1.252574194e-02
7.560857544e+02,1.243716851e-02
7.563194580e+02,1.034093369e-02
7.565532837e+02,8.864711970e-03
7.567870483e+02,1.329337712e-02
7.570208130e+02,1.175810676e-02
7.572546387e+02,1.308670547e-02
7.574884033e+02,1.223049685e-02
7.577222290e+02,9.425675496e-03
7.579560547e+02,1.270288788e-02
7.581898804e+02,1.178763062e-02
7.584237671e+02,1.175810676e-02
7.586575928e+02,1.311623026e-02
7.588914795e+02,1.302765682e-02
7.591253052e+02,1.158095989e-02
7.593591919e+02,1.113809273e-02
7.595930786e+02,5.646548234e-03
7.598269653e+02,1.093142200e-02
7.600609131e+02,1.190572884e-02
7.602947998e+02,1.199430134e-02
7.605287476e+02,7.093245629e-03
7.607626953e+02,9.779969230e-03
7.609965820e+02,8.569466881e-03
7.612305908e+02,1.199430134e-02
7.614645386e+02,8.333271369e-03
7.616984863e+02,1.051807962e-02
7.619324951e+02,9.455200285e-03
7.621664429e+02,1.001616474e-02
7.624004517e+02,8.598991670e-03
7.626344604e+02,8.185649291e-03
7.628684692e+02,8.805662394e-03
7.631025391e+02,9.543773718e-03
7.633365479e+02,8.008503355e-03
7.635706177e+02,1.695440710e-02
7.638046265e+02,1.125619095e-02
7.640386963e+02,1.220097300e-02
7.642727661e+02,8.569466881e-03
7.645068359e+02,1.364766993e-02
7.647409668e+02,8.097076789e-03
7.649750366e+02,9.484725073e-03
7.652091675e+02,6.266561337e-03
7.654432983e+02,9.632347152e-03
7.656773682e+02,1.039998233e-02
7.659115601e+02,1.013426203e-02
7.661456909e+02,8.805662394e-03
7.663798218e+02,8.982809260e-03
7.666140137e+02,9.307578206e-03
7.668481445e+02,9.484725073e-03
7.670823364e+02,1.261431538e-02
7.673165283e+02,1.034093369e-02
7.675507202e+02,8.717089891e-03
7.677849731e+02,6.384659093e-03
7.680191650e+02,6.414183415e-03
7.682534180e+02,7.477063220e-03
7.684876099e+02,8.274222724e-03
7.687218628e+02,8.923760615e-03
7.689561157e+02,8.185649291e-03
7.691903687e+02,5.735121667e-03
7.694246826e+02,6.266561337e-03
7.696589355e+02,7.122769952e-03
7.698932495e+02,8.539943025e-03
7.701275024e+02,9.130431339e-03
7.703618164e+02,6.916098762e-03
7.705961304e+02,7.388489787e-03
7.708305054e+02,8.274222724e-03
7.710648193e+02,6.266561337e-03
7.712991333e+02,5.321779288e-03
7.715335083e+02,7.418014109e-03
7.717678833e+02,7.270392030e-03
7.720022583e+02,4.997010808e-03
7.722366333e+02,6.443708204e-03
7.724710083e+02,7.949453779e-03
7.727054443e+02,5.233206321e-03
7.729398193e+02,7.477063220e-03
7.731742554e+02,8.746613748e-03
7.734086914e+02,7.122769952e-03
7.736431274e+02,8.480894379e-03
7.738775635e+02,5.085583776e-03
7.741119995e+02,5.735121667e-03
7.743464966e+02,8.362796158e-03
7.745809326e+02,5.085583776e-03
7.748154297e+02,7.595160976e-03
7.750499268e+02,5.498926155e-03
7.752844238e+02,6.650378928e-03
7.755189209e+02,6.266561337e-03
7.757534180e+02,6.532281172e-03
7.759879761e+02,5.498926155e-03
7.762224731e+02,7.447538897e-03
7.764570312e+02,1.848967746e-02
7.766915894e+02,5.262730643e-03
7.769261475e+02,5.587499123e-03
7.771607056e+02,5.469401833e-03
7.773953247e+02,3.816033248e-03
7.776298828e+02,5.853219423e-03
7.778645020e+02,4.908437375e-03
7.780991211e+02,7.919929922e-03
7.783337402e+02,4.170326516e-03
7.785683594e+02,6.473232526e-03
7.788029785e+02,6.502756849e-03
7.790376587e+02,7.801832166e-03
7.792722778e+02,8.126600645e-03
7.795069580e+02,6.414183415e-03
7.797416382e+02,6.473232526e-03
7.799763184e+02,5.085583776e-03
7.802109985e+02,4.997010808e-03
7.804456787e+02,4.317948595e-03
7.806804199e+02,5.646548234e-03
7.809151001e+02,3.284593346e-03
7.811498413e+02,4.790339619e-03
7.813845825e+02,4.790339619e-03
7.816193237e+02,4.849388264e-03
7.818540649e+02,4.672241863e-03
7.820888062e+02,4.701766185e-03
7.823236084e+02,4.288424272e-03
7.825583496e+02,5.557974800e-03
7.827931519e+02,3.638886614e-03
7.830279541e+02,6.177987903e-03
7.832627563e+02,2.723629121e-03
7.834975586e+02,3.048397833e-03
7.837324219e+02,3.934131004e-03
7.839672241e+02,2.162664896e-03
7.842020874e+02,6.059890147e-03
7.844369507e+02,4.495095462e-03
7.846718140e+02,2.074091462e-03
7.849066772e+02,5.705596879e-03
7.851415405e+02,4.937961698e-03
7.853764648e+02,4.554144107e-03
7.856113281e+02,4.613193218e-03
7.858462524e+02,2.723629121e-03
7.860811768e+02,4.406522028e-03
7.863161011e+02,4.081753083e-03
7.865510254e+02,4.199850839e-03
7.867859497e+02,2.900775755e-03
7.870208740e+02,3.697935492e-03
7.872558594e+02,5.971317180e-03
7.874908447e+02,7.063721307e-03
7.877258301e+02,3.727460047e-03
7.879608154e+02,4.317948595e-03
7.881958008e+02,3.077922389e-03
7.884307861e+02,2.428384731e-03
7.886658325e+02,4.524619784e-03
7.889008179e+02,5.735121667e-03
7.891358643e+02,1.335980720e-03
7.893709106e+02,3.461739980e-03
7.896059570e+02,3.018873511e-03
7.898410034e+02,5.026535131e-03
7.900760498e+02,2.753153676e-03
7.903111572e+02,1.926469384e-03
7.905462646e+02,5.439877044e-03
7.907813110e+02,5.203681532e-03
7.910164185e+02,3.550313413e-03
7.912515259e+02,2.605531365e-03
7.914866943e+02,2.457909286e-03
7.917218018e+02,2.900775755e-03
7.919569702e+02,4.878913052e-03
7.921920776e+02,2.310286975e-03
7.924272461e+02,3.255069023e-03
7.926624146e+02,5.203681532e-03
7.928975830e+02,1.690273872e-03
7.931327515e+02,4.495095462e-03
7.933679810e+02,2.192189218e-03
7.936031494e+02,3.461739980e-03
7.938383789e+02,3.284593346e-03
7.940736084e+02,4.288424272e-03
7.943088379e+02,9.779969230e-03
7.945440674e+02,3.018873511e-03
7.947792969e+02,5.262730643e-03
7.950145874e+02,2.369335853e-03
7.952498169e+02,2.900775755e-03
7.954851074e+02,6.916098762e-03
7.957203979e+02,8.045408758e-04
7.959556885e+02,5.469401833e-03
7.961909790e+02,2.782677999e-03
7.964262695e+02,4.908437375e-03
7.966616211e+02,3.609362291e-03
7.968969116e+02,2.871251432e-03
7.971322632e+02,4.081753083e-03
7.973676147e+02,1.070260769e-03
7.976029663e+02,3.432215657e-03
7.978383179e+02,3.343642224e-03
7.980737305e+02,4.140802193e-03
7.983090820e+02,8.340653148e-04
7.985444946e+02,5.092964857e-04
7.987798462e+02,1.985518262e-03
7.990152588e+02,2.605531365e-03
7.992506714e+02,3.048397833e-03
7.994861450e+02,1.926469384e-03
7.997215576e+02,3.284593346e-03
7.999570312e+02,1.749322750e-03
8.001924438e+02,3.018873511e-03
8.004279175e+02,1.572176116e-03
8.006633911e+02,1.926469384e-03
8.008988647e+02,1.365505159e-03
8.011343384e+02,2.664580243e-03
8.013698730e+02,2.753153676e-03
8.016053467e+02,2.162664896e-03
8.018408813e+02,1.955993939e-03
8.020764160e+02,5.026535131e-03
8.023119507e+02,2.989348955e-03
8.025474854e+02,3.225544468e-03
8.027830200e+02,5.439877044e-03
8.030185547e+02,1.896944945e-03
8.032541504e+02,1.188358525e-03
8.034897461e+02,3.491264535e-03
8.037252808e+02,1.926469384e-03
8.039608765e+02,3.196020145e-03
8.041964722e+02,1.217882964e-03
8.044321289e+02,4.731290508e-03
8.046677246e+02,1.099785208e-03
8.049033813e+02,4.406522028e-03
8.051389771e+02,3.048397833e-03
8.053746338e+02,4.465570673e-03
8.056102905e+02,5.262730643e-03
8.058459473e+02,1.749322750e-03
8.060816650e+02,3.756984370e-03
8.063173218e+02,2.516958164e-03
8.065530396e+02,1.454078476e-03
8.067886963e+02,2.546482487e-03
8.070244141e+02,2.989348955e-03
8.072601318e+02,2.664580243e-03
8.074958496e+02,8.340653148e-04
8.077316284e+02,3.018873511e-03
8.079673462e+02,3.166495590e-03
8.082031250e+02,3.255069023e-03
8.084389038e+02,-1.055498607e-03
8.086746216e+02,2.015042584e-03
8.089104004e+02,1.217882964e-03
8.091462402e+02,2.487433609e-03
8.093820190e+02,2.664580243e-03
8.096177979e+02,1.601700555e-03
8.098536377e+02,2.015042584e-03
8.100894775e+02,3.255069023e-03
8.103253174e+02,4.199850839e-03
8.105611572e+02,1.335980720e-03
8.107969971e+02,2.930300077e-03
8.110328369e+02,2.546482487e-03
8.112687378e+02,4.406522028e-03
8.115045776e+02,2.664580243e-03
8.117404785e+02,3.491264535e-03
8.119763794e+02,3.402691102e-03
8.122122803e+02,3.225544468e-03
8.124481812e+02,2.841726877e-03
8.126841431e+02,5.144632887e-03
8.129200439e+02,3.255069023e-03
8.131560059e+02,2.546482487e-03
8.133919678e+02,3.550313413e-03
8.136279297e+02,-3.764365392e-04
8.138638916e+02,2.162664896e-03
8.140998535e+02,3.077922389e-03
8.143358154e+02,1.011211891e-03
8.145718384e+02,2.900775755e-03
8.148078003e+02,2.435765928e-04
8.150438232e+02,2.162664896e-03
8.152798462e+02,1.247407403e-03
8.155158691e+02,2.339811530e-03
8.157518921e+02,2.310286975e-03
8.159879761e+02,9.226385737e-04
8.162239990e+02,1.129309647e-03
8.164600830e+02,1.985518262e-03
8.166961670e+02,2.044567140e-03
8.169322510e+02,2.398860408e-03
8.171683350e+02,1.808371628e-03
8.174044189e+02,2.959824633e-03
8.176405029e+02,2.546482487e-03
8.178766479e+02,1.955993939e-03
8.181127930e+02,1.365505159e-03
8.183488770e+02,2.339811530e-03
8.185850220e+02,-1.380267320e-03
8.188212280e+02,1.955993939e-03
8.190573730e+02,2.428384731e-03
8.192935181e+02,1.867420506e-03
8.195297241e+02,1.601700555e-03
8.197658691e+02,2.310286975e-03
8.200020752e+02,-8.119220001e-05
8.202382812e+02,1.335980720e-03
8.204744873e+02,2.428384731e-03
8.207107544e+02,3.284593346e-03
8.209469604e+02,-1.992899342e-04
8.211831665e+02,2.635055920e-03
8.214194336e+02,7.750164368e-04
8.216557007e+02,2.339811530e-03
8.218919678e+02,2.398860408e-03
8.221282349e+02,1.040736330e-03
8.223645020e+02,3.026254708e-04
8.226008301e+02,1.040736330e-03
8.228370972e+02,-8.119220001e-05
8.230734253e+02,3.638886614e-03
8.233097534e+02,2.731010318e-04
8.235460815e+02,2.900775755e-03
8.237824097e+02,3.225544468e-03
8.240187378e+02,3.816033248e-03
8.242551270e+02,2.015042584e-03
8.244914551e+02,6.642998051e-05
8.247278442e+02,3.026254708e-04
8.249642334e+02,1.749322750e-03
8.252006226e+02,5.978698027e-04
8.254370117e+02,8.931141347e-04
8.256734009e+02,2.398860408e-03
8.259097900e+02,1.158834086e-03
8.261462402e+02,-5.240587052e-04
8.263826904e+02,8.635897539e-04
8.266191406e+02,-7.897786563e-04
8.268555908e+02,1.542651793e-03
8.270920410e+02,-1.697654952e-04
8.273284912e+02,5.978698027e-04
8.275649414e+02,1.040736330e-03
8.278014526e+02,6.569186808e-04
8.280379639e+02,2.310286975e-03
8.282744751e+02,6.273942417e-04
8.285109863e+02,2.398860408e-03
8.287474976e+02,2.900775755e-03
8.289840088e+02,-1.557413954e-03
8.292205200e+02,1.040736330e-03
8.294570923e+02,1.550032903e-04
8.296936646e+02,2.221713774e-03
8.299301758e+02,1.845277147e-04
8.301667480e+02,3.136971267e-03
8.304033813e+02,1.483602915e-03
8.306399536e+02,3.026254708e-04
8.308765259e+02,7.750164368e-04
8.311131592e+02,2.428384731e-03
8.313497925e+02,1.454078476e-03
8.315863647e+02,1.513127354e-03
8.318229980e+02,-1.107166318e-04
8.320596924e+02,6.273942417e-04
8.322963257e+02,-2.288143733e-04
8.325329590e+02,1.896944945e-03
8.327696533e+02,1.955993939e-03
8.330062866e+02,9.816874517e-04
8.332429810e+02,6.642998051e-05
8.334796753e+02,5.092964857e-04
8.337163696e+02,8.340653148e-04
8.339531250e+02,2.546482487e-03
8.341898193e+02,4.502476368e-04
8.344265747e+02,1.749322750e-03
8.346632690e+02,2.192189218e-03
8.349000244e+02,1.454078476e-03
8.351367798e+02,-5.166776100e-05
8.353735352e+02,-1.055498607e-03
8.356103516e+02,-1.350742881e-03
8.358471069e+02,1.254788513e-04
8.360839233e+02,1.867420506e-03
8.363206787e+02,1.454078476e-03
8.365574951e+02,-9.964497294e-04
8.367943115e+02,2.635055920e-03
8.370311279e+02,1.254788513e-04
8.372679443e+02,1.690273872e-03
8.375048218e+02,1.011211891e-03
8.377416382e+02,8.931141347e-04
8.379785156e+02,-5.166776100e-05
8.382153931e+02,1.099785208e-03
8.384522705e+02,1.601700555e-03
8.386891479e+02,-8.488275344e-04
8.389260254e+02,7.381108844e-06
8.391629639e+02,1.926469384e-03
8.393998413e+02,2.457909286e-03
8.396367798e+02,1.395029598e-03
8.398737183e+02,1.188358525e-03
8.401106567e+02,1.070260769e-03
8.403475952e+02,-5.240587052e-04
8.405845337e+02,5.092964857e-04
8.408215332e+02,8.931141347e-04
8.410584717e+02,1.011211891e-03
8.412954712e+02,-1.025974168e-03
8.415324707e+02,2.635055920e-03
8.417694702e+02,2.133140340e-03
8.420064697e+02,1.601700555e-03
8.422434692e+02,1.217882964e-03
8.424804688e+02,7.381108844e-06
8.427175293e+02,1.483602915e-03
8.429545288e+02,1.985518262e-03
8.431915894e+02,2.605531365e-03
8.434286499e+02,2.753153676e-03
8.436657104e+02,3.026254708e-04
8.439028320e+02,7.750164368e-04
8.441398926e+02,1.254788513e-04
8.443769531e+02,4.797720758e-04
8.446140747e+02,-1.173596247e-03
8.448511963e+02,-3.764365392e-04
8.450883179e+02,-1.232645125e-03
8.453254395e+02,2.251238097e-03
8.455625610e+02,3.136971267e-03
8.457997437e+02,1.129309647e-03
8.460368652e+02,1.749322750e-03
8.462740479e+02,-7.012053393e-04
8.465112305e+02,2.435765928e-04
8.467483521e+02,8.340653148e-04
8.469855957e+02,8.045408758e-04
8.472227783e+02,2.369335853e-03
8.474599609e+02,-1.107166318e-04
8.476972046e+02,9.226385737e-04
8.479343872e+02,3.690554513e-05
8.481716309e+02,8.340653148e-04
8.484088745e+02,1.395029598e-03
8.486461182e+02,1.365505159e-03
8.488833618e+02,-1.114547485e-03
8.491206665e+02,9.521630127e-04
8.493579102e+02,-3.469121002e-04
8.495952148e+02,9.595441225e-05
8.498324585e+02,-9.374007932e-04
8.500697632e+02,6.273942417e-04
8.503070679e+02,-2.413622569e-03
8.505444336e+02,-7.897786563e-04
8.507817383e+02,2.162664896e-03
8.510190430e+02,8.635897539e-04
8.512564087e+02,3.026254708e-04
8.514937744e+02,8.045408758e-04
8.517311401e+02,1.454078476e-03
8.519685059e+02,8.045408758e-04
8.522058716e+02,-7.602542173e-04
8.524432373e+02,-1.025974168e-03
8.526806641e+02,3.255069023e-03
8.529180298e+02,-2.288143733e-04
8.531554565e+02,5.092964857e-04
8.533928833e+02,-8.119220001e-05
8.536303101e+02,2.339811530e-03
8.538677368e+02,-3.469121002e-04
8.541051636e+02,-1.262169564e-03
8.543426514e+02,6.569186808e-04
8.545800781e+02,-1.144071808e-03
8.548175659e+02,1.395029598e-03
8.550550537e+02,-6.421564613e-04
8.552925415e+02,1.247407403e-03
8.555300293e+02,-8.119220001e-05
8.557675171e+02,1.395029598e-03
8.560050659e+02,-5.535831442e-04
8.562425537e+02,2.251238097e-03
8.564801025e+02,-4.650098563e-04
8.567176514e+02,-1.321218442e-03
8.569552002e+02,-4.354854173e-04
8.571927490e+02,1.550032903e-04
8.574302979e+02,-5.831075832e-04
8.576679077e+02,1.099785208e-03
8.579054565e+02,-4.945342662e-04
8.581430664e+02,-5.240587052e-04
8.583806763e+02,-2.000280423e-03
8.586182861e+02,1.845277147e-04
8.588558960e+02,7.750164368e-04
8.590935059e+02,3.225544468e-03
8.593311157e+02,-3.469121002e-04
8.595687866e+02,9.521630127e-04
8.598064575e+02,1.011211891e-03
8.600440674e+02,1.985518262e-03
8.602817383e+02,1.845277147e-04
8.605194092e+02,2.103616018e-03
8.607571411e+02,5.092964857e-04
8.609948120e+02,-1.173596247e-03
8.612324829e+02,1.845277147e-04
8.614702148e+02,1.550032903e-04
8.617079468e+02,7.159675588e-04
8.619456787e+02,-4.945342662e-04
8.621834106e+02,-2.206951613e-03
8.624211426e+02,-4.650098563e-04
8.626588745e+02,2.074091462e-03
8.628966675e+02,-5.240587052e-04
8.631343994e+02,-2.878632513e-04
8.633721924e+02,5.388209247e-04
8.636099854e+02,-4.059609782e-04
8.638477783e+02,1.247407403e-03
8.640855713e+02,-1.055498607e-03
8.643234253e+02,1.099785208e-03
8.645612183e+02,1.306456281e-03
8.647990723e+02,-9.964497294e-04
8.650368652e+02,4.207231977e-04
8.652747192e+02,-2.000280423e-03
8.655125732e+02,-2.878632513e-04
8.657504272e+02,8.340653148e-04
8.659883423e+02,6.642998051e-05
8.662261963e+02,1.845277147e-04
8.664641113e+02,-1.498365076e-03
8.667019653e+02,8.635897539e-04
8.669398804e+02,-1.992899342e-04
8.671777954e+02,9.521630127e-04
8.674157104e+02,6.569186808e-04
8.676536865e+02,1.276931842e-03
8.678916016e+02,7.381108844e-06
8.681295776e+02,2.435765928e-04
8.683674927e+02,-1.527889515e-03
8.686054688e+02,4.436046351e-03
8.688434448e+02,-6.716809003e-04
8.690814209e+02,5.092964857e-04
8.693193970e+02,-2.679342404e-03
8.695574341e+02,7.454919978e-04
8.697954102e+02,-8.488275344e-04
8.700334473e+02,-1.107166318e-04
8.702714844e+02,5.978698027e-04
8.705095215e+02,6.273942417e-04
8.707475586e+02,9.816874517e-04
8.709855957e+02,-2.649818081e-03
8.712236328e+02,6.569186808e-04
8.714617310e+02,1.129309647e-03
8.716997681e+02,-2.878632513e-04
8.719378662e+02,-1.697654952e-04
8.721759644e+02,5.388209247e-04
8.724140625e+02,1.040736330e-03
8.726521606e+02,-3.173876903e-04
8.728903198e+02,1.158834086e-03
8.731284180e+02,1.158834086e-03
8.733665771e+02,-8.193030953e-04
8.736046753e+02,1.660749433e-03
8.738428345e+02,-6.421564613e-04
8.740809937e+02,1.011211891e-03
8.743191528e+02,3.026254708e-04
8.745573730e+02,1.070260769e-03
8.747955322e+02,-1.232645125e-03
8.750337524e+02,3.616743197e-04
8.752719116e+02,-1.055498607e-03
8.755101318e+02,-7.602542173e-04
8.757483521e+02,5.978698027e-04
8.759865723e+02,1.483602915e-03
8.762248535e+02,6.569186808e-04
8.764630737e+02,-2.878632513e-04
8.767013550e+02,-1.350742881e-03
8.769395752e+02,1.483602915e-03
8.771778564e+02,-6.126320222e-04
8.774161377e+02,1.129309647e-03
8.776544189e+02,-1.705036149e-03
8.778927002e+02,6.569186808e-04
8.781310425e+02,2.435765928e-04
8.783693237e+02,3.875082126e-03
8.786076660e+02,2.192189218e-03
8.788460083e+02,8.635897539e-04
8.790842896e+02,1.719798311e-03
8.793226318e+02,3.690554513e-05
8.795610352e+02,8.340653148e-04
8.797993774e+02,3.343642224e-03
8.800377197e+02,-6.716809003e-04
8.802761230e+02,-6.126320222e-04
8.805145264e+02,-5.240587052e-04
8.807529297e+02,1.572176116e-03
8.809913330e+02,-2.583388123e-04
8.812297363e+02,-5.535831442e-04
8.814681396e+02,-1.025974168e-03
8.817066040e+02,-1.173596247e-03
8.819450073e+02,8.340653148e-04
8.821834717e+02,8.635897539e-04
8.824219360e+02,-4.945342662e-04
8.826604004e+02,-1.439316198e-03
8.828988647e+02,-2.878632513e-04
8.831373291e+02,2.133140340e-03
8.833757935e+02,1.660749433e-03
8.836143188e+02,2.731010318e-04
8.838528442e+02,3.026254708e-04
8.840913086e+02,9.816874517e-04
8.843298340e+02,3.690554513e-05
8.845683594e+02,-1.144071808e-03
8.848069458e+02,1.217882964e-03
8.850454712e+02,-6.421564613e-04
8.852839966e+02,-1.498365076e-03
8.855225830e+02,-7.602542173e-04
8.857611694e+02,6.642998051e-05
8.859997559e+02,1.424554037e-03
8.862383423e+02,1.306456281e-03
8.864769287e+02,-5.240587052e-04
8.867155151e+02,2.221713774e-03
8.869541626e+02,2.731010318e-04
8.871927490e+02,1.601700555e-03
8.874313965e+02,1.550032903e-04
8.876700439e+02,-1.941231661e-03
8.879086914e+02,-1.645987271e-03
8.881473389e+02,7.750164368e-04
8.883859863e+02,1.867420506e-03
8.886246948e+02,1.454078476e-03
8.888633423e+02,-1.107166318e-04
8.891020508e+02,-1.697654952e-04
8.893407593e+02,-8.488275344e-04
8.895794678e+02,8.931141347e-04
8.898181763e+02,-1.992899342e-04
8.900568848e+02,-5.166776100e-05
8.902955933e+02,2.192189218e-03
8.905343628e+02,-5.831075832e-04
8.907730713e+02,1.572176116e-03
8.910118408e+02,-1.823133905e-03
8.912506104e+02,1.483602915e-03
8.914893799e+02,5.388209247e-04
8.917281494e+02,-8.488275344e-04
8.919669800e+02,-2.878632513e-04
8.922057495e+02,2.369335853e-03
8.924445801e+02,-1.823133905e-03
8.926833496e+02,3.911987587e-04
8.929221802e+02,-5.831075832e-04
8.931610107e+02,4.207231977e-04
8.933998413e+02,5.683453637e-04
8.936387329e+02,-4.354854173e-04
8.938775635e+02,-9.078763542e-04
8.941164551e+02,6.273942417e-04
8.943552856e+02,-1.350742881e-03
8.945941772e+02,1.926469384e-03
8.948330688e+02,6.273942417e-04
8.950719604e+02,9.816874517e-04
8.953108521e+02,-7.602542173e-04
8.955498047e+02,1.690273872e-03
8.957886963e+02,-1.380267320e-03
8.960276489e+02,-1.203120686e-03
8.962666016e+02,-1.107166318e-04
8.965055542e+02,6.642998051e-05
8.967445068e+02,1.845277147e-04
8.969834595e+02,1.719798311e-03
8.972224121e+02,1.845277147e-04
8.974614258e+02,-1.992899342e-04
8.977003784e+02,3.911987587e-04
8.979393921e+02,1.040736330e-03
8.981784058e+02,-1.498365076e-03
8.984174194e+02,9.816874517e-04
8.986564331e+02,4.797720758e-04
8.988954468e+02,-4.354854173e-04
8.991345215e+02,7.454919978e-04
8.993735352e+02,1.188358525e-03
8.996126099e+02,2.221713774e-03
8.998516846e+02,4.502476368e-04
9.000907593e+02,3.616743197e-04
9.003298340e+02,2.339811530e-03
9.005689087e+02,2.435765928e-04
9.008079834e+02,-1.675511710e-03
9.010471191e+02,-8.488275344e-04
9.012861938e+02,1.276931842e-03
9.015253296e+02,-1.992899342e-04
9.017644653e+02,-1.439316198e-03
9.020036011e+02,-2.029804979e-03
9.022427368e+02,-5.166776100e-05
9.024819336e+02,-8.783519734e-04
9.027210693e+02,1.550032903e-04
9.029602661e+02,5.388209247e-04
9.031994019e+02,1.335980720e-03
9.034385986e+02,-4.354854173e-04
9.036777954e+02,-6.126320222e-04
9.039169922e+02,-5.535831442e-04
9.041561890e+02,-1.107166318e-04
9.043954468e+02,6.642998051e-05
9.046346436e+02,1.335980720e-03
9.048739014e+02,8.340653148e-04
9.051131592e+02,1.129309647e-03
9.053524170e+02,1.454078476e-03
9.055916748e+02,3.018873511e-03
9.058309326e+02,2.140521538e-04
9.060701904e+02,6.569186808e-04
9.063095093e+02,-6.126320222e-04
9.065487671e+02,-1.380267320e-03
9.067880859e+02,-1.055498607e-03
9.070274048e+02,-1.882182783e-03
9.072667236e+02,3.026254708e-04
9.075060425e+02,1.365505159e-03
9.077454224e+02,-2.878632513e-04
9.079847412e+02,1.188358525e-03
9.082240601e+02,-9.669252322e-04
9.084634399e+02,-4.354854173e-04
9.087028198e+02,-7.897786563e-04
9.089421997e+02,1.099785208e-03
9.091815796e+02,1.778847189e-03
9.094209595e+02,3.321499098e-04
9.096604004e+02,-1.697654952e-04
9.098997803e+02,1.483602915e-03
9.101392212e+02,1.254788513e-04
9.103786011e+02,-1.823133905e-03
9.106180420e+02,-1.402410708e-04
9.108574829e+02,-2.620293526e-03
9.110969849e+02,-1.114547485e-03
9.113364258e+02,-1.616462832e-03
9.115758667e+02,-7.602542173e-04
9.118153687e+02,2.044567140e-03
9.120548706e+02,-1.911707222e-03
9.122943115e+02,2.435765928e-04
9.125338135e+02,-1.107166318e-04
9.127733765e+02,-8.119220001e-05
9.130128784e+02,-4.650098563e-04
9.132523804e+02,4.502476368e-04
9.134919434e+02,-2.590769203e-03
9.137314453e+02,7.750164368e-04
9.139710083e+02,2.731010318e-04
9.142105713e+02,1.837896067e-03
9.144501343e+02,-2.878632513e-04
9.146896973e+02,1.483602915e-03
9.149293213e+02,-4.059609782e-04
9.151688843e+02,1.601700555e-03
9.154085083e+02,-2.878632513e-04
9.156480713e+02,6.273942417e-04
9.158876953e+02,-1.402410708e-04
9.161273193e+02,-8.488275344e-04
9.163669434e+02,3.616743197e-04
9.166066284e+02,1.896944945e-03
9.168462524e+02,-7.307297783e-04
9.170858765e+02,3.690554513e-05
9.173255615e+02,-6.421564613e-04
9.175652466e+02,-1.439316198e-03
9.178049316e+02,1.550032903e-04
9.180446167e+02,1.926469384e-03
9.182843018e+02,1.550032903e-04
9.185239868e+02,-8.488275344e-04
9.187637329e+02,-8.783519734e-04
9.190034180e+02,1.631224994e-03
9.192431641e+02,9.816874517e-04
9.194829102e+02,1.129309647e-03
9.197226562e+02,2.516958164e-03
9.199624023e+02,3.321499098e-04
9.202021484e+02,-1.380267320e-03
9.204419556e+02,5.683453637e-04
9.206817017e+02,2.435765928e-04
9.209215088e+02,6.569186808e-04
9.211613159e+02,-2.295524813e-03
9.214011230e+02,-2.214332562e-05
9.216409302e+02,-1.107166318e-04
9.218807373e+02,4.207231977e-04
9.221205444e+02,-1.793609466e-03
9.223604126e+02,4.502476368e-04
9.226002197e+02,6.569186808e-04
9.228400879e+02,-7.897786563e-04
9.230799561e+02,-1.409791759e-03
9.233198242e+02,-8.488275344e-04
9.235596924e+02,7.750164368e-04
9.237995605e+02,6.569186808e-04
9.240394897e+02,-2.288143733e-04
9.242793579e+02,1.011211891e-03
9.245192871e+02,7.750164368e-04
9.247592163e+02,1.424554037e-03
9.249991455e+02,-5.166776100e-05
9.252390747e+02,2.731010318e-04
9.254790039e+02,1.845277147e-04
9.257189331e+02,-1.527889515e-03
9.259589233e+02,-2.413622569e-03
9.261988525e+02,5.683453637e-04
9.264388428e+02,-2.878632513e-04
9.266788330e+02,5.978698027e-04
9.269188232e+02,-7.012053393e-04
9.271588135e+02,1.542651793e-03
9.273988037e+02,1.719798311e-03
9.276388550e+02,2.140521538e-04
9.278788452e+02,-1.232645125e-03
9.281188965e+02,1.424554037e-03
9.283589478e+02,2.435765928e-04
9.285989990e+02,-1.025974168e-03
9.288390503e+02,-4.650098563e-04
9.290791016e+02,-5.535831442e-04
9.293191528e+02,2.310286975e-03
9.295592651e+02,-3.173876903e-04
9.297993164e+02,2.398860408e-03
9.300394287e+02,-7.012053393e-04
9.302795410e+02,-2.088853857e-03
9.305196533e+02,-5.166776100e-05
9.307597656e+02,-9.374007932e-04
9.309998779e+02,1.254788513e-04
9.312400513e+02,-2.177427057e-03
9.314801636e+02,2.140521538e-04
9.317203369e+02,1.335980720e-03
9.319605103e+02,5.388209247e-04
9.322006836e+02,6.864431198e-04
9.324408569e+02,1.454078476e-03
9.326810303e+02,3.321499098e-04
9.329212036e+02,1.845277147e-04
9.331614380e+02,-9.374007932e-04
9.334016113e+02,-6.421564613e-04
9.336418457e+02,5.092964857e-04
9.338820801e+02,-6.716809003e-04
9.341223145e+02,2.546482487e-03
9.343625488e+02,4.502476368e-04
9.346027832e+02,9.595441225e-05
9.348430176e+02,6.864431198e-04
9.350833130e+02,-1.402410708e-04
9.353236084e+02,1.837896067e-03
9.355638428e+02,1.424554037e-03
9.358041382e+02,-1.557413954e-03
9.360444336e+02,-1.402410708e-04
9.362847290e+02,1.454078476e-03
9.365250854e+02,7.381108844e-06
9.367653809e+02,-2.583388123e-04
9.370057373e+02,-3.764365392e-04
9.372460327e+02,-8.783519734e-04
9.374863892e+02,1.454078476e-03
9.377267456e+02,-9.964497294e-04
9.379671021e+02,-1.055498607e-03
9.382075195e+02,1.719798311e-03
9.384478760e+02,6.273942417e-04
9.386882324e+02,-4.945342662e-04
9.389286499e+02,-2.767915837e-03
9.391690674e+02,2.428384731e-03
9.394094849e+02,-7.602542173e-04
9.396499023e+02,-1.232645125e-03
9.398903198e+02,2.162664896e-03
9.401307373e+02,7.750164368e-04
9.403712158e+02,2.435765928e-04
9.406116333e+02,7.454919978e-04
9.408521118e+02,6.273942417e-04
9.410925903e+02,-3.173876903e-04
9.413330078e+02,2.753153676e-03
9.415735474e+02,-1.705036149e-03
9.418140259e+02,-4.059609782e-04
9.420545044e+02,3.911987587e-04
9.422950439e+02,7.381108844e-06
9.425355225e+02,5.388209247e-04
9.427760620e+02,6.273942417e-04
9.430166016e+02,1.660749433e-03
9.432571411e+02,1.335980720e-03
9.434976807e+02,-1.734560588e-03
9.437382202e+02,-4.354854173e-04
9.439787598e+02,2.103616018e-03
9.442193604e+02,-1.055498607e-03
9.444599609e+02,-9.374007932e-04
9.447005005e+02,1.276931842e-03
9.449411011e+02,-1.557413954e-03
9.451817017e+02,5.978698027e-04
9.454223022e+02,-2.288143733e-04
9.456629639e+02,1.926469384e-03
9.459035645e+02,-2.088853857e-03
9.461442261e+02,-1.764085027e-03
9.463848267e+02,-9.078763542e-04
9.466254883e+02,3.026254708e-04
9.468661499e+02,1.365505159e-03
9.471068115e+02,2.044567140e-03
9.473475342e+02,7.381108844e-06
9.475881958e+02,1.808371628e-03
9.478288574e+02,-5.831075832e-04
9.480695801e+02,-2.177427057e-03
9.483103027e+02,-1.085023046e-03
9.485510254e+02,3.616743197e-04
9.487917480e+02,4.207231977e-04
9.490324707e+02,-8.488275344e-04
9.492731934e+02,-2.878632513e-04
9.495139160e+02,7.750164368e-04
9.497546997e+02,-7.897786563e-04
9.499954834e+02,2.103616018e-03
9.502362061e+02,5.388209247e-04
9.504769897e+02,2.339811530e-03
9.507177734e+02,-5.166776100e-05
9.509585571e+02,-1.402410708e-04
9.511994019e+02,1.955993939e-03
9.514401855e+02,1.040736330e-03
9.516810303e+02,1.513127354e-03
9.519218140e+02,-3.469121002e-04
9.521626587e+02,-2.354573691e-03
9.524035034e+02,2.457909286e-03
9.526443481e+02,1.395029598e-03
9.528852539e+02,3.550313413e-03
9.531260986e+02,6.569186808e-04
9.533669434e+02,2.900775755e-03
9.536078491e+02,-2.214332562e-05
9.538487549e+02,1.040736330e-03
9.540896606e+02,-9.669252322e-04
9.543305664e+02,9.595441225e-05
9.545714722e+02,-4.059609782e-04
9.548123779e+02,1.188358525e-03
9.550532837e+02,-1.262169564e-03
9.552942505e+02,7.159675588e-04
9.555352173e+02,-1.144071808e-03
9.557761230e+02,-3.173876903e-04
9.560170898e+02,-6.126320222e-04
9.562580566e+02,4.502476368e-04
9.564990845e+02,-3.653648775e-03
9.567400513e+02,-2.214332562e-05
9.569810181e+02,6.642998051e-05
9.572220459e+02,-8.488275344e-04
9.574630737e+02,-1.616462832e-03
9.577040405e+02,9.816874517e-04
9.579450684e+02,5.388209247e-04
9.581860962e+02,9.816874517e-04
9.584271851e+02,-3.173876903e-04
9.586682129e+02,9.226385737e-04
9.589092407e+02,6.273942417e-04
9.591503296e+02,-1.402410708e-04
9.593914185e+02,-1.350742881e-03
9.596325073e+02,-7.307297783e-04
9.598735962e+02,-1.402410708e-04
9.601146851e+02,6.273942417e-04
9.603557739e+02,-2.147902735e-03
9.605968628e+02,-6.126320222e-04
9.608380127e+02,6.273942417e-04
9.610791626e+02,-2.214332562e-05
9.613202515e+02,-1.823133905e-03
9.615614014e+02,-1.144071808e-03
9.618025513e+02,3.026254708e-04
9.620437012e+02,1.217882964e-03
9.622849121e+02,-2.288143733e-04
9.625260620e+02,-1.527889515e-03
9.627672729e+02,-8.783519734e-04
9.630084229e+02,1.129309647e-03
9.632496338e+02,-2.878632513e-04
9.634908447e+02,-3.764365392e-04
9.637320557e+02,1.719798311e-03
9.639732666e+02,2.635055920e-03
9.642145386e+02,-2.708866959e-03
9.644557495e+02,1.070260769e-03
9.646970215e+02,-1.439316198e-03
9.649382324e+02,-1.409791759e-03
9.651795044e+02,-1.350742881e-03
9.654207764e+02,3.321499098e-04
9.656620483e+02,1.365505159e-03
9.659033203e+02,1.040736330e-03
9.661446533e+02,-2.878632513e-04
9.663859253e+02,5.092964857e-04
9.666272583e+02,-1.823133905e-03
9.668685913e+02,1.099785208e-03
9.671099243e+02,-7.012053393e-04
9.673512573e+02,-1.144071808e-03
9.675925903e+02,-2.206951613e-03
9.678339233e+02,7.381108844e-06
9.680752563e+02,-1.697654952e-04
9.683166504e+02,3.026254708e-04
9.685579834e+02,-8.783519734e-04
9.687993774e+02,5.388209247e-04
9.690407715e+02,-3.764365392e-04
9.692821655e+02,-5.831075832e-04
9.695235596e+02,5.388209247e-04
9.697650146e+02,-8.783519734e-04
9.700064087e+02,-8.193030953e-04
9.702478638e+02,2.280762652e-03
9.704892578e+02,-1.764085027e-03
9.707307129e+02,1.660749433e-03
9.709721680e+02,9.226385737e-04
9.712136230e+02,-4.945342662e-04
9.714550781e+02,-1.793609466e-03
9.716965942e+02,1.483602915e-03
9.719380493e+02,-1.232645125e-03
9.721795654e+02,-9.964497294e-04
9.724210205e+02,-1.764085027e-03
9.726625366e+02,1.454078476e-03
9.729040527e+02,-2.649818081e-03
9.731455688e+02,3.077922389e-03
9.733870850e+02,-4.650098563e-04
9.736286621e+02,6.864431198e-04
9.738701782e+02,6.642998051e-05
9.741117554e+02,2.731010318e-04
9.743533325e+02,7.454919978e-04
9.745948486e+02,-8.783519734e-04
9.748364258e+02,-1.232645125e-03
9.750780029e+02,2.731010318e-04
9.753196411e+02,-3.033635672e-03
9.755612183e+02,7.750164368e-04
9.758028564e+02,9.816874517e-04
9.760444336e+02,-2.878632513e-04
9.762860718e+02,-9.964497294e-04
9.765277100e+02,3.911987587e-04
9.767693481e+02,-1.291694003e-03
9.770109863e+02,2.435765928e-04
9.772526245e+02,-9.078763542e-04
9.774943237e+02,-6.716809003e-04
9.777359619e+02,1.660749433e-03
9.779776611e+02,-8.193030953e-04
9.782193604e+02,-4.650098563e-04
9.784610596e+02,5.388209247e-04
9.787027588e+02,-1.764085027e-03
9.789444580e+02,7.750164368e-04
9.791861572e+02,1.845277147e-04
9.794278564e+02,-4.354854173e-04
9.796696167e+02,-4.354854173e-04
9.799113770e+02,2.221713774e-03
9.801530762e+02,-2.878632513e-04
9.803948364e+02,5.092964857e-04
9.806365967e+02,6.273942417e-04
9.808784180e+02,-9.078763542e-04
9.811201782e+02,4.502476368e-04
9.813619385e+02,2.162664896e-03
9.816037598e+02,-2.214332562e-05
9.818455811e+02,2.310286975e-03
9.820873413e+02,-1.882182783e-03
9.823291626e+02,1.254788513e-04
9.825709839e+02,-1.697654952e-04
9.828128662e+02,1.483602915e-03
9.830546875e+02,5.683453637e-04
9.832965088e+02,-5.831075832e-04
9.835383911e+02,-2.878632513e-04
9.837802734e+02,1.395029598e-03
9.840221558e+02,9.226385737e-04
9.842639771e+02,2.140521538e-04
9.845059204e+02,-5.166776100e-05
9.847478027e+02,-9.669252322e-04
9.849896851e+02,-1.409791759e-03
9.852316284e+02,-1.557413954e-03
9.854735107e+02,6.273942417e-04
9.857154541e+02,1.690273872e-03
9.859573975e+02,-1.232645125e-03
9.861993408e+02,1.572176116e-03
9.864412842e+02,-5.831075832e-04
9.866832275e+02,-1.764085027e-03
9.869251709e+02,-2.214332562e-05
9.871671753e+02,1.719798311e-03
9.874091797e+02,-7.602542173e-04
9.876511230e+02,1.276931842e-03
9.878931274e+02,-7.307297783e-04
9.881351318e+02,-6.421564613e-04
9.883771362e+02,-2.325049369e-03
9.886192017e+02,-7.602542173e-04
9.888612061e+02,1.631224994e-03
9.891032104e+02,-1.203120686e-03
9.893452759e+02,-4.945342662e-04
9.895873413e+02,-1.941231661e-03
9.898294067e+02,-2.325049369e-03
9.900714722e+02,3.026254708e-04
9.903135376e+02,-1.025974168e-03
9.905556030e+02,5.978698027e-04
9.907977295e+02,8.045408758e-04
9.910397949e+02,1.896944945e-03
9.912819214e+02,1.550032903e-04
9.915239868e+02,1.188358525e-03
9.917661133e+02,1.129309647e-03
9.920082397e+02,2.576007042e-03
9.922504272e+02,-7.012053393e-04
9.924925537e+02,7.750164368e-04
9.927346802e+02,8.635897539e-04
9.929768677e+02,7.454919978e-04
9.932189941e+02,4.207231977e-04
9.934611816e+02,5.388209247e-04
9.937033691e+02,1.424554037e-03
9.939455566e+02,-5.535831442e-04
9.941877441e+02,-1.107166318e-04
9.944299927e+02,-9.964497294e-04
9.946721802e+02,2.457909286e-03
9.949143677e+02,1.247407403e-03
9.951566162e+02,5.092964857e-04
9.953988647e+02,4.207231977e-04
9.956411133e+02,1.011211891e-03
9.958833618e+02,-1.262169564e-03
9.961256104e+02,3.077922389e-03
9.963678589e+02,-4.354854173e-04
9.966101685e+02,8.931141347e-04
9.968524170e+02,-1.697654952e-04
9.970947266e+02,6.273942417e-04
9.973370361e+02,-2.878632513e-04
9.975793457e+02,7.381108844e-06
9.978216553e+02,1.454078476e-03
9.980639648e+02,5.388209247e-04
9.983062744e+02,-1.705036149e-03
9.985486450e+02,-1.992899342e-04
9.987909546e+02,4.207231977e-04
9.990333252e+02,1.601700555e-03
9.992756958e+02,-2.029804979e-03
9.995180664e+02,-9.078763542e-04
9.997604370e+02,-1.114547485e-03
1.000002808e+03,-1.498365076e-03
1.000245178e+03,-7.602542173e-04
1.000487610e+03,5.683453637e-04
1.000729980e+03,5.092964857e-04
1.000972412e+03,9.595441225e-05
1.001214844e+03,-1.173596247e-03
1.001457275e+03,-2.288143733e-04
1.001699707e+03,-8.119220001e-05
1.001942139e+03,-9.964497294e-04
1.002184570e+03,-2.214332562e-05
1.002427063e+03,-6.716809003e-04
1.002669495e+03,1.845277147e-04
1.002911987e+03,1.129309647e-03
1.003154480e+03,-2.288143733e-04
1.003396973e+03,-2.177427057e-03
1.003639465e+03,-4.059609782e-04
1.003881958e+03,1.254788513e-04
1.004124451e+03,2.959824633e-03
1.004367004e+03,8.045408758e-04
1.004609497e+03,7.454919978e-04
1.004852051e+03,-2.288143733e-04
1.005094604e+03,-1.852658344e-03
1.005337158e+03,-9.078763542e-04
1.005579712e+03,-7.897786563e-04
1.005822266e+03,5.978698027e-04
1.006064819e+03,5.388209247e-04
1.006307434e+03,5.388209247e-04
1.006549988e+03,4.502476368e-04
1.006792603e+03,1.896944945e-03
1.007035217e+03,9.595441225e-05
1.007277832e+03,3.690554513e-05
1.007520447e+03,1.011211891e-03
1.007763062e+03,1.601700555e-03
1.008005676e+03,1.845277147e-04
1.008248352e+03,2.605531365e-03
1.008490967e+03,1.129309647e-03
1.008733643e+03,-1.350742881e-03
1.008976318e+03,1.424554037e-03
1.009218994e+03,1.749322750e-03
1.009461670e+03,-2.214332562e-05
1.009704346e+03,1.955993939e-03
1.009947021e+03,9.816874517e-04
1.010189758e+03,9.816874517e-04
1.010432434e+03,1.542651793e-03
1.010675171e+03,1.335980720e-03
1.010917908e+03,4.502476368e-04
1.011160645e+03,-5.831075832e-04
1.011403381e+03,-4.650098563e-04
1.011646118e+03,6.273942417e-04
1.011888855e+03,-2.878632513e-04
1.012131653e+03,-1.793609466e-03
1.012374390e+03,-2.561244648e-03
1.012617188e+03,5.388209247e-04
1.012859985e+03,1.845277147e-04
1.013102783e+03,3.321499098e-04
1.013345581e+03,-1.402410708e-04
1.013588379e+03,2.731010318e-04
1.013831177e+03,-9.374007932e-04
1.014074036e+03,-4.354854173e-04
1.014316833e+03,-2.413622569e-03
1.014559692e+03,1.845277147e-04
1.014802551e+03,2.251238097e-03
1.015045349e+03,1.129309647e-03
1.015288269e+03,-2.826964715e-03
1.015531128e+03,7.381108844e-06
1.015773987e+03,-4.627955146e-03
1.016016846e+03,-2.236475935e-03
1.016259766e+03,-3.919368610e-03
1.016502686e+03,-2.000280423e-03
1.016745544e+03,-3.122209106e-03
1.016988464e+03,-2.354573691e-03
