1.933779755e+02,2.140251454e-03
1.935834351e+02,-1.625210233e-02
1.937889099e+02,9.132659994e-03
1.939943848e+02,-2.046080306e-02
1.941998901e+02,2.604202600e-03
1.944053955e+02,-3.592860652e-03
1.946109161e+02,1.373903267e-02
1.948164520e+02,6.746624596e-03
1.950220032e+02,1.837854646e-02
1.952275696e+02,-1.910208911e-02
1.954331360e+02,3.176685423e-02
1.956387177e+02,4.777317122e-02
1.958443298e+02,2.248782851e-02
1.960499420e+02,-1.134747453e-02
1.962555695e+02,1.735122502e-02
1.964611969e+02,3.892495856e-02
1.966668549e+02,7.409411948e-03
1.968725128e+02,3.415288776e-02
1.970782013e+02,9.861726314e-03
1.972838898e+02,4.157610983e-02
1.974895935e+02,1.877621748e-02
1.976953125e+02,2.205701545e-02
1.979010315e+02,-1.171200816e-02
1.981067810e+02,-2.565539908e-03
1.983125305e+02,1.493205037e-02
1.985182953e+02,-4.421344958e-03
1.987240906e+02,-2.101588761e-03
1.989298706e+02,-1.157945022e-02
1.991356812e+02,-8.033537306e-03
1.993415070e+02,8.478157106e-04
1.995473328e+02,-1.880383492e-02
1.997531891e+02,-1.780965365e-02
1.999590454e+02,-1.532419957e-02
2.001649170e+02,1.029253751e-02
2.003708038e+02,-1.910208911e-02
2.005766907e+02,4.989409074e-02
2.007826080e+02,2.262038551e-02
2.009885254e+02,-3.783412103e-04
2.011944733e+02,9.803732391e-04
2.014004211e+02,2.372226911e-03
2.016063843e+02,-7.370749488e-03
2.018123627e+02,-2.327764966e-02
2.020183411e+02,-3.957393579e-03
2.022243500e+02,3.862670437e-02
2.024303589e+02,3.838644479e-04
2.026363831e+02,2.563606948e-02
2.028424225e+02,3.786449879e-02
2.030484772e+02,1.612506807e-02
2.032545471e+02,1.022874489e-01
2.034606171e+02,4.957098514e-03
2.036667175e+02,1.324194204e-02
2.038728180e+02,8.436732925e-03
2.040789337e+02,2.672966756e-02
2.042850647e+02,9.795446880e-03
2.044912109e+02,1.079791342e-03
2.046973724e+02,-1.336897630e-02
2.049035339e+02,-7.735282648e-03
2.051097107e+02,2.417793684e-02
2.053159180e+02,9.797932953e-02
2.055221252e+02,8.694391698e-02
2.057283478e+02,-1.061840821e-02
2.059345703e+02,3.266990185e-03
2.061408234e+02,-1.273932867e-02
2.063470764e+02,1.069021039e-02
2.065533600e+02,-1.803334337e-03
2.067596436e+02,-1.270618942e-02
2.069659424e+02,1.715238951e-02
2.071722412e+02,6.448370405e-03
2.073785706e+02,3.170057386e-02
2.075848999e+02,-9.789924137e-03
2.077912598e+02,-2.284683846e-02
2.079976196e+02,2.202387713e-02
2.082039948e+02,-4.023672547e-03
2.084103851e+02,4.791401327e-03
2.086167908e+02,1.589309238e-02
2.088231964e+02,3.175856837e-04
2.090296173e+02,-2.526601218e-02
2.092360687e+02,6.116976496e-03
2.094425201e+02,-2.963212552e-03
2.096489868e+02,7.508830167e-03
2.098554535e+02,5.045746267e-02
2.100619507e+02,7.807084825e-03
2.102684479e+02,-1.966545731e-02
2.104749756e+02,5.586746614e-03
2.106815033e+02,1.045823470e-02
2.108880463e+02,1.390472986e-02
2.110946045e+02,3.312556818e-02
2.113011627e+02,1.278627547e-03
2.115077515e+02,-6.376568228e-03
2.117143402e+02,2.007693751e-03
2.119209442e+02,-5.481805187e-03
2.121275635e+02,8.171617985e-03
2.123341980e+02,5.436790735e-02
2.125408478e+02,1.304310560e-02
2.127475128e+02,9.629750624e-03
2.129541779e+02,2.225585282e-02
2.131608582e+02,-1.121491753e-02
2.133675537e+02,-6.575404666e-03
2.135742645e+02,-2.466121921e-03
2.137809906e+02,-2.075905725e-02
2.139877319e+02,-1.088352315e-02
2.141944733e+02,2.881744877e-02
2.144012299e+02,-2.132242732e-02
2.146080017e+02,-4.653320648e-03
2.148147888e+02,-1.807476766e-02
2.150215912e+02,-9.856202640e-03
2.152284088e+02,-1.727942377e-02
2.154352264e+02,4.095474724e-03
2.156420746e+02,4.791401327e-03
2.158489227e+02,-2.148812450e-02
2.160557861e+02,-4.653320648e-03
2.162626648e+02,6.017558277e-03
2.164695435e+02,1.168439165e-02
2.166764526e+02,1.930644736e-02
2.168833618e+02,-3.062630771e-03
2.170902863e+02,-8.828882128e-03
2.172972412e+02,4.701096565e-02
2.175041809e+02,2.706106193e-02
2.177111511e+02,6.109520048e-02
2.179181366e+02,-6.774240639e-03
2.181251221e+02,1.503146905e-02
2.183321228e+02,-7.867840119e-03
2.185391388e+02,-1.645093784e-02
2.187461700e+02,-9.624226950e-03
2.189532166e+02,-1.151317172e-02
2.191602783e+02,-4.587042145e-03
2.193673401e+02,-6.840519607e-03
2.195744171e+02,8.768126369e-03
2.197815247e+02,-2.432982437e-03
2.199886322e+02,1.423612330e-02
2.201957397e+02,9.961144067e-03
2.204028778e+02,-1.833988354e-02
2.206100159e+02,1.245488180e-03
2.208171844e+02,-2.228346840e-02
2.210243530e+02,-7.403888740e-03
2.212315369e+02,-6.542264950e-03
2.214387360e+02,2.779012918e-02
2.216459351e+02,-2.099103294e-02
2.218531647e+02,-9.458529763e-03
2.220603943e+02,5.089655984e-03
2.222676392e+02,-2.930073068e-03
2.224748993e+02,3.342382237e-02
2.226821747e+02,4.979467392e-02
2.228894653e+02,3.730941331e-03
2.230967712e+02,-1.423060056e-02
2.233040771e+02,3.899123892e-02
2.235113983e+02,-2.234146232e-03
2.237187347e+02,-5.382386968e-03
2.239260864e+02,4.034995288e-02
2.241334534e+02,-1.698116772e-02
2.243408203e+02,-1.741198078e-02
2.245482178e+02,2.119539306e-02
2.247556152e+02,3.017616272e-02
2.249630280e+02,-1.247421373e-02
2.251704559e+02,2.984477021e-02
2.253778839e+02,5.347314477e-02
2.255853424e+02,3.087208979e-02
2.257928009e+02,-1.913522743e-02
2.260002899e+02,4.658843856e-03
2.262077789e+02,-8.862021379e-03
2.264152832e+02,2.107111970e-03
2.266227875e+02,-1.419746131e-02
2.268303223e+02,2.318375558e-02
2.270378571e+02,-5.581223406e-03
2.272454224e+02,2.093027718e-02
2.274529877e+02,-1.870441623e-02
2.276605682e+02,-2.917645872e-02
2.278681488e+02,-4.222508986e-03
2.280757599e+02,1.145241596e-02
2.282833710e+02,6.050697528e-03
2.284910126e+02,-2.702239901e-02
2.286986542e+02,-1.810790785e-02
2.289063110e+02,1.228090003e-02
2.291139679e+02,6.489794469e-04
2.293216553e+02,2.003551461e-02
2.295293427e+02,5.752443336e-03
2.297370605e+02,6.053183228e-02
2.299447784e+02,2.358142845e-02
2.301525116e+02,-2.662472613e-02
2.303602448e+02,6.978600286e-03
2.305680084e+02,-1.121491753e-02
2.307757721e+02,5.122795235e-03
2.309835663e+02,9.140944458e-04
2.311913605e+02,4.866793379e-02
2.313991699e+02,5.984419025e-03
2.316069794e+02,-2.112358995e-02
2.318148193e+02,2.762443200e-02
2.320226746e+02,1.470007468e-02
2.322305298e+02,5.917311832e-02
2.324384003e+02,-1.409804262e-02
2.326462860e+02,2.659711055e-02
2.328541870e+02,-2.155440301e-02
2.330620880e+02,-6.608543918e-03
2.332700195e+02,-1.171200816e-02
2.334779510e+02,-1.074268133e-03
2.336858978e+02,3.196568787e-02
2.338938599e+02,-9.856202640e-03
2.341018372e+02,-1.538219396e-03
2.343098145e+02,-3.063459136e-02
2.345178223e+02,4.363074899e-02
2.347258301e+02,-4.023672547e-03
2.349338531e+02,-1.128119603e-02
2.351418915e+02,2.977849171e-02
2.353499298e+02,1.639018394e-02
2.355579987e+02,-2.874564752e-02
2.357660675e+02,-3.166191280e-02
2.359741669e+02,-8.066676557e-03
2.361822662e+02,2.030062862e-02
2.363903809e+02,7.783058286e-02
2.365984955e+02,-1.277246792e-02
2.368066406e+02,-1.671605371e-02
2.370147858e+02,-3.394024447e-03
2.372229462e+02,5.818722304e-03
2.374311371e+02,-2.126443287e-04
2.376393127e+02,3.892495856e-02
2.378475189e+02,3.962917253e-03
2.380557404e+02,9.099520743e-03
2.382639618e+02,2.238840982e-02
2.384721985e+02,-1.124805678e-02
2.386804504e+02,1.277799066e-02
2.388887177e+02,6.145973504e-02
2.390970001e+02,9.241191298e-02
2.393052826e+02,-7.900979370e-03
2.395135956e+02,2.736760071e-03
2.397219086e+02,3.372207657e-02
2.399302368e+02,-2.002170542e-03
2.401385803e+02,-2.599507943e-02
2.403469238e+02,4.687840864e-02
2.405552979e+02,1.178380940e-02
2.407636719e+02,-2.655844763e-02
2.409720612e+02,-7.536446210e-03
2.411804657e+02,-1.452885475e-02
2.413888855e+02,-3.791696858e-03
2.415973206e+02,7.541969419e-03
2.418057556e+02,-1.393234637e-02
2.420142059e+02,2.046632580e-02
2.422226715e+02,1.045409217e-01
2.424311523e+02,-1.645093784e-02
2.426396484e+02,4.592565354e-03
2.428481598e+02,7.409411948e-03
2.430566711e+02,-1.184456516e-02
2.432651978e+02,-1.091666240e-02
2.434737549e+02,3.399547655e-03
2.436822968e+02,-2.099103294e-02
2.438908691e+02,-2.148812450e-02
2.440994568e+02,4.228032194e-03
2.443080444e+02,-1.830674335e-02
2.445166473e+02,4.286854342e-02
2.447252655e+02,2.440991253e-02
2.449338989e+02,-7.205052767e-03
2.451425476e+02,-2.178637870e-02
2.453511963e+02,-1.727942377e-02
2.455598755e+02,2.736760071e-03
2.457685547e+02,6.755737960e-02
2.459772491e+02,-2.864622883e-02
2.461859589e+02,-7.900979370e-03
2.463946686e+02,3.183313087e-02
2.466034088e+02,-3.427163698e-03
2.468121490e+02,-3.570491448e-02
2.470209045e+02,2.471645130e-03
2.472296753e+02,1.867680065e-02
2.474384613e+02,-1.611954533e-02
2.476472626e+02,7.641387638e-03
2.478560638e+02,1.006056182e-02
2.480648804e+02,8.809550782e-04
2.482737122e+02,1.629076526e-02
2.484825592e+02,-1.406490337e-02
2.486914215e+02,6.348952185e-03
2.489002991e+02,-3.758557606e-03
2.491091766e+02,-1.008817833e-02
2.493180695e+02,1.629076526e-02
2.495269775e+02,8.204757236e-03
2.497359009e+02,-1.078410540e-02
2.499448395e+02,1.798087358e-02
2.501537781e+02,-2.513345517e-02
2.503627472e+02,1.516402606e-02
2.505717163e+02,2.331631258e-02
2.507807007e+02,-3.391538933e-02
2.509897003e+02,3.863498801e-03
2.511987000e+02,5.095455050e-02
2.514077301e+02,-1.267304923e-02
2.516167603e+02,4.545341432e-02
2.518258057e+02,-2.476892248e-02
2.520348663e+02,4.041622952e-02
2.522439423e+02,-1.935891923e-03
2.524530182e+02,3.498965874e-03
2.526621246e+02,-2.006313019e-02
2.528712311e+02,1.135299820e-02
2.530803528e+02,5.885000806e-03
2.532894897e+02,-1.346839499e-02
2.534986420e+02,-2.138870582e-02
2.537077942e+02,-6.774240639e-03
2.539169617e+02,4.658843856e-03
2.541261444e+02,3.097150847e-02
2.543353424e+02,1.900819317e-02
2.545445557e+02,5.433476716e-02
2.547537842e+02,-6.674822420e-03
2.549630127e+02,3.050755709e-02
2.551722717e+02,-2.205149271e-02
2.553815308e+02,1.363961492e-02
2.555908051e+02,-9.425390512e-03
2.558000793e+02,-2.132242732e-02
2.560093689e+02,4.658843856e-03
2.562186890e+02,1.920703053e-02
2.564280090e+02,2.142736875e-02
2.566373596e+02,-8.099815808e-03
2.568467102e+02,-1.751139946e-02
2.570560608e+02,-1.048585121e-02
2.572654419e+02,3.123662435e-02
2.574748230e+02,-2.572996356e-02
2.576842041e+02,-6.475986447e-03
2.578936157e+02,-2.366703702e-03
2.581030579e+02,-3.327745711e-03
2.583125000e+02,1.643160707e-03
2.585219421e+02,-1.548989676e-02
2.587313843e+02,3.764080815e-03
2.589408569e+02,1.731808484e-02
2.591503601e+02,-8.066676557e-03
2.593598633e+02,-2.069277875e-02
2.595693665e+02,3.508079052e-02
2.597789001e+02,1.181694958e-02
2.599884338e+02,-2.904390171e-02
2.601979675e+02,6.183254998e-03
2.604075317e+02,1.045823470e-02
2.606170959e+02,1.187494272e-04
2.608266907e+02,-1.794221066e-02
2.610362854e+02,-2.543170936e-02
2.612459106e+02,1.122044027e-02
2.614555359e+02,-2.930073068e-03
2.616651611e+02,-2.797515597e-03
2.618748169e+02,-1.877069473e-02
2.620844727e+02,2.869317541e-03
2.622941284e+02,1.314252429e-02
2.625038147e+02,-1.877069473e-02
2.627135315e+02,6.489794469e-04
2.629232483e+02,2.570234798e-02
2.631329651e+02,-2.029510587e-02
2.633426819e+02,-2.742007188e-02
2.635524292e+02,1.135299820e-02
2.637622070e+02,-1.906894892e-02
2.639719849e+02,2.968735760e-03
2.641817627e+02,-7.768421900e-03
2.643915710e+02,-5.846338347e-03
2.646013794e+02,5.247067747e-05
2.648111877e+02,-1.171200816e-02
2.650210266e+02,-1.558931451e-02
2.652308655e+02,3.797220066e-03
2.654407349e+02,1.307624578e-02
2.656506042e+02,1.287740935e-02
2.658605042e+02,-3.957393579e-03
2.660704041e+02,2.686222643e-02
2.662803040e+02,1.194950659e-02
2.664902344e+02,-1.887011342e-02
2.667001648e+02,6.981085986e-02
2.669101257e+02,-1.240793429e-02
2.671200867e+02,-2.996351803e-03
2.673300476e+02,9.795446880e-03
2.675400391e+02,-2.731236862e-03
2.677500305e+02,5.918140057e-03
2.679600525e+02,-4.852157086e-03
2.681700745e+02,6.653005630e-02
2.683800964e+02,-7.900979370e-03
2.685901489e+02,-3.225842118e-02
2.688002014e+02,4.558597505e-02
2.690102844e+02,-7.867840119e-03
2.692203674e+02,-1.419746131e-02
2.694304504e+02,1.013512607e-03
2.696405640e+02,2.583490498e-02
2.698506775e+02,-7.967257872e-03
2.700608215e+02,-2.725437470e-02
2.702709656e+02,-2.579624206e-02
2.704811401e+02,1.373903267e-02
2.706913147e+02,-3.990533296e-03
2.709014893e+02,6.647206377e-03
2.711116943e+02,-8.199233562e-03
2.713218994e+02,1.039195620e-02
2.715321045e+02,5.222213455e-03
2.717423401e+02,5.354770925e-03
2.719526062e+02,3.577671945e-02
2.721628418e+02,-1.771023497e-02
2.723731384e+02,-5.481805187e-03
2.725834045e+02,-2.132242732e-02
2.727937012e+02,-1.071782690e-02
2.730039978e+02,4.475748911e-02
2.732143250e+02,1.489891112e-02
2.734246521e+02,4.406736195e-01
2.736350098e+02,-2.128928714e-02
2.738453674e+02,1.025939826e-02
2.740557556e+02,-2.390729822e-02
2.742661133e+02,-1.833988354e-02
2.744765320e+02,-7.072495297e-03
2.746869202e+02,-2.099103294e-02
2.748973389e+02,-2.234146232e-03
2.751077881e+02,2.938081883e-02
2.753182373e+02,1.234717946e-02
2.755286865e+02,1.741750352e-02
2.757391663e+02,-2.016254887e-02
2.759496460e+02,-9.856202640e-03
2.761601257e+02,-3.159563243e-02
2.763706360e+02,4.154296964e-02
2.765811462e+02,6.066438928e-02
2.767916870e+02,9.397774935e-03
2.770022278e+02,-3.162048757e-03
2.772127991e+02,5.539522693e-02
2.774233704e+02,2.981163003e-02
2.776339417e+02,3.385463357e-02
2.778445435e+02,1.257915515e-02
2.780551453e+02,-1.005503908e-02
2.782657471e+02,-7.205052767e-03
2.784763794e+02,-1.293816511e-02
2.786870422e+02,4.261171445e-03
2.788976746e+02,-1.595384814e-02
2.791083679e+02,1.039195620e-02
2.793190308e+02,-2.664958127e-03
2.795297241e+02,-8.530627936e-03
2.797404175e+02,1.350705698e-02
2.799511414e+02,-4.487623926e-03
2.801618652e+02,-1.698116772e-02
2.803726196e+02,-1.989743300e-02
2.805833740e+02,-6.376568228e-03
2.807941284e+02,3.242963925e-02
2.810049133e+02,-8.795742877e-03
2.812156982e+02,3.150174022e-02
2.814265137e+02,-3.128909506e-03
2.816373291e+02,-1.138061378e-02
2.818481750e+02,-3.988047689e-02
2.820589905e+02,-2.301253565e-02
2.822698669e+02,8.518752456e-02
2.824807129e+02,2.089713886e-02
2.826915894e+02,-1.843930036e-02
2.829024963e+02,-7.801561616e-03
2.831134033e+02,5.189073738e-03
2.833243103e+02,3.991914168e-02
2.835352478e+02,-4.156230018e-03
2.837461853e+02,-3.103226423e-02
2.839571228e+02,3.624067083e-02
2.841680908e+02,-3.725418122e-03
2.843790588e+02,-8.961439133e-03
2.845900574e+02,-3.361713514e-02
2.848010559e+02,1.721866801e-02
2.850120850e+02,1.410356630e-02
2.852230835e+02,1.045823470e-02
2.854341431e+02,-3.411422670e-02
2.856452026e+02,1.112930709e-03
2.858562622e+02,-2.572996356e-02
2.860673218e+02,1.324194204e-02
2.862784119e+02,8.635569364e-03
2.864895020e+02,1.579367369e-02
2.867006226e+02,1.148555521e-02
2.869117432e+02,-1.906894892e-02
2.871228943e+02,-3.315318376e-02
2.873340454e+02,-3.128909506e-03
2.875451965e+02,-1.691488922e-02
2.877563782e+02,-2.046080306e-02
2.879675598e+02,-1.360095199e-02
2.881787720e+02,1.146070077e-03
2.883899536e+02,7.773945108e-03
2.886011963e+02,1.974554500e-03
2.888124390e+02,-2.364218235e-02
2.890236816e+02,-4.255648237e-03
2.892349243e+02,4.107901827e-02
2.894461975e+02,-1.466141269e-02
2.896575012e+02,-1.946662180e-02
2.898687744e+02,1.518888021e-04
2.900801086e+02,1.562797651e-02
2.902914124e+02,-1.323641930e-02
2.905027466e+02,-2.125614882e-02
2.907141113e+02,7.575109135e-03
2.909254456e+02,3.594241664e-02
2.911368408e+02,-1.426373981e-02
2.913482056e+02,-1.032015402e-02
2.915596008e+02,5.122795235e-03
2.917710266e+02,1.340763923e-02
2.919824219e+02,2.653083205e-02
2.921938782e+02,-2.834797464e-02
2.924053040e+02,9.364635684e-03
2.926167603e+02,4.025053233e-02
2.928282471e+02,-2.254858427e-02
2.930397034e+02,-1.346839499e-02
2.932512207e+02,2.902457025e-03
2.934627075e+02,-1.703916234e-03
2.936742249e+02,-2.068449277e-03
2.938857727e+02,-7.834700868e-03
2.940973206e+02,2.424421534e-02
2.943088684e+02,-1.194398385e-02
2.945204163e+02,6.282673217e-03
2.947320251e+02,-1.370037068e-02
2.949436035e+02,-1.210968010e-02
2.951552124e+02,-8.795742877e-03
2.953668213e+02,-2.996351803e-03
2.955784607e+02,-2.122300863e-02
2.957901001e+02,-4.023672547e-03
2.960017395e+02,-6.906798109e-03
2.962134094e+02,-3.673223779e-02
2.964250793e+02,-1.843930036e-02
2.966367798e+02,2.573548630e-02
2.968484802e+02,8.072199300e-03
2.970601807e+02,-8.663184941e-03
2.972719116e+02,-5.216690246e-03
2.974836731e+02,3.027558140e-02
2.976954041e+02,4.310052097e-02
2.979071655e+02,7.939642295e-03
2.981189575e+02,1.880935766e-02
2.983307495e+02,-2.480206080e-02
2.985425415e+02,-1.635152102e-02
2.987543335e+02,-8.895160630e-03
2.989661865e+02,-1.111549884e-02
2.991780090e+02,-2.327764966e-02
2.993898621e+02,-9.988760576e-03
2.996017151e+02,6.448370405e-03
2.998135986e+02,-2.188579552e-02
3.000254822e+02,1.748378202e-02
3.002373657e+02,1.625762507e-02
3.004492798e+02,-1.174514741e-02
3.006611938e+02,-3.116482124e-02
3.008731384e+02,2.431049384e-02
3.010850830e+02,3.929777537e-03
3.012970581e+02,2.679594792e-02
3.015090027e+02,-2.327764966e-02
3.017210083e+02,6.129403785e-02
3.019329834e+02,-1.091666240e-02
3.021450195e+02,-3.062630771e-03
3.023570251e+02,-2.533229068e-02
3.025690613e+02,2.653083205e-02
3.027810974e+02,2.772384882e-02
3.029931641e+02,-2.347648703e-02
3.032052307e+02,9.221307188e-02
3.034172974e+02,2.155992575e-02
3.036293945e+02,-2.848053165e-02
3.038414917e+02,4.725122824e-03
3.040536194e+02,9.472338133e-04
3.042657471e+02,-2.052708156e-02
3.044779053e+02,3.494823352e-02
3.046900635e+02,-2.267285716e-03
3.049022217e+02,-8.663184941e-03
3.051143799e+02,-1.206825604e-03
3.053265991e+02,-2.167867497e-03
3.055387878e+02,-1.648407802e-02
3.057510071e+02,-2.523287386e-02
3.059632263e+02,-1.708058640e-02
3.061754761e+02,-6.575404666e-03
3.063877258e+02,-3.408108652e-02
3.065999756e+02,-1.857185923e-02
3.068122559e+02,-1.893639192e-02
3.070245361e+02,-2.384101972e-02
3.072368469e+02,-1.777651347e-02
3.074491577e+02,-1.476083044e-02
3.076614990e+02,2.769899555e-03
3.078738098e+02,3.756624460e-02
3.080861816e+02,-1.795049466e-04
3.082985229e+02,-2.549798787e-02
3.085108948e+02,2.802210487e-02
3.087232971e+02,-7.834700868e-03
3.089356995e+02,-8.895160630e-03
3.091481018e+02,-4.553902429e-03
3.093605347e+02,2.000237443e-02
3.095729675e+02,-1.671605371e-02
3.097854004e+02,4.426868167e-03
3.099978638e+02,-3.003808297e-02
3.102103271e+02,1.658901945e-02
3.104228210e+02,8.801265620e-03
3.106353149e+02,1.850281842e-04
3.108478088e+02,-1.777651347e-02
3.110603333e+02,-2.387415804e-02
3.112728577e+02,-6.873658858e-03
3.114854126e+02,2.556979097e-02
3.116979675e+02,-1.655035652e-02
3.119105225e+02,-8.232373744e-03
3.121231079e+02,3.567729890e-02
3.123356934e+02,-1.061840821e-02
3.125483093e+02,3.806333616e-02
3.127609253e+02,1.069021039e-02
3.129735413e+02,-9.591087699e-03
3.131861877e+02,-2.443752810e-02
3.133988342e+02,-8.331791498e-03
3.136115112e+02,-1.466141269e-02
3.138241882e+02,6.489794469e-04
3.140368652e+02,6.879182067e-03
3.142495728e+02,-1.747825928e-02
3.144622803e+02,3.962088376e-02
3.146750183e+02,5.595859885e-02
3.148877563e+02,-2.366703702e-03
3.151004944e+02,-2.364218235e-02
3.153132629e+02,-1.128119603e-02
3.155260315e+02,4.327449948e-03
3.157388306e+02,-4.785878118e-03
3.159516296e+02,-2.934215590e-02
3.161644287e+02,-1.930092461e-02
3.163772583e+02,-1.853871904e-02
3.165900879e+02,1.974554500e-03
3.168029480e+02,-1.438801293e-03
3.170158081e+02,2.537923865e-03
3.172286682e+02,4.062335007e-03
3.174415588e+02,2.510583960e-02
3.176544495e+02,-2.493461967e-02
3.178673706e+02,6.825330853e-02
3.180802612e+02,1.947214454e-02
3.182932129e+02,-2.863794332e-03
3.185061646e+02,-3.822350875e-02
3.187191162e+02,-2.125614882e-02
3.189320679e+02,-3.526581917e-03
3.191450500e+02,8.304174989e-03
3.193580322e+02,2.142736875e-02
3.195710449e+02,-1.132262041e-04
3.197840576e+02,5.247067747e-05
3.199971008e+02,-1.277246792e-02
3.202101440e+02,1.698669232e-02
3.204231873e+02,6.049869210e-02
3.206362610e+02,8.602430113e-03
3.208493347e+02,-1.850558072e-02
3.210624084e+02,-2.861308865e-02
3.212755127e+02,-4.114805779e-04
3.214886169e+02,8.271035738e-03
3.217017517e+02,-2.208463289e-02
3.219148865e+02,9.232077748e-03
3.221280518e+02,-1.787593216e-02
3.223411865e+02,2.682908624e-02
3.225543823e+02,2.298491821e-02
3.227675476e+02,4.493147135e-03
3.229807434e+02,3.643950447e-02
3.231939697e+02,-4.620181397e-03
3.234071960e+02,-1.777651347e-02
3.236204224e+02,1.344077848e-02
3.238336792e+02,2.497328073e-02
3.240469360e+02,-1.230851654e-02
3.242601929e+02,2.315061539e-02
3.244734802e+02,-1.015445683e-02
3.246867676e+02,-2.963212552e-03
3.249000854e+02,-1.499280613e-02
3.251134033e+02,1.436868124e-02
3.253267212e+02,-1.181142591e-02
3.255400696e+02,1.261229441e-02
3.257534180e+02,1.320880279e-02
3.259667969e+02,3.289359063e-02
3.261801758e+02,-9.988760576e-03
3.263935547e+02,-2.377474122e-02
3.266069641e+02,-1.028701477e-02
3.268203735e+02,4.386272654e-02
3.270337830e+02,8.536150679e-03
3.272472229e+02,6.647206377e-03
3.274606934e+02,-6.774240639e-03
3.276741333e+02,-2.002170542e-03
3.278876038e+02,4.555283487e-02
3.281011047e+02,-1.737055602e-03
3.283146057e+02,-3.120624460e-04
3.285281067e+02,-1.403176412e-02
3.287416382e+02,-5.879477598e-03
3.289551697e+02,9.530331939e-03
3.291687317e+02,-8.298652247e-03
3.293822632e+02,2.951337583e-02
3.295958557e+02,-3.888629749e-02
3.298094177e+02,7.740805857e-03
3.300230103e+02,2.209015563e-02
3.302366333e+02,-1.171200816e-02
3.304502563e+02,3.598383861e-03
3.306638794e+02,-8.033537306e-03
3.308775330e+02,5.653025117e-03
3.310911865e+02,-2.911018021e-02
3.313048401e+02,7.483975496e-04
3.315185242e+02,-6.707962137e-03
3.317322083e+02,-2.035310026e-03
3.319459229e+02,8.602430113e-03
3.321596375e+02,5.453360453e-02
3.323733521e+02,8.900684305e-03
3.325870972e+02,1.221462153e-02
3.328008423e+02,-4.819017369e-03
3.330146179e+02,-2.059336007e-02
3.332283936e+02,7.368816435e-02
3.334421692e+02,1.294368785e-02
3.336559753e+02,2.049946599e-02
3.338697815e+02,-2.874564752e-02
3.340835876e+02,6.547788158e-03
3.342974243e+02,2.736760071e-03
3.345112915e+02,7.017538697e-02
3.347251282e+02,-3.176132962e-02
3.349389954e+02,1.798087358e-02
3.351528931e+02,6.614067126e-03
3.353667908e+02,-1.366723049e-02
3.355806885e+02,-1.290502492e-02
3.357946167e+02,1.002742257e-02
3.360085449e+02,-1.529106032e-02
3.362224731e+02,-1.074268133e-03
3.364364319e+02,-1.197712310e-02
3.366503906e+02,5.950451270e-02
3.368643799e+02,3.020930290e-02
3.370783691e+02,1.973726042e-02
3.372923889e+02,-2.195207402e-02
3.375063782e+02,3.532105125e-03
3.377204285e+02,-1.389920618e-02
3.379344482e+02,4.658843856e-03
3.381484985e+02,-1.283874642e-02
3.383625793e+02,-1.466141269e-02
3.385766296e+02,2.405366395e-03
3.387907410e+02,-2.453694679e-02
3.390048218e+02,-9.524809197e-03
3.392189331e+02,-9.823063388e-03
3.394330444e+02,2.378026396e-02
3.396471863e+02,1.025939826e-02
3.398613281e+02,-1.797534898e-02
3.400755005e+02,-1.174514741e-02
3.402896729e+02,1.158497389e-02
3.405038452e+02,8.668708615e-03
3.407180481e+02,-1.326955855e-02
3.409322510e+02,-2.228346840e-02
3.411464539e+02,2.447619103e-02
3.413606873e+02,7.707666606e-03
3.415749207e+02,-7.801561616e-03
3.417891846e+02,-1.843930036e-02
3.420034485e+02,3.007674590e-02
3.422177124e+02,-1.857185923e-02
3.424320068e+02,1.678785495e-02
3.426463318e+02,-1.131433528e-02
3.428606262e+02,-1.433001831e-02
3.430749512e+02,6.879182067e-03
3.432892761e+02,-1.535733882e-02
3.435036316e+02,3.398719057e-02
3.437179871e+02,-1.645093784e-02
3.439323730e+02,-3.726246580e-02
3.441467590e+02,-6.575404666e-03
3.443611450e+02,-2.503403649e-02
3.445755615e+02,-1.436315756e-02
3.447899780e+02,-2.039452456e-02
3.450044250e+02,-5.349247716e-03
3.452188721e+02,-9.748499724e-04
3.454333191e+02,2.769899555e-03
3.456477661e+02,-2.599507943e-02
3.458622742e+02,-1.615268365e-02
3.460767517e+02,2.636513487e-02
3.462912598e+02,-1.869613072e-03
3.465057678e+02,-2.745321207e-02
3.467203064e+02,1.477463869e-03
3.469348450e+02,-1.380807316e-05
3.471493835e+02,4.261171445e-03
3.473639526e+02,-3.526581917e-03
3.475785217e+02,1.725180633e-02
3.477931213e+02,-4.984714556e-03
3.480077209e+02,1.831226610e-02
3.482223206e+02,2.107111970e-03
3.484369507e+02,-2.410613373e-02
3.486515808e+02,1.908275764e-03
3.488662109e+02,-6.840519607e-03
3.490808716e+02,2.378026396e-02
3.492955627e+02,-1.727942377e-02
3.495102234e+02,1.211520378e-02
3.497249146e+02,-1.290502492e-02
3.499396362e+02,-5.713780876e-03
3.501543579e+02,-2.789230784e-04
3.503690796e+02,-9.127136320e-03
3.505838318e+02,-9.292833507e-03
3.507985840e+02,1.085590757e-02
3.510133362e+02,-1.164572872e-02
3.512281189e+02,3.239650279e-02
3.514429016e+02,1.340763923e-02
3.516577148e+02,-2.841425315e-02
3.518725281e+02,5.433476716e-02
3.520873413e+02,2.155992575e-02
3.523021851e+02,-1.476083044e-02
3.525170288e+02,3.246277943e-02
3.527318726e+02,-9.922481142e-03
3.529467468e+02,-3.195188241e-03
3.531616516e+02,3.064011410e-02
3.533765259e+02,3.631523345e-03
3.535914307e+02,-9.591087699e-03
3.538063660e+02,-8.530627936e-03
3.540213013e+02,1.824598759e-02
3.542362366e+02,-4.288787488e-03
3.544512024e+02,-4.587042145e-03
3.546661682e+02,3.385463357e-02
3.548811340e+02,1.194950659e-02
3.550961304e+02,-2.165381983e-02
3.553111267e+02,-3.862117976e-02
3.555261536e+02,2.543723211e-02
3.557411804e+02,-1.167886797e-02
3.559562073e+02,4.250401258e-02
3.561712646e+02,-2.549798787e-02
3.563863220e+02,3.809647262e-02
3.566013794e+02,1.572739519e-02
3.568164673e+02,-3.017063998e-02
3.570315857e+02,3.697802080e-03
3.572466736e+02,5.653025117e-03
3.574617920e+02,2.716048062e-02
3.576769409e+02,-1.005503908e-02
3.578920898e+02,3.035014495e-03
3.581072388e+02,-9.823063388e-03
3.583223877e+02,3.759938478e-02
3.585375671e+02,5.884172395e-02
3.587527771e+02,-1.366723049e-02
3.589679871e+02,-1.790907048e-02
3.591831970e+02,1.518888021e-04
3.593984070e+02,-2.350962535e-02
3.596136475e+02,9.472338133e-04
3.598289185e+02,-4.321926739e-03
3.600441589e+02,1.155183371e-02
3.602594299e+02,-2.126443287e-04
3.604747314e+02,2.686222643e-02
3.606900330e+02,7.939642295e-03
3.609053345e+02,4.353133217e-02
3.611206665e+02,-1.678233221e-02
3.613359985e+02,-8.530627936e-03
3.615513306e+02,-1.167886797e-02
3.617666931e+02,4.161753226e-03
3.619820557e+02,-3.524096310e-02
3.621974487e+02,1.297682710e-02
3.624128418e+02,2.040004730e-02
3.626282349e+02,9.099520743e-03
3.628436584e+02,-2.399843186e-03
3.630590820e+02,-3.252353519e-02
3.632745056e+02,4.598364606e-02
3.634899597e+02,6.846042816e-03
3.637054443e+02,4.161753226e-03
3.639208984e+02,-1.452885475e-02
3.641363831e+02,7.376272697e-03
3.643518982e+02,-2.059336007e-02
3.645674133e+02,-2.450380661e-02
3.647829285e+02,3.749996424e-02
3.649984436e+02,6.586727500e-02
3.652139893e+02,1.297682710e-02
3.654295654e+02,3.830359550e-03
3.656451111e+02,-3.229156137e-02
3.658607178e+02,2.239669440e-03
3.660762939e+02,-6.906798109e-03
3.662919006e+02,7.575109135e-03
3.665075073e+02,3.083895147e-02
3.667231445e+02,5.141850188e-02
3.669387817e+02,-1.703916234e-03
3.671544495e+02,-3.096598573e-02
3.673700867e+02,-1.900267042e-02
3.675857849e+02,-1.604498131e-03
3.678014526e+02,4.058192670e-02
3.680171509e+02,8.337314241e-03
3.682328796e+02,-2.056022175e-02
3.684485779e+02,2.775698900e-02
3.686643066e+02,-5.846338347e-03
3.688800659e+02,3.035014495e-03
3.690958252e+02,-1.684861071e-02
3.693115845e+02,2.487386391e-02
3.695273743e+02,6.046555191e-02
3.697431641e+02,2.593432367e-02
3.699589539e+02,-1.764395647e-02
3.701747742e+02,2.232213132e-02
3.703906250e+02,-1.688175090e-02
3.706064453e+02,9.596611373e-03
3.708222961e+02,-8.795742877e-03
3.710381775e+02,7.078018505e-03
3.712540283e+02,1.145158783e-01
3.714699097e+02,-1.479396969e-02
3.716858215e+02,-2.211777121e-02
3.719017334e+02,6.888295710e-02
3.721176453e+02,1.337449998e-02
3.723335876e+02,-1.836473704e-03
3.725495300e+02,-1.850558072e-02
3.727654724e+02,-2.387415804e-02
3.729814453e+02,1.814657077e-02
3.731974182e+02,-9.624226950e-03
3.734134216e+02,3.418602794e-02
3.736294250e+02,4.327449948e-03
3.738454285e+02,4.621561989e-02
3.740614624e+02,-1.920150593e-02
3.742774963e+02,5.984419025e-03
3.744935608e+02,1.065707114e-02
3.747096252e+02,-1.363409124e-02
3.749256897e+02,-3.613572940e-02
3.751417847e+02,-2.665786631e-02
3.753578796e+02,7.873363793e-03
3.755739746e+02,2.957965434e-02
3.757901001e+02,-1.857185923e-02
3.760062256e+02,-1.433001831e-02
3.762223816e+02,1.059079263e-02
3.764385376e+02,5.254524201e-02
3.766546936e+02,-2.602821775e-02
3.768708801e+02,3.720171005e-02
3.770870667e+02,-2.082533576e-02
3.773032837e+02,-6.111453287e-03
3.775194702e+02,-5.879477598e-03
3.777357178e+02,-1.466141269e-02
3.779519348e+02,2.639827505e-02
3.781681824e+02,4.127785563e-02
3.783844604e+02,-1.920150593e-02
3.786007385e+02,-2.155440301e-02
3.788170166e+02,-1.674919203e-02
3.790332947e+02,7.557711005e-02
3.792496033e+02,-2.742007188e-02
3.794659424e+02,4.409470037e-02
3.796822510e+02,-1.114863809e-02
3.798986206e+02,8.900684305e-03
3.801149597e+02,-4.104035720e-02
3.803313293e+02,-3.066773154e-02
3.805476990e+02,3.598383861e-03
3.807640991e+02,-1.479396969e-02
3.809804993e+02,-6.078314036e-03
3.811968994e+02,-2.761890739e-02
3.814133301e+02,-8.232373744e-03
3.816297607e+02,5.827007117e-04
3.818462219e+02,-1.463655790e-04
3.820626831e+02,7.674527355e-03
3.822791443e+02,4.791401327e-03
3.824956360e+02,2.604202600e-03
3.827121277e+02,-2.311195247e-02
3.829286194e+02,-2.996351803e-03
3.831451416e+02,6.261961162e-02
3.833616638e+02,7.067248225e-02
3.835782166e+02,-2.042766288e-02
3.837947693e+02,-2.287997678e-02
3.840113220e+02,1.811343059e-02
3.842279053e+02,1.330822147e-02
3.844444885e+02,-1.035329327e-02
3.846610718e+02,-3.106540255e-02
3.848776855e+02,4.243773222e-02
3.850943298e+02,6.158400793e-04
3.853109436e+02,1.556169894e-02
3.855275879e+02,2.513897792e-02
3.857442627e+02,-1.041957177e-02
3.859609070e+02,4.213947803e-02
3.861776123e+02,-2.148812450e-02
3.863942871e+02,-9.524809197e-03
3.866109924e+02,2.189132012e-02
3.868276978e+02,-1.999685168e-02
3.870444336e+02,-7.105634548e-03
3.872611694e+02,-7.238192018e-03
3.874779358e+02,-5.813198630e-03
3.876947021e+02,2.010179311e-02
3.879114685e+02,-2.569682524e-02
3.881282349e+02,-1.343525574e-02
3.883450317e+02,-1.227537729e-02
3.885618591e+02,1.145241596e-02
3.887786560e+02,-4.329383373e-02
3.889955139e+02,-2.142184414e-02
3.892123413e+02,2.755815350e-02
3.894291992e+02,1.466693543e-02
3.896460571e+02,1.940586604e-02
3.898629456e+02,-2.101588761e-03
3.900798340e+02,-1.658349670e-02
3.902967224e+02,-9.491669945e-03
3.905136414e+02,1.609192789e-02
3.907305603e+02,-1.724628359e-02
3.909475098e+02,1.546228025e-02
3.911644592e+02,5.951279774e-03
3.913814087e+02,6.149287522e-02
3.915983887e+02,-2.778460458e-02
3.918153687e+02,1.281113084e-02
3.920323486e+02,-1.194398385e-02
3.922493591e+02,1.483263262e-02
3.924663696e+02,2.239669440e-03
3.926834106e+02,5.367198214e-02
3.929004517e+02,3.035014495e-03
3.931174927e+02,-3.192702681e-02
3.933345642e+02,5.947137251e-02
3.935516357e+02,7.952069491e-02
3.937687073e+02,-1.131433528e-02
3.939858093e+02,4.843595996e-02
3.942029114e+02,-3.729560599e-02
3.944200439e+02,1.085590757e-02
3.946371765e+02,3.256219998e-02
3.948543091e+02,1.788145490e-02
3.950714722e+02,1.460065693e-02
3.952886353e+02,3.300129436e-03
3.955058289e+02,-1.201026235e-02
3.957230225e+02,7.078018505e-03
3.959402161e+02,-3.030319698e-02
3.961574402e+02,6.238763779e-02
3.963746643e+02,-1.138061378e-02
3.965918884e+02,-1.688175090e-02
3.968091431e+02,-3.292120993e-02
3.970263977e+02,5.585917830e-02
3.972436829e+02,-1.777651347e-02
3.974609375e+02,-2.012940869e-02
3.976782532e+02,-2.997180447e-02
3.978955383e+02,8.146763430e-04
3.981128845e+02,4.018425569e-02
3.983302002e+02,-1.568873227e-02
3.985475464e+02,5.189073738e-03
3.987648926e+02,3.733426705e-02
3.989822693e+02,2.066516317e-02
3.991996155e+02,8.204757236e-03
3.994170227e+02,-2.718809620e-02
3.996343994e+02,1.115416177e-02
3.998518372e+02,-1.495966688e-02
4.000692444e+02,-3.868746012e-02
4.002866821e+02,-4.465254769e-02
4.005041199e+02,1.141927671e-02
4.007215881e+02,1.131985895e-02
4.009390564e+02,-2.168696001e-02
4.011565247e+02,3.759938478e-02
4.013740234e+02,-1.396548562e-02
4.015915222e+02,6.846042816e-03
4.018090210e+02,5.208129063e-02
4.020265503e+02,-2.679042332e-02
4.022440796e+02,4.465807229e-02
4.024616394e+02,-1.469455194e-02
4.026791992e+02,-2.167867497e-03
4.028967590e+02,-1.144689322e-02
4.031143494e+02,-1.996371150e-02
4.033319397e+02,-1.471940661e-03
4.035495605e+02,-6.111453287e-03
4.037671814e+02,-1.604498131e-03
4.039848022e+02,7.458292693e-02
4.042024231e+02,-2.238288708e-02
4.044200745e+02,-1.406490337e-02
4.046377563e+02,3.565244609e-03
4.048554382e+02,-1.088352315e-02
4.050731201e+02,1.518888021e-04
4.052908020e+02,-7.105634548e-03
4.055085144e+02,-1.558931451e-02
4.057262268e+02,2.626571618e-02
4.059439697e+02,-1.263990998e-02
4.061617126e+02,3.312556818e-02
4.063794556e+02,-2.135556564e-02
4.065972290e+02,1.632390358e-02
4.068150024e+02,-1.916836761e-02
4.070328064e+02,-2.453694679e-02
4.072506104e+02,3.836159036e-02
4.074684143e+02,7.392013818e-02
4.076862488e+02,-3.374969214e-02
4.079040833e+02,-1.469455194e-02
4.081219177e+02,-1.220909879e-02
4.083397827e+02,-5.746920127e-03
4.085576477e+02,-3.758557606e-03
4.087755432e+02,-6.509125698e-03
4.089934387e+02,7.401955873e-02
4.092113342e+02,5.255352706e-03
4.094292603e+02,8.569289930e-03
4.096471863e+02,-1.602012664e-02
4.098651123e+02,8.436732925e-03
4.100830688e+02,1.513088681e-02
4.103010254e+02,-5.481805187e-03
4.105189819e+02,-3.338516131e-02
4.107369690e+02,-1.598698646e-02
4.109549866e+02,3.846100718e-02
4.111729736e+02,3.134432714e-03
4.113909912e+02,-6.973077077e-03
4.116090393e+02,-6.906798109e-03
4.118270874e+02,1.612506807e-02
4.120451355e+02,-2.940843441e-02
4.122631836e+02,1.569425687e-02
4.124812622e+02,9.894865565e-03
4.126993713e+02,-6.575404666e-03
4.129174500e+02,2.736760071e-03
4.131355591e+02,-2.765204757e-02
4.133536987e+02,-3.725418122e-03
4.135718079e+02,2.944709733e-02
4.137899780e+02,-7.138773799e-03
4.140081177e+02,-1.771023497e-02
4.142262878e+02,1.287740935e-02
4.144444580e+02,-2.705553919e-02
4.146626587e+02,1.576881972e-03
4.148808594e+02,-2.012940869e-02
4.150990906e+02,1.847796328e-02
4.153172913e+02,1.877621748e-02
4.155355225e+02,7.508830167e-03
4.157537842e+02,1.244659722e-02
4.159720459e+02,1.095532533e-02
4.161903076e+02,-1.247421373e-02
4.164085999e+02,-8.431209251e-03
4.166268921e+02,-2.811599895e-02
4.168451843e+02,5.562720448e-02
4.170635071e+02,-1.608640514e-02
4.172818298e+02,-8.033537306e-03
4.175001831e+02,1.980353892e-02
4.177185364e+02,5.686164368e-03
4.179368896e+02,1.854424179e-02
4.181552734e+02,-3.600316867e-02
4.183736572e+02,1.941415132e-03
4.185920410e+02,1.413670555e-02
4.188104553e+02,1.771575771e-02
4.190288696e+02,3.176685423e-02
4.192473145e+02,-3.013750166e-02
4.194657288e+02,2.537923865e-03
4.196842041e+02,-2.158754133e-02
4.199026489e+02,4.157610983e-02
4.201211243e+02,-2.798344195e-02
4.203396301e+02,1.552855968e-02
4.205581360e+02,1.254601497e-02
4.207766418e+02,-3.835606575e-02
4.209951477e+02,-2.211777121e-02
4.212136841e+02,-2.125614882e-02
4.214322205e+02,9.140944458e-04
4.216507874e+02,2.394596115e-02
4.218693542e+02,-1.505908463e-02
4.220879211e+02,9.804560244e-02
4.223065186e+02,-1.869613072e-03
4.225251160e+02,1.920703053e-02
4.227437439e+02,-7.370749488e-03
4.229623718e+02,3.010988422e-02
4.231809998e+02,1.411185134e-03
4.233996277e+02,3.060697578e-02
4.236182861e+02,-1.777651347e-02
4.238369751e+02,5.360570177e-02
4.240556641e+02,2.669652924e-02
4.242743530e+02,2.454246953e-02
4.244930420e+02,-2.109045163e-02
4.247117615e+02,7.733349502e-02
4.249304810e+02,6.382091437e-03
4.251492310e+02,-7.635864429e-03
4.253679810e+02,-1.777651347e-02
4.255867310e+02,1.284427010e-02
4.258055115e+02,2.175876126e-02
4.260242920e+02,6.702715158e-02
4.262430725e+02,-1.283874642e-02
4.264618835e+02,-2.337706834e-02
4.266806946e+02,-3.095770022e-03
4.268995361e+02,-3.202644363e-02
4.271183777e+02,-2.354276553e-02
4.273372192e+02,3.167571966e-03
4.275560913e+02,4.170038155e-04
4.277749634e+02,3.945519030e-02
4.279938354e+02,-2.848053165e-02
4.282127380e+02,3.919007257e-02
4.284316406e+02,4.800514877e-02
4.286505737e+02,2.132795006e-02
4.288695068e+02,-3.858804330e-02
4.290884399e+02,1.287740935e-02
4.293074036e+02,3.156801686e-02
4.295263672e+02,8.853460103e-02
4.297453308e+02,3.206510842e-02
4.299643250e+02,-7.039355580e-03
4.301833191e+02,9.787990898e-02
4.304023438e+02,-2.062650025e-02
4.306213379e+02,-3.726246580e-02
4.308403931e+02,1.413670555e-02
4.310594177e+02,-1.824046485e-02
4.312784729e+02,2.994418703e-02
4.314975586e+02,-2.838111296e-02
4.317166138e+02,1.264543366e-02
4.319357300e+02,-1.320328005e-02
4.321548157e+02,-2.374160103e-02
4.323739319e+02,-2.771832608e-02
4.325930481e+02,-1.469455194e-02
4.328121948e+02,6.448370405e-03
4.330313416e+02,-1.810790785e-02
4.332504883e+02,2.372226911e-03
4.334696655e+02,-4.694745076e-05
4.336888428e+02,-1.164572872e-02
4.339080200e+02,-2.264800109e-02
4.341272278e+02,-2.980610728e-02
4.343464355e+02,1.281113084e-02
4.345656738e+02,7.289282233e-02
4.347849121e+02,-2.831483446e-02
4.350041504e+02,-3.510840610e-02
4.352234192e+02,9.298356250e-03
4.354426880e+02,1.133228540e-01
4.356619568e+02,-2.947471291e-02
4.358812561e+02,-2.708867751e-02
4.361005554e+02,-2.267285716e-03
4.363198853e+02,-4.321926739e-03
4.365392151e+02,-1.671605371e-02
4.367585449e+02,-2.911018021e-02
4.369778748e+02,-9.723645635e-03
4.371972351e+02,2.586804517e-02
4.374166260e+02,5.851032957e-02
4.376360168e+02,-1.860499755e-02
4.378554077e+02,1.252861768e-01
4.380747986e+02,1.748378202e-02
4.382942200e+02,-1.227537729e-02
4.385136414e+02,-2.188579552e-02
4.387330933e+02,6.126089767e-02
4.389525452e+02,3.087208979e-02
4.391719971e+02,-3.095770022e-03
4.393914795e+02,-8.630045690e-03
4.396109619e+02,3.402033076e-02
4.398304443e+02,6.249533966e-03
4.400499573e+02,-3.832292557e-02
4.402694702e+02,-4.027815163e-02
4.404890137e+02,1.046651974e-03
4.407085571e+02,-2.162068151e-02
4.409281006e+02,2.003551461e-02
4.411476746e+02,-1.449571550e-02
4.413672485e+02,2.175876126e-02
4.415868225e+02,3.173371404e-02
4.418064270e+02,-2.162068151e-02
4.420260315e+02,1.741750352e-02
4.422456360e+02,-5.680641159e-03
4.424652710e+02,6.576785445e-02
4.426849060e+02,-4.090779647e-02
4.429045715e+02,-2.297939546e-02
4.431242371e+02,-2.500089817e-02
4.433439026e+02,-5.415526219e-03
4.435635986e+02,-2.500089817e-02
4.437832947e+02,-1.171200816e-02
4.440029907e+02,-1.505080028e-03
4.442227173e+02,-1.340211555e-02
4.444424438e+02,-1.505080028e-03
4.446622009e+02,-1.983115450e-02
4.448819580e+02,1.168439165e-02
4.451017151e+02,-1.114863809e-02
4.453215027e+02,-8.961439133e-03
4.455412903e+02,-7.470167708e-03
4.457610779e+02,-1.956604049e-02
4.459808960e+02,-7.039355580e-03
4.462007141e+02,-4.620181397e-03
4.464205322e+02,1.327508129e-02
4.466403809e+02,1.261229441e-02
4.468602600e+02,1.788145490e-02
4.470801086e+02,-1.966545731e-02
4.472999878e+02,-2.957413159e-02
4.475198669e+02,9.803732391e-04
4.477397766e+02,-1.827360503e-02
4.479596863e+02,-2.032824606e-02
4.481796265e+02,3.468311951e-02
4.483995361e+02,8.304174989e-03
4.486194763e+02,3.779821843e-02
4.488394470e+02,-3.136365861e-02
4.490594177e+02,-3.096598573e-02
4.492793884e+02,2.841977589e-02
4.494993896e+02,-1.028701477e-02
4.497193909e+02,-2.168696001e-02
4.499393921e+02,-6.707962137e-03
4.501594238e+02,2.968735760e-03
4.503794556e+02,2.053260431e-02
4.505994873e+02,3.981972113e-02
4.508195496e+02,6.659633666e-02
4.510396118e+02,-9.127136320e-03
4.512597046e+02,-8.398070000e-03
4.514797974e+02,2.405366395e-03
4.516998901e+02,1.006056182e-02
4.519200134e+02,-7.801561616e-03
4.521401367e+02,4.131099209e-02
4.523602600e+02,-2.430497110e-02
4.525804138e+02,-7.801561616e-03
4.528005676e+02,1.141927671e-02
4.530207520e+02,-1.433001831e-02
4.532409058e+02,-3.858804330e-02
4.534611206e+02,4.360589664e-03
4.536813049e+02,3.418602794e-02
4.539015198e+02,2.181675518e-04
4.541217346e+02,-8.265512995e-03
4.543419800e+02,-7.271331269e-03
4.545622253e+02,-1.615268365e-02
4.547825012e+02,-5.581223406e-03
4.550027466e+02,-2.148812450e-02
4.552230225e+02,2.576862648e-02
4.554433289e+02,-1.602012664e-02
4.556636353e+02,-7.304470986e-03
4.558839417e+02,-1.032015402e-02
4.561042786e+02,-2.930901572e-02
4.563246155e+02,4.286854342e-02
4.565449524e+02,-1.173686236e-03
4.567653198e+02,-8.199233562e-03
4.569856873e+02,-2.264800109e-02
4.572060547e+02,1.612506807e-02
4.574264526e+02,-2.112358995e-02
4.576468506e+02,-1.177828666e-02
4.578672791e+02,3.816275299e-02
4.580877075e+02,-2.032824606e-02
4.583081360e+02,1.518888021e-04
4.585285645e+02,-5.017853808e-03
4.587490234e+02,-1.784279197e-02
4.589695129e+02,1.122044027e-02
4.591900024e+02,-3.990533296e-03
4.594104919e+02,5.023377016e-03
4.596309814e+02,-2.493461967e-02
4.598515015e+02,4.866793379e-02
4.600720215e+02,-1.161258947e-02
4.602925720e+02,1.764947921e-02
4.605130920e+02,-7.768421900e-03
4.607336731e+02,5.668766424e-02
4.609542236e+02,-1.900267042e-02
4.611748047e+02,-3.325260058e-02
4.613954163e+02,2.272808924e-03
4.616159973e+02,1.791459508e-02
4.618366394e+02,-2.241602540e-02
4.620572510e+02,1.652274095e-02
4.622778931e+02,2.470816672e-02
4.624985352e+02,3.295987099e-02
4.627192078e+02,1.543742605e-03
4.629398499e+02,1.996923611e-02
4.631605530e+02,5.827007117e-04
4.633812256e+02,1.827912778e-02
4.636019287e+02,-3.427992389e-02
4.638226624e+02,-1.217595860e-02
4.640433655e+02,-1.317013986e-02
4.642641296e+02,4.820398241e-02
4.644848633e+02,-1.837302186e-02
4.647056274e+02,-4.027815163e-02
4.649263916e+02,-6.542264950e-03
4.651471863e+02,-6.939937826e-03
4.653679504e+02,-2.629333362e-02
4.655887756e+02,-2.513345517e-02
4.658095703e+02,3.962917253e-03
4.660303955e+02,7.044878788e-03
4.662512512e+02,-4.785878118e-03
4.664720764e+02,1.907447167e-02
4.666929626e+02,-1.297130436e-02
4.669138184e+02,4.310052097e-02
4.671347046e+02,-1.731256209e-02
4.673555908e+02,-2.539856918e-02
4.675765076e+02,5.781440437e-02
4.677973938e+02,3.200711450e-03
4.680183411e+02,1.643160707e-03
4.682392578e+02,-1.953290030e-02
4.684602051e+02,-9.657366201e-03
4.686811829e+02,8.039060049e-03
4.689021301e+02,-3.179446980e-02
4.691231384e+02,1.811343059e-02
4.693441162e+02,-2.317823097e-02
4.695651245e+02,6.315812934e-03
4.697861328e+02,1.198264584e-02
4.700071411e+02,-3.258981556e-02
4.702281799e+02,2.361456677e-02
4.704492493e+02,5.918140057e-03
4.706702881e+02,-3.493442433e-03
4.708913574e+02,-1.350153424e-02
4.711124573e+02,-9.127136320e-03
4.713335266e+02,2.411165833e-02
4.715546265e+02,-3.592860652e-03
4.717757568e+02,4.144355282e-02
4.719968872e+02,7.939642295e-03
4.722180176e+02,3.660520166e-02
4.724391479e+02,3.007674590e-02
4.726603088e+02,-8.265512995e-03
4.728814697e+02,2.007693751e-03
4.731026611e+02,-1.346839499e-02
4.733238525e+02,-3.766014054e-02
4.735450439e+02,-1.522478182e-02
4.737662659e+02,-9.624226950e-03
4.739874878e+02,-1.701430790e-02
4.742087097e+02,-1.873755455e-02
4.744299622e+02,-4.319441319e-02
4.746512146e+02,-1.479396969e-02
4.748724976e+02,1.639018394e-02
4.750937805e+02,-3.474387527e-02
4.753150635e+02,-1.568873227e-02
4.755363464e+02,-7.428743411e-04
4.757576599e+02,9.696029127e-03
4.759790039e+02,-4.089951515e-03
4.762003174e+02,-1.993057318e-02
4.764216614e+02,-1.028701477e-02
4.766430359e+02,-1.499280613e-02
4.768643799e+02,4.062335007e-03
4.770857544e+02,-3.824836342e-03
4.773071594e+02,3.352323920e-02
4.775285645e+02,4.832825798e-04
4.777499695e+02,-5.382386968e-03
4.779714050e+02,1.652274095e-02
4.781928101e+02,-1.204340160e-02
4.784142761e+02,-8.033537306e-03
4.786357117e+02,-2.068449277e-03
4.788571777e+02,-1.356781274e-02
4.790786743e+02,1.623691320e-01
4.793001404e+02,1.940586604e-02
4.795216370e+02,-2.138870582e-02
4.797431641e+02,4.625704605e-03
4.799646912e+02,-7.105634548e-03
4.801862183e+02,-2.168696001e-02
4.804077454e+02,-1.963231899e-02
4.806293030e+02,-2.311195247e-02
4.808508606e+02,-1.409804262e-02
4.810724487e+02,-7.370749488e-03
4.812940369e+02,-2.427183092e-02
4.815156250e+02,4.691983107e-03
4.817372437e+02,-2.366703702e-03
4.819588623e+02,-2.019568719e-02
4.821804810e+02,-2.963212552e-03
4.824021301e+02,-3.239097819e-02
4.826237793e+02,1.363961492e-02
4.828454590e+02,1.861052029e-02
4.830671082e+02,4.990237765e-03
4.832888184e+02,-2.304567397e-02
4.835104980e+02,-1.935891923e-03
4.837322083e+02,5.549464747e-02
4.839539185e+02,-2.128928714e-02
4.841756592e+02,3.358951956e-02
4.843973999e+02,7.111157756e-03
4.846191406e+02,2.991104871e-02
4.848409119e+02,-1.273932867e-02
4.850626831e+02,-1.698116772e-02
4.852844543e+02,-5.813198630e-03
4.855062561e+02,3.355637938e-02
4.857280579e+02,-2.662472613e-02
4.859498901e+02,1.082276739e-02
4.861717224e+02,6.017558277e-03
4.863935547e+02,-1.257363148e-02
4.866154175e+02,-1.187770441e-02
4.868372498e+02,-2.616077475e-02
4.870591431e+02,-4.222508986e-03
4.872810059e+02,-8.630045690e-03
4.875028992e+02,2.325003408e-02
4.877248230e+02,-2.231660858e-02
4.879467163e+02,4.591736570e-02
4.881686707e+02,3.740054742e-02
4.883905945e+02,-3.772641718e-02
4.886125488e+02,-3.441248089e-02
4.888345032e+02,1.559483819e-02
4.890564575e+02,5.363884196e-02
4.892784424e+02,4.426868167e-03
4.895004578e+02,-1.005503908e-02
4.897224426e+02,-2.099103294e-02
4.899444580e+02,-8.596906438e-03
4.901664734e+02,3.286045417e-02
4.903885193e+02,-1.433001831e-02
4.906105652e+02,-1.177828666e-02
4.908326111e+02,3.441800177e-02
4.910546875e+02,3.643950447e-02
4.912767639e+02,-2.258172259e-02
4.914988708e+02,2.238840982e-02
4.917209778e+02,4.903246835e-02
4.919430847e+02,-1.804162934e-02
4.921651917e+02,-2.331078984e-02
4.923873291e+02,-6.475986447e-03
4.926094666e+02,1.337449998e-02
4.928316345e+02,-1.363409124e-02
4.930538025e+02,-2.513345517e-02
4.932759705e+02,-1.539047807e-02
4.934981689e+02,-5.017853808e-03
4.937203674e+02,-3.000494279e-02
4.939425659e+02,1.284427010e-02
4.941647949e+02,-2.089161426e-02
4.943870239e+02,-5.978895817e-03
4.946092834e+02,-2.510031499e-02
4.948315125e+02,-1.207654085e-02
4.950538025e+02,1.245488180e-03
4.952760620e+02,-5.282968748e-03
4.954983521e+02,-3.530724347e-02
4.957206421e+02,5.454189144e-03
4.959429626e+02,-1.310386136e-02
4.961652832e+02,4.860165715e-02
4.963876038e+02,-1.134747453e-02
4.966099548e+02,5.851861555e-03
4.968323059e+02,-1.761081629e-02
4.970546570e+02,4.832825798e-04
4.972770386e+02,-9.425390512e-03
4.974994202e+02,5.023377016e-03
4.977218018e+02,1.453437842e-02
4.979442139e+02,-6.343428977e-03
4.981666260e+02,-1.943348162e-02
4.983890686e+02,-1.018759608e-02
4.986115112e+02,2.212329581e-02
4.988339539e+02,-1.628524251e-02
4.990564270e+02,-4.446199746e-04
4.992788696e+02,-9.085712372e-04
4.995013733e+02,2.696164325e-02
4.997238464e+02,-5.349247716e-03
4.999463501e+02,-2.944157459e-02
5.001688843e+02,-1.230851654e-02
5.003914185e+02,5.102083087e-02
5.006139526e+02,-1.326955855e-02
5.008364868e+02,3.892495856e-02
5.010590515e+02,-5.514944438e-03
5.012816162e+02,-1.114863809e-02
5.015041809e+02,-2.443752810e-02
5.017267761e+02,-1.833988354e-02
5.019493713e+02,1.523030456e-02
5.021719971e+02,2.341573127e-02
5.023946228e+02,-7.602725178e-03
5.026172485e+02,-2.291311696e-02
5.028399048e+02,-2.337706834e-02
5.030625610e+02,1.841997029e-03
5.032852173e+02,1.622448675e-02
5.035079041e+02,2.107111970e-03
5.037305908e+02,-2.198521420e-02
5.039532776e+02,4.121157527e-02
5.041759949e+02,3.985286132e-02
5.043987122e+02,2.547037229e-02
5.046214600e+02,-1.790907048e-02
5.048441772e+02,2.069830149e-02
5.050669556e+02,-4.454484675e-03
5.052897034e+02,-4.222508986e-03
5.055124817e+02,3.024244122e-02
5.057352600e+02,4.393728916e-03
5.059580688e+02,-1.210968010e-02
5.061808777e+02,-2.082533576e-02
5.064036865e+02,-1.565559395e-02
5.066265259e+02,4.459179193e-02
5.068493652e+02,-4.446199746e-04
5.070722046e+02,-3.325260058e-02
5.072950745e+02,-3.179446980e-02
5.075179443e+02,4.250401258e-02
5.077408142e+02,4.329935461e-02
5.079637146e+02,1.774889790e-02
5.081866150e+02,-8.828882128e-03
5.084095459e+02,-7.138773799e-03
5.086324768e+02,-8.994579315e-03
5.088554077e+02,-3.327745711e-03
5.090783386e+02,-9.060857818e-03
5.093013000e+02,-4.587042145e-03
5.095242920e+02,-1.525792107e-02
5.097472534e+02,-1.608640514e-02
5.099702454e+02,-1.869613072e-03
5.101932373e+02,1.320880279e-02
5.104162598e+02,-1.767709479e-02
5.106392822e+02,-3.414736688e-02
5.108623352e+02,1.035881694e-02
5.110853577e+02,-6.475986447e-03
5.113084106e+02,-2.089161426e-02
5.115314941e+02,4.031681269e-02
5.117545776e+02,-3.411422670e-02
5.119776611e+02,-1.317013986e-02
5.122007446e+02,-9.856202640e-03
5.124238892e+02,-3.918455169e-02
5.126469727e+02,-9.093997069e-03
5.128701172e+02,8.146763430e-04
5.130932617e+02,-1.108235959e-02
5.133164062e+02,-1.681547239e-02
5.135395508e+02,-1.595384814e-02
5.137627563e+02,-7.569585927e-03
5.139859619e+02,2.258724719e-02
5.142091064e+02,-1.664977521e-02
5.144323120e+02,4.758262075e-03
5.146555786e+02,-1.883697324e-02
5.148787842e+02,6.702715158e-02
5.151019897e+02,1.914075203e-02
5.153252563e+02,-1.413118187e-02
5.155485229e+02,1.228090003e-02
5.157717896e+02,1.841168478e-02
5.159950562e+02,-8.895160630e-03
5.162183838e+02,-1.022073627e-02
5.164416504e+02,8.561005234e-05
5.166649780e+02,-2.460322529e-02
5.168883057e+02,-3.166191280e-02
5.171116333e+02,2.069830149e-02
5.173350220e+02,-4.255648237e-03
5.175583496e+02,1.118730102e-02
5.177817383e+02,5.719304085e-03
5.180051270e+02,-1.704744808e-02
5.182285156e+02,1.619134657e-02
5.184519043e+02,-3.050203435e-02
5.186752930e+02,-5.945756566e-03
5.188987427e+02,-1.575501077e-02
5.191221313e+02,5.255352706e-03
5.193455811e+02,-2.569682524e-02
5.195690308e+02,-3.636770323e-02
5.197925415e+02,1.937272772e-02
5.200159912e+02,-1.542361826e-02
5.202395020e+02,-4.034442827e-02
5.204629517e+02,-2.977296710e-02
5.206864624e+02,2.093027718e-02
5.209099731e+02,-1.239964971e-03
5.211335449e+02,-2.225033008e-02
5.213570557e+02,9.298356250e-03
5.215806274e+02,-1.436315756e-02
5.218041992e+02,-8.422924438e-04
5.220277710e+02,-2.423869260e-02
5.222513428e+02,-9.392251261e-03
5.224749146e+02,-1.270618942e-02
5.226985474e+02,-8.729464374e-03
5.229221191e+02,-2.765204757e-02
5.231457520e+02,-2.046080306e-02
5.233693848e+02,9.563471191e-03
5.235930176e+02,-2.304567397e-02
5.238167114e+02,-1.522478182e-02
5.240403442e+02,4.228032194e-03
5.242640381e+02,6.489794469e-04
5.244877319e+02,3.677089885e-02
5.247114258e+02,-1.495966688e-02
5.249351196e+02,3.385463357e-02
5.251588745e+02,-2.046080306e-02
5.253826294e+02,4.128613975e-03
5.256063232e+02,3.068153979e-03
5.258300781e+02,-9.027718566e-03
5.260538330e+02,2.981163003e-02
5.262776489e+02,2.503955923e-02
5.265014038e+02,-6.475986447e-03
5.267252197e+02,-3.592860652e-03
5.269490356e+02,2.895000577e-02
5.271728516e+02,-2.374160103e-02
5.273966675e+02,-3.186075017e-02
5.276204834e+02,7.995150238e-02
5.278443604e+02,-7.138773799e-03
5.280682373e+02,4.691983107e-03
5.282921143e+02,5.194873363e-02
5.285159912e+02,-2.307881415e-02
5.287398682e+02,2.891686745e-02
5.289637451e+02,-1.051899046e-02
5.291876831e+02,-3.799153119e-02
5.294116211e+02,-6.765956059e-04
5.296355591e+02,6.846042816e-03
5.298594971e+02,-2.075905725e-02
5.300834351e+02,-9.491669945e-03
5.303074341e+02,-4.087466002e-02
5.305313721e+02,-1.333583705e-02
5.307553711e+02,-6.509125698e-03
5.309793701e+02,7.078018505e-03
5.312033691e+02,-3.623514622e-02
5.314274292e+02,8.654624224e-02
5.316514282e+02,-1.989743300e-02
5.318754883e+02,7.939642295e-03
5.320995483e+02,1.784831472e-02
5.323236084e+02,7.836081833e-02
5.325476685e+02,9.254446626e-02
5.327717285e+02,5.294291303e-02
5.329958496e+02,5.520467646e-03
5.332199707e+02,1.877621748e-02
5.334440308e+02,4.797200859e-02
5.336682129e+02,-1.714686491e-02
5.338923340e+02,-1.787593216e-02
5.341164551e+02,5.125280470e-02
5.343406372e+02,1.088904683e-02
5.345648193e+02,-1.101608109e-02
5.347890015e+02,1.463379618e-02
5.350131836e+02,1.108788326e-02
5.352373657e+02,-7.735282648e-03
5.354616089e+02,-1.307072211e-02
5.356857910e+02,3.064011410e-02
5.359100342e+02,-1.224223804e-02
5.361342773e+02,-2.698097611e-03
5.363585205e+02,4.412784055e-02
5.365828247e+02,3.797220066e-03
5.368070679e+02,-1.051899046e-02
5.370313721e+02,-1.244107448e-02
5.372556763e+02,-2.688984200e-02
5.374799805e+02,-3.941652551e-02
5.377042847e+02,-8.091530763e-04
5.379285889e+02,1.817970909e-02
5.381529541e+02,-8.099815808e-03
5.383773193e+02,-3.431306034e-02
5.386016846e+02,1.851110347e-02
5.388260498e+02,-1.571358764e-03
5.390504150e+02,5.189073738e-03
5.392747803e+02,1.817970909e-02
5.394992065e+02,-3.990533296e-03
5.397236328e+02,-1.128119603e-02
5.399480591e+02,6.448370405e-03
5.401724854e+02,-2.546484955e-02
5.403969116e+02,-9.889341891e-03
5.406213989e+02,3.077267297e-02
5.408458252e+02,-2.632647194e-02
5.410703125e+02,-2.480206080e-02
5.412947998e+02,2.490700223e-02
5.415192871e+02,-8.008682198e-05
5.417438354e+02,-1.645093784e-02
5.419683228e+02,-1.963231899e-02
5.421928711e+02,8.271035738e-03
5.424174194e+02,-7.602725178e-03
5.426419678e+02,-6.840519607e-03
5.428665161e+02,-3.824836342e-03
5.430910645e+02,4.957098514e-03
5.433156738e+02,1.532972325e-02
5.435402832e+02,-2.665786631e-02
5.437648315e+02,-2.764376346e-03
5.439895020e+02,-3.758557606e-03
5.442141113e+02,2.935596276e-03
5.444387207e+02,-2.075905725e-02
5.446633911e+02,1.310938504e-02
5.448880615e+02,9.596611373e-03
5.451127319e+02,-1.210968010e-02
5.453374023e+02,-2.473578230e-02
5.455620728e+02,-8.762603626e-03
5.457867432e+02,5.373825878e-02
5.460114746e+02,-9.127136320e-03
5.462362061e+02,-2.215091139e-02
5.464609375e+02,-6.542264950e-03
5.466856689e+02,-1.181142591e-02
5.469104004e+02,-2.887820452e-02
5.471351929e+02,-1.605326682e-02
5.473599243e+02,-1.946662180e-02
5.475847168e+02,5.686164368e-03
5.478095093e+02,-3.033633716e-02
5.480343018e+02,-3.388224915e-02
5.482591553e+02,3.223080561e-02
5.484839478e+02,-1.449571550e-02
5.487088013e+02,-1.512536313e-02
5.489336548e+02,-1.641779952e-02
5.491585083e+02,-3.626828641e-02
5.493833618e+02,-8.754318696e-04
5.496082764e+02,6.603296846e-02
5.498331299e+02,2.291863970e-02
5.500580444e+02,-3.268923238e-02
5.502829590e+02,1.824598759e-02
5.505078735e+02,1.678785495e-02
5.507327881e+02,4.426868167e-03
5.509577637e+02,-1.542361826e-02
5.511826782e+02,-1.035329327e-02
5.514076538e+02,3.507250512e-04
5.516326294e+02,-9.392251261e-03
5.518576050e+02,-3.394852951e-02
5.520825806e+02,-1.403176412e-02
5.523076172e+02,-1.300444361e-02
5.525325928e+02,-2.811599895e-02
5.527576294e+02,1.543742605e-03
5.529826660e+02,-2.830655081e-03
5.532077026e+02,-1.568873227e-02
5.534328003e+02,3.175856837e-04
5.536578369e+02,7.807084825e-03
5.538829346e+02,1.175067015e-02
5.541080322e+02,7.011739537e-03
5.543331299e+02,-2.950785309e-02
5.545582275e+02,-1.184456516e-02
5.547833252e+02,1.310938504e-02
5.550084839e+02,2.686222643e-02
5.552335815e+02,-2.897762321e-02
5.554587402e+02,-3.282178938e-02
5.556838989e+02,4.217261821e-02
5.559091187e+02,1.576881972e-03
5.561342773e+02,4.240459204e-02
5.563594971e+02,-3.361713514e-02
5.565846558e+02,-7.760137087e-04
5.568098755e+02,2.623257786e-02
5.570350952e+02,1.585995220e-02
5.572603760e+02,-2.311195247e-02
5.574855957e+02,1.493205037e-02
5.577108765e+02,-1.459513325e-02
5.579360962e+02,-2.937529422e-02
5.581613770e+02,-4.359208792e-02
5.583866577e+02,-5.879477598e-03
5.586119995e+02,-7.503306959e-03
5.588372803e+02,-1.611954533e-02
5.590626221e+02,-4.389034212e-02
5.592879028e+02,-2.830655081e-03
5.595132446e+02,-3.000494279e-02
5.597386475e+02,-1.273932867e-02
5.599639893e+02,-7.138773799e-03
5.601893311e+02,7.152581820e-04
5.604147339e+02,5.976962671e-02
5.606401367e+02,5.983590335e-02
5.608655396e+02,3.156801686e-02
5.610909424e+02,-3.692278871e-03
5.613163452e+02,1.808857545e-03
5.615418091e+02,-2.664958127e-03
5.617672119e+02,3.130290285e-02
5.619926758e+02,1.917389035e-02
5.622181396e+02,-2.225033008e-02
5.624436646e+02,-2.132242732e-02
5.626691284e+02,-3.327745711e-03
5.628945923e+02,3.631523345e-03
5.631201172e+02,1.297682710e-02
5.633456421e+02,-4.487623926e-03
5.635711670e+02,1.708610915e-02
5.637966919e+02,3.024244122e-02
5.640222778e+02,5.818722304e-03
5.642478027e+02,-7.635864429e-03
5.644733887e+02,1.977039874e-02
5.646989746e+02,-3.460303182e-03
5.649245605e+02,4.393728916e-03
5.651501465e+02,-2.543170936e-02
5.653757935e+02,8.237896487e-03
5.656013794e+02,-5.481805187e-03
5.658270264e+02,4.919816554e-02
5.660526733e+02,-3.169505298e-02
5.662783203e+02,-5.846338347e-03
5.665039673e+02,-4.487623926e-03
5.667296753e+02,2.596746199e-02
5.669553223e+02,1.294368785e-02
5.671810303e+02,-1.181142591e-02
5.674067383e+02,2.212329581e-02
5.676324463e+02,-1.051899046e-02
5.678581543e+02,-2.304567397e-02
5.680839233e+02,5.423535034e-02
5.683096313e+02,-1.429687906e-02
5.685354004e+02,-1.800848916e-02
5.687611694e+02,-2.407299541e-02
5.689869385e+02,2.672966756e-02
5.692127686e+02,2.944709733e-02
5.694385376e+02,1.566111669e-02
5.696643677e+02,3.001875244e-03
5.698901978e+02,-1.356781274e-02
5.701160278e+02,-9.889341891e-03
5.703418579e+02,8.575090021e-02
5.705676880e+02,-2.609449625e-02
5.707935791e+02,7.345619053e-02
5.710194092e+02,-7.205052767e-03
5.712453003e+02,1.676300075e-03
5.714711914e+02,-1.489338744e-02
5.716970825e+02,9.000102058e-03
5.719230347e+02,2.480758540e-02
5.721489258e+02,5.387081578e-02
5.723748779e+02,-2.894448303e-02
5.726008301e+02,-1.416432206e-02
5.728267822e+02,-5.382386968e-03
5.730527344e+02,4.691154882e-02
5.732786865e+02,1.185008883e-02
5.735046997e+02,-2.499261172e-03
5.737307129e+02,7.483975496e-04
5.739566650e+02,-4.785878118e-03
5.741826782e+02,2.146050707e-02
5.744087524e+02,-2.996351803e-03
5.746347656e+02,1.542914100e-02
5.748608398e+02,-3.361713514e-02
5.750868530e+02,-8.464348502e-03
5.753129272e+02,-1.224223804e-02
5.755390015e+02,-4.520763177e-03
5.757651367e+02,-7.536446210e-03
5.759912109e+02,-2.877878584e-02
5.762173462e+02,-1.173686236e-03
5.764434204e+02,2.513069485e-04
5.766695557e+02,-1.721314341e-02
5.768956909e+02,-2.155440301e-02
5.771218872e+02,3.507250512e-04
5.773480225e+02,-7.735282648e-03
5.775742188e+02,-9.027718566e-03
5.778003540e+02,-1.946662180e-02
5.780265503e+02,-1.151317172e-02
5.782527466e+02,3.325812519e-02
5.784790039e+02,1.314252429e-02
5.787052002e+02,-1.953290030e-02
5.789314575e+02,-1.509222388e-02
5.791577148e+02,-1.078410540e-02
5.793839111e+02,-1.463655790e-04
5.796102295e+02,-1.923464611e-02
5.798364868e+02,1.075897440e-01
5.800627441e+02,-7.138773799e-03
5.802890625e+02,-2.162068151e-02
5.805153809e+02,-1.737055602e-03
5.807416992e+02,2.513069485e-04
5.809680176e+02,-1.870441623e-02
5.811943359e+02,-1.383292768e-02
5.814207153e+02,7.707666606e-03
5.816470337e+02,6.440913677e-02
5.818734131e+02,2.454246953e-02
5.820997925e+02,-4.189369269e-03
5.823261719e+02,-1.857185923e-02
5.825526123e+02,3.962917253e-03
5.827789917e+02,-2.433810942e-02
5.830054321e+02,1.556169894e-02
5.832318726e+02,1.344906283e-03
5.834583130e+02,-1.469455194e-02
5.836847534e+02,-1.651721820e-02
5.839111938e+02,2.043318748e-02
5.841376953e+02,-1.953290030e-02
5.843641357e+02,-5.108987098e-04
5.845906372e+02,1.542914100e-02
5.848171387e+02,-2.629333362e-02
5.850436401e+02,-3.431306034e-02
5.852702026e+02,1.046651974e-03
5.854967041e+02,2.895000577e-02
5.857232666e+02,-2.549798787e-02
5.859498291e+02,-9.160275571e-03
5.861763916e+02,-9.723645635e-03
5.864029541e+02,8.146763430e-04
5.866295166e+02,-6.765956059e-04
5.868561401e+02,-3.527410328e-02
5.870827026e+02,1.742578810e-03
5.873093262e+02,-2.234146232e-03
5.875359497e+02,-3.209272400e-02
5.877625732e+02,-3.908513114e-02
5.879892578e+02,-2.532400656e-03
5.882158813e+02,-1.664977521e-02
5.884425659e+02,-3.626000136e-03
5.886692505e+02,1.052451320e-02
5.888959351e+02,2.503955923e-02
5.891226196e+02,-9.292833507e-03
5.893493652e+02,6.318297982e-02
5.895760498e+02,-1.194398385e-02
5.898027954e+02,4.671271145e-02
5.900295410e+02,-2.722123638e-02
5.902562866e+02,4.909874871e-02
5.904830322e+02,-1.260677073e-02
5.907097778e+02,-2.101588761e-03
5.909365845e+02,-7.702143397e-03
5.911633911e+02,-2.751949057e-02
5.913901978e+02,-1.442943700e-02
5.916170044e+02,-2.466121921e-03
5.918438110e+02,-1.794221066e-02
5.920706177e+02,-2.321137115e-02
5.922974854e+02,-3.414736688e-02
5.925242920e+02,5.440104753e-02
5.927511597e+02,-8.895160630e-03
5.929780273e+02,1.042509545e-02
5.932049561e+02,3.200711450e-03
5.934318237e+02,2.507269941e-02
5.936587524e+02,1.430240273e-02
5.938856201e+02,5.719304085e-03
5.941125488e+02,-6.078314036e-03
5.943394775e+02,6.448370405e-03
5.945664673e+02,3.167571966e-03
5.947933960e+02,-3.791696858e-03
5.950203857e+02,-3.427163698e-03
5.952473145e+02,2.885058895e-02
5.954743042e+02,4.913188517e-02
5.957012939e+02,-1.940034330e-02
5.959283447e+02,-1.230851654e-02
5.961553345e+02,9.662889875e-03
5.963823853e+02,-7.934118621e-03
5.966093750e+02,-2.321137115e-02
5.968364258e+02,2.205701545e-02
5.970634766e+02,-1.571358764e-03
5.972905884e+02,2.122853138e-02
5.975176392e+02,6.945461035e-03
5.977447510e+02,-3.696421161e-02
5.979718018e+02,2.716048062e-02
5.981989136e+02,-1.963231899e-02
5.984260254e+02,-2.042766288e-02
5.986531982e+02,-3.020378016e-02
5.988803101e+02,-2.056022175e-02
5.991074829e+02,-1.138061378e-02
5.993345947e+02,1.781517640e-02
5.995617676e+02,-3.543980047e-02
5.997889404e+02,5.155934487e-03
6.000161743e+02,4.230517522e-02
6.002433472e+02,-1.661663502e-02
6.004705811e+02,1.088904683e-02
6.006977539e+02,-2.016254887e-02
6.009249878e+02,1.479949336e-02
6.011522217e+02,-5.050993059e-03
6.013795166e+02,-2.019568719e-02
6.016067505e+02,2.023435012e-02
6.018340454e+02,-9.557948448e-03
6.020612793e+02,-6.144592538e-03
6.022885742e+02,-1.817418635e-02
6.025158691e+02,8.668708615e-03
6.027432251e+02,2.703620819e-03
6.029705200e+02,2.318375558e-02
6.031978760e+02,5.321631674e-03
6.034251709e+02,3.484881669e-02
6.036525269e+02,-8.828882128e-03
6.038798828e+02,-1.317013986e-02
6.041072998e+02,-2.185265720e-02
6.043346558e+02,9.132659994e-03
6.045620728e+02,-4.653320648e-03
6.047894287e+02,-2.483520098e-02
6.050168457e+02,-2.082533576e-02
6.052442627e+02,1.983667724e-02
6.054717407e+02,-1.472769119e-02
6.056991577e+02,1.755006053e-02
6.059266357e+02,-8.422924438e-04
6.061540527e+02,-3.592860652e-03
6.063815308e+02,-5.614362657e-03
6.066090698e+02,2.089713886e-02
6.068365479e+02,-2.824855596e-02
6.070640259e+02,2.858547308e-02
6.072915649e+02,-8.994579315e-03
6.075191040e+02,7.623989880e-02
6.077465820e+02,-1.767709479e-02
6.079741821e+02,9.380376339e-02
6.082017212e+02,-1.578815095e-02
6.084292603e+02,8.370454423e-03
6.086568604e+02,1.658901945e-02
6.088844604e+02,-1.621896215e-02
6.091119995e+02,-1.038643252e-02
6.093396606e+02,2.239669440e-03
6.095672607e+02,8.966962807e-03
6.097948608e+02,-1.840616204e-02
6.100225220e+02,6.547788158e-03
6.102501831e+02,7.262770087e-02
6.104777832e+02,4.548655450e-02
6.107055054e+02,-2.307881415e-02
6.109331665e+02,9.629750624e-03
6.111608276e+02,7.186549902e-02
6.113885498e+02,-7.602725178e-03
6.116162720e+02,5.885000806e-03
6.118439331e+02,-5.614362657e-03
6.120716553e+02,1.307624578e-02
6.122994385e+02,-1.737884060e-02
6.125271606e+02,-1.393234637e-02
6.127549438e+02,-1.399862487e-02
6.129826660e+02,2.407851815e-02
6.132104492e+02,4.237145558e-02
6.134382324e+02,3.819589317e-02
6.136660767e+02,2.007693751e-03
6.138938599e+02,5.201501399e-02
6.141217041e+02,-5.481805187e-03
6.143494873e+02,7.504688203e-02
6.145773315e+02,1.244659722e-02
6.148051758e+02,-1.469455194e-02
6.150330811e+02,5.549464747e-02
6.152609253e+02,4.359760880e-02
6.154887695e+02,2.570234798e-02
6.157166748e+02,2.604202600e-03
6.159445801e+02,6.596668810e-02
6.161724854e+02,6.527075917e-02
6.164003906e+02,3.167571966e-03
6.166283569e+02,1.974554500e-03
6.168562622e+02,2.405366395e-03
6.170842285e+02,2.596746199e-02
6.173121948e+02,1.300996635e-02
6.175401611e+02,4.184122384e-02
6.177681274e+02,2.116225287e-02
6.179961548e+02,8.396136761e-02
6.182241211e+02,2.971221134e-02
6.184521484e+02,5.148478225e-02
6.186801758e+02,3.266990185e-03
6.189082031e+02,7.975266874e-02
6.191362305e+02,2.755815350e-02
6.193642578e+02,2.888372727e-02
6.195923462e+02,5.986904353e-02
6.198203735e+02,3.093836829e-02
6.200484619e+02,4.664643481e-02
6.202765503e+02,6.358065456e-02
6.205046997e+02,6.242077798e-02
6.207327881e+02,1.036130190e-01
6.209608765e+02,5.963706970e-02
6.211890259e+02,6.268589199e-02
6.214171753e+02,3.179999441e-02
6.216453247e+02,8.366311342e-02
6.218734741e+02,7.269398123e-02
6.221016846e+02,5.648882687e-02
6.223298340e+02,6.964515895e-02
6.225580444e+02,5.831149220e-02
6.227862549e+02,6.490623206e-02
6.230144653e+02,7.355560362e-02
6.232426758e+02,6.503878534e-02
6.234708862e+02,5.281035602e-02
6.236991577e+02,9.416829795e-02
6.239273682e+02,5.519639328e-02
6.241556396e+02,8.565147966e-02
6.243839111e+02,1.650202870e-01
6.246121826e+02,1.053031310e-01
6.248404541e+02,7.852651179e-02
6.250687866e+02,1.466942132e-01
6.252971191e+02,7.693582028e-02
6.255253906e+02,1.365204155e-01
6.257537231e+02,1.127926260e-01
6.259821167e+02,1.180617884e-01
6.262104492e+02,1.352942586e-01
6.264387817e+02,1.042758077e-01
6.266671753e+02,2.350106388e-01
6.268955688e+02,1.678039879e-01
6.271239624e+02,1.304559112e-01
6.273523560e+02,1.137205288e-01
6.275807495e+02,1.353273988e-01
6.278092041e+02,1.489308029e-01
6.280375977e+02,1.092591211e-01
6.282660522e+02,1.309616566e-01
6.284945068e+02,1.580425054e-01
6.287229614e+02,1.463449895e-01
6.289514160e+02,1.842835397e-01
6.291799316e+02,1.587339044e-01
6.294083862e+02,1.700045764e-01
6.296369019e+02,1.989147365e-01
6.298654175e+02,1.533232033e-01
6.300939331e+02,1.652141362e-01
6.303224487e+02,1.596101969e-01
6.305510254e+02,2.322830409e-01
6.307795410e+02,1.573856324e-01
6.310081177e+02,2.049431503e-01
6.312366943e+02,2.511718869e-01
6.314652710e+02,2.188209891e-01
6.316938477e+02,1.964733899e-01
6.319224854e+02,1.638369113e-01
6.321510620e+02,1.958841234e-01
6.323796997e+02,2.160836160e-01
6.326083374e+02,2.098067999e-01
6.328369751e+02,2.495208830e-01
6.330656128e+02,1.779874563e-01
6.332943115e+02,2.689259350e-01
6.335229492e+02,2.593515515e-01
6.337516479e+02,2.225689739e-01
6.339803467e+02,2.520234287e-01
6.342090454e+02,2.059293091e-01
6.344377441e+02,2.208663672e-01
6.346664429e+02,2.115551978e-01
6.348952026e+02,2.791784108e-01
6.351239624e+02,2.846308351e-01
6.353526611e+02,2.121808976e-01
6.355814819e+02,2.587327957e-01
6.358102417e+02,2.628625035e-01
6.360390015e+02,2.477885187e-01
6.362678223e+02,2.685659230e-01
6.364965820e+02,2.593575120e-01
6.367254028e+02,2.776652277e-01
6.369542236e+02,2.734740674e-01
6.371830444e+02,2.507757545e-01
6.374119263e+02,3.027524650e-01
6.376407471e+02,2.651360631e-01
6.378696289e+02,2.676434219e-01
6.380984497e+02,2.847342789e-01
6.383273315e+02,2.584963441e-01
6.385562744e+02,2.753290236e-01
6.387851562e+02,3.223696947e-01
6.390140381e+02,3.302330673e-01
6.392429810e+02,2.956939936e-01
6.394719238e+02,2.792973816e-01
6.397008667e+02,2.996553481e-01
6.399298096e+02,3.147941232e-01
6.401587524e+02,3.301590085e-01
6.403877563e+02,3.743542433e-01
6.406166992e+02,2.890067995e-01
6.408457031e+02,3.011240661e-01
6.410747070e+02,2.877632082e-01
6.413037109e+02,2.872709930e-01
6.415327148e+02,3.255130351e-01
6.417617798e+02,3.186361194e-01
6.419907837e+02,2.643704414e-01
6.422198486e+02,2.806178927e-01
6.424489136e+02,3.218715191e-01
6.426779785e+02,2.929790318e-01
6.429070435e+02,2.876947820e-01
6.431361694e+02,3.301926851e-01
6.433652344e+02,3.089804947e-01
6.435943604e+02,3.351779580e-01
6.438234863e+02,2.754081190e-01
6.440526123e+02,2.959536910e-01
6.442817383e+02,2.873301208e-01
6.445108643e+02,2.844457626e-01
6.447400513e+02,2.829893529e-01
6.449692383e+02,2.851491868e-01
6.451983643e+02,2.992630005e-01
6.454275513e+02,3.005543351e-01
6.456567993e+02,3.127165735e-01
6.458859863e+02,3.130975068e-01
6.461151733e+02,3.126776814e-01
6.463444214e+02,2.948862314e-01
6.465736694e+02,2.976949513e-01
6.468029175e+02,2.637382448e-01
6.470321655e+02,3.297067285e-01
6.472614136e+02,3.282938302e-01
6.474907227e+02,2.842555940e-01
6.477200317e+02,3.299646080e-01
6.479492798e+02,3.314517140e-01
6.481785889e+02,3.263997138e-01
6.484078979e+02,3.325470686e-01
6.486372681e+02,3.405040503e-01
6.488665771e+02,3.377031088e-01
6.490959473e+02,3.032163680e-01
6.493253174e+02,3.315286636e-01
6.495546265e+02,3.067474663e-01
6.497840576e+02,3.194074929e-01
6.500134277e+02,3.303936720e-01
6.502427979e+02,3.672595024e-01
6.504722290e+02,3.029778600e-01
6.507016602e+02,3.253277540e-01
6.509310303e+02,3.188916743e-01
6.511605225e+02,2.923189402e-01
6.513899536e+02,3.669985235e-01
6.516193848e+02,3.545132577e-01
6.518488770e+02,3.516974747e-01
6.520783081e+02,3.010752499e-01
6.523078003e+02,3.316008151e-01
6.525372925e+02,3.177856505e-01
6.527667847e+02,3.283814490e-01
6.529963379e+02,3.036161363e-01
6.532258301e+02,3.289643824e-01
6.534553833e+02,3.276290894e-01
6.536849365e+02,3.427061737e-01
6.539144897e+02,3.349490464e-01
6.541440430e+02,3.569218516e-01
6.543735962e+02,3.349648118e-01
6.546032104e+02,3.627059162e-01
6.548327637e+02,3.662708998e-01
6.550623779e+02,3.436203003e-01
6.552919922e+02,3.577451706e-01
6.555216064e+02,3.524737656e-01
6.557512817e+02,3.389718831e-01
6.559808960e+02,3.289418519e-01
6.562105713e+02,3.454807699e-01
6.564402466e+02,3.488597274e-01
6.566698608e+02,3.623049259e-01
6.568995972e+02,3.610671759e-01
6.571292725e+02,3.402814269e-01
6.573589478e+02,4.209755063e-01
6.575886841e+02,3.462294936e-01
6.578184204e+02,3.902004361e-01
6.580480957e+02,3.591495752e-01
6.582778931e+02,4.233457744e-01
6.585076294e+02,3.658142090e-01
6.587373657e+02,3.416348994e-01
6.589671631e+02,3.741168678e-01
6.591968994e+02,3.718793988e-01
6.594266968e+02,3.469609320e-01
6.596564941e+02,3.868966103e-01
6.598862915e+02,3.785939813e-01
6.601161499e+02,3.598081172e-01
6.603459473e+02,4.008725882e-01
6.605758057e+02,3.533513546e-01
6.608056641e+02,4.048168063e-01
6.610355225e+02,4.259928763e-01
6.612653809e+02,3.547432125e-01
6.614952393e+02,4.042534530e-01
6.617251587e+02,4.087603986e-01
6.619550171e+02,3.645856082e-01
6.621849365e+02,3.789349496e-01
6.624148560e+02,4.321236610e-01
6.626447754e+02,3.940465152e-01
6.628747559e+02,3.910308182e-01
6.631046753e+02,3.842372596e-01
6.633346558e+02,4.171115160e-01
6.635645752e+02,4.233748615e-01
6.637945557e+02,3.999121785e-01
6.640245361e+02,3.729698658e-01
6.642545776e+02,3.966976702e-01
6.644845581e+02,3.950075507e-01
6.647145386e+02,4.131347835e-01
6.649445801e+02,3.909313977e-01
6.651746216e+02,3.790675104e-01
6.654046631e+02,3.832762241e-01
6.656347046e+02,4.152888656e-01
6.658648071e+02,3.612716794e-01
6.660948486e+02,3.550083339e-01
6.663249512e+02,4.197626710e-01
6.665550537e+02,3.825139999e-01
6.667851562e+02,4.250649810e-01
6.670152588e+02,4.260260165e-01
6.672453613e+02,4.141620994e-01
6.674755249e+02,4.124057293e-01
6.677056274e+02,3.886116445e-01
6.679357910e+02,3.815861046e-01
6.681659546e+02,3.919587433e-01
6.683961182e+02,3.846349418e-01
6.686262817e+02,4.063743651e-01
6.688565063e+02,3.845355213e-01
6.690866699e+02,4.224138260e-01
6.693168945e+02,3.752564788e-01
6.695471191e+02,3.917267621e-01
6.697773438e+02,3.915610611e-01
6.700075684e+02,4.273515940e-01
6.702378540e+02,4.161836207e-01
6.704680786e+02,3.678001165e-01
6.706983643e+02,3.939139545e-01
6.709286499e+02,4.452468455e-01
6.711589355e+02,4.291079640e-01
6.713892212e+02,3.786698282e-01
6.716195679e+02,4.002435803e-01
6.718498535e+02,3.954052329e-01
6.720802002e+02,3.886447847e-01
6.723105469e+02,3.994150758e-01
6.725408936e+02,3.799622655e-01
6.727712402e+02,3.862587512e-01
6.730015869e+02,4.228114784e-01
6.732319336e+02,3.703849912e-01
6.734623413e+02,3.724396527e-01
6.736927490e+02,3.992162645e-01
6.739231567e+02,4.152888656e-01
6.741535645e+02,3.899040818e-01
6.743839722e+02,3.736658096e-01
6.746144409e+02,4.068714380e-01
6.748448486e+02,4.271858931e-01
6.750753174e+02,3.725059032e-01
6.753057861e+02,4.000115991e-01
6.755362549e+02,3.916936219e-01
6.757667236e+02,4.035243690e-01
6.759971924e+02,4.344434142e-01
6.762277222e+02,4.062418044e-01
6.764582520e+02,3.977912664e-01
6.766887817e+02,4.031266868e-01
6.769193115e+02,3.909645379e-01
6.771498413e+02,3.976255655e-01
6.773803711e+02,4.109144509e-01
6.776109619e+02,4.377242029e-01
6.778414917e+02,3.832099438e-01
6.780720825e+02,4.270533323e-01
6.783026733e+02,4.364649057e-01
6.785332642e+02,4.638711810e-01
6.787638550e+02,3.737320602e-01
6.789945068e+02,4.208894074e-01
6.792250977e+02,4.007075131e-01
6.794557495e+02,4.186027944e-01
6.796864014e+02,5.049971342e-01
6.799170532e+02,3.783053160e-01
6.801477051e+02,4.045516849e-01
6.803784180e+02,4.116766453e-01
6.806090698e+02,3.894732893e-01
6.808397827e+02,4.441532493e-01
6.810704956e+02,4.322230816e-01
6.813012085e+02,4.586351514e-01
6.815319214e+02,3.906663060e-01
6.817626343e+02,4.086609781e-01
6.819934082e+02,4.475003183e-01
6.822241821e+02,4.542939067e-01
6.824548950e+02,3.971284628e-01
6.826856689e+02,4.110138714e-01
6.829164429e+02,4.343771338e-01
6.831472778e+02,3.960348666e-01
6.833780518e+02,4.067388773e-01
6.836088867e+02,3.868884146e-01
6.838397217e+02,4.048499465e-01
6.840705566e+02,4.084621370e-01
6.843013916e+02,4.085284173e-01
6.845322266e+02,4.065069258e-01
6.847630615e+02,4.544927180e-01
6.849939575e+02,4.428939521e-01
6.852248535e+02,4.111132920e-01
6.854556885e+02,3.993819654e-01
6.856865845e+02,3.935494125e-01
6.859175415e+02,4.080313146e-01
6.861484375e+02,4.156865180e-01
6.863793335e+02,4.171115160e-01
6.866102905e+02,5.914577842e-01
6.868412476e+02,4.124057293e-01
6.870722046e+02,4.653955996e-01
6.873031616e+02,4.338137507e-01
6.875341187e+02,4.256946146e-01
6.877651367e+02,4.215521812e-01
6.879960938e+02,4.110470116e-01
6.882271118e+02,4.477322996e-01
6.884581299e+02,4.217178822e-01
6.886891479e+02,3.985866010e-01
6.889201660e+02,4.143278003e-01
6.891512451e+02,3.992494047e-01
6.893822632e+02,3.856622577e-01
6.896133423e+02,3.858279586e-01
6.898444214e+02,4.269870520e-01
6.900755005e+02,3.643867671e-01
6.903065796e+02,4.190998673e-01
6.905377197e+02,4.158190787e-01
6.907687988e+02,3.760187030e-01
6.909999390e+02,4.202928841e-01
6.912310181e+02,3.790675104e-01
6.914621582e+02,3.703187108e-01
6.916933594e+02,3.948418498e-01
6.919244995e+02,3.921575546e-01
6.921556396e+02,4.045516849e-01
6.923868408e+02,3.711803555e-01
6.926180420e+02,3.633594513e-01
6.928492432e+02,4.307980835e-01
6.930804443e+02,3.740966022e-01
6.933116455e+02,3.738977611e-01
6.935428467e+02,3.583554029e-01
6.937741089e+02,3.830442429e-01
6.940053711e+02,3.916604817e-01
6.942365723e+02,3.973935843e-01
6.944678345e+02,3.653146625e-01
6.946991577e+02,4.098871350e-01
6.949304199e+02,3.723070920e-01
6.951616821e+02,3.346607387e-01
6.953930054e+02,3.479165137e-01
6.956243286e+02,3.936156929e-01
6.958556519e+02,3.621001542e-01
6.960869751e+02,3.450002372e-01
6.963182983e+02,3.941790760e-01
6.965496826e+02,4.157859385e-01
6.967810059e+02,3.899372220e-01
6.970123901e+02,3.492420614e-01
6.972437744e+02,3.334677219e-01
6.974751587e+02,3.997796178e-01
6.977065430e+02,3.671373427e-01
6.979379272e+02,3.447682559e-01
6.981693726e+02,3.471211493e-01
6.984008179e+02,3.779076338e-01
6.986322021e+02,3.810890019e-01
6.988636475e+02,3.422496617e-01
6.990951538e+02,3.418519795e-01
6.993265991e+02,4.213202298e-01
6.995580444e+02,3.667396605e-01
6.997895508e+02,3.620338738e-01
7.000210571e+02,3.330700696e-01
7.002525635e+02,3.487449884e-01
7.004840698e+02,4.653955996e-01
7.007155762e+02,3.414211869e-01
7.009470825e+02,3.348595798e-01
7.011786499e+02,3.748588264e-01
7.014102173e+02,4.106161892e-01
7.016417847e+02,3.738977611e-01
7.018733521e+02,3.749582171e-01
7.021049194e+02,3.649170101e-01
7.023364868e+02,4.128696620e-01
7.025681152e+02,3.359531760e-01
7.027996826e+02,3.368148208e-01
7.030313110e+02,3.602774739e-01
7.032629395e+02,3.795977533e-01
7.034945679e+02,3.461932540e-01
7.037261963e+02,3.619344532e-01
7.039578857e+02,3.715448678e-01
7.041895142e+02,3.366159797e-01
7.044212036e+02,3.297892511e-01
7.046528931e+02,4.026958942e-01
7.048845825e+02,3.864907324e-01
7.051162720e+02,3.178259432e-01
7.053480225e+02,3.757867217e-01
7.055797119e+02,3.229956925e-01
7.058114624e+02,4.156202376e-01
7.060432129e+02,3.578583002e-01
7.062749634e+02,3.209079206e-01
7.065067139e+02,3.243544102e-01
7.067384644e+02,3.317113519e-01
7.069702759e+02,3.058957756e-01
7.072020264e+02,4.295387864e-01
7.074338379e+02,3.374444544e-01
7.076656494e+02,3.124242425e-01
7.078974609e+02,3.471874297e-01
7.081292725e+02,3.102370203e-01
7.083611450e+02,4.628438652e-01
7.085929565e+02,3.699210584e-01
7.088248291e+02,4.226458073e-01
7.090567017e+02,3.183893263e-01
7.092885742e+02,3.171963096e-01
7.095204468e+02,3.402281702e-01
7.097523193e+02,3.826134205e-01
7.099842529e+02,3.573612273e-01
7.102161255e+02,3.354892433e-01
7.104480591e+02,3.565327227e-01
7.106799927e+02,3.256468475e-01
7.109119263e+02,3.122916818e-01
7.111439209e+02,3.079835474e-01
7.113758545e+02,3.765157759e-01
7.116078491e+02,3.569635451e-01
7.118397827e+02,3.419182599e-01
7.120717773e+02,3.222334981e-01
7.123037720e+02,3.223328888e-01
7.125357666e+02,3.220015168e-01
7.127678223e+02,3.145451546e-01
7.129998169e+02,3.134515584e-01
7.132318726e+02,3.553728461e-01
7.134639282e+02,3.455635905e-01
7.136959839e+02,3.048684597e-01
7.139280396e+02,3.355223835e-01
7.141600952e+02,3.421833813e-01
7.143921509e+02,3.087788820e-01
7.146242676e+02,3.290601969e-01
7.148563843e+02,3.271049857e-01
7.150885010e+02,2.860121429e-01
7.153206177e+02,3.067573905e-01
7.155527344e+02,2.999306917e-01
7.157848511e+02,3.170637488e-01
7.160170288e+02,3.379746974e-01
7.162491455e+02,3.563339114e-01
7.164813232e+02,3.504019678e-01
7.167135010e+02,3.236584663e-01
7.169456787e+02,3.537490368e-01
7.171779175e+02,3.420508206e-01
7.174100952e+02,3.490432501e-01
7.176423340e+02,2.831290066e-01
7.178745117e+02,3.304520547e-01
7.181067505e+02,3.280991614e-01
7.183389893e+02,2.868074775e-01
7.185712891e+02,3.304189146e-01
7.188035278e+02,3.048021793e-01
7.190358276e+02,3.282648623e-01
7.192680664e+02,3.171963096e-01
7.195003662e+02,2.939656079e-01
7.197326660e+02,2.697075605e-01
7.199649658e+02,3.326061070e-01
7.201972656e+02,3.075196147e-01
7.204296265e+02,2.733528912e-01
7.206619873e+02,3.040068150e-01
7.208942871e+02,2.868074775e-01
7.211266479e+02,3.147108555e-01
7.213590088e+02,3.314462304e-01
7.215913696e+02,3.047358990e-01
7.218237915e+02,3.250171840e-01
7.220561523e+02,3.252160251e-01
7.222885742e+02,2.894586325e-01
7.225209961e+02,2.901877165e-01
7.227534180e+02,3.085137904e-01
7.229858398e+02,2.525745034e-01
7.232182617e+02,2.586058676e-01
7.234507446e+02,2.883981764e-01
7.236831665e+02,2.774621844e-01
7.239156494e+02,3.275026381e-01
7.241481323e+02,2.766337097e-01
7.243806152e+02,2.563192546e-01
7.246130981e+02,3.043713570e-01
7.248456421e+02,3.060614765e-01
7.250781250e+02,2.718616426e-01
7.253106689e+02,2.613564432e-01
7.255432129e+02,2.607268095e-01
7.257757568e+02,2.482332587e-01
7.260083008e+02,2.831290066e-01
7.262408447e+02,2.529721856e-01
7.264734497e+02,3.254480064e-01
7.267059937e+02,2.500227690e-01
7.269385986e+02,2.872382998e-01
7.271712036e+02,2.947609425e-01
7.274038086e+02,2.532373071e-01
7.276364136e+02,2.731872201e-01
7.278690796e+02,2.401472479e-01
7.281016846e+02,2.450187355e-01
7.283343506e+02,2.657639980e-01
7.285670166e+02,2.747116089e-01
7.287996826e+02,2.339501828e-01
7.290323486e+02,2.179438621e-01
7.292650146e+02,2.629471421e-01
7.294976807e+02,2.534030080e-01
7.297304077e+02,2.474379092e-01
7.299631348e+02,2.540989220e-01
7.301958618e+02,2.802790403e-01
7.304285889e+02,2.676197886e-01
7.306613159e+02,2.823336720e-01
7.308940430e+02,2.662942111e-01
7.311268311e+02,2.596332133e-01
7.313596191e+02,2.631791234e-01
7.315923462e+02,2.285816073e-01
7.318251343e+02,2.322932184e-01
7.320579834e+02,2.458472252e-01
7.322907715e+02,2.160549164e-01
7.325235596e+02,2.067759037e-01
7.327564087e+02,2.517460287e-01
7.329892578e+02,2.528727651e-01
7.332220459e+02,2.676860690e-01
7.334549561e+02,2.373304069e-01
7.336878052e+02,2.424007207e-01
7.339206543e+02,2.507518530e-01
7.341535645e+02,2.042904496e-01
7.343864136e+02,2.823668122e-01
7.346193237e+02,2.290455550e-01
7.348522339e+02,2.545960248e-01
7.350851440e+02,1.980602443e-01
7.353180542e+02,2.358059883e-01
7.355510254e+02,2.577773929e-01
7.357839355e+02,2.221194357e-01
7.360169067e+02,2.038927674e-01
7.362498779e+02,2.219205946e-01
7.364828491e+02,2.313984483e-01
7.367158203e+02,2.132712156e-01
7.369488525e+02,2.188054919e-01
7.371818237e+02,2.237101197e-01
7.374148560e+02,2.649354935e-01
7.376478882e+02,2.330885679e-01
7.378809204e+02,2.580756545e-01
7.381139526e+02,2.194020003e-01
7.383469849e+02,2.121776193e-01
7.385800171e+02,2.073061317e-01
7.388131104e+02,2.051852047e-01
7.390462036e+02,2.567832172e-01
7.392792358e+02,2.069747299e-01
7.395123291e+02,2.728558183e-01
7.397454834e+02,2.210589647e-01
7.399785767e+02,2.718616426e-01
7.402116699e+02,2.252013981e-01
7.404448242e+02,2.350106388e-01
7.406779785e+02,2.180432826e-01
7.409111328e+02,2.498239428e-01
7.411442871e+02,2.136026025e-01
7.413774414e+02,2.198990881e-01
7.416105957e+02,1.908690035e-01
7.418438110e+02,2.011753470e-01
7.420770264e+02,2.097584456e-01
7.423102417e+02,2.275542915e-01
7.425434570e+02,1.729737371e-01
7.427766724e+02,2.427321225e-01
7.430098877e+02,1.997503489e-01
7.432431030e+02,2.178113163e-01
7.434763794e+02,1.892120242e-01
7.437096558e+02,1.780440658e-01
7.439429321e+02,1.784417331e-01
7.441762085e+02,2.100566924e-01
7.444094849e+02,2.125752866e-01
7.446427612e+02,2.032299787e-01
7.448760986e+02,2.084328681e-01
7.451094360e+02,2.051520646e-01
7.453427124e+02,2.125090063e-01
7.455760498e+02,1.957404912e-01
7.458093872e+02,2.228816301e-01
7.460427856e+02,2.383577228e-01
7.462761230e+02,1.768841743e-01
7.465095215e+02,1.716481596e-01
7.467428589e+02,1.943154931e-01
7.469762573e+02,2.160549164e-01
7.472096558e+02,1.597179770e-01
7.474431152e+02,2.192362994e-01
7.476765137e+02,1.984579116e-01
7.479099121e+02,2.139340043e-01
7.481433716e+02,1.790051013e-01
7.483768311e+02,2.322600782e-01
7.486102905e+02,1.958730370e-01
7.488437500e+02,1.584586948e-01
7.490772095e+02,1.776132435e-01
7.493106689e+02,1.680691093e-01
7.495441895e+02,1.887480766e-01
7.497777100e+02,1.744650006e-01
7.500112305e+02,1.592871696e-01
7.502447510e+02,1.803306788e-01
7.504782715e+02,1.619383246e-01
7.507117920e+02,1.708528101e-01
7.509453125e+02,1.810266078e-01
7.511788940e+02,1.985573322e-01
7.514124756e+02,1.612092555e-01
7.516460571e+02,1.800655574e-01
7.518796387e+02,1.434465498e-01
7.521132202e+02,2.357728481e-01
7.523468018e+02,1.814574152e-01
7.525804443e+02,1.870911121e-01
7.528140259e+02,1.364541352e-01
7.530476685e+02,1.883504093e-01
7.532813110e+02,1.539848745e-01
7.535149536e+02,1.525598764e-01
7.537486572e+02,2.040916085e-01
7.539822998e+02,1.577627659e-01
7.542160034e+02,1.542168409e-01
7.544496460e+02,1.249879152e-01
7.546833496e+02,1.652853936e-01
7.549170532e+02,2.097915858e-01
7.551507568e+02,1.501407027e-01
7.553845215e+02,1.387407631e-01
7.556182251e+02,1.292628944e-01
7.558519897e+02,1.608115882e-01
7.560857544e+02,1.228007227e-01
7.563194580e+02,1.262803525e-01
7.565532837e+02,1.354268193e-01
7.567870483e+02,1.632639021e-01
7.570208130e+02,1.877870411e-01
7.572546387e+02,1.228007227e-01
7.574884033e+02,1.280367374e-01
7.577222290e+02,1.647551656e-01
7.579560547e+02,1.439436376e-01
7.581898804e+02,1.759894192e-01
7.584237671e+02,1.154769138e-01
7.586575928e+02,1.408616751e-01
7.588914795e+02,1.466942132e-01
7.591253052e+02,1.493122131e-01
7.593591919e+02,1.020886078e-01
7.595930786e+02,1.227013022e-01
7.598269653e+02,1.573319435e-01
7.600609131e+02,1.257169843e-01
7.602947998e+02,1.071589366e-01
7.605287476e+02,1.034141853e-01
7.607626953e+02,1.833132207e-01
7.609965820e+02,1.308867335e-01
7.612305908e+02,1.269762814e-01
7.614645386e+02,1.255844235e-01
7.616984863e+02,1.887480766e-01
7.619324951e+02,1.904713213e-01
7.621664429e+02,1.241594329e-01
7.624004517e+02,1.016578004e-01
7.626344604e+02,1.311849803e-01
7.628684692e+02,1.219390929e-01
7.631025391e+02,9.155029058e-02
7.633365479e+02,1.551778913e-01
7.635706177e+02,1.842411160e-01
7.638046265e+02,1.792039424e-01
7.640386963e+02,9.887409210e-02
7.642727661e+02,1.120304242e-01
7.645068359e+02,1.206466630e-01
7.647409668e+02,9.599096328e-02
7.649750366e+02,1.008293107e-01
7.652091675e+02,1.454680562e-01
7.654432983e+02,1.211768910e-01
7.656773682e+02,1.017903537e-01
7.659115601e+02,1.261809319e-01
7.661456909e+02,1.810597479e-01
7.663798218e+02,1.263134927e-01
7.666140137e+02,1.451035142e-01
7.668481445e+02,1.012269855e-01
7.670823364e+02,1.391052902e-01
7.673165283e+02,1.555424184e-01
7.675507202e+02,1.527255774e-01
7.677849731e+02,1.059990525e-01
7.680191650e+02,1.097438037e-01
7.682534180e+02,1.207792163e-01
7.684876099e+02,9.161656350e-02
7.687218628e+02,7.955383509e-02
7.689561157e+02,1.383430809e-01
7.691903687e+02,1.072252095e-01
7.694246826e+02,1.230658367e-01
7.696589355e+02,7.024166733e-02
7.698932495e+02,9.357178956e-02
7.701275024e+02,1.566360146e-01
7.703618164e+02,8.952878416e-02
7.705961304e+02,1.377797127e-01
7.708305054e+02,1.268105805e-01
7.710648193e+02,7.683640718e-02
7.712991333e+02,9.499678016e-02
7.715335083e+02,1.098763645e-01
7.717678833e+02,1.262803525e-01
7.720022583e+02,1.519633681e-01
7.722366333e+02,1.198844537e-01
7.724710083e+02,1.086170673e-01
7.727054443e+02,1.460645646e-01
7.729398193e+02,2.169496864e-01
7.731742554e+02,8.187358826e-02
7.734086914e+02,8.323230594e-02
7.736431274e+02,1.078217179e-01
7.738775635e+02,9.897350520e-02
7.741119995e+02,1.194205061e-01
7.743464966e+02,1.434134096e-01
7.745809326e+02,9.347236902e-02
7.748154297e+02,1.871242523e-01
7.750499268e+02,1.285338253e-01
7.752844238e+02,8.585031331e-02
7.755189209e+02,1.408616751e-01
7.757534180e+02,1.022874489e-01
7.759879761e+02,7.411897928e-02
7.762224731e+02,8.594973385e-02
7.764570312e+02,9.784676880e-02
7.766915894e+02,9.247819334e-02
7.769261475e+02,9.254446626e-02
7.771607056e+02,6.971143931e-02
7.773953247e+02,1.045077816e-01
7.776298828e+02,8.505497128e-02
7.778645020e+02,9.115261585e-02
7.780991211e+02,1.014589593e-01
7.783337402e+02,9.317411482e-02
7.785683594e+02,6.639750302e-02
7.788029785e+02,5.758242682e-02
7.790376587e+02,1.429163218e-01
7.792722778e+02,5.973648652e-02
7.795069580e+02,9.622293711e-02
7.797416382e+02,1.084513664e-01
7.799763184e+02,7.895732671e-02
7.802109985e+02,8.442532271e-02
7.804456787e+02,8.594973385e-02
7.806804199e+02,1.279704571e-01
7.809151001e+02,3.938890994e-02
7.811498413e+02,8.266893774e-02
7.813845825e+02,9.231249243e-02
7.816193237e+02,8.767297864e-02
7.818540649e+02,6.599982828e-02
7.820888062e+02,1.030496508e-01
7.823236084e+02,7.501374185e-02
7.825583496e+02,1.073577702e-01
7.827931519e+02,7.627303898e-02
7.830279541e+02,6.029985473e-02
7.832627563e+02,7.010911405e-02
7.834975586e+02,7.160038501e-02
7.837324219e+02,7.395327836e-02
7.839672241e+02,7.557711005e-02
7.842020874e+02,7.749919593e-02
7.844369507e+02,3.839472681e-02
7.846718140e+02,9.725026041e-02
7.849066772e+02,7.232944667e-02
7.851415405e+02,9.128516912e-02
7.853764648e+02,6.676203758e-02
7.856113281e+02,7.034108788e-02
7.858462524e+02,5.870916694e-02
7.860811768e+02,1.253855973e-01
7.863161011e+02,4.883363098e-02
7.865510254e+02,8.820321411e-02
7.867859497e+02,1.327425390e-01
7.870208740e+02,6.414402276e-02
7.872558594e+02,5.088827386e-02
7.874908447e+02,1.617726237e-01
7.877258301e+02,1.169681922e-01
7.879608154e+02,9.393632412e-02
7.881958008e+02,8.982703835e-02
7.884307861e+02,5.894114077e-02
7.886658325e+02,8.243695647e-02
7.889008179e+02,7.050678134e-02
7.891358643e+02,1.015252396e-01
7.893709106e+02,6.835272163e-02
7.896059570e+02,1.379454136e-01
7.898410034e+02,7.640559226e-02
7.900760498e+02,8.820321411e-02
7.903111572e+02,3.358951956e-02
7.905462646e+02,7.554396987e-02
7.907813110e+02,5.416906998e-02
7.910164185e+02,7.136841118e-02
7.912515259e+02,5.357256159e-02
7.914866943e+02,6.580099463e-02
7.917218018e+02,8.197300881e-02
7.919569702e+02,8.561833948e-02
7.921920776e+02,4.237145558e-02
7.924272461e+02,6.931376457e-02
7.926624146e+02,6.596668810e-02
7.928975830e+02,6.427658349e-02
7.931327515e+02,9.191481769e-02
7.933679810e+02,5.281035602e-02
7.936031494e+02,7.057306170e-02
7.938383789e+02,4.465807229e-02
7.940736084e+02,2.759129182e-02
7.943088379e+02,1.246233881e-01
7.945440674e+02,4.204006121e-02
7.947792969e+02,4.923130572e-02
7.950145874e+02,5.353942513e-02
7.952498169e+02,5.108711123e-02
7.954851074e+02,6.994341314e-02
7.957203979e+02,5.672080442e-02
7.959556885e+02,6.838586181e-02
7.961909790e+02,7.544454932e-02
7.964262695e+02,6.056497246e-02
7.966616211e+02,8.532008529e-02
7.968969116e+02,4.740864038e-02
7.971322632e+02,1.370506436e-01
7.973676147e+02,5.237954482e-02
7.976029663e+02,9.794618934e-02
7.978383179e+02,3.080581129e-02
7.980737305e+02,6.440913677e-02
7.983090820e+02,4.131099209e-02
7.985444946e+02,2.792268619e-02
7.987798462e+02,5.682022125e-02
7.990152588e+02,4.972839355e-02
7.992506714e+02,5.049059913e-02
7.994861450e+02,5.317489058e-02
7.997215576e+02,3.690345585e-02
7.999570312e+02,3.935576975e-02
8.001924438e+02,3.680403903e-02
8.004279175e+02,1.738436520e-02
8.006633911e+02,5.814579502e-02
8.008988647e+02,3.140231967e-02
8.011343384e+02,8.929681033e-02
8.013698730e+02,3.474939615e-02
8.016053467e+02,4.791401327e-03
8.018408813e+02,2.073144168e-02
8.020764160e+02,1.098432243e-01
8.023119507e+02,6.709342450e-02
8.025474854e+02,1.622448675e-02
8.027830200e+02,6.397832930e-02
8.030185547e+02,2.421107516e-02
8.032541504e+02,6.331554055e-02
8.034897461e+02,5.208129063e-02
8.037252808e+02,8.150905371e-02
8.039608765e+02,4.353133217e-02
8.041964722e+02,6.590040773e-02
8.044321289e+02,3.269475698e-02
8.046677246e+02,7.918930054e-02
8.049033813e+02,4.969525710e-02
8.051389771e+02,4.946327955e-02
8.053746338e+02,6.865097582e-02
8.056102905e+02,8.081313223e-02
8.058459473e+02,6.185740605e-02
8.060816650e+02,4.432667792e-02
8.063173218e+02,2.636513487e-02
8.065530396e+02,3.981972113e-02
8.067886963e+02,4.111215845e-02
8.070244141e+02,5.019234493e-02
8.072601318e+02,2.954651602e-02
8.074958496e+02,1.990295760e-02
8.077316284e+02,3.561102226e-02
8.079673462e+02,9.430914186e-03
8.082031250e+02,2.570234798e-02
8.084389038e+02,6.291786581e-02
8.086746216e+02,7.133527100e-02
8.089104004e+02,6.315812934e-03
8.091462402e+02,3.070639260e-02
8.093820190e+02,9.744909406e-02
8.096177979e+02,2.328317240e-02
8.098536377e+02,1.811343059e-02
8.100894775e+02,4.946327955e-02
8.103253174e+02,4.979467392e-02
8.105611572e+02,3.683717921e-02
8.107969971e+02,4.929758236e-02
8.110328369e+02,7.445036620e-02
8.112687378e+02,2.712734044e-02
8.115045776e+02,4.495632648e-02
8.117404785e+02,2.981163003e-02
8.119763794e+02,2.371398546e-02
8.122122803e+02,5.115338787e-02
8.124481812e+02,9.803732391e-04
8.126841431e+02,1.165373772e-01
8.129200439e+02,2.252096683e-02
8.131560059e+02,5.032490566e-02
8.133919678e+02,1.314169616e-01
8.136279297e+02,-1.737055602e-03
8.138638916e+02,8.594973385e-02
8.140998535e+02,9.019157290e-02
8.143358154e+02,2.331631258e-02
8.145718384e+02,7.113642991e-02
8.148078003e+02,4.101273790e-02
8.150438232e+02,5.108711123e-02
8.152798462e+02,9.638863802e-02
8.155158691e+02,4.820398241e-02
8.157518921e+02,2.049946599e-02
8.159879761e+02,5.519639328e-02
8.162239990e+02,1.039195620e-02
8.164600830e+02,1.996923611e-02
8.166961670e+02,4.339877516e-02
8.169322510e+02,1.018897742e-01
8.171683350e+02,2.474130504e-02
8.174044189e+02,8.406078815e-02
8.176405029e+02,5.817893520e-02
8.178766479e+02,2.046632580e-02
8.181127930e+02,4.893305153e-02
8.183488770e+02,1.688727364e-02
8.185850220e+02,3.488195315e-02
8.188212280e+02,3.587613627e-02
8.190573730e+02,1.493205037e-02
8.192935181e+02,1.214834303e-02
8.195297241e+02,9.476480633e-02
8.197658691e+02,1.035881694e-02
8.200020752e+02,4.084704071e-02
8.202382812e+02,1.794773340e-02
8.204744873e+02,7.302537560e-02
8.207107544e+02,2.808838338e-02
8.209469604e+02,5.456674471e-02
8.211831665e+02,2.275294252e-02
8.214194336e+02,2.020121180e-02
8.216557007e+02,3.150174022e-02
8.218919678e+02,3.060697578e-02
8.221282349e+02,4.913188517e-02
8.223645020e+02,2.520525642e-02
8.226008301e+02,7.839395851e-02
8.228370972e+02,2.026749030e-02
8.230734253e+02,2.000237443e-02
8.233097534e+02,5.752443336e-03
8.235460815e+02,1.917389035e-02
8.237824097e+02,1.284427010e-02
8.240187378e+02,3.683717921e-02
8.242551270e+02,6.613238901e-02
8.244914551e+02,3.846100718e-02
8.247278442e+02,3.057383560e-02
8.249642334e+02,1.957156323e-02
8.252006226e+02,5.960392952e-02
8.254370117e+02,8.657938242e-02
8.256734009e+02,1.559483819e-02
8.259097900e+02,3.402033076e-02
8.261462402e+02,2.503955923e-02
8.263826904e+02,3.474939615e-02
8.266191406e+02,1.102160383e-02
8.268555908e+02,1.238031872e-02
8.270920410e+02,8.072199300e-03
8.273284912e+02,3.541218489e-02
8.275649414e+02,-1.476083044e-02
8.278014526e+02,5.023377016e-03
8.280379639e+02,2.855233476e-02
8.282744751e+02,2.358142845e-02
8.285109863e+02,5.735045299e-02
8.287474976e+02,4.972839355e-02
8.289840088e+02,2.656397223e-02
8.292205200e+02,2.205701545e-02
8.294570923e+02,4.824541043e-03
8.296936646e+02,3.822903335e-02
8.299301758e+02,3.922321275e-02
8.301667480e+02,3.749996424e-02
8.304033813e+02,1.775718178e-03
8.306399536e+02,2.825407870e-02
8.308765259e+02,6.208938360e-02
8.311131592e+02,8.146763430e-04
8.313497925e+02,4.856851697e-02
8.315863647e+02,1.098846458e-02
8.318229980e+02,2.616629936e-02
8.320596924e+02,2.179190144e-02
8.322963257e+02,-2.399843186e-03
8.325329590e+02,3.175856837e-04
8.327696533e+02,8.873344213e-02
8.330062866e+02,3.421916813e-02
8.332429810e+02,4.757433757e-02
8.334796753e+02,-1.770194969e-03
8.337163696e+02,6.162543222e-02
8.339531250e+02,6.590040773e-02
8.341898193e+02,9.928004816e-03
8.344265747e+02,2.924825996e-02
8.346632690e+02,3.687031567e-02
8.349000244e+02,-8.166094311e-03
8.351367798e+02,4.990237765e-03
8.353735352e+02,2.782326750e-02
8.356103516e+02,5.337372795e-02
8.358471069e+02,2.339087659e-03
8.360839233e+02,9.397774935e-03
8.363206787e+02,4.360589664e-03
8.365574951e+02,2.706106193e-02
8.367943115e+02,7.906503044e-03
8.370311279e+02,2.844463161e-04
8.372679443e+02,-1.065154746e-02
8.375048218e+02,-3.394024447e-03
8.377416382e+02,9.497192688e-03
8.379785156e+02,-3.924254328e-03
8.382153931e+02,1.049137395e-02
8.384522705e+02,1.562797651e-02
8.386891479e+02,1.179209445e-03
8.389260254e+02,2.407851815e-02
8.391629639e+02,5.155106261e-02
8.393998413e+02,7.733349502e-02
8.396367798e+02,1.993609592e-02
8.398737183e+02,1.513088681e-02
8.401106567e+02,2.053260431e-02
8.403475952e+02,1.420298405e-02
8.405845337e+02,2.268666402e-02
8.408215332e+02,1.847796328e-02
8.410584717e+02,3.547846526e-02
8.412954712e+02,1.841997029e-03
8.415324707e+02,4.369702935e-02
8.417694702e+02,1.920703053e-02
8.420064697e+02,1.420298405e-02
8.422434692e+02,1.648960076e-02
8.424804688e+02,4.194892477e-03
8.427175293e+02,1.532972325e-02
8.429545288e+02,1.615820825e-02
8.431915894e+02,9.165799245e-03
8.434286499e+02,1.665529795e-02
8.436657104e+02,2.405366395e-03
8.439028320e+02,4.095474724e-03
8.441398926e+02,2.480758540e-02
8.443769531e+02,3.468311951e-02
8.446140747e+02,8.809550782e-04
8.448511963e+02,2.218957432e-02
8.450883179e+02,2.315061539e-02
8.453254395e+02,1.974554500e-03
8.455625610e+02,-5.117272027e-03
8.457997437e+02,8.072199300e-03
8.460368652e+02,6.868411601e-02
8.462740479e+02,2.026749030e-02
8.465112305e+02,4.990237765e-03
8.467483521e+02,-1.340211555e-02
8.469855957e+02,1.559483819e-02
8.472227783e+02,8.280149102e-02
8.474599609e+02,4.840281978e-02
8.476972046e+02,4.137727246e-02
8.479343872e+02,6.945461035e-03
8.481716309e+02,9.530331939e-03
8.484088745e+02,4.134413227e-02
8.486461182e+02,1.817970909e-02
8.488833618e+02,2.265352570e-02
8.491206665e+02,7.873363793e-03
8.493579102e+02,2.235527150e-02
8.495952148e+02,-8.895160630e-03
8.498324585e+02,-1.075096615e-02
8.500697632e+02,2.563606948e-02
8.503070679e+02,4.625704605e-03
8.505444336e+02,2.513897792e-02
8.507817383e+02,-3.725418122e-03
8.510190430e+02,5.685336143e-02
8.512564087e+02,-1.542361826e-02
8.514937744e+02,-1.277246792e-02
8.517311401e+02,9.530331939e-03
8.519685059e+02,5.344000459e-02
8.522058716e+02,1.426926255e-02
8.524432373e+02,-5.150411278e-03
8.526806641e+02,3.090522997e-02
8.529180298e+02,1.383845136e-02
8.531554565e+02,-1.631838083e-02
8.533928833e+02,1.941415132e-03
8.536303101e+02,5.075571686e-02
8.538677368e+02,1.367275417e-02
8.541051636e+02,3.863498801e-03
8.543426514e+02,8.889913559e-02
8.545800781e+02,-4.951575305e-03
8.548175659e+02,1.334136073e-02
8.550550537e+02,1.284427010e-02
8.552925415e+02,-9.856202640e-03
8.555300293e+02,5.818722304e-03
8.557675171e+02,2.245468833e-02
8.560050659e+02,2.358142845e-02
8.562425537e+02,9.140944458e-04
8.564801025e+02,7.087131590e-02
8.567176514e+02,3.120348416e-02
8.569552002e+02,5.410279334e-02
8.571927490e+02,4.261171445e-03
8.574302979e+02,8.044859767e-02
8.576679077e+02,8.171617985e-03
8.579054565e+02,1.483263262e-02
8.581430664e+02,1.241345797e-02
8.583806763e+02,4.393728916e-03
8.586182861e+02,4.167552665e-02
8.588558960e+02,-1.419746131e-02
8.590935059e+02,6.944632530e-02
8.593311157e+02,2.318375558e-02
8.595687866e+02,1.274485141e-02
8.598064575e+02,3.295987099e-02
8.600440674e+02,6.116976496e-03
8.602817383e+02,-1.438801293e-03
8.605194092e+02,-7.602725178e-03
8.607571411e+02,8.204757236e-03
8.609948120e+02,-1.071782690e-02
8.612324829e+02,3.531276807e-02
8.614702148e+02,-7.097349735e-04
8.617079468e+02,4.117843509e-02
8.619456787e+02,2.173390705e-03
8.621834106e+02,2.202387713e-02
8.624211426e+02,1.854424179e-02
8.626588745e+02,3.315870836e-02
8.628966675e+02,-7.669004146e-03
8.631343994e+02,6.590040773e-02
8.633721924e+02,1.518888021e-04
8.636099854e+02,2.566920780e-02
8.638477783e+02,-1.403176412e-02
8.640855713e+02,7.534513623e-02
8.643234253e+02,8.900684305e-03
8.645612183e+02,5.201501399e-02
8.647990723e+02,3.683717921e-02
8.650368652e+02,2.500642091e-02
8.652747192e+02,2.911570296e-02
8.655125732e+02,4.194892477e-03
8.657504272e+02,1.208206452e-02
8.659883423e+02,4.651387408e-02
8.662261963e+02,-6.542264950e-03
8.664641113e+02,2.914884314e-02
8.667019653e+02,8.503011428e-03
8.669398804e+02,1.377217192e-02
8.671777954e+02,-1.350153424e-02
8.674157104e+02,-1.423060056e-02
8.676536865e+02,-6.442847196e-03
8.678916016e+02,1.264543366e-02
8.681295776e+02,-6.939937826e-03
8.683674927e+02,8.668708615e-03
8.686054688e+02,1.278627547e-03
8.688434448e+02,5.165047944e-02
8.690814209e+02,9.961144067e-03
8.693193970e+02,-1.007989398e-03
8.695574341e+02,-1.372522442e-03
8.697954102e+02,2.252096683e-02
8.700334473e+02,-2.764376346e-03
8.702714844e+02,-7.702143397e-03
8.705095215e+02,1.718552783e-02
8.707475586e+02,7.873363793e-03
8.709855957e+02,-2.930073068e-03
8.712236328e+02,-1.505080028e-03
8.714617310e+02,5.271093920e-02
8.716997681e+02,-6.774240639e-03
8.719378662e+02,3.300129436e-03
8.721759644e+02,-1.157945022e-02
8.724140625e+02,2.604202600e-03
8.726521606e+02,-1.492652763e-02
8.728903198e+02,7.928872108e-02
8.731284180e+02,1.619134657e-02
8.733665771e+02,8.747414500e-02
8.736046753e+02,7.938813418e-02
8.738428345e+02,-9.723645635e-03
8.740809937e+02,-1.973173767e-02
8.743191528e+02,2.610002086e-02
8.745573730e+02,1.572739519e-02
8.747955322e+02,1.410356630e-02
8.750337524e+02,8.138478734e-03
8.752719116e+02,-2.126443287e-04
8.755101318e+02,2.046632580e-02
8.757483521e+02,-5.746920127e-03
8.759865723e+02,-5.117272027e-03
8.762248535e+02,1.052451320e-02
8.764630737e+02,-5.050993059e-03
8.767013550e+02,4.074762389e-02
8.769395752e+02,1.334136073e-02
8.771778564e+02,3.624067083e-02
8.774161377e+02,1.619134657e-02
8.776544189e+02,2.881744877e-02
8.778927002e+02,4.691154882e-02
8.781310425e+02,2.122853138e-02
8.783693237e+02,4.177494347e-02
8.786076660e+02,1.894191466e-02
8.788460083e+02,-1.293816511e-02
8.790842896e+02,1.479949336e-02
8.793226318e+02,2.471645130e-03
8.795610352e+02,1.678785495e-02
8.797993774e+02,2.454246953e-02
8.800377197e+02,1.115416177e-02
8.802761230e+02,1.808029041e-02
8.805145264e+02,-1.757767797e-02
8.807529297e+02,1.397100836e-02
8.809913330e+02,-1.201026235e-02
8.812297363e+02,-5.879477598e-03
8.814681396e+02,-1.449571550e-02
8.817066040e+02,-1.237479504e-02
8.819450073e+02,7.807084825e-03
8.821834717e+02,2.344886959e-02
8.824219360e+02,-1.018759608e-02
8.826604004e+02,-2.178637870e-02
8.828988647e+02,-3.029491287e-03
8.831373291e+02,3.965402395e-02
8.833757935e+02,-7.900979370e-03
8.836143188e+02,-1.555617526e-02
8.838528442e+02,3.199882805e-02
8.840913086e+02,-9.226555005e-03
8.843298340e+02,1.509774756e-02
8.845683594e+02,7.409411948e-03
8.848069458e+02,3.060697578e-02
8.850454712e+02,3.001875244e-03
8.852839966e+02,1.088904683e-02
8.855225830e+02,-1.684861071e-02
8.857611694e+02,3.511393070e-02
8.859997559e+02,2.281922102e-02
8.862383423e+02,-1.502594538e-02
8.864769287e+02,5.164219183e-04
8.867155151e+02,6.328240037e-02
8.869541626e+02,2.543723211e-02
8.871927490e+02,5.483185872e-02
8.874313965e+02,-5.108987098e-04
8.876700439e+02,3.103778698e-02
8.879086914e+02,-1.310386136e-02
8.881473389e+02,1.055765245e-02
8.883859863e+02,3.269475698e-02
8.886246948e+02,6.321612000e-02
8.888633423e+02,3.749996424e-02
8.891020508e+02,-7.735282648e-03
8.893407593e+02,1.755006053e-02
8.895794678e+02,7.547768950e-02
8.898181763e+02,2.069830149e-02
8.900568848e+02,-1.210968010e-02
8.902955933e+02,-1.041128766e-03
8.905343628e+02,-1.320328005e-02
8.907730713e+02,-2.046080306e-02
8.910118408e+02,1.844482496e-02
8.912506104e+02,2.875117026e-02
8.914893799e+02,1.151869446e-02
8.917281494e+02,2.129480988e-02
8.919669800e+02,-9.748499724e-04
8.922057495e+02,8.768126369e-03
8.924445801e+02,-1.247421373e-02
8.926833496e+02,3.375521675e-02
8.929221802e+02,2.633199655e-02
8.931610107e+02,8.768126369e-03
8.933998413e+02,4.943013936e-02
8.936387329e+02,-1.107407501e-03
8.938775635e+02,1.304310560e-02
8.941164551e+02,-2.450380661e-02
8.943552856e+02,2.888372727e-02
8.945941772e+02,4.177494347e-02
8.948330688e+02,-2.606135793e-02
8.950719604e+02,1.151869446e-02
8.953108521e+02,2.967907302e-02
8.955498047e+02,3.567729890e-02
8.957886963e+02,-1.800848916e-02
8.960276489e+02,-1.817418635e-02
8.962666016e+02,3.498137370e-02
8.965055542e+02,1.310938504e-02
8.967445068e+02,-6.111453287e-03
8.969834595e+02,3.233850701e-03
8.972224121e+02,3.965402395e-02
8.974614258e+02,4.493147135e-03
8.977003784e+02,1.977039874e-02
8.979393921e+02,-6.840519607e-03
8.981784058e+02,3.826216981e-02
8.984174194e+02,1.612506807e-02
8.986564331e+02,9.140944458e-04
8.988954468e+02,-1.330269780e-02
8.991345215e+02,-1.141375303e-02
8.993735352e+02,3.179999441e-02
8.996126099e+02,-1.963231899e-02
8.998516846e+02,1.357333641e-02
9.000907593e+02,4.465807229e-02
9.003298340e+02,2.033376880e-02
9.005689087e+02,-3.116482124e-02
9.008079834e+02,2.636513487e-02
9.010471191e+02,1.151869446e-02
9.012861938e+02,3.481567651e-02
9.015253296e+02,8.866716176e-02
9.017644653e+02,2.692850493e-02
9.020036011e+02,3.272789717e-02
9.022427368e+02,1.297682710e-02
9.024819336e+02,1.035798788e-01
9.027210693e+02,1.927330904e-02
9.029602661e+02,1.204892434e-02
9.031994019e+02,7.442551665e-03
9.034385986e+02,1.148555521e-02
9.036777954e+02,8.602430113e-03
9.039169922e+02,3.146860003e-02
9.041561890e+02,3.441800177e-02
9.043954468e+02,-7.039355580e-03
9.046346436e+02,2.007693751e-03
9.048739014e+02,1.910761185e-02
9.051131592e+02,5.586746614e-03
9.053524170e+02,-3.029491287e-03
9.055916748e+02,-1.840616204e-02
9.058309326e+02,-4.553902429e-03
9.060701904e+02,-9.027718566e-03
9.063095093e+02,-5.614362657e-03
9.065487671e+02,6.448370405e-03
9.067880859e+02,2.543723211e-02
9.070274048e+02,1.930644736e-02
9.072667236e+02,2.206530189e-03
9.075060425e+02,3.176685423e-02
9.077454224e+02,6.073066965e-02
9.079847412e+02,9.861726314e-03
9.082240601e+02,3.233022243e-02
9.084634399e+02,-8.331791498e-03
9.087028198e+02,5.443418771e-02
9.089421997e+02,2.471645130e-03
9.091815796e+02,4.820398241e-02
9.094209595e+02,-3.553921729e-02
9.096604004e+02,-3.758557606e-03
9.098997803e+02,-1.525792107e-02
9.101392212e+02,-1.320328005e-02
9.103786011e+02,-2.708867751e-02
9.106180420e+02,3.826216981e-02
9.108574829e+02,2.073144168e-02
9.110969849e+02,-2.367532253e-02
9.113364258e+02,-2.241602540e-02
9.115758667e+02,-2.102417313e-02
9.118153687e+02,2.116225287e-02
9.120548706e+02,9.662889875e-03
9.122943115e+02,1.460065693e-02
9.125338135e+02,7.607419789e-02
9.127733765e+02,6.382091437e-03
9.130128784e+02,-1.463655790e-04
9.132523804e+02,2.901628613e-02
9.134919434e+02,-8.132955059e-03
9.137314453e+02,-5.050993059e-03
9.139710083e+02,-2.927587740e-02
9.142105713e+02,1.426926255e-02
9.144501343e+02,1.572739519e-02
9.146896973e+02,3.399547655e-03
9.149293213e+02,-1.267304923e-02
9.151688843e+02,-1.164572872e-02
9.154085083e+02,9.464053437e-03
9.156480713e+02,4.062335007e-03
9.158876953e+02,-4.885296337e-03
9.161273193e+02,-3.116482124e-02
9.163669434e+02,1.884249598e-02
9.166066284e+02,-1.144689322e-02
9.168462524e+02,7.152581820e-04
9.170858765e+02,-1.104922034e-02
9.173255615e+02,1.138613746e-02
9.175652466e+02,-6.343428977e-03
9.178049316e+02,9.549387544e-02
9.180446167e+02,3.126976267e-02
9.182843018e+02,5.496441573e-02
9.185239868e+02,-1.207654085e-02
9.187637329e+02,5.255352706e-03
9.190034180e+02,-2.167867497e-03
9.192431641e+02,6.017558277e-03
9.194829102e+02,-3.824836342e-03
9.197226562e+02,-8.895160630e-03
9.199624023e+02,-1.588756964e-02
9.202021484e+02,2.825407870e-02
9.204419556e+02,2.129480988e-02
9.206817017e+02,-1.674919203e-02
9.209215088e+02,1.824598759e-02
9.211613159e+02,2.020121180e-02
9.214011230e+02,3.697802080e-03
9.216409302e+02,6.846042816e-03
9.218807373e+02,2.073972719e-03
9.221205444e+02,4.957098514e-03
9.223604126e+02,3.392091393e-02
9.226002197e+02,-9.922481142e-03
9.228400879e+02,1.128671877e-02
9.230799561e+02,1.536286250e-02
9.233198242e+02,-4.421344958e-03
9.235596924e+02,1.025939826e-02
9.237995605e+02,-2.337706834e-02
9.240394897e+02,-4.620181397e-03
9.242793579e+02,-1.555617526e-02
9.245192871e+02,1.933958754e-02
9.247592163e+02,-7.801561616e-03
9.249991455e+02,1.046651974e-03
9.252390747e+02,1.688975841e-01
9.254790039e+02,2.659711055e-02
9.257189331e+02,-1.383292768e-02
9.259589233e+02,-1.101608109e-02
9.261988525e+02,-6.641683169e-03
9.264388428e+02,-1.442943700e-02
9.266788330e+02,-9.292833507e-03
9.269188232e+02,2.736760071e-03
9.271588135e+02,1.241345797e-02
9.273988037e+02,2.036690898e-02
9.276388550e+02,-3.056831285e-02
9.278788452e+02,2.805524319e-02
9.281188965e+02,3.189941123e-02
9.283589478e+02,1.178380940e-02
9.285989990e+02,6.271903217e-02
9.288390503e+02,-9.690505452e-03
9.290791016e+02,1.986981742e-02
9.293191528e+02,2.687465250e-01
9.295592651e+02,3.465826390e-03
9.297993164e+02,2.325003408e-02
9.300394287e+02,1.529658400e-02
9.302795410e+02,-8.630045690e-03
9.305196533e+02,-9.127136320e-03
9.307597656e+02,-6.608543918e-03
9.309998779e+02,1.877621748e-02
9.312400513e+02,-3.988047689e-02
9.314801636e+02,2.703620819e-03
9.317203369e+02,-5.415526219e-03
9.319605103e+02,2.619943768e-02
9.322006836e+02,9.629750624e-03
9.324408569e+02,1.257915515e-02
9.326810303e+02,5.635626987e-02
9.329212036e+02,-1.532419957e-02
9.331614380e+02,2.954651602e-02
9.334016113e+02,1.499832887e-02
9.336418457e+02,1.841168478e-02
9.338820801e+02,-2.761890739e-02
9.341223145e+02,7.078018505e-03
9.343625488e+02,-1.539047807e-02
9.346027832e+02,-1.902752556e-03
9.348430176e+02,-1.463655790e-04
9.350833130e+02,3.564415872e-02
9.353236084e+02,2.815466188e-02
9.355638428e+02,2.736760071e-03
9.358041382e+02,-1.022073627e-02
9.360444336e+02,-2.105731145e-02
9.362847290e+02,2.633199655e-02
9.365250854e+02,2.305119671e-02
9.367653809e+02,-1.542361826e-02
9.370057373e+02,1.585995220e-02
9.372460327e+02,-8.630045690e-03
9.374863892e+02,1.562797651e-02
9.377267456e+02,-2.896933816e-03
9.379671021e+02,6.647206377e-03
9.382075195e+02,3.020930290e-02
9.384478760e+02,-5.108987098e-04
9.386882324e+02,-1.177828666e-02
9.389286499e+02,-1.502594538e-02
9.391690674e+02,1.655587927e-02
9.394094849e+02,2.093027718e-02
9.396499023e+02,3.040813841e-02
9.398903198e+02,1.798087358e-02
9.401307373e+02,5.450046435e-02
9.403712158e+02,-1.131433528e-02
9.406116333e+02,2.639827505e-02
9.408521118e+02,-2.437124960e-02
9.410925903e+02,-2.789230784e-04
9.413330078e+02,3.322498500e-02
9.415735474e+02,-8.596906438e-03
9.418140259e+02,1.377217192e-02
9.420545044e+02,-6.707962137e-03
9.422950439e+02,3.763252124e-02
9.425355225e+02,1.543742605e-03
9.427760620e+02,-2.417241223e-02
9.430166016e+02,1.006056182e-02
9.432571411e+02,2.119539306e-02
9.434976807e+02,-6.774240639e-03
9.437382202e+02,-1.976487599e-02
9.439787598e+02,1.516402606e-02
9.442193604e+02,-1.287188567e-02
9.444599609e+02,4.029195756e-03
9.447005005e+02,-1.902752556e-03
9.449411011e+02,-8.630045690e-03
9.451817017e+02,2.471645130e-03
9.454223022e+02,-1.893639192e-02
9.456629639e+02,1.178380940e-02
9.459035645e+02,-2.499261172e-03
9.461442261e+02,4.857680295e-03
9.463848267e+02,-1.668291353e-02
9.466254883e+02,1.191636734e-02
9.468661499e+02,7.276026160e-02
9.471068115e+02,5.918140057e-03
9.473475342e+02,3.664662596e-03
9.475881958e+02,-2.639275044e-02
9.478288574e+02,-7.370749488e-03
9.480695801e+02,-2.092475444e-02
9.483103027e+02,-7.768421900e-03
9.485510254e+02,2.901628613e-02
9.487917480e+02,2.146050707e-02
9.490324707e+02,2.424421534e-02
9.492731934e+02,-2.430497110e-02
9.495139160e+02,5.321631674e-03
9.497546997e+02,1.678785495e-02
9.499954834e+02,-4.653320648e-03
9.502362061e+02,5.324116722e-02
9.504769897e+02,-2.764376346e-03
9.507177734e+02,2.596746199e-02
9.509585571e+02,3.295987099e-02
9.511994019e+02,1.088904683e-02
9.514401855e+02,2.265352570e-02
9.516810303e+02,1.907447167e-02
9.519218140e+02,2.348200977e-02
9.521626587e+02,-1.283874642e-02
9.524035034e+02,4.791401327e-03
9.526443481e+02,7.358874381e-02
9.528852539e+02,-2.267285716e-03
9.531260986e+02,-2.841425315e-02
9.533669434e+02,1.334136073e-02
9.536078491e+02,7.276854478e-03
9.538487549e+02,3.368893638e-02
9.540896606e+02,-3.527410328e-02
9.543305664e+02,1.493205037e-02
9.545714722e+02,-1.012131758e-02
9.548123779e+02,3.203196824e-02
9.550532837e+02,1.536286250e-02
9.552942505e+02,-3.692278871e-03
9.555352173e+02,3.130290285e-02
9.557761230e+02,3.057383560e-02
9.560170898e+02,-2.930073068e-03
9.562580566e+02,-1.737884060e-02
9.564990845e+02,-5.846338347e-03
9.567400513e+02,2.931454033e-02
9.569810181e+02,1.887563616e-02
9.572220459e+02,-3.133051842e-02
9.574630737e+02,-1.737055602e-03
9.577040405e+02,6.116976496e-03
9.579450684e+02,2.845291607e-02
9.581860962e+02,-3.050203435e-02
9.584271851e+02,-3.120624460e-04
9.586682129e+02,1.158497389e-02
9.589092407e+02,3.073953278e-02
9.591503296e+02,3.838644479e-04
9.593914185e+02,9.364635684e-03
9.596325073e+02,6.702715158e-02
9.598735962e+02,-5.117272027e-03
9.601146851e+02,-1.492652763e-02
9.603557739e+02,5.421049427e-03
9.605968628e+02,1.668843813e-02
9.608380127e+02,1.009370200e-02
9.610791626e+02,-1.708058640e-02
9.613202515e+02,1.370589342e-02
9.615614014e+02,-1.237479504e-02
9.618025513e+02,-1.456199400e-02
9.620437012e+02,-1.360095199e-02
9.622849121e+02,5.602487549e-02
9.625260620e+02,1.317566354e-02
9.627672729e+02,-1.058526896e-02
9.630084229e+02,-2.162068151e-02
9.632496338e+02,7.508830167e-03
9.634908447e+02,-3.659139387e-03
9.637320557e+02,-2.775146626e-02
9.639732666e+02,-4.255648237e-03
9.642145386e+02,8.271035738e-03
9.644557495e+02,6.079694629e-02
9.646970215e+02,5.222213455e-03
9.649382324e+02,-1.413118187e-02
9.651795044e+02,4.294310696e-03
9.654207764e+02,2.967907302e-02
9.656620483e+02,4.559425637e-03
9.659033203e+02,-1.896953024e-02
9.661446533e+02,3.981972113e-02
9.663859253e+02,-6.244010758e-03
9.666272583e+02,-2.274741977e-02
9.668685913e+02,-6.343428977e-03
9.671099243e+02,7.815369754e-04
9.673512573e+02,1.933958754e-02
9.675925903e+02,9.430914186e-03
9.678339233e+02,-1.161258947e-02
9.680752563e+02,3.484881669e-02
9.683166504e+02,2.712734044e-02
9.685579834e+02,2.935596276e-03
9.687993774e+02,1.569425687e-02
9.690407715e+02,-1.197712310e-02
9.692821655e+02,-1.283874642e-02
9.695235596e+02,1.844482496e-02
9.697650146e+02,9.994283319e-03
9.700064087e+02,-8.364930749e-03
9.702478638e+02,7.740805857e-03
9.704892578e+02,-2.181951702e-02
9.707307129e+02,-2.510031499e-02
9.709721680e+02,2.063202299e-02
9.712136230e+02,-1.463655790e-04
9.714550781e+02,-4.388205707e-03
9.716965942e+02,-9.027718566e-03
9.719380493e+02,6.159229204e-02
9.721795654e+02,-1.091666240e-02
9.724210205e+02,-2.357590385e-02
9.726625366e+02,1.920703053e-02
9.729040527e+02,-1.293816511e-02
9.731455688e+02,1.414250433e-01
9.733870850e+02,-6.765956059e-04
9.736286621e+02,-2.679042332e-02
9.738701782e+02,1.854424179e-02
9.741117554e+02,6.183254998e-03
9.743533325e+02,1.006056182e-02
9.745948486e+02,-2.838111296e-02
9.748364258e+02,1.456751768e-02
9.750780029e+02,-1.068468671e-02
9.753196411e+02,-1.870441623e-02
9.755612183e+02,-1.542361826e-02
9.758028564e+02,7.376272697e-03
9.760444336e+02,2.301805839e-02
9.762860718e+02,-2.311195247e-02
9.765277100e+02,6.957887858e-02
9.767693481e+02,6.158400793e-04
9.770109863e+02,3.388777375e-02
9.772526245e+02,-2.443752810e-02
9.774943237e+02,-3.990533296e-03
9.777359619e+02,-3.725418122e-03
9.779776611e+02,1.234717946e-02
9.782193604e+02,-1.820732467e-02
9.784610596e+02,3.673775867e-02
9.787027588e+02,-1.621896215e-02
9.789444580e+02,3.266990185e-03
9.791861572e+02,-2.732065320e-02
9.794278564e+02,-1.495966688e-02
9.796696167e+02,4.598364606e-02
9.799113770e+02,3.435172513e-02
9.801530762e+02,-4.852157086e-03
9.803948364e+02,2.869317541e-03
9.806365967e+02,2.132795006e-02
9.808784180e+02,1.168439165e-02
9.811201782e+02,1.444324502e-03
9.813619385e+02,-3.692278871e-03
9.816037598e+02,-7.097349735e-04
9.818455811e+02,-1.910208911e-02
9.820873413e+02,-1.959917881e-02
9.823291626e+02,3.988600150e-02
9.825709839e+02,1.378045767e-03
9.828128662e+02,2.344886959e-02
9.830546875e+02,-1.718000509e-02
9.832965088e+02,2.102969587e-02
9.835383911e+02,3.014302440e-02
9.837802734e+02,-1.744511910e-02
9.840221558e+02,-2.798344195e-02
9.842639771e+02,-1.989743300e-02
9.845059204e+02,3.565244609e-03
9.847478027e+02,-4.288787488e-03
9.849896851e+02,2.119539306e-02
9.852316284e+02,-3.186075017e-02
9.854735107e+02,1.244659722e-02
9.857154541e+02,7.087131590e-02
9.859573975e+02,-1.505908463e-02
9.861993408e+02,-5.108987098e-04
9.864412842e+02,7.011739537e-03
9.866832275e+02,5.454189144e-03
9.869251709e+02,-1.495966688e-02
9.871671753e+02,-1.356781274e-02
9.874091797e+02,2.832035907e-02
9.876511230e+02,1.875136397e-03
9.878931274e+02,-9.624226950e-03
9.881351318e+02,-2.543170936e-02
9.883771362e+02,1.006056182e-02
9.886192017e+02,8.966962807e-03
9.888612061e+02,-1.737055602e-03
9.891032104e+02,-4.089951515e-03
9.893452759e+02,2.239669440e-03
9.895873413e+02,3.664662596e-03
9.898294067e+02,-4.686459899e-03
9.900714722e+02,7.243715227e-03
9.903135376e+02,2.444305085e-02
9.905556030e+02,-5.349247716e-03
9.907977295e+02,-3.592860652e-03
9.910397949e+02,2.682908624e-02
9.912819214e+02,1.960470155e-02
9.915239868e+02,-6.475986447e-03
9.917661133e+02,-2.745321207e-02
9.920082397e+02,6.846042816e-03
9.922504272e+02,1.413670555e-02
9.924925537e+02,-6.542264950e-03
9.927346802e+02,-2.095789276e-02
9.929768677e+02,-3.592860652e-03
9.932189941e+02,-8.754318696e-04
9.934611816e+02,-1.803334337e-03
9.937033691e+02,-2.042766288e-02
9.939455566e+02,3.488195315e-02
9.941877441e+02,1.655587927e-02
9.944299927e+02,2.593432367e-02
9.946721802e+02,-1.045271195e-02
9.949143677e+02,1.006056182e-02
9.951566162e+02,-2.300424967e-03
9.953988647e+02,3.312556818e-02
9.956411133e+02,-2.331078984e-02
9.958833618e+02,-2.126443287e-04
9.961256104e+02,6.812903564e-03
9.963678589e+02,-1.708058640e-02
9.966101685e+02,7.011739537e-03
9.968524170e+02,3.730941331e-03
9.970947266e+02,2.639827505e-02
9.973370361e+02,1.662215777e-02
9.975793457e+02,-6.807380356e-03
9.978216553e+02,4.508888349e-02
9.980639648e+02,1.685413346e-02
9.983062744e+02,-2.821541764e-02
9.985486450e+02,-1.999685168e-02
9.987909546e+02,-5.481805187e-03
9.990333252e+02,-9.127136320e-03
9.992756958e+02,-2.301253565e-02
9.995180664e+02,-2.907704003e-02
9.997604370e+02,7.421839237e-02
1.000002808e+03,-9.657366201e-03
1.000245178e+03,-1.462827250e-02
1.000487610e+03,3.598383861e-03
1.000729980e+03,1.214834303e-02
1.000972412e+03,3.219766542e-02
1.001214844e+03,-3.023691848e-02
1.001457275e+03,-8.696324192e-03
1.001699707e+03,-5.746920127e-03
1.001942139e+03,-2.930073068e-03
1.002184570e+03,-7.503306959e-03
1.002427063e+03,-7.470167708e-03
1.002669495e+03,8.734987117e-03
1.002911987e+03,-2.101588761e-03
1.003154480e+03,-4.288787488e-03
1.003396973e+03,6.216394715e-03
1.003639465e+03,3.196568787e-02
1.003881958e+03,-1.902752556e-03
1.004124451e+03,-3.120624460e-04
1.004367004e+03,-4.288787488e-03
1.004609497e+03,2.245468833e-02
1.004852051e+03,-1.008817833e-02
1.005094604e+03,-1.870441623e-02
1.005337158e+03,-7.171913050e-03
1.005579712e+03,-1.820732467e-02
1.005822266e+03,7.210575975e-03
1.006064819e+03,2.670481335e-03
1.006307434e+03,2.026749030e-02
1.006549988e+03,3.209824860e-02
1.006792603e+03,1.436868124e-02
1.007035217e+03,1.257915515e-02
1.007277832e+03,-1.592070796e-02
1.007520447e+03,4.041622952e-02
1.007763062e+03,3.630694747e-02
1.008005676e+03,-1.254049223e-02
1.008248352e+03,-2.218404971e-02
1.008490967e+03,6.415230688e-03
1.008733643e+03,-5.481805187e-03
1.008976318e+03,-1.134747453e-02
1.009218994e+03,3.269475698e-02
1.009461670e+03,1.324194204e-02
1.009704346e+03,4.687840864e-02
1.009947021e+03,7.972781546e-03
1.010189758e+03,6.626494229e-02
1.010432434e+03,1.974554500e-03
1.010675171e+03,3.507250512e-04
1.010917908e+03,-7.900979370e-03
1.011160645e+03,-2.553112805e-02
1.011403381e+03,7.011739537e-03
1.011646118e+03,-1.592070796e-02
1.011888855e+03,-1.230851654e-02
1.012131653e+03,-4.885296337e-03
1.012374390e+03,1.990295760e-02
1.012617188e+03,8.768126369e-03
1.012859985e+03,-1.883697324e-02
1.013102783e+03,-4.222508986e-03
1.013345581e+03,2.805524319e-02
1.013588379e+03,8.005920798e-03
1.013831177e+03,4.460007884e-03
1.014074036e+03,1.450123824e-02
1.014316833e+03,-4.255648237e-03
1.014559692e+03,4.857680295e-03
1.014802551e+03,2.749187313e-02
1.015045349e+03,-1.638465934e-02
1.015288269e+03,1.758320071e-02
1.015531128e+03,1.456751768e-02
1.015773987e+03,-1.166975498e-01
1.016016846e+03,-1.153719723e-01
1.016259766e+03,-1.165649965e-01
1.016502686e+03,-1.160679013e-01
1.016745544e+03,-1.195475385e-01
1.016988464e+03,-1.171283647e-01
