1.933779755e+02,-9.666532278e-04
1.935834351e+02,-1.796870306e-02
1.937889099e+02,1.013604924e-02
1.939943848e+02,-1.743842475e-02
1.941998901e+02,5.164690316e-03
1.944053955e+02,-2.988339402e-03
1.946109161e+02,1.298629586e-02
1.948164520e+02,3.739567008e-03
1.950220032e+02,1.540569030e-02
1.952275696e+02,-1.707385853e-02
1.954331360e+02,3.091633134e-02
1.956387177e+02,4.689096659e-02
1.958443298e+02,2.279644459e-02
1.960499420e+02,-7.694559637e-03
1.962555695e+02,1.835536398e-02
1.964611969e+02,3.771052510e-02
1.966668549e+02,9.705197997e-03
1.968725128e+02,3.333572671e-02
1.970782013e+02,1.089832466e-02
1.972838898e+02,4.347730055e-02
1.974895935e+02,2.021133713e-02
1.976953125e+02,2.299529873e-02
1.979010315e+02,-1.379276067e-02
1.981067810e+02,-3.750614589e-03
1.983125305e+02,1.809022389e-02
1.985182953e+02,-5.474019330e-03
1.987240906e+02,-1.165507594e-03
1.989298706e+02,-9.252252057e-03
1.991356812e+02,-1.004766952e-02
1.993415070e+02,1.055032946e-03
1.995473328e+02,-2.410004660e-02
1.997531891e+02,-1.780299097e-02
1.999590454e+02,-1.428989694e-02
2.001649170e+02,8.611499332e-03
2.003708038e+02,-1.909554377e-02
2.005766907e+02,4.655954242e-02
2.007826080e+02,1.948220469e-02
2.009885254e+02,-3.485475434e-03
2.011944733e+02,9.390345804e-05
2.014004211e+02,-2.159779426e-03
2.016063843e+02,-4.413462244e-03
2.018123627e+02,-2.565773763e-02
2.020183411e+02,-6.766572595e-03
2.022243500e+02,3.830708563e-02
2.024303589e+02,-1.364361960e-03
2.026363831e+02,3.068433516e-02
2.028424225e+02,3.688196465e-02
2.030484772e+02,1.507426612e-02
2.032545471e+02,1.099609509e-01
2.034606171e+02,1.419599284e-03
2.036667175e+02,1.056690048e-02
2.038728180e+02,7.053806912e-03
2.040789337e+02,2.690610290e-02
2.042850647e+02,9.937195107e-03
2.044912109e+02,-8.009412559e-04
2.046973724e+02,-1.352762152e-02
2.049035339e+02,-1.163850445e-02
2.051097107e+02,2.710495703e-02
2.053159180e+02,9.511315078e-02
2.055221252e+02,8.580014110e-02
2.057283478e+02,-9.086539969e-03
2.059345703e+02,9.224633686e-04
2.061408234e+02,-1.462132018e-02
2.063470764e+02,1.043433137e-02
2.065533600e+02,-2.126637148e-03
2.067596436e+02,-1.415732689e-02
2.069659424e+02,1.862050220e-02
2.071722412e+02,8.876638487e-03
2.073785706e+02,3.810823336e-02
2.075848999e+02,-6.203151774e-03
2.077912598e+02,-1.916182972e-02
2.079976196e+02,1.971420273e-02
2.082039948e+02,6.573242135e-04
2.084103851e+02,9.937195107e-03
2.086167908e+02,1.434513368e-02
2.088231964e+02,-5.026597064e-04
2.090296173e+02,-2.400061861e-02
2.092360687e+02,7.219518535e-03
2.094425201e+02,1.270458597e-04
2.096489868e+02,8.412645198e-03
2.098554535e+02,5.153090134e-02
2.100619507e+02,1.265487168e-02
2.102684479e+02,-2.042124048e-02
2.104749756e+02,7.716654800e-03
2.106815033e+02,1.457713079e-02
2.108880463e+02,1.305257995e-02
2.110946045e+02,3.426371515e-02
2.113011627e+02,-2.126637148e-03
2.115077515e+02,-2.723200247e-03
2.117143402e+02,3.606997430e-03
2.119209442e+02,-4.380320199e-03
2.121275635e+02,9.937195107e-03
2.123341980e+02,5.464628711e-02
2.125408478e+02,1.275429875e-02
2.127475128e+02,1.050061546e-02
2.129541779e+02,2.269701846e-02
2.131608582e+02,-8.489977568e-03
2.133675537e+02,-7.727702148e-03
2.135742645e+02,1.452741679e-03
2.137809906e+02,-2.284063399e-02
2.139877319e+02,-8.224838413e-03
2.141944733e+02,2.942492440e-02
2.144012299e+02,-2.111723088e-02
2.146080017e+02,-7.329993416e-03
2.148147888e+02,-1.813441515e-02
2.150215912e+02,-6.865999661e-03
2.152284088e+02,-2.141551115e-02
2.154352264e+02,1.618453651e-03
2.156420746e+02,4.336130340e-03
2.158489227e+02,-2.244292572e-02
2.160557861e+02,-3.850041656e-03
2.162626648e+02,6.921236869e-03
2.164695435e+02,1.066632755e-02
2.166764526e+02,2.432099544e-02
2.168833618e+02,-4.645459354e-03
2.170902863e+02,-1.100879908e-02
2.172972412e+02,4.440528899e-02
2.175041809e+02,3.065119311e-02
2.177111511e+02,6.200389937e-02
2.179181366e+02,-2.723200247e-03
2.181251221e+02,1.348343119e-02
2.183321228e+02,-8.523119614e-03
2.185391388e+02,-1.591387391e-02
2.187461700e+02,-6.634003017e-03
2.189532166e+02,-1.167164743e-02
2.191602783e+02,-2.723200247e-03
2.193673401e+02,-3.120908979e-03
2.195744171e+02,6.490386091e-03
2.197815247e+02,-7.628275082e-03
2.199886322e+02,1.341714710e-02
2.201957397e+02,9.870910086e-03
2.204028778e+02,-1.962582208e-02
2.206100159e+02,-2.424918581e-03
2.208171844e+02,-2.158122323e-02
2.210243530e+02,-9.252252057e-03
2.212315369e+02,-2.623772947e-03
2.214387360e+02,2.680667490e-02
2.216459351e+02,-2.085209079e-02
2.218531647e+02,-8.987112902e-03
2.220603943e+02,9.241204709e-03
2.222676392e+02,-6.865999661e-03
2.224748993e+02,3.416428715e-02
2.226821747e+02,2.617696859e-02
2.228894653e+02,5.761253182e-03
2.230967712e+02,-1.846583933e-02
2.233040771e+02,4.066019505e-02
2.235113983e+02,-5.341449752e-03
2.237187347e+02,-4.214608110e-03
2.239260864e+02,4.298016429e-02
2.241334534e+02,-1.992410421e-02
2.243408203e+02,-2.380176447e-02
2.245482178e+02,2.405585535e-02
2.247556152e+02,2.965692058e-02
2.249630280e+02,-9.782530367e-03
2.251704559e+02,3.041919693e-02
2.253778839e+02,5.279031396e-02
2.255853424e+02,2.849693783e-02
2.257928009e+02,-1.892983168e-02
2.260002899e+02,6.656097714e-03
2.262077789e+02,-7.296850905e-03
2.264152832e+02,6.573242135e-04
2.266227875e+02,-1.366019063e-02
2.268303223e+02,1.573711447e-02
2.270378571e+02,-5.142595153e-03
2.272454224e+02,2.309472673e-02
2.274529877e+02,-1.535045356e-02
2.276605682e+02,-2.602230571e-02
2.278681488e+02,-7.495705504e-03
2.280757599e+02,1.278744079e-02
2.282833710e+02,5.197832361e-03
2.284910126e+02,-2.250921167e-02
2.286986542e+02,-1.634472422e-02
2.289063110e+02,1.699652523e-02
2.291139679e+02,7.898937911e-04
2.293216553e+02,2.004562691e-02
2.295293427e+02,4.402414896e-03
2.297370605e+02,6.833409518e-02
2.299447784e+02,2.418842539e-02
2.301525116e+02,-2.595601976e-02
2.303602448e+02,6.854952313e-03
2.305680084e+02,-1.220192574e-02
2.307757721e+02,5.529256538e-03
2.309835663e+02,1.618453651e-03
2.311913605e+02,4.795152321e-02
2.313991699e+02,8.545214310e-03
2.316069794e+02,-2.052066661e-02
2.318148193e+02,2.796665952e-02
2.320226746e+02,1.424570661e-02
2.322305298e+02,5.988278612e-02
2.324384003e+02,-1.289791614e-02
2.326462860e+02,2.584554628e-02
2.328541870e+02,-2.144865505e-02
2.330620880e+02,-2.855769824e-03
2.332700195e+02,-1.213564072e-02
2.334779510e+02,-2.590630669e-03
2.336858978e+02,3.326944262e-02
2.338938599e+02,-7.131138816e-03
2.341018372e+02,-6.634003017e-03
2.343098145e+02,-3.367820010e-02
2.345178223e+02,3.827394545e-02
2.347258301e+02,-3.452332923e-03
2.349338531e+02,-1.253334992e-02
2.351418915e+02,3.068433516e-02
2.353499298e+02,1.795765571e-02
2.355579987e+02,-2.453089692e-02
2.357660675e+02,-3.205421939e-02
2.359741669e+02,-4.347177688e-03
2.361822662e+02,1.779194362e-02
2.363903809e+02,7.072035223e-02
2.365984955e+02,-1.071051788e-02
2.368066406e+02,-1.316305529e-02
2.370147858e+02,1.353314496e-03
2.372229462e+02,4.667554051e-03
2.374311371e+02,5.429829471e-03
2.376393127e+02,4.009677470e-02
2.378475189e+02,3.242431208e-03
2.380557404e+02,7.020664401e-03
2.382639618e+02,2.458613366e-02
2.384721985e+02,-1.087622996e-02
2.386804504e+02,1.318514999e-02
2.388887177e+02,6.183818728e-02
2.390970001e+02,8.931323141e-02
2.393052826e+02,-9.616818279e-03
2.395135956e+02,1.983019989e-03
2.397219086e+02,3.472770751e-02
2.399302368e+02,-2.043781133e-04
2.401385803e+02,-2.320520207e-02
2.403469238e+02,4.324530438e-02
2.405552979e+02,9.937195107e-03
2.407636719e+02,-2.419947274e-02
2.409720612e+02,-9.716246277e-03
2.411804657e+02,-1.501902938e-02
2.413888855e+02,-6.501433440e-03
2.415973206e+02,2.761866381e-05
2.418057556e+02,-1.279848907e-02
2.420142059e+02,2.024448104e-02
2.422226715e+02,1.046581641e-01
2.424311523e+02,-1.349447947e-02
2.426396484e+02,1.983019989e-03
2.428481598e+02,6.092677359e-03
2.430566711e+02,-1.369333360e-02
2.432651978e+02,-8.589404635e-03
2.434737549e+02,1.485884073e-03
2.436822968e+02,-2.260863781e-02
2.438908691e+02,-2.118351497e-02
2.440994568e+02,1.419599284e-03
2.443080444e+02,-2.138236910e-02
2.445166473e+02,4.046134278e-02
2.447252655e+02,2.982263267e-02
2.449338989e+02,-8.721973747e-03
2.451425476e+02,-2.264177985e-02
2.453511963e+02,-1.859840751e-02
2.455598755e+02,3.474427853e-03
2.457685547e+02,6.578212976e-02
2.459772491e+02,-3.036395833e-02
2.461859589e+02,-1.031280868e-02
2.463946686e+02,3.088318929e-02
2.466034088e+02,-1.364361960e-03
2.468121490e+02,-3.414219245e-02
2.470209045e+02,2.877864754e-03
2.472296753e+02,2.113932557e-02
2.474384613e+02,-1.465446316e-02
2.476472626e+02,9.340631776e-03
2.478560638e+02,6.324674003e-03
2.480648804e+02,-3.369477054e-04
2.482737122e+02,1.719537936e-02
2.484825592e+02,-1.568187773e-02
2.486914215e+02,7.716654800e-03
2.489002991e+02,-2.623772947e-03
2.491091766e+02,-6.634003017e-03
2.493180695e+02,1.755994558e-02
2.495269775e+02,1.026861928e-02
2.497359009e+02,-7.329993416e-03
2.499448395e+02,1.938277856e-02
2.501537781e+02,-2.426575869e-02
2.503627472e+02,1.782508567e-02
2.505717163e+02,1.845479012e-02
2.507807007e+02,-3.652844578e-02
2.509897003e+02,2.844722243e-03
2.511987000e+02,5.229317769e-02
2.514077301e+02,-1.558244973e-02
2.516167603e+02,4.536641762e-02
2.518258057e+02,-2.257549576e-02
2.520348663e+02,4.172075167e-02
2.522439423e+02,-3.717472078e-03
2.524530182e+02,8.976065554e-03
2.526621246e+02,-1.873097755e-02
2.528712311e+02,1.262172963e-02
2.530803528e+02,3.209288698e-03
2.532894897e+02,-9.782530367e-03
2.534986420e+02,-2.227721363e-02
2.537077942e+02,-5.971155129e-03
2.539169617e+02,6.357816514e-03
2.541261444e+02,3.138032556e-02
2.543353424e+02,1.593596861e-02
2.545445557e+02,6.077763066e-02
2.547537842e+02,-4.579174332e-03
2.549630127e+02,3.568883613e-02
2.551722717e+02,-2.260863781e-02
2.553815308e+02,1.590282656e-02
2.555908051e+02,-1.080994494e-02
2.558000793e+02,-2.144865505e-02
2.560093689e+02,4.501841962e-03
2.562186890e+02,2.216674015e-02
2.564280090e+02,2.196788415e-02
2.566373596e+02,-1.090937201e-02
2.568467102e+02,-1.677557640e-02
2.570560608e+02,-1.143965032e-02
2.572654419e+02,3.134718165e-02
2.574748230e+02,-2.592287771e-02
2.576842041e+02,-7.661417127e-03
2.578936157e+02,-4.314035177e-03
2.581030579e+02,1.055032946e-03
2.583125000e+02,2.181874355e-03
2.585219421e+02,-1.405789983e-02
2.587313843e+02,5.363544449e-03
2.589408569e+02,1.374857035e-02
2.591503601e+02,-1.018023957e-02
2.593598633e+02,-2.224407159e-02
2.595693665e+02,3.250716627e-02
2.597789001e+02,1.179316919e-02
2.599884338e+02,-2.645315602e-02
2.601979675e+02,2.596154518e-04
2.604075317e+02,9.075492620e-03
2.606170959e+02,-1.828355482e-03
2.608266907e+02,-1.892983168e-02
2.610362854e+02,-2.675143816e-02
2.612459106e+02,9.009207599e-03
2.614555359e+02,-9.003684390e-04
2.616651611e+02,-5.407734308e-03
2.618748169e+02,-1.836641133e-02
2.620844727e+02,5.628683604e-03
2.622941284e+02,1.020233426e-02
2.625038147e+02,-2.211150154e-02
2.627135315e+02,6.573242135e-04
2.629232483e+02,2.140446380e-02
2.631329651e+02,-1.581444591e-02
2.633426819e+02,-2.867369726e-02
2.635524292e+02,1.020233426e-02
2.637622070e+02,-2.028867044e-02
2.639719849e+02,2.712152665e-03
2.641817627e+02,-6.799715105e-03
2.643915710e+02,-7.661417127e-03
2.646013794e+02,-2.391776303e-03
2.648111877e+02,-8.556261659e-03
2.650210266e+02,-1.700757258e-02
2.652308655e+02,-8.009412559e-04
2.654407349e+02,9.904053062e-03
2.656506042e+02,1.003662217e-02
2.658605042e+02,-1.629501116e-03
2.660704041e+02,2.624325454e-02
2.662803040e+02,1.195888128e-02
2.664902344e+02,-2.466346696e-02
2.667001648e+02,7.317288965e-02
2.669101257e+02,-1.299734320e-02
2.671200867e+02,1.055032946e-03
2.673300476e+02,1.199202333e-02
2.675400391e+02,-2.358633792e-03
2.677500305e+02,4.899550695e-03
2.679600525e+02,-7.164281327e-03
2.681700745e+02,6.956036389e-02
2.683800964e+02,-1.496931538e-03
2.685901489e+02,-3.043024428e-02
2.688002014e+02,4.317902029e-02
2.690102844e+02,-5.242022220e-03
2.692203674e+02,-1.568187773e-02
2.694304504e+02,1.850450411e-03
2.696405640e+02,3.184431791e-02
2.698506775e+02,-6.037439685e-03
2.700608215e+02,-2.910454758e-02
2.702709656e+02,-2.410004660e-02
2.704811401e+02,1.222402044e-02
2.706913147e+02,-6.683716783e-04
2.709014893e+02,6.622955669e-03
2.711116943e+02,-6.103724707e-03
2.713218994e+02,7.782939356e-03
2.715321045e+02,7.948650979e-03
2.717423401e+02,3.010434331e-03
2.719526062e+02,3.674939275e-02
2.721628418e+02,-1.909554377e-02
2.723731384e+02,-4.778028931e-03
2.725834045e+02,-2.058695257e-02
2.727937012e+02,-1.206935570e-02
2.730039978e+02,4.354358464e-02
2.732143250e+02,1.215773541e-02
2.734246521e+02,4.422466159e-01
2.736350098e+02,-2.400061861e-02
2.738453674e+02,1.643310487e-02
2.740557556e+02,-2.386804856e-02
2.742661133e+02,-1.985781826e-02
2.744765320e+02,-6.534575950e-03
2.746869202e+02,-2.012295835e-02
2.748973389e+02,-1.198649989e-03
2.751077881e+02,3.138032556e-02
2.753182373e+02,1.030176133e-02
2.755286865e+02,2.219988219e-02
2.757391663e+02,-1.949325204e-02
2.759496460e+02,-7.462562993e-03
2.761601257e+02,-2.811027505e-02
2.763706360e+02,4.612869024e-02
2.765811462e+02,6.402558833e-02
2.767916870e+02,7.120091468e-03
2.770022278e+02,-4.048896022e-03
2.772127991e+02,6.107591093e-02
2.774233704e+02,3.290487453e-02
2.776339417e+02,3.363400698e-02
2.778445435e+02,1.126289088e-02
2.780551453e+02,-1.240077987e-02
2.782657471e+02,-8.622546680e-03
2.784763794e+02,-1.356076356e-02
2.786870422e+02,9.224633686e-04
2.788976746e+02,-1.521788351e-02
2.791083679e+02,7.683512289e-03
2.793190308e+02,8.230361855e-04
2.795297241e+02,-5.275164731e-03
2.797404175e+02,1.119660586e-02
2.799511414e+02,-3.618045012e-03
2.801618652e+02,-1.505217142e-02
2.803726196e+02,-2.085209079e-02
2.805833740e+02,-5.275164731e-03
2.807941284e+02,3.449571133e-02
2.810049133e+02,-1.018023957e-02
2.812156982e+02,3.379971907e-02
2.814265137e+02,-5.540303886e-03
2.816373291e+02,-1.057794783e-02
2.818481750e+02,-3.990896791e-02
2.820589905e+02,-2.101780288e-02
2.822698669e+02,8.341388404e-02
2.824807129e+02,2.060904726e-02
2.826915894e+02,-1.932753995e-02
2.829024963e+02,-9.749388322e-03
2.831134033e+02,7.219518535e-03
2.833243103e+02,4.433900118e-02
2.835352478e+02,-1.662643510e-03
2.837461853e+02,-3.500389308e-02
2.839571228e+02,3.220888600e-02
2.841680908e+02,-2.424918581e-03
2.843790588e+02,-1.074365992e-02
2.845900574e+02,-3.424162045e-02
2.848010559e+02,1.543883327e-02
2.850120850e+02,1.881935820e-02
2.852230835e+02,8.744068444e-03
2.854341431e+02,-3.500389308e-02
2.856452026e+02,2.546440810e-03
2.858562622e+02,-2.519374527e-02
2.860673218e+02,1.288686879e-02
2.862784119e+02,4.004706163e-03
2.864895020e+02,1.716223732e-02
2.867006226e+02,1.099775173e-02
2.869117432e+02,-1.912868582e-02
2.871228943e+02,-2.811027505e-02
2.873340454e+02,-3.452332923e-03
2.875451965e+02,-1.525102649e-02
2.877563782e+02,-1.849898137e-02
2.879675598e+02,-1.200307161e-02
2.881787720e+02,2.281301655e-03
2.883899536e+02,1.043433137e-02
2.886011963e+02,5.529256538e-03
2.888124390e+02,-2.058695257e-02
2.890236816e+02,-5.523732852e-06
2.892349243e+02,4.244988412e-02
2.894461975e+02,-1.412418485e-02
2.896575012e+02,-1.975839213e-02
2.898687744e+02,2.679010388e-03
2.900801086e+02,1.759308949e-02
2.902914124e+02,-1.432303898e-02
2.905027466e+02,-2.516060323e-02
2.907141113e+02,9.042350575e-03
2.909254456e+02,3.847279772e-02
2.911368408e+02,-1.306362823e-02
2.913482056e+02,-8.059126325e-03
2.915596008e+02,1.013604924e-02
2.917710266e+02,1.132917590e-02
2.919824219e+02,2.339300886e-02
2.921938782e+02,-2.509431727e-02
2.924053040e+02,1.212459337e-02
2.926167603e+02,3.890364990e-02
2.928282471e+02,-1.985781826e-02
2.930397034e+02,-1.044537872e-02
2.932512207e+02,8.561785799e-04
2.934627075e+02,2.049304778e-03
2.936742249e+02,-3.684329800e-03
2.938857727e+02,-4.744886421e-03
2.940973206e+02,2.849693783e-02
2.943088684e+02,-1.127393823e-02
2.945204163e+02,4.800123628e-03
2.947320251e+02,-1.160536241e-02
2.949436035e+02,-1.399161480e-02
2.951552124e+02,-8.821400814e-03
2.953668213e+02,-3.154051490e-03
2.955784607e+02,-2.128294297e-02
2.957901001e+02,-2.060352359e-03
2.960017395e+02,-1.137336530e-02
2.962134094e+02,-3.788728267e-02
2.964250793e+02,-1.820069924e-02
2.966367798e+02,2.163646184e-02
2.968484802e+02,5.562399048e-03
2.970601807e+02,-8.920827881e-03
2.972719116e+02,-1.861497876e-03
2.974836731e+02,3.171174973e-02
2.976954041e+02,3.860536963e-02
2.979071655e+02,1.033490431e-02
2.981189575e+02,1.354971621e-02
2.983307495e+02,-2.410004660e-02
2.985425415e+02,-1.332876738e-02
2.987543335e+02,-9.881957434e-03
2.989661865e+02,-1.256649196e-02
2.991780090e+02,-2.204521745e-02
2.993898621e+02,-1.140650827e-02
2.996017151e+02,8.710926399e-03
2.998135986e+02,-2.393433452e-02
3.000254822e+02,1.630053483e-02
3.002373657e+02,1.179316919e-02
3.004492798e+02,-9.683103301e-03
3.006611938e+02,-3.255135566e-02
3.008731384e+02,2.508326992e-02
3.010850830e+02,7.153233979e-03
3.012970581e+02,2.872893400e-02
3.015090027e+02,-2.731485851e-02
3.017210083e+02,6.236846745e-02
3.019329834e+02,-9.948242456e-03
3.021450195e+02,-5.689444952e-04
3.023570251e+02,-2.419947274e-02
3.025690613e+02,2.279644459e-02
3.027810974e+02,2.253130637e-02
3.029931641e+02,-2.194578946e-02
3.032052307e+02,9.146749228e-02
3.034172974e+02,2.362500504e-02
3.036293945e+02,-2.883940935e-02
3.038414917e+02,7.749796845e-03
3.040536194e+02,4.916121834e-04
3.042657471e+02,-1.820069924e-02
3.044779053e+02,3.340201080e-02
3.046900635e+02,-1.364361960e-03
3.049022217e+02,-7.329993416e-03
3.051143799e+02,3.606997430e-03
3.053265991e+02,-9.666532278e-04
3.055387878e+02,-2.161436528e-02
3.057510071e+02,-2.873998135e-02
3.059632263e+02,-1.796870306e-02
3.061754761e+02,-9.252252057e-03
3.063877258e+02,-2.781199478e-02
3.065999756e+02,-2.068637870e-02
3.068122559e+02,-2.045438252e-02
3.070245361e+02,-2.108408697e-02
3.072368469e+02,-1.965896413e-02
3.074491577e+02,-1.259963401e-02
3.076614990e+02,3.076719120e-03
3.078738098e+02,3.621911630e-02
3.080861816e+02,-5.639730953e-03
3.082985229e+02,-2.701657638e-02
3.085108948e+02,2.959063649e-02
3.087232971e+02,-4.778028931e-03
3.089356995e+02,-8.821400814e-03
3.091481018e+02,-5.938012619e-03
3.093605347e+02,2.243187837e-02
3.095729675e+02,-1.631158218e-02
3.097854004e+02,3.209288698e-03
3.099978638e+02,-2.777885273e-02
3.102103271e+02,1.895192638e-02
3.104228210e+02,7.053806912e-03
3.106353149e+02,8.893209742e-04
3.108478088e+02,-1.733899675e-02
3.110603333e+02,-1.753785089e-02
3.112728577e+02,-3.319763346e-03
3.114854126e+02,2.422156744e-02
3.116979675e+02,-1.419046894e-02
3.119105225e+02,-1.107508410e-02
3.121231079e+02,4.235045984e-02
3.123356934e+02,-6.932284683e-03
3.125483093e+02,3.671625257e-02
3.127609253e+02,1.043433137e-02
3.129735413e+02,-1.117451116e-02
3.131861877e+02,-2.330462821e-02
3.133988342e+02,-6.136867218e-03
3.136115112e+02,-1.412418485e-02
3.138241882e+02,1.850450411e-03
3.140368652e+02,7.451515645e-03
3.142495728e+02,-2.244292572e-02
3.144622803e+02,3.767738119e-02
3.146750183e+02,6.183818728e-02
3.148877563e+02,-1.828355482e-03
3.151004944e+02,-2.015610039e-02
3.153132629e+02,-7.827129215e-03
3.155260315e+02,4.965835717e-03
3.157388306e+02,-6.368863862e-03
3.159516296e+02,-2.791142091e-02
3.161644287e+02,-2.101780288e-02
3.163772583e+02,-1.253334992e-02
3.165900879e+02,-1.397504355e-03
3.168029480e+02,9.556057630e-04
3.170158081e+02,4.269845318e-03
3.172286682e+02,1.552168862e-03
3.174415588e+02,2.259759046e-02
3.176544495e+02,-2.310577407e-02
3.178673706e+02,7.144948095e-02
3.180802612e+02,1.799079776e-02
3.182932129e+02,-4.877455998e-03
3.185061646e+02,-3.487132490e-02
3.187191162e+02,-2.204521745e-02
3.189320679e+02,-4.512889776e-03
3.191450500e+02,1.447770372e-02
3.193580322e+02,2.229930833e-02
3.195710449e+02,-1.695785904e-03
3.197840576e+02,-1.728928299e-03
3.199971008e+02,-1.250020694e-02
3.202101440e+02,1.815650985e-02
3.204231873e+02,6.207018346e-02
3.206362610e+02,6.722382735e-03
3.208493347e+02,-2.012295835e-02
3.210624084e+02,-2.635372803e-02
3.212755127e+02,6.241818191e-04
3.214886169e+02,9.904053062e-03
3.217017517e+02,-2.085209079e-02
3.219148865e+02,5.761253182e-03
3.221280518e+02,-1.564873569e-02
3.223411865e+02,3.247402608e-02
3.225543823e+02,2.362500504e-02
3.227675476e+02,6.158961914e-03
3.229807434e+02,3.565569595e-02
3.231939697e+02,-4.347177688e-03
3.234071960e+02,-1.959268004e-02
3.236204224e+02,1.285372581e-02
3.238336792e+02,2.246502042e-02
3.240469360e+02,-1.014709659e-02
3.242601929e+02,2.674039081e-02
3.244734802e+02,-7.064854261e-03
3.246867676e+02,-4.910598509e-03
3.249000854e+02,-1.375961863e-02
3.251134033e+02,1.931649260e-02
3.253267212e+02,-1.472074725e-02
3.255400696e+02,1.268801372e-02
3.257534180e+02,1.192573924e-02
3.259667969e+02,3.761109710e-02
3.261801758e+02,-7.263708394e-03
3.263935547e+02,-2.376862243e-02
3.266069641e+02,-1.077680290e-02
3.268203735e+02,4.523384571e-02
3.270337830e+02,4.998978227e-03
3.272472229e+02,4.501841962e-03
3.274606934e+02,-4.280892666e-03
3.276741333e+02,-3.419190645e-03
3.278876038e+02,4.364301264e-02
3.281011047e+02,1.485884073e-03
3.283146057e+02,-1.049509228e-04
3.285281067e+02,-1.163850445e-02
3.287416382e+02,-1.530073932e-03
3.289551697e+02,7.318946067e-03
3.291687317e+02,-5.208880175e-03
3.293822632e+02,3.144660965e-02
3.295958557e+02,-3.894783929e-02
3.298094177e+02,5.960107781e-03
3.300230103e+02,2.485127375e-02
3.302366333e+02,-9.185967967e-03
3.304502563e+02,1.817308017e-03
3.306638794e+02,-2.491203370e-03
3.308775330e+02,7.219518535e-03
3.310911865e+02,-2.827598713e-02
3.313048401e+02,-7.346564671e-04
3.315185242e+02,-5.208880175e-03
3.317322083e+02,-3.783756867e-03
3.319459229e+02,6.092677359e-03
3.321596375e+02,5.080176890e-02
3.323733521e+02,7.981793955e-03
3.325870972e+02,1.461027283e-02
3.328008423e+02,-3.253478557e-03
3.330146179e+02,-2.472975105e-02
3.332283936e+02,7.476372272e-02
3.334421692e+02,1.457713079e-02
3.336559753e+02,2.014505304e-02
3.338697815e+02,-3.129194677e-02
3.340835876e+02,1.132917590e-02
3.342974243e+02,3.739567008e-03
3.345112915e+02,7.188033313e-02
3.347251282e+02,-3.188850731e-02
3.349389954e+02,1.348343119e-02
3.351528931e+02,4.998978227e-03
3.353667908e+02,-1.399161480e-02
3.355806885e+02,-1.571501978e-02
3.357946167e+02,1.272115670e-02
3.360085449e+02,-1.402475778e-02
3.362224731e+02,4.253274237e-04
3.364364319e+02,-1.389218774e-02
3.366503906e+02,5.855708942e-02
3.368643799e+02,2.740323730e-02
3.370783691e+02,2.505012788e-02
3.372923889e+02,-1.939382590e-02
3.375063782e+02,7.517800201e-03
3.377204285e+02,-9.782530367e-03
3.379344482e+02,7.318946067e-03
3.381484985e+02,-1.220192574e-02
3.383625793e+02,-1.601330191e-02
3.385766296e+02,-2.375205077e-04
3.387907410e+02,-2.559145354e-02
3.390048218e+02,-7.230566349e-03
3.392189331e+02,-6.468290929e-03
3.394330444e+02,2.070847340e-02
3.396471863e+02,9.307489730e-03
3.398613281e+02,-1.730585471e-02
3.400755005e+02,-1.084308699e-02
3.402896729e+02,1.093146671e-02
3.405038452e+02,7.252661046e-03
3.407180481e+02,-1.269906107e-02
3.409322510e+02,-2.479603700e-02
3.411464539e+02,2.428785339e-02
3.413606873e+02,9.440058842e-03
3.415749207e+02,-5.142595153e-03
3.417891846e+02,-2.022238635e-02
3.420034485e+02,3.300430253e-02
3.422177124e+02,-1.684186049e-02
3.424320068e+02,1.533940621e-02
3.426463318e+02,-9.583676234e-03
3.428606262e+02,-1.979153417e-02
3.430749512e+02,7.451515645e-03
3.432892761e+02,-1.816755719e-02
3.435036316e+02,3.346829489e-02
3.437179871e+02,-1.647729427e-02
3.439323730e+02,-3.934554756e-02
3.441467590e+02,-9.997956222e-04
3.443611450e+02,-2.655258402e-02
3.445755615e+02,-1.482017525e-02
3.447899780e+02,-2.400061861e-02
3.450044250e+02,-5.938012619e-03
3.452188721e+02,-5.010025576e-03
3.454333191e+02,9.556057630e-04
3.456477661e+02,-2.582344972e-02
3.458622742e+02,-1.508531440e-02
3.460767517e+02,2.703867108e-02
3.462912598e+02,-2.888912102e-03
3.465057678e+02,-2.711600438e-02
3.467203064e+02,-9.003684390e-04
3.469348450e+02,-1.364361960e-03
3.471493835e+02,3.739567008e-03
3.473639526e+02,-5.689444952e-04
3.475785217e+02,1.749366149e-02
3.477931213e+02,-4.314035177e-03
3.480077209e+02,1.908449642e-02
3.482223206e+02,5.065262783e-03
3.484369507e+02,-2.602230571e-02
3.486515808e+02,2.596154518e-04
3.488662109e+02,-5.076310597e-03
3.490808716e+02,2.604440041e-02
3.492955627e+02,-1.743842475e-02
3.495102234e+02,1.341714710e-02
3.497249146e+02,-1.375961863e-02
3.499396362e+02,-5.407734308e-03
3.501543579e+02,-3.783756867e-03
3.503690796e+02,-7.661417127e-03
3.505838318e+02,-7.760844659e-03
3.507985840e+02,1.779194362e-02
3.510133362e+02,-9.749388322e-03
3.512281189e+02,3.287173435e-02
3.514429016e+02,1.573711447e-02
3.516577148e+02,-2.787827887e-02
3.518725281e+02,5.391715467e-02
3.520873413e+02,1.971420273e-02
3.523021851e+02,-1.598015800e-02
3.525170288e+02,3.611968830e-02
3.527318726e+02,-8.059126325e-03
3.529467468e+02,-6.070582196e-03
3.531616516e+02,2.995520271e-02
3.533765259e+02,2.977291821e-03
3.535914307e+02,-1.054480579e-02
3.538063660e+02,-4.512889776e-03
3.540213013e+02,1.915078051e-02
3.542362366e+02,-2.358633792e-03
3.544512024e+02,-4.115181044e-03
3.546661682e+02,3.323629871e-02
3.548811340e+02,9.539486840e-03
3.550961304e+02,-2.264177985e-02
3.553111267e+02,-3.855013102e-02
3.555261536e+02,2.806608565e-02
3.557411804e+02,-1.259963401e-02
3.559562073e+02,4.407386482e-02
3.561712646e+02,-2.526002936e-02
3.563863220e+02,3.681567684e-02
3.566013794e+02,1.974734478e-02
3.568164673e+02,-2.807713300e-02
3.570315857e+02,7.617227267e-03
3.572466736e+02,4.667554051e-03
3.574617920e+02,2.707181312e-02
3.576769409e+02,-9.451107122e-03
3.578920898e+02,4.601269495e-03
3.581072388e+02,-1.114136912e-02
3.583223877e+02,3.774366528e-02
3.585375671e+02,6.395930052e-02
3.587527771e+02,-1.153907739e-02
3.589679871e+02,-1.946010999e-02
3.591831970e+02,-2.557488158e-03
3.593984070e+02,-2.221092954e-02
3.596136475e+02,-2.192921937e-03
3.598289185e+02,-6.170009263e-03
3.600441589e+02,1.490855496e-02
3.602594299e+02,1.088175341e-03
3.604747314e+02,2.630953863e-02
3.606900330e+02,9.108635597e-03
3.609053345e+02,5.043720454e-02
3.611206665e+02,-1.879726164e-02
3.613359985e+02,-7.595132571e-03
3.615513306e+02,-1.415732689e-02
3.617666931e+02,9.307489730e-03
3.619820557e+02,-3.685986996e-02
3.621974487e+02,1.192573924e-02
3.624128418e+02,2.253130637e-02
3.626282349e+02,7.153233979e-03
3.628436584e+02,-1.099222805e-03
3.630590820e+02,-3.112623468e-02
3.632745056e+02,4.284759611e-02
3.634899597e+02,7.153233979e-03
3.637054443e+02,3.673282219e-03
3.639208984e+02,-1.342819445e-02
3.641363831e+02,9.970337152e-03
3.643518982e+02,-2.015610039e-02
3.645674133e+02,-2.569088154e-02
3.647829285e+02,3.847279772e-02
3.649984436e+02,7.111805677e-02
3.652139893e+02,1.726166531e-02
3.654295654e+02,3.308715997e-03
3.656451111e+02,-2.844169922e-02
3.658607178e+02,-1.563216327e-03
3.660762939e+02,-9.219110012e-03
3.662919006e+02,1.023547631e-02
3.665075073e+02,3.409800306e-02
3.667231445e+02,5.282345414e-02
3.669387817e+02,-3.038053110e-04
3.671544495e+02,-3.155708686e-02
3.673700867e+02,-1.975839213e-02
3.675857849e+02,-2.043781133e-04
3.678014526e+02,4.075962305e-02
3.680171509e+02,1.292001083e-02
3.682328796e+02,-1.763727888e-02
3.684485779e+02,3.038605303e-02
3.686643066e+02,-4.148323089e-03
3.688800659e+02,2.281301655e-03
3.690958252e+02,-1.750470884e-02
3.693115845e+02,2.070847340e-02
3.695273743e+02,6.269989163e-02
3.697431641e+02,2.163646184e-02
3.699589539e+02,-1.790241711e-02
3.701747742e+02,2.833122574e-02
3.703906250e+02,-1.465446316e-02
3.706064453e+02,1.083203964e-02
3.708222961e+02,-1.001452748e-02
3.710381775e+02,3.938421607e-03
3.712540283e+02,1.160260066e-01
3.714699097e+02,-1.405789983e-02
3.716858215e+02,-1.866469346e-02
3.719017334e+02,7.453172654e-02
3.721176453e+02,1.444456074e-02
3.723335876e+02,-6.683716783e-04
3.725495300e+02,-1.932753995e-02
3.727654724e+02,-2.211150154e-02
3.729814453e+02,2.034390718e-02
3.731974182e+02,-1.269906107e-02
3.734134216e+02,3.608654439e-02
3.736294250e+02,3.341858275e-03
3.738454285e+02,5.090119690e-02
3.740614624e+02,-2.121665701e-02
3.742774963e+02,5.694968626e-03
3.744935608e+02,6.622955669e-03
3.747096252e+02,-1.588073187e-02
3.749256897e+02,-3.036395833e-02
3.751417847e+02,-2.585659362e-02
3.753578796e+02,1.235659048e-02
3.755739746e+02,2.939178236e-02
3.757901001e+02,-1.896297373e-02
3.760062256e+02,-1.173793245e-02
3.762223816e+02,1.467655785e-02
3.764385376e+02,5.570684373e-02
3.766546936e+02,-2.668515220e-02
3.768708801e+02,3.996420652e-02
3.770870667e+02,-1.982467622e-02
3.773032837e+02,-5.308307242e-03
3.775194702e+02,-5.208880175e-03
3.777357178e+02,-1.561559271e-02
3.779519348e+02,2.737009525e-02
3.781681824e+02,4.423957691e-02
3.783844604e+02,-1.833326928e-02
3.786007385e+02,-2.124979906e-02
3.788170166e+02,-1.468760520e-02
3.790332947e+02,7.797853649e-02
3.792496033e+02,-2.549202740e-02
3.794659424e+02,5.202803761e-02
3.796822510e+02,-1.236763783e-02
3.798986206e+02,1.166060008e-02
3.801149597e+02,-3.874898329e-02
3.803313293e+02,-3.096052259e-02
3.805476990e+02,8.893209742e-04
3.807640991e+02,-1.157222036e-02
3.809804993e+02,-8.589404635e-03
3.811968994e+02,-2.724857442e-02
3.814133301e+02,-7.396277972e-03
3.816297607e+02,3.109861631e-03
3.818462219e+02,9.390345804e-05
3.820626831e+02,1.305257995e-02
3.822791443e+02,5.728110671e-03
3.824956360e+02,3.375000786e-03
3.827121277e+02,-2.267492190e-02
3.829286194e+02,-9.915100411e-03
3.831451416e+02,5.517656729e-02
3.833616638e+02,6.959351152e-02
3.835782166e+02,-2.320520207e-02
3.837947693e+02,-2.691715024e-02
3.840113220e+02,1.921706647e-02
3.842279053e+02,1.785822771e-02
3.844444885e+02,-1.289791614e-02
3.846610718e+02,-3.255135566e-02
3.848776855e+02,4.095847905e-02
3.850943298e+02,-1.530073932e-03
3.853109436e+02,1.050061546e-02
3.855275879e+02,-2.085209079e-02
3.857442627e+02,-1.150593534e-02
3.859609070e+02,4.278130829e-02
3.861776123e+02,-1.680871844e-02
3.863942871e+02,-9.782530367e-03
3.866109924e+02,2.498384379e-02
3.868276978e+02,-1.932753995e-02
3.870444336e+02,-9.915100411e-03
3.872611694e+02,-6.269436795e-03
3.874779358e+02,-4.778028931e-03
3.876947021e+02,2.216674015e-02
3.879114685e+02,-2.356976829e-02
3.881282349e+02,-1.442246605e-02
3.883450317e+02,-1.273220405e-02
3.885618591e+02,1.298629586e-02
3.887786560e+02,-4.143352062e-02
3.889955139e+02,-2.187950537e-02
3.892123413e+02,2.514955588e-02
3.894291992e+02,1.179316919e-02
3.896460571e+02,2.117246762e-02
3.898629456e+02,-6.070582196e-03
3.900798340e+02,-1.720642671e-02
3.902967224e+02,-8.059126325e-03
3.905136414e+02,1.407999452e-02
3.907305603e+02,-1.432303898e-02
3.909475098e+02,1.842164807e-02
3.911644592e+02,5.595541093e-03
3.913814087e+02,5.792738497e-02
3.915983887e+02,-2.704971842e-02
3.918153687e+02,1.222402044e-02
3.920323486e+02,-7.396277972e-03
3.922493591e+02,1.646624692e-02
3.924663696e+02,4.037848674e-03
3.926834106e+02,5.322116613e-02
3.929004517e+02,-1.099222805e-03
3.931174927e+02,-3.102680668e-02
3.933345642e+02,6.097648665e-02
3.935516357e+02,8.556814492e-02
3.937687073e+02,-1.442246605e-02
3.939858093e+02,5.438114703e-02
3.942029114e+02,-3.752271459e-02
3.944200439e+02,9.406916797e-03
3.946371765e+02,3.022034094e-02
3.948543091e+02,2.037704922e-02
3.950714722e+02,1.219087839e-02
3.952886353e+02,1.552168862e-03
3.955058289e+02,-1.008081250e-02
3.957230225e+02,1.026861928e-02
3.959402161e+02,-2.844169922e-02
3.961574402e+02,6.173875928e-02
3.963746643e+02,-1.528416853e-02
3.965918884e+02,-1.531731058e-02
3.968091431e+02,-2.970110998e-02
3.970263977e+02,5.351944640e-02
3.972436829e+02,-1.458817814e-02
3.974609375e+02,-1.660986431e-02
3.976782532e+02,-3.139137477e-02
3.978955383e+02,1.983019989e-03
3.981128845e+02,4.592983797e-02
3.983302002e+02,-1.601330191e-02
3.985475464e+02,6.689240225e-03
3.987648926e+02,3.983163834e-02
3.989822693e+02,2.432099544e-02
3.991996155e+02,8.346360177e-03
3.994170227e+02,-2.433204278e-02
3.996343994e+02,9.937195107e-03
3.998518372e+02,-1.525102649e-02
4.000692444e+02,-3.868269920e-02
4.002866821e+02,-4.096952453e-02
4.005041199e+02,1.003662217e-02
4.007215881e+02,1.825593598e-02
4.009390564e+02,-2.224407159e-02
4.011565247e+02,3.565569595e-02
4.013740234e+02,-1.130708121e-02
4.015915222e+02,5.462971516e-03
4.018090210e+02,5.040406063e-02
4.020265503e+02,-2.360291034e-02
4.022440796e+02,4.165446758e-02
4.024616394e+02,-1.694128849e-02
4.026791992e+02,-1.264934777e-03
4.028967590e+02,-1.087622996e-02
4.031143494e+02,-1.889668964e-02
4.033319397e+02,-1.032938017e-03
4.035495605e+02,-9.981385432e-03
4.037671814e+02,-1.049509228e-04
4.039848022e+02,7.254318148e-02
4.042024231e+02,-2.260863781e-02
4.044200745e+02,-1.448875107e-02
4.046377563e+02,7.285803556e-03
4.048554382e+02,-1.153907739e-02
4.050731201e+02,-2.060352359e-03
4.052908020e+02,-6.236294284e-03
4.055085144e+02,-1.753785089e-02
4.057262268e+02,2.780094743e-02
4.059439697e+02,-1.031280868e-02
4.061617126e+02,3.837336972e-02
4.063794556e+02,-2.297320403e-02
4.065972290e+02,1.686395518e-02
4.068150024e+02,-2.045438252e-02
4.070328064e+02,-2.559145354e-02
4.072506104e+02,3.777680919e-02
4.074684143e+02,7.705054432e-02
4.076862488e+02,-3.314791992e-02
4.079040833e+02,-1.508531440e-02
4.081219177e+02,-1.531731058e-02
4.083397827e+02,-7.230566349e-03
4.085576477e+02,-4.711743910e-03
4.087755432e+02,-4.844313487e-03
4.089934387e+02,7.512828708e-02
4.092113342e+02,5.661826115e-03
4.094292603e+02,7.584085222e-03
4.096471863e+02,-1.581444591e-02
4.098651123e+02,1.076575462e-02
4.100830688e+02,1.484226994e-02
4.103010254e+02,-5.573446397e-03
4.105189819e+02,-3.298220783e-02
4.107369690e+02,-1.389218774e-02
4.109549866e+02,4.261559620e-02
4.111729736e+02,2.745295176e-03
4.113909912e+02,-2.656915458e-03
4.116090393e+02,-4.612316843e-03
4.118270874e+02,1.835536398e-02
4.120451355e+02,-3.122566082e-02
4.122631836e+02,1.623425074e-02
4.124812622e+02,7.816081867e-03
4.126993713e+02,-2.888912102e-03
4.129174500e+02,9.638913907e-03
4.131355591e+02,-2.433204278e-02
4.133536987e+02,-1.960925059e-03
4.135718079e+02,2.869579196e-02
4.137899780e+02,-4.479747266e-03
4.140081177e+02,-1.634472422e-02
4.142262878e+02,1.341714710e-02
4.144444580e+02,-2.681772225e-02
4.146626587e+02,3.540712642e-03
4.148808594e+02,-1.856526546e-02
4.150990906e+02,1.835536398e-02
4.153172913e+02,1.785822771e-02
4.155355225e+02,5.264117382e-03
4.157537842e+02,1.232344750e-02
4.159720459e+02,1.142860297e-02
4.161903076e+02,-7.959699258e-03
4.164085999e+02,-5.540303886e-03
4.166268921e+02,-2.807713300e-02
4.168451843e+02,5.467943102e-02
4.170635071e+02,-1.535045356e-02
4.172818298e+02,-6.700287573e-03
4.175001831e+02,2.176903002e-02
4.177185364e+02,3.739567008e-03
4.179368896e+02,2.213359624e-02
4.181552734e+02,-3.911355138e-02
4.183736572e+02,1.983019989e-03
4.185920410e+02,1.069947053e-02
4.188104553e+02,2.007876895e-02
4.190288696e+02,3.078376316e-02
4.192473145e+02,-2.960168384e-02
4.194657288e+02,1.320172101e-03
4.196842041e+02,-2.234349959e-02
4.199026489e+02,4.112419114e-02
4.201211243e+02,-2.718228847e-02
4.203396301e+02,1.739423349e-02
4.205581360e+02,1.010290720e-02
4.207766418e+02,-3.735700622e-02
4.209951477e+02,-1.936068386e-02
4.212136841e+02,-1.999038830e-02
4.214322205e+02,1.933306485e-04
4.216507874e+02,2.508326992e-02
4.218693542e+02,-1.485331729e-02
4.220879211e+02,1.001839414e-01
4.223065186e+02,2.645867877e-03
4.225251160e+02,1.868678816e-02
4.227437439e+02,-7.031711750e-03
4.229623718e+02,2.727066912e-02
4.231809998e+02,1.121317735e-03
4.233996277e+02,2.932549641e-02
4.236182861e+02,-1.700757258e-02
4.238369751e+02,5.176289752e-02
4.240556641e+02,2.809922770e-02
4.242743530e+02,2.120560966e-02
4.244930420e+02,-1.995724626e-02
4.247117615e+02,7.353745401e-02
4.249304810e+02,5.628683604e-03
4.251492310e+02,-8.688831702e-03
4.253679810e+02,-1.879726164e-02
4.255867310e+02,1.606853865e-02
4.258055115e+02,2.074161544e-02
4.260242920e+02,6.949408352e-02
4.262430725e+02,-1.366019063e-02
4.264618835e+02,-1.803498715e-02
4.266806946e+02,-3.717472078e-03
4.268995361e+02,-2.814341895e-02
4.271183777e+02,-2.131608501e-02
4.273372192e+02,3.375000786e-03
4.275560913e+02,6.092677359e-03
4.277749634e+02,3.834022954e-02
4.279938354e+02,-2.678458020e-02
4.282127380e+02,3.780994937e-02
4.284316406e+02,5.073548481e-02
4.286505737e+02,2.395642921e-02
4.288695068e+02,-4.120152071e-02
4.290884399e+02,8.478929289e-03
4.293074036e+02,3.254031017e-02
4.295263672e+02,8.715897799e-02
4.297453308e+02,3.625225648e-02
4.299643250e+02,-4.910598509e-03
4.301833191e+02,1.032330394e-01
4.304023438e+02,-1.985781826e-02
4.306213379e+02,-3.606444970e-02
4.308403931e+02,1.915078051e-02
4.310594177e+02,-1.750470884e-02
4.312784729e+02,2.932549641e-02
4.314975586e+02,-3.036395833e-02
4.317166138e+02,7.584085222e-03
4.319357300e+02,-1.226821076e-02
4.321548157e+02,-2.270806581e-02
4.323739319e+02,-2.472975105e-02
4.325930481e+02,-7.495705504e-03
4.328121948e+02,5.462971516e-03
4.330313416e+02,-1.853212342e-02
4.332504883e+02,4.700696561e-03
4.334696655e+02,3.043576842e-03
4.336888428e+02,-8.688831702e-03
4.339080200e+02,-2.234349959e-02
4.341272278e+02,-2.665201016e-02
4.343464355e+02,8.810353465e-03
4.345656738e+02,7.400144637e-02
4.347849121e+02,-3.039710037e-02
4.350041504e+02,-3.739014640e-02
4.352234192e+02,1.354971621e-02
4.354426880e+02,1.144683138e-01
4.356619568e+02,-2.999939211e-02
4.358812561e+02,-2.731485851e-02
4.361005554e+02,-8.059126325e-03
4.363198853e+02,-8.224838413e-03
4.365392151e+02,-1.359390654e-02
4.367585449e+02,-2.956854180e-02
4.369778748e+02,-6.865999661e-03
4.371972351e+02,2.558040619e-02
4.374166260e+02,5.746339262e-02
4.376360168e+02,-1.843269542e-02
4.378554077e+02,1.233504787e-01
4.380747986e+02,1.746051945e-02
4.382942200e+02,-1.309677027e-02
4.385136414e+02,-2.257549576e-02
4.387330933e+02,6.173875928e-02
4.389525452e+02,2.869579196e-02
4.391719971e+02,1.452741679e-03
4.393914795e+02,-4.214608110e-03
4.396109619e+02,3.635168448e-02
4.398304443e+02,9.473201819e-03
4.400499573e+02,-3.695929423e-02
4.402694702e+02,-4.020725191e-02
4.404890137e+02,2.016162500e-03
4.407085571e+02,-2.161436528e-02
4.409281006e+02,1.729480736e-02
4.411476746e+02,-1.236763783e-02
4.413672485e+02,2.415528335e-02
4.415868225e+02,3.244088218e-02
4.418064270e+02,-2.410004660e-02
4.420260315e+02,1.699652523e-02
4.422456360e+02,-7.329993416e-03
4.424652710e+02,7.161519676e-02
4.426849060e+02,-4.120152071e-02
4.429045715e+02,-2.535945736e-02
4.431242371e+02,-2.300634608e-02
4.433439026e+02,-5.374591798e-03
4.435635986e+02,-2.542574145e-02
4.437832947e+02,-9.219110012e-03
4.440029907e+02,-2.226064214e-03
4.442227173e+02,-1.100879908e-02
4.444424438e+02,2.413871232e-03
4.446622009e+02,-1.999038830e-02
4.448819580e+02,7.550942712e-03
4.451017151e+02,-8.721973747e-03
4.453215027e+02,-6.070582196e-03
4.455412903e+02,-4.082038533e-03
4.457610779e+02,-1.697443053e-02
4.459808960e+02,-6.501433440e-03
4.462007141e+02,-4.214608110e-03
4.464205322e+02,1.179316919e-02
4.466403809e+02,1.348343119e-02
4.468602600e+02,1.802393980e-02
4.470801086e+02,-1.641101018e-02
4.472999878e+02,-3.092737868e-02
4.475198669e+02,2.546440810e-03
4.477397766e+02,-1.482017525e-02
4.479596863e+02,-2.347034030e-02
4.481796265e+02,3.674939275e-02
4.483995361e+02,7.252661046e-03
4.486194763e+02,4.109104723e-02
4.488394470e+02,-3.410904855e-02
4.490594177e+02,-2.688400634e-02
4.492793884e+02,2.859636396e-02
4.494993896e+02,-1.021338161e-02
4.497193909e+02,-1.687500253e-02
4.499393921e+02,-6.600860506e-03
4.501594238e+02,4.634411540e-03
4.503794556e+02,2.442042157e-02
4.505994873e+02,3.847279772e-02
4.508195496e+02,6.687583029e-02
4.510396118e+02,-7.462562993e-03
4.512597046e+02,-7.893414237e-03
4.514797974e+02,2.513298299e-03
4.516998901e+02,1.838850603e-02
4.519200134e+02,-8.191695437e-03
4.521401367e+02,4.735495895e-02
4.523602600e+02,-2.091837488e-02
4.525804138e+02,-1.303048525e-02
4.528005676e+02,6.987521891e-03
4.530207520e+02,-1.435618103e-02
4.532409058e+02,-3.855013102e-02
4.534611206e+02,6.357816514e-03
4.536813049e+02,4.069333896e-02
4.539015198e+02,-2.259206725e-03
4.541217346e+02,-5.739158485e-03
4.543419800e+02,-3.518617712e-03
4.545622253e+02,-1.710700057e-02
4.547825012e+02,-2.988339402e-03
4.550027466e+02,-1.899611764e-02
4.552230225e+02,2.770151943e-02
4.554433289e+02,-1.912868582e-02
4.556636353e+02,-1.230135281e-02
4.558839417e+02,-1.296420023e-02
4.561042786e+02,-2.983368002e-02
4.563246155e+02,4.612869024e-02
4.565449524e+02,-1.496931538e-03
4.567653198e+02,-8.755116723e-03
4.569856873e+02,-1.611272804e-02
4.572060547e+02,1.417942159e-02
4.574264526e+02,-2.018924244e-02
4.576468506e+02,-1.654358022e-02
4.578672791e+02,3.582140803e-02
4.580877075e+02,-1.919497177e-02
4.583081360e+02,3.540712642e-03
4.585285645e+02,-3.154051490e-03
4.587490234e+02,-1.859840751e-02
4.589695129e+02,1.182631217e-02
4.591900024e+02,-4.082038533e-03
4.594104919e+02,5.429829471e-03
4.596309814e+02,-2.400061861e-02
4.598515015e+02,4.546584561e-02
4.600720215e+02,-8.953970857e-03
4.602925720e+02,1.679767109e-02
4.605130920e+02,-7.661417127e-03
4.607336731e+02,5.590569973e-02
4.609542236e+02,-1.664300635e-02
4.611748047e+02,-3.016510420e-02
4.613954163e+02,4.253274237e-04
4.616159973e+02,1.968105882e-02
4.618366394e+02,-2.214464359e-02
4.620572510e+02,1.941592060e-02
4.622778931e+02,2.664096281e-02
4.624985352e+02,3.499284759e-02
4.627192078e+02,2.977291821e-03
4.629398499e+02,1.881935820e-02
4.631605530e+02,1.585311256e-03
4.633812256e+02,1.885250024e-02
4.636019287e+02,-3.238564357e-02
4.638226624e+02,-1.319619734e-02
4.640433655e+02,-1.167164743e-02
4.642641296e+02,4.798466712e-02
4.644848633e+02,-1.982467622e-02
4.647056274e+02,-3.669415787e-02
4.649263916e+02,2.761866381e-05
4.651471863e+02,-7.396277972e-03
4.653679504e+02,-2.923711762e-02
4.655887756e+02,-2.406690270e-02
4.658095703e+02,2.115589567e-03
4.660303955e+02,2.347586444e-03
4.662512512e+02,-7.064854261e-03
4.664720764e+02,1.842164807e-02
4.666929626e+02,-1.206935570e-02
4.669138184e+02,4.251617193e-02
4.671347046e+02,-1.607958600e-02
4.673555908e+02,-2.065323666e-02
4.675765076e+02,4.947607219e-02
4.677973938e+02,8.909780532e-03
4.680183411e+02,3.375000786e-03
4.682392578e+02,-1.730585471e-02
4.684602051e+02,-1.173793245e-02
4.686811829e+02,6.158961914e-03
4.689021301e+02,-3.062909842e-02
4.691231384e+02,1.626739278e-02
4.693441162e+02,-2.297320403e-02
4.695651245e+02,6.622955669e-03
4.697861328e+02,9.406916797e-03
4.700071411e+02,-3.407590836e-02
4.702281799e+02,2.654153481e-02
4.704492493e+02,7.683512289e-03
4.706702881e+02,-2.292349003e-03
4.708913574e+02,-1.578130387e-02
4.711124573e+02,-9.020255879e-03
4.713335266e+02,2.574611828e-02
4.715546265e+02,-4.910598509e-03
4.717757568e+02,3.920193017e-02
4.719968872e+02,8.213790134e-03
4.722180176e+02,3.452885151e-02
4.724391479e+02,3.051862307e-02
4.726603088e+02,-7.694559637e-03
4.728814697e+02,3.408143064e-03
4.731026611e+02,-1.180421654e-02
4.733238525e+02,-4.017410800e-02
4.735450439e+02,-1.621215604e-02
4.737662659e+02,-8.688831702e-03
4.739874878e+02,-1.743842475e-02
4.742087097e+02,-1.475389022e-02
4.744299622e+02,-4.000839591e-02
4.746512146e+02,-1.392532978e-02
4.748724976e+02,1.550511736e-02
4.750937805e+02,-3.344620019e-02
4.753150635e+02,-1.786927506e-02
4.755363464e+02,1.651596045e-03
4.757576599e+02,1.219087839e-02
4.759790039e+02,-7.926556282e-03
4.762003174e+02,-1.753785089e-02
4.764216614e+02,-9.716246277e-03
4.766430359e+02,-1.379276067e-02
4.768643799e+02,8.147506043e-03
4.770857544e+02,-6.037439685e-03
4.773071594e+02,3.486027569e-02
4.775285645e+02,3.872136585e-03
4.777499695e+02,-1.463789144e-03
4.779714050e+02,1.477598492e-02
4.781928101e+02,-1.442246605e-02
4.784142761e+02,-1.001452748e-02
4.786357117e+02,-1.927782665e-03
4.788571777e+02,-1.482017525e-02
4.790786743e+02,1.621270776e-01
4.793001404e+02,1.746051945e-02
4.795216370e+02,-2.366919443e-02
4.797431641e+02,5.264117382e-03
4.799646912e+02,-8.456834592e-03
4.801862183e+02,-2.300634608e-02
4.804077454e+02,-1.932753995e-02
4.806293030e+02,-2.303948998e-02
4.808508606e+02,-1.415732689e-02
4.810724487e+02,-5.805443041e-03
4.812940369e+02,-1.922811382e-02
4.815156250e+02,6.291531492e-03
4.817372437e+02,-4.778028931e-03
4.819588623e+02,-2.038809657e-02
4.821804810e+02,-1.032938017e-03
4.824021301e+02,-3.394333646e-02
4.826237793e+02,1.351657417e-02
4.828454590e+02,2.256444842e-02
4.830671082e+02,9.307489730e-03
4.832888184e+02,-2.797770686e-02
4.835104980e+02,-4.910598509e-03
4.837322083e+02,6.140733510e-02
4.839539185e+02,-2.045438252e-02
4.841756592e+02,3.283859044e-02
4.843973999e+02,5.032120738e-03
4.846191406e+02,2.942492440e-02
4.848409119e+02,-1.508531440e-02
4.850626831e+02,-1.617901400e-02
4.852844543e+02,-9.649961255e-03
4.855062561e+02,3.664996475e-02
4.857280579e+02,-2.681772225e-02
4.859498901e+02,1.457713079e-02
4.861717224e+02,3.043576842e-03
4.863935547e+02,-1.180421654e-02
4.866154175e+02,-9.384822100e-03
4.868372498e+02,-2.983368002e-02
4.870591431e+02,-4.778028931e-03
4.872810059e+02,-1.243392192e-02
4.875028992e+02,2.097361349e-02
4.877248230e+02,-2.012295835e-02
4.879467163e+02,4.563155770e-02
4.881686707e+02,3.999735042e-02
4.883905945e+02,-3.576616943e-02
4.886125488e+02,-3.596502542e-02
4.888345032e+02,1.517369412e-02
4.890564575e+02,5.255831778e-02
4.892784424e+02,3.772709519e-03
4.895004578e+02,-1.346133649e-02
4.897224426e+02,-1.525102649e-02
4.899444580e+02,-9.782530367e-03
4.901664734e+02,2.799980156e-02
4.903885193e+02,-1.200307161e-02
4.906105652e+02,-1.405789983e-02
4.908326111e+02,3.085004725e-02
4.910546875e+02,3.429685533e-02
4.912767639e+02,-2.174693532e-02
4.914988708e+02,1.799079776e-02
4.917209778e+02,4.891265184e-02
4.919430847e+02,-1.879726164e-02
4.921651917e+02,-2.400061861e-02
4.923873291e+02,-2.756342525e-03
4.926094666e+02,1.441141870e-02
4.928316345e+02,-1.415732689e-02
4.930538025e+02,-2.509431727e-02
4.932759705e+02,-1.637786813e-02
4.934981689e+02,-7.827129215e-03
4.937203674e+02,-3.155708686e-02
4.939425659e+02,2.173588797e-02
4.941647949e+02,-1.654358022e-02
4.943870239e+02,-8.489977568e-03
4.946092834e+02,-2.618801594e-02
4.948315125e+02,-1.213564072e-02
4.950538025e+02,-1.762070693e-03
4.952760620e+02,-3.286621068e-03
4.954983521e+02,-3.623016179e-02
4.957206421e+02,1.003662217e-02
4.959429626e+02,-1.392532978e-02
4.961652832e+02,4.284759611e-02
4.963876038e+02,-1.137336530e-02
4.966099548e+02,8.744068444e-03
4.968323059e+02,-1.694128849e-02
4.970546570e+02,2.181874355e-03
4.972770386e+02,-1.392532978e-02
4.974994202e+02,6.192104425e-03
4.977218018e+02,1.925020851e-02
4.979442139e+02,-1.137336530e-02
4.981666260e+02,-1.916182972e-02
4.983890686e+02,-1.094251405e-02
4.986115112e+02,2.418842539e-02
4.988339539e+02,-9.152824990e-03
4.990564270e+02,-3.866613042e-05
4.992788696e+02,3.242431208e-03
4.995013733e+02,2.959063649e-02
4.997238464e+02,-7.628275082e-03
4.999463501e+02,-2.724857442e-02
5.001688843e+02,-1.253334992e-02
5.003914185e+02,4.927721992e-02
5.006139526e+02,-1.094251405e-02
5.008364868e+02,3.830708563e-02
5.010590515e+02,-4.778028931e-03
5.012816162e+02,-1.203621365e-02
5.015041809e+02,-2.227721363e-02
5.017267761e+02,-1.853212342e-02
5.019493713e+02,1.331772003e-02
5.021719971e+02,2.223302424e-02
5.023946228e+02,-6.799715105e-03
5.026172485e+02,-2.095151879e-02
5.028399048e+02,-2.330462821e-02
5.030625610e+02,-3.369477054e-04
5.032852173e+02,1.490855496e-02
5.035079041e+02,4.402414896e-03
5.037305908e+02,-2.264177985e-02
5.039532776e+02,3.930135816e-02
5.041759949e+02,4.085905105e-02
5.043987122e+02,1.925020851e-02
5.046214600e+02,-1.939382590e-02
5.048441772e+02,2.296215668e-02
5.050669556e+02,-5.971155129e-03
5.052897034e+02,-1.861497876e-03
5.055124817e+02,3.147975355e-02
5.057352600e+02,3.805851797e-03
5.059580688e+02,-1.611272804e-02
5.061808777e+02,-2.313891612e-02
5.064036865e+02,-1.054480579e-02
5.066265259e+02,4.602926597e-02
5.068493652e+02,2.546440810e-03
5.070722046e+02,-2.933654375e-02
5.072950745e+02,-3.033081628e-02
5.075179443e+02,4.026248679e-02
5.077408142e+02,4.602926597e-02
5.079637146e+02,1.182631217e-02
5.081866150e+02,-1.196992863e-02
5.084095459e+02,-4.082038533e-03
5.086324768e+02,-9.351679124e-03
5.088554077e+02,-2.060352359e-03
5.090783386e+02,-9.815673344e-03
5.093013000e+02,-5.938012619e-03
5.095242920e+02,-1.501902938e-02
5.097472534e+02,-2.032181248e-02
5.099702454e+02,1.187602524e-03
5.101932373e+02,1.388114039e-02
5.104162598e+02,-1.922811382e-02
5.106392822e+02,-3.447361663e-02
5.108623352e+02,1.142860297e-02
5.110853577e+02,-1.170478947e-02
5.113084106e+02,-2.161436528e-02
5.115314941e+02,4.016305879e-02
5.117545776e+02,-3.089423664e-02
5.119776611e+02,-8.920827881e-03
5.122007446e+02,-9.683103301e-03
5.124238892e+02,-3.732386231e-02
5.126469727e+02,-7.694559637e-03
5.128701172e+02,-3.319763346e-03
5.130932617e+02,-1.127393823e-02
5.133164062e+02,-1.747156680e-02
5.135395508e+02,-1.134022325e-02
5.137627563e+02,-8.158553392e-03
5.139859619e+02,2.630953863e-02
5.142091064e+02,-1.823384129e-02
5.144323120e+02,2.480156021e-03
5.146555786e+02,-1.753785089e-02
5.148787842e+02,6.740611047e-02
5.151019897e+02,2.362500504e-02
5.153252563e+02,-1.472074725e-02
5.155485229e+02,1.368228626e-02
5.157717896e+02,1.646624692e-02
5.159950562e+02,-7.959699258e-03
5.162183838e+02,-1.074365992e-02
5.164416504e+02,-1.066080411e-03
5.166649780e+02,-2.602230571e-02
5.168883057e+02,-3.033081628e-02
5.171116333e+02,2.186845802e-02
5.173350220e+02,5.910394248e-04
5.175583496e+02,1.103089377e-02
5.177817383e+02,7.915508933e-03
5.180051270e+02,-1.511845645e-02
5.182285156e+02,1.779194362e-02
5.184519043e+02,-3.142451495e-02
5.186752930e+02,-5.043168087e-03
5.188987427e+02,-1.578130387e-02
5.191221313e+02,4.932693206e-03
5.193455811e+02,-3.255135566e-02
5.195690308e+02,-3.394333646e-02
5.197925415e+02,1.494169701e-02
5.200159912e+02,-1.293105818e-02
5.202395020e+02,-4.010782391e-02
5.204629517e+02,-3.258449957e-02
5.206864624e+02,2.070847340e-02
5.209099731e+02,2.596154518e-04
5.211335449e+02,-2.237664163e-02
5.213570557e+02,9.042350575e-03
5.215806274e+02,-1.445560809e-02
5.218041992e+02,-8.009412559e-04
5.220277710e+02,-2.595601976e-02
5.222513428e+02,-8.357407525e-03
5.224749146e+02,-1.372647565e-02
5.226985474e+02,4.916121834e-04
5.229221191e+02,-2.927025966e-02
5.231457520e+02,-2.174693532e-02
5.233693848e+02,1.507426612e-02
5.235930176e+02,-2.184636332e-02
5.238167114e+02,-1.352762152e-02
5.240403442e+02,1.751023228e-03
5.242640381e+02,9.224633686e-04
5.244877319e+02,3.505913168e-02
5.247114258e+02,-1.667614840e-02
5.249351196e+02,3.684882075e-02
5.251588745e+02,-2.320520207e-02
5.253826294e+02,3.441285575e-03
5.256063232e+02,3.838994307e-03
5.258300781e+02,-9.716246277e-03
5.260538330e+02,3.108204342e-02
5.262776489e+02,2.481813170e-02
5.265014038e+02,-4.844313487e-03
5.267252197e+02,-6.733430084e-03
5.269490356e+02,3.118147142e-02
5.271728516e+02,-2.383490652e-02
5.273966675e+02,-2.830913104e-02
5.276204834e+02,8.258532733e-02
5.278443604e+02,-4.943740554e-03
5.280682373e+02,6.589813158e-03
5.282921143e+02,5.146461725e-02
5.285159912e+02,-2.317205817e-02
5.287398682e+02,3.008777276e-02
5.289637451e+02,-1.356076356e-02
5.291876831e+02,-3.374448419e-02
5.294116211e+02,5.578970304e-04
5.296355591e+02,7.086948957e-03
5.298594971e+02,-1.939382590e-02
5.300834351e+02,-1.269906107e-02
5.303074341e+02,-4.249407724e-02
5.305313721e+02,-1.074365992e-02
5.307553711e+02,-6.037439685e-03
5.309793701e+02,6.722382735e-03
5.312033691e+02,-3.420847654e-02
5.314274292e+02,8.881609887e-02
5.316514282e+02,-2.118351497e-02
5.318754883e+02,1.036804635e-02
5.320995483e+02,1.308572292e-02
5.323236084e+02,7.241061330e-02
5.325476685e+02,8.225390315e-02
5.327717285e+02,5.179604143e-02
5.329958496e+02,2.579583088e-03
5.332199707e+02,1.480912697e-02
5.334440308e+02,4.758695886e-02
5.336682129e+02,-1.750470884e-02
5.338923340e+02,-2.038809657e-02
5.341164551e+02,5.073548481e-02
5.343406372e+02,5.164690316e-03
5.345648193e+02,-1.018023957e-02
5.347890015e+02,1.338400412e-02
5.350131836e+02,7.451515645e-03
5.352373657e+02,-4.082038533e-03
5.354616089e+02,-1.505217142e-02
5.356857910e+02,3.197688982e-02
5.359100342e+02,-1.236763783e-02
5.361342773e+02,-5.308307242e-03
5.363585205e+02,4.523384571e-02
5.365828247e+02,4.336130340e-03
5.368070679e+02,-7.495705504e-03
5.370313721e+02,-1.322934031e-02
5.372556763e+02,-2.443146892e-02
5.374799805e+02,-4.113523662e-02
5.377042847e+02,-1.264934777e-03
5.379285889e+02,1.454398781e-02
5.381529541e+02,-7.064854261e-03
5.383773193e+02,-3.533531725e-02
5.386016846e+02,1.653253287e-02
5.388260498e+02,2.761866381e-05
5.390504150e+02,7.915508933e-03
5.392747803e+02,2.107303962e-02
5.394992065e+02,-2.888912102e-03
5.397236328e+02,-1.054480579e-02
5.399480591e+02,7.385230623e-03
5.401724854e+02,-2.330462821e-02
5.403969116e+02,-1.008081250e-02
5.406213989e+02,2.978949063e-02
5.408458252e+02,-2.287377790e-02
5.410703125e+02,-2.731485851e-02
5.412947998e+02,2.243187837e-02
5.415192871e+02,1.651596045e-03
5.417438354e+02,-1.604644395e-02
5.419683228e+02,-1.873097755e-02
5.421928711e+02,9.904053062e-03
5.424174194e+02,-6.733430084e-03
5.426419678e+02,-5.010025576e-03
5.428665161e+02,-9.152824990e-03
5.430910645e+02,6.076106001e-05
5.433156738e+02,1.676452905e-02
5.435402832e+02,-2.953539975e-02
5.437648315e+02,-3.286621068e-03
5.439895020e+02,-4.347177688e-03
5.442141113e+02,4.369272385e-03
5.444387207e+02,-2.144865505e-02
5.446633911e+02,1.537254825e-02
5.448880615e+02,9.473201819e-03
5.451127319e+02,-1.332876738e-02
5.453374023e+02,-2.506117523e-02
5.455620728e+02,-5.507161375e-03
5.457867432e+02,5.355259031e-02
5.460114746e+02,-1.110822614e-02
5.462362061e+02,-2.535945736e-02
5.464609375e+02,-5.076310597e-03
5.466856689e+02,-9.451107122e-03
5.469104004e+02,-2.741428465e-02
5.471351929e+02,-1.644415222e-02
5.473599243e+02,-2.055380866e-02
5.475847168e+02,4.236702807e-03
5.478095093e+02,-3.013196215e-02
5.480343018e+02,-3.417533264e-02
5.482591553e+02,3.323629871e-02
5.484839478e+02,-1.322934031e-02
5.487088013e+02,-1.220192574e-02
5.489336548e+02,-1.554930769e-02
5.491585083e+02,-3.642901778e-02
5.493833618e+02,-5.026597064e-04
5.496082764e+02,6.594784558e-02
5.498331299e+02,2.876207605e-02
5.500580444e+02,-3.185536712e-02
5.502829590e+02,1.931649260e-02
5.505078735e+02,1.616796479e-02
5.507327881e+02,4.800123628e-03
5.509577637e+02,-1.727271266e-02
5.511826782e+02,-9.881957434e-03
5.514076538e+02,5.098405294e-03
5.516326294e+02,-8.191695437e-03
5.518576050e+02,-3.497075289e-02
5.520825806e+02,-1.283163112e-02
5.523076172e+02,-1.206935570e-02
5.525325928e+02,-2.711600438e-02
5.527576294e+02,3.772709519e-03
5.529826660e+02,-2.955196891e-03
5.532077026e+02,-1.412418485e-02
5.534328003e+02,-1.762070693e-03
5.536578369e+02,8.909780532e-03
5.538829346e+02,1.639996283e-02
5.541080322e+02,3.209288698e-03
5.543331299e+02,-2.980053797e-02
5.545582275e+02,-1.422361191e-02
5.547833252e+02,1.192573924e-02
5.550084839e+02,3.035291098e-02
5.552335815e+02,-2.685086429e-02
5.554587402e+02,-3.278335184e-02
5.556838989e+02,4.009677470e-02
5.559091187e+02,1.983019989e-03
5.561342773e+02,4.705667868e-02
5.563594971e+02,-3.178908303e-02
5.565846558e+02,1.601882541e-04
5.568098755e+02,2.236559428e-02
5.570350952e+02,1.398056746e-02
5.572603760e+02,-1.902925968e-02
5.574855957e+02,1.358285919e-02
5.577108765e+02,-1.518474147e-02
5.579360962e+02,-3.212050721e-02
5.581613770e+02,-4.458204657e-02
5.583866577e+02,-3.352905856e-03
5.586119995e+02,-7.263708394e-03
5.588372803e+02,-1.803498715e-02
5.590626221e+02,-4.050553218e-02
5.592879028e+02,-4.214608110e-03
5.595132446e+02,-2.960168384e-02
5.597386475e+02,-8.688831702e-03
5.599639893e+02,-7.031711750e-03
5.601893311e+02,1.253887312e-03
5.604147339e+02,5.878908560e-02
5.606401367e+02,6.120848283e-02
5.608655396e+02,3.141346946e-02
5.610909424e+02,-7.015140727e-04
5.613163452e+02,4.302987829e-03
5.615418091e+02,-5.639730953e-03
5.617672119e+02,3.645111248e-02
5.619926758e+02,2.014505304e-02
5.622181396e+02,-1.922811382e-02
5.624436646e+02,-2.178007737e-02
5.626691284e+02,-7.462562993e-03
5.628945923e+02,4.004706163e-03
5.631201172e+02,9.771483019e-03
5.633456421e+02,-8.340836503e-04
5.635711670e+02,2.057590522e-02
5.637966919e+02,2.932549641e-02
5.640222778e+02,9.638913907e-03
5.642478027e+02,-1.283163112e-02
5.644733887e+02,2.140446380e-02
5.646989746e+02,3.921850293e-04
5.649245605e+02,4.137275741e-03
5.651501465e+02,-2.529317141e-02
5.653757935e+02,6.987521891e-03
5.656013794e+02,-7.346564671e-04
5.658270264e+02,5.342001840e-02
5.660526733e+02,-3.493760899e-02
5.662783203e+02,-3.883184167e-03
5.665039673e+02,-5.109452643e-03
5.667296753e+02,3.012091480e-02
5.669553223e+02,1.643310487e-02
5.671810303e+02,-8.489977568e-03
5.674067383e+02,2.485127375e-02
5.676324463e+02,-7.462562993e-03
5.678581543e+02,-1.700757258e-02
5.680839233e+02,5.534227937e-02
5.683096313e+02,-1.541673765e-02
5.685354004e+02,-1.641101018e-02
5.687611694e+02,-2.194578946e-02
5.689869385e+02,3.118147142e-02
5.692127686e+02,2.819865569e-02
5.694385376e+02,1.994619891e-02
5.696643677e+02,6.854952313e-03
5.698901978e+02,-1.253334992e-02
5.701160278e+02,-9.981385432e-03
5.703418579e+02,8.536928892e-02
5.705676880e+02,-2.791142091e-02
5.707935791e+02,7.423344254e-02
5.710194092e+02,-5.341449752e-03
5.712453003e+02,-9.335108334e-04
5.714711914e+02,-1.614587009e-02
5.716970825e+02,1.076575462e-02
5.719230347e+02,2.468556166e-02
5.721489258e+02,5.908736959e-02
5.723748779e+02,-3.347934410e-02
5.726008301e+02,-1.293105818e-02
5.728267822e+02,-5.043168087e-03
5.730527344e+02,4.486928135e-02
5.732786865e+02,7.948650979e-03
5.735046997e+02,-1.264934777e-03
5.737307129e+02,3.043576842e-03
5.739566650e+02,-3.816899378e-03
5.741826782e+02,2.213359624e-02
5.744087524e+02,-5.971155129e-03
5.746347656e+02,1.464341581e-02
5.748608398e+02,-3.268392757e-02
5.750868530e+02,-8.688831702e-03
5.753129272e+02,-1.306362823e-02
5.755390015e+02,-6.932284683e-03
5.757651367e+02,-5.772300530e-03
5.759912109e+02,-2.910454758e-02
5.762173462e+02,-3.220336279e-03
5.764434204e+02,2.314443933e-03
5.766695557e+02,-1.690814644e-02
5.768956909e+02,-2.303948998e-02
5.771218872e+02,3.706424730e-03
5.773480225e+02,-9.119682945e-03
5.775742188e+02,-1.336190943e-02
5.778003540e+02,-2.081894875e-02
5.780265503e+02,-9.815673344e-03
5.782527466e+02,3.280545026e-02
5.784790039e+02,1.308572292e-02
5.787052002e+02,-1.955953799e-02
5.789314575e+02,-1.385904569e-02
5.791577148e+02,-8.987112902e-03
5.793839111e+02,1.751023228e-03
5.796102295e+02,-2.333777025e-02
5.798364868e+02,1.072764099e-01
5.800627441e+02,-6.932284683e-03
5.802890625e+02,-2.164750919e-02
5.805153809e+02,-3.982611466e-03
5.807416992e+02,-1.861497876e-03
5.809680176e+02,-1.571501978e-02
5.811943359e+02,-1.442246605e-02
5.814207153e+02,7.849223912e-03
5.816470337e+02,7.055463642e-02
5.818734131e+02,2.591183037e-02
5.820997925e+02,-4.280892666e-03
5.823261719e+02,-1.962582208e-02
5.825526123e+02,4.584698181e-04
5.827789917e+02,-2.429890074e-02
5.830054321e+02,1.925020851e-02
5.832318726e+02,-1.049509228e-04
5.834583130e+02,-1.200307161e-02
5.836847534e+02,-1.793556102e-02
5.839111938e+02,1.812336780e-02
5.841376953e+02,-2.012295835e-02
5.843641357e+02,-3.319763346e-03
5.845906372e+02,1.113032177e-02
5.848171387e+02,-2.801084891e-02
5.850436401e+02,-3.069538251e-02
5.852702026e+02,-1.463789144e-03
5.854967041e+02,2.862950601e-02
5.857232666e+02,-2.466346696e-02
5.859498291e+02,-1.127393823e-02
5.861763916e+02,-7.893414237e-03
5.864029541e+02,6.076106001e-05
5.866295166e+02,9.390345804e-05
5.868561401e+02,-3.742329031e-02
5.870827026e+02,2.264730429e-04
5.873093262e+02,-2.093494637e-03
5.875359497e+02,-3.444047272e-02
5.877625732e+02,-3.851698712e-02
5.879892578e+02,-3.518617712e-03
5.882158813e+02,-1.780299097e-02
5.884425659e+02,-3.982611466e-03
5.886692505e+02,1.113032177e-02
5.888959351e+02,2.647525072e-02
5.891226196e+02,-1.177107450e-02
5.893493652e+02,6.024735421e-02
5.895760498e+02,-1.124079619e-02
5.898027954e+02,5.119947717e-02
5.900295410e+02,-3.023138829e-02
5.902562866e+02,4.937664792e-02
5.904830322e+02,-1.296420023e-02
5.907097778e+02,-1.861497876e-03
5.909365845e+02,-3.717472078e-03
5.911633911e+02,-2.728171647e-02
5.913901978e+02,-2.055380866e-02
5.916170044e+02,6.904666079e-04
5.918438110e+02,-1.614587009e-02
5.920706177e+02,-2.247606777e-02
5.922974854e+02,-3.218679130e-02
5.925242920e+02,6.081077456e-02
5.927511597e+02,-5.971155129e-03
5.929780273e+02,1.109717879e-02
5.932049561e+02,1.452741679e-03
5.934318237e+02,2.723752521e-02
5.936587524e+02,1.464341581e-02
5.938856201e+02,7.352088112e-03
5.941125488e+02,-2.988339402e-03
5.943394775e+02,7.782939356e-03
5.945664673e+02,1.485884073e-03
5.947933960e+02,-6.832857151e-03
5.950203857e+02,-3.850041656e-03
5.952473145e+02,2.776780352e-02
5.954743042e+02,5.169661343e-02
5.957012939e+02,-1.624529809e-02
5.959283447e+02,-1.332876738e-02
5.961553345e+02,9.970337152e-03
5.963823853e+02,-8.191695437e-03
5.966093750e+02,-2.449775487e-02
5.968364258e+02,2.269701846e-02
5.970634766e+02,1.751023228e-03
5.972905884e+02,2.352557704e-02
5.975176392e+02,1.006976515e-02
5.977447510e+02,-3.497075289e-02
5.979718018e+02,2.644210868e-02
5.981989136e+02,-1.866469346e-02
5.984260254e+02,-2.476289310e-02
5.986531982e+02,-2.913768962e-02
5.988803101e+02,-2.250921167e-02
5.991074829e+02,-1.293105818e-02
5.993345947e+02,2.233245224e-02
5.995617676e+02,-3.679358214e-02
5.997889404e+02,5.164690316e-03
6.000161743e+02,4.059391096e-02
6.002433472e+02,-1.094251405e-02
6.004705811e+02,1.404685248e-02
6.006977539e+02,-1.952639595e-02
6.009249878e+02,1.785822771e-02
6.011522217e+02,-4.363748885e-04
6.013795166e+02,-1.892983168e-02
6.016067505e+02,2.084104344e-02
6.018340454e+02,-6.170009263e-03
6.020612793e+02,-5.076310597e-03
6.022885742e+02,-1.687500253e-02
6.025158691e+02,9.937195107e-03
6.027432251e+02,4.070991185e-03
6.029705200e+02,2.521583997e-02
6.031978760e+02,4.833266139e-03
6.034251709e+02,3.197688982e-02
6.036525269e+02,-6.501433440e-03
6.038798828e+02,-1.104194205e-02
6.041072998e+02,-2.101780288e-02
6.043346558e+02,9.174919687e-03
6.045620728e+02,-1.331219566e-03
6.047894287e+02,-2.380176447e-02
6.050168457e+02,-2.088523284e-02
6.052442627e+02,2.345929295e-02
6.054717407e+02,-1.080994494e-02
6.056991577e+02,2.362500504e-02
6.059266357e+02,2.596154518e-04
6.061540527e+02,3.706424730e-03
6.063815308e+02,-2.690057736e-03
6.066090698e+02,2.664096281e-02
6.068365479e+02,-2.714914642e-02
6.070640259e+02,3.602026030e-02
6.072915649e+02,-6.501433440e-03
6.075191040e+02,8.165734261e-02
6.077465820e+02,-1.641101018e-02
6.079741821e+02,9.541143477e-02
6.082017212e+02,-1.233449485e-02
6.084292603e+02,1.580339856e-02
6.086568604e+02,2.243187837e-02
6.088844604e+02,-1.266591903e-02
6.091119995e+02,-2.491203370e-03
6.093396606e+02,5.893822759e-03
6.095672607e+02,1.480912697e-02
6.097948608e+02,-1.256649196e-02
6.100225220e+02,1.053375844e-02
6.102501831e+02,8.251903951e-02
6.104777832e+02,5.172975734e-02
6.107055054e+02,-1.617901400e-02
6.109331665e+02,2.064218931e-02
6.111608276e+02,8.076249808e-02
6.113885498e+02,1.684738440e-03
6.116162720e+02,1.470969990e-02
6.118439331e+02,5.761253182e-03
6.120716553e+02,2.067533135e-02
6.122994385e+02,-8.489977568e-03
6.125271606e+02,-7.893414237e-03
6.127549438e+02,-6.335721351e-03
6.129826660e+02,3.877108172e-02
6.132104492e+02,5.998221412e-02
6.134382324e+02,5.365201458e-02
6.136660767e+02,1.298629586e-02
6.138938599e+02,6.975921988e-02
6.141217041e+02,1.126289088e-02
6.143494873e+02,9.216348082e-02
6.145773315e+02,2.843065187e-02
6.148051758e+02,1.187602524e-03
6.150330811e+02,7.410087436e-02
6.152609253e+02,6.412501633e-02
6.154887695e+02,4.977435619e-02
6.157166748e+02,1.855421811e-02
6.159445801e+02,8.838524669e-02
6.161724854e+02,9.713484347e-02
6.164003906e+02,2.508326992e-02
6.166283569e+02,2.939178236e-02
6.168562622e+02,2.793351561e-02
6.170842285e+02,5.434800684e-02
6.173121948e+02,4.032877088e-02
6.175401611e+02,7.539343089e-02
6.177681274e+02,5.530913547e-02
6.179961548e+02,1.180145517e-01
6.182241211e+02,6.541756541e-02
6.184521484e+02,8.808696270e-02
6.186801758e+02,4.215160385e-02
6.189082031e+02,1.226213425e-01
6.191362305e+02,6.893066317e-02
6.193642578e+02,7.357059419e-02
6.195923462e+02,1.070775613e-01
6.198203735e+02,8.076249808e-02
6.200484619e+02,9.912338108e-02
6.202765503e+02,1.202019453e-01
6.205046997e+02,1.131757572e-01
6.207327881e+02,1.630550623e-01
6.209608765e+02,1.194728166e-01
6.211890259e+02,1.252395958e-01
6.214171753e+02,9.690283984e-02
6.216453247e+02,1.513226628e-01
6.218734741e+02,1.392919719e-01
6.221016846e+02,1.207322255e-01
6.223298340e+02,1.417776495e-01
6.225580444e+02,1.343206018e-01
6.227862549e+02,1.378005594e-01
6.230144653e+02,1.503946781e-01
6.232426758e+02,1.485055536e-01
6.234708862e+02,1.337571889e-01
6.236991577e+02,1.856913269e-01
6.239273682e+02,1.469147205e-01
6.241556396e+02,1.736937761e-01
6.243839111e+02,2.582731843e-01
6.246121826e+02,2.077310234e-01
6.248404541e+02,1.816479564e-01
6.250687866e+02,2.505178452e-01
6.252971191e+02,1.752183288e-01
6.255253906e+02,2.450162172e-01
6.257537231e+02,2.289421558e-01
6.259821167e+02,2.285775840e-01
6.262104492e+02,2.466733307e-01
6.264387817e+02,2.235399336e-01
6.266671753e+02,3.565735221e-01
6.268955688e+02,2.863116264e-01
6.271239624e+02,2.442870736e-01
6.273523560e+02,2.425305396e-01
6.275807495e+02,2.667244673e-01
6.278092041e+02,2.836393118e-01
6.280375977e+02,2.444800884e-01
6.282660522e+02,2.727186084e-01
6.284945068e+02,2.985355854e-01
6.287229614e+02,2.909124494e-01
6.289514160e+02,3.310601115e-01
6.291799316e+02,3.081525862e-01
6.294083862e+02,3.256968856e-01
6.296369019e+02,3.565720022e-01
6.298654175e+02,3.151364326e-01
6.300939331e+02,3.188600540e-01
6.303224487e+02,3.268957138e-01
6.305510254e+02,3.972304463e-01
6.307795410e+02,3.295275569e-01
6.310081177e+02,3.846096992e-01
6.312366943e+02,4.345748127e-01
6.314652710e+02,4.015204608e-01
6.316938477e+02,3.794250488e-01
6.319224854e+02,3.439067602e-01
6.321510620e+02,3.825271726e-01
6.323796997e+02,4.060630500e-01
6.326083374e+02,4.018780589e-01
6.328369751e+02,4.527043700e-01
6.330656128e+02,3.726214468e-01
6.332943115e+02,4.677107036e-01
6.335229492e+02,4.698099196e-01
6.337516479e+02,4.425650239e-01
6.339803467e+02,4.583189487e-01
6.342090454e+02,4.220703840e-01
6.344377441e+02,4.360341728e-01
6.346664429e+02,4.223181903e-01
6.348952026e+02,5.100224018e-01
6.351239624e+02,5.033751726e-01
6.353526611e+02,4.408085048e-01
6.355814819e+02,4.892762899e-01
6.358102417e+02,5.024220943e-01
6.360390015e+02,4.892124236e-01
6.362678223e+02,5.076224804e-01
6.364965820e+02,4.858441651e-01
6.367254028e+02,5.204030275e-01
6.369542236e+02,5.167956948e-01
6.371830444e+02,5.060973167e-01
6.374119263e+02,5.715329051e-01
6.376407471e+02,5.356743932e-01
6.378696289e+02,5.577508807e-01
6.380984497e+02,5.768830180e-01
6.383273315e+02,5.591881275e-01
6.385562744e+02,5.864601731e-01
6.387851562e+02,6.300094128e-01
6.390140381e+02,6.377668381e-01
6.392429810e+02,6.186280251e-01
6.394719238e+02,6.034834981e-01
6.397008667e+02,6.153721213e-01
6.399298096e+02,6.324245930e-01
6.401587524e+02,6.524254084e-01
6.403877563e+02,6.870554686e-01
6.406166992e+02,6.127129197e-01
6.408457031e+02,6.182238460e-01
6.410747070e+02,5.996917486e-01
6.413037109e+02,5.956082940e-01
6.415327148e+02,6.229457855e-01
6.417617798e+02,6.262201071e-01
6.419907837e+02,5.677165985e-01
6.422198486e+02,5.700621009e-01
6.424489136e+02,6.146682501e-01
6.426779785e+02,5.901772380e-01
6.429070435e+02,5.680763721e-01
6.431361694e+02,6.197723746e-01
6.433652344e+02,5.949476957e-01
6.435943604e+02,6.200183630e-01
6.438234863e+02,5.642534494e-01
6.440526123e+02,5.858232379e-01
6.442817383e+02,5.825491548e-01
6.445108643e+02,5.793936253e-01
6.447400513e+02,5.846341848e-01
6.449692383e+02,5.770893097e-01
6.451983643e+02,5.950646400e-01
6.454275513e+02,5.941435099e-01
6.456567993e+02,6.096020341e-01
6.458859863e+02,6.047147512e-01
6.461151733e+02,6.066291332e-01
6.463444214e+02,5.842010975e-01
6.465736694e+02,5.904424787e-01
6.468029175e+02,5.689838529e-01
6.470321655e+02,6.271353364e-01
6.472614136e+02,6.342904568e-01
6.474907227e+02,5.815792084e-01
6.477200317e+02,6.215277910e-01
6.479492798e+02,6.399708986e-01
6.481785889e+02,6.183885932e-01
6.484078979e+02,6.389382482e-01
6.486372681e+02,6.441854239e-01
6.488665771e+02,6.412845850e-01
6.490959473e+02,6.066091657e-01
6.493253174e+02,6.325463057e-01
6.495546265e+02,6.136387587e-01
6.497840576e+02,6.268349886e-01
6.500134277e+02,6.342269182e-01
6.502427979e+02,6.732900739e-01
6.504722290e+02,6.052755117e-01
6.507016602e+02,6.250131130e-01
6.509310303e+02,6.344816089e-01
6.511605225e+02,6.026735306e-01
6.513899536e+02,6.756021380e-01
6.516193848e+02,6.788302064e-01
6.518488770e+02,6.517347097e-01
6.520783081e+02,6.204848289e-01
6.523078003e+02,6.532162428e-01
6.525372925e+02,6.504402161e-01
6.527667847e+02,6.468803883e-01
6.529963379e+02,6.331015229e-01
6.532258301e+02,6.582080126e-01
6.534553833e+02,6.562280655e-01
6.536849365e+02,6.746302247e-01
6.539144897e+02,6.753938794e-01
6.541440430e+02,6.956545711e-01
6.543735962e+02,6.753334999e-01
6.546032104e+02,6.984940767e-01
6.548327637e+02,6.975347400e-01
6.550623779e+02,6.843591928e-01
6.552919922e+02,7.054257989e-01
6.555216064e+02,6.830849648e-01
6.557512817e+02,6.861051321e-01
6.559808960e+02,6.873934865e-01
6.562105713e+02,6.849885583e-01
6.564402466e+02,7.072924972e-01
6.566698608e+02,7.095475197e-01
6.568995972e+02,7.199743390e-01
6.571292725e+02,6.977507472e-01
6.573589478e+02,7.795535922e-01
6.575886841e+02,6.998863220e-01
6.578184204e+02,7.556785345e-01
6.580480957e+02,7.114847302e-01
6.582778931e+02,7.870803475e-01
6.585076294e+02,7.320493460e-01
6.587373657e+02,7.124022245e-01
6.589671631e+02,7.399069071e-01
6.591968994e+02,7.534837127e-01
6.594266968e+02,7.300254107e-01
6.596564941e+02,7.679303885e-01
6.598862915e+02,7.395213246e-01
6.601161499e+02,7.376145124e-01
6.603459473e+02,7.780621052e-01
6.605758057e+02,7.266415358e-01
6.608056641e+02,7.775151134e-01
6.610355225e+02,8.021730185e-01
6.612653809e+02,7.413567305e-01
6.614952393e+02,7.742339969e-01
6.617251587e+02,7.945171595e-01
6.619550171e+02,7.443727255e-01
6.621849365e+02,7.542822957e-01
6.624148560e+02,7.985936403e-01
6.626447754e+02,7.774819732e-01
6.628747559e+02,7.808293104e-01
6.631046753e+02,7.666112185e-01
6.633346558e+02,8.068130016e-01
6.635645752e+02,7.997536659e-01
6.637945557e+02,7.718145847e-01
6.640245361e+02,7.528240085e-01
6.642545776e+02,7.857675552e-01
6.644845581e+02,7.646889687e-01
6.647145386e+02,8.048244119e-01
6.649445801e+02,7.853035331e-01
6.651746216e+02,7.707208991e-01
6.654046631e+02,7.589222193e-01
6.656347046e+02,7.993890643e-01
6.658648071e+02,7.489463687e-01
6.660948486e+02,7.420195937e-01
6.663249512e+02,7.906726003e-01
6.665550537e+02,7.680695057e-01
6.667851562e+02,7.980633974e-01
6.670152588e+02,8.100277781e-01
6.672453613e+02,8.006485105e-01
6.674755249e+02,7.829836011e-01
6.677056274e+02,7.609770298e-01
6.679357910e+02,7.726100087e-01
6.681659546e+02,7.873584032e-01
6.683961182e+02,7.658489943e-01
6.686262817e+02,7.897114754e-01
6.688565063e+02,7.681026459e-01
6.690866699e+02,8.007810712e-01
6.693168945e+02,7.513325810e-01
6.695471191e+02,7.607781887e-01
6.697773438e+02,7.610764503e-01
6.700075684e+02,8.178493977e-01
6.702378540e+02,8.097957969e-01
6.704680786e+02,7.607450485e-01
6.706983643e+02,7.753276825e-01
6.709286499e+02,8.301783800e-01
6.711589355e+02,8.290846348e-01
6.713892212e+02,7.577622533e-01
6.716195679e+02,7.924291492e-01
6.718498535e+02,7.827184200e-01
6.720802002e+02,7.839115858e-01
6.723105469e+02,7.899766564e-01
6.725408936e+02,7.765871286e-01
6.727712402e+02,7.908052206e-01
6.730015869e+02,8.289852142e-01
6.732319336e+02,7.666775584e-01
6.734623413e+02,7.650867105e-01
6.736927490e+02,8.027364612e-01
6.739231567e+02,7.958759665e-01
6.741535645e+02,7.892806530e-01
6.743839722e+02,7.719802856e-01
6.746144409e+02,8.014438748e-01
6.748448486e+02,8.124803305e-01
6.750753174e+02,7.807298899e-01
6.753057861e+02,8.041616082e-01
6.755362549e+02,7.929263115e-01
6.757667236e+02,8.047249913e-01
6.759971924e+02,8.448604345e-01
6.762277222e+02,8.094643354e-01
6.764582520e+02,8.063158393e-01
6.766887817e+02,8.107900620e-01
6.769193115e+02,7.914017439e-01
6.771498413e+02,8.095306754e-01
6.773803711e+02,8.180482388e-01
6.776109619e+02,8.471472859e-01
6.778414917e+02,7.943845987e-01
6.780720825e+02,8.325977325e-01
6.783026733e+02,8.554660082e-01
6.785332642e+02,8.591779470e-01
6.787638550e+02,7.933239937e-01
6.789945068e+02,8.345531821e-01
6.792250977e+02,8.225887418e-01
6.794557495e+02,8.244778514e-01
6.796864014e+02,9.102503657e-01
6.799170532e+02,7.922634482e-01
6.801477051e+02,8.146677017e-01
6.803784180e+02,8.374696970e-01
6.806090698e+02,8.006816506e-01
6.808397827e+02,8.546043038e-01
6.810704956e+02,8.505941033e-01
6.813012085e+02,8.779365420e-01
6.815319214e+02,8.108232021e-01
6.817626343e+02,8.224561810e-01
6.819934082e+02,8.738600612e-01
6.822241821e+02,8.718051910e-01
6.824548950e+02,8.045592904e-01
6.826856689e+02,8.173522353e-01
6.829164429e+02,8.479427099e-01
6.831472778e+02,8.212962151e-01
6.833780518e+02,8.272618055e-01
6.836088867e+02,8.131431937e-01
6.838397217e+02,8.343542814e-01
6.840705566e+02,8.274938464e-01
6.843013916e+02,8.257372975e-01
6.845322266e+02,8.259361386e-01
6.847630615e+02,8.680269718e-01
6.849939575e+02,8.685572743e-01
6.852248535e+02,8.301452398e-01
6.854556885e+02,8.081386685e-01
6.856865845e+02,8.104918003e-01
6.859175415e+02,8.299463391e-01
6.861484375e+02,8.222241998e-01
6.863793335e+02,8.311063647e-01
6.866102905e+02,1.000000000e+00
6.868412476e+02,8.268972635e-01
6.870722046e+02,8.576202393e-01
6.873031616e+02,8.461198807e-01
6.875341187e+02,8.196722269e-01
6.877651367e+02,8.323326111e-01
6.879960938e+02,8.131100535e-01
6.882271118e+02,8.538751602e-01
6.884581299e+02,8.305097818e-01
6.886891479e+02,8.123809099e-01
6.889201660e+02,8.123477697e-01
6.891512451e+02,8.037307262e-01
6.893822632e+02,7.878886461e-01
6.896133423e+02,7.886840701e-01
6.898444214e+02,8.319349289e-01
6.900755005e+02,7.662466764e-01
6.903065796e+02,8.176505566e-01
6.905377197e+02,8.115192056e-01
6.907687988e+02,7.693288922e-01
6.909999390e+02,8.095969558e-01
6.912310181e+02,7.769516706e-01
6.914621582e+02,7.672740817e-01
6.916933594e+02,7.809950709e-01
6.919244995e+02,7.871263623e-01
6.921556396e+02,8.021398783e-01
6.923868408e+02,7.702237368e-01
6.926180420e+02,7.542160153e-01
6.928492432e+02,8.142368793e-01
6.930804443e+02,7.617061734e-01
6.933116455e+02,7.600490451e-01
6.935428467e+02,7.349602580e-01
6.937741089e+02,7.752945423e-01
6.940053711e+02,7.722123265e-01
6.942365723e+02,7.817904353e-01
6.944678345e+02,7.410916090e-01
6.946991577e+02,7.812601924e-01
6.949304199e+02,7.507029176e-01
6.951616821e+02,7.302209139e-01
6.953930054e+02,7.181570530e-01
6.956243286e+02,7.689312100e-01
6.958556519e+02,7.436104417e-01
6.960869751e+02,7.301877737e-01
6.963182983e+02,7.600490451e-01
6.965496826e+02,7.889491916e-01
6.967810059e+02,7.619381547e-01
6.970123901e+02,7.223661542e-01
6.972437744e+02,7.129536867e-01
6.974751587e+02,7.720134854e-01
6.977065430e+02,7.450686693e-01
6.979379272e+02,7.187536359e-01
6.981693726e+02,7.374128103e-01
6.984008179e+02,7.480846643e-01
6.986322021e+02,7.582593560e-01
6.988636475e+02,7.259786725e-01
6.990951538e+02,7.256804109e-01
6.993265991e+02,7.887503505e-01
6.995580444e+02,7.367830873e-01
6.997895508e+02,7.272049189e-01
7.000210571e+02,6.906819940e-01
7.002525635e+02,6.971448064e-01
7.004840698e+02,8.345200419e-01
7.007155762e+02,6.929357052e-01
7.009470825e+02,6.742102504e-01
7.011786499e+02,7.489132285e-01
7.014102173e+02,7.690969110e-01
7.016417847e+02,7.233272791e-01
7.018733521e+02,7.356894016e-01
7.021049194e+02,7.164999247e-01
7.023364868e+02,7.831161618e-01
7.025681152e+02,6.891243458e-01
7.027996826e+02,6.886934638e-01
7.030313110e+02,7.140805721e-01
7.032629395e+02,7.247524261e-01
7.034945679e+02,7.126222849e-01
7.037261963e+02,7.120257020e-01
7.039578857e+02,7.252163887e-01
7.041895142e+02,6.899197698e-01
7.044212036e+02,6.749393940e-01
7.046528931e+02,7.582262158e-01
7.048845825e+02,7.310826182e-01
7.051162720e+02,6.631075144e-01
7.053480225e+02,7.251501083e-01
7.055797119e+02,6.670183539e-01
7.058114624e+02,7.536525726e-01
7.060432129e+02,7.018178701e-01
7.062749634e+02,6.588653326e-01
7.065067139e+02,6.634721160e-01
7.067384644e+02,6.641349792e-01
7.069702759e+02,6.481603384e-01
7.072020264e+02,7.601153255e-01
7.074338379e+02,6.774913669e-01
7.076656494e+02,6.516071558e-01
7.078974609e+02,6.871357560e-01
7.081292725e+02,6.392450333e-01
7.083611450e+02,8.021730185e-01
7.085929565e+02,6.892569065e-01
7.088248291e+02,7.609107494e-01
7.090567017e+02,6.537282467e-01
7.092885742e+02,6.645658016e-01
7.095204468e+02,6.753702164e-01
7.097523193e+02,7.357556820e-01
7.099842529e+02,6.768616438e-01
7.102161255e+02,6.750388145e-01
7.104480591e+02,6.935985684e-01
7.106799927e+02,6.618481278e-01
7.109119263e+02,6.489557624e-01
7.111439209e+02,6.510768533e-01
7.113758545e+02,6.977081895e-01
7.116078491e+02,6.918751597e-01
7.118397827e+02,6.709622741e-01
7.120717773e+02,6.428575516e-01
7.123037720e+02,6.323513985e-01
7.125357666e+02,6.582024693e-01
7.127678223e+02,6.471329331e-01
7.129998169e+02,6.399741769e-01
7.132318726e+02,6.887928843e-01
7.134639282e+02,6.780878901e-01
7.136959839e+02,6.333125234e-01
7.139280396e+02,6.654275060e-01
7.141600952e+02,6.714594364e-01
7.143921509e+02,6.334119439e-01
7.146242676e+02,6.421615481e-01
7.148563843e+02,6.532642245e-01
7.150885010e+02,6.093837023e-01
7.153206177e+02,6.286725998e-01
7.155527344e+02,6.197904348e-01
7.157848511e+02,6.281091571e-01
7.160170288e+02,6.444483995e-01
7.162491455e+02,6.666868925e-01
7.164813232e+02,6.699017286e-01
7.167135010e+02,6.342405081e-01
7.169456787e+02,6.651623845e-01
7.171779175e+02,6.573739052e-01
7.174100952e+02,6.510105729e-01
7.176423340e+02,5.986787081e-01
7.178745117e+02,6.442826390e-01
7.181067505e+02,6.379524469e-01
7.183389893e+02,5.904925466e-01
7.185712891e+02,6.441169381e-01
7.188035278e+02,5.995072722e-01
7.190358276e+02,6.365604997e-01
7.192680664e+02,6.096488833e-01
7.195003662e+02,5.922159553e-01
7.197326660e+02,5.723305345e-01
7.199649658e+02,6.310920119e-01
7.201972656e+02,6.058043242e-01
7.204296265e+02,5.639123321e-01
7.206619873e+02,5.946022272e-01
7.208942871e+02,5.855543613e-01
7.211266479e+02,6.027552485e-01
7.213590088e+02,6.226738095e-01
7.215913696e+02,5.957953334e-01
7.218237915e+02,6.106431484e-01
7.220561523e+02,6.124328375e-01
7.222885742e+02,5.687180161e-01
7.225209961e+02,5.593386889e-01
7.227534180e+02,5.833006501e-01
7.229858398e+02,5.399172306e-01
7.232182617e+02,5.332556367e-01
7.234507446e+02,5.638129115e-01
7.236831665e+02,5.535719395e-01
7.239156494e+02,5.967233181e-01
7.241481323e+02,5.580130219e-01
7.243806152e+02,5.315653682e-01
7.246130981e+02,5.850571990e-01
7.248456421e+02,5.776333213e-01
7.250781250e+02,5.366361737e-01
7.253106689e+02,5.405138135e-01
7.255432129e+02,5.253014565e-01
7.257757568e+02,5.171815753e-01
7.260083008e+02,5.536050797e-01
7.262408447e+02,5.167838335e-01
7.264734497e+02,5.949667692e-01
7.267059937e+02,5.172147155e-01
7.269385986e+02,5.482691526e-01
7.271712036e+02,5.672265887e-01
7.274038086e+02,5.122101903e-01
7.276364136e+02,5.313333869e-01
7.278690796e+02,4.980252683e-01
7.281016846e+02,5.039246082e-01
7.283343506e+02,5.352441669e-01
7.285670166e+02,5.338853598e-01
7.287996826e+02,4.883476794e-01
7.290323486e+02,4.726381898e-01
7.292650146e+02,5.113153458e-01
7.294976807e+02,5.152924657e-01
7.297304077e+02,5.125747919e-01
7.299631348e+02,5.170158744e-01
7.301958618e+02,5.349459052e-01
7.304285889e+02,5.159221888e-01
7.306613159e+02,5.365036130e-01
7.308940430e+02,5.116136670e-01
7.311268311e+02,5.004777908e-01
7.313596191e+02,5.239757895e-01
7.315923462e+02,4.760518670e-01
7.318251343e+02,4.764164090e-01
7.320579834e+02,4.908333719e-01
7.322907715e+02,4.563984275e-01
7.325235596e+02,4.558018446e-01
7.327564087e+02,4.971967041e-01
7.329892578e+02,4.904025197e-01
7.332220459e+02,5.063771605e-01
7.334549561e+02,4.840723276e-01
7.336878052e+02,4.878836870e-01
7.339206543e+02,4.917282164e-01
7.341535645e+02,4.458591342e-01
7.343864136e+02,5.210260749e-01
7.346193237e+02,4.699867964e-01
7.348522339e+02,5.024663210e-01
7.350851440e+02,4.336958826e-01
7.353180542e+02,4.614029229e-01
7.355510254e+02,5.000469685e-01
7.357839355e+02,4.451962709e-01
7.360169067e+02,4.267691076e-01
7.362498779e+02,4.502670765e-01
7.364828491e+02,4.595138133e-01
7.367158203e+02,4.480133951e-01
7.369488525e+02,4.433403015e-01
7.371818237e+02,4.405232072e-01
7.374148560e+02,4.865579903e-01
7.376478882e+02,4.586189687e-01
7.378809204e+02,4.787032604e-01
7.381139526e+02,4.451962709e-01
7.383469849e+02,4.311107695e-01
7.385800171e+02,4.245485663e-01
7.388131104e+02,4.247474372e-01
7.390462036e+02,4.617674947e-01
7.392792358e+02,4.225268960e-01
7.395123291e+02,4.893419445e-01
7.397454834e+02,4.276308119e-01
7.399785767e+02,4.808243513e-01
7.402116699e+02,4.313096106e-01
7.404448242e+02,4.460248351e-01
7.406779785e+02,4.272993803e-01
7.409111328e+02,4.546087384e-01
7.411442871e+02,4.191794991e-01
7.413774414e+02,4.291885197e-01
7.416105957e+02,4.037351608e-01
7.418438110e+02,3.966426849e-01
7.420770264e+02,4.026083052e-01
7.423102417e+02,4.352867007e-01
7.425434570e+02,3.762269616e-01
7.427766724e+02,4.451962709e-01
7.430098877e+02,3.998574913e-01
7.432431030e+02,4.075465202e-01
7.434763794e+02,3.868656754e-01
7.437096558e+02,3.738407195e-01
7.439429321e+02,3.712556064e-01
7.441762085e+02,4.021111727e-01
7.444094849e+02,4.134127200e-01
7.446427612e+02,3.991614878e-01
7.448760986e+02,4.046631455e-01
7.451094360e+02,3.973717988e-01
7.453427124e+02,4.070162475e-01
7.455760498e+02,3.870976567e-01
7.458093872e+02,4.093693495e-01
7.460427856e+02,4.321050346e-01
7.462761230e+02,3.648259640e-01
7.465095215e+02,3.646271229e-01
7.467428589e+02,3.856393993e-01
7.469762573e+02,3.997580707e-01
7.472096558e+02,3.404000401e-01
7.474431152e+02,4.009843171e-01
7.476765137e+02,3.783812225e-01
7.479099121e+02,3.910747468e-01
7.481433716e+02,3.588603437e-01
7.483768311e+02,4.123521745e-01
7.486102905e+02,3.771549463e-01
7.488437500e+02,3.369532228e-01
7.490772095e+02,3.544855416e-01
7.493106689e+02,3.458685279e-01
7.495441895e+02,3.570043743e-01
7.497777100e+02,3.482879102e-01
7.500112305e+02,3.363898098e-01
7.502447510e+02,3.657539487e-01
7.504782715e+02,3.466970921e-01
7.507117920e+02,3.464982212e-01
7.509453125e+02,3.535575569e-01
7.511788940e+02,3.776189387e-01
7.514124756e+02,3.388754725e-01
7.516460571e+02,3.564409614e-01
7.518796387e+02,3.046725392e-01
7.521132202e+02,3.973717988e-01
7.523468018e+02,3.547838330e-01
7.525804443e+02,3.465313613e-01
7.528140259e+02,3.027171195e-01
7.530476685e+02,3.445759714e-01
7.532813110e+02,3.139192462e-01
7.535149536e+02,3.172666430e-01
7.537486572e+02,3.583963513e-01
7.539822998e+02,3.187249005e-01
7.542160034e+02,3.136209846e-01
7.544496460e+02,2.760706246e-01
7.546833496e+02,3.223042786e-01
7.549170532e+02,3.675436378e-01
7.551507568e+02,3.056336641e-01
7.553845215e+02,2.957903743e-01
7.556182251e+02,2.911172807e-01
7.558519897e+02,3.170014918e-01
7.560857544e+02,2.706352770e-01
7.563194580e+02,2.737506628e-01
7.565532837e+02,2.827653885e-01
7.567870483e+02,3.076221943e-01
7.570208130e+02,3.323464394e-01
7.572546387e+02,2.631782591e-01
7.574884033e+02,2.737506628e-01
7.577222290e+02,3.109033108e-01
7.579560547e+02,2.974806130e-01
7.581898804e+02,3.107707202e-01
7.584237671e+02,2.577097416e-01
7.586575928e+02,2.865104973e-01
7.588914795e+02,2.777608931e-01
7.591253052e+02,2.922772765e-01
7.593591919e+02,2.358357757e-01
7.595930786e+02,2.616205513e-01
7.598269653e+02,2.878693342e-01
7.600609131e+02,2.620514035e-01
7.602947998e+02,2.412048429e-01
7.605287476e+02,2.350734919e-01
7.607626953e+02,3.195203245e-01
7.609965820e+02,2.620845437e-01
7.612305908e+02,2.629131079e-01
7.614645386e+02,2.566823363e-01
7.616984863e+02,3.122621477e-01
7.619324951e+02,3.166037798e-01
7.621664429e+02,2.581074536e-01
7.624004517e+02,2.369294614e-01
7.626344604e+02,2.475350350e-01
7.628684692e+02,2.454802096e-01
7.631025391e+02,2.183365822e-01
7.633365479e+02,2.708010077e-01
7.635706177e+02,3.179626167e-01
7.638046265e+02,3.089478910e-01
7.640386963e+02,2.324220985e-01
7.642727661e+02,2.314941138e-01
7.645068359e+02,2.464081943e-01
7.647409668e+02,2.210542560e-01
7.649750366e+02,2.230759412e-01
7.652091675e+02,2.678181827e-01
7.654432983e+02,2.435248047e-01
7.656773682e+02,2.236393690e-01
7.659115601e+02,2.441545129e-01
7.661456909e+02,3.032805324e-01
7.663798218e+02,2.433590889e-01
7.666140137e+02,2.678513229e-01
7.668481445e+02,2.211868316e-01
7.670823364e+02,2.579748929e-01
7.673165283e+02,2.687793076e-01
7.675507202e+02,2.662604749e-01
7.677849731e+02,2.204577029e-01
7.680191650e+02,2.286107242e-01
7.682534180e+02,2.370951772e-01
7.684876099e+02,2.111446857e-01
7.687218628e+02,1.883758605e-01
7.689561157e+02,2.432928085e-01
7.691903687e+02,2.199605554e-01
7.694246826e+02,2.372940332e-01
7.696589355e+02,1.879118681e-01
7.698932495e+02,2.039196342e-01
7.701275024e+02,2.668570578e-01
7.703618164e+02,2.028259486e-01
7.705961304e+02,2.466070503e-01
7.708305054e+02,2.380231619e-01
7.710648193e+02,1.928832233e-01
7.712991333e+02,2.026602328e-01
7.715335083e+02,2.123378068e-01
7.717678833e+02,2.304004133e-01
7.720022583e+02,2.672547698e-01
7.722366333e+02,2.145252079e-01
7.724710083e+02,2.100509852e-01
7.727054443e+02,2.540309429e-01
7.729398193e+02,3.143832386e-01
7.731742554e+02,1.842330545e-01
7.734086914e+02,1.898341179e-01
7.736431274e+02,2.110784054e-01
7.738775635e+02,1.982522905e-01
7.741119995e+02,2.144920677e-01
7.743464966e+02,2.405419946e-01
7.745809326e+02,1.901324093e-01
7.748154297e+02,2.807105780e-01
7.750499268e+02,2.248987705e-01
7.752844238e+02,1.813165247e-01
7.755189209e+02,2.460436225e-01
7.757534180e+02,1.922203749e-01
7.759879761e+02,1.664024442e-01
7.762224731e+02,1.777040064e-01
7.764570312e+02,1.878455728e-01
7.766915894e+02,1.825428009e-01
7.769261475e+02,1.826753616e-01
7.771607056e+02,1.599396765e-01
7.773953247e+02,1.982191503e-01
7.776298828e+02,1.727657914e-01
7.778645020e+02,1.860227436e-01
7.780991211e+02,1.897678375e-01
7.783337402e+02,1.746549010e-01
7.785683594e+02,1.477101296e-01
7.788029785e+02,1.458210200e-01
7.790376587e+02,2.274838835e-01
7.792722778e+02,1.451913118e-01
7.795069580e+02,1.779360026e-01
7.797416382e+02,1.916569471e-01
7.799763184e+02,1.631876379e-01
7.802109985e+02,1.591111273e-01
7.804456787e+02,1.682252735e-01
7.806804199e+02,2.101172656e-01
7.809151001e+02,1.210967898e-01
7.811498413e+02,1.683909893e-01
7.813845825e+02,1.704789698e-01
7.816193237e+02,1.688881218e-01
7.818540649e+02,1.509580910e-01
7.820888062e+02,1.792616993e-01
7.823236084e+02,1.470141411e-01
7.825583496e+02,1.779360026e-01
7.827931519e+02,1.540071964e-01
7.830279541e+02,1.382976919e-01
7.832627563e+02,1.499306709e-01
7.834975586e+02,1.483729780e-01
7.837324219e+02,1.498312503e-01
7.839672241e+02,1.520186514e-01
7.842020874e+02,1.510575116e-01
7.844369507e+02,1.126454845e-01
7.846718140e+02,1.669658720e-01
7.849066772e+02,1.473455727e-01
7.851415405e+02,1.662367433e-01
7.853764648e+02,1.439650506e-01
7.856113281e+02,1.422747821e-01
7.858462524e+02,1.306418031e-01
7.860811768e+02,1.996774077e-01
7.863161011e+02,1.273275614e-01
7.865510254e+02,1.561614424e-01
7.867859497e+02,2.068693191e-01
7.870208740e+02,1.348177493e-01
7.872558594e+02,1.247093156e-01
7.874908447e+02,2.379900217e-01
7.877258301e+02,1.879450083e-01
7.879608154e+02,1.668332964e-01
7.881958008e+02,1.541728973e-01
7.884307861e+02,1.354805976e-01
7.886658325e+02,1.516872197e-01
7.889008179e+02,1.374691427e-01
7.891358643e+02,1.561283022e-01
7.893709106e+02,1.365411431e-01
7.896059570e+02,2.157183290e-01
7.898410034e+02,1.465170085e-01
7.900760498e+02,1.507260948e-01
7.903111572e+02,1.002833694e-01
7.905462646e+02,1.432027668e-01
7.907813110e+02,1.182465479e-01
7.910164185e+02,1.327629089e-01
7.912515259e+02,1.129106209e-01
7.914866943e+02,1.256041527e-01
7.917218018e+02,1.479421407e-01
7.919569702e+02,1.556643099e-01
7.921920776e+02,1.054204404e-01
7.924272461e+02,1.341549009e-01
7.926624146e+02,1.270292848e-01
7.928975830e+02,1.296806782e-01
7.931327515e+02,1.459867358e-01
7.933679810e+02,1.139711738e-01
7.936031494e+02,1.379994154e-01
7.938383789e+02,1.066798493e-01
7.940736084e+02,9.146749228e-02
7.943088379e+02,1.813496649e-01
7.945440674e+02,1.004822254e-01
7.947792969e+02,1.166888550e-01
7.950145874e+02,1.129437611e-01
7.952498169e+02,1.090329587e-01
7.954851074e+02,1.303435266e-01
7.957203979e+02,1.149985939e-01
7.959556885e+02,1.267309934e-01
7.961909790e+02,1.326634884e-01
7.964262695e+02,1.191082522e-01
7.966616211e+02,1.421422213e-01
7.968969116e+02,1.015759185e-01
7.971322632e+02,1.885415763e-01
7.973676147e+02,1.097620949e-01
7.976029663e+02,1.480084211e-01
7.978383179e+02,8.056364208e-02
7.980737305e+02,1.195390970e-01
7.983090820e+02,9.454973042e-02
7.985444946e+02,8.178991079e-02
7.987798462e+02,1.119826362e-01
7.990152588e+02,9.677027166e-02
7.992506714e+02,1.010456458e-01
7.994861450e+02,1.041941717e-01
7.997215576e+02,8.583328128e-02
7.999570312e+02,8.911438286e-02
8.001924438e+02,8.639670163e-02
8.004279175e+02,6.591470540e-02
8.006633911e+02,1.038627476e-01
8.008988647e+02,7.801167667e-02
8.011343384e+02,1.408165246e-01
8.013698730e+02,8.417616040e-02
8.016053467e+02,5.381772667e-02
8.018408813e+02,7.396830618e-02
8.020764160e+02,1.536426246e-01
8.023119507e+02,1.196716726e-01
8.025474854e+02,7.171462476e-02
8.027830200e+02,1.169208512e-01
8.030185547e+02,7.456486672e-02
8.032541504e+02,1.106569394e-01
8.034897461e+02,9.643884748e-02
8.037252808e+02,1.251070201e-01
8.039608765e+02,8.818639070e-02
8.041964722e+02,1.112535000e-01
8.044321289e+02,8.109392226e-02
8.046677246e+02,1.219584942e-01
8.049033813e+02,9.753254801e-02
8.051389771e+02,9.080464393e-02
8.053746338e+02,1.163242906e-01
8.056102905e+02,1.250738800e-01
8.058459473e+02,1.028684750e-01
8.060816650e+02,8.805382252e-02
8.063173218e+02,7.221175730e-02
8.065530396e+02,8.099449426e-02
8.067886963e+02,8.487215638e-02
8.070244141e+02,9.650513530e-02
8.072601318e+02,7.121748477e-02
8.074958496e+02,6.140733510e-02
8.077316284e+02,7.797853649e-02
8.079673462e+02,5.153090134e-02
8.082031250e+02,7.234432548e-02
8.084389038e+02,1.054204404e-01
8.086746216e+02,1.162580028e-01
8.089104004e+02,5.149776116e-02
8.091462402e+02,7.058778405e-02
8.093820190e+02,1.370382905e-01
8.096177979e+02,6.840038300e-02
8.098536377e+02,5.849080533e-02
8.100894775e+02,9.213034064e-02
8.103253174e+02,8.858410269e-02
8.105611572e+02,7.768025249e-02
8.107969971e+02,9.418516606e-02
8.110328369e+02,1.162911430e-01
8.112687378e+02,6.614670157e-02
8.115045776e+02,8.275104314e-02
8.117404785e+02,6.704154611e-02
8.119763794e+02,5.915365368e-02
8.122122803e+02,8.669498563e-02
8.124481812e+02,3.943392634e-02
8.126841431e+02,1.484724134e-01
8.129200439e+02,6.061191857e-02
8.131560059e+02,8.291675150e-02
8.133919678e+02,1.661373079e-01
8.136279297e+02,3.615283221e-02
8.138638916e+02,1.275926977e-01
8.140998535e+02,1.298132390e-01
8.143358154e+02,6.661069393e-02
8.145718384e+02,1.057187170e-01
8.148078003e+02,7.996708155e-02
8.150438232e+02,8.941265941e-02
8.152798462e+02,1.328623444e-01
8.155158691e+02,8.533614874e-02
8.157518921e+02,5.494457111e-02
8.159879761e+02,8.898180723e-02
8.162239990e+02,4.612869024e-02
8.164600830e+02,5.520970747e-02
8.166961670e+02,7.768025249e-02
8.169322510e+02,1.397559643e-01
8.171683350e+02,5.789424106e-02
8.174044189e+02,1.197379529e-01
8.176405029e+02,9.521257877e-02
8.178766479e+02,5.451371893e-02
8.181127930e+02,7.466429472e-02
8.183488770e+02,4.755381495e-02
8.185850220e+02,7.065406442e-02
8.188212280e+02,6.571584940e-02
8.190573730e+02,4.473670945e-02
8.192935181e+02,4.075962305e-02
8.195297241e+02,1.303766668e-01
8.197658691e+02,4.221788794e-02
8.200020752e+02,7.724940032e-02
8.202382812e+02,5.491142720e-02
8.204744873e+02,1.032330394e-01
8.207107544e+02,5.617083982e-02
8.209469604e+02,8.593270928e-02
8.211831665e+02,5.318802223e-02
8.214194336e+02,5.378458649e-02
8.216557007e+02,6.680954993e-02
8.218919678e+02,5.931936577e-02
8.221282349e+02,7.903908938e-02
8.223645020e+02,5.093434080e-02
8.226008301e+02,1.053872928e-01
8.228370972e+02,5.070234090e-02
8.230734253e+02,4.483613744e-02
8.233097534e+02,4.052762687e-02
8.235460815e+02,4.463728517e-02
8.237824097e+02,4.211846367e-02
8.240187378e+02,6.617984176e-02
8.242551270e+02,9.481487423e-02
8.244914551e+02,6.836724281e-02
8.247278442e+02,6.200389937e-02
8.249642334e+02,4.768638313e-02
8.252006226e+02,9.335660934e-02
8.254370117e+02,1.116180643e-01
8.256734009e+02,4.384186491e-02
8.259097900e+02,6.216961145e-02
8.261462402e+02,4.708982259e-02
8.263826904e+02,6.366101652e-02
8.266191406e+02,1.156117301e-02
8.268555908e+02,4.168761149e-02
8.270920410e+02,3.857222572e-02
8.273284912e+02,6.230217963e-02
8.275649414e+02,9.605770931e-03
8.278014526e+02,3.217574209e-02
8.280379639e+02,5.587255582e-02
8.282744751e+02,4.752067104e-02
8.285109863e+02,8.082877845e-02
8.287474976e+02,7.211232930e-02
8.289840088e+02,5.100062490e-02
8.292205200e+02,5.182918534e-02
8.294570923e+02,2.843065187e-02
8.296936646e+02,5.968393385e-02
8.299301758e+02,6.187133119e-02
8.301667480e+02,6.031363830e-02
8.304033813e+02,2.372443117e-02
8.306399536e+02,5.176289752e-02
8.308765259e+02,9.130177647e-02
8.311131592e+02,1.978048682e-02
8.313497925e+02,7.280831784e-02
8.315863647e+02,3.201003000e-02
8.318229980e+02,5.003949627e-02
8.320596924e+02,4.748753086e-02
8.322963257e+02,1.795765571e-02
8.325329590e+02,2.273016050e-02
8.327696533e+02,1.126123369e-01
8.330062866e+02,5.275717005e-02
8.332429810e+02,6.899694353e-02
8.334796753e+02,1.895192638e-02
8.337163696e+02,8.245275915e-02
8.339531250e+02,8.589956909e-02
8.341898193e+02,3.114832938e-02
8.344265747e+02,5.143147707e-02
8.346632690e+02,6.392616034e-02
8.349000244e+02,9.672055952e-03
8.351367798e+02,2.680667490e-02
8.353735352e+02,5.245888978e-02
8.356103516e+02,7.304031402e-02
8.358471069e+02,2.465241961e-02
8.360839233e+02,2.969006263e-02
8.363206787e+02,2.534841001e-02
8.365574951e+02,4.990692437e-02
8.367943115e+02,2.465241961e-02
8.370311279e+02,1.805708185e-02
8.372679443e+02,1.152803004e-02
8.375048218e+02,1.523997821e-02
8.377416382e+02,2.538155206e-02
8.379785156e+02,1.812336780e-02
8.382153931e+02,3.154603764e-02
8.384522705e+02,3.688196465e-02
8.386891479e+02,1.842164807e-02
8.389260254e+02,4.470356926e-02
8.391629639e+02,6.823466718e-02
8.393998413e+02,9.988565743e-02
8.396367798e+02,3.519169986e-02
8.398737183e+02,3.724652901e-02
8.401106567e+02,3.926821426e-02
8.403475952e+02,2.866264991e-02
8.405845337e+02,4.655954242e-02
8.408215332e+02,4.066019505e-02
8.410584717e+02,5.627026409e-02
8.412954712e+02,1.746051945e-02
8.415324707e+02,6.144047901e-02
8.417694702e+02,3.767738119e-02
8.420064697e+02,3.018719889e-02
8.422434692e+02,3.681567684e-02
8.424804688e+02,2.322729677e-02
8.427175293e+02,3.396543115e-02
8.429545288e+02,2.783408947e-02
8.431915894e+02,2.309472673e-02
8.434286499e+02,3.794252127e-02
8.436657104e+02,2.186845802e-02
8.439028320e+02,1.881935820e-02
8.441398926e+02,3.923507407e-02
8.443769531e+02,5.653540418e-02
8.446140747e+02,1.862050220e-02
8.448511963e+02,4.221788794e-02
8.450883179e+02,3.820765764e-02
8.453254395e+02,2.064218931e-02
8.455625610e+02,9.870910086e-03
8.457997437e+02,2.591183037e-02
8.460368652e+02,9.044007212e-02
8.462740479e+02,3.631854430e-02
8.465112305e+02,2.750266530e-02
8.467483521e+02,2.215016866e-03
8.469855957e+02,3.350143880e-02
8.472227783e+02,9.647199512e-02
8.474599609e+02,6.260046363e-02
8.476972046e+02,5.491142720e-02
8.479343872e+02,1.934963651e-02
8.481716309e+02,2.243187837e-02
8.484088745e+02,5.520970747e-02
8.486461182e+02,3.317001462e-02
8.488833618e+02,3.721338883e-02
8.491206665e+02,2.541469410e-02
8.493579102e+02,3.900307789e-02
8.495952148e+02,1.106403675e-02
8.498324585e+02,2.413871232e-03
8.500697632e+02,3.877108172e-02
8.503070679e+02,4.636069015e-02
8.505444336e+02,3.956649825e-02
8.507817383e+02,9.042350575e-03
8.510190430e+02,7.502885908e-02
8.512564087e+02,-3.120908979e-03
8.514937744e+02,-3.038053110e-04
8.517311401e+02,2.302844077e-02
8.519685059e+02,6.757181883e-02
8.522058716e+02,3.131404147e-02
8.524432373e+02,7.418373134e-03
8.526806641e+02,4.238360003e-02
8.529180298e+02,2.975634858e-02
8.531554565e+02,-6.352292839e-04
8.533928833e+02,1.596911065e-02
8.536303101e+02,6.564956158e-02
8.538677368e+02,2.770151943e-02
8.541051636e+02,1.646624692e-02
8.543426514e+02,1.026364788e-01
8.545800781e+02,4.833266139e-03
8.548175659e+02,2.647525072e-02
8.550550537e+02,3.900307789e-02
8.552925415e+02,6.225246936e-03
8.555300293e+02,1.855421811e-02
8.557675171e+02,3.747852519e-02
8.560050659e+02,3.565569595e-02
8.562425537e+02,1.875307225e-02
8.564801025e+02,8.500472456e-02
8.567176514e+02,4.689096659e-02
8.569552002e+02,6.349530816e-02
8.571927490e+02,1.769251563e-02
8.574302979e+02,9.312461317e-02
8.576679077e+02,1.855421811e-02
8.579054565e+02,3.051862307e-02
8.581430664e+02,2.365814708e-02
8.583806763e+02,1.596911065e-02
8.586182861e+02,5.030463263e-02
8.588558960e+02,-2.690057736e-03
8.590935059e+02,7.642084360e-02
8.593311157e+02,3.081690520e-02
8.595687866e+02,2.630953863e-02
8.598064575e+02,4.039505869e-02
8.600440674e+02,1.461027283e-02
8.602817383e+02,1.275429875e-02
8.605194092e+02,1.817308017e-03
8.607571411e+02,2.166960388e-02
8.609948120e+02,4.369272385e-03
8.612324829e+02,4.417328909e-02
8.614702148e+02,1.563768648e-02
8.617079468e+02,5.660168827e-02
8.619456787e+02,1.063318551e-02
8.621834106e+02,3.191060573e-02
8.624211426e+02,2.862950601e-02
8.626588745e+02,4.294702038e-02
8.628966675e+02,5.032120738e-03
8.631343994e+02,7.350431383e-02
8.633721924e+02,9.672055952e-03
8.636099854e+02,3.539055586e-02
8.638477783e+02,2.546440810e-03
8.640855713e+02,8.387788385e-02
8.643234253e+02,1.964791678e-02
8.645612183e+02,6.402558833e-02
8.647990723e+02,4.261559620e-02
8.650368652e+02,3.900307789e-02
8.652747192e+02,3.910250217e-02
8.655125732e+02,9.970337152e-03
8.657504272e+02,1.931649260e-02
8.659883423e+02,5.481199920e-02
8.662261963e+02,4.253274237e-04
8.664641113e+02,4.115733132e-02
8.667019653e+02,1.656567492e-02
8.669398804e+02,2.123875171e-02
8.671777954e+02,-1.090937201e-02
8.674157104e+02,-3.982611466e-03
8.676536865e+02,2.513298299e-03
8.678916016e+02,2.418842539e-02
8.681295776e+02,5.529256538e-03
8.683674927e+02,1.716223732e-02
8.686054688e+02,1.298629586e-02
8.688434448e+02,5.912050977e-02
8.690814209e+02,2.253130637e-02
8.693193970e+02,6.291531492e-03
8.695574341e+02,8.909780532e-03
8.697954102e+02,2.919292822e-02
8.700334473e+02,2.645867877e-03
8.702714844e+02,-1.994067570e-03
8.705095215e+02,2.127189562e-02
8.707475586e+02,1.739423349e-02
8.709855957e+02,7.484657690e-03
8.712236328e+02,6.854952313e-03
8.714617310e+02,6.153990701e-02
8.716997681e+02,-2.557488158e-03
8.719378662e+02,8.710926399e-03
8.721759644e+02,-7.031711750e-03
8.724140625e+02,9.042350575e-03
8.726521606e+02,-1.167164743e-02
8.728903198e+02,8.898180723e-02
8.731284180e+02,1.878621429e-02
8.733665771e+02,9.696912766e-02
8.736046753e+02,8.580014110e-02
8.738428345e+02,-4.032324941e-04
8.740809937e+02,-1.541673765e-02
8.743191528e+02,2.697238699e-02
8.745573730e+02,1.997934096e-02
8.747955322e+02,2.538155206e-02
8.750337524e+02,1.842164807e-02
8.752719116e+02,1.248915959e-02
8.755101318e+02,2.365814708e-02
8.757483521e+02,2.248159144e-03
8.759865723e+02,-4.148323089e-03
8.762248535e+02,1.832222193e-02
8.764630737e+02,6.755525246e-03
8.767013550e+02,5.252517387e-02
8.769395752e+02,1.901821233e-02
8.771778564e+02,4.056077078e-02
8.774161377e+02,2.654153481e-02
8.776544189e+02,3.260659426e-02
8.778927002e+02,6.074449047e-02
8.781310425e+02,3.091633134e-02
8.783693237e+02,4.579726979e-02
8.786076660e+02,2.939178236e-02
8.788460083e+02,-6.269436795e-03
8.790842896e+02,2.601125650e-02
8.793226318e+02,1.374857035e-02
8.795610352e+02,2.398957126e-02
8.797993774e+02,3.220888600e-02
8.800377197e+02,1.888564229e-02
8.802761230e+02,2.982263267e-02
8.805145264e+02,-1.100879908e-02
8.807529297e+02,1.868678816e-02
8.809913330e+02,-5.440876819e-03
8.812297363e+02,8.230361855e-04
8.814681396e+02,-9.351679124e-03
8.817066040e+02,-6.435148418e-03
8.819450073e+02,1.580339856e-02
8.821834717e+02,3.244088218e-02
8.824219360e+02,-4.711743910e-03
8.826604004e+02,-1.737213880e-02
8.828988647e+02,5.065262783e-03
8.831373291e+02,5.053662881e-02
8.833757935e+02,-3.154051490e-03
8.836143188e+02,-9.219110012e-03
8.838528442e+02,3.260659426e-02
8.840913086e+02,-1.165507594e-03
8.843298340e+02,2.034390718e-02
8.845683594e+02,1.262172963e-02
8.848069458e+02,3.800880536e-02
8.850454712e+02,1.099775173e-02
8.852839966e+02,1.586968452e-02
8.855225830e+02,-1.448875107e-02
8.857611694e+02,3.542369977e-02
8.859997559e+02,3.250716627e-02
8.862383423e+02,-1.163850445e-02
8.864769287e+02,6.490386091e-03
8.867155151e+02,6.644497812e-02
8.869541626e+02,2.995520271e-02
8.871927490e+02,5.965078995e-02
8.874313965e+02,6.788667291e-03
8.876700439e+02,3.250716627e-02
8.879086914e+02,-1.057794783e-02
8.881473389e+02,1.736109145e-02
8.883859863e+02,3.880422190e-02
8.886246948e+02,7.433287054e-02
8.888633423e+02,4.390815273e-02
8.891020508e+02,2.927578462e-04
8.893407593e+02,2.412214130e-02
8.895794678e+02,8.507100493e-02
8.898181763e+02,2.329358086e-02
8.900568848e+02,-3.220336279e-03
8.902955933e+02,9.141777642e-03
8.905343628e+02,-1.047852077e-02
8.907730713e+02,-1.482017525e-02
8.910118408e+02,2.574611828e-02
8.912506104e+02,3.804194555e-02
8.914893799e+02,1.258858666e-02
8.917281494e+02,2.740323730e-02
8.919669800e+02,5.247546360e-04
8.922057495e+02,1.192573924e-02
8.924445801e+02,-7.893414237e-03
8.926833496e+02,3.989792243e-02
8.929221802e+02,2.995520271e-02
8.931610107e+02,1.520683616e-02
8.933998413e+02,5.391715467e-02
8.936387329e+02,7.252661046e-03
8.938775635e+02,2.017819509e-02
8.941164551e+02,-1.515159849e-02
8.943552856e+02,3.674939275e-02
8.945941772e+02,4.788523912e-02
8.948330688e+02,-2.131608501e-02
8.950719604e+02,1.381485537e-02
8.953108521e+02,3.432999924e-02
8.955498047e+02,4.775267094e-02
8.957886963e+02,-1.346133649e-02
8.960276489e+02,-1.299734320e-02
8.962666016e+02,4.112419114e-02
8.965055542e+02,1.752680354e-02
8.967445068e+02,-1.264934777e-03
8.969834595e+02,8.611499332e-03
8.972224121e+02,4.725553468e-02
8.974614258e+02,4.236702807e-03
8.977003784e+02,2.670724690e-02
8.979393921e+02,-1.695785904e-03
8.981784058e+02,3.950021416e-02
8.984174194e+02,2.054276131e-02
8.986564331e+02,1.916735200e-03
8.988954468e+02,-7.959699258e-03
8.991345215e+02,-2.822627313e-03
8.993735352e+02,3.201003000e-02
8.996126099e+02,-1.442246605e-02
8.998516846e+02,1.802393980e-02
9.000907593e+02,5.166347325e-02
9.003298340e+02,2.080790140e-02
9.005689087e+02,-2.661886811e-02
9.008079834e+02,2.448670752e-02
9.010471191e+02,1.444456074e-02
9.012861938e+02,4.132304341e-02
9.015253296e+02,8.981037140e-02
9.017644653e+02,3.254031017e-02
9.020036011e+02,4.039505869e-02
9.022427368e+02,1.673138700e-02
9.024819336e+02,1.100603715e-01
9.027210693e+02,2.733695321e-02
9.029602661e+02,1.762623154e-02
9.031994019e+02,1.222402044e-02
9.034385986e+02,1.484226994e-02
9.036777954e+02,1.116346382e-02
9.039169922e+02,3.797566146e-02
9.041561890e+02,3.648425639e-02
9.043954468e+02,1.288686879e-02
9.046346436e+02,5.098405294e-03
9.048739014e+02,2.680667490e-02
9.051131592e+02,1.013604924e-02
9.053524170e+02,1.601882541e-04
9.055916748e+02,-1.412418485e-02
9.058309326e+02,-2.822627313e-03
9.060701904e+02,-5.904870108e-03
9.063095093e+02,2.413871232e-03
9.065487671e+02,6.225246936e-03
9.067880859e+02,2.564669028e-02
9.070274048e+02,2.239873633e-02
9.072667236e+02,8.313218132e-03
9.075060425e+02,3.250716627e-02
9.077454224e+02,5.789424106e-02
9.079847412e+02,1.354971621e-02
9.082240601e+02,4.082590714e-02
9.084634399e+02,-5.805443041e-03
9.087028198e+02,5.636969209e-02
9.089421997e+02,5.728110671e-03
9.091815796e+02,5.146461725e-02
9.094209595e+02,-3.324734792e-02
9.096604004e+02,1.585311256e-03
9.098997803e+02,-1.061109081e-02
9.101392212e+02,-8.456834592e-03
9.103786011e+02,-1.800184511e-02
9.106180420e+02,4.596297815e-02
9.108574829e+02,2.697238699e-02
9.110969849e+02,-1.892983168e-02
9.113364258e+02,-1.989096217e-02
9.115758667e+02,-1.601330191e-02
9.118153687e+02,2.524898201e-02
9.120548706e+02,1.099775173e-02
9.122943115e+02,2.422156744e-02
9.125338135e+02,7.850881666e-02
9.127733765e+02,1.219087839e-02
9.130128784e+02,2.148732077e-03
9.132523804e+02,2.985577472e-02
9.134919434e+02,-3.684329800e-03
9.137314453e+02,-1.795213087e-03
9.139710083e+02,-2.804399095e-02
9.142105713e+02,1.649938896e-02
9.144501343e+02,1.706281118e-02
9.146896973e+02,6.357816514e-03
9.149293213e+02,-1.309677027e-02
9.151688843e+02,-6.037439685e-03
9.154085083e+02,1.311886497e-02
9.156480713e+02,9.241204709e-03
9.158876953e+02,-4.380320199e-03
9.161273193e+02,-2.754685469e-02
9.163669434e+02,2.379071712e-02
9.166066284e+02,-9.185967967e-03
9.168462524e+02,-9.666532278e-04
9.170858765e+02,-7.363135926e-03
9.173255615e+02,1.620110869e-02
9.175652466e+02,-4.082038533e-03
9.178049316e+02,1.010456458e-01
9.180446167e+02,3.131404147e-02
9.182843018e+02,5.908736959e-02
9.185239868e+02,-1.074365992e-02
9.187637329e+02,5.164690316e-03
9.190034180e+02,-1.960925059e-03
9.192431641e+02,6.357816514e-03
9.194829102e+02,3.143003909e-03
9.197226562e+02,-7.396277972e-03
9.199624023e+02,-1.339505147e-02
9.202021484e+02,3.310373053e-02
9.204419556e+02,2.604440041e-02
9.206817017e+02,-1.624529809e-02
9.209215088e+02,1.769251563e-02
9.211613159e+02,2.057590522e-02
9.214011230e+02,1.282058377e-02
9.216409302e+02,5.197832361e-03
9.218807373e+02,4.369272385e-03
9.221205444e+02,1.255544461e-02
9.223604126e+02,4.281445220e-02
9.226002197e+02,-3.551760223e-03
9.228400879e+02,-4.546031822e-03
9.230799561e+02,2.123875171e-02
9.233198242e+02,-1.298077172e-03
9.235596924e+02,9.042350575e-03
9.237995605e+02,-2.267492190e-02
9.240394897e+02,-3.154051490e-03
9.242793579e+02,-9.881957434e-03
9.245192871e+02,2.153703384e-02
9.247592163e+02,-5.971155129e-03
9.249991455e+02,1.883592806e-03
9.252390747e+02,1.743234843e-01
9.254790039e+02,2.982263267e-02
9.257189331e+02,-8.390549570e-03
9.259589233e+02,-1.074365992e-02
9.261988525e+02,-2.159779426e-03
9.264388428e+02,-9.915100411e-03
9.266788330e+02,-6.335721351e-03
9.269188232e+02,5.065262783e-03
9.271588135e+02,1.229030546e-02
9.273988037e+02,2.067533135e-02
9.276388550e+02,-2.963482589e-02
9.278788452e+02,3.144660965e-02
9.281188965e+02,3.121461347e-02
9.283589478e+02,1.580339856e-02
9.285989990e+02,6.654440612e-02
9.288390503e+02,-3.286621068e-03
9.290791016e+02,2.312786877e-02
9.293191528e+02,2.760706246e-01
9.295592651e+02,6.390958559e-03
9.297993164e+02,2.654153481e-02
9.300394287e+02,1.842164807e-02
9.302795410e+02,-5.374591798e-03
9.305196533e+02,-5.938012619e-03
9.307597656e+02,-5.540303886e-03
9.309998779e+02,2.123875171e-02
9.312400513e+02,-3.954440355e-02
9.314801636e+02,5.230974872e-03
9.317203369e+02,-5.341449752e-03
9.319605103e+02,2.823179774e-02
9.322006836e+02,1.272115670e-02
9.324408569e+02,1.779194362e-02
9.326810303e+02,4.520070553e-02
9.329212036e+02,-1.286477316e-02
9.331614380e+02,3.340201080e-02
9.334016113e+02,2.243187837e-02
9.336418457e+02,2.127189562e-02
9.338820801e+02,-2.651944011e-02
9.341223145e+02,1.232344750e-02
9.343625488e+02,-1.409104187e-02
9.346027832e+02,-2.226064214e-03
9.348430176e+02,-2.126637148e-03
9.350833130e+02,4.029563069e-02
9.353236084e+02,3.555626795e-02
9.355638428e+02,7.617227267e-03
9.358041382e+02,-9.053397924e-03
9.360444336e+02,-1.889668964e-02
9.362847290e+02,2.541469410e-02
9.365250854e+02,3.323629871e-02
9.367653809e+02,-1.452189311e-02
9.370057373e+02,2.137132175e-02
9.372460327e+02,-5.739158485e-03
9.374863892e+02,1.726166531e-02
9.377267456e+02,1.154460129e-03
9.379671021e+02,1.238973252e-02
9.382075195e+02,3.244088218e-02
9.384478760e+02,-5.358021008e-04
9.386882324e+02,-1.031280868e-02
9.389286499e+02,-1.366019063e-02
9.391690674e+02,2.249816246e-02
9.394094849e+02,2.435413748e-02
9.396499023e+02,3.260659426e-02
9.398903198e+02,1.795765571e-02
9.401307373e+02,5.491142720e-02
9.403712158e+02,-8.357407525e-03
9.406116333e+02,2.770151943e-02
9.408521118e+02,-2.280749194e-02
9.410925903e+02,2.148732077e-03
9.413330078e+02,3.747852519e-02
9.415735474e+02,-9.649961255e-03
9.418140259e+02,1.732794940e-02
9.420545044e+02,-5.142595153e-03
9.422950439e+02,4.092533514e-02
9.425355225e+02,2.679010388e-03
9.427760620e+02,-2.227721363e-02
9.430166016e+02,1.384799834e-02
9.432571411e+02,2.485127375e-02
9.434976807e+02,-8.191695437e-03
9.437382202e+02,-2.058695257e-02
9.439787598e+02,1.898506843e-02
9.442193604e+02,-1.094251405e-02
9.444599609e+02,5.562399048e-03
9.447005005e+02,1.220744918e-03
9.449411011e+02,-9.550534189e-03
9.451817017e+02,3.905279096e-03
9.454223022e+02,-1.627844013e-02
9.456629639e+02,1.431199163e-02
9.459035645e+02,-1.563216327e-03
9.461442261e+02,7.451515645e-03
9.463848267e+02,-1.747156680e-02
9.466254883e+02,1.245601755e-02
9.468661499e+02,6.936151534e-02
9.471068115e+02,9.042350575e-03
9.473475342e+02,1.751023228e-03
9.475881958e+02,-2.108408697e-02
9.478288574e+02,-4.910598509e-03
9.480695801e+02,-2.045438252e-02
9.483103027e+02,-9.616818279e-03
9.485510254e+02,3.075061925e-02
9.487917480e+02,2.286273055e-02
9.490324707e+02,2.193474211e-02
9.492731934e+02,-2.270806581e-02
9.495139160e+02,2.811579965e-03
9.497546997e+02,2.011191100e-02
9.499954834e+02,-1.762070693e-03
9.502362061e+02,5.991593003e-02
9.504769897e+02,-1.364361960e-03
9.507177734e+02,2.902721614e-02
9.509585571e+02,3.661682457e-02
9.511994019e+02,1.590282656e-02
9.514401855e+02,2.345929295e-02
9.516810303e+02,2.541469410e-02
9.519218140e+02,2.375757508e-02
9.521626587e+02,-1.548302267e-02
9.524035034e+02,6.755525246e-03
9.526443481e+02,7.734882832e-02
9.528852539e+02,-3.054624191e-03
9.531260986e+02,-2.986682206e-02
9.533669434e+02,1.696338318e-02
9.536078491e+02,8.611499332e-03
9.538487549e+02,3.807508945e-02
9.540896606e+02,-3.497075289e-02
9.543305664e+02,1.616796479e-02
9.545714722e+02,-1.369333360e-02
9.548123779e+02,3.592083231e-02
9.550532837e+02,1.961477473e-02
9.552942505e+02,-1.198649989e-03
9.555352173e+02,3.482713550e-02
9.557761230e+02,3.277230635e-02
9.560170898e+02,-1.861497876e-03
9.562580566e+02,-1.392532978e-02
9.564990845e+02,-4.214608110e-03
9.567400513e+02,2.912664227e-02
9.569810181e+02,1.991305687e-02
9.572220459e+02,-2.917083167e-02
9.574630737e+02,-6.020868896e-04
9.577040405e+02,8.611499332e-03
9.579450684e+02,2.826493979e-02
9.581860962e+02,-2.801084891e-02
9.584271851e+02,6.904666079e-04
9.586682129e+02,1.073261257e-02
9.589092407e+02,3.698138893e-02
9.591503296e+02,3.109861631e-03
9.593914185e+02,1.043433137e-02
9.596325073e+02,7.128377259e-02
9.598735962e+02,-2.888912102e-03
9.601146851e+02,-1.140650827e-02
9.603557739e+02,8.412645198e-03
9.605968628e+02,1.964791678e-02
9.608380127e+02,1.464341581e-02
9.610791626e+02,-1.598015800e-02
9.613202515e+02,2.090732753e-02
9.615614014e+02,-1.220192574e-02
9.618025513e+02,-1.216878276e-02
9.620437012e+02,-1.167164743e-02
9.622849121e+02,5.116633698e-02
9.625260620e+02,1.315200794e-02
9.627672729e+02,-6.136867218e-03
9.630084229e+02,-2.386804856e-02
9.632496338e+02,9.141777642e-03
9.634908447e+02,-6.170009263e-03
9.637320557e+02,-2.214464359e-02
9.639732666e+02,-7.677988615e-04
9.642145386e+02,1.298629586e-02
9.644557495e+02,6.654440612e-02
9.646970215e+02,9.373774752e-03
9.649382324e+02,-1.283163112e-02
9.651795044e+02,4.435557406e-03
9.654207764e+02,2.690610290e-02
9.656620483e+02,3.375000786e-03
9.659033203e+02,-1.704071462e-02
9.661446533e+02,3.273916245e-02
9.663859253e+02,-3.518617712e-03
9.666272583e+02,-2.164750919e-02
9.668685913e+02,-2.060352359e-03
9.671099243e+02,-9.666532278e-04
9.673512573e+02,1.881935820e-02
9.675925903e+02,5.794395693e-03
9.678339233e+02,-1.047852077e-02
9.680752563e+02,3.486027569e-02
9.683166504e+02,3.058490716e-02
9.685579834e+02,2.380728722e-03
9.687993774e+02,1.828907989e-02
9.690407715e+02,-1.080994494e-02
9.692821655e+02,-8.920827881e-03
9.695235596e+02,2.034390718e-02
9.697650146e+02,8.412645198e-03
9.700064087e+02,-9.152824990e-03
9.702478638e+02,7.120091468e-03
9.704892578e+02,-1.614587009e-02
9.707307129e+02,-2.552516945e-02
9.709721680e+02,1.603539661e-02
9.712136230e+02,1.452741679e-03
9.714550781e+02,-4.413462244e-03
9.716965942e+02,-1.206935570e-02
9.719380493e+02,6.034677848e-02
9.721795654e+02,-8.191695437e-03
9.724210205e+02,-2.366919443e-02
9.726625366e+02,2.034390718e-02
9.729040527e+02,-1.143965032e-02
9.731455688e+02,1.442301869e-01
9.733870850e+02,-8.009412559e-04
9.736286621e+02,-2.585659362e-02
9.738701782e+02,2.037704922e-02
9.741117554e+02,9.009207599e-03
9.743533325e+02,1.086518262e-02
9.745948486e+02,-2.734800056e-02
9.748364258e+02,1.683081314e-02
9.750780029e+02,-9.649961255e-03
9.753196411e+02,-2.032181248e-02
9.755612183e+02,-1.578130387e-02
9.758028564e+02,8.180648088e-03
9.760444336e+02,2.216674015e-02
9.762860718e+02,-1.783613302e-02
9.765277100e+02,7.148262858e-02
9.767693481e+02,5.794395693e-03
9.770109863e+02,3.552312404e-02
9.772526245e+02,-2.482917905e-02
9.774943237e+02,-1.728928299e-03
9.777359619e+02,1.021890552e-03
9.779776611e+02,1.215773541e-02
9.782193604e+02,-1.611272804e-02
9.784610596e+02,3.515855968e-02
9.787027588e+02,-1.548302267e-02
9.789444580e+02,7.418373134e-03
9.791861572e+02,-2.419947274e-02
9.794278564e+02,-1.120765414e-02
9.796696167e+02,4.897893965e-02
9.799113770e+02,3.267287835e-02
9.801530762e+02,-6.136867218e-03
9.803948364e+02,8.230361855e-04
9.806365967e+02,2.140446380e-02
9.808784180e+02,1.129603386e-02
9.811201782e+02,6.573242135e-04
9.813619385e+02,-1.032938017e-03
9.816037598e+02,-9.335108334e-04
9.818455811e+02,-1.458817814e-02
9.820873413e+02,-1.899611764e-02
9.823291626e+02,4.016305879e-02
9.825709839e+02,1.220744918e-03
9.828128662e+02,3.088318929e-02
9.830546875e+02,-1.561559271e-02
9.832965088e+02,2.173588797e-02
9.835383911e+02,2.935864031e-02
9.837802734e+02,-1.405789983e-02
9.840221558e+02,-2.784513682e-02
9.842639771e+02,-1.760413684e-02
9.845059204e+02,2.264730429e-04
9.847478027e+02,-3.054624191e-03
9.849896851e+02,2.465241961e-02
9.852316284e+02,-3.241878748e-02
9.854735107e+02,1.752680354e-02
9.857154541e+02,6.893066317e-02
9.859573975e+02,-1.919497177e-02
9.861993408e+02,-9.666532278e-04
9.864412842e+02,1.195888128e-02
9.866832275e+02,5.032120738e-03
9.869251709e+02,-1.263277698e-02
9.871671753e+02,-1.670929231e-02
9.874091797e+02,2.819865569e-02
9.876511230e+02,2.215016866e-03
9.878931274e+02,-9.384822100e-03
9.881351318e+02,-2.595601976e-02
9.883771362e+02,9.672055952e-03
9.886192017e+02,9.208062664e-03
9.888612061e+02,4.667554051e-03
9.891032104e+02,-2.192921937e-03
9.893452759e+02,2.877864754e-03
9.895873413e+02,2.612725599e-03
9.898294067e+02,-2.524345880e-03
9.900714722e+02,3.540712642e-03
9.903135376e+02,2.491755784e-02
9.905556030e+02,-4.811170977e-03
9.907977295e+02,-1.960925059e-03
9.910397949e+02,2.389014326e-02
9.912819214e+02,2.319415286e-02
9.915239868e+02,-3.651187290e-03
9.917661133e+02,-2.887255140e-02
9.920082397e+02,7.816081867e-03
9.922504272e+02,1.341714710e-02
9.924925537e+02,-5.440876819e-03
9.927346802e+02,-2.221092954e-02
9.929768677e+02,-1.496931538e-03
9.932189941e+02,1.684738440e-03
9.934611816e+02,2.844722243e-03
9.937033691e+02,-1.730585471e-02
9.939455566e+02,3.449571133e-02
9.941877441e+02,1.639996283e-02
9.944299927e+02,2.256444842e-02
9.946721802e+02,-9.318537079e-03
9.949143677e+02,1.292001083e-02
9.951566162e+02,-4.811170977e-03
9.953988647e+02,2.879521810e-02
9.956411133e+02,-2.095151879e-02
9.958833618e+02,2.413871232e-03
9.961256104e+02,5.164690316e-03
9.963678589e+02,-1.641101018e-02
9.966101685e+02,7.153233979e-03
9.968524170e+02,5.297259893e-03
9.970947266e+02,3.008777276e-02
9.973370361e+02,2.080790140e-02
9.975793457e+02,-8.324265480e-03
9.978216553e+02,5.414915085e-02
9.980639648e+02,1.815650985e-02
9.983062744e+02,-2.562459558e-02
9.985486450e+02,-2.128294297e-02
9.987909546e+02,-4.347177688e-03
9.990333252e+02,-8.953970857e-03
9.992756958e+02,-2.612173185e-02
9.995180664e+02,-2.751371264e-02
9.997604370e+02,7.830996066e-02
1.000002808e+03,-8.423692547e-03
1.000245178e+03,-1.551616564e-02
1.000487610e+03,3.540712642e-03
1.000729980e+03,1.136231795e-02
1.000972412e+03,3.363400698e-02
1.001214844e+03,-3.033081628e-02
1.001457275e+03,-7.760844659e-03
1.001699707e+03,-4.479747266e-03
1.001942139e+03,-3.319763346e-03
1.002184570e+03,-8.257980458e-03
1.002427063e+03,-8.092268370e-03
1.002669495e+03,1.149488799e-02
1.002911987e+03,-1.861497876e-03
1.003154480e+03,-4.778028931e-03
1.003396973e+03,5.562399048e-03
1.003639465e+03,3.240773827e-02
1.003881958e+03,5.247546360e-04
1.004124451e+03,1.154460129e-03
1.004367004e+03,-2.524345880e-03
1.004609497e+03,2.120560966e-02
1.004852051e+03,-1.438932400e-02
1.005094604e+03,-2.098466083e-02
1.005337158e+03,-4.877455998e-03
1.005579712e+03,-1.137336530e-02
1.005822266e+03,7.020664401e-03
1.006064819e+03,7.451515645e-03
1.006307434e+03,1.855421811e-02
1.006549988e+03,3.028662689e-02
1.006792603e+03,1.384799834e-02
1.007035217e+03,1.136231795e-02
1.007277832e+03,-1.110822614e-02
1.007520447e+03,3.751166910e-02
1.007763062e+03,3.582140803e-02
1.008005676e+03,-1.018023957e-02
1.008248352e+03,-2.492860518e-02
1.008490967e+03,1.751023228e-03
1.008733643e+03,-5.275164731e-03
1.008976318e+03,-7.164281327e-03
1.009218994e+03,2.408899926e-02
1.009461670e+03,1.348343119e-02
1.009704346e+03,4.864751548e-02
1.009947021e+03,3.971563652e-03
1.010189758e+03,6.876494735e-02
1.010432434e+03,4.932693206e-03
1.010675171e+03,-4.363748885e-04
1.010917908e+03,-7.097996771e-03
1.011160645e+03,-2.757999673e-02
1.011403381e+03,4.899550695e-03
1.011646118e+03,-1.206935570e-02
1.011888855e+03,-1.485331729e-02
1.012131653e+03,-5.639730953e-03
1.012374390e+03,1.961477473e-02
1.012617188e+03,1.113032177e-02
1.012859985e+03,-2.184636332e-02
1.013102783e+03,-5.308307242e-03
1.013345581e+03,3.075061925e-02
1.013588379e+03,5.728110671e-03
1.013831177e+03,3.507570364e-03
1.014074036e+03,1.467655785e-02
1.014316833e+03,-4.181465600e-03
1.014559692e+03,7.186376490e-03
1.014802551e+03,2.249816246e-02
1.015045349e+03,-1.498588640e-02
1.015288269e+03,2.080790140e-02
1.015531128e+03,1.583654247e-02
1.015773987e+03,-1.153410599e-01
1.016016846e+03,-1.148439273e-01
1.016259766e+03,-1.176941767e-01
1.016502686e+03,-1.177273169e-01
1.016745544e+03,-1.160039082e-01
1.016988464e+03,-1.168987527e-01
