1.933779755e+02,3.980449401e-03
1.935834351e+02,-9.192878380e-03
1.937889099e+02,8.843951859e-03
1.939943848e+02,-7.453612983e-03
1.941998901e+02,5.590880755e-03
1.944053955e+02,-1.172930817e-03
1.946109161e+02,7.813275792e-03
1.948164520e+02,4.656830337e-03
1.950220032e+02,1.248352695e-02
1.952275696e+02,-8.548705839e-03
1.954331360e+02,1.431941800e-02
1.956387177e+02,2.317679115e-02
1.958443298e+02,1.737923734e-02
1.960499420e+02,-2.429067157e-03
1.962555695e+02,1.142064203e-02
1.964611969e+02,1.840991341e-02
1.966668549e+02,6.138427183e-03
1.968725128e+02,1.812003553e-02
1.970782013e+02,3.690571757e-03
1.972838898e+02,2.301574685e-02
1.974895935e+02,1.380407996e-02
1.976953125e+02,1.145285089e-02
1.979010315e+02,-5.810972769e-03
1.981067810e+02,-2.654527547e-03
1.983125305e+02,1.132401638e-02
1.985182953e+02,-1.301765325e-03
1.987240906e+02,2.273392165e-03
1.989298706e+02,-2.106980886e-03
1.991356812e+02,-4.909131210e-03
1.993415070e+02,8.884212584e-04
1.995473328e+02,-1.096435264e-02
1.997531891e+02,-4.643410211e-04
1.999590454e+02,-3.491951851e-03
2.001649170e+02,8.682908490e-03
2.003708038e+02,-1.012692880e-02
2.005766907e+02,2.636544406e-02
2.007826080e+02,1.431941800e-02
2.009885254e+02,-3.878455376e-03
2.011944733e+02,-1.205139444e-03
2.014004211e+02,5.719715264e-03
2.016063843e+02,1.017255825e-03
2.018123627e+02,-1.769595593e-02
2.020183411e+02,2.853147453e-03
2.022243500e+02,1.895746030e-02
2.024303589e+02,4.978916608e-03
2.026363831e+02,1.444825251e-02
2.028424225e+02,2.417525835e-02
2.030484772e+02,1.283782162e-02
2.032545471e+02,5.361394212e-02
2.034606171e+02,2.112349030e-03
2.036667175e+02,4.689039197e-03
2.038728180e+02,6.138427183e-03
2.040789337e+02,1.506021712e-02
2.042850647e+02,3.110816469e-03
2.044912109e+02,-3.355065128e-04
2.046973724e+02,-2.332441276e-03
2.049035339e+02,-7.542186650e-04
2.051097107e+02,1.315990742e-02
2.053159180e+02,4.594828933e-02
2.055221252e+02,4.875043780e-02
2.057283478e+02,3.110816469e-03
2.059345703e+02,1.178298844e-03
2.061408234e+02,-5.134591833e-03
2.063470764e+02,6.653765216e-03
2.065533600e+02,3.722780384e-03
2.067596436e+02,-7.099317852e-03
2.069659424e+02,1.116297301e-02
2.071722412e+02,7.169103250e-03
2.073785706e+02,2.208169736e-02
2.075848999e+02,-7.775699254e-03
2.077912598e+02,-8.677540347e-03
2.079976196e+02,1.348199416e-02
2.082039948e+02,3.046399215e-03
2.084103851e+02,-1.237348071e-03
2.086167908e+02,6.363887805e-03
2.088231964e+02,6.750391331e-03
2.090296173e+02,-9.386130609e-03
2.092360687e+02,4.946708214e-03
2.094425201e+02,1.629219623e-03
2.096489868e+02,2.917564707e-03
2.098554535e+02,2.919980325e-02
2.100619507e+02,2.498852555e-03
2.102684479e+02,-1.164073404e-02
2.104749756e+02,5.816340912e-03
2.106815033e+02,1.303107291e-02
2.108880463e+02,8.360822685e-03
2.110946045e+02,1.876420900e-02
2.113011627e+02,-9.796790546e-04
2.115077515e+02,2.176766284e-03
2.117143402e+02,-2.879987936e-03
2.119209442e+02,-3.008822445e-03
2.121275635e+02,8.264197037e-03
2.123341980e+02,3.081023507e-02
2.125408478e+02,9.004995227e-03
2.127475128e+02,6.170636043e-03
2.129541779e+02,1.660623029e-02
2.131608582e+02,-2.879987936e-03
2.133675537e+02,-5.972016137e-03
2.135742645e+02,5.043333862e-03
2.137809906e+02,-7.034900598e-03
2.139877319e+02,-8.830531733e-04
2.141944733e+02,1.280561276e-02
2.144012299e+02,-1.115760487e-02
2.146080017e+02,2.047931775e-03
2.148147888e+02,-5.295634735e-03
2.150215912e+02,-3.427534597e-03
2.152284088e+02,-9.708216414e-03
2.154352264e+02,2.917564707e-03
2.156420746e+02,5.945175420e-03
2.158489227e+02,-1.379871182e-02
2.160557861e+02,-1.333973953e-03
2.162626648e+02,1.022892259e-02
2.164695435e+02,9.939044714e-03
2.166764526e+02,1.274119597e-02
2.168833618e+02,-2.815570682e-03
2.170902863e+02,-1.333973953e-03
2.172972412e+02,2.259703539e-02
2.175041809e+02,1.815224439e-02
2.177111511e+02,2.849121392e-02
2.179181366e+02,-1.237348071e-03
2.181251221e+02,1.399733219e-02
2.183321228e+02,-5.295634735e-03
2.185391388e+02,-3.975081258e-03
2.187461700e+02,-1.342026098e-05
2.189532166e+02,-3.137656953e-03
2.191602783e+02,-2.235815395e-03
2.193673401e+02,-1.205139444e-03
2.195744171e+02,5.880758166e-03
2.197815247e+02,1.822471386e-03
2.199886322e+02,6.396096200e-03
2.201957397e+02,6.009592675e-03
2.204028778e+02,-7.614655886e-03
2.206100159e+02,4.656830337e-03
2.208171844e+02,-8.903001435e-03
2.210243530e+02,-5.327843595e-03
2.212315369e+02,2.724312944e-03
2.214387360e+02,1.506021712e-02
2.216459351e+02,-1.212386321e-02
2.218531647e+02,-4.136124160e-03
2.220603943e+02,5.172168370e-03
2.222676392e+02,-9.152618004e-04
2.224748993e+02,1.857095771e-02
2.226821747e+02,2.018138766e-02
2.228894653e+02,8.103153668e-03
2.230967712e+02,-3.878455376e-03
2.233040771e+02,2.314458229e-02
2.235113983e+02,1.435967861e-03
2.237187347e+02,2.627687063e-03
2.239260864e+02,2.385317162e-02
2.241334534e+02,-7.324778475e-03
2.243408203e+02,-6.358519662e-03
2.245482178e+02,1.502800826e-02
2.247556152e+02,1.757248864e-02
2.249630280e+02,-5.746555515e-03
2.251704559e+02,1.200039685e-02
2.253778839e+02,2.649427950e-02
2.255853424e+02,1.531788614e-02
2.257928009e+02,-1.083551906e-02
2.260002899e+02,2.144557657e-03
2.262077789e+02,-1.301765325e-03
2.264152832e+02,7.909901440e-03
2.266227875e+02,-8.033367805e-03
2.268303223e+02,9.488124400e-03
2.270378571e+02,6.951694959e-04
2.272454224e+02,1.051880047e-02
2.274529877e+02,-7.002692204e-03
2.276605682e+02,-1.608552411e-02
2.278681488e+02,3.722780384e-03
2.280757599e+02,9.778002277e-03
2.282833710e+02,-5.609669024e-04
2.284910126e+02,-8.484289050e-03
2.286986542e+02,-1.333973953e-03
2.289063110e+02,1.393291447e-02
2.291139679e+02,1.822471386e-03
2.293216553e+02,9.166038595e-03
2.295293427e+02,1.383628882e-02
2.297370605e+02,3.441759944e-02
2.299447784e+02,1.364303753e-02
2.301525116e+02,-1.370208617e-02
2.303602448e+02,6.814808585e-03
2.305680084e+02,-1.817103359e-03
2.307757721e+02,4.077075049e-03
2.309835663e+02,5.397628993e-03
2.311913605e+02,2.787924930e-02
2.313991699e+02,7.942110300e-03
2.316069794e+02,-8.355454542e-03
2.318148193e+02,1.554334629e-02
2.320226746e+02,1.396512333e-02
2.322305298e+02,3.332250938e-02
2.324384003e+02,-8.709749207e-03
2.326462860e+02,1.390070654e-02
2.328541870e+02,-9.965885431e-03
2.330620880e+02,4.527995829e-03
2.332700195e+02,-4.393793177e-03
2.334779510e+02,-2.364649903e-03
2.336858978e+02,2.417525835e-02
2.338938599e+02,5.019177333e-04
2.341018372e+02,-4.232750274e-03
2.343098145e+02,-1.547356043e-02
2.345178223e+02,2.533476800e-02
2.347258301e+02,4.012657795e-03
2.349338531e+02,-3.524160478e-03
2.351418915e+02,1.982709393e-02
2.353499298e+02,1.319211628e-02
2.355579987e+02,-9.772634134e-03
2.357660675e+02,-1.859779656e-02
2.359741669e+02,-1.591642969e-03
2.361822662e+02,1.029334031e-02
2.363903809e+02,3.931331262e-02
2.365984955e+02,-8.033367805e-03
2.368066406e+02,-3.749620868e-03
2.370147858e+02,3.730832541e-04
2.372229462e+02,6.975851487e-03
2.374311371e+02,-7.542186650e-04
2.376393127e+02,1.860316470e-02
2.378475189e+02,5.912967026e-03
2.380557404e+02,1.229027472e-02
2.382639618e+02,1.386849768e-02
2.384721985e+02,2.764573728e-04
2.386804504e+02,9.230455384e-03
2.388887177e+02,3.345134109e-02
2.390970001e+02,4.704338312e-02
2.393052826e+02,-3.234282834e-03
2.395135956e+02,4.689039197e-03
2.397219086e+02,2.143752389e-02
2.399302368e+02,1.486696489e-02
2.401385803e+02,-1.431404985e-02
2.403469238e+02,2.633323520e-02
2.405552979e+02,9.552542120e-03
2.407636719e+02,-1.276803575e-02
2.409720612e+02,-2.074772259e-03
2.411804657e+02,-3.008822445e-03
2.413888855e+02,2.531061182e-03
2.415973206e+02,-2.783362055e-03
2.418057556e+02,-8.387663402e-03
2.420142059e+02,1.348199416e-02
2.422226715e+02,5.396823585e-02
2.424311523e+02,-7.131526712e-03
2.426396484e+02,1.242716098e-03
2.428481598e+02,7.620024029e-03
2.430566711e+02,-3.395325970e-03
2.432651978e+02,-3.814038122e-03
2.434737549e+02,2.112349030e-03
2.436822968e+02,-8.580914699e-03
2.438908691e+02,-4.232750274e-03
2.440994568e+02,2.820938826e-03
2.443080444e+02,-5.649929866e-03
2.445166473e+02,2.700961754e-02
2.447252655e+02,1.647739671e-02
2.449338989e+02,-7.195943967e-03
2.451425476e+02,-8.419871330e-03
2.453511963e+02,-8.194411173e-03
2.455598755e+02,6.685974076e-03
2.457685547e+02,3.058477491e-02
2.459772491e+02,-1.325116586e-02
2.461859589e+02,-7.783751062e-05
2.463946686e+02,2.105102129e-02
2.466034088e+02,3.408746270e-04
2.468121490e+02,-1.766374707e-02
2.470209045e+02,5.365420133e-03
2.472296753e+02,1.312769949e-02
2.474384613e+02,-5.746555515e-03
2.476472626e+02,7.523398381e-03
2.478560638e+02,8.103153668e-03
2.480648804e+02,4.753456451e-03
2.482737122e+02,6.814808585e-03
2.484825592e+02,-7.163735107e-03
2.486914215e+02,4.978916608e-03
2.489002991e+02,1.661428250e-03
2.491091766e+02,-6.777231582e-03
2.493180695e+02,9.037204087e-03
2.495269775e+02,7.781067397e-03
2.497359009e+02,-1.422547648e-04
2.499448395e+02,7.072477601e-03
2.501537781e+02,-1.128643937e-02
2.503627472e+02,1.428721007e-02
2.505717163e+02,1.338536851e-02
2.507807007e+02,-1.730945334e-02
2.509897003e+02,1.146090333e-03
2.511987000e+02,2.710624225e-02
2.514077301e+02,3.561737249e-03
2.516167603e+02,2.105102129e-02
2.518258057e+02,-1.473276224e-02
2.520348663e+02,2.076114342e-02
2.522439423e+02,9.206298855e-04
2.524530182e+02,2.120401186e-04
2.526621246e+02,-1.251036674e-02
2.528712311e+02,1.383628882e-02
2.530803528e+02,6.106218789e-03
2.532894897e+02,-6.068641786e-03
2.534986420e+02,-8.774166927e-03
2.537077942e+02,-1.333973953e-03
2.539169617e+02,1.245131809e-02
2.541261444e+02,1.402954105e-02
2.543353424e+02,6.331678946e-03
2.545445557e+02,3.808938339e-02
2.547537842e+02,3.400694113e-03
2.549630127e+02,1.470592152e-02
2.551722717e+02,-1.196282078e-02
2.553815308e+02,8.747326210e-03
2.555908051e+02,-1.301765325e-03
2.558000793e+02,-1.228490658e-02
2.560093689e+02,8.884212584e-04
2.562186890e+02,1.370745432e-02
2.564280090e+02,1.354641095e-02
2.566373596e+02,-1.752686105e-03
2.568467102e+02,-7.904533297e-03
2.570560608e+02,-2.557901666e-03
2.572654419e+02,1.818445325e-02
2.574748230e+02,-1.582785510e-02
2.576842041e+02,-3.041031072e-03
2.578936157e+02,4.495787434e-03
2.581030579e+02,5.172168370e-03
2.583125000e+02,1.798314916e-04
2.585219421e+02,-8.967418224e-03
2.587313843e+02,6.750391331e-03
2.589408569e+02,1.161389332e-02
2.591503601e+02,-4.554836545e-03
2.593598633e+02,-1.128643937e-02
2.595693665e+02,2.362771146e-02
2.597789001e+02,1.167831104e-02
2.599884338e+02,-1.637540199e-02
2.601979675e+02,-1.422547648e-04
2.604075317e+02,6.363887805e-03
2.606170959e+02,3.336276859e-03
2.608266907e+02,-1.276803575e-02
2.610362854e+02,-1.138306502e-02
2.612459106e+02,8.779535070e-03
2.614555359e+02,2.531061182e-03
2.616651611e+02,-4.393793177e-03
2.618748169e+02,-6.745023187e-03
2.620844727e+02,7.813275792e-03
2.622941284e+02,7.684441283e-03
2.625038147e+02,-1.263920125e-02
2.627135315e+02,-2.686736174e-03
2.629232483e+02,1.808782667e-02
2.631329651e+02,-8.097785525e-03
2.633426819e+02,-1.276803575e-02
2.635524292e+02,6.009592675e-03
2.637622070e+02,-8.741958067e-03
2.639719849e+02,6.685974076e-03
2.641817627e+02,-4.297167528e-03
2.643915710e+02,-2.879987936e-03
2.646013794e+02,5.494254641e-03
2.648111877e+02,3.046399215e-03
2.650210266e+02,-8.806374855e-03
2.652308655e+02,1.661428250e-03
2.654407349e+02,1.064763498e-02
2.656506042e+02,1.419058349e-02
2.658605042e+02,-1.849311986e-03
2.660704041e+02,1.390070654e-02
2.662803040e+02,1.390070654e-02
2.664902344e+02,-8.001159877e-03
2.667001648e+02,3.387005255e-02
2.669101257e+02,-5.609669024e-04
2.671200867e+02,3.787197638e-03
2.673300476e+02,1.051880047e-02
2.675400391e+02,-1.656060223e-03
2.677500305e+02,1.532593742e-03
2.679600525e+02,2.853147453e-03
2.681700745e+02,3.673662245e-02
2.683800964e+02,-3.032978857e-04
2.685901489e+02,-1.753491350e-02
2.688002014e+02,2.507709898e-02
2.690102844e+02,4.978916608e-03
2.692203674e+02,-7.485821377e-03
2.694304504e+02,3.110816469e-03
2.696405640e+02,1.966604963e-02
2.698506775e+02,4.238118418e-03
2.700608215e+02,-1.360546052e-02
2.702709656e+02,-1.263920125e-02
2.704811401e+02,1.058321726e-02
2.706913147e+02,3.883823520e-03
2.709014893e+02,4.624621943e-03
2.711116943e+02,-2.847779309e-03
2.713218994e+02,8.167570457e-03
2.715321045e+02,8.521866053e-03
2.717423401e+02,4.052918812e-04
2.719526062e+02,1.399733219e-02
2.721628418e+02,-8.001159877e-03
2.723731384e+02,-2.654527547e-03
2.725834045e+02,-1.296128798e-02
2.727937012e+02,-4.812505562e-03
2.730039978e+02,2.762158029e-02
2.732143250e+02,1.386849768e-02
2.734246521e+02,2.075067610e-01
2.736350098e+02,-1.164073404e-02
2.738453674e+02,1.399733219e-02
2.740557556e+02,-8.065576665e-03
2.742661133e+02,-1.366987731e-02
2.744765320e+02,-3.846246749e-03
2.746869202e+02,-5.746555515e-03
2.748973389e+02,5.719715264e-03
2.751077881e+02,1.657402143e-02
2.753182373e+02,9.101620875e-03
2.755286865e+02,1.557555515e-02
2.757391663e+02,-4.651462194e-03
2.759496460e+02,-4.039498512e-03
2.761601257e+02,-1.537693478e-02
2.763706360e+02,2.781483345e-02
2.765811462e+02,3.232403845e-02
2.767916870e+02,7.201312110e-03
2.770022278e+02,-7.807907648e-03
2.772127991e+02,3.110011294e-02
2.774233704e+02,1.879641786e-02
2.776339417e+02,1.106634736e-02
2.778445435e+02,6.170636043e-03
2.780551453e+02,-4.321323941e-04
2.782657471e+02,3.143025097e-03
2.784763794e+02,-5.166800227e-03
2.786870422e+02,1.725845505e-03
2.788976746e+02,-9.152618004e-04
2.791083679e+02,1.032554824e-02
2.793190308e+02,-3.073239699e-03
2.795297241e+02,-7.614655886e-03
2.797404175e+02,1.016450580e-02
2.799511414e+02,5.397628993e-03
2.801618652e+02,-8.001159877e-03
2.803726196e+02,-1.022355445e-02
2.805833740e+02,2.724312944e-03
2.807941284e+02,1.734702848e-02
2.810049133e+02,-4.361584783e-03
2.812156982e+02,1.628414541e-02
2.814265137e+02,1.597010996e-03
2.816373291e+02,-1.044096309e-03
2.818481750e+02,-2.159320004e-02
2.820589905e+02,-1.267141011e-02
2.822698669e+02,4.720442370e-02
2.824807129e+02,1.435162686e-02
2.826915894e+02,-7.260361221e-03
2.829024963e+02,-6.358519662e-03
2.831134033e+02,7.684441283e-03
2.833243103e+02,2.304795571e-02
2.835352478e+02,-4.554836545e-03
2.837461853e+02,-1.627877727e-02
2.839571228e+02,2.324120700e-02
2.841680908e+02,2.208974911e-03
2.843790588e+02,-4.490419291e-03
2.845900574e+02,-1.911313459e-02
2.848010559e+02,1.367524546e-02
2.850120850e+02,1.428721007e-02
2.852230835e+02,2.337809419e-03
2.854341431e+02,-2.194749378e-02
2.856452026e+02,5.880758166e-03
2.858562622e+02,-8.548705839e-03
2.860673218e+02,5.912967026e-03
2.862784119e+02,3.304068232e-03
2.864895020e+02,1.287003048e-02
2.867006226e+02,1.338536851e-02
2.869117432e+02,-1.118981373e-02
2.871228943e+02,-1.318674814e-02
2.873340454e+02,1.951305894e-03
2.875451965e+02,-5.360051990e-03
2.877563782e+02,-1.147969067e-02
2.879675598e+02,8.320561756e-05
2.881787720e+02,8.908369578e-03
2.883899536e+02,9.423707612e-03
2.886011963e+02,1.661428250e-03
2.888124390e+02,-1.286466233e-02
2.890236816e+02,4.689039197e-03
2.892349243e+02,2.626881935e-02
2.894461975e+02,-8.903001435e-03
2.896575012e+02,-1.299349684e-02
2.898687744e+02,5.139959976e-03
2.900801086e+02,1.270898711e-02
2.902914124e+02,-2.171398140e-03
2.905027466e+02,-9.031835943e-03
2.907141113e+02,3.722780384e-03
2.909254456e+02,2.330562472e-02
2.911368408e+02,-5.199009087e-03
2.913482056e+02,-6.680605933e-03
2.915596008e+02,7.845484652e-03
2.917710266e+02,1.338536851e-02
2.919824219e+02,8.843951859e-03
2.921938782e+02,-1.222048979e-02
2.924053040e+02,7.845484652e-03
2.926167603e+02,2.771820687e-02
2.928282471e+02,-8.323245682e-03
2.930397034e+02,-3.395325970e-03
2.932512207e+02,7.909901440e-03
2.934627075e+02,4.173701163e-03
2.936742249e+02,-4.297167528e-03
2.938857727e+02,-9.547173977e-03
2.940973206e+02,1.763690636e-02
2.943088684e+02,-1.559434342e-03
2.945204163e+02,5.341263604e-04
2.947320251e+02,-5.166800227e-03
2.949436035e+02,-7.864272920e-04
2.951552124e+02,-6.898014108e-04
2.953668213e+02,-7.542186650e-04
2.955784607e+02,-1.199502870e-02
2.957901001e+02,2.531061182e-03
2.960017395e+02,5.011125468e-03
2.962134094e+02,-2.317142300e-02
2.964250793e+02,-1.135085616e-02
2.966367798e+02,1.754028164e-02
2.968484802e+02,8.843951859e-03
2.970601807e+02,-6.551771425e-03
2.972719116e+02,-5.392260849e-03
2.974836731e+02,1.850653999e-02
2.976954041e+02,2.633323520e-02
2.979071655e+02,4.624621943e-03
2.981189575e+02,2.080140403e-03
2.983307495e+02,-6.841648836e-03
2.985425415e+02,-1.100461377e-04
2.987543335e+02,-7.775699254e-03
2.989661865e+02,-6.712814327e-03
2.991780090e+02,-9.514965117e-03
2.993898621e+02,-2.590110293e-03
2.996017151e+02,3.916032147e-03
2.998135986e+02,-1.147969067e-02
3.000254822e+02,1.196818892e-02
3.002373657e+02,9.778002277e-03
3.004492798e+02,-4.941340070e-03
3.006611938e+02,-1.325116586e-02
3.008731384e+02,1.435162686e-02
3.010850830e+02,5.623089150e-03
3.012970581e+02,1.029334031e-02
3.015090027e+02,-1.164073404e-02
3.017210083e+02,3.609244898e-02
3.019329834e+02,-1.172930817e-03
3.021450195e+02,-4.619253799e-03
3.023570251e+02,-7.195943967e-03
3.025690613e+02,1.496359054e-02
3.027810974e+02,1.728261262e-02
3.029931641e+02,-1.621435955e-02
3.032052307e+02,4.559399560e-02
3.034172974e+02,2.127648145e-02
3.036293945e+02,-1.199502870e-02
3.038414917e+02,1.500385115e-03
3.040536194e+02,-1.205139444e-03
3.042657471e+02,-7.421404123e-03
3.044779053e+02,1.779795066e-02
3.046900635e+02,-6.253841566e-04
3.049022217e+02,-2.429067157e-03
3.051143799e+02,7.008060347e-03
3.053265991e+02,1.049464452e-03
3.055387878e+02,-1.183398627e-02
3.057510071e+02,-1.373429503e-02
3.059632263e+02,-4.458210431e-03
3.061754761e+02,2.434435301e-03
3.063877258e+02,-1.811466739e-02
3.065999756e+02,-9.064043872e-03
3.068122559e+02,-7.936742157e-03
3.070245361e+02,-4.876922816e-03
3.072368469e+02,-8.323245682e-03
3.074491577e+02,-5.134591833e-03
3.076614990e+02,5.107751116e-03
3.078738098e+02,1.869979128e-02
3.080861816e+02,-1.817103359e-03
3.082985229e+02,-1.911313459e-02
3.085108948e+02,1.802341081e-02
3.087232971e+02,2.305600792e-03
3.089356995e+02,-3.556369105e-03
3.091481018e+02,-5.360051990e-03
3.093605347e+02,1.064763498e-02
3.095729675e+02,-1.688268851e-03
3.097854004e+02,-2.388806461e-04
3.099978638e+02,-1.360546052e-02
3.102103271e+02,8.972786367e-03
3.104228210e+02,5.655298010e-03
3.106353149e+02,1.339341979e-03
3.108478088e+02,-1.167294290e-02
3.110603333e+02,-7.356986869e-03
3.112728577e+02,3.408746270e-04
3.114854126e+02,1.396512333e-02
3.116979675e+02,-7.582447492e-03
3.119105225e+02,-2.847779309e-03
3.121231079e+02,2.475501224e-02
3.123356934e+02,-4.522627685e-03
3.125483093e+02,1.712156832e-02
3.127609253e+02,8.038735949e-03
3.129735413e+02,-7.783751062e-05
3.131861877e+02,-1.515147462e-02
3.133988342e+02,-1.784894732e-03
3.136115112e+02,-7.163735107e-03
3.138241882e+02,7.587815635e-03
3.140368652e+02,1.532593742e-03
3.142495728e+02,-9.386130609e-03
3.144622803e+02,2.417525835e-02
3.146750183e+02,3.625349328e-02
3.148877563e+02,-1.301765325e-03
3.151004944e+02,-1.305791363e-02
3.153132629e+02,-1.913729240e-03
3.155260315e+02,5.848549772e-03
3.157388306e+02,-5.424469244e-03
3.159516296e+02,-1.164073404e-02
3.161644287e+02,-2.139189513e-03
3.163772583e+02,-4.909131210e-03
3.165900879e+02,-1.978146378e-03
3.168029480e+02,2.402226673e-03
3.170158081e+02,6.041801535e-03
3.172286682e+02,6.492722314e-03
3.174415588e+02,6.557139568e-03
3.176544495e+02,-1.193061192e-02
3.178673706e+02,3.580257297e-02
3.180802612e+02,1.055100933e-02
3.182932129e+02,-6.809440441e-03
3.185061646e+02,-1.753491350e-02
3.187191162e+02,-5.005757324e-03
3.189320679e+02,2.015723148e-03
3.191450500e+02,4.527995829e-03
3.193580322e+02,8.360822685e-03
3.195710449e+02,3.143025097e-03
3.197840576e+02,4.495787434e-03
3.199971008e+02,-6.745023187e-03
3.202101440e+02,1.238690037e-02
3.204231873e+02,3.612465784e-02
3.206362610e+02,1.096972078e-02
3.208493347e+02,-1.038459782e-02
3.210624084e+02,-1.102877036e-02
3.212755127e+02,4.560204688e-03
3.214886169e+02,1.206481457e-02
3.217017517e+02,-6.422936916e-03
3.219148865e+02,2.853147453e-03
3.221280518e+02,-5.746555515e-03
3.223411865e+02,1.515684277e-02
3.225543823e+02,9.488124400e-03
3.227675476e+02,1.178298844e-03
3.229807434e+02,1.989150979e-02
3.231939697e+02,6.106218789e-03
3.234071960e+02,-1.267141011e-02
3.236204224e+02,6.557139568e-03
3.238336792e+02,1.770132408e-02
3.240469360e+02,1.154142446e-04
3.242601929e+02,1.000346243e-02
3.244734802e+02,-5.134591833e-03
3.246867676e+02,3.175233724e-03
3.249000854e+02,-2.944405191e-03
3.251134033e+02,6.331678946e-03
3.253267212e+02,-4.522627685e-03
3.255400696e+02,1.348199416e-02
3.257534180e+02,9.133829735e-03
3.259667969e+02,1.789457537e-02
3.261801758e+02,-6.648397073e-03
3.263935547e+02,-1.057785004e-02
3.266069641e+02,2.047931775e-03
3.268203735e+02,2.072893456e-02
3.270337830e+02,3.626154503e-03
3.272472229e+02,1.338536851e-02
3.274606934e+02,2.305600792e-03
3.276741333e+02,-2.710892586e-04
3.278876038e+02,1.712156832e-02
3.281011047e+02,6.814808585e-03
3.283146057e+02,5.494254641e-03
3.285281067e+02,-4.458210431e-03
3.287416382e+02,7.917953772e-04
3.289551697e+02,1.167831104e-02
3.291687317e+02,4.366952926e-03
3.293822632e+02,1.518905163e-02
3.295958557e+02,-1.946743019e-02
3.298094177e+02,6.782599725e-03
3.300230103e+02,2.201727964e-02
3.302366333e+02,-9.869259782e-03
3.304502563e+02,2.595478436e-03
3.306638794e+02,3.851614892e-03
3.308775330e+02,9.552542120e-03
3.310911865e+02,-1.676190645e-02
3.313048401e+02,2.531061182e-03
3.315185242e+02,1.661428250e-03
3.317322083e+02,8.006528020e-03
3.319459229e+02,2.531061182e-03
3.321596375e+02,2.862004749e-02
3.323733521e+02,7.587815635e-03
3.325870972e+02,1.206481457e-02
3.328008423e+02,-5.939807277e-03
3.330146179e+02,-1.209165528e-02
3.332283936e+02,4.198662937e-02
3.334421692e+02,6.847016979e-03
3.336559753e+02,8.521866053e-03
3.338697815e+02,-1.573123038e-02
3.340835876e+02,1.074426062e-02
3.342974243e+02,8.135362528e-03
3.345112915e+02,3.367680311e-02
3.347251282e+02,-1.792141609e-02
3.349389954e+02,1.129180752e-02
3.351528931e+02,6.041801535e-03
3.353667908e+02,-8.645332418e-03
3.355806885e+02,-8.097785525e-03
3.357946167e+02,1.634856127e-02
3.360085449e+02,-7.220100379e-04
3.362224731e+02,-2.364649903e-03
3.364364319e+02,-6.294102408e-03
3.366503906e+02,3.837926313e-02
3.368643799e+02,1.953721605e-02
3.370783691e+02,1.525346842e-02
3.372923889e+02,-1.106097922e-02
3.375063782e+02,1.390070654e-02
3.377204285e+02,1.629219623e-03
3.379344482e+02,2.764573728e-04
3.381484985e+02,-5.263426341e-03
3.383625793e+02,-2.686736174e-03
3.385766296e+02,3.851614892e-03
3.387907410e+02,-1.257478446e-02
3.390048218e+02,-2.364649903e-03
3.392189331e+02,3.561737249e-03
3.394330444e+02,1.889304258e-02
3.396471863e+02,5.558671895e-03
3.398613281e+02,-8.548705839e-03
3.400755005e+02,-3.032978857e-04
3.402896729e+02,9.037204087e-03
3.405038452e+02,5.558671895e-03
3.407180481e+02,-5.521095358e-03
3.409322510e+02,-6.616188679e-03
3.411464539e+02,1.142064203e-02
3.413606873e+02,-9.796790546e-04
3.415749207e+02,-2.590110293e-03
3.417891846e+02,-4.490419291e-03
3.420034485e+02,2.365992032e-02
3.422177124e+02,-6.970483344e-03
3.424320068e+02,1.022892259e-02
3.426463318e+02,3.400694113e-03
3.428606262e+02,-4.587044939e-03
3.430749512e+02,3.336276859e-03
3.432892761e+02,-6.390728056e-03
3.435036316e+02,2.485163882e-02
3.437179871e+02,-1.366182580e-03
3.439323730e+02,-1.988614164e-02
3.441467590e+02,-2.654527547e-03
3.443611450e+02,-8.194411173e-03
3.445755615e+02,1.629219623e-03
3.447899780e+02,-1.044901554e-02
3.450044250e+02,-4.264958669e-03
3.452188721e+02,7.394563872e-03
3.454333191e+02,5.043333862e-03
3.456477661e+02,-1.189840306e-02
3.458622742e+02,-9.321712889e-03
3.460767517e+02,1.866758242e-02
3.462912598e+02,3.078607842e-03
3.465057678e+02,-1.106097922e-02
3.467203064e+02,-1.462808461e-03
3.469348450e+02,9.745793417e-03
3.471493835e+02,5.268794484e-03
3.473639526e+02,-4.973548464e-03
3.475785217e+02,8.489657193e-03
3.477931213e+02,8.240040042e-04
3.480077209e+02,1.454487909e-02
3.482223206e+02,1.274924725e-03
3.484369507e+02,-1.486159675e-02
3.486515808e+02,5.623089150e-03
3.488662109e+02,8.103153668e-03
3.490808716e+02,1.061542612e-02
3.492955627e+02,-1.251036674e-02
3.495102234e+02,1.380407996e-02
3.497249146e+02,-3.749620868e-03
3.499396362e+02,-5.553303752e-03
3.501543579e+02,-2.493484411e-03
3.503690796e+02,3.304068232e-03
3.505838318e+02,-5.609669024e-04
3.507985840e+02,8.779535070e-03
3.510133362e+02,-3.363117343e-03
3.512281189e+02,2.101881243e-02
3.514429016e+02,1.142064203e-02
3.516577148e+02,-1.486159675e-02
3.518725281e+02,2.134089917e-02
3.520873413e+02,1.251573488e-02
3.523021851e+02,-2.710892586e-04
3.525170288e+02,1.592984982e-02
3.527318726e+02,-4.683671053e-03
3.529467468e+02,3.980449401e-03
3.531616516e+02,1.676727459e-02
3.533765259e+02,-2.066720190e-04
3.535914307e+02,-5.070174579e-03
3.538063660e+02,9.850471979e-04
3.540213013e+02,1.812003553e-02
3.542362366e+02,-3.652994987e-03
3.544512024e+02,-1.301765325e-03
3.546661682e+02,2.002034523e-02
3.548811340e+02,1.151726767e-02
3.550961304e+02,-1.151189953e-02
3.553111267e+02,-1.763153821e-02
3.555261536e+02,1.628414541e-02
3.557411804e+02,1.476228645e-04
3.559562073e+02,2.047126554e-02
3.561712646e+02,-9.901468642e-03
3.563863220e+02,1.895746030e-02
3.566013794e+02,1.203260571e-02
3.568164673e+02,-1.827571169e-02
3.570315857e+02,4.817873705e-03
3.572466736e+02,6.041801535e-03
3.574617920e+02,1.824887097e-02
3.576769409e+02,-1.205139444e-03
3.578920898e+02,1.790262759e-03
3.581072388e+02,1.274924725e-03
3.583223877e+02,2.079335228e-02
3.585375671e+02,2.939305454e-02
3.587527771e+02,-5.521095358e-03
3.589679871e+02,-9.031835943e-03
3.591831970e+02,5.139959976e-03
3.593984070e+02,-1.515147462e-02
3.596136475e+02,-3.202074207e-03
3.598289185e+02,5.623089150e-03
3.600441589e+02,1.596205868e-02
3.602594299e+02,-3.910664003e-03
3.604747314e+02,1.019671373e-02
3.606900330e+02,5.623089150e-03
3.609053345e+02,2.884550951e-02
3.611206665e+02,-8.516497910e-03
3.613359985e+02,-5.778764375e-03
3.615513306e+02,-1.172930817e-03
3.617666931e+02,1.029334031e-02
3.619820557e+02,-1.859779656e-02
3.621974487e+02,4.012657795e-03
3.624128418e+02,1.760469750e-02
3.626282349e+02,1.035775710e-02
3.628436584e+02,-8.508445462e-04
3.630590820e+02,-1.122202165e-02
3.632745056e+02,3.077802621e-02
3.634899597e+02,1.438383572e-02
3.637054443e+02,-1.623851596e-03
3.639208984e+02,-7.324778475e-03
3.641363831e+02,9.327081032e-03
3.643518982e+02,-3.556369105e-03
3.645674133e+02,-1.431404985e-02
3.647829285e+02,1.592984982e-02
3.649984436e+02,3.506177291e-02
3.652139893e+02,9.520333260e-03
3.654295654e+02,4.978916608e-03
3.656451111e+02,-1.817908511e-02
3.658607178e+02,6.299470551e-03
3.660762939e+02,9.206298855e-04
3.662919006e+02,4.882290959e-03
3.665075073e+02,1.280561276e-02
3.667231445e+02,3.422435001e-02
3.669387817e+02,4.592413083e-03
3.671544495e+02,-1.724503562e-02
3.673700867e+02,-1.080331020e-02
3.675857849e+02,6.363887805e-03
3.678014526e+02,2.594673261e-02
3.680171509e+02,2.627687063e-03
3.682328796e+02,-1.093214471e-02
3.684485779e+02,1.898966916e-02
3.686643066e+02,5.236585625e-03
3.688800659e+02,2.370018046e-03
3.690958252e+02,-6.680605933e-03
3.693115845e+02,2.159856819e-02
3.695273743e+02,3.683324903e-02
3.697431641e+02,1.721819490e-02
3.699589539e+02,-1.212386321e-02
3.701747742e+02,2.288691327e-02
3.703906250e+02,9.850471979e-04
3.706064453e+02,6.492722314e-03
3.708222961e+02,-2.074772259e-03
3.710381775e+02,9.359289892e-03
3.712540283e+02,6.524125487e-02
3.714699097e+02,-1.035238896e-02
3.716858215e+02,-7.292569615e-03
3.719017334e+02,3.931331262e-02
3.721176453e+02,9.488124400e-03
3.723335876e+02,2.144557657e-03
3.725495300e+02,-1.205944642e-02
3.727654724e+02,-7.356986869e-03
3.729814453e+02,1.396512333e-02
3.731974182e+02,-5.521095358e-03
3.734134216e+02,1.496359054e-02
3.736294250e+02,7.330146618e-03
3.738454285e+02,2.845900506e-02
3.740614624e+02,-1.173735969e-02
3.742774963e+02,-8.830531733e-04
3.744935608e+02,1.212923136e-02
3.747096252e+02,-1.849311986e-03
3.749256897e+02,-2.191528678e-02
3.751417847e+02,-1.386312954e-02
3.753578796e+02,8.296404965e-03
3.755739746e+02,1.895746030e-02
3.757901001e+02,-9.837050922e-03
3.760062256e+02,-6.068641786e-03
3.762223816e+02,6.267261691e-03
3.764385376e+02,3.135778010e-02
3.766546936e+02,-1.582785510e-02
3.768708801e+02,1.512463391e-02
3.770870667e+02,-4.909131210e-03
3.773032837e+02,2.120401186e-04
3.775194702e+02,-3.330908716e-03
3.777357178e+02,-8.774166927e-03
3.779519348e+02,1.802341081e-02
3.781681824e+02,2.749274671e-02
3.783844604e+02,-9.225087240e-03
3.786007385e+02,-1.528030913e-02
3.788170166e+02,-2.525693038e-03
3.790332947e+02,4.108478501e-02
3.792496033e+02,-1.557018701e-02
3.794659424e+02,2.903876081e-02
3.796822510e+02,2.442487457e-04
3.798986206e+02,1.074426062e-02
3.801149597e+02,-2.320363186e-02
3.803313293e+02,-1.508705691e-02
3.805476990e+02,8.264197037e-03
3.807640991e+02,-5.682138260e-03
3.809804993e+02,-9.450547397e-03
3.811968994e+02,-1.080331020e-02
3.814133301e+02,2.015723148e-03
3.816297607e+02,7.909901440e-03
3.818462219e+02,-2.557901666e-03
3.820626831e+02,6.653765216e-03
3.822791443e+02,1.109855529e-02
3.824956360e+02,5.880758166e-03
3.827121277e+02,-9.482756257e-03
3.829286194e+02,-4.103915766e-03
3.831451416e+02,3.287158534e-02
3.833616638e+02,3.860472143e-02
3.835782166e+02,-9.708216414e-03
3.837947693e+02,-1.251036674e-02
3.840113220e+02,1.380407996e-02
3.842279053e+02,1.119518187e-02
3.844444885e+02,-5.617721006e-03
3.846610718e+02,-1.653644629e-02
3.848776855e+02,2.562464587e-02
3.850943298e+02,5.526463501e-03
3.853109436e+02,7.587815635e-03
3.855275879e+02,1.261236146e-02
3.857442627e+02,-8.186359191e-04
3.859609070e+02,3.167986870e-02
3.861776123e+02,-1.402417291e-02
3.863942871e+02,-3.717412241e-03
3.866109924e+02,1.853874885e-02
3.868276978e+02,-7.518030237e-03
3.870444336e+02,-3.588577732e-03
3.872611694e+02,-6.906066090e-03
3.874779358e+02,3.304068232e-03
3.876947021e+02,1.592984982e-02
3.879114685e+02,-1.360546052e-02
3.881282349e+02,-5.521095358e-03
3.883450317e+02,4.052918812e-04
3.885618591e+02,1.638077013e-02
3.887786560e+02,-2.603798918e-02
3.889955139e+02,-1.247815881e-02
3.892123413e+02,2.137310803e-02
3.894291992e+02,1.019671373e-02
3.896460571e+02,8.296404965e-03
3.898629456e+02,-2.139189513e-03
3.900798340e+02,-1.011887682e-03
3.902967224e+02,1.758054132e-03
3.905136414e+02,8.103153668e-03
3.907305603e+02,-1.077110134e-02
3.909475098e+02,1.625193655e-02
3.911644592e+02,8.843951859e-03
3.913814087e+02,2.337004244e-02
3.915983887e+02,-1.225269772e-02
3.918153687e+02,1.576880738e-02
3.920323486e+02,-3.266491462e-03
3.922493591e+02,8.811742999e-03
3.924663696e+02,4.697091354e-04
3.926834106e+02,3.045593947e-02
3.929004517e+02,4.656830337e-03
3.931174927e+02,-2.104565315e-02
3.933345642e+02,4.453111067e-02
3.935516357e+02,4.652804509e-02
3.937687073e+02,-1.913729240e-03
3.939858093e+02,2.514151670e-02
3.942029114e+02,-2.194749378e-02
3.944200439e+02,9.069412015e-03
3.946371765e+02,1.657402143e-02
3.948543091e+02,8.747326210e-03
3.950714722e+02,2.981981961e-03
3.952886353e+02,9.520333260e-03
3.955058289e+02,-2.388806461e-04
3.957230225e+02,2.756521571e-03
3.959402161e+02,-1.801804267e-02
3.961574402e+02,3.912005946e-02
3.963746643e+02,-1.817103359e-03
3.965918884e+02,-6.777231582e-03
3.968091431e+02,-1.946743019e-02
3.970263977e+02,3.103569523e-02
3.972436829e+02,7.273781230e-04
3.974609375e+02,-1.231711544e-02
3.976782532e+02,-1.785699837e-02
3.978955383e+02,9.262664244e-03
3.981128845e+02,2.649427950e-02
3.983302002e+02,-1.225269772e-02
3.985475464e+02,4.052918812e-04
3.987648926e+02,3.000501916e-02
3.989822693e+02,1.657402143e-02
3.991996155e+02,7.072477601e-03
3.994170227e+02,-1.170515176e-02
3.996343994e+02,9.939044714e-03
3.998518372e+02,2.370018046e-03
4.000692444e+02,-2.230178937e-02
4.002866821e+02,-2.388001233e-02
4.005041199e+02,1.196818892e-02
4.007215881e+02,1.464150473e-02
4.009390564e+02,-1.051343232e-02
4.011565247e+02,1.380407996e-02
4.013740234e+02,-3.975081258e-03
4.015915222e+02,6.524930708e-03
4.018090210e+02,2.018138766e-02
4.020265503e+02,-1.228490658e-02
4.022440796e+02,2.536697686e-02
4.024616394e+02,3.175233724e-03
4.026791992e+02,-4.909131210e-03
4.028967590e+02,-6.294102408e-03
4.031143494e+02,-4.393793177e-03
4.033319397e+02,-9.474704275e-04
4.035495605e+02,-3.556369105e-03
4.037671814e+02,5.912967026e-03
4.039848022e+02,4.308172315e-02
4.042024231e+02,-1.173735969e-02
4.044200745e+02,-5.843181629e-03
4.046377563e+02,7.040268742e-03
4.048554382e+02,1.154142446e-04
4.050731201e+02,-3.846246749e-03
4.052908020e+02,-4.168333020e-03
4.055085144e+02,-6.455145311e-03
4.057262268e+02,1.786236651e-02
4.059439697e+02,-7.872325368e-03
4.061617126e+02,1.518905163e-02
4.063794556e+02,-6.004224531e-03
4.065972290e+02,1.409395784e-02
4.068150024e+02,-6.197476294e-03
4.070328064e+02,-1.325116586e-02
4.072506104e+02,1.866758242e-02
4.074684143e+02,4.639920965e-02
4.076862488e+02,-1.669748873e-02
4.079040833e+02,-6.100850645e-03
4.081219177e+02,2.273392165e-03
4.083397827e+02,1.790262759e-03
4.085576477e+02,-3.814038122e-03
4.087755432e+02,-1.011887682e-03
4.089934387e+02,4.040840641e-02
4.092113342e+02,4.560204688e-03
4.094292603e+02,7.917953772e-04
4.096471863e+02,-8.870792575e-03
4.098651123e+02,1.270898711e-02
4.100830688e+02,1.161389332e-02
4.103010254e+02,-4.522627685e-03
4.105189819e+02,-1.895209216e-02
4.107369690e+02,-7.220100379e-04
4.109549866e+02,2.768599801e-02
4.111729736e+02,-2.010355005e-03
4.113909912e+02,-2.622318920e-03
4.116090393e+02,2.466643928e-03
4.118270874e+02,1.457708701e-02
4.120451355e+02,-1.740607806e-02
4.122631836e+02,5.945175420e-03
4.124812622e+02,1.145285089e-02
4.126993713e+02,-1.527225715e-03
4.129174500e+02,1.629219623e-03
4.131355591e+02,-1.276803575e-02
4.133536987e+02,5.043333862e-03
4.135718079e+02,2.156635933e-02
4.137899780e+02,-7.453612983e-03
4.140081177e+02,-7.389195729e-03
4.142262878e+02,1.161389332e-02
4.144444580e+02,-5.843181629e-03
4.146626587e+02,-9.474704275e-04
4.148808594e+02,-1.051343232e-02
4.150990906e+02,1.728261262e-02
4.153172913e+02,1.406174898e-02
4.155355225e+02,8.884212584e-04
4.157537842e+02,8.199779317e-03
4.159720459e+02,1.100192964e-02
4.161903076e+02,2.370018046e-03
4.164085999e+02,-4.200541414e-03
4.166268921e+02,-1.930638775e-02
4.168451843e+02,3.399888799e-02
4.170635071e+02,-3.395325970e-03
4.172818298e+02,-5.521095358e-03
4.175001831e+02,9.713584557e-03
4.177185364e+02,5.623089150e-03
4.179368896e+02,1.460929587e-02
4.181552734e+02,-2.072356641e-02
4.183736572e+02,-1.527225715e-03
4.185920410e+02,1.283782162e-02
4.188104553e+02,1.718598604e-02
4.190288696e+02,1.264456939e-02
4.192473145e+02,-1.260699332e-02
4.194657288e+02,1.045438275e-02
4.196842041e+02,-7.711282000e-03
4.199026489e+02,1.609089226e-02
4.201211243e+02,-1.692294888e-02
4.203396301e+02,1.457708701e-02
4.205581360e+02,1.187156234e-02
4.207766418e+02,-2.078798413e-02
4.209951477e+02,-1.048122346e-02
4.212136841e+02,-4.973548464e-03
4.214322205e+02,2.917564707e-03
4.216507874e+02,9.423707612e-03
4.218693542e+02,-8.226620033e-03
4.220879211e+02,5.190688372e-02
4.223065186e+02,6.074009929e-03
4.225251160e+02,8.779535070e-03
4.227437439e+02,-3.137656953e-03
4.229623718e+02,2.150194161e-02
4.231809998e+02,1.109855529e-02
4.233996277e+02,1.451267023e-02
4.236182861e+02,-9.869259782e-03
4.238369751e+02,3.129336238e-02
4.240556641e+02,2.018138766e-02
4.242743530e+02,9.198246524e-03
4.244930420e+02,-1.083551906e-02
4.247117615e+02,3.747741878e-02
4.249304810e+02,7.330146618e-03
4.251492310e+02,-3.169865580e-03
4.253679810e+02,-1.138306502e-02
4.255867310e+02,9.713584557e-03
4.258055115e+02,2.137310803e-02
4.260242920e+02,2.971514128e-02
4.262430725e+02,-5.875390023e-03
4.264618835e+02,-8.903001435e-03
4.266806946e+02,3.143025097e-03
4.268995361e+02,-1.637540199e-02
4.271183777e+02,-1.215607207e-02
4.273372192e+02,6.492722314e-03
4.275560913e+02,9.649167769e-03
4.277749634e+02,1.721819490e-02
4.279938354e+02,-1.879104972e-02
4.282127380e+02,2.755716443e-02
4.284316406e+02,2.765378915e-02
4.286505737e+02,7.909901440e-03
4.288695068e+02,-2.375117689e-02
4.290884399e+02,9.939044714e-03
4.293074036e+02,1.931175590e-02
4.295263672e+02,4.172895849e-02
4.297453308e+02,1.344978530e-02
4.299643250e+02,4.238118418e-03
4.301833191e+02,5.792989954e-02
4.304023438e+02,-1.106097922e-02
4.306213379e+02,-1.846896298e-02
4.308403931e+02,1.750807278e-02
4.310594177e+02,-5.682138260e-03
4.312784729e+02,1.283782162e-02
4.314975586e+02,-2.088461071e-02
4.317166138e+02,1.042217482e-02
4.319357300e+02,-5.287582753e-04
4.321548157e+02,-1.080331020e-02
4.323739319e+02,-1.479717996e-02
4.325930481e+02,4.697091354e-04
4.328121948e+02,1.161389332e-02
4.330313416e+02,-1.138306502e-02
4.332504883e+02,-3.556369105e-03
4.334696655e+02,4.399161320e-03
4.336888428e+02,-1.237348071e-03
4.339080200e+02,-1.228490658e-02
4.341272278e+02,-1.608552411e-02
4.343464355e+02,1.000346243e-02
4.345656738e+02,4.056944698e-02
4.347849121e+02,-1.879104972e-02
4.350041504e+02,-2.056252398e-02
4.352234192e+02,1.454487909e-02
4.354426880e+02,5.789769068e-02
4.356619568e+02,-1.482938789e-02
4.358812561e+02,-1.669748873e-02
4.361005554e+02,4.656830337e-03
4.363198853e+02,1.403759234e-03
4.365392151e+02,-9.031835943e-03
4.367585449e+02,-1.566681266e-02
4.369778748e+02,2.370018046e-03
4.371972351e+02,1.686389931e-02
4.374166260e+02,3.238845617e-02
4.376360168e+02,-1.357325166e-02
4.378554077e+02,6.582101434e-02
4.380747986e+02,1.212923136e-02
4.382942200e+02,-8.741958067e-03
4.385136414e+02,-7.968951017e-03
4.387330933e+02,3.696208075e-02
4.389525452e+02,2.111543901e-02
4.391719971e+02,-2.525693038e-03
4.393914795e+02,-5.456678104e-03
4.396109619e+02,2.568906359e-02
4.398304443e+02,8.554073982e-03
4.400499573e+02,-2.413768135e-02
4.402694702e+02,-2.204412036e-02
4.404890137e+02,1.983514521e-03
4.407085571e+02,-6.390728056e-03
4.409281006e+02,6.299470551e-03
4.411476746e+02,-7.421404123e-03
4.413672485e+02,1.551113743e-02
4.415868225e+02,1.425500121e-02
4.418064270e+02,-1.299349684e-02
4.420260315e+02,1.322432514e-02
4.422456360e+02,3.787197638e-03
4.424652710e+02,3.512619063e-02
4.426849060e+02,-2.246283181e-02
4.429045715e+02,-1.331558265e-02
4.431242371e+02,-1.044901554e-02
4.433439026e+02,1.371550607e-03
4.435635986e+02,-1.289687026e-02
4.437832947e+02,-5.939807277e-03
4.440029907e+02,3.336276859e-03
4.442227173e+02,1.049464452e-03
4.444424438e+02,5.099699047e-05
4.446622009e+02,-1.257478446e-02
4.448819580e+02,1.393291447e-02
4.451017151e+02,2.692104317e-03
4.453215027e+02,-5.070174579e-03
4.455412903e+02,-7.872325368e-03
4.457610779e+02,-2.912196564e-03
4.459808960e+02,1.798314916e-04
4.462007141e+02,-3.363117343e-03
4.464205322e+02,2.176766284e-03
4.466403809e+02,1.525346842e-02
4.468602600e+02,1.673506573e-02
4.470801086e+02,-7.775699254e-03
4.472999878e+02,-1.634319313e-02
4.475198669e+02,7.040268742e-03
4.477397766e+02,-4.965496482e-04
4.479596863e+02,-1.057785004e-02
4.481796265e+02,2.031022310e-02
4.483995361e+02,8.199779317e-03
4.486194763e+02,2.198507078e-02
4.488394470e+02,-1.341220830e-02
4.490594177e+02,-1.753491350e-02
4.492793884e+02,1.869979128e-02
4.494993896e+02,1.693636877e-03
4.497193909e+02,-6.068641786e-03
4.499393921e+02,-5.327843595e-03
4.501594238e+02,7.942110300e-03
4.503794556e+02,1.435162686e-02
4.505994873e+02,1.911850274e-02
4.508195496e+02,2.903876081e-02
4.510396118e+02,4.592413083e-03
4.512597046e+02,3.561737249e-03
4.514797974e+02,1.339341979e-03
4.516998901e+02,6.782599725e-03
4.519200134e+02,2.917564707e-03
4.521401367e+02,2.845900506e-02
4.523602600e+02,-1.222048979e-02
4.525804138e+02,-8.903001435e-03
4.528005676e+02,1.106634736e-02
4.530207520e+02,-6.575927837e-04
4.532409058e+02,-2.223737165e-02
4.534611206e+02,1.661428250e-03
4.536813049e+02,2.330562472e-02
4.539015198e+02,7.845484652e-03
4.541217346e+02,-3.878455376e-03
4.543419800e+02,-2.171398140e-03
4.545622253e+02,-5.521095358e-03
4.547825012e+02,3.432902740e-03
4.550027466e+02,-1.096435264e-02
4.552230225e+02,1.296665613e-02
4.554433289e+02,-3.105448326e-03
4.556636353e+02,5.099699047e-05
4.558839417e+02,-8.806374855e-03
4.561042786e+02,-1.399196405e-02
4.563246155e+02,2.775041573e-02
4.565449524e+02,1.067984384e-02
4.567653198e+02,-6.938274950e-03
4.569856873e+02,-1.341220830e-02
4.572060547e+02,1.303107291e-02
4.574264526e+02,-5.231217481e-03
4.576468506e+02,-3.910664003e-03
4.578672791e+02,1.592984982e-02
4.580877075e+02,-3.073239699e-03
4.583081360e+02,1.518905163e-02
4.585285645e+02,-3.073239699e-03
4.587490234e+02,-9.064043872e-03
4.589695129e+02,1.245131809e-02
4.591900024e+02,2.820938826e-03
4.594104919e+02,3.143025097e-03
4.596309814e+02,-7.292569615e-03
4.598515015e+02,2.923201211e-02
4.600720215e+02,-3.266491462e-03
4.602925720e+02,8.070944808e-03
4.605130920e+02,6.847016979e-03
4.607336731e+02,3.151882440e-02
4.609542236e+02,-9.257296100e-03
4.611748047e+02,-1.534472592e-02
4.613954163e+02,5.816340912e-03
4.616159973e+02,1.667064801e-02
4.618366394e+02,-1.115760487e-02
4.620572510e+02,8.779535070e-03
4.622778931e+02,1.828107983e-02
4.624985352e+02,2.150194161e-02
4.627192078e+02,6.621556822e-03
4.629398499e+02,4.109283909e-03
4.631605530e+02,8.940577507e-03
4.633812256e+02,1.853874885e-02
4.636019287e+02,-1.837233640e-02
4.638226624e+02,-8.226620033e-03
4.640433655e+02,2.756521571e-03
4.642641296e+02,2.890992537e-02
4.644848633e+02,-8.387663402e-03
4.647056274e+02,-2.104565315e-02
4.649263916e+02,7.491189521e-03
4.651471863e+02,3.432902740e-03
4.653679504e+02,-1.582785510e-02
4.655887756e+02,-1.772816479e-02
4.658095703e+02,9.713584557e-03
4.660303955e+02,7.040268742e-03
4.662512512e+02,6.307522417e-04
4.664720764e+02,9.230455384e-03
4.666929626e+02,1.017255825e-03
4.669138184e+02,2.704182640e-02
4.671347046e+02,-5.939807277e-03
4.673555908e+02,-1.492601447e-02
4.675765076e+02,4.343601689e-02
4.677973938e+02,1.138843317e-02
4.680183411e+02,2.442487457e-04
4.682392578e+02,-8.419871330e-03
4.684602051e+02,2.273392165e-03
4.686811829e+02,1.093751285e-02
4.689021301e+02,-1.966068149e-02
4.691231384e+02,1.096972078e-02
4.693441162e+02,-6.390728056e-03
4.695651245e+02,1.067984384e-02
4.697861328e+02,1.146090333e-03
4.700071411e+02,-1.888767444e-02
4.702281799e+02,1.828107983e-02
4.704492493e+02,9.455915540e-03
4.706702881e+02,-1.237348071e-03
4.708913574e+02,-7.646864746e-03
4.711124573e+02,1.242716098e-03
4.713335266e+02,1.840991341e-02
4.715546265e+02,-5.553303752e-03
4.717757568e+02,1.882862672e-02
4.719968872e+02,1.216144022e-02
4.722180176e+02,2.262924425e-02
4.724391479e+02,1.496359054e-02
4.726603088e+02,-4.071706906e-03
4.728814697e+02,8.489657193e-03
4.731026611e+02,3.304068232e-03
4.733238525e+02,-2.362234332e-02
4.735450439e+02,-8.645332418e-03
4.737662659e+02,-6.253841566e-04
4.739874878e+02,-6.253841566e-04
4.742087097e+02,-1.193061192e-02
4.744299622e+02,-2.391222119e-02
4.746512146e+02,1.476228645e-04
4.748724976e+02,1.567218080e-02
4.750937805e+02,-1.598889939e-02
4.753150635e+02,-9.096252732e-03
4.755363464e+02,8.521866053e-03
4.757576599e+02,1.038996596e-02
4.759790039e+02,-2.718944801e-03
4.762003174e+02,-1.708399132e-02
4.764216614e+02,-3.137656953e-03
4.766430359e+02,-2.783362055e-03
4.768643799e+02,3.086659999e-04
4.770857544e+02,-1.752686105e-03
4.773071594e+02,2.295133099e-02
4.775285645e+02,9.262664244e-03
4.777499695e+02,-3.781829495e-03
4.779714050e+02,8.521866053e-03
4.781928101e+02,-2.203606768e-03
4.784142761e+02,5.429837387e-03
4.786357117e+02,-4.264958669e-03
4.788571777e+02,-9.611590765e-03
4.790786743e+02,8.385784179e-02
4.793001404e+02,1.373966318e-02
4.795216370e+02,-1.122202165e-02
4.797431641e+02,-2.710892586e-04
4.799646912e+02,1.154142446e-04
4.801862183e+02,-5.327843595e-03
4.804077454e+02,-9.547173977e-03
4.806293030e+02,-1.054564118e-02
4.808508606e+02,1.564802369e-03
4.810724487e+02,1.013229694e-02
4.812940369e+02,-1.318674814e-02
4.815156250e+02,3.336276859e-03
4.817372437e+02,4.302535672e-03
4.819588623e+02,-6.487354171e-03
4.821804810e+02,-4.071706906e-03
4.824021301e+02,-1.637540199e-02
4.826237793e+02,1.805561967e-02
4.828454590e+02,1.773353294e-02
4.830671082e+02,2.370018046e-03
4.832888184e+02,-1.260699332e-02
4.835104980e+02,5.848549772e-03
4.837322083e+02,3.190532699e-02
4.839539185e+02,-1.383092068e-02
4.841756592e+02,1.596205868e-02
4.843973999e+02,1.093751285e-02
4.846191406e+02,2.072893456e-02
4.848409119e+02,-1.186619420e-02
4.850626831e+02,-1.263920125e-02
4.852844543e+02,1.919097267e-03
4.855062561e+02,2.008476295e-02
4.857280579e+02,-1.402417291e-02
4.859498901e+02,5.204377230e-03
4.861717224e+02,8.425239474e-03
4.863935547e+02,-3.677151399e-04
4.866154175e+02,-8.903001435e-03
4.868372498e+02,-1.338000037e-02
4.870591431e+02,1.403759234e-03
4.872810059e+02,2.015723148e-03
4.875028992e+02,6.814808585e-03
4.877248230e+02,-1.147969067e-02
4.879467163e+02,2.697740868e-02
4.881686707e+02,2.829796262e-02
4.883905945e+02,-1.998276822e-02
4.886125488e+02,-1.949963905e-02
4.888345032e+02,1.245131809e-02
4.890564575e+02,2.826575376e-02
4.892784424e+02,4.109283909e-03
4.895004578e+02,-5.263426341e-03
4.897224426e+02,-1.044096309e-03
4.899444580e+02,-1.422547648e-04
4.901664734e+02,1.183935441e-02
4.903885193e+02,-6.487354171e-03
4.906105652e+02,1.693636877e-03
4.908326111e+02,1.979488507e-02
4.910546875e+02,1.589764096e-02
4.912767639e+02,-1.366987731e-02
4.914988708e+02,1.580101438e-02
4.917209778e+02,2.971514128e-02
4.919430847e+02,-7.389195729e-03
4.921651917e+02,-1.057785004e-02
4.923873291e+02,5.623089150e-03
4.926094666e+02,9.842419066e-03
4.928316345e+02,-7.614655886e-03
4.930538025e+02,-1.550576929e-02
4.932759705e+02,-8.508445462e-04
4.934981689e+02,2.273392165e-03
4.937203674e+02,-1.920976117e-02
4.939425659e+02,7.555606775e-03
4.941647949e+02,-3.491951851e-03
4.943870239e+02,2.563269809e-03
4.946092834e+02,-1.228490658e-02
4.948315125e+02,-7.711282000e-03
4.950538025e+02,7.169103250e-03
4.952760620e+02,2.337809419e-03
4.954983521e+02,-1.898430102e-02
4.957206421e+02,-7.542186650e-04
4.959429626e+02,-4.562888716e-05
4.961652832e+02,2.681636438e-02
4.963876038e+02,-7.324778475e-03
4.966099548e+02,1.017255825e-03
4.968323059e+02,-5.907598883e-03
4.970546570e+02,1.029334031e-02
4.972770386e+02,-8.484289050e-03
4.974994202e+02,1.113881706e-03
4.977218018e+02,1.660623029e-02
4.979442139e+02,5.687506404e-03
4.981666260e+02,-9.998094290e-03
4.983890686e+02,-5.617721006e-03
4.986115112e+02,1.612310112e-02
4.988339539e+02,1.919097267e-03
4.990564270e+02,-4.103915766e-03
4.992788696e+02,1.049464452e-03
4.995013733e+02,1.969825849e-02
4.997238464e+02,6.202844437e-03
4.999463501e+02,-1.611773297e-02
5.001688843e+02,-6.712814327e-03
5.003914185e+02,3.068139963e-02
5.006139526e+02,1.597010996e-03
5.008364868e+02,1.657402143e-02
5.010590515e+02,-5.649929866e-03
5.012816162e+02,-4.522627685e-03
5.015041809e+02,-5.166800227e-03
5.017267761e+02,-9.321712889e-03
5.019493713e+02,7.426772267e-03
5.021719971e+02,1.760469750e-02
5.023946228e+02,2.981981961e-03
5.026172485e+02,-1.457171887e-02
5.028399048e+02,-1.370208617e-02
5.030625610e+02,7.008060347e-03
5.032852173e+02,1.364303753e-02
5.035079041e+02,-3.999237670e-04
5.037305908e+02,-1.363766938e-02
5.039532776e+02,2.404642291e-02
5.041759949e+02,2.636544406e-02
5.043987122e+02,6.750391331e-03
5.046214600e+02,3.408746270e-04
5.048441772e+02,2.018138766e-02
5.050669556e+02,-3.999237670e-04
5.052897034e+02,-9.474704275e-04
5.055124817e+02,1.506021712e-02
5.057352600e+02,1.093751285e-02
5.059580688e+02,-1.100461377e-04
5.061808777e+02,-1.141527388e-02
5.064036865e+02,-1.048122346e-02
5.066265259e+02,2.845900506e-02
5.068493652e+02,4.495787434e-03
5.070722046e+02,-1.312233135e-02
5.072950745e+02,-1.830792055e-02
5.075179443e+02,2.337004244e-02
5.077408142e+02,2.816912718e-02
5.079637146e+02,7.201312110e-03
5.081866150e+02,-5.810972769e-03
5.084095459e+02,7.394563872e-03
5.086324768e+02,1.178298844e-03
5.088554077e+02,1.790262759e-03
5.090783386e+02,-1.061005797e-02
5.093013000e+02,-9.474704275e-04
5.095242920e+02,1.629219623e-03
5.097472534e+02,-1.138306502e-02
5.099702454e+02,-6.036433391e-03
5.101932373e+02,1.348199416e-02
5.104162598e+02,-3.524160478e-03
5.106392822e+02,-2.349350788e-02
5.108623352e+02,2.595478436e-03
5.110853577e+02,1.210507471e-03
5.113084106e+02,-2.332441276e-03
5.115314941e+02,2.188844606e-02
5.117545776e+02,-1.292907912e-02
5.119776611e+02,-1.849311986e-03
5.122007446e+02,4.697091354e-04
5.124238892e+02,-2.346130088e-02
5.126469727e+02,-6.551771425e-03
5.128701172e+02,7.491189521e-03
5.130932617e+02,3.465111367e-03
5.133164062e+02,-8.129994385e-03
5.135395508e+02,-8.935209364e-03
5.137627563e+02,3.207442351e-03
5.139859619e+02,2.092218585e-02
5.142091064e+02,-1.160852518e-02
5.144323120e+02,5.301002879e-03
5.146555786e+02,-3.846246749e-03
5.148787842e+02,4.027957097e-02
5.151019897e+02,8.972786367e-03
5.153252563e+02,-6.970483344e-03
5.155485229e+02,1.135622431e-02
5.157717896e+02,1.335315965e-02
5.159950562e+02,-5.585512612e-03
5.162183838e+02,3.851614892e-03
5.164416504e+02,3.851614892e-03
5.166649780e+02,-1.395975519e-02
5.168883057e+02,-1.589227282e-02
5.171116333e+02,1.686389931e-02
5.173350220e+02,6.782599725e-03
5.175583496e+02,2.820938826e-03
5.177817383e+02,3.690571757e-03
5.180051270e+02,1.886888640e-03
5.182285156e+02,1.367524546e-02
5.184519043e+02,-1.534472592e-02
5.186752930e+02,-4.643410211e-04
5.188987427e+02,-3.556369105e-03
5.191221313e+02,5.301002879e-03
5.193455811e+02,-1.708399132e-02
5.195690308e+02,-2.017601952e-02
5.197925415e+02,1.296665613e-02
5.200159912e+02,-3.298700089e-03
5.202395020e+02,-2.001497708e-02
5.204629517e+02,-1.647202857e-02
5.206864624e+02,1.882862672e-02
5.209099731e+02,6.750391331e-03
5.211335449e+02,-1.160852518e-02
5.213570557e+02,-1.913729240e-03
5.215806274e+02,1.371550607e-03
5.218041992e+02,4.689039197e-03
5.220277710e+02,-1.521589141e-02
5.222513428e+02,-7.646864746e-03
5.224749146e+02,3.465111367e-03
5.226985474e+02,6.307522417e-04
5.229221191e+02,-1.357325166e-02
5.231457520e+02,-1.441067643e-02
5.233693848e+02,1.055100933e-02
5.235930176e+02,-3.910664003e-03
5.238167114e+02,-6.519562565e-03
5.240403442e+02,-1.945937867e-03
5.242640381e+02,3.271859605e-03
5.244877319e+02,2.175961062e-02
5.247114258e+02,-1.186619420e-02
5.249351196e+02,2.127648145e-02
5.251588745e+02,-4.748088308e-03
5.253826294e+02,1.026113145e-02
5.256063232e+02,-2.106980886e-03
5.258300781e+02,-6.133059040e-03
5.260538330e+02,1.995592751e-02
5.262776489e+02,1.473813038e-02
5.265014038e+02,-1.237348071e-03
5.267252197e+02,-1.172930817e-03
5.269490356e+02,1.898966916e-02
5.271728516e+02,-8.387663402e-03
5.273966675e+02,-1.582785510e-02
5.276204834e+02,3.364459425e-02
5.278443604e+02,3.948240541e-03
5.280682373e+02,7.877693512e-03
5.282921143e+02,2.391758934e-02
5.285159912e+02,-1.061005797e-02
5.287398682e+02,2.527035028e-02
5.289637451e+02,-1.784894732e-03
5.291876831e+02,-2.046589740e-02
5.294116211e+02,-1.366182580e-03
5.296355591e+02,7.974319160e-03
5.298594971e+02,-4.200541414e-03
5.300834351e+02,-5.714347120e-03
5.303074341e+02,-2.365455218e-02
5.305313721e+02,-1.172930817e-03
5.307553711e+02,4.721247591e-03
5.309793701e+02,3.722780384e-03
5.312033691e+02,-1.821129397e-02
5.314274292e+02,4.836393520e-02
5.316514282e+02,-6.712814327e-03
5.318754883e+02,-1.913729240e-03
5.320995483e+02,-1.344441716e-02
5.323236084e+02,1.634856127e-02
5.325476685e+02,2.198507078e-02
5.327717285e+02,-2.590110293e-03
5.329958496e+02,-1.573123038e-02
5.332199707e+02,-4.007290117e-03
5.334440308e+02,1.689610817e-02
5.336682129e+02,-2.072356641e-02
5.338923340e+02,-1.937080361e-02
5.341164551e+02,2.588231489e-02
5.343406372e+02,4.270326812e-03
5.345648193e+02,-1.106097922e-02
5.347890015e+02,5.880758166e-03
5.350131836e+02,1.158168539e-02
5.352373657e+02,4.141492303e-03
5.354616089e+02,-1.299349684e-02
5.356857910e+02,1.270898711e-02
5.359100342e+02,-3.234282834e-03
5.361342773e+02,1.878836520e-05
5.363585205e+02,1.847433113e-02
5.365828247e+02,-8.186359191e-04
5.368070679e+02,1.403759234e-03
5.370313721e+02,-1.205139444e-03
5.372556763e+02,-1.669748873e-02
5.374799805e+02,-2.307479642e-02
5.377042847e+02,5.397628993e-03
5.379285889e+02,1.364303753e-02
5.381529541e+02,-6.519562565e-03
5.383773193e+02,-1.943522133e-02
5.386016846e+02,1.538230292e-02
5.388260498e+02,5.590880755e-03
5.390504150e+02,-1.462808461e-03
5.392747803e+02,1.129180752e-02
5.394992065e+02,7.330146618e-03
5.397236328e+02,1.758054132e-03
5.399480591e+02,3.271859605e-03
5.401724854e+02,-1.473276224e-02
5.403969116e+02,-3.032978857e-04
5.406213989e+02,2.169519290e-02
5.408458252e+02,-1.569902152e-02
5.410703125e+02,-1.602110825e-02
5.412947998e+02,1.989150979e-02
5.415192871e+02,9.584750049e-03
5.417438354e+02,-1.160852518e-02
5.419683228e+02,-1.025576331e-02
5.421928711e+02,1.254794374e-02
5.424174194e+02,3.336276859e-03
5.426419678e+02,-6.575927837e-04
5.428665161e+02,-3.910664003e-03
5.430910645e+02,1.093751285e-02
5.433156738e+02,1.776574180e-02
5.435402832e+02,-1.656865329e-02
5.437648315e+02,-3.008822445e-03
5.439895020e+02,3.175233724e-03
5.442141113e+02,7.458981127e-03
5.444387207e+02,-1.160852518e-02
5.446633911e+02,5.526463501e-03
5.448880615e+02,9.971253574e-03
5.451127319e+02,7.595867501e-04
5.453374023e+02,-1.003030315e-02
5.455620728e+02,-3.202074207e-03
5.457867432e+02,3.287158534e-02
5.460114746e+02,4.109283909e-03
5.462362061e+02,-1.344441716e-02
5.464609375e+02,-7.614655886e-03
5.466856689e+02,6.267261691e-03
5.469104004e+02,-5.521095358e-03
5.471351929e+02,-8.516497910e-03
5.473599243e+02,-1.125423051e-02
5.475847168e+02,1.502800826e-02
5.478095093e+02,-1.096435264e-02
5.480343018e+02,-1.879104972e-02
5.482591553e+02,1.544672064e-02
5.484839478e+02,-1.495017088e-03
5.487088013e+02,8.320561756e-05
5.489336548e+02,-1.273582783e-02
5.491585083e+02,-2.284933627e-02
5.493833618e+02,4.302535672e-03
5.496082764e+02,3.792834282e-02
5.498331299e+02,1.251573488e-02
5.500580444e+02,-1.879104972e-02
5.502829590e+02,2.185623720e-02
5.505078735e+02,1.096972078e-02
5.507327881e+02,1.500385115e-03
5.509577637e+02,-8.677540347e-03
5.511826782e+02,-7.864272920e-04
5.514076538e+02,8.521866053e-03
5.516326294e+02,-6.841648836e-03
5.518576050e+02,-2.020822838e-02
5.520825806e+02,1.274924725e-03
5.523076172e+02,1.564802369e-03
5.525325928e+02,-1.341220830e-02
5.527576294e+02,1.919097267e-03
5.529826660e+02,5.075542722e-03
5.532077026e+02,-2.364649903e-03
5.534328003e+02,5.985436146e-04
5.536578369e+02,2.981981961e-03
5.538829346e+02,1.818445325e-02
5.541080322e+02,7.974319160e-03
5.543331299e+02,-1.672969759e-02
5.545582275e+02,-6.165267900e-03
5.547833252e+02,1.586543210e-02
5.550084839e+02,2.166298591e-02
5.552335815e+02,-1.376650389e-02
5.554587402e+02,-1.782479137e-02
5.556838989e+02,2.781483345e-02
5.559091187e+02,4.592413083e-03
5.561342773e+02,1.834549569e-02
5.563594971e+02,-2.082019299e-02
5.565846558e+02,8.682908490e-03
5.568098755e+02,1.844212227e-02
5.570350952e+02,3.400694113e-03
5.572603760e+02,-1.383092068e-02
5.574855957e+02,1.528567728e-02
5.577108765e+02,-9.796790546e-04
5.579360962e+02,-1.579564624e-02
5.581613770e+02,-2.652112022e-02
5.583866577e+02,7.845484652e-03
5.586119995e+02,2.273392165e-03
5.588372803e+02,-1.131864823e-02
5.590626221e+02,-2.246283181e-02
5.592879028e+02,2.370018046e-03
5.595132446e+02,-1.147969067e-02
5.597386475e+02,-4.554836545e-03
5.599639893e+02,-1.430599834e-03
5.601893311e+02,9.455915540e-03
5.604147339e+02,3.741300479e-02
5.606401367e+02,2.655869536e-02
5.608655396e+02,1.544672064e-02
5.610909424e+02,5.751923658e-03
5.613163452e+02,1.522125956e-02
5.615418091e+02,-2.388806461e-04
5.617672119e+02,7.136894856e-03
5.619926758e+02,1.035775710e-02
5.622181396e+02,-5.521095358e-03
5.624436646e+02,-1.044901554e-02
5.626691284e+02,-4.844713956e-03
5.628945923e+02,1.067984384e-02
5.631201172e+02,9.552542120e-03
5.633456421e+02,-4.200541414e-03
5.635711670e+02,1.290223841e-02
5.637966919e+02,2.192065492e-02
5.640222778e+02,1.006787922e-02
5.642478027e+02,-9.257296100e-03
5.644733887e+02,1.183935441e-02
5.646989746e+02,3.690571757e-03
5.649245605e+02,9.391498752e-03
5.651501465e+02,-1.312233135e-02
5.653757935e+02,2.595478436e-03
5.656013794e+02,5.268794484e-03
5.658270264e+02,2.765378915e-02
5.660526733e+02,-1.154410839e-02
5.662783203e+02,-4.844713956e-03
5.665039673e+02,6.782599725e-03
5.667296753e+02,2.172740176e-02
5.669553223e+02,6.492722314e-03
5.671810303e+02,-5.875390023e-03
5.674067383e+02,2.066451684e-02
5.676324463e+02,2.764573728e-04
5.678581543e+02,-1.083551906e-02
5.680839233e+02,2.382096276e-02
5.683096313e+02,2.144557657e-03
5.685354004e+02,1.878836520e-05
5.687611694e+02,-1.263920125e-02
5.689869385e+02,2.498852555e-03
5.692127686e+02,2.108323015e-02
5.694385376e+02,1.663843915e-02
5.696643677e+02,1.017255825e-03
5.698901978e+02,-8.484289050e-03
5.701160278e+02,8.562126313e-04
5.703418579e+02,4.800964147e-02
5.705676880e+02,-1.331558265e-02
5.707935791e+02,3.773508966e-02
5.710194092e+02,9.528385126e-04
5.712453003e+02,2.981981961e-03
5.714711914e+02,-6.455145311e-03
5.716970825e+02,4.495787434e-03
5.719230347e+02,2.369212918e-02
5.721489258e+02,3.470747918e-02
5.723748779e+02,-1.666527987e-02
5.726008301e+02,-8.967418224e-03
5.728267822e+02,6.911434233e-03
5.730527344e+02,3.013385460e-02
5.732786865e+02,2.563269809e-03
5.735046997e+02,-3.363117343e-03
5.737307129e+02,7.845484652e-03
5.739566650e+02,-4.264958669e-03
5.741826782e+02,9.262664244e-03
5.744087524e+02,1.758054132e-03
5.746347656e+02,1.045438275e-02
5.748608398e+02,-1.763153821e-02
5.750868530e+02,-6.036433391e-03
5.753129272e+02,2.434435301e-03
5.755390015e+02,5.429837387e-03
5.757651367e+02,-2.493484411e-03
5.759912109e+02,-1.470055338e-02
5.762173462e+02,5.011125468e-03
5.764434204e+02,1.270898711e-02
5.766695557e+02,-7.646864746e-03
5.768956909e+02,-1.186619420e-02
5.771218872e+02,6.363887805e-03
5.773480225e+02,2.120401186e-04
5.775742188e+02,-9.128461592e-03
5.778003540e+02,-9.611590765e-03
5.780265503e+02,1.476228645e-04
5.782527466e+02,2.401421405e-02
5.784790039e+02,2.820938826e-03
5.787052002e+02,-1.183398627e-02
5.789314575e+02,-2.388806461e-04
5.791577148e+02,2.144557657e-03
5.793839111e+02,-3.846246749e-03
5.796102295e+02,-1.218828093e-02
5.798364868e+02,5.776885524e-02
5.800627441e+02,2.402226673e-03
5.802890625e+02,-1.637540199e-02
5.805153809e+02,-2.203606768e-03
5.807416992e+02,1.019671373e-02
5.809680176e+02,-6.253841566e-04
5.811943359e+02,-1.044901554e-02
5.814207153e+02,4.946708214e-03
5.816470337e+02,3.953877091e-02
5.818734131e+02,1.628414541e-02
5.820997925e+02,-2.010355005e-03
5.823261719e+02,-1.315453928e-02
5.825526123e+02,9.520333260e-03
5.827789917e+02,-7.292569615e-03
5.830054321e+02,7.974319160e-03
5.832318726e+02,-2.235815395e-03
5.834583130e+02,2.370018046e-03
5.836847534e+02,-4.554836545e-03
5.839111938e+02,8.521866053e-03
5.841376953e+02,-1.315453928e-02
5.843641357e+02,4.527995829e-03
5.845906372e+02,1.638077013e-02
5.848171387e+02,-1.486159675e-02
5.850436401e+02,-1.460392773e-02
5.852702026e+02,5.945175420e-03
5.854967041e+02,1.512463391e-02
5.857232666e+02,-1.267141011e-02
5.859498291e+02,-3.846246749e-03
5.861763916e+02,5.945175420e-03
5.864029541e+02,7.555606775e-03
5.866295166e+02,-3.749620868e-03
5.868561401e+02,-2.065914869e-02
5.870827026e+02,8.457448334e-03
5.873093262e+02,3.143025097e-03
5.875359497e+02,-2.043368854e-02
5.877625732e+02,-2.478185296e-02
5.879892578e+02,6.235053297e-03
5.882158813e+02,-3.137656953e-03
5.884425659e+02,-3.717412241e-03
5.886692505e+02,4.375005083e-04
5.888959351e+02,2.198507078e-02
5.891226196e+02,1.049464452e-03
5.893493652e+02,2.762158029e-02
5.895760498e+02,-8.226620033e-03
5.898027954e+02,2.755716443e-02
5.900295410e+02,-9.257296100e-03
5.902562866e+02,1.927954704e-02
5.904830322e+02,-5.521095358e-03
5.907097778e+02,8.006528020e-03
5.909365845e+02,2.015723148e-03
5.911633911e+02,-1.344441716e-02
5.913901978e+02,-1.044901554e-02
5.916170044e+02,4.431370180e-03
5.918438110e+02,-2.332441276e-03
5.920706177e+02,-1.750270464e-02
5.922974854e+02,-2.226958051e-02
5.925242920e+02,3.000501916e-02
5.927511597e+02,2.120401186e-04
5.929780273e+02,6.138427183e-03
5.932049561e+02,-1.623851596e-03
5.934318237e+02,2.285470441e-02
5.936587524e+02,1.270898711e-02
5.938856201e+02,7.595867501e-04
5.941125488e+02,-1.591642969e-03
5.943394775e+02,1.206481457e-02
5.945664673e+02,1.067984384e-02
5.947933960e+02,7.595867501e-04
5.950203857e+02,-2.203606768e-03
5.952473145e+02,1.982709393e-02
5.954743042e+02,3.477189690e-02
5.957012939e+02,-1.048122346e-02
5.959283447e+02,-1.015913766e-02
5.961553345e+02,7.265729364e-03
5.963823853e+02,-2.106980886e-03
5.966093750e+02,-1.251036674e-02
5.968364258e+02,1.309549063e-02
5.970634766e+02,2.112349030e-03
5.972905884e+02,1.528567728e-02
5.975176392e+02,4.463578574e-03
5.977447510e+02,-1.872663200e-02
5.979718018e+02,1.670285687e-02
5.981989136e+02,-3.363117343e-03
5.984260254e+02,-8.709749207e-03
5.986531982e+02,-1.637540199e-02
5.988803101e+02,-5.875390023e-03
5.991074829e+02,-3.459743224e-03
5.993345947e+02,1.087309513e-02
5.995617676e+02,-1.698736660e-02
5.997889404e+02,5.912967026e-03
6.000161743e+02,2.192065492e-02
6.002433472e+02,-4.522627685e-03
6.004705811e+02,9.552542120e-03
6.006977539e+02,-5.327843595e-03
6.009249878e+02,1.264456939e-02
6.011522217e+02,5.663349875e-04
6.013795166e+02,-1.051343232e-02
6.016067505e+02,1.299886499e-02
6.018340454e+02,4.697091354e-04
6.020612793e+02,-9.474704275e-04
6.022885742e+02,-9.128461592e-03
6.025158691e+02,7.458981127e-03
6.027432251e+02,4.302535672e-03
6.029705200e+02,9.778002277e-03
6.031978760e+02,3.400694113e-03
6.034251709e+02,1.898966916e-02
6.036525269e+02,1.154142446e-04
6.038798828e+02,-7.389195729e-03
6.041072998e+02,-1.447509322e-02
6.043346558e+02,8.650700562e-03
6.045620728e+02,4.785664845e-03
6.047894287e+02,-1.357325166e-02
6.050168457e+02,-8.387663402e-03
6.052442627e+02,1.019671373e-02
6.054717407e+02,-2.557901666e-03
6.056991577e+02,1.138843317e-02
6.059266357e+02,-4.562888716e-05
6.061540527e+02,1.693636877e-03
6.063815308e+02,2.434435301e-03
6.066090698e+02,1.177493669e-02
6.068365479e+02,-1.502264012e-02
6.070640259e+02,1.944058947e-02
6.072915649e+02,-4.458210431e-03
6.075191040e+02,3.415993229e-02
6.077465820e+02,-9.418339469e-03
6.079741821e+02,4.401577264e-02
6.082017212e+02,-5.907598883e-03
6.084292603e+02,3.239650978e-03
6.086568604e+02,9.391498752e-03
6.088844604e+02,-3.363117343e-03
6.091119995e+02,-4.619253799e-03
6.093396606e+02,-4.965496482e-04
6.095672607e+02,9.850471979e-04
6.097948608e+02,-9.386130609e-03
6.100225220e+02,6.041801535e-03
6.102501831e+02,3.451422602e-02
6.104777832e+02,1.576880738e-02
6.107055054e+02,-8.903001435e-03
6.109331665e+02,4.141492303e-03
6.111608276e+02,3.403109685e-02
6.113885498e+02,-8.258828893e-03
6.116162720e+02,4.817873705e-03
6.118439331e+02,-2.718944801e-03
6.120716553e+02,1.146090333e-03
6.122994385e+02,-8.226620033e-03
6.125271606e+02,-8.258828893e-03
6.127549438e+02,-1.257478446e-02
6.129826660e+02,5.977384280e-03
6.132104492e+02,1.477033924e-02
6.134382324e+02,1.470592152e-02
6.136660767e+02,-6.648397073e-03
6.138938599e+02,1.647739671e-02
6.141217041e+02,-1.044901554e-02
6.143494873e+02,3.090685979e-02
6.145773315e+02,4.012657795e-03
6.148051758e+02,-1.128643937e-02
6.150330811e+02,1.618751884e-02
6.152609253e+02,1.315990742e-02
6.154887695e+02,7.297937758e-03
6.157166748e+02,-1.057785004e-02
6.159445801e+02,2.095439471e-02
6.161724854e+02,2.469059639e-02
6.164003906e+02,-6.809440441e-03
6.166283569e+02,-1.022355445e-02
6.168562622e+02,-1.344441716e-02
6.170842285e+02,3.730832541e-04
6.173121948e+02,8.320561756e-05
6.175401611e+02,6.557139568e-03
6.177681274e+02,-1.022355445e-02
6.179961548e+02,2.720286883e-02
6.182241211e+02,6.951694959e-04
6.184521484e+02,4.173701163e-03
6.186801758e+02,-1.734166034e-02
6.189082031e+02,2.362771146e-02
6.191362305e+02,-3.846246749e-03
6.193642578e+02,-9.998094290e-03
6.195923462e+02,4.463578574e-03
6.198203735e+02,-2.622318920e-03
6.200484619e+02,1.081673079e-03
6.202765503e+02,8.231988177e-03
6.205046997e+02,3.593945876e-03
6.207327881e+02,2.385317162e-02
6.209608765e+02,6.951694959e-04
6.211890259e+02,7.595867501e-04
6.214171753e+02,-9.450547397e-03
6.216453247e+02,1.209702343e-02
6.218734741e+02,2.144557657e-03
6.221016846e+02,-8.258828893e-03
6.223298340e+02,-2.847779309e-03
6.225580444e+02,-4.522627685e-03
6.227862549e+02,1.242716098e-03
6.230144653e+02,-3.878455376e-03
6.232426758e+02,-8.548705839e-03
6.234708862e+02,-1.070668455e-02
6.236991577e+02,3.143025097e-03
6.239273682e+02,-1.244594995e-02
6.241556396e+02,-6.938274950e-03
6.243839111e+02,3.077802621e-02
6.246121826e+02,9.004995227e-03
6.248404541e+02,-6.229685154e-03
6.250687866e+02,1.873200014e-02
6.252971191e+02,-7.389195729e-03
6.255253906e+02,1.489917375e-02
6.257537231e+02,4.978916608e-03
6.259821167e+02,-4.071706906e-03
6.262104492e+02,8.489657193e-03
6.264387817e+02,-1.140722190e-03
6.266671753e+02,4.891148210e-02
6.268955688e+02,1.953721605e-02
6.271239624e+02,4.946708214e-03
6.273523560e+02,-4.136124160e-03
6.275807495e+02,3.400694113e-03
6.278092041e+02,5.476573016e-03
6.280375977e+02,-9.414959699e-03
6.282660522e+02,-1.565877581e-03
6.284945068e+02,1.347093261e-03
6.287229614e+02,-5.660776980e-03
6.289514160e+02,1.514540985e-02
6.291799316e+02,5.312432069e-03
6.294083862e+02,5.390697625e-03
6.296369019e+02,1.375750639e-02
6.298654175e+02,-6.294703926e-04
6.300939331e+02,-1.659005065e-03
6.303224487e+02,-9.622831829e-03
6.305510254e+02,2.680592984e-02
6.307795410e+02,-2.579420339e-03
6.310081177e+02,1.376716606e-02
6.312366943e+02,2.631107159e-02
6.314652710e+02,1.783047989e-02
6.316938477e+02,3.958684858e-03
6.319224854e+02,-1.444958057e-02
6.321510620e+02,-4.922168329e-03
6.323796997e+02,3.415815765e-03
6.326083374e+02,4.017546307e-03
6.328369751e+02,2.069825307e-02
6.330656128e+02,-1.482101064e-02
6.332943115e+02,2.849022113e-02
6.335229492e+02,2.046211809e-02
6.337516479e+02,5.595803261e-03
6.339803467e+02,1.220066100e-02
6.342090454e+02,-6.848761812e-03
6.344377441e+02,2.118236152e-04
6.346664429e+02,-7.184082177e-03
6.348952026e+02,2.109625749e-02
6.351239624e+02,1.821321622e-02
6.353526611e+02,-1.084580272e-02
6.355814819e+02,1.267151907e-02
6.358102417e+02,9.886743501e-03
6.360390015e+02,6.913499441e-03
6.362678223e+02,1.038208790e-02
6.364965820e+02,-5.248301197e-03
6.367254028e+02,-1.236246899e-03
6.369542236e+02,1.013987581e-03
6.371830444e+02,-6.928130984e-03
6.374119263e+02,1.705642045e-02
6.376407471e+02,-1.007033791e-02
6.378696289e+02,-8.042211644e-03
6.380984497e+02,-3.521224426e-04
6.383273315e+02,-1.806214638e-02
6.385562744e+02,-8.559496142e-03
6.387851562e+02,1.187419705e-02
6.390140381e+02,1.025122683e-02
6.392429810e+02,-3.722996451e-03
6.394719238e+02,-1.354050636e-02
6.397008667e+02,-6.374651100e-03
6.399298096e+02,5.744480062e-03
6.401587524e+02,2.446125727e-03
6.403877563e+02,2.990516275e-02
6.406166992e+02,-6.777067669e-03
6.408457031e+02,3.204817476e-04
6.410747070e+02,-1.230566762e-02
6.413037109e+02,-7.419874426e-03
6.415327148e+02,8.976447396e-03
6.417617798e+02,8.741510101e-03
6.419907837e+02,-1.329166070e-02
6.422198486e+02,-1.265773177e-02
6.424489136e+02,1.440268755e-02
6.426779785e+02,1.649867161e-03
6.429070435e+02,-2.760107396e-03
6.431361694e+02,1.207624376e-02
6.433652344e+02,9.449226782e-03
6.435943604e+02,1.740732789e-02
6.438234863e+02,-9.170201607e-03
6.440526123e+02,-4.155664705e-03
6.442817383e+02,-5.959582515e-03
6.445108643e+02,-9.351117536e-03
6.447400513e+02,-4.693880212e-03
6.449692383e+02,-1.230861153e-02
6.451983643e+02,-9.131234256e-04
6.454275513e+02,-1.420391607e-03
6.456567993e+02,4.707478802e-04
6.458859863e+02,-1.523728599e-03
6.461151733e+02,6.724753883e-03
6.463444214e+02,-4.703571089e-03
6.465736694e+02,-4.959128797e-03
6.468029175e+02,-1.707521081e-02
6.470321655e+02,1.219339110e-02
6.472614136e+02,1.160086598e-02
6.474907227e+02,-1.113890484e-02
6.477200317e+02,6.877610926e-03
6.479492798e+02,1.320025325e-02
6.481785889e+02,5.387021694e-03
6.484078979e+02,2.289871918e-03
6.486372681e+02,8.395405486e-03
6.488665771e+02,1.417779084e-02
6.490959473e+02,-1.522424980e-03
6.493253174e+02,2.266253578e-03
6.495546265e+02,-3.280871548e-03
6.497840576e+02,5.088066682e-03
6.500134277e+02,5.909350235e-03
6.502427979e+02,1.429079100e-02
6.504722290e+02,-1.191805303e-02
6.507016602e+02,1.498762518e-03
6.509310303e+02,3.692167345e-03
6.511605225e+02,-1.467113290e-02
6.513899536e+02,2.175020427e-02
6.516193848e+02,2.098950185e-02
6.518488770e+02,2.129472792e-02
6.520783081e+02,-1.026205160e-02
6.523078003e+02,3.205092857e-03
6.525372925e+02,-3.678986977e-04
6.527667847e+02,1.778485748e-04
6.529963379e+02,-8.101001382e-03
6.532258301e+02,-1.452000113e-03
6.534553833e+02,3.951200284e-03
6.536849365e+02,5.541346502e-03
6.539144897e+02,6.601978675e-04
6.541440430e+02,4.789552186e-03
6.543735962e+02,-7.761617599e-05
6.546032104e+02,1.100822259e-02
6.548327637e+02,1.352626272e-02
6.550623779e+02,-2.319324762e-03
6.552919922e+02,8.791859262e-03
6.555216064e+02,7.520690560e-03
6.557512817e+02,-7.798641920e-03
6.559808960e+02,-1.034250855e-02
6.562105713e+02,2.850764664e-03
6.564402466e+02,1.032358035e-02
6.566698608e+02,3.047285369e-03
6.568995972e+02,3.006417304e-03
6.571292725e+02,-9.530278854e-03
6.573589478e+02,2.998297289e-02
6.575886841e+02,-6.409497466e-03
6.578184204e+02,1.114684623e-02
6.580480957e+02,1.045697951e-03
6.582778931e+02,2.020803466e-02
6.585076294e+02,-6.726875436e-03
6.587373657e+02,-1.615848206e-02
6.589671631e+02,3.335866611e-03
6.591968994e+02,1.112800208e-03
6.594266968e+02,-9.085982107e-03
6.596564941e+02,5.224626046e-03
6.598862915e+02,4.821263254e-03
6.601161499e+02,-1.286109909e-03
6.603459473e+02,9.339202195e-03
6.605758057e+02,-1.614994183e-02
6.608056641e+02,1.148505881e-02
6.610355225e+02,1.821666211e-02
6.612653809e+02,-1.473276224e-02
6.614952393e+02,1.860316470e-02
6.617251587e+02,1.676727459e-02
6.619550171e+02,-6.229685154e-03
6.621849365e+02,-3.910664003e-03
6.624148560e+02,1.225806586e-02
6.626447754e+02,6.589347962e-03
6.628747559e+02,7.917953772e-04
6.631046753e+02,-7.679073140e-03
6.633346558e+02,1.209702343e-02
6.635645752e+02,1.699273475e-02
6.637945557e+02,8.747326210e-03
6.640245361e+02,-4.490419291e-03
6.642545776e+02,7.104685996e-03
6.644845581e+02,2.756521571e-03
6.647145386e+02,1.599426754e-02
6.649445801e+02,8.876160719e-03
6.651746216e+02,-2.815570682e-03
6.654046631e+02,8.562126313e-04
6.656347046e+02,1.531788614e-02
6.658648071e+02,-1.521589141e-02
6.660948486e+02,-1.325116586e-02
6.663249512e+02,1.344978530e-02
6.665550537e+02,-2.461275784e-03
6.667851562e+02,1.570438966e-02
6.670152588e+02,1.274119597e-02
6.672453613e+02,1.341757644e-02
6.674755249e+02,1.415837556e-02
6.677056274e+02,-6.253841566e-04
6.679357910e+02,-4.844713956e-03
6.681659546e+02,5.655298010e-03
6.683961182e+02,-1.462808461e-03
6.686262817e+02,-1.100461377e-04
6.688565063e+02,3.086659999e-04
6.690866699e+02,1.844212227e-02
6.693168945e+02,-3.395325970e-03
6.695471191e+02,-3.032978857e-04
6.697773438e+02,-3.041031072e-03
6.700075684e+02,1.853874885e-02
6.702378540e+02,1.338536851e-02
6.704680786e+02,-8.258828893e-03
6.706983643e+02,1.629219623e-03
6.709286499e+02,2.816912718e-02
6.711589355e+02,1.840991341e-02
6.713892212e+02,-8.580914699e-03
6.716195679e+02,2.176766284e-03
6.718498535e+02,-1.108513563e-03
6.720802002e+02,-2.815570682e-03
6.723105469e+02,-2.332441276e-03
6.725408936e+02,-1.096435264e-02
6.727712402e+02,5.365420133e-03
6.730015869e+02,2.172740176e-02
6.732319336e+02,-1.395975519e-02
6.734623413e+02,-1.276803575e-02
6.736927490e+02,3.658363130e-03
6.739231567e+02,1.560776308e-02
6.741535645e+02,-5.287582753e-04
6.743839722e+02,-8.226620033e-03
6.746144409e+02,1.038996596e-02
6.748448486e+02,1.322432514e-02
6.750753174e+02,-1.205944642e-02
6.753057861e+02,-3.878455376e-03
6.755362549e+02,-2.235815395e-03
6.757667236e+02,-4.321323941e-04
6.759971924e+02,1.528567728e-02
6.762277222e+02,-2.106980886e-03
6.764582520e+02,3.690571757e-03
6.766887817e+02,1.822471386e-03
6.769193115e+02,-9.096252732e-03
6.771498413e+02,-2.235815395e-03
6.773803711e+02,9.069412015e-03
6.776109619e+02,1.992371865e-02
6.778414917e+02,-9.804842994e-03
6.780720825e+02,1.190377120e-02
6.783026733e+02,1.805561967e-02
6.785332642e+02,2.259703539e-02
6.787638550e+02,-1.705178432e-02
6.789945068e+02,4.077075049e-03
6.792250977e+02,-1.333973953e-03
6.794557495e+02,5.719715264e-03
6.796864014e+02,3.796054795e-02
6.799170532e+02,-1.602110825e-02
6.801477051e+02,-2.268024022e-03
6.803784180e+02,1.661428250e-03
6.806090698e+02,-9.579381905e-03
6.808397827e+02,9.294873103e-03
6.810704956e+02,1.448046137e-02
6.813012085e+02,1.766911522e-02
6.815319214e+02,-1.663307101e-02
6.817626343e+02,-8.129994385e-03
6.819934082e+02,1.831328869e-02
6.822241821e+02,1.441604458e-02
6.824548950e+02,-1.392754633e-02
6.826856689e+02,-9.418339469e-03
6.829164429e+02,1.090530399e-02
6.831472778e+02,-4.103915766e-03
6.833780518e+02,-3.395325970e-03
6.836088867e+02,-1.573123038e-02
6.838397217e+02,1.886888640e-03
6.840705566e+02,-3.137656953e-03
6.843013916e+02,-2.815570682e-03
6.845322266e+02,-5.972016137e-03
6.847630615e+02,1.892525144e-02
6.849939575e+02,1.373966318e-02
6.852248535e+02,-3.363117343e-03
6.854556885e+02,-8.677540347e-03
6.856865845e+02,-1.325116586e-02
6.859175415e+02,-4.643410211e-04
6.861484375e+02,-5.972016137e-03
6.863793335e+02,-2.493484411e-03
6.866102905e+02,8.163544536e-02
6.868412476e+02,7.426772267e-03
6.870722046e+02,2.456176095e-02
6.873031616e+02,1.029334031e-02
6.875341187e+02,6.975851487e-03
6.877651367e+02,5.526463501e-03
6.879960938e+02,1.081673079e-03
6.882271118e+02,1.860316470e-02
6.884581299e+02,9.359289892e-03
6.886891479e+02,-4.844713956e-03
6.889201660e+02,6.629608688e-04
6.891512451e+02,-2.429067157e-03
6.893822632e+02,-6.616188679e-03
6.896133423e+02,3.368485486e-03
6.898444214e+02,1.000346243e-02
6.900755005e+02,-2.017601952e-02
6.903065796e+02,1.016450580e-02
6.905377197e+02,1.477033924e-02
6.907687988e+02,-8.709749207e-03
6.909999390e+02,1.464150473e-02
6.912310181e+02,-6.777231582e-03
6.914621582e+02,-9.128461592e-03
6.916933594e+02,-1.591642969e-03
6.919244995e+02,2.692104317e-03
6.921556396e+02,6.299470551e-03
6.923868408e+02,-9.547173977e-03
6.926180420e+02,-1.147969067e-02
6.928492432e+02,1.799120195e-02
6.930804443e+02,-1.462808461e-03
6.933116455e+02,-9.933677502e-03
6.935428467e+02,-1.891988330e-02
6.937741089e+02,1.154142446e-04
6.940053711e+02,7.169103250e-03
6.942365723e+02,6.492722314e-03
6.944678345e+02,-1.003030315e-02
6.946991577e+02,1.783015765e-02
6.949304199e+02,2.531061182e-03
6.951616821e+02,-1.933859661e-02
6.953930054e+02,-1.586006396e-02
6.956243286e+02,1.386849768e-02
6.958556519e+02,8.884212584e-04
6.960869751e+02,-1.289687026e-02
6.963182983e+02,1.693636877e-03
6.965496826e+02,2.150194161e-02
6.967810059e+02,8.393031545e-03
6.970123901e+02,-1.222048979e-02
6.972437744e+02,-1.995055936e-02
6.974751587e+02,1.715377718e-02
6.977065430e+02,1.725845505e-03
6.979379272e+02,-1.437846757e-02
6.981693726e+02,-6.294102408e-03
6.984008179e+02,8.457448334e-03
6.986322021e+02,1.096972078e-02
6.988636475e+02,-1.280024461e-02
6.990951538e+02,-1.009471994e-02
6.993265991e+02,3.325809166e-02
6.995580444e+02,6.267261691e-03
6.997895508e+02,-3.427534597e-03
7.000210571e+02,-1.924197003e-02
7.002525635e+02,-8.830531733e-04
7.004840698e+02,5.709247291e-02
7.007155762e+02,-1.280024461e-02
7.009470825e+02,-1.276803575e-02
7.011786499e+02,8.070944808e-03
7.014102173e+02,3.039152361e-02
7.016417847e+02,1.518905163e-02
7.018733521e+02,5.977384280e-03
7.021049194e+02,2.820938826e-03
7.023364868e+02,3.126115724e-02
7.025681152e+02,-5.424469244e-03
7.027996826e+02,-1.263920125e-02
7.030313110e+02,4.463578574e-03
7.032629395e+02,1.258015260e-02
7.034945679e+02,-5.875390023e-03
7.037261963e+02,-2.525693038e-03
7.039578857e+02,1.222585794e-02
7.041895142e+02,-4.490419291e-03
7.044212036e+02,-7.324778475e-03
7.046528931e+02,2.536697686e-02
7.048845825e+02,1.960163377e-02
7.051162720e+02,-6.906066090e-03
7.053480225e+02,1.306328177e-02
7.055797119e+02,-1.476497110e-02
7.058114624e+02,3.361238539e-02
7.060432129e+02,4.141492303e-03
7.062749634e+02,-1.167294290e-02
7.065067139e+02,-1.347662602e-02
7.067384644e+02,-3.202074207e-03
7.069702759e+02,-1.563460380e-02
7.072020264e+02,3.399888799e-02
7.074338379e+02,-1.183398627e-02
7.076656494e+02,-1.086772699e-02
7.078974609e+02,6.943643093e-03
7.081292725e+02,-1.695515774e-02
7.083611450e+02,5.751118436e-02
7.085929565e+02,1.895746030e-02
7.088248291e+02,4.176116735e-02
7.090567017e+02,-1.238153223e-02
7.092885742e+02,-1.505484898e-02
7.095204468e+02,6.396096200e-03
7.097523193e+02,2.626881935e-02
7.099842529e+02,6.911434233e-03
7.102161255e+02,-5.070174579e-03
7.104480591e+02,1.605868340e-02
7.106799927e+02,4.978916608e-03
7.109119263e+02,-1.579564624e-02
7.111439209e+02,-8.967418224e-03
7.113758545e+02,2.717065997e-02
7.116078491e+02,2.230715752e-02
7.118397827e+02,-6.253841566e-04
7.120717773e+02,-7.163735107e-03
7.123037720e+02,-2.332441276e-03
7.125357666e+02,-2.066720190e-04
7.127678223e+02,-5.231217481e-03
7.129998169e+02,-1.003030315e-02
7.132318726e+02,9.906836785e-03
7.134639282e+02,1.425500121e-02
7.136959839e+02,-1.147969067e-02
7.139280396e+02,2.853147453e-03
7.141600952e+02,1.187156234e-02
7.143921509e+02,-4.426002037e-03
7.146242676e+02,4.785664845e-03
7.148563843e+02,-3.846246749e-03
7.150885010e+02,-9.643799625e-03
7.153206177e+02,4.656830337e-03
7.155527344e+02,-8.065576665e-03
7.157848511e+02,-5.649929866e-03
7.160170288e+02,1.344978530e-02
7.162491455e+02,1.956942491e-02
7.164813232e+02,1.364303753e-02
7.167135010e+02,4.817873705e-03
7.169456787e+02,2.146973275e-02
7.171779175e+02,1.538230292e-02
7.174100952e+02,1.895746030e-02
7.176423340e+02,-1.263920125e-02
7.178745117e+02,1.808782667e-02
7.181067505e+02,1.306328177e-02
7.183389893e+02,-9.064043872e-03
7.185712891e+02,9.166038595e-03
7.188035278e+02,-1.172930817e-03
7.190358276e+02,1.708935946e-02
7.192680664e+02,7.684441283e-03
7.195003662e+02,-5.649929866e-03
7.197326660e+02,-7.228152361e-03
7.199649658e+02,1.692831703e-02
7.201972656e+02,7.587815635e-03
7.204296265e+02,-1.263920125e-02
7.206619873e+02,1.051880047e-02
7.208942871e+02,4.914499354e-03
7.211266479e+02,1.142064203e-02
7.213590088e+02,1.306328177e-02
7.215913696e+02,1.357861981e-02
7.218237915e+02,1.712156832e-02
7.220561523e+02,1.866758242e-02
7.222885742e+02,2.756521571e-03
7.225209961e+02,8.489657193e-03
7.227534180e+02,1.415837556e-02
7.229858398e+02,-1.186619420e-02
7.232182617e+02,-1.032018103e-02
7.234507446e+02,6.074009929e-03
7.236831665e+02,-2.710892586e-04
7.239156494e+02,1.747586392e-02
7.241481323e+02,-7.864272920e-04
7.243806152e+02,-5.295634735e-03
7.246130981e+02,1.560776308e-02
7.248456421e+02,1.315990742e-02
7.250781250e+02,4.697091354e-04
7.253106689e+02,-1.945937867e-03
7.255432129e+02,8.562126313e-04
7.257757568e+02,-1.189840306e-02
7.260083008e+02,3.658363130e-03
7.262408447e+02,-3.137656953e-03
7.264734497e+02,2.974735014e-02
7.267059937e+02,-3.749620868e-03
7.269385986e+02,8.264197037e-03
7.271712036e+02,1.741144620e-02
7.274038086e+02,-1.333973953e-03
7.276364136e+02,1.049464452e-03
7.278690796e+02,-1.019134652e-02
7.281016846e+02,2.442487457e-04
7.283343506e+02,7.265729364e-03
7.285670166e+02,8.264197037e-03
7.287996826e+02,-1.122202165e-02
7.290323486e+02,-1.160852518e-02
7.292650146e+02,7.394563872e-03
7.294976807e+02,-8.258828893e-03
7.297304077e+02,-7.872325368e-03
7.299631348e+02,3.883823520e-03
7.301958618e+02,2.056789212e-02
7.304285889e+02,6.524930708e-03
7.306613159e+02,1.538230292e-02
7.308940430e+02,7.781067397e-03
7.311268311e+02,5.236585625e-03
7.313596191e+02,2.370018046e-03
7.315923462e+02,-7.550238632e-03
7.318251343e+02,1.403759234e-03
7.320579834e+02,1.886888640e-03
7.322907715e+02,-1.006251201e-02
7.325235596e+02,-1.875884086e-02
7.327564087e+02,5.655298010e-03
7.329892578e+02,5.816340912e-03
7.332220459e+02,8.811742999e-03
7.334549561e+02,-1.044096309e-03
7.336878052e+02,2.434435301e-03
7.339206543e+02,7.458981127e-03
7.341535645e+02,-1.924197003e-02
7.343864136e+02,1.963384077e-02
7.346193237e+02,5.784132518e-03
7.348522339e+02,1.087309513e-02
7.350851440e+02,-6.519562565e-03
7.353180542e+02,-3.234282834e-03
7.355510254e+02,1.683169045e-02
7.357839355e+02,-1.140722190e-03
7.360169067e+02,-1.611773297e-02
7.362498779e+02,-6.648397073e-03
7.364828491e+02,3.916032147e-03
7.367158203e+02,-5.609669024e-04
7.369488525e+02,-5.810972769e-03
7.371818237e+02,-3.814038122e-03
7.374148560e+02,1.963384077e-02
7.376478882e+02,8.167570457e-03
7.378809204e+02,1.029334031e-02
7.381139526e+02,-2.235815395e-03
7.383469849e+02,9.206298855e-04
7.385800171e+02,-2.461275784e-03
7.388131104e+02,-3.169865580e-03
7.390462036e+02,8.103153668e-03
7.392792358e+02,1.661428250e-03
7.395123291e+02,2.530255914e-02
7.397454834e+02,-2.268024022e-03
7.399785767e+02,1.757248864e-02
7.402116699e+02,8.199779317e-03
7.404448242e+02,9.616958909e-03
7.406779785e+02,1.983514521e-03
7.409111328e+02,2.085777000e-02
7.411442871e+02,8.328613825e-03
7.413774414e+02,4.270326812e-03
7.416105957e+02,-1.096435264e-02
7.418438110e+02,-8.065576665e-03
7.420770264e+02,8.972786367e-03
7.423102417e+02,1.795899309e-02
7.425434570e+02,-1.811466739e-02
7.427766724e+02,1.853874885e-02
7.430098877e+02,4.592413083e-03
7.432431030e+02,7.008060347e-03
7.434763794e+02,-5.424469244e-03
7.437096558e+02,-1.273582783e-02
7.439429321e+02,-9.225087240e-03
7.441762085e+02,9.778002277e-03
7.444094849e+02,5.397628993e-03
7.446427612e+02,3.175233724e-03
7.448760986e+02,1.325653400e-02
7.451094360e+02,1.080867834e-02
7.453427124e+02,8.231988177e-03
7.455760498e+02,4.077075049e-03
7.458093872e+02,2.230715752e-02
7.460427856e+02,2.842679620e-02
7.462761230e+02,1.476228645e-04
7.465095215e+02,-9.450547397e-03
7.467428589e+02,8.328613825e-03
7.469762573e+02,1.431941800e-02
7.472096558e+02,-8.516497910e-03
7.474431152e+02,1.196818892e-02
7.476765137e+02,1.174272783e-02
7.479099121e+02,1.518905163e-02
7.481433716e+02,-3.652994987e-03
7.483768311e+02,2.250040881e-02
7.486102905e+02,9.004995227e-03
7.488437500e+02,-7.542186650e-04
7.490772095e+02,-1.688268851e-03
7.493106689e+02,-9.708216414e-03
7.495441895e+02,7.974319160e-03
7.497777100e+02,4.914499354e-03
7.500112305e+02,-4.748088308e-03
7.502447510e+02,8.843951859e-03
7.504782715e+02,5.099699047e-05
7.507117920e+02,-1.172930817e-03
7.509453125e+02,6.557139568e-03
7.511788940e+02,1.940838061e-02
7.514124756e+02,-5.287582753e-04
7.516460571e+02,5.268794484e-03
7.518796387e+02,-1.328337379e-02
7.521132202e+02,3.873355687e-02
7.523468018e+02,1.457708701e-02
7.525804443e+02,7.684441283e-03
7.528140259e+02,-9.096252732e-03
7.530476685e+02,1.792678423e-02
7.532813110e+02,-3.137656953e-03
7.535149536e+02,-6.841648836e-03
7.537486572e+02,2.066451684e-02
7.539822998e+02,2.692104317e-03
7.542160034e+02,1.725845505e-03
7.544496460e+02,-1.653644629e-02
7.546833496e+02,2.692104317e-03
7.549170532e+02,2.781483345e-02
7.551507568e+02,5.019177333e-04
7.553845215e+02,-8.935209364e-03
7.556182251e+02,-8.903001435e-03
7.558519897e+02,1.006787922e-02
7.560857544e+02,-9.225087240e-03
7.563194580e+02,-1.193061192e-02
7.565532837e+02,-6.197476294e-03
7.567870483e+02,1.145285089e-02
7.570208130e+02,1.921512932e-02
7.572546387e+02,-1.154410839e-02
7.574884033e+02,-8.258828893e-03
7.577222290e+02,1.464150473e-02
7.579560547e+02,6.460513454e-03
7.581898804e+02,1.183935441e-02
7.584237671e+02,-1.260699332e-02
7.586575928e+02,3.046399215e-03
7.588914795e+02,1.468176488e-03
7.591253052e+02,6.428305060e-03
7.593591919e+02,-1.502264012e-02
7.595930786e+02,-5.617721006e-03
7.598269653e+02,1.399733219e-02
7.600609131e+02,-4.941340070e-03
7.602947998e+02,-1.212386321e-02
7.605287476e+02,-1.012692880e-02
7.607626953e+02,2.272586897e-02
7.609965820e+02,-2.268024022e-03
7.612305908e+02,-2.042563632e-03
7.614645386e+02,2.402226673e-03
7.616984863e+02,2.855563164e-02
7.619324951e+02,2.688078210e-02
7.621664429e+02,-8.186359191e-04
7.624004517e+02,-8.838583715e-03
7.626344604e+02,-7.864272920e-04
7.628684692e+02,-6.841648836e-03
7.631025391e+02,-1.904871874e-02
7.633365479e+02,1.631635241e-02
7.635706177e+02,3.496514633e-02
7.638046265e+02,2.446513623e-02
7.640386963e+02,-4.168333020e-03
7.642727661e+02,-1.656060223e-03
7.645068359e+02,-3.032978857e-04
7.647409668e+02,-1.502264012e-02
7.649750366e+02,-1.067447569e-02
7.652091675e+02,1.361082867e-02
7.654432983e+02,6.041801535e-03
7.656773682e+02,-8.774166927e-03
7.659115601e+02,3.432902740e-03
7.661456909e+02,3.531944379e-02
7.663798218e+02,5.655298010e-03
7.666140137e+02,1.145285089e-02
7.668481445e+02,-5.424469244e-03
7.670823364e+02,1.148505881e-02
7.673165283e+02,2.092218585e-02
7.675507202e+02,1.415837556e-02
7.677849731e+02,-7.228152361e-03
7.680191650e+02,2.659895690e-03
7.682534180e+02,8.586282842e-03
7.684876099e+02,-9.482756257e-03
7.687218628e+02,-1.263920125e-02
7.689561157e+02,1.010008808e-02
7.691903687e+02,-3.105448326e-03
7.694246826e+02,2.788730199e-03
7.696589355e+02,-1.589227282e-02
7.698932495e+02,-4.458210431e-03
7.701275024e+02,2.076114342e-02
7.703618164e+02,-9.128461592e-03
7.705961304e+02,1.402954105e-02
7.708305054e+02,1.509242505e-02
7.710648193e+02,-9.257296100e-03
7.712991333e+02,-7.099317852e-03
7.715335083e+02,3.883823520e-03
7.717678833e+02,1.344978530e-02
7.720022583e+02,2.230715752e-02
7.722366333e+02,5.784132518e-03
7.724710083e+02,-2.396858530e-03
7.727054443e+02,2.684857324e-02
7.729398193e+02,5.747897550e-02
7.731742554e+02,-1.196282078e-02
7.734086914e+02,-5.360051990e-03
7.736431274e+02,9.939044714e-03
7.738775635e+02,1.403759234e-03
7.741119995e+02,1.564802369e-03
7.743464966e+02,2.304795571e-02
7.745809326e+02,3.143025097e-03
7.748154297e+02,4.417681322e-02
7.750499268e+02,1.518905163e-02
7.752844238e+02,-6.358519662e-03
7.755189209e+02,2.617219277e-02
7.757534180e+02,6.557139568e-03
7.759879761e+02,-8.774166927e-03
7.762224731e+02,-6.100850645e-03
7.764570312e+02,2.031022310e-02
7.766915894e+02,7.748858538e-03
7.769261475e+02,1.113881706e-03
7.771607056e+02,-1.299349684e-02
7.773953247e+02,9.423707612e-03
7.776298828e+02,-6.898014108e-04
7.778645020e+02,2.047931775e-03
7.780991211e+02,5.977384280e-03
7.783337402e+02,6.782599725e-03
7.785683594e+02,-3.942872863e-03
7.788029785e+02,-6.906066090e-03
7.790376587e+02,2.095439471e-02
7.792722778e+02,-3.298700089e-03
7.795069580e+02,7.587815635e-03
7.797416382e+02,1.158168539e-02
7.799763184e+02,-2.718944801e-03
7.802109985e+02,4.205909558e-03
7.804456787e+02,3.175233724e-03
7.806804199e+02,2.433630079e-02
7.809151001e+02,-2.001497708e-02
7.811498413e+02,8.747326210e-03
7.813845825e+02,6.975851487e-03
7.816193237e+02,2.949773334e-03
7.818540649e+02,-6.068641786e-03
7.820888062e+02,1.299886499e-02
7.823236084e+02,2.498852555e-03
7.825583496e+02,1.084088627e-02
7.827931519e+02,-3.749620868e-03
7.830279541e+02,-1.269556698e-03
7.832627563e+02,-1.100461377e-04
7.834975586e+02,-3.105448326e-03
7.837324219e+02,5.663349875e-04
7.839672241e+02,1.629219623e-03
7.842020874e+02,4.850082099e-03
7.844369507e+02,-1.566681266e-02
7.846718140e+02,9.906836785e-03
7.849066772e+02,3.336276859e-03
7.851415405e+02,1.019671373e-02
7.853764648e+02,-1.559434342e-03
7.856113281e+02,-2.847779309e-03
7.858462524e+02,-4.876922816e-03
7.860811768e+02,3.184090927e-02
7.863161011e+02,-7.711282000e-03
7.865510254e+02,4.077075049e-03
7.867859497e+02,3.432097659e-02
7.870208740e+02,5.043333862e-03
7.872558594e+02,-8.741958067e-03
7.874908447e+02,4.549736902e-02
7.877258301e+02,2.813691832e-02
7.879608154e+02,1.489917375e-02
7.881958008e+02,8.586282842e-03
7.884307861e+02,-5.553303752e-03
7.886658325e+02,1.248352695e-02
7.889008179e+02,2.853147453e-03
7.891358643e+02,4.689039197e-03
7.893709106e+02,-1.301765325e-03
7.896059570e+02,4.073049128e-02
7.898410034e+02,1.312769949e-02
7.900760498e+02,1.380407996e-02
7.903111572e+02,-1.357325166e-02
7.905462646e+02,6.879225839e-03
7.907813110e+02,1.629219623e-03
7.910164185e+02,4.624621943e-03
7.912515259e+02,-5.907598883e-03
7.914866943e+02,2.917564707e-03
7.917218018e+02,1.412616670e-02
7.919569702e+02,8.876160719e-03
7.921920776e+02,-8.419871330e-03
7.924272461e+02,1.193598006e-02
7.926624146e+02,6.911434233e-03
7.928975830e+02,3.143025097e-03
7.931327515e+02,7.942110300e-03
7.933679810e+02,-6.253841566e-04
7.936031494e+02,1.045438275e-02
7.938383789e+02,-1.559434342e-03
7.940736084e+02,-1.383092068e-02
7.943088379e+02,4.459552839e-02
7.945440674e+02,-5.972016137e-03
7.947792969e+02,-2.332441276e-03
7.950145874e+02,-1.366182580e-03
7.952498169e+02,4.592413083e-03
7.954851074e+02,1.090530399e-02
7.957203979e+02,-4.965496482e-04
7.959556885e+02,8.586282842e-03
7.961909790e+02,8.199779317e-03
7.964262695e+02,6.074009929e-03
7.966616211e+02,1.638077013e-02
7.968969116e+02,-3.491951851e-03
7.971322632e+02,4.243754968e-02
7.973676147e+02,1.210507471e-03
7.976029663e+02,1.860316470e-02
7.978383179e+02,-9.321712889e-03
7.980737305e+02,1.013229694e-02
7.983090820e+02,-6.841648836e-03
7.985444946e+02,-1.505484898e-02
7.987798462e+02,2.692104317e-03
7.990152588e+02,-1.342026098e-05
7.992506714e+02,6.396096200e-03
7.994861450e+02,-3.685203614e-03
7.997215576e+02,-4.587044939e-03
7.999570312e+02,2.120401186e-04
8.001924438e+02,-3.677151399e-04
8.004279175e+02,-1.547356043e-02
8.006633911e+02,4.656830337e-03
8.008988647e+02,-6.229685154e-03
8.011343384e+02,2.082556114e-02
8.013698730e+02,-8.033367805e-03
8.016053467e+02,-2.413768135e-02
8.018408813e+02,-6.583979819e-03
8.020764160e+02,2.829796262e-02
8.023119507e+02,6.782599725e-03
8.025474854e+02,-1.292907912e-02
8.027830200e+02,1.528567728e-02
8.030185547e+02,-5.456678104e-03
8.032541504e+02,4.914499354e-03
8.034897461e+02,2.370018046e-03
8.037252808e+02,1.502800826e-02
8.039608765e+02,5.236585625e-03
8.041964722e+02,9.391498752e-03
8.044321289e+02,-8.580914699e-03
8.046677246e+02,2.407863177e-02
8.049033813e+02,2.627687063e-03
8.051389771e+02,-1.591642969e-03
8.053746338e+02,1.132401638e-02
8.056102905e+02,2.169519290e-02
8.058459473e+02,7.458981127e-03
8.060816650e+02,1.274924725e-03
8.063173218e+02,-7.936742157e-03
8.065530396e+02,2.047931775e-03
8.067886963e+02,4.463578574e-03
8.070244141e+02,5.429837387e-03
8.072601318e+02,-6.809440441e-03
8.074958496e+02,-9.837050922e-03
8.077316284e+02,-2.710892586e-04
8.079673462e+02,-1.415300742e-02
8.082031250e+02,-6.551771425e-03
8.084389038e+02,1.312769949e-02
8.086746216e+02,1.950500719e-02
8.089104004e+02,-1.515147462e-02
8.091462402e+02,-2.203606768e-03
8.093820190e+02,3.251729161e-02
8.096177979e+02,-2.429067157e-03
8.098536377e+02,-6.036433391e-03
8.100894775e+02,5.945175420e-03
8.103253174e+02,1.277340390e-02
8.105611572e+02,1.661428250e-03
8.107969971e+02,2.305600792e-03
8.110328369e+02,2.359550260e-02
8.112687378e+02,4.978916608e-03
8.115045776e+02,4.753456451e-03
8.117404785e+02,-1.945937867e-03
8.119763794e+02,-2.300232649e-03
8.122122803e+02,8.457448334e-03
8.124481812e+02,-1.988614164e-02
8.126841431e+02,3.844368085e-02
8.129200439e+02,-1.301765325e-03
8.131560059e+02,7.813275792e-03
8.133919678e+02,4.636700079e-02
8.136279297e+02,-1.186619420e-02
8.138638916e+02,2.527035028e-02
8.140998535e+02,3.048814833e-02
8.143358154e+02,-6.036433391e-03
8.145718384e+02,1.821666211e-02
8.148078003e+02,5.848549772e-03
8.150438232e+02,1.322432514e-02
8.152798462e+02,2.807250246e-02
8.155158691e+02,6.235053297e-03
8.157518921e+02,-2.066720190e-04
8.159879761e+02,1.283782162e-02
8.162239990e+02,-5.746555515e-03
8.164600830e+02,-6.551771425e-03
8.166961670e+02,8.264197037e-03
8.169322510e+02,3.531944379e-02
8.171683350e+02,-4.329375923e-03
8.174044189e+02,2.214611508e-02
8.176405029e+02,1.918292046e-02
8.178766479e+02,-3.846246749e-03
8.181127930e+02,6.814808585e-03
8.183488770e+02,-3.652994987e-03
8.185850220e+02,8.167570457e-03
8.188212280e+02,3.787197638e-03
8.190573730e+02,-7.421404123e-03
8.192935181e+02,-6.970483344e-03
8.195297241e+02,3.493293747e-02
8.197658691e+02,-5.037965719e-03
8.200020752e+02,4.399161320e-03
8.202382812e+02,-3.427534597e-03
8.204744873e+02,2.498047426e-02
8.207107544e+02,6.653765216e-03
8.209469604e+02,1.084088627e-02
8.211831665e+02,-2.300232649e-03
8.214194336e+02,3.400694113e-03
8.216557007e+02,8.360822685e-03
8.218919678e+02,1.822471386e-03
8.221282349e+02,9.616958909e-03
8.223645020e+02,5.494254641e-03
8.226008301e+02,2.871667407e-02
8.228370972e+02,-3.620786360e-03
8.230734253e+02,-1.945937867e-03
8.233097534e+02,-3.878455376e-03
8.235460815e+02,-3.395325970e-03
8.237824097e+02,-6.970483344e-03
8.240187378e+02,3.754989011e-03
8.242551270e+02,2.556022815e-02
8.244914551e+02,6.041801535e-03
8.247278442e+02,5.663349875e-04
8.249642334e+02,-2.235815395e-03
8.252006226e+02,2.343446016e-02
8.254370117e+02,3.396667913e-02
8.256734009e+02,-8.613123558e-03
8.259097900e+02,4.946708214e-03
8.261462402e+02,1.468176488e-03
8.263826904e+02,1.200039685e-02
8.266191406e+02,-7.195943967e-03
8.268555908e+02,-2.268024022e-03
8.270920410e+02,-8.741958067e-03
8.273284912e+02,1.212923136e-02
8.275649414e+02,-1.302570477e-02
8.278014526e+02,-7.356986869e-03
8.280379639e+02,6.363887805e-03
8.282744751e+02,6.911434233e-03
8.285109863e+02,2.150194161e-02
8.287474976e+02,8.393031545e-03
8.289840088e+02,6.009592675e-03
8.292205200e+02,3.078607842e-03
8.294570923e+02,-4.361584783e-03
8.296936646e+02,8.264197037e-03
8.299301758e+02,9.133829735e-03
8.301667480e+02,1.348199416e-02
8.304033813e+02,-8.677540347e-03
8.306399536e+02,1.878836520e-05
8.308765259e+02,2.459396981e-02
8.311131592e+02,-6.938274950e-03
8.313497925e+02,1.209702343e-02
8.315863647e+02,-5.810972769e-03
8.318229980e+02,5.816340912e-03
8.320596924e+02,-2.976613818e-03
8.322963257e+02,-9.064043872e-03
8.325329590e+02,-8.226620033e-03
8.327696533e+02,3.918447718e-02
8.330062866e+02,6.653765216e-03
8.332429810e+02,1.142064203e-02
8.334796753e+02,-1.099656150e-02
8.337163696e+02,2.250040881e-02
8.339531250e+02,2.572127245e-02
8.341898193e+02,-4.168333020e-03
8.344265747e+02,6.460513454e-03
8.346632690e+02,1.325653400e-02
8.349000244e+02,-7.936742157e-03
8.351367798e+02,-6.165267900e-03
8.353735352e+02,2.563269809e-03
8.356103516e+02,1.522125956e-02
8.358471069e+02,-1.398391207e-03
8.360839233e+02,-4.780296702e-03
8.363206787e+02,-2.171398140e-03
8.365574951e+02,1.100192964e-02
8.367943115e+02,3.730832541e-04
8.370311279e+02,-6.197476294e-03
8.372679443e+02,-1.531251799e-02
8.375048218e+02,-2.654527547e-03
8.377416382e+02,-3.032978857e-04
8.379785156e+02,-1.205944642e-02
8.382153931e+02,-3.330908716e-03
8.384522705e+02,5.301002879e-03
8.386891479e+02,-3.073239699e-03
8.389260254e+02,-2.493484411e-03
8.391629639e+02,1.428721007e-02
8.393998413e+02,3.847588599e-02
8.396367798e+02,6.911434233e-03
8.398737183e+02,1.178298844e-03
8.401106567e+02,1.758054132e-03
8.403475952e+02,4.624621943e-03
8.405845337e+02,1.106634736e-02
8.408215332e+02,4.012657795e-03
8.410584717e+02,8.328613825e-03
8.412954712e+02,-1.688268851e-03
8.415324707e+02,1.364303753e-02
8.417694702e+02,-1.342026098e-05
8.420064697e+02,-3.878455376e-03
8.422434692e+02,5.204377230e-03
8.424804688e+02,-2.010355005e-03
8.427175293e+02,-3.330908716e-03
8.429545288e+02,-4.168333020e-03
8.431915894e+02,1.017255825e-03
8.434286499e+02,9.906836785e-03
8.436657104e+02,-3.846246749e-03
8.439028320e+02,-9.096252732e-03
8.441398926e+02,1.045438275e-02
8.443769531e+02,1.702494361e-02
8.446140747e+02,-7.679073140e-03
8.448511963e+02,3.175233724e-03
8.450883179e+02,7.555606775e-03
8.453254395e+02,1.476228645e-04
8.455625610e+02,-9.225087240e-03
8.457997437e+02,5.019177333e-04
8.460368652e+02,3.161545098e-02
8.462740479e+02,9.037204087e-03
8.465112305e+02,-3.685203614e-03
8.467483521e+02,-1.457171887e-02
8.469855957e+02,6.718182471e-03
8.472227783e+02,3.618907556e-02
8.474599609e+02,1.026113145e-02
8.476972046e+02,8.521866053e-03
8.479343872e+02,1.476228645e-04
8.481716309e+02,3.561737249e-03
8.484088745e+02,1.100192964e-02
8.486461182e+02,7.273781230e-04
8.488833618e+02,6.653765216e-03
8.491206665e+02,-8.186359191e-04
8.493579102e+02,7.845484652e-03
8.495952148e+02,-1.064226683e-02
8.498324585e+02,-3.975081258e-03
8.500697632e+02,7.169103250e-03
8.503070679e+02,-4.103915766e-03
8.505444336e+02,1.597010996e-03
8.507817383e+02,-1.817103359e-03
8.510190430e+02,2.443292737e-02
8.512564087e+02,-1.360546052e-02
8.514937744e+02,-1.263920125e-02
8.517311401e+02,3.304068232e-03
8.519685059e+02,2.095439471e-02
8.522058716e+02,-4.039498512e-03
8.524432373e+02,-9.450547397e-03
8.526806641e+02,1.470592152e-02
8.529180298e+02,6.428305060e-03
8.531554565e+02,-1.489380561e-02
8.533928833e+02,-2.783362055e-03
8.536303101e+02,1.989150979e-02
8.538677368e+02,6.847016979e-03
8.541051636e+02,-5.939807277e-03
8.543426514e+02,3.805717453e-02
8.545800781e+02,-2.235815395e-03
8.548175659e+02,7.458981127e-03
8.550550537e+02,3.175233724e-03
8.552925415e+02,-9.450547397e-03
8.555300293e+02,4.238118418e-03
8.557675171e+02,9.778002277e-03
8.560050659e+02,3.561737249e-03
8.562425537e+02,-1.945937867e-03
8.564801025e+02,3.496514633e-02
8.567176514e+02,1.686389931e-02
8.569552002e+02,1.750807278e-02
8.571927490e+02,-4.651462194e-03
8.574302979e+02,3.979644179e-02
8.576679077e+02,1.017255825e-03
8.579054565e+02,2.305600792e-03
8.581430664e+02,-4.562888716e-05
8.583806763e+02,3.207442351e-03
8.586182861e+02,1.770132408e-02
8.588558960e+02,-1.251036674e-02
8.590935059e+02,2.256482653e-02
8.593311157e+02,1.338536851e-02
8.595687866e+02,7.491189521e-03
8.598064575e+02,8.360822685e-03
8.600440674e+02,-6.326310802e-03
8.602817383e+02,-1.591642969e-03
8.605194092e+02,-2.783362055e-03
8.607571411e+02,-4.965496482e-04
8.609948120e+02,-7.872325368e-03
8.612324829e+02,1.705715060e-02
8.614702148e+02,-1.237348071e-03
8.617079468e+02,1.898966916e-02
8.619456787e+02,-6.326310802e-03
8.621834106e+02,1.061542612e-02
8.624211426e+02,8.070944808e-03
8.626588745e+02,1.335315965e-02
8.628966675e+02,-7.099317852e-03
8.631343994e+02,3.454643488e-02
8.633721924e+02,2.820938826e-03
8.636099854e+02,7.942110300e-03
8.638477783e+02,-1.176956855e-02
8.640855713e+02,3.731637821e-02
8.643234253e+02,4.946708214e-03
8.645612183e+02,2.211390622e-02
8.647990723e+02,1.341757644e-02
8.650368652e+02,1.525346842e-02
8.652747192e+02,1.290223841e-02
8.655125732e+02,-3.105448326e-03
8.657504272e+02,-2.235815395e-03
8.659883423e+02,2.021359652e-02
8.662261963e+02,-4.361584783e-03
8.664641113e+02,8.972786367e-03
8.667019653e+02,-2.751153428e-03
8.669398804e+02,1.077646948e-02
8.671777954e+02,-7.260361221e-03
8.674157104e+02,-9.901468642e-03
8.676536865e+02,-9.418339469e-03
8.678916016e+02,8.199779317e-03
8.681295776e+02,1.758054132e-03
8.683674927e+02,-1.945937867e-03
8.686054688e+02,-6.575927837e-04
8.688434448e+02,2.105102129e-02
8.690814209e+02,5.590880755e-03
8.693193970e+02,-3.749620868e-03
8.695574341e+02,-2.751153428e-03
8.697954102e+02,1.535009407e-02
8.700334473e+02,3.916032147e-03
8.702714844e+02,-6.068641786e-03
8.705095215e+02,2.120401186e-04
8.707475586e+02,1.055100933e-02
8.709855957e+02,-7.228152361e-03
8.712236328e+02,-3.814038122e-03
8.714617310e+02,2.778262459e-02
8.716997681e+02,-5.972016137e-03
8.719378662e+02,-3.910664003e-03
8.721759644e+02,-5.649929866e-03
8.724140625e+02,4.141492303e-03
8.726521606e+02,-9.225087240e-03
8.728903198e+02,3.338692337e-02
8.731284180e+02,4.270326812e-03
8.733665771e+02,4.523969814e-02
8.736046753e+02,3.641453758e-02
8.738428345e+02,2.627687063e-03
8.740809937e+02,-1.183398627e-02
8.743191528e+02,1.283782162e-02
8.745573730e+02,9.166038595e-03
8.747955322e+02,2.305600792e-03
8.750337524e+02,-1.978146378e-03
8.752719116e+02,2.788730199e-03
8.755101318e+02,6.235053297e-03
8.757483521e+02,-3.105448326e-03
8.759865723e+02,-1.038459782e-02
8.762248535e+02,1.061542612e-02
8.764630737e+02,2.402226673e-03
8.767013550e+02,1.789457537e-02
8.769395752e+02,2.820938826e-03
8.771778564e+02,1.660623029e-02
8.774161377e+02,1.283782162e-02
8.776544189e+02,1.180714555e-02
8.778927002e+02,2.085777000e-02
8.781310425e+02,2.011697181e-02
8.783693237e+02,1.953721605e-02
8.786076660e+02,5.945175420e-03
8.788460083e+02,-1.267141011e-02
8.790842896e+02,1.322432514e-02
8.793226318e+02,3.408746270e-04
8.795610352e+02,3.948240541e-03
8.797993774e+02,1.096972078e-02
8.800377197e+02,8.006528020e-03
8.802761230e+02,8.843951859e-03
8.805145264e+02,-7.453612983e-03
8.807529297e+02,4.656830337e-03
8.809913330e+02,1.532593742e-03
8.812297363e+02,-1.978146378e-03
8.814681396e+02,-9.804842994e-03
8.817066040e+02,-6.712814327e-03
8.819450073e+02,7.555606775e-03
8.821834717e+02,1.171051990e-02
8.824219360e+02,-2.461275784e-03
8.826604004e+02,-1.508705691e-02
8.828988647e+02,2.595478436e-03
8.831373291e+02,2.459396981e-02
8.833757935e+02,-3.169865580e-03
8.836143188e+02,-7.872325368e-03
8.838528442e+02,1.634856127e-02
8.840913086e+02,1.661428250e-03
8.843298340e+02,2.563269809e-03
8.845683594e+02,-3.137656953e-03
8.848069458e+02,1.947279833e-02
8.850454712e+02,2.402226673e-03
8.852839966e+02,1.725845505e-03
8.855225830e+02,-1.186619420e-02
8.857611694e+02,2.098660357e-02
8.859997559e+02,1.509242505e-02
8.862383423e+02,-1.176956855e-02
8.864769287e+02,1.758054132e-03
8.867155151e+02,3.219520673e-02
8.869541626e+02,1.609089226e-02
8.871927490e+02,1.950500719e-02
8.874313965e+02,-3.427534597e-03
8.876700439e+02,1.789457537e-02
8.879086914e+02,-2.332441276e-03
8.881473389e+02,5.751923658e-03
8.883859863e+02,1.502800826e-02
8.886246948e+02,3.438539058e-02
8.888633423e+02,1.821666211e-02
8.891020508e+02,-1.051343232e-02
8.893407593e+02,8.296404965e-03
8.895794678e+02,3.979644179e-02
8.898181763e+02,1.303107291e-02
8.900568848e+02,-6.487354171e-03
8.902955933e+02,-3.999237670e-04
8.905343628e+02,-4.361584783e-03
8.907730713e+02,-6.455145311e-03
8.910118408e+02,4.431370180e-03
8.912506104e+02,1.187156234e-02
8.914893799e+02,7.136894856e-03
8.917281494e+02,1.235469244e-02
8.919669800e+02,-2.912196564e-03
8.922057495e+02,5.526463501e-03
8.924445801e+02,-6.575927837e-04
8.926833496e+02,2.137310803e-02
8.929221802e+02,6.170636043e-03
8.931610107e+02,1.564802369e-03
8.933998413e+02,2.890992537e-02
8.936387329e+02,1.468176488e-03
8.938775635e+02,8.167570457e-03
8.941164551e+02,-1.218828093e-02
8.943552856e+02,1.728261262e-02
8.945941772e+02,2.279028669e-02
8.948330688e+02,-1.711620018e-02
8.950719604e+02,4.109283909e-03
8.953108521e+02,1.879641786e-02
8.955498047e+02,2.291912213e-02
8.957886963e+02,-1.344441716e-02
8.960276489e+02,-1.260699332e-02
8.962666016e+02,2.217832394e-02
8.965055542e+02,9.939044714e-03
8.967445068e+02,-2.590110293e-03
8.969834595e+02,-1.495017088e-03
8.972224121e+02,2.507709898e-02
8.974614258e+02,5.558671895e-03
8.977003784e+02,9.391498752e-03
8.979393921e+02,-3.588577732e-03
8.981784058e+02,1.776574180e-02
8.984174194e+02,1.125959866e-02
8.986564331e+02,-2.235815395e-03
8.988954468e+02,-1.009471994e-02
8.991345215e+02,1.081673079e-03
8.993735352e+02,2.101881243e-02
8.996126099e+02,-8.033367805e-03
8.998516846e+02,2.756521571e-03
9.000907593e+02,2.533476800e-02
9.003298340e+02,1.515684277e-02
9.005689087e+02,-1.821129397e-02
9.008079834e+02,1.193598006e-02
9.010471191e+02,7.555606775e-03
9.012861938e+02,2.233936638e-02
9.015253296e+02,4.243754968e-02
9.017644653e+02,1.013229694e-02
9.020036011e+02,1.850653999e-02
9.022427368e+02,6.428305060e-03
9.024819336e+02,4.762313887e-02
9.027210693e+02,5.880758166e-03
9.029602661e+02,9.971253574e-03
9.031994019e+02,9.842419066e-03
9.034385986e+02,2.820938826e-03
9.036777954e+02,6.629608688e-04
9.039169922e+02,1.554334629e-02
9.041561890e+02,2.159856819e-02
9.043954468e+02,-7.485821377e-03
9.046346436e+02,1.878836520e-05
9.048739014e+02,1.976267621e-02
9.051131592e+02,6.524930708e-03
9.053524170e+02,-3.878455376e-03
9.055916748e+02,-1.044901554e-02
9.058309326e+02,2.692104317e-03
9.060701904e+02,-4.562888716e-05
9.063095093e+02,-3.355065128e-04
9.065487671e+02,-5.287582753e-04
9.067880859e+02,1.679948159e-02
9.070274048e+02,1.303107291e-02
9.072667236e+02,3.883823520e-03
9.075060425e+02,1.567218080e-02
9.077454224e+02,2.997281030e-02
9.079847412e+02,8.070944808e-03
9.082240601e+02,1.138843317e-02
9.084634399e+02,-7.807907648e-03
9.087028198e+02,2.636544406e-02
9.089421997e+02,4.817873705e-03
9.091815796e+02,2.353108488e-02
9.094209595e+02,-2.046589740e-02
9.096604004e+02,4.270326812e-03
9.098997803e+02,-3.105448326e-03
9.101392212e+02,-6.100850645e-03
9.103786011e+02,-1.302570477e-02
9.106180420e+02,2.385317162e-02
9.108574829e+02,1.477033924e-02
9.110969849e+02,-1.424963307e-02
9.113364258e+02,-1.061005797e-02
9.115758667e+02,-4.522627685e-03
9.118153687e+02,1.576880738e-02
9.120548706e+02,2.756521571e-03
9.122943115e+02,7.426772267e-03
9.125338135e+02,3.834705427e-02
9.127733765e+02,4.173701163e-03
9.130128784e+02,-1.688268851e-03
9.132523804e+02,1.029334031e-02
9.134919434e+02,-2.944405191e-03
9.137314453e+02,6.750391331e-03
9.139710083e+02,-1.431404985e-02
9.142105713e+02,1.080867834e-02
9.144501343e+02,7.909901440e-03
9.146896973e+02,7.265729364e-03
9.149293213e+02,-3.652994987e-03
9.151688843e+02,-4.812505562e-03
9.154085083e+02,9.584750049e-03
9.156480713e+02,6.106218789e-03
9.158876953e+02,-3.234282834e-03
9.161273193e+02,-1.933859661e-02
9.163669434e+02,1.283782162e-02
9.166066284e+02,-4.643410211e-04
9.168462524e+02,-3.717412241e-03
9.170858765e+02,-5.585512612e-03
9.173255615e+02,8.199779317e-03
9.175652466e+02,-1.044096309e-03
9.178049316e+02,4.037619755e-02
9.180446167e+02,1.377187204e-02
9.182843018e+02,2.800808474e-02
9.185239868e+02,-9.796790546e-04
9.187637329e+02,-1.559434342e-03
9.190034180e+02,-1.913729240e-03
9.192431641e+02,6.202844437e-03
9.194829102e+02,4.689039197e-03
9.197226562e+02,1.154142446e-04
9.199624023e+02,-1.051343232e-02
9.202021484e+02,1.737923734e-02
9.204419556e+02,1.599426754e-02
9.206817017e+02,-1.051343232e-02
9.209215088e+02,6.235053297e-03
9.211613159e+02,1.641297899e-02
9.214011230e+02,9.745793417e-03
9.216409302e+02,6.138427183e-03
9.218807373e+02,-1.559434342e-03
9.221205444e+02,7.942110300e-03
9.223604126e+02,2.082556114e-02
9.226002197e+02,-5.424469244e-03
9.228400879e+02,-6.648397073e-03
9.230799561e+02,1.013229694e-02
9.233198242e+02,2.120401186e-04
9.235596924e+02,4.592413083e-03
9.237995605e+02,-1.144748274e-02
9.240394897e+02,-1.744633919e-04
9.242793579e+02,-3.556369105e-03
9.245192871e+02,9.488124400e-03
9.247592163e+02,-7.711282000e-03
9.249991455e+02,5.590880755e-03
9.252390747e+02,8.765845746e-02
9.254790039e+02,1.254794374e-02
9.257189331e+02,-5.392260849e-03
9.259589233e+02,3.730832541e-04
9.261988525e+02,5.139959976e-03
9.264388428e+02,-6.487354171e-03
9.266788330e+02,-2.622318920e-03
9.269188232e+02,8.328613825e-03
9.271588135e+02,1.074426062e-02
9.273988037e+02,8.231988177e-03
9.276388550e+02,-1.869442314e-02
9.278788452e+02,1.609089226e-02
9.281188965e+02,1.786236651e-02
9.283589478e+02,5.236585625e-03
9.285989990e+02,3.013385460e-02
9.288390503e+02,3.465111367e-03
9.290791016e+02,1.351420302e-02
9.293191528e+02,1.322351992e-01
9.295592651e+02,3.336276859e-03
9.297993164e+02,2.050347440e-02
9.300394287e+02,1.209702343e-02
9.302795410e+02,-5.166800227e-03
9.305196533e+02,-4.780296702e-03
9.307597656e+02,-2.106980886e-03
9.309998779e+02,1.193598006e-02
9.312400513e+02,-2.652112022e-02
9.314801636e+02,1.154142446e-04
9.317203369e+02,3.980449401e-03
9.319605103e+02,1.915071160e-02
9.322006836e+02,3.851614892e-03
9.324408569e+02,1.670285687e-02
9.326810303e+02,3.267833591e-02
9.329212036e+02,-8.001159877e-03
9.331614380e+02,1.402954105e-02
9.334016113e+02,1.209702343e-02
9.336418457e+02,9.939044714e-03
9.338820801e+02,-1.228490658e-02
9.341223145e+02,5.526463501e-03
9.343625488e+02,1.196818892e-02
9.346027832e+02,2.112349030e-03
9.348430176e+02,-2.461275784e-03
9.350833130e+02,1.770132408e-02
9.353236084e+02,2.707403339e-02
9.355638428e+02,5.655298010e-03
9.358041382e+02,-7.968951017e-03
9.360444336e+02,-1.370208617e-02
9.362847290e+02,1.879641786e-02
9.365250854e+02,2.050347440e-02
9.367653809e+02,-9.514965117e-03
9.370057373e+02,1.135622431e-02
9.372460327e+02,-1.978146378e-03
9.374863892e+02,1.067984384e-02
9.377267456e+02,7.595867501e-04
9.379671021e+02,-6.253841566e-04
9.382075195e+02,1.779795066e-02
9.384478760e+02,6.911434233e-03
9.386882324e+02,-8.097785525e-03
9.389286499e+02,-8.258828893e-03
9.391690674e+02,1.496359054e-02
9.394094849e+02,1.406174898e-02
9.396499023e+02,1.496359054e-02
9.398903198e+02,7.265729364e-03
9.401307373e+02,3.061698377e-02
9.403712158e+02,7.273781230e-04
9.406116333e+02,1.264456939e-02
9.408521118e+02,-1.698736660e-02
9.410925903e+02,5.365420133e-03
9.413330078e+02,2.279028669e-02
9.415735474e+02,-6.648397073e-03
9.418140259e+02,1.564802369e-03
9.420545044e+02,6.307522417e-04
9.422950439e+02,2.469059639e-02
9.425355225e+02,2.112349030e-03
9.427760620e+02,-1.238153223e-02
9.430166016e+02,1.183935441e-02
9.432571411e+02,1.438383572e-02
9.434976807e+02,-7.518030237e-03
9.437382202e+02,-1.257478446e-02
9.439787598e+02,1.164610218e-02
9.442193604e+02,-2.332441276e-03
9.444599609e+02,-2.106980886e-03
9.447005005e+02,1.822471386e-03
9.449411011e+02,1.951305894e-03
9.451817017e+02,7.781067397e-03
9.454223022e+02,-7.711282000e-03
9.456629639e+02,4.785664845e-03
9.459035645e+02,4.624621943e-03
9.461442261e+02,5.043333862e-03
9.463848267e+02,-9.128461592e-03
9.466254883e+02,4.375005083e-04
9.468661499e+02,4.021515325e-02
9.471068115e+02,1.093751285e-02
9.473475342e+02,1.049464452e-03
9.475881958e+02,-1.424963307e-02
9.478288574e+02,6.814808585e-03
9.480695801e+02,-8.419871330e-03
9.483103027e+02,-1.366182580e-03
9.485510254e+02,1.515684277e-02
9.487917480e+02,2.034243196e-02
9.490324707e+02,1.744365506e-02
9.492731934e+02,-1.183398627e-02
9.495139160e+02,3.529528622e-03
9.497546997e+02,1.467371359e-02
9.499954834e+02,5.945175420e-03
9.502362061e+02,2.575348131e-02
9.504769897e+02,-1.398391207e-03
9.507177734e+02,2.108323015e-02
9.509585571e+02,2.304795571e-02
9.511994019e+02,6.782599725e-03
9.514401855e+02,1.325653400e-02
9.516810303e+02,1.557555515e-02
9.519218140e+02,1.840991341e-02
9.521626587e+02,-9.353921749e-03
9.524035034e+02,5.397628993e-03
9.526443481e+02,3.673662245e-02
9.528852539e+02,8.231988177e-03
9.531260986e+02,-1.718061790e-02
9.533669434e+02,9.004995227e-03
9.536078491e+02,9.681376629e-03
9.538487549e+02,2.105102129e-02
9.540896606e+02,-2.156099118e-02
9.543305664e+02,5.945175420e-03
9.545714722e+02,1.476228645e-04
9.548123779e+02,2.459396981e-02
9.550532837e+02,4.560204688e-03
9.552942505e+02,-1.011887682e-03
9.555352173e+02,2.011697181e-02
9.557761230e+02,1.992371865e-02
9.560170898e+02,-2.654527547e-03
9.562580566e+02,-6.036433391e-03
9.564990845e+02,4.624621943e-03
9.567400513e+02,2.021359652e-02
9.569810181e+02,5.139959976e-03
9.572220459e+02,-1.685853116e-02
9.574630737e+02,8.320561756e-05
9.577040405e+02,1.000346243e-02
9.579450684e+02,1.084088627e-02
9.581860962e+02,-1.280024461e-02
9.584271851e+02,4.946708214e-03
9.586682129e+02,1.071205176e-02
9.589092407e+02,1.570438966e-02
9.591503296e+02,1.146090333e-03
9.593914185e+02,1.158168539e-02
9.596325073e+02,3.750962764e-02
9.598735962e+02,-1.076304936e-03
9.601146851e+02,-8.999627084e-03
9.603557739e+02,1.270898711e-02
9.605968628e+02,1.113076415e-02
9.608380127e+02,3.730832541e-04
9.610791626e+02,-9.579381905e-03
9.613202515e+02,1.683169045e-02
9.615614014e+02,-1.945937867e-03
9.618025513e+02,-6.455145311e-03
9.620437012e+02,-8.806374855e-03
9.622849121e+02,2.852342278e-02
9.625260620e+02,8.650700562e-03
9.627672729e+02,-3.652994987e-03
9.630084229e+02,-1.044901554e-02
9.632496338e+02,1.087309513e-02
9.634908447e+02,3.529528622e-03
9.637320557e+02,-1.083551906e-02
9.639732666e+02,-4.232750274e-03
9.642145386e+02,1.441604458e-02
9.644557495e+02,3.280717134e-02
9.646970215e+02,2.466643928e-03
9.649382324e+02,-8.613123558e-03
9.651795044e+02,1.019671373e-02
9.654207764e+02,2.092218585e-02
9.656620483e+02,2.531061182e-03
9.659033203e+02,-7.260361221e-03
9.661446533e+02,2.385317162e-02
9.663859253e+02,4.753456451e-03
9.666272583e+02,-1.444288436e-02
9.668685913e+02,-1.422547648e-04
9.671099243e+02,3.304068232e-03
9.673512573e+02,1.051880047e-02
9.675925903e+02,2.563269809e-03
9.678339233e+02,-2.235815395e-03
9.680752563e+02,2.214611508e-02
9.683166504e+02,1.219364908e-02
9.685579834e+02,-1.172930817e-03
9.687993774e+02,5.268794484e-03
9.690407715e+02,-1.495017088e-03
9.692821655e+02,1.154142446e-04
9.695235596e+02,4.785664845e-03
9.697650146e+02,4.077075049e-03
9.700064087e+02,-1.172930817e-03
9.702478638e+02,1.232248358e-02
9.704892578e+02,-7.099317852e-03
9.707307129e+02,-1.312233135e-02
9.709721680e+02,1.106634736e-02
9.712136230e+02,6.009592675e-03
9.714550781e+02,-1.752686105e-03
9.716965942e+02,-4.554836545e-03
9.719380493e+02,3.438539058e-02
9.721795654e+02,2.015723148e-03
9.724210205e+02,-8.516497910e-03
9.726625366e+02,5.816340912e-03
9.729040527e+02,-2.590110293e-03
9.731455688e+02,6.482254714e-02
9.733870850e+02,-1.430599834e-03
9.736286621e+02,-1.505484898e-02
9.738701782e+02,1.486696489e-02
9.741117554e+02,1.026113145e-02
9.743533325e+02,5.985436146e-04
9.745948486e+02,-1.505484898e-02
9.748364258e+02,1.341757644e-02
9.750780029e+02,4.173701163e-03
9.753196411e+02,-1.267141011e-02
9.755612183e+02,-5.714347120e-03
9.758028564e+02,9.713584557e-03
9.760444336e+02,1.831328869e-02
9.762860718e+02,-9.353921749e-03
9.765277100e+02,3.374122083e-02
9.767693481e+02,7.458981127e-03
9.770109863e+02,1.734702848e-02
9.772526245e+02,-1.318674814e-02
9.774943237e+02,-3.202074207e-03
9.777359619e+02,3.593945876e-03
9.779776611e+02,1.309549063e-02
9.782193604e+02,-9.998094290e-03
9.784610596e+02,1.502800826e-02
9.787027588e+02,-5.649929866e-03
9.789444580e+02,1.113076415e-02
9.791861572e+02,-1.109318715e-02
9.794278564e+02,-6.229685154e-03
9.796696167e+02,2.800808474e-02
9.799113770e+02,2.362771146e-02
9.801530762e+02,-9.474704275e-04
9.803948364e+02,6.307522417e-04
9.806365967e+02,1.696052589e-02
9.808784180e+02,1.370745432e-02
9.811201782e+02,3.730832541e-04
9.813619385e+02,-2.388806461e-04
9.816037598e+02,5.719715264e-03
9.818455811e+02,-2.461275784e-03
9.820873413e+02,-6.583979819e-03
9.823291626e+02,1.956942491e-02
9.825709839e+02,8.320561756e-05
9.828128662e+02,2.072893456e-02
9.830546875e+02,-7.550238632e-03
9.832965088e+02,6.299470551e-03
9.835383911e+02,1.879641786e-02
9.837802734e+02,-7.864272920e-04
9.840221558e+02,-1.692294888e-02
9.842639771e+02,-9.643799625e-03
9.845059204e+02,8.972786367e-03
9.847478027e+02,5.494254641e-03
9.849896851e+02,8.264197037e-03
9.852316284e+02,-1.734166034e-02
9.854735107e+02,1.261236146e-02
9.857154541e+02,4.330718145e-02
9.859573975e+02,-7.872325368e-03
9.861993408e+02,-8.508445462e-04
9.864412842e+02,1.187156234e-02
9.866832275e+02,6.267261691e-03
9.869251709e+02,-2.429067157e-03
9.871671753e+02,-4.812505562e-03
9.874091797e+02,2.060010098e-02
9.876511230e+02,7.072477601e-03
9.878931274e+02,-7.034900598e-03
9.881351318e+02,-1.730945334e-02
9.883771362e+02,1.766911522e-02
9.886192017e+02,1.090530399e-02
9.888612061e+02,2.756521571e-03
9.891032104e+02,-5.360051990e-03
9.893452759e+02,7.072477601e-03
9.895873413e+02,6.396096200e-03
9.898294067e+02,-1.269556698e-03
9.900714722e+02,1.597010996e-03
9.903135376e+02,1.882862672e-02
9.905556030e+02,5.397628993e-03
9.907977295e+02,-2.525693038e-03
9.910397949e+02,1.419058349e-02
9.912819214e+02,1.786236651e-02
9.915239868e+02,1.178298844e-03
9.917661133e+02,-1.782479137e-02
9.920082397e+02,3.432902740e-03
9.922504272e+02,1.419058349e-02
9.924925537e+02,3.497319994e-03
9.927346802e+02,-1.038459782e-02
9.929768677e+02,-2.066720190e-04
9.932189941e+02,9.584750049e-03
9.934611816e+02,7.813275792e-03
9.937033691e+02,-9.998094290e-03
9.939455566e+02,2.385317162e-02
9.941877441e+02,2.031022310e-02
9.944299927e+02,1.274119597e-02
9.946721802e+02,-7.260361221e-03
9.949143677e+02,1.193598006e-02
9.951566162e+02,5.099699047e-05
9.953988647e+02,1.667064801e-02
9.956411133e+02,-1.238153223e-02
9.958833618e+02,8.908369578e-03
9.961256104e+02,5.816340912e-03
9.963678589e+02,-8.645332418e-03
9.966101685e+02,4.527995829e-03
9.968524170e+02,1.177493669e-02
9.970947266e+02,2.262924425e-02
9.973370361e+02,6.750391331e-03
9.975793457e+02,-8.613123558e-03
9.978216553e+02,3.142219782e-02
9.980639648e+02,1.258015260e-02
9.983062744e+02,-1.325116586e-02
9.985486450e+02,-9.031835943e-03
9.987909546e+02,2.144557657e-03
9.990333252e+02,4.697091354e-04
9.992756958e+02,-1.579564624e-02
9.995180664e+02,-1.479717996e-02
9.997604370e+02,4.169674963e-02
1.000002808e+03,-2.879987936e-03
1.000245178e+03,-8.935209364e-03
1.000487610e+03,5.663349875e-04
1.000729980e+03,1.348199416e-02
1.000972412e+03,1.799120195e-02
1.001214844e+03,-1.795362495e-02
1.001457275e+03,-5.843181629e-03
1.001699707e+03,4.077075049e-03
1.001942139e+03,2.659895690e-03
1.002184570e+03,-4.651462194e-03
1.002427063e+03,-5.746555515e-03
1.002669495e+03,1.067984384e-02
1.002911987e+03,2.273392165e-03
1.003154480e+03,-1.333973953e-03
1.003396973e+03,5.985436146e-04
1.003639465e+03,2.353108488e-02
1.003881958e+03,6.718182471e-03
1.004124451e+03,-4.643410211e-04
1.004367004e+03,-6.551771425e-03
1.004609497e+03,2.024580538e-02
1.004852051e+03,-1.849311986e-03
1.005094604e+03,-8.065576665e-03
1.005337158e+03,-4.941340070e-03
1.005579712e+03,2.764573728e-04
1.005822266e+03,9.552542120e-03
1.006064819e+03,8.320561756e-05
1.006307434e+03,6.589347962e-03
1.006549988e+03,1.915071160e-02
1.006792603e+03,1.641297899e-02
1.007035217e+03,5.139959976e-03
1.007277832e+03,-8.484289050e-03
1.007520447e+03,2.655869536e-02
1.007763062e+03,2.407863177e-02
1.008005676e+03,-5.392260849e-03
1.008248352e+03,-1.151189953e-02
1.008490967e+03,9.810210206e-03
1.008733643e+03,2.337809419e-03
1.008976318e+03,-7.711282000e-03
1.009218994e+03,1.679948159e-02
1.009461670e+03,1.270898711e-02
1.009704346e+03,2.713845111e-02
1.009947021e+03,5.526463501e-03
1.010189758e+03,3.271054476e-02
1.010432434e+03,1.171051990e-02
1.010675171e+03,5.011125468e-03
1.010917908e+03,-4.780296702e-03
1.011160645e+03,-1.524810027e-02
1.011403381e+03,1.238690037e-02
1.011646118e+03,-1.269556698e-03
1.011888855e+03,-7.679073140e-03
1.012131653e+03,-2.171398140e-03
1.012374390e+03,1.737923734e-02
1.012617188e+03,1.386849768e-02
1.012859985e+03,-7.292569615e-03
1.013102783e+03,-3.620786360e-03
1.013345581e+03,1.702494361e-02
1.013588379e+03,1.119518187e-02
1.013831177e+03,3.304068232e-03
1.014074036e+03,9.166038595e-03
1.014316833e+03,3.658363130e-03
1.014559692e+03,9.133829735e-03
1.014802551e+03,9.230455384e-03
1.015045349e+03,-8.001159877e-03
1.015288269e+03,1.518905163e-02
1.015531128e+03,1.093751285e-02
1.015773987e+03,-8.620370179e-02
1.016016846e+03,-8.456106484e-02
1.016259766e+03,-8.671904355e-02
1.016502686e+03,-8.456106484e-02
1.016745544e+03,-8.842609823e-02
1.016988464e+03,-8.723437786e-02
