1.933779755e+02,2.570457989e-03
1.935834351e+02,-5.018513650e-03
1.937889099e+02,2.570457989e-03
1.939943848e+02,-1.487193629e-02
1.941998901e+02,2.754062181e-03
1.944053955e+02,-9.731019847e-03
1.946109161e+02,2.478656126e-03
1.948164520e+02,-4.161694087e-03
1.950220032e+02,-2.631659387e-03
1.952275696e+02,1.300529391e-02
1.954331360e+02,4.926711321e-03
1.956387177e+02,-8.109183051e-03
1.958443298e+02,-5.171516910e-03
1.960499420e+02,-3.886287799e-03
1.962555695e+02,-3.672082967e-04
1.964611969e+02,6.120138569e-04
1.966668549e+02,-5.263318773e-03
1.968725128e+02,9.302610531e-03
1.970782013e+02,-1.652437379e-03
1.972838898e+02,-4.192294553e-03
1.974895935e+02,-7.864377461e-03
1.976953125e+02,-4.681905732e-03
1.979010315e+02,-2.845864277e-03
1.981067810e+02,-1.340310276e-02
1.983125305e+02,-2.264451236e-03
1.985182953e+02,-7.588971406e-03
1.987240906e+02,8.904801682e-03
1.989298706e+02,-1.025123149e-02
1.991356812e+02,-5.355121102e-03
1.993415070e+02,3.886287799e-03
1.995473328e+02,-1.591235981e-03
1.997531891e+02,-3.274274059e-03
1.999590454e+02,-7.344165933e-04
2.001649170e+02,-1.156706177e-02
2.003708038e+02,-2.203249838e-03
2.005766907e+02,5.875332747e-03
2.007826080e+02,-6.120138569e-04
2.009885254e+02,-6.273141596e-03
2.011944733e+02,-1.009822823e-03
2.014004211e+02,1.071024220e-03
2.016063843e+02,-6.395544391e-03
2.018123627e+02,-5.049114116e-03
2.020183411e+02,8.782398887e-03
2.022243500e+02,-1.156706177e-02
2.024303589e+02,1.468833187e-03
2.026363831e+02,-7.405367214e-03
2.028424225e+02,4.498301540e-03
2.030484772e+02,1.560635283e-03
2.032545471e+02,5.875332747e-03
2.034606171e+02,2.754062181e-03
2.036667175e+02,-1.141405758e-02
2.038728180e+02,-5.569325760e-03
2.040789337e+02,-8.109183051e-03
2.042850647e+02,3.519079415e-03
2.044912109e+02,1.652437379e-03
2.046973724e+02,-1.116925199e-02
2.049035339e+02,3.121270565e-03
2.051097107e+02,1.015942916e-02
2.053159180e+02,1.346430392e-03
2.055221252e+02,-5.508124596e-04
2.057283478e+02,-1.836041454e-03
2.059345703e+02,-6.395544391e-03
2.061408234e+02,-9.180207417e-05
2.063470764e+02,2.509256825e-03
2.065533600e+02,-1.530034584e-03
2.067596436e+02,4.131093156e-03
2.069659424e+02,5.049114116e-03
2.071722412e+02,-5.630527157e-03
2.073785706e+02,-5.936534144e-03
2.075848999e+02,-4.651305266e-03
2.077912598e+02,3.335475456e-03
2.079976196e+02,4.834909458e-03
2.082039948e+02,-2.142048470e-04
2.084103851e+02,-2.937666373e-03
2.086167908e+02,-4.620704334e-03
2.088231964e+02,4.284096882e-03
2.090296173e+02,-5.691728555e-03
2.092360687e+02,-3.366075980e-04
2.094425201e+02,1.468833187e-03
2.096489868e+02,-1.422932185e-02
2.098554535e+02,-4.590103636e-04
2.100619507e+02,1.254628412e-03
2.102684479e+02,4.222895484e-03
2.104749756e+02,-1.083264500e-02
2.106815033e+02,2.050246345e-03
2.108880463e+02,4.467701074e-03
2.110946045e+02,1.061843988e-02
2.113011627e+02,-2.028825879e-02
2.115077515e+02,-1.217907481e-02
2.117143402e+02,-1.193427015e-03
2.119209442e+02,7.068759762e-03
2.121275635e+02,-3.825086402e-03
2.123341980e+02,-5.722329486e-03
2.125408478e+02,1.086324546e-02
2.127475128e+02,4.039291292e-03
2.129541779e+02,6.732151960e-04
2.131608582e+02,-3.610881511e-03
2.133675537e+02,-1.493313722e-02
2.135742645e+02,6.120138278e-05
2.137809906e+02,-1.230147760e-02
2.139877319e+02,-2.356253332e-03
2.141944733e+02,3.274274059e-03
2.144012299e+02,1.257688459e-02
2.146080017e+02,-5.936534144e-03
2.148147888e+02,-7.466568612e-03
2.150215912e+02,7.068759762e-03
2.152284088e+02,-3.488478949e-03
2.154352264e+02,-4.926711321e-03
2.156420746e+02,-8.353988640e-03
2.158489227e+02,-1.744239475e-03
2.160557861e+02,-3.090669867e-03
2.162626648e+02,3.427277552e-03
2.164695435e+02,-8.415190503e-03
2.166764526e+02,-9.578016587e-03
2.168833618e+02,9.822822176e-03
2.170902863e+02,-5.783530883e-03
2.172972412e+02,-9.945224971e-03
2.175041809e+02,2.784662880e-03
2.177111511e+02,3.366075980e-04
2.179181366e+02,-1.352550555e-02
2.181251221e+02,-2.172649140e-03
2.183321228e+02,-5.385721568e-03
2.185391388e+02,-4.039291292e-03
2.187461700e+02,-7.650172804e-03
2.189532166e+02,-5.599926692e-03
2.191602783e+02,-4.008690827e-03
2.193673401e+02,-7.925579324e-03
2.195744171e+02,-5.875332747e-03
2.197815247e+02,-2.968267072e-03
2.199886322e+02,2.937666373e-03
2.201957397e+02,5.232718308e-03
2.204028778e+02,-1.165886316e-02
2.206100159e+02,5.293919705e-03
2.208171844e+02,1.184246782e-02
2.210243530e+02,-6.303742528e-03
2.212315369e+02,-4.192294553e-03
2.214387360e+02,-2.142048441e-03
2.216459351e+02,-1.713638776e-03
2.218531647e+02,-2.172649140e-03
2.220603943e+02,-7.282964420e-03
2.222676392e+02,-8.017381653e-03
2.224748993e+02,-5.049114116e-03
2.226821747e+02,-7.007558364e-03
2.228894653e+02,1.009822823e-02
2.230967712e+02,-5.416322500e-03
2.233040771e+02,-2.631659387e-03
2.235113983e+02,-4.375898745e-03
2.237187347e+02,-1.123045385e-02
2.239260864e+02,6.120138336e-03
2.241334534e+02,1.067964174e-02
2.243408203e+02,9.302610531e-03
2.245482178e+02,-9.333210997e-03
2.247556152e+02,-1.462713070e-02
2.249630280e+02,9.608617052e-03
2.251704559e+02,-8.629394695e-03
2.253778839e+02,-6.701551378e-03
2.255853424e+02,6.120138569e-04
2.257928009e+02,-3.855687100e-03
2.260002899e+02,-8.966002613e-03
2.262077789e+02,1.040423475e-02
2.264152832e+02,-7.558370940e-03
2.266227875e+02,-4.375898745e-03
2.268303223e+02,-6.426144973e-04
2.270378571e+02,-1.530034642e-04
2.272454224e+02,1.162826316e-03
2.274529877e+02,9.761620313e-03
2.276605682e+02,-1.003702730e-02
2.278681488e+02,1.530034561e-02
2.280757599e+02,-4.284096882e-03
2.282833710e+02,-7.650172804e-03
2.284910126e+02,1.438232488e-03
2.286986542e+02,-6.701551378e-03
2.289063110e+02,1.713638776e-03
2.291139679e+02,-5.446922965e-03
2.293216553e+02,-5.538725294e-03
2.295293427e+02,4.736987129e-02
2.297370605e+02,-8.476391435e-03
2.299447784e+02,-1.092444733e-02
2.301525116e+02,5.049114116e-03
2.303602448e+02,1.836041483e-04
2.305680084e+02,-1.866642153e-03
2.307757721e+02,6.334342994e-03
2.309835663e+02,1.037363429e-02
2.311913605e+02,3.029468469e-03
2.313991699e+02,-3.672082908e-03
2.316069794e+02,3.763885004e-03
2.318148193e+02,4.437100142e-03
2.320226746e+02,4.253495950e-03
2.322305298e+02,8.170384914e-03
2.324384003e+02,-1.254628412e-03
2.326462860e+02,6.915756501e-03
2.328541870e+02,-5.844732281e-03
2.330620880e+02,2.570457989e-03
2.332700195e+02,3.549680114e-03
2.334779510e+02,-1.530034584e-03
2.336858978e+02,6.885155570e-03
2.338938599e+02,-3.947489429e-03
2.341018372e+02,-6.303742528e-03
2.343098145e+02,-8.568193880e-04
2.345178223e+02,-1.836041454e-03
2.347258301e+02,-1.156706177e-02
2.349338531e+02,7.956179790e-03
2.351418915e+02,-1.958444249e-03
2.353499298e+02,-3.580280812e-03
2.355579987e+02,-8.231585845e-03
2.357660675e+02,8.568193880e-04
2.359741669e+02,-7.252363954e-03
2.361822662e+02,-3.304874757e-03
2.363903809e+02,1.224027656e-04
2.365984955e+02,-1.000642590e-02
2.368066406e+02,-4.192294553e-03
2.370147858e+02,-9.884023108e-03
2.372229462e+02,-8.170384914e-03
2.374311371e+02,1.101624919e-03
2.376393127e+02,-1.028183196e-02
2.378475189e+02,-1.071024220e-03
2.380557404e+02,-1.187306829e-02
2.382639618e+02,4.590103868e-03
2.384721985e+02,1.074084267e-02
2.386804504e+02,-1.190366875e-02
2.388887177e+02,-8.078582585e-03
2.390970001e+02,1.585115865e-02
2.393052826e+02,-2.754062181e-03
2.395135956e+02,4.100492690e-03
2.397219086e+02,-6.426144973e-04
2.399302368e+02,1.211787388e-02
2.401385803e+02,-1.269928738e-02
2.403469238e+02,2.754062181e-03
2.405552979e+02,-6.120138569e-04
2.407636719e+02,-1.263808552e-02
2.409720612e+02,1.334190182e-02
2.411804657e+02,-6.273141596e-03
2.413888855e+02,-1.652437379e-03
2.415973206e+02,-8.537593298e-03
2.418057556e+02,-7.068759762e-03
2.420142059e+02,-3.335475456e-03
2.422226715e+02,1.386211347e-02
2.424311523e+02,7.680773735e-03
2.426396484e+02,1.009822823e-02
2.428481598e+02,-1.040423475e-02
2.430566711e+02,-1.248508226e-02
2.432651978e+02,-6.120138278e-05
2.434737549e+02,1.836041483e-04
2.436822968e+02,-1.040423475e-02
2.438908691e+02,2.570457989e-03
2.440994568e+02,1.468833163e-02
2.443080444e+02,-7.956179907e-04
2.445166473e+02,5.875332747e-03
2.447252655e+02,-4.926711321e-03
2.449338989e+02,-3.151871264e-03
2.451425476e+02,-3.427277552e-03
2.453511963e+02,-1.349490508e-02
2.455598755e+02,4.406499676e-03
2.457685547e+02,-8.078582585e-03
2.459772491e+02,1.438232488e-03
2.461859589e+02,-1.266868599e-02
2.463946686e+02,7.741975132e-03
2.466034088e+02,1.074084267e-02
2.468121490e+02,-1.468833187e-03
2.470209045e+02,-2.325652633e-03
2.472296753e+02,-3.610881511e-03
2.474384613e+02,-3.457878251e-03
2.476472626e+02,-5.538725294e-03
2.478560638e+02,-2.907065675e-03
2.480648804e+02,7.956179907e-04
2.482737122e+02,4.712506663e-03
2.484825592e+02,-4.834909458e-03
2.486914215e+02,-1.196487062e-02
2.489002991e+02,-8.996603079e-03
2.491091766e+02,-4.590103868e-03
2.493180695e+02,-1.438232488e-03
2.495269775e+02,-8.262186311e-03
2.497359009e+02,-1.129165478e-02
2.499448395e+02,-4.681905732e-03
2.501537781e+02,4.406499676e-03
2.503627472e+02,-1.814620942e-02
2.505717163e+02,-6.181339733e-03
2.507807007e+02,-1.808500849e-02
2.509897003e+02,-2.142048441e-03
2.511987000e+02,3.825086402e-03
2.514077301e+02,3.702683607e-03
2.516167603e+02,2.998867771e-03
2.518258057e+02,-8.843599819e-03
2.520348663e+02,-1.530034642e-04
2.522439423e+02,-4.896110622e-04
2.524530182e+02,-5.110315513e-03
2.526621246e+02,-3.182471963e-03
2.528712311e+02,-6.028336473e-03
2.530803528e+02,-8.568193880e-04
2.532894897e+02,5.508124363e-03
2.534986420e+02,-7.038158947e-04
2.537077942e+02,-1.419872046e-02
2.539169617e+02,1.499433885e-03
2.541261444e+02,3.886287799e-03
2.543353424e+02,4.039291292e-03
2.545445557e+02,1.000642590e-02
2.547537842e+02,5.018513650e-03
2.549630127e+02,2.601058688e-03
2.551722717e+02,6.854555104e-03
2.553815308e+02,-3.457878251e-03
2.555908051e+02,-5.018513650e-03
2.558000793e+02,-4.467701074e-03
2.560093689e+02,-9.578016587e-03
2.562186890e+02,2.968267072e-03
2.564280090e+02,-7.711374201e-03
2.566373596e+02,1.836041483e-04
2.568467102e+02,2.968267072e-03
2.570560608e+02,-8.751797490e-03
2.572654419e+02,3.488478949e-03
2.574748230e+02,-3.488478949e-03
2.576842041e+02,8.200985380e-03
2.578936157e+02,5.110315513e-03
2.581030579e+02,1.318889763e-02
2.583125000e+02,-1.377031091e-03
2.585219421e+02,8.017381653e-03
2.587313843e+02,-2.142048441e-03
2.589408569e+02,-4.865509924e-03
2.591503601e+02,4.406499676e-03
2.593598633e+02,6.609749515e-03
2.595693665e+02,1.224027714e-03
2.597789001e+02,7.038158830e-03
2.599884338e+02,-6.089537404e-03
2.601979675e+02,-3.213072661e-03
2.604075317e+02,-1.300529391e-02
2.606170959e+02,-1.254628412e-03
2.608266907e+02,-1.866642153e-03
2.610362854e+02,7.038158947e-04
2.612459106e+02,-1.178126596e-02
2.614555359e+02,-2.998867771e-03
2.616651611e+02,-5.752929952e-03
2.618748169e+02,3.366076155e-03
2.620844727e+02,3.060069284e-04
2.622941284e+02,-4.590103636e-04
2.625038147e+02,2.111447742e-03
2.627135315e+02,1.897242852e-03
2.629232483e+02,-7.772575598e-03
2.631329651e+02,-3.916888498e-03
2.633426819e+02,-4.008690827e-03
2.635524292e+02,-1.652437379e-03
2.637622070e+02,-1.777900197e-02
2.639719849e+02,-5.263318773e-03
2.641817627e+02,-5.722329486e-03
2.643915710e+02,-8.017381653e-03
2.646013794e+02,1.132225618e-02
2.648111877e+02,8.843599819e-03
2.650210266e+02,-4.865509924e-03
2.652308655e+02,4.222895484e-03
2.654407349e+02,-1.652437379e-03
2.656506042e+02,-5.691728555e-03
2.658605042e+02,-9.516814724e-03
2.660704041e+02,1.349490508e-02
2.662803040e+02,-9.333210997e-03
2.664902344e+02,-6.823954172e-03
2.667001648e+02,-7.894978859e-03
2.669101257e+02,1.086324546e-02
2.671200867e+02,5.538725294e-03
2.673300476e+02,-2.723461483e-03
2.675400391e+02,-9.578016587e-03
2.677500305e+02,-1.334190182e-02
2.679600525e+02,-4.069891758e-03
2.681700745e+02,-9.486214258e-04
2.683800964e+02,6.579148583e-03
2.685901489e+02,1.438232488e-03
2.688002014e+02,5.416322500e-03
2.690102844e+02,1.774840057e-03
2.692203674e+02,9.792221244e-04
2.694304504e+02,7.497169543e-03
2.696405640e+02,-6.548548117e-03
2.698506775e+02,1.634076983e-02
2.700608215e+02,-1.095504779e-02
2.702709656e+02,1.071024220e-03
2.704811401e+02,-5.202117376e-03
2.706913147e+02,1.438232488e-03
2.709014893e+02,-1.621836680e-03
2.711116943e+02,-3.733284306e-03
2.713218994e+02,-3.763885004e-03
2.715321045e+02,-1.866642153e-03
2.717423401e+02,-1.927843550e-03
2.719526062e+02,-2.601058688e-03
2.721628418e+02,-1.233207900e-02
2.723731384e+02,-1.955384202e-02
2.725834045e+02,-4.375898745e-03
2.727937012e+02,1.392331440e-02
2.730039978e+02,-6.150738802e-03
2.732143250e+02,-3.702683607e-03
2.734246521e+02,3.234492987e-02
2.736350098e+02,3.274274059e-03
2.738453674e+02,1.377031091e-03
2.740557556e+02,-6.609749515e-03
2.742661133e+02,-6.303742528e-03
2.744765320e+02,1.805440756e-03
2.746869202e+02,-1.034303382e-02
2.748973389e+02,-4.284096882e-03
2.751077881e+02,6.732152309e-03
2.753182373e+02,1.315829717e-02
2.755286865e+02,-6.885155570e-03
2.757391663e+02,3.978089953e-04
2.759496460e+02,1.438232488e-03
2.761601257e+02,-7.374766748e-03
2.763706360e+02,-1.193427015e-03
2.765811462e+02,-2.998867771e-03
2.767916870e+02,7.619572338e-03
2.770022278e+02,-1.346430392e-03
2.772127991e+02,-1.239327993e-02
2.774233704e+02,-6.793353707e-03
2.776339417e+02,-4.222895484e-03
2.778445435e+02,1.132225618e-03
2.780551453e+02,-2.264451236e-03
2.782657471e+02,-9.669818915e-03
2.784763794e+02,4.284096940e-04
2.786870422e+02,-2.876464976e-03
2.788976746e+02,-2.723461483e-03
2.791083679e+02,2.172649140e-03
2.793190308e+02,-3.366076155e-03
2.795297241e+02,-1.227087714e-02
2.797404175e+02,-1.315829717e-02
2.799511414e+02,-4.987912718e-03
2.801618652e+02,-5.783530883e-03
2.803726196e+02,7.068759762e-03
2.805833740e+02,5.140915979e-03
2.807941284e+02,-7.497169543e-03
2.810049133e+02,-5.232718308e-03
2.812156982e+02,-3.825086402e-03
2.814265137e+02,-1.217907481e-02
2.816373291e+02,-1.634076983e-02
2.818481750e+02,-1.309709623e-02
2.820589905e+02,3.335475456e-03
2.822698669e+02,-5.446922965e-03
2.824807129e+02,-7.956179790e-03
2.826915894e+02,1.003702730e-02
2.829024963e+02,-1.199547108e-02
2.831134033e+02,-1.713638776e-03
2.833243103e+02,-8.568193880e-04
2.835352478e+02,-1.098564826e-02
2.837461853e+02,-9.425013326e-03
2.839571228e+02,-1.805440756e-03
2.841680908e+02,-7.772575598e-03
2.843790588e+02,5.844732281e-03
2.845900574e+02,-2.754062298e-04
2.848010559e+02,1.083264500e-02
2.850120850e+02,-1.377031091e-03
2.852230835e+02,-4.437100142e-03
2.854341431e+02,-1.116925199e-02
2.856452026e+02,-8.568193763e-03
2.858562622e+02,7.956179907e-04
2.860673218e+02,6.334342994e-03
2.862784119e+02,6.793353707e-03
2.864895020e+02,7.588971406e-03
2.867006226e+02,-1.591235981e-03
2.869117432e+02,-9.180207737e-03
2.871228943e+02,5.202117609e-04
2.873340454e+02,-1.478013396e-02
2.875451965e+02,-4.712506663e-03
2.877563782e+02,-1.484133583e-02
2.879675598e+02,1.217907481e-02
2.881787720e+02,1.224027656e-04
2.883899536e+02,2.478656126e-03
2.886011963e+02,-9.241408668e-03
2.888124390e+02,6.426144973e-04
2.890236816e+02,6.517947186e-03
2.892349243e+02,-1.187306829e-02
2.894461975e+02,-6.364943925e-03
2.896575012e+02,5.508124596e-04
2.898687744e+02,-5.110315513e-03
2.900801086e+02,-1.095504779e-02
2.902914124e+02,2.050246345e-03
2.905027466e+02,1.609596424e-02
2.907141113e+02,-1.046543662e-02
2.909254456e+02,7.803176530e-03
2.911368408e+02,3.121270565e-03
2.913482056e+02,-7.588971406e-03
2.915596008e+02,4.651305266e-03
2.917710266e+02,-7.007558364e-03
2.919824219e+02,-3.519079415e-03
2.921938782e+02,3.213072661e-03
2.924053040e+02,-2.386854030e-03
2.926167603e+02,4.498301540e-03
2.928282471e+02,-7.925579324e-03
2.930397034e+02,5.202117609e-04
2.932512207e+02,-1.269928738e-02
2.934627075e+02,1.407631789e-03
2.936742249e+02,-1.526974514e-02
2.938857727e+02,-1.254628319e-02
2.940973206e+02,-7.680773735e-03
2.943088684e+02,3.366076155e-03
2.945204163e+02,-2.448055428e-03
2.947320251e+02,5.630527157e-03
2.949436035e+02,-1.040423522e-03
2.951552124e+02,-1.266868599e-02
2.953668213e+02,-9.027204476e-03
2.955784607e+02,-3.733284306e-03
2.957901001e+02,-8.598794229e-03
2.960017395e+02,2.539857291e-03
2.962134094e+02,3.978089895e-03
2.964250793e+02,-1.288289111e-02
2.966367798e+02,-1.227087714e-02
2.968484802e+02,-3.978089953e-04
2.970601807e+02,-3.733284306e-03
2.972719116e+02,-6.885155570e-03
2.974836731e+02,-6.915756501e-03
2.976954041e+02,-2.448055428e-03
2.979071655e+02,3.916888498e-03
2.981189575e+02,-4.773708060e-03
2.983307495e+02,-1.193427015e-02
2.985425415e+02,6.885155570e-03
2.987543335e+02,-1.523914468e-02
2.989661865e+02,-8.690596558e-03
2.991780090e+02,-3.825086402e-03
2.993898621e+02,1.927843550e-03
2.996017151e+02,8.782398887e-03
2.998135986e+02,-7.129961159e-03
3.000254822e+02,1.285228995e-03
3.002373657e+02,-4.222895484e-03
3.004492798e+02,-1.836041483e-04
3.006611938e+02,-4.284096940e-04
3.008731384e+02,-1.257688459e-02
3.010850830e+02,-8.323388174e-03
3.012970581e+02,-1.224027714e-03
3.015090027e+02,-6.120138569e-04
3.017210083e+02,-4.896110622e-04
3.019329834e+02,-7.680773735e-03
3.021450195e+02,-1.138345711e-02
3.023570251e+02,2.295051934e-03
3.025690613e+02,2.325652633e-03
3.027810974e+02,6.364943925e-03
3.029931641e+02,-1.435172465e-02
3.032052307e+02,-2.325652633e-03
3.034172974e+02,-7.741975132e-03
3.036293945e+02,-9.425013326e-03
3.038414917e+02,-4.773708060e-03
3.040536194e+02,-9.608617052e-03
3.042657471e+02,-1.383151300e-02
3.044779053e+02,-6.487346720e-03
3.046900635e+02,-7.435968146e-03
3.049022217e+02,6.242541131e-03
3.051143799e+02,-2.509256825e-03
3.053265991e+02,-1.254628319e-02
3.055387878e+02,1.009822823e-03
3.057510071e+02,-7.252363954e-03
3.059632263e+02,-8.292787708e-03
3.061754761e+02,-6.609749515e-03
3.063877258e+02,-8.384589106e-03
3.065999756e+02,-2.019645646e-03
3.068122559e+02,-6.426145323e-03
3.070245361e+02,2.845864277e-03
3.072368469e+02,4.590103636e-04
3.074491577e+02,2.417454729e-03
3.076614990e+02,9.180207271e-04
3.078738098e+02,-8.231585845e-03
3.080861816e+02,-1.095504779e-02
3.082985229e+02,-4.834909458e-03
3.085108948e+02,3.335475456e-03
3.087232971e+02,-3.947489429e-03
3.089356995e+02,3.549680114e-03
3.091481018e+02,-5.049114116e-03
3.093605347e+02,-1.777900197e-02
3.095729675e+02,-9.486214258e-03
3.097854004e+02,-1.377031091e-03
3.099978638e+02,4.896110622e-04
3.102103271e+02,-4.222895484e-03
3.104228210e+02,-6.120138278e-05
3.106353149e+02,-1.113865152e-02
3.108478088e+02,-5.202117376e-03
3.110603333e+02,-1.857461967e-02
3.112728577e+02,-4.896110855e-03
3.114854126e+02,3.274274059e-03
3.116979675e+02,-1.006762777e-02
3.119105225e+02,-1.080204453e-02
3.121231079e+02,3.182471963e-03
3.123356934e+02,2.050246345e-03
3.125483093e+02,-8.568193880e-04
3.127609253e+02,4.743107129e-03
3.129735413e+02,5.202117376e-03
3.131861877e+02,-1.389271393e-02
3.133988342e+02,-6.670950912e-03
3.136115112e+02,-1.165886316e-02
3.138241882e+02,-5.936534144e-03
3.140368652e+02,-2.356253332e-03
3.142495728e+02,2.601058688e-03
3.144622803e+02,-1.438232488e-03
3.146750183e+02,6.793353707e-03
3.148877563e+02,2.754062298e-04
3.151004944e+02,-6.120138336e-03
3.153132629e+02,-5.355121102e-03
3.155260315e+02,-1.224027714e-03
3.157388306e+02,3.060069139e-05
3.159516296e+02,3.519079415e-03
3.161644287e+02,-3.396676853e-03
3.163772583e+02,-1.178126596e-02
3.165900879e+02,-5.997735541e-03
3.168029480e+02,7.619572338e-03
3.170158081e+02,-7.282964420e-03
3.172286682e+02,-4.192294553e-03
3.174415588e+02,-1.631016843e-02
3.176544495e+02,1.009822823e-03
3.178673706e+02,-7.680773735e-03
3.180802612e+02,1.499433885e-03
3.182932129e+02,-9.455613792e-03
3.185061646e+02,1.530034584e-03
3.187191162e+02,-1.398451626e-02
3.189320679e+02,-6.885155570e-03
3.191450500e+02,-2.815263579e-03
3.193580322e+02,-7.038158830e-03
3.195710449e+02,-1.080204453e-02
3.197840576e+02,-7.497169543e-03
3.199971008e+02,1.744239475e-03
3.202101440e+02,7.650172920e-04
3.204231873e+02,5.202117609e-04
3.206362610e+02,-5.202117376e-03
3.208493347e+02,8.017381653e-03
3.210624084e+02,4.926711321e-03
3.212755127e+02,8.598794229e-03
3.214886169e+02,-1.530034584e-03
3.217017517e+02,2.876464976e-03
3.219148865e+02,-4.620704334e-03
3.221280518e+02,-1.236267947e-02
3.223411865e+02,-2.142048470e-04
3.225543823e+02,-2.478656126e-03
3.227675476e+02,4.804308526e-03
3.229807434e+02,-7.282964420e-03
3.231939697e+02,1.254628319e-02
3.234071960e+02,-1.199547108e-02
3.236204224e+02,-1.866642153e-03
3.238336792e+02,-6.885155570e-03
3.240469360e+02,-1.156706177e-02
3.242601929e+02,-2.080847044e-03
3.244734802e+02,-3.488478949e-03
3.246867676e+02,-1.067964174e-02
3.249000854e+02,-8.078582585e-03
3.251134033e+02,-8.415190503e-03
3.253267212e+02,5.569325760e-03
3.255400696e+02,-6.823954172e-03
3.257534180e+02,-5.630527157e-03
3.259667969e+02,-4.651305266e-03
3.261801758e+02,1.101624919e-03
3.263935547e+02,-8.384589106e-03
3.266069641e+02,-1.377031091e-03
3.268203735e+02,-3.947489429e-03
3.270337830e+02,5.752929952e-03
3.272472229e+02,9.639217518e-03
3.274606934e+02,4.743107129e-03
3.276741333e+02,8.170384914e-03
3.278876038e+02,-7.956179790e-03
3.281011047e+02,-2.386854030e-03
3.283146057e+02,-7.650172804e-03
3.285281067e+02,-1.315829693e-03
3.287416382e+02,2.172649140e-03
3.289551697e+02,-1.132225618e-02
3.291687317e+02,5.875332747e-03
3.293822632e+02,-9.363811463e-03
3.295958557e+02,-1.591235981e-03
3.298094177e+02,-8.721197024e-03
3.300230103e+02,1.377031091e-03
3.302366333e+02,-5.263318773e-03
3.304502563e+02,4.926711321e-03
3.306638794e+02,8.262186893e-04
3.308775330e+02,6.120138569e-04
3.310911865e+02,-1.086324546e-02
3.313048401e+02,-3.794485703e-03
3.315185242e+02,-6.273141596e-03
3.317322083e+02,-1.897242852e-03
3.319459229e+02,-2.142048441e-03
3.321596375e+02,-3.978089953e-04
3.323733521e+02,-1.312769670e-02
3.325870972e+02,-2.845864277e-03
3.328008423e+02,-3.641482210e-03
3.330146179e+02,-9.180207271e-04
3.332283936e+02,-1.836041454e-03
3.334421692e+02,-5.752929952e-03
3.336559753e+02,-8.690596558e-03
3.338697815e+02,-2.203249838e-03
3.340835876e+02,-3.672082908e-03
3.342974243e+02,9.792221244e-04
3.345112915e+02,1.040423522e-03
3.347251282e+02,1.224027656e-04
3.349389954e+02,-6.701551378e-03
3.351528931e+02,-8.843599819e-03
3.353667908e+02,-4.345298279e-03
3.355806885e+02,-6.426144973e-04
3.357946167e+02,4.406499676e-03
3.360085449e+02,-3.060069139e-05
3.362224731e+02,-1.012882870e-02
3.364364319e+02,-3.641482210e-03
3.366503906e+02,7.252363954e-03
3.368643799e+02,1.162826316e-03
3.370783691e+02,-3.396676853e-03
3.372923889e+02,5.324520171e-03
3.375063782e+02,6.487346720e-03
3.377204285e+02,-1.260748506e-02
3.379344482e+02,1.652437379e-03
3.381484985e+02,2.295051934e-03
3.383625793e+02,3.763885004e-03
3.385766296e+02,-1.707518660e-02
3.387907410e+02,-3.916888498e-03
3.390048218e+02,7.282964420e-03
3.392189331e+02,-1.621836680e-03
3.394330444e+02,-6.762752775e-03
3.396471863e+02,2.386854030e-03
3.398613281e+02,-1.077144314e-02
3.400755005e+02,-7.221763022e-03
3.402896729e+02,-4.926711321e-03
3.405038452e+02,6.120138278e-05
3.407180481e+02,2.692860784e-03
3.409322510e+02,4.834909458e-03
3.411464539e+02,-7.466568612e-03
3.413606873e+02,4.590103636e-04
3.415749207e+02,-5.018513650e-03
3.417891846e+02,-6.640349980e-03
3.420034485e+02,-7.741975132e-03
3.422177124e+02,1.438232511e-02
3.424320068e+02,5.293919705e-03
3.426463318e+02,-1.193427015e-03
3.428606262e+02,-5.446922965e-03
3.430749512e+02,3.672082967e-04
3.432892761e+02,5.875332747e-03
3.435036316e+02,2.784662880e-03
3.437179871e+02,-1.683038077e-03
3.439323730e+02,3.580280812e-03
3.441467590e+02,8.904801682e-03
3.443611450e+02,-2.968267072e-03
3.445755615e+02,2.815263579e-03
3.447899780e+02,2.662260085e-03
3.450044250e+02,5.446922965e-03
3.452188721e+02,7.007558364e-03
3.454333191e+02,-4.192294553e-03
3.456477661e+02,-4.865509924e-03
3.458622742e+02,-1.713638776e-03
3.460767517e+02,9.486214258e-03
3.462912598e+02,-9.547416121e-03
3.465057678e+02,3.549680114e-03
3.467203064e+02,-2.998867771e-03
3.469348450e+02,1.147525944e-02
3.471493835e+02,-1.566755399e-02
3.473639526e+02,-1.224027714e-03
3.475785217e+02,-1.077144314e-02
3.477931213e+02,-1.484133583e-02
3.480077209e+02,2.172649140e-03
3.482223206e+02,3.580280812e-03
3.484369507e+02,-7.772575598e-03
3.486515808e+02,-7.558370940e-03
3.488662109e+02,1.337250229e-02
3.490808716e+02,1.009822823e-03
3.492955627e+02,-3.488478949e-03
3.495102234e+02,-4.559502937e-03
3.497249146e+02,-4.131093156e-03
3.499396362e+02,-5.569325760e-03
3.501543579e+02,-1.346430392e-03
3.503690796e+02,-7.986780256e-03
3.505838318e+02,-1.744239475e-03
3.507985840e+02,-1.621836680e-03
3.510133362e+02,-1.208727341e-02
3.512281189e+02,-7.680773735e-03
3.514429016e+02,2.019645646e-03
3.516577148e+02,-3.151871264e-03
3.518725281e+02,-6.670950912e-03
3.520873413e+02,-8.598794229e-03
3.523021851e+02,-5.477523897e-03
3.525170288e+02,-3.978089953e-04
3.527318726e+02,3.672082967e-04
3.529467468e+02,-6.548548117e-03
3.531616516e+02,-1.000642590e-02
3.533765259e+02,-5.875332747e-03
3.535914307e+02,5.079714581e-03
3.538063660e+02,-4.987912718e-03
3.540213013e+02,6.732151960e-04
3.542362366e+02,-1.098564826e-02
3.544512024e+02,-3.580280812e-03
3.546661682e+02,-2.754062298e-04
3.548811340e+02,6.732151960e-04
3.550961304e+02,-2.876464976e-03
3.553111267e+02,2.386854030e-03
3.555261536e+02,-5.844732281e-03
3.557411804e+02,4.284096940e-04
3.559562073e+02,-1.836041483e-04
3.561712646e+02,-5.446922965e-03
3.563863220e+02,-9.516814724e-03
3.566013794e+02,-4.222895484e-03
3.568164673e+02,-6.150738802e-03
3.570315857e+02,-1.101624919e-03
3.572466736e+02,-1.756479777e-02
3.574617920e+02,-6.150738802e-03
3.576769409e+02,2.922366001e-02
3.578920898e+02,3.641482210e-03
3.581072388e+02,-6.456745788e-03
3.583223877e+02,-3.213072661e-03
3.585375671e+02,1.119985338e-02
3.587527771e+02,2.754062298e-04
3.589679871e+02,-1.774840057e-03
3.591831970e+02,-1.061843988e-02
3.593984070e+02,-1.074084267e-02
3.596136475e+02,-3.243673360e-03
3.598289185e+02,6.732152309e-03
3.600441589e+02,2.662260085e-03
3.602594299e+02,-1.683038077e-03
3.604747314e+02,-6.609749515e-03
3.606900330e+02,-1.260748506e-02
3.609053345e+02,-8.629394695e-03
3.611206665e+02,-1.520854328e-02
3.613359985e+02,-6.120138569e-04
3.615513306e+02,-4.345298279e-03
3.617666931e+02,8.751797490e-03
3.619820557e+02,-4.314697348e-03
3.621974487e+02,2.325652633e-03
3.624128418e+02,-5.661128089e-03
3.626282349e+02,-6.028336473e-03
3.628436584e+02,6.517947186e-03
3.630590820e+02,2.527617104e-02
3.632745056e+02,2.448055311e-04
3.634899597e+02,3.121270565e-03
3.637054443e+02,-1.071024220e-03
3.639208984e+02,9.180207271e-04
3.641363831e+02,2.386854030e-03
3.643518982e+02,-1.242388040e-02
3.645674133e+02,-7.405367214e-03
3.647829285e+02,6.487346720e-03
3.649984436e+02,-1.502493955e-02
3.652139893e+02,9.088405408e-03
3.654295654e+02,7.405367214e-03
3.656451111e+02,-1.220967621e-02
3.658607178e+02,-5.967135075e-03
3.660762939e+02,-7.833776996e-03
3.662919006e+02,-2.509256825e-03
3.665075073e+02,-7.680773735e-03
3.667231445e+02,-8.476391435e-03
3.669387817e+02,-2.692860784e-03
3.671544495e+02,-7.129961159e-03
3.673700867e+02,1.530034642e-04
3.675857849e+02,-1.190366875e-02
3.678014526e+02,-4.406499676e-03
3.680171509e+02,-3.060069168e-03
3.682328796e+02,-1.836041454e-03
3.684485779e+02,-1.193427015e-03
3.686643066e+02,-8.415190503e-03
3.688800659e+02,-1.132225618e-03
3.690958252e+02,7.282964420e-03
3.693115845e+02,2.356253332e-03
3.695273743e+02,-4.467701074e-03
3.697431641e+02,3.124330565e-02
3.699589539e+02,-6.303742528e-03
3.701747742e+02,-1.248508226e-02
3.703906250e+02,7.650172920e-04
3.706064453e+02,4.253495950e-03
3.708222961e+02,-5.232718308e-03
3.710381775e+02,5.202117609e-04
3.712540283e+02,-4.192294553e-03
3.714699097e+02,-1.028183196e-02
3.716858215e+02,8.721197024e-03
3.719017334e+02,4.559502937e-03
3.721176453e+02,5.936534144e-03
3.723335876e+02,2.723461483e-03
3.725495300e+02,3.274274059e-03
3.727654724e+02,-1.453532837e-02
3.729814453e+02,4.008690827e-03
3.731974182e+02,8.537593298e-03
3.734134216e+02,-2.264451236e-03
3.736294250e+02,-3.427277552e-03
3.738454285e+02,-4.651305266e-03
3.740614624e+02,-1.123045385e-02
3.742774963e+02,-5.079714581e-03
3.744935608e+02,-7.650172804e-03
3.747096252e+02,-1.392331440e-02
3.749256897e+02,-1.315829693e-03
3.751417847e+02,1.927843504e-02
3.753578796e+02,3.121270565e-03
3.755739746e+02,-9.731019847e-03
3.757901001e+02,-9.149606340e-03
3.760062256e+02,-2.937666373e-03
3.762223816e+02,-2.175709233e-02
3.764385376e+02,-2.264451236e-03
3.766546936e+02,-3.366076155e-03
3.768708801e+02,-1.377031091e-03
3.770870667e+02,-3.090669867e-03
3.773032837e+02,-1.331130043e-02
3.775194702e+02,5.569325760e-03
3.777357178e+02,-1.346430392e-03
3.779519348e+02,-7.374766748e-03
3.781681824e+02,0.000000000e+00
3.783844604e+02,-7.650172920e-04
3.786007385e+02,-3.335475456e-03
3.788170166e+02,-5.661128089e-03
3.790332947e+02,-2.080847044e-03
3.792496033e+02,-8.935402147e-03
3.794659424e+02,3.277334198e-02
3.796822510e+02,-7.038158830e-03
3.798986206e+02,-8.109183051e-03
3.801149597e+02,-9.088405408e-03
3.803313293e+02,-3.641482210e-03
3.805476990e+02,-3.060069168e-03
3.807640991e+02,-1.031243335e-02
3.809804993e+02,-7.374766748e-03
3.811968994e+02,-5.202117376e-03
3.814133301e+02,-2.754062298e-04
3.816297607e+02,-4.743107129e-03
3.818462219e+02,5.293919705e-03
3.820626831e+02,-4.100492690e-03
3.822791443e+02,1.380091161e-02
3.824956360e+02,-3.182471963e-03
3.827121277e+02,-2.111447742e-03
3.829286194e+02,-9.241408668e-03
3.831451416e+02,-1.346430462e-02
3.833616638e+02,-7.252363954e-03
3.835782166e+02,-5.416322500e-03
3.837947693e+02,-5.814131349e-03
3.840113220e+02,-1.269928738e-02
3.842279053e+02,-7.497169543e-03
3.844444885e+02,1.254628412e-03
3.846610718e+02,-7.497169543e-03
3.848776855e+02,-8.292787708e-03
3.850943298e+02,-7.466568612e-03
3.853109436e+02,-2.601058688e-03
3.855275879e+02,8.353988640e-03
3.857442627e+02,8.935402147e-03
3.859609070e+02,1.836041547e-02
3.861776123e+02,-3.213072661e-03
3.863942871e+02,3.060069284e-04
3.866109924e+02,-8.537593298e-03
3.868276978e+02,-2.662260085e-03
3.870444336e+02,3.304874757e-03
3.872611694e+02,-1.836041483e-04
3.874779358e+02,-1.530034584e-03
3.876947021e+02,7.527770009e-03
3.879114685e+02,1.046543662e-02
3.881282349e+02,-3.763885004e-03
3.883450317e+02,-3.274274059e-03
3.885618591e+02,7.956179790e-03
3.887786560e+02,-1.459653024e-02
3.889955139e+02,-7.252363954e-03
3.892123413e+02,-1.468833187e-03
3.894291992e+02,1.836041483e-04
3.896460571e+02,-1.236267947e-02
3.898629456e+02,1.438232488e-03
3.900798340e+02,-7.007558364e-03
3.902967224e+02,1.046543662e-02
3.905136414e+02,-7.803176530e-03
3.907305603e+02,6.946356967e-03
3.909475098e+02,5.355121102e-03
3.911644592e+02,-5.508124596e-04
3.913814087e+02,-5.905933678e-03
3.915983887e+02,4.314697348e-03
3.918153687e+02,1.866642153e-03
3.920323486e+02,-1.499433909e-02
3.922493591e+02,-4.039291292e-03
3.924663696e+02,-9.700419381e-03
3.926834106e+02,-6.120138278e-05
3.929004517e+02,1.401511673e-02
3.931174927e+02,-5.936534144e-03
3.933345642e+02,9.088405408e-03
3.935516357e+02,6.579148583e-03
3.937687073e+02,7.956179907e-04
3.939858093e+02,8.170384914e-03
3.942029114e+02,-5.202117609e-04
3.944200439e+02,-9.241408668e-03
3.946371765e+02,-1.530034584e-03
3.948543091e+02,7.650172804e-03
3.950714722e+02,-1.254628412e-03
3.952886353e+02,6.670950912e-03
3.955058289e+02,-3.060069168e-03
3.957230225e+02,4.957312252e-03
3.959402161e+02,-5.049114116e-03
3.961574402e+02,2.203249838e-03
3.963746643e+02,-2.876464976e-03
3.965918884e+02,9.180207271e-04
3.968091431e+02,-2.080847044e-03
3.970263977e+02,7.741975132e-03
3.972436829e+02,7.344165817e-03
3.974609375e+02,-3.610881511e-03
3.976782532e+02,-5.569325760e-03
3.978955383e+02,1.337250229e-02
3.981128845e+02,-3.335475456e-03
3.983302002e+02,-1.006762777e-02
3.985475464e+02,-4.008690827e-03
3.987648926e+02,-1.897242852e-03
3.989822693e+02,-4.100492690e-03
3.991996155e+02,4.039291292e-03
3.994170227e+02,-4.131093156e-03
3.996343994e+02,-1.367850881e-02
3.998518372e+02,-7.038158830e-03
4.000692444e+02,-2.111447742e-03
4.002866821e+02,-8.874200284e-04
4.005041199e+02,-5.140915979e-03
4.007215881e+02,-2.968267072e-03
4.009390564e+02,1.958444249e-03
4.011565247e+02,-1.744239475e-03
4.013740234e+02,-1.211787388e-02
4.015915222e+02,-7.833776996e-03
4.018090210e+02,-6.579148583e-03
4.020265503e+02,-3.855687100e-03
4.022440796e+02,-3.335475456e-03
4.024616394e+02,1.432112325e-02
4.026791992e+02,-5.324520171e-03
4.028967590e+02,-1.499433885e-03
4.031143494e+02,5.446922965e-03
4.033319397e+02,-3.978089895e-03
4.035495605e+02,-5.630527157e-03
4.037671814e+02,-7.313565351e-03
4.039848022e+02,-6.762752775e-03
4.042024231e+02,3.427277552e-03
4.044200745e+02,-4.100492690e-03
4.046377563e+02,8.353988640e-03
4.048554382e+02,5.844732281e-03
4.050731201e+02,6.579148583e-03
4.052908020e+02,1.444352604e-02
4.055085144e+02,-1.373971067e-02
4.057262268e+02,-4.039291292e-03
4.059439697e+02,3.274274059e-03
4.061617126e+02,-5.202117609e-04
4.063794556e+02,-1.462713070e-02
4.065972290e+02,-5.661128089e-03
4.068150024e+02,1.083264500e-02
4.070328064e+02,-5.263318773e-03
4.072506104e+02,1.300529391e-02
4.074684143e+02,-3.121270565e-03
4.076862488e+02,-8.966002613e-03
4.079040833e+02,4.620704334e-03
4.081219177e+02,-1.230147760e-02
4.083397827e+02,2.080847044e-03
4.085576477e+02,-1.092444733e-02
4.087755432e+02,1.511674188e-02
4.089934387e+02,1.040423522e-03
4.092113342e+02,-1.141405758e-02
4.094292603e+02,3.610881511e-03
4.096471863e+02,-9.119005874e-03
4.098651123e+02,-1.389271393e-02
4.100830688e+02,1.438232488e-03
4.103010254e+02,-7.068759762e-03
4.105189819e+02,-7.588971406e-03
4.107369690e+02,2.509256825e-03
4.109549866e+02,-3.855687100e-03
4.111729736e+02,-2.998867771e-03
4.113909912e+02,-1.927843550e-03
4.116090393e+02,-8.200985380e-03
4.118270874e+02,-1.003702730e-02
4.120451355e+02,9.180207417e-05
4.122631836e+02,-1.178126596e-02
4.124812622e+02,1.315829717e-02
4.126993713e+02,-9.088405408e-03
4.129174500e+02,-7.558370940e-03
4.131355591e+02,4.069891758e-03
4.133536987e+02,-4.161694087e-03
4.135718079e+02,-7.650172804e-03
4.137899780e+02,-2.907065675e-03
4.140081177e+02,9.333210997e-03
4.142262878e+02,3.029468469e-03
4.144444580e+02,-3.060069284e-04
4.146626587e+02,-3.549680114e-03
4.148808594e+02,-2.815263579e-03
4.150990906e+02,-3.763885004e-03
4.153172913e+02,-1.744239475e-03
4.155355225e+02,-4.100492690e-03
4.157537842e+02,9.884023108e-03
4.159720459e+02,3.182471963e-03
4.161903076e+02,-3.519079415e-03
4.164085999e+02,-6.334342994e-03
4.166268921e+02,-9.272009134e-03
4.168451843e+02,-1.713638776e-03
4.170635071e+02,9.975825436e-03
4.172818298e+02,-6.640349980e-03
4.175001831e+02,-1.377031091e-03
4.177185364e+02,-6.762752775e-03
4.179368896e+02,2.203249838e-03
4.181552734e+02,-3.519079415e-03
4.183736572e+02,-2.142048470e-04
4.185920410e+02,-3.702683607e-03
4.188104553e+02,1.836041454e-03
4.190288696e+02,-1.178126596e-02
4.192473145e+02,1.315829693e-03
4.194657288e+02,1.233207900e-02
4.196842041e+02,-1.502493955e-02
4.199026489e+02,1.744239475e-03
4.201211243e+02,-3.549680114e-03
4.203396301e+02,-8.109183051e-03
4.205581360e+02,-1.178126596e-02
4.207766418e+02,-6.854555104e-03
4.209951477e+02,-2.264451236e-03
4.212136841e+02,-6.426144973e-04
4.214322205e+02,-1.836041483e-04
4.216507874e+02,-2.815263579e-03
4.218693542e+02,5.875332747e-03
4.220879211e+02,1.254628412e-03
4.223065186e+02,1.092444733e-02
4.225251160e+02,1.071024220e-03
4.227437439e+02,4.253495950e-03
4.229623718e+02,2.662260085e-03
4.231809998e+02,-2.019645646e-03
4.233996277e+02,6.885155570e-03
4.236182861e+02,1.193427015e-02
4.238369751e+02,-7.160561625e-03
4.240556641e+02,-2.325652633e-03
4.242743530e+02,-9.639217518e-03
4.244930420e+02,-3.121270565e-03
4.247117615e+02,-2.417454729e-03
4.249304810e+02,-3.243673360e-03
4.251492310e+02,3.610881511e-03
4.253679810e+02,-1.300529391e-02
4.255867310e+02,6.426144973e-04
4.258055115e+02,1.927843550e-03
4.260242920e+02,-4.804308526e-03
4.262430725e+02,-9.731019847e-03
4.264618835e+02,-9.669818915e-03
4.266806946e+02,-6.120138569e-04
4.268995361e+02,-1.591235981e-03
4.271183777e+02,-4.008690827e-03
4.273372192e+02,-9.945224971e-03
4.275560913e+02,-5.202117376e-03
4.277749634e+02,-4.498301540e-03
4.279938354e+02,-7.497169543e-03
4.282127380e+02,-5.202117609e-04
4.284316406e+02,-1.530034584e-03
4.286505737e+02,3.672082908e-03
4.288695068e+02,-1.242388040e-02
4.290884399e+02,-5.049114116e-03
4.293074036e+02,-7.711374201e-03
4.295263672e+02,1.557575166e-02
4.297453308e+02,2.019645646e-03
4.299643250e+02,-1.373971067e-02
4.301833191e+02,9.149606340e-03
4.304023438e+02,5.110315513e-03
4.306213379e+02,-1.897242852e-03
4.308403931e+02,2.968267072e-03
4.310594177e+02,-3.182471963e-03
4.312784729e+02,-1.683038077e-03
4.314975586e+02,-8.966002613e-03
4.317166138e+02,7.650172920e-04
4.319357300e+02,-7.252363954e-03
4.321548157e+02,-2.998867771e-03
4.323739319e+02,-2.111447742e-03
4.325930481e+02,1.866642153e-03
4.328121948e+02,-6.120138278e-05
4.330313416e+02,-9.241408668e-03
4.332504883e+02,-1.049603708e-02
4.334696655e+02,-7.497169543e-03
4.336888428e+02,-3.366076155e-03
4.339080200e+02,-2.142048470e-04
4.341272278e+02,-1.006762777e-02
4.343464355e+02,1.377031091e-03
4.345656738e+02,-1.468833187e-03
4.347849121e+02,-1.530034584e-03
4.350041504e+02,-6.242541131e-03
4.352234192e+02,1.989044948e-03
4.354426880e+02,1.970684528e-02
4.356619568e+02,9.149606340e-03
4.358812561e+02,4.421800002e-02
4.361005554e+02,8.806879073e-02
4.363198853e+02,1.064292043e-01
4.365392151e+02,1.068270132e-01
4.367585449e+02,7.928638905e-02
4.369778748e+02,4.908350855e-02
4.371972351e+02,4.170874134e-02
4.374166260e+02,7.347226143e-02
4.376360168e+02,2.209370025e-02
4.378554077e+02,4.385079071e-02
4.380747986e+02,1.502493955e-02
4.382942200e+02,1.040423522e-03
4.385136414e+02,3.610881511e-03
4.387330933e+02,1.453532837e-02
4.389525452e+02,9.180207737e-03
4.391719971e+02,-4.620704334e-03
4.393914795e+02,2.264451236e-03
4.396109619e+02,-2.019645646e-03
4.398304443e+02,-9.914624505e-03
4.400499573e+02,-1.474953350e-02
4.402694702e+02,-9.027204476e-03
4.404890137e+02,-5.967135075e-03
4.407085571e+02,-8.629394695e-03
4.409281006e+02,-9.455613792e-03
4.411476746e+02,-9.731019847e-03
4.413672485e+02,6.946356967e-03
4.415868225e+02,-9.853422642e-03
4.418064270e+02,-3.366076155e-03
4.420260315e+02,1.787080429e-02
4.422456360e+02,-4.314697348e-03
4.424652710e+02,-2.692860784e-03
4.426849060e+02,-3.060069139e-05
4.429045715e+02,7.833776996e-03
4.431242371e+02,-1.276048832e-02
4.433439026e+02,-8.568193880e-04
4.435635986e+02,-7.894978859e-03
4.437832947e+02,1.499433885e-03
4.440029907e+02,-5.508124596e-04
4.442227173e+02,-7.956179790e-03
4.444424438e+02,-1.178126596e-02
4.446622009e+02,1.652437379e-03
4.448819580e+02,1.637136936e-02
4.451017151e+02,1.019003056e-02
4.453215027e+02,7.986780256e-03
4.455412903e+02,4.284096940e-04
4.457610779e+02,7.925579324e-03
4.459808960e+02,3.213072661e-03
4.462007141e+02,-7.252363954e-03
4.464205322e+02,-4.590103636e-04
4.466403809e+02,-1.530034584e-03
4.468602600e+02,2.142048441e-03
4.470801086e+02,-9.639217518e-03
4.472999878e+02,3.672082967e-04
4.475198669e+02,-1.285228995e-03
4.477397766e+02,-4.528902471e-03
4.479596863e+02,7.772575598e-03
4.481796265e+02,4.375898745e-03
4.483995361e+02,-2.968267072e-03
4.486194763e+02,-2.539857291e-03
4.488394470e+02,-2.723461483e-03
4.490594177e+02,-8.598794229e-03
4.492793884e+02,-1.224027656e-04
4.494993896e+02,-3.090669867e-03
4.497193909e+02,-4.406499676e-03
4.499393921e+02,-7.344165817e-03
4.501594238e+02,-8.323388174e-03
4.503794556e+02,-1.132225618e-03
4.505994873e+02,7.711374201e-03
4.508195496e+02,9.975825436e-03
4.510396118e+02,-1.652437379e-03
4.512597046e+02,-2.968267072e-03
4.514797974e+02,-4.590103868e-03
4.516998901e+02,-6.028336473e-03
4.519200134e+02,-1.591235981e-03
4.521401367e+02,-6.426145323e-03
4.523602600e+02,-5.416322500e-03
4.525804138e+02,-2.662260085e-03
4.528005676e+02,9.792221244e-04
4.530207520e+02,-2.203249838e-03
4.532409058e+02,5.967135075e-03
4.534611206e+02,-4.069891758e-03
4.536813049e+02,-9.608617052e-03
4.539015198e+02,-3.641482210e-03
4.541217346e+02,3.886287799e-03
4.543419800e+02,-2.019645646e-03
4.545622253e+02,-4.896110622e-04
4.547825012e+02,-4.957312252e-03
4.550027466e+02,-6.609749515e-03
4.552230225e+02,8.568193763e-03
4.554433289e+02,-5.416322500e-03
4.556636353e+02,-1.377031091e-03
4.558839417e+02,-2.417454729e-03
4.561042786e+02,1.291349158e-02
4.563246155e+02,-9.486214258e-04
4.565449524e+02,-2.325652633e-03
4.567653198e+02,3.672082967e-04
4.569856873e+02,-1.465773117e-02
4.572060547e+02,-1.080204453e-02
4.574264526e+02,-2.723461483e-03
4.576468506e+02,1.028183196e-02
4.578672791e+02,-4.896110622e-04
4.580877075e+02,-1.419872046e-02
4.583081360e+02,1.254628319e-02
4.585285645e+02,-7.221763022e-03
4.587490234e+02,-5.875332747e-03
4.589695129e+02,5.783530883e-03
4.591900024e+02,-6.670950912e-03
4.594104919e+02,-2.876464976e-03
4.596309814e+02,-1.022063103e-02
4.598515015e+02,1.499433909e-02
4.600720215e+02,-4.253495950e-03
4.602925720e+02,-1.560635306e-02
4.605130920e+02,-2.601058688e-03
4.607336731e+02,-6.609749515e-03
4.609542236e+02,1.132225618e-03
4.611748047e+02,-8.966002613e-03
4.613954163e+02,-3.243673360e-03
4.616159973e+02,-4.131093156e-03
4.618366394e+02,7.129961159e-03
4.620572510e+02,9.180207271e-04
4.622778931e+02,-2.019645646e-03
4.624985352e+02,-1.254628412e-03
4.627192078e+02,3.672082908e-03
4.629398499e+02,-8.812999353e-03
4.631605530e+02,-1.377031091e-03
4.633812256e+02,-6.120138569e-04
4.636019287e+02,-7.772575598e-03
4.638226624e+02,5.569325760e-03
4.640433655e+02,5.783530883e-03
4.642641296e+02,-3.672082908e-03
4.644848633e+02,-4.192294553e-03
4.647056274e+02,-2.142048441e-03
4.649263916e+02,-7.374766748e-03
4.651471863e+02,-3.304874757e-03
4.653679504e+02,-6.793353707e-03
4.655887756e+02,-7.772575598e-03
4.658095703e+02,-1.242388040e-02
4.660303955e+02,9.792221244e-04
4.662512512e+02,5.385721568e-03
4.664720764e+02,-9.639217518e-03
4.666929626e+02,-3.029468469e-03
4.669138184e+02,4.375898745e-03
4.671347046e+02,1.836041483e-04
4.673555908e+02,5.936534144e-03
4.675765076e+02,-2.142048470e-04
4.677973938e+02,1.490253676e-02
4.680183411e+02,2.723461483e-03
4.682392578e+02,1.043483615e-02
4.684602051e+02,-6.303742528e-03
4.686811829e+02,4.253495950e-03
4.689021301e+02,-1.266868599e-02
4.691231384e+02,-2.662260085e-03
4.693441162e+02,9.792221244e-04
4.695651245e+02,6.885155570e-03
4.697861328e+02,-6.395544391e-03
4.700071411e+02,-1.110805105e-02
4.702281799e+02,-1.367850881e-02
4.704492493e+02,5.508124363e-03
4.706702881e+02,-5.355121102e-03
4.708913574e+02,-9.945224971e-03
4.711124573e+02,-3.672082967e-04
4.713335266e+02,4.590103636e-04
4.715546265e+02,-9.486214258e-03
4.717757568e+02,4.559502937e-03
4.719968872e+02,9.884023108e-03
4.722180176e+02,-1.208727341e-02
4.724391479e+02,-4.834909458e-03
4.726603088e+02,1.836041454e-03
4.728814697e+02,7.986780256e-03
4.731026611e+02,1.701398380e-02
4.733238525e+02,-2.264451236e-03
4.735450439e+02,-6.426144973e-04
4.737662659e+02,-1.071024220e-02
4.739874878e+02,-7.497169543e-03
4.742087097e+02,-6.150738802e-03
4.744299622e+02,3.366075980e-04
4.746512146e+02,-5.783530883e-03
4.748724976e+02,1.499433885e-03
4.750937805e+02,-3.060069168e-03
4.753150635e+02,-8.843599819e-03
4.755363464e+02,-5.293919705e-03
4.757576599e+02,7.344165933e-04
4.759790039e+02,1.836041454e-03
4.762003174e+02,-5.691728555e-03
4.764216614e+02,-1.129165478e-02
4.766430359e+02,-1.251568273e-02
4.768643799e+02,-1.315829693e-03
4.770857544e+02,-8.568193880e-04
4.773071594e+02,-1.009822823e-03
4.775285645e+02,-8.721197024e-03
4.777499695e+02,-1.101624919e-03
4.779714050e+02,-5.202117609e-04
4.781928101e+02,-5.783530883e-03
4.784142761e+02,1.670797728e-02
4.786357117e+02,5.355121102e-03
4.788571777e+02,-3.366075980e-04
4.790786743e+02,1.756479777e-02
4.793001404e+02,-2.111447742e-03
4.795216370e+02,5.844732281e-03
4.797431641e+02,-8.935402147e-03
4.799646912e+02,-2.331772633e-02
4.801862183e+02,-6.670950912e-03
4.804077454e+02,1.836041483e-04
4.806293030e+02,2.934606373e-02
4.808508606e+02,-7.435968146e-03
4.810724487e+02,5.140915979e-03
4.812940369e+02,-2.754062181e-03
4.815156250e+02,-1.958444249e-03
4.817372437e+02,-9.792221244e-04
4.819588623e+02,-7.466568612e-03
4.821804810e+02,-4.406499676e-03
4.824021301e+02,-2.019645646e-03
4.826237793e+02,-7.894978859e-03
4.828454590e+02,1.606536284e-02
4.830671082e+02,3.886287799e-03
4.832888184e+02,6.334342994e-03
4.835104980e+02,4.039291292e-03
4.837322083e+02,1.982924901e-02
4.839539185e+02,1.245448180e-02
4.841756592e+02,8.506991901e-03
4.843973999e+02,1.450472791e-02
4.846191406e+02,2.368493564e-02
4.848409119e+02,6.303742528e-03
4.850626831e+02,1.643257216e-02
4.852844543e+02,6.823954172e-03
4.855062561e+02,8.139783517e-03
4.857280579e+02,2.059426531e-02
4.859498901e+02,3.203892335e-02
4.861717224e+02,1.759539731e-02
4.863935547e+02,1.459653024e-02
4.866154175e+02,3.390556574e-02
4.868372498e+02,2.512316778e-02
4.870591431e+02,2.444995195e-02
4.872810059e+02,1.906423084e-02
4.875028992e+02,2.775482647e-02
4.877248230e+02,2.720401436e-02
4.879467163e+02,1.952324063e-02
4.881686707e+02,3.047828935e-02
4.883905945e+02,2.010465413e-02
4.886125488e+02,2.429694869e-02
4.888345032e+02,1.845221780e-02
4.890564575e+02,2.194069512e-02
4.892784424e+02,3.280394152e-02
4.895004578e+02,2.310352214e-02
4.897224426e+02,2.050246298e-02
4.899444580e+02,2.034945972e-02
4.901664734e+02,3.115150332e-02
4.903885193e+02,3.252853453e-02
4.906105652e+02,2.466415800e-02
4.908326111e+02,1.352550555e-02
4.910546875e+02,2.200189792e-02
4.912767639e+02,2.350133099e-02
4.914988708e+02,3.093729913e-02
4.917209778e+02,1.539214794e-02
4.919430847e+02,2.310352214e-02
4.921651917e+02,1.995165087e-02
4.923873291e+02,2.423574775e-02
4.926094666e+02,2.059426531e-02
4.928316345e+02,2.356253192e-02
4.930538025e+02,1.355610602e-02
4.932759705e+02,2.870344929e-02
4.934981689e+02,1.713638753e-02
4.937203674e+02,1.224027667e-02
4.939425659e+02,1.891122758e-02
4.941647949e+02,1.888062619e-02
4.943870239e+02,2.291991748e-02
4.946092834e+02,2.230790444e-02
4.948315125e+02,1.624896750e-02
4.950538025e+02,1.089384593e-02
4.952760620e+02,1.649377309e-02
4.954983521e+02,1.658557542e-02
4.957206421e+02,2.059426531e-02
4.959429626e+02,1.410691906e-02
4.961652832e+02,1.731999218e-02
4.963876038e+02,9.884023108e-03
4.966099548e+02,1.560635306e-02
4.968323059e+02,-9.486214258e-04
4.970546570e+02,2.200189792e-02
4.972770386e+02,2.160408907e-02
4.974994202e+02,1.808500849e-02
4.977218018e+02,1.401511673e-02
4.979442139e+02,2.102267556e-02
4.981666260e+02,3.427277552e-03
4.983890686e+02,1.178126596e-02
4.986115112e+02,2.264451236e-02
4.988339539e+02,1.321949903e-02
4.990564270e+02,5.202117376e-03
4.992788696e+02,1.998225227e-02
4.995013733e+02,9.302610531e-03
4.997238464e+02,8.292787708e-03
4.999463501e+02,0.000000000e+00
5.001688843e+02,5.691728555e-03
5.003914185e+02,1.254628319e-02
5.006139526e+02,9.180207271e-04
5.008364868e+02,8.506991901e-03
5.010590515e+02,1.774840057e-03
5.012816162e+02,-1.312769670e-02
5.015041809e+02,-5.569325760e-03
5.017267761e+02,-1.499433885e-03
5.019493713e+02,8.537593298e-03
5.021719971e+02,5.814131582e-04
5.023946228e+02,-4.467701074e-03
5.026172485e+02,-1.205667295e-02
5.028399048e+02,1.193427015e-03
5.030625610e+02,-3.794485703e-03
5.032852173e+02,-4.069891758e-03
5.035079041e+02,2.386854030e-03
5.037305908e+02,-8.139783517e-03
5.039532776e+02,-5.049114116e-03
5.041759949e+02,-6.426144973e-04
5.043987122e+02,-1.089384593e-02
5.046214600e+02,-6.885155570e-03
5.048441772e+02,-5.508124363e-03
5.050669556e+02,-3.029468469e-03
5.052897034e+02,-2.998867771e-03
5.055124817e+02,5.171516910e-03
5.057352600e+02,-6.670950912e-03
5.059580688e+02,-8.017381653e-03
5.061808777e+02,-6.120138278e-05
5.064036865e+02,-7.527770009e-03
5.066265259e+02,3.855687100e-03
5.068493652e+02,-1.646317169e-02
5.070722046e+02,-4.651305266e-03
5.072950745e+02,-5.814131582e-04
5.075179443e+02,-6.120138336e-03
5.077408142e+02,-7.956179790e-03
5.079637146e+02,2.968267072e-03
5.081866150e+02,-5.324520171e-03
5.084095459e+02,3.427277552e-03
5.086324768e+02,-2.754062181e-03
5.088554077e+02,5.508124596e-04
5.090783386e+02,-7.803176530e-03
5.093013000e+02,-1.774840057e-03
5.095242920e+02,-8.568193880e-04
5.097472534e+02,-9.700419381e-03
5.099702454e+02,4.008690827e-03
5.101932373e+02,-1.220967621e-02
5.104162598e+02,-8.262186311e-03
5.106392822e+02,-1.441292558e-02
5.108623352e+02,-2.601058688e-03
5.110853577e+02,-5.171516910e-03
5.113084106e+02,-1.043483615e-02
5.115314941e+02,-7.497169543e-03
5.117545776e+02,-1.836041454e-03
5.119776611e+02,-4.314697348e-03
5.122007446e+02,-8.292787708e-03
5.124238892e+02,-6.640349980e-03
5.126469727e+02,-8.568193880e-04
5.128701172e+02,1.836041483e-04
5.130932617e+02,1.530034584e-03
5.133164062e+02,-5.967135075e-03
5.135395508e+02,-3.794485703e-03
5.137627563e+02,-3.243673360e-03
5.139859619e+02,1.578995772e-02
5.142091064e+02,-9.822822176e-03
5.144323120e+02,5.110315513e-03
5.146555786e+02,-1.695278287e-02
5.148787842e+02,-3.763885004e-03
5.151019897e+02,1.946203969e-02
5.153252563e+02,1.927843550e-03
5.155485229e+02,1.040423522e-03
5.157717896e+02,-5.630527157e-03
5.159950562e+02,-1.989044948e-03
5.162183838e+02,-3.090669867e-03
5.164416504e+02,9.180207271e-04
5.166649780e+02,6.823954172e-03
5.168883057e+02,-4.437100142e-03
5.171116333e+02,-8.721197024e-03
5.173350220e+02,-4.314697348e-03
5.175583496e+02,-8.812999353e-03
5.177817383e+02,-7.497169543e-03
5.180051270e+02,2.723461483e-03
5.182285156e+02,-5.293919705e-03
5.184519043e+02,-7.894978859e-03
5.186752930e+02,3.366075980e-04
5.188987427e+02,-9.639217518e-03
5.191221313e+02,-9.027204476e-03
5.193455811e+02,-1.591235981e-03
5.195690308e+02,-1.205667295e-02
5.197925415e+02,1.193427015e-02
5.200159912e+02,-2.631659387e-03
5.202395020e+02,3.488478949e-03
5.204629517e+02,-3.427277552e-03
5.206864624e+02,-8.200985380e-03
5.209099731e+02,-3.060069284e-04
5.211335449e+02,-1.560635283e-03
5.213570557e+02,-4.590103868e-03
5.215806274e+02,-4.712506663e-03
5.218041992e+02,-9.088405408e-03
5.220277710e+02,-2.019645646e-03
5.222513428e+02,-8.445790969e-03
5.224749146e+02,3.274274059e-03
5.226985474e+02,-2.019645646e-03
5.229221191e+02,-3.672082908e-03
5.231457520e+02,-9.088405408e-03
5.233693848e+02,-1.178126596e-02
5.235930176e+02,1.560635283e-03
5.238167114e+02,4.131093156e-03
5.240403442e+02,-1.315829693e-03
5.242640381e+02,-1.392331440e-02
5.244877319e+02,-2.019645646e-03
5.247114258e+02,-5.783530883e-03
5.249351196e+02,1.067964174e-02
5.251588745e+02,-4.314697348e-03
5.253826294e+02,2.539857291e-03
5.256063232e+02,-1.153646037e-02
5.258300781e+02,-5.079714581e-03
5.260538330e+02,-2.815263579e-03
5.262776489e+02,-6.548548117e-03
5.265014038e+02,-5.202117609e-04
5.267252197e+02,6.976957899e-03
5.269490356e+02,-9.792221710e-03
5.271728516e+02,-5.538725294e-03
5.273966675e+02,-7.650172920e-04
5.276204834e+02,5.324520171e-03
5.278443604e+02,-9.945224971e-03
5.280682373e+02,-6.548548117e-03
5.282921143e+02,-1.499433885e-03
5.285159912e+02,-4.314697348e-03
5.287398682e+02,4.681905732e-03
5.289637451e+02,-7.038158947e-04
5.291876831e+02,-1.058783941e-02
5.294116211e+02,5.538725294e-03
5.296355591e+02,-8.476391435e-03
5.298594971e+02,-8.139783517e-03
5.300834351e+02,-2.754062181e-03
5.303074341e+02,-1.343370322e-02
5.305313721e+02,-1.052663755e-02
5.307553711e+02,3.243673360e-03
5.309793701e+02,1.071024220e-03
5.312033691e+02,3.029468469e-03
5.314274292e+02,-9.027204476e-03
5.316514282e+02,-1.067964174e-02
5.318754883e+02,3.151871264e-03
5.320995483e+02,-5.814131349e-03
5.323236084e+02,-1.019003056e-02
5.325476685e+02,3.610881511e-03
5.327717285e+02,-2.692860784e-03
5.329958496e+02,-8.415190503e-03
5.332199707e+02,-2.570457989e-03
5.334440308e+02,-2.692860784e-03
5.336682129e+02,-4.712506663e-03
5.338923340e+02,-6.640349980e-03
5.341164551e+02,-1.530034584e-03
5.343406372e+02,-1.251568273e-02
5.345648193e+02,-1.061843988e-02
5.347890015e+02,3.090669867e-03
5.350131836e+02,-2.295051934e-03
5.352373657e+02,3.182471963e-03
5.354616089e+02,-1.034303382e-02
5.356857910e+02,4.896110622e-04
5.359100342e+02,-1.135285664e-02
5.361342773e+02,-2.448055428e-03
5.363585205e+02,7.191162556e-03
5.365828247e+02,1.162826316e-03
5.368070679e+02,-1.245448180e-02
5.370313721e+02,3.916888498e-03
5.372556763e+02,-1.104685012e-02
5.374799805e+02,-9.853422642e-03
5.377042847e+02,9.302610531e-03
5.379285889e+02,7.956179907e-04
5.381529541e+02,4.957312252e-03
5.383773193e+02,-1.805440756e-03
5.386016846e+02,1.658557542e-02
5.388260498e+02,1.220967621e-02
5.390504150e+02,3.702683747e-02
5.392747803e+02,1.456592884e-02
5.394992065e+02,1.765659824e-02
5.397236328e+02,1.560635306e-02
5.399480591e+02,3.705743700e-02
5.401724854e+02,1.591235958e-02
5.403969116e+02,1.741179265e-02
5.406213989e+02,3.105970286e-02
5.408458252e+02,3.255913407e-02
5.410703125e+02,3.298754618e-02
5.412947998e+02,3.806725889e-02
5.415192871e+02,4.235135764e-02
5.417438354e+02,6.166039407e-02
5.419683228e+02,6.089537591e-02
5.421928711e+02,9.599436820e-02
5.424174194e+02,1.021451056e-01
5.426419678e+02,1.194344983e-01
5.428665161e+02,1.370911002e-01
5.430910645e+02,1.453838795e-01
5.433156738e+02,1.690382212e-01
5.435402832e+02,1.622448713e-01
5.437648315e+02,1.687322110e-01
5.439895020e+02,1.792894453e-01
5.442141113e+02,1.809112877e-01
5.444387207e+02,1.896018833e-01
5.446633911e+02,1.805134863e-01
5.448880615e+02,1.696808338e-01
5.451127319e+02,1.687322110e-01
5.453374023e+02,1.732917130e-01
5.455620728e+02,1.685792059e-01
5.457867432e+02,1.622448713e-01
5.460114746e+02,1.594296098e-01
5.462362061e+02,1.758621782e-01
5.464609375e+02,1.832369417e-01
5.466856689e+02,1.754643619e-01
5.469104004e+02,1.548395008e-01
5.471351929e+02,1.373665035e-01
5.473599243e+02,1.291961223e-01
5.475847168e+02,1.148137972e-01
5.478095093e+02,1.001866609e-01
5.480343018e+02,9.060864896e-02
5.482591553e+02,8.427430689e-02
5.484839478e+02,6.306802481e-02
5.487088013e+02,5.746809766e-02
5.489336548e+02,5.670308322e-02
5.491585083e+02,4.008690640e-02
5.493833618e+02,3.975029662e-02
5.496082764e+02,7.307445258e-02
5.498331299e+02,5.954894423e-02
5.500580444e+02,5.076654628e-02
5.502829590e+02,5.691728741e-02
5.505078735e+02,4.761467502e-02
5.507327881e+02,4.648245126e-02
5.509577637e+02,4.106612876e-02
5.511826782e+02,3.476238623e-02
5.514076538e+02,3.669022769e-02
5.516326294e+02,3.867927566e-02
5.518576050e+02,4.225955531e-02
5.520825806e+02,2.500076592e-02
5.523076172e+02,5.147036165e-02
5.525325928e+02,4.176994413e-02
5.527576294e+02,4.400379583e-02
5.529826660e+02,3.050888889e-02
5.532077026e+02,3.298754618e-02
5.534328003e+02,3.583341092e-02
5.536578369e+02,5.162336677e-02
5.538829346e+02,3.809786215e-02
5.541080322e+02,3.779185563e-02
5.543331299e+02,2.148168534e-02
5.545582275e+02,2.735701762e-02
5.547833252e+02,1.784020290e-02
5.550084839e+02,1.979864761e-02
5.552335815e+02,1.683038101e-02
5.554587402e+02,8.751797490e-03
5.556838989e+02,1.401511673e-02
5.559091187e+02,7.711374201e-03
5.561342773e+02,1.276048832e-02
5.563594971e+02,6.364943925e-03
5.565846558e+02,-4.896110855e-03
5.568098755e+02,-1.836041483e-04
5.570350952e+02,-3.029468469e-03
5.572603760e+02,4.008690827e-03
5.574855957e+02,5.508124363e-03
5.577108765e+02,-4.345298279e-03
5.579360962e+02,1.927843550e-03
5.581613770e+02,-9.088405408e-03
5.583866577e+02,1.101624919e-03
5.586119995e+02,-2.754062181e-03
5.588372803e+02,-3.366076155e-03
5.590626221e+02,-8.690596558e-03
5.592879028e+02,-6.181339733e-03
5.595132446e+02,-2.111447742e-03
5.597386475e+02,8.874200284e-04
5.599639893e+02,-2.815263579e-03
5.601893311e+02,-6.548548117e-03
5.604147339e+02,3.610881511e-03
5.606401367e+02,5.905933678e-03
5.608655396e+02,-5.691728555e-03
5.610909424e+02,-7.956179790e-03
5.613163452e+02,1.888062619e-02
5.615418091e+02,7.435968146e-03
5.617672119e+02,-3.335475456e-03
5.619926758e+02,-1.725878939e-02
5.622181396e+02,-3.580280812e-03
5.624436646e+02,1.058783941e-02
5.626691284e+02,-1.591235981e-03
5.628945923e+02,-5.569325760e-03
5.631201172e+02,-5.783530883e-03
5.633456421e+02,4.375898745e-03
5.635711670e+02,-3.947489429e-03
5.637966919e+02,4.345298279e-03
5.640222778e+02,-2.356253332e-03
5.642478027e+02,-8.568193880e-04
5.644733887e+02,9.914624505e-03
5.646989746e+02,-9.302610531e-03
5.649245605e+02,5.140915979e-03
5.651501465e+02,-6.548548117e-03
5.653757935e+02,-9.700419381e-03
5.656013794e+02,-3.488478949e-03
5.658270264e+02,4.743107129e-03
5.660526733e+02,6.762752775e-03
5.662783203e+02,-4.865509924e-03
5.665039673e+02,6.211940199e-03
5.667296753e+02,-2.601058688e-03
5.669553223e+02,-6.242541131e-03
5.671810303e+02,8.537593298e-03
5.674067383e+02,-5.171516910e-03
5.676324463e+02,-8.568193763e-03
5.678581543e+02,-1.025123149e-02
5.680839233e+02,5.018513650e-03
5.683096313e+02,2.111447742e-03
5.685354004e+02,2.448055311e-04
5.687611694e+02,6.701551378e-03
5.689869385e+02,7.252363954e-03
5.692127686e+02,-1.315829717e-02
5.694385376e+02,-6.334342994e-03
5.696643677e+02,-3.060069139e-05
5.698901978e+02,-7.925579324e-03
5.701160278e+02,-2.080847044e-03
5.703418579e+02,4.467701074e-03
5.705676880e+02,6.089537404e-03
5.707935791e+02,8.476391435e-03
5.710194092e+02,-8.262186893e-04
5.712453003e+02,-8.139783517e-03
5.714711914e+02,2.478656126e-03
5.716970825e+02,1.897242852e-03
5.719230347e+02,9.669818915e-03
5.721489258e+02,-1.064904034e-02
5.723748779e+02,-4.222895484e-03
5.726008301e+02,-4.620704334e-03
5.728267822e+02,-4.222895484e-03
5.730527344e+02,1.468833187e-03
5.732786865e+02,-5.783530883e-03
5.735046997e+02,9.516814724e-03
5.737307129e+02,-2.080847044e-03
5.739566650e+02,-6.793353707e-03
5.741826782e+02,-3.825086402e-03
5.744087524e+02,-2.539857291e-03
5.746347656e+02,-4.284096940e-04
5.748608398e+02,-1.526974514e-02
5.750868530e+02,1.224027714e-03
5.753129272e+02,-1.190366875e-02
5.755390015e+02,4.834909458e-03
5.757651367e+02,2.295051934e-03
5.759912109e+02,-8.568193880e-04
5.762173462e+02,-1.003702730e-02
5.764434204e+02,-4.590103636e-04
5.766695557e+02,5.355121102e-03
5.768956909e+02,7.527770009e-03
5.771218872e+02,9.119005874e-03
5.773480225e+02,9.731019847e-03
5.775742188e+02,1.239327993e-02
5.778003540e+02,1.520854328e-02
5.780265503e+02,7.772575598e-03
5.782527466e+02,1.802380756e-02
5.784790039e+02,1.536154747e-02
5.787052002e+02,1.572875492e-02
5.789314575e+02,3.916888498e-03
5.791577148e+02,1.661617495e-02
5.793839111e+02,1.637136936e-02
5.796102295e+02,2.475596033e-02
5.798364868e+02,2.959086932e-02
5.800627441e+02,2.539857477e-02
5.802890625e+02,1.735059172e-02
5.805153809e+02,2.420514636e-02
5.807416992e+02,3.213072568e-02
5.809680176e+02,3.708803654e-02
5.811943359e+02,1.664677635e-02
5.814207153e+02,2.894825488e-02
5.816470337e+02,3.390556574e-02
5.818734131e+02,3.029468469e-02
5.820997925e+02,2.359313332e-02
5.823261719e+02,2.680620551e-02
5.825526123e+02,2.389913984e-02
5.827789917e+02,2.334832773e-02
5.830054321e+02,3.310994804e-02
5.832318726e+02,4.023990780e-02
5.834583130e+02,3.436457738e-02
5.836847534e+02,3.323234990e-02
5.839111938e+02,4.042351246e-02
5.841376953e+02,4.954252020e-02
5.843641357e+02,3.332415223e-02
5.845906372e+02,5.801891163e-02
5.848171387e+02,4.501361772e-02
5.850436401e+02,4.400379583e-02
5.852702026e+02,3.124330565e-02
5.854967041e+02,3.580280766e-02
5.857232666e+02,3.721044213e-02
5.859498291e+02,4.118853062e-02
5.861763916e+02,2.821383812e-02
5.864029541e+02,3.947489336e-02
5.866295166e+02,3.717983887e-02
5.868561401e+02,3.105970286e-02
5.870827026e+02,2.888705209e-02
5.873093262e+02,4.608464241e-02
5.875359497e+02,3.653722629e-02
5.877625732e+02,5.541785061e-02
5.879892578e+02,5.964074656e-02
5.882158813e+02,5.052174255e-02
5.884425659e+02,5.113375559e-02
5.886692505e+02,5.272499099e-02
5.888959351e+02,5.890633166e-02
5.891226196e+02,4.085192457e-02
5.893493652e+02,5.489763990e-02
5.895760498e+02,4.660485312e-02
5.898027954e+02,4.807368666e-02
5.900295410e+02,3.249793500e-02
5.902562866e+02,3.154931217e-02
5.904830322e+02,3.164111450e-02
5.907097778e+02,3.509899229e-02
5.909365845e+02,2.405214310e-02
5.911633911e+02,3.494599089e-02
5.913901978e+02,2.793843113e-02
5.916170044e+02,2.163468860e-02
5.918438110e+02,2.931546234e-02
5.920706177e+02,2.408274449e-02
5.922974854e+02,3.102910146e-02
5.925242920e+02,2.111447789e-02
5.927511597e+02,2.922366001e-02
5.929780273e+02,3.592521325e-02
5.932049561e+02,3.617001697e-02
5.934318237e+02,3.675143048e-02
5.936587524e+02,3.779185563e-02
5.938856201e+02,3.641482443e-02
5.941125488e+02,4.063771665e-02
5.943394775e+02,3.568040580e-02
5.945664673e+02,3.919948637e-02
5.947933960e+02,3.592521325e-02
5.950203857e+02,3.289574385e-02
5.952473145e+02,2.799963206e-02
5.954743042e+02,2.209370025e-02
5.957012939e+02,1.080204453e-02
5.959283447e+02,9.180207737e-03
5.961553345e+02,1.049603708e-02
5.963823853e+02,1.214847434e-02
5.966093750e+02,5.171516910e-03
5.968364258e+02,2.172649093e-02
5.970634766e+02,1.233207900e-02
5.972905884e+02,9.241408668e-03
5.975176392e+02,1.621836610e-02
5.977447510e+02,1.989044948e-03
5.979718018e+02,1.401511673e-02
5.981989136e+02,1.135285664e-02
5.984260254e+02,1.511674188e-02
5.986531982e+02,8.506991901e-03
5.988803101e+02,9.057804942e-03
5.991074829e+02,1.392331440e-02
5.993345947e+02,1.459653024e-02
5.995617676e+02,1.205667295e-02
5.997889404e+02,2.108387649e-02
6.000161743e+02,2.083907090e-02
6.002433472e+02,1.560635306e-02
6.004705811e+02,3.837326542e-02
6.006977539e+02,1.686098054e-02
6.009249878e+02,2.931546234e-02
6.011522217e+02,1.787080429e-02
6.013795166e+02,1.236267947e-02
6.016067505e+02,2.466415800e-02
6.018340454e+02,1.652437262e-02
6.020612793e+02,2.007405460e-02
6.022885742e+02,1.282169018e-02
6.025158691e+02,4.987912718e-03
6.027432251e+02,1.129165478e-02
6.029705200e+02,1.355610602e-02
6.031978760e+02,-3.457878251e-03
6.034251709e+02,1.202607155e-02
6.036525269e+02,9.394411929e-03
6.038798828e+02,3.978089953e-04
6.041072998e+02,-1.315829693e-03
6.043346558e+02,8.812999353e-03
6.045620728e+02,-1.468833187e-03
6.047894287e+02,-2.264451236e-03
6.050168457e+02,6.854555104e-03
6.052442627e+02,4.131093156e-03
6.054717407e+02,6.946356967e-03
6.056991577e+02,9.088405408e-03
6.059266357e+02,8.537593298e-03
6.061540527e+02,-3.886287799e-03
6.063815308e+02,1.468833187e-03
6.066090698e+02,7.558370940e-03
6.068365479e+02,-3.947489429e-03
6.070640259e+02,7.558370940e-03
6.072915649e+02,-9.547416121e-03
6.075191040e+02,1.481073443e-02
6.077465820e+02,-9.180207271e-04
6.079741821e+02,1.836041547e-02
6.082017212e+02,1.621836610e-02
6.084292603e+02,1.796260662e-02
6.086568604e+02,2.013525553e-02
6.088844604e+02,1.370911021e-02
6.091119995e+02,1.282169018e-02
6.093396606e+02,2.628599480e-02
6.095672607e+02,3.268153965e-02
6.097948608e+02,2.432755008e-02
6.100225220e+02,3.638422117e-02
6.102501831e+02,5.630527064e-02
6.104777832e+02,5.192937329e-02
6.107055054e+02,6.505706906e-02
6.109331665e+02,8.953762054e-02
6.111608276e+02,1.216989532e-01
6.113885498e+02,1.743933409e-01
6.116162720e+02,2.543835342e-01
6.118439331e+02,2.854432464e-01
6.120716553e+02,3.136264980e-01
6.122994385e+02,3.041096628e-01
6.125271606e+02,2.889011204e-01
6.127549438e+02,2.814345658e-01
6.129826660e+02,2.743045986e-01
6.132104492e+02,2.709079087e-01
6.134382324e+02,2.488142252e-01
6.136660767e+02,2.227118313e-01
6.138938599e+02,1.896630824e-01
6.141217041e+02,1.606230289e-01
6.143494873e+02,1.540438831e-01
6.145773315e+02,1.292573214e-01
6.148051758e+02,1.184246764e-01
6.150330811e+02,1.070412174e-01
6.152609253e+02,1.108663082e-01
6.154887695e+02,1.078980416e-01
6.157166748e+02,8.326448500e-02
6.159445801e+02,1.022063121e-01
6.161724854e+02,8.445791155e-02
6.164003906e+02,8.559013158e-02
6.166283569e+02,7.552250475e-02
6.168562622e+02,6.270081550e-02
6.170842285e+02,6.092597544e-02
6.173121948e+02,5.413262174e-02
6.175401611e+02,4.987912625e-02
6.177681274e+02,5.119495839e-02
6.179961548e+02,5.220478028e-02
6.182241211e+02,3.577220812e-02
6.184521484e+02,4.400379583e-02
6.186801758e+02,2.295051888e-02
6.189082031e+02,3.528259695e-02
6.191362305e+02,2.230790444e-02
6.193642578e+02,2.004345320e-02
6.195923462e+02,3.589460999e-02
6.198203735e+02,3.451757878e-02
6.200484619e+02,3.179411963e-02
6.202765503e+02,3.546620160e-02
6.205046997e+02,4.528902471e-02
6.207327881e+02,3.809786215e-02
6.209608765e+02,3.415037319e-02
6.211890259e+02,3.901588172e-02
6.214171753e+02,3.182471916e-02
6.216453247e+02,4.063771665e-02
6.218734741e+02,3.975029662e-02
6.221016846e+02,3.849567100e-02
6.223298340e+02,4.170874134e-02
6.225580444e+02,3.828146681e-02
6.227862549e+02,5.232718214e-02
6.230144653e+02,3.583341092e-02
6.232426758e+02,3.702683747e-02
6.234708862e+02,2.166529000e-02
6.236991577e+02,3.629241884e-02
6.239273682e+02,2.977447212e-02
6.241556396e+02,2.215490118e-02
6.243839111e+02,3.255913407e-02
6.246121826e+02,3.831206635e-02
6.248404541e+02,2.864224650e-02
6.250687866e+02,3.044768795e-02
6.252971191e+02,3.815906122e-02
6.255253906e+02,3.421157226e-02
6.257537231e+02,3.436457738e-02
6.259821167e+02,2.457235567e-02
6.262104492e+02,2.396034077e-02
6.264387817e+02,3.363015875e-02
6.266671753e+02,2.980507351e-02
6.268955688e+02,2.879525162e-02
6.271239624e+02,2.255271003e-02
6.273523560e+02,2.276691422e-02
6.275807495e+02,2.567397989e-02
6.278092041e+02,3.135627508e-02
6.280375977e+02,1.589299180e-02
6.282660522e+02,1.459538564e-02
6.284945068e+02,3.216278926e-02
6.287229614e+02,1.440993696e-02
6.289514160e+02,2.938897349e-02
6.291799316e+02,2.625066787e-02
6.294083862e+02,2.857490629e-02
6.296369019e+02,2.607500739e-02
6.298654175e+02,2.411689796e-02
6.300939331e+02,1.174090616e-02
6.303224487e+02,1.807481982e-02
6.305510254e+02,4.162014648e-02
6.307795410e+02,2.644541115e-02
6.310081177e+02,4.244301841e-02
6.312366943e+02,3.635350987e-02
6.314652710e+02,5.347288400e-02
6.316938477e+02,3.939363360e-02
6.319224854e+02,4.880011454e-02
6.321510620e+02,4.314576834e-02
6.323796997e+02,4.054178670e-02
6.326083374e+02,5.679913983e-02
6.328369751e+02,3.740947694e-02
6.330656128e+02,2.984574623e-02
6.332943115e+02,3.710151836e-02
6.335229492e+02,2.153326012e-02
6.337516479e+02,3.086671047e-02
6.339803467e+02,2.394350246e-02
6.342090454e+02,1.546941511e-02
6.344377441e+02,1.076044515e-02
6.346664429e+02,4.208807833e-03
6.348952026e+02,5.260059144e-03
6.351239624e+02,2.129877219e-03
6.353526611e+02,-5.577138159e-03
6.355814819e+02,1.932026260e-02
6.358102417e+02,2.202139469e-03
6.360390015e+02,-4.237997346e-03
6.362678223e+02,-5.017907824e-03
6.364965820e+02,-1.732502831e-03
6.367254028e+02,-2.128668362e-03
6.369542236e+02,-2.149257809e-03
6.371830444e+02,-1.214447245e-02
6.374119263e+02,4.183299607e-04
6.376407471e+02,-6.369465496e-03
6.378696289e+02,-1.103509916e-03
6.380984497e+02,-3.757593920e-03
6.383273315e+02,-4.793448839e-03
6.385562744e+02,3.658280009e-03
6.387851562e+02,4.151085857e-03
6.390140381e+02,-1.657328336e-03
6.392429810e+02,4.762036842e-04
6.394719238e+02,7.298274431e-04
6.397008667e+02,-7.824302651e-03
6.399298096e+02,-4.135023919e-04
6.401587524e+02,-3.554052906e-03
6.403877563e+02,-1.675802167e-03
6.406166992e+02,-7.602430880e-03
6.408457031e+02,-4.003283102e-03
6.410747070e+02,-1.422371063e-02
6.413037109e+02,-8.481335826e-03
6.415327148e+02,5.988472840e-04
6.417617798e+02,-1.132299751e-02
6.419907837e+02,-6.181333680e-03
6.422198486e+02,-3.557044547e-03
6.424489136e+02,-8.205467602e-04
6.426779785e+02,-5.753653124e-03
6.429070435e+02,1.996208727e-02
6.431361694e+02,-1.186411735e-02
6.433652344e+02,-6.742878817e-03
6.435943604e+02,2.727543004e-03
6.438234863e+02,-3.177494742e-03
6.440526123e+02,1.137574483e-02
6.442817383e+02,-1.443020767e-03
6.445108643e+02,-1.998396823e-03
6.447400513e+02,-1.009596046e-02
6.449692383e+02,-1.294609276e-03
6.451983643e+02,-2.014927100e-03
6.454275513e+02,-1.042114105e-02
6.456567993e+02,-1.502749859e-03
6.458859863e+02,2.442449622e-04
6.461151733e+02,1.449423260e-03
6.463444214e+02,8.790997788e-03
6.465736694e+02,-1.249004621e-02
6.468029175e+02,-1.155692060e-02
6.470321655e+02,-1.525971456e-03
6.472614136e+02,-1.271560788e-02
6.474907227e+02,-5.862190854e-03
6.477200317e+02,-4.610613105e-04
6.479492798e+02,1.653456595e-03
6.481785889e+02,4.128878005e-03
6.484078979e+02,-2.034286037e-03
6.486372681e+02,-3.072726540e-04
6.488665771e+02,-4.371954128e-03
6.490959473e+02,1.201877277e-02
6.493253174e+02,-1.342202537e-03
6.495546265e+02,-1.065235585e-03
6.497840576e+02,-1.625838573e-03
6.500134277e+02,6.303641479e-03
6.502427979e+02,6.733340677e-03
6.504722290e+02,1.185768400e-03
6.507016602e+02,1.827942394e-02
6.509310303e+02,6.979974452e-03
6.511605225e+02,1.035287324e-02
6.513899536e+02,1.933324710e-02
6.516193848e+02,2.025996707e-02
6.518488770e+02,2.318459004e-02
6.520783081e+02,2.136068977e-02
6.523078003e+02,3.076174483e-02
6.525372925e+02,2.143117599e-04
6.527667847e+02,-8.473715861e-04
6.529963379e+02,6.403228734e-03
6.532258301e+02,1.275732834e-02
6.534553833e+02,1.576505601e-02
6.536849365e+02,5.891155452e-03
6.539144897e+02,8.319172077e-03
6.541440430e+02,4.716334399e-03
6.543735962e+02,-2.471607644e-03
6.546032104e+02,1.099349745e-02
6.548327637e+02,1.096482389e-02
6.550623779e+02,3.590575419e-03
6.552919922e+02,-4.701872822e-03
6.555216064e+02,5.104101729e-03
6.557512817e+02,-1.688003889e-03
6.559808960e+02,-5.182705820e-03
6.562105713e+02,-2.025666647e-03
6.564402466e+02,-9.396474343e-04
6.566698608e+02,3.611931810e-03
6.568995972e+02,-5.432875827e-03
6.571292725e+02,-1.690655760e-02
6.573589478e+02,-1.533849863e-03
6.575886841e+02,-6.962358952e-03
6.578184204e+02,6.703085965e-04
6.580480957e+02,4.268721677e-04
6.582778931e+02,-3.207078204e-03
6.585076294e+02,-1.993211219e-03
6.587373657e+02,-3.061687457e-04
6.589671631e+02,1.070892555e-03
6.591968994e+02,-1.650832943e-03
6.594266968e+02,-9.230974130e-03
6.596564941e+02,2.795497421e-03
6.598862915e+02,3.559006844e-03
6.601161499e+02,-7.618635427e-03
6.603459473e+02,6.503957789e-03
6.605758057e+02,-7.038158830e-03
6.608056641e+02,-6.579148583e-03
6.610355225e+02,-8.598794229e-03
6.612653809e+02,2.325652633e-03
6.614952393e+02,2.019645646e-03
6.617251587e+02,3.090669867e-03
6.619550171e+02,2.784662880e-03
6.621849365e+02,5.508124363e-03
6.624148560e+02,4.131093156e-03
6.626447754e+02,1.499433885e-03
6.628747559e+02,6.303742528e-03
6.631046753e+02,1.606536284e-02
6.633346558e+02,6.548548117e-03
6.635645752e+02,1.150585990e-02
6.637945557e+02,4.804308526e-03
6.640245361e+02,3.947489429e-03
6.642545776e+02,1.435172465e-02
6.644845581e+02,1.560635283e-03
6.647145386e+02,1.135285664e-02
6.649445801e+02,1.224027667e-02
6.651746216e+02,-1.132225618e-03
6.654046631e+02,-7.038158830e-03
6.656347046e+02,-1.958444249e-03
6.658648071e+02,-8.721197024e-03
6.660948486e+02,-6.915756501e-03
6.663249512e+02,-2.692860784e-03
6.665550537e+02,-1.676917821e-02
6.667851562e+02,6.946356967e-03
6.670152588e+02,3.396676853e-03
6.672453613e+02,6.150738802e-03
6.674755249e+02,-6.364943925e-03
6.677056274e+02,-9.363811463e-03
6.679357910e+02,5.814131582e-04
6.681659546e+02,-2.325652633e-03
6.683961182e+02,9.057804942e-03
6.686262817e+02,-5.018513650e-03
6.688565063e+02,4.375898745e-03
6.690866699e+02,-7.833776996e-03
6.693168945e+02,-5.569325760e-03
6.695471191e+02,2.356253332e-03
6.697773438e+02,3.488478949e-03
6.700075684e+02,-1.530034642e-04
6.702378540e+02,-8.904801682e-03
6.704680786e+02,-7.864377461e-03
6.706983643e+02,-4.590103636e-04
6.709286499e+02,1.168946456e-02
6.711589355e+02,-4.896110855e-03
6.713892212e+02,-6.120138278e-05
6.716195679e+02,1.083264500e-02
6.718498535e+02,-6.058936939e-03
6.720802002e+02,1.866642153e-03
6.723105469e+02,-3.427277552e-03
6.725408936e+02,-8.047982119e-03
6.727712402e+02,3.916888498e-03
6.730015869e+02,-3.580280812e-03
6.732319336e+02,-5.324520171e-03
6.734623413e+02,-5.171516910e-03
6.736927490e+02,-4.804308526e-03
6.739231567e+02,-3.549680114e-03
6.741535645e+02,1.713638776e-03
6.743839722e+02,-3.580280812e-03
6.746144409e+02,-5.202117376e-03
6.748448486e+02,-2.815263579e-03
6.750753174e+02,-7.803176530e-03
6.753057861e+02,3.702683607e-03
6.755362549e+02,-4.008690827e-03
6.757667236e+02,-3.733284306e-03
6.759971924e+02,-4.743107129e-03
6.762277222e+02,-7.313565351e-03
6.764582520e+02,7.741975132e-03
6.766887817e+02,1.989044948e-03
6.769193115e+02,-6.915756501e-03
6.771498413e+02,-4.773708060e-03
6.773803711e+02,6.120138278e-05
6.776109619e+02,1.101624919e-03
6.778414917e+02,3.947489429e-03
6.780720825e+02,5.538725294e-03
6.783026733e+02,1.744239475e-03
6.785332642e+02,-4.284096940e-04
6.787638550e+02,-8.568193763e-03
6.789945068e+02,-1.224027714e-03
6.792250977e+02,-3.610881511e-03
6.794557495e+02,4.651305266e-03
6.796864014e+02,6.120138336e-03
6.799170532e+02,-3.182471963e-03
6.801477051e+02,-1.572875492e-02
6.803784180e+02,-2.754062298e-04
6.806090698e+02,1.071024220e-03
6.808397827e+02,1.071024220e-02
6.810704956e+02,1.251568273e-02
6.813012085e+02,1.104685012e-02
6.815319214e+02,-1.866642153e-03
6.817626343e+02,6.089537404e-03
6.819934082e+02,4.590103868e-03
6.822241821e+02,9.792221710e-03
6.824548950e+02,-5.324520171e-03
6.826856689e+02,-6.854555104e-03
6.829164429e+02,-7.068759762e-03
6.831472778e+02,1.009822823e-03
6.833780518e+02,-5.079714581e-03
6.836088867e+02,-5.324520171e-03
6.838397217e+02,1.193427015e-03
6.840705566e+02,-1.254628412e-03
6.843013916e+02,5.599926692e-03
6.845322266e+02,-3.366076155e-03
6.847630615e+02,5.477523897e-03
6.849939575e+02,-8.904801682e-03
6.852248535e+02,-1.205667295e-02
6.854556885e+02,5.202117609e-04
6.856865845e+02,-1.300529391e-02
6.859175415e+02,-6.609749515e-03
6.861484375e+02,7.435968146e-03
6.863793335e+02,-8.323388174e-03
6.866102905e+02,1.040423475e-02
6.868412476e+02,3.151871264e-03
6.870722046e+02,3.519079415e-03
6.873031616e+02,-6.089537404e-03
6.875341187e+02,-8.109183051e-03
6.877651367e+02,-4.590103636e-04
6.879960938e+02,9.853422642e-03
6.882271118e+02,2.493956313e-02
6.884581299e+02,1.006762777e-02
6.886891479e+02,1.282169018e-02
6.889201660e+02,1.560635306e-02
6.891512451e+02,9.180207737e-03
6.893822632e+02,4.314697348e-03
6.896133423e+02,8.047982119e-03
6.898444214e+02,1.064904034e-02
6.900755005e+02,-2.601058688e-03
6.903065796e+02,-7.344165933e-04
6.905377197e+02,9.027204476e-03
6.907687988e+02,1.407631789e-03
6.909999390e+02,-3.029468469e-03
6.912310181e+02,6.120138569e-04
6.914621582e+02,-2.111447742e-03
6.916933594e+02,-1.092444733e-02
6.919244995e+02,-8.659996092e-03
6.921556396e+02,-7.252363954e-03
6.923868408e+02,-6.334342994e-03
6.926180420e+02,2.142048441e-03
6.928492432e+02,1.530034584e-03
6.930804443e+02,-3.213072661e-03
6.933116455e+02,-6.456745788e-03
6.935428467e+02,-1.471893303e-02
6.937741089e+02,-1.447412744e-02
6.940053711e+02,5.140915979e-03
6.942365723e+02,1.071024220e-02
6.944678345e+02,1.530034584e-03
6.946991577e+02,1.725878939e-02
6.949304199e+02,-1.468833187e-03
6.951616821e+02,1.836041483e-04
6.953930054e+02,4.773708060e-03
6.956243286e+02,-6.946356967e-03
6.958556519e+02,-5.630527157e-03
6.960869751e+02,-9.914624505e-03
6.963182983e+02,-8.996603079e-03
6.965496826e+02,-8.812999353e-03
6.967810059e+02,-3.243673360e-03
6.970123901e+02,-3.794485703e-03
6.972437744e+02,-1.224027714e-03
6.974751587e+02,-6.120138278e-05
6.977065430e+02,-4.314697348e-03
6.979379272e+02,-5.844732281e-03
6.981693726e+02,-8.812999353e-03
6.984008179e+02,-5.202117609e-04
6.986322021e+02,0.000000000e+00
6.988636475e+02,-1.438232511e-02
6.990951538e+02,-2.295051934e-03
6.993265991e+02,-6.028336473e-03
6.995580444e+02,7.956179907e-04
6.997895508e+02,-5.355121102e-03
7.000210571e+02,2.142048470e-04
7.002525635e+02,-1.132225618e-02
7.004840698e+02,7.803176530e-03
7.007155762e+02,-4.620704334e-03
7.009470825e+02,3.060069168e-03
7.011786499e+02,-1.367850881e-02
7.014102173e+02,7.191162556e-03
7.016417847e+02,-3.825086402e-03
7.018733521e+02,-1.334190182e-02
7.021049194e+02,-1.254628319e-02
7.023364868e+02,8.506991901e-03
7.025681152e+02,2.295051934e-03
7.027996826e+02,-1.836041454e-03
7.030313110e+02,1.285228995e-03
7.032629395e+02,1.805440756e-03
7.034945679e+02,1.193427015e-03
7.037261963e+02,3.886287799e-03
7.039578857e+02,2.888705209e-02
7.041895142e+02,5.385721568e-03
7.044212036e+02,-7.221763022e-03
7.046528931e+02,1.496373862e-02
7.048845825e+02,-1.499433885e-03
7.051162720e+02,-1.383151300e-02
7.053480225e+02,1.138345711e-02
7.055797119e+02,-4.345298279e-03
7.058114624e+02,3.672082967e-04
7.060432129e+02,9.639217518e-03
7.062749634e+02,1.943143830e-02
7.065067139e+02,1.098564826e-02
7.067384644e+02,2.209370025e-02
7.069702759e+02,1.998225227e-02
7.072020264e+02,3.892407939e-02
7.074338379e+02,4.204535112e-02
7.076656494e+02,3.090669774e-02
7.078974609e+02,4.645184800e-02
7.081292725e+02,2.952966653e-02
7.083611450e+02,4.611524194e-02
7.085929565e+02,5.413262174e-02
7.088248291e+02,4.170874134e-02
7.090567017e+02,4.755347595e-02
7.092885742e+02,4.721686617e-02
7.095204468e+02,5.933474004e-02
7.097523193e+02,5.404082313e-02
7.099842529e+02,6.377184391e-02
7.102161255e+02,4.850209504e-02
7.104480591e+02,4.339177907e-02
7.106799927e+02,3.745524585e-02
7.109119263e+02,2.858104557e-02
7.111439209e+02,3.194712102e-02
7.113758545e+02,2.674500458e-02
7.116078491e+02,3.589460999e-02
7.118397827e+02,2.105327509e-02
7.120717773e+02,2.224670351e-02
7.123037720e+02,1.829921268e-02
7.125357666e+02,3.913828358e-02
7.127678223e+02,3.990330175e-02
7.129998169e+02,4.134153575e-02
7.132318726e+02,4.265736416e-02
7.134639282e+02,6.233360991e-02
7.136959839e+02,2.818323672e-02
7.139280396e+02,3.053949028e-02
7.141600952e+02,3.693503514e-02
7.143921509e+02,9.027204476e-03
7.146242676e+02,2.640839666e-02
7.148563843e+02,1.009822823e-02
7.150885010e+02,2.907065675e-03
7.153206177e+02,1.083264500e-02
7.155527344e+02,5.752929952e-03
7.157848511e+02,1.306649484e-02
7.160170288e+02,4.253495950e-03
7.162491455e+02,4.896110855e-03
7.164813232e+02,1.373971067e-02
7.167135010e+02,-1.162826316e-03
7.169456787e+02,-1.092444733e-02
7.171779175e+02,-1.346430392e-03
7.174100952e+02,-7.894978859e-03
7.176423340e+02,-5.416322500e-03
7.178745117e+02,1.254628412e-03
7.181067505e+02,-4.131093156e-03
7.183389893e+02,-1.309709623e-02
7.185712891e+02,-1.217907481e-02
7.188035278e+02,-1.530034642e-04
7.190358276e+02,3.855687100e-03
7.192680664e+02,-4.192294553e-03
7.195003662e+02,-6.915756501e-03
7.197326660e+02,5.722329486e-03
7.199649658e+02,-1.224027656e-04
7.201972656e+02,-1.836041454e-03
7.204296265e+02,-6.487346720e-03
7.206619873e+02,-1.377031091e-03
7.208942871e+02,7.956179907e-04
7.211266479e+02,-6.364943925e-03
7.213590088e+02,-3.519079415e-03
7.215913696e+02,6.915756501e-03
7.218237915e+02,-9.608617052e-03
7.220561523e+02,1.989044948e-03
7.222885742e+02,-3.060069284e-04
7.225209961e+02,-4.559502937e-03
7.227534180e+02,-1.052663755e-02
7.229858398e+02,2.570457989e-03
7.232182617e+02,-2.968267072e-03
7.234507446e+02,-7.313565351e-03
7.236831665e+02,-6.150738802e-03
7.239156494e+02,-1.132225618e-02
7.241481323e+02,-1.713638776e-03
7.243806152e+02,-4.712506663e-03
7.246130981e+02,5.049114116e-03
7.248456421e+02,-5.385721568e-03
7.250781250e+02,-1.009822823e-03
7.253106689e+02,-2.631659387e-03
7.255432129e+02,-1.150585990e-02
7.257757568e+02,-2.631659387e-03
7.260083008e+02,-3.702683607e-03
7.262408447e+02,-5.752929952e-03
7.264734497e+02,-5.752929952e-03
7.267059937e+02,1.285229065e-02
7.269385986e+02,-3.610881511e-03
7.271712036e+02,-1.836041454e-03
7.274038086e+02,-1.683038077e-03
7.276364136e+02,6.150738802e-03
7.278690796e+02,1.560635283e-03
7.281016846e+02,-1.153646037e-02
7.283343506e+02,-3.029468469e-03
7.285670166e+02,-9.822822176e-03
7.287996826e+02,4.345298279e-03
7.290323486e+02,-6.854555104e-03
7.292650146e+02,-1.554515120e-02
7.294976807e+02,-1.061843988e-02
7.297304077e+02,-3.488478949e-03
7.299631348e+02,-8.017381653e-03
7.301958618e+02,-1.040423522e-03
7.304285889e+02,1.071024220e-03
7.306613159e+02,2.784662880e-03
7.308940430e+02,-9.578016587e-03
7.311268311e+02,-2.325652633e-03
7.313596191e+02,-7.344165933e-04
7.315923462e+02,8.659996092e-03
7.318251343e+02,5.140915979e-03
7.320579834e+02,-1.181186736e-02
7.322907715e+02,-4.804308526e-03
7.325235596e+02,-1.245448180e-02
7.327564087e+02,-1.181186736e-02
7.329892578e+02,-6.273141596e-03
7.332220459e+02,1.126105431e-02
7.334549561e+02,4.345298279e-03
7.336878052e+02,-6.915756501e-03
7.339206543e+02,-4.069891758e-03
7.341535645e+02,-4.926711321e-03
7.343864136e+02,-1.315829693e-03
7.346193237e+02,-1.897242852e-03
7.348522339e+02,-6.609749515e-03
7.350851440e+02,-6.823954172e-03
7.353180542e+02,-3.243673360e-03
7.355510254e+02,-6.548548117e-03
7.357839355e+02,-5.661128089e-03
7.360169067e+02,-7.313565351e-03
7.362498779e+02,-1.490253676e-02
7.364828491e+02,-1.958444249e-03
7.367158203e+02,1.468833187e-03
7.369488525e+02,2.050246345e-03
7.371818237e+02,6.609749515e-03
7.374148560e+02,-2.876464976e-03
7.376478882e+02,1.474953350e-02
7.378809204e+02,-1.474953350e-02
7.381139526e+02,3.366076155e-03
7.383469849e+02,-6.732151960e-04
7.385800171e+02,-5.722329486e-03
7.388131104e+02,-2.050246345e-03
7.390462036e+02,-6.058936939e-03
7.392792358e+02,-1.484133583e-02
7.395123291e+02,9.486214258e-04
7.397454834e+02,-2.478656126e-03
7.399785767e+02,-1.138345711e-02
7.402116699e+02,-3.335475456e-03
7.404448242e+02,-6.701551378e-03
7.406779785e+02,-4.896110855e-03
7.409111328e+02,5.293919705e-03
7.411442871e+02,4.131093156e-03
7.413774414e+02,-7.558370940e-03
7.416105957e+02,-8.170384914e-03
7.418438110e+02,-4.498301540e-03
7.420770264e+02,-2.111447742e-03
7.423102417e+02,5.875332747e-03
7.425434570e+02,-3.243673360e-03
7.427766724e+02,8.017381653e-03
7.430098877e+02,1.805440756e-03
7.432431030e+02,3.610881511e-03
7.434763794e+02,-1.407631789e-03
7.437096558e+02,-7.497169543e-03
7.439429321e+02,-1.217907481e-02
7.441762085e+02,-9.547416121e-03
7.444094849e+02,3.427277552e-03
7.446427612e+02,-6.976957899e-03
7.448760986e+02,-2.509256825e-03
7.451094360e+02,-5.446922965e-03
7.453427124e+02,-8.292787708e-03
7.455760498e+02,-6.150738802e-03
7.458093872e+02,-4.222895484e-03
7.460427856e+02,6.120138569e-04
7.462761230e+02,-1.897242852e-03
7.465095215e+02,-7.527770009e-03
7.467428589e+02,-7.619572338e-03
7.469762573e+02,-7.313565351e-03
7.472096558e+02,-5.324520171e-03
7.474431152e+02,-8.568193763e-03
7.476765137e+02,-4.100492690e-03
7.479099121e+02,-6.303742528e-03
7.481433716e+02,-2.968267072e-03
7.483768311e+02,-6.517947186e-03
7.486102905e+02,-1.009822823e-02
7.488437500e+02,-4.804308526e-03
7.490772095e+02,-7.129961159e-03
7.493106689e+02,-1.074084267e-02
7.495441895e+02,4.987912718e-03
7.497777100e+02,-6.089537404e-03
7.500112305e+02,-9.241408668e-03
7.502447510e+02,-4.590103636e-04
7.504782715e+02,-1.578995772e-02
7.507117920e+02,-7.619572338e-03
7.509453125e+02,-2.386854030e-03
7.511788940e+02,-5.079714581e-03
7.514124756e+02,5.814131349e-03
7.516460571e+02,-1.196487062e-02
7.518796387e+02,-1.441292558e-02
7.521132202e+02,-1.224027714e-03
7.523468018e+02,6.915756501e-03
7.525804443e+02,-1.181186736e-02
7.528140259e+02,4.590103868e-03
7.530476685e+02,-1.254628319e-02
7.532813110e+02,-6.640349980e-03
7.535149536e+02,-2.570457989e-03
7.537486572e+02,-5.140915979e-03
7.539822998e+02,-7.619572338e-03
7.542160034e+02,3.488478949e-03
7.544496460e+02,-1.989044948e-03
7.546833496e+02,-5.416322500e-03
7.549170532e+02,-3.702683607e-03
7.551507568e+02,-5.079714581e-03
7.553845215e+02,-1.080204453e-02
7.556182251e+02,-7.099360228e-03
7.558519897e+02,3.060069168e-03
7.560857544e+02,-9.731019847e-03
7.563194580e+02,-6.089537404e-03
7.565532837e+02,5.508124596e-04
7.567870483e+02,-7.588971406e-03
7.570208130e+02,-1.187306829e-02
7.572546387e+02,3.886287799e-03
7.574884033e+02,4.987912718e-03
7.577222290e+02,-1.643257216e-02
7.579560547e+02,-1.162826270e-02
7.581898804e+02,2.386854030e-03
7.584237671e+02,-3.978089895e-03
7.586575928e+02,-7.558370940e-03
7.588914795e+02,-4.131093156e-03
7.591253052e+02,-2.845864277e-03
7.593591919e+02,-1.006762777e-02
7.595930786e+02,-1.276048832e-02
7.598269653e+02,-3.886287799e-03
7.600609131e+02,-7.405367214e-03
7.602947998e+02,-4.957312252e-03
7.605287476e+02,-1.343370322e-02
7.607626953e+02,4.467701074e-03
7.609965820e+02,-1.325009950e-02
7.612305908e+02,9.731019847e-03
7.614645386e+02,-5.875332747e-03
7.616984863e+02,-1.621836680e-03
7.619324951e+02,2.784662880e-03
7.621664429e+02,-2.111447742e-03
7.624004517e+02,-1.447412744e-02
7.626344604e+02,-6.854555104e-03
7.628684692e+02,-2.325652633e-03
7.631025391e+02,-5.569325760e-03
7.633365479e+02,-7.956179790e-03
7.635706177e+02,4.660485312e-02
7.638046265e+02,1.257688459e-02
7.640386963e+02,1.836041454e-03
7.642727661e+02,-4.834909458e-03
7.645068359e+02,-5.630527157e-03
7.647409668e+02,-1.110805105e-02
7.649750366e+02,-1.012882870e-02
7.652091675e+02,-9.088405408e-03
7.654432983e+02,1.407631789e-03
7.656773682e+02,-2.570457989e-03
7.659115601e+02,8.966002613e-03
7.661456909e+02,5.202117609e-04
7.663798218e+02,-1.015942916e-02
7.666140137e+02,-4.773708060e-03
7.668481445e+02,-7.741975132e-03
7.670823364e+02,6.915756501e-03
7.673165283e+02,9.608617052e-03
7.675507202e+02,-2.815263579e-03
7.677849731e+02,-1.162826270e-02
7.680191650e+02,-9.394411929e-03
7.682534180e+02,1.560635283e-03
7.684876099e+02,-4.865509924e-03
7.687218628e+02,1.621836680e-03
7.689561157e+02,-1.621836680e-03
7.691903687e+02,-1.836041547e-02
7.694246826e+02,-3.274274059e-03
7.696589355e+02,-4.100492690e-03
7.698932495e+02,-2.998867771e-03
7.701275024e+02,-5.018513650e-03
7.703618164e+02,-4.161694087e-03
7.705961304e+02,-7.344165933e-04
7.708305054e+02,1.897242852e-03
7.710648193e+02,-1.012882870e-02
7.712991333e+02,-2.386854030e-03
7.715335083e+02,-1.530034584e-03
7.717678833e+02,-7.344165933e-04
7.720022583e+02,1.101624919e-03
7.722366333e+02,-4.773708060e-03
7.724710083e+02,-1.410691906e-02
7.727054443e+02,-1.003702730e-02
7.729398193e+02,-3.151871264e-03
7.731742554e+02,-8.292787708e-03
7.734086914e+02,2.601058688e-03
7.736431274e+02,3.427277552e-03
7.738775635e+02,2.295051934e-03
7.741119995e+02,-1.667737775e-02
7.743464966e+02,-1.377031091e-03
7.745809326e+02,-2.325652633e-03
7.748154297e+02,5.814131582e-04
7.750499268e+02,-8.690596558e-03
7.752844238e+02,-7.956179907e-04
7.755189209e+02,-1.067964174e-02
7.757534180e+02,-8.782398887e-03
7.759879761e+02,-5.691728555e-03
7.762224731e+02,2.448055428e-03
7.764570312e+02,5.303099751e-02
7.766915894e+02,-1.774840057e-03
7.769261475e+02,-4.406499676e-03
7.771607056e+02,-9.731019847e-03
7.773953247e+02,-9.119005874e-03
7.776298828e+02,-4.773708060e-03
7.778645020e+02,-3.519079415e-03
7.780991211e+02,-5.049114116e-03
7.783337402e+02,5.661128089e-03
7.785683594e+02,-9.761620313e-03
7.788029785e+02,8.506991901e-03
7.790376587e+02,-3.947489429e-03
7.792722778e+02,3.457878251e-03
7.795069580e+02,-2.998867771e-03
7.797416382e+02,-5.508124596e-04
7.799763184e+02,-7.803176530e-03
7.802109985e+02,-1.037363429e-02
7.804456787e+02,-1.144465897e-02
7.806804199e+02,5.783530883e-03
7.809151001e+02,-1.092444733e-02
7.811498413e+02,-2.754062298e-04
7.813845825e+02,-3.243673360e-03
7.816193237e+02,-3.060069139e-05
7.818540649e+02,-7.833776996e-03
7.820888062e+02,-6.242541131e-03
7.823236084e+02,-5.049114116e-03
7.825583496e+02,-4.896110622e-04
7.827931519e+02,-1.025123149e-02
7.830279541e+02,2.631659387e-03
7.832627563e+02,-1.077144314e-02
7.834975586e+02,-5.355121102e-03
7.837324219e+02,-4.957312252e-03
7.839672241e+02,-8.292787708e-03
7.842020874e+02,1.683038077e-03
7.844369507e+02,-3.825086402e-03
7.846718140e+02,-8.874200284e-03
7.849066772e+02,2.019645646e-03
7.851415405e+02,-1.462713070e-02
7.853764648e+02,-1.343370322e-02
7.856113281e+02,7.038158947e-04
7.858462524e+02,-1.471893303e-02
7.860811768e+02,9.088405408e-03
7.863161011e+02,-2.754062298e-04
7.865510254e+02,-2.233850537e-03
7.867859497e+02,-9.792221710e-03
7.870208740e+02,7.956179907e-04
7.872558594e+02,-6.762752775e-03
7.874908447e+02,6.364943925e-03
7.877258301e+02,-3.886287799e-03
7.879608154e+02,-1.328069996e-02
7.881958008e+02,-5.936534144e-03
7.884307861e+02,-5.691728555e-03
7.886658325e+02,7.588971406e-03
7.889008179e+02,-4.987912718e-03
7.891358643e+02,-1.092444733e-02
7.893709106e+02,-1.805440756e-03
7.896059570e+02,-4.651305266e-03
7.898410034e+02,7.344165817e-03
7.900760498e+02,9.027204476e-03
7.903111572e+02,-9.363811463e-03
7.905462646e+02,5.722329486e-03
7.907813110e+02,-6.028336473e-03
7.910164185e+02,-2.539857291e-03
7.912515259e+02,-1.077144314e-02
7.914866943e+02,-6.120138278e-05
7.917218018e+02,-8.262186311e-03
7.919569702e+02,4.590103636e-04
7.921920776e+02,-4.100492690e-03
7.924272461e+02,-5.110315513e-03
7.926624146e+02,4.590103636e-04
7.928975830e+02,-7.894978859e-03
7.931327515e+02,-5.385721568e-03
7.933679810e+02,-4.467701074e-03
7.936031494e+02,-2.172649140e-03
7.938383789e+02,-3.090669867e-03
7.940736084e+02,-1.312769670e-02
7.943088379e+02,5.064414442e-02
7.945440674e+02,-4.161694087e-03
7.947792969e+02,-5.814131349e-03
7.950145874e+02,-7.619572338e-03
7.952498169e+02,1.224027714e-03
7.954851074e+02,-9.180207271e-04
7.957203979e+02,-1.129165478e-02
7.959556885e+02,6.793353707e-03
7.961909790e+02,-1.355610602e-02
7.964262695e+02,-9.363811463e-03
7.966616211e+02,-5.538725294e-03
7.968969116e+02,-8.935402147e-03
7.971322632e+02,4.437100142e-03
7.973676147e+02,-1.269928738e-02
7.976029663e+02,7.038158830e-03
7.978383179e+02,-1.836041483e-04
7.980737305e+02,8.047982119e-03
7.983090820e+02,-1.655497402e-02
7.985444946e+02,-1.162826270e-02
7.987798462e+02,-2.050246345e-03
7.990152588e+02,-1.346430462e-02
7.992506714e+02,-1.652437379e-03
7.994861450e+02,-1.294409297e-02
7.997215576e+02,8.415190503e-03
7.999570312e+02,2.448055311e-04
8.001924438e+02,-5.385721568e-03
8.004279175e+02,-4.345298279e-03
8.006633911e+02,5.202117609e-04
8.008988647e+02,-1.618776657e-02
8.011343384e+02,2.019645646e-03
8.013698730e+02,-1.389271393e-02
8.016053467e+02,-7.099360228e-03
8.018408813e+02,-5.875332747e-03
8.020764160e+02,-6.426144973e-04
8.023119507e+02,2.907065675e-03
8.025474854e+02,-3.396676853e-03
8.027830200e+02,-1.621836680e-03
8.030185547e+02,-3.060069168e-03
8.032541504e+02,-1.530034642e-04
8.034897461e+02,-6.426145323e-03
8.037252808e+02,-7.435968146e-03
8.039608765e+02,8.690596558e-03
8.041964722e+02,-5.171516910e-03
8.044321289e+02,4.008690827e-03
8.046677246e+02,-3.488478949e-03
8.049033813e+02,6.854555104e-03
8.051389771e+02,-2.172649140e-03
8.053746338e+02,-1.055723894e-02
8.056102905e+02,6.395544391e-03
8.058459473e+02,-8.721197024e-03
8.060816650e+02,5.905933678e-03
8.063173218e+02,-3.672082967e-04
8.065530396e+02,-1.006762777e-02
8.067886963e+02,-5.232718308e-03
8.070244141e+02,-8.445790969e-03
8.072601318e+02,8.017381653e-03
8.074958496e+02,-1.496373862e-02
8.077316284e+02,-1.107745059e-02
8.079673462e+02,-5.140915979e-03
8.082031250e+02,1.248508226e-02
8.084389038e+02,-4.926711321e-03
8.086746216e+02,-2.937666373e-03
8.089104004e+02,-5.661128089e-03
8.091462402e+02,-5.844732281e-03
8.093820190e+02,-1.009822823e-03
8.096177979e+02,-8.506991901e-03
8.098536377e+02,1.560635306e-02
8.100894775e+02,-2.937666373e-03
8.103253174e+02,8.721197024e-03
8.105611572e+02,9.547416121e-03
8.107969971e+02,-4.804308526e-03
8.110328369e+02,6.823954172e-03
8.112687378e+02,8.017381653e-03
8.115045776e+02,-4.437100142e-03
8.117404785e+02,9.884023108e-03
8.119763794e+02,4.528902471e-03
8.122122803e+02,7.313565351e-03
8.124481812e+02,2.723461483e-03
8.126841431e+02,1.826861314e-02
8.129200439e+02,-6.609749515e-03
8.131560059e+02,4.528902471e-03
8.133919678e+02,1.395391580e-02
8.136279297e+02,-1.101624873e-02
8.138638916e+02,-4.222895484e-03
8.140998535e+02,-3.060069139e-05
8.143358154e+02,-3.794485703e-03
8.145718384e+02,-1.927843550e-03
8.148078003e+02,-1.156706177e-02
8.150438232e+02,2.417454729e-03
8.152798462e+02,-1.061843988e-02
8.155158691e+02,-2.386854030e-03
8.157518921e+02,-4.314697348e-03
8.159879761e+02,2.754062298e-04
8.162239990e+02,-6.058936939e-03
8.164600830e+02,-2.509256825e-03
8.166961670e+02,1.022063103e-02
8.169322510e+02,6.732152309e-03
8.171683350e+02,-5.936534144e-03
8.174044189e+02,-1.132225618e-03
8.176405029e+02,-3.733284306e-03
8.178766479e+02,-5.844732281e-03
8.181127930e+02,-1.190366875e-02
8.183488770e+02,4.131093156e-03
8.185850220e+02,-2.203249838e-03
8.188212280e+02,-7.588971406e-03
8.190573730e+02,-3.457878251e-03
8.192935181e+02,7.466568612e-03
8.195297241e+02,-2.295051934e-03
8.197658691e+02,-1.315829717e-02
8.200020752e+02,-9.119005874e-03
8.202382812e+02,-1.046543662e-02
8.204744873e+02,-4.222895484e-03
8.207107544e+02,4.437100142e-03
8.209469604e+02,-1.009822823e-03
8.211831665e+02,1.989044948e-03
8.214194336e+02,-4.528902471e-03
8.216557007e+02,1.499433885e-03
8.218919678e+02,-1.181186736e-02
8.221282349e+02,-8.874200284e-03
8.223645020e+02,1.683038077e-03
8.226008301e+02,1.224027656e-04
8.228370972e+02,-6.242541131e-03
8.230734253e+02,-4.253495950e-03
8.233097534e+02,-1.083264500e-02
8.235460815e+02,-4.406499676e-03
8.237824097e+02,-1.591235981e-03
8.240187378e+02,-3.763885004e-03
8.242551270e+02,-9.975825436e-03
8.244914551e+02,-1.655497402e-02
8.247278442e+02,-7.282964420e-03
8.249642334e+02,-1.071024220e-03
8.252006226e+02,-6.303742528e-03
8.254370117e+02,-8.415190503e-03
8.256734009e+02,-8.445790969e-03
8.259097900e+02,-8.598794229e-03
8.261462402e+02,-8.659996092e-03
8.263826904e+02,-9.119005874e-03
8.266191406e+02,-8.782398887e-03
8.268555908e+02,1.055723894e-02
8.270920410e+02,-4.498301540e-03
8.273284912e+02,-1.989044948e-03
8.275649414e+02,-8.323388174e-03
8.278014526e+02,-1.022063103e-02
8.280379639e+02,-6.517947186e-03
8.282744751e+02,-7.833776996e-03
8.285109863e+02,-2.601058688e-03
8.287474976e+02,-1.162826316e-03
8.289840088e+02,-9.333210997e-03
8.292205200e+02,-5.661128089e-03
8.294570923e+02,-2.509256825e-03
8.296936646e+02,1.224027714e-03
8.299301758e+02,-8.017381653e-03
8.301667480e+02,-5.538725294e-03
8.304033813e+02,9.486214258e-03
8.306399536e+02,-1.119985338e-02
8.308765259e+02,-5.844732281e-03
8.311131592e+02,-7.588971406e-03
8.313497925e+02,-4.100492690e-03
8.315863647e+02,-7.925579324e-03
8.318229980e+02,-1.184246782e-02
8.320596924e+02,-1.762599871e-02
8.322963257e+02,-7.619572338e-03
8.325329590e+02,-4.131093156e-03
8.327696533e+02,-8.568193880e-04
8.330062866e+02,-1.181186736e-02
8.332429810e+02,-1.315829693e-03
8.334796753e+02,-5.110315513e-03
8.337163696e+02,-4.253495950e-03
8.339531250e+02,2.968267072e-03
8.341898193e+02,-9.669818915e-03
8.344265747e+02,-4.314697348e-03
8.346632690e+02,8.966002613e-03
8.349000244e+02,-8.506991901e-03
8.351367798e+02,3.366076155e-03
8.353735352e+02,-1.340310276e-02
8.356103516e+02,-1.006762777e-02
8.358471069e+02,-1.190366875e-02
8.360839233e+02,-2.111447742e-03
8.363206787e+02,-3.825086402e-03
8.365574951e+02,-1.377031091e-03
8.367943115e+02,-2.080847044e-03
8.370311279e+02,-1.046543662e-02
8.372679443e+02,-1.067964174e-02
8.375048218e+02,-1.771780103e-02
8.377416382e+02,-9.057804942e-03
8.379785156e+02,-9.669818915e-03
8.382153931e+02,-6.089537404e-03
8.384522705e+02,4.926711321e-03
8.386891479e+02,-4.100492690e-03
8.389260254e+02,-3.121270565e-03
8.391629639e+02,-1.774840057e-03
8.393998413e+02,3.916888498e-03
8.396367798e+02,2.509256825e-03
8.398737183e+02,-1.009822823e-03
8.401106567e+02,-6.303742528e-03
8.403475952e+02,-1.631016843e-02
8.405845337e+02,3.978089895e-03
8.408215332e+02,5.140915979e-03
8.410584717e+02,-5.752929952e-03
8.412954712e+02,-9.578016587e-03
8.415324707e+02,-5.814131349e-03
8.417694702e+02,-7.833776996e-03
8.420064697e+02,-7.191162556e-03
8.422434692e+02,-9.486214258e-03
8.424804688e+02,-3.610881511e-03
8.427175293e+02,-8.629394695e-03
8.429545288e+02,-4.957312252e-03
8.431915894e+02,-2.662260085e-03
8.434286499e+02,2.386854030e-03
8.436657104e+02,-1.927843550e-03
8.439028320e+02,-6.211940199e-03
8.441398926e+02,-7.191162556e-03
8.443769531e+02,-7.068759762e-03
8.446140747e+02,-5.416322500e-03
8.448511963e+02,-5.263318773e-03
8.450883179e+02,-8.017381653e-03
8.453254395e+02,1.499433885e-03
8.455625610e+02,-3.366075980e-04
8.457997437e+02,-4.957312252e-03
8.460368652e+02,-2.356253332e-03
8.462740479e+02,6.303742528e-03
8.465112305e+02,1.591235981e-03
8.467483521e+02,-6.150738802e-03
8.469855957e+02,1.071024220e-03
8.472227783e+02,-3.060069284e-04
8.474599609e+02,-3.733284306e-03
8.476972046e+02,-4.957312252e-03
8.479343872e+02,-1.116925199e-02
8.481716309e+02,-8.996603079e-03
8.484088745e+02,-1.490253676e-02
8.486461182e+02,-6.946356967e-03
8.488833618e+02,-7.252363954e-03
8.491206665e+02,-6.211940199e-03
8.493579102e+02,-8.537593298e-03
8.495952148e+02,-5.997735541e-03
8.498324585e+02,-3.794485703e-03
8.500697632e+02,-4.406499676e-03
8.503070679e+02,-9.639217518e-03
8.505444336e+02,-1.416811999e-02
8.507817383e+02,-9.027204476e-03
8.510190430e+02,-5.814131349e-03
8.512564087e+02,-3.090669867e-03
8.514937744e+02,-4.590103868e-03
8.517311401e+02,-9.180207417e-05
8.519685059e+02,-1.009822823e-02
8.522058716e+02,-3.182471963e-03
8.524432373e+02,-6.885155570e-03
8.526806641e+02,1.832981408e-02
8.529180298e+02,-9.149606340e-03
8.531554565e+02,4.131093156e-03
8.533928833e+02,3.304874757e-03
8.536303101e+02,-5.385721568e-03
8.538677368e+02,-3.641482210e-03
8.541051636e+02,-1.266868599e-02
8.543426514e+02,-9.486214258e-03
8.545800781e+02,-1.600416191e-02
8.548175659e+02,-7.160561625e-03
8.550550537e+02,-7.588971406e-03
8.552925415e+02,-4.590103868e-03
8.555300293e+02,3.060069139e-05
8.557675171e+02,-3.580280812e-03
8.560050659e+02,-3.151871264e-03
8.562425537e+02,-1.621836680e-03
8.564801025e+02,1.989044948e-03
8.567176514e+02,-9.394411929e-03
8.569552002e+02,1.193427015e-03
8.571927490e+02,-8.874200284e-04
8.574302979e+02,-8.996603079e-03
8.576679077e+02,-4.100492690e-03
8.579054565e+02,-6.426145323e-03
8.581430664e+02,-6.762752775e-03
8.583806763e+02,-3.978089953e-04
8.586182861e+02,-5.049114116e-03
8.588558960e+02,-3.733284306e-03
8.590935059e+02,-6.640349980e-03
8.593311157e+02,-9.180207737e-03
8.595687866e+02,-5.324520171e-03
8.598064575e+02,-2.264451236e-03
8.600440674e+02,6.426144973e-04
8.602817383e+02,-1.266868599e-02
8.605194092e+02,-2.631659387e-03
8.607571411e+02,-3.366076155e-03
8.609948120e+02,-3.825086402e-03
8.612324829e+02,-2.692860784e-03
8.614702148e+02,-5.752929952e-03
8.617079468e+02,3.274274059e-03
8.619456787e+02,-9.822822176e-03
8.621834106e+02,-1.502493955e-02
8.624211426e+02,-7.068759762e-03
8.626588745e+02,3.947489429e-03
8.628966675e+02,-1.422932185e-02
8.631343994e+02,7.435968146e-03
8.633721924e+02,-1.000642590e-02
8.636099854e+02,-2.631659387e-03
8.638477783e+02,6.732151960e-04
8.640855713e+02,-1.156706177e-02
8.643234253e+02,-4.069891758e-03
8.645612183e+02,1.499433885e-03
8.647990723e+02,-8.170384914e-03
8.650368652e+02,1.557575166e-02
8.652747192e+02,-1.637136936e-02
8.655125732e+02,-5.263318773e-03
8.657504272e+02,-1.419872046e-02
8.659883423e+02,-1.606536284e-02
8.662261963e+02,-8.323388174e-03
8.664641113e+02,-1.126105431e-02
8.667019653e+02,-2.233850537e-03
8.669398804e+02,-1.407631789e-03
8.671777954e+02,-1.520854328e-02
8.674157104e+02,-5.508124363e-03
8.676536865e+02,1.224027714e-03
8.678916016e+02,3.304874757e-03
8.681295776e+02,-5.110315513e-03
8.683674927e+02,-5.630527157e-03
8.686054688e+02,1.266868599e-02
8.688434448e+02,-6.058936939e-03
8.690814209e+02,-3.457878251e-03
8.693193970e+02,-7.068759762e-03
8.695574341e+02,1.224027656e-04
8.697954102e+02,-3.763885004e-03
8.700334473e+02,-1.897242852e-03
8.702714844e+02,-2.845864277e-03
8.705095215e+02,2.233850537e-03
8.707475586e+02,3.366076155e-03
8.709855957e+02,-4.590103868e-03
8.712236328e+02,-4.712506663e-03
8.714617310e+02,-5.110315513e-03
8.716997681e+02,-9.302610531e-03
8.719378662e+02,-1.263808552e-02
8.721759644e+02,1.774840057e-03
8.724140625e+02,2.876464976e-03
8.726521606e+02,-6.303742528e-03
8.728903198e+02,3.274274059e-03
8.731284180e+02,-3.702683607e-03
8.733665771e+02,-3.060069168e-03
8.736046753e+02,7.803176530e-03
8.738428345e+02,4.620704334e-03
8.740809937e+02,0.000000000e+00
8.743191528e+02,-7.986780256e-03
8.745573730e+02,8.262186893e-04
8.747955322e+02,-8.292787708e-03
8.750337524e+02,-6.640349980e-03
8.752719116e+02,-1.377031091e-03
8.755101318e+02,-1.756479777e-02
8.757483521e+02,-1.254628412e-03
8.759865723e+02,3.855687100e-03
8.762248535e+02,2.019645646e-03
8.764630737e+02,-6.670950912e-03
8.767013550e+02,-8.506991901e-03
8.769395752e+02,-7.650172920e-04
8.771778564e+02,-1.478013396e-02
8.774161377e+02,-8.568193880e-04
8.776544189e+02,6.762752775e-03
8.778927002e+02,6.915756501e-03
8.781310425e+02,6.426144973e-04
8.783693237e+02,-1.713638776e-03
8.786076660e+02,1.159766223e-02
8.788460083e+02,2.754062181e-03
8.790842896e+02,-3.580280812e-03
8.793226318e+02,-8.262186311e-03
8.795610352e+02,-7.405367214e-03
8.797993774e+02,3.060069139e-05
8.800377197e+02,3.060069284e-04
8.802761230e+02,-4.896110855e-03
8.805145264e+02,-5.508124596e-04
8.807529297e+02,-6.976957899e-03
8.809913330e+02,-3.090669867e-03
8.812297363e+02,-1.113865152e-02
8.814681396e+02,-9.241408668e-03
8.817066040e+02,-8.384589106e-03
8.819450073e+02,-3.702683607e-03
8.821834717e+02,-1.346430462e-02
8.824219360e+02,-3.396676853e-03
8.826604004e+02,-9.853422642e-03
8.828988647e+02,-3.978089953e-04
8.831373291e+02,-8.690596558e-03
8.833757935e+02,2.264451236e-03
8.836143188e+02,1.713638776e-03
8.838528442e+02,2.172649140e-03
8.840913086e+02,4.957312252e-03
8.843298340e+02,-1.049603708e-02
8.845683594e+02,-6.823954172e-03
8.848069458e+02,-1.150585990e-02
8.850454712e+02,-6.946356967e-03
8.852839966e+02,-9.700419381e-03
8.855225830e+02,-8.935402147e-03
8.857611694e+02,-8.721197024e-03
8.859997559e+02,-1.386211347e-02
8.862383423e+02,-6.273141596e-03
8.864769287e+02,3.060069168e-03
8.867155151e+02,2.907065675e-03
8.869541626e+02,-7.956179790e-03
8.871927490e+02,6.150738802e-03
8.874313965e+02,-1.006762777e-02
8.876700439e+02,-3.978089953e-04
8.879086914e+02,-3.121270565e-03
8.881473389e+02,-1.499433885e-03
8.883859863e+02,-1.052663755e-02
8.886246948e+02,-2.203249838e-03
8.888633423e+02,-2.019645646e-03
8.891020508e+02,-3.672082908e-03
8.893407593e+02,-5.722329486e-03
8.895794678e+02,5.385721568e-03
8.898181763e+02,-7.252363954e-03
8.900568848e+02,-1.370911021e-02
8.902955933e+02,1.150585990e-02
8.905343628e+02,-2.417454729e-03
8.907730713e+02,-6.854555104e-03
8.910118408e+02,-1.621836680e-03
8.912506104e+02,-2.448055311e-04
8.914893799e+02,-9.608617052e-03
8.917281494e+02,1.254628412e-03
8.919669800e+02,-1.095504779e-02
8.922057495e+02,5.722329486e-03
8.924445801e+02,-3.396676853e-03
8.926833496e+02,-3.978089895e-03
8.929221802e+02,-7.986780256e-03
8.931610107e+02,-1.774840057e-03
8.933998413e+02,2.937666373e-03
8.936387329e+02,-1.156706177e-02
8.938775635e+02,-3.060069168e-03
8.941164551e+02,-8.568193880e-04
8.943552856e+02,-9.884023108e-03
8.945941772e+02,-3.243673360e-03
8.948330688e+02,-2.907065675e-03
8.950719604e+02,-5.324520171e-03
8.953108521e+02,4.284096882e-03
8.955498047e+02,-2.845864277e-03
8.957886963e+02,-1.407631766e-02
8.960276489e+02,-1.563695259e-02
8.962666016e+02,1.560635283e-03
8.965055542e+02,-2.601058688e-03
8.967445068e+02,-1.132225618e-03
8.969834595e+02,0.000000000e+00
8.972224121e+02,2.723461483e-03
8.974614258e+02,-1.224027714e-03
8.977003784e+02,-3.366075980e-04
8.979393921e+02,-7.497169543e-03
8.981784058e+02,-9.210808203e-03
8.984174194e+02,-1.162826316e-03
8.986564331e+02,-2.998867771e-03
8.988954468e+02,-4.712506663e-03
8.991345215e+02,-3.978089953e-04
8.993735352e+02,-3.121270565e-03
8.996126099e+02,-4.406499676e-03
8.998516846e+02,-8.568193880e-04
9.000907593e+02,-4.437100142e-03
9.003298340e+02,-2.386854030e-03
9.005689087e+02,-6.242541131e-03
9.008079834e+02,-4.008690827e-03
9.010471191e+02,2.172649140e-03
9.012861938e+02,8.751797490e-03
9.015253296e+02,-3.978089895e-03
9.017644653e+02,-2.264451236e-03
9.020036011e+02,-9.210808203e-03
9.022427368e+02,-5.691728555e-03
9.024819336e+02,1.257688459e-02
9.027210693e+02,-5.936534144e-03
9.029602661e+02,-2.754062298e-04
9.031994019e+02,-8.200985380e-03
9.034385986e+02,-1.064904034e-02
9.036777954e+02,-5.875332747e-03
9.039169922e+02,-9.088405408e-03
9.041561890e+02,6.120138278e-05
9.043954468e+02,-1.043483615e-02
9.046346436e+02,8.874200284e-04
9.048739014e+02,4.712506663e-03
9.051131592e+02,-8.445790969e-03
9.053524170e+02,-5.569325760e-03
9.055916748e+02,-2.019645646e-03
9.058309326e+02,-5.783530883e-03
9.060701904e+02,-5.814131349e-03
9.063095093e+02,-7.650172920e-04
9.065487671e+02,-4.559502937e-03
9.067880859e+02,1.836041483e-04
9.070274048e+02,-9.088405408e-03
9.072667236e+02,6.120138278e-05
9.075060425e+02,4.620704334e-03
9.077454224e+02,-9.333210997e-03
9.079847412e+02,4.620704334e-03
9.082240601e+02,-9.700419381e-03
9.084634399e+02,-8.231585845e-03
9.087028198e+02,1.377031091e-03
9.089421997e+02,-7.129961159e-03
9.091815796e+02,3.702683607e-03
9.094209595e+02,-3.060069284e-04
9.096604004e+02,-9.272009134e-03
9.098997803e+02,-5.905933678e-03
9.101392212e+02,-1.168946456e-02
9.103786011e+02,-1.279108878e-02
9.106180420e+02,-1.025123149e-02
9.108574829e+02,-1.398451626e-02
9.110969849e+02,-1.377031091e-03
9.113364258e+02,-6.364943925e-03
9.115758667e+02,-1.049603708e-02
9.118153687e+02,-3.610881511e-03
9.120548706e+02,-3.825086402e-03
9.122943115e+02,-2.172649140e-03
9.125338135e+02,6.823954172e-03
9.127733765e+02,-1.429052278e-02
9.130128784e+02,-4.865509924e-03
9.132523804e+02,-5.232718308e-03
9.134919434e+02,-1.735059172e-02
9.137314453e+02,9.914624505e-03
9.139710083e+02,-9.761620313e-03
9.142105713e+02,1.224027714e-03
9.144501343e+02,-1.355610602e-02
9.146896973e+02,-3.978089895e-03
9.149293213e+02,2.448055428e-03
9.151688843e+02,3.366076155e-03
9.154085083e+02,-6.211940199e-03
9.156480713e+02,1.162826316e-03
9.158876953e+02,-8.659996092e-03
9.161273193e+02,-1.153646037e-02
9.163669434e+02,6.273141596e-03
9.166066284e+02,-7.497169543e-03
9.168462524e+02,-7.282964420e-03
9.170858765e+02,-4.743107129e-03
9.173255615e+02,-9.731019847e-03
9.175652466e+02,-1.395391580e-02
9.178049316e+02,6.120138569e-04
9.180446167e+02,3.029468469e-03
9.182843018e+02,-1.419872046e-02
9.185239868e+02,2.754062298e-04
9.187637329e+02,2.356253332e-03
9.190034180e+02,1.230147760e-02
9.192431641e+02,-7.374766748e-03
9.194829102e+02,-6.762752775e-03
9.197226562e+02,-8.017381653e-03
9.199624023e+02,-1.034303382e-02
9.202021484e+02,-7.038158947e-04
9.204419556e+02,-3.488478949e-03
9.206817017e+02,-5.997735541e-03
9.209215088e+02,6.058936939e-03
9.211613159e+02,-1.199547108e-02
9.214011230e+02,-5.630527157e-03
9.216409302e+02,7.833776996e-03
9.218807373e+02,-1.438232511e-02
9.221205444e+02,1.224027656e-04
9.223604126e+02,-7.129961159e-03
9.226002197e+02,-3.151871264e-03
9.228400879e+02,-1.511674188e-02
9.230799561e+02,-1.321949903e-02
9.233198242e+02,-1.334190182e-02
9.235596924e+02,3.060069284e-04
9.237995605e+02,1.092444733e-02
9.240394897e+02,-9.241408668e-03
9.242793579e+02,-9.608617052e-03
9.245192871e+02,-2.998867771e-03
9.247592163e+02,1.897242852e-03
9.249991455e+02,-2.142048470e-04
9.252390747e+02,7.068759762e-03
9.254790039e+02,-2.815263579e-03
9.257189331e+02,7.650172804e-03
9.259589233e+02,-1.358670741e-02
9.261988525e+02,-4.069891758e-03
9.264388428e+02,4.681905732e-03
9.266788330e+02,-2.998867771e-03
9.269188232e+02,-6.150738802e-03
9.271588135e+02,-1.866642153e-03
9.273988037e+02,4.834909458e-03
9.276388550e+02,-8.078582585e-03
9.278788452e+02,-3.274274059e-03
9.281188965e+02,3.978089953e-04
9.283589478e+02,3.366075980e-04
9.285989990e+02,-9.792221244e-04
9.288390503e+02,9.731019847e-03
9.290791016e+02,-7.129961159e-03
9.293191528e+02,1.777900197e-02
9.295592651e+02,-1.744239475e-03
9.297993164e+02,4.681905732e-03
9.300394287e+02,-5.171516910e-03
9.302795410e+02,-8.231585845e-03
9.305196533e+02,6.181339733e-03
9.307597656e+02,-2.068606764e-02
9.309998779e+02,4.467701074e-03
9.312400513e+02,-1.937023737e-02
9.314801636e+02,-5.630527157e-03
9.317203369e+02,2.233850537e-03
9.319605103e+02,1.064904034e-02
9.322006836e+02,-3.029468469e-03
9.324408569e+02,2.692860784e-03
9.326810303e+02,4.896110622e-04
9.329212036e+02,-4.253495950e-03
9.331614380e+02,-3.947489429e-03
9.334016113e+02,-5.752929952e-03
9.336418457e+02,-8.782398887e-03
9.338820801e+02,-6.854555104e-03
9.341223145e+02,5.844732281e-03
9.343625488e+02,-2.631659387e-03
9.346027832e+02,1.683038077e-03
9.348430176e+02,6.395544391e-03
9.350833130e+02,3.825086402e-03
9.353236084e+02,1.095504779e-02
9.355638428e+02,-3.029468469e-03
9.358041382e+02,-6.150738802e-03
9.360444336e+02,1.836041483e-04
9.362847290e+02,-6.701551378e-03
9.365250854e+02,1.640197076e-02
9.367653809e+02,-2.325652633e-03
9.370057373e+02,6.487346720e-03
9.372460327e+02,-6.793353707e-03
9.374863892e+02,-7.956179907e-04
9.377267456e+02,-7.527770009e-03
9.379671021e+02,-7.527770009e-03
9.382075195e+02,-2.815263579e-03
9.384478760e+02,2.264451236e-03
9.386882324e+02,-1.340310276e-02
9.389286499e+02,-1.162826270e-02
9.391690674e+02,-1.591235981e-03
9.394094849e+02,4.590103636e-04
9.396499023e+02,-1.245448180e-02
9.398903198e+02,4.773708060e-03
9.401307373e+02,1.774840057e-03
9.403712158e+02,-8.445790969e-03
9.406116333e+02,-6.120138336e-03
9.408521118e+02,-1.679977961e-02
9.410925903e+02,-1.000642590e-02
9.413330078e+02,5.355121102e-03
9.415735474e+02,5.446922965e-03
9.418140259e+02,-4.467701074e-03
9.420545044e+02,-1.119985338e-02
9.422950439e+02,-1.006762777e-02
9.425355225e+02,2.203249838e-03
9.427760620e+02,2.509256825e-03
9.430166016e+02,-9.731019847e-03
9.432571411e+02,9.180207271e-04
9.434976807e+02,-1.511674188e-02
9.437382202e+02,-3.672082967e-04
9.439787598e+02,4.008690827e-03
9.442193604e+02,-8.231585845e-03
9.444599609e+02,-2.845864277e-03
9.447005005e+02,3.488478949e-03
9.449411011e+02,-6.426145323e-03
9.451817017e+02,-1.866642153e-03
9.454223022e+02,2.356253332e-03
9.456629639e+02,-4.926711321e-03
9.459035645e+02,-1.147525944e-02
9.461442261e+02,-8.690596558e-03
9.463848267e+02,9.180207271e-04
9.466254883e+02,-9.578016587e-03
9.468661499e+02,-1.422932185e-02
9.471068115e+02,-2.142048470e-04
9.473475342e+02,-6.150738802e-03
9.475881958e+02,-3.396676853e-03
9.478288574e+02,-1.530034584e-03
9.480695801e+02,-1.845221780e-02
9.483103027e+02,-3.855687100e-03
9.485510254e+02,-6.273141596e-03
9.487917480e+02,3.978089953e-04
9.490324707e+02,-5.508124596e-04
9.492731934e+02,-1.774840057e-03
9.495139160e+02,1.315829693e-03
9.497546997e+02,-1.389271393e-02
9.499954834e+02,-1.683038077e-03
9.502362061e+02,-4.590103636e-04
9.504769897e+02,6.915756501e-03
9.507177734e+02,3.916888498e-03
9.509585571e+02,-3.610881511e-03
9.511994019e+02,3.825086402e-03
9.514401855e+02,8.629394695e-03
9.516810303e+02,-1.438232488e-03
9.519218140e+02,5.997735541e-03
9.521626587e+02,-1.104685012e-02
9.524035034e+02,7.099360228e-03
9.526443481e+02,7.558370940e-03
9.528852539e+02,3.641482210e-03
9.531260986e+02,-1.022063103e-02
9.533669434e+02,1.083264500e-02
9.536078491e+02,-6.732152309e-03
9.538487549e+02,2.723461483e-03
9.540896606e+02,-4.743107129e-03
9.543305664e+02,-4.712506663e-03
9.545714722e+02,-5.508124363e-03
9.548123779e+02,-2.448055428e-03
9.550532837e+02,-1.318889763e-02
9.552942505e+02,5.752929952e-03
9.555352173e+02,2.876464976e-03
9.557761230e+02,-1.254628412e-03
9.560170898e+02,-1.331130043e-02
9.562580566e+02,-7.864377461e-03
9.564990845e+02,-1.104685012e-02
9.567400513e+02,-7.007558364e-03
9.569810181e+02,-3.641482210e-03
9.572220459e+02,-4.039291292e-03
9.574630737e+02,-1.805440756e-03
9.577040405e+02,-7.527770009e-03
9.579450684e+02,2.754062298e-04
9.581860962e+02,-1.383151300e-02
9.584271851e+02,-3.366075980e-04
9.586682129e+02,-2.264451236e-03
9.589092407e+02,2.754062298e-04
9.591503296e+02,-7.741975132e-03
9.593914185e+02,3.488478949e-03
9.596325073e+02,-2.019645646e-03
9.598735962e+02,-8.384589106e-03
9.601146851e+02,-8.384589106e-03
9.603557739e+02,4.590103636e-04
9.605968628e+02,-1.132225618e-03
9.608380127e+02,-1.193427015e-03
9.610791626e+02,-1.123045385e-02
9.613202515e+02,-6.517947186e-03
9.615614014e+02,-9.363811463e-03
9.618025513e+02,6.211940199e-03
9.620437012e+02,3.213072661e-03
9.622849121e+02,-1.077144314e-02
9.625260620e+02,-9.180207737e-03
9.627672729e+02,-9.486214258e-04
9.630084229e+02,7.619572338e-03
9.632496338e+02,7.344165817e-03
9.634908447e+02,-1.040423522e-03
9.637320557e+02,7.864377461e-03
9.639732666e+02,9.884023108e-03
9.642145386e+02,-1.129165478e-02
9.644557495e+02,-3.060069139e-05
9.646970215e+02,-8.659996092e-03
9.649382324e+02,-4.069891758e-03
9.651795044e+02,-5.355121102e-03
9.654207764e+02,7.558370940e-03
9.656620483e+02,1.343370322e-02
9.659033203e+02,9.119005874e-03
9.661446533e+02,-8.874200284e-03
9.663859253e+02,-9.088405408e-03
9.666272583e+02,-1.297469344e-02
9.668685913e+02,-2.937666373e-03
9.671099243e+02,-4.008690827e-03
9.673512573e+02,-2.723461483e-03
9.675925903e+02,-3.335475456e-03
9.678339233e+02,0.000000000e+00
9.680752563e+02,4.559502937e-03
9.683166504e+02,-6.976957899e-03
9.685579834e+02,-9.455613792e-03
9.687993774e+02,-4.131093156e-03
9.690407715e+02,-6.823954172e-03
9.692821655e+02,-7.588971406e-03
9.695235596e+02,-1.499433885e-03
9.697650146e+02,-1.153646037e-02
9.700064087e+02,-7.956179907e-04
9.702478638e+02,2.754062298e-04
9.704892578e+02,-3.396676853e-03
9.707307129e+02,-3.978089953e-04
9.709721680e+02,1.621836680e-03
9.712136230e+02,-2.539857291e-03
9.714550781e+02,-7.956179907e-04
9.716965942e+02,-7.191162556e-03
9.719380493e+02,-1.172006503e-02
9.721795654e+02,3.825086402e-03
9.724210205e+02,3.978089895e-03
9.726625366e+02,-2.019645646e-03
9.729040527e+02,-1.386211347e-02
9.731455688e+02,9.700419381e-03
9.733870850e+02,-1.343370322e-02
9.736286621e+02,-7.650172920e-04
9.738701782e+02,3.427277552e-03
9.741117554e+02,-4.406499676e-03
9.743533325e+02,7.344165933e-04
9.745948486e+02,-1.254628412e-03
9.748364258e+02,-2.448055428e-03
9.750780029e+02,-6.120138569e-04
9.753196411e+02,-7.680773735e-03
9.755612183e+02,-9.792221244e-04
9.758028564e+02,2.019645646e-03
9.760444336e+02,-4.865509924e-03
9.762860718e+02,-3.182471963e-03
9.765277100e+02,-5.110315513e-03
9.767693481e+02,-7.772575598e-03
9.770109863e+02,-1.254628412e-03
9.772526245e+02,-3.978089895e-03
9.774943237e+02,6.181339733e-03
9.777359619e+02,-2.478656126e-03
9.779776611e+02,-1.224027667e-02
9.782193604e+02,-3.978089895e-03
9.784610596e+02,4.039291292e-03
9.787027588e+02,-6.915756501e-03
9.789444580e+02,-2.784662880e-03
9.791861572e+02,2.845864277e-03
9.794278564e+02,2.142048441e-03
9.796696167e+02,-1.040423475e-02
9.799113770e+02,-3.090669867e-03
9.801530762e+02,6.150738802e-03
9.803948364e+02,-1.774840057e-03
9.806365967e+02,-9.608617052e-03
9.808784180e+02,-6.732151960e-04
9.811201782e+02,-4.467701074e-03
9.813619385e+02,1.346430462e-02
9.816037598e+02,3.519079415e-03
9.818455811e+02,-5.783530883e-03
9.820873413e+02,-4.345298279e-03
9.823291626e+02,-8.353988640e-03
9.825709839e+02,-6.150738802e-03
9.828128662e+02,-1.530034584e-03
9.830546875e+02,-2.233850537e-03
9.832965088e+02,-3.794485703e-03
9.835383911e+02,-1.150585990e-02
9.837802734e+02,-1.034303382e-02
9.840221558e+02,4.590103636e-04
9.842639771e+02,1.958444249e-03
9.845059204e+02,-3.610881511e-03
9.847478027e+02,-8.170384914e-03
9.849896851e+02,-9.333210997e-03
9.852316284e+02,-1.184246782e-02
9.854735107e+02,-2.539857291e-03
9.857154541e+02,1.407631789e-03
9.859573975e+02,-1.019003056e-02
9.861993408e+02,3.060069139e-05
9.864412842e+02,2.631659387e-03
9.866832275e+02,-9.853422642e-03
9.869251709e+02,2.264451236e-03
9.871671753e+02,7.221763022e-03
9.874091797e+02,-4.161694087e-03
9.876511230e+02,1.346430392e-03
9.878931274e+02,-1.009822823e-03
9.881351318e+02,-6.609749515e-03
9.883771362e+02,-3.825086402e-03
9.886192017e+02,-2.264451236e-03
9.888612061e+02,1.000642590e-02
9.891032104e+02,-7.650172804e-03
9.893452759e+02,-8.353988640e-03
9.895873413e+02,-8.598794229e-03
9.898294067e+02,-8.721197024e-03
9.900714722e+02,-5.814131349e-03
9.903135376e+02,-1.101624919e-03
9.905556030e+02,-2.111447742e-03
9.907977295e+02,-5.079714581e-03
9.910397949e+02,2.876464976e-03
9.912819214e+02,5.232718308e-03
9.915239868e+02,-1.989044948e-03
9.917661133e+02,-2.723461483e-03
9.920082397e+02,-1.989044948e-03
9.922504272e+02,-7.466568612e-03
9.924925537e+02,-5.691728555e-03
9.927346802e+02,2.295051934e-03
9.929768677e+02,2.448055311e-04
9.932189941e+02,-7.405367214e-03
9.934611816e+02,6.609749515e-03
9.937033691e+02,3.702683607e-03
9.939455566e+02,9.210808203e-03
9.941877441e+02,1.254628412e-03
9.944299927e+02,-7.864377461e-03
9.946721802e+02,-4.192294553e-03
9.949143677e+02,-2.356253332e-03
9.951566162e+02,-1.309709623e-02
9.953988647e+02,7.313565351e-03
9.956411133e+02,-4.865509924e-03
9.958833618e+02,-2.876464976e-03
9.961256104e+02,-2.539857291e-03
9.963678589e+02,-6.915756501e-03
9.966101685e+02,-1.713638776e-03
9.968524170e+02,-2.539857291e-03
9.970947266e+02,-3.060069139e-05
9.973370361e+02,-6.548548117e-03
9.975793457e+02,-2.111447742e-03
9.978216553e+02,-2.111447742e-03
9.980639648e+02,3.702683607e-03
9.983062744e+02,-8.476391435e-03
9.985486450e+02,-2.601058688e-03
9.987909546e+02,2.203249838e-03
9.990333252e+02,4.620704334e-03
9.992756958e+02,-1.377031091e-03
9.995180664e+02,-5.477523897e-03
9.997604370e+02,-9.455613792e-03
1.000002808e+03,-1.028183196e-02
1.000245178e+03,-1.358670741e-02
1.000487610e+03,-1.132225618e-03
1.000729980e+03,-5.202117609e-04
1.000972412e+03,-5.814131582e-04
1.001214844e+03,-1.135285664e-02
1.001457275e+03,-1.067964174e-02
1.001699707e+03,-2.509256825e-03
1.001942139e+03,-4.743107129e-03
1.002184570e+03,-7.160561625e-03
1.002427063e+03,-6.670950912e-03
1.002669495e+03,-3.733284306e-03
1.002911987e+03,5.477523897e-03
1.003154480e+03,-1.242388040e-02
1.003396973e+03,-1.704458520e-02
1.003639465e+03,6.089537404e-03
1.003881958e+03,1.101624919e-03
1.004124451e+03,-5.814131349e-03
1.004367004e+03,-9.057804942e-03
1.004609497e+03,5.814131582e-04
1.004852051e+03,-1.257688459e-02
1.005094604e+03,-3.916888498e-03
1.005337158e+03,-4.896110622e-04
1.005579712e+03,-6.395544391e-03
1.005822266e+03,-7.344165817e-03
1.006064819e+03,-5.416322500e-03
1.006307434e+03,-5.722329486e-03
1.006549988e+03,7.344165933e-04
1.006792603e+03,3.549680114e-03
1.007035217e+03,6.120138569e-04
1.007277832e+03,-1.058783941e-02
1.007520447e+03,-4.192294553e-03
1.007763062e+03,2.662260085e-03
1.008005676e+03,-2.295051934e-03
1.008248352e+03,-8.262186893e-04
1.008490967e+03,-1.315829693e-03
1.008733643e+03,-1.444352604e-02
1.008976318e+03,-5.385721568e-03
1.009218994e+03,-4.834909458e-03
1.009461670e+03,-2.815263579e-03
1.009704346e+03,-9.792221244e-04
1.009947021e+03,2.754062298e-04
1.010189758e+03,-1.000642590e-02
1.010432434e+03,-8.598794229e-03
1.010675171e+03,-6.640349980e-03
1.010917908e+03,1.398451626e-02
1.011160645e+03,-7.068759762e-03
1.011403381e+03,-7.772575598e-03
1.011646118e+03,-3.672082908e-03
1.011888855e+03,-6.793353707e-03
1.012131653e+03,-8.996603079e-03
1.012374390e+03,-8.874200284e-04
1.012617188e+03,-3.610881511e-03
1.012859985e+03,5.202117609e-04
1.013102783e+03,-7.129961159e-03
1.013345581e+03,-4.926711321e-03
1.013588379e+03,-3.519079415e-03
1.013831177e+03,1.071024220e-03
1.014074036e+03,-1.303589437e-02
1.014316833e+03,-2.968267072e-03
1.014559692e+03,-6.946356967e-03
1.014802551e+03,-5.661128089e-03
1.015045349e+03,-7.864377461e-03
1.015288269e+03,-7.160561625e-03
1.015531128e+03,-1.337250229e-02
1.015773987e+03,-3.482358530e-02
1.016016846e+03,-3.298754618e-02
1.016259766e+03,-3.555800393e-02
1.016502686e+03,-3.708803654e-02
1.016745544e+03,-3.427277505e-02
1.016988464e+03,-3.341595456e-02
