1.933779755e+02,2.761937911e-03
1.935834351e+02,-9.415091947e-03
1.937889099e+02,6.916830316e-03
1.939943848e+02,-7.753135636e-03
1.941998901e+02,4.136248492e-03
1.944053955e+02,-1.840404235e-03
1.946109161e+02,9.793293662e-03
1.948164520e+02,3.241348546e-03
1.950220032e+02,1.669680700e-02
1.952275696e+02,-7.401567884e-03
1.954331360e+02,1.727209985e-02
1.956387177e+02,2.340855636e-02
1.958443298e+02,1.525857579e-02
1.960499420e+02,-2.511579078e-03
1.962555695e+02,9.090158157e-03
1.964611969e+02,2.193836309e-02
1.966668549e+02,5.734283943e-03
1.968725128e+02,1.902993955e-02
1.970782013e+02,4.551737569e-03
1.972838898e+02,2.465502359e-02
1.974895935e+02,1.250995416e-02
1.976953125e+02,1.279760059e-02
1.979010315e+02,-5.771571305e-03
1.981067810e+02,-1.552757807e-03
1.983125305e+02,1.177485846e-02
1.985182953e+02,-5.867453758e-03
1.987240906e+02,-1.552757807e-03
1.989298706e+02,-1.776482794e-03
1.991356812e+02,-6.410785485e-03
1.993415070e+02,2.690026304e-04
1.995473328e+02,-1.283488795e-02
1.997531891e+02,-2.990989713e-03
1.999590454e+02,-5.260200240e-03
2.001649170e+02,9.721382521e-04
2.003708038e+02,-1.305861305e-02
2.005766907e+02,2.577364817e-02
2.007826080e+02,1.445955783e-02
2.009885254e+02,-4.972553812e-03
2.011944733e+02,4.527767305e-05
2.014004211e+02,5.446637515e-03
2.016063843e+02,7.803739863e-04
2.018123627e+02,-1.628664508e-02
2.020183411e+02,-2.000207780e-03
2.022243500e+02,2.312090993e-02
2.024303589e+02,2.346448833e-03
2.026363831e+02,1.429975405e-02
2.028424225e+02,2.513443492e-02
2.030484772e+02,1.346877590e-02
2.032545471e+02,5.987572670e-02
2.034606171e+02,8.442954277e-04
2.036667175e+02,4.711541347e-03
2.038728180e+02,4.200169817e-03
2.040789337e+02,1.973307505e-02
2.042850647e+02,2.538213041e-03
2.044912109e+02,-9.774650680e-04
2.046973724e+02,-2.895107726e-03
2.049035339e+02,-8.176614647e-04
2.051097107e+02,1.442759670e-02
2.053159180e+02,4.453458637e-02
2.055221252e+02,4.971222207e-02
2.057283478e+02,2.050812182e-04
2.059345703e+02,3.968454839e-04
2.061408234e+02,-7.753135636e-03
2.063470764e+02,8.131337352e-03
2.065533600e+02,2.921741456e-03
2.067596436e+02,-8.903721347e-03
2.069659424e+02,1.209446508e-02
2.071722412e+02,5.446637515e-03
2.073785706e+02,2.222600952e-02
2.075848999e+02,-8.072742261e-03
2.077912598e+02,-1.024607103e-02
2.079976196e+02,1.177485846e-02
2.082039948e+02,2.218605950e-03
2.084103851e+02,-1.584718470e-03
2.086167908e+02,5.894087721e-03
2.088231964e+02,5.318794865e-03
2.090296173e+02,-1.024607103e-02
2.092360687e+02,4.200169817e-03
2.094425201e+02,-7.857008022e-04
2.096489868e+02,1.962920185e-03
2.098554535e+02,2.970481664e-02
2.100619507e+02,1.331696240e-05
2.102684479e+02,-1.146057807e-02
2.104749756e+02,5.063109100e-03
2.106815033e+02,1.040054765e-02
2.108880463e+02,5.670362618e-03
2.110946045e+02,1.500288956e-02
2.113011627e+02,-3.630203893e-03
2.115077515e+02,-1.936286339e-03
2.117143402e+02,-4.660936829e-04
2.119209442e+02,-2.863146830e-03
2.121275635e+02,8.387022652e-03
2.123341980e+02,3.523401916e-02
2.125408478e+02,4.839383997e-03
2.127475128e+02,2.538213041e-03
2.129541779e+02,1.215838641e-02
2.131608582e+02,-2.895107726e-03
2.133675537e+02,-8.967642672e-03
2.135742645e+02,2.218605950e-03
2.137809906e+02,-5.483924877e-03
2.139877319e+02,-2.639421960e-03
2.141944733e+02,1.142329071e-02
2.144012299e+02,-1.216371357e-02
2.146080017e+02,-2.703343285e-03
2.148147888e+02,-6.794314366e-03
2.150215912e+02,-4.844710696e-03
2.152284088e+02,-1.021410991e-02
2.154352264e+02,4.328012932e-03
2.156420746e+02,3.720759181e-03
2.158489227e+02,-1.456076652e-02
2.160557861e+02,-3.246675478e-03
2.162626648e+02,8.642708883e-03
2.164695435e+02,8.546826430e-03
2.166764526e+02,8.834472857e-03
2.168833618e+02,-4.493142944e-03
2.170902863e+02,-3.726086114e-03
2.172972412e+02,2.590149269e-02
2.175041809e+02,1.554622222e-02
2.177111511e+02,3.069559857e-02
2.179181366e+02,-7.857008022e-04
2.181251221e+02,1.148721203e-02
2.183321228e+02,-4.940593150e-03
2.185391388e+02,-6.954117678e-03
2.187461700e+02,-1.552757807e-03
2.189532166e+02,-4.173535854e-03
2.191602783e+02,-3.278636141e-03
2.193673401e+02,-6.898186402e-04
2.195744171e+02,6.757026538e-03
2.197815247e+02,-6.258972571e-04
2.199886322e+02,7.715847809e-03
2.201957397e+02,4.615659360e-03
2.204028778e+02,-7.529410534e-03
2.206100159e+02,5.222912412e-03
2.208171844e+02,-9.830581956e-03
2.210243530e+02,-3.790007439e-03
2.212315369e+02,5.606441293e-03
2.214387360e+02,1.608955301e-02
2.216459351e+02,-1.094920654e-02
2.218531647e+02,-5.420003552e-03
2.220603943e+02,6.277616136e-03
2.222676392e+02,-2.104080049e-04
2.224748993e+02,1.848660782e-02
2.226821747e+02,2.455914207e-02
2.228894653e+02,9.473687038e-03
2.230967712e+02,-6.506667938e-03
2.233040771e+02,2.276934311e-02
2.235113983e+02,-3.054911271e-03
2.237187347e+02,1.004098915e-03
2.239260864e+02,2.877795510e-02
2.241334534e+02,-4.716868047e-03
2.243408203e+02,-9.958424605e-03
2.245482178e+02,1.330897212e-02
2.247556152e+02,1.848660782e-02
2.249630280e+02,-3.438439686e-03
2.251704559e+02,1.385230385e-02
2.253778839e+02,2.717992105e-02
2.255853424e+02,2.046817169e-02
2.257928009e+02,-1.168430317e-02
2.260002899e+02,8.442954277e-04
2.262077789e+02,-8.176614647e-04
2.264152832e+02,3.720759181e-03
2.266227875e+02,-9.542935528e-03
2.268303223e+02,8.930355310e-03
2.270378571e+02,1.004098915e-03
2.272454224e+02,1.468328293e-02
2.274529877e+02,-6.410785485e-03
2.276605682e+02,-1.635056548e-02
2.278681488e+02,-5.060445619e-05
2.280757599e+02,8.610747755e-03
2.282833710e+02,-8.176614647e-04
2.284910126e+02,-1.110901032e-02
2.286986542e+02,-2.799225505e-03
2.289063110e+02,1.228622906e-02
2.291139679e+02,2.538213041e-03
2.293216553e+02,7.012712304e-03
2.295293427e+02,1.487504691e-02
2.297370605e+02,3.491441160e-02
2.299447784e+02,1.410799008e-02
2.301525116e+02,-1.452880632e-02
2.303602448e+02,5.510558840e-03
2.305680084e+02,-2.415696857e-03
2.307757721e+02,-4.660936829e-04
2.309835663e+02,2.026841743e-03
2.311913605e+02,2.948109061e-02
2.313991699e+02,3.912523389e-03
2.316069794e+02,-1.101312786e-02
2.318148193e+02,1.839072444e-02
2.320226746e+02,1.305328682e-02
2.322305298e+02,3.443500027e-02
2.324384003e+02,-9.095485322e-03
2.326462860e+02,1.640916057e-02
2.328541870e+02,-1.024607103e-02
2.330620880e+02,4.232130479e-03
2.332700195e+02,-4.812750034e-03
2.334779510e+02,-6.155100185e-03
2.336858978e+02,2.149091475e-02
2.338938599e+02,-1.808443456e-03
2.341018372e+02,-4.716868047e-03
2.343098145e+02,-1.216371357e-02
2.345178223e+02,2.714795992e-02
2.347258301e+02,3.145466559e-03
2.349338531e+02,-6.826275028e-03
2.351418915e+02,1.944542862e-02
2.353499298e+02,1.075211540e-02
2.355579987e+02,-1.200390980e-02
2.357660675e+02,-1.903526671e-02
2.359741669e+02,-2.128050663e-03
2.361822662e+02,1.212642621e-02
2.363903809e+02,4.258498177e-02
2.365984955e+02,-8.616074920e-03
2.368066406e+02,-5.420003552e-03
2.370147858e+02,3.337230766e-03
2.372229462e+02,5.574480630e-03
2.374311371e+02,7.484132657e-04
2.376393127e+02,1.529053599e-02
2.378475189e+02,6.021930370e-03
2.380557404e+02,9.761333466e-03
2.382639618e+02,1.279760059e-02
2.384721985e+02,-2.607461298e-03
2.386804504e+02,1.180681866e-02
2.388887177e+02,3.475460783e-02
2.390970001e+02,4.955241829e-02
2.393052826e+02,-4.589025397e-03
2.395135956e+02,5.606441293e-03
2.397219086e+02,2.302502841e-02
2.399302368e+02,6.405458786e-03
2.401385803e+02,-1.635056548e-02
2.403469238e+02,2.532619983e-02
2.405552979e+02,6.469380111e-03
2.407636719e+02,-1.293077040e-02
2.409720612e+02,-2.543539740e-03
2.411804657e+02,-3.054911271e-03
2.413888855e+02,1.004098915e-03
2.415973206e+02,5.886097206e-04
2.418057556e+02,-9.319210425e-03
2.420142059e+02,1.107172295e-02
2.422226715e+02,5.677553639e-02
2.424311523e+02,-8.999602869e-03
2.426396484e+02,-1.424914924e-03
2.428481598e+02,6.661144551e-03
2.430566711e+02,-4.205496516e-03
2.432651978e+02,-8.200585842e-03
2.434737549e+02,3.560955636e-03
2.436822968e+02,-8.136663586e-03
2.438908691e+02,3.968454839e-04
2.440994568e+02,2.538213041e-03
2.443080444e+02,-9.223327972e-03
2.445166473e+02,2.564580552e-02
2.447252655e+02,1.672876813e-02
2.449338989e+02,-7.049999665e-03
2.451425476e+02,-1.206783112e-02
2.453511963e+02,-9.031563997e-03
2.455598755e+02,6.693105213e-03
2.457685547e+02,3.210186958e-02
2.459772491e+02,-1.427312009e-02
2.461859589e+02,-2.255893312e-03
2.463946686e+02,2.136307023e-02
2.466034088e+02,-3.630203893e-03
2.468121490e+02,-1.791664027e-02
2.470209045e+02,4.328012932e-03
2.472296753e+02,1.436367538e-02
2.474384613e+02,-8.935681544e-03
2.476472626e+02,4.775462672e-03
2.478560638e+02,8.610747755e-03
2.480648804e+02,4.583698232e-03
2.482737122e+02,4.615659360e-03
2.484825592e+02,-6.155100185e-03
2.486914215e+02,3.241348546e-03
2.489002991e+02,3.648847633e-04
2.491091766e+02,-7.944899611e-03
2.493180695e+02,1.276564039e-02
2.495269775e+02,8.514865302e-03
2.497359009e+02,-1.648639911e-03
2.499448395e+02,8.802511729e-03
2.501537781e+02,-1.417723857e-02
2.503627472e+02,1.020878367e-02
2.505717163e+02,1.407602895e-02
2.507807007e+02,-1.964251883e-02
2.509897003e+02,2.282527275e-03
2.511987000e+02,2.954501286e-02
2.514077301e+02,7.484132657e-04
2.516167603e+02,1.970111392e-02
2.518258057e+02,-1.574331336e-02
2.520348663e+02,2.260953933e-02
2.522439423e+02,3.528994974e-03
2.524530182e+02,2.538213041e-03
2.526621246e+02,-1.130077429e-02
2.528712311e+02,1.346877590e-02
2.530803528e+02,2.825859468e-03
2.532894897e+02,-7.689213846e-03
2.534986420e+02,-1.126881316e-02
2.537077942e+02,-3.949811216e-03
2.539169617e+02,9.601529688e-03
2.541261444e+02,1.564210467e-02
2.543353424e+02,6.309576798e-03
2.545445557e+02,3.638460487e-02
2.547537842e+02,2.346448833e-03
2.549630127e+02,1.644112170e-02
2.551722717e+02,-1.241939887e-02
2.553815308e+02,1.241407264e-02
2.555908051e+02,-1.456875703e-03
2.558000793e+02,-1.356998459e-02
2.560093689e+02,3.009633510e-04
2.562186890e+02,1.292544324e-02
2.564280090e+02,1.535445731e-02
2.566373596e+02,-6.314903498e-03
2.568467102e+02,-8.488231339e-03
2.570560608e+02,-2.415696857e-03
2.572654419e+02,2.280130237e-02
2.574748230e+02,-1.865173690e-02
2.576842041e+02,-1.520797145e-03
2.578936157e+02,4.288061755e-04
2.581030579e+02,4.711541347e-03
2.583125000e+02,-1.201190054e-03
2.585219421e+02,-1.050175633e-02
2.587313843e+02,4.583698232e-03
2.589408569e+02,1.008094009e-02
2.591503601e+02,-5.995296407e-03
2.593598633e+02,-8.935681544e-03
2.595693665e+02,1.992483996e-02
2.597789001e+02,9.825254790e-03
2.599884338e+02,-1.746919192e-02
2.601979675e+02,1.451548887e-03
2.604075317e+02,8.994276635e-03
2.606170959e+02,1.163902460e-03
2.608266907e+02,-1.005430613e-02
2.610362854e+02,-1.085332409e-02
2.612459106e+02,6.597223226e-03
2.614555359e+02,3.560955636e-03
2.616651611e+02,-6.474707276e-03
2.618748169e+02,-9.510974400e-03
2.620844727e+02,9.090158157e-03
2.622941284e+02,1.206250489e-02
2.625038147e+02,-1.046979614e-02
2.627135315e+02,-1.520797145e-03
2.629232483e+02,1.497092936e-02
2.631329651e+02,-6.410785485e-03
2.633426819e+02,-1.417723857e-02
2.635524292e+02,4.200169817e-03
2.637622070e+02,-8.552153595e-03
2.639719849e+02,5.670362618e-03
2.641817627e+02,-5.579807330e-03
2.643915710e+02,-6.506667938e-03
2.646013794e+02,6.149773020e-03
2.648111877e+02,2.186645288e-03
2.650210266e+02,-1.018214971e-02
2.652308655e+02,7.164526032e-04
2.654407349e+02,9.537608363e-03
2.656506042e+02,1.247799397e-02
2.658605042e+02,-3.534321906e-03
2.660704041e+02,1.624935679e-02
2.662803040e+02,1.337289345e-02
2.664902344e+02,-5.963335745e-03
2.667001648e+02,3.667224944e-02
2.669101257e+02,-4.660936829e-04
2.671200867e+02,3.720759181e-03
2.673300476e+02,1.327701192e-02
2.675400391e+02,-4.021722707e-04
2.677500305e+02,2.857820131e-03
2.679600525e+02,4.927276168e-04
2.681700745e+02,4.169008136e-02
2.683800964e+02,-3.598243231e-03
2.685901489e+02,-1.718154550e-02
2.688002014e+02,2.749952674e-02
2.690102844e+02,4.743502010e-03
2.692203674e+02,-1.059763879e-02
2.694304504e+02,1.771155978e-03
2.696405640e+02,1.775151119e-02
2.698506775e+02,1.611352433e-03
2.700608215e+02,-1.411331631e-02
2.702709656e+02,-1.248332020e-02
2.704811401e+02,1.126348693e-02
2.706913147e+02,3.305270104e-03
2.709014893e+02,1.259784680e-03
2.711116943e+02,-5.867453758e-03
2.713218994e+02,7.651926484e-03
2.715321045e+02,9.090158157e-03
2.717423401e+02,-1.712561352e-03
2.719526062e+02,1.880621351e-02
2.721628418e+02,-4.493142944e-03
2.723731384e+02,-1.840404235e-03
2.725834045e+02,-1.356998459e-02
2.727937012e+02,-6.922157016e-03
2.730039978e+02,2.941717021e-02
2.732143250e+02,1.164701488e-02
2.734246521e+02,1.999275535e-01
2.736350098e+02,-1.293077040e-02
2.738453674e+02,1.155113336e-02
2.740557556e+02,-4.748828709e-03
2.742661133e+02,-1.481645275e-02
2.744765320e+02,-4.589025397e-03
2.746869202e+02,-6.762353703e-03
2.748973389e+02,5.382716190e-03
2.751077881e+02,1.692053303e-02
2.753182373e+02,5.318794865e-03
2.755286865e+02,1.215838641e-02
2.757391663e+02,-4.844710696e-03
2.759496460e+02,-3.438439686e-03
2.761601257e+02,-1.478449162e-02
2.763706360e+02,2.826658450e-02
2.765811462e+02,3.507421538e-02
2.767916870e+02,5.478598177e-03
2.770022278e+02,-4.748828709e-03
2.772127991e+02,3.290088847e-02
2.774233704e+02,2.018052526e-02
2.776339417e+02,1.417191140e-02
2.778445435e+02,7.268398069e-03
2.780551453e+02,-2.743294172e-04
2.782657471e+02,1.091990925e-04
2.784763794e+02,-6.314903498e-03
2.786870422e+02,-5.060445619e-05
2.788976746e+02,-2.160011325e-03
2.791083679e+02,8.003494702e-03
2.793190308e+02,-5.643728655e-03
2.795297241e+02,-8.136663586e-03
2.797404175e+02,1.049643010e-02
2.799511414e+02,5.382716190e-03
2.801618652e+02,-1.110901032e-02
2.803726196e+02,-1.235547755e-02
2.805833740e+02,2.634095261e-03
2.807941284e+02,2.018052526e-02
2.810049133e+02,-5.643728655e-03
2.812156982e+02,1.640916057e-02
2.814265137e+02,1.515470329e-03
2.816373291e+02,-7.857008022e-04
2.818481750e+02,-2.434074320e-02
2.820589905e+02,-1.440096274e-02
2.822698669e+02,4.680379480e-02
2.824807129e+02,1.398014743e-02
2.826915894e+02,-7.912939414e-03
2.829024963e+02,-5.004514474e-03
2.831134033e+02,3.656837856e-03
2.833243103e+02,2.542208135e-02
2.835352478e+02,-7.209803443e-03
2.837461853e+02,-1.382566988e-02
2.839571228e+02,2.091562189e-02
2.841680908e+02,-8.256516594e-05
2.843790588e+02,-4.748828709e-03
2.845900574e+02,-1.762899384e-02
2.848010559e+02,1.452347916e-02
2.850120850e+02,1.282956172e-02
2.852230835e+02,4.927276168e-04
2.854341431e+02,-1.849193312e-02
2.856452026e+02,3.944484051e-03
2.858562622e+02,-9.766660631e-03
2.860673218e+02,7.747808471e-03
2.862784119e+02,5.190951750e-03
2.864895020e+02,1.500288956e-02
2.867006226e+02,9.537608363e-03
2.869117432e+02,-1.507213805e-02
2.871228943e+02,-1.519998070e-02
2.873340454e+02,-9.135436267e-04
2.875451965e+02,-2.479618415e-03
2.877563782e+02,-1.379370969e-02
2.879675598e+02,-2.319814870e-03
2.881787720e+02,6.948790979e-03
2.883899536e+02,9.313883260e-03
2.886011963e+02,7.723837916e-05
2.888124390e+02,-1.046979614e-02
2.890236816e+02,1.004098915e-03
2.892349243e+02,3.056775592e-02
2.894461975e+02,-1.225959510e-02
2.896575012e+02,-1.197194960e-02
2.898687744e+02,4.903305322e-03
2.900801086e+02,1.337289345e-02
2.902914124e+02,-7.401567884e-03
2.905027466e+02,-8.711956441e-03
2.907141113e+02,2.442330820e-03
2.909254456e+02,2.222600952e-02
2.911368408e+02,-5.995296407e-03
2.913482056e+02,-7.337646093e-03
2.915596008e+02,8.930355310e-03
2.917710266e+02,1.222230773e-02
2.919824219e+02,9.953097440e-03
2.921938782e+02,-1.165234204e-02
2.924053040e+02,9.889176115e-03
2.926167603e+02,2.618913725e-02
2.928282471e+02,-1.181214582e-02
2.930397034e+02,-4.876671825e-03
2.932512207e+02,5.958009046e-03
2.934627075e+02,3.145466559e-03
2.936742249e+02,-4.301378969e-03
2.938857727e+02,-8.232546039e-03
2.940973206e+02,1.826288179e-02
2.943088684e+02,-1.297072158e-03
2.945204163e+02,-9.455043473e-04
2.947320251e+02,-7.849017158e-03
2.949436035e+02,-1.784472988e-04
2.951552124e+02,-5.619758158e-04
2.953668213e+02,-5.515886005e-03
2.955784607e+02,-1.098116674e-02
2.957901001e+02,1.579391770e-03
2.960017395e+02,1.331696240e-05
2.962134094e+02,-2.056938037e-02
2.964250793e+02,-1.433704142e-02
2.966367798e+02,1.404406875e-02
2.968484802e+02,8.642708883e-03
2.970601807e+02,-7.145882118e-03
2.972719116e+02,-6.506667938e-03
2.974836731e+02,2.085169964e-02
2.976954041e+02,2.753148787e-02
2.979071655e+02,1.195863239e-03
2.981189575e+02,4.519776907e-03
2.983307495e+02,-8.040782064e-03
2.985425415e+02,-6.578579196e-04
2.987543335e+02,-8.552153595e-03
2.989661865e+02,-4.301378969e-03
2.991780090e+02,-8.392349817e-03
2.993898621e+02,-5.300150951e-04
2.996017151e+02,4.743502010e-03
2.998135986e+02,-9.766660631e-03
3.000254822e+02,9.569569491e-03
3.002373657e+02,1.171093713e-02
3.004492798e+02,-7.817056961e-03
3.006611938e+02,-1.737330854e-02
3.008731384e+02,1.084799785e-02
3.010850830e+02,6.405458786e-03
3.012970581e+02,1.624935679e-02
3.015090027e+02,-1.146057807e-02
3.017210083e+02,3.628872335e-02
3.019329834e+02,3.648847633e-04
3.021450195e+02,-4.461182281e-03
3.023570251e+02,-1.094920654e-02
3.025690613e+02,1.778347231e-02
3.027810974e+02,2.078777738e-02
3.029931641e+02,-1.619076356e-02
3.032052307e+02,4.463046789e-02
3.034172974e+02,1.902993955e-02
3.036293945e+02,-1.171626337e-02
3.038414917e+02,-3.702115500e-04
3.040536194e+02,-2.831186168e-03
3.042657471e+02,-7.465489209e-03
3.044779053e+02,2.308894880e-02
3.046900635e+02,-3.246675478e-03
3.049022217e+02,-6.762353703e-03
3.051143799e+02,3.944484051e-03
3.053265991e+02,-1.864374644e-05
3.055387878e+02,-1.059763879e-02
3.057510071e+02,-1.478449162e-02
3.059632263e+02,-4.812750034e-03
3.061754761e+02,2.050812182e-04
3.063877258e+02,-1.516802050e-02
3.065999756e+02,-1.283488795e-02
3.068122559e+02,-6.826275028e-03
3.070245361e+02,-4.077653866e-03
3.072368469e+02,-9.542935528e-03
3.074491577e+02,-9.670778178e-03
3.076614990e+02,4.583698232e-03
3.078738098e+02,2.478286624e-02
3.080861816e+02,-2.032168442e-03
3.082985229e+02,-1.372978836e-02
3.085108948e+02,2.142699249e-02
3.087232971e+02,2.793898806e-03
3.089356995e+02,-6.059217732e-03
3.091481018e+02,-5.867453758e-03
3.093605347e+02,1.033662632e-02
3.095729675e+02,-2.743294172e-04
3.097854004e+02,-3.342557466e-03
3.099978638e+02,-1.392155234e-02
3.102103271e+02,1.206250489e-02
3.104228210e+02,6.309576798e-03
3.106353149e+02,-1.776482794e-03
3.108478088e+02,-1.372978836e-02
3.110603333e+02,-6.986078341e-03
3.112728577e+02,-1.776482794e-03
3.114854126e+02,1.573798619e-02
3.116979675e+02,-7.529410534e-03
3.119105225e+02,-5.356082227e-03
3.121231079e+02,2.529423870e-02
3.123356934e+02,-4.748828709e-03
3.125483093e+02,1.845464669e-02
3.127609253e+02,9.441725910e-03
3.129735413e+02,2.370419243e-04
3.131861877e+02,-1.430508122e-02
3.133988342e+02,-5.100396462e-03
3.136115112e+02,-5.451964214e-03
3.138241882e+02,6.405458786e-03
3.140368652e+02,6.525311619e-04
3.142495728e+02,-7.305685431e-03
3.144622803e+02,2.248169668e-02
3.146750183e+02,3.577735275e-02
3.148877563e+02,3.009633510e-04
3.151004944e+02,-1.535978448e-02
3.153132629e+02,-4.021722707e-04
3.155260315e+02,5.510558840e-03
3.157388306e+02,-5.803531967e-03
3.159516296e+02,-1.251528133e-02
3.161644287e+02,-1.137268613e-03
3.163772583e+02,-6.506667938e-03
3.165900879e+02,-1.968247117e-03
3.168029480e+02,-1.808443456e-03
3.170158081e+02,6.597223226e-03
3.172286682e+02,6.661144551e-03
3.174415588e+02,5.286834203e-03
3.176544495e+02,-1.178018469e-02
3.178673706e+02,3.577735275e-02
3.180802612e+02,1.442759670e-02
3.182932129e+02,-6.570589263e-03
3.185061646e+02,-1.705370285e-02
3.187191162e+02,-4.525103606e-03
3.189320679e+02,-2.064129105e-03
3.191450500e+02,4.487816244e-03
3.193580322e+02,1.177485846e-02
3.195710449e+02,1.419588225e-03
3.197840576e+02,-1.784472988e-04
3.199971008e+02,-7.529410534e-03
3.202101440e+02,8.450943977e-03
3.204231873e+02,3.769499436e-02
3.206362610e+02,4.328012932e-03
3.208493347e+02,-8.424310014e-03
3.210624084e+02,-1.171626337e-02
3.212755127e+02,5.510558840e-03
3.214886169e+02,1.509877201e-02
3.217017517e+02,-1.040587481e-02
3.219148865e+02,4.200169817e-03
3.221280518e+02,-3.885889659e-03
3.223411865e+02,2.155483514e-02
3.225543823e+02,1.164701488e-02
3.227675476e+02,-5.300150951e-04
3.229807434e+02,2.315287106e-02
3.231939697e+02,3.305270104e-03
3.234071960e+02,-1.452880632e-02
3.236204224e+02,6.117812358e-03
3.238336792e+02,1.845464669e-02
3.240469360e+02,1.163902460e-03
3.242601929e+02,1.375642233e-02
3.244734802e+02,-6.922157016e-03
3.246867676e+02,5.031148437e-03
3.249000854e+02,-3.246675478e-03
3.251134033e+02,1.155113336e-02
3.253267212e+02,-7.369606756e-03
3.255400696e+02,1.187073998e-02
3.257534180e+02,1.167897601e-02
3.259667969e+02,1.768758893e-02
3.261801758e+02,-5.963335745e-03
3.263935547e+02,-8.456271142e-03
3.266069641e+02,-7.537400816e-04
3.268203735e+02,2.433541790e-02
3.270337830e+02,6.277616136e-03
3.272472229e+02,1.014486235e-02
3.274606934e+02,-1.840404235e-03
3.276741333e+02,1.611352433e-03
3.278876038e+02,2.085169964e-02
3.281011047e+02,3.848602064e-03
3.283146057e+02,2.154684393e-03
3.285281067e+02,-7.209803443e-03
3.287416382e+02,-2.160011325e-03
3.289551697e+02,8.418983780e-03
3.291687317e+02,3.656837856e-03
3.293822632e+02,1.174289733e-02
3.295958557e+02,-1.909918711e-02
3.298094177e+02,5.382716190e-03
3.300230103e+02,1.986091770e-02
3.302366333e+02,-1.149253827e-02
3.304502563e+02,9.082168108e-04
3.306638794e+02,2.690026304e-04
3.308775330e+02,9.473687038e-03
3.310911865e+02,-1.539174467e-02
3.313048401e+02,-2.160011325e-03
3.315185242e+02,-4.980543745e-04
3.317322083e+02,2.985663014e-03
3.319459229e+02,4.927276168e-04
3.321596375e+02,2.996050194e-02
3.323733521e+02,4.935266450e-03
3.325870972e+02,1.177485846e-02
3.328008423e+02,-6.954117678e-03
3.330146179e+02,-1.459272765e-02
3.332283936e+02,4.105086997e-02
3.334421692e+02,6.661144551e-03
3.336559753e+02,7.556044497e-03
3.338697815e+02,-1.133273542e-02
3.340835876e+02,9.921137244e-03
3.342974243e+02,6.181734148e-03
3.345112915e+02,3.453088179e-02
3.347251282e+02,-1.711762324e-02
3.349389954e+02,1.407602895e-02
3.351528931e+02,7.300358731e-03
3.353667908e+02,-9.574895725e-03
3.355806885e+02,-7.273724768e-03
3.357946167e+02,1.458740048e-02
3.360085449e+02,-1.464865927e-04
3.362224731e+02,-6.378824823e-03
3.364364319e+02,-9.734699503e-03
3.366503906e+02,3.772695363e-02
3.368643799e+02,1.800719649e-02
3.370783691e+02,1.592975110e-02
3.372923889e+02,-1.130077429e-02
3.375063782e+02,1.056035142e-02
3.377204285e+02,8.762561483e-04
3.379344482e+02,-9.135436267e-04
3.381484985e+02,-7.912939414e-03
3.383625793e+02,-1.776482794e-03
3.385766296e+02,6.629183888e-03
3.387907410e+02,-1.778879762e-02
3.390048218e+02,-8.496221853e-04
3.392189331e+02,2.474291716e-03
3.394330444e+02,1.752778515e-02
3.396471863e+02,6.149773020e-03
3.398613281e+02,-1.091724541e-02
3.400755005e+02,1.163902460e-03
3.402896729e+02,9.186040610e-03
3.405038452e+02,2.985663014e-03
3.407180481e+02,-8.903721347e-03
3.409322510e+02,-7.689213846e-03
3.411464539e+02,1.062427275e-02
3.413606873e+02,-4.021722707e-04
3.415749207e+02,-4.716868047e-03
3.417891846e+02,2.370419243e-04
3.420034485e+02,2.356836013e-02
3.422177124e+02,-8.488231339e-03
3.424320068e+02,7.524083834e-03
3.426463318e+02,4.296052270e-03
3.428606262e+02,-4.748828709e-03
3.430749512e+02,4.136248492e-03
3.432892761e+02,-8.072742261e-03
3.435036316e+02,2.305698954e-02
3.437179871e+02,1.355666784e-03
3.439323730e+02,-1.993016526e-02
3.441467590e+02,-5.939365365e-04
3.443611450e+02,-5.867453758e-03
3.445755615e+02,7.484132657e-04
3.447899780e+02,-1.254724152e-02
3.450044250e+02,-5.036475137e-03
3.452188721e+02,4.935266450e-03
3.454333191e+02,6.181734148e-03
3.456477661e+02,-9.606856853e-03
3.458622742e+02,-1.078940276e-02
3.460767517e+02,2.171463892e-02
3.462912598e+02,3.241348546e-03
3.465057678e+02,-1.417723857e-02
3.467203064e+02,-5.939365365e-04
3.469348450e+02,6.884869654e-03
3.471493835e+02,4.999187775e-03
3.473639526e+02,-5.771571305e-03
3.475785217e+02,6.213694811e-03
3.477931213e+02,-2.415696857e-03
3.480077209e+02,1.350073610e-02
3.482223206e+02,4.296052270e-03
3.484369507e+02,-1.651036926e-02
3.486515808e+02,2.921741456e-03
3.488662109e+02,4.711541347e-03
3.490808716e+02,1.110368315e-02
3.492955627e+02,-8.679996245e-03
3.495102234e+02,8.802511729e-03
3.497249146e+02,-3.821968101e-03
3.499396362e+02,-7.209803443e-03
3.501543579e+02,-3.310596803e-03
3.503690796e+02,1.731205120e-04
3.505838318e+02,1.091990925e-04
3.507985840e+02,8.035454899e-03
3.510133362e+02,-7.497449871e-03
3.512281189e+02,2.053209208e-02
3.514429016e+02,1.516269334e-02
3.516577148e+02,-1.753311232e-02
3.518725281e+02,2.455914207e-02
3.520873413e+02,1.289348304e-02
3.523021851e+02,-7.537400816e-04
3.525170288e+02,1.570602506e-02
3.527318726e+02,-3.214714816e-03
3.529467468e+02,1.579391770e-03
3.531616516e+02,1.564210467e-02
3.533765259e+02,6.205704412e-04
3.535914307e+02,-5.388042890e-03
3.538063660e+02,6.205704412e-04
3.540213013e+02,1.647308283e-02
3.542362366e+02,-3.054911271e-03
3.544512024e+02,-2.191971987e-03
3.546661682e+02,2.452718094e-02
3.548811340e+02,1.171093713e-02
3.550961304e+02,-1.430508122e-02
3.553111267e+02,-1.625468396e-02
3.555261536e+02,1.669680700e-02
3.557411804e+02,-8.496221853e-04
3.559562073e+02,2.149091475e-02
3.561712646e+02,-1.021410991e-02
3.563863220e+02,1.877425425e-02
3.566013794e+02,7.971533574e-03
3.568164673e+02,-1.737330854e-02
3.570315857e+02,7.803739863e-04
3.572466736e+02,1.419588225e-03
3.574617920e+02,2.050013095e-02
3.576769409e+02,-1.520797145e-03
3.578920898e+02,-5.939365365e-04
3.581072388e+02,-1.041386509e-03
3.583223877e+02,2.024444565e-02
3.585375671e+02,3.012030572e-02
3.587527771e+02,-6.762353703e-03
3.589679871e+02,-6.346864160e-03
3.591831970e+02,2.889780793e-03
3.593984070e+02,-1.465664897e-02
3.596136475e+02,-2.863146830e-03
3.598289185e+02,4.903305322e-03
3.600441589e+02,1.180681866e-02
3.602594299e+02,-1.009425730e-03
3.604747314e+02,1.081603672e-02
3.606900330e+02,4.679580685e-03
3.609053345e+02,2.529423870e-02
3.611206665e+02,-1.184410602e-02
3.613359985e+02,-4.716868047e-03
3.615513306e+02,-3.246675478e-03
3.617666931e+02,9.697412141e-03
3.619820557e+02,-1.833213121e-02
3.621974487e+02,6.085851695e-03
3.624128418e+02,1.420387160e-02
3.626282349e+02,8.930355310e-03
3.628436584e+02,-2.543539740e-03
3.630590820e+02,-1.056567766e-02
3.632745056e+02,2.868207358e-02
3.634899597e+02,1.017682254e-02
3.637054443e+02,-1.392954262e-03
3.639208984e+02,-5.963335745e-03
3.641363831e+02,1.087995805e-02
3.643518982e+02,-3.310596803e-03
3.645674133e+02,-1.130077429e-02
3.647829285e+02,1.864641160e-02
3.649984436e+02,3.996420279e-02
3.652139893e+02,1.024074387e-02
3.654295654e+02,1.803116756e-03
3.656451111e+02,-1.871565916e-02
3.658607178e+02,2.634095261e-03
3.660762939e+02,4.328012932e-03
3.662919006e+02,3.433112986e-03
3.665075073e+02,1.525857579e-02
3.667231445e+02,2.932128683e-02
3.669387817e+02,2.538213041e-03
3.671544495e+02,-1.472057030e-02
3.673700867e+02,-9.606856853e-03
3.675857849e+02,5.766244605e-03
3.678014526e+02,2.462306246e-02
3.680171509e+02,5.989969708e-03
3.682328796e+02,-1.325037796e-02
3.684485779e+02,1.685661077e-02
3.686643066e+02,2.602134366e-03
3.688800659e+02,1.227823901e-03
3.690958252e+02,-9.734699503e-03
3.693115845e+02,1.845464669e-02
3.695273743e+02,3.807852045e-02
3.697431641e+02,1.784739271e-02
3.699589539e+02,-1.456076652e-02
3.701747742e+02,2.283326350e-02
3.703906250e+02,-3.726086114e-03
3.706064453e+02,4.487816244e-03
3.708222961e+02,-5.292160902e-03
3.710381775e+02,8.163297549e-03
3.712540283e+02,6.300787628e-02
3.714699097e+02,-1.302665286e-02
3.716858215e+02,-9.734699503e-03
3.719017334e+02,4.232929647e-02
3.721176453e+02,9.665451013e-03
3.723335876e+02,1.930959523e-03
3.725495300e+02,-9.958424605e-03
3.727654724e+02,-6.123139057e-03
3.729814453e+02,1.375642233e-02
3.731974182e+02,-8.743917570e-03
3.734134216e+02,1.346877590e-02
3.736294250e+02,6.085851695e-03
3.738454285e+02,2.865011245e-02
3.740614624e+02,-1.379370969e-02
3.742774963e+02,1.259784680e-03
3.744935608e+02,8.482905105e-03
3.747096252e+02,-6.091178395e-03
3.749256897e+02,-2.133643627e-02
3.751417847e+02,-1.296273153e-02
3.753578796e+02,8.962315507e-03
3.755739746e+02,2.024444565e-02
3.757901001e+02,-1.136469562e-02
3.760062256e+02,-9.255289100e-03
3.762223816e+02,4.999187775e-03
3.764385376e+02,3.456284478e-02
3.766546936e+02,-1.392155234e-02
3.768708801e+02,1.621739753e-02
3.770870667e+02,-4.876671825e-03
3.773032837e+02,1.731205120e-04
3.775194702e+02,-3.342557466e-03
3.777357178e+02,-9.510974400e-03
3.779519348e+02,1.749582589e-02
3.781681824e+02,2.893775888e-02
3.783844604e+02,-7.497449871e-03
3.786007385e+02,-1.746919192e-02
3.788170166e+02,-4.493142944e-03
3.790332947e+02,4.485419393e-02
3.792496033e+02,-1.660625264e-02
3.794659424e+02,2.871403471e-02
3.796822510e+02,-3.278636141e-03
3.798986206e+02,1.030466519e-02
3.801149597e+02,-2.079310454e-02
3.803313293e+02,-1.826820895e-02
3.805476990e+02,3.912523389e-03
3.807640991e+02,-3.630203893e-03
3.809804993e+02,-1.059763879e-02
3.811968994e+02,-1.203587092e-02
3.814133301e+02,3.560955636e-03
3.816297607e+02,2.729977248e-03
3.818462219e+02,-3.054911271e-03
3.820626831e+02,3.624877194e-03
3.822791443e+02,1.036858652e-02
3.824956360e+02,2.058802405e-03
3.827121277e+02,-1.181214582e-02
3.829286194e+02,-7.145882118e-03
3.831451416e+02,3.548970446e-02
3.833616638e+02,3.993224353e-02
3.835782166e+02,-1.018214971e-02
3.837947693e+02,-1.440096274e-02
3.840113220e+02,1.001701877e-02
3.842279053e+02,1.199858263e-02
3.844444885e+02,-7.849017158e-03
3.846610718e+02,-1.529586315e-02
3.848776855e+02,2.491070889e-02
3.850943298e+02,6.149773020e-03
3.853109436e+02,2.506252378e-03
3.855275879e+02,1.107172295e-02
3.857442627e+02,1.803116756e-03
3.859609070e+02,3.245343640e-02
3.861776123e+02,-1.392155234e-02
3.863942871e+02,-5.675689317e-03
3.866109924e+02,1.720817946e-02
3.868276978e+02,-5.451964214e-03
3.870444336e+02,-5.963335745e-03
3.872611694e+02,-4.780789372e-03
3.874779358e+02,3.177427221e-03
3.876947021e+02,1.628131792e-02
3.879114685e+02,-1.468860917e-02
3.881282349e+02,-8.520192467e-03
3.883450317e+02,1.004098915e-03
3.885618591e+02,1.119956560e-02
3.887786560e+02,-2.341388352e-02
3.889955139e+02,-1.468860917e-02
3.892123413e+02,2.248169668e-02
3.894291992e+02,1.244603284e-02
3.896460571e+02,6.469380111e-03
3.898629456e+02,-5.739610642e-03
3.900798340e+02,-2.319814870e-03
3.902967224e+02,1.771155978e-03
3.905136414e+02,6.533301901e-03
3.907305603e+02,-1.034195255e-02
3.909475098e+02,1.420387160e-02
3.911644592e+02,6.916830316e-03
3.913814087e+02,2.612521686e-02
3.915983887e+02,-1.146057807e-02
3.918153687e+02,1.423583273e-02
3.920323486e+02,-2.799225505e-03
3.922493591e+02,9.857215919e-03
3.924663696e+02,-2.479618415e-03
3.926834106e+02,3.341225907e-02
3.929004517e+02,2.761937911e-03
3.931174927e+02,-1.980232261e-02
3.933345642e+02,4.980810359e-02
3.935516357e+02,4.920084774e-02
3.937687073e+02,-1.648639911e-03
3.939858093e+02,2.551796287e-02
3.942029114e+02,-1.791664027e-02
3.944200439e+02,7.907612249e-03
3.946371765e+02,1.925366372e-02
3.948543091e+02,6.085851695e-03
3.950714722e+02,3.912523389e-03
3.952886353e+02,5.286834203e-03
3.955058289e+02,9.082168108e-04
3.957230225e+02,3.968454839e-04
3.959402161e+02,-1.941879466e-02
3.961574402e+02,3.922910616e-02
3.963746643e+02,-8.256516594e-05
3.965918884e+02,-9.095485322e-03
3.968091431e+02,-1.801252365e-02
3.970263977e+02,3.117500804e-02
3.972436829e+02,-5.300150951e-04
3.974609375e+02,-1.462468784e-02
3.976782532e+02,-1.714958437e-02
3.978955383e+02,7.172516081e-03
3.981128845e+02,2.561384626e-02
3.983302002e+02,-1.571135223e-02
3.985475464e+02,4.008405842e-03
3.987648926e+02,2.772325277e-02
3.989822693e+02,1.698445342e-02
3.991996155e+02,5.350755528e-03
3.994170227e+02,-1.261116378e-02
3.996343994e+02,7.428201381e-03
3.998518372e+02,1.547430991e-03
4.000692444e+02,-1.977036148e-02
4.002866821e+02,-2.031369507e-02
4.005041199e+02,1.110368315e-02
4.007215881e+02,1.346877590e-02
4.009390564e+02,-1.142861694e-02
4.011565247e+02,1.711229607e-02
4.013740234e+02,-4.205496516e-03
4.015915222e+02,7.396240719e-03
4.018090210e+02,1.966915280e-02
4.020265503e+02,-1.267508511e-02
4.022440796e+02,2.622109838e-02
4.024616394e+02,1.898998860e-03
4.026791992e+02,-5.036475137e-03
4.028967590e+02,-6.794314366e-03
4.031143494e+02,-5.547846667e-03
4.033319397e+02,-5.388042890e-03
4.035495605e+02,-5.803531967e-03
4.037671814e+02,7.164526032e-04
4.039848022e+02,4.332007840e-02
4.042024231e+02,-1.158842072e-02
4.044200745e+02,-5.675689317e-03
4.046377563e+02,4.296052270e-03
4.048554382e+02,-1.424914924e-03
4.050731201e+02,-7.944899611e-03
4.052908020e+02,-7.849017158e-03
4.055085144e+02,-6.634510588e-03
4.057262268e+02,1.922170259e-02
4.059439697e+02,-8.104703389e-03
4.061617126e+02,1.874229312e-02
4.063794556e+02,-5.483924877e-03
4.065972290e+02,1.238211151e-02
4.068150024e+02,-8.967642672e-03
4.070328064e+02,-1.551958825e-02
4.072506104e+02,2.471894585e-02
4.074684143e+02,4.456654564e-02
4.076862488e+02,-1.663821191e-02
4.079040833e+02,-8.967642672e-03
4.081219177e+02,4.104287829e-03
4.083397827e+02,3.968454839e-04
4.085576477e+02,-5.867453758e-03
4.087755432e+02,-8.496221853e-04
4.089934387e+02,4.319223389e-02
4.092113342e+02,2.314488171e-03
4.094292603e+02,-4.660936829e-04
4.096471863e+02,-1.200390980e-02
4.098651123e+02,9.921137244e-03
4.100830688e+02,1.279760059e-02
4.103010254e+02,-8.296467364e-03
4.105189819e+02,-1.698978059e-02
4.107369690e+02,-2.831186168e-03
4.109549866e+02,2.586953156e-02
4.111729736e+02,-1.392954262e-03
4.113909912e+02,-5.515886005e-03
4.116090393e+02,3.752720077e-03
4.118270874e+02,1.151917223e-02
4.120451355e+02,-1.612684131e-02
4.122631836e+02,6.405458786e-03
4.124812622e+02,7.939573377e-03
4.126993713e+02,-1.169229276e-03
4.129174500e+02,-1.584718470e-03
4.131355591e+02,-1.481645275e-02
4.133536987e+02,4.136248492e-03
4.135718079e+02,1.947738975e-02
4.137899780e+02,-6.954117678e-03
4.140081177e+02,-8.040782064e-03
4.142262878e+02,1.072015427e-02
4.144444580e+02,-3.566282568e-03
4.146626587e+02,7.723837916e-05
4.148808594e+02,-1.110901032e-02
4.150990906e+02,1.394818630e-02
4.153172913e+02,1.052839030e-02
4.155355225e+02,-3.702115500e-04
4.157537842e+02,5.574480630e-03
4.159720459e+02,1.027270500e-02
4.161903076e+02,1.091990925e-04
4.164085999e+02,-8.520192467e-03
4.166268921e+02,-1.679801568e-02
4.168451843e+02,3.069559857e-02
4.170635071e+02,-4.660936829e-04
4.172818298e+02,-6.059217732e-03
4.175001831e+02,8.962315507e-03
4.177185364e+02,3.848602064e-03
4.179368896e+02,1.471524313e-02
4.181552734e+02,-2.101683058e-02
4.183736572e+02,-1.808443456e-03
4.185920410e+02,1.119956560e-02
4.188104553e+02,1.481112558e-02
4.190288696e+02,1.305328682e-02
4.192473145e+02,-1.296273153e-02
4.194657288e+02,6.405458786e-03
4.196842041e+02,-5.771571305e-03
4.199026489e+02,1.413995028e-02
4.201211243e+02,-1.734134927e-02
4.203396301e+02,1.337289345e-02
4.205581360e+02,1.097584050e-02
4.207766418e+02,-1.865173690e-02
4.209951477e+02,-1.088528521e-02
4.212136841e+02,-5.388042890e-03
4.214322205e+02,3.369191429e-03
4.216507874e+02,1.139132958e-02
4.218693542e+02,-8.552153595e-03
4.220879211e+02,5.594455823e-02
4.223065186e+02,3.433112986e-03
4.225251160e+02,8.546826430e-03
4.227437439e+02,-3.885889659e-03
4.229623718e+02,1.848660782e-02
4.231809998e+02,7.683887146e-03
4.233996277e+02,1.356465742e-02
4.236182861e+02,-1.098116674e-02
4.238369751e+02,2.973677777e-02
4.240556641e+02,1.835876517e-02
4.242743530e+02,7.939573377e-03
4.244930420e+02,-9.958424605e-03
4.247117615e+02,4.232929647e-02
4.249304810e+02,5.286834203e-03
4.251492310e+02,-6.282942835e-03
4.253679810e+02,-1.309057418e-02
4.255867310e+02,8.898394182e-03
4.258055115e+02,1.957327127e-02
4.260242920e+02,3.465872630e-02
4.262430725e+02,-8.200585842e-03
4.264618835e+02,-7.561371196e-03
4.266806946e+02,3.305270104e-03
4.268995361e+02,-1.641448773e-02
4.271183777e+02,-1.171626337e-02
4.273372192e+02,3.912523389e-03
4.275560913e+02,7.651926484e-03
4.277749634e+02,2.120326832e-02
4.279938354e+02,-1.756507345e-02
4.282127380e+02,2.545404248e-02
4.284316406e+02,2.730776370e-02
4.286505737e+02,6.149773020e-03
4.288695068e+02,-2.494799718e-02
4.290884399e+02,5.478598177e-03
4.293074036e+02,1.787935384e-02
4.295263672e+02,4.370360821e-02
4.297453308e+02,1.541837864e-02
4.299643250e+02,4.423894919e-03
4.301833191e+02,5.744671077e-02
4.304023438e+02,-1.500821672e-02
4.306213379e+02,-1.772487722e-02
4.308403931e+02,1.270171907e-02
4.310594177e+02,-5.515886005e-03
4.312784729e+02,1.484308578e-02
4.314975586e+02,-1.654233038e-02
4.317166138e+02,7.779769599e-03
4.319357300e+02,-1.680600690e-03
4.321548157e+02,-3.342557466e-03
4.323739319e+02,-1.408135612e-02
4.325930481e+02,-6.898186402e-04
4.328121948e+02,9.186040610e-03
4.330313416e+02,-1.069352031e-02
4.332504883e+02,-2.639421960e-03
4.334696655e+02,2.985663014e-03
4.336888428e+02,3.329240717e-04
4.339080200e+02,-1.404939499e-02
4.341272278e+02,-1.903526671e-02
4.343464355e+02,9.761333466e-03
4.345656738e+02,4.316027462e-02
4.347849121e+02,-1.695781946e-02
4.350041504e+02,-1.874762028e-02
4.352234192e+02,1.222230773e-02
4.354426880e+02,6.073866412e-02
4.356619568e+02,-1.353802346e-02
4.358812561e+02,-1.535978448e-02
4.361005554e+02,7.811730262e-03
4.363198853e+02,6.405458786e-03
4.365392151e+02,-5.196278915e-03
4.367585449e+02,-1.222763490e-02
4.369778748e+02,3.592916531e-03
4.371972351e+02,1.867837086e-02
4.374166260e+02,3.411539271e-02
4.376360168e+02,-1.174822450e-02
4.378554077e+02,7.377863675e-02
4.380747986e+02,1.624935679e-02
4.382942200e+02,-9.447053075e-03
4.385136414e+02,-1.126881316e-02
4.387330933e+02,3.740734607e-02
4.389525452e+02,2.107542381e-02
4.391719971e+02,-2.639421960e-03
4.393914795e+02,-7.593331859e-03
4.396109619e+02,2.494267002e-02
4.398304443e+02,8.738590404e-03
4.400499573e+02,-2.210349403e-02
4.402694702e+02,-1.957859844e-02
4.404890137e+02,5.414676853e-03
4.407085571e+02,-2.351775533e-03
4.409281006e+02,5.670362618e-03
4.411476746e+02,-3.310596803e-03
4.413672485e+02,1.826288179e-02
4.415868225e+02,1.545033976e-02
4.418064270e+02,-1.478449162e-02
4.420260315e+02,9.377804585e-03
4.422456360e+02,-8.815829060e-04
4.424652710e+02,4.073126242e-02
4.426849060e+02,-2.124055475e-02
4.429045715e+02,-1.411331631e-02
4.431242371e+02,-8.200585842e-03
4.433439026e+02,2.793898806e-03
4.435635986e+02,-1.625468396e-02
4.437832947e+02,-7.465489209e-03
4.440029907e+02,4.455855582e-03
4.442227173e+02,7.484132657e-04
4.444424438e+02,-1.360993600e-03
4.446622009e+02,-1.225959510e-02
4.448819580e+02,1.004897989e-02
4.451017151e+02,2.058802405e-03
4.453215027e+02,-7.273724768e-03
4.455412903e+02,-7.880978286e-03
4.457610779e+02,-4.173535854e-03
4.459808960e+02,-1.041386509e-03
4.462007141e+02,-5.643728655e-03
4.464205322e+02,6.213694811e-03
4.466403809e+02,1.254191529e-02
4.468602600e+02,1.653700322e-02
4.470801086e+02,-1.187606715e-02
4.472999878e+02,-1.388959214e-02
4.475198669e+02,4.551737569e-03
4.477397766e+02,-9.135436267e-04
4.479596863e+02,-1.277096663e-02
4.481796265e+02,1.934954710e-02
4.483995361e+02,8.706630208e-03
4.486194763e+02,2.404777147e-02
4.488394470e+02,-1.654233038e-02
4.490594177e+02,-1.737330854e-02
4.492793884e+02,1.979699545e-02
4.494993896e+02,7.803739863e-04
4.497193909e+02,-9.702738374e-03
4.499393921e+02,-3.502361011e-03
4.501594238e+02,7.779769599e-03
4.503794556e+02,1.330897212e-02
4.505994873e+02,1.858248934e-02
4.508195496e+02,3.290088847e-02
4.510396118e+02,3.944484051e-03
4.512597046e+02,5.886097206e-04
4.514797974e+02,2.698016586e-03
4.516998901e+02,9.601529688e-03
4.519200134e+02,2.666055923e-03
4.521401367e+02,2.177855931e-02
4.523602600e+02,-1.555154845e-02
4.525804138e+02,-6.155100185e-03
4.528005676e+02,1.020878367e-02
4.530207520e+02,9.401775314e-04
4.532409058e+02,-2.031369507e-02
4.534611206e+02,3.369191429e-03
4.536813049e+02,2.455914207e-02
4.539015198e+02,5.670362618e-03
4.541217346e+02,-5.420003552e-03
4.543419800e+02,-3.406479023e-03
4.545622253e+02,-3.086871933e-03
4.547825012e+02,3.177427221e-03
4.550027466e+02,-1.475253049e-02
4.552230225e+02,1.094387937e-02
4.554433289e+02,-2.287854208e-03
4.556636353e+02,2.698016586e-03
4.558839417e+02,-1.005430613e-02
4.561042786e+02,-1.270704530e-02
4.563246155e+02,2.340855636e-02
4.565449524e+02,9.793293662e-03
4.567653198e+02,-4.876671825e-03
4.569856873e+02,-1.555154845e-02
4.572060547e+02,9.825254790e-03
4.574264526e+02,-2.799225505e-03
4.576468506e+02,-5.420003552e-03
4.578672791e+02,1.966915280e-02
4.580877075e+02,-6.506667938e-03
4.583081360e+02,1.244603284e-02
4.585285645e+02,-5.036475137e-03
4.587490234e+02,-1.082136389e-02
4.589695129e+02,9.985058568e-03
4.591900024e+02,2.538213041e-03
4.594104919e+02,-3.382508294e-04
4.596309814e+02,-7.209803443e-03
4.598515015e+02,3.315657377e-02
4.600720215e+02,-6.091178395e-03
4.602925720e+02,8.418983780e-03
4.605130920e+02,5.670362618e-03
4.607336731e+02,3.465872630e-02
4.609542236e+02,-6.826275028e-03
4.611748047e+02,-1.408135612e-02
4.613954163e+02,2.186645288e-03
4.616159973e+02,1.398014743e-02
4.618366394e+02,-1.178018469e-02
4.620572510e+02,4.743502010e-03
4.622778931e+02,1.672876813e-02
4.624985352e+02,2.305698954e-02
4.627192078e+02,1.994880848e-03
4.629398499e+02,6.085851695e-03
4.631605530e+02,6.309576798e-03
4.633812256e+02,1.768758893e-02
4.636019287e+02,-1.945075579e-02
4.638226624e+02,-9.798620827e-03
4.640433655e+02,-2.032168442e-03
4.642641296e+02,3.187814355e-02
4.644848633e+02,-9.159406647e-03
4.647056274e+02,-2.124055475e-02
4.649263916e+02,5.382716190e-03
4.651471863e+02,4.296052270e-03
4.653679504e+02,-1.788468100e-02
4.655887756e+02,-1.823624782e-02
4.658095703e+02,5.798205268e-03
4.660303955e+02,6.053891033e-03
4.662512512e+02,-1.009425730e-03
4.664720764e+02,1.103976183e-02
4.666929626e+02,2.090763068e-03
4.669138184e+02,3.021618724e-02
4.671347046e+02,-1.088528521e-02
4.673555908e+02,-1.494429540e-02
4.675765076e+02,4.383144900e-02
4.677973938e+02,8.930355310e-03
4.680183411e+02,1.803116756e-03
4.682392578e+02,-7.657253183e-03
4.684602051e+02,3.912523389e-03
4.686811829e+02,8.866433986e-03
4.689021301e+02,-2.012193017e-02
4.691231384e+02,1.116760448e-02
4.693441162e+02,-4.365300294e-03
4.695651245e+02,9.122119285e-03
4.697861328e+02,2.985663014e-03
4.700071411e+02,-1.865173690e-02
4.702281799e+02,1.813503914e-02
4.704492493e+02,1.209446508e-02
4.706702881e+02,-6.410785485e-03
4.708913574e+02,-8.456271142e-03
4.711124573e+02,3.329240717e-04
4.713335266e+02,1.455544028e-02
4.715546265e+02,-5.260200240e-03
4.717757568e+02,2.158679627e-02
4.719968872e+02,7.332319394e-03
4.722180176e+02,2.120326832e-02
4.724391479e+02,1.567406394e-02
4.726603088e+02,-4.301378969e-03
4.728814697e+02,9.441725910e-03
4.731026611e+02,3.177427221e-03
4.733238525e+02,-2.184780873e-02
4.735450439e+02,-1.171626337e-02
4.737662659e+02,-1.552757807e-03
4.739874878e+02,-1.464865927e-04
4.742087097e+02,-1.050175633e-02
4.744299622e+02,-2.245506272e-02
4.746512146e+02,1.898998860e-03
4.748724976e+02,1.382034365e-02
4.750937805e+02,-1.778879762e-02
4.753150635e+02,-8.839800023e-03
4.755363464e+02,4.615659360e-03
4.757576599e+02,7.492123172e-03
4.759790039e+02,-7.049999665e-03
4.762003174e+02,-1.408135612e-02
4.764216614e+02,-5.356082227e-03
4.766430359e+02,-3.949811216e-03
4.768643799e+02,7.803739863e-04
4.770857544e+02,-3.214714816e-03
4.773071594e+02,2.228993177e-02
4.775285645e+02,6.884869654e-03
4.777499695e+02,-4.525103606e-03
4.779714050e+02,7.460162509e-03
4.781928101e+02,-3.246675478e-03
4.784142761e+02,2.154684393e-03
4.786357117e+02,-3.406479023e-03
4.788571777e+02,-1.174822450e-02
4.790786743e+02,8.531644940e-02
4.793001404e+02,1.506681088e-02
4.795216370e+02,-1.165234204e-02
4.797431641e+02,-1.009425730e-03
4.799646912e+02,-3.694125451e-03
4.801862183e+02,-5.100396462e-03
4.804077454e+02,-1.273900643e-02
4.806293030e+02,-8.328428492e-03
4.808508606e+02,4.607668961e-04
4.810724487e+02,7.651926484e-03
4.812940369e+02,-9.798620827e-03
4.815156250e+02,4.527767305e-05
4.817372437e+02,8.762561483e-04
4.819588623e+02,-1.968247117e-03
4.821804810e+02,-6.250982173e-03
4.824021301e+02,-1.679801568e-02
4.826237793e+02,1.225426886e-02
4.828454590e+02,1.688857190e-02
4.830671082e+02,2.442330820e-03
4.832888184e+02,-1.254724152e-02
4.835104980e+02,5.478598177e-03
4.837322083e+02,3.526597843e-02
4.839539185e+02,-1.238743868e-02
4.841756592e+02,1.273367926e-02
4.843973999e+02,8.227218874e-03
4.846191406e+02,2.120326832e-02
4.848409119e+02,-8.999602869e-03
4.850626831e+02,-1.050175633e-02
4.852844543e+02,2.761937911e-03
4.855062561e+02,2.970481664e-02
4.857280579e+02,-1.433704142e-02
4.859498901e+02,7.396240719e-03
4.861717224e+02,7.204476744e-03
4.863935547e+02,-1.552757807e-03
4.866154175e+02,-6.826275028e-03
4.868372498e+02,-1.609488018e-02
4.870591431e+02,7.164526032e-04
4.872810059e+02,1.387627446e-03
4.875028992e+02,1.040054765e-02
4.877248230e+02,-9.798620827e-03
4.879467163e+02,2.717992105e-02
4.881686707e+02,2.689227462e-02
4.883905945e+02,-1.679801568e-02
4.886125488e+02,-1.804448478e-02
4.888345032e+02,1.167897601e-02
4.890564575e+02,3.443500027e-02
4.892784424e+02,2.666055923e-03
4.895004578e+02,-3.598243231e-03
4.897224426e+02,1.930959523e-03
4.899444580e+02,1.227823901e-03
4.901664734e+02,1.589778997e-02
4.903885193e+02,-6.858235691e-03
4.906105652e+02,2.026841743e-03
4.908326111e+02,2.030836791e-02
4.910546875e+02,1.928562485e-02
4.912767639e+02,-1.523194183e-02
4.914988708e+02,1.950934902e-02
4.917209778e+02,3.235755488e-02
4.919430847e+02,-9.351170622e-03
4.921651917e+02,-1.484841295e-02
4.923873291e+02,3.688798519e-03
4.926094666e+02,1.180681866e-02
4.928316345e+02,-8.072742261e-03
4.930538025e+02,-1.526390202e-02
4.932759705e+02,1.419588225e-03
4.934981689e+02,3.049584338e-03
4.937203674e+02,-1.893938333e-02
4.939425659e+02,9.186040610e-03
4.941647949e+02,-4.940593150e-03
4.943870239e+02,1.643313211e-03
4.946092834e+02,-1.130077429e-02
4.948315125e+02,-8.360388689e-03
4.950538025e+02,7.683887146e-03
4.952760620e+02,1.068020356e-03
4.954983521e+02,-1.609488018e-02
4.957206421e+02,4.040366504e-03
4.959429626e+02,3.081545001e-03
4.961652832e+02,2.861815132e-02
4.963876038e+02,-8.488231339e-03
4.966099548e+02,8.442954277e-04
4.968323059e+02,-7.944899611e-03
4.970546570e+02,7.108594291e-03
4.972770386e+02,-7.721174974e-03
4.974994202e+02,2.050812182e-04
4.977218018e+02,1.394818630e-02
4.979442139e+02,3.976445179e-03
4.981666260e+02,-1.114097051e-02
4.983890686e+02,-8.648035116e-03
4.986115112e+02,1.490700804e-02
4.988339539e+02,1.355666784e-03
4.990564270e+02,-4.620986059e-03
4.992788696e+02,-1.680600690e-03
4.995013733e+02,2.034032904e-02
4.997238464e+02,3.720759181e-03
4.999463501e+02,-1.670213416e-02
5.001688843e+02,-6.346864160e-03
5.003914185e+02,3.309265152e-02
5.006139526e+02,1.323706005e-03
5.008364868e+02,1.602563262e-02
5.010590515e+02,-6.506667938e-03
5.012816162e+02,-2.959029051e-03
5.015041809e+02,-5.292160902e-03
5.017267761e+02,-9.031563997e-03
5.019493713e+02,3.560955636e-03
5.021719971e+02,1.775151119e-02
5.023946228e+02,1.419588225e-03
5.026172485e+02,-1.577527449e-02
5.028399048e+02,-1.043783501e-02
5.030625610e+02,5.830165930e-03
5.032852173e+02,7.907612249e-03
5.035079041e+02,-3.118832596e-03
5.037305908e+02,-1.638252661e-02
5.039532776e+02,2.615717798e-02
5.041759949e+02,2.772325277e-02
5.043987122e+02,8.131337352e-03
5.046214600e+02,-5.164317787e-03
5.048441772e+02,1.596171036e-02
5.050669556e+02,1.004098915e-03
5.052897034e+02,-3.790007439e-03
5.055124817e+02,1.078407653e-02
5.057352600e+02,7.588005159e-03
5.059580688e+02,-2.831186168e-03
5.061808777e+02,-1.465664897e-02
5.064036865e+02,-1.484841295e-02
5.066265259e+02,2.887383848e-02
5.068493652e+02,4.615659360e-03
5.070722046e+02,-1.526390202e-02
5.072950745e+02,-1.612684131e-02
5.075179443e+02,2.436737716e-02
5.077408142e+02,2.887383848e-02
5.079637146e+02,5.478598177e-03
5.081866150e+02,-1.059763879e-02
5.084095459e+02,7.236437406e-03
5.086324768e+02,1.387627446e-03
5.088554077e+02,-1.904325560e-03
5.090783386e+02,-1.024607103e-02
5.093013000e+02,-1.137268613e-03
5.095242920e+02,1.291745342e-03
5.097472534e+02,-1.216371357e-02
5.099702454e+02,-2.511579078e-03
5.101932373e+02,1.014486235e-02
5.104162598e+02,-5.515886005e-03
5.106392822e+02,-1.986624487e-02
5.108623352e+02,-2.223932650e-03
5.110853577e+02,2.058802405e-03
5.113084106e+02,-5.292160902e-03
5.115314941e+02,2.094758116e-02
5.117545776e+02,-1.315449551e-02
5.119776611e+02,7.723837916e-05
5.122007446e+02,-1.808443456e-03
5.124238892e+02,-2.021781169e-02
5.126469727e+02,-6.378824823e-03
5.128701172e+02,6.021930370e-03
5.130932617e+02,3.968454839e-04
5.133164062e+02,-1.024607103e-02
5.135395508e+02,-9.862542152e-03
5.137627563e+02,2.985663014e-03
5.139859619e+02,1.545033976e-02
5.142091064e+02,-1.126881316e-02
5.144323120e+02,-3.382508294e-04
5.146555786e+02,-6.123139057e-03
5.148787842e+02,3.986832127e-02
5.151019897e+02,9.345844388e-03
5.153252563e+02,-7.497449871e-03
5.155485229e+02,1.097584050e-02
5.157717896e+02,1.203054376e-02
5.159950562e+02,-8.328428492e-03
5.162183838e+02,4.839383997e-03
5.164416504e+02,3.401152091e-03
5.166649780e+02,-1.369782723e-02
5.168883057e+02,-1.488037407e-02
5.171116333e+02,1.158309355e-02
5.173350220e+02,3.305270104e-03
5.175583496e+02,2.729977248e-03
5.177817383e+02,6.629183888e-03
5.180051270e+02,5.246883375e-04
5.182285156e+02,1.487504691e-02
5.184519043e+02,-1.516802050e-02
5.186752930e+02,-3.278636141e-03
5.188987427e+02,-4.525103606e-03
5.191221313e+02,6.884869654e-03
5.193455811e+02,-1.785271987e-02
5.195690308e+02,-1.788468100e-02
5.197925415e+02,1.350073610e-02
5.200159912e+02,-1.424914924e-03
5.202395020e+02,-1.977036148e-02
5.204629517e+02,-1.826820895e-02
5.206864624e+02,1.516269334e-02
5.209099731e+02,4.200169817e-03
5.211335449e+02,-1.165234204e-02
5.213570557e+02,9.401775314e-04
5.215806274e+02,-2.160011325e-03
5.218041992e+02,3.816641401e-03
5.220277710e+02,-1.388959214e-02
5.222513428e+02,-9.798620827e-03
5.224749146e+02,2.186645288e-03
5.226985474e+02,9.082168108e-04
5.229221191e+02,-1.756507345e-02
5.231457520e+02,-1.209979225e-02
5.233693848e+02,8.770551533e-03
5.235930176e+02,-3.630203893e-03
5.238167114e+02,-9.574895725e-03
5.240403442e+02,-3.470400348e-03
5.242640381e+02,3.145466559e-03
5.244877319e+02,2.542208135e-02
5.247114258e+02,-1.152449939e-02
5.249351196e+02,1.701641455e-02
5.251588745e+02,-4.397260956e-03
5.253826294e+02,7.588005159e-03
5.256063232e+02,-4.876671825e-03
5.258300781e+02,-6.954117678e-03
5.260538330e+02,2.069189586e-02
5.262776489e+02,1.589778997e-02
5.265014038e+02,-4.844710696e-03
5.267252197e+02,-3.566282568e-03
5.269490356e+02,1.835876517e-02
5.271728516e+02,-7.433528546e-03
5.273966675e+02,-1.746919192e-02
5.276204834e+02,4.098694772e-02
5.278443604e+02,9.401775314e-04
5.280682373e+02,5.542519502e-03
5.282921143e+02,2.133111097e-02
5.285159912e+02,-1.299469173e-02
5.287398682e+02,2.081973851e-02
5.289637451e+02,-1.552757807e-03
5.291876831e+02,-1.842801273e-02
5.294116211e+02,-2.799225505e-03
5.296355591e+02,5.862127058e-03
5.298594971e+02,-3.566282568e-03
5.300834351e+02,-7.912939414e-03
5.303074341e+02,-2.456446923e-02
5.305313721e+02,-4.077653866e-03
5.307553711e+02,5.318794865e-03
5.309793701e+02,3.209387884e-03
5.312033691e+02,-1.526390202e-02
5.314274292e+02,4.955241829e-02
5.316514282e+02,-6.258972571e-04
5.318754883e+02,4.626046494e-02
5.320995483e+02,1.144006997e-01
5.323236084e+02,1.967954040e-01
5.325476685e+02,2.061918527e-01
5.327717285e+02,1.254271418e-01
5.329958496e+02,8.221626282e-02
5.332199707e+02,7.751803845e-02
5.334440308e+02,9.250760823e-02
5.336682129e+02,4.629242420e-02
5.338923340e+02,3.740734607e-02
5.341164551e+02,6.668335944e-02
5.343406372e+02,3.338029608e-02
5.345648193e+02,2.090763068e-03
5.347890015e+02,1.679269038e-02
5.350131836e+02,1.420387160e-02
5.352373657e+02,7.683887146e-03
5.354616089e+02,-7.880978286e-03
5.356857910e+02,1.660092548e-02
5.359100342e+02,-5.835493095e-03
5.361342773e+02,1.515470329e-03
5.363585205e+02,2.203424647e-02
5.365828247e+02,-7.857008022e-04
5.368070679e+02,1.483509550e-03
5.370313721e+02,2.282527275e-03
5.372556763e+02,-1.746919192e-02
5.374799805e+02,-2.002604865e-02
5.377042847e+02,5.350755528e-03
5.379285889e+02,1.241407264e-02
5.381529541e+02,-7.145882118e-03
5.383773193e+02,-2.040957659e-02
5.386016846e+02,1.701641455e-02
5.388260498e+02,3.784680739e-03
5.390504150e+02,1.930959523e-03
5.392747803e+02,1.103976183e-02
5.394992065e+02,3.592916531e-03
5.397236328e+02,2.050812182e-04
5.399480591e+02,6.980751641e-03
5.401724854e+02,-1.702174172e-02
5.403969116e+02,-4.684907384e-03
5.406213989e+02,2.222600952e-02
5.408458252e+02,-9.830581956e-03
5.410703125e+02,-1.334625948e-02
5.412947998e+02,1.787935384e-02
5.415192871e+02,9.825254790e-03
5.417438354e+02,-7.209803443e-03
5.419683228e+02,-6.698431913e-03
5.421928711e+02,1.407602895e-02
5.424174194e+02,9.218001738e-03
5.426419678e+02,5.638401955e-03
5.428665161e+02,6.149773020e-03
5.430910645e+02,1.992483996e-02
5.433156738e+02,2.852226980e-02
5.435402832e+02,-5.132357124e-03
5.437648315e+02,1.158309355e-02
5.439895020e+02,1.474720426e-02
5.442141113e+02,2.283326350e-02
5.444387207e+02,2.122723730e-03
5.446633911e+02,1.845464669e-02
5.448880615e+02,2.065993473e-02
5.451127319e+02,1.308524702e-02
5.453374023e+02,4.927276168e-04
5.455620728e+02,8.387022652e-03
5.457867432e+02,4.574909061e-02
5.460114746e+02,1.567406394e-02
5.462362061e+02,-2.423687110e-04
5.464609375e+02,8.546826430e-03
5.466856689e+02,1.749582589e-02
5.469104004e+02,3.976445179e-03
5.471351929e+02,8.123347070e-04
5.473599243e+02,-7.217793609e-04
5.475847168e+02,1.679269038e-02
5.478095093e+02,-4.844710696e-03
5.480343018e+02,-1.603095978e-02
5.482591553e+02,2.062797546e-02
5.484839478e+02,4.455855582e-03
5.487088013e+02,5.254873540e-03
5.489336548e+02,-8.679996245e-03
5.491585083e+02,-1.711762324e-02
5.493833618e+02,4.519776907e-03
5.496082764e+02,4.597281665e-02
5.498331299e+02,1.698445342e-02
5.500580444e+02,-1.494429540e-02
5.502829590e+02,2.238581330e-02
5.505078735e+02,1.420387160e-02
5.507327881e+02,5.158991087e-03
5.509577637e+02,-9.415091947e-03
5.511826782e+02,1.331696240e-05
5.514076538e+02,1.113564428e-02
5.516326294e+02,-5.579807330e-03
5.518576050e+02,-1.826820895e-02
5.520825806e+02,1.068020356e-03
5.523076172e+02,4.391934257e-03
5.525325928e+02,-1.395351347e-02
5.527576294e+02,2.538213041e-03
5.529826660e+02,6.341537461e-03
5.532077026e+02,2.690026304e-04
5.534328003e+02,3.009633510e-04
5.536578369e+02,6.597223226e-03
5.538829346e+02,1.704837568e-02
5.541080322e+02,1.011290122e-02
5.543331299e+02,-1.526390202e-02
5.545582275e+02,-8.168624714e-03
5.547833252e+02,1.391622610e-02
5.550084839e+02,2.382404543e-02
5.552335815e+02,-1.535978448e-02
5.554587402e+02,-1.676605642e-02
5.556838989e+02,2.519835532e-02
5.559091187e+02,6.501341239e-03
5.561342773e+02,2.360032126e-02
5.563594971e+02,-1.762899384e-02
5.565846558e+02,8.067416027e-03
5.568098755e+02,1.787935384e-02
5.570350952e+02,4.807423335e-03
5.572603760e+02,-1.296273153e-02
5.574855957e+02,1.059231162e-02
5.577108765e+02,-2.415696857e-03
5.579360962e+02,-1.603095978e-02
5.581613770e+02,-2.338192239e-02
5.583866577e+02,5.222912412e-03
5.586119995e+02,8.442954277e-04
5.588372803e+02,-1.289880928e-02
5.590626221e+02,-2.092094719e-02
5.592879028e+02,3.081545001e-03
5.595132446e+02,-1.136469562e-02
5.597386475e+02,-5.899414420e-03
5.599639893e+02,-1.776482794e-03
5.601893311e+02,6.533301901e-03
5.604147339e+02,3.532990068e-02
5.606401367e+02,2.749952674e-02
5.608655396e+02,1.407602895e-02
5.610909424e+02,4.104287829e-03
5.613163452e+02,1.717621833e-02
5.615418091e+02,-3.566282568e-03
5.617672119e+02,1.394818630e-02
5.619926758e+02,1.244603284e-02
5.622181396e+02,-6.826275028e-03
5.624436646e+02,-1.037391368e-02
5.626691284e+02,-4.876671825e-03
5.628945923e+02,7.396240719e-03
5.631201172e+02,9.409765713e-03
5.633456421e+02,-5.619758158e-04
5.635711670e+02,1.075211540e-02
5.637966919e+02,1.941346750e-02
5.640222778e+02,7.012712304e-03
5.642478027e+02,-7.657253183e-03
5.644733887e+02,8.994276635e-03
5.646989746e+02,4.072327167e-03
5.649245605e+02,5.542519502e-03
5.651501465e+02,-1.612684131e-02
5.653757935e+02,9.082168108e-04
5.656013794e+02,1.259784680e-03
5.658270264e+02,3.162245825e-02
5.660526733e+02,-1.267508511e-02
5.662783203e+02,-6.666471250e-03
5.665039673e+02,4.487816244e-03
5.667296753e+02,1.762366854e-02
5.669553223e+02,4.264091142e-03
5.671810303e+02,-5.995296407e-03
5.674067383e+02,1.963719353e-02
5.676324463e+02,-1.424914924e-03
5.678581543e+02,-1.066156011e-02
5.680839233e+02,2.682835236e-02
5.683096313e+02,1.547430991e-03
5.685354004e+02,-1.265111379e-03
5.687611694e+02,-1.344214194e-02
5.689869385e+02,1.235015132e-02
5.692127686e+02,2.008464187e-02
5.694385376e+02,1.522661466e-02
5.696643677e+02,1.091990925e-04
5.698901978e+02,-8.200585842e-03
5.701160278e+02,-1.201190054e-03
5.703418579e+02,4.948849604e-02
5.705676880e+02,-1.289880928e-02
5.707935791e+02,3.606499732e-02
5.710194092e+02,2.154684393e-03
5.712453003e+02,1.291745342e-03
5.714711914e+02,-6.059217732e-03
5.716970825e+02,4.423894919e-03
5.719230347e+02,2.059601434e-02
5.721489258e+02,3.510617465e-02
5.723748779e+02,-1.695781946e-02
5.726008301e+02,-1.030999236e-02
5.728267822e+02,1.930959523e-03
5.730527344e+02,3.417931497e-02
5.732786865e+02,1.259784680e-03
5.735046997e+02,-5.260200240e-03
5.737307129e+02,6.852908991e-03
5.739566650e+02,-5.004514474e-03
5.741826782e+02,8.802511729e-03
5.744087524e+02,1.163902460e-03
5.746347656e+02,1.004897989e-02
5.748608398e+02,-2.108075097e-02
5.750868530e+02,-7.657253183e-03
5.753129272e+02,2.410370158e-03
5.755390015e+02,5.638401955e-03
5.757651367e+02,-3.981771879e-03
5.759912109e+02,-1.561546978e-02
5.762173462e+02,3.209387884e-03
5.764434204e+02,9.601529688e-03
5.766695557e+02,-8.488231339e-03
5.768956909e+02,-1.315449551e-02
5.771218872e+02,5.574480630e-03
5.773480225e+02,4.927276168e-04
5.775742188e+02,-6.762353703e-03
5.778003540e+02,-9.606856853e-03
5.780265503e+02,1.643313211e-03
5.782527466e+02,2.574168891e-02
5.784790039e+02,5.926048383e-03
5.787052002e+02,-1.245136000e-02
5.789314575e+02,1.387627446e-03
5.791577148e+02,1.387627446e-03
5.793839111e+02,-3.310596803e-03
5.796102295e+02,-1.427312009e-02
5.798364868e+02,6.428630650e-02
5.800627441e+02,4.136248492e-03
5.802890625e+02,-1.583919488e-02
5.805153809e+02,-1.552757807e-03
5.807416992e+02,1.078407653e-02
5.809680176e+02,2.282527275e-03
5.811943359e+02,-8.584113792e-03
5.814207153e+02,3.976445179e-03
5.816470337e+02,4.479027167e-02
5.818734131e+02,2.024444565e-02
5.820997925e+02,7.164526032e-04
5.823261719e+02,-1.146057807e-02
5.825526123e+02,1.062427275e-02
5.827789917e+02,-2.703343285e-03
5.830054321e+02,1.020878367e-02
5.832318726e+02,8.762561483e-04
5.834583130e+02,6.852908991e-03
5.836847534e+02,-2.863146830e-03
5.839111938e+02,1.289348304e-02
5.841376953e+02,-8.711956441e-03
5.843641357e+02,6.149773020e-03
5.845906372e+02,2.085169964e-02
5.848171387e+02,-1.248332020e-02
5.850436401e+02,-1.382566988e-02
5.852702026e+02,7.556044497e-03
5.854967041e+02,2.404777147e-02
5.857232666e+02,-1.241939887e-02
5.859498291e+02,1.331696240e-05
5.861763916e+02,3.592916531e-03
5.864029541e+02,6.757026538e-03
5.866295166e+02,-1.584718470e-03
5.868561401e+02,-1.622272283e-02
5.870827026e+02,6.661144551e-03
5.873093262e+02,6.501341239e-03
5.875359497e+02,-1.468860917e-02
5.877625732e+02,-1.871565916e-02
5.879892578e+02,9.249961935e-03
5.882158813e+02,2.050812182e-04
5.884425659e+02,-8.496221853e-04
5.886692505e+02,5.350755528e-03
5.888959351e+02,2.401581034e-02
5.891226196e+02,3.433112986e-03
5.893493652e+02,3.136677295e-02
5.895760498e+02,-2.447657753e-03
5.898027954e+02,3.338029608e-02
5.900295410e+02,-3.022950375e-03
5.902562866e+02,2.532619983e-02
5.904830322e+02,-6.602549925e-03
5.907097778e+02,7.779769599e-03
5.909365845e+02,2.889780793e-03
5.911633911e+02,-1.309057418e-02
5.913901978e+02,-6.794314366e-03
5.916170044e+02,6.629183888e-03
5.918438110e+02,-3.086871933e-03
5.920706177e+02,-1.446488407e-02
5.922974854e+02,-1.849193312e-02
5.925242920e+02,3.545774519e-02
5.927511597e+02,4.200169817e-03
5.929780273e+02,6.725065876e-03
5.932049561e+02,2.538213041e-03
5.934318237e+02,2.404777147e-02
5.936587524e+02,1.455544028e-02
5.938856201e+02,5.190951750e-03
5.941125488e+02,-1.145258793e-04
5.943394775e+02,1.628131792e-02
5.945664673e+02,9.154079482e-03
5.947933960e+02,-1.137268613e-03
5.950203857e+02,-1.456875703e-03
5.952473145e+02,2.197032422e-02
5.954743042e+02,3.475460783e-02
5.957012939e+02,-1.098116674e-02
5.959283447e+02,-1.190802734e-02
5.961553345e+02,7.012712304e-03
5.963823853e+02,-3.534321906e-03
5.966093750e+02,-1.094920654e-02
5.968364258e+02,1.075211540e-02
5.970634766e+02,3.017623676e-03
5.972905884e+02,1.353269722e-02
5.975176392e+02,5.510558840e-03
5.977447510e+02,-1.334625948e-02
5.979718018e+02,1.378838252e-02
5.981989136e+02,-4.365300294e-03
5.984260254e+02,-7.337646093e-03
5.986531982e+02,-1.532782335e-02
5.988803101e+02,-3.310596803e-03
5.991074829e+02,-2.607461298e-03
5.993345947e+02,1.803915761e-02
5.995617676e+02,-1.456076652e-02
5.997889404e+02,8.131337352e-03
6.000161743e+02,2.714795992e-02
6.002433472e+02,-4.013732541e-03
6.004705811e+02,1.366053987e-02
6.006977539e+02,-3.534321906e-03
6.009249878e+02,1.784739271e-02
6.011522217e+02,3.497034311e-03
6.013795166e+02,-5.771571305e-03
6.016067505e+02,1.698445342e-02
6.018340454e+02,1.731205120e-04
6.020612793e+02,6.525311619e-04
6.022885742e+02,-5.611767992e-03
6.025158691e+02,6.916830316e-03
6.027432251e+02,9.889176115e-03
6.029705200e+02,1.330897212e-02
6.031978760e+02,3.465073649e-03
6.034251709e+02,2.299306728e-02
6.036525269e+02,2.953702351e-03
6.038798828e+02,-4.141575191e-03
6.041072998e+02,-1.296273153e-02
6.043346558e+02,1.001701877e-02
6.045620728e+02,2.474291716e-03
6.047894287e+02,-1.098116674e-02
6.050168457e+02,-8.935681544e-03
6.052442627e+02,1.139132958e-02
6.054717407e+02,-1.648639911e-03
6.056991577e+02,1.222230773e-02
6.059266357e+02,4.288061755e-04
6.061540527e+02,1.930959523e-03
6.063815308e+02,-9.135436267e-04
6.066090698e+02,1.561014354e-02
6.068365479e+02,-1.542370580e-02
6.070640259e+02,2.126718871e-02
6.072915649e+02,1.259784680e-03
6.075191040e+02,4.296851158e-02
6.077465820e+02,-8.040782064e-03
6.079741821e+02,5.194947124e-02
6.082017212e+02,2.761937911e-03
6.084292603e+02,9.889176115e-03
6.086568604e+02,1.839072444e-02
6.088844604e+02,1.323706005e-03
6.091119995e+02,5.254873540e-03
6.093396606e+02,1.094387937e-02
6.095672607e+02,1.762366854e-02
6.097948608e+02,4.423894919e-03
6.100225220e+02,2.861815132e-02
6.102501831e+02,6.176140904e-02
6.104777832e+02,5.290829018e-02
6.107055054e+02,4.069929942e-02
6.109331665e+02,7.569627464e-02
6.111608276e+02,1.384671181e-01
6.113885498e+02,1.552784443e-01
6.116162720e+02,2.204143703e-01
6.118439331e+02,2.522152662e-01
6.120716553e+02,2.615478039e-01
6.122994385e+02,2.425311804e-01
6.125271606e+02,2.285643518e-01
6.127549438e+02,2.115612477e-01
6.129826660e+02,2.159398645e-01
6.132104492e+02,2.213092744e-01
6.134382324e+02,2.191359401e-01
6.136660767e+02,1.792809367e-01
6.138938599e+02,1.877505183e-01
6.141217041e+02,1.453386694e-01
6.143494873e+02,1.774591804e-01
6.145773315e+02,1.405126005e-01
6.148051758e+02,1.319790930e-01
6.150330811e+02,1.555660963e-01
6.152609253e+02,1.490780711e-01
6.154887695e+02,1.369010359e-01
6.157166748e+02,1.163822636e-01
6.159445801e+02,1.453386694e-01
6.161724854e+02,1.410878897e-01
6.164003906e+02,1.056754217e-01
6.166283569e+02,9.560780227e-02
6.168562622e+02,8.598762751e-02
6.170842285e+02,8.883213252e-02
6.173121948e+02,8.860840648e-02
6.175401611e+02,8.921565861e-02
6.177681274e+02,7.368275523e-02
6.179961548e+02,1.010411233e-01
6.182241211e+02,8.084195107e-02
6.184521484e+02,8.467723429e-02
6.186801758e+02,6.153768301e-02
6.189082031e+02,9.953896701e-02
6.191362305e+02,8.132135868e-02
6.193642578e+02,7.598392665e-02
6.195923462e+02,9.317878634e-02
6.198203735e+02,8.736193925e-02
6.200484619e+02,9.611917287e-02
6.202765503e+02,1.100220829e-01
6.205046997e+02,1.132501140e-01
6.207327881e+02,1.410239637e-01
6.209608765e+02,1.227424443e-01
6.211890259e+02,1.259385198e-01
6.214171753e+02,1.208567619e-01
6.216453247e+02,1.485347301e-01
6.218734741e+02,1.373484880e-01
6.221016846e+02,1.290387064e-01
6.223298340e+02,1.367092729e-01
6.225580444e+02,1.405126005e-01
6.227862549e+02,1.474800259e-01
6.230144653e+02,1.381155401e-01
6.232426758e+02,1.369329989e-01
6.234708862e+02,1.265138090e-01
6.236991577e+02,1.456582695e-01
6.239273682e+02,1.210804880e-01
6.241556396e+02,1.373165250e-01
6.243839111e+02,1.719619334e-01
6.246121826e+02,1.521462947e-01
6.248404541e+02,1.377320141e-01
6.250687866e+02,1.595931351e-01
6.252971191e+02,1.432292610e-01
6.255253906e+02,1.671358645e-01
6.257537231e+02,1.503245384e-01
6.259821167e+02,1.392980963e-01
6.262104492e+02,1.563651115e-01
6.264387817e+02,1.514751166e-01
6.266671753e+02,1.911063939e-01
6.268955688e+02,1.614788175e-01
6.271239624e+02,1.396496594e-01
6.273523560e+02,1.433890611e-01
6.275807495e+02,1.451149434e-01
6.278092041e+02,1.481204331e-01
6.280375977e+02,1.346096098e-01
6.282660522e+02,1.549893320e-01
6.284945068e+02,1.509695053e-01
6.287229614e+02,1.448171437e-01
6.289514160e+02,1.689812839e-01
6.291799316e+02,1.557093114e-01
6.294083862e+02,1.658040583e-01
6.296369019e+02,1.761855334e-01
6.298654175e+02,1.688069850e-01
6.300939331e+02,1.742208004e-01
6.303224487e+02,1.735124588e-01
6.305510254e+02,2.283343226e-01
6.307795410e+02,2.241379470e-01
6.310081177e+02,2.751601040e-01
6.312366943e+02,3.423513472e-01
6.314652710e+02,3.707835972e-01
6.316938477e+02,3.934756517e-01
6.319224854e+02,3.507528901e-01
6.321510620e+02,3.300048411e-01
6.323796997e+02,3.108971417e-01
6.326083374e+02,2.846308649e-01
6.328369751e+02,2.718404233e-01
6.330656128e+02,2.059156150e-01
6.332943115e+02,2.233020514e-01
6.335229492e+02,1.930336207e-01
6.337516479e+02,1.573774368e-01
6.339803467e+02,1.473729610e-01
6.342090454e+02,1.092406288e-01
6.344377441e+02,1.092073247e-01
6.346664429e+02,8.812021464e-02
6.348952026e+02,1.114965156e-01
6.351239624e+02,1.042120606e-01
6.353526611e+02,6.846530735e-02
6.355814819e+02,8.870998025e-02
6.358102417e+02,8.820270002e-02
6.360390015e+02,7.801163942e-02
6.362678223e+02,8.406762779e-02
6.364965820e+02,7.112070173e-02
6.367254028e+02,7.779496908e-02
6.369542236e+02,7.776517421e-02
6.371830444e+02,6.276570261e-02
6.374119263e+02,8.776815236e-02
6.376407471e+02,6.438917667e-02
6.378696289e+02,6.537073851e-02
6.380984497e+02,7.069025934e-02
6.383273315e+02,5.239732936e-02
6.385562744e+02,5.900281295e-02
6.387851562e+02,8.040702343e-02
6.390140381e+02,7.554481179e-02
6.392429810e+02,6.364377588e-02
6.394719238e+02,5.115177482e-02
6.397008667e+02,5.671986565e-02
6.399298096e+02,7.602474093e-02
6.401587524e+02,6.816776097e-02
6.403877563e+02,9.109444916e-02
6.406166992e+02,5.755620077e-02
6.408457031e+02,6.117224321e-02
6.410747070e+02,5.046398193e-02
6.413037109e+02,5.644419417e-02
6.415327148e+02,7.572758943e-02
6.417617798e+02,7.628969103e-02
6.419907837e+02,5.255153775e-02
6.422198486e+02,5.202545226e-02
6.424489136e+02,7.839766145e-02
6.426779785e+02,6.548946351e-02
6.429070435e+02,6.607471406e-02
6.431361694e+02,7.761611044e-02
6.433652344e+02,7.780778408e-02
6.435943604e+02,8.667424321e-02
6.438234863e+02,5.917033181e-02
6.440526123e+02,6.600292772e-02
6.442817383e+02,6.427586079e-02
6.445108643e+02,6.402105838e-02
6.447400513e+02,6.566616893e-02
6.449692383e+02,6.155151129e-02
6.451983643e+02,7.583829015e-02
6.454275513e+02,7.480707765e-02
6.456567993e+02,7.970744371e-02
6.458859863e+02,7.689411193e-02
6.461151733e+02,8.043596894e-02
6.463444214e+02,7.201042771e-02
6.465736694e+02,7.369298488e-02
6.468029175e+02,6.087425351e-02
6.470321655e+02,8.639679849e-02
6.472614136e+02,8.553999662e-02
6.474907227e+02,5.832191184e-02
6.477200317e+02,8.181313425e-02
6.479492798e+02,8.971840888e-02
6.481785889e+02,7.963373512e-02
6.484078979e+02,7.695323229e-02
6.486372681e+02,8.528423309e-02
6.488665771e+02,8.731511235e-02
6.490959473e+02,7.644599676e-02
6.493253174e+02,8.144833148e-02
6.495546265e+02,7.601828128e-02
6.497840576e+02,8.610368520e-02
6.500134277e+02,9.848134965e-02
6.502427979e+02,1.211483181e-01
6.504722290e+02,1.110943481e-01
6.507016602e+02,1.544081420e-01
6.509310303e+02,1.674959064e-01
6.511605225e+02,1.549038887e-01
6.513899536e+02,1.829579324e-01
6.516193848e+02,1.761265546e-01
6.518488770e+02,1.656478047e-01
6.520783081e+02,1.279623061e-01
6.523078003e+02,1.289122403e-01
6.525372925e+02,1.236670762e-01
6.527667847e+02,1.130128205e-01
6.529963379e+02,1.066361293e-01
6.532258301e+02,1.138409451e-01
6.534553833e+02,1.190486327e-01
6.536849365e+02,1.232973188e-01
6.539144897e+02,1.090543047e-01
6.541440430e+02,1.063370258e-01
6.543735962e+02,9.460292011e-02
6.546032104e+02,1.049879119e-01
6.548327637e+02,9.460548311e-02
6.550623779e+02,8.210350573e-02
6.552919922e+02,9.293663502e-02
6.555216064e+02,8.754795045e-02
6.557512817e+02,6.845080853e-02
6.559808960e+02,6.394494325e-02
6.562105713e+02,7.137840986e-02
6.564402466e+02,8.086864650e-02
6.566698608e+02,7.012354583e-02
6.568995972e+02,6.523625553e-02
6.571292725e+02,5.706224218e-02
6.573589478e+02,9.600640833e-02
6.575886841e+02,6.108998135e-02
6.578184204e+02,8.198858052e-02
6.580480957e+02,7.220816612e-02
6.582778931e+02,9.660977125e-02
6.585076294e+02,6.752764434e-02
6.587373657e+02,5.936377123e-02
6.589671631e+02,7.885069400e-02
6.591968994e+02,7.140806317e-02
6.594266968e+02,5.821188912e-02
6.596564941e+02,7.278228551e-02
6.598862915e+02,7.226003706e-02
6.601161499e+02,6.376579404e-02
6.603459473e+02,7.157918811e-02
6.605758057e+02,5.099064857e-02
6.608056641e+02,7.205275446e-02
6.610355225e+02,8.058626950e-02
6.612653809e+02,5.303613469e-02
6.614952393e+02,7.652725279e-02
6.617251587e+02,8.160901070e-02
6.619550171e+02,6.550081074e-02
6.621849365e+02,7.106197625e-02
6.624148560e+02,9.883583337e-02
6.626447754e+02,1.130583435e-01
6.628747559e+02,1.201536208e-01
6.631046753e+02,1.155832410e-01
6.633346558e+02,1.353988796e-01
6.635645752e+02,1.435168982e-01
6.637945557e+02,1.232218519e-01
6.640245361e+02,1.086797267e-01
6.642545776e+02,1.163183376e-01
6.644845581e+02,1.053238586e-01
6.647145386e+02,1.145285368e-01
6.649445801e+02,9.995445609e-02
6.651746216e+02,8.908781409e-02
6.654046631e+02,9.145290405e-02
6.656347046e+02,9.560780227e-02
6.658648071e+02,6.738649309e-02
6.660948486e+02,6.649159640e-02
6.663249512e+02,9.528819472e-02
6.665550537e+02,7.566431910e-02
6.667851562e+02,9.308290482e-02
6.670152588e+02,8.918369561e-02
6.672453613e+02,9.420152754e-02
6.674755249e+02,9.305094182e-02
6.677056274e+02,8.080998808e-02
6.679357910e+02,7.505705953e-02
6.681659546e+02,8.713821322e-02
6.683961182e+02,8.461331576e-02
6.686262817e+02,8.304724097e-02
6.688565063e+02,8.128940314e-02
6.690866699e+02,1.024154276e-01
6.693168945e+02,7.825313509e-02
6.695471191e+02,8.205645531e-02
6.697773438e+02,8.157704771e-02
6.700075684e+02,1.040454283e-01
6.702378540e+02,9.663054347e-02
6.704680786e+02,6.962374598e-02
6.706983643e+02,7.684686035e-02
6.709286499e+02,1.025752351e-01
6.711589355e+02,9.563975781e-02
6.713892212e+02,6.722669303e-02
6.716195679e+02,7.617568970e-02
6.718498535e+02,7.397039980e-02
6.720802002e+02,7.892430574e-02
6.723105469e+02,7.285177708e-02
6.725408936e+02,6.348728389e-02
6.727712402e+02,7.822117209e-02
6.730015869e+02,9.206016362e-02
6.732319336e+02,5.524142459e-02
6.734623413e+02,5.997160822e-02
6.736927490e+02,7.566431910e-02
6.739231567e+02,8.707428724e-02
6.741535645e+02,6.553277373e-02
6.743839722e+02,6.179336831e-02
6.746144409e+02,8.026666194e-02
6.748448486e+02,8.397410065e-02
6.750753174e+02,5.821377039e-02
6.753057861e+02,7.150942087e-02
6.755362549e+02,6.623590738e-02
6.757667236e+02,7.077433169e-02
6.759971924e+02,7.707058638e-02
6.762277222e+02,6.687512249e-02
6.764582520e+02,7.112589478e-02
6.766887817e+02,7.275589556e-02
6.769193115e+02,6.495747715e-02
6.771498413e+02,7.189295441e-02
6.773803711e+02,8.317508548e-02
6.776109619e+02,8.895996958e-02
6.778414917e+02,6.297591329e-02
6.780720825e+02,8.285547793e-02
6.783026733e+02,9.081369638e-02
6.785332642e+02,9.682230651e-02
6.787638550e+02,5.789416283e-02
6.789945068e+02,8.170489222e-02
6.792250977e+02,7.838097960e-02
6.794557495e+02,8.691448718e-02
6.796864014e+02,1.208247989e-01
6.799170532e+02,6.313572079e-02
6.801477051e+02,7.646333426e-02
6.803784180e+02,8.474116027e-02
6.806090698e+02,6.943197548e-02
6.808397827e+02,8.665879816e-02
6.810704956e+02,9.484074265e-02
6.813012085e+02,9.755740315e-02
6.815319214e+02,6.431826204e-02
6.817626343e+02,7.154138386e-02
6.819934082e+02,9.877190739e-02
6.822241821e+02,9.225192666e-02
6.824548950e+02,6.371100992e-02
6.826856689e+02,7.138158381e-02
6.829164429e+02,8.931154013e-02
6.831472778e+02,7.815725356e-02
6.833780518e+02,7.182902843e-02
6.836088867e+02,6.380689144e-02
6.838397217e+02,7.812529057e-02
6.840705566e+02,7.278785110e-02
6.843013916e+02,7.157334685e-02
6.845322266e+02,5.984376371e-02
6.847630615e+02,9.209211916e-02
6.849939575e+02,8.672272414e-02
6.852248535e+02,6.610806286e-02
6.854556885e+02,5.741475150e-02
6.856865845e+02,5.402691662e-02
6.859175415e+02,6.150572374e-02
6.861484375e+02,6.275218725e-02
6.863793335e+02,6.182532758e-02
6.866102905e+02,1.495894343e-01
6.868412476e+02,7.742215693e-02
6.870722046e+02,9.893171489e-02
6.873031616e+02,9.052604437e-02
6.875341187e+02,9.487270564e-02
6.877651367e+02,1.094787493e-01
6.879960938e+02,1.117159948e-01
6.882271118e+02,1.407682896e-01
6.884581299e+02,1.287510544e-01
6.886891479e+02,1.223589107e-01
6.889201660e+02,1.237651855e-01
6.891512451e+02,1.125469729e-01
6.893822632e+02,1.087756082e-01
6.896133423e+02,1.083601192e-01
6.898444214e+02,1.073693410e-01
6.900755005e+02,7.003923506e-02
6.903065796e+02,9.794092923e-02
6.905377197e+02,9.362623841e-02
6.907687988e+02,6.489355862e-02
6.909999390e+02,9.199623764e-02
6.912310181e+02,7.032687962e-02
6.914621582e+02,6.291199476e-02
6.916933594e+02,6.629982591e-02
6.919244995e+02,6.323160231e-02
6.921556396e+02,6.987942755e-02
6.923868408e+02,5.127829686e-02
6.926180420e+02,4.130655527e-02
6.928492432e+02,7.534471154e-02
6.930804443e+02,5.783024058e-02
6.933116455e+02,5.060711876e-02
6.935428467e+02,5.556103215e-02
6.937741089e+02,9.627897292e-02
6.940053711e+02,1.146563813e-01
6.942365723e+02,1.161265746e-01
6.944678345e+02,9.113329649e-02
6.946991577e+02,1.100860015e-01
6.949304199e+02,9.129310399e-02
6.951616821e+02,6.003553048e-02
6.953930054e+02,6.451003253e-02
6.956243286e+02,8.458135277e-02
6.958556519e+02,6.639570743e-02
6.960869751e+02,5.162986368e-02
6.963182983e+02,6.639570743e-02
6.965496826e+02,8.391018212e-02
6.967810059e+02,7.313942164e-02
6.970123901e+02,5.278044939e-02
6.972437744e+02,4.172204435e-02
6.974751587e+02,7.719843090e-02
6.977065430e+02,5.898082629e-02
6.979379272e+02,4.146635905e-02
6.981693726e+02,4.347988218e-02
6.984008179e+02,5.703122169e-02
6.986322021e+02,6.288003176e-02
6.988636475e+02,3.596911579e-02
6.990951538e+02,3.942087293e-02
6.993265991e+02,7.646333426e-02
6.995580444e+02,5.086280778e-02
6.997895508e+02,4.590889439e-02
7.000210571e+02,2.817070298e-02
7.002525635e+02,4.357576370e-02
7.004840698e+02,1.032464057e-01
7.007155762e+02,3.261324018e-02
7.009470825e+02,3.632068262e-02
7.011786499e+02,5.997160822e-02
7.014102173e+02,7.652725279e-02
7.016417847e+02,6.032317504e-02
7.018733521e+02,5.450632796e-02
7.021049194e+02,5.335574225e-02
7.023364868e+02,7.764588296e-02
7.025681152e+02,4.562124982e-02
7.027996826e+02,4.648418725e-02
7.030313110e+02,5.552906916e-02
7.032629395e+02,6.240062043e-02
7.034945679e+02,4.584497586e-02
7.037261963e+02,5.501769856e-02
7.039578857e+02,7.109393179e-02
7.041895142e+02,5.977984518e-02
7.044212036e+02,5.661573261e-02
7.046528931e+02,9.058997035e-02
7.048845825e+02,8.499684185e-02
7.051162720e+02,6.144180149e-02
7.053480225e+02,8.355861157e-02
7.055797119e+02,6.054690108e-02
7.058114624e+02,1.144326553e-01
7.060432129e+02,1.012968048e-01
7.062749634e+02,9.736564010e-02
7.065067139e+02,1.125789359e-01
7.067384644e+02,1.384351552e-01
7.069702759e+02,1.529453099e-01
7.072020264e+02,2.330708057e-01
7.074338379e+02,2.124561518e-01
7.076656494e+02,2.180492729e-01
7.078974609e+02,2.376092374e-01
7.081292725e+02,2.039226443e-01
7.083611450e+02,2.610684037e-01
7.085929565e+02,2.094198912e-01
7.088248291e+02,2.337100208e-01
7.090567017e+02,1.978181452e-01
7.092885742e+02,2.354359031e-01
7.095204468e+02,2.984304726e-01
7.097523193e+02,3.206751049e-01
7.099842529e+02,2.787746191e-01
7.102161255e+02,2.384082526e-01
7.104480591e+02,2.301623821e-01
7.106799927e+02,1.917775720e-01
7.109119263e+02,1.557258964e-01
7.111439209e+02,1.440922022e-01
7.113758545e+02,1.625974476e-01
7.116078491e+02,1.453706175e-01
7.118397827e+02,1.350153536e-01
7.120717773e+02,1.439323872e-01
7.123037720e+02,1.723454595e-01
7.125357666e+02,2.089404762e-01
7.127678223e+02,2.224598527e-01
7.129998169e+02,2.316006124e-01
7.132318726e+02,2.515440881e-01
7.134639282e+02,2.295870930e-01
7.136959839e+02,1.791211367e-01
7.139280396e+02,1.617345065e-01
7.141600952e+02,1.607117653e-01
7.143921509e+02,1.204412729e-01
7.146242676e+02,1.194185317e-01
7.148563843e+02,9.423349053e-02
7.150885010e+02,8.301527798e-02
7.153206177e+02,8.675467968e-02
7.155527344e+02,6.658747792e-02
7.157848511e+02,7.173314691e-02
7.160170288e+02,8.598762751e-02
7.162491455e+02,8.745782077e-02
7.164813232e+02,7.250020653e-02
7.167135010e+02,5.776631832e-02
7.169456787e+02,7.355491072e-02
7.171779175e+02,6.636375189e-02
7.174100952e+02,6.367904693e-02
7.176423340e+02,3.037599102e-02
7.178745117e+02,5.846945569e-02
7.181067505e+02,5.591259897e-02
7.183389893e+02,3.302872926e-02
7.185712891e+02,4.814614728e-02
7.188035278e+02,3.932499141e-02
7.190358276e+02,5.162986368e-02
7.192680664e+02,4.632438347e-02
7.195003662e+02,3.018422611e-02
7.197326660e+02,3.091932274e-02
7.199649658e+02,5.357946455e-02
7.201972656e+02,4.427890107e-02
7.204296265e+02,2.091562189e-02
7.206619873e+02,4.613262042e-02
7.208942871e+02,4.252105951e-02
7.211266479e+02,4.638830572e-02
7.213590088e+02,5.201338977e-02
7.215913696e+02,4.395929351e-02
7.218237915e+02,5.230103806e-02
7.220561523e+02,5.514553934e-02
7.222885742e+02,4.025185108e-02
7.225209961e+02,4.357576370e-02
7.227534180e+02,5.009574816e-02
7.229858398e+02,2.168267779e-02
7.232182617e+02,2.289718576e-02
7.234507446e+02,4.184988514e-02
7.236831665e+02,3.628872335e-02
7.239156494e+02,5.166182294e-02
7.241481323e+02,3.171833977e-02
7.243806152e+02,2.654070593e-02
7.246130981e+02,5.450632796e-02
7.248456421e+02,4.562124982e-02
7.250781250e+02,3.865381330e-02
7.253106689e+02,3.501029313e-02
7.255432129e+02,3.354009986e-02
7.257757568e+02,1.966915280e-02
7.260083008e+02,4.354380444e-02
7.262408447e+02,3.005638346e-02
7.264734497e+02,6.185729057e-02
7.267059937e+02,2.631698176e-02
7.269385986e+02,4.178596288e-02
7.271712036e+02,5.159790069e-02
7.274038086e+02,2.964089438e-02
7.276364136e+02,3.360402212e-02
7.278690796e+02,2.567776665e-02
7.281016846e+02,3.644852713e-02
7.283343506e+02,3.903734311e-02
7.285670166e+02,3.964459524e-02
7.287996826e+02,1.941346750e-02
7.290323486e+02,1.845464669e-02
7.292650146e+02,4.050753638e-02
7.294976807e+02,2.270542085e-02
7.297304077e+02,2.455914207e-02
7.299631348e+02,3.536186367e-02
7.301958618e+02,5.178966746e-02
7.304285889e+02,4.057145864e-02
7.306613159e+02,4.603673890e-02
7.308940430e+02,3.974048048e-02
7.311268311e+02,3.648048639e-02
7.313596191e+02,3.159049898e-02
7.315923462e+02,2.216208912e-02
7.318251343e+02,3.120696917e-02
7.320579834e+02,3.270912170e-02
7.322907715e+02,1.692053303e-02
7.325235596e+02,9.697412141e-03
7.327564087e+02,3.315657377e-02
7.329892578e+02,3.743930906e-02
7.332220459e+02,3.820636496e-02
7.334549561e+02,3.270912170e-02
7.336878052e+02,3.488245234e-02
7.339206543e+02,3.616087884e-02
7.341535645e+02,8.546826430e-03
7.343864136e+02,4.610066116e-02
7.346193237e+02,2.935324796e-02
7.348522339e+02,3.667224944e-02
7.350851440e+02,2.113934606e-02
7.353180542e+02,2.465502359e-02
7.355510254e+02,3.932499141e-02
7.357839355e+02,2.708403766e-02
7.360169067e+02,9.249961935e-03
7.362498779e+02,1.794327423e-02
7.364828491e+02,3.254931793e-02
7.367158203e+02,2.286522463e-02
7.369488525e+02,1.653700322e-02
7.371818237e+02,2.401581034e-02
7.374148560e+02,4.549340531e-02
7.376478882e+02,3.539382294e-02
7.378809204e+02,3.804656118e-02
7.381139526e+02,2.197032422e-02
7.383469849e+02,2.612521686e-02
7.385800171e+02,2.296110615e-02
7.388131104e+02,3.034402989e-02
7.390462036e+02,4.926477000e-02
7.392792358e+02,3.811048344e-02
7.395123291e+02,6.444610655e-02
7.397454834e+02,2.954501286e-02
7.399785767e+02,5.508162081e-02
7.402116699e+02,3.903734311e-02
7.404448242e+02,4.114675149e-02
7.406779785e+02,2.989657968e-02
7.409111328e+02,5.425064266e-02
7.411442871e+02,3.753519058e-02
7.413774414e+02,3.325245529e-02
7.416105957e+02,1.493896823e-02
7.418438110e+02,1.784739271e-02
7.420770264e+02,3.517009690e-02
7.423102417e+02,4.712340236e-02
7.425434570e+02,1.250995416e-02
7.427766724e+02,4.932869226e-02
7.430098877e+02,3.101520613e-02
7.432431030e+02,3.830224648e-02
7.434763794e+02,2.740364522e-02
7.437096558e+02,1.624935679e-02
7.439429321e+02,2.609325573e-02
7.441762085e+02,4.101890698e-02
7.444094849e+02,3.759911284e-02
7.446427612e+02,2.785109542e-02
7.448760986e+02,3.823832422e-02
7.451094360e+02,3.344421834e-02
7.453427124e+02,3.389167041e-02
7.455760498e+02,2.765933052e-02
7.458093872e+02,4.367164522e-02
7.460427856e+02,4.955241829e-02
7.462761230e+02,2.005268261e-02
7.465095215e+02,1.340485457e-02
7.467428589e+02,2.964089438e-02
7.469762573e+02,3.990028426e-02
7.472096558e+02,1.535445731e-02
7.474431152e+02,4.092302546e-02
7.476765137e+02,3.887753934e-02
7.479099121e+02,4.101890698e-02
7.481433716e+02,2.030836791e-02
7.483768311e+02,5.031947419e-02
7.486102905e+02,2.964089438e-02
7.488437500e+02,1.724013872e-02
7.490772095e+02,1.925366372e-02
7.493106689e+02,1.516269334e-02
7.495441895e+02,3.261324018e-02
7.497777100e+02,2.417561412e-02
7.500112305e+02,1.369250100e-02
7.502447510e+02,2.644482441e-02
7.504782715e+02,2.350443788e-02
7.507117920e+02,3.104716539e-02
7.509453125e+02,3.536186367e-02
7.511788940e+02,5.169378594e-02
7.514124756e+02,3.149461746e-02
7.516460571e+02,3.935695067e-02
7.518796387e+02,2.366424166e-02
7.521132202e+02,7.128570229e-02
7.523468018e+02,4.709144309e-02
7.525804443e+02,3.363598511e-02
7.528140259e+02,1.816700026e-02
7.530476685e+02,4.501399770e-02
7.532813110e+02,2.251365595e-02
7.535149536e+02,1.915778220e-02
7.537486572e+02,4.578105360e-02
7.539822998e+02,2.113934606e-02
7.542160034e+02,2.248169668e-02
7.544496460e+02,2.666055923e-03
7.546833496e+02,2.340855636e-02
7.549170532e+02,5.102260783e-02
7.551507568e+02,2.065993473e-02
7.553845215e+02,9.825254790e-03
7.556182251e+02,1.011290122e-02
7.558519897e+02,2.666854858e-02
7.560857544e+02,8.610747755e-03
7.563194580e+02,1.930959523e-03
7.565532837e+02,1.199858263e-02
7.567870483e+02,2.737168409e-02
7.570208130e+02,3.587323427e-02
7.572546387e+02,1.771155978e-03
7.574884033e+02,5.127030425e-03
7.577222290e+02,2.989657968e-02
7.579560547e+02,1.717621833e-02
7.581898804e+02,3.053579479e-02
7.584237671e+02,9.401775314e-04
7.586575928e+02,1.931758597e-02
7.588914795e+02,2.002072148e-02
7.591253052e+02,2.366424166e-02
7.593591919e+02,1.195863239e-03
7.595930786e+02,1.241407264e-02
7.598269653e+02,3.417931497e-02
7.600609131e+02,1.193466131e-02
7.602947998e+02,9.186040610e-03
7.605287476e+02,1.832680404e-02
7.607626953e+02,6.383885443e-02
7.609965820e+02,3.069559857e-02
7.612305908e+02,2.529423870e-02
7.614645386e+02,2.641286328e-02
7.616984863e+02,5.204535276e-02
7.619324951e+02,5.060711876e-02
7.621664429e+02,1.989287883e-02
7.624004517e+02,1.167897601e-02
7.626344604e+02,1.679269038e-02
7.628684692e+02,1.036858652e-02
7.631025391e+02,-2.415696857e-03
7.633365479e+02,2.992854081e-02
7.635706177e+02,6.403061748e-02
7.638046265e+02,7.643137127e-02
7.640386963e+02,6.172944605e-02
7.642727661e+02,6.700296700e-02
7.645068359e+02,5.575279519e-02
7.647409668e+02,3.325245529e-02
7.649750366e+02,3.133481368e-02
7.652091675e+02,4.456654564e-02
7.654432983e+02,3.600107506e-02
7.656773682e+02,1.816700026e-02
7.659115601e+02,2.596541308e-02
7.661456909e+02,5.492181703e-02
7.663798218e+02,2.714795992e-02
7.666140137e+02,3.091932274e-02
7.668481445e+02,1.522661466e-02
7.670823364e+02,3.290088847e-02
7.673165283e+02,4.175400361e-02
7.675507202e+02,3.258128092e-02
7.677849731e+02,1.008094009e-02
7.680191650e+02,2.289718576e-02
7.682534180e+02,2.401581034e-02
7.684876099e+02,7.875651121e-03
7.687218628e+02,1.643313211e-03
7.689561157e+02,2.558188513e-02
7.691903687e+02,1.151917223e-02
7.694246826e+02,1.666484587e-02
7.696589355e+02,-3.821968101e-03
7.698932495e+02,6.820948329e-03
7.701275024e+02,3.417931497e-02
7.703618164e+02,5.190951750e-03
7.705961304e+02,2.916148491e-02
7.708305054e+02,3.024814837e-02
7.710648193e+02,2.346448833e-03
7.712991333e+02,4.679580685e-03
7.715335083e+02,1.308524702e-02
7.717678833e+02,2.663658746e-02
7.720022583e+02,3.935695067e-02
7.722366333e+02,1.851856709e-02
7.724710083e+02,1.241407264e-02
7.727054443e+02,4.805026203e-02
7.729398193e+02,8.477311581e-02
7.731742554e+02,2.465502359e-02
7.734086914e+02,2.174660005e-02
7.736431274e+02,3.075951897e-02
7.738775635e+02,2.328071371e-02
7.741119995e+02,2.663658746e-02
7.743464966e+02,4.399125278e-02
7.745809326e+02,1.599367149e-02
7.748154297e+02,5.920455232e-02
7.750499268e+02,2.791501582e-02
7.752844238e+02,6.277616136e-03
7.755189209e+02,3.951675445e-02
7.757534180e+02,1.835876517e-02
7.759879761e+02,4.679580685e-03
7.762224731e+02,1.078407653e-02
7.764570312e+02,3.130285069e-02
7.766915894e+02,1.813503914e-02
7.769261475e+02,1.279760059e-02
7.771607056e+02,-1.808443456e-03
7.773953247e+02,1.557818241e-02
7.776298828e+02,1.164701488e-02
7.778645020e+02,9.409765713e-03
7.780991211e+02,1.535445731e-02
7.783337402e+02,1.413995028e-02
7.785683594e+02,3.337230766e-03
7.788029785e+02,-4.660936829e-04
7.790376587e+02,3.465872630e-02
7.792722778e+02,4.583698232e-03
7.795069580e+02,1.704837568e-02
7.797416382e+02,1.746386476e-02
7.799763184e+02,6.117812358e-03
7.802109985e+02,1.369250100e-02
7.804456787e+02,1.314916834e-02
7.806804199e+02,3.446696326e-02
7.809151001e+02,-1.085332409e-02
7.811498413e+02,1.794327423e-02
7.813845825e+02,1.698445342e-02
7.816193237e+02,1.087995805e-02
7.818540649e+02,7.803739863e-04
7.820888062e+02,2.260953933e-02
7.823236084e+02,1.135936845e-02
7.825583496e+02,1.877425425e-02
7.827931519e+02,5.862127058e-03
7.830279541e+02,7.715847809e-03
7.832627563e+02,7.204476744e-03
7.834975586e+02,5.734283943e-03
7.837324219e+02,8.834472857e-03
7.839672241e+02,8.418983780e-03
7.842020874e+02,1.474720426e-02
7.844369507e+02,-1.206783112e-02
7.846718140e+02,2.011660300e-02
7.849066772e+02,8.131337352e-03
7.851415405e+02,1.880621351e-02
7.853764648e+02,4.136248492e-03
7.856113281e+02,3.816641401e-03
7.858462524e+02,1.419588225e-03
7.860811768e+02,3.986832127e-02
7.863161011e+02,1.323706005e-03
7.865510254e+02,1.551426109e-02
7.867859497e+02,4.210557044e-02
7.870208740e+02,1.072015427e-02
7.872558594e+02,-2.767264843e-03
7.874908447e+02,5.846945569e-02
7.877258301e+02,3.635264561e-02
7.879608154e+02,2.484678850e-02
7.881958008e+02,1.666484587e-02
7.884307861e+02,1.419588225e-03
7.886658325e+02,1.708033681e-02
7.889008179e+02,1.167897601e-02
7.891358643e+02,2.043621056e-02
7.893709106e+02,6.149773020e-03
7.896059570e+02,4.897712544e-02
7.898410034e+02,1.663288660e-02
7.900760498e+02,2.008464187e-02
7.903111572e+02,-6.730392575e-03
7.905462646e+02,1.823092066e-02
7.907813110e+02,6.117812358e-03
7.910164185e+02,7.236437406e-03
7.912515259e+02,-1.648639911e-03
7.914866943e+02,9.729372337e-03
7.917218018e+02,1.749582589e-02
7.919569702e+02,1.426779386e-02
7.921920776e+02,-2.423687110e-04
7.924272461e+02,1.305328682e-02
7.926624146e+02,1.407602895e-02
7.928975830e+02,8.067416027e-03
7.931327515e+02,1.570602506e-02
7.933679810e+02,7.524083834e-03
7.936031494e+02,1.915778220e-02
7.938383789e+02,3.241348546e-03
7.940736084e+02,-6.410785485e-03
7.943088379e+02,5.191750824e-02
7.945440674e+02,3.049584338e-03
7.947792969e+02,7.236437406e-03
7.950145874e+02,5.989969708e-03
7.952498169e+02,2.145895362e-02
7.954851074e+02,3.018422611e-02
7.957203979e+02,2.075581811e-02
7.959556885e+02,2.708403766e-02
7.961909790e+02,2.417561412e-02
7.964262695e+02,2.005268261e-02
7.966616211e+02,2.465502359e-02
7.968969116e+02,6.629183888e-03
7.971322632e+02,5.348358303e-02
7.973676147e+02,9.090158157e-03
7.976029663e+02,3.043991327e-02
7.978383179e+02,-3.278636141e-03
7.980737305e+02,1.698445342e-02
7.983090820e+02,1.068020356e-03
7.985444946e+02,-7.177842781e-03
7.987798462e+02,1.059231162e-02
7.990152588e+02,4.359973595e-03
7.992506714e+02,1.423583273e-02
7.994861450e+02,2.825859468e-03
7.997215576e+02,-9.135436267e-04
7.999570312e+02,5.958009046e-03
8.001924438e+02,4.871344659e-03
8.004279175e+02,-5.611767992e-03
8.006633911e+02,9.569569491e-03
8.008988647e+02,-9.455043473e-04
8.011343384e+02,4.236125574e-02
8.013698730e+02,1.072015427e-02
8.016053467e+02,-7.113921456e-03
8.018408813e+02,1.270171907e-02
8.020764160e+02,6.166552752e-02
8.023119507e+02,3.900538385e-02
8.025474854e+02,1.145525090e-02
8.027830200e+02,3.657636791e-02
8.030185547e+02,9.761333466e-03
8.032541504e+02,2.011660300e-02
8.034897461e+02,1.353269722e-02
8.037252808e+02,3.251735866e-02
8.039608765e+02,1.685661077e-02
8.041964722e+02,1.592975110e-02
8.044321289e+02,3.305270104e-03
8.046677246e+02,3.510617465e-02
8.049033813e+02,1.266975794e-02
8.051389771e+02,9.090158157e-03
8.053746338e+02,2.353639901e-02
8.056102905e+02,3.574538976e-02
8.058459473e+02,1.976503618e-02
8.060816650e+02,7.076633628e-03
8.063173218e+02,2.154684393e-03
8.065530396e+02,9.409765713e-03
8.067886963e+02,1.180681866e-02
8.070244141e+02,9.985058568e-03
8.072601318e+02,-1.424914924e-03
8.074958496e+02,-4.205496516e-03
8.077316284e+02,4.807423335e-03
8.079673462e+02,-8.168624714e-03
8.082031250e+02,-2.319814870e-03
8.084389038e+02,1.835876517e-02
8.086746216e+02,2.251365595e-02
8.089104004e+02,-1.075744256e-02
8.091462402e+02,-7.537400816e-04
8.093820190e+02,3.779087588e-02
8.096177979e+02,3.497034311e-03
8.098536377e+02,-1.744522015e-03
8.100894775e+02,1.027270500e-02
8.103253174e+02,1.826288179e-02
8.105611572e+02,1.407602895e-02
8.107969971e+02,3.334833682e-02
8.110328369e+02,5.444240570e-02
8.112687378e+02,2.548600174e-02
8.115045776e+02,3.871773556e-02
8.117404785e+02,6.281611323e-02
8.119763794e+02,9.285917878e-02
8.122122803e+02,1.035979763e-01
8.124481812e+02,5.038339645e-02
8.126841431e+02,9.410564601e-02
8.129200439e+02,4.092302546e-02
8.131560059e+02,4.411909729e-02
8.133919678e+02,7.476941496e-02
8.136279297e+02,6.788987201e-03
8.138638916e+02,4.846575111e-02
8.140998535e+02,5.335574225e-02
8.143358154e+02,1.158309355e-02
8.145718384e+02,3.731146455e-02
8.148078003e+02,2.181052044e-02
8.150438232e+02,2.836246602e-02
8.152798462e+02,4.587693512e-02
8.155158691e+02,2.529423870e-02
8.157518921e+02,1.187073998e-02
8.159879761e+02,2.737168409e-02
8.162239990e+02,6.181734148e-03
8.164600830e+02,3.624877194e-03
8.166961670e+02,1.931758597e-02
8.169322510e+02,5.389907211e-02
8.171683350e+02,5.350755528e-03
8.174044189e+02,3.526597843e-02
8.176405029e+02,2.973677777e-02
8.178766479e+02,4.136248492e-03
8.181127930e+02,1.187073998e-02
8.183488770e+02,-1.297072158e-03
8.185850220e+02,1.072015427e-02
8.188212280e+02,9.601529688e-03
8.190573730e+02,-2.927068388e-03
8.192935181e+02,1.707234536e-03
8.195297241e+02,5.325986072e-02
8.197658691e+02,7.012712304e-03
8.200020752e+02,1.545033976e-02
8.202382812e+02,4.040366504e-03
8.204744873e+02,3.107912652e-02
8.207107544e+02,1.413995028e-02
8.209469604e+02,1.797523536e-02
8.211831665e+02,-8.176614647e-04
8.214194336e+02,9.601529688e-03
8.216557007e+02,1.273367926e-02
8.218919678e+02,4.999187775e-03
8.221282349e+02,1.698445342e-02
8.223645020e+02,8.450943977e-03
8.226008301e+02,3.261324018e-02
8.228370972e+02,4.927276168e-04
8.230734253e+02,6.205704412e-04
8.233097534e+02,-6.258972571e-04
8.235460815e+02,3.177427221e-03
8.237824097e+02,-3.406479023e-03
8.240187378e+02,7.268398069e-03
8.242551270e+02,2.714795992e-02
8.244914551e+02,1.228622906e-02
8.247278442e+02,7.588005159e-03
8.249642334e+02,2.410370158e-03
8.252006226e+02,2.340855636e-02
8.254370117e+02,3.820636496e-02
8.256734009e+02,-3.630203893e-03
8.259097900e+02,4.519776907e-03
8.261462402e+02,5.606441293e-03
8.263826904e+02,1.318112947e-02
8.266191406e+02,-3.821968101e-03
8.268555908e+02,7.779769599e-03
8.270920410e+02,7.332319394e-03
8.273284912e+02,2.251365595e-02
8.275649414e+02,-8.935681544e-03
8.278014526e+02,-2.703343285e-03
8.280379639e+02,1.324505080e-02
8.282744751e+02,9.953097440e-03
8.285109863e+02,2.350443788e-02
8.287474976e+02,1.736798137e-02
8.289840088e+02,1.024074387e-02
8.292205200e+02,6.309576798e-03
8.294570923e+02,-2.703343285e-03
8.296936646e+02,1.177485846e-02
8.299301758e+02,1.567406394e-02
8.301667480e+02,1.950934902e-02
8.304033813e+02,-2.767264843e-03
8.306399536e+02,8.738590404e-03
8.308765259e+02,3.152657673e-02
8.311131592e+02,-2.351775533e-03
8.313497925e+02,1.928562485e-02
8.315863647e+02,-2.543539740e-03
8.318229980e+02,8.387022652e-03
8.320596924e+02,3.049584338e-03
8.322963257e+02,-8.296467364e-03
8.325329590e+02,-4.525103606e-03
8.327696533e+02,4.792242125e-02
8.330062866e+02,1.199858263e-02
8.332429810e+02,1.513073221e-02
8.334796753e+02,-6.890196353e-03
8.337163696e+02,3.024814837e-02
8.339531250e+02,2.887383848e-02
8.341898193e+02,-3.790007439e-03
8.344265747e+02,8.738590404e-03
8.346632690e+02,1.522661466e-02
8.349000244e+02,-3.470400348e-03
8.351367798e+02,-5.899414420e-03
8.353735352e+02,1.898998860e-03
8.356103516e+02,1.819896139e-02
8.358471069e+02,2.690026304e-04
8.360839233e+02,-3.917850554e-03
8.363206787e+02,-2.287854208e-03
8.365574951e+02,9.697412141e-03
8.367943115e+02,2.370419243e-04
8.370311279e+02,-8.104703389e-03
8.372679443e+02,-1.488037407e-02
8.375048218e+02,-1.041386509e-03
8.377416382e+02,-3.062901378e-04
8.379785156e+02,-1.133273542e-02
8.382153931e+02,-2.064129105e-03
8.384522705e+02,3.848602064e-03
8.386891479e+02,-2.895107726e-03
8.389260254e+02,1.411598059e-04
8.391629639e+02,1.663288660e-02
8.393998413e+02,3.657636791e-02
8.396367798e+02,7.811730262e-03
8.398737183e+02,3.648847633e-04
8.401106567e+02,5.926048383e-03
8.403475952e+02,2.442330820e-03
8.405845337e+02,9.953097440e-03
8.408215332e+02,4.743502010e-03
8.410584717e+02,1.564210467e-02
8.412954712e+02,1.273367926e-02
8.415324707e+02,3.219775110e-02
8.417694702e+02,1.429975405e-02
8.420064697e+02,9.569569491e-03
8.422434692e+02,1.212642621e-02
8.424804688e+02,7.044672966e-03
8.427175293e+02,1.241407264e-02
8.429545288e+02,2.836246602e-02
8.431915894e+02,3.782283515e-02
8.434286499e+02,3.766303137e-02
8.436657104e+02,1.538641844e-02
8.439028320e+02,6.852908991e-03
8.441398926e+02,2.257757820e-02
8.443769531e+02,2.922540531e-02
8.446140747e+02,-1.009425730e-03
8.448511963e+02,1.343681477e-02
8.450883179e+02,1.851856709e-02
8.453254395e+02,5.286834203e-03
8.455625610e+02,-4.301378969e-03
8.457997437e+02,5.926048383e-03
8.460368652e+02,3.814244270e-02
8.462740479e+02,1.602563262e-02
8.465112305e+02,3.528994974e-03
8.467483521e+02,-8.296467364e-03
8.469855957e+02,1.033662632e-02
8.472227783e+02,4.162615910e-02
8.474599609e+02,1.998876035e-02
8.476972046e+02,1.922170259e-02
8.479343872e+02,4.040366504e-03
8.481716309e+02,6.597223226e-03
8.484088745e+02,1.784739271e-02
8.486461182e+02,2.985663014e-03
8.488833618e+02,1.145525090e-02
8.491206665e+02,2.346448833e-03
8.493579102e+02,9.857215919e-03
8.495952148e+02,-9.127446450e-03
8.498324585e+02,-6.578579196e-04
8.500697632e+02,4.679580685e-03
8.503070679e+02,-3.182753921e-03
8.505444336e+02,1.675273874e-03
8.507817383e+02,-1.297072158e-03
8.510190430e+02,3.232559562e-02
8.512564087e+02,-1.050175633e-02
8.514937744e+02,-8.136663586e-03
8.517311401e+02,5.478598177e-03
8.519685059e+02,2.334463410e-02
8.522058716e+02,1.803116756e-03
8.524432373e+02,-4.333339632e-03
8.526806641e+02,2.404777147e-02
8.529180298e+02,1.771955006e-02
8.531554565e+02,-3.981771879e-03
8.533928833e+02,4.296052270e-03
8.536303101e+02,2.887383848e-02
8.538677368e+02,1.072015427e-02
8.541051636e+02,-5.004514474e-03
8.543426514e+02,4.031577334e-02
8.545800781e+02,1.036059693e-03
8.548175659e+02,8.610747755e-03
8.550550537e+02,7.939573377e-03
8.552925415e+02,-7.817056961e-03
8.555300293e+02,2.410370158e-03
8.557675171e+02,1.468328293e-02
8.560050659e+02,6.437419448e-03
8.562425537e+02,-3.534321906e-03
8.564801025e+02,3.727950528e-02
8.567176514e+02,1.861445047e-02
8.569552002e+02,2.065993473e-02
8.571927490e+02,-1.872364897e-03
8.574302979e+02,4.341595992e-02
8.576679077e+02,2.921741456e-03
8.579054565e+02,5.886097206e-04
8.581430664e+02,1.331696240e-05
8.583806763e+02,2.474291716e-03
8.586182861e+02,2.043621056e-02
8.588558960e+02,-1.321841683e-02
8.590935059e+02,3.216579184e-02
8.593311157e+02,1.442759670e-02
8.595687866e+02,9.505648166e-03
8.598064575e+02,1.254191529e-02
8.600440674e+02,-6.314903498e-03
8.602817383e+02,-2.959029051e-03
8.605194092e+02,-6.898186402e-04
8.607571411e+02,-8.496221853e-04
8.609948120e+02,-8.616074920e-03
8.612324829e+02,1.979699545e-02
8.614702148e+02,2.690026304e-04
8.617079468e+02,2.101150341e-02
8.619456787e+02,-3.278636141e-03
8.621834106e+02,9.345844388e-03
8.624211426e+02,6.277616136e-03
8.626588745e+02,1.359661855e-02
8.628966675e+02,-1.005430613e-02
8.631343994e+02,3.433911875e-02
8.633721924e+02,4.232130479e-03
8.636099854e+02,8.387022652e-03
8.638477783e+02,-7.657253183e-03
8.640855713e+02,3.475460783e-02
8.643234253e+02,7.236437406e-03
8.645612183e+02,2.459110320e-02
8.647990723e+02,1.640916057e-02
8.650368652e+02,2.037228830e-02
8.652747192e+02,1.439563651e-02
8.655125732e+02,-1.265111379e-03
8.657504272e+02,-5.060445619e-05
8.659883423e+02,2.097954229e-02
8.662261963e+02,-2.767264843e-03
8.664641113e+02,8.578787558e-03
8.667019653e+02,-6.258972571e-04
8.669398804e+02,1.107172295e-02
8.671777954e+02,-3.406479023e-03
8.674157104e+02,-9.510974400e-03
8.676536865e+02,-3.118832596e-03
8.678916016e+02,9.313883260e-03
8.681295776e+02,1.675273874e-03
8.683674927e+02,-2.543539740e-03
8.686054688e+02,-6.258972571e-04
8.688434448e+02,2.634894103e-02
8.690814209e+02,8.418983780e-03
8.693193970e+02,-4.525103606e-03
8.695574341e+02,-4.045693204e-03
8.697954102e+02,1.327701192e-02
8.700334473e+02,3.145466559e-03
8.702714844e+02,-1.046979614e-02
8.705095215e+02,3.337230766e-03
8.707475586e+02,1.116760448e-02
8.709855957e+02,-6.890196353e-03
8.712236328e+02,-4.077653866e-03
8.714617310e+02,2.983265929e-02
8.716997681e+02,-2.863146830e-03
8.719378662e+02,-8.552153595e-03
8.721759644e+02,-6.858235691e-03
8.724140625e+02,3.880562726e-03
8.726521606e+02,-9.542935528e-03
8.728903198e+02,4.028381035e-02
8.731284180e+02,3.145466559e-03
8.733665771e+02,4.510987923e-02
8.736046753e+02,4.015596956e-02
8.738428345e+02,7.164526032e-04
8.740809937e+02,-1.088528521e-02
8.743191528e+02,1.353269722e-02
8.745573730e+02,7.779769599e-03
8.747955322e+02,3.912523389e-03
8.750337524e+02,-1.073347172e-03
8.752719116e+02,2.857820131e-03
8.755101318e+02,4.679580685e-03
8.757483521e+02,-4.301378969e-03
8.759865723e+02,-7.944899611e-03
8.762248535e+02,7.939573377e-03
8.764630737e+02,1.355666784e-03
8.767013550e+02,1.963719353e-02
8.769395752e+02,-1.864374644e-05
8.771778564e+02,1.775151119e-02
8.774161377e+02,1.382034365e-02
8.776544189e+02,5.488985404e-02
8.778927002e+02,3.120696917e-02
8.781310425e+02,2.778717317e-02
8.783693237e+02,3.277304396e-02
8.786076660e+02,1.372446120e-02
8.788460083e+02,-6.155100185e-03
8.790842896e+02,1.340485457e-02
8.793226318e+02,3.209387884e-03
8.795610352e+02,5.254873540e-03
8.797993774e+02,1.330897212e-02
8.800377197e+02,5.350755528e-03
8.802761230e+02,1.199858263e-02
8.805145264e+02,-9.958424605e-03
8.807529297e+02,3.401152091e-03
8.809913330e+02,-3.278636141e-03
8.812297363e+02,-3.150793258e-03
8.814681396e+02,-1.200390980e-02
8.817066040e+02,-8.168624714e-03
8.819450073e+02,7.683887146e-03
8.821834717e+02,1.650504395e-02
8.824219360e+02,-5.196278915e-03
8.826604004e+02,-1.651036926e-02
8.828988647e+02,3.209387884e-03
8.831373291e+02,2.487874962e-02
8.833757935e+02,-5.388042890e-03
8.836143188e+02,-8.520192467e-03
8.838528442e+02,1.832680404e-02
8.840913086e+02,4.328012932e-03
8.843298340e+02,2.570173703e-03
8.845683594e+02,-2.415696857e-03
8.848069458e+02,1.720817946e-02
8.850454712e+02,1.091990925e-04
8.852839966e+02,2.761937911e-03
8.855225830e+02,-1.286684908e-02
8.857611694e+02,2.225797065e-02
8.859997559e+02,1.458740048e-02
8.862383423e+02,-1.468860917e-02
8.864769287e+02,1.036059693e-03
8.867155151e+02,3.584127128e-02
8.869541626e+02,1.513073221e-02
8.871927490e+02,2.372816391e-02
8.874313965e+02,-4.940593150e-03
8.876700439e+02,1.925366372e-02
8.879086914e+02,-2.383736195e-03
8.881473389e+02,4.423894919e-03
8.883859863e+02,1.845464669e-02
8.886246948e+02,3.843009099e-02
8.888633423e+02,2.155483514e-02
8.891020508e+02,-8.807838894e-03
8.893407593e+02,5.286834203e-03
8.895794678e+02,4.622850195e-02
8.898181763e+02,1.020878367e-02
8.900568848e+02,-6.346864160e-03
8.902955933e+02,1.091990925e-04
8.905343628e+02,-3.182753921e-03
8.907730713e+02,-6.250982173e-03
8.910118408e+02,8.546826430e-03
8.912506104e+02,1.458740048e-02
8.914893799e+02,3.656837856e-03
8.917281494e+02,9.537608363e-03
8.919669800e+02,-7.113921456e-03
8.922057495e+02,9.401775314e-04
8.924445801e+02,-1.265111379e-03
8.926833496e+02,1.973307505e-02
8.929221802e+02,8.610747755e-03
8.931610107e+02,2.154684393e-03
8.933998413e+02,3.133481368e-02
8.936387329e+02,2.889780793e-03
8.938775635e+02,8.163297549e-03
8.941164551e+02,-8.775877766e-03
8.943552856e+02,1.650504395e-02
8.945941772e+02,2.507051267e-02
8.948330688e+02,-1.705370285e-02
8.950719604e+02,1.707234536e-03
8.953108521e+02,2.027640678e-02
8.955498047e+02,2.318483219e-02
8.957886963e+02,-1.238743868e-02
8.960276489e+02,-1.008626726e-02
8.962666016e+02,2.433541790e-02
8.965055542e+02,1.193466131e-02
8.967445068e+02,-4.461182281e-03
8.969834595e+02,-2.255893312e-03
8.972224121e+02,2.554992400e-02
8.974614258e+02,6.373498123e-03
8.977003784e+02,1.161505468e-02
8.979393921e+02,-8.839800023e-03
8.981784058e+02,1.864641160e-02
8.984174194e+02,9.218001738e-03
8.986564331e+02,-3.726086114e-03
8.988954468e+02,-1.069352031e-02
8.991345215e+02,-1.041386509e-03
8.993735352e+02,1.787935384e-02
8.996126099e+02,-7.817056961e-03
8.998516846e+02,4.967227113e-03
9.000907593e+02,2.567776665e-02
9.003298340e+02,1.545033976e-02
9.005689087e+02,-1.845997386e-02
9.008079834e+02,1.305328682e-02
9.010471191e+02,1.020878367e-02
9.012861938e+02,2.260953933e-02
9.015253296e+02,4.555732757e-02
9.017644653e+02,1.302132569e-02
9.020036011e+02,2.021248452e-02
9.022427368e+02,8.418983780e-03
9.024819336e+02,4.689967632e-02
9.027210693e+02,8.802511729e-03
9.029602661e+02,8.450943977e-03
9.031994019e+02,5.318794865e-03
9.034385986e+02,1.994880848e-03
9.036777954e+02,-3.382508294e-04
9.039169922e+02,1.925366372e-02
9.041561890e+02,1.934954710e-02
9.043954468e+02,-8.136663586e-03
9.046346436e+02,-3.118832596e-03
9.048739014e+02,1.612151414e-02
9.051131592e+02,5.926048383e-03
9.053524170e+02,-6.858235691e-03
9.055916748e+02,-1.369782723e-02
9.058309326e+02,6.844918826e-04
9.060701904e+02,-5.300150951e-04
9.063095093e+02,-4.109614529e-03
9.065487671e+02,-1.784472988e-04
9.067880859e+02,1.596171036e-02
9.070274048e+02,1.452347916e-02
9.072667236e+02,1.291745342e-03
9.075060425e+02,1.471524313e-02
9.077454224e+02,3.159049898e-02
9.079847412e+02,6.884869654e-03
9.082240601e+02,1.535445731e-02
9.084634399e+02,-9.447053075e-03
9.087028198e+02,3.453088179e-02
9.089421997e+02,6.884869654e-03
9.091815796e+02,1.973307505e-02
9.094209595e+02,-1.967447996e-02
9.096604004e+02,3.209387884e-03
9.098997803e+02,-2.064129105e-03
9.101392212e+02,-9.638817050e-03
9.103786011e+02,-1.545566693e-02
9.106180420e+02,2.340855636e-02
9.108574829e+02,1.225426886e-02
9.110969849e+02,-1.325037796e-02
9.113364258e+02,-1.440096274e-02
9.115758667e+02,-5.100396462e-03
9.118153687e+02,1.525857579e-02
9.120548706e+02,1.803116756e-03
9.122943115e+02,1.116760448e-02
9.125338135e+02,4.779457673e-02
9.127733765e+02,2.932128683e-02
9.130128784e+02,2.535815910e-02
9.132523804e+02,2.874599583e-02
9.134919434e+02,8.674669079e-03
9.137314453e+02,1.263779681e-02
9.139710083e+02,-1.107704919e-02
9.142105713e+02,1.493896823e-02
9.144501343e+02,1.279760059e-02
9.146896973e+02,1.107172295e-02
9.149293213e+02,-4.876671825e-03
9.151688843e+02,-1.520797145e-03
9.154085083e+02,1.337289345e-02
9.156480713e+02,1.135936845e-02
9.158876953e+02,1.898998860e-03
9.161273193e+02,-1.842801273e-02
9.163669434e+02,1.743190363e-02
9.166066284e+02,1.643313211e-03
9.168462524e+02,-2.000207780e-03
9.170858765e+02,-5.164317787e-03
9.173255615e+02,1.404406875e-02
9.175652466e+02,8.762561483e-04
9.178049316e+02,4.332007840e-02
9.180446167e+02,1.781543158e-02
9.182843018e+02,3.203794733e-02
9.185239868e+02,-5.300150951e-04
9.187637329e+02,-8.815829060e-04
9.190034180e+02,-1.169229276e-03
9.192431641e+02,7.939573377e-03
9.194829102e+02,5.926048383e-03
9.197226562e+02,-2.799225505e-03
9.199624023e+02,-8.296467364e-03
9.202021484e+02,2.286522463e-02
9.204419556e+02,1.628131792e-02
9.206817017e+02,-1.241939887e-02
9.209215088e+02,9.026236832e-03
9.211613159e+02,1.509877201e-02
9.214011230e+02,7.524083834e-03
9.216409302e+02,2.410370158e-03
9.218807373e+02,-2.511579078e-03
9.221205444e+02,8.482905105e-03
9.223604126e+02,2.446326055e-02
9.226002197e+02,-4.397260956e-03
9.228400879e+02,-6.826275028e-03
9.230799561e+02,1.708033681e-02
9.233198242e+02,3.337230766e-03
9.235596924e+02,7.971533574e-03
9.237995605e+02,-9.734699503e-03
9.240394897e+02,-5.619758158e-04
9.242793579e+02,-1.520797145e-03
9.245192871e+02,9.058197960e-03
9.247592163e+02,-9.574895725e-03
9.249991455e+02,6.629183888e-03
9.252390747e+02,8.678664267e-02
9.254790039e+02,1.100780070e-02
9.257189331e+02,-7.401567884e-03
9.259589233e+02,-1.784472988e-04
9.261988525e+02,6.525311619e-04
9.264388428e+02,-1.011822838e-02
9.266788330e+02,-5.803531967e-03
9.269188232e+02,7.108594291e-03
9.271588135e+02,8.834472857e-03
9.273988037e+02,8.418983780e-03
9.276388550e+02,-1.881154068e-02
9.278788452e+02,1.784739271e-02
9.281188965e+02,2.097954229e-02
9.283589478e+02,4.927276168e-04
9.285989990e+02,3.373186663e-02
9.288390503e+02,4.455855582e-03
9.290791016e+02,1.340485457e-02
9.293191528e+02,1.321388930e-01
9.295592651e+02,6.525311619e-04
9.297993164e+02,1.902993955e-02
9.300394287e+02,1.187073998e-02
9.302795410e+02,-5.835493095e-03
9.305196533e+02,-8.967642672e-03
9.307597656e+02,-1.265111379e-03
9.309998779e+02,1.433171518e-02
9.312400513e+02,-2.561917156e-02
9.314801636e+02,2.690026304e-04
9.317203369e+02,6.469380111e-03
9.319605103e+02,1.791131496e-02
9.322006836e+02,1.707234536e-03
9.324408569e+02,1.599367149e-02
9.326810303e+02,3.478657082e-02
9.329212036e+02,-8.807838894e-03
9.331614380e+02,1.781543158e-02
9.334016113e+02,1.151917223e-02
9.336418457e+02,1.388426498e-02
9.338820801e+02,-9.926463477e-03
9.341223145e+02,1.994880848e-03
9.343625488e+02,7.044672966e-03
9.346027832e+02,2.690026304e-04
9.348430176e+02,-2.032168442e-03
9.350833130e+02,1.739994250e-02
9.353236084e+02,2.545404248e-02
9.355638428e+02,5.095069762e-03
9.358041382e+02,-7.753135636e-03
9.360444336e+02,-1.270704530e-02
9.362847290e+02,2.072385699e-02
9.365250854e+02,1.612151414e-02
9.367653809e+02,-9.670778178e-03
9.370057373e+02,9.569569491e-03
9.372460327e+02,-4.237457644e-03
9.374863892e+02,1.087995805e-02
9.377267456e+02,-4.589025397e-03
9.379671021e+02,-2.104080049e-04
9.382075195e+02,2.145895362e-02
9.384478760e+02,6.053891033e-03
9.386882324e+02,-6.059217732e-03
9.389286499e+02,-7.689213846e-03
9.391690674e+02,1.369250100e-02
9.394094849e+02,1.455544028e-02
9.396499023e+02,1.545033976e-02
9.398903198e+02,8.802511729e-03
9.401307373e+02,3.181422129e-02
9.403712158e+02,1.707234536e-03
9.406116333e+02,1.030466519e-02
9.408521118e+02,-1.567939110e-02
9.410925903e+02,9.082168108e-04
9.413330078e+02,2.436737716e-02
9.415735474e+02,-6.858235691e-03
9.418140259e+02,4.679580685e-03
9.420545044e+02,-1.297072158e-03
9.422950439e+02,2.593345195e-02
9.425355225e+02,-8.496221853e-04
9.427760620e+02,-1.344214194e-02
9.430166016e+02,6.852908991e-03
9.432571411e+02,1.433171518e-02
9.434976807e+02,-7.976860739e-03
9.437382202e+02,-1.318645570e-02
9.439787598e+02,1.231819019e-02
9.442193604e+02,-3.502361011e-03
9.444599609e+02,-1.904325560e-03
9.447005005e+02,7.164526032e-04
9.449411011e+02,5.063109100e-03
9.451817017e+02,5.350755528e-03
9.454223022e+02,-9.031563997e-03
9.456629639e+02,3.305270104e-03
9.459035645e+02,2.793898806e-03
9.461442261e+02,4.136248492e-03
9.463848267e+02,-7.401567884e-03
9.466254883e+02,-1.392954262e-03
9.468661499e+02,3.935695067e-02
9.471068115e+02,6.948790979e-03
9.473475342e+02,-4.077653866e-03
9.475881958e+02,-1.385763101e-02
9.478288574e+02,2.889780793e-03
9.480695801e+02,-6.410785485e-03
9.483103027e+02,-4.365300294e-03
9.485510254e+02,1.282956172e-02
9.487917480e+02,2.165071666e-02
9.490324707e+02,1.711229607e-02
9.492731934e+02,-1.126881316e-02
9.495139160e+02,-7.217793609e-04
9.497546997e+02,1.615347527e-02
9.499954834e+02,1.099981135e-03
9.502362061e+02,2.737168409e-02
9.504769897e+02,6.844918826e-04
9.507177734e+02,1.982895657e-02
9.509585571e+02,2.110738494e-02
9.511994019e+02,4.104287829e-03
9.514401855e+02,1.203054376e-02
9.516810303e+02,1.413995028e-02
9.519218140e+02,1.762366854e-02
9.521626587e+02,-9.670778178e-03
9.524035034e+02,4.359973595e-03
9.526443481e+02,4.188184813e-02
9.528852539e+02,4.232130479e-03
9.531260986e+02,-1.730938815e-02
9.533669434e+02,8.994276635e-03
9.536078491e+02,8.578787558e-03
9.538487549e+02,2.535815910e-02
9.540896606e+02,-1.973840222e-02
9.543305664e+02,7.396240719e-03
9.545714722e+02,-9.135436267e-04
9.548123779e+02,2.647678368e-02
9.550532837e+02,1.962920185e-03
9.552942505e+02,-4.341329623e-04
9.555352173e+02,2.158679627e-02
9.557761230e+02,1.950934902e-02
9.560170898e+02,-3.342557466e-03
9.562580566e+02,-8.839800023e-03
9.564990845e+02,3.497034311e-03
9.567400513e+02,1.829484291e-02
9.569810181e+02,6.852908991e-03
9.572220459e+02,-1.481645275e-02
9.574630737e+02,3.329240717e-04
9.577040405e+02,3.305270104e-03
9.579450684e+02,9.953097440e-03
9.581860962e+02,-1.286684908e-02
9.584271851e+02,1.259784680e-03
9.586682129e+02,1.004897989e-02
9.589092407e+02,1.676072925e-02
9.591503296e+02,-8.176614647e-04
9.593914185e+02,9.058197960e-03
9.596325073e+02,4.050753638e-02
9.598735962e+02,-4.972553812e-03
9.601146851e+02,2.793898806e-03
9.603557739e+02,1.241407264e-02
9.605968628e+02,9.921137244e-03
9.608380127e+02,2.570173703e-03
9.610791626e+02,-9.606856853e-03
9.613202515e+02,1.445955783e-02
9.615614014e+02,-1.392954262e-03
9.618025513e+02,-2.671382623e-03
9.620437012e+02,-1.200390980e-02
9.622849121e+02,3.018422611e-02
9.625260620e+02,1.254191529e-02
9.627672729e+02,-3.662164556e-03
9.630084229e+02,-1.136469562e-02
9.632496338e+02,9.697412141e-03
9.634908447e+02,5.670362618e-03
9.637320557e+02,-9.670778178e-03
9.639732666e+02,-1.520797145e-03
9.642145386e+02,1.024074387e-02
9.644557495e+02,3.440304101e-02
9.646970215e+02,5.127030425e-03
9.649382324e+02,-8.520192467e-03
9.651795044e+02,9.281923063e-03
9.654207764e+02,1.816700026e-02
9.656620483e+02,2.793898806e-03
9.659033203e+02,-6.091178395e-03
9.661446533e+02,3.107912652e-02
9.663859253e+02,3.816641401e-03
9.666272583e+02,-1.475253049e-02
9.668685913e+02,-6.898186402e-04
9.671099243e+02,4.232130479e-03
9.673512573e+02,1.084799785e-02
9.675925903e+02,6.181734148e-03
9.678339233e+02,-2.032168442e-03
9.680752563e+02,2.577364817e-02
9.683166504e+02,1.845464669e-02
9.685579834e+02,2.026841743e-03
9.687993774e+02,8.259180002e-03
9.690407715e+02,-6.258972571e-04
9.692821655e+02,2.346448833e-03
9.695235596e+02,9.793293662e-03
9.697650146e+02,3.081545001e-03
9.700064087e+02,3.113505896e-03
9.702478638e+02,1.193466131e-02
9.704892578e+02,-8.136663586e-03
9.707307129e+02,-1.238743868e-02
9.709721680e+02,1.589778997e-02
9.712136230e+02,5.031148437e-03
9.714550781e+02,-2.447657753e-03
9.716965942e+02,-3.342557466e-03
9.719380493e+02,3.689597547e-02
9.721795654e+02,1.259784680e-03
9.724210205e+02,-8.935681544e-03
9.726625366e+02,7.012712304e-03
9.729040527e+02,-9.774650680e-04
9.731455688e+02,6.987942755e-02
9.733870850e+02,1.163902460e-03
9.736286621e+02,-1.446488407e-02
9.738701782e+02,1.388426498e-02
9.741117554e+02,8.450943977e-03
9.743533325e+02,2.090763068e-03
9.745948486e+02,-1.513605937e-02
9.748364258e+02,1.036858652e-02
9.750780029e+02,4.168209154e-03
9.753196411e+02,-1.238743868e-02
9.755612183e+02,-1.005430613e-02
9.758028564e+02,8.355062455e-03
9.760444336e+02,1.631327905e-02
9.762860718e+02,-1.024607103e-02
9.765277100e+02,3.517009690e-02
9.767693481e+02,5.222912412e-03
9.770109863e+02,2.069189586e-02
9.772526245e+02,-1.436900254e-02
9.774943237e+02,-5.260200240e-03
9.777359619e+02,3.433112986e-03
9.779776611e+02,9.793293662e-03
9.782193604e+02,-1.021410991e-02
9.784610596e+02,1.567406394e-02
9.787027588e+02,-5.132357124e-03
9.789444580e+02,9.313883260e-03
9.791861572e+02,-1.043783501e-02
9.794278564e+02,-5.931375083e-03
9.796696167e+02,2.826658450e-02
9.799113770e+02,2.321679145e-02
9.801530762e+02,-1.520797145e-03
9.803948364e+02,3.009633510e-04
9.806365967e+02,1.433171518e-02
9.808784180e+02,1.295740437e-02
9.811201782e+02,-3.630203893e-03
9.813619385e+02,7.164526032e-04
9.816037598e+02,4.359973595e-03
9.818455811e+02,-3.086871933e-03
9.820873413e+02,-1.200390980e-02
9.823291626e+02,2.085169964e-02
9.825709839e+02,1.227823901e-03
9.828128662e+02,2.069189586e-02
9.830546875e+02,-7.976860739e-03
9.832965088e+02,1.155113336e-02
9.835383911e+02,1.714425720e-02
9.837802734e+02,-2.799225505e-03
9.840221558e+02,-1.698978059e-02
9.842639771e+02,-9.095485322e-03
9.845059204e+02,6.469380111e-03
9.847478027e+02,2.026841743e-03
9.849896851e+02,8.259180002e-03
9.852316284e+02,-1.865173690e-02
9.854735107e+02,1.292544324e-02
9.857154541e+02,4.549340531e-02
9.859573975e+02,-1.136469562e-02
9.861993408e+02,-2.479618415e-03
9.864412842e+02,9.090158157e-03
9.866832275e+02,7.012712304e-03
9.869251709e+02,-5.292160902e-03
9.871671753e+02,-3.981771879e-03
9.874091797e+02,2.254561707e-02
9.876511230e+02,4.455855582e-03
9.878931274e+02,-1.015018858e-02
9.881351318e+02,-1.676605642e-02
9.883771362e+02,1.276564039e-02
9.886192017e+02,1.078407653e-02
9.888612061e+02,9.082168108e-04
9.891032104e+02,-3.022950375e-03
9.893452759e+02,7.428201381e-03
9.895873413e+02,2.250566613e-03
9.898294067e+02,-3.662164556e-03
9.900714722e+02,5.566489999e-04
9.903135376e+02,1.823092066e-02
9.905556030e+02,4.871344659e-03
9.907977295e+02,-5.483924877e-03
9.910397949e+02,1.513073221e-02
9.912819214e+02,1.963719353e-02
9.915239868e+02,1.195863239e-03
9.917661133e+02,-1.593507640e-02
9.920082397e+02,1.962920185e-03
9.922504272e+02,1.318112947e-02
9.924925537e+02,2.634095261e-03
9.927346802e+02,-1.149253827e-02
9.929768677e+02,-1.520797145e-03
9.932189941e+02,6.085851695e-03
9.934611816e+02,4.807423335e-03
9.937033691e+02,-9.159406647e-03
9.939455566e+02,2.360032126e-02
9.941877441e+02,1.765562780e-02
9.944299927e+02,1.078407653e-02
9.946721802e+02,-7.273724768e-03
9.949143677e+02,1.043250784e-02
9.951566162e+02,-1.584718470e-03
9.953988647e+02,1.650504395e-02
9.956411133e+02,-1.401743479e-02
9.958833618e+02,6.021930370e-03
9.961256104e+02,8.099376224e-03
9.963678589e+02,-1.069352031e-02
9.966101685e+02,2.698016586e-03
9.968524170e+02,1.103976183e-02
9.970947266e+02,2.296110615e-02
9.973370361e+02,7.843690924e-03
9.975793457e+02,-9.159406647e-03
9.978216553e+02,3.232559562e-02
9.980639648e+02,1.215838641e-02
9.983062744e+02,-1.174822450e-02
9.985486450e+02,-1.050175633e-02
9.987909546e+02,2.698016586e-03
9.990333252e+02,2.370419243e-04
9.992756958e+02,-1.615880243e-02
9.995180664e+02,-1.513605937e-02
9.997604370e+02,4.271282628e-02
1.000002808e+03,-2.990989713e-03
1.000245178e+03,-1.293077040e-02
1.000487610e+03,1.731205120e-04
1.000729980e+03,1.244603284e-02
1.000972412e+03,1.851856709e-02
1.001214844e+03,-1.951467618e-02
1.001457275e+03,-7.657253183e-03
1.001699707e+03,3.656837856e-03
1.001942139e+03,3.081545001e-03
1.002184570e+03,-7.241764106e-03
1.002427063e+03,-7.849017158e-03
1.002669495e+03,1.081603672e-02
1.002911987e+03,4.711541347e-03
1.003154480e+03,-7.113921456e-03
1.003396973e+03,4.527767305e-05
1.003639465e+03,2.772325277e-02
1.003881958e+03,6.277616136e-03
1.004124451e+03,-1.776482794e-03
1.004367004e+03,-4.876671825e-03
1.004609497e+03,2.059601434e-02
1.004852051e+03,-3.406479023e-03
1.005094604e+03,-1.264312398e-02
1.005337158e+03,-4.972553812e-03
1.005579712e+03,6.844918826e-04
1.005822266e+03,5.862127058e-03
1.006064819e+03,-1.145258793e-04
1.006307434e+03,7.492123172e-03
1.006549988e+03,2.043621056e-02
1.006792603e+03,1.289348304e-02
1.007035217e+03,7.875651121e-03
1.007277832e+03,-8.871760219e-03
1.007520447e+03,2.807481959e-02
1.007763062e+03,2.494267002e-02
1.008005676e+03,-5.483924877e-03
1.008248352e+03,-1.270704530e-02
1.008490967e+03,7.172516081e-03
1.008733643e+03,1.091990925e-04
1.008976318e+03,-6.250982173e-03
1.009218994e+03,1.318112947e-02
1.009461670e+03,9.697412141e-03
1.009704346e+03,2.737168409e-02
1.009947021e+03,2.314488171e-03
1.010189758e+03,3.411539271e-02
1.010432434e+03,9.186040610e-03
1.010675171e+03,4.711541347e-03
1.010917908e+03,-5.100396462e-03
1.011160645e+03,-1.670213416e-02
1.011403381e+03,9.953097440e-03
1.011646118e+03,-3.406479023e-03
1.011888855e+03,-1.155645959e-02
1.012131653e+03,-4.525103606e-03
1.012374390e+03,1.500288956e-02
1.012617188e+03,1.078407653e-02
1.012859985e+03,-7.433528546e-03
1.013102783e+03,-3.726086114e-03
1.013345581e+03,1.864641160e-02
1.013588379e+03,1.036858652e-02
1.013831177e+03,4.743502010e-03
1.014074036e+03,1.084799785e-02
1.014316833e+03,1.123152580e-02
1.014559692e+03,1.330897212e-02
1.014802551e+03,1.468328293e-02
1.015045349e+03,-4.237457644e-03
1.015288269e+03,1.337289345e-02
1.015531128e+03,1.199858263e-02
1.015773987e+03,-7.694806904e-02
1.016016846e+03,-7.749140263e-02
1.016259766e+03,-7.924924046e-02
1.016502686e+03,-7.985650003e-02
1.016745544e+03,-7.870591432e-02
1.016988464e+03,-7.867395133e-02
