1.933779755e+02,3.489069408e-03
1.935834351e+02,-1.387995388e-02
1.937889099e+02,8.559123613e-03
1.939943848e+02,-1.162296254e-02
1.941998901e+02,7.774082944e-03
1.944053955e+02,-7.305238978e-04
1.946109161e+02,1.294226665e-02
1.948164520e+02,2.507768571e-03
1.950220032e+02,1.510112826e-02
1.952275696e+02,-1.162296254e-02
1.954331360e+02,2.448890544e-02
1.956387177e+02,3.754020482e-02
1.958443298e+02,1.964782178e-02
1.960499420e+02,-5.015537143e-03
1.962555695e+02,1.035817433e-02
1.964611969e+02,2.772719786e-02
1.966668549e+02,8.559123613e-03
1.968725128e+02,2.599356696e-02
1.970782013e+02,9.605844505e-03
1.972838898e+02,3.286267072e-02
1.974895935e+02,1.889549196e-02
1.976953125e+02,1.627868973e-02
1.979010315e+02,-1.165567245e-02
1.981067810e+02,-4.165076651e-03
1.983125305e+02,1.536280848e-02
1.985182953e+02,-2.366025234e-03
1.987240906e+02,1.722728019e-03
1.989298706e+02,-6.880008616e-03
1.991356812e+02,-8.940740488e-03
1.993415070e+02,-8.940740372e-04
1.995473328e+02,-1.702011749e-02
1.997531891e+02,-8.580929600e-03
1.999590454e+02,-6.422068458e-03
2.001649170e+02,6.760071963e-03
2.003708038e+02,-1.757618785e-02
2.005766907e+02,4.094205052e-02
2.007826080e+02,1.761979982e-02
2.009885254e+02,-6.651038420e-04
2.011944733e+02,-2.464155201e-03
2.014004211e+02,5.222700536e-03
2.016063843e+02,-6.945428904e-03
2.018123627e+02,-1.950607821e-02
2.020183411e+02,-3.903396428e-03
2.022243500e+02,2.877391875e-02
2.024303589e+02,4.404949956e-03
2.026363831e+02,2.471787669e-02
2.028424225e+02,3.161969036e-02
2.030484772e+02,1.313852705e-02
2.032545471e+02,8.974540979e-02
2.034606171e+02,5.811481271e-03
2.036667175e+02,7.774082944e-03
2.038728180e+02,7.610532455e-03
2.040789337e+02,2.030202188e-02
2.042850647e+02,2.344218548e-03
2.044912109e+02,1.853568101e-04
2.046973724e+02,-8.679060265e-03
2.049035339e+02,-6.193098146e-03
2.051097107e+02,1.948427223e-02
2.053159180e+02,7.103527337e-02
2.055221252e+02,6.930164248e-02
2.057283478e+02,-3.183775814e-03
2.059345703e+02,4.601210356e-03
2.061408234e+02,-9.922041558e-03
2.063470764e+02,8.918933570e-03
2.065533600e+02,-2.922095591e-03
2.067596436e+02,-1.201548241e-02
2.069659424e+02,1.578803919e-02
2.071722412e+02,9.344164282e-03
2.073785706e+02,2.838139981e-02
2.075848999e+02,-6.193098146e-03
2.077912598e+02,-1.666030660e-02
2.079976196e+02,1.811045036e-02
2.082039948e+02,1.101237489e-03
2.084103851e+02,4.601210356e-03
2.086167908e+02,1.045630500e-02
2.088231964e+02,3.718039487e-03
2.090296173e+02,-1.708553731e-02
2.092360687e+02,6.694652140e-03
2.094425201e+02,2.180668380e-04
2.096489868e+02,3.914299887e-03
2.098554535e+02,3.825982660e-02
2.100619507e+02,5.615220871e-03
2.102684479e+02,-1.423976477e-02
2.104749756e+02,7.054462098e-03
2.106815033e+02,9.017063305e-03
2.108880463e+02,8.722673170e-03
2.110946045e+02,2.694215812e-02
2.113011627e+02,8.722673520e-04
2.115077515e+02,-1.155754202e-03
2.117143402e+02,3.783459542e-03
2.119209442e+02,-4.786567297e-03
2.121275635e+02,8.166602813e-03
2.123341980e+02,4.404950142e-02
2.125408478e+02,1.012920495e-02
2.127475128e+02,7.970343344e-03
2.129541779e+02,1.598429866e-02
2.131608582e+02,-8.351960219e-03
2.133675537e+02,-3.347326070e-03
2.135742645e+02,2.704028739e-03
2.137809906e+02,-1.505751535e-02
2.139877319e+02,-7.894019596e-03
2.141944733e+02,2.527394705e-02
2.144012299e+02,-1.698740572e-02
2.146080017e+02,-2.758545568e-03
2.148147888e+02,-1.175380219e-02
2.150215912e+02,-7.108978927e-03
2.152284088e+02,-1.433789451e-02
2.154352264e+02,4.045139998e-03
2.156420746e+02,4.568500444e-03
2.158489227e+02,-1.688927598e-02
2.160557861e+02,-5.309927277e-03
2.162626648e+02,1.163386554e-02
2.164695435e+02,3.132530302e-02
2.166764526e+02,1.676934026e-02
2.168833618e+02,-2.529575257e-03
2.170902863e+02,-9.365970269e-03
2.172972412e+02,4.064765945e-02
2.175041809e+02,2.560104616e-02
2.177111511e+02,4.421305284e-02
2.179181366e+02,-3.478165949e-03
2.181251221e+02,1.454505790e-02
2.183321228e+02,-7.501499262e-03
2.185391388e+02,-1.129586250e-02
2.187461700e+02,-3.281906014e-03
2.189532166e+02,-8.417380042e-03
2.191602783e+02,-2.627705457e-03
2.193673401e+02,-2.660415368e-03
2.195744171e+02,8.428283036e-03
2.197815247e+02,-4.557596985e-03
2.199886322e+02,1.202638634e-02
2.201957397e+02,9.409584105e-03
2.204028778e+02,-1.270239335e-02
2.206100159e+02,3.848879598e-03
2.208171844e+02,-1.433789451e-02
2.210243530e+02,-5.735157989e-03
2.212315369e+02,2.180668343e-05
2.214387360e+02,2.079267241e-02
2.216459351e+02,-1.538461540e-02
2.218531647e+02,-5.146377254e-03
2.220603943e+02,3.783459542e-03
2.222676392e+02,-1.940794871e-03
2.224748993e+02,2.618982643e-02
2.226821747e+02,3.583928570e-02
2.228894653e+02,8.526413701e-03
2.230967712e+02,-1.103418227e-02
2.233040771e+02,3.237202018e-02
2.235113983e+02,6.105871289e-04
2.237187347e+02,-1.711824676e-03
2.239260864e+02,3.158698231e-02
2.241334534e+02,-1.260426361e-02
2.243408203e+02,-1.558087580e-02
2.245482178e+02,1.732541062e-02
2.247556152e+02,2.547020651e-02
2.249630280e+02,-8.090279996e-03
2.251704559e+02,2.514310554e-02
2.253778839e+02,3.423649445e-02
2.255853424e+02,2.452161536e-02
2.257928009e+02,-1.469770446e-02
2.260002899e+02,5.222700536e-03
2.262077789e+02,-5.309927277e-03
2.264152832e+02,5.811481271e-03
2.266227875e+02,-1.384724397e-02
2.268303223e+02,1.722728088e-02
2.270378571e+02,-6.978138699e-04
2.272454224e+02,1.765250973e-02
2.274529877e+02,-1.293136366e-02
2.276605682e+02,-2.470697276e-02
2.278681488e+02,-4.263206851e-03
2.280757599e+02,8.330153301e-03
2.282833710e+02,1.297497656e-03
2.284910126e+02,-1.702011749e-02
2.286986542e+02,-1.103418227e-02
2.289063110e+02,1.529738866e-02
2.291139679e+02,-1.090334146e-03
2.293216553e+02,1.503570843e-02
2.295293427e+02,1.114321500e-02
2.297370605e+02,5.131112784e-02
2.299447784e+02,2.072725259e-02
2.301525116e+02,-1.934252866e-02
2.303602448e+02,8.362863213e-03
2.305680084e+02,-6.291228347e-03
2.307757721e+02,5.157280713e-03
2.309835663e+02,2.213378437e-03
2.311913605e+02,6.432971358e-02
2.313991699e+02,8.199312724e-03
2.316069794e+02,-1.620236598e-02
2.318148193e+02,2.556833625e-02
2.320226746e+02,1.693288982e-02
2.322305298e+02,4.849806428e-02
2.324384003e+02,-1.414163411e-02
2.326462860e+02,2.033473179e-02
2.328541870e+02,-1.571171544e-02
2.330620880e+02,-3.707136202e-04
2.332700195e+02,-7.337949239e-03
2.334779510e+02,-1.253884286e-03
2.336858978e+02,2.880662866e-02
2.338938599e+02,-5.408057477e-03
2.341018372e+02,-1.188464230e-03
2.343098145e+02,-2.313689142e-02
2.345178223e+02,3.400752321e-02
2.347258301e+02,2.965708962e-03
2.349338531e+02,-8.809899911e-03
2.351418915e+02,2.635337785e-02
2.353499298e+02,1.300768647e-02
2.355579987e+02,-2.163222991e-02
2.357660675e+02,-2.637518384e-02
2.359741669e+02,-2.071634866e-03
2.361822662e+02,1.850297116e-02
2.363903809e+02,3.184866160e-02
2.365984955e+02,-6.945428904e-03
2.368066406e+02,-1.018372085e-02
2.370147858e+02,2.017118270e-03
2.372229462e+02,3.816169687e-03
2.374311371e+02,1.068527531e-02
2.376393127e+02,3.027858026e-02
2.378475189e+02,7.937632501e-03
2.380557404e+02,8.133892901e-03
2.382639618e+02,1.974595152e-02
2.384721985e+02,-7.763179485e-03
2.386804504e+02,1.500299852e-02
2.388887177e+02,4.705882445e-02
2.390970001e+02,6.681568176e-02
2.393052826e+02,-4.099656362e-03
2.395135956e+02,9.703974356e-04
2.397219086e+02,2.847952954e-02
2.399302368e+02,2.442348562e-02
2.401385803e+02,-1.773973741e-02
2.403469238e+02,3.387668356e-02
2.405552979e+02,5.778771359e-03
2.407636719e+02,-1.780515723e-02
2.409720612e+02,-5.669737700e-03
2.411804657e+02,-1.005288120e-02
2.413888855e+02,-2.006214811e-03
2.415973206e+02,2.573188627e-03
2.418057556e+02,-1.201548241e-02
2.420142059e+02,1.477402821e-02
2.422226715e+02,7.914736122e-02
2.424311523e+02,-1.230987255e-02
2.426396484e+02,1.788148074e-03
2.428481598e+02,5.778771359e-03
2.430566711e+02,-9.529520757e-03
2.432651978e+02,-4.721147008e-03
2.434737549e+02,2.311508404e-03
2.436822968e+02,-1.705282740e-02
2.438908691e+02,-1.178651303e-02
2.440994568e+02,4.993730690e-03
2.443080444e+02,-1.293136366e-02
2.445166473e+02,3.636264428e-02
2.447252655e+02,2.301695384e-02
2.449338989e+02,-8.809899911e-03
2.451425476e+02,-1.401079446e-02
2.453511963e+02,-9.823910892e-03
2.455598755e+02,5.909611471e-03
2.457685547e+02,5.059150606e-02
2.459772491e+02,-2.146868035e-02
2.461859589e+02,-5.506187677e-03
2.463946686e+02,2.524123713e-02
2.466034088e+02,1.003107405e-03
2.468121490e+02,-2.928637713e-02
2.470209045e+02,6.792781875e-03
2.472296753e+02,1.654036902e-02
2.474384613e+02,-1.028185152e-02
2.476472626e+02,7.545112632e-03
2.478560638e+02,9.311454371e-03
2.480648804e+02,2.834868792e-04
2.482737122e+02,1.353104692e-02
2.484825592e+02,-1.090334170e-02
2.486914215e+02,6.171291694e-03
2.489002991e+02,-1.123044174e-03
2.491091766e+02,-6.258518435e-03
2.493180695e+02,1.510112826e-02
2.495269775e+02,9.867524728e-03
2.497359009e+02,-4.459466785e-03
2.499448395e+02,9.998364374e-03
2.501537781e+02,-1.872103848e-02
2.503627472e+02,1.529738866e-02
2.505717163e+02,1.725999080e-02
2.507807007e+02,-3.128168732e-02
2.509897003e+02,1.264787628e-03
2.511987000e+02,3.639535606e-02
2.514077301e+02,-5.637027789e-03
2.516167603e+02,3.292809427e-02
2.518258057e+02,-2.244998142e-02
2.520348663e+02,3.024587035e-02
2.522439423e+02,8.068472962e-04
2.524530182e+02,4.895600490e-03
2.526621246e+02,-1.548274513e-02
2.528712311e+02,1.411982812e-02
2.530803528e+02,4.961020779e-03
2.532894897e+02,-9.823910892e-03
2.534986420e+02,-1.855748706e-02
2.537077942e+02,-4.132366739e-03
2.539169617e+02,9.867524728e-03
2.541261444e+02,2.363844588e-02
2.543353424e+02,1.163386554e-02
2.545445557e+02,4.768031463e-02
2.547537842e+02,-2.889385680e-03
2.549630127e+02,2.360573597e-02
2.551722717e+02,-1.659488678e-02
2.553815308e+02,1.565719955e-02
2.555908051e+02,-7.501499262e-03
2.558000793e+02,-1.705282740e-02
2.560093689e+02,1.591887907e-03
2.562186890e+02,1.683476008e-02
2.564280090e+02,1.938614249e-02
2.566373596e+02,-4.263206851e-03
2.568467102e+02,-1.195006259e-02
2.570560608e+02,-8.384670131e-03
2.572654419e+02,2.759635821e-02
2.574748230e+02,-2.094531991e-02
2.576842041e+02,-7.010848727e-03
2.578936157e+02,-2.627705457e-03
2.581030579e+02,3.652619431e-03
2.583125000e+02,3.096549073e-03
2.585219421e+02,-1.221174281e-02
2.587313843e+02,7.545112632e-03
2.589408569e+02,1.137218531e-02
2.591503601e+02,-7.599629462e-03
2.593598633e+02,-6.651038770e-03
2.595693665e+02,2.484871633e-02
2.597789001e+02,1.133947540e-02
2.599884338e+02,-2.330044098e-02
2.601979675e+02,1.984408125e-03
2.604075317e+02,1.290955674e-02
2.606170959e+02,5.451670731e-04
2.608266907e+02,-1.859019697e-02
2.610362854e+02,-1.675843634e-02
2.612459106e+02,1.359646767e-02
2.614555359e+02,-5.669737584e-04
2.616651611e+02,-5.375347566e-03
2.618748169e+02,-1.682385616e-02
2.620844727e+02,3.881589742e-03
2.622941284e+02,1.035817433e-02
2.625038147e+02,-1.456686482e-02
2.627135315e+02,-1.286594314e-03
2.629232483e+02,2.180668339e-02
2.631329651e+02,-1.450144500e-02
2.633426819e+02,-2.065092884e-02
2.635524292e+02,1.238619629e-02
2.637622070e+02,-1.541732531e-02
2.639719849e+02,5.713351071e-03
2.641817627e+02,-4.884697031e-03
2.643915710e+02,-6.356648169e-03
2.646013794e+02,4.208690021e-03
2.648111877e+02,-5.833287723e-03
2.650210266e+02,-9.169710800e-03
2.652308655e+02,3.227389185e-03
2.654407349e+02,7.643242832e-03
2.656506042e+02,8.199312724e-03
2.658605042e+02,-6.487488281e-03
2.660704041e+02,1.879736222e-02
2.662803040e+02,1.061985455e-02
2.664902344e+02,-1.371640433e-02
2.667001648e+02,5.762416124e-02
2.669101257e+02,-6.160388235e-03
2.671200867e+02,1.657307963e-03
2.673300476e+02,1.006378420e-02
2.675400391e+02,-3.936106339e-03
2.677500305e+02,7.087172009e-03
2.679600525e+02,-4.524887074e-03
2.681700745e+02,5.399334803e-02
2.683800964e+02,-7.959439536e-04
2.685901489e+02,-2.748732455e-02
2.688002014e+02,3.682058677e-02
2.690102844e+02,-1.515564509e-03
2.692203674e+02,-1.306220330e-02
2.694304504e+02,2.900288906e-03
2.696405640e+02,2.275527455e-02
2.698506775e+02,-2.104345011e-03
2.700608215e+02,-2.222101018e-02
2.702709656e+02,-1.937523857e-02
2.704811401e+02,1.421795785e-02
2.706913147e+02,3.063839162e-03
2.709014893e+02,7.283432409e-03
2.711116943e+02,-6.552908570e-03
2.713218994e+02,9.932944551e-03
2.715321045e+02,5.484380759e-03
2.717423401e+02,2.540478716e-03
2.719526062e+02,2.537207678e-02
2.721628418e+02,-1.482854504e-02
2.723731384e+02,6.432971568e-04
2.725834045e+02,-1.783786714e-02
2.727937012e+02,-1.168838236e-02
2.730039978e+02,3.675516695e-02
2.732143250e+02,1.438150834e-02
2.734246521e+02,3.280379474e-01
2.736350098e+02,-1.757618785e-02
2.738453674e+02,1.111050509e-02
2.740557556e+02,-1.515564509e-02
2.742661133e+02,-1.509022526e-02
2.744765320e+02,-7.501499262e-03
2.746869202e+02,-1.522106491e-02
2.748973389e+02,-2.071634954e-04
2.751077881e+02,2.511039563e-02
2.753182373e+02,7.185302209e-03
2.755286865e+02,2.605898678e-02
2.757391663e+02,-1.423976477e-02
2.759496460e+02,-5.604317877e-03
2.761601257e+02,-2.264624089e-02
2.763706360e+02,3.436733410e-02
2.765811462e+02,4.918497428e-02
2.767916870e+02,7.381562609e-03
2.770022278e+02,-1.646404620e-03
2.772127991e+02,4.532519355e-02
2.774233704e+02,2.151229419e-02
2.776339417e+02,2.576459758e-02
2.778445435e+02,5.746060982e-03
2.780551453e+02,-6.389358547e-03
2.782657471e+02,-4.197786562e-03
2.784763794e+02,-1.142670214e-02
2.786870422e+02,2.638608683e-03
2.788976746e+02,-9.660361335e-03
2.791083679e+02,7.839502767e-03
2.793190308e+02,-7.632339257e-04
2.795297241e+02,-6.389358547e-03
2.797404175e+02,1.176470611e-02
2.799511414e+02,8.722673374e-05
2.801618652e+02,-1.165567245e-02
2.803726196e+02,-1.515564509e-02
2.805833740e+02,-3.707136260e-03
2.807941284e+02,2.563375607e-02
2.810049133e+02,-6.389358547e-03
2.812156982e+02,2.108706348e-02
2.814265137e+02,-8.940740372e-04
2.816373291e+02,-1.002017129e-02
2.818481750e+02,-3.069290705e-02
2.820589905e+02,-1.630049571e-02
2.822698669e+02,6.596522033e-02
2.824807129e+02,1.729270071e-02
2.826915894e+02,-1.374911424e-02
2.829024963e+02,-6.847298704e-03
2.831134033e+02,3.947009798e-03
2.833243103e+02,3.479256481e-02
2.835352478e+02,-5.931417923e-03
2.837461853e+02,-2.431445196e-02
2.839571228e+02,2.926456928e-02
2.841680908e+02,-2.594995312e-03
2.843790588e+02,-5.342637654e-03
2.845900574e+02,-2.784713544e-02
2.848010559e+02,2.105435356e-02
2.850120850e+02,1.902633160e-02
2.852230835e+02,6.367551629e-03
2.854341431e+02,-2.791255526e-02
2.856452026e+02,3.652619431e-03
2.858562622e+02,-1.865561865e-02
2.860673218e+02,6.858202163e-03
2.862784119e+02,-2.856675535e-03
2.864895020e+02,1.454505790e-02
2.867006226e+02,1.042359509e-02
2.869117432e+02,-1.361827366e-02
2.871228943e+02,-2.460884303e-02
2.873340454e+02,-4.982827231e-03
2.875451965e+02,-7.730469573e-03
2.877563782e+02,-1.509022526e-02
2.879675598e+02,-7.763179485e-03
2.881787720e+02,2.278798493e-03
2.883899536e+02,8.428283036e-03
2.886011963e+02,5.353540648e-03
2.888124390e+02,-1.639862545e-02
2.890236816e+02,1.788148074e-03
2.892349243e+02,3.675516695e-02
2.894461975e+02,-1.531919558e-02
2.896575012e+02,-1.610423625e-02
2.898687744e+02,1.951698214e-03
2.900801086e+02,1.604971848e-02
2.902914124e+02,-8.090279996e-03
2.905027466e+02,-2.032382973e-02
2.907141113e+02,6.596521940e-03
2.909254456e+02,2.844681963e-02
2.911368408e+02,8.722673374e-05
2.913482056e+02,-8.875320666e-03
2.915596008e+02,6.302131806e-03
2.917710266e+02,1.356375683e-02
2.919824219e+02,1.549364906e-02
2.921938782e+02,-2.006214857e-02
2.924053040e+02,1.052172482e-02
2.926167603e+02,3.250286356e-02
2.928282471e+02,-1.479583513e-02
2.930397034e+02,-6.127678324e-03
2.932512207e+02,1.951698214e-03
2.934627075e+02,4.666630179e-03
2.936742249e+02,-1.711824676e-03
2.938857727e+02,-9.038870223e-03
2.940973206e+02,2.802158892e-02
2.943088684e+02,-4.884697031e-03
2.945204163e+02,3.260099329e-03
2.947320251e+02,-8.384670131e-03
2.949436035e+02,-6.454778370e-03
2.951552124e+02,-3.314615926e-03
2.953668213e+02,-6.716458593e-03
2.955784607e+02,-1.934252866e-02
2.957901001e+02,-1.253884286e-03
2.960017395e+02,-2.594995312e-03
2.962134094e+02,-2.967889607e-02
2.964250793e+02,-1.947336830e-02
2.966367798e+02,1.961511187e-02
2.968484802e+02,7.218012121e-03
2.970601807e+02,-6.618328393e-03
2.972719116e+02,-5.244507454e-03
2.974836731e+02,2.504497580e-02
2.976954041e+02,3.528321534e-02
2.979071655e+02,6.138581317e-03
2.981189575e+02,9.573134594e-03
2.983307495e+02,-1.800141670e-02
2.985425415e+02,-8.221119642e-03
2.987543335e+02,-7.599629462e-03
2.989661865e+02,-1.044540107e-02
2.991780090e+02,-1.829580776e-02
2.993898621e+02,-8.024859242e-03
2.996017151e+02,4.045139998e-03
2.998135986e+02,-7.894019596e-03
3.000254822e+02,1.660578884e-02
3.002373657e+02,9.507713839e-03
3.004492798e+02,-8.809899911e-03
3.006611938e+02,-2.330044098e-02
3.008731384e+02,1.860110089e-02
3.010850830e+02,7.414272521e-03
3.012970581e+02,2.229733393e-02
3.015090027e+02,-1.950607821e-02
3.017210083e+02,5.271765962e-02
3.019329834e+02,-4.623016808e-03
3.021450195e+02,-3.739846172e-03
3.023570251e+02,-1.728179678e-02
3.025690613e+02,1.994221285e-02
3.027810974e+02,2.533936687e-02
3.029931641e+02,-2.012756839e-02
3.032052307e+02,7.178760320e-02
3.034172974e+02,1.827400178e-02
3.036293945e+02,-2.218830027e-02
3.038414917e+02,3.260099329e-03
3.040536194e+02,5.451670731e-04
3.042657471e+02,-1.361827366e-02
3.044779053e+02,2.756364830e-02
3.046900635e+02,-1.450144453e-03
3.049022217e+02,-7.992149331e-03
3.051143799e+02,4.404949956e-03
3.053265991e+02,-2.693125512e-03
3.055387878e+02,-1.695469581e-02
3.057510071e+02,-2.002943866e-02
3.059632263e+02,-1.172109228e-02
3.061754761e+02,1.519925892e-02
3.063877258e+02,1.984408125e-03
3.065999756e+02,-1.404350437e-02
3.068122559e+02,-1.365098357e-02
3.070245361e+02,-1.387995388e-02
3.072368469e+02,-1.381453406e-02
3.074491577e+02,-1.067437138e-02
3.076614990e+02,1.755438047e-03
3.078738098e+02,2.749822848e-02
3.080861816e+02,-1.417434396e-04
3.082985229e+02,-2.150139026e-02
3.085108948e+02,2.530665696e-02
3.087232971e+02,-3.903396428e-03
3.089356995e+02,-9.496810846e-03
3.091481018e+02,-6.454778370e-03
3.093605347e+02,1.755438000e-02
3.095729675e+02,-9.333260357e-03
3.097854004e+02,-9.267840651e-04
3.099978638e+02,-2.274437062e-02
3.102103271e+02,1.107779518e-02
3.104228210e+02,7.577822544e-03
3.106353149e+02,2.736738883e-03
3.108478088e+02,-1.260426361e-02
3.110603333e+02,-1.518835500e-02
3.112728577e+02,-4.688437097e-03
3.114854126e+02,2.193752304e-02
3.116979675e+02,-1.113231201e-02
3.119105225e+02,-4.786567297e-03
3.121231079e+02,3.122717142e-02
3.123356934e+02,-6.193098146e-03
3.125483093e+02,2.677860856e-02
3.127609253e+02,9.638554417e-03
3.129735413e+02,-5.996838212e-03
3.131861877e+02,-1.881916821e-02
3.133988342e+02,-6.520198658e-03
3.136115112e+02,-1.116502192e-02
3.138241882e+02,2.704028739e-03
3.140368652e+02,4.339530133e-03
3.142495728e+02,-1.054353174e-02
3.144622803e+02,3.099820018e-02
3.146750183e+02,5.078776553e-02
3.148877563e+02,-3.478165949e-03
3.151004944e+02,-1.528648566e-02
3.153132629e+02,-6.651038770e-03
3.155260315e+02,6.531101651e-03
3.157388306e+02,-3.020225791e-03
3.159516296e+02,-2.045466937e-02
3.161644287e+02,-1.217903290e-02
3.163772583e+02,-9.398681112e-03
3.165900879e+02,-1.711824676e-03
3.168029480e+02,-3.380035923e-04
3.170158081e+02,7.675952744e-03
3.172286682e+02,6.825491786e-03
3.174415588e+02,1.847026125e-02
3.176544495e+02,-1.659488678e-02
3.178673706e+02,5.549801141e-02
3.180802612e+02,1.425066777e-02
3.182932129e+02,-4.950117320e-03
3.185061646e+02,-2.909011580e-02
3.187191162e+02,-1.692198589e-02
3.189320679e+02,-1.744534704e-03
3.191450500e+02,8.624543436e-03
3.193580322e+02,1.513383817e-02
3.195710449e+02,-1.744534704e-03
3.197840576e+02,3.783459542e-03
3.199971008e+02,-9.529520757e-03
3.202101440e+02,1.369459741e-02
3.204231873e+02,4.764760286e-02
3.206362610e+02,6.236711517e-03
3.208493347e+02,-1.443602424e-02
3.210624084e+02,-1.908084750e-02
3.212755127e+02,1.526467851e-03
3.214886169e+02,1.097966544e-02
3.217017517e+02,-1.682385616e-02
3.219148865e+02,7.872212678e-03
3.221280518e+02,-9.398681112e-03
3.223411865e+02,2.442348562e-02
3.225543823e+02,1.434879750e-02
3.227675476e+02,4.143269907e-04
3.229807434e+02,3.086736053e-02
3.231939697e+02,1.624597935e-03
3.234071960e+02,-1.387995388e-02
3.236204224e+02,7.937632501e-03
3.238336792e+02,2.170855366e-02
3.240469360e+02,-5.800577812e-03
3.242601929e+02,1.657307893e-02
3.244734802e+02,-5.898708012e-03
3.246867676e+02,-2.137054922e-03
3.249000854e+02,-9.987461381e-03
3.251134033e+02,1.389085781e-02
3.253267212e+02,-6.683748681e-03
3.255400696e+02,1.614785008e-02
3.257534180e+02,1.097966544e-02
3.259667969e+02,2.517581731e-02
3.261801758e+02,-7.828599773e-03
3.263935547e+02,-1.639862545e-02
3.266069641e+02,-6.422068458e-03
3.268203735e+02,3.394210339e-02
3.270337830e+02,5.091860425e-03
3.272472229e+02,9.344164282e-03
3.274606934e+02,-4.884697031e-03
3.276741333e+02,2.736738883e-03
3.278876038e+02,3.547947481e-02
3.281011047e+02,2.278798493e-03
3.283146057e+02,2.834868850e-03
3.285281067e+02,-7.108978927e-03
3.287416382e+02,-1.580984564e-03
3.289551697e+02,1.042359509e-02
3.291687317e+02,-3.445456037e-03
3.293822632e+02,2.592814714e-02
3.295958557e+02,-3.056206740e-02
3.298094177e+02,3.685329575e-03
3.300230103e+02,2.236275375e-02
3.302366333e+02,-1.031456143e-02
3.304502563e+02,6.432971568e-04
3.306638794e+02,-1.711824676e-03
3.308775330e+02,6.400261540e-03
3.310911865e+02,-2.493594214e-02
3.313048401e+02,-1.034727134e-02
3.315185242e+02,-3.183775814e-03
3.317322083e+02,2.540478716e-03
3.319459229e+02,2.475058660e-03
3.321596375e+02,3.901215643e-02
3.323733521e+02,7.675952744e-03
3.325870972e+02,9.932944551e-03
3.328008423e+02,-3.020225791e-03
3.330146179e+02,-1.793599688e-02
3.332283936e+02,5.703538284e-02
3.334421692e+02,1.160115562e-02
3.336559753e+02,1.565719955e-02
3.338697815e+02,-2.516491339e-02
3.340835876e+02,1.196096558e-02
3.342974243e+02,5.778771359e-03
3.345112915e+02,5.261952803e-02
3.347251282e+02,-2.339857258e-02
3.349389954e+02,1.588616893e-02
3.351528931e+02,5.484380759e-03
3.353667908e+02,-1.090334170e-02
3.355806885e+02,-1.450144500e-02
3.357946167e+02,1.199367642e-02
3.360085449e+02,-8.744480088e-03
3.362224731e+02,-4.688437097e-03
3.364364319e+02,-8.646350354e-03
3.366503906e+02,4.686256498e-02
3.368643799e+02,2.380199544e-02
3.370783691e+02,2.203565463e-02
3.372923889e+02,-1.247342303e-02
3.375063782e+02,7.414272521e-03
3.377204285e+02,-4.557596985e-03
3.379344482e+02,6.661941763e-03
3.381484985e+02,-5.865998100e-03
3.383625793e+02,-1.152483281e-02
3.385766296e+02,3.489069408e-03
3.387907410e+02,-2.222101018e-02
3.390048218e+02,-4.066946451e-03
3.392189331e+02,-4.001526628e-03
3.394330444e+02,1.902633160e-02
3.396471863e+02,6.989042275e-03
3.398613281e+02,-1.322575379e-02
3.400755005e+02,-7.730469573e-03
3.402896729e+02,1.202638634e-02
3.405038452e+02,3.979719710e-03
3.407180481e+02,-1.028185152e-02
3.409322510e+02,-1.623507589e-02
3.411464539e+02,1.909175143e-02
3.413606873e+02,5.778771010e-04
3.415749207e+02,-8.548219688e-03
3.417891846e+02,-1.221174281e-02
3.420034485e+02,2.952625044e-02
3.422177124e+02,-1.286594383e-02
3.424320068e+02,1.425066777e-02
3.426463318e+02,-3.347326070e-03
3.428606262e+02,-1.080521196e-02
3.430749512e+02,8.820803836e-03
3.432892761e+02,-1.126315258e-02
3.435036316e+02,2.841410972e-02
3.437179871e+02,-8.286539465e-03
3.439323730e+02,-2.902469598e-02
3.441467590e+02,-4.099656362e-03
3.443611450e+02,-1.463228464e-02
3.445755615e+02,-5.309927277e-03
3.447899780e+02,-1.715095714e-02
3.450044250e+02,-7.141688839e-03
3.452188721e+02,8.068472962e-04
3.454333191e+02,3.227389185e-03
3.456477661e+02,-1.679114625e-02
3.458622742e+02,-1.195006259e-02
3.460767517e+02,2.583001740e-02
3.462912598e+02,8.722673374e-05
3.465057678e+02,-2.042195946e-02
3.467203064e+02,-1.155754202e-03
3.469348450e+02,6.334841717e-03
3.471493835e+02,8.133892901e-03
3.473639526e+02,-5.931417923e-03
3.475785217e+02,1.320394687e-02
3.477931213e+02,-2.725835366e-04
3.480077209e+02,2.040015347e-02
3.482223206e+02,4.208690021e-03
3.484369507e+02,-1.996401884e-02
3.486515808e+02,2.213378437e-03
3.488662109e+02,1.003107405e-03
3.490808716e+02,2.190481313e-02
3.492955627e+02,-1.705282740e-02
3.495102234e+02,1.457776781e-02
3.497249146e+02,-1.028185152e-02
3.499396362e+02,-3.314615926e-03
3.501543579e+02,-3.543586005e-03
3.503690796e+02,-1.450144453e-03
3.505838318e+02,-3.739846172e-03
3.507985840e+02,1.169928629e-02
3.510133362e+02,-7.959439419e-03
3.512281189e+02,3.125987947e-02
3.514429016e+02,1.281142700e-02
3.516577148e+02,-2.434716187e-02
3.518725281e+02,3.858692572e-02
3.520873413e+02,1.902633160e-02
3.523021851e+02,-7.239819039e-03
3.525170288e+02,2.533936687e-02
3.527318726e+02,-4.066946451e-03
3.529467468e+02,-2.987515647e-03
3.531616516e+02,2.847952954e-02
3.533765259e+02,5.615220871e-03
3.535914307e+02,-3.543586005e-03
3.538063660e+02,-4.426756874e-03
3.540213013e+02,2.383470535e-02
3.542362366e+02,-1.842664788e-03
3.544512024e+02,-2.235185122e-03
3.546661682e+02,2.811971866e-02
3.548811340e+02,1.130676549e-02
3.550961304e+02,-1.859019697e-02
3.553111267e+02,-2.863217518e-02
3.555261536e+02,2.484871633e-02
3.557411804e+02,-7.501499262e-03
3.559562073e+02,3.413836285e-02
3.561712646e+02,-1.616965607e-02
3.563863220e+02,3.142343089e-02
3.566013794e+02,1.778335124e-02
3.568164673e+02,-2.091260999e-02
3.570315857e+02,4.601210356e-03
3.572466736e+02,3.521779319e-03
3.574617920e+02,2.468516678e-02
3.576769409e+02,-8.351960219e-03
3.578920898e+02,5.255410913e-03
3.581072388e+02,-1.842664788e-03
3.583223877e+02,3.371313214e-02
3.585375671e+02,4.944665357e-02
3.587527771e+02,-8.057570085e-03
3.589679871e+02,-1.113231201e-02
3.591831970e+02,1.428337768e-03
3.593984070e+02,-1.715095714e-02
3.596136475e+02,2.802158939e-03
3.598289185e+02,2.180668293e-03
3.600441589e+02,1.284413692e-02
3.602594299e+02,7.741372683e-04
3.604747314e+02,2.223191410e-02
3.606900330e+02,7.021752186e-03
3.609053345e+02,3.947009891e-02
3.611206665e+02,-1.266968343e-02
3.613359985e+02,-7.337949239e-03
3.615513306e+02,-6.291228347e-03
3.617666931e+02,8.362863213e-03
3.619820557e+02,-2.882843651e-02
3.621974487e+02,6.400261540e-03
3.624128418e+02,1.968053170e-02
3.626282349e+02,1.045630500e-02
3.628436584e+02,-5.342637305e-04
3.630590820e+02,-2.052008919e-02
3.632745056e+02,3.829253837e-02
3.634899597e+02,8.068473078e-03
3.637054443e+02,4.961020779e-03
3.639208984e+02,-7.795889396e-03
3.641363831e+02,9.736684151e-03
3.643518982e+02,-1.387995388e-02
3.645674133e+02,-1.980046928e-02
3.647829285e+02,2.632066794e-02
3.649984436e+02,5.255410820e-02
3.652139893e+02,1.218993589e-02
3.654295654e+02,2.082538325e-03
3.656451111e+02,-2.398735285e-02
3.658607178e+02,2.311508404e-03
3.660762939e+02,-2.562285401e-03
3.662919006e+02,7.904922590e-03
3.665075073e+02,2.861036919e-02
3.667231445e+02,4.169438034e-02
3.669387817e+02,3.227389185e-03
3.671544495e+02,-2.585182339e-02
3.673700867e+02,-1.829580776e-02
3.675857849e+02,3.914299887e-03
3.678014526e+02,3.551218286e-02
3.680171509e+02,9.900234640e-03
3.682328796e+02,-1.473041531e-02
3.684485779e+02,2.560104616e-02
3.686643066e+02,-1.842664788e-03
3.688800659e+02,3.358229296e-03
3.690958252e+02,-1.011830103e-02
3.693115845e+02,2.507768571e-02
3.695273743e+02,5.101673678e-02
3.697431641e+02,2.298424393e-02
3.699589539e+02,-1.679114625e-02
3.701747742e+02,2.239546366e-02
3.703906250e+02,-9.594940580e-03
3.706064453e+02,6.531101651e-03
3.708222961e+02,-6.258518435e-03
3.710381775e+02,6.432971917e-03
3.712540283e+02,9.268931299e-02
3.714699097e+02,-8.417380042e-03
3.716858215e+02,-1.332388353e-02
3.719017334e+02,6.056806445e-02
3.721176453e+02,1.222264580e-02
3.723335876e+02,-2.660415368e-03
3.725495300e+02,-1.381453406e-02
3.727654724e+02,-1.312762406e-02
3.729814453e+02,1.784877107e-02
3.731974182e+02,-1.100147236e-02
3.734134216e+02,-4.066946451e-03
3.736294250e+02,9.115193971e-03
3.738454285e+02,3.999345750e-02
3.740614624e+02,-1.473041531e-02
3.742774963e+02,2.573188627e-03
3.744935608e+02,1.474131830e-02
3.747096252e+02,-8.908030577e-03
3.749256897e+02,-2.657144330e-02
3.751417847e+02,-1.685656607e-02
3.753578796e+02,1.035817433e-02
3.755739746e+02,2.815242857e-02
3.757901001e+02,-1.034727134e-02
3.760062256e+02,-6.323938258e-03
3.762223816e+02,1.376001723e-02
3.764385376e+02,4.607752338e-02
3.766546936e+02,-1.715095714e-02
3.768708801e+02,2.874120884e-02
3.770870667e+02,-1.096876152e-02
3.773032837e+02,-1.253884286e-03
3.775194702e+02,-2.954805735e-03
3.777357178e+02,-8.384670131e-03
3.779519348e+02,2.439077571e-02
3.781681824e+02,3.443275392e-02
3.783844604e+02,-1.123044174e-02
3.786007385e+02,-1.754347794e-02
3.788170166e+02,-1.031456143e-02
3.790332947e+02,6.511475891e-02
3.792496033e+02,-2.228643000e-02
3.794659424e+02,3.489069268e-02
3.796822510e+02,-2.496865345e-03
3.798986206e+02,1.042359509e-02
3.801149597e+02,-2.879572660e-02
3.803313293e+02,-2.238456160e-02
3.805476990e+02,3.521779319e-03
3.807640991e+02,-7.763179485e-03
3.809804993e+02,-8.744480088e-03
3.811968994e+02,-1.963691786e-02
3.814133301e+02,-2.627705457e-03
3.816297607e+02,6.432971917e-03
3.818462219e+02,-7.632339111e-05
3.820626831e+02,7.218012121e-03
3.822791443e+02,9.834814817e-03
3.824956360e+02,2.704028739e-03
3.827121277e+02,-1.986588910e-02
3.829286194e+02,-7.632339373e-03
3.831451416e+02,4.764760286e-02
3.833616638e+02,5.536717176e-02
3.835782166e+02,-1.806683838e-02
3.837947693e+02,-1.813225821e-02
3.840113220e+02,1.686747000e-02
3.842279053e+02,1.591887884e-02
3.844444885e+02,-8.809899911e-03
3.846610718e+02,-2.241727151e-02
3.848776855e+02,3.603554517e-02
3.850943298e+02,3.816169628e-04
3.853109436e+02,1.006378420e-02
3.855275879e+02,2.026931196e-02
3.857442627e+02,-7.763179485e-03
3.859609070e+02,3.884860873e-02
3.861776123e+02,-1.728179678e-02
3.863942871e+02,-4.230496474e-03
3.866109924e+02,2.242817357e-02
3.868276978e+02,-1.384724397e-02
3.870444336e+02,-7.272528950e-03
3.872611694e+02,-4.786567297e-03
3.874779358e+02,7.414272404e-04
3.876947021e+02,2.144687437e-02
3.879114685e+02,-2.114157937e-02
3.881282349e+02,-1.083792187e-02
3.883450317e+02,-6.127678324e-03
3.885618591e+02,1.477402821e-02
3.887786560e+02,-3.605735302e-02
3.889955139e+02,-1.796870679e-02
3.892123413e+02,2.422722615e-02
3.894291992e+02,1.290955674e-02
3.896460571e+02,1.804503053e-02
3.898629456e+02,-2.922095591e-03
3.900798340e+02,-1.250613295e-02
3.902967224e+02,-1.580984564e-03
3.905136414e+02,1.019462477e-02
3.907305603e+02,-1.037998125e-02
3.909475098e+02,1.797961071e-02
3.911644592e+02,5.647931248e-03
3.913814087e+02,4.578313231e-02
3.915983887e+02,-2.094531991e-02
3.918153687e+02,1.454505790e-02
3.920323486e+02,-4.328626674e-03
3.922493591e+02,1.405440737e-02
3.924663696e+02,3.161969129e-03
3.926834106e+02,4.875974357e-02
3.929004517e+02,8.886223659e-03
3.931174927e+02,-2.366025187e-02
3.933345642e+02,4.882516339e-02
3.935516357e+02,6.750258803e-02
3.937687073e+02,-5.767867900e-03
3.939858093e+02,3.881589696e-02
3.942029114e+02,-2.722564526e-02
3.944200439e+02,1.147031598e-02
3.946371765e+02,2.638608776e-02
3.948543091e+02,1.582074910e-02
3.950714722e+02,1.290955674e-02
3.952886353e+02,8.199312724e-03
3.955058289e+02,-4.361336687e-05
3.957230225e+02,4.470370244e-03
3.959402161e+02,-2.107615955e-02
3.961574402e+02,5.638118088e-02
3.963746643e+02,-4.819277208e-03
3.965918884e+02,-9.954751469e-03
3.968091431e+02,-2.653873339e-02
3.970263977e+02,4.427847266e-02
3.972436829e+02,-8.450089954e-03
3.974609375e+02,-1.116502192e-02
3.976782532e+02,-2.339857258e-02
3.978955383e+02,6.694652140e-03
3.981128845e+02,3.901215643e-02
3.983302002e+02,-1.361827366e-02
3.985475464e+02,5.059150513e-03
3.987648926e+02,3.613367677e-02
3.989822693e+02,2.026931196e-02
3.991996155e+02,7.643242832e-03
3.994170227e+02,-2.061821893e-02
3.996343994e+02,1.173199620e-02
3.998518372e+02,-5.146377254e-03
4.000692444e+02,-3.347326070e-02
4.002866821e+02,-3.347326070e-02
4.005041199e+02,1.160115562e-02
4.007215881e+02,1.879736222e-02
4.009390564e+02,-1.423976477e-02
4.011565247e+02,3.083465062e-02
4.013740234e+02,-8.221119642e-03
4.015915222e+02,6.890912075e-03
4.018090210e+02,3.518508375e-02
4.020265503e+02,-2.123970911e-02
4.022440796e+02,3.675516695e-02
4.024616394e+02,-7.926729508e-03
4.026791992e+02,-1.427247468e-02
4.028967590e+02,-1.109960210e-02
4.031143494e+02,-1.348743401e-02
4.033319397e+02,-1.711824676e-03
4.035495605e+02,-6.160388235e-03
4.037671814e+02,-5.015537026e-04
4.039848022e+02,5.883443356e-02
4.042024231e+02,-8.973450400e-03
4.044200745e+02,-9.562230669e-03
4.046377563e+02,9.017063305e-03
4.048554382e+02,-5.571607500e-03
4.050731201e+02,-9.594940930e-04
4.052908020e+02,-8.155699819e-03
4.055085144e+02,-1.129586250e-02
4.057262268e+02,-3.739846172e-03
4.059439697e+02,-1.132857241e-02
4.061617126e+02,2.530665696e-02
4.063794556e+02,-1.731450669e-02
4.065972290e+02,1.719457097e-02
4.068150024e+02,-1.348743401e-02
4.070328064e+02,-1.881916821e-02
4.072506104e+02,2.991876937e-02
4.074684143e+02,6.161478534e-02
4.076862488e+02,-2.594995312e-02
4.079040833e+02,-1.152483281e-02
4.081219177e+02,-5.506187677e-03
4.083397827e+02,-1.973504899e-03
4.085576477e+02,-3.739846172e-03
4.087755432e+02,-4.197786562e-03
4.089934387e+02,6.318486482e-02
4.092113342e+02,8.788093925e-03
4.094292603e+02,5.778771359e-03
4.096471863e+02,-1.685656607e-02
4.098651123e+02,1.349833701e-02
4.100830688e+02,1.441421825e-02
4.103010254e+02,-3.216485959e-03
4.105189819e+02,-2.434716187e-02
4.107369690e+02,-7.141688839e-03
4.109549866e+02,3.269912302e-02
4.111729736e+02,6.531101651e-03
4.113909912e+02,-1.580984564e-03
4.116090393e+02,2.246088348e-03
4.118270874e+02,1.631139964e-02
4.120451355e+02,-2.372567169e-02
4.122631836e+02,1.294226665e-02
4.124812622e+02,1.114321500e-02
4.126993713e+02,-1.777244732e-03
4.129174500e+02,8.068473078e-03
4.131355591e+02,-2.071634866e-02
4.133536987e+02,3.652619431e-03
4.135718079e+02,2.795616910e-02
4.137899780e+02,-5.669737700e-03
4.140081177e+02,-9.006160311e-03
4.142262878e+02,1.411982812e-02
4.144444580e+02,-1.492667478e-02
4.146626587e+02,1.526467851e-03
4.148808594e+02,-1.597339660e-02
4.150990906e+02,1.768521965e-02
4.153172913e+02,1.654036902e-02
4.155355225e+02,3.783459542e-03
4.157537842e+02,1.058714464e-02
4.159720459e+02,1.048901491e-02
4.161903076e+02,-5.473477766e-03
4.164085999e+02,-7.468789350e-03
4.166268921e+02,-2.238456160e-02
4.168451843e+02,4.195605963e-02
4.170635071e+02,-8.024859242e-03
4.172818298e+02,-7.599629462e-03
4.175001831e+02,1.333478745e-02
4.177185364e+02,7.152592298e-03
4.179368896e+02,2.040015347e-02
4.181552734e+02,-3.160878643e-02
4.183736572e+02,-1.744534675e-04
4.185920410e+02,1.212451607e-02
4.188104553e+02,1.905904151e-02
4.190288696e+02,2.393283509e-02
4.192473145e+02,-2.297334187e-02
4.194657288e+02,3.096549073e-03
4.196842041e+02,-1.528648566e-02
4.199026489e+02,2.910101973e-02
4.201211243e+02,-2.369296178e-02
4.203396301e+02,1.797961071e-02
4.205581360e+02,1.431608759e-02
4.207766418e+02,-2.997328714e-02
4.209951477e+02,-1.512293518e-02
4.212136841e+02,-1.208090317e-02
4.214322205e+02,2.442348516e-03
4.216507874e+02,1.827400178e-02
4.218693542e+02,-1.404350437e-02
4.220879211e+02,7.777354121e-02
4.223065186e+02,2.311508404e-03
4.225251160e+02,1.647494920e-02
4.227437439e+02,-4.263206851e-03
4.229623718e+02,2.524123713e-02
4.231809998e+02,7.479692344e-03
4.233996277e+02,2.157771401e-02
4.236182861e+02,-1.577713527e-02
4.238369751e+02,4.676443338e-02
4.240556641e+02,2.033473179e-02
4.242743530e+02,1.490486879e-02
4.244930420e+02,-1.489396486e-02
4.247117615e+02,5.886714160e-02
4.249304810e+02,5.582510959e-03
4.251492310e+02,-7.763179485e-03
4.253679810e+02,-1.652946696e-02
4.255867310e+02,1.058714464e-02
4.258055115e+02,1.945156232e-02
4.260242920e+02,5.157280713e-02
4.262430725e+02,-7.730469573e-03
4.264618835e+02,-1.237529330e-02
4.266806946e+02,3.161969129e-03
4.268995361e+02,-2.382380143e-02
4.271183777e+02,-1.466499455e-02
4.273372192e+02,4.830180667e-03
4.275560913e+02,7.414272521e-03
4.277749634e+02,2.684402838e-02
4.279938354e+02,-2.019299008e-02
4.282127380e+02,3.335332125e-02
4.284316406e+02,4.071307927e-02
4.286505737e+02,1.572261937e-02
4.288695068e+02,-3.314615786e-02
4.290884399e+02,8.951643482e-03
4.293074036e+02,2.769448794e-02
4.295263672e+02,6.890912354e-02
4.297453308e+02,2.638608776e-02
4.299643250e+02,-1.090334172e-05
4.301833191e+02,7.682494819e-02
4.304023438e+02,-1.646404713e-02
4.306213379e+02,-2.810881473e-02
4.308403931e+02,1.935343258e-02
4.310594177e+02,-1.018372085e-02
4.312784729e+02,2.403096482e-02
4.314975586e+02,-2.516491339e-02
4.317166138e+02,1.235348638e-02
4.319357300e+02,-5.865998100e-03
4.321548157e+02,-3.314615926e-03
4.323739319e+02,-2.061821893e-02
4.325930481e+02,-4.688437097e-03
4.328121948e+02,7.872212678e-03
4.330313416e+02,-1.518835500e-02
4.332504883e+02,9.376874077e-04
4.334696655e+02,6.007741205e-03
4.336888428e+02,-5.702447612e-03
4.339080200e+02,-1.548274513e-02
4.341272278e+02,-2.388922125e-02
4.343464355e+02,1.323665679e-02
4.345656738e+02,5.896527320e-02
4.347849121e+02,-2.330044098e-02
4.350041504e+02,-2.820694633e-02
4.352234192e+02,1.281142700e-02
4.354426880e+02,9.030147642e-02
4.356619568e+02,-2.385651134e-02
4.358812561e+02,-2.016027831e-02
4.361005554e+02,5.451670950e-05
4.363198853e+02,-4.459466785e-03
4.365392151e+02,-1.270239335e-02
4.367585449e+02,-2.146868035e-02
4.369778748e+02,-2.006214811e-03
4.371972351e+02,2.108706348e-02
4.374166260e+02,4.666630179e-02
4.376360168e+02,-1.237529330e-02
4.378554077e+02,9.759581089e-02
4.380747986e+02,1.546093915e-02
4.382942200e+02,-1.031456143e-02
4.385136414e+02,-1.571171544e-02
4.387330933e+02,4.673172161e-02
4.389525452e+02,2.717112750e-02
4.391719971e+02,-2.071634954e-04
4.393914795e+02,-7.992149331e-03
4.396109619e+02,3.181594983e-02
4.398304443e+02,7.839502767e-03
4.400499573e+02,-3.216485679e-02
4.402694702e+02,-3.039851785e-02
4.404890137e+02,4.012429621e-03
4.407085571e+02,-1.528648566e-02
4.409281006e+02,1.398898754e-02
4.411476746e+02,-6.651038420e-04
4.413672485e+02,2.115248330e-02
4.415868225e+02,2.216649428e-02
4.418064270e+02,-2.002943866e-02
4.420260315e+02,1.493757870e-02
4.422456360e+02,-1.679114648e-03
4.424652710e+02,5.451671034e-02
4.426849060e+02,-3.471624106e-02
4.429045715e+02,-1.594068669e-02
4.431242371e+02,-1.594068669e-02
4.433439026e+02,9.376874077e-04
4.435635986e+02,-1.780515723e-02
4.437832947e+02,-8.679060265e-03
4.440029907e+02,3.260099329e-03
4.442227173e+02,-7.076269016e-03
4.444424438e+02,-3.478165949e-03
4.446622009e+02,-1.881916821e-02
4.448819580e+02,1.523196883e-02
4.451017151e+02,-5.211797543e-03
4.453215027e+02,-6.291228347e-03
4.455412903e+02,-4.263206851e-03
4.457610779e+02,-7.665049285e-03
4.459808960e+02,-2.693125512e-03
4.462007141e+02,-2.300605178e-03
4.464205322e+02,9.409584105e-03
4.466403809e+02,1.205909625e-02
4.468602600e+02,1.827400178e-02
4.470801086e+02,-1.361827366e-02
4.472999878e+02,-2.336586080e-02
4.475198669e+02,1.428337768e-03
4.477397766e+02,-1.208090317e-02
4.479596863e+02,-1.652946696e-02
4.481796265e+02,2.677860856e-02
4.483995361e+02,7.708662655e-03
4.486194763e+02,3.142343089e-02
4.488394470e+02,-2.493594214e-02
4.490594177e+02,-2.333315089e-02
4.492793884e+02,2.445619553e-02
4.494993896e+02,-3.674426116e-03
4.497193909e+02,-1.437060442e-02
4.499393921e+02,-3.020225791e-03
4.501594238e+02,8.951643482e-03
4.503794556e+02,3.080194071e-02
4.505994873e+02,3.250286356e-02
4.508195496e+02,5.032982677e-02
4.510396118e+02,-2.267895034e-03
4.512597046e+02,-4.361336585e-03
4.514797974e+02,3.260099329e-03
4.516998901e+02,9.475003928e-03
4.519200134e+02,-1.450144453e-03
4.521401367e+02,3.322248161e-02
4.523602600e+02,-1.944065839e-02
4.525804138e+02,-5.800577812e-03
4.528005676e+02,8.591833524e-03
4.530207520e+02,-6.585618481e-03
4.532409058e+02,-3.092187829e-02
4.534611206e+02,4.830180667e-03
4.536813049e+02,3.492340446e-02
4.539015198e+02,-6.323938142e-04
4.541217346e+02,-4.721147008e-03
4.543419800e+02,5.451670950e-05
4.545622253e+02,-9.104290046e-03
4.547825012e+02,-4.361336687e-05
4.550027466e+02,-1.430518460e-02
4.552230225e+02,3.587199375e-03
4.554433289e+02,-9.137000889e-03
4.556636353e+02,-3.772556316e-03
4.558839417e+02,-1.132857241e-02
4.561042786e+02,-2.349670231e-02
4.563246155e+02,3.750749677e-02
4.565449524e+02,-1.744534675e-04
4.567653198e+02,-8.679060265e-03
4.569856873e+02,-1.836122759e-02
4.572060547e+02,1.382543705e-02
4.574264526e+02,-1.613694616e-02
4.576468506e+02,-1.486125495e-02
4.578672791e+02,2.736738883e-02
4.580877075e+02,-1.397808455e-02
4.583081360e+02,6.302131806e-03
4.585285645e+02,-4.361336760e-04
4.587490234e+02,-1.495938469e-02
4.589695129e+02,1.078340504e-02
4.591900024e+02,-1.679114648e-03
4.594104919e+02,7.741372567e-03
4.596309814e+02,-1.652946696e-02
4.598515015e+02,3.996074945e-02
4.600720215e+02,-4.524887074e-03
4.602925720e+02,1.176470611e-02
4.605130920e+02,8.395573241e-04
4.607336731e+02,4.640462250e-02
4.609542236e+02,-1.185193285e-02
4.611748047e+02,-2.441258170e-02
4.613954163e+02,3.783459542e-03
4.616159973e+02,1.706372947e-02
4.618366394e+02,-1.414163411e-02
4.620572510e+02,1.215722598e-02
4.622778931e+02,2.200294472e-02
4.624985352e+02,2.772719786e-02
4.627192078e+02,5.680641159e-03
4.629398499e+02,1.251703687e-02
4.631605530e+02,2.180668293e-03
4.633812256e+02,1.657307893e-02
4.636019287e+02,-2.706209384e-02
4.638226624e+02,-9.137000889e-03
4.640433655e+02,-6.291228347e-03
4.642641296e+02,4.447473213e-02
4.644848633e+02,-1.509022526e-02
4.647056274e+02,-3.373493999e-02
4.649263916e+02,1.722728019e-03
4.651471863e+02,-9.922040626e-04
4.653679504e+02,-2.127242088e-02
4.655887756e+02,-2.271166071e-02
4.658095703e+02,4.208690021e-03
4.660303955e+02,6.792781875e-03
4.662512512e+02,-2.856675535e-03
4.664720764e+02,1.771793142e-02
4.666929626e+02,-5.767867900e-03
4.669138184e+02,3.780188784e-02
4.671347046e+02,-1.139399223e-02
4.673555908e+02,-1.823038794e-02
4.675765076e+02,4.126914963e-02
4.677973938e+02,7.446982432e-03
4.680183411e+02,1.853568130e-03
4.682392578e+02,-1.420705486e-02
4.684602051e+02,-7.894019596e-03
4.686811829e+02,7.218012121e-03
4.689021301e+02,-2.421632223e-02
4.691231384e+02,1.483944803e-02
4.693441162e+02,-1.391266380e-02
4.695651245e+02,9.115193971e-03
4.697861328e+02,8.003053255e-03
4.700071411e+02,-2.418361232e-02
4.702281799e+02,1.974595152e-02
4.704492493e+02,9.475003928e-03
4.706702881e+02,-2.235185122e-03
4.708913574e+02,-1.257155277e-02
4.711124573e+02,-5.048247520e-03
4.713335266e+02,2.236275375e-02
4.715546265e+02,-5.637027789e-03
4.717757568e+02,3.652619570e-02
4.719968872e+02,8.199312724e-03
4.722180176e+02,3.292809427e-02
4.724391479e+02,2.857765928e-02
4.726603088e+02,-2.660415368e-03
4.728814697e+02,7.283432409e-03
4.731026611e+02,-4.753856920e-03
4.733238525e+02,-3.095458820e-02
4.735450439e+02,-1.139399223e-02
4.737662659e+02,-4.557596985e-03
4.739874878e+02,-1.103418227e-02
4.742087097e+02,-1.361827366e-02
4.744299622e+02,-3.216485679e-02
4.746512146e+02,-7.207109127e-03
4.748724976e+02,1.640952937e-02
4.750937805e+02,-2.814152464e-02
4.753150635e+02,-1.109960210e-02
4.755363464e+02,3.816169687e-03
4.757576599e+02,8.362863213e-03
4.759790039e+02,-6.847298704e-03
4.762003174e+02,-1.832851768e-02
4.764216614e+02,-3.936106339e-03
4.766430359e+02,-5.898708012e-03
4.768643799e+02,3.652619431e-03
4.770857544e+02,-4.884697031e-03
4.773071594e+02,2.939540893e-02
4.775285645e+02,5.026440602e-03
4.777499695e+02,-1.384724397e-03
4.779714050e+02,2.128332295e-02
4.781928101e+02,-6.552908570e-03
4.784142761e+02,-5.931417923e-03
4.786357117e+02,-4.361336760e-04
4.788571777e+02,-1.296407357e-02
4.790786743e+02,1.257264316e-01
4.793001404e+02,1.490486879e-02
4.795216370e+02,-1.545003522e-02
4.797431641e+02,3.292809241e-03
4.799646912e+02,-6.160388235e-03
4.801862183e+02,-1.587526500e-02
4.804077454e+02,-1.577713527e-02
4.806293030e+02,-1.528648566e-02
4.808508606e+02,-6.422068458e-03
4.810724487e+02,1.199367616e-04
4.812940369e+02,-1.718366705e-02
4.815156250e+02,6.661941763e-03
4.817372437e+02,9.376874077e-04
4.819588623e+02,-1.378182415e-02
4.821804810e+02,-8.940740372e-04
4.824021301e+02,-2.578640357e-02
4.826237793e+02,1.366188750e-02
4.828454590e+02,1.961511187e-02
4.830671082e+02,7.119882386e-03
4.832888184e+02,-1.947336830e-02
4.835104980e+02,9.703974356e-04
4.837322083e+02,4.898871481e-02
4.839539185e+02,-1.695469581e-02
4.841756592e+02,2.432535589e-02
4.843973999e+02,1.032546442e-02
4.846191406e+02,2.753093839e-02
4.848409119e+02,-1.044540107e-02
4.850626831e+02,-1.489396486e-02
4.852844543e+02,-2.889385680e-03
4.855062561e+02,3.047483973e-02
4.857280579e+02,-2.176306956e-02
4.859498901e+02,8.755383082e-03
4.861717224e+02,7.512402721e-03
4.863935547e+02,-7.992149331e-03
4.866154175e+02,-1.217903290e-02
4.868372498e+02,-2.110886946e-02
4.870591431e+02,-3.380035923e-04
4.872810059e+02,-3.445456037e-03
4.875028992e+02,2.102164365e-02
4.877248230e+02,-1.724908687e-02
4.879467163e+02,3.652619570e-02
4.881686707e+02,3.155427054e-02
4.883905945e+02,-3.075832687e-02
4.886125488e+02,-3.075832687e-02
4.888345032e+02,1.644223928e-02
4.890564575e+02,4.064765945e-02
4.892784424e+02,4.077849910e-03
4.895004578e+02,-6.912718527e-03
4.897224426e+02,-1.260426361e-02
4.899444580e+02,-6.193098146e-03
4.901664734e+02,2.324592508e-02
4.903885193e+02,-1.034727134e-02
4.906105652e+02,-5.996838212e-03
4.908326111e+02,2.632066794e-02
4.910546875e+02,2.527394705e-02
4.912767639e+02,-1.639862545e-02
4.914988708e+02,2.066183276e-02
4.917209778e+02,4.329717159e-02
4.919430847e+02,-1.463228464e-02
4.921651917e+02,-1.682385616e-02
4.923873291e+02,-1.188464230e-03
4.926094666e+02,1.238619629e-02
4.928316345e+02,-1.230987255e-02
4.930538025e+02,-2.176306956e-02
4.932759705e+02,-9.954751469e-03
4.934981689e+02,-1.417434396e-04
4.937203674e+02,-2.303876169e-02
4.939425659e+02,1.268058643e-02
4.941647949e+02,-9.856620803e-03
4.943870239e+02,-3.837976372e-03
4.946092834e+02,-1.777244732e-02
4.948315125e+02,-7.730469573e-03
4.950538025e+02,4.012429621e-03
4.952760620e+02,1.853568101e-04
4.954983521e+02,-2.473968267e-02
4.957206421e+02,3.063839162e-03
4.959429626e+02,-6.552908570e-03
4.961652832e+02,3.698413447e-02
4.963876038e+02,-9.104290046e-03
4.966099548e+02,5.320830736e-03
4.968323059e+02,-1.505751535e-02
4.970546570e+02,2.769448794e-03
4.972770386e+02,-9.137000889e-03
4.974994202e+02,6.236711517e-03
4.977218018e+02,1.840484142e-02
4.979442139e+02,-2.104345011e-03
4.981666260e+02,-1.325846370e-02
4.983890686e+02,-7.763179485e-03
4.986115112e+02,1.686747000e-02
4.988339539e+02,-6.880008616e-03
4.990564270e+02,-2.267895034e-03
4.992788696e+02,-4.361336760e-04
4.995013733e+02,2.707299776e-02
4.997238464e+02,-1.417434425e-03
4.999463501e+02,-2.644060366e-02
5.001688843e+02,-1.090334170e-02
5.003914185e+02,4.002616927e-02
5.006139526e+02,-6.978138816e-03
5.008364868e+02,2.560104616e-02
5.010590515e+02,-4.295916762e-03
5.012816162e+02,-4.819277208e-03
5.015041809e+02,-1.453415491e-02
5.017267761e+02,-1.440331433e-02
5.019493713e+02,9.507713839e-03
5.021719971e+02,2.246088348e-02
5.023946228e+02,-3.805266228e-03
5.026172485e+02,-1.580984518e-02
5.028399048e+02,-1.852477714e-02
5.030625610e+02,5.615220871e-03
5.032852173e+02,1.300768647e-02
5.035079041e+02,2.344218548e-03
5.037305908e+02,-1.737992652e-02
5.039532776e+02,3.148885071e-02
5.041759949e+02,3.623180464e-02
5.043987122e+02,1.928801090e-02
5.046214600e+02,-6.323938142e-04
5.048441772e+02,2.118519321e-02
5.050669556e+02,-1.482854481e-03
5.052897034e+02,-3.412745893e-03
5.055124817e+02,2.553562634e-02
5.057352600e+02,6.400261540e-03
5.059580688e+02,-9.922041558e-03
5.061808777e+02,-2.006214857e-02
5.064036865e+02,-1.584255509e-02
5.066265259e+02,3.924112767e-02
5.068493652e+02,3.489069408e-03
5.070722046e+02,-2.434716187e-02
5.072950745e+02,-2.581911348e-02
5.075179443e+02,2.923185937e-02
5.077408142e+02,3.518508375e-02
5.079637146e+02,9.442294016e-03
5.081866150e+02,-7.992149331e-03
5.084095459e+02,-4.688437039e-04
5.086324768e+02,-3.609006060e-03
5.088554077e+02,-3.314615926e-03
5.090783386e+02,-7.436078973e-03
5.093013000e+02,-1.973504899e-03
5.095242920e+02,-6.356648169e-03
5.097472534e+02,-1.548274513e-02
5.099702454e+02,-1.090334146e-03
5.101932373e+02,1.542822830e-02
5.104162598e+02,-1.191735268e-02
5.106392822e+02,-2.830507606e-02
5.108623352e+02,-2.071634866e-03
5.110853577e+02,-5.440767389e-03
5.113084106e+02,-1.306220330e-02
5.115314941e+02,2.906830981e-02
5.117545776e+02,-2.594995312e-02
5.119776611e+02,-6.585618481e-03
5.122007446e+02,-5.898708012e-03
5.124238892e+02,-3.069290705e-02
5.126469727e+02,-8.384670131e-03
5.128701172e+02,2.802158939e-03
5.130932617e+02,-4.492176697e-03
5.133164062e+02,-1.453415491e-02
5.135395508e+02,-1.361827366e-02
5.137627563e+02,-1.253884286e-03
5.139859619e+02,2.298424393e-02
5.142091064e+02,-1.335659344e-02
5.144323120e+02,5.680641159e-03
5.146555786e+02,-1.139399223e-02
5.148787842e+02,5.203074589e-02
5.151019897e+02,1.225535665e-02
5.153252563e+02,-1.011830103e-02
5.155485229e+02,1.212451607e-02
5.157717896e+02,1.647494920e-02
5.159950562e+02,-6.716458593e-03
5.162183838e+02,-6.683748681e-03
5.164416504e+02,3.358229296e-03
5.166649780e+02,-2.248269133e-02
5.168883057e+02,-2.513220347e-02
5.171116333e+02,1.863381080e-02
5.173350220e+02,5.517091136e-03
5.175583496e+02,1.032546442e-02
5.177817383e+02,7.283432409e-03
5.180051270e+02,-8.548219688e-03
5.182285156e+02,1.729270071e-02
5.184519043e+02,-2.356212214e-02
5.186752930e+02,-2.333315089e-03
5.188987427e+02,-9.954751469e-03
5.191221313e+02,4.241399933e-03
5.193455811e+02,-2.307147160e-02
5.195690308e+02,-2.686583437e-02
5.197925415e+02,1.503570843e-02
5.200159912e+02,-8.221119642e-03
5.202395020e+02,-2.807610482e-02
5.204629517e+02,-2.732377499e-02
5.206864624e+02,1.971324161e-02
5.209099731e+02,6.760071847e-04
5.211335449e+02,-1.976775937e-02
5.213570557e+02,8.330153301e-03
5.215806274e+02,-7.305238862e-03
5.218041992e+02,1.951698214e-03
5.220277710e+02,-1.996401884e-02
5.222513428e+02,-6.323938258e-03
5.224749146e+02,-6.127678324e-03
5.226985474e+02,-3.183775814e-03
5.229221191e+02,-2.169764973e-02
5.231457520e+02,-1.914626919e-02
5.233693848e+02,1.353104692e-02
5.235930176e+02,-1.185193285e-02
5.238167114e+02,-1.345472410e-02
5.240403442e+02,1.362917712e-03
5.242640381e+02,7.741372683e-04
5.244877319e+02,3.161969036e-02
5.247114258e+02,-1.427247468e-02
5.249351196e+02,2.497955598e-02
5.251588745e+02,-1.459957473e-02
5.253826294e+02,7.643242832e-03
5.256063232e+02,-1.711824676e-03
5.258300781e+02,-9.431391023e-03
5.260538330e+02,2.775990777e-02
5.262776489e+02,2.190481313e-02
5.265014038e+02,-4.263206851e-03
5.267252197e+02,-4.034236481e-04
5.269490356e+02,2.252630517e-02
5.271728516e+02,-1.587526500e-02
5.273966675e+02,-2.300605178e-02
5.276204834e+02,5.883443356e-02
5.278443604e+02,-3.739846172e-03
5.280682373e+02,7.545112632e-03
5.282921143e+02,3.583928570e-02
5.285159912e+02,-2.002943866e-02
5.287398682e+02,2.596085705e-02
5.289637451e+02,-9.954751469e-03
5.291876831e+02,-2.997328714e-02
5.294116211e+02,-1.875374815e-03
5.296355591e+02,5.451670848e-03
5.298594971e+02,-1.378182415e-02
5.300834351e+02,-8.973450400e-03
5.303074341e+02,-3.605735302e-02
5.305313721e+02,-7.959439419e-03
5.307553711e+02,1.068527461e-03
5.309793701e+02,6.138581317e-03
5.312033691e+02,-2.699667402e-02
5.314274292e+02,7.132966071e-02
5.316514282e+02,3.816169687e-03
5.318754883e+02,1.475767344e-01
5.320995483e+02,3.887477517e-01
5.323236084e+02,5.604099631e-01
5.325476685e+02,4.021915793e-01
5.327717285e+02,2.067491710e-01
5.329958496e+02,1.021097973e-01
5.332199707e+02,6.900724769e-02
5.334440308e+02,6.436242908e-02
5.336682129e+02,-1.024914160e-02
5.338923340e+02,-1.790328696e-02
5.341164551e+02,3.999345750e-02
5.343406372e+02,5.876901094e-03
5.345648193e+02,-6.487488281e-03
5.347890015e+02,1.268058643e-02
5.350131836e+02,1.189554576e-02
5.352373657e+02,1.657307963e-03
5.354616089e+02,-9.496810846e-03
5.356857910e+02,2.461974509e-02
5.359100342e+02,-1.142670214e-02
5.361342773e+02,-3.118355758e-03
5.363585205e+02,3.698413447e-02
5.365828247e+02,1.690017991e-03
5.368070679e+02,-2.267895034e-03
5.370313721e+02,-3.412745893e-03
5.372556763e+02,-1.685656607e-02
5.374799805e+02,-3.118355758e-02
5.377042847e+02,3.619909519e-03
5.379285889e+02,1.421795785e-02
5.381529541e+02,-4.982827231e-03
5.383773193e+02,-2.758545429e-02
5.386016846e+02,1.814316027e-02
5.388260498e+02,3.489069350e-04
5.390504150e+02,5.189990625e-03
5.392747803e+02,1.408711728e-02
5.394992065e+02,-1.842664788e-03
5.397236328e+02,-2.202474978e-03
5.399480591e+02,5.353540648e-03
5.401724854e+02,-1.881916821e-02
5.403969116e+02,-3.707136260e-03
5.406213989e+02,2.527394705e-02
5.408458252e+02,-2.087990008e-02
5.410703125e+02,-2.074906044e-02
5.412947998e+02,2.131603286e-02
5.415192871e+02,2.246088348e-03
5.417438354e+02,-1.492667478e-02
5.419683228e+02,-1.505751535e-02
5.421928711e+02,6.760071963e-03
5.424174194e+02,1.582074910e-02
5.426419678e+02,-3.739846172e-03
5.428665161e+02,-6.422068458e-03
5.430910645e+02,2.475058660e-03
5.433156738e+02,1.745625027e-02
5.435402832e+02,-2.516491339e-02
5.437648315e+02,-2.267895034e-03
5.439895020e+02,-2.627705457e-03
5.442141113e+02,7.643242832e-03
5.444387207e+02,-1.868832856e-02
5.446633911e+02,9.900234640e-03
5.448880615e+02,9.409584105e-03
5.451127319e+02,-9.267840534e-03
5.453374023e+02,-1.754347794e-02
5.455620728e+02,-4.230496474e-03
5.457867432e+02,4.303548858e-02
5.460114746e+02,-2.922095591e-03
5.462362061e+02,-2.042195946e-02
5.464609375e+02,-6.978138816e-03
5.466856689e+02,-4.721147008e-03
5.469104004e+02,-1.973504946e-02
5.471351929e+02,-5.637027789e-03
5.473599243e+02,-1.335659344e-02
5.475847168e+02,9.507713839e-03
5.478095093e+02,-2.150139026e-02
5.480343018e+02,-2.971160598e-02
5.482591553e+02,2.321321517e-02
5.484839478e+02,-8.188409731e-03
5.487088013e+02,-4.950117320e-03
5.489336548e+02,-1.368369441e-02
5.491585083e+02,-2.850133553e-02
5.493833618e+02,-1.253884286e-03
5.496082764e+02,5.324101821e-02
5.498331299e+02,2.089080215e-02
5.500580444e+02,-2.555743419e-02
5.502829590e+02,1.771793142e-02
5.505078735e+02,1.366188750e-02
5.507327881e+02,1.428337768e-03
5.509577637e+02,-1.172109228e-02
5.511826782e+02,-7.076269016e-03
5.514076538e+02,1.546093915e-02
5.516326294e+02,-8.417380042e-03
5.518576050e+02,-3.111813776e-02
5.520825806e+02,-8.646350354e-03
5.523076172e+02,-7.076269016e-03
5.525325928e+02,-2.300605178e-02
5.527576294e+02,2.082538325e-03
5.529826660e+02,1.297497656e-03
5.532077026e+02,-1.123044174e-02
5.534328003e+02,-3.903396428e-03
5.536578369e+02,5.615220871e-03
5.538829346e+02,1.690017991e-02
5.541080322e+02,7.577822544e-03
5.543331299e+02,-2.320231125e-02
5.545582275e+02,-1.116502192e-02
5.547833252e+02,1.376001723e-02
5.550084839e+02,2.864307910e-02
5.552335815e+02,-2.146868035e-02
5.554587402e+02,-2.686583437e-02
5.556838989e+02,3.322248161e-02
5.559091187e+02,2.246088348e-03
5.561342773e+02,3.230660036e-02
5.563594971e+02,-3.020225652e-02
5.565846558e+02,7.708662655e-03
5.568098755e+02,1.954969205e-02
5.570350952e+02,1.084882487e-02
5.572603760e+02,-1.662759669e-02
5.574855957e+02,1.552635897e-02
5.577108765e+02,-9.006160311e-03
5.579360962e+02,-2.529575303e-02
5.581613770e+02,-3.487979248e-02
5.583866577e+02,3.031129017e-03
5.586119995e+02,-4.197786562e-03
5.588372803e+02,-1.545003522e-02
5.590626221e+02,-3.239382803e-02
5.592879028e+02,-3.052935703e-03
5.595132446e+02,-2.104344964e-02
5.597386475e+02,-1.002017129e-02
5.599639893e+02,-4.034236539e-03
5.601893311e+02,3.750749631e-03
5.604147339e+02,5.023169518e-02
5.606401367e+02,4.784386232e-02
5.608655396e+02,2.311508544e-02
5.610909424e+02,1.395627740e-03
5.613163452e+02,9.769394062e-03
5.615418091e+02,-8.286539814e-04
5.617672119e+02,2.926456928e-02
5.619926758e+02,1.667121053e-02
5.622181396e+02,-1.577713527e-02
5.624436646e+02,-1.430518460e-02
5.626691284e+02,-5.277217366e-03
5.628945923e+02,6.302131806e-03
5.631201172e+02,1.071798522e-02
5.633456421e+02,-5.571607500e-03
5.635711670e+02,1.546093915e-02
5.637966919e+02,2.268985473e-02
5.640222778e+02,8.297443390e-03
5.642478027e+02,-8.024859242e-03
5.644733887e+02,1.421795785e-02
5.646989746e+02,-7.959439536e-04
5.649245605e+02,5.320830736e-03
5.651501465e+02,-2.084719017e-02
5.653757935e+02,8.657253347e-03
5.656013794e+02,-1.646404620e-03
5.658270264e+02,4.028784856e-02
5.660526733e+02,-2.473968267e-02
5.662783203e+02,-5.604317877e-03
5.665039673e+02,1.199367616e-04
5.667296753e+02,2.887204848e-02
5.669553223e+02,1.127405558e-02
5.671810303e+02,-1.270239335e-02
5.674067383e+02,2.533936687e-02
5.676324463e+02,-4.688437097e-03
5.678581543e+02,-1.773973741e-02
5.680839233e+02,3.848879784e-02
5.683096313e+02,-4.819277208e-03
5.685354004e+02,-1.306220330e-02
5.687611694e+02,-1.737992652e-02
5.689869385e+02,2.452161536e-02
5.692127686e+02,2.357302606e-02
5.694385376e+02,1.647494920e-02
5.696643677e+02,1.166657545e-03
5.698901978e+02,-9.529520757e-03
5.701160278e+02,-1.352014393e-02
5.703418579e+02,6.730633229e-02
5.705676880e+02,-2.140326053e-02
5.707935791e+02,5.517090857e-02
5.710194092e+02,-1.875374815e-03
5.712453003e+02,1.068527461e-03
5.714711914e+02,-1.423976477e-02
5.716970825e+02,-1.384724397e-02
5.719230347e+02,2.190481313e-02
5.721489258e+02,2.769448794e-02
5.723748779e+02,-2.693125419e-02
5.726008301e+02,-1.123044174e-02
5.728267822e+02,-1.319304341e-03
5.730527344e+02,3.855421767e-02
5.732786865e+02,3.031129017e-03
5.735046997e+02,-3.347326070e-03
5.737307129e+02,1.199367573e-03
5.739566650e+02,-3.085645847e-03
5.741826782e+02,-5.931417923e-03
5.744087524e+02,-7.632339257e-04
5.746347656e+02,1.097966544e-02
5.748608398e+02,-2.967889607e-02
5.750868530e+02,-7.043558639e-03
5.753129272e+02,-4.884697031e-03
5.755390015e+02,6.105871289e-04
5.757651367e+02,-3.936106339e-03
5.759912109e+02,-2.235185169e-02
5.762173462e+02,-1.580984564e-03
5.764434204e+02,5.647931248e-03
5.766695557e+02,-8.417380042e-03
5.768956909e+02,-2.012756839e-02
5.771218872e+02,6.563812029e-03
5.773480225e+02,-6.193098146e-03
5.775742188e+02,-1.060895156e-02
5.778003540e+02,-1.734721661e-02
5.780265503e+02,-5.408057477e-03
5.782527466e+02,2.618982643e-02
5.784790039e+02,1.130676549e-02
5.787052002e+02,-1.603881642e-02
5.789314575e+02,-8.286539465e-03
5.791577148e+02,-8.679060265e-03
5.793839111e+02,-2.366025234e-03
5.796102295e+02,-1.515564509e-02
5.798364868e+02,8.389031142e-02
5.800627441e+02,-8.286539814e-04
5.802890625e+02,-2.074906044e-02
5.805153809e+02,-3.151065903e-03
5.807416992e+02,5.026440602e-03
5.809680176e+02,-9.038870223e-03
5.811943359e+02,-1.237529330e-02
5.814207153e+02,6.269421428e-03
5.816470337e+02,5.468025804e-02
5.818734131e+02,2.344218455e-02
5.820997925e+02,-5.408057477e-03
5.823261719e+02,-1.587526500e-02
5.825526123e+02,6.007741205e-03
5.827789917e+02,-1.571171544e-02
5.830054321e+02,1.601700857e-02
5.832318726e+02,1.559177879e-03
5.834583130e+02,-6.520198658e-03
5.836847534e+02,-9.496810846e-03
5.839111938e+02,1.353104692e-02
5.841376953e+02,-1.688927598e-02
5.843641357e+02,2.769448794e-03
5.845906372e+02,1.860110089e-02
5.848171387e+02,-2.107615955e-02
5.850436401e+02,-2.483781241e-02
5.852702026e+02,2.278798493e-03
5.854967041e+02,2.295153402e-02
5.857232666e+02,-1.966962963e-02
5.859498291e+02,-1.613694592e-03
5.861763916e+02,-5.179087166e-03
5.864029541e+02,2.605898771e-03
5.866295166e+02,-1.155754202e-03
5.868561401e+02,-2.804339491e-02
5.870827026e+02,3.848879598e-03
5.873093262e+02,2.834868850e-03
5.875359497e+02,-2.879572660e-02
5.877625732e+02,-3.180504963e-02
5.879892578e+02,-3.380035923e-04
5.882158813e+02,-9.202420712e-03
5.884425659e+02,-7.992149331e-03
5.886692505e+02,7.250722498e-03
5.888959351e+02,2.681131847e-02
5.891226196e+02,-2.627705457e-03
5.893493652e+02,4.421305284e-02
5.895760498e+02,-6.585618481e-03
5.898027954e+02,3.963364661e-02
5.900295410e+02,-1.908084750e-02
5.902562866e+02,3.911028802e-02
5.904830322e+02,-9.006160311e-03
5.907097778e+02,2.998419106e-03
5.909365845e+02,-1.286594314e-03
5.911633911e+02,-2.189391106e-02
5.913901978e+02,-1.312762406e-02
5.916170044e+02,1.395627740e-03
5.918438110e+02,-1.168838236e-02
5.920706177e+02,-1.970233954e-02
5.922974854e+02,-2.594995312e-02
5.925242920e+02,4.431118071e-02
5.927511597e+02,-8.940740372e-04
5.929780273e+02,1.104508527e-02
5.932049561e+02,-1.679114648e-03
5.934318237e+02,2.756364830e-02
5.936587524e+02,1.657307893e-02
5.938856201e+02,2.049828181e-03
5.941125488e+02,-2.791255480e-03
5.943394775e+02,1.039088517e-02
5.945664673e+02,4.666630179e-03
5.947933960e+02,-2.725835424e-03
5.950203857e+02,-9.267840651e-04
5.952473145e+02,2.808700874e-02
5.954743042e+02,4.319904000e-02
5.957012939e+02,-1.718366705e-02
5.959283447e+02,-9.987461381e-03
5.961553345e+02,1.068527531e-02
5.963823853e+02,-5.179087166e-03
5.966093750e+02,-1.613694616e-02
5.968364258e+02,2.174126357e-02
5.970634766e+02,1.362917712e-03
5.972905884e+02,1.997492276e-02
5.975176392e+02,9.409584105e-03
5.977447510e+02,-2.624434419e-02
5.979718018e+02,2.036744170e-02
5.981989136e+02,-9.529520757e-03
5.984260254e+02,-1.597339660e-02
5.986531982e+02,-2.143597044e-02
5.988803101e+02,-1.270239335e-02
5.991074829e+02,-4.099656362e-03
5.993345947e+02,2.890475839e-02
5.995617676e+02,-2.676770464e-02
5.997889404e+02,1.061985455e-02
6.000161743e+02,3.561031446e-02
6.002433472e+02,-1.234258339e-02
6.004705811e+02,1.644223928e-02
6.006977539e+02,-1.080521196e-02
6.009249878e+02,1.883007213e-02
6.011522217e+02,-5.571607500e-03
6.013795166e+02,-1.329117361e-02
6.016067505e+02,1.281142700e-02
6.018340454e+02,-3.380035923e-04
6.020612793e+02,7.741372683e-04
6.022885742e+02,-1.103418227e-02
6.025158691e+02,8.362863213e-03
6.027432251e+02,8.951643482e-03
6.029705200e+02,2.115248330e-02
6.031978760e+02,7.316142321e-03
6.034251709e+02,3.034400009e-02
6.036525269e+02,4.143269907e-04
6.038798828e+02,-7.305238862e-03
6.041072998e+02,-1.427247468e-02
6.043346558e+02,1.107779518e-02
6.045620728e+02,8.264733478e-03
6.047894287e+02,-1.610423625e-02
6.050168457e+02,-1.123044174e-02
6.052442627e+02,2.386741526e-02
6.054717407e+02,-7.632339257e-04
6.056991577e+02,2.265714481e-02
6.059266357e+02,9.376874194e-03
6.061540527e+02,8.297443390e-03
6.063815308e+02,7.479692344e-03
6.066090698e+02,2.792345919e-02
6.068365479e+02,-1.064166147e-02
6.070640259e+02,3.567573428e-02
6.072915649e+02,6.563812029e-03
6.075191040e+02,7.041378319e-02
6.077465820e+02,-4.819277208e-03
6.079741821e+02,8.421741426e-02
6.082017212e+02,2.278798493e-03
6.084292603e+02,2.236275375e-02
6.086568604e+02,2.622253634e-02
6.088844604e+02,2.442348516e-03
6.091119995e+02,6.694652140e-03
6.093396606e+02,1.510112826e-02
6.095672607e+02,1.899362169e-02
6.097948608e+02,3.521779319e-03
6.100225220e+02,2.223191410e-02
6.102501831e+02,7.554925233e-02
6.104777832e+02,5.036253482e-02
6.107055054e+02,5.320830736e-03
6.109331665e+02,3.282996267e-02
6.111608276e+02,7.522215694e-02
6.113885498e+02,1.568990946e-02
6.116162720e+02,2.792345919e-02
6.118439331e+02,2.337676473e-02
6.120716553e+02,3.485798463e-02
6.122994385e+02,1.745625027e-02
6.125271606e+02,2.000763267e-02
6.127549438e+02,1.771793142e-02
6.129826660e+02,4.647004232e-02
6.132104492e+02,5.847462267e-02
6.134382324e+02,6.639044732e-02
6.136660767e+02,2.975521982e-02
6.138938599e+02,7.188573480e-02
6.141217041e+02,3.279725090e-02
6.143494873e+02,9.677806497e-02
6.145773315e+02,5.471296981e-02
6.148051758e+02,3.269912302e-02
6.150330811e+02,8.447909355e-02
6.152609253e+02,8.313798159e-02
6.154887695e+02,6.701193750e-02
6.157166748e+02,5.095131695e-02
6.159445801e+02,1.030583903e-01
6.161724854e+02,1.030583903e-01
6.164003906e+02,5.847462267e-02
6.166283569e+02,6.020825356e-02
6.168562622e+02,6.315215677e-02
6.170842285e+02,8.562394232e-02
6.173121948e+02,7.849315554e-02
6.175401611e+02,9.942757338e-02
6.177681274e+02,8.732486516e-02
6.179961548e+02,1.285722107e-01
6.182241211e+02,1.019462496e-01
6.184521484e+02,1.113994420e-01
6.186801758e+02,8.346508443e-02
6.189082031e+02,1.396936178e-01
6.191362305e+02,1.099929139e-01
6.193642578e+02,1.131984964e-01
6.195923462e+02,1.326282471e-01
6.198203735e+02,1.248105541e-01
6.200484619e+02,1.333478689e-01
6.202765503e+02,1.499318480e-01
6.205046997e+02,1.441421807e-01
6.207327881e+02,1.882025898e-01
6.209608765e+02,1.543804109e-01
6.211890259e+02,1.625252068e-01
6.214171753e+02,1.412636936e-01
6.216453247e+02,1.796325594e-01
6.218734741e+02,1.770811826e-01
6.221016846e+02,1.593196243e-01
6.223298340e+02,1.806465685e-01
6.225580444e+02,1.803848892e-01
6.227862549e+02,1.882680058e-01
6.230144653e+02,1.940576732e-01
6.232426758e+02,1.912119091e-01
6.234708862e+02,1.835577637e-01
6.236991577e+02,2.221882939e-01
6.239273682e+02,1.923240423e-01
6.241556396e+02,2.158425599e-01
6.243839111e+02,2.766177952e-01
6.246121826e+02,2.363190353e-01
6.248404541e+02,2.220901698e-01
6.250687866e+02,2.670010328e-01
6.252971191e+02,2.289592773e-01
6.255253906e+02,2.648748755e-01
6.257537231e+02,2.593141794e-01
6.259821167e+02,2.636646032e-01
6.262104492e+02,2.846971452e-01
6.264387817e+02,2.688328028e-01
6.266671753e+02,3.579348922e-01
6.268955688e+02,3.127950728e-01
6.271239624e+02,2.810336351e-01
6.273523560e+02,2.880008817e-01
6.275807495e+02,2.978465855e-01
6.278092041e+02,3.104842305e-01
6.280375977e+02,2.943577766e-01
6.282660522e+02,3.135947883e-01
6.284945068e+02,3.253634274e-01
6.287229614e+02,3.153947294e-01
6.289514160e+02,3.546306789e-01
6.291799316e+02,3.353013098e-01
6.294083862e+02,3.525424004e-01
6.296369019e+02,3.729746044e-01
6.298654175e+02,3.485527933e-01
6.300939331e+02,3.501827419e-01
6.303224487e+02,3.542025089e-01
6.305510254e+02,4.063487053e-01
6.307795410e+02,3.648053408e-01
6.310081177e+02,3.977274299e-01
6.312366943e+02,4.367512763e-01
6.314652710e+02,4.172250032e-01
6.316938477e+02,4.047094285e-01
6.319224854e+02,3.813357353e-01
6.321510620e+02,4.101816416e-01
6.323796997e+02,4.208019674e-01
6.326083374e+02,4.319556355e-01
6.328369751e+02,4.623457193e-01
6.330656128e+02,4.131628573e-01
6.332943115e+02,4.880209565e-01
6.335229492e+02,4.812655151e-01
6.337516479e+02,4.666191638e-01
6.339803467e+02,4.841140211e-01
6.342090454e+02,4.614507258e-01
6.344377441e+02,4.698463380e-01
6.346664429e+02,4.593003392e-01
6.348952026e+02,5.265443325e-01
6.351239624e+02,5.229681730e-01
6.353526611e+02,4.868949354e-01
6.355814819e+02,5.288401842e-01
6.358102417e+02,5.424363017e-01
6.360390015e+02,5.501243472e-01
6.362678223e+02,5.616257191e-01
6.364965820e+02,5.573496819e-01
6.367254028e+02,5.687349439e-01
6.369542236e+02,5.806757212e-01
6.371830444e+02,5.694321990e-01
6.374119263e+02,6.112298369e-01
6.376407471e+02,5.837674141e-01
6.378696289e+02,6.036884189e-01
6.380984497e+02,6.062217951e-01
6.383273315e+02,5.973487496e-01
6.385562744e+02,6.099842191e-01
6.387851562e+02,6.461033821e-01
6.390140381e+02,6.411264539e-01
6.392429810e+02,5.948058367e-01
6.394719238e+02,5.875322223e-01
6.397008667e+02,6.043125391e-01
6.399298096e+02,6.154643297e-01
6.401587524e+02,6.200530529e-01
6.403877563e+02,6.396577954e-01
6.406166992e+02,5.937992930e-01
6.408457031e+02,6.041076779e-01
6.410747070e+02,5.944816470e-01
6.413037109e+02,5.920968652e-01
6.415327148e+02,6.157229543e-01
6.417617798e+02,6.159825921e-01
6.419907837e+02,5.794863701e-01
6.422198486e+02,5.817307830e-01
6.424489136e+02,6.254003644e-01
6.426779785e+02,5.997064710e-01
6.429070435e+02,6.055201292e-01
6.431361694e+02,6.330420971e-01
6.433652344e+02,6.149767637e-01
6.435943604e+02,6.318692565e-01
6.438234863e+02,5.813878775e-01
6.440526123e+02,5.974338055e-01
6.442817383e+02,5.879729390e-01
6.445108643e+02,5.771052241e-01
6.447400513e+02,5.792179704e-01
6.449692383e+02,5.675922036e-01
6.451983643e+02,5.999252796e-01
6.454275513e+02,6.011313796e-01
6.456567993e+02,6.040040851e-01
6.458859863e+02,6.009323001e-01
6.461151733e+02,6.017115712e-01
6.463444214e+02,5.925167203e-01
6.465736694e+02,5.861044526e-01
6.468029175e+02,5.764773488e-01
6.470321655e+02,6.297140121e-01
6.472614136e+02,6.273497939e-01
6.474907227e+02,5.892789364e-01
6.477200317e+02,6.268192530e-01
6.479492798e+02,6.261832714e-01
6.481785889e+02,6.151511669e-01
6.484078979e+02,6.369231343e-01
6.486372681e+02,6.358416677e-01
6.488665771e+02,6.200042367e-01
6.490959473e+02,6.113089919e-01
6.493253174e+02,6.175716519e-01
6.495546265e+02,6.089462638e-01
6.497840576e+02,6.177009940e-01
6.500134277e+02,6.335730553e-01
6.502427979e+02,6.508653164e-01
6.504722290e+02,6.064087749e-01
6.507016602e+02,6.304791570e-01
6.509310303e+02,6.244643927e-01
6.511605225e+02,6.139680147e-01
6.513899536e+02,6.560418606e-01
6.516193848e+02,6.666043997e-01
6.518488770e+02,6.487595439e-01
6.520783081e+02,6.211341023e-01
6.523078003e+02,6.629932523e-01
6.525372925e+02,6.338330507e-01
6.527667847e+02,6.414443851e-01
6.529963379e+02,6.285198331e-01
6.532258301e+02,6.411414742e-01
6.534553833e+02,6.555517316e-01
6.536849365e+02,6.688082218e-01
6.539144897e+02,6.640366316e-01
6.541440430e+02,6.779312491e-01
6.543735962e+02,6.673331857e-01
6.546032104e+02,6.972212791e-01
6.548327637e+02,6.853845716e-01
6.550623779e+02,6.780278087e-01
6.552919922e+02,7.017982602e-01
6.555216064e+02,6.813673973e-01
6.557512817e+02,6.832180023e-01
6.559808960e+02,6.881235242e-01
6.562105713e+02,6.859038472e-01
6.564402466e+02,7.083632350e-01
6.566698608e+02,7.149110436e-01
6.568995972e+02,7.191567421e-01
6.571292725e+02,7.135989666e-01
6.573589478e+02,7.671811581e-01
6.575886841e+02,7.164718509e-01
6.578184204e+02,7.475082278e-01
6.580480957e+02,7.268373966e-01
6.582778931e+02,7.810511589e-01
6.585076294e+02,7.399318814e-01
6.587373657e+02,7.265356779e-01
6.589671631e+02,7.528485656e-01
6.591968994e+02,7.574713230e-01
6.594266968e+02,7.539207339e-01
6.596564941e+02,7.715997696e-01
6.598862915e+02,7.653103471e-01
6.601161499e+02,7.422056794e-01
6.603459473e+02,7.808641791e-01
6.605758057e+02,7.640953064e-01
6.608056641e+02,7.881698608e-01
6.610355225e+02,8.002071381e-01
6.612653809e+02,7.549365163e-01
6.614952393e+02,7.784876823e-01
6.617251587e+02,7.952025533e-01
6.619550171e+02,7.712587714e-01
6.621849365e+02,7.736465931e-01
6.624148560e+02,7.993239760e-01
6.626447754e+02,7.852913737e-01
6.628747559e+02,7.725672126e-01
6.631046753e+02,7.660579085e-01
6.633346558e+02,7.918661237e-01
6.635645752e+02,8.113285899e-01
6.637945557e+02,7.764596939e-01
6.640245361e+02,7.680532336e-01
6.642545776e+02,7.849969864e-01
6.644845581e+02,7.699176669e-01
6.647145386e+02,7.871231437e-01
6.649445801e+02,7.790110707e-01
6.651746216e+02,7.679877877e-01
6.654046631e+02,7.681513429e-01
6.656347046e+02,7.918006778e-01
6.658648071e+02,7.487869859e-01
6.660948486e+02,7.494412065e-01
6.663249512e+02,7.904595733e-01
6.665550537e+02,7.621327043e-01
6.667851562e+02,7.862072587e-01
6.670152588e+02,7.815951705e-01
6.672453613e+02,8.018426895e-01
6.674755249e+02,7.888240814e-01
6.677056274e+02,7.790110707e-01
6.679357910e+02,7.630485892e-01
6.681659546e+02,7.725344896e-01
6.683961182e+02,7.724690437e-01
6.686262817e+02,7.728615999e-01
6.688565063e+02,7.628850341e-01
6.690866699e+02,8.034781814e-01
6.693168945e+02,7.662868500e-01
6.695471191e+02,7.765905261e-01
6.697773438e+02,7.791419029e-01
6.700075684e+02,8.101510406e-01
6.702378540e+02,7.976557612e-01
6.704680786e+02,7.717821598e-01
6.706983643e+02,7.807120085e-01
6.709286499e+02,8.129313588e-01
6.711589355e+02,8.058332801e-01
6.713892212e+02,7.683476210e-01
6.716195679e+02,7.887586355e-01
6.718498535e+02,7.781606317e-01
6.720802002e+02,7.832306623e-01
6.723105469e+02,7.889221907e-01
6.725408936e+02,7.694597244e-01
6.727712402e+02,7.883661389e-01
6.730015869e+02,8.147304058e-01
6.732319336e+02,7.636046410e-01
6.734623413e+02,7.721746564e-01
6.736927490e+02,7.977539301e-01
6.739231567e+02,7.855530977e-01
6.741535645e+02,7.791091800e-01
6.743839722e+02,7.757400870e-01
6.746144409e+02,8.030202389e-01
6.748448486e+02,8.171836734e-01
6.750753174e+02,7.756091952e-01
6.753057861e+02,7.923567295e-01
6.755362549e+02,7.906231284e-01
6.757667236e+02,7.976557612e-01
6.759971924e+02,8.291555643e-01
6.762277222e+02,7.920296788e-01
6.764582520e+02,8.113285899e-01
6.766887817e+02,8.030529618e-01
6.769193115e+02,7.972632647e-01
6.771498413e+02,8.105435371e-01
6.773803711e+02,8.161696792e-01
6.776109619e+02,8.421413898e-01
6.778414917e+02,7.962819338e-01
6.780720825e+02,8.300060034e-01
6.783026733e+02,8.467535377e-01
6.785332642e+02,8.479310870e-01
6.787638550e+02,7.985389233e-01
6.789945068e+02,8.364498615e-01
6.792250977e+02,8.252957463e-01
6.794557495e+02,8.366134167e-01
6.796864014e+02,8.994820714e-01
6.799170532e+02,8.173145056e-01
6.801477051e+02,8.409638405e-01
6.803784180e+02,8.402115107e-01
6.806090698e+02,8.155154586e-01
6.808397827e+02,8.572534323e-01
6.810704956e+02,8.651692867e-01
6.813012085e+02,8.631412387e-01
6.815319214e+02,8.134220243e-01
6.817626343e+02,8.287630081e-01
6.819934082e+02,8.736084700e-01
6.822241821e+02,8.556833863e-01
6.824548950e+02,8.194406629e-01
6.826856689e+02,8.184920549e-01
6.829164429e+02,8.529357314e-01
6.831472778e+02,8.282396793e-01
6.833780518e+02,8.285013437e-01
6.836088867e+02,8.198331594e-01
6.838397217e+02,8.301695585e-01
6.840705566e+02,8.258191347e-01
6.843013916e+02,8.314452171e-01
6.845322266e+02,8.346180916e-01
6.847630615e+02,8.567301035e-01
6.849939575e+02,8.545385003e-01
6.852248535e+02,8.468516469e-01
6.854556885e+02,8.118519187e-01
6.856865845e+02,8.143379092e-01
6.859175415e+02,8.169220090e-01
6.861484375e+02,8.295153379e-01
6.863793335e+02,8.373657465e-01
6.866102905e+02,9.653927684e-01
6.868412476e+02,8.357629776e-01
6.870722046e+02,8.476366997e-01
6.873031616e+02,8.373657465e-01
6.875341187e+02,8.264732957e-01
6.877651367e+02,8.197350502e-01
6.879960938e+02,8.140435219e-01
6.882271118e+02,8.440058827e-01
6.884581299e+02,8.211088777e-01
6.886891479e+02,8.037071228e-01
6.889201660e+02,7.972632647e-01
6.891512451e+02,8.017772436e-01
6.893822632e+02,7.941231132e-01
6.896133423e+02,7.984735370e-01
6.898444214e+02,8.164313436e-01
6.900755005e+02,7.732213736e-01
6.903065796e+02,8.143379092e-01
6.905377197e+02,8.147958517e-01
6.907687988e+02,7.765250802e-01
6.909999390e+02,8.032164574e-01
6.912310181e+02,7.705064416e-01
6.914621582e+02,7.689363956e-01
6.916933594e+02,7.761653066e-01
6.919244995e+02,7.797961235e-01
6.921556396e+02,7.985389233e-01
6.923868408e+02,7.673662901e-01
6.926180420e+02,7.584364414e-01
6.928492432e+02,8.055716157e-01
6.930804443e+02,7.600392699e-01
6.933116455e+02,7.508804202e-01
6.935428467e+02,7.437169552e-01
6.937741089e+02,7.610859871e-01
6.940053711e+02,7.629831433e-01
6.942365723e+02,7.578476667e-01
6.944678345e+02,7.509785891e-01
6.946991577e+02,7.762306929e-01
6.949304199e+02,7.419506311e-01
6.951616821e+02,7.116938233e-01
6.953930054e+02,7.069181800e-01
6.956243286e+02,7.500954270e-01
6.958556519e+02,7.341002226e-01
6.960869751e+02,7.162732482e-01
6.963182983e+02,7.410674095e-01
6.965496826e+02,7.603990436e-01
6.967810059e+02,7.295862436e-01
6.970123901e+02,7.040396929e-01
6.972437744e+02,6.924930215e-01
6.974751587e+02,7.400861382e-01
6.977065430e+02,7.238292694e-01
6.979379272e+02,6.990677714e-01
6.981693726e+02,7.060022950e-01
6.984008179e+02,7.282450795e-01
6.986322021e+02,7.217358351e-01
6.988636475e+02,7.056751847e-01
6.990951538e+02,6.957967877e-01
6.993265991e+02,7.575205564e-01
6.995580444e+02,7.128713727e-01
6.997895508e+02,7.061331272e-01
7.000210571e+02,6.805865765e-01
7.002525635e+02,7.039088607e-01
7.004840698e+02,7.880390286e-01
7.007155762e+02,6.871613264e-01
7.009470825e+02,6.922968030e-01
7.011786499e+02,7.267731428e-01
7.014102173e+02,7.466935515e-01
7.016417847e+02,7.120209336e-01
7.018733521e+02,7.102873325e-01
7.021049194e+02,7.126751542e-01
7.023364868e+02,7.457449436e-01
7.025681152e+02,6.821894050e-01
7.027996826e+02,6.922640800e-01
7.030313110e+02,7.011612058e-01
7.032629395e+02,7.142124772e-01
7.034945679e+02,6.889603734e-01
7.037261963e+02,6.954042315e-01
7.039578857e+02,7.135255933e-01
7.041895142e+02,6.879790425e-01
7.044212036e+02,6.729651690e-01
7.046528931e+02,7.145395875e-01
7.048845825e+02,7.063621283e-01
7.051162720e+02,6.696614623e-01
7.053480225e+02,7.050209641e-01
7.055797119e+02,6.706754565e-01
7.058114624e+02,7.395954728e-01
7.060432129e+02,6.911192536e-01
7.062749634e+02,6.607970595e-01
7.065067139e+02,6.640025973e-01
7.067384644e+02,6.781006455e-01
7.069702759e+02,6.550073624e-01
7.072020264e+02,7.350814939e-01
7.074338379e+02,6.637409329e-01
7.076656494e+02,6.541895866e-01
7.078974609e+02,6.744698286e-01
7.081292725e+02,6.524887085e-01
7.083611450e+02,7.586981654e-01
7.085929565e+02,7.023387551e-01
7.088248291e+02,7.333805561e-01
7.090567017e+02,6.623017192e-01
7.092885742e+02,6.562503576e-01
7.095204468e+02,6.705446243e-01
7.097523193e+02,7.019789815e-01
7.099842529e+02,6.656708121e-01
7.102161255e+02,6.589980125e-01
7.104480591e+02,6.713624001e-01
7.106799927e+02,6.591615081e-01
7.109119263e+02,6.328299642e-01
7.111439209e+02,6.444420218e-01
7.113758545e+02,6.838902831e-01
7.116078491e+02,6.790819168e-01
7.118397827e+02,6.545821428e-01
7.120717773e+02,6.241945028e-01
7.123037720e+02,6.281524301e-01
7.125357666e+02,6.449326873e-01
7.127678223e+02,6.409747601e-01
7.129998169e+02,6.267132163e-01
7.132318726e+02,6.517036557e-01
7.134639282e+02,6.498391628e-01
7.136959839e+02,6.220029593e-01
7.139280396e+02,6.413672566e-01
7.141600952e+02,6.451616287e-01
7.143921509e+02,6.182085872e-01
7.146242676e+02,6.252084970e-01
7.148563843e+02,6.228861213e-01
7.150885010e+02,6.040451527e-01
7.153206177e+02,6.069236398e-01
7.155527344e+02,6.026058793e-01
7.157848511e+02,6.186338067e-01
7.160170288e+02,6.392738223e-01
7.162491455e+02,6.436896920e-01
7.164813232e+02,6.318813562e-01
7.167135010e+02,6.132366657e-01
7.169456787e+02,6.442457438e-01
7.171779175e+02,6.245870590e-01
7.174100952e+02,6.295589805e-01
7.176423340e+02,5.878863931e-01
7.178745117e+02,6.151992679e-01
7.181067505e+02,6.215777397e-01
7.183389893e+02,5.836668015e-01
7.185712891e+02,6.149048805e-01
7.188035278e+02,6.026058793e-01
7.190358276e+02,6.222319007e-01
7.192680664e+02,5.869050622e-01
7.195003662e+02,5.900452733e-01
7.197326660e+02,5.753257275e-01
7.199649658e+02,6.169328690e-01
7.201972656e+02,5.917461514e-01
7.204296265e+02,5.573351979e-01
7.206619873e+02,5.850406289e-01
7.208942871e+02,5.764706135e-01
7.211266479e+02,5.847789645e-01
7.213590088e+02,5.984190106e-01
7.215913696e+02,5.914190412e-01
7.218237915e+02,5.844518542e-01
7.220561523e+02,5.993021727e-01
7.222885742e+02,5.577931404e-01
7.225209961e+02,5.552417636e-01
7.227534180e+02,5.706154704e-01
7.229858398e+02,5.385269523e-01
7.232182617e+02,5.203728676e-01
7.234507446e+02,5.486016273e-01
7.236831665e+02,5.435969830e-01
7.239156494e+02,5.739191771e-01
7.241481323e+02,5.474240780e-01
7.243806152e+02,5.253447890e-01
7.246130981e+02,5.659379363e-01
7.248456421e+02,5.651529431e-01
7.250781250e+02,5.278962255e-01
7.253106689e+02,5.342092514e-01
7.255432129e+02,5.275691152e-01
7.257757568e+02,5.142888427e-01
7.260083008e+02,5.374475121e-01
7.262408447e+02,5.240691304e-01
7.264734497e+02,5.694051981e-01
7.267059937e+02,5.102654696e-01
7.269385986e+02,5.335550308e-01
7.271712036e+02,5.455595851e-01
7.274038086e+02,5.107561350e-01
7.276364136e+02,5.193588734e-01
7.278690796e+02,5.004851818e-01
7.281016846e+02,5.108543038e-01
7.283343506e+02,5.207981467e-01
7.285670166e+02,5.225317478e-01
7.287996826e+02,4.915880859e-01
7.290323486e+02,4.920787215e-01
7.292650146e+02,5.103309155e-01
7.294976807e+02,4.934198260e-01
7.297304077e+02,4.901161194e-01
7.299631348e+02,5.098729730e-01
7.301958618e+02,5.180832148e-01
7.304285889e+02,5.002562404e-01
7.306613159e+02,5.113122463e-01
7.308940430e+02,4.915880859e-01
7.311268311e+02,4.978683889e-01
7.313596191e+02,4.681349695e-01
7.315923462e+02,4.743826091e-01
7.318251343e+02,4.826255143e-01
7.320579834e+02,4.794853628e-01
7.322907715e+02,4.568500221e-01
7.325235596e+02,4.515182972e-01
7.327564087e+02,4.880226851e-01
7.329892578e+02,4.883824885e-01
7.332220459e+02,4.882189333e-01
7.334549561e+02,4.643733203e-01
7.336878052e+02,4.727143943e-01
7.339206543e+02,4.736956954e-01
7.341535645e+02,4.389249384e-01
7.343864136e+02,4.888077080e-01
7.346193237e+02,4.613313079e-01
7.348522339e+02,4.697704911e-01
7.350851440e+02,4.402006269e-01
7.353180542e+02,4.510276318e-01
7.355510254e+02,4.697050750e-01
7.357839355e+02,4.416725636e-01
7.360169067e+02,4.251867235e-01
7.362498779e+02,4.398735166e-01
7.364828491e+02,4.470043182e-01
7.367158203e+02,4.365698099e-01
7.369488525e+02,4.318595529e-01
7.371818237e+02,4.278035164e-01
7.374148560e+02,4.655181766e-01
7.376478882e+02,4.366025329e-01
7.378809204e+02,4.521724880e-01
7.381139526e+02,4.225699306e-01
7.383469849e+02,4.241072834e-01
7.385800171e+02,4.214250743e-01
7.388131104e+02,4.216540456e-01
7.390462036e+02,4.372240007e-01
7.392792358e+02,4.157335162e-01
7.395123291e+02,4.609387815e-01
7.397454834e+02,4.157662392e-01
7.399785767e+02,4.509949386e-01
7.402116699e+02,4.136400819e-01
7.404448242e+02,4.227007627e-01
7.406779785e+02,4.166821241e-01
7.409111328e+02,4.477239251e-01
7.411442871e+02,4.078176916e-01
7.413774414e+02,4.145886600e-01
7.416105957e+02,4.028130770e-01
7.418438110e+02,3.967617154e-01
7.420770264e+02,3.962710500e-01
7.423102417e+02,4.198222756e-01
7.425434570e+02,3.694815338e-01
7.427766724e+02,4.177288413e-01
7.430098877e+02,3.891075552e-01
7.432431030e+02,3.955187201e-01
7.434763794e+02,3.795235157e-01
7.437096558e+02,3.693180084e-01
7.439429321e+02,3.700048923e-01
7.441762085e+02,3.835795820e-01
7.444094849e+02,3.886169195e-01
7.446427612e+02,3.873085082e-01
7.448760986e+02,3.820094764e-01
7.451094360e+02,3.857057095e-01
7.453427124e+02,3.832851648e-01
7.455760498e+02,3.727525473e-01
7.458093872e+02,3.835795820e-01
7.460427856e+02,4.038924873e-01
7.462761230e+02,3.570190370e-01
7.465095215e+02,3.437387645e-01
7.467428589e+02,3.646404743e-01
7.469762573e+02,3.690563142e-01
7.472096558e+02,3.359210491e-01
7.474431152e+02,3.755328953e-01
7.476765137e+02,3.643133640e-01
7.479099121e+02,3.666030765e-01
7.481433716e+02,3.378509581e-01
7.483768311e+02,3.758926988e-01
7.486102905e+02,3.468134999e-01
7.488437500e+02,3.264024556e-01
7.490772095e+02,3.275800049e-01
7.493106689e+02,3.238183558e-01
7.495441895e+02,3.462574184e-01
7.497777100e+02,3.313416541e-01
7.500112305e+02,3.217576146e-01
7.502447510e+02,3.372948766e-01
7.504782715e+02,3.204165101e-01
7.507117920e+02,3.172436357e-01
7.509453125e+02,3.275472820e-01
7.511788940e+02,3.395845890e-01
7.514124756e+02,3.161969185e-01
7.516460571e+02,3.229678869e-01
7.518796387e+02,2.957204282e-01
7.521132202e+02,3.686310947e-01
7.523468018e+02,3.314397931e-01
7.525804443e+02,3.180941045e-01
7.528140259e+02,2.887204885e-01
7.530476685e+02,3.240473270e-01
7.532813110e+02,2.980428636e-01
7.535149536e+02,3.010848761e-01
7.537486572e+02,3.342528343e-01
7.539822998e+02,3.047484159e-01
7.542160034e+02,2.929073870e-01
7.544496460e+02,2.707299888e-01
7.546833496e+02,3.023932874e-01
7.549170532e+02,3.332715333e-01
7.551507568e+02,2.901924551e-01
7.553845215e+02,2.768467665e-01
7.556182251e+02,2.798233628e-01
7.558519897e+02,2.990241647e-01
7.560857544e+02,2.640898526e-01
7.563194580e+02,2.671318650e-01
7.565532837e+02,2.686692476e-01
7.567870483e+02,2.865943313e-01
7.570208130e+02,3.048465252e-01
7.572546387e+02,2.610805333e-01
7.574884033e+02,2.548656166e-01
7.577222290e+02,2.957204282e-01
7.579560547e+02,2.790056169e-01
7.581898804e+02,2.928419709e-01
7.584237671e+02,2.475712746e-01
7.586575928e+02,2.776645124e-01
7.588914795e+02,2.691598833e-01
7.591253052e+02,2.774682343e-01
7.593591919e+02,2.425993532e-01
7.595930786e+02,2.546693683e-01
7.598269653e+02,2.817532718e-01
7.600609131e+02,2.513002157e-01
7.602947998e+02,2.404077798e-01
7.605287476e+02,2.395573258e-01
7.607626953e+02,2.926784158e-01
7.609965820e+02,2.573515773e-01
7.612305908e+02,2.505478859e-01
7.614645386e+02,2.501226664e-01
7.616984863e+02,2.906176746e-01
7.619324951e+02,2.916316986e-01
7.621664429e+02,2.452815771e-01
7.624004517e+02,2.287303060e-01
7.626344604e+02,2.477348298e-01
7.628684692e+02,2.367442548e-01
7.631025391e+02,2.213378400e-01
7.633365479e+02,2.618982792e-01
7.635706177e+02,2.928092480e-01
7.638046265e+02,2.719729543e-01
7.640386963e+02,2.265060246e-01
7.642727661e+02,2.278798521e-01
7.645068359e+02,2.315760851e-01
7.647409668e+02,2.181322575e-01
7.649750366e+02,2.189827114e-01
7.652091675e+02,2.507768571e-01
7.654432983e+02,2.280106843e-01
7.656773682e+02,2.098239064e-01
7.659115601e+02,2.311835587e-01
7.661456909e+02,2.727907002e-01
7.663798218e+02,2.294499278e-01
7.666140137e+02,2.423376739e-01
7.668481445e+02,2.094968110e-01
7.670823364e+02,2.378891110e-01
7.673165283e+02,2.486834228e-01
7.675507202e+02,2.428610325e-01
7.677849731e+02,2.043286264e-01
7.680191650e+02,2.170855403e-01
7.682534180e+02,2.128659487e-01
7.684876099e+02,2.016136944e-01
7.687218628e+02,1.920623630e-01
7.689561157e+02,2.314125299e-01
7.691903687e+02,1.975576580e-01
7.694246826e+02,2.196369171e-01
7.696589355e+02,1.788475215e-01
7.698932495e+02,1.990296096e-01
7.701275024e+02,2.354358584e-01
7.703618164e+02,1.960529834e-01
7.705961304e+02,2.227770835e-01
7.708305054e+02,2.223518491e-01
7.710648193e+02,1.808428317e-01
7.712991333e+02,1.873521209e-01
7.715335083e+02,2.034127414e-01
7.717678833e+02,2.106089443e-01
7.720022583e+02,2.284032106e-01
7.722366333e+02,1.973286867e-01
7.724710083e+02,1.934034824e-01
7.727054443e+02,2.262770534e-01
7.729398193e+02,2.764869332e-01
7.731742554e+02,1.725017726e-01
7.734086914e+02,1.830998212e-01
7.736431274e+02,1.951698214e-01
7.738775635e+02,1.912446171e-01
7.741119995e+02,1.936651617e-01
7.743464966e+02,2.167911530e-01
7.745809326e+02,1.791419089e-01
7.748154297e+02,2.505806088e-01
7.750499268e+02,2.025295794e-01
7.752844238e+02,1.702447832e-01
7.755189209e+02,2.154827416e-01
7.757534180e+02,1.787166744e-01
7.759879761e+02,1.595158875e-01
7.762224731e+02,1.683475971e-01
7.764570312e+02,1.905904114e-01
7.766915894e+02,1.735484898e-01
7.769261475e+02,1.723382175e-01
7.771607056e+02,1.593523473e-01
7.773953247e+02,1.814316064e-01
7.776298828e+02,1.655999571e-01
7.778645020e+02,1.653382778e-01
7.780991211e+02,1.750531495e-01
7.783337402e+02,1.693616062e-01
7.785683594e+02,1.523851007e-01
7.788029785e+02,1.475767344e-01
7.790376587e+02,2.036744207e-01
7.792722778e+02,1.503897905e-01
7.795069580e+02,1.662868708e-01
7.797416382e+02,1.756419390e-01
7.799763184e+02,1.545766741e-01
7.802109985e+02,1.626887619e-01
7.804456787e+02,1.615439206e-01
7.806804199e+02,1.874175370e-01
7.809151001e+02,1.238619611e-01
7.811498413e+02,1.665485501e-01
7.813845825e+02,1.627214700e-01
7.816193237e+02,1.546421051e-01
7.818540649e+02,1.429319084e-01
7.820888062e+02,1.677261144e-01
7.823236084e+02,1.466935575e-01
7.825583496e+02,1.615766287e-01
7.827931519e+02,1.425393820e-01
7.830279541e+02,1.414926648e-01
7.832627563e+02,1.433898509e-01
7.834975586e+02,1.385160536e-01
7.837324219e+02,1.381889582e-01
7.839672241e+02,1.483944803e-01
7.842020874e+02,1.516000628e-01
7.844369507e+02,1.173526719e-01
7.846718140e+02,1.573897451e-01
7.849066772e+02,1.480673850e-01
7.851415405e+02,1.480019689e-01
7.853764648e+02,1.342310458e-01
7.856113281e+02,1.389085799e-01
7.858462524e+02,1.271329671e-01
7.860811768e+02,1.793708801e-01
7.863161011e+02,1.253666282e-01
7.865510254e+02,1.473804712e-01
7.867859497e+02,1.804830134e-01
7.870208740e+02,1.341329068e-01
7.872558594e+02,1.208853498e-01
7.874908447e+02,2.055716068e-01
7.877258301e+02,1.708008498e-01
7.879608154e+02,1.484598964e-01
7.881958008e+02,1.424739659e-01
7.884307861e+02,1.157498807e-01
7.886658325e+02,1.390394121e-01
7.889008179e+02,1.266750246e-01
7.891358643e+02,1.504552215e-01
7.893709106e+02,1.257918626e-01
7.896059570e+02,1.797633916e-01
7.898410034e+02,1.359646767e-01
7.900760498e+02,1.430300325e-01
7.903111572e+02,9.759581089e-02
7.905462646e+02,1.345581412e-01
7.907813110e+02,1.167965978e-01
7.910164185e+02,1.238292530e-01
7.912515259e+02,1.111050546e-01
7.914866943e+02,1.167965978e-01
7.917218018e+02,1.297497749e-01
7.919569702e+02,1.328572184e-01
7.921920776e+02,1.025677398e-01
7.924272461e+02,1.319740564e-01
7.926624146e+02,1.207218021e-01
7.928975830e+02,1.209180579e-01
7.931327515e+02,1.251703650e-01
7.933679810e+02,1.119228080e-01
7.936031494e+02,1.266423166e-01
7.938383789e+02,1.009322330e-01
7.940736084e+02,9.183885157e-02
7.943088379e+02,1.631139964e-01
7.945440674e+02,1.017826945e-01
7.947792969e+02,1.106471121e-01
7.950145874e+02,1.052172482e-01
7.952498169e+02,1.089134812e-01
7.954851074e+02,1.201657280e-01
7.957203979e+02,1.079976037e-01
7.959556885e+02,1.148012877e-01
7.961909790e+02,1.153246462e-01
7.964262695e+02,1.077686325e-01
7.966616211e+02,1.255628914e-01
7.968969116e+02,9.582947195e-02
7.971322632e+02,1.708662659e-01
7.973676147e+02,1.054789275e-01
7.976029663e+02,1.319413334e-01
7.978383179e+02,8.902578801e-02
7.980737305e+02,1.157498807e-01
7.983090820e+02,9.275472909e-02
7.985444946e+02,8.398844302e-02
7.987798462e+02,1.073761135e-01
7.990152588e+02,9.573134035e-02
7.992506714e+02,1.003107429e-01
7.994861450e+02,9.324537963e-02
7.997215576e+02,8.618001640e-02
7.999570312e+02,9.321267158e-02
8.001924438e+02,9.053044766e-02
8.004279175e+02,7.080630213e-02
8.006633911e+02,1.030583903e-01
8.008988647e+02,8.209126443e-02
8.011343384e+02,1.294880807e-01
8.013698730e+02,8.575478196e-02
8.016053467e+02,6.089516357e-02
8.018408813e+02,7.482963800e-02
8.020764160e+02,1.394646466e-01
8.023119507e+02,1.049228609e-01
8.025474854e+02,7.034835964e-02
8.027830200e+02,1.104835644e-01
8.030185547e+02,7.649784535e-02
8.032541504e+02,1.060350016e-01
8.034897461e+02,9.187155962e-02
8.037252808e+02,1.126424223e-01
8.039608765e+02,9.566592425e-02
8.041964722e+02,1.028294191e-01
8.044321289e+02,7.855857909e-02
8.046677246e+02,1.144741848e-01
8.049033813e+02,8.820803463e-02
8.051389771e+02,8.680150658e-02
8.053746338e+02,1.049228609e-01
8.056102905e+02,1.188573316e-01
8.058459473e+02,9.844627231e-02
8.060816650e+02,8.496974409e-02
8.063173218e+02,7.332497090e-02
8.065530396e+02,8.130621910e-02
8.067886963e+02,8.627814054e-02
8.070244141e+02,9.170801193e-02
8.072601318e+02,7.440440357e-02
8.074958496e+02,6.822220981e-02
8.077316284e+02,7.685765624e-02
8.079673462e+02,5.847462267e-02
8.082031250e+02,6.930164248e-02
8.084389038e+02,9.586217999e-02
8.086746216e+02,1.003761664e-01
8.089104004e+02,5.677369982e-02
8.091462402e+02,7.119882107e-02
8.093820190e+02,1.145723164e-01
8.096177979e+02,6.933435053e-02
8.098536377e+02,6.498391926e-02
8.100894775e+02,8.300714195e-02
8.103253174e+02,8.791364729e-02
8.105611572e+02,7.747914642e-02
8.107969971e+02,8.176416159e-02
8.110328369e+02,1.038434282e-01
8.112687378e+02,7.165676355e-02
8.115045776e+02,8.150248230e-02
8.117404785e+02,6.661941856e-02
8.119763794e+02,6.792782247e-02
8.122122803e+02,8.343236893e-02
8.124481812e+02,4.444202036e-02
8.126841431e+02,1.250395179e-01
8.129200439e+02,6.380635500e-02
8.131560059e+02,7.895109802e-02
8.133919678e+02,1.426048130e-01
8.136279297e+02,4.391866177e-02
8.138638916e+02,1.077686325e-01
8.140998535e+02,1.163059473e-01
8.143358154e+02,5.785313249e-02
8.145718384e+02,9.445565194e-02
8.148078003e+02,7.025022805e-02
8.150438232e+02,7.731559873e-02
8.152798462e+02,1.131330729e-01
8.155158691e+02,7.826418430e-02
8.157518921e+02,6.011012197e-02
8.159879761e+02,8.078286052e-02
8.162239990e+02,4.817096516e-02
8.164600830e+02,5.638118088e-02
8.166961670e+02,7.375020534e-02
8.169322510e+02,1.191190109e-01
8.171683350e+02,5.674099177e-02
8.174044189e+02,9.883879125e-02
8.176405029e+02,8.837158233e-02
8.178766479e+02,5.530174822e-02
8.181127930e+02,6.877828389e-02
8.183488770e+02,4.931581393e-02
8.185850220e+02,7.051191479e-02
8.188212280e+02,6.547456980e-02
8.190573730e+02,4.794199392e-02
8.192935181e+02,4.316633195e-02
8.195297241e+02,1.112686023e-01
8.197658691e+02,4.440931231e-02
8.200020752e+02,6.338112801e-02
8.202382812e+02,4.578313231e-02
8.204744873e+02,9.298370034e-02
8.207107544e+02,5.821294338e-02
8.209469604e+02,7.810063660e-02
8.211831665e+02,4.728779197e-02
8.214194336e+02,5.860546231e-02
8.216557007e+02,6.527830660e-02
8.218919678e+02,5.929237232e-02
8.221282349e+02,6.923621893e-02
8.223645020e+02,5.360082909e-02
8.226008301e+02,8.797906339e-02
8.228370972e+02,5.314288661e-02
8.230734253e+02,5.049337447e-02
8.233097534e+02,4.277380928e-02
8.235460815e+02,5.085318536e-02
8.237824097e+02,4.234857857e-02
8.240187378e+02,5.788584054e-02
8.242551270e+02,8.771738410e-02
8.244914551e+02,6.190917641e-02
8.247278442e+02,5.710080266e-02
8.249642334e+02,5.118028820e-02
8.252006226e+02,7.852587104e-02
8.254370117e+02,9.654909372e-02
8.256734009e+02,4.323175177e-02
8.259097900e+02,5.961947516e-02
8.261462402e+02,4.853077605e-02
8.263826904e+02,5.978302285e-02
8.266191406e+02,2.347489446e-02
8.268555908e+02,4.225045070e-02
8.270920410e+02,3.848879784e-02
8.273284912e+02,5.988115445e-02
8.275649414e+02,2.105435356e-02
8.278014526e+02,3.659161553e-02
8.280379639e+02,5.625034124e-02
8.282744751e+02,5.255410820e-02
8.285109863e+02,7.721746713e-02
8.287474976e+02,6.318486482e-02
8.289840088e+02,4.718966410e-02
8.292205200e+02,4.983917624e-02
8.294570923e+02,3.603554517e-02
8.296936646e+02,5.304475874e-02
8.299301758e+02,5.965218320e-02
8.301667480e+02,5.539987981e-02
8.304033813e+02,2.861036919e-02
8.306399536e+02,4.575042427e-02
8.308765259e+02,7.734830678e-02
8.311131592e+02,3.335332125e-02
8.313497925e+02,6.629231572e-02
8.315863647e+02,3.227389231e-02
8.318229980e+02,4.908684641e-02
8.320596924e+02,3.878318891e-02
8.322963257e+02,2.671318687e-02
8.325329590e+02,3.394210339e-02
8.327696533e+02,9.883879125e-02
8.330062866e+02,5.356811732e-02
8.332429810e+02,6.259608269e-02
8.334796753e+02,3.014774062e-02
8.337163696e+02,6.439513713e-02
8.339531250e+02,7.705391943e-02
8.341898193e+02,3.714768589e-02
8.344265747e+02,5.059150606e-02
8.346632690e+02,5.510548875e-02
8.349000244e+02,2.419451624e-02
8.351367798e+02,3.240473196e-02
8.353735352e+02,4.575042427e-02
8.356103516e+02,6.491849571e-02
8.358471069e+02,3.515237570e-02
8.360839233e+02,3.021316044e-02
8.363206787e+02,3.132530302e-02
8.365574951e+02,4.846535623e-02
8.367943115e+02,3.639535606e-02
8.370311279e+02,2.425993606e-02
8.372679443e+02,1.585345902e-02
8.375048218e+02,2.929727919e-02
8.377416382e+02,3.528321534e-02
8.379785156e+02,2.085809223e-02
8.382153931e+02,2.775990777e-02
8.384522705e+02,4.130185768e-02
8.386891479e+02,2.759635821e-02
8.389260254e+02,3.740936518e-02
8.391629639e+02,6.413345784e-02
8.393998413e+02,8.693234622e-02
8.396367798e+02,3.835795820e-02
8.398737183e+02,3.315706179e-02
8.401106567e+02,4.005887732e-02
8.403475952e+02,3.819440678e-02
8.405845337e+02,4.362427071e-02
8.408215332e+02,4.202147946e-02
8.410584717e+02,4.875974357e-02
8.412954712e+02,2.759635821e-02
8.415324707e+02,5.379708856e-02
8.417694702e+02,3.086736053e-02
8.420064697e+02,3.227389231e-02
8.422434692e+02,3.982990608e-02
8.424804688e+02,3.135801107e-02
8.427175293e+02,3.076923080e-02
8.429545288e+02,3.237202018e-02
8.431915894e+02,2.929727919e-02
8.434286499e+02,3.767104447e-02
8.436657104e+02,2.648421749e-02
8.439028320e+02,2.062912285e-02
8.441398926e+02,4.489996284e-02
8.443769531e+02,5.324101821e-02
8.446140747e+02,2.013847232e-02
8.448511963e+02,4.077849910e-02
8.450883179e+02,3.564302623e-02
8.453254395e+02,2.991876937e-02
8.455625610e+02,1.735812053e-02
8.457997437e+02,2.825055830e-02
8.460368652e+02,7.610532641e-02
8.462740479e+02,3.731123731e-02
8.465112305e+02,2.988605946e-02
8.467483521e+02,9.213323705e-03
8.469855957e+02,3.312435374e-02
8.472227783e+02,8.405385911e-02
8.474599609e+02,5.543259159e-02
8.476972046e+02,4.866161570e-02
8.479343872e+02,2.726925723e-02
8.481716309e+02,2.942811884e-02
8.484088745e+02,5.176906660e-02
8.486461182e+02,3.027858026e-02
8.488833618e+02,3.812898695e-02
8.491206665e+02,2.762906812e-02
8.493579102e+02,4.120372981e-02
8.495952148e+02,1.474131830e-02
8.498324585e+02,1.699830964e-02
8.500697632e+02,3.534863517e-02
8.503070679e+02,1.892820187e-02
8.505444336e+02,3.368042409e-02
8.507817383e+02,1.686747000e-02
8.510190430e+02,6.419887394e-02
8.512564087e+02,9.082484059e-03
8.514937744e+02,7.218012121e-03
8.517311401e+02,2.677860856e-02
8.519685059e+02,5.736248195e-02
8.522058716e+02,2.782532759e-02
8.524432373e+02,1.294226665e-02
8.526806641e+02,4.375511035e-02
8.529180298e+02,3.148885071e-02
8.531554565e+02,9.213323705e-03
8.533928833e+02,2.040015347e-02
8.536303101e+02,5.742790177e-02
8.538677368e+02,3.224118054e-02
8.541051636e+02,1.853568107e-02
8.543426514e+02,8.529684693e-02
8.545800781e+02,1.582074910e-02
8.548175659e+02,3.181594983e-02
8.550550537e+02,3.440004215e-02
8.552925415e+02,1.389085781e-02
8.555300293e+02,2.576459758e-02
8.557675171e+02,3.574115410e-02
8.560050659e+02,3.322248161e-02
8.562425537e+02,1.634410955e-02
8.564801025e+02,6.854931265e-02
8.567176514e+02,4.254484177e-02
8.569552002e+02,5.405876786e-02
8.571927490e+02,2.043286338e-02
8.574302979e+02,7.411001623e-02
8.576679077e+02,2.278798446e-02
8.579054565e+02,2.543749660e-02
8.581430664e+02,2.455432527e-02
8.583806763e+02,2.478329651e-02
8.586182861e+02,4.601210356e-02
8.588558960e+02,5.157280713e-03
8.590935059e+02,6.396991014e-02
8.593311157e+02,3.335332125e-02
8.595687866e+02,2.782532759e-02
8.598064575e+02,3.848879784e-02
8.600440674e+02,1.768521965e-02
8.602817383e+02,1.761979982e-02
8.605194092e+02,1.418524794e-02
8.607571411e+02,1.650765911e-02
8.609948120e+02,9.049774148e-03
8.612324829e+02,4.231587052e-02
8.614702148e+02,1.788148098e-02
8.617079468e+02,4.624107108e-02
8.619456787e+02,1.608242840e-02
8.621834106e+02,3.152156249e-02
8.624211426e+02,3.309164196e-02
8.626588745e+02,4.028784856e-02
8.628966675e+02,6.596521940e-03
8.631343994e+02,6.733904034e-02
8.633721924e+02,1.686747000e-02
8.636099854e+02,3.296080232e-02
8.638477783e+02,3.652619431e-03
8.640855713e+02,6.907267123e-02
8.643234253e+02,2.246088348e-02
8.645612183e+02,5.271765962e-02
8.647990723e+02,4.172708839e-02
8.650368652e+02,4.018971696e-02
8.652747192e+02,4.048410803e-02
8.655125732e+02,1.349833701e-02
8.657504272e+02,1.827400178e-02
8.659883423e+02,5.140925571e-02
8.662261963e+02,8.199312724e-03
8.664641113e+02,1.918988116e-02
8.667019653e+02,2.278798446e-02
8.669398804e+02,2.818513848e-02
8.671777954e+02,5.189990625e-03
8.674157104e+02,3.390939208e-03
8.676536865e+02,7.250722498e-03
8.678916016e+02,2.507768571e-02
8.681295776e+02,1.009649504e-02
8.683674927e+02,2.023660205e-02
8.686054688e+02,1.081611495e-02
8.688434448e+02,4.758218303e-02
8.690814209e+02,2.478329651e-02
8.693193970e+02,1.245161612e-02
8.695574341e+02,1.019462477e-02
8.697954102e+02,3.328790143e-02
8.700334473e+02,1.359646767e-02
8.702714844e+02,6.694652140e-03
8.705095215e+02,2.376928553e-02
8.707475586e+02,2.085809223e-02
8.709855957e+02,7.446982432e-03
8.712236328e+02,9.573134594e-03
8.714617310e+02,5.216158926e-02
8.716997681e+02,4.339530133e-03
8.719378662e+02,1.222264580e-02
8.721759644e+02,3.783459542e-03
8.724140625e+02,1.438150834e-02
8.726521606e+02,2.834868792e-04
8.728903198e+02,7.208199054e-02
8.731284180e+02,1.866652071e-02
8.733665771e+02,8.382489532e-02
8.736046753e+02,6.154936552e-02
8.738428345e+02,6.694652140e-03
8.740809937e+02,-2.562285401e-03
8.743191528e+02,3.044212982e-02
8.745573730e+02,2.157771401e-02
8.747955322e+02,2.157771401e-02
8.750337524e+02,1.683476008e-02
8.752719116e+02,1.294226665e-02
8.755101318e+02,1.971324161e-02
8.757483521e+02,5.713351071e-03
8.759865723e+02,-4.361336687e-05
8.762248535e+02,2.416180633e-02
8.764630737e+02,1.173199620e-02
8.767013550e+02,4.090933874e-02
8.769395752e+02,1.824129187e-02
8.771778564e+02,4.404950142e-02
8.774161377e+02,2.658234723e-02
8.776544189e+02,9.376873821e-02
8.778927002e+02,4.470370337e-02
8.781310425e+02,3.286267072e-02
8.783693237e+02,4.126914963e-02
8.786076660e+02,2.465245686e-02
8.788460083e+02,-1.090334172e-05
8.790842896e+02,2.589543723e-02
8.793226318e+02,1.274600625e-02
8.795610352e+02,2.507768571e-02
8.797993774e+02,2.533936687e-02
8.800377197e+02,2.187210321e-02
8.802761230e+02,2.615711652e-02
8.805145264e+02,-3.576296149e-03
8.807529297e+02,1.843755133e-02
8.809913330e+02,6.073161494e-03
8.812297363e+02,9.867524728e-03
8.814681396e+02,-3.249195870e-03
8.817066040e+02,2.180668343e-05
8.819450073e+02,1.814316027e-02
8.821834717e+02,3.018045053e-02
8.824219360e+02,3.979719710e-03
8.826604004e+02,-1.100147236e-02
8.828988647e+02,4.633920267e-03
8.831373291e+02,4.463827983e-02
8.833757935e+02,4.274109844e-03
8.836143188e+02,-2.235185122e-03
8.838528442e+02,3.623180464e-02
8.840913086e+02,9.998364374e-03
8.843298340e+02,1.411982812e-02
8.845683594e+02,1.235348638e-02
8.848069458e+02,3.364771232e-02
8.850454712e+02,1.294226665e-02
8.852839966e+02,1.647494920e-02
8.855225830e+02,-6.193098146e-03
8.857611694e+02,3.610096499e-02
8.859997559e+02,3.152156249e-02
8.862383423e+02,-6.454778370e-03
8.864769287e+02,9.147903882e-03
8.867155151e+02,5.860546231e-02
8.869541626e+02,3.247015178e-02
8.871927490e+02,4.925039411e-02
8.874313965e+02,6.171291694e-03
8.876700439e+02,3.322248161e-02
8.879086914e+02,2.311508404e-03
8.881473389e+02,1.611514017e-02
8.883859863e+02,3.328790143e-02
8.886246948e+02,6.027367339e-02
8.888633423e+02,3.750749677e-02
8.891020508e+02,1.199367573e-03
8.893407593e+02,2.435806580e-02
8.895794678e+02,7.325955480e-02
8.898181763e+02,2.730196714e-02
8.900568848e+02,-1.090334172e-05
8.902955933e+02,8.101182990e-03
8.905343628e+02,7.087172009e-03
8.907730713e+02,-2.496865345e-03
8.910118408e+02,2.236275375e-02
8.912506104e+02,3.116175160e-02
8.914893799e+02,1.480673812e-02
8.917281494e+02,2.321321517e-02
8.919669800e+02,1.461047796e-03
8.922057495e+02,1.166657545e-02
8.924445801e+02,4.110559821e-03
8.926833496e+02,3.436733410e-02
8.929221802e+02,2.547020651e-02
8.931610107e+02,1.225535665e-02
8.933998413e+02,4.938123375e-02
8.936387329e+02,9.115193971e-03
8.938775635e+02,1.876465045e-02
8.941164551e+02,-9.725781158e-03
8.943552856e+02,3.322248161e-02
8.945941772e+02,3.884860873e-02
8.948330688e+02,-1.711824723e-02
8.950719604e+02,1.650765911e-02
8.953108521e+02,3.338603303e-02
8.955498047e+02,4.241399840e-02
8.957886963e+02,-8.482799865e-03
8.960276489e+02,-5.473477766e-03
8.962666016e+02,3.924112767e-02
8.965055542e+02,1.918988116e-02
8.967445068e+02,3.619909519e-03
8.969834595e+02,1.035817433e-02
8.972224121e+02,3.963364661e-02
8.974614258e+02,9.703974240e-03
8.977003784e+02,2.111977339e-02
8.979393921e+02,2.180668293e-03
8.981784058e+02,3.567573428e-02
8.984174194e+02,2.004034258e-02
8.986564331e+02,5.353540648e-03
8.988954468e+02,-1.155754202e-03
8.991345215e+02,2.082538325e-03
8.993735352e+02,3.096549027e-02
8.996126099e+02,-5.015537143e-03
8.998516846e+02,1.474131830e-02
9.000907593e+02,4.378782213e-02
9.003298340e+02,2.219920419e-02
9.005689087e+02,-1.760889776e-02
9.008079834e+02,2.350760438e-02
9.010471191e+02,1.948427223e-02
9.012861938e+02,3.587199375e-02
9.015253296e+02,7.100256532e-02
9.017644653e+02,2.861036919e-02
9.020036011e+02,3.610096499e-02
9.022427368e+02,1.598429866e-02
9.024819336e+02,8.568936586e-02
9.027210693e+02,1.909175143e-02
9.029602661e+02,1.739083044e-02
9.031994019e+02,1.277871709e-02
9.034385986e+02,1.477402821e-02
9.036777954e+02,1.349833701e-02
9.039169922e+02,3.623180464e-02
9.041561890e+02,3.492340446e-02
9.043954468e+02,1.820858102e-03
9.046346436e+02,8.460992947e-03
9.048739014e+02,2.864307910e-02
9.051131592e+02,1.369459741e-02
9.053524170e+02,1.232077600e-03
9.055916748e+02,-1.257155277e-02
9.058309326e+02,1.886278158e-03
9.060701904e+02,-2.071634954e-04
9.063095093e+02,1.003107405e-03
9.065487671e+02,8.166602813e-03
9.067880859e+02,2.841410972e-02
9.070274048e+02,2.609169669e-02
9.072667236e+02,1.228806656e-02
9.075060425e+02,1.307310723e-02
9.077454224e+02,4.898871481e-02
9.079847412e+02,1.510112826e-02
9.082240601e+02,2.789074928e-02
9.084634399e+02,-2.496865345e-03
9.087028198e+02,5.010085553e-02
9.089421997e+02,1.078340504e-02
9.091815796e+02,3.963364661e-02
9.094209595e+02,-2.339857258e-02
9.096604004e+02,5.713351071e-03
9.098997803e+02,-4.328626674e-03
9.101392212e+02,-4.165076651e-03
9.103786011e+02,-1.348743401e-02
9.106180420e+02,3.685329482e-02
9.108574829e+02,2.291882411e-02
9.110969849e+02,-1.230987255e-02
9.113364258e+02,-1.162296254e-02
9.115758667e+02,-4.721147008e-03
9.118153687e+02,2.360573597e-02
9.120548706e+02,9.638554417e-03
9.122943115e+02,1.860110089e-02
9.125338135e+02,6.331570446e-02
9.127733765e+02,1.389085781e-02
9.130128784e+02,4.797470290e-03
9.132523804e+02,2.537207678e-02
9.134919434e+02,6.760071847e-04
9.137314453e+02,4.535790067e-03
9.139710083e+02,-2.163222991e-02
9.142105713e+02,1.483944803e-02
9.144501343e+02,1.863381080e-02
9.146896973e+02,1.045630500e-02
9.149293213e+02,-5.015537143e-03
9.151688843e+02,-3.609006060e-03
9.154085083e+02,9.017063305e-03
9.156480713e+02,1.091424562e-02
9.158876953e+02,3.325519385e-03
9.161273193e+02,-2.016027831e-02
9.163669434e+02,2.301695384e-02
9.166066284e+02,-2.660415368e-03
9.168462524e+02,2.344218548e-03
9.170858765e+02,-4.917407408e-03
9.173255615e+02,1.461047772e-02
9.175652466e+02,2.998419106e-03
9.178049316e+02,7.711933553e-02
9.180446167e+02,2.599356696e-02
9.182843018e+02,4.666630179e-02
9.185239868e+02,-2.594995312e-03
9.187637329e+02,3.783459542e-03
9.190034180e+02,-5.015537026e-04
9.192431641e+02,1.169928629e-02
9.194829102e+02,1.055443473e-02
9.197226562e+02,-2.137054922e-03
9.199624023e+02,-9.725781158e-03
9.202021484e+02,2.893747017e-02
9.204419556e+02,2.268985473e-02
9.206817017e+02,-9.464100935e-03
9.209215088e+02,1.536280848e-02
9.211613159e+02,2.435806580e-02
9.214011230e+02,1.147031598e-02
9.216409302e+02,6.073161494e-03
9.218807373e+02,8.264733478e-03
9.221205444e+02,9.802103974e-03
9.223604126e+02,3.204492107e-02
9.226002197e+02,-2.071634866e-03
9.228400879e+02,-5.767867900e-03
9.230799561e+02,2.128332295e-02
9.233198242e+02,1.951698214e-03
9.235596924e+02,1.411982812e-02
9.237995605e+02,-1.283323299e-02
9.240394897e+02,2.017118270e-03
9.242793579e+02,-5.865998100e-03
9.245192871e+02,1.883007213e-02
9.247592163e+02,-2.987515647e-03
9.249991455e+02,7.054462098e-03
9.252390747e+02,1.410347223e-01
9.254790039e+02,2.504497580e-02
9.257189331e+02,-3.576296149e-03
9.259589233e+02,-4.295916762e-03
9.261988525e+02,2.736738883e-03
9.264388428e+02,-7.992149331e-03
9.266788330e+02,-2.987515647e-03
9.269188232e+02,1.012920495e-02
9.271588135e+02,1.382543705e-02
9.273988037e+02,2.075996250e-02
9.276388550e+02,-2.392193116e-02
9.278788452e+02,2.968979999e-02
9.281188965e+02,2.900288999e-02
9.283589478e+02,1.245161612e-02
9.285989990e+02,4.954478517e-02
9.288390503e+02,2.802158939e-03
9.290791016e+02,1.968053170e-02
9.293191528e+02,2.140434980e-01
9.295592651e+02,2.573188627e-03
9.297993164e+02,2.795616910e-02
9.300394287e+02,1.788148098e-02
9.302795410e+02,-1.580984564e-03
9.305196533e+02,-3.739846172e-03
9.307597656e+02,5.124570453e-04
9.309998779e+02,2.020389214e-02
9.312400513e+02,-2.915553562e-02
9.314801636e+02,6.204001606e-03
9.317203369e+02,2.475058660e-03
9.319605103e+02,2.412909642e-02
9.322006836e+02,9.082484059e-03
9.324408569e+02,2.013847232e-02
9.326810303e+02,5.150738731e-02
9.329212036e+02,-8.548219688e-03
9.331614380e+02,2.743280865e-02
9.334016113e+02,1.552635897e-02
9.336418457e+02,1.840484142e-02
9.338820801e+02,-1.505751535e-02
9.341223145e+02,8.035763167e-03
9.343625488e+02,-3.674426116e-03
9.346027832e+02,3.358229296e-03
9.348430176e+02,1.297497656e-03
9.350833130e+02,3.194679320e-02
9.353236084e+02,3.377855197e-02
9.355638428e+02,7.577822544e-03
9.358041382e+02,-4.557596985e-03
9.360444336e+02,-1.181922294e-02
9.362847290e+02,2.246088348e-02
9.365250854e+02,2.553562634e-02
9.367653809e+02,-7.272528950e-03
9.370057373e+02,1.801232062e-02
9.372460327e+02,-7.632339257e-04
9.374863892e+02,2.013847232e-02
9.377267456e+02,8.068472962e-04
9.379671021e+02,8.886223659e-03
9.382075195e+02,2.838139981e-02
9.384478760e+02,2.082538325e-03
9.386882324e+02,-5.244507454e-03
9.389286499e+02,-9.071580134e-03
9.391690674e+02,2.210107446e-02
9.394094849e+02,2.128332295e-02
9.396499023e+02,2.599356696e-02
9.398903198e+02,1.578803919e-02
9.401307373e+02,4.545603320e-02
9.403712158e+02,-4.263206851e-03
9.406116333e+02,1.474131830e-02
9.408521118e+02,-1.616965607e-02
9.410925903e+02,1.330207684e-03
9.413330078e+02,3.299351409e-02
9.415735474e+02,-2.758545568e-03
9.418140259e+02,1.268058643e-02
9.420545044e+02,-1.352014369e-03
9.422950439e+02,3.518508375e-02
9.425355225e+02,5.746060982e-03
9.427760620e+02,-1.613694616e-02
9.430166016e+02,1.676934026e-02
9.432571411e+02,1.948427223e-02
9.434976807e+02,-4.557596985e-03
9.437382202e+02,-1.489396486e-02
9.439787598e+02,1.634410955e-02
9.442193604e+02,-5.865998100e-03
9.444599609e+02,2.278798493e-03
9.447005005e+02,3.194679273e-03
9.449411011e+02,7.087172125e-04
9.451817017e+02,6.792781875e-03
9.454223022e+02,-8.940740488e-03
9.456629639e+02,1.022733469e-02
9.459035645e+02,1.297497656e-03
9.461442261e+02,8.526413701e-03
9.463848267e+02,-1.136128232e-02
9.466254883e+02,8.984353393e-03
9.468661499e+02,6.096058339e-02
9.471068115e+02,1.166657545e-02
9.473475342e+02,5.615220871e-03
9.475881958e+02,-1.571171544e-02
9.478288574e+02,1.918988186e-03
9.480695801e+02,-1.221174281e-02
9.483103027e+02,-1.744534675e-04
9.485510254e+02,2.762906812e-02
9.487917480e+02,2.654963732e-02
9.490324707e+02,1.905904151e-02
9.492731934e+02,-1.528648566e-02
9.495139160e+02,9.344164282e-03
9.497546997e+02,1.863381080e-02
9.499954834e+02,4.077849910e-03
9.502362061e+02,4.300278053e-02
9.504769897e+02,1.853568130e-03
9.507177734e+02,2.756364830e-02
9.509585571e+02,2.795616910e-02
9.511994019e+02,9.246033616e-03
9.514401855e+02,2.226462401e-02
9.516810303e+02,2.177397348e-02
9.519218140e+02,2.236275375e-02
9.521626587e+02,-9.365970269e-03
9.524035034e+02,6.563812029e-03
9.526443481e+02,5.255410820e-02
9.528852539e+02,3.652619431e-03
9.531260986e+02,-2.084719017e-02
9.533669434e+02,-1.057624118e-03
9.536078491e+02,1.075069513e-02
9.538487549e+02,3.220847249e-02
9.540896606e+02,-2.388922125e-02
9.543305664e+02,1.009649504e-02
9.545714722e+02,-4.786567297e-03
9.548123779e+02,3.139072284e-02
9.550532837e+02,1.176470611e-02
9.552942505e+02,-1.257155277e-02
9.555352173e+02,2.910101973e-02
9.557761230e+02,2.818513848e-02
9.560170898e+02,-1.580984564e-03
9.562580566e+02,-1.293136366e-02
9.564990845e+02,-1.090334172e-05
9.567400513e+02,2.645150758e-02
9.569810181e+02,1.667121053e-02
9.572220459e+02,-2.222101018e-02
9.574630737e+02,6.760071847e-04
9.577040405e+02,6.400261540e-03
9.579450684e+02,2.641879767e-02
9.581860962e+02,-1.734721661e-02
9.584271851e+02,2.965708962e-03
9.586682129e+02,1.618055999e-02
9.589092407e+02,2.946083061e-02
9.591503296e+02,4.470370244e-03
9.593914185e+02,1.640952937e-02
9.596325073e+02,5.664286017e-02
9.598735962e+02,-2.496865345e-03
9.601146851e+02,-8.253829554e-03
9.603557739e+02,1.340020727e-02
9.605968628e+02,1.451234799e-02
9.608380127e+02,9.344164282e-03
9.610791626e+02,-1.070708130e-02
9.613202515e+02,1.817587018e-02
9.615614014e+02,-4.197786562e-03
9.618025513e+02,-7.370659150e-03
9.620437012e+02,-9.758491069e-03
9.622849121e+02,4.516164213e-02
9.625260620e+02,1.729270071e-02
9.627672729e+02,-5.473477766e-03
9.630084229e+02,-1.368369441e-02
9.632496338e+02,1.163386554e-02
9.634908447e+02,1.526467822e-04
9.637320557e+02,-1.649675705e-02
9.639732666e+02,-1.090334146e-03
9.642145386e+02,1.035817433e-02
9.644557495e+02,4.640462250e-02
9.646970215e+02,8.755383082e-03
9.649382324e+02,-8.090279996e-03
9.651795044e+02,9.278743528e-03
9.654207764e+02,2.318050526e-02
9.656620483e+02,4.764760379e-03
9.659033203e+02,-1.240800321e-02
9.661446533e+02,2.805429883e-02
9.663859253e+02,3.816169628e-04
9.666272583e+02,-1.607152633e-02
9.668685913e+02,6.760071847e-04
9.671099243e+02,3.750749631e-03
9.673512573e+02,1.464318857e-02
9.675925903e+02,4.993730690e-03
9.678339233e+02,-6.880008616e-03
9.680752563e+02,2.932998911e-02
9.683166504e+02,2.403096482e-02
9.685579834e+02,3.816169628e-04
9.687993774e+02,1.840484142e-02
9.690407715e+02,-2.693125512e-03
9.692821655e+02,-3.772556316e-03
9.695235596e+02,1.703101955e-02
9.697650146e+02,1.160115562e-02
9.700064087e+02,-2.464155201e-03
9.702478638e+02,1.133947540e-02
9.704892578e+02,-1.204819232e-02
9.707307129e+02,-1.770702749e-02
9.709721680e+02,1.902633160e-02
9.712136230e+02,4.830180667e-03
9.714550781e+02,-3.314615926e-03
9.716965942e+02,-3.805266228e-03
9.719380493e+02,5.088589713e-02
9.721795654e+02,-2.725835424e-03
9.724210205e+02,-1.545003522e-02
9.726625366e+02,1.804503053e-02
9.729040527e+02,-6.291228347e-03
9.731455688e+02,1.109087914e-01
9.733870850e+02,-1.450144453e-03
9.736286621e+02,-1.842664741e-02
9.738701782e+02,1.624597982e-02
9.741117554e+02,8.330153301e-03
9.743533325e+02,6.040451583e-03
9.745948486e+02,-2.091260999e-02
9.748364258e+02,1.483944803e-02
9.750780029e+02,-3.281906014e-03
9.753196411e+02,-1.329117361e-02
9.755612183e+02,-1.057624165e-02
9.758028564e+02,8.330153301e-03
9.760444336e+02,2.285340428e-02
9.762860718e+02,-1.561358571e-02
9.765277100e+02,5.811481178e-02
9.767693481e+02,6.432971917e-03
9.770109863e+02,3.371313214e-02
9.772526245e+02,-1.587526500e-02
9.774943237e+02,-4.688437039e-04
9.777359619e+02,4.862890579e-03
9.779776611e+02,9.900234640e-03
9.782193604e+02,-1.142670214e-02
9.784610596e+02,2.726925723e-02
9.787027588e+02,-8.351960219e-03
9.789444580e+02,7.348852232e-03
9.791861572e+02,-1.796870679e-02
9.794278564e+02,-1.011830103e-02
9.796696167e+02,3.688600659e-02
9.799113770e+02,2.841410972e-02
9.801530762e+02,-1.548274537e-03
9.803948364e+02,1.166657545e-03
9.806365967e+02,1.840484142e-02
9.808784180e+02,1.212451607e-02
9.811201782e+02,6.432971568e-04
9.813619385e+02,1.133947517e-03
9.816037598e+02,1.918988186e-03
9.818455811e+02,-8.155699819e-03
9.820873413e+02,-1.384724397e-02
9.823291626e+02,3.243744373e-02
9.825709839e+02,2.049828181e-03
9.828128662e+02,2.501226589e-02
9.830546875e+02,-1.008559112e-02
9.832965088e+02,1.814316027e-02
9.835383911e+02,2.789074928e-02
9.837802734e+02,-8.253829554e-03
9.840221558e+02,-2.408548258e-02
9.842639771e+02,-1.473041531e-02
9.845059204e+02,4.535790067e-03
9.847478027e+02,3.390939208e-03
9.849896851e+02,4.143269907e-04
9.852316284e+02,-2.336586080e-02
9.854735107e+02,1.539551839e-02
9.857154541e+02,5.716622248e-02
9.859573975e+02,-1.227716263e-02
9.861993408e+02,1.526467851e-03
9.864412842e+02,9.147903882e-03
9.866832275e+02,8.232023567e-03
9.869251709e+02,-5.604317877e-03
9.871671753e+02,-1.100147236e-02
9.874091797e+02,2.511039563e-02
9.876511230e+02,5.876901094e-03
9.878931274e+02,-7.207109127e-03
9.881351318e+02,-2.120699920e-02
9.883771362e+02,1.268058643e-02
9.886192017e+02,9.703974240e-03
9.888612061e+02,-1.057624118e-03
9.891032104e+02,4.143269907e-04
9.893452759e+02,5.713351071e-03
9.895873413e+02,3.947009798e-03
9.898294067e+02,2.475058660e-03
9.900714722e+02,4.045139998e-03
9.903135376e+02,2.259172499e-02
9.905556030e+02,-1.155754202e-03
9.907977295e+02,-2.398735145e-03
9.910397949e+02,2.131603286e-02
9.912819214e+02,2.020389214e-02
9.915239868e+02,-1.319304341e-03
9.917661133e+02,-2.251540124e-02
9.920082397e+02,8.559123613e-03
9.922504272e+02,1.608242840e-02
9.924925537e+02,-2.627705457e-03
9.927346802e+02,-1.571171544e-02
9.929768677e+02,-2.267895034e-03
9.932189941e+02,4.895600490e-03
9.934611816e+02,3.031129017e-03
9.937033691e+02,-1.293136366e-02
9.939455566e+02,3.119446151e-02
9.941877441e+02,1.843755133e-02
9.944299927e+02,1.896091178e-02
9.946721802e+02,-5.669737700e-03
9.949143677e+02,1.323665679e-02
9.951566162e+02,3.161969071e-04
9.953988647e+02,2.762906812e-02
9.956411133e+02,-1.829580776e-02
9.958833618e+02,8.918933570e-03
9.961256104e+02,6.629231852e-03
9.963678589e+02,-1.191735268e-02
9.966101685e+02,-1.319304341e-03
9.968524170e+02,9.932944551e-03
9.970947266e+02,2.733467892e-02
9.973370361e+02,1.758708991e-02
9.975793457e+02,-6.454778370e-03
9.978216553e+02,4.244671017e-02
9.980639648e+02,1.827400178e-02
9.983062744e+02,-1.888458803e-02
9.985486450e+02,-1.535190549e-02
9.987909546e+02,-2.725835366e-04
9.990333252e+02,-2.398735145e-03
9.992756958e+02,-1.823038794e-02
9.995180664e+02,-2.016027831e-02
9.997604370e+02,5.791855231e-02
1.000002808e+03,-6.062258035e-03
1.000245178e+03,-1.090334170e-02
1.000487610e+03,1.624597935e-03
1.000729980e+03,1.503570843e-02
1.000972412e+03,2.605898678e-02
1.001214844e+03,-2.140326053e-02
1.001457275e+03,-9.791200981e-03
1.001699707e+03,3.161969071e-04
1.001942139e+03,1.984408125e-03
1.002184570e+03,-5.538897589e-03
1.002427063e+03,-6.978138816e-03
1.002669495e+03,1.075069513e-02
1.002911987e+03,4.797470465e-04
1.003154480e+03,1.526467851e-03
1.003396973e+03,3.456359264e-03
1.003639465e+03,3.243744373e-02
1.003881958e+03,6.236711517e-03
1.004124451e+03,3.489069408e-03
1.004367004e+03,-1.875374815e-03
1.004609497e+03,2.425993606e-02
1.004852051e+03,-7.076269016e-03
1.005094604e+03,-1.518835500e-02
1.005337158e+03,-5.538897589e-03
1.005579712e+03,-8.024859242e-03
1.005822266e+03,8.624543436e-03
1.006064819e+03,1.755438047e-03
1.006307434e+03,1.487215795e-02
1.006549988e+03,2.733467892e-02
1.006792603e+03,1.565719955e-02
1.007035217e+03,1.081611495e-02
1.007277832e+03,-1.162296254e-02
1.007520447e+03,3.384397179e-02
1.007763062e+03,3.325519338e-02
1.008005676e+03,-7.697759196e-03
1.008248352e+03,-1.852477714e-02
1.008490967e+03,6.236711517e-03
1.008733643e+03,6.105871289e-04
1.008976318e+03,-6.651038770e-03
1.009218994e+03,2.553562634e-02
1.009461670e+03,1.474131830e-02
1.009704346e+03,3.783459589e-02
1.009947021e+03,2.049828181e-03
1.010189758e+03,5.118028820e-02
1.010432434e+03,6.531101651e-03
1.010675171e+03,4.797470290e-03
1.010917908e+03,-5.473477766e-03
1.011160645e+03,-2.097802982e-02
1.011403381e+03,8.297443390e-03
1.011646118e+03,-6.389358547e-03
1.011888855e+03,-1.139399223e-02
1.012131653e+03,-1.679114648e-03
1.012374390e+03,1.778335124e-02
1.012617188e+03,1.241890620e-02
1.012859985e+03,-1.309491321e-02
1.013102783e+03,-2.889385680e-03
1.013345581e+03,2.524123713e-02
1.013588379e+03,9.736684151e-03
1.013831177e+03,3.423649352e-03
1.014074036e+03,1.212451607e-02
1.014316833e+03,1.232077600e-03
1.014559692e+03,5.975031294e-03
1.014802551e+03,2.157771401e-02
1.015045349e+03,-1.090334170e-02
1.015288269e+03,1.761979982e-02
1.015531128e+03,1.454505790e-02
1.015773987e+03,-1.011503041e-01
1.016016846e+03,-1.034072936e-01
1.016259766e+03,-1.021316051e-01
1.016502686e+03,-1.024259925e-01
1.016745544e+03,-1.046829820e-01
1.016988464e+03,-1.029166430e-01
