1.933779755e+02,-4.178238742e-04
1.935834351e+02,-1.549225394e-02
1.937889099e+02,5.382554606e-03
1.939943848e+02,-1.631151699e-02
1.941998901e+02,1.548406086e-03
1.944053955e+02,-2.810070291e-03
1.946109161e+02,1.029812917e-02
1.948164520e+02,2.203816082e-03
1.950220032e+02,1.531201601e-02
1.952275696e+02,-1.677030325e-02
1.954331360e+02,2.216104977e-02
1.956387177e+02,3.451552987e-02
1.958443298e+02,2.134178765e-02
1.960499420e+02,-3.432709957e-03
1.962555695e+02,1.396842580e-02
1.964611969e+02,2.357018180e-02
1.966668549e+02,5.349784158e-03
1.968725128e+02,2.461883798e-02
1.970782013e+02,4.399439786e-03
1.972838898e+02,3.277869150e-02
1.974895935e+02,1.826136187e-02
1.976953125e+02,1.377180219e-02
1.979010315e+02,-1.329663023e-02
1.981067810e+02,-3.301627934e-03
1.983125305e+02,1.383734401e-02
1.985182953e+02,-5.661103874e-03
1.987240906e+02,-2.482365351e-03
1.989298706e+02,-7.823957130e-03
1.991356812e+02,-6.971924100e-03
1.993415070e+02,-3.367168829e-03
1.995473328e+02,-1.857268065e-02
1.997531891e+02,-1.228074450e-02
1.999590454e+02,-9.298629127e-03
2.001649170e+02,5.710259546e-03
2.003708038e+02,-1.506623719e-02
2.005766907e+02,3.795643151e-02
2.007826080e+02,2.026036195e-02
2.009885254e+02,-2.416824456e-03
2.011944733e+02,-2.056348836e-03
2.014004211e+02,4.137275741e-03
2.016063843e+02,-3.662103321e-03
2.018123627e+02,-2.063722163e-02
2.020183411e+02,-7.135776337e-03
2.022243500e+02,2.789588831e-02
2.024303589e+02,-5.734837396e-05
2.026363831e+02,2.704385482e-02
2.028424225e+02,3.140233085e-02
2.030484772e+02,1.364072040e-02
2.032545471e+02,8.770205081e-02
2.034606171e+02,1.286242157e-03
2.036667175e+02,7.938653231e-03
2.038728180e+02,8.299129084e-03
2.040789337e+02,2.393065766e-02
2.042850647e+02,3.088619560e-03
2.044912109e+02,-4.677989054e-03
2.046973724e+02,-9.462482296e-03
2.049035339e+02,-9.069235995e-03
2.051097107e+02,2.003096789e-02
2.053159180e+02,7.275870442e-02
2.055221252e+02,7.131680101e-02
2.057283478e+02,-8.020579815e-03
2.059345703e+02,6.308321026e-04
2.061408234e+02,-1.480407361e-02
2.063470764e+02,8.692375384e-03
2.065533600e+02,-2.842840971e-03
2.067596436e+02,-9.528023191e-03
2.069659424e+02,1.527924556e-02
2.071722412e+02,1.006873604e-02
2.073785706e+02,2.737155929e-02
2.075848999e+02,-9.331399575e-03
2.077912598e+02,-1.801558211e-02
2.079976196e+02,1.678668894e-02
2.082039948e+02,-2.023578389e-03
2.084103851e+02,2.793685067e-03
2.086167908e+02,1.409950759e-02
2.088231964e+02,5.325206439e-04
2.090296173e+02,-2.057168074e-02
2.092360687e+02,9.675489739e-03
2.094425201e+02,-3.891496919e-03
2.096489868e+02,3.088619560e-03
2.098554535e+02,4.224936664e-02
2.100619507e+02,4.923767410e-03
2.102684479e+02,-1.477130316e-02
2.104749756e+02,8.266358636e-03
2.106815033e+02,1.115016267e-02
2.108880463e+02,1.190388389e-02
2.110946045e+02,2.438944392e-02
2.113011627e+02,-1.499250415e-03
2.115077515e+02,-5.038464442e-03
2.117143402e+02,4.530521575e-03
2.119209442e+02,-2.285742434e-03
2.121275635e+02,7.512636948e-03
2.123341980e+02,4.123347998e-02
2.125408478e+02,9.315014817e-03
2.127475128e+02,5.874112248e-03
2.129541779e+02,1.534478646e-02
2.131608582e+02,-8.282744326e-03
2.133675537e+02,-5.759415217e-03
2.135742645e+02,1.777799567e-03
2.137809906e+02,-1.585272886e-02
2.139877319e+02,-8.577678353e-03
2.141944733e+02,2.085023001e-02
2.144012299e+02,-1.873653382e-02
2.146080017e+02,-2.547906479e-03
2.148147888e+02,-1.473853271e-02
2.150215912e+02,-8.708760142e-03
2.152284088e+02,-1.657368056e-02
2.154352264e+02,1.712258672e-03
2.156420746e+02,4.759915173e-03
2.158489227e+02,-2.021120675e-02
2.160557861e+02,-5.824956577e-03
2.162626648e+02,5.906882696e-03
2.164695435e+02,2.848575637e-02
2.166764526e+02,1.295254007e-02
2.168833618e+02,-6.250972860e-03
2.170902863e+02,-7.070235442e-03
2.172972412e+02,3.474492207e-02
2.175041809e+02,2.379957587e-02
2.177111511e+02,4.847576097e-02
2.179181366e+02,-5.366169382e-03
2.181251221e+02,1.223158929e-02
2.183321228e+02,-4.350283649e-03
2.185391388e+02,-1.477130316e-02
2.187461700e+02,-8.610448800e-03
2.189532166e+02,-1.093715429e-02
2.191602783e+02,-4.612447694e-03
2.193673401e+02,-2.777299844e-03
2.195744171e+02,6.496751681e-03
2.197815247e+02,-3.596562427e-03
2.199886322e+02,7.578178309e-03
2.201957397e+02,6.136276294e-03
2.204028778e+02,-1.441082731e-02
2.206100159e+02,9.913076647e-04
2.208171844e+02,-1.834328659e-02
2.210243530e+02,-1.155979373e-02
2.212315369e+02,-3.629332874e-03
2.214387360e+02,2.026036195e-02
2.216459351e+02,-1.834328659e-02
2.218531647e+02,-5.300628487e-03
2.220603943e+02,4.432210233e-03
2.222676392e+02,-4.022578709e-03
2.224748993e+02,2.815805189e-02
2.226821747e+02,2.039144374e-02
2.228894653e+02,4.464980680e-03
2.230967712e+02,-9.659104981e-03
2.233040771e+02,3.290977329e-02
2.235113983e+02,-2.678988269e-03
2.237187347e+02,-3.531021299e-03
2.239260864e+02,3.454830125e-02
2.241334534e+02,-1.591826975e-02
2.243408203e+02,-1.660645008e-02
2.245482178e+02,1.226435974e-02
2.247556152e+02,2.183334529e-02
2.249630280e+02,-8.970924653e-03
2.251704559e+02,2.052252553e-02
2.253778839e+02,3.254929930e-02
2.255853424e+02,2.235767432e-02
2.257928009e+02,-2.116155066e-02
2.260002899e+02,1.065041215e-04
2.262077789e+02,-5.235087592e-03
2.264152832e+02,3.514636075e-03
2.266227875e+02,-1.434528641e-02
2.268303223e+02,1.472214703e-02
2.270378571e+02,-4.940153100e-03
2.272454224e+02,1.835967228e-02
2.274529877e+02,-1.555779483e-02
2.276605682e+02,-2.119432017e-02
2.278681488e+02,-2.416824456e-03
2.280757599e+02,6.726145279e-03
2.282833710e+02,4.825456068e-03
2.284910126e+02,-1.785172895e-02
2.286986542e+02,-1.155979373e-02
2.289063110e+02,1.046198234e-02
2.291139679e+02,-2.154660411e-03
2.293216553e+02,1.278868783e-02
2.295293427e+02,7.119391114e-03
2.297370605e+02,4.798420519e-02
2.299447784e+02,2.353741229e-02
2.301525116e+02,-2.214466594e-02
2.303602448e+02,8.102506399e-03
2.305680084e+02,-4.874611739e-03
2.307757721e+02,4.628832918e-03
2.309835663e+02,-4.505943798e-04
2.311913605e+02,5.935556814e-02
2.313991699e+02,6.169046741e-03
2.316069794e+02,-1.965410821e-02
2.318148193e+02,2.425836213e-02
2.320226746e+02,1.082245726e-02
2.322305298e+02,4.575581104e-02
2.324384003e+02,-1.264122035e-02
2.326462860e+02,1.973603293e-02
2.328541870e+02,-1.850713976e-02
2.330620880e+02,-2.252971986e-03
2.332700195e+02,-9.331399575e-03
2.334779510e+02,-3.629332874e-03
2.336858978e+02,2.599519864e-02
2.338938599e+02,-9.200317785e-03
2.341018372e+02,-1.728643896e-03
2.343098145e+02,-2.823997848e-02
2.345178223e+02,3.382734954e-02
2.347258301e+02,-2.482365351e-03
2.349338531e+02,-7.430710830e-03
2.351418915e+02,2.327524684e-02
2.353499298e+02,1.547586825e-02
2.355579987e+02,-2.008012310e-02
2.357660675e+02,-2.853491344e-02
2.359741669e+02,-4.907382187e-03
2.361822662e+02,1.416504849e-02
2.363903809e+02,2.619182132e-02
2.365984955e+02,-1.096992474e-02
2.368066406e+02,-1.221520361e-02
2.370147858e+02,1.319012605e-03
2.372229462e+02,2.498750575e-03
2.374311371e+02,8.462981321e-03
2.376393127e+02,2.825636417e-02
2.378475189e+02,5.087620113e-03
2.380557404e+02,8.102506399e-03
2.382639618e+02,1.839244366e-02
2.384721985e+02,-6.971924100e-03
2.386804504e+02,9.118391201e-03
2.388887177e+02,4.981935397e-02
2.390970001e+02,6.767927855e-02
2.393052826e+02,-6.316513754e-03
2.395135956e+02,6.963731139e-04
2.397219086e+02,3.176280856e-02
2.399302368e+02,2.225936204e-02
2.401385803e+02,-2.076830529e-02
2.403469238e+02,3.566249833e-02
2.405552979e+02,8.233588189e-03
2.407636719e+02,-1.922809146e-02
2.409720612e+02,-6.054349709e-03
2.411804657e+02,-1.074053161e-02
2.413888855e+02,-3.236086806e-03
2.415973206e+02,7.619141252e-04
2.418057556e+02,-1.119931880e-02
2.420142059e+02,1.423058938e-02
2.422226715e+02,8.003375679e-02
2.424311523e+02,-1.431251597e-02
2.426396484e+02,2.334898105e-03
2.428481598e+02,4.628832918e-03
2.430566711e+02,-8.020579815e-03
2.432651978e+02,-6.414825562e-03
2.434737549e+02,2.957537537e-03
2.436822968e+02,-1.772064716e-02
2.438908691e+02,-1.696692593e-02
2.440994568e+02,3.416324733e-03
2.443080444e+02,-1.493515540e-02
2.445166473e+02,3.769426793e-02
2.447252655e+02,2.147286944e-02
2.449338989e+02,-8.774301037e-03
2.451425476e+02,-1.562333573e-02
2.453511963e+02,-1.316554844e-02
2.455598755e+02,2.891996643e-03
2.457685547e+02,5.385012552e-02
2.459772491e+02,-2.686361782e-02
2.461859589e+02,-4.874611739e-03
2.463946686e+02,2.586411685e-02
2.466034088e+02,4.997501383e-04
2.468121490e+02,-3.086161800e-02
2.470209045e+02,5.284243263e-03
2.472296753e+02,1.563972048e-02
2.474384613e+02,-1.100269519e-02
2.476472626e+02,4.038963933e-03
2.478560638e+02,6.234587636e-03
2.480648804e+02,3.055849113e-03
2.482737122e+02,1.131401490e-02
2.484825592e+02,-1.172364596e-02
2.486914215e+02,6.463981234e-03
2.489002991e+02,-4.448595457e-03
2.491091766e+02,-1.834328659e-02
2.493180695e+02,1.419781893e-02
2.495269775e+02,6.595063023e-03
2.497359009e+02,-7.856727578e-03
2.499448395e+02,6.201817188e-03
2.501537781e+02,-2.309500985e-02
2.503627472e+02,1.541032735e-02
2.505717163e+02,1.714716479e-02
2.507807007e+02,-3.269676492e-02
2.509897003e+02,-1.368168392e-03
2.511987000e+02,3.736656159e-02
2.514077301e+02,-8.446596563e-03
2.516167603e+02,3.510539979e-02
2.518258057e+02,-2.122709155e-02
2.520348663e+02,2.989488840e-02
2.522439423e+02,-4.677989054e-03
2.524530182e+02,3.383554053e-03
2.526621246e+02,-1.840882748e-02
2.528712311e+02,1.200219523e-02
2.530803528e+02,6.791686174e-03
2.532894897e+02,-9.921268560e-03
2.534986420e+02,-1.994904131e-02
2.537077942e+02,-4.579677247e-03
2.539169617e+02,7.283243816e-03
2.541261444e+02,2.147286944e-02
2.543353424e+02,9.806572460e-03
2.545445557e+02,4.660784453e-02
2.547537842e+02,-2.613447374e-03
2.549630127e+02,2.314416505e-02
2.551722717e+02,-1.968687773e-02
2.553815308e+02,1.344409771e-02
2.555908051e+02,-7.889498025e-03
2.558000793e+02,-1.496792585e-02
2.560093689e+02,1.056848676e-03
2.562186890e+02,1.167449076e-02
2.564280090e+02,1.911339350e-02
2.566373596e+02,-5.005693994e-03
2.568467102e+02,-1.228074450e-02
2.570560608e+02,-8.446596563e-03
2.572654419e+02,2.163672261e-02
2.574748230e+02,-2.063722163e-02
2.576842041e+02,-8.708760142e-03
2.578936157e+02,-2.252971986e-03
2.581030579e+02,-1.204315922e-03
2.583125000e+02,2.465980127e-03
2.585219421e+02,-1.457467955e-02
2.587313843e+02,6.136276294e-03
2.589408569e+02,9.544407949e-03
2.591503601e+02,-9.265858680e-03
2.593598633e+02,-7.103005890e-03
2.595693665e+02,2.717493661e-02
2.597789001e+02,9.544407949e-03
2.599884338e+02,-2.283284627e-02
2.601979675e+02,-3.039463889e-03
2.604075317e+02,9.347785264e-03
2.606170959e+02,-3.850533685e-04
2.608266907e+02,-1.696692593e-02
2.610362854e+02,-1.981795952e-02
2.612459106e+02,9.282244369e-03
2.614555359e+02,-2.875611419e-03
2.616651611e+02,-5.071234889e-03
2.618748169e+02,-1.614766382e-02
2.620844727e+02,5.448095500e-03
2.622941284e+02,7.938653231e-03
2.625038147e+02,-1.552502438e-02
2.627135315e+02,-1.564791426e-03
2.629232483e+02,2.029313147e-02
2.631329651e+02,-1.791727170e-02
2.633426819e+02,-2.463522367e-02
2.635524292e+02,6.300128531e-03
2.637622070e+02,-1.660645008e-02
2.639719849e+02,3.711259225e-03
2.641817627e+02,-6.152661517e-03
2.643915710e+02,-4.710759502e-03
2.646013794e+02,2.048156312e-04
2.648111877e+02,-5.890497472e-03
2.650210266e+02,-1.391926967e-02
2.652308655e+02,-3.432709957e-03
2.654407349e+02,9.773802012e-03
2.656506042e+02,8.233588189e-03
2.658605042e+02,-5.202316679e-03
2.660704041e+02,1.786811464e-02
2.662803040e+02,1.331301592e-02
2.664902344e+02,-1.667199098e-02
2.667001648e+02,5.211328715e-02
2.669101257e+02,-8.020579815e-03
2.671200867e+02,3.580177203e-03
2.673300476e+02,1.318193320e-02
2.675400391e+02,-4.776300397e-03
2.677500305e+02,5.415325053e-03
2.679600525e+02,-3.596562427e-03
2.681700745e+02,5.316194519e-02
2.683800964e+02,-7.791186217e-03
2.685901489e+02,-2.869876474e-02
2.688002014e+02,3.792366013e-02
2.690102844e+02,-5.136775784e-03
2.692203674e+02,-1.332940068e-02
2.694304504e+02,1.065041215e-04
2.696405640e+02,2.209550887e-02
2.698506775e+02,-3.727644449e-03
2.700608215e+02,-2.332440391e-02
2.702709656e+02,-2.217743546e-02
2.704811401e+02,1.232990064e-02
2.706913147e+02,-1.499250415e-03
2.709014893e+02,4.301127978e-03
2.711116943e+02,-7.529022172e-03
2.713218994e+02,8.331899531e-03
2.715321045e+02,7.021079771e-03
2.717423401e+02,2.048156312e-04
2.719526062e+02,2.396342903e-02
2.721628418e+02,-1.444359776e-02
2.723731384e+02,-1.728643896e-03
2.725834045e+02,-1.965410821e-02
2.727937012e+02,-9.691875428e-03
2.730039978e+02,3.694054484e-02
2.732143250e+02,1.452552434e-02
2.734246521e+02,3.330220282e-01
2.736350098e+02,-1.719632000e-02
2.738453674e+02,1.265760604e-02
2.740557556e+02,-1.827774569e-02
2.742661133e+02,-1.850713976e-02
2.744765320e+02,-8.315514773e-03
2.746869202e+02,-1.677030325e-02
2.748973389e+02,-3.432709957e-03
2.751077881e+02,2.501208335e-02
2.753182373e+02,1.046198234e-02
2.755286865e+02,2.416005172e-02
2.757391663e+02,-1.555779483e-02
2.759496460e+02,-5.562792532e-03
2.761601257e+02,-2.309500985e-02
2.763706360e+02,3.412228450e-02
2.765811462e+02,4.647676274e-02
2.767916870e+02,7.217702456e-03
2.770022278e+02,-4.776300397e-03
2.772127991e+02,4.569026828e-02
2.774233704e+02,2.694554441e-02
2.776339417e+02,2.520870790e-02
2.778445435e+02,8.462981321e-03
2.780551453e+02,-9.036465548e-03
2.782657471e+02,-4.153660964e-03
2.784763794e+02,-1.362433564e-02
2.786870422e+02,-5.489058676e-04
2.788976746e+02,-8.413826115e-03
2.791083679e+02,6.332898978e-03
2.793190308e+02,-4.120890517e-03
2.795297241e+02,-9.691875428e-03
2.797404175e+02,1.164172031e-02
2.799511414e+02,1.351783169e-03
2.801618652e+02,-9.888498113e-03
2.803726196e+02,-1.873653382e-02
2.805833740e+02,-7.463481277e-03
2.807941284e+02,2.779757604e-02
2.810049133e+02,-6.775300950e-03
2.812156982e+02,2.029313147e-02
2.814265137e+02,-1.958037261e-03
2.816373291e+02,-8.479367010e-03
2.818481750e+02,-3.381096199e-02
2.820589905e+02,-2.089938708e-02
2.822698669e+02,6.414005905e-02
2.824807129e+02,1.416504849e-02
2.826915894e+02,-1.942471415e-02
2.829024963e+02,-1.034728531e-02
2.831134033e+02,1.351783169e-03
2.833243103e+02,2.963272482e-02
2.835352478e+02,-6.185431965e-03
2.837461853e+02,-2.840383165e-02
2.839571228e+02,2.704385482e-02
2.841680908e+02,-1.466479851e-03
2.843790588e+02,-9.331399575e-03
2.845900574e+02,-2.846937254e-02
2.848010559e+02,2.206273936e-02
2.850120850e+02,1.439444255e-02
2.852230835e+02,4.497751128e-03
2.854341431e+02,-3.095993027e-02
2.856452026e+02,1.220701146e-03
2.858562622e+02,-1.952302456e-02
2.860673218e+02,7.414325606e-03
2.862784119e+02,-8.675989695e-03
2.864895020e+02,1.383734401e-02
2.867006226e+02,1.203496568e-02
2.869117432e+02,-1.719632000e-02
2.871228943e+02,-2.581496164e-02
2.873340454e+02,-2.678988269e-03
2.875451965e+02,-1.083884295e-02
2.877563782e+02,-1.817943528e-02
2.879675598e+02,-1.070776116e-02
2.881787720e+02,3.940652590e-03
2.883899536e+02,5.710259546e-03
2.886011963e+02,-1.433709403e-03
2.888124390e+02,-1.726186089e-02
2.890236816e+02,-9.421518771e-04
2.892349243e+02,3.572803736e-02
2.894461975e+02,-1.552502438e-02
2.896575012e+02,-1.739294268e-02
2.898687744e+02,1.351783169e-03
2.900801086e+02,1.501708198e-02
2.902914124e+02,-1.096992474e-02
2.905027466e+02,-2.040782943e-02
2.907141113e+02,6.693374831e-03
2.909254456e+02,2.386511676e-02
2.911368408e+02,3.383554053e-03
2.913482056e+02,-1.096992474e-02
2.915596008e+02,7.086620666e-03
2.917710266e+02,1.174003165e-02
2.919824219e+02,1.934278756e-02
2.921938782e+02,-2.283284627e-02
2.924053040e+02,8.462981321e-03
2.926167603e+02,3.261483833e-02
2.928282471e+02,-1.827774569e-02
2.930397034e+02,-1.224797405e-02
2.932512207e+02,4.071734846e-03
2.934627075e+02,2.400439233e-03
2.936742249e+02,-3.957037814e-03
2.938857727e+02,-9.724645875e-03
2.940973206e+02,2.216104977e-02
2.943088684e+02,-7.529022172e-03
2.945204163e+02,5.710259546e-03
2.947320251e+02,-1.152702328e-02
2.949436035e+02,-8.282744326e-03
2.951552124e+02,-7.266858593e-03
2.953668213e+02,-5.366169382e-03
2.955784607e+02,-1.981795952e-02
2.957901001e+02,-2.089119283e-03
2.960017395e+02,-5.104005337e-03
2.962134094e+02,-3.102547117e-02
2.964250793e+02,-2.148925513e-02
2.966367798e+02,1.953941025e-02
2.968484802e+02,6.136276294e-03
2.970601807e+02,-9.593564086e-03
2.972719116e+02,-6.676989142e-03
2.974836731e+02,2.563472278e-02
2.976954041e+02,3.058306873e-02
2.979071655e+02,4.989308771e-03
2.981189575e+02,7.905882783e-03
2.983307495e+02,-2.001458220e-02
2.985425415e+02,-9.593564086e-03
2.987543335e+02,-1.273953170e-02
2.989661865e+02,-8.348285221e-03
2.991780090e+02,-1.863822155e-02
2.993898621e+02,-6.611448247e-03
2.996017151e+02,2.433209680e-03
2.998135986e+02,-1.604935154e-02
3.000254822e+02,1.164172031e-02
3.002373657e+02,1.144509669e-02
3.004492798e+02,-9.396940470e-03
3.006611938e+02,-2.601158433e-02
3.008731384e+02,1.973603293e-02
3.010850830e+02,5.775800440e-03
3.012970581e+02,1.806473732e-02
3.015090027e+02,-2.076830529e-02
3.017210083e+02,4.972103983e-02
3.019329834e+02,-8.381055668e-03
3.021450195e+02,-5.693874322e-03
3.023570251e+02,-2.342271432e-02
3.025690613e+02,1.806473732e-02
3.027810974e+02,2.239044383e-02
3.029931641e+02,-2.112877928e-02
3.032052307e+02,6.718771905e-02
3.034172974e+02,1.963772252e-02
3.036293945e+02,-2.348825522e-02
3.038414917e+02,2.662603045e-03
3.040536194e+02,-6.144468789e-04
3.042657471e+02,-1.470576227e-02
3.044779053e+02,2.828913368e-02
3.046900635e+02,-4.907382187e-03
3.049022217e+02,-9.102006443e-03
3.051143799e+02,5.251472816e-03
3.053265991e+02,-1.400938840e-03
3.055387878e+02,-1.726186089e-02
3.057510071e+02,-2.515955083e-02
3.059632263e+02,-1.070776116e-02
3.061754761e+02,1.259206422e-02
3.063877258e+02,1.220701146e-03
3.065999756e+02,-1.562333573e-02
3.068122559e+02,-1.519731898e-02
3.070245361e+02,-1.785172895e-02
3.072368469e+02,-1.434528641e-02
3.074491577e+02,-1.070776116e-02
3.076614990e+02,1.974422717e-03
3.078738098e+02,2.681446075e-02
3.080861816e+02,-5.792185664e-03
3.082985229e+02,-2.427474782e-02
3.085108948e+02,2.258706652e-02
3.087232971e+02,-6.349284202e-03
3.089356995e+02,-7.856727578e-03
3.091481018e+02,-9.298629127e-03
3.093605347e+02,1.632790081e-02
3.095729675e+02,-9.036465548e-03
3.097854004e+02,4.997501383e-04
3.099978638e+02,-2.348825522e-02
3.102103271e+02,1.331301592e-02
3.104228210e+02,7.807571441e-03
3.106353149e+02,-3.694873769e-03
3.108478088e+02,-1.359156519e-02
3.110603333e+02,-1.758956537e-02
3.112728577e+02,-6.480366457e-03
3.114854126e+02,2.163672261e-02
3.116979675e+02,-1.545948349e-02
3.119105225e+02,-7.791186217e-03
3.121231079e+02,3.179557621e-02
3.123356934e+02,-8.086120710e-03
3.125483093e+02,2.825636417e-02
3.127609253e+02,8.757916279e-03
3.129735413e+02,-8.413826115e-03
3.131861877e+02,-1.952302456e-02
3.133988342e+02,-7.856727578e-03
3.136115112e+02,-1.152702328e-02
3.138241882e+02,2.433209680e-03
3.140368652e+02,3.055849113e-03
3.142495728e+02,-1.100269519e-02
3.144622803e+02,3.186111897e-02
3.146750183e+02,4.516594112e-02
3.148877563e+02,-3.301627934e-03
3.151004944e+02,-1.788450032e-02
3.153132629e+02,-5.595562980e-03
3.155260315e+02,5.317013711e-03
3.157388306e+02,-6.250972860e-03
3.159516296e+02,-2.047337033e-02
3.161644287e+02,-1.493515540e-02
3.163772583e+02,-1.054390799e-02
3.165900879e+02,-3.825955791e-03
3.168029480e+02,-3.465480404e-03
3.170158081e+02,6.791686174e-03
3.172286682e+02,3.383554053e-03
3.174415588e+02,1.750763878e-02
3.176544495e+02,-1.975241862e-02
3.178673706e+02,5.519371480e-02
3.180802612e+02,1.501708198e-02
3.182932129e+02,-6.578677800e-03
3.185061646e+02,-2.712578140e-02
3.187191162e+02,-1.477130316e-02
3.189320679e+02,-3.760414897e-03
3.191450500e+02,5.448095500e-03
3.193580322e+02,1.432890072e-02
3.195710449e+02,-1.925266930e-03
3.197840576e+02,1.843340578e-03
3.199971008e+02,-1.136317104e-02
3.202101440e+02,1.275591739e-02
3.204231873e+02,4.765649885e-02
3.206362610e+02,6.103505846e-03
3.208493347e+02,-1.342771202e-02
3.210624084e+02,-2.338994481e-02
3.212755127e+02,-1.433709403e-03
3.214886169e+02,9.347785264e-03
3.217017517e+02,-1.634428650e-02
3.219148865e+02,4.333898425e-03
3.221280518e+02,-1.536117215e-02
3.223411865e+02,2.265260741e-02
3.225543823e+02,1.468937658e-02
3.227675476e+02,-1.990807941e-03
3.229807434e+02,2.910839580e-02
3.231939697e+02,-1.556598727e-04
3.234071960e+02,-1.513177808e-02
3.236204224e+02,7.774800994e-03
3.238336792e+02,1.911339350e-02
3.240469360e+02,-6.742530502e-03
3.242601929e+02,1.695054024e-02
3.244734802e+02,-8.577678353e-03
3.246867676e+02,-1.400938840e-03
3.249000854e+02,-9.233088233e-03
3.251134033e+02,1.108462177e-02
3.253267212e+02,-9.298629127e-03
3.255400696e+02,1.285422873e-02
3.257534180e+02,7.938653231e-03
3.259667969e+02,2.730601840e-02
3.261801758e+02,-7.234087680e-03
3.263935547e+02,-1.870376244e-02
3.266069641e+02,-6.480366457e-03
3.268203735e+02,3.307362646e-02
3.270337830e+02,6.037964486e-03
3.272472229e+02,6.791686174e-03
3.274606934e+02,-2.941152314e-03
3.276741333e+02,8.602256421e-04
3.278876038e+02,3.359795362e-02
3.281011047e+02,1.155160135e-03
3.283146057e+02,1.253471593e-03
3.285281067e+02,-1.054390799e-02
3.287416382e+02,-3.268857487e-03
3.289551697e+02,7.971423678e-03
3.291687317e+02,-1.925266930e-03
3.293822632e+02,2.121070586e-02
3.295958557e+02,-3.597381711e-02
3.298094177e+02,4.366669338e-03
3.300230103e+02,1.665560715e-02
3.302366333e+02,-1.106823608e-02
3.304502563e+02,2.105504740e-03
3.306638794e+02,-4.972923547e-03
3.308775330e+02,4.137275741e-03
3.310911865e+02,-2.486461774e-02
3.313048401e+02,-1.169087552e-02
3.315185242e+02,-4.350283649e-03
3.317322083e+02,-5.489058676e-04
3.319459229e+02,1.646717661e-03
3.321596375e+02,4.002097249e-02
3.323733521e+02,6.463981234e-03
3.325870972e+02,1.049475279e-02
3.328008423e+02,-6.578677800e-03
3.330146179e+02,-1.876930334e-02
3.332283936e+02,5.715994537e-02
3.334421692e+02,7.217702456e-03
3.336559753e+02,1.409950759e-02
3.338697815e+02,-2.581496164e-02
3.340835876e+02,1.337855682e-02
3.342974243e+02,1.941652154e-03
3.345112915e+02,5.322748423e-02
3.347251282e+02,-2.738794498e-02
3.349389954e+02,1.868737675e-02
3.351528931e+02,4.694374278e-03
3.353667908e+02,-1.218243316e-02
3.355806885e+02,-1.683584414e-02
3.357946167e+02,1.075691637e-02
3.360085449e+02,-9.986809455e-03
3.362224731e+02,-4.776300397e-03
3.364364319e+02,-1.192026958e-02
3.366503906e+02,4.388789088e-02
3.368643799e+02,2.216104977e-02
3.370783691e+02,1.904785261e-02
3.372923889e+02,-1.729463227e-02
3.375063782e+02,6.791686174e-03
3.377204285e+02,-6.939153187e-03
3.379344482e+02,2.859226195e-03
3.381484985e+02,-1.080607250e-02
3.383625793e+02,-1.342771202e-02
3.385766296e+02,2.138275187e-03
3.387907410e+02,-2.397981286e-02
3.390048218e+02,-4.088120069e-03
3.392189331e+02,-4.251972307e-03
3.394330444e+02,1.927724667e-02
3.396471863e+02,5.906882696e-03
3.398613281e+02,-1.503346674e-02
3.400755005e+02,-8.118891157e-03
3.402896729e+02,1.052752323e-02
3.405038452e+02,5.480865948e-03
3.407180481e+02,-8.774301037e-03
3.409322510e+02,-1.808112301e-02
3.411464539e+02,1.501708198e-02
3.413606873e+02,2.465980127e-03
3.415749207e+02,-5.300628487e-03
3.417891846e+02,-1.116654743e-02
3.420034485e+02,3.117293864e-02
3.422177124e+02,-1.693415642e-02
3.424320068e+02,1.265760604e-02
3.426463318e+02,-7.627333980e-03
3.428606262e+02,-1.247736812e-02
3.430749512e+02,7.381555159e-03
3.432892761e+02,-1.136317104e-02
3.435036316e+02,2.635567449e-02
3.437179871e+02,-1.172364596e-02
3.439323730e+02,-3.541671857e-02
3.441467590e+02,-5.161353620e-04
3.443611450e+02,-1.853991114e-02
3.445755615e+02,-6.283743307e-03
3.447899780e+02,-1.929363236e-02
3.450044250e+02,-7.234087680e-03
3.452188721e+02,1.720451255e-04
3.454333191e+02,4.989308771e-03
3.456477661e+02,-2.086661570e-02
3.458622742e+02,-1.090438385e-02
3.460767517e+02,2.334078774e-02
3.462912598e+02,-3.137775464e-03
3.465057678e+02,-2.230851725e-02
3.467203064e+02,1.450094627e-03
3.469348450e+02,4.038963933e-03
3.471493835e+02,5.317013711e-03
3.473639526e+02,-5.300628487e-03
3.475785217e+02,1.298531052e-02
3.477931213e+02,-5.530022085e-03
3.480077209e+02,1.780257374e-02
3.482223206e+02,1.187930582e-03
3.484369507e+02,-2.162033692e-02
3.486515808e+02,4.096312477e-05
3.488662109e+02,-1.884303783e-04
3.490808716e+02,1.911339350e-02
3.492955627e+02,-1.395204011e-02
3.495102234e+02,1.170726120e-02
3.497249146e+02,-1.133040059e-02
3.499396362e+02,-8.774301037e-03
3.501543579e+02,-3.760414897e-03
3.503690796e+02,-3.989808261e-03
3.505838318e+02,-6.513136905e-03
3.507985840e+02,1.387011446e-02
3.510133362e+02,-8.249972947e-03
3.512281189e+02,2.638844587e-02
3.514429016e+02,1.246098243e-02
3.516577148e+02,-2.325886302e-02
3.518725281e+02,3.861184046e-02
3.520873413e+02,1.695054024e-02
3.523021851e+02,-1.054390799e-02
3.525170288e+02,2.710939571e-02
3.527318726e+02,-6.283743307e-03
3.529467468e+02,-4.907382187e-03
3.531616516e+02,2.265260741e-02
3.533765259e+02,4.333898425e-03
3.535914307e+02,-7.397940382e-03
3.538063660e+02,-3.072234336e-03
3.540213013e+02,1.570526138e-02
3.542362366e+02,-6.144468789e-04
3.544512024e+02,-4.317513201e-03
3.546661682e+02,2.835467458e-02
3.548811340e+02,1.082245726e-02
3.550961304e+02,-1.945748366e-02
3.553111267e+02,-3.243460134e-02
3.555261536e+02,2.127624676e-02
3.557411804e+02,-6.742530502e-03
3.559562073e+02,3.405674174e-02
3.561712646e+02,-2.027674764e-02
3.563863220e+02,2.343910001e-02
3.566013794e+02,1.868737675e-02
3.568164673e+02,-2.280007489e-02
3.570315857e+02,9.913076647e-04
3.572466736e+02,7.086620666e-03
3.574617920e+02,1.967049204e-02
3.576769409e+02,-6.185431965e-03
3.578920898e+02,2.039963612e-03
3.581072388e+02,-5.792185664e-03
3.583223877e+02,2.796142921e-02
3.585375671e+02,4.434667900e-02
3.587527771e+02,-1.080607250e-02
3.589679871e+02,-1.588550024e-02
3.591831970e+02,7.946846308e-04
3.593984070e+02,-1.762233675e-02
3.596136475e+02,3.686681157e-04
3.598289185e+02,-1.630332321e-03
3.600441589e+02,1.144509669e-02
3.602594299e+02,-1.859725919e-03
3.604747314e+02,1.898231171e-02
3.606900330e+02,6.529522128e-03
3.609053345e+02,3.739933297e-02
3.611206665e+02,-1.503346674e-02
3.613359985e+02,-7.823957130e-03
3.615513306e+02,-9.331399575e-03
3.617666931e+02,6.234587636e-03
3.619820557e+02,-2.810889669e-02
3.621974487e+02,6.791686174e-03
3.624128418e+02,1.560695097e-02
3.626282349e+02,7.873112336e-03
3.628436584e+02,-1.597561873e-03
3.630590820e+02,-2.361933701e-02
3.632745056e+02,3.497431427e-02
3.634899597e+02,1.046198234e-02
3.637054443e+02,1.613947097e-03
3.639208984e+02,-9.069235995e-03
3.641363831e+02,1.033090055e-02
3.643518982e+02,-1.670476235e-02
3.645674133e+02,-2.135817334e-02
3.647829285e+02,2.540533058e-02
3.649984436e+02,5.552142113e-02
3.652139893e+02,1.328024548e-02
3.654295654e+02,3.645718098e-03
3.656451111e+02,-2.601158433e-02
3.658607178e+02,-1.884303783e-04
3.660762939e+02,-4.972923547e-03
3.662919006e+02,6.136276294e-03
3.665075073e+02,2.170226350e-02
3.667231445e+02,3.907062858e-02
3.669387817e+02,1.122389571e-03
3.671544495e+02,-2.427474782e-02
3.673700867e+02,-1.529563125e-02
3.675857849e+02,3.023078665e-03
3.678014526e+02,3.074692190e-02
3.680171509e+02,5.677489098e-03
3.682328796e+02,-1.559056528e-02
3.684485779e+02,2.281646058e-02
3.686643066e+02,-1.892496366e-03
3.688800659e+02,3.744029673e-03
3.690958252e+02,-1.405035146e-02
3.693115845e+02,2.252152562e-02
3.695273743e+02,5.188389495e-02
3.697431641e+02,2.199719846e-02
3.699589539e+02,-1.614766382e-02
3.701747742e+02,2.199719846e-02
3.703906250e+02,-1.205135137e-02
3.706064453e+02,5.939653143e-03
3.708222961e+02,-8.315514773e-03
3.710381775e+02,4.268357530e-03
3.712540283e+02,9.360074252e-02
3.714699097e+02,-8.381055668e-03
3.716858215e+02,-1.493515540e-02
3.719017334e+02,6.200997904e-02
3.721176453e+02,1.232990064e-02
3.723335876e+02,-1.859725919e-03
3.725495300e+02,-1.667199098e-02
3.727654724e+02,-1.385372877e-02
3.729814453e+02,2.085023001e-02
3.731974182e+02,-9.593564086e-03
3.734134216e+02,-6.218202412e-03
3.736294250e+02,5.284243263e-03
3.738454285e+02,4.303585738e-02
3.740614624e+02,-1.372264698e-02
3.742774963e+02,-2.457787559e-05
3.744935608e+02,7.676489651e-03
3.747096252e+02,-1.011789218e-02
3.749256897e+02,-2.833829075e-02
3.751417847e+02,-1.955579594e-02
3.753578796e+02,9.741031565e-03
3.755739746e+02,2.750264294e-02
3.757901001e+02,-1.080607250e-02
3.760062256e+02,-1.077330206e-02
3.762223816e+02,9.937654249e-03
3.764385376e+02,4.677169770e-02
3.766546936e+02,-1.955579594e-02
3.768708801e+02,3.081246279e-02
3.770870667e+02,-1.513177808e-02
3.773032837e+02,-3.596562427e-03
3.775194702e+02,-2.515135799e-03
3.777357178e+02,-9.724645875e-03
3.779519348e+02,2.199719846e-02
3.781681824e+02,3.366349638e-02
3.783844604e+02,-1.683584414e-02
3.786007385e+02,-1.968687773e-02
3.788170166e+02,-1.198581047e-02
3.790332947e+02,6.358296424e-02
3.792496033e+02,-2.247237042e-02
3.794659424e+02,3.389288858e-02
3.796822510e+02,-7.037464995e-03
3.798986206e+02,8.528522216e-03
3.801149597e+02,-3.358156979e-02
3.803313293e+02,-2.309500985e-02
3.805476990e+02,5.480865948e-03
3.807640991e+02,-9.495252743e-03
3.809804993e+02,-8.413826115e-03
3.811968994e+02,-1.929363236e-02
3.814133301e+02,-4.874611739e-03
3.816297607e+02,2.334898105e-03
3.818462219e+02,-1.990807941e-03
3.820626831e+02,5.317013711e-03
3.822791443e+02,6.758915726e-03
3.824956360e+02,1.515635638e-03
3.827121277e+02,-1.922809146e-02
3.829286194e+02,-5.857727025e-03
3.831451416e+02,4.637844861e-02
3.833616638e+02,5.342410877e-02
3.835782166e+02,-1.831051707e-02
3.837947693e+02,-2.171864919e-02
3.840113220e+02,1.560695097e-02
3.842279053e+02,1.383734401e-02
3.844444885e+02,-9.986809455e-03
3.846610718e+02,-2.574942075e-02
3.848776855e+02,3.444998711e-02
3.850943298e+02,-5.734837396e-05
3.853109436e+02,1.013427693e-02
3.855275879e+02,1.855629496e-02
3.857442627e+02,-8.675989695e-03
3.859609070e+02,3.477769345e-02
3.861776123e+02,-1.752402447e-02
3.863942871e+02,-6.349284202e-03
3.866109924e+02,2.193165757e-02
3.868276978e+02,-1.424697507e-02
3.870444336e+02,-8.217202500e-03
3.872611694e+02,-4.645218607e-03
3.874779358e+02,-7.127583958e-04
3.876947021e+02,2.035867237e-02
3.879114685e+02,-2.142371424e-02
3.881282349e+02,-1.198581047e-02
3.883450317e+02,-8.217202500e-03
3.885618591e+02,1.416504849e-02
3.887786560e+02,-3.636706248e-02
3.889955139e+02,-1.926086098e-02
3.892123413e+02,2.245598473e-02
3.894291992e+02,1.056029368e-02
3.896460571e+02,1.747486927e-02
3.898629456e+02,-3.236086806e-03
3.900798340e+02,-1.264122035e-02
3.902967224e+02,-5.890497472e-03
3.905136414e+02,8.954538964e-03
3.907305603e+02,-1.106823608e-02
3.909475098e+02,1.613127813e-02
3.911644592e+02,4.170046188e-03
3.913814087e+02,4.283923656e-02
3.915983887e+02,-2.063722163e-02
3.918153687e+02,1.557418052e-02
3.920323486e+02,-4.251972307e-03
3.922493591e+02,1.531201601e-02
3.924663696e+02,-8.438403602e-04
3.926834106e+02,4.775480926e-02
3.929004517e+02,3.252472030e-03
3.931174927e+02,-2.378319018e-02
3.933345642e+02,4.559195787e-02
3.935516357e+02,7.187389582e-02
3.937687073e+02,-7.168546785e-03
3.939858093e+02,3.952941671e-02
3.942029114e+02,-2.938694507e-02
3.944200439e+02,1.092076954e-02
3.946371765e+02,2.697831392e-02
3.948543091e+02,1.498431154e-02
3.950714722e+02,1.010150649e-02
3.952886353e+02,7.316014264e-03
3.955058289e+02,-1.400938840e-03
3.957230225e+02,6.332898978e-03
3.959402161e+02,-2.191527188e-02
3.961574402e+02,5.227714032e-02
3.963746643e+02,-5.628333427e-03
3.965918884e+02,-1.175641641e-02
3.968091431e+02,-2.453691140e-02
3.970263977e+02,4.303585738e-02
3.972436829e+02,-8.020579815e-03
3.974609375e+02,-1.339494158e-02
3.976782532e+02,-2.319332212e-02
3.978955383e+02,2.039963612e-03
3.981128845e+02,3.687500581e-02
3.983302002e+02,-1.536117215e-02
3.985475464e+02,3.383554053e-03
3.987648926e+02,3.739933297e-02
3.989822693e+02,2.307862416e-02
3.991996155e+02,1.019981783e-02
3.994170227e+02,-2.083384618e-02
3.996343994e+02,6.791686174e-03
3.998518372e+02,-7.561793085e-03
4.000692444e+02,-3.305724263e-02
4.002866821e+02,-3.617043793e-02
4.005041199e+02,8.299129084e-03
4.007215881e+02,1.229713019e-02
4.009390564e+02,-1.932640187e-02
4.011565247e+02,2.632290497e-02
4.013740234e+02,-9.691875428e-03
4.015915222e+02,3.285242710e-03
4.018090210e+02,3.477769345e-02
4.020265503e+02,-2.063722163e-02
4.022440796e+02,3.490877524e-02
4.024616394e+02,-8.675989695e-03
4.026791992e+02,-1.690138504e-02
4.028967590e+02,-1.169087552e-02
4.031143494e+02,-1.270676125e-02
4.033319397e+02,-2.384053776e-03
4.035495605e+02,-4.481365904e-03
4.037671814e+02,-1.990807941e-03
4.039848022e+02,6.194443628e-02
4.042024231e+02,-1.991627179e-02
4.044200745e+02,-9.691875428e-03
4.046377563e+02,7.414325606e-03
4.048554382e+02,-6.742530502e-03
4.050731201e+02,-2.187430859e-03
4.052908020e+02,-7.594563533e-03
4.055085144e+02,-1.313277800e-02
4.057262268e+02,-8.708760142e-03
4.059439697e+02,-1.083884295e-02
4.061617126e+02,2.688000351e-02
4.063794556e+02,-1.588550024e-02
4.065972290e+02,1.472214703e-02
4.068150024e+02,-1.591826975e-02
4.070328064e+02,-2.096492797e-02
4.072506104e+02,2.927224897e-02
4.074684143e+02,6.233768538e-02
4.076862488e+02,-2.499569952e-02
4.079040833e+02,-1.106823608e-02
4.081219177e+02,-6.578677800e-03
4.083397827e+02,-3.694873769e-03
4.085576477e+02,-3.989808261e-03
4.087755432e+02,-4.776300397e-03
4.089934387e+02,6.099409238e-02
4.092113342e+02,3.940652590e-03
4.094292603e+02,4.661603831e-03
4.096471863e+02,-1.611489430e-02
4.098651123e+02,1.216604840e-02
4.100830688e+02,1.400119625e-02
4.103010254e+02,-8.839841932e-03
4.105189819e+02,-2.607712522e-02
4.107369690e+02,-1.165810507e-02
4.109549866e+02,3.739933297e-02
4.111729736e+02,1.319012605e-03
4.113909912e+02,-3.195123863e-04
4.116090393e+02,-3.694873769e-03
4.118270874e+02,1.747486927e-02
4.120451355e+02,-2.021120675e-02
4.122631836e+02,9.675489739e-03
4.124812622e+02,1.229713019e-02
4.126993713e+02,4.137275741e-03
4.129174500e+02,5.382554606e-03
4.131355591e+02,-1.863822155e-02
4.133536987e+02,1.810570131e-03
4.135718079e+02,2.779757604e-02
4.137899780e+02,-4.383054562e-03
4.140081177e+02,-1.378818788e-02
4.142262878e+02,1.216604840e-02
4.144444580e+02,-1.631151699e-02
4.146626587e+02,1.613947097e-03
4.148808594e+02,-1.555779483e-02
4.150990906e+02,1.960495114e-02
4.153172913e+02,1.491876971e-02
4.155355225e+02,6.922767963e-03
4.157537842e+02,9.609948844e-03
4.159720459e+02,9.741031565e-03
4.161903076e+02,-4.415825009e-03
4.164085999e+02,-6.054349709e-03
4.166268921e+02,-2.348825522e-02
4.168451843e+02,4.165949672e-02
4.170635071e+02,-9.462482296e-03
4.172818298e+02,-7.758415770e-03
4.175001831e+02,1.039644144e-02
4.177185364e+02,6.005194038e-03
4.179368896e+02,1.672114804e-02
4.181552734e+02,-3.181196377e-02
4.183736572e+02,-3.694873769e-03
4.185920410e+02,1.111739222e-02
4.188104553e+02,2.147286944e-02
4.190288696e+02,2.461883798e-02
4.192473145e+02,-2.443860099e-02
4.194657288e+02,4.792685620e-03
4.196842041e+02,-1.555779483e-02
4.199026489e+02,3.081246279e-02
4.201211243e+02,-2.545448579e-02
4.203396301e+02,1.321470458e-02
4.205581360e+02,1.180557255e-02
4.207766418e+02,-3.309001401e-02
4.209951477e+02,-1.483684406e-02
4.212136841e+02,-1.319831889e-02
4.214322205e+02,-1.958037261e-03
4.216507874e+02,1.413227804e-02
4.218693542e+02,-1.129763015e-02
4.220879211e+02,7.606852055e-02
4.223065186e+02,5.980615970e-04
4.225251160e+02,1.373903174e-02
4.227437439e+02,-5.562792532e-03
4.229623718e+02,2.429113351e-02
4.231809998e+02,4.333898425e-03
4.233996277e+02,2.180057578e-02
4.236182861e+02,-1.585272886e-02
4.238369751e+02,4.421559721e-02
4.240556641e+02,2.039144374e-02
4.242743530e+02,1.619681902e-02
4.244930420e+02,-2.053891122e-02
4.247117615e+02,5.693054944e-02
4.249304810e+02,9.380555712e-03
4.251492310e+02,-7.725645322e-03
4.253679810e+02,-1.758956537e-02
4.255867310e+02,1.321470458e-02
4.258055115e+02,2.497931384e-02
4.260242920e+02,5.286701024e-02
4.262430725e+02,-1.234628633e-02
4.264618835e+02,-1.496792585e-02
4.266806946e+02,-1.073233900e-03
4.268995361e+02,-2.456968278e-02
4.271183777e+02,-1.427974552e-02
4.273372192e+02,1.941652154e-03
4.275560913e+02,6.169046741e-03
4.277749634e+02,3.192665800e-02
4.279938354e+02,-2.388150245e-02
4.282127380e+02,2.760095336e-02
4.284316406e+02,3.943110257e-02
4.286505737e+02,1.675391756e-02
4.288695068e+02,-3.236906230e-02
4.290884399e+02,8.692375384e-03
4.293074036e+02,2.602797002e-02
4.295263672e+02,6.492654979e-02
4.297453308e+02,2.556918189e-02
4.299643250e+02,-3.170545911e-03
4.301833191e+02,7.737934589e-02
4.304023438e+02,-1.775341853e-02
4.306213379e+02,-3.115655296e-02
4.308403931e+02,1.947386935e-02
4.310594177e+02,-1.241182722e-02
4.312784729e+02,2.583134733e-02
4.314975586e+02,-2.548725717e-02
4.317166138e+02,8.200817741e-03
4.319357300e+02,-6.545907352e-03
4.321548157e+02,-1.804835349e-02
4.323739319e+02,-2.070276253e-02
4.325930481e+02,-2.941152314e-03
4.328121948e+02,6.791686174e-03
4.330313416e+02,-1.267399080e-02
4.332504883e+02,4.997501383e-04
4.334696655e+02,4.038963933e-03
4.336888428e+02,-8.544907905e-03
4.339080200e+02,-2.234128863e-02
4.341272278e+02,-2.253791131e-02
4.343464355e+02,1.000319514e-02
4.345656738e+02,5.876569822e-02
4.347849121e+02,-2.394704334e-02
4.350041504e+02,-3.318832442e-02
4.352234192e+02,1.203496568e-02
4.354426880e+02,8.927503228e-02
4.356619568e+02,-2.283284627e-02
4.358812561e+02,-2.112877928e-02
4.361005554e+02,-3.039463889e-03
4.363198853e+02,-1.826955355e-03
4.365392151e+02,-1.595104113e-02
4.367585449e+02,-2.309500985e-02
4.369778748e+02,-2.515135799e-03
4.371972351e+02,1.960495114e-02
4.374166260e+02,4.231490940e-02
4.376360168e+02,-1.916255057e-02
4.378554077e+02,9.681224823e-02
4.380747986e+02,1.593465544e-02
4.382942200e+02,-1.342771202e-02
4.385136414e+02,-1.827774569e-02
4.387330933e+02,4.847576097e-02
4.389525452e+02,2.478269115e-02
4.391719971e+02,7.373362314e-05
4.393914795e+02,-5.661103874e-03
4.396109619e+02,3.359795362e-02
4.398304443e+02,8.594064042e-03
4.400499573e+02,-3.423697874e-02
4.402694702e+02,-3.122209385e-02
4.404890137e+02,-2.777299844e-03
4.407085571e+02,-1.486961450e-02
4.409281006e+02,1.275591739e-02
4.411476746e+02,-2.220201306e-03
4.413672485e+02,1.970326342e-02
4.415868225e+02,2.078468911e-02
4.418064270e+02,-1.732740179e-02
4.420260315e+02,1.200219523e-02
4.422456360e+02,-1.761414343e-03
4.424652710e+02,5.466938764e-02
4.426849060e+02,-3.463022411e-02
4.429045715e+02,-2.070276253e-02
4.431242371e+02,-1.935917325e-02
4.433439026e+02,2.039963612e-03
4.435635986e+02,-1.827774569e-02
4.437832947e+02,-7.627333980e-03
4.440029907e+02,3.031271335e-04
4.442227173e+02,-7.692874875e-03
4.444424438e+02,-4.612447694e-03
4.446622009e+02,-1.978519000e-02
4.448819580e+02,1.259206422e-02
4.451017151e+02,-3.268857487e-03
4.453215027e+02,-6.939153187e-03
4.455412903e+02,-8.151661605e-03
4.457610779e+02,-6.119891070e-03
4.459808960e+02,-1.826955355e-03
4.462007141e+02,-5.071234889e-03
4.464205322e+02,8.200817741e-03
4.466403809e+02,1.039644144e-02
4.468602600e+02,1.790088601e-02
4.470801086e+02,-1.211689226e-02
4.472999878e+02,-2.191527188e-02
4.475198669e+02,2.924767090e-03
4.477397766e+02,-1.195304003e-02
4.479596863e+02,-1.611489430e-02
4.481796265e+02,2.688000351e-02
4.483995361e+02,6.791686174e-03
4.486194763e+02,3.100908548e-02
4.488394470e+02,-2.679807693e-02
4.490594177e+02,-2.545448579e-02
4.492793884e+02,2.556918189e-02
4.494993896e+02,-5.693874322e-03
4.497193909e+02,-1.159256417e-02
4.499393921e+02,-4.317513201e-03
4.501594238e+02,6.627833471e-03
4.503794556e+02,3.107462637e-02
4.505994873e+02,2.783034742e-02
4.508195496e+02,5.211328715e-02
4.510396118e+02,-3.924267367e-03
4.512597046e+02,-3.367168829e-03
4.514797974e+02,1.908881590e-03
4.516998901e+02,1.033090055e-02
4.519200134e+02,-3.203316359e-03
4.521401367e+02,3.153341264e-02
4.523602600e+02,-1.447636820e-02
4.525804138e+02,-9.233088233e-03
4.528005676e+02,9.937654249e-03
4.530207520e+02,-1.116654743e-02
4.532409058e+02,-3.263122588e-02
4.534611206e+02,6.136276294e-03
4.536813049e+02,3.015705198e-02
4.539015198e+02,-1.958037261e-03
4.541217346e+02,-5.267858040e-03
4.543419800e+02,-5.857727025e-03
4.545622253e+02,-1.300169621e-02
4.547825012e+02,4.014386213e-04
4.550027466e+02,-1.703246683e-02
4.552230225e+02,4.858226515e-03
4.554433289e+02,-1.247736812e-02
4.556636353e+02,-5.824956577e-03
4.558839417e+02,-1.146148238e-02
4.561042786e+02,-2.106323838e-02
4.563246155e+02,3.379457816e-02
4.565449524e+02,3.514636075e-03
4.567653198e+02,-1.087161340e-02
4.569856873e+02,-1.935917325e-02
4.572060547e+02,1.141232625e-02
4.574264526e+02,-1.581995934e-02
4.576468506e+02,-1.319831889e-02
4.578672791e+02,2.402896993e-02
4.580877075e+02,-1.218243316e-02
4.583081360e+02,4.366669338e-03
4.585285645e+02,-3.694873769e-03
4.587490234e+02,-1.496792585e-02
4.589695129e+02,8.757916279e-03
4.591900024e+02,-2.580676926e-03
4.594104919e+02,2.269357210e-03
4.596309814e+02,-1.867099293e-02
4.598515015e+02,3.907062858e-02
4.600720215e+02,-7.955038920e-03
4.602925720e+02,1.645898446e-02
4.605130920e+02,-1.138774911e-03
4.607336731e+02,4.254430160e-02
4.609542236e+02,-1.254290901e-02
4.611748047e+02,-2.673253603e-02
4.613954163e+02,3.449095180e-03
4.616159973e+02,1.577080227e-02
4.618366394e+02,-1.955579594e-02
4.620572510e+02,1.400119625e-02
4.622778931e+02,2.173503488e-02
4.624985352e+02,3.048475832e-02
4.627192078e+02,1.253471593e-03
4.629398499e+02,1.547586825e-02
4.631605530e+02,2.433209680e-03
4.633812256e+02,1.396842580e-02
4.636019287e+02,-2.853491344e-02
4.638226624e+02,-1.339494158e-02
4.640433655e+02,-8.184432052e-03
4.642641296e+02,3.838244826e-02
4.644848633e+02,-1.545948349e-02
4.647056274e+02,-3.430252150e-02
4.649263916e+02,-3.465480404e-03
4.651471863e+02,-2.842840971e-03
4.653679504e+02,-2.453691140e-02
4.655887756e+02,-2.053891122e-02
4.658095703e+02,7.619141252e-04
4.660303955e+02,8.168047294e-03
4.662512512e+02,-4.055349156e-03
4.664720764e+02,1.475491747e-02
4.666929626e+02,-7.201317232e-03
4.669138184e+02,3.572803736e-02
4.671347046e+02,-1.382095832e-02
4.673555908e+02,-1.857268065e-02
4.675765076e+02,4.490377754e-02
4.677973938e+02,6.169046741e-03
4.680183411e+02,2.203816082e-03
4.682392578e+02,-1.840882748e-02
4.684602051e+02,-4.350283649e-03
4.686811829e+02,5.808571354e-03
4.689021301e+02,-2.558556758e-02
4.691231384e+02,1.491876971e-02
4.693441162e+02,-1.713077910e-02
4.695651245e+02,1.049475279e-02
4.697861328e+02,8.168047294e-03
4.700071411e+02,-2.738794498e-02
4.702281799e+02,2.075191960e-02
4.704492493e+02,8.692375384e-03
4.706702881e+02,-2.056348836e-03
4.708913574e+02,-1.244459767e-02
4.711124573e+02,-2.580676926e-03
4.713335266e+02,1.858906634e-02
4.715546265e+02,-8.970924653e-03
4.717757568e+02,3.399120271e-02
4.719968872e+02,9.347785264e-03
4.722180176e+02,2.930502035e-02
4.724391479e+02,2.425836213e-02
4.726603088e+02,-6.152661517e-03
4.728814697e+02,3.678488545e-03
4.731026611e+02,-5.824956577e-03
4.733238525e+02,-3.174642101e-02
4.735450439e+02,-1.126485970e-02
4.737662659e+02,-9.265858680e-03
4.739874878e+02,-1.169087552e-02
4.742087097e+02,-1.411589328e-02
4.744299622e+02,-3.305724263e-02
4.746512146e+02,-9.822957218e-03
4.748724976e+02,1.613127813e-02
4.750937805e+02,-2.768287994e-02
4.753150635e+02,-9.069235995e-03
4.755363464e+02,2.990308218e-03
4.757576599e+02,1.029812917e-02
4.759790039e+02,-5.988808814e-03
4.762003174e+02,-1.627874561e-02
4.764216614e+02,-7.692874875e-03
4.766430359e+02,-6.808071397e-03
4.768643799e+02,1.679488108e-03
4.770857544e+02,-4.448595457e-03
4.773071594e+02,2.953441255e-02
4.775285645e+02,1.613947097e-03
4.777499695e+02,-4.383054562e-03
4.779714050e+02,2.393065766e-02
4.781928101e+02,-4.809070844e-03
4.784142761e+02,-5.661103874e-03
4.786357117e+02,-2.187430859e-03
4.788571777e+02,-1.218243316e-02
4.790786743e+02,1.301726252e-01
4.793001404e+02,1.799919643e-02
4.795216370e+02,-2.011289448e-02
4.797431641e+02,-2.285742434e-03
4.799646912e+02,-7.758415770e-03
4.801862183e+02,-1.857268065e-02
4.804077454e+02,-1.372264698e-02
4.806293030e+02,-1.840882748e-02
4.808508606e+02,-8.086120710e-03
4.810724487e+02,-2.212008694e-04
4.812940369e+02,-1.857268065e-02
4.815156250e+02,4.956538323e-03
4.817372437e+02,-3.850533685e-04
4.819588623e+02,-1.552502438e-02
4.821804810e+02,-1.556598727e-04
4.824021301e+02,-2.755179815e-02
4.826237793e+02,1.075691637e-02
4.828454590e+02,1.796642691e-02
4.830671082e+02,6.529522128e-03
4.832888184e+02,-2.217743546e-02
4.835104980e+02,1.286242157e-03
4.837322083e+02,4.782035202e-02
4.839539185e+02,-1.808112301e-02
4.841756592e+02,1.986711472e-02
4.843973999e+02,9.020079859e-03
4.846191406e+02,2.609351091e-02
4.848409119e+02,-1.706523821e-02
4.850626831e+02,-1.457467955e-02
4.852844543e+02,-2.547906479e-03
4.855062561e+02,3.091077320e-02
4.857280579e+02,-2.142371424e-02
4.859498901e+02,1.072414592e-02
4.861717224e+02,5.054849666e-03
4.863935547e+02,-7.627333980e-03
4.866154175e+02,-1.296892576e-02
4.868372498e+02,-2.338994481e-02
4.870591431e+02,-1.958037261e-03
4.872810059e+02,-2.187430859e-03
4.875028992e+02,1.383734401e-02
4.877248230e+02,-1.814666390e-02
4.879467163e+02,3.222159296e-02
4.881686707e+02,3.248375654e-02
4.883905945e+02,-2.837106027e-02
4.886125488e+02,-2.692915872e-02
4.888345032e+02,1.570526138e-02
4.890564575e+02,4.467438534e-02
4.892784424e+02,3.088619560e-03
4.895004578e+02,-9.691875428e-03
4.897224426e+02,-1.159256417e-02
4.899444580e+02,-8.544907905e-03
4.901664734e+02,2.376680449e-02
4.903885193e+02,-7.561793085e-03
4.906105652e+02,-1.077330206e-02
4.908326111e+02,2.225936204e-02
4.910546875e+02,2.573303506e-02
4.912767639e+02,-1.736017317e-02
4.914988708e+02,1.826136187e-02
4.917209778e+02,3.795643151e-02
4.919430847e+02,-1.401758101e-02
4.921651917e+02,-1.880207472e-02
4.923873291e+02,-2.810070291e-03
4.926094666e+02,1.134678535e-02
4.928316345e+02,-1.657368056e-02
4.930538025e+02,-2.316055074e-02
4.932759705e+02,-1.001958083e-02
4.934981689e+02,-6.447596010e-03
4.937203674e+02,-2.545448579e-02
4.939425659e+02,1.088799909e-02
4.941647949e+02,-1.391926967e-02
4.943870239e+02,-5.890497472e-03
4.946092834e+02,-1.883484423e-02
4.948315125e+02,-1.024897397e-02
4.950538025e+02,3.514636075e-03
4.952760620e+02,-6.799878902e-04
4.954983521e+02,-2.823997848e-02
4.957206421e+02,3.744029673e-03
4.959429626e+02,-6.119891070e-03
4.961652832e+02,3.507262841e-02
4.963876038e+02,-8.381055668e-03
4.966099548e+02,8.594064042e-03
4.968323059e+02,-1.460744999e-02
4.970546570e+02,4.301127978e-03
4.972770386e+02,-9.495252743e-03
4.974994202e+02,3.121390240e-03
4.977218018e+02,1.334578637e-02
4.979442139e+02,-3.924267367e-03
4.981666260e+02,-1.690138504e-02
4.983890686e+02,-5.038464442e-03
4.986115112e+02,1.763872243e-02
4.988339539e+02,-1.214966271e-02
4.990564270e+02,-7.463481277e-03
4.992788696e+02,-2.121889964e-03
4.995013733e+02,2.186611667e-02
4.997238464e+02,-5.136775784e-03
4.999463501e+02,-2.276730537e-02
5.001688843e+02,-1.044559665e-02
5.003914185e+02,4.477269575e-02
5.006139526e+02,-5.693874322e-03
5.008364868e+02,2.727324888e-02
5.010590515e+02,-5.104005337e-03
5.012816162e+02,-8.905383758e-03
5.015041809e+02,-1.565610617e-02
5.017267761e+02,-1.618043520e-02
5.019493713e+02,7.479866501e-03
5.021719971e+02,1.983434521e-02
5.023946228e+02,-3.662103321e-03
5.026172485e+02,-1.876930334e-02
5.028399048e+02,-2.224297635e-02
5.030625610e+02,5.775800440e-03
5.032852173e+02,1.278868783e-02
5.035079041e+02,1.122389571e-03
5.037305908e+02,-1.870376244e-02
5.039532776e+02,3.028813377e-02
5.041759949e+02,3.376180679e-02
5.043987122e+02,1.894954219e-02
5.046214600e+02,-1.990807941e-03
5.048441772e+02,1.973603293e-02
5.050669556e+02,-3.563791979e-03
5.052897034e+02,-7.660104427e-03
5.055124817e+02,2.330801822e-02
5.057352600e+02,8.102506399e-03
5.059580688e+02,-1.211689226e-02
5.061808777e+02,-2.125986107e-02
5.064036865e+02,-1.359156519e-02
5.066265259e+02,3.608851135e-02
5.068493652e+02,3.318013158e-03
5.070722046e+02,-2.453691140e-02
5.072950745e+02,-2.430751920e-02
5.075179443e+02,3.123847954e-02
5.077408142e+02,3.572803736e-02
5.079637146e+02,1.180557255e-02
5.081866150e+02,-1.067499071e-02
5.084095459e+02,-4.546906799e-03
5.086324768e+02,-4.415825009e-03
5.088554077e+02,-1.958037261e-03
5.090783386e+02,-7.266858593e-03
5.093013000e+02,-2.515135799e-03
5.095242920e+02,-7.594563533e-03
5.097472534e+02,-1.539394259e-02
5.099702454e+02,-3.399939276e-03
5.101932373e+02,1.216604840e-02
5.104162598e+02,-1.441082731e-02
5.106392822e+02,-2.964911051e-02
5.108623352e+02,2.375861222e-04
5.110853577e+02,-5.530022085e-03
5.113084106e+02,-1.591826975e-02
5.115314941e+02,2.946887165e-02
5.117545776e+02,-2.581496164e-02
5.119776611e+02,-7.660104427e-03
5.122007446e+02,-6.480366457e-03
5.124238892e+02,-3.259845451e-02
5.126469727e+02,-5.038464442e-03
5.128701172e+02,-2.867418807e-04
5.130932617e+02,-7.332399487e-03
5.133164062e+02,-1.552502438e-02
5.135395508e+02,-1.273953170e-02
5.137627563e+02,-1.728643896e-03
5.139859619e+02,2.022759058e-02
5.142091064e+02,-1.667199098e-02
5.144323120e+02,4.137275741e-03
5.146555786e+02,-1.123208925e-02
5.148787842e+02,5.548864976e-02
5.151019897e+02,1.301808096e-02
5.153252563e+02,-1.047836710e-02
5.155485229e+02,1.003596559e-02
5.157717896e+02,1.672114804e-02
5.159950562e+02,-8.282744326e-03
5.162183838e+02,-6.054349709e-03
5.164416504e+02,5.325206439e-04
5.166649780e+02,-2.165310830e-02
5.168883057e+02,-2.352102660e-02
5.171116333e+02,1.554141007e-02
5.173350220e+02,7.946846308e-04
5.175583496e+02,8.168047294e-03
5.177817383e+02,3.645718098e-03
5.180051270e+02,-9.462482296e-03
5.182285156e+02,1.616404951e-02
5.184519043e+02,-2.184973098e-02
5.186752930e+02,-3.563791979e-03
5.188987427e+02,-1.205135137e-02
5.191221313e+02,5.349784158e-03
5.193455811e+02,-2.535617352e-02
5.195690308e+02,-2.797781490e-02
5.197925415e+02,1.583634503e-02
5.200159912e+02,-8.413826115e-03
5.202395020e+02,-3.194304556e-02
5.204629517e+02,-2.863322385e-02
5.206864624e+02,1.816304959e-02
5.209099731e+02,2.498750575e-03
5.211335449e+02,-2.106323838e-02
5.213570557e+02,5.906882696e-03
5.215806274e+02,-1.113377698e-02
5.218041992e+02,-4.833648854e-04
5.220277710e+02,-2.139094472e-02
5.222513428e+02,-1.054390799e-02
5.224749146e+02,-8.086120710e-03
5.226985474e+02,-3.924267367e-03
5.229221191e+02,-2.283284627e-02
5.231457520e+02,-1.536117215e-02
5.233693848e+02,1.065860502e-02
5.235930176e+02,-1.532840170e-02
5.238167114e+02,-1.103546564e-02
5.240403442e+02,-3.522828629e-04
5.242640381e+02,-2.744529396e-03
5.244877319e+02,2.842021547e-02
5.247114258e+02,-1.342771202e-02
5.249351196e+02,2.828913368e-02
5.251588745e+02,-1.873653382e-02
5.253826294e+02,5.218701903e-03
5.256063232e+02,-2.867418807e-04
5.258300781e+02,-8.118891157e-03
5.260538330e+02,2.422559261e-02
5.262776489e+02,2.176780440e-02
5.265014038e+02,-5.136775784e-03
5.267252197e+02,-5.956038367e-03
5.269490356e+02,2.422559261e-02
5.271728516e+02,-1.906423829e-02
5.273966675e+02,-2.584773116e-02
5.276204834e+02,5.932279676e-02
5.278443604e+02,-4.251972307e-03
5.280682373e+02,7.643719204e-03
5.282921143e+02,3.743210435e-02
5.285159912e+02,-2.103046887e-02
5.287398682e+02,2.701108530e-02
5.289637451e+02,-1.001958083e-02
5.291876831e+02,-3.220520914e-02
5.294116211e+02,-2.646217821e-03
5.296355591e+02,7.184932008e-03
5.298594971e+02,-1.618043520e-02
5.300834351e+02,-6.185431965e-03
5.303074341e+02,-3.761234134e-02
5.305313721e+02,-5.988808814e-03
5.307553711e+02,-2.056348836e-03
5.309793701e+02,3.350783605e-03
5.312033691e+02,-3.076330759e-02
5.314274292e+02,7.036645710e-02
5.316514282e+02,-5.734837396e-05
5.318754883e+02,1.432480514e-01
5.320995483e+02,4.613185227e-01
5.323236084e+02,6.353626251e-01
5.325476685e+02,4.074766040e-01
5.327717285e+02,2.315317690e-01
5.329958496e+02,1.070694178e-01
5.332199707e+02,6.859684736e-02
5.334440308e+02,5.935556814e-02
5.336682129e+02,-1.313277800e-02
5.338923340e+02,-2.044059895e-02
5.341164551e+02,3.877569363e-02
5.343406372e+02,4.923767410e-03
5.345648193e+02,-9.528023191e-03
5.347890015e+02,1.269037649e-02
5.350131836e+02,9.151162580e-03
5.352373657e+02,-1.564791426e-03
5.354616089e+02,-1.260844991e-02
5.356857910e+02,2.232490294e-02
5.359100342e+02,-1.155979373e-02
5.361342773e+02,-3.137775464e-03
5.363585205e+02,3.471215069e-02
5.365828247e+02,2.498750575e-03
5.368070679e+02,-9.749223827e-04
5.370313721e+02,-4.579677247e-03
5.372556763e+02,-1.650813967e-02
5.374799805e+02,-3.485962003e-02
5.377042847e+02,1.679488108e-03
5.379285889e+02,1.577080227e-02
5.381529541e+02,-6.709760055e-03
5.383773193e+02,-3.171364963e-02
5.386016846e+02,1.354240905e-02
5.388260498e+02,2.433209680e-03
5.390504150e+02,1.220701146e-03
5.392747803e+02,1.190388389e-02
5.394992065e+02,-5.595562980e-03
5.397236328e+02,-6.709760055e-03
5.399480591e+02,7.086620666e-03
5.401724854e+02,-2.227574773e-02
5.403969116e+02,-7.627333980e-03
5.406213989e+02,2.589688823e-02
5.408458252e+02,-2.450414188e-02
5.410703125e+02,-2.086661570e-02
5.412947998e+02,1.799919643e-02
5.415192871e+02,2.433209680e-03
5.417438354e+02,-1.555779483e-02
5.419683228e+02,-1.532840170e-02
5.421928711e+02,4.596062470e-03
5.424174194e+02,8.495751768e-03
5.426419678e+02,-5.956038367e-03
5.428665161e+02,-5.857727025e-03
5.430910645e+02,5.022079218e-03
5.433156738e+02,1.619681902e-02
5.435402832e+02,-2.483184636e-02
5.437648315e+02,3.686681157e-04
5.439895020e+02,-3.858726472e-03
5.442141113e+02,7.184932008e-03
5.444387207e+02,-1.867099293e-02
5.446633911e+02,6.136276294e-03
5.448880615e+02,8.299129084e-03
5.451127319e+02,-1.139594149e-02
5.453374023e+02,-1.988350041e-02
5.455620728e+02,-7.791186217e-03
5.457867432e+02,4.247875884e-02
5.460114746e+02,-5.333398934e-03
5.462362061e+02,-1.916255057e-02
5.464609375e+02,-8.675989695e-03
5.466856689e+02,-7.365169935e-03
5.469104004e+02,-2.489738725e-02
5.471351929e+02,-1.401758101e-02
5.473599243e+02,-1.352602430e-02
5.475847168e+02,4.759915173e-03
5.478095093e+02,-2.571664937e-02
5.480343018e+02,-2.912478149e-02
5.482591553e+02,2.235767432e-02
5.484839478e+02,-6.611448247e-03
5.487088013e+02,-7.266858593e-03
5.489336548e+02,-1.513177808e-02
5.491585083e+02,-3.394204378e-02
5.493833618e+02,-3.522828629e-04
5.496082764e+02,5.139233544e-02
5.498331299e+02,1.940832846e-02
5.500580444e+02,-2.964911051e-02
5.502829590e+02,1.924447529e-02
5.505078735e+02,1.554141007e-02
5.507327881e+02,8.602256421e-04
5.509577637e+02,-1.283784304e-02
5.511826782e+02,-8.774301037e-03
5.514076538e+02,9.544407949e-03
5.516326294e+02,-8.577678353e-03
5.518576050e+02,-3.112378158e-02
5.520825806e+02,-7.234087680e-03
5.523076172e+02,-8.512137458e-03
5.525325928e+02,-2.499569952e-02
5.527576294e+02,2.138275187e-03
5.529826660e+02,-2.457787559e-05
5.532077026e+02,-1.090438385e-02
5.534328003e+02,1.253471593e-03
5.536578369e+02,6.562292576e-03
5.538829346e+02,1.695054024e-02
5.541080322e+02,6.595063023e-03
5.543331299e+02,-2.614266612e-02
5.545582275e+02,-1.277230214e-02
5.547833252e+02,1.269037649e-02
5.550084839e+02,2.563472278e-02
5.552335815e+02,-1.978519000e-02
5.554587402e+02,-2.669976465e-02
5.556838989e+02,3.379457816e-02
5.559091187e+02,2.891996643e-03
5.561342773e+02,3.454830125e-02
5.563594971e+02,-2.991127409e-02
5.565846558e+02,5.218701903e-03
5.568098755e+02,1.875291951e-02
5.570350952e+02,6.988309324e-03
5.572603760e+02,-2.040782943e-02
5.574855957e+02,1.776980422e-02
5.577108765e+02,-1.054390799e-02
5.579360962e+02,-2.846937254e-02
5.581613770e+02,-3.548225760e-02
5.583866577e+02,-3.203316359e-03
5.586119995e+02,7.619141252e-04
5.588372803e+02,-1.618043520e-02
5.590626221e+02,-3.479407728e-02
5.592879028e+02,-3.301627934e-03
5.595132446e+02,-2.184973098e-02
5.597386475e+02,-9.593564086e-03
5.599639893e+02,-5.824956577e-03
5.601893311e+02,2.629832597e-03
5.604147339e+02,4.854130372e-02
5.606401367e+02,4.696831852e-02
5.608655396e+02,2.098131180e-02
5.610909424e+02,1.351783169e-03
5.613163452e+02,6.726145279e-03
5.615418091e+02,-5.071234889e-03
5.617672119e+02,2.111239545e-02
5.619926758e+02,1.541032735e-02
5.622181396e+02,-1.670476235e-02
5.624436646e+02,-1.667199098e-02
5.626691284e+02,-6.840841845e-03
5.628945923e+02,6.332898978e-03
5.631201172e+02,1.046198234e-02
5.633456421e+02,-6.349284202e-03
5.635711670e+02,1.196942478e-02
5.637966919e+02,2.455329709e-02
5.640222778e+02,9.020079859e-03
5.642478027e+02,-6.054349709e-03
5.644733887e+02,1.613127813e-02
5.646989746e+02,-1.499250415e-03
5.649245605e+02,4.825456068e-03
5.651501465e+02,-2.083384618e-02
5.653757935e+02,1.679488108e-03
5.656013794e+02,-1.237086370e-03
5.658270264e+02,3.713716939e-02
5.660526733e+02,-2.335717343e-02
5.662783203e+02,-8.315514773e-03
5.665039673e+02,-2.908381866e-03
5.667296753e+02,2.583134733e-02
5.669553223e+02,1.180557255e-02
5.671810303e+02,-1.323108934e-02
5.674067383e+02,2.334078774e-02
5.676324463e+02,-7.627333980e-03
5.678581543e+02,-1.696692593e-02
5.680839233e+02,3.690777719e-02
5.683096313e+02,-1.080607250e-02
5.685354004e+02,-1.244459767e-02
5.687611694e+02,-1.998181269e-02
5.689869385e+02,2.052252553e-02
5.692127686e+02,2.278368920e-02
5.694385376e+02,1.626235992e-02
5.696643677e+02,4.104505293e-03
5.698901978e+02,-1.060944982e-02
5.701160278e+02,-1.719632000e-02
5.703418579e+02,6.558196247e-02
5.705676880e+02,-2.073553391e-02
5.707935791e+02,5.398120731e-02
5.710194092e+02,-7.201317232e-03
5.712453003e+02,-3.850533685e-04
5.714711914e+02,-1.142871194e-02
5.716970825e+02,-1.994904131e-02
5.719230347e+02,2.320970595e-02
5.721489258e+02,4.605074599e-02
5.723748779e+02,-2.604435571e-02
5.726008301e+02,-1.205135137e-02
5.728267822e+02,1.155160135e-03
5.730527344e+02,3.854630142e-02
5.732786865e+02,5.218701903e-03
5.735046997e+02,-1.564791426e-03
5.737307129e+02,7.373362314e-05
5.739566650e+02,-6.349284202e-03
5.741826782e+02,-8.053350262e-03
5.744087524e+02,-4.514136352e-03
5.746347656e+02,1.318193320e-02
5.748608398e+02,-2.758456767e-02
5.750868530e+02,-7.856727578e-03
5.753129272e+02,-6.906382740e-03
5.755390015e+02,-5.161353620e-04
5.757651367e+02,-7.168546785e-03
5.759912109e+02,-2.368487976e-02
5.762173462e+02,-5.816763733e-04
5.764434204e+02,3.875111695e-03
5.766695557e+02,-1.300169621e-02
5.768956909e+02,-2.207912505e-02
5.771218872e+02,6.308321026e-04
5.773480225e+02,-7.922268473e-03
5.775742188e+02,-2.027674764e-02
5.778003540e+02,-1.296892576e-02
5.780265503e+02,-6.513136905e-03
5.782527466e+02,2.756818384e-02
5.784790039e+02,6.824456621e-03
5.787052002e+02,-1.791727170e-02
5.789314575e+02,-1.100269519e-02
5.791577148e+02,-8.315514773e-03
5.793839111e+02,-1.073233900e-03
5.796102295e+02,-1.811389439e-02
5.798364868e+02,8.393344283e-02
5.800627441e+02,-1.204315922e-03
5.802890625e+02,-2.201358415e-02
5.805153809e+02,-3.465480404e-03
5.807416992e+02,8.929961477e-04
5.809680176e+02,-8.774301037e-03
5.811943359e+02,-1.444359776e-02
5.814207153e+02,7.381555159e-03
5.816470337e+02,5.827414244e-02
5.818734131e+02,1.809750870e-02
5.820997925e+02,-2.482365351e-03
5.823261719e+02,-2.004735358e-02
5.825526123e+02,4.661603831e-03
5.827789917e+02,-1.762233675e-02
5.830054321e+02,1.341132727e-02
5.832318726e+02,-3.662103321e-03
5.834583130e+02,-5.562792532e-03
5.836847534e+02,-1.221520361e-02
5.839111938e+02,1.226435974e-02
5.841376953e+02,-1.532840170e-02
5.843641357e+02,-9.011887596e-05
5.845906372e+02,1.563972048e-02
5.848171387e+02,-2.335717343e-02
5.850436401e+02,-2.683084644e-02
5.852702026e+02,7.619141252e-04
5.854967041e+02,2.301308326e-02
5.857232666e+02,-2.243959904e-02
5.859498291e+02,-7.070235442e-03
5.861763916e+02,-5.890497472e-03
5.864029541e+02,1.253471593e-03
5.866295166e+02,-1.073233900e-03
5.868561401e+02,-3.082884848e-02
5.870827026e+02,6.332898978e-03
5.873093262e+02,1.089619123e-03
5.875359497e+02,-2.873153612e-02
5.877625732e+02,-3.243460134e-02
5.879892578e+02,-1.335397828e-03
5.882158813e+02,-1.155979373e-02
5.884425659e+02,-1.083884295e-02
5.886692505e+02,4.366669338e-03
5.888959351e+02,2.222659253e-02
5.891226196e+02,-4.383054562e-03
5.893493652e+02,4.454330355e-02
5.895760498e+02,-7.692874875e-03
5.898027954e+02,4.123347998e-02
5.900295410e+02,-2.165310830e-02
5.902562866e+02,3.628513590e-02
5.904830322e+02,-9.396940470e-03
5.907097778e+02,1.384553616e-03
5.909365845e+02,-2.351283329e-03
5.911633911e+02,-2.512678131e-02
5.913901978e+02,-1.142871194e-02
5.916170044e+02,2.498750575e-03
5.918438110e+02,-1.234628633e-02
5.920706177e+02,-2.086661570e-02
5.922974854e+02,-3.000958450e-02
5.925242920e+02,4.549364746e-02
5.927511597e+02,-5.857727025e-03
5.929780273e+02,9.151162580e-03
5.932049561e+02,7.373362314e-05
5.934318237e+02,2.504485473e-02
5.936587524e+02,1.636067219e-02
5.938856201e+02,3.416324733e-03
5.941125488e+02,-5.759415217e-03
5.943394775e+02,9.478867054e-03
5.945664673e+02,4.268357530e-03
5.947933960e+02,-3.105004784e-03
5.950203857e+02,-5.267858040e-03
5.952473145e+02,2.635567449e-02
5.954743042e+02,4.490377754e-02
5.957012939e+02,-1.680307463e-02
5.959283447e+02,-7.266858593e-03
5.961553345e+02,9.118391201e-03
5.963823853e+02,-5.005693994e-03
5.966093750e+02,-2.001458220e-02
5.968364258e+02,1.200219523e-02
5.970634766e+02,3.711259225e-03
5.972905884e+02,1.573803276e-02
5.975176392e+02,7.807571441e-03
5.977447510e+02,-2.679807693e-02
5.979718018e+02,2.406173944e-02
5.981989136e+02,-8.970924653e-03
5.984260254e+02,-1.811389439e-02
5.986531982e+02,-2.322609164e-02
5.988803101e+02,-1.500069629e-02
5.991074829e+02,-5.595562980e-03
5.993345947e+02,2.796142921e-02
5.995617676e+02,-2.833829075e-02
5.997889404e+02,9.085620753e-03
6.000161743e+02,3.503985703e-02
6.002433472e+02,-9.069235995e-03
6.004705811e+02,9.642719291e-03
6.006977539e+02,-1.441082731e-02
6.009249878e+02,1.423058938e-02
6.011522217e+02,-4.907382187e-03
6.013795166e+02,-1.362433564e-02
6.016067505e+02,1.069137547e-02
6.018340454e+02,-1.728643896e-03
6.020612793e+02,-1.597561873e-03
6.022885742e+02,-8.282744326e-03
6.025158691e+02,9.511637501e-03
6.027432251e+02,7.873112336e-03
6.029705200e+02,1.993265748e-02
6.031978760e+02,9.741031565e-03
6.034251709e+02,3.284423426e-02
6.036525269e+02,-2.089119283e-03
6.038798828e+02,-6.283743307e-03
6.041072998e+02,-1.332940068e-02
6.043346558e+02,7.512636948e-03
6.045620728e+02,6.791686174e-03
6.047894287e+02,-1.601658203e-02
6.050168457e+02,-1.398481056e-02
6.052442627e+02,1.937555894e-02
6.054717407e+02,-3.727644449e-03
6.056991577e+02,2.435667440e-02
6.059266357e+02,7.447096054e-03
6.061540527e+02,6.791686174e-03
6.063815308e+02,2.662603045e-03
6.066090698e+02,2.668337896e-02
6.068365479e+02,-1.536117215e-02
6.070640259e+02,3.330302238e-02
6.072915649e+02,4.759915173e-03
6.075191040e+02,7.059585303e-02
6.077465820e+02,-4.874611739e-03
6.079741821e+02,8.530980349e-02
6.082017212e+02,3.219701583e-03
6.084292603e+02,2.035867237e-02
6.086568604e+02,2.144009992e-02
6.088844604e+02,2.695373725e-03
6.091119995e+02,3.121390240e-03
6.093396606e+02,1.478768792e-02
6.095672607e+02,1.983434521e-02
6.097948608e+02,3.449095180e-03
6.100225220e+02,2.117793635e-02
6.102501831e+02,7.757596672e-02
6.104777832e+02,4.886900634e-02
6.107055054e+02,3.449095180e-03
6.109331665e+02,2.999320067e-02
6.111608276e+02,7.619960606e-02
6.113885498e+02,1.557418052e-02
6.116162720e+02,2.665060945e-02
6.118439331e+02,1.940832846e-02
6.120716553e+02,3.471215069e-02
6.122994385e+02,1.337855682e-02
6.125271606e+02,1.295254007e-02
6.127549438e+02,1.557418052e-02
6.129826660e+02,4.224936664e-02
6.132104492e+02,6.515594572e-02
6.134382324e+02,6.056807563e-02
6.136660767e+02,3.628513590e-02
6.138938599e+02,6.925226003e-02
6.141217041e+02,3.343410417e-02
6.143494873e+02,9.160173684e-02
6.145773315e+02,5.109740049e-02
6.148051758e+02,3.041921742e-02
6.150330811e+02,8.576858789e-02
6.152609253e+02,7.652731240e-02
6.154887695e+02,6.787589937e-02
6.157166748e+02,4.687000811e-02
6.159445801e+02,1.026126295e-01
6.161724854e+02,1.030714139e-01
6.164003906e+02,5.693054944e-02
6.166283569e+02,6.010929123e-02
6.168562622e+02,5.906063318e-02
6.170842285e+02,7.878847420e-02
6.173121948e+02,7.678947598e-02
6.175401611e+02,1.002531499e-01
6.177681274e+02,8.311417699e-02
6.179961548e+02,1.316800565e-01
6.182241211e+02,9.763151407e-02
6.184521484e+02,1.116245165e-01
6.186801758e+02,8.082024753e-02
6.189082031e+02,1.432152838e-01
6.191362305e+02,1.048082486e-01
6.193642578e+02,1.083474681e-01
6.195923462e+02,1.350226551e-01
6.198203735e+02,1.238479093e-01
6.200484619e+02,1.315489858e-01
6.202765503e+02,1.463284791e-01
6.205046997e+02,1.483930200e-01
6.207327881e+02,1.785091013e-01
6.209608765e+02,1.486224085e-01
6.211890259e+02,1.601248533e-01
6.214171753e+02,1.408885717e-01
6.216453247e+02,1.773949116e-01
6.218734741e+02,1.674982160e-01
6.221016846e+02,1.644833386e-01
6.223298340e+02,1.787057221e-01
6.225580444e+02,1.759530008e-01
6.227862549e+02,1.825398803e-01
6.230144653e+02,1.881764084e-01
6.232426758e+02,1.885696501e-01
6.234708862e+02,1.815895289e-01
6.236991577e+02,2.154742330e-01
6.239273682e+02,1.869639009e-01
6.241556396e+02,2.132458389e-01
6.243839111e+02,2.731503248e-01
6.246121826e+02,2.320888788e-01
6.248404541e+02,2.255675495e-01
6.250687866e+02,2.723310590e-01
6.252971191e+02,2.260918766e-01
6.255253906e+02,2.654492557e-01
6.257537231e+02,2.571583092e-01
6.259821167e+02,2.541761994e-01
6.262104492e+02,2.734780014e-01
6.264387817e+02,2.603042722e-01
6.266671753e+02,3.461629748e-01
6.268955688e+02,3.075265586e-01
6.271239624e+02,2.778037190e-01
6.273523560e+02,2.777709365e-01
6.275807495e+02,2.902565002e-01
6.278092041e+02,3.067001998e-01
6.280375977e+02,2.912929654e-01
6.282660522e+02,3.020185828e-01
6.284945068e+02,3.242043257e-01
6.287229614e+02,3.213488460e-01
6.289514160e+02,3.552396297e-01
6.291799316e+02,3.320979476e-01
6.294083862e+02,3.472894430e-01
6.296369019e+02,3.651519120e-01
6.298654175e+02,3.467755616e-01
6.300939331e+02,3.459906578e-01
6.303224487e+02,3.508275151e-01
6.305510254e+02,4.054792225e-01
6.307795410e+02,3.655982018e-01
6.310081177e+02,3.968541026e-01
6.312366943e+02,4.328652024e-01
6.314652710e+02,4.099874496e-01
6.316938477e+02,4.092515707e-01
6.319224854e+02,3.805189431e-01
6.321510620e+02,4.094709158e-01
6.323796997e+02,4.331527352e-01
6.326083374e+02,4.282090366e-01
6.328369751e+02,4.655024707e-01
6.330656128e+02,4.080632031e-01
6.332943115e+02,4.889753163e-01
6.335229492e+02,4.777523577e-01
6.337516479e+02,4.602434039e-01
6.339803467e+02,4.754209220e-01
6.342090454e+02,4.533345401e-01
6.344377441e+02,4.635319412e-01
6.346664429e+02,4.541046917e-01
6.348952026e+02,5.193674564e-01
6.351239624e+02,5.267971754e-01
6.353526611e+02,4.754071832e-01
6.355814819e+02,5.234173536e-01
6.358102417e+02,5.310946107e-01
6.360390015e+02,5.454195738e-01
6.362678223e+02,5.524126291e-01
6.364965820e+02,5.462372899e-01
6.367254028e+02,5.644183755e-01
6.369542236e+02,5.763642192e-01
6.371830444e+02,5.675538778e-01
6.374119263e+02,5.966312885e-01
6.376407471e+02,5.893108249e-01
6.378696289e+02,5.915126801e-01
6.380984497e+02,6.029946804e-01
6.383273315e+02,5.895845890e-01
6.385562744e+02,6.079016328e-01
6.387851562e+02,6.317073107e-01
6.390140381e+02,6.255047917e-01
6.392429810e+02,5.942595005e-01
6.394719238e+02,5.821477771e-01
6.397008667e+02,5.882827640e-01
6.399298096e+02,6.135222912e-01
6.401587524e+02,6.068866849e-01
6.403877563e+02,6.459054351e-01
6.406166992e+02,5.846634507e-01
6.408457031e+02,6.114369631e-01
6.410747070e+02,5.899097919e-01
6.413037109e+02,5.853394270e-01
6.415327148e+02,6.117167473e-01
6.417617798e+02,6.149395704e-01
6.419907837e+02,5.811516047e-01
6.422198486e+02,5.803197026e-01
6.424489136e+02,6.308347583e-01
6.426779785e+02,6.089263558e-01
6.429070435e+02,5.913414955e-01
6.431361694e+02,6.301542521e-01
6.433652344e+02,6.163004041e-01
6.435943604e+02,6.238292456e-01
6.438234863e+02,5.820195079e-01
6.440526123e+02,5.983271003e-01
6.442817383e+02,5.887503624e-01
6.445108643e+02,5.791962743e-01
6.447400513e+02,5.829783678e-01
6.449692383e+02,5.676931143e-01
6.451983643e+02,5.909510851e-01
6.454275513e+02,5.868719220e-01
6.456567993e+02,5.968963504e-01
6.458859863e+02,5.995775461e-01
6.461151733e+02,5.984773040e-01
6.463444214e+02,5.865865946e-01
6.465736694e+02,5.853564143e-01
6.468029175e+02,5.708202720e-01
6.470321655e+02,6.157321930e-01
6.472614136e+02,6.266301274e-01
6.474907227e+02,5.727898479e-01
6.477200317e+02,6.177601814e-01
6.479492798e+02,6.182115078e-01
6.481785889e+02,6.161448359e-01
6.484078979e+02,6.266661286e-01
6.486372681e+02,6.237424016e-01
6.488665771e+02,6.148506403e-01
6.490959473e+02,6.053040624e-01
6.493253174e+02,6.208558679e-01
6.495546265e+02,6.037354469e-01
6.497840576e+02,6.216216683e-01
6.500134277e+02,6.235345602e-01
6.502427979e+02,6.535763741e-01
6.504722290e+02,6.068977118e-01
6.507016602e+02,6.158856153e-01
6.509310303e+02,6.100325584e-01
6.511605225e+02,6.013861299e-01
6.513899536e+02,6.545590758e-01
6.516193848e+02,6.542096734e-01
6.518488770e+02,6.495517492e-01
6.520783081e+02,6.146763563e-01
6.523078003e+02,6.542176604e-01
6.525372925e+02,6.411551833e-01
6.527667847e+02,6.255695820e-01
6.529963379e+02,6.257171035e-01
6.532258301e+02,6.424759626e-01
6.534553833e+02,6.401925683e-01
6.536849365e+02,6.561318040e-01
6.539144897e+02,6.584628224e-01
6.541440430e+02,6.802860498e-01
6.543735962e+02,6.609721780e-01
6.546032104e+02,6.908671260e-01
6.548327637e+02,6.789628863e-01
6.550623779e+02,6.743472219e-01
6.552919922e+02,7.024936080e-01
6.555216064e+02,6.812875271e-01
6.557512817e+02,6.816080213e-01
6.559808960e+02,6.858023405e-01
6.562105713e+02,6.845682263e-01
6.564402466e+02,6.992719769e-01
6.566698608e+02,7.118265629e-01
6.568995972e+02,7.156351805e-01
6.571292725e+02,7.071781754e-01
6.573589478e+02,7.671074867e-01
6.575886841e+02,7.081357837e-01
6.578184204e+02,7.433949709e-01
6.580480957e+02,7.282655835e-01
6.582778931e+02,7.799956203e-01
6.585076294e+02,7.323539257e-01
6.587373657e+02,7.174714804e-01
6.589671631e+02,7.492135167e-01
6.591968994e+02,7.478579283e-01
6.594266968e+02,7.398834825e-01
6.596564941e+02,7.612351179e-01
6.598862915e+02,7.498373985e-01
6.601161499e+02,7.452479005e-01
6.603459473e+02,7.719936371e-01
6.605758057e+02,7.428826690e-01
6.608056641e+02,7.828298807e-01
6.610355225e+02,7.990185022e-01
6.612653809e+02,7.522222400e-01
6.614952393e+02,7.759808898e-01
6.617251587e+02,7.911536098e-01
6.619550171e+02,7.556303740e-01
6.621849365e+02,7.653632164e-01
6.624148560e+02,7.931526303e-01
6.626447754e+02,7.818795443e-01
6.628747559e+02,7.695906162e-01
6.631046753e+02,7.527793646e-01
6.633346558e+02,7.957414985e-01
6.635645752e+02,7.957742214e-01
6.637945557e+02,7.760463953e-01
6.640245361e+02,7.557287216e-01
6.642545776e+02,7.689352036e-01
6.644845581e+02,7.712619305e-01
6.647145386e+02,7.927921414e-01
6.649445801e+02,7.685092092e-01
6.651746216e+02,7.549749613e-01
6.654046631e+02,7.647733688e-01
6.656347046e+02,7.866640687e-01
6.658648071e+02,7.378360033e-01
6.660948486e+02,7.446194887e-01
6.663249512e+02,7.829937339e-01
6.665550537e+02,7.585469484e-01
6.667851562e+02,7.819451094e-01
6.670152588e+02,7.826988101e-01
6.672453613e+02,7.858448029e-01
6.674755249e+02,7.862052321e-01
6.677056274e+02,7.688696384e-01
6.679357910e+02,7.551715970e-01
6.681659546e+02,7.639213204e-01
6.683961182e+02,7.532053590e-01
6.686262817e+02,7.734247446e-01
6.688565063e+02,7.639868855e-01
6.690866699e+02,7.881059647e-01
6.693168945e+02,7.553682327e-01
6.695471191e+02,7.715896368e-01
6.697773438e+02,7.657564878e-01
6.700075684e+02,8.016401529e-01
6.702378540e+02,7.919400930e-01
6.704680786e+02,7.660186291e-01
6.706983643e+02,7.780454159e-01
6.709286499e+02,8.167473674e-01
6.711589355e+02,8.081614971e-01
6.713892212e+02,7.666740417e-01
6.716195679e+02,7.726710439e-01
6.718498535e+02,7.817484736e-01
6.720802002e+02,7.779143453e-01
6.723105469e+02,7.734247446e-01
6.725408936e+02,7.658875585e-01
6.727712402e+02,7.790940404e-01
6.730015869e+02,8.129132390e-01
6.732319336e+02,7.636591792e-01
6.734623413e+02,7.615290880e-01
6.736927490e+02,7.759808898e-01
6.739231567e+02,7.998377681e-01
6.741535645e+02,7.799788713e-01
6.743839722e+02,7.651993632e-01
6.746144409e+02,7.988546491e-01
6.748448486e+02,8.031148314e-01
6.750753174e+02,7.658219934e-01
6.753057861e+02,7.849927545e-01
6.755362549e+02,7.989202142e-01
6.757667236e+02,8.000344038e-01
6.759971924e+02,8.202865720e-01
6.762277222e+02,7.943978906e-01
6.764582520e+02,7.954137921e-01
6.766887817e+02,8.110452890e-01
6.769193115e+02,7.946600318e-01
6.771498413e+02,7.914813161e-01
6.773803711e+02,8.110125065e-01
6.776109619e+02,8.375893831e-01
6.778414917e+02,8.020006418e-01
6.780720825e+02,8.221217394e-01
6.783026733e+02,8.358853459e-01
6.785332642e+02,8.518445492e-01
6.787638550e+02,7.949877381e-01
6.789945068e+02,8.302488327e-01
6.792250977e+02,8.160919547e-01
6.794557495e+02,8.296917081e-01
6.796864014e+02,8.977888227e-01
6.799170532e+02,8.085874915e-01
6.801477051e+02,8.165835142e-01
6.803784180e+02,8.330342770e-01
6.806090698e+02,8.188446760e-01
6.808397827e+02,8.468962312e-01
6.810704956e+02,8.418823481e-01
6.813012085e+02,8.639041185e-01
6.815319214e+02,8.227771521e-01
6.817626343e+02,8.198605776e-01
6.819934082e+02,8.504354358e-01
6.822241821e+02,8.542040586e-01
6.824548950e+02,8.197295070e-01
6.826856689e+02,8.211714029e-01
6.829164429e+02,8.452904820e-01
6.831472778e+02,8.193362355e-01
6.833780518e+02,8.225149512e-01
6.836088867e+02,8.081942797e-01
6.838397217e+02,8.251038194e-01
6.840705566e+02,8.285447359e-01
6.843013916e+02,8.187791109e-01
6.845322266e+02,8.301832676e-01
6.847630615e+02,8.540402055e-01
6.849939575e+02,8.472894430e-01
6.852248535e+02,8.310025334e-01
6.854556885e+02,8.071783781e-01
6.856865845e+02,8.045567274e-01
6.859175415e+02,8.208109140e-01
6.861484375e+02,8.120284081e-01
6.863793335e+02,8.232359290e-01
6.866102905e+02,9.543507099e-01
6.868412476e+02,8.288396597e-01
6.870722046e+02,8.493212461e-01
6.873031616e+02,8.282498121e-01
6.875341187e+02,8.304781914e-01
6.877651367e+02,8.201882839e-01
6.879960938e+02,8.156986833e-01
6.882271118e+02,8.317235112e-01
6.884581299e+02,8.177304864e-01
6.886891479e+02,7.951188087e-01
6.889201660e+02,8.004931808e-01
6.891512451e+02,7.943978906e-01
6.893822632e+02,7.890890837e-01
6.896133423e+02,7.890563011e-01
6.898444214e+02,8.024922013e-01
6.900755005e+02,7.606114745e-01
6.903065796e+02,8.136013746e-01
6.905377197e+02,8.070800900e-01
6.907687988e+02,7.685092092e-01
6.909999390e+02,7.963969111e-01
6.912310181e+02,7.755548358e-01
6.914621582e+02,7.689024210e-01
6.916933594e+02,7.833870053e-01
6.919244995e+02,7.691973448e-01
6.921556396e+02,7.832231522e-01
6.923868408e+02,7.546144724e-01
6.926180420e+02,7.544834018e-01
6.928492432e+02,8.014107943e-01
6.930804443e+02,7.638885379e-01
6.933116455e+02,7.453731894e-01
6.935428467e+02,7.320356369e-01
6.937741089e+02,7.554010153e-01
6.940053711e+02,7.624466419e-01
6.942365723e+02,7.647078037e-01
6.944678345e+02,7.289879918e-01
6.946991577e+02,7.610375285e-01
6.949304199e+02,7.356731296e-01
6.951616821e+02,7.204021215e-01
6.953930054e+02,7.038530111e-01
6.956243286e+02,7.456681728e-01
6.958556519e+02,7.250882983e-01
6.960869751e+02,7.021161318e-01
6.963182983e+02,7.386552691e-01
6.965496826e+02,7.434725165e-01
6.967810059e+02,7.261697054e-01
6.970123901e+02,7.089651823e-01
6.972437744e+02,6.799960732e-01
6.974751587e+02,7.364596128e-01
6.977065430e+02,7.133892179e-01
6.979379272e+02,6.940546036e-01
6.981693726e+02,6.910725236e-01
6.984008179e+02,7.105709314e-01
6.986322021e+02,7.185013890e-01
6.988636475e+02,6.933991909e-01
6.990951538e+02,6.864846349e-01
6.993265991e+02,7.573671937e-01
6.995580444e+02,7.140774131e-01
6.997895508e+02,6.992323399e-01
7.000210571e+02,6.804876328e-01
7.002525635e+02,6.947755814e-01
7.004840698e+02,7.892201543e-01
7.007155762e+02,6.854687333e-01
7.009470825e+02,6.864518523e-01
7.011786499e+02,7.232203484e-01
7.014102173e+02,7.488796711e-01
7.016417847e+02,7.099155188e-01
7.018733521e+02,7.113246918e-01
7.021049194e+02,6.975610852e-01
7.023364868e+02,7.493712306e-01
7.025681152e+02,6.760308146e-01
7.027996826e+02,6.804220676e-01
7.030313110e+02,6.991012692e-01
7.032629395e+02,6.974299550e-01
7.034945679e+02,6.861897111e-01
7.037261963e+02,6.826832294e-01
7.039578857e+02,7.044100761e-01
7.041895142e+02,6.732125878e-01
7.044212036e+02,6.658719778e-01
7.046528931e+02,7.201399207e-01
7.048845825e+02,7.031648159e-01
7.051162720e+02,6.662979722e-01
7.053480225e+02,6.912363768e-01
7.055797119e+02,6.511580348e-01
7.058114624e+02,7.302332520e-01
7.060432129e+02,6.847150326e-01
7.062749634e+02,6.593834162e-01
7.065067139e+02,6.602354646e-01
7.067384644e+02,6.641351581e-01
7.069702759e+02,6.502732038e-01
7.072020264e+02,7.299055457e-01
7.074338379e+02,6.660030484e-01
7.076656494e+02,6.429326534e-01
7.078974609e+02,6.775382757e-01
7.081292725e+02,6.527965665e-01
7.083611450e+02,7.750960588e-01
7.085929565e+02,6.905153990e-01
7.088248291e+02,7.269234061e-01
7.090567017e+02,6.453903913e-01
7.092885742e+02,6.495850682e-01
7.095204468e+02,6.721966863e-01
7.097523193e+02,6.965451837e-01
7.099842529e+02,6.655770540e-01
7.102161255e+02,6.523377895e-01
7.104480591e+02,6.730815172e-01
7.106799927e+02,6.508958340e-01
7.109119263e+02,6.383447647e-01
7.111439209e+02,6.306109428e-01
7.113758545e+02,6.726882458e-01
7.116078491e+02,6.657081246e-01
7.118397827e+02,6.524360776e-01
7.120717773e+02,6.378859878e-01
7.123037720e+02,6.271700263e-01
7.125357666e+02,6.294639707e-01
7.127678223e+02,6.312990785e-01
7.129998169e+02,6.361163855e-01
7.132318726e+02,6.476516128e-01
7.134639282e+02,6.459802985e-01
7.136959839e+02,6.098999977e-01
7.139280396e+02,6.295294762e-01
7.141600952e+02,6.456853747e-01
7.143921509e+02,6.103914976e-01
7.146242676e+02,6.221561432e-01
7.148563843e+02,6.112107635e-01
7.150885010e+02,6.078354120e-01
7.153206177e+02,6.136685610e-01
7.155527344e+02,6.023955345e-01
7.157848511e+02,6.098672152e-01
7.160170288e+02,6.243190169e-01
7.162491455e+02,6.392295361e-01
7.164813232e+02,6.293001175e-01
7.167135010e+02,6.103914976e-01
7.169456787e+02,6.340517998e-01
7.171779175e+02,6.277598739e-01
7.174100952e+02,6.167162061e-01
7.176423340e+02,5.818156600e-01
7.178745117e+02,6.124560833e-01
7.181067505e+02,6.171422601e-01
7.183389893e+02,5.736557841e-01
7.185712891e+02,6.153726578e-01
7.188035278e+02,5.828315616e-01
7.190358276e+02,6.060658097e-01
7.192680664e+02,5.991512537e-01
7.195003662e+02,5.760807991e-01
7.197326660e+02,5.734591484e-01
7.199649658e+02,6.009864211e-01
7.201972656e+02,5.847322345e-01
7.204296265e+02,5.521911383e-01
7.206619873e+02,5.834214091e-01
7.208942871e+02,5.756875873e-01
7.211266479e+02,5.821105838e-01
7.213590088e+02,5.907947421e-01
7.215913696e+02,5.790957212e-01
7.218237915e+02,5.938096642e-01
7.220561523e+02,5.847977400e-01
7.222885742e+02,5.481930971e-01
7.225209961e+02,5.600560308e-01
7.227534180e+02,5.667740107e-01
7.229858398e+02,5.265973806e-01
7.232182617e+02,5.329875946e-01
7.234507446e+02,5.414751768e-01
7.236831665e+02,5.409508348e-01
7.239156494e+02,5.675932765e-01
7.241481323e+02,5.427204370e-01
7.243806152e+02,5.247294307e-01
7.246130981e+02,5.643162131e-01
7.248456421e+02,5.625793934e-01
7.250781250e+02,5.279737115e-01
7.253106689e+02,5.242050886e-01
7.255432129e+02,5.302348733e-01
7.257757568e+02,5.079181790e-01
7.260083008e+02,5.202726722e-01
7.262408447e+02,5.054603815e-01
7.264734497e+02,5.615634918e-01
7.267059937e+02,5.013313293e-01
7.269385986e+02,5.235169530e-01
7.271712036e+02,5.387224555e-01
7.274038086e+02,5.053948164e-01
7.276364136e+02,5.054931641e-01
7.278690796e+02,4.897960722e-01
7.281016846e+02,5.008397698e-01
7.283343506e+02,5.120145082e-01
7.285670166e+02,5.139479637e-01
7.287996826e+02,4.869122803e-01
7.290323486e+02,4.768517315e-01
7.292650146e+02,5.053948164e-01
7.294976807e+02,4.934991598e-01
7.297304077e+02,4.910085797e-01
7.299631348e+02,4.978248477e-01
7.301958618e+02,5.109330416e-01
7.304285889e+02,4.994633794e-01
7.306613159e+02,5.170938969e-01
7.308940430e+02,4.951376915e-01
7.311268311e+02,4.895339310e-01
7.313596191e+02,4.998238683e-01
7.315923462e+02,4.710841179e-01
7.318251343e+02,4.641367793e-01
7.320579834e+02,4.788179696e-01
7.322907715e+02,4.568289518e-01
7.325235596e+02,4.412957430e-01
7.327564087e+02,4.818983972e-01
7.329892578e+02,4.748527408e-01
7.332220459e+02,4.850443602e-01
7.334549561e+02,4.574188292e-01
7.336878052e+02,4.696750045e-01
7.339206543e+02,4.681020081e-01
7.341535645e+02,4.409352839e-01
7.343864136e+02,4.868794978e-01
7.346193237e+02,4.562391043e-01
7.348522339e+02,4.646938741e-01
7.350851440e+02,4.362163246e-01
7.353180542e+02,4.511269033e-01
7.355510254e+02,4.668567479e-01
7.357839355e+02,4.331031144e-01
7.360169067e+02,4.211418927e-01
7.362498779e+02,4.325132370e-01
7.364828491e+02,4.432291985e-01
7.367158203e+02,4.308747351e-01
7.369488525e+02,4.235669076e-01
7.371818237e+02,4.344794750e-01
7.374148560e+02,4.558786154e-01
7.376478882e+02,4.368062019e-01
7.378809204e+02,4.454576075e-01
7.381139526e+02,4.269095063e-01
7.383469849e+02,4.172094166e-01
7.385800171e+02,4.214695990e-01
7.388131104e+02,4.117039740e-01
7.390462036e+02,4.314645827e-01
7.392792358e+02,4.063623846e-01
7.395123291e+02,4.608924985e-01
7.397454834e+02,4.188151956e-01
7.399785767e+02,4.453592896e-01
7.402116699e+02,4.062640667e-01
7.404448242e+02,4.239273667e-01
7.406779785e+02,4.063623846e-01
7.409111328e+02,4.403781593e-01
7.411442871e+02,4.058708251e-01
7.413774414e+02,4.096066654e-01
7.416105957e+02,4.029214978e-01
7.418438110e+02,3.889284730e-01
7.420770264e+02,3.904686868e-01
7.423102417e+02,4.187824130e-01
7.425434570e+02,3.650715649e-01
7.427766724e+02,4.169800282e-01
7.430098877e+02,3.835213482e-01
7.432431030e+02,3.934508264e-01
7.434763794e+02,3.742473125e-01
7.437096558e+02,3.584519327e-01
7.439429321e+02,3.701837659e-01
7.441762085e+02,3.832591772e-01
7.444094849e+02,3.844389319e-01
7.446427612e+02,3.659563661e-01
7.448760986e+02,3.772949576e-01
7.451094360e+02,3.711668849e-01
7.453427124e+02,3.746077716e-01
7.455760498e+02,3.658580482e-01
7.458093872e+02,3.773604929e-01
7.460427856e+02,4.005292356e-01
7.462761230e+02,3.470805585e-01
7.465095215e+02,3.449504673e-01
7.467428589e+02,3.567150831e-01
7.469762573e+02,3.727398515e-01
7.472096558e+02,3.366267681e-01
7.474431152e+02,3.635968864e-01
7.476765137e+02,3.593694866e-01
7.479099121e+02,3.672344089e-01
7.481433716e+02,3.368234038e-01
7.483768311e+02,3.764101565e-01
7.486102905e+02,3.522255123e-01
7.488437500e+02,3.210935593e-01
7.490772095e+02,3.291223347e-01
7.493106689e+02,3.268283904e-01
7.495441895e+02,3.398055136e-01
7.497777100e+02,3.300726712e-01
7.500112305e+02,3.183735907e-01
7.502447510e+02,3.335791230e-01
7.504782715e+02,3.234530389e-01
7.507117920e+02,3.182753026e-01
7.509453125e+02,3.231908679e-01
7.511788940e+02,3.399693668e-01
7.514124756e+02,3.116884232e-01
7.516460571e+02,3.232236207e-01
7.518796387e+02,2.926487625e-01
7.521132202e+02,3.660874367e-01
7.523468018e+02,3.247638345e-01
7.525804443e+02,3.168661594e-01
7.528140259e+02,2.863568068e-01
7.530476685e+02,3.273527026e-01
7.532813110e+02,2.962207496e-01
7.535149536e+02,2.927470803e-01
7.537486572e+02,3.328909278e-01
7.539822998e+02,2.987440825e-01
7.542160034e+02,2.927142978e-01
7.544496460e+02,2.691850662e-01
7.546833496e+02,2.920588851e-01
7.549170532e+02,3.358075023e-01
7.551507568e+02,2.824243605e-01
7.553845215e+02,2.846527696e-01
7.556182251e+02,2.748871446e-01
7.558519897e+02,2.895355523e-01
7.560857544e+02,2.600421011e-01
7.563194580e+02,2.583380342e-01
7.565532837e+02,2.709546983e-01
7.567870483e+02,2.867500782e-01
7.570208130e+02,2.981214225e-01
7.572546387e+02,2.601732016e-01
7.574884033e+02,2.586985230e-01
7.577222290e+02,2.830142379e-01
7.579560547e+02,2.761651874e-01
7.581898804e+02,2.849476933e-01
7.584237671e+02,2.538157105e-01
7.586575928e+02,2.690539956e-01
7.588914795e+02,2.668583691e-01
7.591253052e+02,2.676448524e-01
7.593591919e+02,2.325148880e-01
7.595930786e+02,2.549626827e-01
7.598269653e+02,2.765912116e-01
7.600609131e+02,2.496210933e-01
7.602947998e+02,2.354970127e-01
7.605287476e+02,2.344483435e-01
7.607626953e+02,2.894372344e-01
7.609965820e+02,2.507352829e-01
7.612305908e+02,2.433291525e-01
7.614645386e+02,2.453936934e-01
7.616984863e+02,2.855703235e-01
7.619324951e+02,2.919605672e-01
7.621664429e+02,2.385446578e-01
7.624004517e+02,2.325148880e-01
7.626344604e+02,2.438862473e-01
7.628684692e+02,2.332358360e-01
7.631025391e+02,2.119022459e-01
7.633365479e+02,2.571910620e-01
7.635706177e+02,2.856358588e-01
7.638046265e+02,2.728226185e-01
7.640386963e+02,2.189806700e-01
7.642727661e+02,2.350054532e-01
7.645068359e+02,2.257641703e-01
7.647409668e+02,2.086907327e-01
7.649750366e+02,2.131147534e-01
7.652091675e+02,2.434930056e-01
7.654432983e+02,2.250104398e-01
7.656773682e+02,2.102637142e-01
7.659115601e+02,2.208158225e-01
7.661456909e+02,2.691195309e-01
7.663798218e+02,2.304831147e-01
7.666140137e+02,2.407075167e-01
7.668481445e+02,2.086907327e-01
7.670823364e+02,2.403470427e-01
7.673165283e+02,2.434274703e-01
7.675507202e+02,2.373649180e-01
7.677849731e+02,2.039062381e-01
7.680191650e+02,2.141306400e-01
7.682534180e+02,2.182924896e-01
7.684876099e+02,2.036768496e-01
7.687218628e+02,1.858496964e-01
7.689561157e+02,2.204881161e-01
7.691903687e+02,1.983680278e-01
7.694246826e+02,2.121644169e-01
7.696589355e+02,1.845061034e-01
7.698932495e+02,1.947632730e-01
7.701275024e+02,2.324165851e-01
7.703618164e+02,1.872916073e-01
7.705961304e+02,2.137373984e-01
7.708305054e+02,2.184891105e-01
7.710648193e+02,1.783780307e-01
7.712991333e+02,1.893889159e-01
7.715335083e+02,1.947632730e-01
7.717678833e+02,2.129836679e-01
7.720022583e+02,2.364473492e-01
7.722366333e+02,2.012846023e-01
7.724710083e+02,1.932885945e-01
7.727054443e+02,2.276648581e-01
7.729398193e+02,2.790817618e-01
7.731742554e+02,1.752320528e-01
7.734086914e+02,1.748388112e-01
7.736431274e+02,1.932558268e-01
7.738775635e+02,1.841128618e-01
7.741119995e+02,1.894872189e-01
7.743464966e+02,2.176043093e-01
7.745809326e+02,1.781813949e-01
7.748154297e+02,2.461146414e-01
7.750499268e+02,1.989906728e-01
7.752844238e+02,1.685141027e-01
7.755189209e+02,2.123282552e-01
7.757534180e+02,1.823760271e-01
7.759879761e+02,1.628120393e-01
7.762224731e+02,1.647782624e-01
7.764570312e+02,1.831625104e-01
7.766915894e+02,1.745766401e-01
7.769261475e+02,1.697921604e-01
7.771607056e+02,1.567494869e-01
7.773953247e+02,1.761168540e-01
7.776298828e+02,1.627464890e-01
7.778645020e+02,1.682847142e-01
7.780991211e+02,1.723482460e-01
7.783337402e+02,1.673343629e-01
7.785683594e+02,1.518011540e-01
7.788029785e+02,1.404953301e-01
7.790376587e+02,2.086907327e-01
7.792722778e+02,1.451815069e-01
7.795069580e+02,1.659580022e-01
7.797416382e+02,1.745438725e-01
7.799763184e+02,1.522271633e-01
7.802109985e+02,1.542589366e-01
7.804456787e+02,1.566839516e-01
7.806804199e+02,1.860790849e-01
7.809151001e+02,1.245360896e-01
7.811498413e+02,1.553731263e-01
7.813845825e+02,1.603870243e-01
7.816193237e+02,1.572082788e-01
7.818540649e+02,1.392172724e-01
7.820888062e+02,1.692350507e-01
7.823236084e+02,1.483274698e-01
7.825583496e+02,1.617306173e-01
7.827931519e+02,1.453453600e-01
7.830279541e+02,1.322699338e-01
7.832627563e+02,1.374149024e-01
7.834975586e+02,1.386274099e-01
7.837324219e+02,1.381030828e-01
7.839672241e+02,1.492450535e-01
7.842020874e+02,1.391845047e-01
7.844369507e+02,1.126404032e-01
7.846718140e+02,1.525548697e-01
7.849066772e+02,1.458369195e-01
7.851415405e+02,1.494416744e-01
7.853764648e+02,1.289601028e-01
7.856113281e+02,1.372182816e-01
7.858462524e+02,1.268627942e-01
7.860811768e+02,1.769033521e-01
7.863161011e+02,1.228975654e-01
7.865510254e+02,1.400037706e-01
7.867859497e+02,1.796233058e-01
7.870208740e+02,1.323027015e-01
7.872558594e+02,1.201120764e-01
7.874908447e+02,2.046272010e-01
7.877258301e+02,1.726759523e-01
7.879608154e+02,1.453125924e-01
7.881958008e+02,1.402987093e-01
7.884307861e+02,1.170644164e-01
7.886658325e+02,1.415439844e-01
7.889008179e+02,1.278786808e-01
7.891358643e+02,1.566184163e-01
7.893709106e+02,1.224387810e-01
7.896059570e+02,1.814256757e-01
7.898410034e+02,1.288617998e-01
7.900760498e+02,1.370216459e-01
7.903111572e+02,1.005808562e-01
7.905462646e+02,1.275509745e-01
7.907813110e+02,1.126731709e-01
7.910164185e+02,1.185390875e-01
7.912515259e+02,1.082163826e-01
7.914866943e+02,1.184080094e-01
7.917218018e+02,1.318439096e-01
7.919569702e+02,1.337118298e-01
7.921920776e+02,1.004825458e-01
7.924272461e+02,1.208002567e-01
7.926624146e+02,1.157535985e-01
7.928975830e+02,1.190306470e-01
7.931327515e+02,1.265350878e-01
7.933679810e+02,1.089045629e-01
7.936031494e+02,1.217178330e-01
7.938383789e+02,1.025143191e-01
7.940736084e+02,9.209329635e-02
7.943088379e+02,1.664167941e-01
7.945440674e+02,9.815584123e-02
7.947792969e+02,1.062501520e-01
7.950145874e+02,1.033663526e-01
7.952498169e+02,1.058569103e-01
7.954851074e+02,1.215212047e-01
7.957203979e+02,1.060862988e-01
7.959556885e+02,1.127059385e-01
7.961909790e+02,1.222749278e-01
7.964262695e+02,1.078231409e-01
7.966616211e+02,1.260435283e-01
7.968969116e+02,9.310918301e-02
7.971322632e+02,1.690711975e-01
7.973676147e+02,1.013018116e-01
7.976029663e+02,1.348915696e-01
7.978383179e+02,8.386790007e-02
7.980737305e+02,1.097893640e-01
7.983090820e+02,9.173282236e-02
7.985444946e+02,7.977159321e-02
7.987798462e+02,9.910618514e-02
7.990152588e+02,9.628792107e-02
7.992506714e+02,1.003514603e-01
7.994861450e+02,9.582913667e-02
7.997215576e+02,8.268816769e-02
7.999570312e+02,9.170005471e-02
8.001924438e+02,8.924226463e-02
8.004279175e+02,7.121849060e-02
8.006633911e+02,9.448554367e-02
8.008988647e+02,7.914894819e-02
8.011343384e+02,1.266334057e-01
8.013698730e+02,8.088579029e-02
8.016053467e+02,6.227214262e-02
8.018408813e+02,7.593744248e-02
8.020764160e+02,1.391845047e-01
8.023119507e+02,1.023504660e-01
8.025474854e+02,7.020260394e-02
8.027830200e+02,1.035957411e-01
8.030185547e+02,7.898509502e-02
8.032541504e+02,1.018916741e-01
8.034897461e+02,9.248654544e-02
8.037252808e+02,1.097893640e-01
8.039608765e+02,8.763650805e-02
8.041964722e+02,1.017933637e-01
8.044321289e+02,7.983712852e-02
8.046677246e+02,1.129681095e-01
8.049033813e+02,9.156896919e-02
8.051389771e+02,8.966828138e-02
8.053746338e+02,1.060862988e-01
8.056102905e+02,1.140495315e-01
8.058459473e+02,9.202775359e-02
8.060816650e+02,8.629292250e-02
8.063173218e+02,7.423337549e-02
8.065530396e+02,8.039423078e-02
8.067886963e+02,8.419560641e-02
8.070244141e+02,8.894732594e-02
8.072601318e+02,7.177558541e-02
8.074958496e+02,6.594243646e-02
8.077316284e+02,7.760873437e-02
8.079673462e+02,5.696332082e-02
8.082031250e+02,6.862962246e-02
8.084389038e+02,9.504264593e-02
8.086746216e+02,1.038906798e-01
8.089104004e+02,5.466938764e-02
8.091462402e+02,6.420560181e-02
8.093820190e+02,1.177198291e-01
8.096177979e+02,7.112018019e-02
8.098536377e+02,6.794144213e-02
8.100894775e+02,7.993543893e-02
8.103253174e+02,8.278647810e-02
8.105611572e+02,7.590466738e-02
8.107969971e+02,7.911618054e-02
8.110328369e+02,9.989267588e-02
8.112687378e+02,6.849853694e-02
8.115045776e+02,7.898509502e-02
8.117404785e+02,6.689278036e-02
8.119763794e+02,6.112517416e-02
8.122122803e+02,8.088579029e-02
8.124481812e+02,4.637844861e-02
8.126841431e+02,1.141150743e-01
8.129200439e+02,6.712217629e-02
8.131560059e+02,7.714994997e-02
8.133919678e+02,1.362679303e-01
8.136279297e+02,4.257707298e-02
8.138638916e+02,1.047099382e-01
8.140998535e+02,1.142461523e-01
8.143358154e+02,6.040422246e-02
8.145718384e+02,8.717772365e-02
8.148078003e+02,7.000598311e-02
8.150438232e+02,8.068916202e-02
8.152798462e+02,1.126076281e-01
8.155158691e+02,7.773981988e-02
8.157518921e+02,5.719271675e-02
8.159879761e+02,7.964050770e-02
8.162239990e+02,5.319471285e-02
8.164600830e+02,5.715994537e-02
8.166961670e+02,7.423337549e-02
8.169322510e+02,1.158846840e-01
8.171683350e+02,5.840522423e-02
8.174044189e+02,9.933558106e-02
8.176405029e+02,8.760374039e-02
8.178766479e+02,5.502986163e-02
8.181127930e+02,7.344688475e-02
8.183488770e+02,4.808251560e-02
8.185850220e+02,6.394343823e-02
8.188212280e+02,6.115794554e-02
8.190573730e+02,4.909840226e-02
8.192935181e+02,4.411728680e-02
8.195297241e+02,1.086751670e-01
8.197658691e+02,4.677169770e-02
8.200020752e+02,6.666339189e-02
8.202382812e+02,5.224436894e-02
8.204744873e+02,9.071693569e-02
8.207107544e+02,5.729102716e-02
8.209469604e+02,7.682224363e-02
8.211831665e+02,4.821359739e-02
8.214194336e+02,5.119571462e-02
8.216557007e+02,6.391067058e-02
8.218919678e+02,5.326025560e-02
8.221282349e+02,6.568027288e-02
8.223645020e+02,5.529202521e-02
8.226008301e+02,9.265039861e-02
8.228370972e+02,4.808251560e-02
8.230734253e+02,4.575581104e-02
8.233097534e+02,4.192166030e-02
8.235460815e+02,4.850853235e-02
8.237824097e+02,4.274092615e-02
8.240187378e+02,5.896232277e-02
8.242551270e+02,8.236046135e-02
8.244914551e+02,6.394343823e-02
8.247278442e+02,5.217882991e-02
8.249642334e+02,4.624736682e-02
8.252006226e+02,7.780536264e-02
8.254370117e+02,9.124126285e-02
8.256734009e+02,4.156118631e-02
8.259097900e+02,5.434168130e-02
8.261462402e+02,4.883623868e-02
8.263826904e+02,5.768427253e-02
8.266191406e+02,2.419282123e-02
8.268555908e+02,4.234767705e-02
8.270920410e+02,3.844798729e-02
8.273284912e+02,5.719271675e-02
8.275649414e+02,1.921170577e-02
8.278014526e+02,3.372903541e-02
8.280379639e+02,5.561973155e-02
8.282744751e+02,4.441222176e-02
8.285109863e+02,7.229991257e-02
8.287474976e+02,6.250153482e-02
8.289840088e+02,5.299809203e-02
8.292205200e+02,4.742710665e-02
8.294570923e+02,3.533479199e-02
8.296936646e+02,5.162173137e-02
8.299301758e+02,5.771704391e-02
8.301667480e+02,5.735656619e-02
8.304033813e+02,2.760095336e-02
8.306399536e+02,4.411728680e-02
8.308765259e+02,7.531480491e-02
8.311131592e+02,3.222159296e-02
8.313497925e+02,6.296032667e-02
8.315863647e+02,3.133679181e-02
8.318229980e+02,4.752541706e-02
8.320596924e+02,4.208551347e-02
8.322963257e+02,2.907562628e-02
8.325329590e+02,3.045198694e-02
8.327696533e+02,9.943389148e-02
8.330062866e+02,5.525925383e-02
8.332429810e+02,6.223937124e-02
8.334796753e+02,2.314416505e-02
8.337163696e+02,6.538534164e-02
8.339531250e+02,7.652731240e-02
8.341898193e+02,3.045198694e-02
8.344265747e+02,5.008151755e-02
8.346632690e+02,5.673392862e-02
8.349000244e+02,2.360295318e-02
8.351367798e+02,2.894454449e-02
8.353735352e+02,4.506763071e-02
8.356103516e+02,6.325525790e-02
8.358471069e+02,2.920670807e-02
8.360839233e+02,2.815805189e-02
8.363206787e+02,3.159895539e-02
8.365574951e+02,4.693554714e-02
8.367943115e+02,3.313916922e-02
8.370311279e+02,2.330801822e-02
8.372679443e+02,1.475491747e-02
8.375048218e+02,2.812528238e-02
8.377416382e+02,2.946887165e-02
8.379785156e+02,1.911339350e-02
8.382153931e+02,3.048475832e-02
8.384522705e+02,4.041421786e-02
8.386891479e+02,2.871515043e-02
8.389260254e+02,3.825136647e-02
8.391629639e+02,6.391067058e-02
8.393998413e+02,8.639123291e-02
8.396367798e+02,3.775980696e-02
8.398737183e+02,3.638344631e-02
8.401106567e+02,3.802197427e-02
8.403475952e+02,3.579358011e-02
8.405845337e+02,3.930002078e-02
8.408215332e+02,3.356518596e-02
8.410584717e+02,4.765649885e-02
8.412954712e+02,2.799419872e-02
8.415324707e+02,5.175281316e-02
8.417694702e+02,3.104185686e-02
8.420064697e+02,3.127124906e-02
8.422434692e+02,3.533479199e-02
8.424804688e+02,2.645398676e-02
8.427175293e+02,2.750264294e-02
8.429545288e+02,2.868238091e-02
8.431915894e+02,2.796142921e-02
8.434286499e+02,3.317193687e-02
8.436657104e+02,2.868238091e-02
8.439028320e+02,2.052252553e-02
8.441398926e+02,4.441222176e-02
8.443769531e+02,5.404674634e-02
8.446140747e+02,2.039144374e-02
8.448511963e+02,3.736656159e-02
8.450883179e+02,3.861184046e-02
8.453254395e+02,2.376680449e-02
8.455625610e+02,1.259206422e-02
8.457997437e+02,2.864960954e-02
8.460368652e+02,7.331579924e-02
8.462740479e+02,3.913617134e-02
8.465112305e+02,2.746987157e-02
8.467483521e+02,1.193665434e-02
8.469855957e+02,3.785812110e-02
8.472227783e+02,8.652231097e-02
8.474599609e+02,5.145787820e-02
8.476972046e+02,4.696831852e-02
8.479343872e+02,2.750264294e-02
8.481716309e+02,2.737155929e-02
8.484088745e+02,4.690277949e-02
8.486461182e+02,3.117293864e-02
8.488833618e+02,4.015205428e-02
8.491206665e+02,2.497931384e-02
8.493579102e+02,3.304085508e-02
8.495952148e+02,9.937654249e-03
8.498324585e+02,1.603296772e-02
8.500697632e+02,3.503985703e-02
8.503070679e+02,1.613127813e-02
8.505444336e+02,3.186111897e-02
8.507817383e+02,1.649175398e-02
8.510190430e+02,5.932279676e-02
8.512564087e+02,9.249473922e-03
8.514937744e+02,1.016704738e-02
8.517311401e+02,2.596242912e-02
8.519685059e+02,5.594743788e-02
8.522058716e+02,2.743710205e-02
8.524432373e+02,9.642719291e-03
8.526806641e+02,4.591966420e-02
8.529180298e+02,2.943610214e-02
8.531554565e+02,6.857227068e-03
8.533928833e+02,1.547586825e-02
8.536303101e+02,5.502986163e-02
8.538677368e+02,3.418782353e-02
8.541051636e+02,1.675391756e-02
8.543426514e+02,8.272093534e-02
8.545800781e+02,1.485322881e-02
8.548175659e+02,2.796142921e-02
8.550550537e+02,3.507262841e-02
8.552925415e+02,8.266358636e-03
8.555300293e+02,2.366849408e-02
8.557675171e+02,3.703885898e-02
8.560050659e+02,3.333579004e-02
8.562425537e+02,1.845798455e-02
8.564801025e+02,6.600797921e-02
8.567176514e+02,3.759595752e-02
8.569552002e+02,4.949164763e-02
8.571927490e+02,1.760595106e-02
8.574302979e+02,8.098410070e-02
8.576679077e+02,2.137455903e-02
8.579054565e+02,2.701108530e-02
8.581430664e+02,2.035867237e-02
8.583806763e+02,2.121070586e-02
8.586182861e+02,4.375680909e-02
8.588558960e+02,3.776800120e-03
8.590935059e+02,6.443499774e-02
8.593311157e+02,3.599020094e-02
8.595687866e+02,2.969826572e-02
8.598064575e+02,3.795643151e-02
8.600440674e+02,1.468937658e-02
8.602817383e+02,1.681945845e-02
8.605194092e+02,8.823457174e-03
8.607571411e+02,1.754041016e-02
8.609948120e+02,8.266358636e-03
8.612324829e+02,4.126625136e-02
8.614702148e+02,1.573803276e-02
8.617079468e+02,4.723048210e-02
8.619456787e+02,1.383734401e-02
8.621834106e+02,3.058306873e-02
8.624211426e+02,2.907562628e-02
8.626588745e+02,3.848075867e-02
8.628966675e+02,5.284243263e-03
8.631343994e+02,6.414005905e-02
8.633721924e+02,1.432890072e-02
8.636099854e+02,3.241821751e-02
8.638477783e+02,4.661603831e-03
8.640855713e+02,6.748265028e-02
8.643234253e+02,2.311139554e-02
8.645612183e+02,5.083523691e-02
8.647990723e+02,3.546587378e-02
8.650368652e+02,3.766149655e-02
8.652747192e+02,3.441721946e-02
8.655125732e+02,1.318193320e-02
8.657504272e+02,1.878568903e-02
8.659883423e+02,4.605074599e-02
8.662261963e+02,8.036965504e-03
8.664641113e+02,1.911339350e-02
8.667019653e+02,1.803196780e-02
8.669398804e+02,2.973103523e-02
8.671777954e+02,3.285242710e-03
8.674157104e+02,-1.532020862e-03
8.676536865e+02,7.610948756e-03
8.678916016e+02,2.258706652e-02
8.681295776e+02,8.692375384e-03
8.683674927e+02,1.839244366e-02
8.686054688e+02,9.216703475e-03
8.688434448e+02,4.873792455e-02
8.690814209e+02,2.042421326e-02
8.693193970e+02,1.475491747e-02
8.695574341e+02,8.856227621e-03
8.697954102e+02,2.914116718e-02
8.700334473e+02,1.033090055e-02
8.702714844e+02,4.432210233e-03
8.705095215e+02,2.278368920e-02
8.707475586e+02,2.094854228e-02
8.709855957e+02,3.711259225e-03
8.712236328e+02,9.970424697e-03
8.714617310e+02,5.198220536e-02
8.716997681e+02,4.268357530e-03
8.719378662e+02,9.577178396e-03
8.721759644e+02,1.482865075e-03
8.724140625e+02,1.360794995e-02
8.726521606e+02,-2.613447374e-03
8.728903198e+02,7.256207615e-02
8.731284180e+02,1.609850861e-02
8.733665771e+02,8.288478851e-02
8.736046753e+02,6.027314067e-02
8.738428345e+02,4.202816635e-03
8.740809937e+02,-3.662103321e-03
8.743191528e+02,2.746987157e-02
8.745573730e+02,1.999819838e-02
8.747955322e+02,1.826136187e-02
8.750337524e+02,1.613127813e-02
8.752719116e+02,1.593465544e-02
8.755101318e+02,2.248875611e-02
8.757483521e+02,8.757916279e-03
8.759865723e+02,4.096312477e-05
8.762248535e+02,2.488100156e-02
8.764630737e+02,1.026535872e-02
8.767013550e+02,4.385512322e-02
8.769395752e+02,1.537755691e-02
8.771778564e+02,4.110239819e-02
8.774161377e+02,2.452052571e-02
8.776544189e+02,9.540311992e-02
8.778927002e+02,4.444498941e-02
8.781310425e+02,3.068138100e-02
8.783693237e+02,4.264261201e-02
8.786076660e+02,2.596242912e-02
8.788460083e+02,-5.489058676e-04
8.790842896e+02,2.327524684e-02
8.793226318e+02,1.377180219e-02
8.795610352e+02,2.071914822e-02
8.797993774e+02,2.733878978e-02
8.800377197e+02,1.639344171e-02
8.802761230e+02,2.268537879e-02
8.805145264e+02,-1.695873332e-03
8.807529297e+02,1.842521317e-02
8.809913330e+02,6.234587636e-03
8.812297363e+02,6.529522128e-03
8.814681396e+02,-6.447596010e-03
8.817066040e+02,-5.489058676e-04
8.819450073e+02,1.855629496e-02
8.821834717e+02,3.274592385e-02
8.824219360e+02,5.448095500e-03
8.826604004e+02,-1.169087552e-02
8.828988647e+02,8.102506399e-03
8.831373291e+02,4.415005445e-02
8.833757935e+02,3.842341015e-03
8.836143188e+02,-4.415825009e-03
8.838528442e+02,3.746487573e-02
8.840913086e+02,7.217702456e-03
8.843298340e+02,1.534478646e-02
8.845683594e+02,1.190388389e-02
8.848069458e+02,3.189389035e-02
8.850454712e+02,1.039644144e-02
8.852839966e+02,1.754041016e-02
8.855225830e+02,-7.332399487e-03
8.857611694e+02,3.553141281e-02
8.859997559e+02,2.317693643e-02
8.862383423e+02,-5.136775784e-03
8.864769287e+02,1.023258828e-02
8.867155151e+02,5.935556814e-02
8.869541626e+02,2.989488840e-02
8.871927490e+02,5.106463283e-02
8.874313965e+02,8.200817741e-03
8.876700439e+02,3.041921742e-02
8.879086914e+02,1.908881590e-03
8.881473389e+02,1.790088601e-02
8.883859863e+02,3.100908548e-02
8.886246948e+02,6.063361838e-02
8.888633423e+02,3.897231817e-02
8.891020508e+02,-2.744529396e-03
8.893407593e+02,2.124347724e-02
8.895794678e+02,6.833468378e-02
8.898181763e+02,2.370126359e-02
8.900568848e+02,4.669796326e-04
8.902955933e+02,9.642719291e-03
8.905343628e+02,-1.466479851e-03
8.907730713e+02,-6.250972860e-03
8.910118408e+02,2.235767432e-02
8.912506104e+02,3.264760971e-02
8.914893799e+02,1.737655699e-02
8.917281494e+02,2.412728034e-02
8.919669800e+02,3.121390240e-03
8.922057495e+02,8.921768516e-03
8.924445801e+02,7.619141252e-04
8.926833496e+02,3.195942938e-02
8.929221802e+02,2.547087148e-02
8.931610107e+02,1.445998345e-02
8.933998413e+02,4.736156389e-02
8.936387329e+02,9.151162580e-03
8.938775635e+02,1.642621309e-02
8.941164551e+02,-8.544907905e-03
8.943552856e+02,2.842021547e-02
8.945941772e+02,4.034867883e-02
8.948330688e+02,-1.450913865e-02
8.950719604e+02,1.101908088e-02
8.953108521e+02,3.376180679e-02
8.955498047e+02,4.133179411e-02
8.957886963e+02,-6.939153187e-03
8.960276489e+02,-7.201317232e-03
8.962666016e+02,3.966049850e-02
8.965055542e+02,1.691777073e-02
8.967445068e+02,2.990308218e-03
8.969834595e+02,9.446096607e-03
8.972224121e+02,4.146287590e-02
8.974614258e+02,1.078968681e-02
8.977003784e+02,1.940832846e-02
8.979393921e+02,-1.884303783e-04
8.981784058e+02,3.562972695e-02
8.984174194e+02,2.058806643e-02
8.986564331e+02,7.291436195e-04
8.988954468e+02,-9.200317785e-03
8.991345215e+02,3.055849113e-03
8.993735352e+02,3.408951312e-02
8.996126099e+02,-8.151661605e-03
8.998516846e+02,1.314916275e-02
9.000907593e+02,3.943110257e-02
9.003298340e+02,2.288200147e-02
9.005689087e+02,-2.112877928e-02
9.008079834e+02,2.494654246e-02
9.010471191e+02,1.934278756e-02
9.012861938e+02,3.399120271e-02
9.015253296e+02,7.351242751e-02
9.017644653e+02,2.674891986e-02
9.020036011e+02,3.739933297e-02
9.022427368e+02,1.439444255e-02
9.024819336e+02,8.281924576e-02
9.027210693e+02,2.140732855e-02
9.029602661e+02,1.609850861e-02
9.031994019e+02,1.190388389e-02
9.034385986e+02,1.331301592e-02
9.036777954e+02,1.052752323e-02
9.039169922e+02,2.832190506e-02
9.041561890e+02,3.251652792e-02
9.043954468e+02,-1.884303783e-04
9.046346436e+02,8.102506399e-03
9.048739014e+02,2.484823205e-02
9.051131592e+02,1.075691637e-02
9.053524170e+02,7.619141252e-04
9.055916748e+02,-1.575441845e-02
9.058309326e+02,2.433209680e-03
9.060701904e+02,7.373362314e-05
9.063095093e+02,2.990308218e-03
9.065487671e+02,5.677489098e-03
9.067880859e+02,2.471715026e-02
9.070274048e+02,2.202996798e-02
9.072667236e+02,6.169046741e-03
9.075060425e+02,1.210050751e-02
9.077454224e+02,5.227714032e-02
9.079847412e+02,1.006873604e-02
9.082240601e+02,2.730601840e-02
9.084634399e+02,-3.236086806e-03
9.087028198e+02,4.729602486e-02
9.089421997e+02,9.282244369e-03
9.091815796e+02,3.920171037e-02
9.094209595e+02,-2.201358415e-02
9.096604004e+02,6.955538411e-03
9.098997803e+02,-3.760414897e-03
9.101392212e+02,-5.857727025e-03
9.103786011e+02,-1.470576227e-02
9.106180420e+02,3.589189053e-02
9.108574829e+02,2.130901814e-02
9.110969849e+02,-1.693415642e-02
9.113364258e+02,-8.807071485e-03
9.115758667e+02,-9.691875428e-03
9.118153687e+02,2.540533058e-02
9.120548706e+02,1.033090055e-02
9.122943115e+02,1.868737675e-02
9.125338135e+02,6.502486765e-02
9.127733765e+02,1.072414592e-02
9.130128784e+02,3.285242710e-03
9.132523804e+02,2.474991977e-02
9.134919434e+02,-1.106004347e-03
9.137314453e+02,4.825456068e-03
9.139710083e+02,-2.099769749e-02
9.142105713e+02,1.665560715e-02
9.144501343e+02,1.826136187e-02
9.146896973e+02,1.121570356e-02
9.149293213e+02,-8.905383758e-03
9.151688843e+02,-3.989808261e-03
9.154085083e+02,9.282244369e-03
9.156480713e+02,8.757916279e-03
9.158876953e+02,-9.421518771e-04
9.161273193e+02,-2.191527188e-02
9.163669434e+02,2.340633050e-02
9.166066284e+02,-6.545907352e-03
9.168462524e+02,-2.212008694e-04
9.170858765e+02,-3.760414897e-03
9.173255615e+02,1.547586825e-02
9.175652466e+02,8.929961477e-04
9.178049316e+02,7.849354297e-02
9.180446167e+02,2.589688823e-02
9.182843018e+02,4.641121998e-02
9.185239868e+02,-5.038464442e-03
9.187637329e+02,4.104505293e-03
9.190034180e+02,-3.399939276e-03
9.192431641e+02,4.956538323e-03
9.194829102e+02,7.053850219e-03
9.197226562e+02,-3.170545911e-03
9.199624023e+02,-8.020579815e-03
9.202021484e+02,2.651952766e-02
9.204419556e+02,2.343910001e-02
9.206817017e+02,-8.348285221e-03
9.209215088e+02,1.557418052e-02
9.211613159e+02,2.153841034e-02
9.214011230e+02,1.036367100e-02
9.216409302e+02,6.791686174e-03
9.218807373e+02,5.349784158e-03
9.221205444e+02,1.065860502e-02
9.223604126e+02,3.186111897e-02
9.226002197e+02,-4.350283649e-03
9.228400879e+02,1.072414592e-02
9.230799561e+02,1.786811464e-02
9.233198242e+02,1.155160135e-03
9.235596924e+02,1.046198234e-02
9.237995605e+02,-1.824497618e-02
9.240394897e+02,5.652911495e-04
9.242793579e+02,-4.645218607e-03
9.245192871e+02,1.881846040e-02
9.247592163e+02,-3.531021299e-03
9.249991455e+02,5.349784158e-03
9.252390747e+02,1.392828226e-01
9.254790039e+02,2.540533058e-02
9.257189331e+02,-7.430710830e-03
9.259589233e+02,-5.923267920e-03
9.261988525e+02,2.269357210e-03
9.264388428e+02,-4.415825009e-03
9.266788330e+02,-4.178238742e-04
9.269188232e+02,6.988309324e-03
9.271588135e+02,1.288699917e-02
9.273988037e+02,1.239544153e-02
9.276388550e+02,-2.463522367e-02
9.278788452e+02,2.547087148e-02
9.281188965e+02,3.025536425e-02
9.283589478e+02,1.265760604e-02
9.285989990e+02,5.109740049e-02
9.288390503e+02,4.997501383e-04
9.290791016e+02,1.911339350e-02
9.293191528e+02,2.123282552e-01
9.295592651e+02,5.382554606e-03
9.297993164e+02,2.730601840e-02
9.300394287e+02,1.708162390e-02
9.302795410e+02,-1.106004347e-03
9.305196533e+02,-8.675989695e-03
9.307597656e+02,-3.137775464e-03
9.309998779e+02,1.973603293e-02
9.312400513e+02,-3.053391352e-02
9.314801636e+02,5.579177756e-03
9.317203369e+02,-2.867418807e-04
9.319605103e+02,2.248875611e-02
9.322006836e+02,9.806572460e-03
9.324408569e+02,1.754041016e-02
9.326810303e+02,4.598520324e-02
9.329212036e+02,-1.074053161e-02
9.331614380e+02,2.314416505e-02
9.334016113e+02,1.845798455e-02
9.336418457e+02,1.960495114e-02
9.338820801e+02,-1.513177808e-02
9.341223145e+02,7.414325606e-03
9.343625488e+02,-6.906382740e-03
9.346027832e+02,7.373362314e-05
9.348430176e+02,-5.161353620e-04
9.350833130e+02,2.966549434e-02
9.353236084e+02,3.169726580e-02
9.355638428e+02,9.839342907e-03
9.358041382e+02,-5.333398934e-03
9.360444336e+02,-1.287061349e-02
9.362847290e+02,2.416005172e-02
9.365250854e+02,2.943610214e-02
9.367653809e+02,-1.218243316e-02
9.370057373e+02,1.498431154e-02
9.372460327e+02,8.192624591e-06
9.374863892e+02,1.645898446e-02
9.377267456e+02,1.155160135e-03
9.379671021e+02,4.563292023e-03
9.382075195e+02,2.802697010e-02
9.384478760e+02,5.939653143e-03
9.386882324e+02,-4.710759502e-03
9.389286499e+02,-1.188749913e-02
9.391690674e+02,2.075191960e-02
9.394094849e+02,1.731101610e-02
9.396499023e+02,2.792865783e-02
9.398903198e+02,1.364072040e-02
9.401307373e+02,4.287200794e-02
9.403712158e+02,-5.792185664e-03
9.406116333e+02,1.193665434e-02
9.408521118e+02,-1.870376244e-02
9.410925903e+02,7.373362314e-05
9.413330078e+02,3.127124906e-02
9.415735474e+02,-4.251972307e-03
9.418140259e+02,8.200817741e-03
9.420545044e+02,-2.646217821e-03
9.422950439e+02,3.330302238e-02
9.425355225e+02,3.678488545e-03
9.427760620e+02,-1.847437024e-02
9.430166016e+02,1.511539333e-02
9.432571411e+02,2.212828025e-02
9.434976807e+02,-5.366169382e-03
9.437382202e+02,-1.765510626e-02
9.439787598e+02,1.655729488e-02
9.442193604e+02,-7.856727578e-03
9.444599609e+02,5.743029993e-03
9.447005005e+02,1.745029120e-03
9.449411011e+02,-2.416824456e-03
9.451817017e+02,5.743029993e-03
9.454223022e+02,-1.195304003e-02
9.456629639e+02,6.922767963e-03
9.459035645e+02,1.745029120e-03
9.461442261e+02,7.119391114e-03
9.463848267e+02,-1.247736812e-02
9.466254883e+02,6.824456621e-03
9.468661499e+02,6.119071692e-02
9.471068115e+02,1.200219523e-02
9.473475342e+02,3.514636075e-03
9.475881958e+02,-1.971964911e-02
9.478288574e+02,2.048156312e-04
9.480695801e+02,-1.205135137e-02
9.483103027e+02,-4.645218607e-03
9.485510254e+02,2.353741229e-02
9.487917480e+02,2.340633050e-02
9.490324707e+02,2.291477285e-02
9.492731934e+02,-1.647536829e-02
9.495139160e+02,1.286242157e-03
9.497546997e+02,1.849075407e-02
9.499954834e+02,-1.237086370e-03
9.502362061e+02,4.388789088e-02
9.504769897e+02,-3.662103321e-03
9.507177734e+02,2.828913368e-02
9.509585571e+02,3.091077320e-02
9.511994019e+02,1.036367100e-02
9.514401855e+02,1.724547520e-02
9.516810303e+02,2.003096789e-02
9.519218140e+02,2.370126359e-02
9.521626587e+02,-1.038005576e-02
9.524035034e+02,8.331899531e-03
9.526443481e+02,5.929002538e-02
9.528852539e+02,2.662603045e-03
9.531260986e+02,-2.194804326e-02
9.533669434e+02,-4.677989054e-03
9.536078491e+02,1.046198234e-02
9.538487549e+02,3.140233085e-02
9.540896606e+02,-2.807612531e-02
9.543305664e+02,1.265760604e-02
9.545714722e+02,-6.611448247e-03
9.548123779e+02,3.284423426e-02
9.550532837e+02,1.632790081e-02
9.552942505e+02,-1.677030325e-02
9.555352173e+02,2.930502035e-02
9.557761230e+02,2.507762425e-02
9.560170898e+02,1.056848676e-03
9.562580566e+02,-1.129763015e-02
9.564990845e+02,1.581176650e-03
9.567400513e+02,2.799419872e-02
9.569810181e+02,1.485322881e-02
9.572220459e+02,-2.230851725e-02
9.574630737e+02,-9.011887596e-05
9.577040405e+02,7.709260099e-03
9.579450684e+02,2.337355912e-02
9.581860962e+02,-2.086661570e-02
9.584271851e+02,1.220701146e-03
9.586682129e+02,1.010150649e-02
9.589092407e+02,2.737155929e-02
9.591503296e+02,5.325206439e-04
9.593914185e+02,1.216604840e-02
9.596325073e+02,5.250653252e-02
9.598735962e+02,-1.728643896e-03
9.601146851e+02,-9.102006443e-03
9.603557739e+02,1.154340897e-02
9.605968628e+02,1.259206422e-02
9.608380127e+02,6.693374831e-03
9.610791626e+02,-1.139594149e-02
9.613202515e+02,1.681945845e-02
9.615614014e+02,-5.104005337e-03
9.618025513e+02,-1.110100653e-02
9.620437012e+02,-9.822957218e-03
9.622849121e+02,4.152841493e-02
9.625260620e+02,1.367349084e-02
9.627672729e+02,-6.447596010e-03
9.630084229e+02,-1.464022044e-02
9.632496338e+02,9.478867054e-03
9.634908447e+02,2.048156312e-04
9.637320557e+02,-1.719632000e-02
9.639732666e+02,-1.884303783e-04
9.642145386e+02,1.065860502e-02
9.644557495e+02,4.729602486e-02
9.646970215e+02,7.676489651e-03
9.649382324e+02,-1.129763015e-02
9.651795044e+02,9.478867054e-03
9.654207764e+02,2.645398676e-02
9.656620483e+02,6.496751681e-03
9.659033203e+02,-1.486961450e-02
9.661446533e+02,2.927224897e-02
9.663859253e+02,-2.973922761e-03
9.666272583e+02,-1.781895943e-02
9.668685913e+02,-2.482365351e-03
9.671099243e+02,1.155160135e-03
9.673512573e+02,1.531201601e-02
9.675925903e+02,5.939653143e-03
9.678339233e+02,-6.218202412e-03
9.680752563e+02,3.133679181e-02
9.683166504e+02,2.504485473e-02
9.685579834e+02,1.155160135e-03
9.687993774e+02,1.498431154e-02
9.690407715e+02,-4.383054562e-03
9.692821655e+02,-5.300628487e-03
9.695235596e+02,1.622959040e-02
9.697650146e+02,5.906882696e-03
9.700064087e+02,-3.989808261e-03
9.702478638e+02,1.092076954e-02
9.704892578e+02,-1.074053161e-02
9.707307129e+02,-1.926086098e-02
9.709721680e+02,1.645898446e-02
9.712136230e+02,-3.195123863e-04
9.714550781e+02,-5.726644769e-03
9.716965942e+02,-4.120890517e-03
9.719380493e+02,4.890177771e-02
9.721795654e+02,-3.596562427e-03
9.724210205e+02,-1.604935154e-02
9.726625366e+02,1.344409771e-02
9.729040527e+02,-8.708760142e-03
9.731455688e+02,1.108707935e-01
9.733870850e+02,-1.302627381e-03
9.736286621e+02,-2.286561579e-02
9.738701782e+02,1.681945845e-02
9.741117554e+02,7.971423678e-03
9.743533325e+02,3.711259225e-03
9.745948486e+02,-2.296392806e-02
9.748364258e+02,1.432890072e-02
9.750780029e+02,-4.088120069e-03
9.753196411e+02,-1.447636820e-02
9.755612183e+02,-1.054390799e-02
9.758028564e+02,6.922767963e-03
9.760444336e+02,1.986711472e-02
9.762860718e+02,-1.762233675e-02
9.765277100e+02,5.932279676e-02
9.767693481e+02,4.038963933e-03
9.770109863e+02,2.930502035e-02
9.772526245e+02,-1.640982740e-02
9.774943237e+02,-2.220201306e-03
9.777359619e+02,1.720451255e-04
9.779776611e+02,1.334578637e-02
9.782193604e+02,-1.323108934e-02
9.784610596e+02,2.592965774e-02
9.787027588e+02,-1.060944982e-02
9.789444580e+02,6.267358083e-03
9.791861572e+02,-2.119432017e-02
9.794278564e+02,-1.267399080e-02
9.796696167e+02,4.146287590e-02
9.799113770e+02,2.802697010e-02
9.801530762e+02,-2.384053776e-03
9.803948364e+02,5.251472816e-03
9.806365967e+02,1.786811464e-02
9.808784180e+02,1.331301592e-02
9.811201782e+02,2.105504740e-03
9.813619385e+02,-2.646217821e-03
9.816037598e+02,4.038963933e-03
9.818455811e+02,-1.060944982e-02
9.820873413e+02,-1.155979373e-02
9.823291626e+02,3.261483833e-02
9.825709839e+02,-1.884303783e-04
9.828128662e+02,2.324247733e-02
9.830546875e+02,-1.326385979e-02
9.832965088e+02,1.314916275e-02
9.835383911e+02,2.547087148e-02
9.837802734e+02,-1.100269519e-02
9.840221558e+02,-2.597881295e-02
9.842639771e+02,-1.788450032e-02
9.845059204e+02,2.990308218e-03
9.847478027e+02,-9.093813715e-04
9.849896851e+02,8.929961477e-04
9.852316284e+02,-2.257068269e-02
9.854735107e+02,1.426335983e-02
9.857154541e+02,5.693054944e-02
9.859573975e+02,-1.224797405e-02
9.861993408e+02,1.417324180e-03
9.864412842e+02,1.039644144e-02
9.866832275e+02,8.299129084e-03
9.869251709e+02,-1.090438385e-02
9.871671753e+02,-9.167547338e-03
9.874091797e+02,2.589688823e-02
9.876511230e+02,3.514636075e-03
9.878931274e+02,-6.447596010e-03
9.881351318e+02,-2.211189456e-02
9.883771362e+02,1.134678535e-02
9.886192017e+02,9.282244369e-03
9.888612061e+02,2.662603045e-03
9.891032104e+02,-7.496251725e-03
9.893452759e+02,5.448095500e-03
9.895873413e+02,1.908881590e-03
9.898294067e+02,-9.749223827e-04
9.900714722e+02,4.342091270e-04
9.903135376e+02,2.317693643e-02
9.905556030e+02,-1.466479851e-03
9.907977295e+02,-4.841841292e-03
9.910397949e+02,1.813027821e-02
9.912819214e+02,1.688499935e-02
9.915239868e+02,3.358976392e-04
9.917661133e+02,-2.224297635e-02
9.920082397e+02,5.644718651e-03
9.922504272e+02,1.547586825e-02
9.924925537e+02,-1.564791426e-03
9.927346802e+02,-1.749125496e-02
9.929768677e+02,-4.481365904e-03
9.932189941e+02,5.153161008e-03
9.934611816e+02,1.843340578e-03
9.937033691e+02,-1.418143418e-02
9.939455566e+02,3.064860962e-02
9.941877441e+02,2.055529691e-02
9.944299927e+02,2.170226350e-02
9.946721802e+02,-9.757416323e-03
9.949143677e+02,1.187111344e-02
9.951566162e+02,-3.465480404e-03
9.953988647e+02,2.710939571e-02
9.956411133e+02,-2.001458220e-02
9.958833618e+02,3.940652590e-03
9.961256104e+02,4.366669338e-03
9.963678589e+02,-1.277230214e-02
9.966101685e+02,-1.269856817e-03
9.968524170e+02,8.168047294e-03
9.970947266e+02,2.855129726e-02
9.973370361e+02,1.714716479e-02
9.975793457e+02,-8.512137458e-03
9.978216553e+02,4.254430160e-02
9.980639648e+02,1.780257374e-02
9.983062744e+02,-2.135817334e-02
9.985486450e+02,-1.785172895e-02
9.987909546e+02,-1.499250415e-03
9.990333252e+02,-4.841841292e-03
9.992756958e+02,-2.047337033e-02
9.995180664e+02,-2.184973098e-02
9.997604370e+02,6.105963513e-02
1.000002808e+03,-4.120890517e-03
1.000245178e+03,-1.378818788e-02
1.000487610e+03,1.941652154e-03
1.000729980e+03,1.544309780e-02
1.000972412e+03,2.540533058e-02
1.001214844e+03,-2.139094472e-02
1.001457275e+03,-7.791186217e-03
1.001699707e+03,3.358976392e-04
1.001942139e+03,-1.892496366e-03
1.002184570e+03,-7.627333980e-03
1.002427063e+03,-7.397940382e-03
1.002669495e+03,1.101908088e-02
1.002911987e+03,-6.799878902e-04
1.003154480e+03,-2.777299844e-03
1.003396973e+03,4.366669338e-03
1.003639465e+03,2.717493661e-02
1.003881958e+03,2.236586530e-03
1.004124451e+03,6.963731139e-04
1.004367004e+03,-3.629332874e-03
1.004609497e+03,2.409451082e-02
1.004852051e+03,-8.381055668e-03
1.005094604e+03,-1.870376244e-02
1.005337158e+03,-7.201317232e-03
1.005579712e+03,-9.429710917e-03
1.005822266e+03,7.545407396e-03
1.006064819e+03,3.154160688e-03
1.006307434e+03,1.413227804e-02
1.006549988e+03,2.343910001e-02
1.006792603e+03,1.498431154e-02
1.007035217e+03,1.095353998e-02
1.007277832e+03,-1.149425283e-02
1.007520447e+03,3.330302238e-02
1.007763062e+03,3.081246279e-02
1.008005676e+03,-7.397940382e-03
1.008248352e+03,-1.857268065e-02
1.008490967e+03,3.907882143e-03
1.008733643e+03,-3.432709957e-03
1.008976318e+03,-1.087161340e-02
1.009218994e+03,2.665060945e-02
1.009461670e+03,1.560695097e-02
1.009704346e+03,3.625236452e-02
1.009947021e+03,2.465980127e-03
1.010189758e+03,5.267038569e-02
1.010432434e+03,1.042921189e-02
1.010675171e+03,1.482865075e-03
1.010917908e+03,-1.990807941e-03
1.011160645e+03,-2.171864919e-02
1.011403381e+03,6.431210786e-03
1.011646118e+03,-8.151661605e-03
1.011888855e+03,-1.195304003e-02
1.012131653e+03,-4.809070844e-03
1.012374390e+03,1.868737675e-02
1.012617188e+03,1.180557255e-02
1.012859985e+03,-1.840882748e-02
1.013102783e+03,-3.924267367e-03
1.013345581e+03,2.327524684e-02
1.013588379e+03,4.923767410e-03
1.013831177e+03,1.187930582e-03
1.014074036e+03,8.364669979e-03
1.014316833e+03,-2.867418807e-04
1.014559692e+03,7.479866501e-03
1.014802551e+03,1.606573723e-02
1.015045349e+03,-1.339494158e-02
1.015288269e+03,1.917893440e-02
1.015531128e+03,1.164172031e-02
1.015773987e+03,-1.049884930e-01
1.016016846e+03,-1.023340821e-01
1.016259766e+03,-1.054145023e-01
1.016502686e+03,-1.053817347e-01
1.016745544e+03,-1.051523387e-01
1.016988464e+03,-1.054472774e-01
