1.933779755e+02,2.585755428e-03
1.935834351e+02,-1.636554115e-02
1.937889099e+02,9.786593728e-03
1.939943848e+02,-1.116129849e-02
1.941998901e+02,2.651217626e-03
1.944053955e+02,-2.029326977e-03
1.946109161e+02,1.260146592e-02
1.948164520e+02,4.549620207e-03
1.950220032e+02,1.577638090e-02
1.952275696e+02,-1.364886109e-02
1.954331360e+02,2.245352231e-02
1.956387177e+02,3.832809627e-02
1.958443298e+02,2.130793408e-02
1.960499420e+02,-1.374705462e-03
1.962555695e+02,1.237234846e-02
1.964611969e+02,2.998167090e-02
1.966668549e+02,5.597014911e-03
1.968725128e+02,2.589028515e-02
1.970782013e+02,7.593610790e-03
1.972838898e+02,2.991620824e-02
1.974895935e+02,1.846032962e-02
1.976953125e+02,1.662738994e-02
1.979010315e+02,-1.224142406e-02
1.981067810e+02,-1.243781066e-03
1.983125305e+02,1.600549929e-02
1.985182953e+02,-4.058653954e-03
1.987240906e+02,2.716679825e-03
1.989298706e+02,-6.251636427e-03
1.991356812e+02,-8.379156701e-03
1.993415070e+02,-3.469494637e-03
1.995473328e+02,-1.692196913e-02
1.997531891e+02,-1.031029038e-02
1.999590454e+02,-6.971720140e-03
2.001649170e+02,7.757266518e-03
2.003708038e+02,-1.911495067e-02
2.005766907e+02,4.022650048e-02
2.007826080e+02,1.751112938e-02
2.009885254e+02,-1.996595878e-03
2.011944733e+02,2.291175770e-04
2.014004211e+02,3.960460890e-03
2.016063843e+02,-1.767478418e-03
2.018123627e+02,-2.111154795e-02
2.020183411e+02,-3.305839142e-03
2.022243500e+02,3.394213319e-02
2.024303589e+02,3.665881231e-03
2.026363831e+02,2.160251327e-02
2.028424225e+02,3.106179647e-02
2.030484772e+02,1.355066802e-02
2.032545471e+02,8.618094027e-02
2.034606171e+02,1.636554021e-03
2.036667175e+02,7.200838067e-03
2.038728180e+02,5.597014911e-03
2.040789337e+02,2.461377345e-02
2.042850647e+02,7.528148708e-04
2.044912109e+02,-2.225713572e-03
2.046973724e+02,-7.560879923e-03
2.049035339e+02,-7.168106735e-03
2.051097107e+02,1.908222027e-02
2.053159180e+02,7.217203826e-02
2.055221252e+02,7.256481051e-02
2.057283478e+02,-7.233568933e-03
2.059345703e+02,2.716679825e-03
2.061408234e+02,-1.161953434e-02
2.063470764e+02,7.299031131e-03
2.065533600e+02,-2.618486469e-04
2.067596436e+02,-9.786593728e-03
2.069659424e+02,1.659465767e-02
2.071722412e+02,1.004844159e-02
2.073785706e+02,2.788688056e-02
2.075848999e+02,-7.888190448e-03
2.077912598e+02,-1.394344028e-02
2.079976196e+02,1.757659018e-02
2.082039948e+02,-9.164703079e-04
2.084103851e+02,4.844199866e-03
2.086167908e+02,1.322335657e-02
2.088231964e+02,3.043990582e-03
2.090296173e+02,-1.872217841e-02
2.092360687e+02,6.873527076e-03
2.094425201e+02,-6.546216173e-05
2.096489868e+02,7.429955527e-03
2.098554535e+02,4.428515211e-02
2.100619507e+02,9.950248525e-03
2.102684479e+02,-1.580911316e-02
2.104749756e+02,5.727939308e-03
2.106815033e+02,1.224142406e-02
2.108880463e+02,8.379156701e-03
2.110946045e+02,2.562843636e-02
2.113011627e+02,-2.291175770e-04
2.115077515e+02,-4.189578351e-03
2.117143402e+02,1.636554021e-03
2.119209442e+02,-2.258444671e-03
2.121275635e+02,9.393820539e-03
2.123341980e+02,4.222309589e-02
2.125408478e+02,1.345247403e-02
2.127475128e+02,6.906258408e-03
2.129541779e+02,1.940953173e-02
2.131608582e+02,-4.189578351e-03
2.133675537e+02,-5.236973055e-03
2.135742645e+02,3.142183879e-03
2.137809906e+02,-1.443440653e-02
2.139877319e+02,-6.808064878e-03
2.141944733e+02,2.029327117e-02
2.144012299e+02,-1.999869011e-02
2.146080017e+02,-2.323906869e-03
2.148147888e+02,-1.086671930e-02
2.150215912e+02,-4.844199866e-03
2.152284088e+02,-1.587457396e-02
2.154352264e+02,2.454831032e-03
2.156420746e+02,5.171510857e-03
2.158489227e+02,-2.003142238e-02
2.160557861e+02,-4.778737668e-03
2.162626648e+02,6.415292155e-03
2.164695435e+02,3.070175461e-02
2.166764526e+02,1.787117124e-02
2.168833618e+02,-6.906258408e-03
2.170902863e+02,-5.531552713e-03
2.172972412e+02,3.931003064e-02
2.175041809e+02,2.723225951e-02
2.177111511e+02,4.899843037e-02
2.179181366e+02,-2.749410924e-03
2.181251221e+02,1.613642275e-02
2.183321228e+02,-5.727939308e-03
2.185391388e+02,-1.099764369e-02
2.187461700e+02,-1.603823039e-03
2.189532166e+02,-1.031029038e-02
2.191602783e+02,-4.222309683e-03
2.193673401e+02,-6.218905328e-04
2.195744171e+02,7.004451472e-03
2.197815247e+02,-3.371301340e-03
2.199886322e+02,1.021209732e-02
2.201957397e+02,9.328357875e-03
2.204028778e+02,-1.567818783e-02
2.206100159e+02,1.112856786e-03
2.208171844e+02,-1.810028777e-02
2.210243530e+02,-9.328357875e-03
2.212315369e+02,1.014663489e-03
2.214387360e+02,2.137339674e-02
2.216459351e+02,-1.538360864e-02
2.218531647e+02,-6.317098625e-03
2.220603943e+02,5.564284045e-03
2.222676392e+02,2.062058076e-03
2.224748993e+02,2.467923611e-02
2.226821747e+02,3.669154271e-02
2.228894653e+02,8.510081097e-03
2.230967712e+02,-1.168499608e-02
2.233040771e+02,3.282927349e-02
2.235113983e+02,-4.418695811e-03
2.237187347e+02,-4.320502747e-03
2.239260864e+02,3.390939906e-02
2.241334534e+02,-1.296150871e-02
2.243408203e+02,-1.705289260e-02
2.245482178e+02,1.872217841e-02
2.247556152e+02,2.192982472e-02
2.249630280e+02,-6.120712031e-03
2.251704559e+02,2.225713618e-02
2.253778839e+02,3.256742656e-02
2.255853424e+02,2.392642014e-02
2.257928009e+02,-1.754385978e-02
2.260002899e+02,1.571091940e-03
2.262077789e+02,-6.906258408e-03
2.264152832e+02,1.702016219e-03
2.266227875e+02,-1.446713787e-02
2.268303223e+02,1.476171799e-02
2.270378571e+02,-4.713275936e-03
2.272454224e+02,1.999869011e-02
2.274529877e+02,-1.299423911e-02
2.276605682e+02,-2.281356417e-02
2.278681488e+02,-3.305839142e-03
2.280757599e+02,7.429955527e-03
2.282833710e+02,3.862267593e-03
2.284910126e+02,-1.888583414e-02
2.286986542e+02,-1.017936599e-02
2.289063110e+02,1.600549929e-02
2.291139679e+02,1.538360841e-03
2.293216553e+02,1.325608790e-02
2.295293427e+02,1.132495422e-02
2.297370605e+02,5.348258838e-02
2.299447784e+02,1.990049705e-02
2.301525116e+02,-1.855852269e-02
2.303602448e+02,5.367897451e-03
2.305680084e+02,-6.644409616e-03
2.307757721e+02,2.291175770e-03
2.309835663e+02,1.734747319e-03
2.311913605e+02,6.222178414e-02
2.313991699e+02,9.099240415e-03
2.316069794e+02,-1.479444839e-02
2.318148193e+02,1.927860640e-02
2.320226746e+02,1.463079359e-02
2.322305298e+02,4.896569625e-02
2.324384003e+02,-1.220869366e-02
2.326462860e+02,2.255171537e-02
2.328541870e+02,-1.787117124e-02
2.330620880e+02,-2.029326977e-03
2.332700195e+02,-1.024482865e-02
2.334779510e+02,7.855459698e-04
2.336858978e+02,2.877062000e-02
2.338938599e+02,-4.091385286e-03
2.341018372e+02,-3.371301340e-03
2.343098145e+02,-2.703587338e-02
2.345178223e+02,3.302565962e-02
2.347258301e+02,5.891594919e-04
2.349338531e+02,-6.448023021e-03
2.351418915e+02,2.317360602e-02
2.353499298e+02,1.057213917e-02
2.355579987e+02,-2.016234584e-02
2.357660675e+02,-2.765776403e-02
2.359741669e+02,-3.927729558e-03
2.361822662e+02,1.440167613e-02
2.363903809e+02,3.476040810e-02
2.365984955e+02,-1.103037409e-02
2.368066406e+02,-8.411888033e-03
2.370147858e+02,-1.374705462e-03
2.372229462e+02,4.255040549e-04
2.374311371e+02,9.001047350e-03
2.376393127e+02,2.916339412e-02
2.378475189e+02,2.978528384e-03
2.380557404e+02,1.047394611e-02
2.382639618e+02,1.718381792e-02
2.384721985e+02,-8.837391622e-03
2.386804504e+02,8.019114845e-03
2.388887177e+02,4.958758876e-02
2.390970001e+02,7.223749906e-02
2.393052826e+02,-6.938989274e-03
2.395135956e+02,3.567687934e-03
2.397219086e+02,2.994893864e-02
2.399302368e+02,2.258444577e-02
2.401385803e+02,-2.232259698e-02
2.403469238e+02,3.443309665e-02
2.405552979e+02,1.031029038e-02
2.407636719e+02,-1.908222027e-02
2.409720612e+02,-6.578947417e-03
2.411804657e+02,-1.109583676e-02
2.413888855e+02,3.273108086e-05
2.415973206e+02,-1.734747319e-03
2.418057556e+02,-7.953653112e-03
2.420142059e+02,1.970411092e-02
2.422226715e+02,7.956925780e-02
2.424311523e+02,-1.571091823e-02
2.426396484e+02,6.546216318e-04
2.428481598e+02,5.073317792e-03
2.430566711e+02,-1.119402982e-02
2.432651978e+02,-8.117307909e-03
2.434737549e+02,1.407436444e-03
2.436822968e+02,-1.443440653e-02
2.438908691e+02,-1.286331471e-02
2.440994568e+02,4.844199866e-03
2.443080444e+02,-1.476171799e-02
2.445166473e+02,3.868813813e-02
2.447252655e+02,2.209348045e-02
2.449338989e+02,-7.462686393e-03
2.451425476e+02,-1.823121309e-02
2.453511963e+02,-1.224142406e-02
2.455598755e+02,4.844199866e-03
2.457685547e+02,5.073317513e-02
2.459772491e+02,-2.101335488e-02
2.461859589e+02,-6.284367759e-03
2.463946686e+02,2.762503363e-02
2.466034088e+02,-3.567687934e-03
2.468121490e+02,-2.971982211e-02
2.470209045e+02,7.200838067e-03
2.472296753e+02,1.793663204e-02
2.474384613e+02,-1.083398797e-02
2.476472626e+02,5.989788100e-03
2.478560638e+02,8.608274162e-03
2.480648804e+02,1.963864779e-03
2.482737122e+02,1.764205284e-02
2.484825592e+02,-1.083398797e-02
2.486914215e+02,8.902854286e-03
2.489002991e+02,-9.164703079e-04
2.491091766e+02,-5.826132372e-03
2.493180695e+02,1.427075174e-02
2.495269775e+02,5.957056768e-03
2.497359009e+02,-3.338570241e-03
2.499448395e+02,1.067033224e-02
2.501537781e+02,-2.114427835e-02
2.503627472e+02,1.548180170e-02
2.505717163e+02,1.551453304e-02
2.507807007e+02,-2.942524292e-02
2.509897003e+02,4.255040549e-04
2.511987000e+02,4.169939831e-02
2.514077301e+02,-7.953653112e-03
2.516167603e+02,3.757528216e-02
2.518258057e+02,-2.261717804e-02
2.520348663e+02,2.818146162e-02
2.522439423e+02,-2.978528384e-03
2.524530182e+02,5.695207976e-03
2.526621246e+02,-1.852579229e-02
2.528712311e+02,1.021209732e-02
2.530803528e+02,1.309243235e-04
2.532894897e+02,-7.986383513e-03
2.534986420e+02,-1.918041334e-02
2.537077942e+02,-7.004451472e-03
2.539169617e+02,9.164703079e-03
2.541261444e+02,2.114427835e-02
2.543353424e+02,1.047394611e-02
2.545445557e+02,4.854019359e-02
2.547537842e+02,-1.669285120e-03
2.549630127e+02,2.556297369e-02
2.551722717e+02,-1.908222027e-02
2.553815308e+02,1.338701230e-02
2.555908051e+02,-7.233568933e-03
2.558000793e+02,-1.918041334e-02
2.560093689e+02,4.320502747e-03
2.562186890e+02,1.718381792e-02
2.564280090e+02,1.937679946e-02
2.566373596e+02,-5.826132372e-03
2.568467102e+02,-1.315789483e-02
2.570560608e+02,-8.804661222e-03
2.572654419e+02,2.376276441e-02
2.574748230e+02,-2.369730361e-02
2.576842041e+02,-3.142183879e-03
2.578936157e+02,-2.487562131e-03
2.581030579e+02,-4.255040549e-04
2.583125000e+02,4.385964945e-03
2.585219421e+02,-1.449986920e-02
2.587313843e+02,5.891594570e-03
2.589408569e+02,1.027755998e-02
2.591503601e+02,-5.106048658e-03
2.593598633e+02,-5.826132372e-03
2.595693665e+02,3.178187832e-02
2.597789001e+02,9.131971747e-03
2.599884338e+02,-2.438465506e-02
2.601979675e+02,3.273108159e-04
2.604075317e+02,6.382560823e-03
2.606170959e+02,-2.945797460e-04
2.608266907e+02,-1.829667389e-02
2.610362854e+02,-1.918041334e-02
2.612459106e+02,9.950248525e-03
2.614555359e+02,2.291175770e-04
2.616651611e+02,-1.636554021e-03
2.618748169e+02,-1.495810412e-02
2.620844727e+02,4.844199866e-03
2.622941284e+02,1.125949156e-02
2.625038147e+02,-1.567818783e-02
2.627135315e+02,3.273108159e-04
2.629232483e+02,2.147158980e-02
2.631329651e+02,-1.335428096e-02
2.633426819e+02,-2.264990844e-02
2.635524292e+02,8.150039241e-03
2.637622070e+02,-1.554726344e-02
2.639719849e+02,1.832940616e-03
2.641817627e+02,-6.022518966e-03
2.643915710e+02,-6.709871814e-03
2.646013794e+02,1.734747319e-03
2.648111877e+02,-7.757266518e-03
2.650210266e+02,-1.692196913e-02
2.652308655e+02,4.582351539e-04
2.654407349e+02,1.214323100e-02
2.656506042e+02,1.021209732e-02
2.658605042e+02,-4.222309683e-03
2.660704041e+02,1.934406906e-02
2.662803040e+02,1.358339842e-02
2.664902344e+02,-1.505629718e-02
2.667001648e+02,5.377716571e-02
2.669101257e+02,-7.724535186e-03
2.671200867e+02,4.582351539e-03
2.673300476e+02,1.538360864e-02
2.675400391e+02,-4.353233613e-03
2.677500305e+02,6.317098625e-03
2.679600525e+02,-6.022518966e-03
2.681700745e+02,5.783582106e-02
2.683800964e+02,-4.582351539e-03
2.685901489e+02,-2.543205023e-02
2.688002014e+02,3.469494730e-02
2.690102844e+02,-1.734747319e-03
2.692203674e+02,-1.070306357e-02
2.694304504e+02,-7.200837717e-04
2.696405640e+02,2.340272255e-02
2.698506775e+02,-2.782142023e-03
2.700608215e+02,-2.058785036e-02
2.702709656e+02,-2.343545482e-02
2.704811401e+02,1.135768555e-02
2.706913147e+02,2.618486527e-03
2.709014893e+02,7.037182339e-03
2.711116943e+02,-7.299031131e-03
2.713218994e+02,1.096491236e-02
2.715321045e+02,8.346425369e-03
2.717423401e+02,1.047394588e-03
2.719526062e+02,2.494108491e-02
2.721628418e+02,-1.485991105e-02
2.723731384e+02,-7.200837717e-04
2.725834045e+02,-1.718381792e-02
2.727937012e+02,-8.117307909e-03
2.730039978e+02,3.521864489e-02
2.732143250e+02,1.161953434e-02
2.734246521e+02,3.367046416e-01
2.736350098e+02,-1.898402721e-02
2.738453674e+02,1.155407168e-02
2.740557556e+02,-1.584184356e-02
2.742661133e+02,-1.469625533e-02
2.744765320e+02,-6.251636427e-03
2.746869202e+02,-1.463079359e-02
2.748973389e+02,9.492013487e-04
2.751077881e+02,2.026053891e-02
2.753182373e+02,9.622938000e-03
2.755286865e+02,2.808326855e-02
2.757391663e+02,-1.201230660e-02
2.759496460e+02,-4.811469000e-03
2.761601257e+02,-2.363184094e-02
2.763706360e+02,3.865540773e-02
2.765811462e+02,4.962031916e-02
2.767916870e+02,1.040848345e-02
2.770022278e+02,-2.782142023e-03
2.772127991e+02,4.418696091e-02
2.774233704e+02,2.228986658e-02
2.776339417e+02,2.392642014e-02
2.778445435e+02,9.786593728e-03
2.780551453e+02,-5.204241723e-03
2.782657471e+02,-4.189578351e-03
2.784763794e+02,-9.557475336e-03
2.786870422e+02,1.014663489e-03
2.788976746e+02,-1.040848345e-02
2.791083679e+02,9.131971747e-03
2.793190308e+02,-3.174914978e-03
2.795297241e+02,-7.397224195e-03
2.797404175e+02,1.135768555e-02
2.799511414e+02,-6.873527309e-04
2.801618652e+02,-1.309243217e-02
2.803726196e+02,-1.639827155e-02
2.805833740e+02,-2.389368834e-03
2.807941284e+02,2.327179909e-02
2.810049133e+02,-5.400628317e-03
2.812156982e+02,2.363184094e-02
2.814265137e+02,-1.767478418e-03
2.816373291e+02,-6.218905561e-03
2.818481750e+02,-3.181461245e-02
2.820589905e+02,-1.757659018e-02
2.822698669e+02,6.729510427e-02
2.824807129e+02,1.633280888e-02
2.826915894e+02,-1.456533093e-02
2.829024963e+02,-9.033778682e-03
2.831134033e+02,3.240377177e-03
2.833243103e+02,3.348389640e-02
2.835352478e+02,-3.011259483e-03
2.837461853e+02,-2.778868750e-02
2.839571228e+02,2.945797332e-02
2.841680908e+02,-1.505629742e-03
2.843790588e+02,-6.022518966e-03
2.845900574e+02,-2.831238508e-02
2.848010559e+02,1.842759922e-02
2.850120850e+02,1.594003662e-02
2.852230835e+02,5.498821847e-03
2.854341431e+02,-3.171641752e-02
2.856452026e+02,2.945797285e-03
2.858562622e+02,-1.918041334e-02
2.860673218e+02,7.200838067e-03
2.862784119e+02,-6.480754353e-03
2.864895020e+02,1.361612976e-02
2.867006226e+02,1.256873552e-02
2.869117432e+02,-1.528541464e-02
2.871228943e+02,-2.160251327e-02
2.873340454e+02,-3.534956835e-03
2.875451965e+02,-8.804661222e-03
2.877563782e+02,-1.878764108e-02
2.879675598e+02,-5.335166119e-03
2.881787720e+02,4.287771881e-03
2.883899536e+02,6.055250298e-03
2.886011963e+02,1.898402697e-03
2.888124390e+02,-1.819848083e-02
2.890236816e+02,1.309243235e-04
2.892349243e+02,3.728070110e-02
2.894461975e+02,-1.436894480e-02
2.896575012e+02,-1.679104567e-02
2.898687744e+02,4.975124262e-03
2.900801086e+02,1.512175985e-02
2.902914124e+02,-8.280963637e-03
2.905027466e+02,-2.078423649e-02
2.907141113e+02,4.484158009e-03
2.909254456e+02,2.729772218e-02
2.911368408e+02,-7.200837717e-04
2.913482056e+02,-8.510081097e-03
2.915596008e+02,7.331762463e-03
2.917710266e+02,1.374705415e-02
2.919824219e+02,1.636554115e-02
2.921938782e+02,-2.120974101e-02
2.924053040e+02,1.312516350e-02
2.926167603e+02,3.469494730e-02
2.928282471e+02,-1.744566672e-02
2.930397034e+02,-9.688399732e-03
2.932512207e+02,2.323906869e-03
2.934627075e+02,4.582351539e-03
2.936742249e+02,-2.945797460e-04
2.938857727e+02,-1.122676115e-02
2.940973206e+02,2.343545482e-02
2.943088684e+02,-6.448023021e-03
2.945204163e+02,2.749410924e-03
2.947320251e+02,-7.528148592e-03
2.949436035e+02,-8.608274162e-03
2.951552124e+02,-6.546216086e-03
2.953668213e+02,-3.273108043e-03
2.955784607e+02,-1.744566672e-02
2.957901001e+02,-3.404032439e-03
2.960017395e+02,-4.746006802e-03
2.962134094e+02,-3.102906607e-02
2.964250793e+02,-1.574365050e-02
2.966367798e+02,1.967138052e-02
2.968484802e+02,6.448023021e-03
2.970601807e+02,-8.444619365e-03
2.972719116e+02,-8.837392088e-04
2.974836731e+02,2.340272255e-02
2.976954041e+02,3.037444316e-02
2.979071655e+02,4.844199866e-03
2.981189575e+02,6.317098625e-03
2.983307495e+02,-1.505629718e-02
2.985425415e+02,-9.197433479e-03
2.987543335e+02,-9.917518124e-03
2.989661865e+02,-1.089944970e-02
2.991780090e+02,-1.616915502e-02
2.993898621e+02,-3.829536494e-03
2.996017151e+02,5.498821847e-03
2.998135986e+02,-1.600549929e-02
3.000254822e+02,1.044121478e-02
3.002373657e+02,1.050667744e-02
3.004492798e+02,-9.001047350e-03
3.006611938e+02,-2.395915240e-02
3.008731384e+02,1.672558300e-02
3.010850830e+02,9.459282272e-03
3.012970581e+02,2.026053891e-02
3.015090027e+02,-2.274810150e-02
3.017210083e+02,4.759099334e-02
3.019329834e+02,-6.251636427e-03
3.021450195e+02,-5.236973055e-03
3.023570251e+02,-1.803482510e-02
3.025690613e+02,2.261717804e-02
3.027810974e+02,2.422100119e-02
3.029931641e+02,-2.359911054e-02
3.032052307e+02,6.899712235e-02
3.034172974e+02,2.009688318e-02
3.036293945e+02,-2.189709432e-02
3.038414917e+02,2.356637968e-03
3.040536194e+02,1.178318984e-03
3.042657471e+02,-1.574365050e-02
3.044779053e+02,3.112725914e-02
3.046900635e+02,-2.618486469e-04
3.049022217e+02,-6.415292155e-03
3.051143799e+02,4.025923088e-03
3.053265991e+02,2.127520274e-03
3.055387878e+02,-1.463079359e-02
3.057510071e+02,-2.042419463e-02
3.059632263e+02,-1.371432282e-02
3.061754761e+02,1.384524722e-02
3.063877258e+02,2.062058076e-03
3.065999756e+02,-1.423802041e-02
3.068122559e+02,-1.754385978e-02
3.070245361e+02,-1.335428096e-02
3.072368469e+02,-1.505629718e-02
3.074491577e+02,-1.053940784e-02
3.076614990e+02,4.778737668e-03
3.078738098e+02,2.661036886e-02
3.080861816e+02,-3.338570241e-03
3.082985229e+02,-2.153705247e-02
3.085108948e+02,2.258444577e-02
3.087232971e+02,-3.927729558e-03
3.089356995e+02,-8.575543761e-03
3.091481018e+02,-5.106048658e-03
3.093605347e+02,1.319062617e-02
3.095729675e+02,-9.001047350e-03
3.097854004e+02,1.702016219e-03
3.099978638e+02,-2.032600157e-02
3.102103271e+02,1.145587862e-02
3.104228210e+02,7.462686393e-03
3.106353149e+02,2.814872889e-03
3.108478088e+02,-1.443440653e-02
3.110603333e+02,-1.787117124e-02
3.112728577e+02,-3.436763538e-03
3.114854126e+02,2.124247141e-02
3.116979675e+02,-1.449986920e-02
3.119105225e+02,-7.331762463e-03
3.121231079e+02,3.027625009e-02
3.123356934e+02,-4.287771881e-03
3.125483093e+02,2.713406645e-02
3.127609253e+02,8.902854286e-03
3.129735413e+02,-5.531552713e-03
3.131861877e+02,-1.708562486e-02
3.133988342e+02,-5.269703921e-03
3.136115112e+02,-1.116129849e-02
3.138241882e+02,2.913066186e-03
3.140368652e+02,-3.927729849e-04
3.142495728e+02,-1.089944970e-02
3.144622803e+02,3.240377083e-02
3.146750183e+02,4.719822109e-02
3.148877563e+02,-1.669285120e-03
3.151004944e+02,-1.777297631e-02
3.153132629e+02,-3.043990582e-03
3.155260315e+02,4.156847484e-03
3.157388306e+02,-5.957056768e-03
3.159516296e+02,-2.189709432e-02
3.161644287e+02,-1.531814598e-02
3.163772583e+02,-1.086671930e-02
3.165900879e+02,-1.374705462e-03
3.168029480e+02,-5.564283929e-04
3.170158081e+02,6.349829957e-03
3.172286682e+02,3.698612098e-03
3.174415588e+02,1.646373421e-02
3.176544495e+02,-1.715108752e-02
3.178673706e+02,5.282796547e-02
3.180802612e+02,1.796936430e-02
3.182932129e+02,-6.022518966e-03
3.185061646e+02,-2.834511735e-02
3.187191162e+02,-1.364886109e-02
3.189320679e+02,-4.320502747e-03
3.191450500e+02,8.280963637e-03
3.193580322e+02,1.754385978e-02
3.195710449e+02,-1.309243264e-03
3.197840576e+02,-6.218905328e-04
3.199971008e+02,-1.129222289e-02
3.202101440e+02,1.636554115e-02
3.204231873e+02,5.083137006e-02
3.206362610e+02,8.280963637e-03
3.208493347e+02,-1.400890294e-02
3.210624084e+02,-1.976957358e-02
3.212755127e+02,3.109452780e-03
3.214886169e+02,1.089944970e-02
3.217017517e+02,-1.616915502e-02
3.219148865e+02,5.989788100e-03
3.221280518e+02,-1.652919687e-02
3.223411865e+02,2.281356417e-02
3.225543823e+02,1.757659018e-02
3.227675476e+02,1.865671598e-03
3.229807434e+02,2.703587338e-02
3.231939697e+02,1.800209517e-03
3.234071960e+02,-1.685650647e-02
3.236204224e+02,8.935585618e-03
3.238336792e+02,1.859125495e-02
3.240469360e+02,-6.055250298e-03
3.242601929e+02,1.999869011e-02
3.244734802e+02,-7.822728716e-03
3.246867676e+02,3.600418859e-04
3.249000854e+02,-9.590206668e-03
3.251134033e+02,1.433621347e-02
3.253267212e+02,-1.034302171e-02
3.255400696e+02,1.397617161e-02
3.257534180e+02,7.855459116e-03
3.259667969e+02,2.733045258e-02
3.261801758e+02,-5.858863704e-03
3.263935547e+02,-1.492537279e-02
3.266069641e+02,-6.317098625e-03
3.268203735e+02,3.364755213e-02
3.270337830e+02,5.204241723e-03
3.272472229e+02,1.152134035e-02
3.274606934e+02,-6.284367759e-03
3.276741333e+02,6.546216318e-04
3.278876038e+02,3.404032439e-02
3.281011047e+02,3.894998692e-03
3.283146057e+02,0.000000000e+00
3.285281067e+02,-7.888190448e-03
3.287416382e+02,-1.047394588e-03
3.289551697e+02,9.492013603e-03
3.291687317e+02,-4.189578351e-03
3.293822632e+02,2.232259698e-02
3.295958557e+02,-2.958889678e-02
3.298094177e+02,5.826132372e-03
3.300230103e+02,1.790390164e-02
3.302366333e+02,-1.165226474e-02
3.304502563e+02,3.698612098e-03
3.306638794e+02,-5.891594919e-04
3.308775330e+02,8.706467226e-03
3.310911865e+02,-2.333726175e-02
3.313048401e+02,-8.379156701e-03
3.315185242e+02,-2.945797285e-03
3.317322083e+02,2.553024329e-03
3.319459229e+02,3.960460890e-03
3.321596375e+02,4.169939831e-02
3.323733521e+02,5.204241723e-03
3.325870972e+02,9.262896143e-03
3.328008423e+02,-4.975124262e-03
3.330146179e+02,-1.544907037e-02
3.332283936e+02,6.015972793e-02
3.334421692e+02,1.250327285e-02
3.336559753e+02,1.361612976e-02
3.338697815e+02,-2.117701061e-02
3.340835876e+02,1.220869366e-02
3.342974243e+02,4.320502747e-03
3.345112915e+02,5.259884894e-02
3.347251282e+02,-2.304268070e-02
3.349389954e+02,1.715108752e-02
3.351528931e+02,4.353233613e-03
3.353667908e+02,-1.341974363e-02
3.355806885e+02,-1.233961806e-02
3.357946167e+02,1.302697044e-02
3.360085449e+02,-6.677140482e-03
3.362224731e+02,-1.931133796e-03
3.364364319e+02,-8.902854286e-03
3.366503906e+02,4.965304956e-02
3.368643799e+02,2.487562224e-02
3.370783691e+02,2.012961544e-02
3.372923889e+02,-1.662738994e-02
3.375063782e+02,7.364493329e-03
3.377204285e+02,-9.328357875e-03
3.379344482e+02,3.764074296e-03
3.381484985e+02,-1.250327285e-02
3.383625793e+02,-9.426551871e-03
3.385766296e+02,6.349829957e-03
3.387907410e+02,-2.264990844e-02
3.390048218e+02,-5.138779990e-03
3.392189331e+02,-5.629745778e-03
3.394330444e+02,1.760932244e-02
3.396471863e+02,5.531552713e-03
3.398613281e+02,-1.659465767e-02
3.400755005e+02,-5.531552713e-03
3.402896729e+02,9.262896143e-03
3.405038452e+02,5.629745778e-03
3.407180481e+02,-8.313694969e-03
3.409322510e+02,-1.924587600e-02
3.411464539e+02,1.616915502e-02
3.413606873e+02,4.484158009e-03
3.415749207e+02,-5.891594570e-03
3.417891846e+02,-1.296150871e-02
3.420034485e+02,2.664310113e-02
3.422177124e+02,-1.594003662e-02
3.424320068e+02,1.355066802e-02
3.426463318e+02,-3.273108043e-03
3.428606262e+02,-1.197957620e-02
3.430749512e+02,5.826132372e-03
3.432892761e+02,-1.459806226e-02
3.435036316e+02,2.706860378e-02
3.437179871e+02,-7.168106735e-03
3.439323730e+02,-3.299292922e-02
3.441467590e+02,-1.211049967e-03
3.443611450e+02,-1.846032962e-02
3.445755615e+02,-8.739198558e-03
3.447899780e+02,-1.800209470e-02
3.450044250e+02,-4.647813737e-03
3.452188721e+02,-8.182770107e-04
3.454333191e+02,2.618486527e-03
3.456477661e+02,-1.842759922e-02
3.458622742e+02,-1.031029038e-02
3.460767517e+02,2.697041072e-02
3.462912598e+02,-7.528148708e-04
3.465057678e+02,-1.947499253e-02
3.467203064e+02,-6.873527309e-04
3.469348450e+02,6.153443363e-03
3.471493835e+02,2.553024329e-03
3.473639526e+02,-1.734747319e-03
3.475785217e+02,1.384524722e-02
3.477931213e+02,-1.865671598e-03
3.480077209e+02,1.764205284e-02
3.482223206e+02,2.847603988e-03
3.484369507e+02,-2.523566410e-02
3.486515808e+02,4.418695811e-03
3.488662109e+02,-2.945797460e-04
3.490808716e+02,2.065331303e-02
3.492955627e+02,-1.512175985e-02
3.495102234e+02,1.001571119e-02
3.497249146e+02,-7.822728716e-03
3.499396362e+02,-6.087981164e-03
3.501543579e+02,-5.007855594e-03
3.503690796e+02,-8.510081097e-04
3.505838318e+02,-4.156847484e-03
3.507985840e+02,8.084577508e-03
3.510133362e+02,-6.513485219e-03
3.512281189e+02,2.893427573e-02
3.514429016e+02,1.400890294e-02
3.516577148e+02,-2.094789222e-02
3.518725281e+02,4.343414679e-02
3.520873413e+02,2.088242956e-02
3.523021851e+02,-8.935585618e-03
3.525170288e+02,2.703587338e-02
3.527318726e+02,-6.775334012e-03
3.529467468e+02,-3.731343197e-03
3.531616516e+02,2.513747104e-02
3.533765259e+02,4.516889341e-03
3.535914307e+02,-4.516889341e-03
3.538063660e+02,-3.567687934e-03
3.540213013e+02,1.990049705e-02
3.542362366e+02,-3.109452780e-03
3.544512024e+02,-2.291175770e-04
3.546661682e+02,3.017805703e-02
3.548811340e+02,9.099240415e-03
3.550961304e+02,-1.757659018e-02
3.553111267e+02,-2.818146162e-02
3.555261536e+02,2.228986658e-02
3.557411804e+02,-5.858863704e-03
3.559562073e+02,3.197826818e-02
3.561712646e+02,-1.852579229e-02
3.563863220e+02,2.998167090e-02
3.566013794e+02,1.423802041e-02
3.568164673e+02,-2.140612714e-02
3.570315857e+02,3.993191756e-03
3.572466736e+02,2.389368834e-03
3.574617920e+02,2.428646199e-02
3.576769409e+02,-5.924325902e-03
3.578920898e+02,4.058653954e-03
3.581072388e+02,-2.749410924e-03
3.583223877e+02,2.906520106e-02
3.585375671e+02,4.732914269e-02
3.587527771e+02,-1.175045781e-02
3.589679871e+02,-1.482717972e-02
3.591831970e+02,-1.963864925e-04
3.593984070e+02,-1.865671575e-02
3.596136475e+02,1.636554080e-04
3.598289185e+02,1.309243235e-04
3.600441589e+02,1.711835526e-02
3.602594299e+02,0.000000000e+00
3.604747314e+02,2.176616900e-02
3.606900330e+02,6.415292155e-03
3.609053345e+02,4.003011435e-02
3.611206665e+02,-1.312516350e-02
3.613359985e+02,-3.829536494e-03
3.615513306e+02,-8.117307909e-03
3.617666931e+02,8.804661222e-03
3.619820557e+02,-2.811599895e-02
3.621974487e+02,7.037182339e-03
3.624128418e+02,1.918041334e-02
3.626282349e+02,1.230688673e-02
3.628436584e+02,-1.309243235e-04
3.630590820e+02,-2.176616900e-02
3.632745056e+02,4.009557515e-02
3.634899597e+02,8.771929890e-03
3.637054443e+02,3.796805395e-03
3.639208984e+02,-1.008117292e-02
3.641363831e+02,1.089944970e-02
3.643518982e+02,-1.911495067e-02
3.645674133e+02,-1.836213656e-02
3.647829285e+02,2.837784775e-02
3.649984436e+02,5.489002541e-02
3.652139893e+02,1.590730622e-02
3.654295654e+02,2.487562131e-03
3.656451111e+02,-2.569389902e-02
3.658607178e+02,3.011259483e-03
3.660762939e+02,-3.502225736e-03
3.662919006e+02,9.164703079e-03
3.665075073e+02,2.634852007e-02
3.667231445e+02,4.039015621e-02
3.669387817e+02,3.534956835e-03
3.671544495e+02,-2.598847821e-02
3.673700867e+02,-1.715108752e-02
3.675857849e+02,-5.564283929e-04
3.678014526e+02,3.721524030e-02
3.680171509e+02,9.557475336e-03
3.682328796e+02,-1.233961806e-02
3.684485779e+02,2.166797593e-02
3.686643066e+02,-6.218905328e-04
3.688800659e+02,4.713275936e-03
3.690958252e+02,-1.194684487e-02
3.693115845e+02,2.310814336e-02
3.695273743e+02,5.148598924e-02
3.697431641e+02,2.170070633e-02
3.699589539e+02,-1.695469953e-02
3.701747742e+02,2.091516182e-02
3.703906250e+02,-9.295627475e-03
3.706064453e+02,5.007855594e-03
3.708222961e+02,-2.356637968e-03
3.710381775e+02,7.102644537e-03
3.712540283e+02,9.557475895e-02
3.714699097e+02,-1.047394611e-02
3.716858215e+02,-1.849306189e-02
3.719017334e+02,5.600288138e-02
3.721176453e+02,1.214323100e-02
3.723335876e+02,2.749410924e-03
3.725495300e+02,-1.544907037e-02
3.727654724e+02,-1.400890294e-02
3.729814453e+02,1.787117124e-02
3.731974182e+02,-8.575543761e-03
3.734134216e+02,-1.898402697e-03
3.736294250e+02,1.093218103e-02
3.738454285e+02,4.003011435e-02
3.740614624e+02,-1.489264239e-02
3.742774963e+02,2.651217626e-03
3.744935608e+02,1.315789483e-02
3.747096252e+02,-7.986383513e-03
3.749256897e+02,-2.726498991e-02
3.751417847e+02,-1.846032962e-02
3.753578796e+02,6.513485219e-03
3.755739746e+02,2.490835264e-02
3.757901001e+02,-1.119402982e-02
3.760062256e+02,-9.393820539e-03
3.762223816e+02,1.139041595e-02
3.764385376e+02,4.821288213e-02
3.766546936e+02,-2.235532925e-02
3.768708801e+02,2.942524292e-02
3.770870667e+02,-1.243781112e-02
3.773032837e+02,3.600418859e-04
3.775194702e+02,6.218905328e-04
3.777357178e+02,-9.590206668e-03
3.779519348e+02,2.098062262e-02
3.781681824e+02,3.152003139e-02
3.783844604e+02,-1.165226474e-02
3.786007385e+02,-1.796936430e-02
3.788170166e+02,-9.917518124e-03
3.790332947e+02,6.071615592e-02
3.792496033e+02,-2.153705247e-02
3.794659424e+02,3.639696166e-02
3.796822510e+02,-7.495417725e-03
3.798986206e+02,1.263419725e-02
3.801149597e+02,-3.282927349e-02
3.803313293e+02,-2.251898311e-02
3.805476990e+02,4.778737668e-03
3.807640991e+02,-9.393820539e-03
3.809804993e+02,-8.510081097e-03
3.811968994e+02,-2.094789222e-02
3.814133301e+02,-1.800209517e-03
3.816297607e+02,2.323906869e-03
3.818462219e+02,1.832940616e-03
3.820626831e+02,6.677140482e-03
3.822791443e+02,6.382560823e-03
3.824956360e+02,2.618486527e-03
3.827121277e+02,-1.760932244e-02
3.829286194e+02,-6.709871814e-03
3.831451416e+02,4.922754690e-02
3.833616638e+02,5.577376112e-02
3.835782166e+02,-1.607096009e-02
3.837947693e+02,-2.287902683e-02
3.840113220e+02,1.256873552e-02
3.842279053e+02,1.476171799e-02
3.844444885e+02,-8.902854286e-03
3.846610718e+02,-2.543205023e-02
3.848776855e+02,3.417124972e-02
3.850943298e+02,1.440167543e-03
3.853109436e+02,9.688399732e-03
3.855275879e+02,1.688923873e-02
3.857442627e+02,-8.771929890e-03
3.859609070e+02,3.613511473e-02
3.861776123e+02,-1.557999477e-02
3.863942871e+02,-5.367897451e-03
3.866109924e+02,2.330452949e-02
3.868276978e+02,-1.358339842e-02
3.870444336e+02,-6.284367759e-03
3.872611694e+02,-3.927729558e-03
3.874779358e+02,-3.927729558e-03
3.876947021e+02,1.803482510e-02
3.879114685e+02,-1.878764108e-02
3.881282349e+02,-7.069913670e-03
3.883450317e+02,-8.510081097e-03
3.885618591e+02,1.224142406e-02
3.887786560e+02,-3.508771956e-02
3.889955139e+02,-1.921314560e-02
3.892123413e+02,2.520293184e-02
3.894291992e+02,1.211050060e-02
3.896460571e+02,1.391070988e-02
3.898629456e+02,-7.069913670e-03
3.900798340e+02,-1.109583676e-02
3.902967224e+02,-6.448023021e-03
3.905136414e+02,8.346425369e-03
3.907305603e+02,-1.305970177e-02
3.909475098e+02,1.980230398e-02
3.911644592e+02,7.593610790e-03
3.913814087e+02,4.395784065e-02
3.915983887e+02,-1.983503625e-02
3.918153687e+02,8.771929890e-03
3.920323486e+02,-4.353233613e-03
3.922493591e+02,1.525268424e-02
3.924663696e+02,2.618486527e-03
3.926834106e+02,5.079863966e-02
3.929004517e+02,6.513485219e-03
3.931174927e+02,-2.585755475e-02
3.933345642e+02,4.569258913e-02
3.935516357e+02,6.824430823e-02
3.937687073e+02,-6.022518966e-03
3.939858093e+02,4.340141267e-02
3.942029114e+02,-2.981801517e-02
3.944200439e+02,1.011390425e-02
3.946371765e+02,3.014532663e-02
3.948543091e+02,1.289604604e-02
3.950714722e+02,1.273239031e-02
3.952886353e+02,8.379156701e-03
3.955058289e+02,-1.800209517e-03
3.957230225e+02,5.629745778e-03
3.959402161e+02,-2.314087376e-02
3.961574402e+02,5.413720757e-02
3.963746643e+02,-5.531552713e-03
3.965918884e+02,-1.109583676e-02
3.968091431e+02,-2.441738732e-02
3.970263977e+02,4.516889155e-02
3.972436829e+02,-9.688399732e-03
3.974609375e+02,-1.594003662e-02
3.976782532e+02,-2.448284812e-02
3.978955383e+02,4.778737668e-03
3.981128845e+02,3.564414755e-02
3.983302002e+02,-1.502356678e-02
3.985475464e+02,4.844199866e-03
3.987648926e+02,3.371301293e-02
3.989822693e+02,1.872217841e-02
3.991996155e+02,7.069913670e-03
3.994170227e+02,-2.029327117e-02
3.996343994e+02,1.256873552e-02
3.998518372e+02,-7.168106735e-03
4.000692444e+02,-2.919612452e-02
4.002866821e+02,-3.567687795e-02
4.005041199e+02,8.248232305e-03
4.007215881e+02,1.525268424e-02
4.009390564e+02,-1.738020405e-02
4.011565247e+02,2.523566410e-02
4.013740234e+02,-8.902854286e-03
4.015915222e+02,4.811469000e-03
4.018090210e+02,3.633150086e-02
4.020265503e+02,-1.973684132e-02
4.022440796e+02,3.489133343e-02
4.024616394e+02,-7.659072988e-03
4.026791992e+02,-1.816575043e-02
4.028967590e+02,-8.575543761e-03
4.031143494e+02,-1.256873552e-02
4.033319397e+02,-1.047394588e-03
4.035495605e+02,-4.615082406e-03
4.037671814e+02,6.546216318e-04
4.039848022e+02,5.950510502e-02
4.042024231e+02,-1.986776665e-02
4.044200745e+02,-1.037575305e-02
4.046377563e+02,8.248232305e-03
4.048554382e+02,-4.058653954e-03
4.050731201e+02,-1.636554021e-03
4.052908020e+02,-3.698612098e-03
4.055085144e+02,-1.276512165e-02
4.057262268e+02,-6.022518966e-03
4.059439697e+02,-8.019114845e-03
4.061617126e+02,2.523566410e-02
4.063794556e+02,-1.597276703e-02
4.065972290e+02,1.544907037e-02
4.068150024e+02,-1.427075174e-02
4.070328064e+02,-2.173343860e-02
4.072506104e+02,3.286200762e-02
4.074684143e+02,5.963603035e-02
4.076862488e+02,-2.605394088e-02
4.079040833e+02,-1.423802041e-02
4.081219177e+02,-4.647813737e-03
4.083397827e+02,-4.320502747e-03
4.085576477e+02,-2.945797285e-03
4.087755432e+02,-1.276512165e-03
4.089934387e+02,6.166535616e-02
4.092113342e+02,3.633150132e-03
4.094292603e+02,8.870122954e-03
4.096471863e+02,-1.273239031e-02
4.098651123e+02,1.178318914e-02
4.100830688e+02,1.783843897e-02
4.103010254e+02,-4.484158009e-03
4.105189819e+02,-2.327179909e-02
4.107369690e+02,-8.510081097e-03
4.109549866e+02,3.662608191e-02
4.111729736e+02,1.603823039e-03
4.113909912e+02,-1.440167543e-03
4.116090393e+02,-9.164703079e-04
4.118270874e+02,1.551453304e-02
4.120451355e+02,-2.336999215e-02
4.122631836e+02,1.499083545e-02
4.124812622e+02,1.413982734e-02
4.126993713e+02,1.865671598e-03
4.129174500e+02,6.120712031e-03
4.131355591e+02,-1.849306189e-02
4.133536987e+02,3.927729558e-03
4.135718079e+02,2.808326855e-02
4.137899780e+02,-6.938989274e-03
4.140081177e+02,-1.161953434e-02
4.142262878e+02,1.584184356e-02
4.144444580e+02,-1.371432282e-02
4.146626587e+02,3.633150132e-03
4.148808594e+02,-1.368159242e-02
4.150990906e+02,1.767478324e-02
4.153172913e+02,1.728201099e-02
4.155355225e+02,3.273108043e-03
4.157537842e+02,1.404163428e-02
4.159720459e+02,1.047394611e-02
4.161903076e+02,-4.091385286e-03
4.164085999e+02,-6.087981164e-03
4.166268921e+02,-2.245352231e-02
4.168451843e+02,4.241948202e-02
4.170635071e+02,-9.524744935e-03
4.172818298e+02,-5.433359649e-03
4.175001831e+02,1.377978548e-02
4.177185364e+02,5.138779990e-03
4.179368896e+02,1.620188542e-02
4.181552734e+02,-2.808326855e-02
4.183736572e+02,-3.240377177e-03
4.185920410e+02,1.374705415e-02
4.188104553e+02,1.584184356e-02
4.190288696e+02,2.451558039e-02
4.192473145e+02,-2.235532925e-02
4.194657288e+02,5.236973055e-03
4.196842041e+02,-1.508902851e-02
4.199026489e+02,2.929431759e-02
4.201211243e+02,-2.242079005e-02
4.203396301e+02,1.387797855e-02
4.205581360e+02,1.364886109e-02
4.207766418e+02,-3.122545220e-02
4.209951477e+02,-1.417255867e-02
4.212136841e+02,-1.476171799e-02
4.214322205e+02,6.218905328e-04
4.216507874e+02,1.361612976e-02
4.218693542e+02,-1.047394611e-02
4.220879211e+02,7.763812691e-02
4.223065186e+02,-3.600418859e-04
4.225251160e+02,1.139041595e-02
4.227437439e+02,-5.957056768e-03
4.229623718e+02,2.638125233e-02
4.231809998e+02,6.087981164e-03
4.233996277e+02,2.202801779e-02
4.236182861e+02,-1.652919687e-02
4.238369751e+02,4.333595186e-02
4.240556641e+02,1.976957358e-02
4.242743530e+02,1.796936430e-02
4.244930420e+02,-1.672558300e-02
4.247117615e+02,5.485729128e-02
4.249304810e+02,4.778737668e-03
4.251492310e+02,-5.793401506e-03
4.253679810e+02,-1.652919687e-02
4.255867310e+02,1.515449025e-02
4.258055115e+02,2.425373159e-02
4.260242920e+02,5.354804918e-02
4.262430725e+02,-8.379156701e-03
4.264618835e+02,-1.371432282e-02
4.266806946e+02,5.269703921e-03
4.268995361e+02,-2.431919426e-02
4.271183777e+02,-1.672558300e-02
4.273372192e+02,6.742602680e-03
4.275560913e+02,5.433359649e-03
4.277749634e+02,3.253469616e-02
4.279938354e+02,-2.271537110e-02
4.282127380e+02,3.417124972e-02
4.284316406e+02,3.983372450e-02
4.286505737e+02,1.868944801e-02
4.288695068e+02,-3.426944092e-02
4.290884399e+02,8.837391622e-03
4.293074036e+02,3.138910607e-02
4.295263672e+02,6.798245758e-02
4.297453308e+02,2.913066186e-02
4.299643250e+02,-3.142183879e-03
4.301833191e+02,8.182770014e-02
4.304023438e+02,-1.489264239e-02
4.306213379e+02,-2.942524292e-02
4.308403931e+02,1.777297631e-02
4.310594177e+02,-1.008117292e-02
4.312784729e+02,2.202801779e-02
4.314975586e+02,-2.376276441e-02
4.317166138e+02,1.361612976e-02
4.319357300e+02,-6.251636427e-03
4.321548157e+02,-1.780570857e-02
4.323739319e+02,-1.888583414e-02
4.325930481e+02,-7.920921780e-03
4.328121948e+02,9.328357875e-03
4.330313416e+02,-1.305970177e-02
4.332504883e+02,2.618486469e-04
4.334696655e+02,5.302435253e-03
4.336888428e+02,-5.171510857e-03
4.339080200e+02,-1.630007848e-02
4.341272278e+02,-2.631578967e-02
4.343464355e+02,1.230688673e-02
4.345656738e+02,5.760670453e-02
4.347849121e+02,-2.772322670e-02
4.350041504e+02,-2.955616638e-02
4.352234192e+02,1.351793669e-02
4.354426880e+02,8.742471784e-02
4.356619568e+02,-2.392642014e-02
4.358812561e+02,-2.520293184e-02
4.361005554e+02,-7.200837717e-04
4.363198853e+02,-2.487562131e-03
4.365392151e+02,-1.404163428e-02
4.367585449e+02,-2.356637828e-02
4.369778748e+02,-1.898402697e-03
4.371972351e+02,2.192982472e-02
4.374166260e+02,4.660905898e-02
4.376360168e+02,-1.489264239e-02
4.378554077e+02,1.000261828e-01
4.380747986e+02,1.243781112e-02
4.382942200e+02,-8.902854286e-03
4.385136414e+02,-1.711835526e-02
4.387330933e+02,4.955485836e-02
4.389525452e+02,2.523566410e-02
4.391719971e+02,5.564283929e-04
4.393914795e+02,-9.131971747e-03
4.396109619e+02,3.246923164e-02
4.398304443e+02,1.063760184e-02
4.400499573e+02,-3.348389640e-02
4.402694702e+02,-3.332024068e-02
4.404890137e+02,3.404032439e-03
4.407085571e+02,-1.620188542e-02
4.409281006e+02,1.175045781e-02
4.411476746e+02,-8.837392088e-04
4.413672485e+02,1.806755736e-02
4.415868225e+02,2.418826893e-02
4.418064270e+02,-1.751112938e-02
4.420260315e+02,1.587457396e-02
4.422456360e+02,-1.571091940e-03
4.424652710e+02,5.289342627e-02
4.426849060e+02,-3.407305479e-02
4.429045715e+02,-1.810028777e-02
4.431242371e+02,-1.597276703e-02
4.433439026e+02,4.582351539e-04
4.435635986e+02,-1.954045519e-02
4.437832947e+02,-9.230164811e-03
4.440029907e+02,1.243781066e-03
4.442227173e+02,-5.629745778e-03
4.444424438e+02,-2.520293230e-03
4.446622009e+02,-1.679104567e-02
4.448819580e+02,1.001571119e-02
4.451017151e+02,-5.760670174e-03
4.453215027e+02,-5.204241723e-03
4.455412903e+02,-7.855459116e-03
4.457610779e+02,-5.138779990e-03
4.459808960e+02,-1.440167543e-03
4.462007141e+02,-3.567687934e-03
4.464205322e+02,1.230688673e-02
4.466403809e+02,1.322335657e-02
4.468602600e+02,1.764205284e-02
4.470801086e+02,-1.348520536e-02
4.472999878e+02,-2.431919426e-02
4.475198669e+02,5.204241723e-03
4.477397766e+02,-1.155407168e-02
4.479596863e+02,-1.770751551e-02
4.481796265e+02,2.628305927e-02
4.483995361e+02,5.924325902e-03
4.486194763e+02,3.570960835e-02
4.488394470e+02,-2.163524553e-02
4.490594177e+02,-2.477742918e-02
4.492793884e+02,2.402461320e-02
4.494993896e+02,-4.876931198e-03
4.497193909e+02,-1.266692858e-02
4.499393921e+02,-3.665881231e-03
4.501594238e+02,4.451427143e-03
4.503794556e+02,3.750981763e-02
4.505994873e+02,2.965435944e-02
4.508195496e+02,4.962031916e-02
4.510396118e+02,-1.243781066e-03
4.512597046e+02,-3.469494637e-03
4.514797974e+02,1.734747319e-03
4.516998901e+02,8.771929890e-03
4.519200134e+02,-2.880335087e-03
4.521401367e+02,3.574234247e-02
4.523602600e+02,-1.888583414e-02
4.525804138e+02,-1.057213917e-02
4.528005676e+02,1.214323100e-02
4.530207520e+02,-1.017936599e-02
4.532409058e+02,-3.299292922e-02
4.534611206e+02,2.127520274e-03
4.536813049e+02,3.194553405e-02
4.539015198e+02,3.305839142e-03
4.541217346e+02,-5.793401506e-03
4.543419800e+02,-5.531552713e-03
4.545622253e+02,-1.073579490e-02
4.547825012e+02,-1.963864779e-03
4.550027466e+02,-1.868944801e-02
4.552230225e+02,8.280963637e-03
4.554433289e+02,-9.131971747e-03
4.556636353e+02,-3.731343197e-03
4.558839417e+02,-1.188138220e-02
4.561042786e+02,-2.340272255e-02
4.563246155e+02,3.754255176e-02
4.565449524e+02,1.309243264e-03
4.567653198e+02,-1.165226474e-02
4.569856873e+02,-1.662738994e-02
4.572060547e+02,1.446713787e-02
4.574264526e+02,-1.427075174e-02
4.576468506e+02,-1.355066802e-02
4.578672791e+02,2.667583153e-02
4.580877075e+02,-1.472898666e-02
4.583081360e+02,4.746006802e-03
4.585285645e+02,-4.156847484e-03
4.587490234e+02,-1.469625533e-02
4.589695129e+02,1.119402982e-02
4.591900024e+02,-2.716679825e-03
4.594104919e+02,4.484158009e-03
4.596309814e+02,-1.757659018e-02
4.598515015e+02,4.546347260e-02
4.600720215e+02,-6.415292155e-03
4.602925720e+02,1.531814598e-02
4.605130920e+02,-3.600418859e-04
4.607336731e+02,4.441607744e-02
4.609542236e+02,-1.427075174e-02
4.611748047e+02,-2.386095747e-02
4.613954163e+02,5.466090515e-03
4.616159973e+02,1.810028777e-02
4.618366394e+02,-1.659465767e-02
4.620572510e+02,1.521995291e-02
4.622778931e+02,2.114427835e-02
4.624985352e+02,2.821419202e-02
4.627192078e+02,3.567687934e-03
4.629398499e+02,1.469625533e-02
4.631605530e+02,5.891594570e-03
4.633812256e+02,1.816575043e-02
4.636019287e+02,-2.369730361e-02
4.638226624e+02,-1.021209732e-02
4.640433655e+02,-8.313694969e-03
4.642641296e+02,4.111023992e-02
4.644848633e+02,-1.567818783e-02
4.647056274e+02,-3.315658495e-02
4.649263916e+02,-2.094789175e-03
4.651471863e+02,-8.510081097e-04
4.653679504e+02,-2.009688318e-02
4.655887756e+02,-2.304268070e-02
4.658095703e+02,7.822728716e-03
4.660303955e+02,7.069913670e-03
4.662512512e+02,-4.484158009e-03
4.664720764e+02,1.960591786e-02
4.666929626e+02,-8.215501904e-03
4.669138184e+02,3.849175200e-02
4.671347046e+02,-1.243781112e-02
4.673555908e+02,-1.986776665e-02
4.675765076e+02,4.834380746e-02
4.677973938e+02,5.597014911e-03
4.680183411e+02,1.636554021e-03
4.682392578e+02,-1.391070988e-02
4.684602051e+02,-7.757266518e-03
4.686811829e+02,6.153443363e-03
4.689021301e+02,-2.458104305e-02
4.691231384e+02,1.587457396e-02
4.693441162e+02,-1.554726344e-02
4.695651245e+02,1.021209732e-02
4.697861328e+02,4.124116153e-03
4.700071411e+02,-2.683948725e-02
4.702281799e+02,2.477742918e-02
4.704492493e+02,6.546216086e-03
4.706702881e+02,-2.945797460e-04
4.708913574e+02,-1.014663558e-02
4.711124573e+02,-3.043990582e-03
4.713335266e+02,2.170070633e-02
4.715546265e+02,-2.094789175e-03
4.717757568e+02,3.505498916e-02
4.719968872e+02,9.721131064e-03
4.722180176e+02,2.978528477e-02
4.724391479e+02,2.697041072e-02
4.726603088e+02,-5.597014911e-03
4.728814697e+02,5.433359649e-03
4.731026611e+02,-7.200838067e-03
4.733238525e+02,-3.286200762e-02
4.735450439e+02,-1.139041595e-02
4.737662659e+02,-7.986383513e-03
4.739874878e+02,-1.057213917e-02
4.742087097e+02,-1.086671930e-02
4.744299622e+02,-3.498952463e-02
4.746512146e+02,-9.655669332e-03
4.748724976e+02,1.819848083e-02
4.750937805e+02,-2.602121048e-02
4.753150635e+02,-1.292877737e-02
4.755363464e+02,4.516889341e-03
4.757576599e+02,1.011390425e-02
4.759790039e+02,-2.814872889e-03
4.762003174e+02,-1.616915502e-02
4.764216614e+02,-6.480754353e-03
4.766430359e+02,-1.037575305e-02
4.768643799e+02,5.106048658e-03
4.770857544e+02,-1.571091940e-03
4.773071594e+02,2.909793146e-02
4.775285645e+02,2.683948725e-03
4.777499695e+02,-6.709871814e-03
4.779714050e+02,2.215894125e-02
4.781928101e+02,-9.426551871e-03
4.784142761e+02,-3.109452780e-03
4.786357117e+02,-2.356637968e-03
4.788571777e+02,-1.305970177e-02
4.790786743e+02,1.300078481e-01
4.793001404e+02,1.525268424e-02
4.795216370e+02,-1.862398535e-02
4.797431641e+02,4.484158009e-03
4.799646912e+02,-6.644409616e-03
4.801862183e+02,-1.430348214e-02
4.804077454e+02,-1.391070988e-02
4.806293030e+02,-1.652919687e-02
4.808508606e+02,-8.837391622e-03
4.810724487e+02,3.927729849e-04
4.812940369e+02,-1.774024591e-02
4.815156250e+02,6.938989274e-03
4.817372437e+02,3.600419033e-03
4.819588623e+02,-1.286331471e-02
4.821804810e+02,-3.371301340e-03
4.824021301e+02,-2.520293184e-02
4.826237793e+02,1.224142406e-02
4.828454590e+02,1.963864826e-02
4.830671082e+02,3.436763538e-03
4.832888184e+02,-1.747839712e-02
4.835104980e+02,-6.546216318e-04
4.837322083e+02,4.526708648e-02
4.839539185e+02,-1.561272610e-02
4.841756592e+02,2.124247141e-02
4.843973999e+02,4.844199866e-03
4.846191406e+02,2.654490620e-02
4.848409119e+02,-1.201230660e-02
4.850626831e+02,-1.335428096e-02
4.852844543e+02,-2.160251373e-03
4.855062561e+02,3.315658495e-02
4.857280579e+02,-2.003142238e-02
4.859498901e+02,9.164703079e-03
4.861717224e+02,3.436763538e-03
4.863935547e+02,-8.739198558e-03
4.866154175e+02,-7.953653112e-03
4.868372498e+02,-2.287902683e-02
4.870591431e+02,-1.963864779e-03
4.872810059e+02,-4.713275936e-03
4.875028992e+02,2.101335488e-02
4.877248230e+02,-1.688923873e-02
4.879467163e+02,3.466221690e-02
4.881686707e+02,3.181461245e-02
4.883905945e+02,-2.893427573e-02
4.886125488e+02,-2.883608267e-02
4.888345032e+02,1.430348214e-02
4.890564575e+02,4.281225428e-02
4.892784424e+02,5.695207976e-03
4.895004578e+02,-8.280963637e-03
4.897224426e+02,-7.888190448e-03
4.899444580e+02,-5.073317792e-03
4.901664734e+02,2.012961544e-02
4.903885193e+02,-1.103037409e-02
4.906105652e+02,-7.920921780e-03
4.908326111e+02,3.125818446e-02
4.910546875e+02,2.782141976e-02
4.912767639e+02,-2.212621085e-02
4.914988708e+02,1.980230398e-02
4.917209778e+02,4.438334703e-02
4.919430847e+02,-1.253600419e-02
4.921651917e+02,-1.963864826e-02
4.923873291e+02,-8.182770107e-04
4.926094666e+02,1.410709601e-02
4.928316345e+02,-9.917518124e-03
4.930538025e+02,-2.340272255e-02
4.932759705e+02,-9.033778682e-03
4.934981689e+02,-3.240377177e-03
4.937203674e+02,-2.595574781e-02
4.939425659e+02,9.721131064e-03
4.941647949e+02,-1.309243217e-02
4.943870239e+02,-6.022518966e-03
4.946092834e+02,-2.238805965e-02
4.948315125e+02,-1.057213917e-02
4.950538025e+02,1.931133796e-03
4.952760620e+02,1.931133796e-03
4.954983521e+02,-2.510473877e-02
4.957206421e+02,6.513485219e-03
4.959429626e+02,-6.218905561e-03
4.961652832e+02,3.796805441e-02
4.963876038e+02,-8.248232305e-03
4.966099548e+02,3.862267593e-03
4.968323059e+02,-1.273239031e-02
4.970546570e+02,6.022518966e-03
4.972770386e+02,-8.837391622e-03
4.974994202e+02,3.894998692e-03
4.977218018e+02,1.587457396e-02
4.979442139e+02,-4.484158009e-03
4.981666260e+02,-1.839486696e-02
4.983890686e+02,-7.168106735e-03
4.986115112e+02,1.652919687e-02
4.988339539e+02,-1.067033224e-02
4.990564270e+02,-1.702016219e-03
4.992788696e+02,-1.963864779e-03
4.995013733e+02,2.425373159e-02
4.997238464e+02,-2.094789175e-03
4.999463501e+02,-2.356637828e-02
5.001688843e+02,-9.197433479e-03
5.003914185e+02,4.107750580e-02
5.006139526e+02,-5.760670174e-03
5.008364868e+02,2.932704985e-02
5.010590515e+02,-4.876931198e-03
5.012816162e+02,-7.953653112e-03
5.015041809e+02,-1.436894480e-02
5.017267761e+02,-1.790390164e-02
5.019493713e+02,9.721131064e-03
5.021719971e+02,2.405734546e-02
5.023946228e+02,-4.091385286e-03
5.026172485e+02,-1.796936430e-02
5.028399048e+02,-1.780570857e-02
5.030625610e+02,6.153443363e-03
5.032852173e+02,1.554726344e-02
5.035079041e+02,1.963864925e-04
5.037305908e+02,-1.950772479e-02
5.039532776e+02,3.436763585e-02
5.041759949e+02,3.492406383e-02
5.043987122e+02,1.594003662e-02
5.046214600e+02,6.218905328e-04
5.048441772e+02,2.513747104e-02
5.050669556e+02,-5.564283929e-04
5.052897034e+02,-3.142183879e-03
5.055124817e+02,2.042419463e-02
5.057352600e+02,6.120712031e-03
5.059580688e+02,-7.888190448e-03
5.061808777e+02,-1.976957358e-02
5.064036865e+02,-1.296150871e-02
5.066265259e+02,3.554595262e-02
5.068493652e+02,4.189578351e-03
5.070722046e+02,-2.464650385e-02
5.072950745e+02,-2.549751289e-02
5.075179443e+02,3.335297108e-02
5.077408142e+02,3.692065924e-02
5.079637146e+02,1.047394611e-02
5.081866150e+02,-7.168106735e-03
5.084095459e+02,-9.492013487e-04
5.086324768e+02,-4.385964945e-03
5.088554077e+02,-2.847603988e-03
5.090783386e+02,-2.814872889e-03
5.093013000e+02,-1.832940616e-03
5.095242920e+02,-7.888190448e-03
5.097472534e+02,-1.345247403e-02
5.099702454e+02,4.255040549e-04
5.101932373e+02,1.348520536e-02
5.104162598e+02,-1.220869366e-02
5.106392822e+02,-2.769049443e-02
5.108623352e+02,-1.047394588e-03
5.110853577e+02,-5.629745778e-03
5.113084106e+02,-1.459806226e-02
5.115314941e+02,3.112725914e-02
5.117545776e+02,-2.422100119e-02
5.119776611e+02,-5.924325902e-03
5.122007446e+02,-6.022518966e-03
5.124238892e+02,-2.991620824e-02
5.126469727e+02,-9.492013603e-03
5.128701172e+02,9.164703079e-04
5.130932617e+02,-5.531552713e-03
5.133164062e+02,-1.233961806e-02
5.135395508e+02,-1.400890294e-02
5.137627563e+02,6.873527309e-04
5.139859619e+02,2.055511996e-02
5.142091064e+02,-1.571091823e-02
5.144323120e+02,2.422099933e-03
5.146555786e+02,-1.188138220e-02
5.148787842e+02,5.479183048e-02
5.151019897e+02,1.764205284e-02
5.153252563e+02,-1.283058431e-02
5.155485229e+02,1.053940784e-02
5.157717896e+02,1.666012034e-02
5.159950562e+02,-7.822728716e-03
5.162183838e+02,-6.153443363e-03
5.164416504e+02,1.636554080e-04
5.166649780e+02,-2.084969915e-02
5.168883057e+02,-2.566116862e-02
5.171116333e+02,1.652919687e-02
5.173350220e+02,1.341974363e-03
5.175583496e+02,8.051846176e-03
5.177817383e+02,6.186174229e-03
5.180051270e+02,-1.027755998e-02
5.182285156e+02,1.427075174e-02
5.184519043e+02,-2.546478063e-02
5.186752930e+02,-2.618486527e-03
5.188987427e+02,-8.673736826e-03
5.191221313e+02,3.862267593e-03
5.193455811e+02,-2.294448763e-02
5.195690308e+02,-2.733045258e-02
5.197925415e+02,1.616915502e-02
5.200159912e+02,-1.099764369e-02
5.202395020e+02,-3.129091486e-02
5.204629517e+02,-2.644671313e-02
5.206864624e+02,1.924587600e-02
5.209099731e+02,-1.538360841e-03
5.211335449e+02,-1.973684132e-02
5.213570557e+02,7.069913670e-03
5.215806274e+02,-8.706467226e-03
5.218041992e+02,2.323906869e-03
5.220277710e+02,-2.209348045e-02
5.222513428e+02,-8.019114845e-03
5.224749146e+02,-5.760670174e-03
5.226985474e+02,-6.317098625e-03
5.229221191e+02,-2.003142238e-02
5.231457520e+02,-1.970411092e-02
5.233693848e+02,1.237234846e-02
5.235930176e+02,-1.427075174e-02
5.238167114e+02,-1.220869366e-02
5.240403442e+02,-2.127520274e-03
5.242640381e+02,2.029326977e-03
5.244877319e+02,3.083267808e-02
5.247114258e+02,-1.279785298e-02
5.249351196e+02,2.608667128e-02
5.251588745e+02,-1.620188542e-02
5.253826294e+02,5.466090515e-03
5.256063232e+02,-8.837392088e-04
5.258300781e+02,-8.673736826e-03
5.260538330e+02,2.605394088e-02
5.262776489e+02,1.967138052e-02
5.265014038e+02,-1.963864779e-03
5.267252197e+02,-1.341974363e-03
5.269490356e+02,2.369730361e-02
5.271728516e+02,-1.800209470e-02
5.273966675e+02,-2.415553853e-02
5.276204834e+02,6.019245833e-02
5.278443604e+02,-2.520293230e-03
5.280682373e+02,5.335166119e-03
5.282921143e+02,3.682246804e-02
5.285159912e+02,-2.098062262e-02
5.287398682e+02,2.788688056e-02
5.289637451e+02,-9.753862396e-03
5.291876831e+02,-3.243650123e-02
5.294116211e+02,-2.880335087e-03
5.296355591e+02,8.248232305e-03
5.298594971e+02,-1.518722158e-02
5.300834351e+02,-8.837391622e-03
5.303074341e+02,-3.449856117e-02
5.305313721e+02,-7.986383513e-03
5.307553711e+02,-1.603823039e-03
5.309793701e+02,4.320502747e-03
5.312033691e+02,-3.050536849e-02
5.314274292e+02,6.948808581e-02
5.316514282e+02,1.669285120e-03
5.318754883e+02,1.325281560e-01
5.320995483e+02,4.096949399e-01
5.323236084e+02,5.464781523e-01
5.325476685e+02,3.918237686e-01
5.327717285e+02,2.081369460e-01
5.329958496e+02,1.061468944e-01
5.332199707e+02,7.426682115e-02
5.334440308e+02,6.271275133e-02
5.336682129e+02,-9.950248525e-03
5.338923340e+02,-1.649646461e-02
5.341164551e+02,4.169939831e-02
5.343406372e+02,4.418695811e-03
5.345648193e+02,-5.498821847e-03
5.347890015e+02,1.377978548e-02
5.350131836e+02,1.211050060e-02
5.352373657e+02,4.582351539e-04
5.354616089e+02,-1.299423911e-02
5.356857910e+02,2.392642014e-02
5.359100342e+02,-7.331762463e-03
5.361342773e+02,-4.058653954e-03
5.363585205e+02,3.485860303e-02
5.365828247e+02,-7.200837717e-04
5.368070679e+02,-5.040586460e-03
5.370313721e+02,-6.448023021e-03
5.372556763e+02,-1.594003662e-02
5.374799805e+02,-3.354935721e-02
5.377042847e+02,2.422099933e-03
5.379285889e+02,1.708562486e-02
5.381529541e+02,-4.418695811e-03
5.383773193e+02,-3.060356155e-02
5.386016846e+02,1.662738994e-02
5.388260498e+02,3.600418859e-04
5.390504150e+02,6.382560823e-03
5.392747803e+02,1.469625533e-02
5.394992065e+02,-2.847603988e-03
5.397236328e+02,-3.174914978e-03
5.399480591e+02,4.680544604e-03
5.401724854e+02,-2.107881568e-02
5.403969116e+02,-7.462686393e-03
5.406213989e+02,2.703587338e-02
5.408458252e+02,-2.045692503e-02
5.410703125e+02,-2.422100119e-02
5.412947998e+02,2.281356417e-02
5.415192871e+02,5.302435253e-03
5.417438354e+02,-1.394344028e-02
5.419683228e+02,-1.351793669e-02
5.421928711e+02,8.706467226e-03
5.424174194e+02,1.135768555e-02
5.426419678e+02,-5.662477110e-03
5.428665161e+02,-5.367897451e-03
5.430910645e+02,6.284367759e-03
5.433156738e+02,1.662738994e-02
5.435402832e+02,-2.543205023e-02
5.437648315e+02,-5.204241723e-03
5.439895020e+02,-2.618486527e-03
5.442141113e+02,7.626342122e-03
5.444387207e+02,-1.685650647e-02
5.446633911e+02,1.188138220e-02
5.448880615e+02,8.444619365e-03
5.451127319e+02,-1.145587862e-02
5.453374023e+02,-1.996595971e-02
5.455620728e+02,-6.153443363e-03
5.457867432e+02,4.251767322e-02
5.460114746e+02,-3.174914978e-03
5.462362061e+02,-1.878764108e-02
5.464609375e+02,-6.317098625e-03
5.466856689e+02,-2.422099933e-03
5.469104004e+02,-2.045692503e-02
5.471351929e+02,-1.263419725e-02
5.473599243e+02,-1.587457396e-02
5.475847168e+02,6.938989274e-03
5.478095093e+02,-2.219167352e-02
5.480343018e+02,-3.184734285e-02
5.482591553e+02,2.569389902e-02
5.484839478e+02,-9.917518124e-03
5.487088013e+02,-7.822728716e-03
5.489336548e+02,-1.525268424e-02
5.491585083e+02,-2.877062000e-02
5.493833618e+02,4.909661948e-04
5.496082764e+02,5.521733314e-02
5.498331299e+02,2.147158980e-02
5.500580444e+02,-2.919612452e-02
5.502829590e+02,1.741293445e-02
5.505078735e+02,1.636554115e-02
5.507327881e+02,3.502225736e-03
5.509577637e+02,-1.636554115e-02
5.511826782e+02,-7.102644537e-03
5.514076538e+02,1.675831340e-02
5.516326294e+02,-9.066510014e-03
5.518576050e+02,-2.556297369e-02
5.520825806e+02,-9.524744935e-03
5.523076172e+02,-6.840796210e-03
5.525325928e+02,-2.291175723e-02
5.527576294e+02,3.043990582e-03
5.529826660e+02,2.422099933e-03
5.532077026e+02,-9.393820539e-03
5.534328003e+02,-2.422099933e-03
5.536578369e+02,5.826132372e-03
5.538829346e+02,1.584184356e-02
5.541080322e+02,5.727939308e-03
5.543331299e+02,-2.503927797e-02
5.545582275e+02,-1.603822969e-02
5.547833252e+02,1.685650647e-02
5.550084839e+02,2.559570596e-02
5.552335815e+02,-2.035873197e-02
5.554587402e+02,-2.723225951e-02
5.556838989e+02,3.155276179e-02
5.559091187e+02,4.942393396e-03
5.561342773e+02,3.456402197e-02
5.563594971e+02,-2.837784775e-02
5.565846558e+02,5.727939308e-03
5.568098755e+02,2.533385716e-02
5.570350952e+02,7.462686393e-03
5.572603760e+02,-1.823121309e-02
5.574855957e+02,1.230688673e-02
5.577108765e+02,-7.691804320e-03
5.579360962e+02,-2.307541296e-02
5.581613770e+02,-3.528410569e-02
5.583866577e+02,-1.243781066e-03
5.586119995e+02,-1.832940616e-03
5.588372803e+02,-1.283058431e-02
5.590626221e+02,-3.282927349e-02
5.592879028e+02,-7.200837717e-04
5.595132446e+02,-1.954045519e-02
5.597386475e+02,-8.804661222e-03
5.599639893e+02,-5.204241723e-03
5.601893311e+02,7.789997384e-03
5.604147339e+02,5.115868151e-02
5.606401367e+02,5.014401674e-02
5.608655396e+02,2.022780851e-02
5.610909424e+02,-7.855459698e-04
5.613163452e+02,1.276512165e-02
5.615418091e+02,-6.938989274e-03
5.617672119e+02,2.464650385e-02
5.619926758e+02,1.630007848e-02
5.622181396e+02,-1.443440653e-02
5.624436646e+02,-1.682377607e-02
5.626691284e+02,-7.626342122e-03
5.628945923e+02,5.760670174e-03
5.631201172e+02,1.286331471e-02
5.633456421e+02,-4.582351539e-04
5.635711670e+02,1.296150871e-02
5.637966919e+02,2.304268070e-02
5.640222778e+02,9.590206668e-03
5.642478027e+02,-8.771929890e-03
5.644733887e+02,1.832940616e-02
5.646989746e+02,-7.855459698e-04
5.649245605e+02,6.513485219e-03
5.651501465e+02,-1.901675761e-02
5.653757935e+02,7.037182339e-03
5.656013794e+02,-1.767478418e-03
5.658270264e+02,4.084838927e-02
5.660526733e+02,-2.458104305e-02
5.662783203e+02,-5.138779990e-03
5.665039673e+02,-2.291175770e-03
5.667296753e+02,2.320633642e-02
5.669553223e+02,1.276512165e-02
5.671810303e+02,-8.019114845e-03
5.674067383e+02,2.274810150e-02
5.676324463e+02,-3.993191756e-03
5.678581543e+02,-1.666012034e-02
5.680839233e+02,3.665881231e-02
5.683096313e+02,-7.495417725e-03
5.685354004e+02,-1.076852623e-02
5.687611694e+02,-1.806755736e-02
5.689869385e+02,1.868944801e-02
5.692127686e+02,2.520293184e-02
5.694385376e+02,1.626734808e-02
5.696643677e+02,1.636554021e-03
5.698901978e+02,-1.233961806e-02
5.701160278e+02,-1.440167613e-02
5.703418579e+02,6.706598401e-02
5.705676880e+02,-2.314087376e-02
5.707935791e+02,5.636292323e-02
5.710194092e+02,-5.367897451e-03
5.712453003e+02,1.931133796e-03
5.714711914e+02,-9.066510014e-03
5.716970825e+02,-1.335428096e-02
5.719230347e+02,2.327179909e-02
5.721489258e+02,4.883477464e-02
5.723748779e+02,-2.533385716e-02
5.726008301e+02,-1.152134035e-02
5.728267822e+02,-1.636554021e-03
5.730527344e+02,3.888452426e-02
5.732786865e+02,8.379156701e-03
5.735046997e+02,-5.826132372e-03
5.737307129e+02,2.323906869e-03
5.739566650e+02,-5.433359649e-03
5.741826782e+02,-5.957056768e-03
5.744087524e+02,-2.651217626e-03
5.746347656e+02,6.677140482e-03
5.748608398e+02,-2.916339412e-02
5.750868530e+02,-1.031029038e-02
5.753129272e+02,-5.760670174e-03
5.755390015e+02,-2.814872889e-03
5.757651367e+02,-5.662477110e-03
5.759912109e+02,-2.222440392e-02
5.762173462e+02,-2.127520274e-03
5.764434204e+02,3.927729558e-03
5.766695557e+02,-9.393820539e-03
5.768956909e+02,-1.505629718e-02
5.771218872e+02,1.505629742e-03
5.773480225e+02,-6.546216086e-03
5.775742188e+02,-1.911495067e-02
5.778003540e+02,-1.551453304e-02
5.780265503e+02,-6.742602680e-03
5.782527466e+02,2.618486434e-02
5.784790039e+02,1.047394611e-02
5.787052002e+02,-1.630007848e-02
5.789314575e+02,-7.266300265e-03
5.791577148e+02,-4.124116153e-03
5.793839111e+02,-4.385964945e-03
5.796102295e+02,-1.731474139e-02
5.798364868e+02,8.294056356e-02
5.800627441e+02,-4.484158009e-03
5.802890625e+02,-1.898402721e-02
5.805153809e+02,-9.164703079e-04
5.807416992e+02,2.487562131e-03
5.809680176e+02,-9.328357875e-03
5.811943359e+02,-1.587457396e-02
5.814207153e+02,9.524744935e-03
5.816470337e+02,5.639565364e-02
5.818734131e+02,2.176616900e-02
5.820997925e+02,-6.840796210e-03
5.823261719e+02,-1.705289260e-02
5.825526123e+02,5.073317792e-03
5.827789917e+02,-1.597276703e-02
5.830054321e+02,1.469625533e-02
5.832318726e+02,-4.156847484e-03
5.834583130e+02,-7.004451472e-03
5.836847534e+02,-1.335428096e-02
5.839111938e+02,1.557999477e-02
5.841376953e+02,-1.548180170e-02
5.843641357e+02,5.891594919e-04
5.845906372e+02,1.652919687e-02
5.848171387e+02,-2.435192466e-02
5.850436401e+02,-2.713406645e-02
5.852702026e+02,2.880335087e-03
5.854967041e+02,2.278083190e-02
5.857232666e+02,-1.921314560e-02
5.859498291e+02,-7.168106735e-03
5.861763916e+02,-2.553024329e-03
5.864029541e+02,3.371301340e-03
5.866295166e+02,-2.618486469e-04
5.868561401e+02,-2.801780589e-02
5.870827026e+02,2.683948725e-03
5.873093262e+02,1.898402697e-03
5.875359497e+02,-2.661036886e-02
5.877625732e+02,-3.220738471e-02
5.879892578e+02,3.371301340e-03
5.882158813e+02,-9.819324128e-03
5.884425659e+02,-9.819324128e-03
5.886692505e+02,1.017936599e-02
5.888959351e+02,2.654490620e-02
5.891226196e+02,-6.251636427e-03
5.893493652e+02,4.294317961e-02
5.895760498e+02,-9.655669332e-03
5.898027954e+02,4.075019807e-02
5.900295410e+02,-1.970411092e-02
5.902562866e+02,4.022650048e-02
5.904830322e+02,-7.495417725e-03
5.907097778e+02,2.062058076e-03
5.909365845e+02,-2.029326977e-03
5.911633911e+02,-2.323906869e-02
5.913901978e+02,-1.207776926e-02
5.916170044e+02,3.371301340e-03
5.918438110e+02,-9.884786792e-03
5.920706177e+02,-1.937679946e-02
5.922974854e+02,-2.818146162e-02
5.925242920e+02,4.471065849e-02
5.927511597e+02,-4.975124262e-03
5.929780273e+02,1.188138220e-02
5.932049561e+02,-2.945797460e-04
5.934318237e+02,2.536658756e-02
5.936587524e+02,1.774024591e-02
5.938856201e+02,4.058653954e-03
5.941125488e+02,0.000000000e+00
5.943394775e+02,1.139041595e-02
5.945664673e+02,4.811469000e-03
5.947933960e+02,-4.451427143e-03
5.950203857e+02,-1.702016219e-03
5.952473145e+02,2.533385716e-02
5.954743042e+02,4.520162195e-02
5.957012939e+02,-1.165226474e-02
5.959283447e+02,-5.858863704e-03
5.961553345e+02,5.793401506e-03
5.963823853e+02,-4.385964945e-03
5.966093750e+02,-1.836213656e-02
5.968364258e+02,1.404163428e-02
5.970634766e+02,3.174914978e-03
5.972905884e+02,1.940953173e-02
5.975176392e+02,7.266300265e-03
5.977447510e+02,-2.274810150e-02
5.979718018e+02,2.340272255e-02
5.981989136e+02,-1.096491236e-02
5.984260254e+02,-1.584184356e-02
5.986531982e+02,-2.238805965e-02
5.988803101e+02,-1.489264239e-02
5.991074829e+02,-5.695207976e-03
5.993345947e+02,2.487562224e-02
5.995617676e+02,-2.464650385e-02
5.997889404e+02,8.641005494e-03
6.000161743e+02,3.636423126e-02
6.002433472e+02,-7.691804320e-03
6.004705811e+02,1.161953434e-02
6.006977539e+02,-1.269965991e-02
6.009249878e+02,1.868944801e-02
6.011522217e+02,-5.695207976e-03
6.013795166e+02,-1.377978548e-02
6.016067505e+02,1.289604604e-02
6.018340454e+02,-2.814872889e-03
6.020612793e+02,1.407436444e-03
6.022885742e+02,-1.004844159e-02
6.025158691e+02,9.950248525e-03
6.027432251e+02,9.557475336e-03
6.029705200e+02,2.150432020e-02
6.031978760e+02,9.590206668e-03
6.034251709e+02,3.050536849e-02
6.036525269e+02,-1.538360841e-03
6.038798828e+02,-6.153443363e-03
6.041072998e+02,-1.557999477e-02
6.043346558e+02,1.335428096e-02
6.045620728e+02,4.353233613e-03
6.047894287e+02,-1.348520536e-02
6.050168457e+02,-1.188138220e-02
6.052442627e+02,2.127520368e-02
6.054717407e+02,1.309243235e-04
6.056991577e+02,2.228986658e-02
6.059266357e+02,1.158680301e-02
6.061540527e+02,1.057213917e-02
6.063815308e+02,4.255040549e-03
6.066090698e+02,2.520293184e-02
6.068365479e+02,-1.423802041e-02
6.070640259e+02,3.587326407e-02
6.072915649e+02,3.993191756e-03
6.075191040e+02,7.331762463e-02
6.077465820e+02,-3.338570241e-03
6.079741821e+02,8.457711339e-02
6.082017212e+02,4.746006802e-03
6.084292603e+02,1.783843897e-02
6.086568604e+02,2.536658756e-02
6.088844604e+02,2.749410924e-03
6.091119995e+02,9.852055460e-03
6.093396606e+02,1.279785298e-02
6.095672607e+02,2.075150609e-02
6.097948608e+02,4.713275936e-03
6.100225220e+02,2.219167352e-02
6.102501831e+02,7.246661186e-02
6.104777832e+02,5.001309142e-02
6.107055054e+02,6.153443363e-03
6.109331665e+02,3.086541034e-02
6.111608276e+02,7.528148592e-02
6.113885498e+02,1.495810412e-02
6.116162720e+02,2.765776403e-02
6.118439331e+02,2.179889940e-02
6.120716553e+02,2.857423387e-02
6.122994385e+02,1.561272610e-02
6.125271606e+02,1.682377607e-02
6.127549438e+02,1.842759922e-02
6.129826660e+02,4.693637043e-02
6.132104492e+02,6.169809029e-02
6.134382324e+02,6.556035578e-02
6.136660767e+02,3.224011511e-02
6.138938599e+02,7.148468494e-02
6.141217041e+02,3.479313850e-02
6.143494873e+02,9.518198669e-02
6.145773315e+02,5.200968683e-02
6.148051758e+02,3.115998954e-02
6.150330811e+02,8.179496974e-02
6.152609253e+02,8.078031242e-02
6.154887695e+02,6.889892370e-02
6.157166748e+02,4.876931012e-02
6.159445801e+02,9.694946557e-02
6.161724854e+02,1.079143733e-01
6.164003906e+02,6.320371479e-02
6.166283569e+02,6.074888632e-02
6.168562622e+02,5.970149115e-02
6.170842285e+02,8.451165259e-02
6.173121948e+02,8.163131773e-02
6.175401611e+02,9.541109949e-02
6.177681274e+02,8.601728082e-02
6.179961548e+02,1.304006279e-01
6.182241211e+02,9.802959114e-02
6.184521484e+02,1.195011809e-01
6.186801758e+02,8.028934151e-02
6.189082031e+02,1.406127214e-01
6.191362305e+02,1.081107631e-01
6.193642578e+02,1.155407205e-01
6.195923462e+02,1.353430152e-01
6.198203735e+02,1.169154197e-01
6.200484619e+02,1.326918006e-01
6.202765503e+02,1.531814635e-01
6.205046997e+02,1.437876374e-01
6.207327881e+02,1.821484715e-01
6.209608765e+02,1.489591449e-01
6.211890259e+02,1.561927199e-01
6.214171753e+02,1.370450407e-01
6.216453247e+02,1.766823828e-01
6.218734741e+02,1.723618805e-01
6.221016846e+02,1.570437253e-01
6.223298340e+02,1.745221317e-01
6.225580444e+02,1.722636819e-01
6.227862549e+02,1.820830107e-01
6.230144653e+02,1.857161522e-01
6.232426758e+02,1.831958592e-01
6.234708862e+02,1.774679273e-01
6.236991577e+02,2.155669034e-01
6.239273682e+02,1.864035130e-01
6.241556396e+02,2.078751028e-01
6.243839111e+02,2.706205845e-01
6.246121826e+02,2.264008969e-01
6.248404541e+02,2.191018611e-01
6.250687866e+02,2.694749832e-01
6.252971191e+02,2.250589132e-01
6.255253906e+02,2.675766051e-01
6.257537231e+02,2.593938112e-01
6.259821167e+02,2.501963973e-01
6.262104492e+02,2.891463637e-01
6.264387817e+02,2.617504597e-01
6.266671753e+02,3.533320129e-01
6.268955688e+02,3.055773675e-01
6.271239624e+02,2.840403318e-01
6.273523560e+02,2.809635997e-01
6.275807495e+02,2.949070334e-01
6.278092041e+02,3.053117096e-01
6.280375977e+02,2.872445285e-01
6.282660522e+02,3.041120470e-01
6.284945068e+02,3.199544251e-01
6.287229614e+02,3.124932647e-01
6.289514160e+02,3.556599319e-01
6.291799316e+02,3.332647681e-01
6.294083862e+02,3.450329304e-01
6.296369019e+02,3.701776862e-01
6.298654175e+02,3.430227637e-01
6.300939331e+02,3.468778431e-01
6.303224487e+02,3.494766653e-01
6.305510254e+02,4.030833542e-01
6.307795410e+02,3.599021733e-01
6.310081177e+02,3.984923065e-01
6.312366943e+02,4.330986738e-01
6.314652710e+02,4.157412350e-01
6.316938477e+02,4.126876891e-01
6.319224854e+02,3.772368729e-01
6.321510620e+02,4.041800797e-01
6.323796997e+02,4.227933884e-01
6.326083374e+02,4.273223281e-01
6.328369751e+02,4.528078437e-01
6.330656128e+02,4.023741484e-01
6.332943115e+02,4.835786521e-01
6.335229492e+02,4.827640057e-01
6.337516479e+02,4.575727880e-01
6.339803467e+02,4.737600982e-01
6.342090454e+02,4.514376819e-01
6.344377441e+02,4.634566605e-01
6.346664429e+02,4.570481777e-01
6.348952026e+02,5.135359764e-01
6.351239624e+02,5.284004211e-01
6.353526611e+02,4.794082642e-01
6.355814819e+02,5.170316696e-01
6.358102417e+02,5.332402587e-01
6.360390015e+02,5.381270647e-01
6.362678223e+02,5.492598414e-01
6.364965820e+02,5.498955846e-01
6.367254028e+02,5.598670840e-01
6.369542236e+02,5.755577087e-01
6.371830444e+02,5.592536926e-01
6.374119263e+02,6.001386046e-01
6.376407471e+02,5.726966262e-01
6.378696289e+02,5.980133414e-01
6.380984497e+02,5.901001096e-01
6.383273315e+02,5.833611488e-01
6.385562744e+02,5.987523794e-01
6.387851562e+02,6.313863397e-01
6.390140381e+02,6.334028840e-01
6.392429810e+02,5.880690813e-01
6.394719238e+02,5.791310668e-01
6.397008667e+02,5.787553191e-01
6.399298096e+02,6.064476371e-01
6.401587524e+02,6.158401370e-01
6.403877563e+02,6.318625212e-01
6.406166992e+02,5.846661925e-01
6.408457031e+02,5.981189013e-01
6.410747070e+02,5.859243274e-01
6.413037109e+02,5.860045552e-01
6.415327148e+02,6.138044000e-01
6.417617798e+02,6.076959968e-01
6.419907837e+02,5.753504038e-01
6.422198486e+02,5.688000321e-01
6.424489136e+02,6.108262539e-01
6.426779785e+02,5.919207335e-01
6.429070435e+02,5.917314291e-01
6.431361694e+02,6.226556897e-01
6.433652344e+02,6.045987010e-01
6.435943604e+02,6.254244447e-01
6.438234863e+02,5.785064101e-01
6.440526123e+02,5.893119574e-01
6.442817383e+02,5.758503079e-01
6.445108643e+02,5.709130168e-01
6.447400513e+02,5.706989169e-01
6.449692383e+02,5.645869374e-01
6.451983643e+02,5.894810557e-01
6.454275513e+02,5.850854516e-01
6.456567993e+02,6.035837531e-01
6.458859863e+02,5.914025903e-01
6.461151733e+02,5.954884887e-01
6.463444214e+02,5.809444189e-01
6.465736694e+02,5.908375978e-01
6.468029175e+02,5.752002001e-01
6.470321655e+02,6.117842197e-01
6.472614136e+02,6.118096709e-01
6.474907227e+02,5.871349573e-01
6.477200317e+02,6.127019525e-01
6.479492798e+02,6.109421849e-01
6.481785889e+02,6.070824862e-01
6.484078979e+02,6.279811263e-01
6.486372681e+02,6.284068823e-01
6.488665771e+02,6.111924052e-01
6.490959473e+02,6.022838354e-01
6.493253174e+02,6.207860708e-01
6.495546265e+02,6.014710069e-01
6.497840576e+02,6.109893918e-01
6.500134277e+02,6.129750013e-01
6.502427979e+02,6.468352675e-01
6.504722290e+02,5.999805927e-01
6.507016602e+02,6.188638806e-01
6.509310303e+02,6.181317568e-01
6.511605225e+02,5.951341391e-01
6.513899536e+02,6.548089385e-01
6.516193848e+02,6.471716762e-01
6.518488770e+02,6.407690048e-01
6.520783081e+02,6.085260510e-01
6.523078003e+02,6.582958698e-01
6.525372925e+02,6.256721616e-01
6.527667847e+02,6.404438019e-01
6.529963379e+02,6.207164526e-01
6.532258301e+02,6.400380731e-01
6.534553833e+02,6.440280080e-01
6.536849365e+02,6.543825865e-01
6.539144897e+02,6.446899772e-01
6.541440430e+02,6.702219248e-01
6.543735962e+02,6.595488191e-01
6.546032104e+02,6.838200092e-01
6.548327637e+02,6.878350377e-01
6.550623779e+02,6.660421491e-01
6.552919922e+02,6.863895059e-01
6.555216064e+02,6.725776792e-01
6.557512817e+02,6.715225577e-01
6.559808960e+02,6.765391231e-01
6.562105713e+02,6.863884926e-01
6.564402466e+02,6.968340874e-01
6.566698608e+02,7.074261904e-01
6.568995972e+02,7.069636583e-01
6.571292725e+02,7.033053041e-01
6.573589478e+02,7.643718719e-01
6.575886841e+02,7.100847960e-01
6.578184204e+02,7.282182574e-01
6.580480957e+02,7.224567533e-01
6.582778931e+02,7.644130588e-01
6.585076294e+02,7.330719829e-01
6.587373657e+02,7.149956226e-01
6.589671631e+02,7.419878244e-01
6.591968994e+02,7.525744438e-01
6.594266968e+02,7.362716794e-01
6.596564941e+02,7.636627555e-01
6.598862915e+02,7.441769838e-01
6.601161499e+02,7.414007187e-01
6.603459473e+02,7.692931890e-01
6.605758057e+02,7.474469543e-01
6.608056641e+02,7.672492862e-01
6.610355225e+02,7.954962254e-01
6.612653809e+02,7.481997609e-01
6.614952393e+02,7.663328052e-01
6.617251587e+02,7.890809178e-01
6.619550171e+02,7.584118843e-01
6.621849365e+02,7.528803349e-01
6.624148560e+02,7.887208462e-01
6.626447754e+02,7.712097168e-01
6.628747559e+02,7.676092982e-01
6.631046753e+02,7.579209208e-01
6.633346558e+02,7.846294641e-01
6.635645752e+02,7.944160700e-01
6.637945557e+02,7.614886165e-01
6.640245361e+02,7.469232678e-01
6.642545776e+02,7.726826668e-01
6.644845581e+02,7.646635175e-01
6.647145386e+02,7.786724567e-01
6.649445801e+02,7.687876225e-01
6.651746216e+02,7.656454444e-01
6.654046631e+02,7.567098737e-01
6.656347046e+02,7.745155692e-01
6.658648071e+02,7.343872786e-01
6.660948486e+02,7.299358249e-01
6.663249512e+02,7.768067718e-01
6.665550537e+02,7.503272891e-01
6.667851562e+02,7.738937140e-01
6.670152588e+02,7.727808356e-01
6.672453613e+02,7.767412663e-01
6.674755249e+02,7.778214216e-01
6.677056274e+02,7.615867853e-01
6.679357910e+02,7.501309514e-01
6.681659546e+02,7.666273713e-01
6.683961182e+02,7.543532252e-01
6.686262817e+02,7.675438523e-01
6.688565063e+02,7.566771507e-01
6.690866699e+02,7.845312953e-01
6.693168945e+02,7.635506392e-01
6.695471191e+02,7.612594962e-01
6.697773438e+02,7.583464384e-01
6.700075684e+02,7.927467823e-01
6.702378540e+02,7.898991704e-01
6.704680786e+02,7.562189102e-01
6.706983643e+02,7.700641751e-01
6.709286499e+02,8.094396591e-01
6.711589355e+02,8.073121309e-01
6.713892212e+02,7.607358098e-01
6.716195679e+02,7.726826668e-01
6.718498535e+02,7.687876225e-01
6.720802002e+02,7.735663652e-01
6.723105469e+02,7.759230137e-01
6.725408936e+02,7.525203228e-01
6.727712402e+02,7.704241872e-01
6.730015869e+02,7.967399955e-01
6.732319336e+02,7.518329620e-01
6.734623413e+02,7.555315495e-01
6.736927490e+02,7.773959041e-01
6.739231567e+02,7.869861126e-01
6.741535645e+02,7.711442709e-01
6.743839722e+02,7.568080425e-01
6.746144409e+02,7.848585844e-01
6.748448486e+02,7.991948128e-01
6.750753174e+02,7.646962404e-01
6.753057861e+02,7.807017565e-01
6.755362549e+02,7.814872861e-01
6.757667236e+02,7.835166454e-01
6.759971924e+02,8.132691979e-01
6.762277222e+02,7.781159878e-01
6.764582520e+02,7.828947306e-01
6.766887817e+02,7.994239330e-01
6.769193115e+02,7.872152328e-01
6.771498413e+02,7.956925631e-01
6.773803711e+02,8.051846027e-01
6.776109619e+02,8.319913745e-01
6.778414917e+02,7.991620898e-01
6.780720825e+02,8.226957321e-01
6.783026733e+02,8.367373943e-01
6.785332642e+02,8.539538980e-01
6.787638550e+02,7.864297032e-01
6.789945068e+02,8.241031766e-01
6.792250977e+02,8.136292100e-01
6.794557495e+02,8.290455341e-01
6.796864014e+02,8.912019134e-01
6.799170532e+02,8.003076911e-01
6.801477051e+02,8.209282756e-01
6.803784180e+02,8.213865161e-01
6.806090698e+02,8.067557216e-01
6.808397827e+02,8.360827565e-01
6.810704956e+02,8.459348083e-01
6.813012085e+02,8.509426713e-01
6.815319214e+02,8.070175648e-01
6.817626343e+02,8.207318783e-01
6.819934082e+02,8.491751552e-01
6.822241821e+02,8.537247777e-01
6.824548950e+02,8.150039315e-01
6.826856689e+02,8.144802451e-01
6.829164429e+02,8.543466926e-01
6.831472778e+02,8.115344048e-01
6.833780518e+02,8.158549070e-01
6.836088867e+02,7.992275357e-01
6.838397217e+02,8.202081919e-01
6.840705566e+02,8.238740563e-01
6.843013916e+02,8.146766424e-01
6.845322266e+02,8.243322968e-01
6.847630615e+02,8.496661186e-01
6.849939575e+02,8.456074595e-01
6.852248535e+02,8.222047687e-01
6.854556885e+02,8.055118918e-01
6.856865845e+02,7.951688766e-01
6.859175415e+02,8.147420883e-01
6.861484375e+02,8.106834292e-01
6.863793335e+02,8.160513043e-01
6.866102905e+02,9.577441812e-01
6.868412476e+02,8.249214292e-01
6.870722046e+02,8.429562449e-01
6.873031616e+02,8.370974064e-01
6.875341187e+02,8.240704536e-01
6.877651367e+02,8.070502877e-01
6.879960938e+02,8.097342253e-01
6.882271118e+02,8.267871141e-01
6.884581299e+02,8.176224232e-01
6.886891479e+02,7.946124673e-01
6.889201660e+02,7.906192541e-01
6.891512451e+02,7.930086255e-01
6.893822632e+02,7.813891172e-01
6.896133423e+02,7.804399133e-01
6.898444214e+02,7.976236939e-01
6.900755005e+02,7.591974139e-01
6.903065796e+02,8.031225204e-01
6.905377197e+02,8.033516407e-01
6.907687988e+02,7.643362284e-01
6.909999390e+02,7.996530533e-01
6.912310181e+02,7.654490471e-01
6.914621582e+02,7.541241050e-01
6.916933594e+02,7.678711414e-01
6.919244995e+02,7.725189924e-01
6.921556396e+02,7.745482922e-01
6.923868408e+02,7.550405860e-01
6.926180420e+02,7.407698631e-01
6.928492432e+02,7.934668660e-01
6.930804443e+02,7.580190897e-01
6.933116455e+02,7.409334779e-01
6.935428467e+02,7.282993197e-01
6.937741089e+02,7.569717169e-01
6.940053711e+02,7.553024292e-01
6.942365723e+02,7.544514537e-01
6.944678345e+02,7.320633531e-01
6.946991577e+02,7.660382390e-01
6.949304199e+02,7.370384932e-01
6.951616821e+02,7.022780776e-01
6.953930054e+02,7.083333135e-01
6.956243286e+02,7.386750579e-01
6.958556519e+02,7.123592496e-01
6.960869751e+02,7.030636072e-01
6.963182983e+02,7.315396667e-01
6.965496826e+02,7.456467748e-01
6.967810059e+02,7.192000747e-01
6.970123901e+02,7.018525600e-01
6.972437744e+02,6.826066971e-01
6.974751587e+02,7.254517078e-01
6.977065430e+02,7.062712908e-01
6.979379272e+02,7.008379102e-01
6.981693726e+02,6.970410943e-01
6.984008179e+02,7.183817625e-01
6.986322021e+02,7.121955752e-01
6.988636475e+02,6.808719635e-01
6.990951538e+02,6.847669482e-01
6.993265991e+02,7.503272891e-01
6.995580444e+02,7.127520442e-01
6.997895508e+02,6.982194185e-01
7.000210571e+02,6.674194932e-01
7.002525635e+02,6.953063607e-01
7.004840698e+02,7.787379026e-01
7.007155762e+02,6.806755662e-01
7.009470825e+02,6.765187383e-01
7.011786499e+02,7.110500336e-01
7.014102173e+02,7.403770685e-01
7.016417847e+02,7.027690411e-01
7.018733521e+02,7.030308843e-01
7.021049194e+02,6.966483593e-01
7.023364868e+02,7.336671948e-01
7.025681152e+02,6.766169071e-01
7.027996826e+02,6.743584871e-01
7.030313110e+02,6.893165708e-01
7.032629395e+02,7.018852830e-01
7.034945679e+02,6.689578295e-01
7.037261963e+02,6.901676059e-01
7.039578857e+02,6.978266835e-01
7.041895142e+02,6.717072725e-01
7.044212036e+02,6.669612527e-01
7.046528931e+02,7.193964124e-01
7.048845825e+02,7.041110396e-01
7.051162720e+02,6.589421034e-01
7.053480225e+02,6.919677854e-01
7.055797119e+02,6.531159878e-01
7.058114624e+02,7.195600867e-01
7.060432129e+02,6.811992526e-01
7.062749634e+02,6.625097990e-01
7.065067139e+02,6.680086255e-01
7.067384644e+02,6.616915464e-01
7.069702759e+02,6.519376636e-01
7.072020264e+02,7.444684505e-01
7.074338379e+02,6.594003439e-01
7.076656494e+02,6.544907093e-01
7.078974609e+02,6.725909710e-01
7.081292725e+02,6.459478736e-01
7.083611450e+02,7.527821660e-01
7.085929565e+02,6.802827716e-01
7.088248291e+02,7.312123775e-01
7.090567017e+02,6.391725540e-01
7.092885742e+02,6.426420808e-01
7.095204468e+02,6.636226773e-01
7.097523193e+02,6.896111369e-01
7.099842529e+02,6.697433591e-01
7.102161255e+02,6.473880410e-01
7.104480591e+02,6.713799238e-01
7.106799927e+02,6.504974961e-01
7.109119263e+02,6.261783242e-01
7.111439209e+02,6.345574856e-01
7.113758545e+02,6.711835265e-01
7.116078491e+02,6.565855145e-01
7.118397827e+02,6.430675387e-01
7.120717773e+02,6.333137155e-01
7.123037720e+02,6.269965768e-01
7.125357666e+02,6.379615068e-01
7.127678223e+02,6.252945662e-01
7.129998169e+02,6.192393303e-01
7.132318726e+02,6.541306376e-01
7.134639282e+02,6.434603333e-01
7.136959839e+02,6.095836759e-01
7.139280396e+02,6.336737275e-01
7.141600952e+02,6.406781673e-01
7.143921509e+02,6.135768294e-01
7.146242676e+02,6.184865236e-01
7.148563843e+02,6.109583378e-01
7.150885010e+02,5.914179087e-01
7.153206177e+02,6.096491218e-01
7.155527344e+02,5.936108828e-01
7.157848511e+02,6.066706181e-01
7.160170288e+02,6.174390912e-01
7.162491455e+02,6.339355707e-01
7.164813232e+02,6.294841766e-01
7.167135010e+02,5.927926302e-01
7.169456787e+02,6.252945662e-01
7.171779175e+02,6.128895283e-01
7.174100952e+02,6.168499589e-01
7.176423340e+02,5.766562223e-01
7.178745117e+02,6.110238433e-01
7.181067505e+02,5.997643471e-01
7.183389893e+02,5.730557442e-01
7.185712891e+02,6.007462740e-01
7.188035278e+02,5.888976455e-01
7.190358276e+02,5.984877944e-01
7.192680664e+02,5.874574780e-01
7.195003662e+02,5.698481202e-01
7.197326660e+02,5.597015023e-01
7.199649658e+02,5.913197398e-01
7.201972656e+02,5.792092085e-01
7.204296265e+02,5.362005830e-01
7.206619873e+02,5.731539726e-01
7.208942871e+02,5.630728006e-01
7.211266479e+02,5.726630092e-01
7.213590088e+02,5.928907990e-01
7.215913696e+02,5.727611780e-01
7.218237915e+02,5.836933851e-01
7.220561523e+02,5.893558264e-01
7.222885742e+02,5.383935571e-01
7.225209961e+02,5.477873683e-01
7.227534180e+02,5.570830107e-01
7.229858398e+02,5.253993273e-01
7.232182617e+02,5.352186561e-01
7.234507446e+02,5.396700501e-01
7.236831665e+02,5.332548022e-01
7.239156494e+02,5.648729801e-01
7.241481323e+02,5.336148143e-01
7.243806152e+02,5.210788250e-01
7.246130981e+02,5.550209284e-01
7.248456421e+02,5.453979969e-01
7.250781250e+02,5.202932954e-01
7.253106689e+02,5.318800807e-01
7.255432129e+02,5.188858509e-01
7.257757568e+02,5.046150684e-01
7.260083008e+02,5.348585844e-01
7.262408447e+02,5.166273713e-01
7.264734497e+02,5.616653562e-01
7.267059937e+02,5.127978325e-01
7.269385986e+02,5.303744674e-01
7.271712036e+02,5.387536287e-01
7.274038086e+02,5.039604902e-01
7.276364136e+02,5.111940503e-01
7.278690796e+02,4.977415502e-01
7.281016846e+02,5.000981688e-01
7.283343506e+02,5.180675387e-01
7.285670166e+02,5.088701248e-01
7.287996826e+02,4.824888706e-01
7.290323486e+02,4.783320129e-01
7.292650146e+02,4.945011735e-01
7.294976807e+02,4.921445549e-01
7.297304077e+02,4.888387024e-01
7.299631348e+02,4.911625981e-01
7.301958618e+02,5.143035054e-01
7.304285889e+02,4.894605875e-01
7.306613159e+02,5.072990060e-01
7.308940430e+02,4.940756857e-01
7.311268311e+02,4.829471111e-01
7.313596191e+02,4.765318036e-01
7.315923462e+02,4.744370282e-01
7.318251343e+02,4.683817625e-01
7.320579834e+02,4.828816354e-01
7.322907715e+02,4.541764855e-01
7.325235596e+02,4.398730099e-01
7.327564087e+02,4.771537185e-01
7.329892578e+02,4.768591225e-01
7.332220459e+02,4.747970700e-01
7.334549561e+02,4.587588310e-01
7.336878052e+02,4.647486210e-01
7.339206543e+02,4.632430077e-01
7.341535645e+02,4.365017116e-01
7.343864136e+02,4.837326407e-01
7.346193237e+02,4.562712610e-01
7.348522339e+02,4.629484117e-01
7.350851440e+02,4.331631362e-01
7.353180542e+02,4.480884969e-01
7.355510254e+02,4.629811347e-01
7.357839355e+02,4.336213768e-01
7.360169067e+02,4.201689065e-01
7.362498779e+02,4.309374094e-01
7.364828491e+02,4.399057329e-01
7.367158203e+02,4.202343524e-01
7.369488525e+02,4.251767397e-01
7.371818237e+02,4.224928021e-01
7.374148560e+02,4.585297108e-01
7.376478882e+02,4.325412512e-01
7.378809204e+02,4.464519620e-01
7.381139526e+02,4.151937664e-01
7.383469849e+02,4.169285297e-01
7.385800171e+02,4.207253158e-01
7.388131104e+02,4.114624262e-01
7.390462036e+02,4.372872412e-01
7.392792358e+02,4.077638090e-01
7.395123291e+02,4.495614171e-01
7.397454834e+02,4.077965319e-01
7.399785767e+02,4.425896704e-01
7.402116699e+02,4.151610434e-01
7.404448242e+02,4.157502055e-01
7.406779785e+02,4.025923014e-01
7.409111328e+02,4.265187085e-01
7.411442871e+02,4.103495777e-01
7.413774414e+02,4.090075791e-01
7.416105957e+02,3.986645639e-01
7.418438110e+02,3.846556544e-01
7.420770264e+02,3.982390761e-01
7.423102417e+02,4.084511697e-01
7.425434570e+02,3.623330593e-01
7.427766724e+02,4.172885716e-01
7.430098877e+02,3.883870244e-01
7.432431030e+02,3.910382390e-01
7.434763794e+02,3.736580312e-01
7.437096558e+02,3.617766500e-01
7.439429321e+02,3.591581583e-01
7.441762085e+02,3.913328052e-01
7.444094849e+02,3.877323866e-01
7.446427612e+02,3.718905449e-01
7.448760986e+02,3.801387846e-01
7.451094360e+02,3.817753196e-01
7.453427124e+02,3.783058524e-01
7.455760498e+02,3.690429330e-01
7.458093872e+02,3.833136857e-01
7.460427856e+02,3.984354436e-01
7.462761230e+02,3.423998356e-01
7.465095215e+02,3.412542641e-01
7.467428589e+02,3.598455191e-01
7.469762573e+02,3.730033934e-01
7.472096558e+02,3.328096271e-01
7.474431152e+02,3.614820540e-01
7.476765137e+02,3.558523059e-01
7.479099121e+02,3.616129756e-01
7.481433716e+02,3.403705060e-01
7.483768311e+02,3.702212572e-01
7.486102905e+02,3.456402123e-01
7.488437500e+02,3.183752298e-01
7.490772095e+02,3.256087899e-01
7.493106689e+02,3.168695867e-01
7.495441895e+02,3.435454369e-01
7.497777100e+02,3.255760670e-01
7.500112305e+02,3.101269901e-01
7.502447510e+02,3.323186636e-01
7.504782715e+02,3.125818372e-01
7.507117920e+02,3.162149787e-01
7.509453125e+02,3.245286644e-01
7.511788940e+02,3.439709246e-01
7.514124756e+02,3.128436804e-01
7.516460571e+02,3.224666119e-01
7.518796387e+02,2.942851484e-01
7.521132202e+02,3.584380746e-01
7.523468018e+02,3.209282458e-01
7.525804443e+02,3.162804544e-01
7.528140259e+02,2.809308767e-01
7.530476685e+02,3.258706331e-01
7.532813110e+02,3.044972420e-01
7.535149536e+02,2.969363630e-01
7.537486572e+02,3.307148516e-01
7.539822998e+02,2.947761118e-01
7.542160034e+02,2.910774946e-01
7.544496460e+02,2.608012557e-01
7.546833496e+02,2.987365723e-01
7.549170532e+02,3.254451454e-01
7.551507568e+02,2.797525525e-01
7.553845215e+02,2.771013379e-01
7.556182251e+02,2.661691606e-01
7.558519897e+02,2.929431796e-01
7.560857544e+02,2.607030571e-01
7.563194580e+02,2.598847747e-01
7.565532837e+02,2.652854025e-01
7.567870483e+02,2.881644368e-01
7.570208130e+02,2.991293669e-01
7.572546387e+02,2.575608790e-01
7.574884033e+02,2.591974437e-01
7.577222290e+02,2.822073698e-01
7.579560547e+02,2.710788250e-01
7.581898804e+02,2.888845205e-01
7.584237671e+02,2.417844981e-01
7.586575928e+02,2.715043128e-01
7.588914795e+02,2.635179460e-01
7.591253052e+02,2.745483220e-01
7.593591919e+02,2.324234098e-01
7.595930786e+02,2.556624711e-01
7.598269653e+02,2.788360715e-01
7.600609131e+02,2.490507960e-01
7.602947998e+02,2.373003364e-01
7.605287476e+02,2.322270274e-01
7.607626953e+02,2.855459452e-01
7.609965820e+02,2.526184916e-01
7.612305908e+02,2.502291203e-01
7.614645386e+02,2.441084087e-01
7.616984863e+02,2.892445624e-01
7.619324951e+02,2.864297032e-01
7.621664429e+02,2.425373197e-01
7.624004517e+02,2.342890799e-01
7.626344604e+02,2.399842888e-01
7.628684692e+02,2.361874878e-01
7.631025391e+02,2.098062336e-01
7.633365479e+02,2.549096644e-01
7.635706177e+02,2.791961133e-01
7.638046265e+02,2.742864490e-01
7.640386963e+02,2.195601016e-01
7.642727661e+02,2.304595411e-01
7.645068359e+02,2.337653786e-01
7.647409668e+02,2.072532028e-01
7.649750366e+02,2.162869871e-01
7.652091675e+02,2.441084087e-01
7.654432983e+02,2.266300023e-01
7.656773682e+02,2.101335377e-01
7.659115601e+02,2.303286195e-01
7.661456909e+02,2.715370655e-01
7.663798218e+02,2.252552956e-01
7.666140137e+02,2.300340384e-01
7.668481445e+02,2.111809403e-01
7.670823364e+02,2.321288288e-01
7.673165283e+02,2.372021526e-01
7.675507202e+02,2.387732416e-01
7.677849731e+02,2.078751028e-01
7.680191650e+02,2.131448090e-01
7.682534180e+02,2.198874056e-01
7.684876099e+02,2.037182450e-01
7.687218628e+02,1.865671575e-01
7.689561157e+02,2.216221541e-01
7.691903687e+02,1.950445175e-01
7.694246826e+02,2.135375738e-01
7.696589355e+02,1.795954406e-01
7.698932495e+02,1.922623664e-01
7.701275024e+02,2.331434935e-01
7.703618164e+02,1.916732192e-01
7.705961304e+02,2.136684954e-01
7.708305054e+02,2.144540399e-01
7.710648193e+02,1.846033037e-01
7.712991333e+02,1.930151880e-01
7.715335083e+02,1.987103969e-01
7.717678833e+02,2.178908139e-01
7.720022583e+02,2.299031168e-01
7.722366333e+02,1.969101876e-01
7.724710083e+02,1.925242245e-01
7.727054443e+02,2.223422378e-01
7.729398193e+02,2.749738097e-01
7.731742554e+02,1.704307348e-01
7.734086914e+02,1.757659018e-01
7.736431274e+02,1.913131773e-01
7.738775635e+02,1.818211526e-01
7.741119995e+02,1.946517378e-01
7.743464966e+02,2.139958143e-01
7.745809326e+02,1.807737648e-01
7.748154297e+02,2.446648329e-01
7.750499268e+02,1.952408999e-01
7.752844238e+02,1.681068391e-01
7.755189209e+02,2.080714852e-01
7.757534180e+02,1.788098961e-01
7.759879761e+02,1.596949399e-01
7.762224731e+02,1.619861275e-01
7.764570312e+02,1.806101054e-01
7.766915894e+02,1.785807759e-01
7.769261475e+02,1.666012108e-01
7.771607056e+02,1.494828463e-01
7.773953247e+02,1.778279692e-01
7.776298828e+02,1.684996039e-01
7.778645020e+02,1.657501906e-01
7.780991211e+02,1.689905673e-01
7.783337402e+02,1.658483893e-01
7.785683594e+02,1.460788101e-01
7.788029785e+02,1.416273862e-01
7.790376587e+02,2.047656476e-01
7.792722778e+02,1.466025114e-01
7.795069580e+02,1.696124673e-01
7.797416382e+02,1.762241423e-01
7.799763184e+02,1.532469243e-01
7.802109985e+02,1.575019658e-01
7.804456787e+02,1.568146050e-01
7.806804199e+02,1.863053143e-01
7.809151001e+02,1.207776889e-01
7.811498413e+02,1.623461694e-01
7.813845825e+02,1.551125944e-01
7.816193237e+02,1.585820913e-01
7.818540649e+02,1.344920099e-01
7.820888062e+02,1.647028029e-01
7.823236084e+02,1.442131400e-01
7.825583496e+02,1.632298976e-01
7.827931519e+02,1.419219673e-01
7.830279541e+02,1.399908364e-01
7.832627563e+02,1.411691606e-01
7.834975586e+02,1.388452500e-01
7.837324219e+02,1.415619254e-01
7.839672241e+02,1.466025114e-01
7.842020874e+02,1.408418417e-01
7.844369507e+02,1.139368936e-01
7.846718140e+02,1.555053741e-01
7.849066772e+02,1.411691606e-01
7.851415405e+02,1.505629718e-01
7.853764648e+02,1.311861724e-01
7.856113281e+02,1.331500411e-01
7.858462524e+02,1.288295388e-01
7.860811768e+02,1.767151058e-01
7.863161011e+02,1.227415577e-01
7.865510254e+02,1.452605426e-01
7.867859497e+02,1.755695194e-01
7.870208740e+02,1.304988265e-01
7.872558594e+02,1.188465580e-01
7.874908447e+02,2.086279094e-01
7.877258301e+02,1.699397713e-01
7.879608154e+02,1.515121758e-01
7.881958008e+02,1.390089095e-01
7.884307861e+02,1.158680320e-01
7.886658325e+02,1.384852082e-01
7.889008179e+02,1.218250841e-01
7.891358643e+02,1.317753345e-01
7.893709106e+02,1.218250841e-01
7.896059570e+02,1.805773824e-01
7.898410034e+02,1.300733238e-01
7.900760498e+02,1.354084909e-01
7.903111572e+02,9.878240526e-02
7.905462646e+02,1.314480305e-01
7.907813110e+02,1.076852605e-01
7.910164185e+02,1.240180656e-01
7.912515259e+02,1.082416847e-01
7.914866943e+02,1.183555871e-01
7.917218018e+02,1.297460049e-01
7.919569702e+02,1.294187009e-01
7.921920776e+02,9.881513566e-02
7.924272461e+02,1.235271022e-01
7.926624146e+02,1.177009717e-01
7.928975830e+02,1.174063906e-01
7.931327515e+02,1.252291203e-01
7.933679810e+02,1.099109724e-01
7.936031494e+02,1.215959638e-01
7.938383789e+02,1.052631587e-01
7.940736084e+02,9.177795053e-02
7.943088379e+02,1.620515883e-01
7.945440674e+02,9.632757306e-02
7.947792969e+02,1.053613499e-01
7.950145874e+02,1.056232005e-01
7.952498169e+02,1.060159728e-01
7.954851074e+02,1.215632334e-01
7.957203979e+02,1.116784513e-01
7.959556885e+02,1.119075641e-01
7.961909790e+02,1.195666417e-01
7.964262695e+02,1.053286195e-01
7.966616211e+02,1.260146648e-01
7.968969116e+02,9.246530384e-02
7.971322632e+02,1.683359444e-01
7.973676147e+02,1.018263921e-01
7.976029663e+02,1.329863816e-01
7.978383179e+02,8.438073099e-02
7.980737305e+02,1.118748337e-01
7.983090820e+02,8.722833544e-02
7.985444946e+02,7.875098288e-02
7.987798462e+02,1.002880335e-01
7.990152588e+02,9.446190298e-02
7.992506714e+02,1.009426564e-01
7.994861450e+02,9.583660960e-02
7.997215576e+02,8.742471784e-02
7.999570312e+02,9.135244787e-02
8.001924438e+02,8.605001122e-02
8.004279175e+02,6.991358846e-02
8.006633911e+02,9.609845281e-02
8.008988647e+02,8.182770014e-02
8.011343384e+02,1.252618432e-01
8.013698730e+02,8.150039613e-02
8.016053467e+02,6.241817400e-02
8.018408813e+02,7.871825248e-02
8.020764160e+02,1.356048733e-01
8.023119507e+02,1.079143733e-01
8.025474854e+02,6.824430823e-02
8.027830200e+02,1.016954705e-01
8.030185547e+02,7.839094102e-02
8.032541504e+02,1.009426564e-01
8.034897461e+02,9.203980118e-02
8.037252808e+02,1.135768518e-01
8.039608765e+02,9.334904701e-02
8.041964722e+02,1.020882428e-01
8.044321289e+02,7.845640182e-02
8.046677246e+02,1.143623963e-01
8.049033813e+02,9.122152627e-02
8.051389771e+02,8.745744824e-02
8.053746338e+02,1.023828238e-01
8.056102905e+02,1.141332835e-01
8.058459473e+02,9.442917258e-02
8.060816650e+02,8.392249048e-02
8.063173218e+02,6.929169595e-02
8.065530396e+02,8.064938337e-02
8.067886963e+02,8.352971822e-02
8.070244141e+02,8.195862919e-02
8.072601318e+02,6.677140296e-02
8.074958496e+02,6.863708049e-02
8.077316284e+02,7.603430003e-02
8.079673462e+02,5.482456088e-02
8.082031250e+02,7.148468494e-02
8.084389038e+02,9.498559684e-02
8.086746216e+02,1.031356379e-01
8.089104004e+02,5.587195605e-02
8.091462402e+02,6.886619329e-02
8.093820190e+02,1.228070185e-01
8.096177979e+02,6.804791838e-02
8.098536377e+02,6.402199715e-02
8.100894775e+02,8.055119216e-02
8.103253174e+02,8.297329396e-02
8.105611572e+02,7.443048060e-02
8.107969971e+02,7.891463488e-02
8.110328369e+02,1.017282009e-01
8.112687378e+02,6.814610958e-02
8.115045776e+02,7.855459303e-02
8.117404785e+02,6.677140296e-02
8.119763794e+02,6.231997907e-02
8.122122803e+02,8.074757457e-02
8.124481812e+02,4.304137081e-02
8.126841431e+02,1.239198744e-01
8.129200439e+02,6.353102624e-02
8.131560059e+02,7.875098288e-02
8.133919678e+02,1.344592869e-01
8.136279297e+02,4.215763137e-02
8.138638916e+02,1.044776142e-01
8.140998535e+02,1.103037447e-01
8.143358154e+02,5.970149115e-02
8.145718384e+02,9.017413110e-02
8.148078003e+02,7.240115106e-02
8.150438232e+02,8.025661111e-02
8.152798462e+02,1.123330742e-01
8.155158691e+02,7.760539651e-02
8.157518921e+02,5.387536064e-02
8.159879761e+02,7.852186263e-02
8.162239990e+02,4.713275656e-02
8.164600830e+02,5.610107258e-02
8.166961670e+02,7.338308543e-02
8.169322510e+02,1.191084087e-01
8.171683350e+02,5.744304880e-02
8.174044189e+02,9.590207040e-02
8.176405029e+02,8.454438299e-02
8.178766479e+02,5.184603482e-02
8.181127930e+02,7.308850437e-02
8.183488770e+02,5.047132820e-02
8.185850220e+02,6.945535541e-02
8.188212280e+02,6.179628149e-02
8.190573730e+02,4.156847298e-02
8.192935181e+02,4.477611929e-02
8.195297241e+02,1.080780327e-01
8.197658691e+02,4.454700276e-02
8.200020752e+02,6.683687121e-02
8.202382812e+02,5.279523507e-02
8.204744873e+02,9.171248972e-02
8.207107544e+02,5.724666268e-02
8.209469604e+02,7.348127663e-02
8.211831665e+02,5.200968683e-02
8.214194336e+02,6.110892817e-02
8.216557007e+02,6.022518873e-02
8.218919678e+02,5.701754242e-02
8.221282349e+02,6.929169595e-02
8.223645020e+02,5.708300695e-02
8.226008301e+02,8.745744824e-02
8.228370972e+02,4.710002616e-02
8.230734253e+02,4.883477464e-02
8.233097534e+02,4.287771508e-02
8.235460815e+02,5.207515135e-02
8.237824097e+02,3.800078481e-02
8.240187378e+02,6.117439270e-02
8.242551270e+02,8.483896405e-02
8.244914551e+02,6.346556544e-02
8.247278442e+02,5.531552806e-02
8.249642334e+02,4.710002616e-02
8.252006226e+02,8.055119216e-02
8.254370117e+02,9.023959190e-02
8.256734009e+02,4.857292399e-02
8.259097900e+02,5.132233724e-02
8.261462402e+02,4.873657972e-02
8.263826904e+02,5.803220719e-02
8.266191406e+02,2.297721989e-02
8.268555908e+02,4.160120338e-02
8.270920410e+02,4.366326332e-02
8.273284912e+02,5.466090515e-02
8.275649414e+02,2.202801779e-02
8.278014526e+02,3.731343150e-02
8.280379639e+02,5.430086330e-02
8.282744751e+02,4.834380746e-02
8.285109863e+02,7.207383960e-02
8.287474976e+02,6.268002093e-02
8.289840088e+02,4.968577996e-02
8.292205200e+02,5.289342627e-02
8.294570923e+02,3.387666866e-02
8.296936646e+02,5.272977054e-02
8.299301758e+02,5.868683010e-02
8.301667480e+02,5.469363555e-02
8.304033813e+02,2.651217580e-02
8.306399536e+02,4.395784065e-02
8.308765259e+02,7.675438374e-02
8.311131592e+02,3.007986397e-02
8.313497925e+02,6.326918304e-02
8.315863647e+02,3.001440130e-02
8.318229980e+02,4.788557068e-02
8.320596924e+02,4.330322146e-02
8.322963257e+02,2.719952911e-02
8.325329590e+02,3.057082929e-02
8.327696533e+02,9.806232154e-02
8.330062866e+02,5.416993797e-02
8.332429810e+02,6.359649450e-02
8.334796753e+02,2.602121048e-02
8.337163696e+02,6.412018836e-02
8.339531250e+02,7.479052246e-02
8.341898193e+02,3.083267808e-02
8.344265747e+02,5.246792361e-02
8.346632690e+02,5.642838404e-02
8.349000244e+02,2.238805965e-02
8.351367798e+02,2.834511735e-02
8.353735352e+02,4.402330518e-02
8.356103516e+02,6.474208087e-02
8.358471069e+02,2.742864564e-02
8.360839233e+02,3.168368712e-02
8.363206787e+02,2.693768032e-02
8.365574951e+02,5.482456088e-02
8.367943115e+02,3.692065924e-02
8.370311279e+02,2.029327117e-02
8.372679443e+02,1.292877737e-02
8.375048218e+02,2.693768032e-02
8.377416382e+02,3.374574333e-02
8.379785156e+02,1.895129681e-02
8.382153931e+02,3.152003139e-02
8.384522705e+02,3.944095224e-02
8.386891479e+02,3.066902421e-02
8.389260254e+02,3.394213319e-02
8.391629639e+02,6.389106810e-02
8.393998413e+02,8.598455042e-02
8.396367798e+02,3.963733837e-02
8.398737183e+02,3.299292922e-02
8.401106567e+02,4.156847298e-02
8.403475952e+02,3.423671052e-02
8.405845337e+02,4.291044921e-02
8.408215332e+02,3.865540773e-02
8.410584717e+02,4.543074220e-02
8.412954712e+02,3.037444316e-02
8.415324707e+02,5.236972868e-02
8.417694702e+02,3.364755213e-02
8.420064697e+02,3.338570148e-02
8.422434692e+02,3.407305479e-02
8.424804688e+02,2.749410830e-02
8.427175293e+02,3.207645938e-02
8.429545288e+02,2.906520106e-02
8.431915894e+02,3.174914792e-02
8.434286499e+02,3.603691980e-02
8.436657104e+02,2.536658756e-02
8.439028320e+02,1.882037148e-02
8.441398926e+02,4.340141267e-02
8.443769531e+02,5.174783990e-02
8.446140747e+02,2.336999215e-02
8.448511963e+02,3.610238433e-02
8.450883179e+02,3.940822184e-02
8.453254395e+02,2.156978287e-02
8.455625610e+02,1.531814598e-02
8.457997437e+02,2.762503363e-02
8.460368652e+02,7.868552208e-02
8.462740479e+02,3.770620748e-02
8.465112305e+02,2.749410830e-02
8.467483521e+02,8.641005494e-03
8.469855957e+02,3.371301293e-02
8.472227783e+02,8.002749085e-02
8.474599609e+02,5.505367741e-02
8.476972046e+02,4.601990059e-02
8.479343872e+02,2.831238508e-02
8.481716309e+02,3.027625009e-02
8.484088745e+02,5.164964497e-02
8.486461182e+02,2.916339412e-02
8.488833618e+02,3.368028253e-02
8.491206665e+02,2.991620824e-02
8.493579102e+02,3.809897974e-02
8.495952148e+02,1.279785298e-02
8.498324585e+02,1.492537279e-02
8.500697632e+02,3.629877046e-02
8.503070679e+02,1.499083545e-02
8.505444336e+02,3.800078481e-02
8.507817383e+02,1.672558300e-02
8.510190430e+02,6.549489498e-02
8.512564087e+02,1.096491236e-02
8.514937744e+02,5.335166119e-03
8.517311401e+02,2.687221766e-02
8.519685059e+02,5.525006726e-02
8.522058716e+02,2.854150347e-02
8.524432373e+02,1.355066802e-02
8.526806641e+02,3.963733837e-02
8.529180298e+02,2.523566410e-02
8.531554565e+02,6.284367759e-03
8.533928833e+02,1.908222027e-02
8.536303101e+02,5.577376112e-02
8.538677368e+02,3.043990582e-02
8.541051636e+02,1.996595971e-02
8.543426514e+02,8.038753271e-02
8.545800781e+02,1.017936599e-02
8.548175659e+02,2.746137790e-02
8.550550537e+02,3.629877046e-02
8.552925415e+02,1.034302171e-02
8.555300293e+02,2.615213394e-02
8.557675171e+02,3.246923164e-02
8.560050659e+02,3.417124972e-02
8.562425537e+02,1.626734808e-02
8.564801025e+02,6.873527169e-02
8.567176514e+02,4.474338889e-02
8.569552002e+02,4.965304956e-02
8.571927490e+02,1.656192727e-02
8.574302979e+02,8.094396442e-02
8.576679077e+02,2.448284812e-02
8.579054565e+02,2.854150347e-02
8.581430664e+02,2.170070633e-02
8.583806763e+02,2.261717804e-02
8.586182861e+02,4.369599372e-02
8.588558960e+02,7.299031131e-03
8.590935059e+02,5.816313252e-02
8.593311157e+02,3.567687795e-02
8.595687866e+02,3.181461245e-02
8.598064575e+02,3.790259361e-02
8.600440674e+02,1.518722158e-02
8.602817383e+02,1.734747365e-02
8.605194092e+02,9.492013603e-03
8.607571411e+02,2.196255513e-02
8.609948120e+02,3.502225736e-03
8.612324829e+02,4.137208685e-02
8.614702148e+02,1.760932244e-02
8.617079468e+02,4.399057478e-02
8.619456787e+02,1.191411354e-02
8.621834106e+02,3.191280365e-02
8.624211426e+02,3.063629195e-02
8.626588745e+02,3.541503102e-02
8.628966675e+02,6.251636427e-03
8.631343994e+02,6.719691306e-02
8.633721924e+02,1.715108752e-02
8.636099854e+02,2.906520106e-02
8.638477783e+02,7.037182339e-03
8.640855713e+02,7.420136034e-02
8.643234253e+02,2.471196651e-02
8.645612183e+02,5.302435160e-02
8.647990723e+02,3.577507287e-02
8.650368652e+02,3.800078481e-02
8.652747192e+02,3.669154271e-02
8.655125732e+02,1.502356678e-02
8.657504272e+02,1.898402721e-02
8.659883423e+02,4.870384932e-02
8.662261963e+02,1.332155056e-02
8.664641113e+02,1.806755736e-02
8.667019653e+02,1.777297631e-02
8.669398804e+02,2.441738732e-02
8.671777954e+02,3.894998692e-03
8.674157104e+02,2.454831032e-03
8.676536865e+02,8.084577508e-03
8.678916016e+02,2.343545482e-02
8.681295776e+02,1.047394611e-02
8.683674927e+02,1.469625533e-02
8.686054688e+02,1.227415539e-02
8.688434448e+02,5.099502578e-02
8.690814209e+02,2.461377345e-02
8.693193970e+02,1.139041595e-02
8.695574341e+02,1.119402982e-02
8.697954102e+02,2.716679685e-02
8.700334473e+02,1.325608790e-02
8.702714844e+02,5.989788100e-03
8.705095215e+02,2.330452949e-02
8.707475586e+02,2.314087376e-02
8.709855957e+02,5.989788100e-03
8.712236328e+02,7.397224195e-03
8.714617310e+02,4.948939383e-02
8.716997681e+02,5.498821847e-03
8.719378662e+02,9.492013603e-03
8.721759644e+02,8.182770107e-04
8.724140625e+02,1.358339842e-02
8.726521606e+02,3.273108159e-04
8.728903198e+02,7.429955155e-02
8.731284180e+02,1.521995291e-02
8.733665771e+02,8.146765828e-02
8.736046753e+02,6.490573287e-02
8.738428345e+02,7.233568933e-03
8.740809937e+02,-7.593610790e-03
8.743191528e+02,2.965435944e-02
8.745573730e+02,2.304268070e-02
8.747955322e+02,1.908222027e-02
8.750337524e+02,1.541633904e-02
8.752719116e+02,1.211050060e-02
8.755101318e+02,2.634852007e-02
8.757483521e+02,7.069913670e-03
8.759865723e+02,4.680544604e-03
8.762248535e+02,2.314087376e-02
8.764630737e+02,1.057213917e-02
8.767013550e+02,4.025923088e-02
8.769395752e+02,1.823121309e-02
8.771778564e+02,3.980099410e-02
8.774161377e+02,2.435192466e-02
8.776544189e+02,9.580387175e-02
8.778927002e+02,4.526708648e-02
8.781310425e+02,3.518591076e-02
8.783693237e+02,4.163393378e-02
8.786076660e+02,2.353364788e-02
8.788460083e+02,-7.855459698e-04
8.790842896e+02,2.418826893e-02
8.793226318e+02,1.351793669e-02
8.795610352e+02,1.816575043e-02
8.797993774e+02,3.083267808e-02
8.800377197e+02,2.035873197e-02
8.802761230e+02,2.667583153e-02
8.805145264e+02,-2.913066186e-03
8.807529297e+02,1.908222027e-02
8.809913330e+02,5.367897451e-03
8.812297363e+02,7.495417725e-03
8.814681396e+02,-3.731343197e-03
8.817066040e+02,1.112856786e-03
8.819450073e+02,1.594003662e-02
8.821834717e+02,3.021078743e-02
8.824219360e+02,4.025923088e-03
8.826604004e+02,-7.986383513e-03
8.828988647e+02,9.622938000e-03
8.831373291e+02,4.543074220e-02
8.833757935e+02,3.862267593e-03
8.836143188e+02,-9.164703079e-04
8.838528442e+02,3.397486359e-02
8.840913086e+02,7.069913670e-03
8.843298340e+02,1.990049705e-02
8.845683594e+02,1.243781112e-02
8.848069458e+02,3.407305479e-02
8.850454712e+02,1.312516350e-02
8.852839966e+02,1.594003662e-02
8.855225830e+02,-7.299031131e-03
8.857611694e+02,3.786985949e-02
8.859997559e+02,2.935978025e-02
8.862383423e+02,-3.502225736e-03
8.864769287e+02,1.103037409e-02
8.867155151e+02,5.583922565e-02
8.869541626e+02,2.962162904e-02
8.871927490e+02,4.909662157e-02
8.874313965e+02,6.153443363e-03
8.876700439e+02,3.548049182e-02
8.879086914e+02,1.963864925e-04
8.881473389e+02,1.986776665e-02
8.883859863e+02,3.237104043e-02
8.886246948e+02,5.888321623e-02
8.888633423e+02,3.548049182e-02
8.891020508e+02,2.945797460e-04
8.893407593e+02,2.183163166e-02
8.895794678e+02,6.811337918e-02
8.898181763e+02,2.595574781e-02
8.900568848e+02,3.600418859e-04
8.902955933e+02,7.266300265e-03
8.905343628e+02,3.927729849e-04
8.907730713e+02,-4.189578351e-03
8.910118408e+02,2.562843636e-02
8.912506104e+02,2.971982211e-02
8.914893799e+02,1.685650647e-02
8.917281494e+02,2.559570596e-02
8.919669800e+02,6.415292155e-03
8.922057495e+02,1.096491236e-02
8.924445801e+02,7.855459698e-04
8.926833496e+02,3.708431497e-02
8.929221802e+02,2.913066186e-02
8.931610107e+02,1.584184356e-02
8.933998413e+02,4.739460722e-02
8.936387329e+02,8.150039241e-03
8.938775635e+02,1.770751551e-02
8.941164551e+02,-1.067033224e-02
8.943552856e+02,3.433490545e-02
8.945941772e+02,4.048834741e-02
8.948330688e+02,-1.240507979e-02
8.950719604e+02,1.319062617e-02
8.953108521e+02,3.374574333e-02
8.955498047e+02,3.960460797e-02
8.957886963e+02,-7.888190448e-03
8.960276489e+02,-6.480754353e-03
8.962666016e+02,4.474338889e-02
8.965055542e+02,1.744566672e-02
8.967445068e+02,1.276512165e-03
8.969834595e+02,6.284367759e-03
8.972224121e+02,4.169939831e-02
8.974614258e+02,1.175045781e-02
8.977003784e+02,2.186436206e-02
8.979393921e+02,1.767478418e-03
8.981784058e+02,3.744435683e-02
8.984174194e+02,1.947499253e-02
8.986564331e+02,6.611678284e-03
8.988954468e+02,-5.171510857e-03
8.991345215e+02,1.636554021e-03
8.993735352e+02,3.325477988e-02
8.996126099e+02,-5.204241723e-03
8.998516846e+02,1.499083545e-02
9.000907593e+02,4.140481725e-02
9.003298340e+02,2.657763846e-02
9.005689087e+02,-1.711835526e-02
9.008079834e+02,2.346818522e-02
9.010471191e+02,1.610369235e-02
9.012861938e+02,3.305839375e-02
9.015253296e+02,7.407043874e-02
9.017644653e+02,2.644671313e-02
9.020036011e+02,3.665881231e-02
9.022427368e+02,1.855852269e-02
9.024819336e+02,8.313694596e-02
9.027210693e+02,2.098062262e-02
9.029602661e+02,1.672558300e-02
9.031994019e+02,1.152134035e-02
9.034385986e+02,1.119402982e-02
9.036777954e+02,1.119402982e-02
9.039169922e+02,3.305839375e-02
9.041561890e+02,3.328751028e-02
9.043954468e+02,8.510081097e-04
9.046346436e+02,8.477349766e-03
9.048739014e+02,2.615213394e-02
9.051131592e+02,1.400890294e-02
9.053524170e+02,2.127520274e-03
9.055916748e+02,-1.479444839e-02
9.058309326e+02,4.418695811e-03
9.060701904e+02,1.112856786e-03
9.063095093e+02,3.142183879e-03
9.065487671e+02,1.060487051e-02
9.067880859e+02,2.507200837e-02
9.070274048e+02,2.477742918e-02
9.072667236e+02,7.986383513e-03
9.075060425e+02,1.626734808e-02
9.077454224e+02,4.788557068e-02
9.079847412e+02,1.220869366e-02
9.082240601e+02,3.073448502e-02
9.084634399e+02,-3.698612098e-03
9.087028198e+02,5.119141191e-02
9.089421997e+02,8.673736826e-03
9.091815796e+02,4.205944017e-02
9.094209595e+02,-2.422100119e-02
9.096604004e+02,3.927729558e-03
9.098997803e+02,-5.106048658e-03
9.101392212e+02,-9.033778682e-03
9.103786011e+02,-1.129222289e-02
9.106180420e+02,3.692065924e-02
9.108574829e+02,2.271537110e-02
9.110969849e+02,-1.165226474e-02
9.113364258e+02,-1.021209732e-02
9.115758667e+02,-4.844199866e-03
9.118153687e+02,2.134066448e-02
9.120548706e+02,1.067033224e-02
9.122943115e+02,2.035873197e-02
9.125338135e+02,6.117439270e-02
9.127733765e+02,1.021209732e-02
9.130128784e+02,4.255040549e-03
9.132523804e+02,2.461377345e-02
9.134919434e+02,-2.094789175e-03
9.137314453e+02,5.138779990e-03
9.139710083e+02,-2.055511996e-02
9.142105713e+02,1.777297631e-02
9.144501343e+02,1.950772479e-02
9.146896973e+02,1.116129849e-02
9.149293213e+02,-8.117307909e-03
9.151688843e+02,-7.200837717e-04
9.154085083e+02,1.135768555e-02
9.156480713e+02,1.122676115e-02
9.158876953e+02,9.819324623e-05
9.161273193e+02,-2.258444577e-02
9.163669434e+02,2.212621085e-02
9.166066284e+02,-3.534956835e-03
9.168462524e+02,-9.164703079e-04
9.170858765e+02,6.546216318e-04
9.173255615e+02,1.669285074e-02
9.175652466e+02,-1.014663489e-03
9.178049316e+02,7.524875551e-02
9.180446167e+02,2.543205023e-02
9.182843018e+02,5.014401674e-02
9.185239868e+02,-4.418695811e-03
9.187637329e+02,4.975124262e-03
9.190034180e+02,3.371301340e-03
9.192431641e+02,9.982979856e-03
9.194829102e+02,7.855459116e-03
9.197226562e+02,-4.255040549e-04
9.199624023e+02,-8.608274162e-03
9.202021484e+02,2.971982211e-02
9.204419556e+02,2.510473877e-02
9.206817017e+02,-8.510081097e-03
9.209215088e+02,1.548180170e-02
9.211613159e+02,2.173343860e-02
9.214011230e+02,9.852055460e-03
9.216409302e+02,6.644409616e-03
9.218807373e+02,3.534956835e-03
9.221205444e+02,1.240507979e-02
9.223604126e+02,3.282927349e-02
9.226002197e+02,-3.534956835e-03
9.228400879e+02,-6.251636427e-03
9.230799561e+02,1.859125495e-02
9.233198242e+02,-1.276512165e-03
9.235596924e+02,1.256873552e-02
9.237995605e+02,-1.505629718e-02
9.240394897e+02,3.502225736e-03
9.242793579e+02,-5.236973055e-03
9.245192871e+02,1.849306189e-02
9.247592163e+02,-5.040586460e-03
9.249991455e+02,6.349829957e-03
9.252390747e+02,1.424129307e-01
9.254790039e+02,2.202801779e-02
9.257189331e+02,-3.371301340e-03
9.259589233e+02,-3.862267593e-03
9.261988525e+02,4.680544604e-03
9.264388428e+02,-5.106048658e-03
9.266788330e+02,9.164703079e-04
9.269188232e+02,9.982979856e-03
9.271588135e+02,1.440167613e-02
9.273988037e+02,1.551453304e-02
9.276388550e+02,-2.359911054e-02
9.278788452e+02,2.834511735e-02
9.281188965e+02,2.782141976e-02
9.283589478e+02,1.057213917e-02
9.285989990e+02,5.191149563e-02
9.288390503e+02,4.058653954e-03
9.290791016e+02,1.672558300e-02
9.293191528e+02,2.111154795e-01
9.295592651e+02,7.462686393e-03
9.297993164e+02,2.762503363e-02
9.300394287e+02,1.934406906e-02
9.302795410e+02,-3.600418859e-04
9.305196533e+02,-1.636554021e-03
9.307597656e+02,-1.963864925e-04
9.309998779e+02,1.728201099e-02
9.312400513e+02,-3.004713356e-02
9.314801636e+02,7.495417725e-03
9.317203369e+02,2.913066186e-03
9.319605103e+02,2.697041072e-02
9.322006836e+02,9.262896143e-03
9.324408569e+02,2.022780851e-02
9.326810303e+02,4.922754690e-02
9.329212036e+02,-9.262896143e-03
9.331614380e+02,2.386095747e-02
9.334016113e+02,1.806755736e-02
9.336418457e+02,1.430348214e-02
9.338820801e+02,-1.626734808e-02
9.341223145e+02,1.119402982e-02
9.343625488e+02,-4.778737668e-03
9.346027832e+02,4.484158009e-03
9.348430176e+02,5.106048658e-03
9.350833130e+02,3.152003139e-02
9.353236084e+02,3.138910607e-02
9.355638428e+02,5.335166119e-03
9.358041382e+02,-5.695207976e-03
9.360444336e+02,-1.279785298e-02
9.362847290e+02,2.225713618e-02
9.365250854e+02,2.677402459e-02
9.367653809e+02,-1.279785298e-02
9.370057373e+02,2.009688318e-02
9.372460327e+02,-1.832940616e-03
9.374863892e+02,1.613642275e-02
9.377267456e+02,6.873527309e-04
9.379671021e+02,9.033778682e-03
9.382075195e+02,2.667583153e-02
9.384478760e+02,5.171510857e-03
9.386882324e+02,-2.749410924e-03
9.389286499e+02,-7.495417725e-03
9.391690674e+02,1.904948987e-02
9.394094849e+02,1.800209470e-02
9.396499023e+02,2.827965468e-02
9.398903198e+02,1.986776665e-02
9.401307373e+02,4.444880784e-02
9.403712158e+02,-3.043990582e-03
9.406116333e+02,1.135768555e-02
9.408521118e+02,-1.659465767e-02
9.410925903e+02,5.433359649e-03
9.413330078e+02,2.893427573e-02
9.415735474e+02,-3.305839142e-03
9.418140259e+02,1.322335657e-02
9.420545044e+02,-1.538360841e-03
9.422950439e+02,3.590599447e-02
9.425355225e+02,3.796805395e-03
9.427760620e+02,-1.584184356e-02
9.430166016e+02,1.413982734e-02
9.432571411e+02,1.947499253e-02
9.434976807e+02,-6.382560823e-03
9.437382202e+02,-1.305970177e-02
9.439787598e+02,1.571091823e-02
9.442193604e+02,-2.487562131e-03
9.444599609e+02,3.633150132e-03
9.447005005e+02,-2.618486469e-04
9.449411011e+02,-1.341974363e-03
9.451817017e+02,1.014663558e-02
9.454223022e+02,-1.230688673e-02
9.456629639e+02,1.132495422e-02
9.459035645e+02,1.702016219e-03
9.461442261e+02,1.017936599e-02
9.463848267e+02,-9.622938000e-03
9.466254883e+02,8.608274162e-03
9.468661499e+02,5.976695567e-02
9.471068115e+02,9.492013603e-03
9.473475342e+02,3.993191756e-03
9.475881958e+02,-1.669285074e-02
9.478288574e+02,1.505629742e-03
9.480695801e+02,-1.253600419e-02
9.483103027e+02,0.000000000e+00
9.485510254e+02,2.589028515e-02
9.487917480e+02,2.651217580e-02
9.490324707e+02,2.225713618e-02
9.492731934e+02,-1.587457396e-02
9.495139160e+02,5.695207976e-03
9.497546997e+02,1.302697044e-02
9.499954834e+02,1.636554021e-03
9.502362061e+02,4.255040735e-02
9.504769897e+02,8.510081097e-04
9.507177734e+02,2.690494806e-02
9.509585571e+02,3.309112415e-02
9.511994019e+02,1.358339842e-02
9.514401855e+02,2.294448763e-02
9.516810303e+02,2.078423649e-02
9.519218140e+02,2.065331303e-02
9.521626587e+02,-9.917518124e-03
9.524035034e+02,5.400628317e-03
9.526443481e+02,5.122414231e-02
9.528852539e+02,4.320502747e-03
9.531260986e+02,-2.206074819e-02
9.533669434e+02,-4.876931198e-03
9.536078491e+02,1.122676115e-02
9.538487549e+02,3.394213319e-02
9.540896606e+02,-2.513747104e-02
9.543305664e+02,1.584184356e-02
9.545714722e+02,-5.597014911e-03
9.548123779e+02,3.322204947e-02
9.550532837e+02,1.165226474e-02
9.552942505e+02,-1.446713787e-02
9.555352173e+02,2.958889678e-02
9.557761230e+02,2.821419202e-02
9.560170898e+02,-4.909661948e-04
9.562580566e+02,-1.158680301e-02
9.564990845e+02,-5.564283929e-04
9.567400513e+02,2.363184094e-02
9.569810181e+02,1.882037148e-02
9.572220459e+02,-2.219167352e-02
9.574630737e+02,1.538360841e-03
9.577040405e+02,1.073579490e-02
9.579450684e+02,2.278083190e-02
9.581860962e+02,-2.130793408e-02
9.584271851e+02,1.112856786e-03
9.586682129e+02,1.217596233e-02
9.589092407e+02,2.697041072e-02
9.591503296e+02,3.600418859e-04
9.593914185e+02,1.400890294e-02
9.596325073e+02,5.259884894e-02
9.598735962e+02,-3.633150132e-03
9.601146851e+02,-6.448023021e-03
9.603557739e+02,1.508902851e-02
9.605968628e+02,1.227415539e-02
9.608380127e+02,9.884786792e-03
9.610791626e+02,-1.535087731e-02
9.613202515e+02,1.918041334e-02
9.615614014e+02,-3.240377177e-03
9.618025513e+02,-7.266300265e-03
9.620437012e+02,-8.739198558e-03
9.622849121e+02,4.310683534e-02
9.625260620e+02,1.404163428e-02
9.627672729e+02,-4.582351539e-03
9.630084229e+02,-1.492537279e-02
9.632496338e+02,1.096491236e-02
9.634908447e+02,1.669285120e-03
9.637320557e+02,-1.770751551e-02
9.639732666e+02,1.145587885e-03
9.642145386e+02,1.243781112e-02
9.644557495e+02,5.148598924e-02
9.646970215e+02,6.022518966e-03
9.649382324e+02,-8.902854286e-03
9.651795044e+02,9.655669332e-03
9.654207764e+02,2.749410830e-02
9.656620483e+02,2.323906869e-03
9.659033203e+02,-1.319062617e-02
9.661446533e+02,3.161822632e-02
9.663859253e+02,-2.913066186e-03
9.666272583e+02,-1.859125495e-02
9.668685913e+02,-4.484158009e-03
9.671099243e+02,2.487562131e-03
9.673512573e+02,1.731474139e-02
9.675925903e+02,5.924325902e-03
9.678339233e+02,-5.531552713e-03
9.680752563e+02,2.962162904e-02
9.683166504e+02,2.196255513e-02
9.685579834e+02,1.309243235e-04
9.687993774e+02,1.610369235e-02
9.690407715e+02,-4.582351539e-03
9.692821655e+02,-3.534956835e-03
9.695235596e+02,1.931133866e-02
9.697650146e+02,9.262896143e-03
9.700064087e+02,-5.400628317e-03
9.702478638e+02,1.194684487e-02
9.704892578e+02,-1.433621347e-02
9.707307129e+02,-2.084969915e-02
9.709721680e+02,1.793663204e-02
9.712136230e+02,2.323906869e-03
9.714550781e+02,-1.636554021e-03
9.716965942e+02,-7.200838067e-03
9.719380493e+02,4.903116077e-02
9.721795654e+02,-3.927729849e-04
9.724210205e+02,-1.518722158e-02
9.726625366e+02,1.544907037e-02
9.729040527e+02,-7.855459116e-03
9.731455688e+02,1.137732416e-01
9.733870850e+02,-3.600418859e-04
9.736286621e+02,-1.931133866e-02
9.738701782e+02,1.911495067e-02
9.741117554e+02,1.106310543e-02
9.743533325e+02,7.953653112e-03
9.745948486e+02,-1.960591786e-02
9.748364258e+02,1.345247403e-02
9.750780029e+02,-4.058653954e-03
9.753196411e+02,-1.440167613e-02
9.755612183e+02,-9.852055460e-03
9.758028564e+02,1.086671930e-02
9.760444336e+02,2.192982472e-02
9.762860718e+02,-1.724928059e-02
9.765277100e+02,5.515187234e-02
9.767693481e+02,5.335166119e-03
9.770109863e+02,3.060356155e-02
9.772526245e+02,-1.934406906e-02
9.774943237e+02,-3.371301340e-03
9.777359619e+02,5.204241723e-03
9.779776611e+02,1.125949156e-02
9.782193604e+02,-1.335428096e-02
9.784610596e+02,2.841057815e-02
9.787027588e+02,-6.513485219e-03
9.789444580e+02,9.426551871e-03
9.791861572e+02,-1.747839712e-02
9.794278564e+02,-7.233568933e-03
9.796696167e+02,3.708431497e-02
9.799113770e+02,3.181461245e-02
9.801530762e+02,-2.618486469e-04
9.803948364e+02,3.698612098e-03
9.806365967e+02,2.284629457e-02
9.808784180e+02,1.139041595e-02
9.811201782e+02,1.734747319e-03
9.813619385e+02,-3.927729849e-04
9.816037598e+02,1.243781066e-03
9.818455811e+02,-7.757266518e-03
9.820873413e+02,-1.679104567e-02
9.823291626e+02,2.922885492e-02
9.825709839e+02,3.142183879e-03
9.828128662e+02,2.343545482e-02
9.830546875e+02,-1.305970177e-02
9.832965088e+02,1.525268424e-02
9.835383911e+02,2.549751289e-02
9.837802734e+02,-8.510081097e-03
9.840221558e+02,-2.386095747e-02
9.842639771e+02,-1.512175985e-02
9.845059204e+02,7.135375869e-03
9.847478027e+02,3.371301340e-03
9.849896851e+02,-1.800209517e-03
9.852316284e+02,-2.484288998e-02
9.854735107e+02,1.751112938e-02
9.857154541e+02,5.672296509e-02
9.859573975e+02,-1.060487051e-02
9.861993408e+02,-2.094789175e-03
9.864412842e+02,7.724535186e-03
9.866832275e+02,9.819324128e-03
9.869251709e+02,-9.131971747e-03
9.871671753e+02,-1.194684487e-02
9.874091797e+02,2.546478063e-02
9.876511230e+02,6.382560823e-03
9.878931274e+02,-8.379156701e-03
9.881351318e+02,-1.983503625e-02
9.883771362e+02,9.295627475e-03
9.886192017e+02,1.142314728e-02
9.888612061e+02,1.309243235e-04
9.891032104e+02,-3.698612098e-03
9.893452759e+02,6.382560823e-03
9.895873413e+02,3.371301340e-03
9.898294067e+02,-8.837392088e-04
9.900714722e+02,7.789997384e-03
9.903135376e+02,2.107881568e-02
9.905556030e+02,-8.182770107e-04
9.907977295e+02,-2.094789175e-03
9.910397949e+02,1.852579229e-02
9.912819214e+02,2.330452949e-02
9.915239868e+02,-7.528148708e-04
9.917661133e+02,-2.287902683e-02
9.920082397e+02,5.400628317e-03
9.922504272e+02,1.649646461e-02
9.924925537e+02,0.000000000e+00
9.927346802e+02,-1.374705415e-02
9.929768677e+02,-2.291175770e-03
9.932189941e+02,6.153443363e-03
9.934611816e+02,2.454831032e-03
9.937033691e+02,-1.207776926e-02
9.939455566e+02,3.194553405e-02
9.941877441e+02,1.855852269e-02
9.944299927e+02,1.688923873e-02
9.946721802e+02,-7.691804320e-03
9.949143677e+02,9.622938000e-03
9.951566162e+02,-1.080125687e-03
9.953988647e+02,2.510473877e-02
9.956411133e+02,-1.731474139e-02
9.958833618e+02,5.367897451e-03
9.961256104e+02,7.004451472e-03
9.963678589e+02,-1.044121478e-02
9.966101685e+02,-2.945797460e-04
9.968524170e+02,7.986383513e-03
9.970947266e+02,2.415553853e-02
9.973370361e+02,1.672558300e-02
9.975793457e+02,-6.349829957e-03
9.978216553e+02,4.480884969e-02
9.980639648e+02,1.584184356e-02
9.983062744e+02,-2.114427835e-02
9.985486450e+02,-1.639827155e-02
9.987909546e+02,3.469494637e-03
9.990333252e+02,-4.353233613e-03
9.992756958e+02,-2.186436206e-02
9.995180664e+02,-2.140612714e-02
9.997604370e+02,5.937418342e-02
1.000002808e+03,-6.578947417e-03
1.000245178e+03,-1.348520536e-02
1.000487610e+03,4.942393396e-03
1.000729980e+03,1.217596233e-02
1.000972412e+03,2.628305927e-02
1.001214844e+03,-2.497381531e-02
1.001457275e+03,-7.364493329e-03
1.001699707e+03,9.164703079e-04
1.001942139e+03,1.538360841e-03
1.002184570e+03,-8.870122954e-03
1.002427063e+03,-7.855459116e-03
1.002669495e+03,1.024482865e-02
1.002911987e+03,4.156847484e-03
1.003154480e+03,-4.909661948e-04
1.003396973e+03,3.011259483e-03
1.003639465e+03,2.893427573e-02
1.003881958e+03,5.106048658e-03
1.004124451e+03,2.487562131e-03
1.004367004e+03,-6.644409616e-03
1.004609497e+03,2.359911054e-02
1.004852051e+03,-7.593610790e-03
1.005094604e+03,-1.574365050e-02
1.005337158e+03,-3.829536494e-03
1.005579712e+03,-8.608274162e-03
1.005822266e+03,7.888190448e-03
1.006064819e+03,4.091385286e-03
1.006307434e+03,1.777297631e-02
1.006549988e+03,2.575936168e-02
1.006792603e+03,1.823121309e-02
1.007035217e+03,1.201230660e-02
1.007277832e+03,-9.295627475e-03
1.007520447e+03,3.737889603e-02
1.007763062e+03,3.440036625e-02
1.008005676e+03,-7.135375869e-03
1.008248352e+03,-1.705289260e-02
1.008490967e+03,9.131971747e-03
1.008733643e+03,-3.109452780e-03
1.008976318e+03,-8.019114845e-03
1.009218994e+03,2.641398273e-02
1.009461670e+03,1.695469953e-02
1.009704346e+03,4.091385007e-02
1.009947021e+03,4.811469000e-03
1.010189758e+03,5.531552806e-02
1.010432434e+03,6.775334012e-03
1.010675171e+03,4.909662064e-03
1.010917908e+03,-6.153443363e-03
1.011160645e+03,-2.399188280e-02
1.011403381e+03,5.564284045e-03
1.011646118e+03,-7.069913670e-03
1.011888855e+03,-1.217596233e-02
1.012131653e+03,-3.469494637e-03
1.012374390e+03,1.721654832e-02
1.012617188e+03,1.371432282e-02
1.012859985e+03,-1.561272610e-02
1.013102783e+03,-2.323906869e-03
1.013345581e+03,2.641398273e-02
1.013588379e+03,6.578947417e-03
1.013831177e+03,1.407436444e-03
1.014074036e+03,7.724535186e-03
1.014316833e+03,1.865671598e-03
1.014559692e+03,7.724535186e-03
1.014802551e+03,1.767478324e-02
1.015045349e+03,-1.299423911e-02
1.015288269e+03,1.695469953e-02
1.015531128e+03,1.505629718e-02
1.015773987e+03,-1.025464758e-01
1.016016846e+03,-1.025792062e-01
1.016259766e+03,-1.040848419e-01
1.016502686e+03,-1.037248001e-01
1.016745544e+03,-1.052304283e-01
1.016988464e+03,-1.034302190e-01
