1.933779755e+02,1.144894559e-04
1.935834351e+02,-1.689537242e-02
1.937889099e+02,7.114701904e-03
1.939943848e+02,-1.162885781e-02
1.941998901e+02,5.119314417e-03
1.944053955e+02,-3.091215389e-03
1.946109161e+02,1.329713315e-02
1.948164520e+02,7.376392372e-03
1.950220032e+02,1.836737990e-02
1.952275696e+02,-1.225037221e-02
1.954331360e+02,2.396100760e-02
1.956387177e+02,3.730720654e-02
1.958443298e+02,1.797484420e-02
1.960499420e+02,-7.376392372e-03
1.962555695e+02,1.228308305e-02
1.964611969e+02,3.030699492e-02
1.966668549e+02,7.965194993e-03
1.968725128e+02,2.759195864e-02
1.970782013e+02,8.684842847e-03
1.972838898e+02,3.210611641e-02
1.974895935e+02,1.875991561e-02
1.976953125e+02,1.849822514e-02
1.979010315e+02,-1.153072435e-02
1.981067810e+02,-1.161250169e-03
1.983125305e+02,1.578318886e-02
1.985182953e+02,-2.698680153e-03
1.987240906e+02,-1.144894559e-04
1.989298706e+02,-3.974419553e-03
1.991356812e+02,-9.306357242e-03
1.993415070e+02,6.705811247e-04
1.995473328e+02,-1.447473839e-02
1.997531891e+02,-1.169428043e-02
1.999590454e+02,-7.899772376e-03
2.001649170e+02,4.955757875e-03
2.003708038e+02,-1.476914063e-02
2.005766907e+02,3.871379420e-02
2.007826080e+02,1.588132419e-02
2.009885254e+02,-4.039842170e-03
2.011944733e+02,-1.357517904e-03
2.014004211e+02,2.109877067e-03
2.016063843e+02,-4.268821329e-03
2.018123627e+02,-2.150766179e-02
2.020183411e+02,-1.553785522e-03
2.022243500e+02,2.755924873e-02
2.024303589e+02,-2.126232866e-04
2.026363831e+02,2.598910779e-02
2.028424225e+02,3.423234820e-02
2.030484772e+02,1.486727409e-02
2.032545471e+02,8.679936826e-02
2.034606171e+02,1.619208022e-03
2.036667175e+02,7.670793682e-03
2.038728180e+02,1.045125164e-02
2.040789337e+02,2.013378963e-02
2.042850647e+02,5.577272270e-03
2.044912109e+02,-9.976938600e-04
2.046973724e+02,-9.731603786e-03
2.049035339e+02,-8.619420230e-03
2.051097107e+02,2.288153581e-02
2.053159180e+02,7.165404409e-02
2.055221252e+02,7.018204033e-02
2.057283478e+02,-5.511849653e-03
2.059345703e+02,3.647306934e-03
2.061408234e+02,-1.032040734e-02
2.063470764e+02,9.273646399e-03
2.065533600e+02,1.357517904e-03
2.067596436e+02,-1.087649819e-02
2.069659424e+02,1.584861241e-02
2.071722412e+02,6.754877977e-03
2.073785706e+02,2.912938967e-02
2.075848999e+02,-8.128752001e-03
2.077912598e+02,-1.660097204e-02
2.079976196e+02,1.830195822e-02
2.082039948e+02,1.782764448e-03
2.084103851e+02,3.614595858e-03
2.086167908e+02,1.185783651e-02
2.088231964e+02,8.177818381e-05
2.090296173e+02,-1.568505540e-02
2.092360687e+02,8.390441537e-03
2.094425201e+02,-8.014261839e-04
2.096489868e+02,3.745440859e-03
2.098554535e+02,4.025122151e-02
2.100619507e+02,1.113818865e-02
2.102684479e+02,-1.774586551e-02
2.104749756e+02,6.362342741e-03
2.106815033e+02,1.277375221e-02
2.108880463e+02,8.717554621e-03
2.110946045e+02,2.778822742e-02
2.113011627e+02,8.177818381e-05
2.115077515e+02,-8.014261839e-04
2.117143402e+02,2.567834919e-03
2.119209442e+02,-1.553785522e-03
2.121275635e+02,9.797026403e-03
2.123341980e+02,4.476537928e-02
2.125408478e+02,1.251206268e-02
2.127475128e+02,9.339069016e-03
2.129541779e+02,1.823653467e-02
2.131608582e+02,-7.081990596e-03
2.133675537e+02,-4.072553478e-03
2.135742645e+02,4.694067873e-03
2.137809906e+02,-1.463829540e-02
2.139877319e+02,-6.460476667e-03
2.141944733e+02,1.833466813e-02
2.144012299e+02,-2.042819001e-02
2.146080017e+02,-2.306144917e-03
2.148147888e+02,-1.329713315e-02
2.150215912e+02,-5.969807506e-03
2.152284088e+02,-1.440931577e-02
2.154352264e+02,3.516461933e-03
2.156420746e+02,8.619420230e-03
2.158489227e+02,-1.692808419e-02
2.160557861e+02,-6.951145828e-03
2.162626648e+02,7.801638916e-03
2.164695435e+02,3.269491717e-02
2.166764526e+02,1.748417504e-02
2.168833618e+02,-4.497800022e-03
2.170902863e+02,-5.838962272e-03
2.172972412e+02,3.897548467e-02
2.175041809e+02,2.644706517e-02
2.177111511e+02,4.561587051e-02
2.179181366e+02,-3.107571101e-04
2.181251221e+02,1.741875336e-02
2.183321228e+02,-8.848399855e-03
2.185391388e+02,-9.437202476e-03
2.187461700e+02,-3.614595858e-03
2.189532166e+02,-9.731603786e-03
2.191602783e+02,-2.240722300e-03
2.193673401e+02,-2.077165991e-03
2.195744171e+02,9.306357242e-03
2.197815247e+02,1.144894559e-04
2.199886322e+02,1.120361127e-02
2.201957397e+02,6.918434519e-03
2.204028778e+02,-1.404949185e-02
2.206100159e+02,2.993081464e-03
2.208171844e+02,-1.539065409e-02
2.210243530e+02,-7.409103680e-03
2.212315369e+02,-2.273433609e-03
2.214387360e+02,2.029734477e-02
2.216459351e+02,-1.450745016e-02
2.218531647e+02,-4.530511331e-03
2.220603943e+02,5.577272270e-03
2.222676392e+02,-1.586496830e-03
2.224748993e+02,2.510590293e-02
2.226821747e+02,2.670875564e-02
2.228894653e+02,5.282870959e-03
2.230967712e+02,-1.349340007e-02
2.233040771e+02,3.256407380e-02
2.235113983e+02,1.128538977e-03
2.237187347e+02,-2.175299684e-03
2.239260864e+02,3.609688953e-02
2.241334534e+02,-1.362424530e-02
2.243408203e+02,-1.561963372e-02
2.245482178e+02,1.892347261e-02
2.247556152e+02,2.589097247e-02
2.249630280e+02,-7.278258447e-03
2.251704559e+02,1.961040869e-02
2.253778839e+02,3.678382933e-02
2.255853424e+02,2.405914105e-02
2.257928009e+02,-1.512896456e-02
2.260002899e+02,9.649826097e-04
2.262077789e+02,-4.890335258e-03
2.264152832e+02,2.731391462e-03
2.266227875e+02,-1.290459745e-02
2.268303223e+02,1.898889430e-02
2.270378571e+02,-3.091215389e-03
2.272454224e+02,1.853093691e-02
2.274529877e+02,-9.600758553e-03
2.276605682e+02,-2.356847376e-02
2.278681488e+02,-3.974419553e-03
2.280757599e+02,9.371779859e-03
2.282833710e+02,1.292095287e-03
2.284910126e+02,-1.810568944e-02
2.286986542e+02,-9.993294254e-03
2.289063110e+02,1.568505540e-02
2.291139679e+02,-7.360036834e-04
2.293216553e+02,1.411491446e-02
2.295293427e+02,1.306815352e-02
2.297370605e+02,5.013002828e-02
2.299447784e+02,1.663368195e-02
2.301525116e+02,-1.902160607e-02
2.303602448e+02,6.624032743e-03
2.305680084e+02,-5.969807506e-03
2.307757721e+02,1.979032066e-03
2.309835663e+02,2.862236463e-03
2.311913605e+02,6.125186011e-02
2.313991699e+02,8.881110698e-03
2.316069794e+02,-1.748417504e-02
2.318148193e+02,2.418998629e-02
2.320226746e+02,1.552149933e-02
2.322305298e+02,4.859259725e-02
2.324384003e+02,-1.081107650e-02
2.326462860e+02,2.366660722e-02
2.328541870e+02,-1.568505540e-02
2.330620880e+02,-3.647306934e-03
2.332700195e+02,-9.600758553e-03
2.334779510e+02,-3.189349314e-03
2.336858978e+02,2.765738219e-02
2.338938599e+02,-3.222060390e-03
2.341018372e+02,-4.236110020e-03
2.343098145e+02,-2.562928386e-02
2.345178223e+02,3.204069287e-02
2.347258301e+02,-3.434683895e-04
2.349338531e+02,-5.806250963e-03
2.351418915e+02,2.647977695e-02
2.353499298e+02,1.506354194e-02
2.355579987e+02,-2.294695936e-02
2.357660675e+02,-2.703586780e-02
2.359741669e+02,-3.222060390e-03
2.361822662e+02,1.637199335e-02
2.363903809e+02,3.236780688e-02
2.365984955e+02,-8.750265464e-03
2.368066406e+02,-9.993294254e-03
2.370147858e+02,1.095827669e-03
2.372229462e+02,4.268821329e-03
2.374311371e+02,1.290459745e-02
2.376393127e+02,2.899854444e-02
2.378475189e+02,3.320194315e-03
2.380557404e+02,9.829738177e-03
2.382639618e+02,2.052632347e-02
2.384721985e+02,-6.722166669e-03
2.386804504e+02,1.146530174e-02
2.388887177e+02,5.068611726e-02
2.390970001e+02,7.165404409e-02
2.393052826e+02,-5.053891800e-03
2.395135956e+02,2.175299684e-03
2.397219086e+02,3.397065774e-02
2.399302368e+02,2.454981022e-02
2.401385803e+02,-2.232544497e-02
2.403469238e+02,3.354541212e-02
2.405552979e+02,8.848399855e-03
2.407636719e+02,-1.604487933e-02
2.409720612e+02,-5.479138345e-03
2.411804657e+02,-1.179241389e-02
2.413888855e+02,-2.126232866e-04
2.415973206e+02,-1.521074213e-03
2.418057556e+02,-1.211952697e-02
2.420142059e+02,1.398406923e-02
2.422226715e+02,7.865425944e-02
2.424311523e+02,-1.336255576e-02
2.426396484e+02,2.109877067e-03
2.428481598e+02,7.638082374e-03
2.430566711e+02,-6.624032743e-03
2.432651978e+02,-7.638082374e-03
2.434737549e+02,3.418328241e-03
2.436822968e+02,-1.489998493e-02
2.438908691e+02,-1.185783651e-02
2.440994568e+02,4.628645256e-03
2.443080444e+02,-1.218494959e-02
2.445166473e+02,3.671840578e-02
2.447252655e+02,2.150766179e-02
2.449338989e+02,-7.245547138e-03
2.451425476e+02,-1.640470326e-02
2.453511963e+02,-1.300273184e-02
2.455598755e+02,8.488575928e-03
2.457685547e+02,5.225626007e-02
2.459772491e+02,-2.167121880e-02
2.461859589e+02,-4.301532637e-03
2.463946686e+02,2.543301508e-02
2.466034088e+02,-6.051585660e-04
2.468121490e+02,-2.798449434e-02
2.470209045e+02,8.390441537e-03
2.472296753e+02,1.921787299e-02
2.474384613e+02,-9.404491633e-03
2.476472626e+02,3.680018242e-03
2.478560638e+02,9.077378549e-03
2.480648804e+02,1.063116360e-03
2.482737122e+02,1.192325912e-02
2.484825592e+02,-1.117090043e-02
2.486914215e+02,4.661356565e-03
2.489002991e+02,-1.635563785e-05
2.491091766e+02,-1.460558362e-02
2.493180695e+02,1.460558362e-02
2.495269775e+02,8.423153311e-03
2.497359009e+02,-5.119314417e-03
2.499448395e+02,1.421304885e-02
2.501537781e+02,-2.082072571e-02
2.503627472e+02,1.637199335e-02
2.505717163e+02,1.781128906e-02
2.507807007e+02,-2.912938967e-02
2.509897003e+02,5.724473158e-04
2.511987000e+02,3.655484691e-02
2.514077301e+02,-9.110089391e-03
2.516167603e+02,3.344727680e-02
2.518258057e+02,-1.915245131e-02
2.520348663e+02,2.893312089e-02
2.522439423e+02,-1.455651713e-03
2.524530182e+02,4.236110020e-03
2.526621246e+02,-1.676452719e-02
2.528712311e+02,1.342797838e-02
2.530803528e+02,6.067941431e-03
2.532894897e+02,-8.455864154e-03
2.534986420e+02,-1.509625278e-02
2.537077942e+02,-4.072553478e-03
2.539169617e+02,7.212835830e-03
2.541261444e+02,2.333949320e-02
2.543353424e+02,9.633470327e-03
2.545445557e+02,4.842904210e-02
2.547537842e+02,-2.109877067e-03
2.549630127e+02,2.638164163e-02
2.551722717e+02,-1.575047895e-02
2.553815308e+02,1.611030288e-02
2.555908051e+02,-8.586709388e-03
2.558000793e+02,-1.820382476e-02
2.560093689e+02,4.170687404e-03
2.562186890e+02,1.414762624e-02
2.564280090e+02,1.797484420e-02
2.566373596e+02,-1.684630639e-03
2.568467102e+02,-1.326442137e-02
2.570560608e+02,-6.951145828e-03
2.572654419e+02,2.661062218e-02
2.574748230e+02,-2.085343748e-02
2.576842041e+02,-3.091215389e-03
2.578936157e+02,-3.107571101e-04
2.581030579e+02,5.070247571e-04
2.583125000e+02,2.698680153e-03
2.585219421e+02,-1.162885781e-02
2.587313843e+02,6.362342741e-03
2.589408569e+02,1.352611184e-02
2.591503601e+02,-7.703504991e-03
2.593598633e+02,-5.021180492e-03
2.595693665e+02,2.785364911e-02
2.597789001e+02,1.172699127e-02
2.599884338e+02,-2.248900011e-02
2.601979675e+02,-9.649826097e-04
2.604075317e+02,9.862449020e-03
2.606170959e+02,1.717341831e-03
2.608266907e+02,-1.133445650e-02
2.610362854e+02,-1.889076084e-02
2.612459106e+02,9.895160794e-03
2.614555359e+02,2.665968845e-03
2.616651611e+02,-4.988469183e-03
2.618748169e+02,-1.431118231e-02
2.620844727e+02,3.385616932e-03
2.622941284e+02,1.159614697e-02
2.625038147e+02,-1.718977466e-02
2.627135315e+02,-2.535123844e-03
2.629232483e+02,2.160579711e-02
2.631329651e+02,-1.104005519e-02
2.633426819e+02,-2.180206403e-02
2.635524292e+02,9.469914250e-03
2.637622070e+02,-1.679723896e-02
2.639719849e+02,2.011743374e-03
2.641817627e+02,-5.969807506e-03
2.643915710e+02,-4.923046567e-03
2.646013794e+02,4.268821329e-03
2.648111877e+02,-5.577272270e-03
2.650210266e+02,-1.120361127e-02
2.652308655e+02,1.553785522e-03
2.654407349e+02,1.277375221e-02
2.656506042e+02,1.588132419e-02
2.658605042e+02,-3.908997402e-03
2.660704041e+02,2.226002142e-02
2.662803040e+02,1.404949185e-02
2.664902344e+02,-1.568505540e-02
2.667001648e+02,5.765362084e-02
2.669101257e+02,-4.824913107e-03
2.671200867e+02,-2.453345514e-04
2.673300476e+02,1.179241389e-02
2.675400391e+02,-2.126232866e-04
2.677500305e+02,4.530511331e-03
2.679600525e+02,-1.521074213e-03
2.681700745e+02,5.526569858e-02
2.683800964e+02,-1.193961478e-03
2.685901489e+02,-2.585826255e-02
2.688002014e+02,3.730720654e-02
2.690102844e+02,-2.829525154e-03
2.692203674e+02,-1.130174473e-02
2.694304504e+02,2.436989918e-03
2.696405640e+02,2.245629020e-02
2.698506775e+02,-9.976938600e-04
2.700608215e+02,-1.869449392e-02
2.702709656e+02,-2.029734477e-02
2.704811401e+02,1.162885781e-02
2.706913147e+02,-9.322713013e-04
2.709014893e+02,9.240934625e-03
2.711116943e+02,-7.572659757e-03
2.713218994e+02,6.067941431e-03
2.715321045e+02,8.325018920e-03
2.717423401e+02,1.030405168e-03
2.719526062e+02,2.562928386e-02
2.721628418e+02,-1.175970305e-02
2.723731384e+02,2.208010992e-03
2.725834045e+02,-1.575047895e-02
2.727937012e+02,-5.969807506e-03
2.730039978e+02,3.819041327e-02
2.732143250e+02,1.509625278e-02
2.734246521e+02,3.275870383e-01
2.736350098e+02,-1.830195822e-02
2.738453674e+02,1.418033708e-02
2.740557556e+02,-1.565234549e-02
2.742661133e+02,-1.902160607e-02
2.744765320e+02,-3.254771698e-03
2.746869202e+02,-1.578318886e-02
2.748973389e+02,-1.161250169e-03
2.751077881e+02,2.402643114e-02
2.753182373e+02,8.815688081e-03
2.755286865e+02,2.677417733e-02
2.757391663e+02,-1.211952697e-02
2.759496460e+02,-5.904384889e-03
2.761601257e+02,-2.294695936e-02
2.763706360e+02,3.711093962e-02
2.765811462e+02,4.770939425e-02
2.767916870e+02,8.292308077e-03
2.770022278e+02,-4.366955254e-03
2.772127991e+02,4.685889930e-02
2.774233704e+02,2.422269806e-02
2.776339417e+02,2.605452947e-02
2.778445435e+02,9.600758553e-03
2.780551453e+02,-4.137976095e-03
2.782657471e+02,-4.923046567e-03
2.784763794e+02,-1.104005519e-02
2.786870422e+02,1.226672786e-03
2.788976746e+02,-1.218494959e-02
2.791083679e+02,7.343681064e-03
2.793190308e+02,-2.894947771e-03
2.795297241e+02,-8.684842847e-03
2.797404175e+02,1.346068922e-02
2.799511414e+02,2.338855993e-03
2.801618652e+02,-9.960582480e-03
2.803726196e+02,-1.620843634e-02
2.805833740e+02,-4.824913107e-03
2.807941284e+02,2.448438853e-02
2.810049133e+02,-8.586709388e-03
2.812156982e+02,2.402643114e-02
2.814265137e+02,-6.378698163e-04
2.816373291e+02,-6.951145828e-03
2.818481750e+02,-3.151731193e-02
2.820589905e+02,-1.898889430e-02
2.822698669e+02,6.704175472e-02
2.824807129e+02,1.761502028e-02
2.826915894e+02,-1.506354194e-02
2.829024963e+02,-1.022227295e-02
2.831134033e+02,4.530511331e-03
2.833243103e+02,3.331643343e-02
2.835352478e+02,-3.810863476e-03
2.837461853e+02,-2.402643114e-02
2.839571228e+02,3.292389587e-02
2.841680908e+02,-8.177818381e-05
2.843790588e+02,-8.553998545e-03
2.845900574e+02,-2.739569172e-02
2.848010559e+02,2.196562104e-02
2.850120850e+02,1.512896456e-02
2.852230835e+02,4.595933948e-03
2.854341431e+02,-2.896583267e-02
2.856452026e+02,7.687149337e-04
2.858562622e+02,-1.764773205e-02
2.860673218e+02,1.280646399e-02
2.862784119e+02,-4.432377405e-03
2.864895020e+02,1.656826027e-02
2.867006226e+02,1.041854080e-02
2.869117432e+02,-1.440931577e-02
2.871228943e+02,-2.297966927e-02
2.873340454e+02,-3.385616932e-03
2.875451965e+02,-8.357730694e-03
2.877563782e+02,-1.712435111e-02
2.879675598e+02,-6.951145828e-03
2.881787720e+02,7.605371065e-03
2.883899536e+02,1.090920996e-02
2.886011963e+02,4.743134778e-04
2.888124390e+02,-1.686266251e-02
2.890236816e+02,2.796813846e-03
2.892349243e+02,3.668569401e-02
2.894461975e+02,-1.247935090e-02
2.896575012e+02,-1.800755598e-02
2.898687744e+02,3.254771698e-03
2.900801086e+02,1.614301279e-02
2.902914124e+02,-6.035230123e-03
2.905027466e+02,-1.473642886e-02
2.907141113e+02,8.259596303e-03
2.909254456e+02,3.262949735e-02
2.911368408e+02,4.743134778e-04
2.913482056e+02,-7.507237140e-03
2.915596008e+02,6.591321900e-03
2.917710266e+02,1.565234549e-02
2.919824219e+02,1.666639373e-02
2.921938782e+02,-2.144224010e-02
2.924053040e+02,1.068023127e-02
2.926167603e+02,4.034935683e-02
2.928282471e+02,-1.650283858e-02
2.930397034e+02,-1.198868174e-02
2.932512207e+02,4.170687404e-03
2.934627075e+02,4.628645256e-03
2.936742249e+02,-3.761796397e-04
2.938857727e+02,-8.553998545e-03
2.940973206e+02,2.363389544e-02
2.943088684e+02,-3.876285860e-03
2.945204163e+02,6.296920124e-03
2.947320251e+02,-7.343681064e-03
2.949436035e+02,-7.507237140e-03
2.951552124e+02,-7.638082374e-03
2.953668213e+02,-1.750053139e-03
2.955784607e+02,-1.650283858e-02
2.957901001e+02,3.761796397e-04
2.960017395e+02,-4.007130861e-03
2.962134094e+02,-3.073224239e-02
2.964250793e+02,-1.790942252e-02
2.966367798e+02,1.954498701e-02
2.968484802e+02,8.325018920e-03
2.970601807e+02,-4.203398712e-03
2.972719116e+02,-2.567834919e-03
2.974836731e+02,2.363389544e-02
2.976954041e+02,3.498470783e-02
2.979071655e+02,8.194173686e-03
2.981189575e+02,1.123632304e-02
2.983307495e+02,-1.947956346e-02
2.985425415e+02,-7.768927608e-03
2.987543335e+02,-1.058209687e-02
2.989661865e+02,-1.221766043e-02
2.991780090e+02,-1.830195822e-02
2.993898621e+02,-5.184737034e-03
2.996017151e+02,5.904384889e-03
2.998135986e+02,-1.545607671e-02
3.000254822e+02,1.647012681e-02
3.002373657e+02,1.270832960e-02
3.004492798e+02,-8.292308077e-03
3.006611938e+02,-2.625079826e-02
3.008731384e+02,2.098428272e-02
3.010850830e+02,8.292308077e-03
3.012970581e+02,1.895618252e-02
3.015090027e+02,-2.245629020e-02
3.017210083e+02,4.941038042e-02
3.019329834e+02,-4.726779182e-03
3.021450195e+02,-7.965194993e-03
3.023570251e+02,-1.575047895e-02
3.025690613e+02,2.052632347e-02
3.027810974e+02,2.487692423e-02
3.029931641e+02,-1.882533729e-02
3.032052307e+02,7.083626091e-02
3.034172974e+02,1.843280345e-02
3.036293945e+02,-2.157308534e-02
3.038414917e+02,1.799120073e-04
3.040536194e+02,3.222060390e-03
3.042657471e+02,-1.473642886e-02
3.044779053e+02,2.942379005e-02
3.046900635e+02,6.051585660e-04
3.049022217e+02,-5.609983578e-03
3.051143799e+02,6.624032743e-03
3.053265991e+02,1.521074213e-03
3.055387878e+02,-1.552149933e-02
3.057510071e+02,-2.006836608e-02
3.059632263e+02,-1.064751949e-02
3.061754761e+02,1.156343520e-02
3.063877258e+02,1.095827669e-03
3.065999756e+02,-1.705892943e-02
3.068122559e+02,-1.391864661e-02
3.070245361e+02,-1.068023127e-02
3.072368469e+02,-1.470371801e-02
3.074491577e+02,-1.480185147e-02
3.076614990e+02,3.712729551e-03
3.078738098e+02,2.703586780e-02
3.080861816e+02,-1.521074213e-03
3.082985229e+02,-2.239086665e-02
3.085108948e+02,2.549843863e-02
3.087232971e+02,-3.385616932e-03
3.089356995e+02,-7.768927608e-03
3.091481018e+02,-6.100652739e-03
3.093605347e+02,1.862907037e-02
3.095729675e+02,-1.104005519e-02
3.097854004e+02,2.780458308e-04
3.099978638e+02,-1.944685169e-02
3.102103271e+02,1.323171053e-02
3.104228210e+02,1.130174473e-02
3.106353149e+02,8.341374923e-04
3.108478088e+02,-1.558692195e-02
3.110603333e+02,-1.663368195e-02
3.112728577e+02,-2.142588375e-03
3.114854126e+02,2.075530402e-02
3.116979675e+02,-9.993294254e-03
3.119105225e+02,-5.381004419e-03
3.121231079e+02,2.988174930e-02
3.123356934e+02,-6.067941431e-03
3.125483093e+02,2.713400126e-02
3.127609253e+02,9.077378549e-03
3.129735413e+02,-5.838962272e-03
3.131861877e+02,-1.565234549e-02
3.133988342e+02,-4.890335258e-03
3.136115112e+02,-1.094192080e-02
3.138241882e+02,7.539948449e-03
3.140368652e+02,4.170687404e-03
3.142495728e+02,-1.143258996e-02
3.144622803e+02,3.213882819e-02
3.146750183e+02,4.496164620e-02
3.148877563e+02,-4.170687404e-03
3.151004944e+02,-1.575047895e-02
3.153132629e+02,-3.320194315e-03
3.155260315e+02,6.493187975e-03
3.157388306e+02,-6.885723211e-03
3.159516296e+02,-2.163850702e-02
3.161644287e+02,-1.228308305e-02
3.163772583e+02,-1.143258996e-02
3.165900879e+02,1.815475756e-03
3.168029480e+02,-1.144894559e-04
3.170158081e+02,6.624032743e-03
3.172286682e+02,6.624032743e-03
3.174415588e+02,1.663368195e-02
3.176544495e+02,-1.967583038e-02
3.178673706e+02,5.876580253e-02
3.180802612e+02,1.679723896e-02
3.182932129e+02,-7.081990596e-03
3.185061646e+02,-2.782093920e-02
3.187191162e+02,-1.352611184e-02
3.189320679e+02,1.144894559e-04
3.191450500e+02,5.184737034e-03
3.193580322e+02,1.368966792e-02
3.195710449e+02,-1.472007280e-04
3.197840576e+02,4.399666563e-03
3.199971008e+02,-1.077836473e-02
3.202101440e+02,1.748417504e-02
3.204231873e+02,4.777481407e-02
3.206362610e+02,9.502625093e-03
3.208493347e+02,-1.489998493e-02
3.210624084e+02,-2.098428272e-02
3.212755127e+02,8.341374923e-04
3.214886169e+02,1.041854080e-02
3.217017517e+02,-1.516167540e-02
3.219148865e+02,5.184737034e-03
3.221280518e+02,-1.277375221e-02
3.223411865e+02,2.625079826e-02
3.225543823e+02,1.512896456e-02
3.227675476e+02,4.824913107e-03
3.229807434e+02,2.939108014e-02
3.231939697e+02,7.687149337e-04
3.234071960e+02,-1.692808419e-02
3.236204224e+02,7.834349759e-03
3.238336792e+02,2.085343748e-02
3.240469360e+02,-5.413715728e-03
3.242601929e+02,2.026463486e-02
3.244734802e+02,-5.708117504e-03
3.246867676e+02,7.360036834e-04
3.249000854e+02,-1.074565388e-02
3.251134033e+02,1.280646399e-02
3.253267212e+02,-3.189349314e-03
3.255400696e+02,1.496540755e-02
3.257534180e+02,1.280646399e-02
3.259667969e+02,2.677417733e-02
3.261801758e+02,-6.231497508e-03
3.263935547e+02,-1.725519635e-02
3.266069641e+02,-3.974419553e-03
3.268203735e+02,3.514826298e-02
3.270337830e+02,8.325018920e-03
3.272472229e+02,8.946533315e-03
3.274606934e+02,-6.166075356e-03
3.276741333e+02,-2.077165991e-03
3.278876038e+02,3.383981436e-02
3.281011047e+02,3.761796397e-04
3.283146057e+02,-3.189349314e-03
3.285281067e+02,-6.002518814e-03
3.287416382e+02,-2.894947771e-03
3.289551697e+02,1.002600510e-02
3.291687317e+02,-1.455651713e-03
3.293822632e+02,2.602181770e-02
3.295958557e+02,-3.187713772e-02
3.298094177e+02,7.212835830e-03
3.300230103e+02,1.983938739e-02
3.302366333e+02,-1.440931577e-02
3.304502563e+02,5.724473158e-04
3.306638794e+02,-4.088909191e-04
3.308775330e+02,6.951145828e-03
3.310911865e+02,-2.487692423e-02
3.313048401e+02,-1.025498472e-02
3.315185242e+02,-4.268821329e-03
3.317322083e+02,4.366955254e-03
3.319459229e+02,6.067941431e-03
3.321596375e+02,4.290083423e-02
3.323733521e+02,9.731603786e-03
3.325870972e+02,8.586709388e-03
3.328008423e+02,-4.857623950e-03
3.330146179e+02,-1.692808419e-02
3.332283936e+02,6.161168590e-02
3.334421692e+02,8.553998545e-03
3.336559753e+02,1.794213429e-02
3.338697815e+02,-2.150766179e-02
3.340835876e+02,1.107276604e-02
3.342974243e+02,7.867061533e-03
3.345112915e+02,5.457875878e-02
3.347251282e+02,-2.448438853e-02
3.349389954e+02,1.699350774e-02
3.351528931e+02,5.217448343e-03
3.353667908e+02,-9.731603786e-03
3.355806885e+02,-9.371779859e-03
3.357946167e+02,1.277375221e-02
3.360085449e+02,-8.226885460e-03
3.362224731e+02,-5.053891800e-03
3.364364319e+02,-9.764315560e-03
3.366503906e+02,5.323759839e-02
3.368643799e+02,2.111512795e-02
3.370783691e+02,1.810568944e-02
3.372923889e+02,-1.391864661e-02
3.375063782e+02,7.965194993e-03
3.377204285e+02,-4.366955254e-03
3.379344482e+02,4.563222639e-03
3.381484985e+02,-9.175512008e-03
3.383625793e+02,-1.113818865e-02
3.385766296e+02,4.268821329e-03
3.387907410e+02,-2.314322628e-02
3.390048218e+02,-6.722166669e-03
3.392189331e+02,-2.665968845e-03
3.394330444e+02,2.170393057e-02
3.396471863e+02,8.325018920e-03
3.398613281e+02,-1.306815352e-02
3.400755005e+02,-5.152025726e-03
3.402896729e+02,7.539948449e-03
3.405038452e+02,6.035230123e-03
3.407180481e+02,-7.997906767e-03
3.409322510e+02,-1.748417504e-02
3.411464539e+02,1.954498701e-02
3.413606873e+02,4.824913107e-03
3.415749207e+02,-4.759490490e-03
3.417891846e+02,-1.058209687e-02
3.420034485e+02,2.873685397e-02
3.422177124e+02,-1.535794325e-02
3.424320068e+02,1.496540755e-02
3.426463318e+02,-4.203398712e-03
3.428606262e+02,-1.185783651e-02
3.430749512e+02,6.787589286e-03
3.432892761e+02,-1.264290698e-02
3.435036316e+02,2.661062218e-02
3.437179871e+02,-6.754877977e-03
3.439323730e+02,-2.952192537e-02
3.441467590e+02,6.051585660e-04
3.443611450e+02,-1.745146513e-02
3.445755615e+02,-8.259596303e-03
3.447899780e+02,-1.548878849e-02
3.450044250e+02,-3.320194315e-03
3.452188721e+02,-5.724473158e-04
3.454333191e+02,3.974419553e-03
3.456477661e+02,-2.029734477e-02
3.458622742e+02,-1.198868174e-02
3.460767517e+02,2.814805135e-02
3.462912598e+02,-1.635563785e-05
3.465057678e+02,-2.023192309e-02
3.467203064e+02,2.698680153e-03
3.469348450e+02,6.525899284e-03
3.471493835e+02,2.535123844e-03
3.473639526e+02,-4.628645256e-03
3.475785217e+02,1.382051315e-02
3.477931213e+02,-2.306144917e-03
3.480077209e+02,1.483456232e-02
3.482223206e+02,2.044454683e-03
3.484369507e+02,-2.428812161e-02
3.486515808e+02,2.960370388e-03
3.488662109e+02,1.586496830e-03
3.490808716e+02,1.905431785e-02
3.492955627e+02,-1.565234549e-02
3.495102234e+02,1.077836473e-02
3.497249146e+02,-8.782977238e-03
3.499396362e+02,-4.268821329e-03
3.501543579e+02,-4.039842170e-03
3.503690796e+02,5.724473158e-04
3.505838318e+02,-3.025792772e-03
3.507985840e+02,1.172699127e-02
3.510133362e+02,-9.404491633e-03
3.512281189e+02,2.890041098e-02
3.514429016e+02,1.316628791e-02
3.516577148e+02,-2.239086665e-02
3.518725281e+02,4.172322899e-02
3.520873413e+02,1.938143000e-02
3.523021851e+02,-5.217448343e-03
3.525170288e+02,2.530216984e-02
3.527318726e+02,-5.152025726e-03
3.529467468e+02,-3.107571101e-04
3.531616516e+02,2.706857957e-02
3.533765259e+02,7.899772376e-03
3.535914307e+02,-6.624032743e-03
3.538063660e+02,-2.665968845e-03
3.540213013e+02,1.987209916e-02
3.542362366e+02,-2.535123844e-03
3.544512024e+02,-2.338855993e-03
3.546661682e+02,3.364354372e-02
3.548811340e+02,8.521286771e-03
3.550961304e+02,-1.745146513e-02
3.553111267e+02,-3.053597361e-02
3.555261536e+02,2.350305021e-02
3.557411804e+02,-3.908997402e-03
3.559562073e+02,3.240051866e-02
3.561712646e+02,-2.065716870e-02
3.563863220e+02,2.706857957e-02
3.566013794e+02,1.247935090e-02
3.568164673e+02,-2.121326141e-02
3.570315857e+02,4.595933948e-03
3.572466736e+02,8.979245089e-03
3.574617920e+02,2.245629020e-02
3.576769409e+02,-4.007130861e-03
3.578920898e+02,3.189349314e-03
3.581072388e+02,-3.025792772e-03
3.583223877e+02,2.530216984e-02
3.585375671e+02,4.744770378e-02
3.587527771e+02,-7.736216299e-03
3.589679871e+02,-1.185783651e-02
3.591831970e+02,1.259384095e-03
3.593984070e+02,-1.879262738e-02
3.596136475e+02,1.128538977e-03
3.598289185e+02,1.455651713e-03
3.600441589e+02,1.604487933e-02
3.602594299e+02,-7.032923750e-04
3.604747314e+02,1.947956346e-02
3.606900330e+02,8.586709388e-03
3.609053345e+02,3.969513252e-02
3.611206665e+02,-1.450745016e-02
3.613359985e+02,-4.563222639e-03
3.615513306e+02,-7.310969755e-03
3.617666931e+02,1.064751949e-02
3.619820557e+02,-2.840974182e-02
3.621974487e+02,1.175970305e-02
3.624128418e+02,1.866178215e-02
3.626282349e+02,1.032040734e-02
3.628436584e+02,8.668487426e-04
3.630590820e+02,-2.226002142e-02
3.632745056e+02,3.926988319e-02
3.634899597e+02,7.834349759e-03
3.637054443e+02,2.011743374e-03
3.639208984e+02,-6.787589286e-03
3.641363831e+02,1.182512566e-02
3.643518982e+02,-1.480185147e-02
3.645674133e+02,-2.199833095e-02
3.647829285e+02,2.559657209e-02
3.649984436e+02,5.663957074e-02
3.652139893e+02,1.696079597e-02
3.654295654e+02,2.567834919e-03
3.656451111e+02,-2.147495188e-02
3.658607178e+02,6.754877977e-03
3.660762939e+02,2.077165991e-03
3.662919006e+02,5.675406195e-03
3.665075073e+02,2.906396613e-02
3.667231445e+02,4.401301965e-02
3.669387817e+02,5.397360073e-04
3.671544495e+02,-2.468065545e-02
3.673700867e+02,-1.404949185e-02
3.675857849e+02,4.923046567e-03
3.678014526e+02,3.367625549e-02
3.680171509e+02,1.012413949e-02
3.682328796e+02,-1.434389409e-02
3.684485779e+02,2.481150068e-02
3.686643066e+02,-2.109877067e-03
3.688800659e+02,4.268821329e-03
3.690958252e+02,-8.717554621e-03
3.693115845e+02,2.373202890e-02
3.695273743e+02,5.124220997e-02
3.697431641e+02,2.340491675e-02
3.699589539e+02,-1.261019614e-02
3.701747742e+02,2.327407151e-02
3.703906250e+02,-1.198868174e-02
3.706064453e+02,8.586709388e-03
3.708222961e+02,-3.810863476e-03
3.710381775e+02,8.161462843e-03
3.712540283e+02,8.935084194e-02
3.714699097e+02,-9.993294254e-03
3.716858215e+02,-1.431118231e-02
3.719017334e+02,5.977985263e-02
3.721176453e+02,1.218494959e-02
3.723335876e+02,1.586496830e-03
3.725495300e+02,-1.434389409e-02
3.727654724e+02,-1.418033708e-02
3.729814453e+02,1.735333167e-02
3.731974182e+02,-8.423153311e-03
3.734134216e+02,-5.152025726e-03
3.736294250e+02,8.292308077e-03
3.738454285e+02,4.178865254e-02
3.740614624e+02,-1.506354194e-02
3.742774963e+02,3.222060390e-03
3.744935608e+02,9.698892944e-03
3.747096252e+02,-6.460476667e-03
3.749256897e+02,-2.523674816e-02
3.751417847e+02,-1.754959859e-02
3.753578796e+02,8.815688081e-03
3.755739746e+02,2.729755826e-02
3.757901001e+02,-1.035311818e-02
3.760062256e+02,-9.208223782e-03
3.762223816e+02,1.499811932e-02
3.764385376e+02,4.695703462e-02
3.766546936e+02,-1.993752085e-02
3.768708801e+02,3.177900240e-02
3.770870667e+02,-1.028769556e-02
3.773032837e+02,1.259384095e-03
3.775194702e+02,-2.011743374e-03
3.777357178e+02,-6.754877977e-03
3.779519348e+02,2.330678329e-02
3.781681824e+02,3.213882819e-02
3.783844604e+02,-1.355882268e-02
3.786007385e+02,-1.709164120e-02
3.788170166e+02,-8.488575928e-03
3.790332947e+02,6.157897413e-02
3.792496033e+02,-1.980667561e-02
3.794659424e+02,3.609688953e-02
3.796822510e+02,-7.147413213e-03
3.798986206e+02,8.357730694e-03
3.801149597e+02,-3.155002370e-02
3.803313293e+02,-2.710129134e-02
3.805476990e+02,6.558610592e-03
3.807640991e+02,-1.071294211e-02
3.809804993e+02,-7.605371065e-03
3.811968994e+02,-2.180206403e-02
3.814133301e+02,-2.993081464e-03
3.816297607e+02,4.906691174e-05
3.818462219e+02,-2.126232866e-04
3.820626831e+02,1.081107650e-02
3.822791443e+02,6.591321900e-03
3.824956360e+02,1.357517904e-03
3.827121277e+02,-2.023192309e-02
3.829286194e+02,-5.511849653e-03
3.831451416e+02,4.613925144e-02
3.833616638e+02,5.906020477e-02
3.835782166e+02,-1.578318886e-02
3.837947693e+02,-1.777857728e-02
3.840113220e+02,1.444202755e-02
3.842279053e+02,1.208681613e-02
3.844444885e+02,-9.862449020e-03
3.846610718e+02,-2.297966927e-02
3.848776855e+02,3.724178672e-02
3.850943298e+02,-8.177818381e-05
3.853109436e+02,8.161462843e-03
3.855275879e+02,1.826924644e-02
3.857442627e+02,-9.666181169e-03
3.859609070e+02,3.900819272e-02
3.861776123e+02,-1.591403410e-02
3.863942871e+02,-5.053891800e-03
3.866109924e+02,2.036276832e-02
3.868276978e+02,-1.261019614e-02
3.870444336e+02,-5.413715728e-03
3.872611694e+02,-6.885723211e-03
3.874779358e+02,-3.434683895e-04
3.876947021e+02,2.157308534e-02
3.879114685e+02,-1.699350774e-02
3.881282349e+02,-1.094192080e-02
3.883450317e+02,-4.334243946e-03
3.885618591e+02,1.323171053e-02
3.887786560e+02,-3.560622036e-02
3.889955139e+02,-1.875991561e-02
3.892123413e+02,2.769009396e-02
3.894291992e+02,1.421304885e-02
3.896460571e+02,1.957769692e-02
3.898629456e+02,-1.455651713e-03
3.900798340e+02,-8.161462843e-03
3.902967224e+02,-2.567834919e-03
3.905136414e+02,1.022227295e-02
3.907305603e+02,-1.169428043e-02
3.909475098e+02,1.633928157e-02
3.911644592e+02,7.049279753e-03
3.913814087e+02,4.558315873e-02
3.915983887e+02,-1.748417504e-02
3.918153687e+02,1.434389409e-02
3.920323486e+02,-1.259384095e-03
3.922493591e+02,1.679723896e-02
3.924663696e+02,2.927659079e-03
3.926834106e+02,4.355506226e-02
3.929004517e+02,4.399666563e-03
3.931174927e+02,-2.360118367e-02
3.933345642e+02,4.901784286e-02
3.935516357e+02,7.230827212e-02
3.937687073e+02,-3.549173241e-03
3.939858093e+02,4.391488433e-02
3.942029114e+02,-2.755924873e-02
3.944200439e+02,1.225037221e-02
3.946371765e+02,2.883498743e-02
3.948543091e+02,1.444202755e-02
3.950714722e+02,1.225037221e-02
3.952886353e+02,9.306357242e-03
3.955058289e+02,3.745440859e-03
3.957230225e+02,6.231497508e-03
3.959402161e+02,-2.275069058e-02
3.961574402e+02,5.536383018e-02
3.963746643e+02,-8.717554621e-03
3.965918884e+02,-1.077836473e-02
3.968091431e+02,-2.268526889e-02
3.970263977e+02,4.519062489e-02
3.972436829e+02,-5.871673580e-03
3.974609375e+02,-1.607759111e-02
3.976782532e+02,-2.337220497e-02
3.978955383e+02,6.689455360e-03
3.981128845e+02,3.671840578e-02
3.983302002e+02,-1.336255576e-02
3.985475464e+02,8.226885460e-03
3.987648926e+02,3.737263009e-02
3.989822693e+02,2.006836608e-02
3.991996155e+02,8.455864154e-03
3.994170227e+02,-1.921787299e-02
3.996343994e+02,1.326442137e-02
3.998518372e+02,-6.951145828e-03
4.000692444e+02,-3.115748800e-02
4.002866821e+02,-3.315287456e-02
4.005041199e+02,1.041854080e-02
4.007215881e+02,1.509625278e-02
4.009390564e+02,-1.568505540e-02
4.011565247e+02,2.559657209e-02
4.013740234e+02,-7.147413213e-03
4.015915222e+02,6.035230123e-03
4.018090210e+02,3.779787570e-02
4.020265503e+02,-1.908702776e-02
4.022440796e+02,3.612960130e-02
4.024616394e+02,-6.853011902e-03
4.026791992e+02,-1.329713315e-02
4.028967590e+02,-9.273646399e-03
4.031143494e+02,-9.731603786e-03
4.033319397e+02,-2.764102537e-03
4.035495605e+02,-6.983857136e-03
4.037671814e+02,9.649826097e-04
4.039848022e+02,6.167710572e-02
4.042024231e+02,-1.758231036e-02
4.044200745e+02,-9.469914250e-03
4.046377563e+02,8.063329384e-03
4.048554382e+02,-6.395054050e-03
4.050731201e+02,-3.908997402e-03
4.052908020e+02,-4.530511331e-03
4.055085144e+02,-1.205410436e-02
4.057262268e+02,-4.824913107e-03
4.059439697e+02,-8.030617610e-03
4.061617126e+02,2.471336722e-02
4.063794556e+02,-1.346068922e-02
4.065972290e+02,1.647012681e-02
4.068150024e+02,-1.754959859e-02
4.070328064e+02,-2.170393057e-02
4.072506104e+02,3.374167904e-02
4.074684143e+02,6.246217713e-02
4.076862488e+02,-2.530216984e-02
4.079040833e+02,-1.313357614e-02
4.081219177e+02,-5.282870959e-03
4.083397827e+02,-4.906691174e-05
4.085576477e+02,-1.193961478e-03
4.087755432e+02,-3.516461933e-03
4.089934387e+02,6.184066460e-02
4.092113342e+02,4.497800022e-03
4.094292603e+02,4.268821329e-03
4.096471863e+02,-1.525980886e-02
4.098651123e+02,1.467100624e-02
4.100830688e+02,1.630656980e-02
4.103010254e+02,-7.474526297e-03
4.105189819e+02,-2.582555078e-02
4.107369690e+02,-4.857623950e-03
4.109549866e+02,3.217153624e-02
4.111729736e+02,4.497800022e-03
4.113909912e+02,-2.927659079e-03
4.116090393e+02,-1.259384095e-03
4.118270874e+02,1.777857728e-02
4.120451355e+02,-2.163850702e-02
4.122631836e+02,1.346068922e-02
4.124812622e+02,1.264290698e-02
4.126993713e+02,-8.341374923e-04
4.129174500e+02,4.007130861e-03
4.131355591e+02,-2.108241618e-02
4.133536987e+02,4.890335258e-03
4.135718079e+02,2.785364911e-02
4.137899780e+02,-3.123926697e-03
4.140081177e+02,-8.521286771e-03
4.142262878e+02,1.578318886e-02
4.144444580e+02,-1.548878849e-02
4.146626587e+02,4.595933948e-03
4.148808594e+02,-1.542336587e-02
4.150990906e+02,1.918516308e-02
4.153172913e+02,1.751688682e-02
4.155355225e+02,4.334243946e-03
4.157537842e+02,1.068023127e-02
4.159720459e+02,9.502625093e-03
4.161903076e+02,-3.483750625e-03
4.164085999e+02,-5.871673580e-03
4.166268921e+02,-2.137681842e-02
4.168451843e+02,4.538689181e-02
4.170635071e+02,-9.698892944e-03
4.172818298e+02,-8.881110698e-03
4.175001831e+02,1.761502028e-02
4.177185364e+02,2.960370388e-03
4.179368896e+02,1.650283858e-02
4.181552734e+02,-2.670875564e-02
4.183736572e+02,-1.063116360e-03
4.185920410e+02,1.503083017e-02
4.188104553e+02,1.794213429e-02
4.190288696e+02,2.193290927e-02
4.192473145e+02,-2.049361356e-02
4.194657288e+02,2.240722300e-03
4.196842041e+02,-1.470371801e-02
4.199026489e+02,3.204069287e-02
4.201211243e+02,-2.068988048e-02
4.203396301e+02,1.539065409e-02
4.205581360e+02,1.408220362e-02
4.207766418e+02,-3.210611641e-02
4.209951477e+02,-1.506354194e-02
4.212136841e+02,-1.136716735e-02
4.214322205e+02,3.451039316e-03
4.216507874e+02,2.173664235e-02
4.218693542e+02,-8.913822472e-03
4.220879211e+02,7.672429085e-02
4.223065186e+02,6.983857136e-03
4.225251160e+02,1.467100624e-02
4.227437439e+02,-7.409103680e-03
4.229623718e+02,2.526945993e-02
4.231809998e+02,7.081990596e-03
4.233996277e+02,2.235815488e-02
4.236182861e+02,-1.247935090e-02
4.238369751e+02,4.594298452e-02
4.240556641e+02,2.461523376e-02
4.242743530e+02,1.431118231e-02
4.244930420e+02,-1.584861241e-02
4.247117615e+02,5.994340777e-02
4.249304810e+02,7.703504991e-03
4.251492310e+02,-6.166075356e-03
4.253679810e+02,-1.189054828e-02
4.255867310e+02,1.277375221e-02
4.258055115e+02,2.569470555e-02
4.260242920e+02,4.797108471e-02
4.262430725e+02,-9.633470327e-03
4.264618835e+02,-1.192325912e-02
4.266806946e+02,5.740828346e-03
4.268995361e+02,-2.327407151e-02
4.271183777e+02,-1.552149933e-02
4.273372192e+02,4.857623950e-03
4.275560913e+02,5.053891800e-03
4.277749634e+02,3.361083567e-02
4.279938354e+02,-2.304509282e-02
4.282127380e+02,3.158273548e-02
4.284316406e+02,4.551773891e-02
4.286505737e+02,1.555421110e-02
4.288695068e+02,-3.115748800e-02
4.290884399e+02,1.172699127e-02
4.293074036e+02,3.141918033e-02
4.295263672e+02,6.769598275e-02
4.297453308e+02,2.566199377e-02
4.299643250e+02,1.848186948e-03
4.301833191e+02,7.996270806e-02
4.304023438e+02,-1.346068922e-02
4.306213379e+02,-2.618537471e-02
4.308403931e+02,1.866178215e-02
4.310594177e+02,-1.444202755e-02
4.312784729e+02,2.428812161e-02
4.314975586e+02,-2.196562104e-02
4.317166138e+02,1.074565388e-02
4.319357300e+02,-7.409103680e-03
4.321548157e+02,-1.941414177e-02
4.323739319e+02,-1.840009168e-02
4.325930481e+02,-5.021180492e-03
4.328121948e+02,7.768927608e-03
4.330313416e+02,-1.336255576e-02
4.332504883e+02,6.051585660e-04
4.334696655e+02,5.577272270e-03
4.336888428e+02,-4.955757875e-03
4.339080200e+02,-1.548878849e-02
4.341272278e+02,-2.477879077e-02
4.343464355e+02,1.342797838e-02
4.345656738e+02,5.817700177e-02
4.347849121e+02,-2.360118367e-02
4.350041504e+02,-2.651248686e-02
4.352234192e+02,1.231579483e-02
4.354426880e+02,9.180419147e-02
4.356619568e+02,-2.288153581e-02
4.358812561e+02,-2.163850702e-02
4.361005554e+02,-5.724473158e-04
4.363198853e+02,-2.208010992e-03
4.365392151e+02,-1.581590064e-02
4.367585449e+02,-2.363389544e-02
4.369778748e+02,-1.619208022e-03
4.371972351e+02,2.219459973e-02
4.374166260e+02,4.636823013e-02
4.376360168e+02,-1.205410436e-02
4.378554077e+02,9.677630663e-02
4.380747986e+02,1.588132419e-02
4.382942200e+02,-1.542336587e-02
4.385136414e+02,-1.650283858e-02
4.387330933e+02,5.006460473e-02
4.389525452e+02,2.788636088e-02
4.391719971e+02,1.717341831e-03
4.393914795e+02,-7.736216299e-03
4.396109619e+02,2.958734706e-02
4.398304443e+02,8.684842847e-03
4.400499573e+02,-2.912938967e-02
4.402694702e+02,-3.171357885e-02
4.404890137e+02,2.633257536e-03
4.407085571e+02,-1.094192080e-02
4.409281006e+02,1.411491446e-02
4.411476746e+02,-1.292095287e-03
4.413672485e+02,2.268526889e-02
4.415868225e+02,2.526945993e-02
4.418064270e+02,-1.545607671e-02
4.420260315e+02,1.198868174e-02
4.422456360e+02,-1.635563785e-05
4.424652710e+02,5.657414719e-02
4.426849060e+02,-3.047055192e-02
4.429045715e+02,-1.859635860e-02
4.431242371e+02,-1.470371801e-02
4.433439026e+02,-1.979032066e-03
4.435635986e+02,-1.905431785e-02
4.437832947e+02,-7.932484150e-03
4.440029907e+02,2.044454683e-03
4.442227173e+02,-6.558610592e-03
4.444424438e+02,-4.743134778e-04
4.446622009e+02,-1.715706289e-02
4.448819580e+02,1.362424530e-02
4.451017151e+02,-3.712729551e-03
4.453215027e+02,-9.110089391e-03
4.455412903e+02,-7.638082374e-03
4.457610779e+02,-3.647306934e-03
4.459808960e+02,-2.600546228e-03
4.462007141e+02,-3.549173241e-03
4.464205322e+02,1.035311818e-02
4.466403809e+02,1.300273184e-02
4.468602600e+02,1.967583038e-02
4.470801086e+02,-1.519438718e-02
4.472999878e+02,-2.294695936e-02
4.475198669e+02,4.792201798e-03
4.477397766e+02,-9.469914250e-03
4.479596863e+02,-1.682995073e-02
4.481796265e+02,2.569470555e-02
4.483995361e+02,1.198868174e-02
4.486194763e+02,3.383981436e-02
4.488394470e+02,-2.608724125e-02
4.490594177e+02,-2.085343748e-02
4.492793884e+02,2.703586780e-02
4.494993896e+02,-2.960370388e-03
4.497193909e+02,-1.156343520e-02
4.499393921e+02,-2.371567301e-03
4.501594238e+02,3.418328241e-03
4.503794556e+02,3.616231307e-02
4.505994873e+02,3.210611641e-02
4.508195496e+02,5.241981521e-02
4.510396118e+02,8.341374923e-04
4.512597046e+02,-6.705811247e-04
4.514797974e+02,2.567834919e-03
4.516998901e+02,8.259596303e-03
4.519200134e+02,-9.649826097e-04
4.521401367e+02,3.259678558e-02
4.523602600e+02,-1.715706289e-02
4.525804138e+02,-6.558610592e-03
4.528005676e+02,1.087649819e-02
4.530207520e+02,-6.656744052e-03
4.532409058e+02,-3.112477623e-02
4.534611206e+02,5.446427036e-03
4.536813049e+02,3.442861512e-02
4.539015198e+02,2.469701227e-03
4.541217346e+02,-4.432377405e-03
4.543419800e+02,-3.483750625e-03
4.545622253e+02,-1.005871687e-02
4.547825012e+02,-2.273433609e-03
4.550027466e+02,-1.575047895e-02
4.552230225e+02,9.600758553e-03
4.554433289e+02,-7.768927608e-03
4.556636353e+02,-9.322713013e-04
4.558839417e+02,-1.146530174e-02
4.561042786e+02,-2.186748572e-02
4.563246155e+02,3.730720654e-02
4.565449524e+02,2.796813846e-03
4.567653198e+02,-8.128752001e-03
4.569856873e+02,-1.519438718e-02
4.572060547e+02,1.614301279e-02
4.574264526e+02,-1.251206268e-02
4.576468506e+02,-1.015685033e-02
4.578672791e+02,2.863872051e-02
4.580877075e+02,-1.339526661e-02
4.583081360e+02,4.694067873e-03
4.585285645e+02,7.687149337e-04
4.587490234e+02,-1.290459745e-02
4.589695129e+02,1.117090043e-02
4.591900024e+02,-2.109877067e-03
4.594104919e+02,4.759490490e-03
4.596309814e+02,-1.892347261e-02
4.598515015e+02,4.241016507e-02
4.600720215e+02,-8.455864154e-03
4.602925720e+02,1.647012681e-02
4.605130920e+02,-1.422940404e-03
4.607336731e+02,4.447097704e-02
4.609542236e+02,-1.143258996e-02
4.611748047e+02,-2.412456460e-02
4.613954163e+02,7.180124521e-03
4.616159973e+02,1.895618252e-02
4.618366394e+02,-1.784400083e-02
4.620572510e+02,1.431118231e-02
4.622778931e+02,2.314322628e-02
4.624985352e+02,2.772280388e-02
4.627192078e+02,1.324806595e-03
4.629398499e+02,1.395135839e-02
4.631605530e+02,4.530511331e-03
4.633812256e+02,1.790942252e-02
4.636019287e+02,-2.464794554e-02
4.638226624e+02,-8.815688081e-03
4.640433655e+02,-5.838962272e-03
4.642641296e+02,3.629316017e-02
4.644848633e+02,-1.270832960e-02
4.647056274e+02,-3.033970669e-02
4.649263916e+02,-1.144894559e-04
4.651471863e+02,-2.011743374e-03
4.653679504e+02,-2.098428272e-02
4.655887756e+02,-1.977396570e-02
4.658095703e+02,4.857623950e-03
4.660303955e+02,7.670793682e-03
4.662512512e+02,-3.516461933e-03
4.664720764e+02,1.954498701e-02
4.666929626e+02,-6.035230123e-03
4.669138184e+02,3.976055235e-02
4.671347046e+02,-1.306815352e-02
4.673555908e+02,-1.718977466e-02
4.675765076e+02,4.505978152e-02
4.677973938e+02,9.011955932e-03
4.680183411e+02,1.553785522e-03
4.682392578e+02,-1.460558362e-02
4.684602051e+02,-5.838962272e-03
4.686811829e+02,4.432377405e-03
4.689021301e+02,-2.559657209e-02
4.691231384e+02,1.450745016e-02
4.693441162e+02,-1.473642886e-02
4.695651245e+02,1.064751949e-02
4.697861328e+02,6.427765358e-03
4.700071411e+02,-2.507319115e-02
4.702281799e+02,2.350305021e-02
4.704492493e+02,1.032040734e-02
4.706702881e+02,-4.088909191e-04
4.708913574e+02,-9.371779859e-03
4.711124573e+02,-6.820300594e-03
4.713335266e+02,2.154037356e-02
4.715546265e+02,-4.236110020e-03
4.717757568e+02,3.433048353e-02
4.719968872e+02,9.306357242e-03
4.722180176e+02,3.272762895e-02
4.724391479e+02,2.700315602e-02
4.726603088e+02,-6.378698163e-04
4.728814697e+02,5.904384889e-03
4.731026611e+02,-6.166075356e-03
4.733238525e+02,-2.942379005e-02
4.735450439e+02,-1.261019614e-02
4.737662659e+02,-7.768927608e-03
4.739874878e+02,-8.815688081e-03
4.742087097e+02,-1.012413949e-02
4.744299622e+02,-3.295660764e-02
4.746512146e+02,-7.310969755e-03
4.748724976e+02,1.647012681e-02
4.750937805e+02,-2.517132461e-02
4.753150635e+02,-9.927871637e-03
4.755363464e+02,5.021180492e-03
4.757576599e+02,1.332984399e-02
4.759790039e+02,-5.937096197e-03
4.762003174e+02,-1.591403410e-02
4.764216614e+02,-7.016568445e-03
4.766430359e+02,-9.600758553e-03
4.768643799e+02,8.096040227e-03
4.770857544e+02,-2.273433609e-03
4.773071594e+02,2.942379005e-02
4.775285645e+02,5.315581802e-03
4.777499695e+02,-3.680018242e-03
4.779714050e+02,2.435354330e-02
4.781928101e+02,-7.376392372e-03
4.784142761e+02,-3.778152168e-03
4.786357117e+02,3.549173241e-03
4.788571777e+02,-1.159614697e-02
4.790786743e+02,1.300436705e-01
4.793001404e+02,1.696079597e-02
4.795216370e+02,-1.509625278e-02
4.797431641e+02,4.007130861e-03
4.799646912e+02,-4.923046567e-03
4.801862183e+02,-1.516167540e-02
4.804077454e+02,-1.548878849e-02
4.806293030e+02,-1.669910550e-02
4.808508606e+02,-4.170687404e-03
4.810724487e+02,5.724473158e-04
4.812940369e+02,-1.656826027e-02
4.815156250e+02,4.694067873e-03
4.817372437e+02,6.051585660e-04
4.819588623e+02,-1.126903389e-02
4.821804810e+02,-1.750053139e-03
4.824021301e+02,-2.598910779e-02
4.826237793e+02,1.447473839e-02
4.828454590e+02,1.751688682e-02
4.830671082e+02,8.979245089e-03
4.832888184e+02,-2.137681842e-02
4.835104980e+02,7.687149337e-04
4.837322083e+02,4.937766865e-02
4.839539185e+02,-1.679723896e-02
4.841756592e+02,2.333949320e-02
4.843973999e+02,6.133364048e-03
4.846191406e+02,2.628350817e-02
4.848409119e+02,-1.146530174e-02
4.850626831e+02,-1.172699127e-02
4.852844543e+02,-2.338855993e-03
4.855062561e+02,3.158273548e-02
4.857280579e+02,-1.980667561e-02
4.859498901e+02,7.703504991e-03
4.861717224e+02,7.932484150e-03
4.863935547e+02,-5.184737034e-03
4.866154175e+02,-7.899772376e-03
4.868372498e+02,-2.055903524e-02
4.870591431e+02,-1.750053139e-03
4.872810059e+02,-2.993081464e-03
4.875028992e+02,1.957769692e-02
4.877248230e+02,-1.790942252e-02
4.879467163e+02,3.400336951e-02
4.881686707e+02,3.570435569e-02
4.883905945e+02,-2.700315602e-02
4.886125488e+02,-2.814805135e-02
4.888345032e+02,1.653554849e-02
4.890564575e+02,4.267185554e-02
4.892784424e+02,5.315581802e-03
4.895004578e+02,-7.441814989e-03
4.897224426e+02,-8.226885460e-03
4.899444580e+02,-5.904384889e-03
4.901664734e+02,2.693773434e-02
4.903885193e+02,-9.895160794e-03
4.906105652e+02,-7.899772376e-03
4.908326111e+02,2.687231079e-02
4.910546875e+02,2.520403638e-02
4.912767639e+02,-2.036276832e-02
4.914988708e+02,1.925058477e-02
4.917209778e+02,4.038206860e-02
4.919430847e+02,-1.349340007e-02
4.921651917e+02,-1.957769692e-02
4.923873291e+02,-2.142588375e-03
4.926094666e+02,1.342797838e-02
4.928316345e+02,-9.600758553e-03
4.930538025e+02,-2.088614926e-02
4.932759705e+02,-1.097463258e-02
4.934981689e+02,-2.208010992e-03
4.937203674e+02,-2.343762852e-02
4.939425659e+02,1.195597090e-02
4.941647949e+02,-1.208681613e-02
4.943870239e+02,-3.058504080e-03
4.946092834e+02,-1.804026775e-02
4.948315125e+02,-1.189054828e-02
4.950538025e+02,2.535123844e-03
4.952760620e+02,1.063116360e-03
4.954983521e+02,-2.834431827e-02
4.957206421e+02,5.642694887e-03
4.959429626e+02,-5.904384889e-03
4.961652832e+02,3.681653738e-02
4.963876038e+02,-1.054938603e-02
4.966099548e+02,4.857623950e-03
4.968323059e+02,-1.480185147e-02
4.970546570e+02,5.708117504e-03
4.972770386e+02,-6.885723211e-03
4.974994202e+02,4.170687404e-03
4.977218018e+02,1.519438718e-02
4.979442139e+02,-5.511849653e-03
4.981666260e+02,-1.342797838e-02
4.983890686e+02,-3.025792772e-03
4.986115112e+02,2.288153581e-02
4.988339539e+02,-5.544560961e-03
4.990564270e+02,-1.259384095e-03
4.992788696e+02,-3.434683895e-04
4.995013733e+02,2.409185283e-02
4.997238464e+02,1.259384095e-03
4.999463501e+02,-2.347033843e-02
5.001688843e+02,-8.913822472e-03
5.003914185e+02,4.339150339e-02
5.006139526e+02,-5.904384889e-03
5.008364868e+02,2.713400126e-02
5.010590515e+02,-5.348293111e-03
5.012816162e+02,-7.016568445e-03
5.015041809e+02,-1.261019614e-02
5.017267761e+02,-1.640470326e-02
5.019493713e+02,1.290459745e-02
5.021719971e+02,2.075530402e-02
5.023946228e+02,-2.240722300e-03
5.026172485e+02,-1.617572457e-02
5.028399048e+02,-1.957769692e-02
5.030625610e+02,4.203398712e-03
5.032852173e+02,1.136716735e-02
5.035079041e+02,2.502412535e-03
5.037305908e+02,-1.624114811e-02
5.039532776e+02,3.616231307e-02
5.041759949e+02,3.805956617e-02
5.043987122e+02,1.483456232e-02
5.046214600e+02,-2.960370388e-03
5.048441772e+02,1.840009168e-02
5.050669556e+02,1.422940404e-03
5.052897034e+02,-3.091215389e-03
5.055124817e+02,2.438625507e-02
5.057352600e+02,5.381004419e-03
5.059580688e+02,-9.142801166e-03
5.061808777e+02,-2.127868310e-02
5.064036865e+02,-1.427847147e-02
5.066265259e+02,3.809227794e-02
5.068493652e+02,2.665968845e-03
5.070722046e+02,-2.307780460e-02
5.072950745e+02,-2.464794554e-02
5.075179443e+02,3.073224239e-02
5.077408142e+02,3.779787570e-02
5.079637146e+02,1.287188660e-02
5.081866150e+02,-9.339069016e-03
5.084095459e+02,-7.687149337e-04
5.086324768e+02,-4.595933948e-03
5.088554077e+02,1.128538977e-03
5.090783386e+02,-6.002518814e-03
5.093013000e+02,-2.927659079e-03
5.095242920e+02,-6.166075356e-03
5.097472534e+02,-1.679723896e-02
5.099702454e+02,-1.226672786e-03
5.101932373e+02,1.496540755e-02
5.104162598e+02,-1.277375221e-02
5.106392822e+02,-2.965277061e-02
5.108623352e+02,-2.780458308e-04
5.110853577e+02,-5.806250963e-03
5.113084106e+02,-1.525980886e-02
5.115314941e+02,3.194255754e-02
5.117545776e+02,-2.585826255e-02
5.119776611e+02,-4.236110020e-03
5.122007446e+02,-2.960370388e-03
5.124238892e+02,-3.047055192e-02
5.126469727e+02,-8.161462843e-03
5.128701172e+02,3.549173241e-03
5.130932617e+02,-3.908997402e-03
5.133164062e+02,-1.251206268e-02
5.135395508e+02,-1.247935090e-02
5.137627563e+02,-1.488363021e-03
5.139859619e+02,2.330678329e-02
5.142091064e+02,-1.476914063e-02
5.144323120e+02,4.923046567e-03
5.146555786e+02,-1.346068922e-02
5.148787842e+02,5.448062718e-02
5.151019897e+02,1.584861241e-02
5.153252563e+02,-8.586709388e-03
5.155485229e+02,1.175970305e-02
5.157717896e+02,2.010107785e-02
5.159950562e+02,-9.011955932e-03
5.162183838e+02,-3.320194315e-03
5.164416504e+02,-1.472007280e-04
5.166649780e+02,-2.111512795e-02
5.168883057e+02,-2.533488162e-02
5.171116333e+02,1.934871823e-02
5.173350220e+02,5.053891800e-03
5.175583496e+02,6.591321900e-03
5.177817383e+02,5.675406195e-03
5.180051270e+02,-5.904384889e-03
5.182285156e+02,1.696079597e-02
5.184519043e+02,-2.438625507e-02
5.186752930e+02,-2.829525154e-03
5.188987427e+02,-1.051667426e-02
5.191221313e+02,5.642694887e-03
5.193455811e+02,-2.154037356e-02
5.195690308e+02,-3.060139716e-02
5.197925415e+02,1.519438718e-02
5.200159912e+02,-8.913822472e-03
5.202395020e+02,-2.909667790e-02
5.204629517e+02,-2.500776947e-02
5.206864624e+02,2.121326141e-02
5.209099731e+02,3.451039316e-03
5.211335449e+02,-1.682995073e-02
5.213570557e+02,5.609983578e-03
5.215806274e+02,-8.946533315e-03
5.218041992e+02,2.927659079e-03
5.220277710e+02,-2.111512795e-02
5.222513428e+02,-6.067941431e-03
5.224749146e+02,-5.479138345e-03
5.226985474e+02,-1.455651713e-03
5.229221191e+02,-2.196562104e-02
5.231457520e+02,-1.617572457e-02
5.233693848e+02,1.565234549e-02
5.235930176e+02,-1.359153446e-02
5.238167114e+02,-9.698892944e-03
5.240403442e+02,2.698680153e-03
5.242640381e+02,2.469701227e-03
5.244877319e+02,3.105935454e-02
5.247114258e+02,-1.516167540e-02
5.249351196e+02,2.625079826e-02
5.251588745e+02,-1.470371801e-02
5.253826294e+02,4.399666563e-03
5.256063232e+02,-1.799120073e-04
5.258300781e+02,-9.240934625e-03
5.260538330e+02,2.510590293e-02
5.262776489e+02,2.072259225e-02
5.265014038e+02,-4.137976095e-03
5.267252197e+02,-1.422940404e-03
5.269490356e+02,2.690502256e-02
5.271728516e+02,-1.525980886e-02
5.273966675e+02,-2.824618481e-02
5.276204834e+02,6.239675358e-02
5.278443604e+02,-3.614595858e-03
5.280682373e+02,6.624032743e-03
5.282921143e+02,3.783058748e-02
5.285159912e+02,-1.777857728e-02
5.287398682e+02,2.778822742e-02
5.289637451e+02,-7.899772376e-03
5.291876831e+02,-3.190984949e-02
5.294116211e+02,-5.070247571e-04
5.296355591e+02,7.343681064e-03
5.298594971e+02,-1.316628791e-02
5.300834351e+02,-7.474526297e-03
5.303074341e+02,-3.573706746e-02
5.305313721e+02,-9.404491633e-03
5.307553711e+02,-2.404278610e-03
5.309793701e+02,5.446427036e-03
5.312033691e+02,-2.733027004e-02
5.314274292e+02,7.067270577e-02
5.316514282e+02,1.063116360e-03
5.318754883e+02,1.361606717e-01
5.320995483e+02,3.698500097e-01
5.323236084e+02,5.133870840e-01
5.325476685e+02,3.949395716e-01
5.327717285e+02,1.852275878e-01
5.329958496e+02,9.697256982e-02
5.332199707e+02,6.929883361e-02
5.334440308e+02,6.812122464e-02
5.336682129e+02,-9.240934625e-03
5.338923340e+02,-1.640470326e-02
5.341164551e+02,4.453640059e-02
5.343406372e+02,9.862449020e-03
5.345648193e+02,-1.009142771e-02
5.347890015e+02,1.054938603e-02
5.350131836e+02,1.090920996e-02
5.352373657e+02,5.724473158e-04
5.354616089e+02,-1.450745016e-02
5.356857910e+02,2.350305021e-02
5.359100342e+02,-1.035311818e-02
5.361342773e+02,-1.144894559e-04
5.363585205e+02,3.315287456e-02
5.365828247e+02,4.170687404e-03
5.368070679e+02,-3.189349314e-03
5.370313721e+02,-1.455651713e-03
5.372556763e+02,-1.614301279e-02
5.374799805e+02,-3.158273548e-02
5.377042847e+02,-4.906691174e-05
5.379285889e+02,1.843280345e-02
5.381529541e+02,-5.577272270e-03
5.383773193e+02,-2.834431827e-02
5.386016846e+02,1.735333167e-02
5.388260498e+02,1.292095287e-03
5.390504150e+02,4.137976095e-03
5.392747803e+02,1.058209687e-02
5.394992065e+02,-6.705811247e-04
5.397236328e+02,-3.156638006e-03
5.399480591e+02,6.198786199e-03
5.401724854e+02,-2.307780460e-02
5.403969116e+02,-4.497800022e-03
5.406213989e+02,2.566199377e-02
5.408458252e+02,-1.964312047e-02
5.410703125e+02,-2.055903524e-02
5.412947998e+02,2.409185283e-02
5.415192871e+02,4.923046567e-03
5.417438354e+02,-1.332984399e-02
5.419683228e+02,-1.588132419e-02
5.421928711e+02,8.750265464e-03
5.424174194e+02,1.382051315e-02
5.426419678e+02,-3.908997402e-03
5.428665161e+02,-6.100652739e-03
5.430910645e+02,6.395054050e-03
5.433156738e+02,1.833466813e-02
5.435402832e+02,-2.425540984e-02
5.437648315e+02,-3.614595858e-03
5.439895020e+02,-3.107571101e-04
5.442141113e+02,6.493187975e-03
5.444387207e+02,-1.431118231e-02
5.446633911e+02,8.325018920e-03
5.448880615e+02,1.205410436e-02
5.451127319e+02,-8.423153311e-03
5.453374023e+02,-1.908702776e-02
5.455620728e+02,-7.768927608e-03
5.457867432e+02,4.434013367e-02
5.460114746e+02,-1.848186948e-03
5.462362061e+02,-2.127868310e-02
5.464609375e+02,-4.236110020e-03
5.466856689e+02,-4.334243946e-03
5.469104004e+02,-2.065716870e-02
5.471351929e+02,-1.028769556e-02
5.473599243e+02,-1.378780231e-02
5.475847168e+02,6.166075356e-03
5.478095093e+02,-2.284882404e-02
5.480343018e+02,-2.759195864e-02
5.482591553e+02,2.333949320e-02
5.484839478e+02,-9.502625093e-03
5.487088013e+02,-9.633470327e-03
5.489336548e+02,-1.512896456e-02
5.491585083e+02,-3.187713772e-02
5.493833618e+02,2.175299684e-03
5.496082764e+02,5.251795053e-02
5.498331299e+02,2.222731151e-02
5.500580444e+02,-2.670875564e-02
5.502829590e+02,2.052632347e-02
5.505078735e+02,1.522709802e-02
5.507327881e+02,4.268821329e-03
5.509577637e+02,-1.375509053e-02
5.511826782e+02,-3.581884550e-03
5.514076538e+02,1.156343520e-02
5.516326294e+02,-6.525899284e-03
5.518576050e+02,-2.962005883e-02
5.520825806e+02,-7.180124521e-03
5.523076172e+02,-8.128752001e-03
5.525325928e+02,-2.163850702e-02
5.527576294e+02,2.404278610e-03
5.529826660e+02,2.109877067e-03
5.532077026e+02,-9.731603786e-03
5.534328003e+02,-1.651919330e-03
5.536578369e+02,8.128752001e-03
5.538829346e+02,1.656826027e-02
5.541080322e+02,6.296920124e-03
5.543331299e+02,-2.281611413e-02
5.545582275e+02,-1.074565388e-02
5.547833252e+02,1.346068922e-02
5.550084839e+02,2.504047938e-02
5.552335815e+02,-1.840009168e-02
5.554587402e+02,-2.595639601e-02
5.556838989e+02,3.436319157e-02
5.559091187e+02,3.549173241e-03
5.561342773e+02,3.488657251e-02
5.563594971e+02,-2.733027004e-02
5.565846558e+02,3.222060390e-03
5.568098755e+02,1.983938739e-02
5.570350952e+02,8.161462843e-03
5.572603760e+02,-1.853093691e-02
5.574855957e+02,1.287188660e-02
5.577108765e+02,-8.881110698e-03
5.579360962e+02,-2.487692423e-02
5.581613770e+02,-3.511555120e-02
5.583866577e+02,-1.292095287e-03
5.586119995e+02,4.906691174e-05
5.588372803e+02,-1.316628791e-02
5.590626221e+02,-3.370896727e-02
5.592879028e+02,-3.025792772e-03
5.595132446e+02,-2.023192309e-02
5.597386475e+02,-9.862449020e-03
5.599639893e+02,-3.745440859e-03
5.601893311e+02,6.100652739e-03
5.604147339e+02,4.908326641e-02
5.606401367e+02,4.901784286e-02
5.608655396e+02,1.849822514e-02
5.610909424e+02,-2.453345514e-04
5.613163452e+02,9.502625093e-03
5.615418091e+02,-1.651919330e-03
5.617672119e+02,2.392829768e-02
5.619926758e+02,1.640470326e-02
5.622181396e+02,-1.575047895e-02
5.624436646e+02,-1.758231036e-02
5.626691284e+02,-6.035230123e-03
5.628945923e+02,6.166075356e-03
5.631201172e+02,1.261019614e-02
5.633456421e+02,-3.581884550e-03
5.635711670e+02,1.522709802e-02
5.637966919e+02,2.150766179e-02
5.640222778e+02,1.120361127e-02
5.642478027e+02,-8.946533315e-03
5.644733887e+02,1.552149933e-02
5.646989746e+02,1.635563785e-05
5.649245605e+02,9.208223782e-03
5.651501465e+02,-1.817111298e-02
5.653757935e+02,4.726779182e-03
5.656013794e+02,-4.088909191e-04
5.658270264e+02,3.688196093e-02
5.660526733e+02,-2.376474068e-02
5.662783203e+02,-3.974419553e-03
5.665039673e+02,2.502412535e-03
5.667296753e+02,2.886769921e-02
5.669553223e+02,1.195597090e-02
5.671810303e+02,-1.218494959e-02
5.674067383e+02,2.235815488e-02
5.676324463e+02,-5.511849653e-03
5.678581543e+02,-1.542336587e-02
5.680839233e+02,4.365319386e-02
5.683096313e+02,-7.212835830e-03
5.685354004e+02,-1.283917483e-02
5.687611694e+02,-1.879262738e-02
5.689869385e+02,2.222731151e-02
5.692127686e+02,2.258713543e-02
5.694385376e+02,1.764773205e-02
5.696643677e+02,3.287483007e-03
5.698901978e+02,-1.120361127e-02
5.701160278e+02,-1.512896456e-02
5.703418579e+02,6.445756555e-02
5.705676880e+02,-2.235815488e-02
5.707935791e+02,5.775175244e-02
5.710194092e+02,-6.035230123e-03
5.712453003e+02,-1.390229096e-03
5.714711914e+02,-1.195597090e-02
5.716970825e+02,-1.666639373e-02
5.719230347e+02,2.101699263e-02
5.721489258e+02,4.195220768e-02
5.723748779e+02,-2.579283901e-02
5.726008301e+02,-8.063329384e-03
5.728267822e+02,-3.843574785e-03
5.730527344e+02,4.064375907e-02
5.732786865e+02,4.399666563e-03
5.735046997e+02,-4.334243946e-03
5.737307129e+02,1.782764448e-03
5.739566650e+02,-1.193961478e-03
5.741826782e+02,-5.773539655e-03
5.744087524e+02,-3.516461933e-03
5.746347656e+02,1.261019614e-02
5.748608398e+02,-2.909667790e-02
5.750868530e+02,-9.011955932e-03
5.753129272e+02,-4.399666563e-03
5.755390015e+02,-1.455651713e-03
5.757651367e+02,-4.072553478e-03
5.759912109e+02,-2.019921131e-02
5.762173462e+02,2.306144917e-03
5.764434204e+02,3.352905624e-03
5.766695557e+02,-1.104005519e-02
5.768956909e+02,-1.738604158e-02
5.771218872e+02,3.025792772e-03
5.773480225e+02,-5.021180492e-03
5.775742188e+02,-1.663368195e-02
5.778003540e+02,-1.539065409e-02
5.780265503e+02,-7.638082374e-03
5.782527466e+02,2.988174930e-02
5.784790039e+02,7.572659757e-03
5.787052002e+02,-2.000294439e-02
5.789314575e+02,-7.801638916e-03
5.791577148e+02,-5.053891800e-03
5.793839111e+02,7.360036834e-04
5.796102295e+02,-2.016649954e-02
5.798364868e+02,8.663580567e-02
5.800627441e+02,-4.301532637e-03
5.802890625e+02,-1.624114811e-02
5.805153809e+02,-3.189349314e-03
5.807416992e+02,1.488363021e-03
5.809680176e+02,-7.638082374e-03
5.811943359e+02,-1.437660493e-02
5.814207153e+02,6.853011902e-03
5.816470337e+02,5.477502942e-02
5.818734131e+02,2.114783786e-02
5.820997925e+02,-6.460476667e-03
5.823261719e+02,-1.568505540e-02
5.825526123e+02,9.240934625e-03
5.827789917e+02,-1.588132419e-02
5.830054321e+02,1.617572457e-02
5.832318726e+02,-2.044454683e-03
5.834583130e+02,-7.245547138e-03
5.836847534e+02,-1.028769556e-02
5.839111938e+02,1.653554849e-02
5.841376953e+02,-1.696079597e-02
5.843641357e+02,1.880898257e-03
5.845906372e+02,1.689537242e-02
5.848171387e+02,-2.144224010e-02
5.850436401e+02,-2.585826255e-02
5.852702026e+02,1.422940404e-03
5.854967041e+02,2.752653696e-02
5.857232666e+02,-2.085343748e-02
5.859498291e+02,-5.969807506e-03
5.861763916e+02,-5.642694887e-03
5.864029541e+02,9.322713013e-04
5.866295166e+02,-3.680018242e-03
5.868561401e+02,-2.778822742e-02
5.870827026e+02,5.053891800e-03
5.873093262e+02,2.502412535e-03
5.875359497e+02,-2.831160836e-02
5.877625732e+02,-3.390523419e-02
5.879892578e+02,3.745440859e-03
5.882158813e+02,-9.240934625e-03
5.884425659e+02,-1.264290698e-02
5.886692505e+02,6.918434519e-03
5.888959351e+02,2.559657209e-02
5.891226196e+02,-3.908997402e-03
5.893493652e+02,4.329337180e-02
5.895760498e+02,-7.114701904e-03
5.898027954e+02,4.126527160e-02
5.900295410e+02,-2.078801394e-02
5.902562866e+02,3.619502485e-02
5.904830322e+02,-7.539948449e-03
5.907097778e+02,2.175299684e-03
5.909365845e+02,-1.226672786e-03
5.911633911e+02,-2.376474068e-02
5.913901978e+02,-1.159614697e-02
5.916170044e+02,-2.453345514e-04
5.918438110e+02,-1.035311818e-02
5.920706177e+02,-2.183477581e-02
5.922974854e+02,-2.540030330e-02
5.925242920e+02,4.872344434e-02
5.927511597e+02,-4.726779182e-03
5.929780273e+02,9.535335936e-03
5.932049561e+02,8.668487426e-04
5.934318237e+02,2.602181770e-02
5.936587524e+02,1.355882268e-02
5.938856201e+02,7.409103680e-03
5.941125488e+02,-4.170687404e-03
5.943394775e+02,1.100734342e-02
5.945664673e+02,3.680018242e-03
5.947933960e+02,-2.011743374e-03
5.950203857e+02,-4.432377405e-03
5.952473145e+02,2.863872051e-02
5.954743042e+02,4.636823013e-02
5.957012939e+02,-1.401678100e-02
5.959283447e+02,-7.539948449e-03
5.961553345e+02,7.736216299e-03
5.963823853e+02,-6.754877977e-03
5.966093750e+02,-1.722248644e-02
5.968364258e+02,9.895160794e-03
5.970634766e+02,4.268821329e-03
5.972905884e+02,2.065716870e-02
5.975176392e+02,7.114701904e-03
5.977447510e+02,-2.769009396e-02
5.979718018e+02,2.536759339e-02
5.981989136e+02,-1.100734342e-02
5.984260254e+02,-1.460558362e-02
5.986531982e+02,-2.212917618e-02
5.988803101e+02,-1.382051315e-02
5.991074829e+02,-7.670793682e-03
5.993345947e+02,3.109206632e-02
5.995617676e+02,-2.664333209e-02
5.997889404e+02,1.231579483e-02
6.000161743e+02,3.518097475e-02
6.002433472e+02,-8.030617610e-03
6.004705811e+02,1.342797838e-02
6.006977539e+02,-1.061480865e-02
6.009249878e+02,2.085343748e-02
6.011522217e+02,-5.119314417e-03
6.013795166e+02,-1.159614697e-02
6.016067505e+02,1.133445650e-02
6.018340454e+02,-7.360036834e-04
6.020612793e+02,-1.226672786e-03
6.022885742e+02,-1.192325912e-02
6.025158691e+02,8.259596303e-03
6.027432251e+02,7.310969755e-03
6.029705200e+02,2.559657209e-02
6.031978760e+02,1.012413949e-02
6.034251709e+02,3.292389587e-02
6.036525269e+02,-2.126232866e-04
6.038798828e+02,-2.829525154e-03
6.041072998e+02,-1.395135839e-02
6.043346558e+02,1.431118231e-02
6.045620728e+02,6.853011902e-03
6.047894287e+02,-9.600758553e-03
6.050168457e+02,-1.068023127e-02
6.052442627e+02,2.036276832e-02
6.054717407e+02,-1.799120073e-04
6.056991577e+02,2.441896684e-02
6.059266357e+02,1.169428043e-02
6.061540527e+02,8.652132004e-03
6.063815308e+02,6.722166669e-03
6.066090698e+02,2.487692423e-02
6.068365479e+02,-1.346068922e-02
6.070640259e+02,3.629316017e-02
6.072915649e+02,5.446427036e-03
6.075191040e+02,7.021474838e-02
6.077465820e+02,-3.614595858e-03
6.079741821e+02,8.418246359e-02
6.082017212e+02,2.829525154e-03
6.084292603e+02,1.748417504e-02
6.086568604e+02,2.863872051e-02
6.088844604e+02,4.137976095e-03
6.091119995e+02,7.278258447e-03
6.093396606e+02,1.768044382e-02
6.095672607e+02,2.010107785e-02
6.097948608e+02,5.381004419e-03
6.100225220e+02,2.301238105e-02
6.102501831e+02,7.361672074e-02
6.104777832e+02,4.862530902e-02
6.107055054e+02,5.413715728e-03
6.109331665e+02,3.779787570e-02
6.111608276e+02,7.531771064e-02
6.113885498e+02,1.849822514e-02
6.116162720e+02,2.948921360e-02
6.118439331e+02,2.585826255e-02
6.120716553e+02,3.318558633e-02
6.122994385e+02,1.732061990e-02
6.125271606e+02,1.794213429e-02
6.127549438e+02,1.633928157e-02
6.129826660e+02,4.862530902e-02
6.132104492e+02,6.157897413e-02
6.134382324e+02,6.197150797e-02
6.136660767e+02,3.799414635e-02
6.138938599e+02,6.972408295e-02
6.141217041e+02,3.475572914e-02
6.143494873e+02,9.036489576e-02
6.145773315e+02,4.911597818e-02
6.148051758e+02,3.485386074e-02
6.150330811e+02,8.084591478e-02
6.152609253e+02,8.035524189e-02
6.154887695e+02,6.671464443e-02
6.157166748e+02,4.842904210e-02
6.159445801e+02,1.006035209e-01
6.161724854e+02,1.039727852e-01
6.164003906e+02,6.013967842e-02
6.166283569e+02,5.863495916e-02
6.168562622e+02,5.856953561e-02
6.170842285e+02,8.274316788e-02
6.173121948e+02,8.146742731e-02
6.175401611e+02,1.007016599e-01
6.177681274e+02,8.460771292e-02
6.179961548e+02,1.343615651e-01
6.182241211e+02,9.687443823e-02
6.184521484e+02,1.127394065e-01
6.186801758e+02,8.375721425e-02
6.189082031e+02,1.423758268e-01
6.191362305e+02,1.109402850e-01
6.193642578e+02,1.085523590e-01
6.195923462e+02,1.357354373e-01
6.198203735e+02,1.188236997e-01
6.200484619e+02,1.346232444e-01
6.202765503e+02,1.503573656e-01
6.205046997e+02,1.502592415e-01
6.207327881e+02,1.899053007e-01
6.209608765e+02,1.573248655e-01
6.211890259e+02,1.630166322e-01
6.214171753e+02,1.428992003e-01
6.216453247e+02,1.847042143e-01
6.218734741e+02,1.747272760e-01
6.221016846e+02,1.641288102e-01
6.223298340e+02,1.751198024e-01
6.225580444e+02,1.755450517e-01
6.227862549e+02,1.851294488e-01
6.230144653e+02,1.942231953e-01
6.232426758e+02,1.858163923e-01
6.234708862e+02,1.841808259e-01
6.236991577e+02,2.235652059e-01
6.239273682e+02,1.911156178e-01
6.241556396e+02,2.153873891e-01
6.243839111e+02,2.701133490e-01
6.246121826e+02,2.387105227e-01
6.248404541e+02,2.185930908e-01
6.250687866e+02,2.707675695e-01
6.252971191e+02,2.235652059e-01
6.255253906e+02,2.710292637e-01
6.257537231e+02,2.613140047e-01
6.259821167e+02,2.559820712e-01
6.262104492e+02,2.810716331e-01
6.264387817e+02,2.654683292e-01
6.266671753e+02,3.511391580e-01
6.268955688e+02,3.058994710e-01
6.271239624e+02,2.826090455e-01
6.273523560e+02,2.834268212e-01
6.275807495e+02,2.980487645e-01
6.278092041e+02,3.084364831e-01
6.280375977e+02,2.957463562e-01
6.282660522e+02,3.030575812e-01
6.284945068e+02,3.270153701e-01
6.287229614e+02,3.197930455e-01
6.289514160e+02,3.496055901e-01
6.291799316e+02,3.377344906e-01
6.294083862e+02,3.490221202e-01
6.296369019e+02,3.631572723e-01
6.298654175e+02,3.436877131e-01
6.300939331e+02,3.564496040e-01
6.303224487e+02,3.508588672e-01
6.305510254e+02,4.087485969e-01
6.307795410e+02,3.678155243e-01
6.310081177e+02,4.038395584e-01
6.312366943e+02,4.411023855e-01
6.314652710e+02,4.157057703e-01
6.316938477e+02,3.983510435e-01
6.319224854e+02,3.923736513e-01
6.321510620e+02,4.059989154e-01
6.323796997e+02,4.206482768e-01
6.326083374e+02,4.318015277e-01
6.328369751e+02,4.658912420e-01
6.330656128e+02,4.073012471e-01
6.332943115e+02,4.925686121e-01
6.335229492e+02,4.864445031e-01
6.337516479e+02,4.601443112e-01
6.339803467e+02,4.834069908e-01
6.342090454e+02,4.568130374e-01
6.344377441e+02,4.644342959e-01
6.346664429e+02,4.598303437e-01
6.348952026e+02,5.248490572e-01
6.351239624e+02,5.264472961e-01
6.353526611e+02,4.799910188e-01
6.355814819e+02,5.251027942e-01
6.358102417e+02,5.366335511e-01
6.360390015e+02,5.453004241e-01
6.362678223e+02,5.594348311e-01
6.364965820e+02,5.582569242e-01
6.367254028e+02,5.687508583e-01
6.369542236e+02,5.774894953e-01
6.371830444e+02,5.745519996e-01
6.374119263e+02,5.980727077e-01
6.376407471e+02,5.781099796e-01
6.378696289e+02,5.904176235e-01
6.380984497e+02,6.099469662e-01
6.383273315e+02,5.951992273e-01
6.385562744e+02,6.105163693e-01
6.387851562e+02,6.301270723e-01
6.390140381e+02,6.332410574e-01
6.392429810e+02,6.021192670e-01
6.394719238e+02,5.845978856e-01
6.397008667e+02,5.985499620e-01
6.399298096e+02,6.089878082e-01
6.401587524e+02,6.067225337e-01
6.403877563e+02,6.419749260e-01
6.406166992e+02,5.928981900e-01
6.408457031e+02,6.047364473e-01
6.410747070e+02,5.943285823e-01
6.413037109e+02,5.906363726e-01
6.415327148e+02,6.197165251e-01
6.417617798e+02,6.274620295e-01
6.419907837e+02,5.737380385e-01
6.422198486e+02,5.834151506e-01
6.424489136e+02,6.097649932e-01
6.426779785e+02,6.135454178e-01
6.429070435e+02,5.976069570e-01
6.431361694e+02,6.335988641e-01
6.433652344e+02,6.147611141e-01
6.435943604e+02,6.332793832e-01
6.438234863e+02,5.856916308e-01
6.440526123e+02,6.004419327e-01
6.442817383e+02,5.887119770e-01
6.445108643e+02,5.812972188e-01
6.447400513e+02,5.678321719e-01
6.449692383e+02,5.689280033e-01
6.451983643e+02,5.952759981e-01
6.454275513e+02,6.038770676e-01
6.456567993e+02,6.021530032e-01
6.458859863e+02,6.004928946e-01
6.461151733e+02,6.041178107e-01
6.463444214e+02,5.929551721e-01
6.465736694e+02,5.819733739e-01
6.468029175e+02,5.654078126e-01
6.470321655e+02,6.136814356e-01
6.472614136e+02,6.238721013e-01
6.474907227e+02,5.844905972e-01
6.477200317e+02,6.239790916e-01
6.479492798e+02,6.333699226e-01
6.481785889e+02,6.155586839e-01
6.484078979e+02,6.274198890e-01
6.486372681e+02,6.339553595e-01
6.488665771e+02,6.178001165e-01
6.490959473e+02,6.059790850e-01
6.493253174e+02,6.324266791e-01
6.495546265e+02,6.054829359e-01
6.497840576e+02,6.269008517e-01
6.500134277e+02,6.279380322e-01
6.502427979e+02,6.515780091e-01
6.504722290e+02,6.022663713e-01
6.507016602e+02,6.275242567e-01
6.509310303e+02,6.270026565e-01
6.511605225e+02,6.073589325e-01
6.513899536e+02,6.602078080e-01
6.516193848e+02,6.650238037e-01
6.518488770e+02,6.488116384e-01
6.520783081e+02,6.236244440e-01
6.523078003e+02,6.609210968e-01
6.525372925e+02,6.398409605e-01
6.527667847e+02,6.428545713e-01
6.529963379e+02,6.166739464e-01
6.532258301e+02,6.450244188e-01
6.534553833e+02,6.496291757e-01
6.536849365e+02,6.585292816e-01
6.539144897e+02,6.553590298e-01
6.541440430e+02,6.778861880e-01
6.543735962e+02,6.700605154e-01
6.546032104e+02,6.923513412e-01
6.548327637e+02,6.977156997e-01
6.550623779e+02,6.746653914e-01
6.552919922e+02,6.968261003e-01
6.555216064e+02,6.932688355e-01
6.557512817e+02,6.853711605e-01
6.559808960e+02,6.772606969e-01
6.562105713e+02,6.905462742e-01
6.564402466e+02,7.134719491e-01
6.566698608e+02,7.111699581e-01
6.568995972e+02,7.139584422e-01
6.571292725e+02,7.052794695e-01
6.573589478e+02,7.667458653e-01
6.575886841e+02,7.099651694e-01
6.578184204e+02,7.505277991e-01
6.580480957e+02,7.312924862e-01
6.582778931e+02,7.763412595e-01
6.585076294e+02,7.443143725e-01
6.587373657e+02,7.232523561e-01
6.589671631e+02,7.503861189e-01
6.591968994e+02,7.536712885e-01
6.594266968e+02,7.477359176e-01
6.596564941e+02,7.753344774e-01
6.598862915e+02,7.467018962e-01
6.601161499e+02,7.516654134e-01
6.603459473e+02,7.832060456e-01
6.605758057e+02,7.595394254e-01
6.608056641e+02,7.837784886e-01
6.610355225e+02,7.949330211e-01
6.612653809e+02,7.442305684e-01
6.614952393e+02,7.812269926e-01
6.617251587e+02,7.898300886e-01
6.619550171e+02,7.610441446e-01
6.621849365e+02,7.602917552e-01
6.624148560e+02,8.015406728e-01
6.626447754e+02,7.803111076e-01
6.628747559e+02,7.659835219e-01
6.631046753e+02,7.586562037e-01
6.633346558e+02,7.925778031e-01
6.635645752e+02,8.081811070e-01
6.637945557e+02,7.766147256e-01
6.640245361e+02,7.654928565e-01
6.642545776e+02,7.844981551e-01
6.644845581e+02,7.631703615e-01
6.647145386e+02,7.894375324e-01
6.649445801e+02,7.737033963e-01
6.651746216e+02,7.668994665e-01
6.654046631e+02,7.589833140e-01
6.656347046e+02,7.869842052e-01
6.658648071e+02,7.472726703e-01
6.660948486e+02,7.505765557e-01
6.663249512e+02,7.847598195e-01
6.665550537e+02,7.652311921e-01
6.667851562e+02,7.939189672e-01
6.670152588e+02,7.894702554e-01
6.672453613e+02,7.893394232e-01
6.674755249e+02,7.886851430e-01
6.677056274e+02,7.686004639e-01
6.679357910e+02,7.538476586e-01
6.681659546e+02,7.721986771e-01
6.683961182e+02,7.677499652e-01
6.686262817e+02,7.800493836e-01
6.688565063e+02,7.714136243e-01
6.690866699e+02,7.984985709e-01
6.693168945e+02,7.658854127e-01
6.695471191e+02,7.698434591e-01
6.697773438e+02,7.710210681e-01
6.700075684e+02,8.081811070e-01
6.702378540e+02,7.979751825e-01
6.704680786e+02,7.676517963e-01
6.706983643e+02,7.804419398e-01
6.709286499e+02,8.201861382e-01
6.711589355e+02,8.111578226e-01
6.713892212e+02,7.695490718e-01
6.716195679e+02,7.801802158e-01
6.718498535e+02,7.771707773e-01
6.720802002e+02,7.829279900e-01
6.723105469e+02,7.742922306e-01
6.725408936e+02,7.720351219e-01
6.727712402e+02,7.698761821e-01
6.730015869e+02,8.076249957e-01
6.732319336e+02,7.600955367e-01
6.734623413e+02,7.576421499e-01
6.736927490e+02,7.908441424e-01
6.739231567e+02,7.893067002e-01
6.741535645e+02,7.774325013e-01
6.743839722e+02,7.722968459e-01
6.746144409e+02,8.023585081e-01
6.748448486e+02,8.180925846e-01
6.750753174e+02,7.620909214e-01
6.753057861e+02,7.921198606e-01
6.755362549e+02,7.847598195e-01
6.757667236e+02,7.994144559e-01
6.759971924e+02,8.215273023e-01
6.762277222e+02,7.989892364e-01
6.764582520e+02,8.070034981e-01
6.766887817e+02,8.089988828e-01
6.769193115e+02,8.039940596e-01
6.771498413e+02,8.056623340e-01
6.773803711e+02,8.221815228e-01
6.776109619e+02,8.347753286e-01
6.778414917e+02,8.075268865e-01
6.780720825e+02,8.194991946e-01
6.783026733e+02,8.387661576e-01
6.785332642e+02,8.591779470e-01
6.787638550e+02,8.001013994e-01
6.789945068e+02,8.277751207e-01
6.792250977e+02,8.216581345e-01
6.794557495e+02,8.327145576e-01
6.796864014e+02,8.907443285e-01
6.799170532e+02,8.102746010e-01
6.801477051e+02,8.344482183e-01
6.803784180e+02,8.377847672e-01
6.806090698e+02,8.098821044e-01
6.808397827e+02,8.535843492e-01
6.810704956e+02,8.469112515e-01
6.813012085e+02,8.708558679e-01
6.815319214e+02,8.078539968e-01
6.817626343e+02,8.192701936e-01
6.819934082e+02,8.642154932e-01
6.822241821e+02,8.595050573e-01
6.824548950e+02,8.240787983e-01
6.826856689e+02,8.204478025e-01
6.829164429e+02,8.450466990e-01
6.831472778e+02,8.243731856e-01
6.833780518e+02,8.214945793e-01
6.836088867e+02,8.195646405e-01
6.838397217e+02,8.259760141e-01
6.840705566e+02,8.299340606e-01
6.843013916e+02,8.285928965e-01
6.845322266e+02,8.278732896e-01
6.847630615e+02,8.596686125e-01
6.849939575e+02,8.503459096e-01
6.852248535e+02,8.335650563e-01
6.854556885e+02,8.127279282e-01
6.856865845e+02,8.086390495e-01
6.859175415e+02,8.301957846e-01
6.861484375e+02,8.253217936e-01
6.863793335e+02,8.246675730e-01
6.866102905e+02,9.666345119e-01
6.868412476e+02,8.291817307e-01
6.870722046e+02,8.441634774e-01
6.873031616e+02,8.304247856e-01
6.875341187e+02,8.221815228e-01
6.877651367e+02,8.272190690e-01
6.879960938e+02,8.185832500e-01
6.882271118e+02,8.399764299e-01
6.884581299e+02,8.235880733e-01
6.886891479e+02,7.964050174e-01
6.889201660e+02,8.093587160e-01
6.891512451e+02,7.963069081e-01
6.893822632e+02,7.910403609e-01
6.896133423e+02,7.900917530e-01
6.898444214e+02,8.123027086e-01
6.900755005e+02,7.669321895e-01
6.903065796e+02,8.049099445e-01
6.905377197e+02,8.081483841e-01
6.907687988e+02,7.776287794e-01
6.909999390e+02,8.043538928e-01
6.912310181e+02,7.649368048e-01
6.914621582e+02,7.634320855e-01
6.916933594e+02,7.733435631e-01
6.919244995e+02,7.708247900e-01
6.921556396e+02,7.922179699e-01
6.923868408e+02,7.589179277e-01
6.926180420e+02,7.451791763e-01
6.928492432e+02,8.001341224e-01
6.930804443e+02,7.570860982e-01
6.933116455e+02,7.462259531e-01
6.935428467e+02,7.359218597e-01
6.937741089e+02,7.563664317e-01
6.940053711e+02,7.635301948e-01
6.942365723e+02,7.640208602e-01
6.944678345e+02,7.389967442e-01
6.946991577e+02,7.710865140e-01
6.949304199e+02,7.430202365e-01
6.951616821e+02,7.182577848e-01
6.953930054e+02,7.264028788e-01
6.956243286e+02,7.553196549e-01
6.958556519e+02,7.246692181e-01
6.960869751e+02,7.154119015e-01
6.963182983e+02,7.347115874e-01
6.965496826e+02,7.464548945e-01
6.967810059e+02,7.268608809e-01
6.970123901e+02,7.042900920e-01
6.972437744e+02,6.820136905e-01
6.974751587e+02,7.385060787e-01
6.977065430e+02,7.153137922e-01
6.979379272e+02,6.931682229e-01
6.981693726e+02,6.970608830e-01
6.984008179e+02,7.187811732e-01
6.986322021e+02,7.233934402e-01
6.988636475e+02,6.880980134e-01
6.990951538e+02,6.992852688e-01
6.993265991e+02,7.468801737e-01
6.995580444e+02,7.027853727e-01
6.997895508e+02,7.049443126e-01
7.000210571e+02,6.774668097e-01
7.002525635e+02,7.040283680e-01
7.004840698e+02,7.910076976e-01
7.007155762e+02,6.883269548e-01
7.009470825e+02,6.878362894e-01
7.011786499e+02,7.239168286e-01
7.014102173e+02,7.435436249e-01
7.016417847e+02,7.178979516e-01
7.018733521e+02,7.078229189e-01
7.021049194e+02,7.149866819e-01
7.023364868e+02,7.464222312e-01
7.025681152e+02,6.941168904e-01
7.027996826e+02,6.769761443e-01
7.030313110e+02,6.896354556e-01
7.032629395e+02,7.095565796e-01
7.034945679e+02,6.742938161e-01
7.037261963e+02,6.951309443e-01
7.039578857e+02,7.077574730e-01
7.041895142e+02,6.747190952e-01
7.044212036e+02,6.745882630e-01
7.046528931e+02,7.238187194e-01
7.048845825e+02,7.100472450e-01
7.051162720e+02,6.762892604e-01
7.053480225e+02,6.981403828e-01
7.055797119e+02,6.659524441e-01
7.058114624e+02,7.269262671e-01
7.060432129e+02,6.864297390e-01
7.062749634e+02,6.560082436e-01
7.065067139e+02,6.544708014e-01
7.067384644e+02,6.590831280e-01
7.069702759e+02,6.533586383e-01
7.072020264e+02,7.328797579e-01
7.074338379e+02,6.735742092e-01
7.076656494e+02,6.565316319e-01
7.078974609e+02,6.786771417e-01
7.081292725e+02,6.460313201e-01
7.083611450e+02,7.604553699e-01
7.085929565e+02,6.927757263e-01
7.088248291e+02,7.274823785e-01
7.090567017e+02,6.551904678e-01
7.092885742e+02,6.523118615e-01
7.095204468e+02,6.690927744e-01
7.097523193e+02,7.109304667e-01
7.099842529e+02,6.732143760e-01
7.102161255e+02,6.612747312e-01
7.104480591e+02,6.821118593e-01
7.106799927e+02,6.447228789e-01
7.109119263e+02,6.321617365e-01
7.111439209e+02,6.356618404e-01
7.113758545e+02,6.865605712e-01
7.116078491e+02,6.677842736e-01
7.118397827e+02,6.478631496e-01
7.120717773e+02,6.342552304e-01
7.123037720e+02,6.337972879e-01
7.125357666e+02,6.385731101e-01
7.127678223e+02,6.332411766e-01
7.129998169e+02,6.285961866e-01
7.132318726e+02,6.591812372e-01
7.134639282e+02,6.511996984e-01
7.136959839e+02,6.108340025e-01
7.139280396e+02,6.378535032e-01
7.141600952e+02,6.421386600e-01
7.143921509e+02,6.102451682e-01
7.146242676e+02,6.195024848e-01
7.148563843e+02,6.239184737e-01
7.150885010e+02,6.046515703e-01
7.153206177e+02,6.140723825e-01
7.155527344e+02,6.042917371e-01
7.157848511e+02,6.022636294e-01
7.160170288e+02,6.231988072e-01
7.162491455e+02,6.319327354e-01
7.164813232e+02,6.292504072e-01
7.167135010e+02,6.191753745e-01
7.169456787e+02,6.387366652e-01
7.171779175e+02,6.209744811e-01
7.174100952e+02,6.186847091e-01
7.176423340e+02,5.774030685e-01
7.178745117e+02,6.215959787e-01
7.181067505e+02,6.087731719e-01
7.183389893e+02,5.793002844e-01
7.185712891e+02,6.104414463e-01
7.188035278e+02,5.925156474e-01
7.190358276e+02,6.091330051e-01
7.192680664e+02,5.852210522e-01
7.195003662e+02,5.777301788e-01
7.197326660e+02,5.666410327e-01
7.199649658e+02,6.074647307e-01
7.201972656e+02,5.880669355e-01
7.204296265e+02,5.609165430e-01
7.206619873e+02,5.879687667e-01
7.208942871e+02,5.678840876e-01
7.211266479e+02,5.794311762e-01
7.213590088e+02,5.916324854e-01
7.215913696e+02,5.795947313e-01
7.218237915e+02,5.857117176e-01
7.220561523e+02,5.894734859e-01
7.222885742e+02,5.581688285e-01
7.225209961e+02,5.599679351e-01
7.227534180e+02,5.686036944e-01
7.229858398e+02,5.368737578e-01
7.232182617e+02,5.342895985e-01
7.234507446e+02,5.531312823e-01
7.236831665e+02,5.442337990e-01
7.239156494e+02,5.788750648e-01
7.241481323e+02,5.504162312e-01
7.243806152e+02,5.316072702e-01
7.246130981e+02,5.618324876e-01
7.248456421e+02,5.553883910e-01
7.250781250e+02,5.256538391e-01
7.253106689e+02,5.334063768e-01
7.255432129e+02,5.347802639e-01
7.257757568e+02,5.135506392e-01
7.260083008e+02,5.336353779e-01
7.262408447e+02,5.209434032e-01
7.264734497e+02,5.710570812e-01
7.267059937e+02,5.076299310e-01
7.269385986e+02,5.294156075e-01
7.271712036e+02,5.362522602e-01
7.274038086e+02,5.055691004e-01
7.276364136e+02,5.199947953e-01
7.278690796e+02,5.049476027e-01
7.281016846e+02,5.162656903e-01
7.283343506e+02,5.169199109e-01
7.285670166e+02,5.072046518e-01
7.287996826e+02,4.921247661e-01
7.290323486e+02,4.873489141e-01
7.292650146e+02,5.009568334e-01
7.294976807e+02,4.938911796e-01
7.297304077e+02,4.839142263e-01
7.299631348e+02,5.003025532e-01
7.301958618e+02,5.253921151e-01
7.304285889e+02,4.984053373e-01
7.306613159e+02,5.138777494e-01
7.308940430e+02,4.994520843e-01
7.311268311e+02,4.912088513e-01
7.313596191e+02,4.709932804e-01
7.315923462e+02,4.657921791e-01
7.318251343e+02,4.804141223e-01
7.320579834e+02,4.829001725e-01
7.322907715e+02,4.577779174e-01
7.325235596e+02,4.514646530e-01
7.327564087e+02,4.769794345e-01
7.329892578e+02,4.832272828e-01
7.332220459e+02,4.811664820e-01
7.334549561e+02,4.640912116e-01
7.336878052e+02,4.774700999e-01
7.339206543e+02,4.727923870e-01
7.341535645e+02,4.391652048e-01
7.343864136e+02,4.890499115e-01
7.346193237e+02,4.518899024e-01
7.348522339e+02,4.705026150e-01
7.350851440e+02,4.381184578e-01
7.353180542e+02,4.508431256e-01
7.355510254e+02,4.671333432e-01
7.357839355e+02,4.402446747e-01
7.360169067e+02,4.200945497e-01
7.362498779e+02,4.336697161e-01
7.364828491e+02,4.427961707e-01
7.367158203e+02,4.259825647e-01
7.369488525e+02,4.216319621e-01
7.371818237e+02,4.312818050e-01
7.374148560e+02,4.552591443e-01
7.376478882e+02,4.364174604e-01
7.378809204e+02,4.479645491e-01
7.381139526e+02,4.177720249e-01
7.383469849e+02,4.187206626e-01
7.385800171e+02,4.182954133e-01
7.388131104e+02,4.090381265e-01
7.390462036e+02,4.280760884e-01
7.392792358e+02,4.102811515e-01
7.395123291e+02,4.581050277e-01
7.397454834e+02,4.128326476e-01
7.399785767e+02,4.557171166e-01
7.402116699e+02,4.112624824e-01
7.404448242e+02,4.207160473e-01
7.406779785e+02,4.071081579e-01
7.409111328e+02,4.437447786e-01
7.411442871e+02,4.099540412e-01
7.413774414e+02,4.134541452e-01
7.416105957e+02,4.112624824e-01
7.418438110e+02,3.837523162e-01
7.420770264e+02,3.936965466e-01
7.423102417e+02,4.098232090e-01
7.425434570e+02,3.707332313e-01
7.427766724e+02,4.208469093e-01
7.430098877e+02,3.869907260e-01
7.432431030e+02,3.936311007e-01
7.434763794e+02,3.781259656e-01
7.437096558e+02,3.644853830e-01
7.439429321e+02,3.659573793e-01
7.441762085e+02,3.917011619e-01
7.444094849e+02,3.871542811e-01
7.446427612e+02,3.698173165e-01
7.448760986e+02,3.794671297e-01
7.451094360e+02,3.798596561e-01
7.453427124e+02,3.818877637e-01
7.455760498e+02,3.703733981e-01
7.458093872e+02,3.902945518e-01
7.460427856e+02,4.016453624e-01
7.462761230e+02,3.476063609e-01
7.465095215e+02,3.408024013e-01
7.467428589e+02,3.554570675e-01
7.469762573e+02,3.826728463e-01
7.472096558e+02,3.316105306e-01
7.474431152e+02,3.736772239e-01
7.476765137e+02,3.657938242e-01
7.479099121e+02,3.665134609e-01
7.481433716e+02,3.348489702e-01
7.483768311e+02,3.723033667e-01
7.486102905e+02,3.428959250e-01
7.488437500e+02,3.242832124e-01
7.490772095e+02,3.287646472e-01
7.493106689e+02,3.274234831e-01
7.495441895e+02,3.370406032e-01
7.497777100e+02,3.376621306e-01
7.500112305e+02,3.222224116e-01
7.502447510e+02,3.393630981e-01
7.504782715e+02,3.200961649e-01
7.507117920e+02,3.202270269e-01
7.509453125e+02,3.221896887e-01
7.511788940e+02,3.434847295e-01
7.514124756e+02,3.141427338e-01
7.516460571e+02,3.232364655e-01
7.518796387e+02,2.909504175e-01
7.521132202e+02,3.628171086e-01
7.523468018e+02,3.272926509e-01
7.525804443e+02,3.155820072e-01
7.528140259e+02,2.893475592e-01
7.530476685e+02,3.295497298e-01
7.532813110e+02,2.935673296e-01
7.535149536e+02,2.962823510e-01
7.537486572e+02,3.315451145e-01
7.539822998e+02,2.993572354e-01
7.542160034e+02,2.976235151e-01
7.544496460e+02,2.678562701e-01
7.546833496e+02,3.024320900e-01
7.549170532e+02,3.332788050e-01
7.551507568e+02,2.820202410e-01
7.553845215e+02,2.752163112e-01
7.556182251e+02,2.699824870e-01
7.558519897e+02,2.976235151e-01
7.560857544e+02,2.633093894e-01
7.563194580e+02,2.588279545e-01
7.565532837e+02,2.684777677e-01
7.567870483e+02,2.896419764e-01
7.570208130e+02,3.049508631e-01
7.572546387e+02,2.586971223e-01
7.574884033e+02,2.603653967e-01
7.577222290e+02,2.922915816e-01
7.579560547e+02,2.764593363e-01
7.581898804e+02,2.896419764e-01
7.584237671e+02,2.515006363e-01
7.586575928e+02,2.719451785e-01
7.588914795e+02,2.616084218e-01
7.591253052e+02,2.738097310e-01
7.593591919e+02,2.362244576e-01
7.595930786e+02,2.471173257e-01
7.598269653e+02,2.750527561e-01
7.600609131e+02,2.564727366e-01
7.602947998e+02,2.449910790e-01
7.605287476e+02,2.350795716e-01
7.607626953e+02,2.916046381e-01
7.609965820e+02,2.524819672e-01
7.612305908e+02,2.443695664e-01
7.614645386e+02,2.517950237e-01
7.616984863e+02,2.935673296e-01
7.619324951e+02,2.916373610e-01
7.621664429e+02,2.412292957e-01
7.624004517e+02,2.318084389e-01
7.626344604e+02,2.410984486e-01
7.628684692e+02,2.360936254e-01
7.631025391e+02,2.165977061e-01
7.633365479e+02,2.629495859e-01
7.635706177e+02,2.894784212e-01
7.638046265e+02,2.762957811e-01
7.640386963e+02,2.262475193e-01
7.642727661e+02,2.319392860e-01
7.645068359e+02,2.300747484e-01
7.647409668e+02,2.098264694e-01
7.649750366e+02,2.163360119e-01
7.652091675e+02,2.468229234e-01
7.654432983e+02,2.286681533e-01
7.656773682e+02,2.176771760e-01
7.659115601e+02,2.321682721e-01
7.661456909e+02,2.717489004e-01
7.663798218e+02,2.308598161e-01
7.666140137e+02,2.403133810e-01
7.668481445e+02,2.097283304e-01
7.670823364e+02,2.403460890e-01
7.673165283e+02,2.499631941e-01
7.675507202e+02,2.401498109e-01
7.677849731e+02,2.061628103e-01
7.680191650e+02,2.175463289e-01
7.682534180e+02,2.160089016e-01
7.684876099e+02,1.977560073e-01
7.687218628e+02,1.844752282e-01
7.689561157e+02,2.213408351e-01
7.691903687e+02,1.995224208e-01
7.694246826e+02,2.147658616e-01
7.696589355e+02,1.812695265e-01
7.698932495e+02,1.964802742e-01
7.701275024e+02,2.313831896e-01
7.703618164e+02,1.938306540e-01
7.705961304e+02,2.134901285e-01
7.708305054e+02,2.148967087e-01
7.710648193e+02,1.817601919e-01
7.712991333e+02,1.874192506e-01
7.715335083e+02,1.969709396e-01
7.717678833e+02,2.139153779e-01
7.720022583e+02,2.277195305e-01
7.722366333e+02,1.980504096e-01
7.724710083e+02,1.919988245e-01
7.727054443e+02,2.213081270e-01
7.729398193e+02,2.747256458e-01
7.731742554e+02,1.730917096e-01
7.734086914e+02,1.785871983e-01
7.736431274e+02,1.954007894e-01
7.738775635e+02,1.853257269e-01
7.741119995e+02,1.913773119e-01
7.743464966e+02,2.144714743e-01
7.745809326e+02,1.788161844e-01
7.748154297e+02,2.490472794e-01
7.750499268e+02,1.990644634e-01
7.752844238e+02,1.723066419e-01
7.755189209e+02,2.156817913e-01
7.757534180e+02,1.811059713e-01
7.759879761e+02,1.597127914e-01
7.762224731e+02,1.658625156e-01
7.764570312e+02,1.894146353e-01
7.766915894e+02,1.753814965e-01
7.769261475e+02,1.713252962e-01
7.771607056e+02,1.528761387e-01
7.773953247e+02,1.775077283e-01
7.776298828e+02,1.606941372e-01
7.778645020e+02,1.705729365e-01
7.780991211e+02,1.783909351e-01
7.783337402e+02,1.713252962e-01
7.785683594e+02,1.488199383e-01
7.788029785e+02,1.451889873e-01
7.790376587e+02,2.027608305e-01
7.792722778e+02,1.517312378e-01
7.795069580e+02,1.686756909e-01
7.797416382e+02,1.761665642e-01
7.799763184e+02,1.586006135e-01
7.802109985e+02,1.586660296e-01
7.804456787e+02,1.578482538e-01
7.806804199e+02,1.911156178e-01
7.809151001e+02,1.259547621e-01
7.811498413e+02,1.631801873e-01
7.813845825e+02,1.557874382e-01
7.816193237e+02,1.560164243e-01
7.818540649e+02,1.350157857e-01
7.820888062e+02,1.631474793e-01
7.823236084e+02,1.486890912e-01
7.825583496e+02,1.674326509e-01
7.827931519e+02,1.458759308e-01
7.830279541e+02,1.360952556e-01
7.832627563e+02,1.411000788e-01
7.834975586e+02,1.405112743e-01
7.837324219e+02,1.430300474e-01
7.839672241e+02,1.432590187e-01
7.842020874e+02,1.432590187e-01
7.844369507e+02,1.149964854e-01
7.846718140e+02,1.546425521e-01
7.849066772e+02,1.429319084e-01
7.851415405e+02,1.544462740e-01
7.853764648e+02,1.401841640e-01
7.856113281e+02,1.357027143e-01
7.858462524e+02,1.286697984e-01
7.860811768e+02,1.818256229e-01
7.863161011e+02,1.217350066e-01
7.865510254e+02,1.446656138e-01
7.867859497e+02,1.807461381e-01
7.870208740e+02,1.290950477e-01
7.872558594e+02,1.177769452e-01
7.874908447e+02,2.045272440e-01
7.877258301e+02,1.729281545e-01
7.879608154e+02,1.481002867e-01
7.881958008e+02,1.440441012e-01
7.884307861e+02,1.274921894e-01
7.886658325e+02,1.382869035e-01
7.889008179e+02,1.279501468e-01
7.891358643e+02,1.474133581e-01
7.893709106e+02,1.267725378e-01
7.896059570e+02,1.765263826e-01
7.898410034e+02,1.379925162e-01
7.900760498e+02,1.414926201e-01
7.903111572e+02,9.622021019e-02
7.905462646e+02,1.298474073e-01
7.907813110e+02,1.187582836e-01
7.910164185e+02,1.237958148e-01
7.912515259e+02,1.089449003e-01
7.914866943e+02,1.200340167e-01
7.917218018e+02,1.309595853e-01
7.919569702e+02,1.322680414e-01
7.921920776e+02,1.070149317e-01
7.924272461e+02,1.238285303e-01
7.926624146e+02,1.210480705e-01
7.928975830e+02,1.163703576e-01
7.931327515e+02,1.231743023e-01
7.933679810e+02,1.116272211e-01
7.936031494e+02,1.253659576e-01
7.938383789e+02,1.053793654e-01
7.940736084e+02,9.098640829e-02
7.943088379e+02,1.668111384e-01
7.945440674e+02,9.612207860e-02
7.947792969e+02,1.156179979e-01
7.950145874e+02,1.042671874e-01
7.952498169e+02,1.067532450e-01
7.954851074e+02,1.173844039e-01
7.957203979e+02,1.074401811e-01
7.959556885e+02,1.167628914e-01
7.961909790e+02,1.168937385e-01
7.964262695e+02,1.128375381e-01
7.966616211e+02,1.285062432e-01
7.968969116e+02,9.985116124e-02
7.971322632e+02,1.662550569e-01
7.973676147e+02,1.010287702e-01
7.976029663e+02,1.357354373e-01
7.978383179e+02,8.395348489e-02
7.980737305e+02,1.111365557e-01
7.983090820e+02,9.059387445e-02
7.985444946e+02,8.912186325e-02
7.987798462e+02,9.939320385e-02
7.990152588e+02,9.278552979e-02
7.992506714e+02,1.043326110e-01
7.994861450e+02,9.563140571e-02
7.997215576e+02,8.689749986e-02
7.999570312e+02,9.890253842e-02
8.001924438e+02,8.722461015e-02
8.004279175e+02,7.345316559e-02
8.006633911e+02,1.004726812e-01
8.008988647e+02,8.048608899e-02
8.011343384e+02,1.255622208e-01
8.013698730e+02,8.378992975e-02
8.016053467e+02,6.262573600e-02
8.018408813e+02,8.185996115e-02
8.020764160e+02,1.354410350e-01
8.023119507e+02,1.063607037e-01
8.025474854e+02,7.024746388e-02
8.027830200e+02,1.052158102e-01
8.030185547e+02,8.251418918e-02
8.032541504e+02,1.056737676e-01
8.034897461e+02,9.249112755e-02
8.037252808e+02,1.131973639e-01
8.039608765e+02,9.386499971e-02
8.041964722e+02,1.056737676e-01
8.044321289e+02,7.649531215e-02
8.046677246e+02,1.163703576e-01
8.049033813e+02,9.164063632e-02
8.051389771e+02,8.460771292e-02
8.053746338e+02,9.958947450e-02
8.056102905e+02,1.107440144e-01
8.058459473e+02,9.707070887e-02
8.060816650e+02,8.477126807e-02
8.063173218e+02,7.358401269e-02
8.065530396e+02,8.539278060e-02
8.067886963e+02,8.248147368e-02
8.070244141e+02,8.807510138e-02
8.072601318e+02,7.306063175e-02
8.074958496e+02,6.733615696e-02
8.077316284e+02,7.741122693e-02
8.079673462e+02,5.578907952e-02
8.082031250e+02,7.214471698e-02
8.084389038e+02,9.667816758e-02
8.086746216e+02,1.053466573e-01
8.089104004e+02,5.418622494e-02
8.091462402e+02,7.139235735e-02
8.093820190e+02,1.200340167e-01
8.096177979e+02,7.400925457e-02
8.098536377e+02,6.537348032e-02
8.100894775e+02,8.329925686e-02
8.103253174e+02,8.758443594e-02
8.105611572e+02,7.508873194e-02
8.107969971e+02,8.163098246e-02
8.110328369e+02,1.028933153e-01
8.112687378e+02,6.946238875e-02
8.115045776e+02,8.100946993e-02
8.117404785e+02,6.432671845e-02
8.119763794e+02,6.740158051e-02
8.122122803e+02,8.666852117e-02
8.124481812e+02,4.620467499e-02
8.126841431e+02,1.238285303e-01
8.129200439e+02,6.252759695e-02
8.131560059e+02,7.734581083e-02
8.133919678e+02,1.381887794e-01
8.136279297e+02,4.862530902e-02
8.138638916e+02,1.052812338e-01
8.140998535e+02,1.144731045e-01
8.143358154e+02,6.311640143e-02
8.145718384e+02,9.052845091e-02
8.148078003e+02,7.397654653e-02
8.150438232e+02,8.267774433e-02
8.152798462e+02,1.162395105e-01
8.155158691e+02,7.695326954e-02
8.157518921e+02,5.608347803e-02
8.159879761e+02,8.025711030e-02
8.162239990e+02,4.823277518e-02
8.164600830e+02,5.516756326e-02
8.166961670e+02,7.129421830e-02
8.169322510e+02,1.178096533e-01
8.171683350e+02,5.582178757e-02
8.174044189e+02,1.002437025e-01
8.176405029e+02,9.082285315e-02
8.178766479e+02,5.830784515e-02
8.181127930e+02,7.387841493e-02
8.183488770e+02,4.891971126e-02
8.185850220e+02,6.704175472e-02
8.188212280e+02,6.501365453e-02
8.190573730e+02,5.009731650e-02
8.192935181e+02,4.466724396e-02
8.195297241e+02,1.105477512e-01
8.197658691e+02,5.228897184e-02
8.200020752e+02,6.357435882e-02
8.202382812e+02,5.081696436e-02
8.204744873e+02,9.144436568e-02
8.207107544e+02,5.650872737e-02
8.209469604e+02,7.469619066e-02
8.211831665e+02,4.986833781e-02
8.214194336e+02,6.059763581e-02
8.216557007e+02,6.184066460e-02
8.218919678e+02,6.085932627e-02
8.221282349e+02,7.047644258e-02
8.223645020e+02,5.510213971e-02
8.226008301e+02,9.222943336e-02
8.228370972e+02,4.960664734e-02
8.230734253e+02,4.901784286e-02
8.233097534e+02,4.368590564e-02
8.235460815e+02,4.689161107e-02
8.237824097e+02,4.097086936e-02
8.240187378e+02,6.059763581e-02
8.242551270e+02,8.621056378e-02
8.244914551e+02,6.278929114e-02
8.247278442e+02,5.170016736e-02
8.249642334e+02,4.721872509e-02
8.252006226e+02,8.055151254e-02
8.254370117e+02,1.028933153e-01
8.256734009e+02,3.894277290e-02
8.259097900e+02,5.621432513e-02
8.261462402e+02,5.137305707e-02
8.263826904e+02,5.984527618e-02
8.266191406e+02,2.271798067e-02
8.268555908e+02,4.218118638e-02
8.270920410e+02,3.923717141e-02
8.273284912e+02,6.056492403e-02
8.275649414e+02,2.598910779e-02
8.278014526e+02,3.815770149e-02
8.280379639e+02,4.891971126e-02
8.282744751e+02,4.780752584e-02
8.285109863e+02,7.420552522e-02
8.287474976e+02,6.246217713e-02
8.289840088e+02,4.875615239e-02
8.292205200e+02,5.029358342e-02
8.294570923e+02,3.733991832e-02
8.296936646e+02,5.539654195e-02
8.299301758e+02,6.063034758e-02
8.301667480e+02,5.729379505e-02
8.304033813e+02,2.952192537e-02
8.306399536e+02,4.793837294e-02
8.308765259e+02,7.557939738e-02
8.311131592e+02,3.531182185e-02
8.313497925e+02,6.583143771e-02
8.315863647e+02,3.596604615e-02
8.318229980e+02,4.875615239e-02
8.320596924e+02,3.979326412e-02
8.322963257e+02,2.873685397e-02
8.325329590e+02,3.092850931e-02
8.327696533e+02,9.599123150e-02
8.330062866e+02,5.412080139e-02
8.332429810e+02,6.599499285e-02
8.334796753e+02,2.592368424e-02
8.337163696e+02,6.494823098e-02
8.339531250e+02,7.502330840e-02
8.341898193e+02,3.262949735e-02
8.344265747e+02,5.062069744e-02
8.346632690e+02,5.565823242e-02
8.349000244e+02,2.546572685e-02
8.351367798e+02,2.922752313e-02
8.353735352e+02,4.326066002e-02
8.356103516e+02,6.272386760e-02
8.358471069e+02,3.387252241e-02
8.360839233e+02,3.282576427e-02
8.363206787e+02,3.007801622e-02
8.365574951e+02,5.382640287e-02
8.367943115e+02,3.079766408e-02
8.370311279e+02,2.127868310e-02
8.372679443e+02,1.470371801e-02
8.375048218e+02,2.703586780e-02
8.377416382e+02,3.197526932e-02
8.379785156e+02,2.170393057e-02
8.382153931e+02,2.948921360e-02
8.384522705e+02,3.629316017e-02
8.386891479e+02,2.821347304e-02
8.389260254e+02,3.832125664e-02
8.391629639e+02,6.249488890e-02
8.393998413e+02,8.307027817e-02
8.396367798e+02,4.581213742e-02
8.398737183e+02,3.841939196e-02
8.401106567e+02,3.917175159e-02
8.403475952e+02,3.648942709e-02
8.405845337e+02,4.234474525e-02
8.408215332e+02,4.087273777e-02
8.410584717e+02,4.643365368e-02
8.412954712e+02,3.017614968e-02
8.415324707e+02,5.480774119e-02
8.417694702e+02,3.331643343e-02
8.420064697e+02,3.122291155e-02
8.422434692e+02,3.962970898e-02
8.424804688e+02,2.677417733e-02
8.427175293e+02,3.204069287e-02
8.429545288e+02,3.338185325e-02
8.431915894e+02,3.102664277e-02
8.434286499e+02,3.508284315e-02
8.436657104e+02,2.854058705e-02
8.439028320e+02,2.167121880e-02
8.441398926e+02,4.280270264e-02
8.443769531e+02,5.186372623e-02
8.446140747e+02,2.638164163e-02
8.448511963e+02,3.747076541e-02
8.450883179e+02,4.093815759e-02
8.453254395e+02,2.598910779e-02
8.455625610e+02,1.444202755e-02
8.457997437e+02,3.109206632e-02
8.460368652e+02,7.803274691e-02
8.462740479e+02,3.626044840e-02
8.465112305e+02,2.834431827e-02
8.467483521e+02,9.927871637e-03
8.469855957e+02,3.609688953e-02
8.472227783e+02,8.329925686e-02
8.474599609e+02,5.804615468e-02
8.476972046e+02,4.443826526e-02
8.479343872e+02,2.926023491e-02
8.481716309e+02,2.952192537e-02
8.484088745e+02,4.963935912e-02
8.486461182e+02,3.220424801e-02
8.488833618e+02,3.907361627e-02
8.491206665e+02,2.726484649e-02
8.493579102e+02,4.025122151e-02
8.495952148e+02,1.673181728e-02
8.498324585e+02,2.046090178e-02
8.500697632e+02,3.832125664e-02
8.503070679e+02,1.489998493e-02
8.505444336e+02,3.917175159e-02
8.507817383e+02,1.473642886e-02
8.510190430e+02,6.314911693e-02
8.512564087e+02,9.927871637e-03
8.514937744e+02,9.437202476e-03
8.517311401e+02,2.971819229e-02
8.519685059e+02,5.304133147e-02
8.522058716e+02,2.513861470e-02
8.524432373e+02,1.323171053e-02
8.526806641e+02,4.309710488e-02
8.529180298e+02,3.452675045e-02
8.531554565e+02,6.231497508e-03
8.533928833e+02,1.911973953e-02
8.536303101e+02,6.118643656e-02
8.538677368e+02,3.168086708e-02
8.541051636e+02,1.846551336e-02
8.543426514e+02,8.490211517e-02
8.545800781e+02,1.460558362e-02
8.548175659e+02,2.814805135e-02
8.550550537e+02,3.612960130e-02
8.552925415e+02,1.166156959e-02
8.555300293e+02,2.621808648e-02
8.557675171e+02,3.590062261e-02
8.560050659e+02,3.158273548e-02
8.562425537e+02,1.964312047e-02
8.564801025e+02,7.132693380e-02
8.567176514e+02,4.332608357e-02
8.569552002e+02,5.487316102e-02
8.571927490e+02,1.859635860e-02
8.574302979e+02,7.940661907e-02
8.576679077e+02,2.347033843e-02
8.579054565e+02,3.030699492e-02
8.581430664e+02,2.504047938e-02
8.583806763e+02,2.304509282e-02
8.586182861e+02,4.793837294e-02
8.588558960e+02,5.086603109e-03
8.590935059e+02,6.285471469e-02
8.593311157e+02,3.593333438e-02
8.595687866e+02,2.546572685e-02
8.598064575e+02,4.355506226e-02
8.600440674e+02,1.777857728e-02
8.602817383e+02,1.872720383e-02
8.605194092e+02,1.041854080e-02
8.607571411e+02,2.212917618e-02
8.609948120e+02,1.002600510e-02
8.612324829e+02,4.492893443e-02
8.614702148e+02,1.483456232e-02
8.617079468e+02,4.839633033e-02
8.619456787e+02,1.627385803e-02
8.621834106e+02,3.658755869e-02
8.624211426e+02,3.056868538e-02
8.626588745e+02,4.070917889e-02
8.628966675e+02,6.558610592e-03
8.631343994e+02,6.592956930e-02
8.633721924e+02,1.617572457e-02
8.636099854e+02,3.393794596e-02
8.638477783e+02,6.787589286e-03
8.640855713e+02,7.355129719e-02
8.643234253e+02,2.258713543e-02
8.645612183e+02,5.526569858e-02
8.647990723e+02,4.061104730e-02
8.650368652e+02,3.884463757e-02
8.652747192e+02,3.858294711e-02
8.655125732e+02,1.205410436e-02
8.657504272e+02,1.856364869e-02
8.659883423e+02,4.705516621e-02
8.662261963e+02,7.670793682e-03
8.664641113e+02,1.640470326e-02
8.667019653e+02,2.065716870e-02
8.669398804e+02,2.827889659e-02
8.671777954e+02,3.974419553e-03
8.674157104e+02,3.876285860e-03
8.676536865e+02,1.123632304e-02
8.678916016e+02,2.909667790e-02
8.681295776e+02,1.012413949e-02
8.683674927e+02,1.614301279e-02
8.686054688e+02,1.077836473e-02
8.688434448e+02,4.914868996e-02
8.690814209e+02,2.311051451e-02
8.693193970e+02,1.323171053e-02
8.695574341e+02,1.323171053e-02
8.697954102e+02,2.975090407e-02
8.700334473e+02,1.159614697e-02
8.702714844e+02,2.044454683e-03
8.705095215e+02,2.405914105e-02
8.707475586e+02,2.477879077e-02
8.709855957e+02,6.231497508e-03
8.712236328e+02,1.198868174e-02
8.714617310e+02,5.428436026e-02
8.716997681e+02,7.376392372e-03
8.719378662e+02,1.081107650e-02
8.721759644e+02,2.665968845e-03
8.724140625e+02,1.352611184e-02
8.726521606e+02,-6.051585660e-04
8.728903198e+02,7.335503399e-02
8.731284180e+02,1.862907037e-02
8.733665771e+02,8.617784828e-02
8.736046753e+02,6.527534872e-02
8.738428345e+02,5.969807506e-03
8.740809937e+02,-5.250159651e-03
8.743191528e+02,3.033970669e-02
8.745573730e+02,2.157308534e-02
8.747955322e+02,2.170393057e-02
8.750337524e+02,1.768044382e-02
8.752719116e+02,1.866178215e-02
8.755101318e+02,2.212917618e-02
8.757483521e+02,7.147413213e-03
8.759865723e+02,-4.906691174e-05
8.762248535e+02,2.579283901e-02
8.764630737e+02,1.332984399e-02
8.767013550e+02,4.329337180e-02
8.769395752e+02,1.849822514e-02
8.771778564e+02,4.097086936e-02
8.774161377e+02,2.598910779e-02
8.776544189e+02,9.615478665e-02
8.778927002e+02,4.564858228e-02
8.781310425e+02,3.115748800e-02
8.783693237e+02,4.362048209e-02
8.786076660e+02,2.576012909e-02
8.788460083e+02,-1.292095287e-03
8.790842896e+02,2.428812161e-02
8.793226318e+02,1.427847147e-02
8.795610352e+02,2.170393057e-02
8.797993774e+02,2.886769921e-02
8.800377197e+02,2.016649954e-02
8.802761230e+02,2.742840350e-02
8.805145264e+02,-1.095827669e-03
8.807529297e+02,2.062445879e-02
8.809913330e+02,6.853011902e-03
8.812297363e+02,6.067941431e-03
8.814681396e+02,-6.378698163e-04
8.817066040e+02,1.422940404e-03
8.819450073e+02,2.006836608e-02
8.821834717e+02,3.132104501e-02
8.824219360e+02,4.432377405e-03
8.826604004e+02,-9.895160794e-03
8.828988647e+02,1.385322493e-02
8.831373291e+02,4.483079910e-02
8.833757935e+02,4.007130861e-03
8.836143188e+02,-4.824913107e-03
8.838528442e+02,3.138646856e-02
8.840913086e+02,6.493187975e-03
8.843298340e+02,2.219459973e-02
8.845683594e+02,1.486727409e-02
8.848069458e+02,3.508284315e-02
8.850454712e+02,1.339526661e-02
8.852839966e+02,1.591403410e-02
8.855225830e+02,-5.086603109e-03
8.857611694e+02,3.619502485e-02
8.859997559e+02,3.043784015e-02
8.862383423e+02,-4.236110020e-03
8.864769287e+02,1.090920996e-02
8.867155151e+02,6.095745787e-02
8.869541626e+02,3.220424801e-02
8.871927490e+02,5.048985034e-02
8.874313965e+02,7.278258447e-03
8.876700439e+02,3.334914520e-02
8.879086914e+02,1.472007280e-04
8.881473389e+02,1.941414177e-02
8.883859863e+02,3.223695979e-02
8.886246948e+02,5.909291655e-02
8.888633423e+02,3.943344206e-02
8.891020508e+02,9.322713013e-04
8.893407593e+02,2.261984535e-02
8.895794678e+02,6.959323585e-02
8.898181763e+02,2.654519863e-02
8.900568848e+02,2.600546228e-03
8.902955933e+02,1.071294211e-02
8.905343628e+02,1.979032066e-03
8.907730713e+02,-6.722166669e-03
8.910118408e+02,2.088614926e-02
8.912506104e+02,3.037241846e-02
8.914893799e+02,1.493269671e-02
8.917281494e+02,2.706857957e-02
8.919669800e+02,3.320194315e-03
8.922057495e+02,9.797026403e-03
8.924445801e+02,-8.177818381e-05
8.926833496e+02,3.495199606e-02
8.929221802e+02,2.477879077e-02
8.931610107e+02,1.673181728e-02
8.933998413e+02,4.980291426e-02
8.936387329e+02,8.521286771e-03
8.938775635e+02,2.068988048e-02
8.941164551e+02,-8.521286771e-03
8.943552856e+02,3.135375679e-02
8.945941772e+02,4.038206860e-02
8.948330688e+02,-1.153072435e-02
8.950719604e+02,1.682995073e-02
8.953108521e+02,3.276034072e-02
8.955498047e+02,4.129798338e-02
8.957886963e+02,-8.488575928e-03
8.960276489e+02,-9.698892944e-03
8.962666016e+02,3.972784057e-02
8.965055542e+02,1.908702776e-02
8.967445068e+02,6.166075356e-03
8.969834595e+02,7.441814989e-03
8.972224121e+02,4.172322899e-02
8.974614258e+02,8.684842847e-03
8.977003784e+02,2.402643114e-02
8.979393921e+02,9.976938600e-04
8.981784058e+02,3.796143457e-02
8.984174194e+02,2.111512795e-02
8.986564331e+02,7.670793682e-03
8.988954468e+02,-4.595933948e-03
8.991345215e+02,4.824913107e-03
8.993735352e+02,3.433048353e-02
8.996126099e+02,-4.236110020e-03
8.998516846e+02,1.601216942e-02
9.000907593e+02,4.100358114e-02
9.003298340e+02,2.448438853e-02
9.005689087e+02,-1.892347261e-02
9.008079834e+02,2.929294668e-02
9.010471191e+02,1.656826027e-02
9.012861938e+02,3.796143457e-02
9.015253296e+02,7.695326954e-02
9.017644653e+02,2.615266293e-02
9.020036011e+02,3.246593848e-02
9.022427368e+02,2.006836608e-02
9.024819336e+02,8.905643970e-02
9.027210693e+02,2.203104272e-02
9.029602661e+02,2.206375450e-02
9.031994019e+02,1.447473839e-02
9.034385986e+02,1.761502028e-02
9.036777954e+02,8.619420230e-03
9.039169922e+02,3.540995345e-02
9.041561890e+02,3.187713772e-02
9.043954468e+02,8.668487426e-04
9.046346436e+02,6.002518814e-03
9.048739014e+02,2.585826255e-02
9.051131592e+02,1.202139352e-02
9.053524170e+02,6.624032743e-03
9.055916748e+02,-1.624114811e-02
9.058309326e+02,3.058504080e-03
9.060701904e+02,1.095827669e-03
9.063095093e+02,6.460476667e-03
9.065487671e+02,7.081990596e-03
9.067880859e+02,2.628350817e-02
9.070274048e+02,2.255442366e-02
9.072667236e+02,9.240934625e-03
9.075060425e+02,1.709164120e-02
9.077454224e+02,5.163474753e-02
9.079847412e+02,1.506354194e-02
9.082240601e+02,2.939108014e-02
9.084634399e+02,-2.142588375e-03
9.087028198e+02,4.780752584e-02
9.089421997e+02,9.633470327e-03
9.091815796e+02,4.257372394e-02
9.094209595e+02,-2.418998629e-02
9.096604004e+02,5.348293111e-03
9.098997803e+02,-3.614595858e-03
9.101392212e+02,-4.465088714e-03
9.103786011e+02,-1.172699127e-02
9.106180420e+02,3.724178672e-02
9.108574829e+02,2.441896684e-02
9.110969849e+02,-1.182512566e-02
9.113364258e+02,-1.002600510e-02
9.115758667e+02,-8.848399855e-03
9.118153687e+02,2.638164163e-02
9.120548706e+02,1.512896456e-02
9.122943115e+02,1.830195822e-02
9.125338135e+02,6.321454048e-02
9.127733765e+02,1.460558362e-02
9.130128784e+02,4.726779182e-03
9.132523804e+02,2.360118367e-02
9.134919434e+02,1.455651713e-03
9.137314453e+02,4.628645256e-03
9.139710083e+02,-1.954498701e-02
9.142105713e+02,1.866178215e-02
9.144501343e+02,1.879262738e-02
9.146896973e+02,1.028769556e-02
9.149293213e+02,-8.423153311e-03
9.151688843e+02,-2.665968845e-03
9.154085083e+02,8.946533315e-03
9.156480713e+02,1.346068922e-02
9.158876953e+02,2.927659079e-03
9.161273193e+02,-1.925058477e-02
9.163669434e+02,2.454981022e-02
9.166066284e+02,-3.876285860e-03
9.168462524e+02,-5.070247571e-04
9.170858765e+02,-7.016568445e-03
9.173255615e+02,1.823653467e-02
9.175652466e+02,2.240722300e-03
9.178049316e+02,7.492516935e-02
9.180446167e+02,2.772280388e-02
9.182843018e+02,4.914868996e-02
9.185239868e+02,-4.988469183e-03
9.187637329e+02,5.413715728e-03
9.190034180e+02,-7.032923750e-04
9.192431641e+02,1.097463258e-02
9.194829102e+02,4.007130861e-03
9.197226562e+02,3.107571101e-04
9.199624023e+02,-6.624032743e-03
9.202021484e+02,2.997988276e-02
9.204419556e+02,2.549843863e-02
9.206817017e+02,-7.703504991e-03
9.209215088e+02,1.748417504e-02
9.211613159e+02,2.409185283e-02
9.214011230e+02,9.764315560e-03
9.216409302e+02,8.259596303e-03
9.218807373e+02,5.021180492e-03
9.221205444e+02,1.339526661e-02
9.223604126e+02,3.524639830e-02
9.226002197e+02,-3.647306934e-03
9.228400879e+02,2.764102537e-03
9.230799561e+02,2.052632347e-02
9.233198242e+02,1.651919330e-03
9.235596924e+02,1.005871687e-02
9.237995605e+02,-1.283917483e-02
9.240394897e+02,3.483750625e-03
9.242793579e+02,-3.974419553e-03
9.245192871e+02,1.970854215e-02
9.247592163e+02,-9.322713013e-04
9.249991455e+02,6.951145828e-03
9.252390747e+02,1.392028332e-01
9.254790039e+02,2.572741732e-02
9.257189331e+02,-3.876285860e-03
9.259589233e+02,-6.558610592e-03
9.261988525e+02,2.077165991e-03
9.264388428e+02,-5.282870959e-03
9.266788330e+02,-1.226672786e-03
9.269188232e+02,9.993294254e-03
9.271588135e+02,1.398406923e-02
9.273988037e+02,1.836737990e-02
9.276388550e+02,-2.055903524e-02
9.278788452e+02,2.376474068e-02
9.281188965e+02,2.896583267e-02
9.283589478e+02,1.568505540e-02
9.285989990e+02,5.143847689e-02
9.288390503e+02,2.764102537e-03
9.290791016e+02,2.036276832e-02
9.293191528e+02,2.147331536e-01
9.295592651e+02,5.282870959e-03
9.297993164e+02,2.785364911e-02
9.300394287e+02,1.781128906e-02
9.302795410e+02,-2.208010992e-03
9.305196533e+02,-1.226672786e-03
9.307597656e+02,3.107571101e-04
9.309998779e+02,1.840009168e-02
9.312400513e+02,-2.755924873e-02
9.314801636e+02,1.064751949e-02
9.317203369e+02,1.324806595e-03
9.319605103e+02,2.706857957e-02
9.322006836e+02,1.051667426e-02
9.324408569e+02,2.124597318e-02
9.326810303e+02,5.101323128e-02
9.329212036e+02,-6.395054050e-03
9.331614380e+02,2.765738219e-02
9.334016113e+02,2.049361356e-02
9.336418457e+02,2.075530402e-02
9.338820801e+02,-1.594674587e-02
9.341223145e+02,1.238121744e-02
9.343625488e+02,-3.320194315e-03
9.346027832e+02,3.974419553e-03
9.348430176e+02,-5.397360073e-04
9.350833130e+02,3.246593848e-02
9.353236084e+02,3.583519906e-02
9.355638428e+02,8.979245089e-03
9.358041382e+02,-6.100652739e-03
9.360444336e+02,-1.146530174e-02
9.362847290e+02,2.703586780e-02
9.365250854e+02,2.746111527e-02
9.367653809e+02,-1.113818865e-02
9.370057373e+02,1.866178215e-02
9.372460327e+02,1.619208022e-03
9.374863892e+02,2.268526889e-02
9.377267456e+02,-1.144894559e-04
9.379671021e+02,1.090920996e-02
9.382075195e+02,2.890041098e-02
9.384478760e+02,7.049279753e-03
9.386882324e+02,-5.724473158e-04
9.389286499e+02,-8.325018920e-03
9.391690674e+02,1.951227523e-02
9.394094849e+02,1.967583038e-02
9.396499023e+02,3.024157323e-02
9.398903198e+02,1.483456232e-02
9.401307373e+02,4.398030788e-02
9.403712158e+02,-2.175299684e-03
9.406116333e+02,1.244664006e-02
9.408521118e+02,-1.748417504e-02
9.410925903e+02,2.175299684e-03
9.413330078e+02,3.403608128e-02
9.415735474e+02,-3.974419553e-03
9.418140259e+02,9.895160794e-03
9.420545044e+02,5.070247571e-04
9.422950439e+02,3.874650225e-02
9.425355225e+02,-4.906691174e-05
9.427760620e+02,-1.257748529e-02
9.430166016e+02,1.575047895e-02
9.432571411e+02,2.095157094e-02
9.434976807e+02,-3.581884550e-03
9.437382202e+02,-1.395135839e-02
9.439787598e+02,1.591403410e-02
9.442193604e+02,-2.894947771e-03
9.444599609e+02,2.208010992e-03
9.447005005e+02,2.240722300e-03
9.449411011e+02,1.913609565e-03
9.451817017e+02,8.096040227e-03
9.454223022e+02,-1.254477352e-02
9.456629639e+02,1.120361127e-02
9.459035645e+02,-4.088909191e-04
9.461442261e+02,1.051667426e-02
9.463848267e+02,-1.192325912e-02
9.466254883e+02,1.306815352e-02
9.468661499e+02,5.932189524e-02
9.471068115e+02,1.251206268e-02
9.473475342e+02,4.007130861e-03
9.475881958e+02,-1.689537242e-02
9.478288574e+02,8.341374923e-04
9.480695801e+02,-1.234850567e-02
9.483103027e+02,-2.142588375e-03
9.485510254e+02,2.818076313e-02
9.487917480e+02,2.432083152e-02
9.490324707e+02,1.928329654e-02
9.492731934e+02,-1.607759111e-02
9.495139160e+02,5.348293111e-03
9.497546997e+02,1.584861241e-02
9.499954834e+02,7.360036834e-04
9.502362061e+02,4.283541441e-02
9.504769897e+02,4.661356565e-03
9.507177734e+02,3.047055192e-02
9.509585571e+02,3.426505998e-02
9.511994019e+02,1.211952697e-02
9.514401855e+02,2.049361356e-02
9.516810303e+02,2.085343748e-02
9.519218140e+02,2.059174702e-02
9.521626587e+02,-5.806250963e-03
9.524035034e+02,7.016568445e-03
9.526443481e+02,5.608347803e-02
9.528852539e+02,5.708117504e-03
9.531260986e+02,-2.091885917e-02
9.533669434e+02,-2.175299684e-03
9.536078491e+02,1.143258996e-02
9.538487549e+02,3.501741961e-02
9.540896606e+02,-2.494234592e-02
9.543305664e+02,1.591403410e-02
9.545714722e+02,-3.287483007e-03
9.548123779e+02,3.197526932e-02
9.550532837e+02,1.535794325e-02
9.552942505e+02,-1.421304885e-02
9.555352173e+02,2.926023491e-02
9.557761230e+02,2.500776947e-02
9.560170898e+02,2.927659079e-03
9.562580566e+02,-1.162885781e-02
9.564990845e+02,2.208010992e-03
9.567400513e+02,2.706857957e-02
9.569810181e+02,1.126903389e-02
9.572220459e+02,-2.026463486e-02
9.574630737e+02,2.665968845e-03
9.577040405e+02,9.797026403e-03
9.579450684e+02,2.441896684e-02
9.581860962e+02,-2.101699263e-02
9.584271851e+02,6.918434519e-03
9.586682129e+02,1.385322493e-02
9.589092407e+02,2.785364911e-02
9.591503296e+02,5.381004419e-03
9.593914185e+02,1.208681613e-02
9.596325073e+02,5.820971355e-02
9.598735962e+02,-2.927659079e-03
9.601146851e+02,-6.264208816e-03
9.603557739e+02,1.280646399e-02
9.605968628e+02,1.503083017e-02
9.608380127e+02,1.130174473e-02
9.610791626e+02,-1.185783651e-02
9.613202515e+02,1.493269671e-02
9.615614014e+02,-3.843574785e-03
9.618025513e+02,-7.572659757e-03
9.620437012e+02,-1.097463258e-02
9.622849121e+02,4.234474525e-02
9.625260620e+02,1.627385803e-02
9.627672729e+02,-1.979032066e-03
9.630084229e+02,-1.280646399e-02
9.632496338e+02,1.208681613e-02
9.634908447e+02,4.268821329e-03
9.637320557e+02,-1.611030288e-02
9.639732666e+02,-1.913609565e-03
9.642145386e+02,1.372237969e-02
9.644557495e+02,5.205999315e-02
9.646970215e+02,9.142801166e-03
9.649382324e+02,-8.619420230e-03
9.651795044e+02,1.081107650e-02
9.654207764e+02,2.818076313e-02
9.656620483e+02,6.656744052e-03
9.659033203e+02,-1.133445650e-02
9.661446533e+02,2.948921360e-02
9.663859253e+02,-2.453345514e-04
9.666272583e+02,-1.826924644e-02
9.668685913e+02,-1.586496830e-03
9.671099243e+02,5.397360073e-04
9.673512573e+02,1.692808419e-02
9.675925903e+02,4.759490490e-03
9.678339233e+02,-3.451039316e-03
9.680752563e+02,2.778822742e-02
9.683166504e+02,2.039548010e-02
9.685579834e+02,4.072553478e-03
9.687993774e+02,1.539065409e-02
9.690407715e+02,-4.628645256e-03
9.692821655e+02,-1.799120073e-04
9.695235596e+02,1.879262738e-02
9.697650146e+02,1.169428043e-02
9.700064087e+02,-2.927659079e-03
9.702478638e+02,1.195597090e-02
9.704892578e+02,-1.506354194e-02
9.707307129e+02,-2.137681842e-02
9.709721680e+02,2.173664235e-02
9.712136230e+02,4.923046567e-03
9.714550781e+02,-2.011743374e-03
9.716965942e+02,-7.016568445e-03
9.719380493e+02,4.862530902e-02
9.721795654e+02,-3.810863476e-03
9.724210205e+02,-1.696079597e-02
9.726625366e+02,2.006836608e-02
9.729040527e+02,-6.231497508e-03
9.731455688e+02,1.026316211e-01
9.733870850e+02,1.619208022e-03
9.736286621e+02,-1.830195822e-02
9.738701782e+02,1.938143000e-02
9.741117554e+02,1.032040734e-02
9.743533325e+02,9.371779859e-03
9.745948486e+02,-1.928329654e-02
9.748364258e+02,1.463829540e-02
9.750780029e+02,-1.521074213e-03
9.753196411e+02,-1.548878849e-02
9.755612183e+02,-9.240934625e-03
9.758028564e+02,6.754877977e-03
9.760444336e+02,2.294695936e-02
9.762860718e+02,-1.561963372e-02
9.765277100e+02,5.487316102e-02
9.767693481e+02,5.871673580e-03
9.770109863e+02,3.060139716e-02
9.772526245e+02,-1.427847147e-02
9.774943237e+02,-1.259384095e-03
9.777359619e+02,4.039842170e-03
9.779776611e+02,1.329713315e-02
9.782193604e+02,-1.303544268e-02
9.784610596e+02,2.769009396e-02
9.787027588e+02,-8.553998545e-03
9.789444580e+02,6.918434519e-03
9.791861572e+02,-1.875991561e-02
9.794278564e+02,-6.624032743e-03
9.796696167e+02,3.635857999e-02
9.799113770e+02,2.883498743e-02
9.801530762e+02,-1.095827669e-03
9.803948364e+02,4.890335258e-03
9.806365967e+02,2.199833095e-02
9.808784180e+02,1.807297952e-02
9.811201782e+02,4.432377405e-03
9.813619385e+02,-3.254771698e-03
9.816037598e+02,3.614595858e-03
9.818455811e+02,-9.273646399e-03
9.820873413e+02,-1.185783651e-02
9.823291626e+02,3.298931941e-02
9.825709839e+02,1.259384095e-03
9.828128662e+02,2.075530402e-02
9.830546875e+02,-1.205410436e-02
9.832965088e+02,1.774586551e-02
9.835383911e+02,2.281611413e-02
9.837802734e+02,-1.054938603e-02
9.840221558e+02,-2.183477581e-02
9.842639771e+02,-1.215223782e-02
9.845059204e+02,3.745440859e-03
9.847478027e+02,2.796813846e-03
9.849896851e+02,4.416021984e-04
9.852316284e+02,-2.170393057e-02
9.854735107e+02,1.525980886e-02
9.857154541e+02,5.765362084e-02
9.859573975e+02,-1.133445650e-02
9.861993408e+02,3.483750625e-03
9.864412842e+02,1.182512566e-02
9.866832275e+02,1.117090043e-02
9.869251709e+02,-7.245547138e-03
9.871671753e+02,-1.025498472e-02
9.874091797e+02,2.890041098e-02
9.876511230e+02,3.123926697e-03
9.878931274e+02,-8.750265464e-03
9.881351318e+02,-2.199833095e-02
9.883771362e+02,1.094192080e-02
9.886192017e+02,1.359153446e-02
9.888612061e+02,2.764102537e-03
9.891032104e+02,-1.095827669e-03
9.893452759e+02,7.539948449e-03
9.895873413e+02,8.750265464e-03
9.898294067e+02,-2.044454683e-03
9.900714722e+02,3.091215389e-03
9.903135376e+02,2.569470555e-02
9.905556030e+02,2.535123844e-03
9.907977295e+02,-5.282870959e-03
9.910397949e+02,2.255442366e-02
9.912819214e+02,2.180206403e-02
9.915239868e+02,-9.976938600e-04
9.917661133e+02,-1.951227523e-02
9.920082397e+02,6.689455360e-03
9.922504272e+02,1.561963372e-02
9.924925537e+02,2.502412535e-03
9.927346802e+02,-1.391864661e-02
9.929768677e+02,-3.320194315e-03
9.932189941e+02,8.979245089e-03
9.934611816e+02,1.422940404e-03
9.937033691e+02,-9.633470327e-03
9.939455566e+02,3.194255754e-02
9.941877441e+02,1.804026775e-02
9.944299927e+02,1.813840121e-02
9.946721802e+02,-4.203398712e-03
9.949143677e+02,1.225037221e-02
9.951566162e+02,3.761796397e-04
9.953988647e+02,2.860600874e-02
9.956411133e+02,-1.902160607e-02
9.958833618e+02,5.904384889e-03
9.961256104e+02,1.064751949e-02
9.963678589e+02,-9.895160794e-03
9.966101685e+02,-5.724473158e-04
9.968524170e+02,1.329713315e-02
9.970947266e+02,3.037241846e-02
9.973370361e+02,1.342797838e-02
9.975793457e+02,-4.497800022e-03
9.978216553e+02,4.479809105e-02
9.980639648e+02,1.843280345e-02
9.983062744e+02,-2.013378963e-02
9.985486450e+02,-1.365695707e-02
9.987909546e+02,1.095827669e-03
9.990333252e+02,-2.829525154e-03
9.992756958e+02,-2.068988048e-02
9.995180664e+02,-1.983938739e-02
9.997604370e+02,5.775175244e-02
1.000002808e+03,-7.147413213e-03
1.000245178e+03,-8.390441537e-03
1.000487610e+03,4.007130861e-03
1.000729980e+03,1.012413949e-02
1.000972412e+03,2.569470555e-02
1.001214844e+03,-2.239086665e-02
1.001457275e+03,-7.899772376e-03
1.001699707e+03,-1.422940404e-03
1.001942139e+03,7.687149337e-04
1.002184570e+03,-5.282870959e-03
1.002427063e+03,-7.376392372e-03
1.002669495e+03,1.189054828e-02
1.002911987e+03,1.848186948e-03
1.003154480e+03,7.032923750e-04
1.003396973e+03,6.362342741e-03
1.003639465e+03,2.647977695e-02
1.003881958e+03,1.979032066e-03
1.004124451e+03,1.782764448e-03
1.004367004e+03,-3.483750625e-03
1.004609497e+03,2.729755826e-02
1.004852051e+03,-7.081990596e-03
1.005094604e+03,-1.614301279e-02
1.005337158e+03,-5.152025726e-03
1.005579712e+03,-5.838962272e-03
1.005822266e+03,9.469914250e-03
1.006064819e+03,4.007130861e-03
1.006307434e+03,1.633928157e-02
1.006549988e+03,2.798449434e-02
1.006792603e+03,1.898889430e-02
1.007035217e+03,7.932484150e-03
1.007277832e+03,-1.110547781e-02
1.007520447e+03,3.802685440e-02
1.007763062e+03,3.403608128e-02
1.008005676e+03,-5.609983578e-03
1.008248352e+03,-1.862907037e-02
1.008490967e+03,5.838962272e-03
1.008733643e+03,1.553785522e-03
1.008976318e+03,-8.946533315e-03
1.009218994e+03,2.579283901e-02
1.009461670e+03,1.715706289e-02
1.009704346e+03,4.080731422e-02
1.009947021e+03,8.390441537e-03
1.010189758e+03,5.258337408e-02
1.010432434e+03,6.231497508e-03
1.010675171e+03,3.941708710e-03
1.010917908e+03,-3.712729551e-03
1.011160645e+03,-1.944685169e-02
1.011403381e+03,6.624032743e-03
1.011646118e+03,-8.259596303e-03
1.011888855e+03,-1.133445650e-02
1.012131653e+03,-3.222060390e-03
1.012374390e+03,1.931600645e-02
1.012617188e+03,1.310086530e-02
1.012859985e+03,-1.215223782e-02
1.013102783e+03,-8.014261839e-04
1.013345581e+03,2.687231079e-02
1.013588379e+03,6.591321900e-03
1.013831177e+03,3.778152168e-03
1.014074036e+03,1.002600510e-02
1.014316833e+03,1.259384095e-03
1.014559692e+03,1.126903389e-02
1.014802551e+03,1.758231036e-02
1.015045349e+03,-1.153072435e-02
1.015288269e+03,1.774586551e-02
1.015531128e+03,1.597945765e-02
1.015773987e+03,-1.005708128e-01
1.016016846e+03,-1.022717953e-01
1.016259766e+03,-1.045288742e-01
1.016502686e+03,-1.042017639e-01
1.016745544e+03,-1.036129594e-01
1.016988464e+03,-1.047251448e-01
