1.933779755e+02,2.613473218e-03
1.935834351e+02,-1.437683124e-02
1.937889099e+02,5.527032074e-03
1.939943848e+02,-1.195432153e-02
1.941998901e+02,3.791991621e-03
1.944053955e+02,-1.904179924e-03
1.946109161e+02,1.361297723e-02
1.948164520e+02,5.265139509e-03
1.950220032e+02,1.734495163e-02
1.952275696e+02,-1.228168793e-02
1.954331360e+02,2.218997106e-02
1.956387177e+02,3.918027505e-02
1.958443298e+02,1.894904487e-02
1.960499420e+02,-7.011092268e-03
1.962555695e+02,1.302371733e-02
1.964611969e+02,3.024317883e-02
1.966668549e+02,7.785859052e-03
1.968725128e+02,2.674036101e-02
1.970782013e+02,9.259006940e-03
1.972838898e+02,3.348410502e-02
1.974895935e+02,1.744316146e-02
1.976953125e+02,2.016030066e-02
1.979010315e+02,-1.015380770e-02
1.981067810e+02,-2.624385525e-03
1.983125305e+02,1.423497219e-02
1.985182953e+02,-1.576813753e-03
1.987240906e+02,-7.256616955e-04
1.989298706e+02,-6.978355814e-03
1.991356812e+02,-8.680659346e-03
1.993415070e+02,-2.018758096e-04
1.995473328e+02,-1.765049249e-02
1.997531891e+02,-8.778869174e-03
1.999590454e+02,-6.978355814e-03
2.001649170e+02,9.389952756e-03
2.003708038e+02,-1.506430004e-02
2.005766907e+02,3.885290772e-02
2.007826080e+02,1.842525974e-02
2.009885254e+02,-8.238715236e-04
2.011944733e+02,1.909636048e-04
2.014004211e+02,2.777156420e-03
2.016063843e+02,-1.805970096e-03
2.018123627e+02,-2.013847604e-02
2.020183411e+02,-4.392162897e-03
2.022243500e+02,3.132348508e-02
2.024303589e+02,3.497361904e-03
2.026363831e+02,2.104418911e-02
2.028424225e+02,2.949023619e-02
2.030484772e+02,1.498791482e-02
2.032545471e+02,8.560080081e-02
2.034606171e+02,1.991477562e-03
2.036667175e+02,7.523966022e-03
2.038728180e+02,8.211434819e-03
2.040789337e+02,2.186260372e-02
2.042850647e+02,3.759254934e-03
2.044912109e+02,-3.999323584e-03
2.046973724e+02,-1.077580359e-02
2.049035339e+02,-8.287820034e-03
2.051097107e+02,2.117513493e-02
2.053159180e+02,7.005090266e-02
2.055221252e+02,6.399463117e-02
2.057283478e+02,-6.225413643e-03
2.059345703e+02,1.304008649e-03
2.061408234e+02,-1.077580359e-02
2.063470764e+02,6.934706587e-03
2.065533600e+02,2.580736764e-03
2.067596436e+02,-1.120137889e-02
2.069659424e+02,1.531528123e-02
2.071722412e+02,7.949542254e-03
2.073785706e+02,2.955571003e-02
2.075848999e+02,-9.564548731e-03
2.077912598e+02,-1.693028770e-02
2.079976196e+02,1.790147461e-02
2.082039948e+02,1.893267734e-03
2.084103851e+02,6.345447619e-03
2.086167908e+02,1.204161905e-02
2.088231964e+02,1.696847961e-03
2.090296173e+02,-1.761775650e-02
2.092360687e+02,7.654912304e-03
2.094425201e+02,8.784325910e-04
2.096489868e+02,3.791991621e-03
2.098554535e+02,4.029332101e-02
2.100619507e+02,9.651846252e-03
2.102684479e+02,-1.676660404e-02
2.104749756e+02,7.360282820e-03
2.106815033e+02,5.887134932e-03
2.108880463e+02,9.259006940e-03
2.110946045e+02,2.713320032e-02
2.113011627e+02,-1.249447581e-03
2.115077515e+02,-2.820805181e-03
2.117143402e+02,-6.274518091e-04
2.119209442e+02,-2.689858666e-03
2.121275635e+02,8.276907727e-03
2.123341980e+02,4.120994359e-02
2.125408478e+02,7.196599618e-03
2.127475128e+02,9.488162585e-03
2.129541779e+02,1.878536306e-02
2.131608582e+02,-5.374261178e-03
2.133675537e+02,-8.549713530e-03
2.135742645e+02,2.155160764e-03
2.137809906e+02,-1.630829088e-02
2.139877319e+02,-5.243314896e-03
2.141944733e+02,2.235365286e-02
2.144012299e+02,-2.351034805e-02
2.146080017e+02,-1.740496838e-03
2.148147888e+02,-1.205253135e-02
2.150215912e+02,-7.240248378e-03
2.152284088e+02,-1.699575968e-02
2.154352264e+02,4.053884652e-03
2.156420746e+02,3.562835278e-03
2.158489227e+02,-1.810880564e-02
2.160557861e+02,6.001713336e-05
2.162626648e+02,1.076489128e-02
2.164695435e+02,3.112706728e-02
2.166764526e+02,2.209176123e-02
2.168833618e+02,-4.915948957e-03
2.170902863e+02,-9.859178215e-03
2.172972412e+02,3.931122273e-02
2.175041809e+02,1.917820238e-02
2.177111511e+02,4.484371096e-02
2.179181366e+02,-4.883212037e-03
2.181251221e+02,1.446412876e-02
2.183321228e+02,-5.832573865e-03
2.185391388e+02,-1.051391009e-02
2.187461700e+02,-5.243314896e-03
2.189532166e+02,-9.335392155e-03
2.191602783e+02,-3.049961524e-03
2.193673401e+02,-2.395229181e-03
2.195744171e+02,5.232402589e-03
2.197815247e+02,-1.380394096e-03
2.199886322e+02,8.506064303e-03
2.201957397e+02,8.866167627e-03
2.204028778e+02,-1.604639925e-02
2.206100159e+02,3.873833048e-04
2.208171844e+02,-1.290368382e-02
2.210243530e+02,-7.927717641e-03
2.212315369e+02,8.784325910e-04
2.214387360e+02,2.042219415e-02
2.216459351e+02,-1.647197455e-02
2.218531647e+02,-6.127203815e-03
2.220603943e+02,2.875366248e-03
2.222676392e+02,-3.017224837e-03
2.224748993e+02,2.559457906e-02
2.226821747e+02,3.685597703e-02
2.228894653e+02,4.970509559e-03
2.230967712e+02,-1.231442392e-02
2.233040771e+02,3.011223115e-02
2.235113983e+02,-3.508274211e-03
2.237187347e+02,-4.915948957e-03
2.239260864e+02,3.322220966e-02
2.241334534e+02,-1.447504107e-02
2.243408203e+02,-1.640650071e-02
2.245482178e+02,1.633011550e-02
2.247556152e+02,2.353217266e-02
2.249630280e+02,-6.978355814e-03
2.251704559e+02,2.088050544e-02
2.253778839e+02,3.636492416e-02
2.255853424e+02,2.359764464e-02
2.257928009e+02,-1.706123352e-02
2.260002899e+02,3.530098591e-03
2.262077789e+02,-5.145105068e-03
2.264152832e+02,3.922937904e-03
2.266227875e+02,-1.418041158e-02
2.268303223e+02,1.515159756e-02
2.270378571e+02,-3.606484039e-03
2.272454224e+02,1.348203048e-02
2.274529877e+02,-1.293641981e-02
2.276605682e+02,-2.432876267e-02
2.278681488e+02,-2.558912383e-03
2.280757599e+02,7.327546366e-03
2.282833710e+02,1.271271962e-03
2.284910126e+02,-1.810880564e-02
2.286986542e+02,-1.002286095e-02
2.289063110e+02,1.488970499e-02
2.291139679e+02,6.492762477e-04
2.293216553e+02,1.397307962e-02
2.295293427e+02,1.053573471e-02
2.297370605e+02,5.237313360e-02
2.299447784e+02,1.989840716e-02
2.301525116e+02,-2.161162347e-02
2.303602448e+02,1.958740875e-03
2.305680084e+02,-6.749199238e-03
2.307757721e+02,2.351580421e-03
2.309835663e+02,2.024214249e-03
2.311913605e+02,6.487852335e-02
2.313991699e+02,4.577670246e-03
2.316069794e+02,-1.630829088e-02
2.318148193e+02,2.117513493e-02
2.320226746e+02,1.358024031e-02
2.322305298e+02,4.746263847e-02
2.324384003e+02,-1.562082302e-02
2.326462860e+02,1.937462203e-02
2.328541870e+02,-1.712670736e-02
2.330620880e+02,-4.310321237e-04
2.332700195e+02,-6.421833299e-03
2.334779510e+02,-7.911349530e-04
2.336858978e+02,2.392501198e-02
2.338938599e+02,-8.058664389e-03
2.341018372e+02,-5.472471006e-03
2.343098145e+02,-2.815894783e-02
2.345178223e+02,3.469535708e-02
2.347258301e+02,-9.220814100e-04
2.349338531e+02,-9.564548731e-03
2.351418915e+02,2.736235596e-02
2.353499298e+02,1.344929356e-02
2.355579987e+02,-2.148067765e-02
2.357660675e+02,-2.675127238e-02
2.359741669e+02,-5.930783693e-03
2.361822662e+02,1.957104169e-02
2.363903809e+02,2.877003141e-02
2.365984955e+02,-8.058664389e-03
2.368066406e+02,-1.231442392e-02
2.370147858e+02,-1.053027809e-03
2.372229462e+02,6.509130821e-03
2.374311371e+02,9.619109333e-03
2.376393127e+02,2.778793126e-02
2.378475189e+02,5.854398478e-03
2.380557404e+02,8.571538143e-03
2.382639618e+02,2.199355140e-02
2.384721985e+02,-6.585516036e-03
2.386804504e+02,1.279456168e-02
2.388887177e+02,4.595675319e-02
2.390970001e+02,6.923249364e-02
2.393052826e+02,-7.534878328e-03
2.395135956e+02,2.842629561e-03
2.397219086e+02,3.053780831e-02
2.399302368e+02,2.503805608e-02
2.401385803e+02,-2.085868083e-02
2.403469238e+02,3.145443276e-02
2.405552979e+02,1.073215436e-02
2.407636719e+02,-1.696302369e-02
2.409720612e+02,-3.148171352e-03
2.411804657e+02,-9.335392155e-03
2.413888855e+02,-2.166072838e-03
2.415973206e+02,-2.624385525e-03
2.418057556e+02,-9.073499590e-03
2.420142059e+02,1.741042361e-02
2.422226715e+02,7.787495852e-02
2.424311523e+02,-1.051391009e-02
2.426396484e+02,5.134192761e-03
2.428481598e+02,9.095323272e-03
2.430566711e+02,-8.975289762e-03
2.432651978e+02,-8.647923358e-03
2.434737549e+02,2.318843734e-03
2.436822968e+02,-1.562082302e-02
2.438908691e+02,-1.486788038e-02
2.440994568e+02,3.661045106e-03
2.443080444e+02,-1.702849753e-02
2.445166473e+02,3.476083279e-02
2.447252655e+02,2.097871527e-02
2.449338989e+02,-7.665824611e-03
2.451425476e+02,-1.928732358e-02
2.453511963e+02,-1.077580359e-02
2.455598755e+02,3.759254934e-03
2.457685547e+02,5.273323506e-02
2.459772491e+02,-2.154614963e-02
2.461859589e+02,-5.276051350e-03
2.463946686e+02,2.536542341e-02
2.466034088e+02,2.728051550e-05
2.468121490e+02,-2.874820679e-02
2.470209045e+02,4.872299731e-03
2.472296753e+02,1.452960167e-02
2.474384613e+02,-1.048117410e-02
2.476472626e+02,9.750056081e-03
2.478560638e+02,8.866167627e-03
2.480648804e+02,1.958740875e-03
2.482737122e+02,1.341655664e-02
2.484825592e+02,-1.316557638e-02
2.486914215e+02,5.559768993e-03
2.489002991e+02,-7.256616955e-04
2.491091766e+02,-1.346020587e-02
2.493180695e+02,1.377665997e-02
2.495269775e+02,9.422689676e-03
2.497359009e+02,-6.716462784e-03
2.499448395e+02,1.138688717e-02
2.501537781e+02,-2.154614963e-02
2.503627472e+02,1.200888213e-02
2.505717163e+02,1.940735802e-02
2.507807007e+02,-2.806073800e-02
2.509897003e+02,3.857464762e-03
2.511987000e+02,4.117720947e-02
2.514077301e+02,-8.025927469e-03
2.516167603e+02,3.643039986e-02
2.518258057e+02,-2.593285777e-02
2.520348663e+02,2.844266407e-02
2.522439423e+02,8.456959622e-04
2.524530182e+02,2.908102935e-03
2.526621246e+02,-2.085868083e-02
2.528712311e+02,1.125594042e-02
2.530803528e+02,2.842629561e-03
2.532894897e+02,-9.859178215e-03
2.534986420e+02,-1.601366140e-02
2.537077942e+02,-4.032060038e-03
2.539169617e+02,9.946475737e-03
2.541261444e+02,2.209176123e-02
2.543353424e+02,1.047026180e-02
2.545445557e+02,4.752811417e-02
2.547537842e+02,-5.636154208e-03
2.549630127e+02,2.804982476e-02
2.551722717e+02,-1.945100725e-02
2.553815308e+02,1.200888213e-02
2.555908051e+02,-9.957388043e-03
2.558000793e+02,-1.516250987e-02
2.560093689e+02,1.827794476e-03
2.562186890e+02,1.295824442e-02
2.564280090e+02,2.166618407e-02
2.566373596e+02,-6.847409066e-03
2.568467102e+02,-1.188884862e-02
2.570560608e+02,-6.454569753e-03
2.572654419e+02,2.467795275e-02
2.574748230e+02,-2.226635627e-02
2.576842041e+02,-2.886278555e-03
2.578936157e+02,-3.000856668e-04
2.581030579e+02,-3.180908039e-03
2.583125000e+02,2.564368478e-04
2.585219421e+02,-1.293641981e-02
2.587313843e+02,4.577670246e-03
2.589408569e+02,1.060120761e-02
2.591503601e+02,-9.499074891e-03
2.593598633e+02,-6.847409066e-03
2.595693665e+02,1.986567117e-02
2.597789001e+02,9.488162585e-03
2.599884338e+02,-2.282287925e-02
2.601979675e+02,-6.601884379e-04
2.604075317e+02,5.330612417e-03
2.606170959e+02,1.254903618e-04
2.608266907e+02,-1.457325090e-02
2.610362854e+02,-1.928732358e-02
2.612459106e+02,9.488162585e-03
2.614555359e+02,-1.609550323e-03
2.616651611e+02,-3.344591008e-03
2.618748169e+02,-1.375483535e-02
2.620844727e+02,5.461559165e-03
2.622941284e+02,9.488162585e-03
2.625038147e+02,-1.640650071e-02
2.627135315e+02,-4.621319007e-03
2.629232483e+02,1.966925152e-02
2.631329651e+02,-1.231442392e-02
2.633426819e+02,-2.563822828e-02
2.635524292e+02,6.410920992e-03
2.637622070e+02,-1.591545157e-02
2.639719849e+02,2.842629561e-03
2.641817627e+02,-8.156874217e-03
2.643915710e+02,-3.442800837e-03
2.646013794e+02,2.237002191e-04
2.648111877e+02,-7.600351237e-03
2.650210266e+02,-1.457325090e-02
2.652308655e+02,-2.526175696e-03
2.654407349e+02,7.753122132e-03
2.656506042e+02,1.263087802e-02
2.658605042e+02,-4.228479695e-03
2.660704041e+02,1.803242043e-02
2.662803040e+02,1.174698956e-02
2.664902344e+02,-1.493335329e-02
2.667001648e+02,5.312607437e-02
2.669101257e+02,-8.582449518e-03
2.671200867e+02,5.838029901e-04
2.673300476e+02,1.060120761e-02
2.675400391e+02,-2.035126323e-03
2.677500305e+02,6.509130821e-03
2.679600525e+02,2.728051550e-05
2.681700745e+02,5.270049721e-02
2.683800964e+02,-3.180908039e-03
2.685901489e+02,-2.540907077e-02
2.688002014e+02,3.505546227e-02
2.690102844e+02,-2.460702322e-03
2.692203674e+02,-1.486788038e-02
2.694304504e+02,2.548000077e-03
2.696405640e+02,2.166618407e-02
2.698506775e+02,-1.773233409e-03
2.700608215e+02,-2.295382507e-02
2.702709656e+02,-2.144793980e-02
2.704811401e+02,1.289277151e-02
2.706913147e+02,1.369481790e-03
2.709014893e+02,5.527032074e-03
2.711116943e+02,-3.475537524e-03
2.713218994e+02,7.000179961e-03
2.715321045e+02,8.407854475e-03
2.717423401e+02,2.449790249e-03
2.719526062e+02,2.651120350e-02
2.721628418e+02,-1.342746895e-02
2.723731384e+02,-1.609550323e-03
2.725834045e+02,-1.581724174e-02
2.727937012e+02,-8.189610206e-03
2.730039978e+02,3.918027505e-02
2.732143250e+02,1.344929356e-02
2.734246521e+02,3.326313198e-01
2.736350098e+02,-1.850164495e-02
2.738453674e+02,1.181246247e-02
2.740557556e+02,-1.548987627e-02
2.742661133e+02,-1.339473296e-02
2.744765320e+02,-8.320556954e-03
2.746869202e+02,-1.431135833e-02
2.748973389e+02,-5.619786098e-04
2.751077881e+02,2.464521676e-02
2.753182373e+02,1.001194865e-02
2.755286865e+02,2.523447573e-02
2.757391663e+02,-1.149600931e-02
2.759496460e+02,-6.225413643e-03
2.761601257e+02,-2.570370026e-02
2.763706360e+02,3.302579001e-02
2.765811462e+02,4.821558297e-02
2.767916870e+02,9.062587284e-03
2.770022278e+02,-4.392162897e-03
2.772127991e+02,4.425445199e-02
2.774233704e+02,2.369585447e-02
2.776339417e+02,2.084776945e-02
2.778445435e+02,7.818595506e-03
2.780551453e+02,-7.894980721e-03
2.782657471e+02,-4.883212037e-03
2.784763794e+02,-8.942552842e-03
2.786870422e+02,2.564368478e-04
2.788976746e+02,-9.335392155e-03
2.791083679e+02,8.440591395e-03
2.793190308e+02,-3.410064382e-03
2.795297241e+02,-5.046895240e-03
2.797404175e+02,1.184519939e-02
2.799511414e+02,-1.576813753e-03
2.801618652e+02,-8.811606094e-03
2.803726196e+02,-2.020394988e-02
2.805833740e+02,-4.326689523e-03
2.807941284e+02,2.762424946e-02
2.810049133e+02,-9.728231467e-03
2.812156982e+02,2.294291370e-02
2.814265137e+02,-8.566081524e-04
2.816373291e+02,-6.880145986e-03
2.818481750e+02,-3.316764906e-02
2.820589905e+02,-1.781417616e-02
2.822698669e+02,6.491125375e-02
2.824807129e+02,1.950556785e-02
2.826915894e+02,-1.617734507e-02
2.829024963e+02,-8.516976610e-03
2.831134033e+02,1.582269906e-04
2.833243103e+02,3.374599665e-02
2.835352478e+02,-4.064796492e-03
2.837461853e+02,-2.756968886e-02
2.839571228e+02,2.955571003e-02
2.841680908e+02,-5.292419810e-04
2.843790588e+02,-7.502141409e-03
2.845900574e+02,-2.904283628e-02
2.848010559e+02,1.822884008e-02
2.850120850e+02,1.551170088e-02
2.852230835e+02,6.083554588e-03
2.854341431e+02,-3.081061319e-02
2.856452026e+02,2.646209905e-03
2.858562622e+02,-1.801059581e-02
2.860673218e+02,9.160797112e-03
2.862784119e+02,-7.600351237e-03
2.864895020e+02,1.259814203e-02
2.867006226e+02,1.043752488e-02
2.869117432e+02,-1.643923856e-02
2.871228943e+02,-2.580191009e-02
2.873340454e+02,-2.297019353e-03
2.875451965e+02,-1.126685273e-02
2.877563782e+02,-1.961469091e-02
2.879675598e+02,-8.353293873e-03
2.881787720e+02,5.952608306e-03
2.883899536e+02,8.833430707e-03
2.886011963e+02,1.434955047e-03
2.888124390e+02,-1.850164495e-02
2.890236816e+02,3.104522591e-03
2.892349243e+02,3.390967846e-02
2.894461975e+02,-1.581724174e-02
2.896575012e+02,-1.444230415e-02
2.898687744e+02,2.678946592e-03
2.900801086e+02,1.560991071e-02
2.902914124e+02,-9.728231467e-03
2.905027466e+02,-1.624281891e-02
2.907141113e+02,9.455426596e-03
2.909254456e+02,3.351683915e-02
2.911368408e+02,2.711683046e-03
2.913482056e+02,-8.516976610e-03
2.915596008e+02,8.080488071e-03
2.917710266e+02,1.194340922e-02
2.919824219e+02,1.871988922e-02
2.921938782e+02,-2.040036954e-02
2.924053040e+02,7.589439396e-03
2.926167603e+02,3.492451459e-02
2.928282471e+02,-1.512977295e-02
2.930397034e+02,-1.270726416e-02
2.932512207e+02,3.661045106e-03
2.934627075e+02,2.351580421e-03
2.936742249e+02,-2.984488383e-03
2.938857727e+02,-8.778869174e-03
2.940973206e+02,2.471069060e-02
2.943088684e+02,-6.323623471e-03
2.945204163e+02,-4.310321237e-04
2.947320251e+02,-9.630021639e-03
2.949436035e+02,-8.746133186e-03
2.951552124e+02,-7.174775470e-03
2.953668213e+02,-3.966586664e-03
2.955784607e+02,-1.637376472e-02
2.957901001e+02,-2.984488383e-03
2.960017395e+02,-4.326689523e-03
2.962134094e+02,-3.054871969e-02
2.964250793e+02,-1.915637776e-02
2.966367798e+02,1.839252375e-02
2.968484802e+02,8.571538143e-03
2.970601807e+02,-1.172516495e-02
2.972719116e+02,-5.505207926e-03
2.974836731e+02,2.605289221e-02
2.976954041e+02,3.309126571e-02
2.979071655e+02,9.848265909e-03
2.981189575e+02,1.089583710e-02
2.983307495e+02,-1.968016289e-02
2.985425415e+02,-8.909815922e-03
2.987543335e+02,-9.760968387e-03
2.989661865e+02,-1.129958872e-02
2.991780090e+02,-1.673386805e-02
2.993898621e+02,-5.243314896e-03
2.996017151e+02,6.705550477e-03
2.998135986e+02,-1.755228266e-02
3.000254822e+02,1.394034270e-02
3.002373657e+02,1.030657813e-02
3.004492798e+02,-9.662758559e-03
3.006611938e+02,-2.544180863e-02
3.008731384e+02,1.724674180e-02
3.010850830e+02,4.905036651e-03
3.012970581e+02,2.055313997e-02
3.015090027e+02,-2.134972997e-02
3.017210083e+02,5.214397609e-02
3.019329834e+02,-3.377327695e-03
3.021450195e+02,-6.127203815e-03
3.023570251e+02,-1.977837272e-02
3.025690613e+02,2.205902338e-02
3.027810974e+02,2.448153310e-02
3.029931641e+02,-2.308477089e-02
3.032052307e+02,6.844680756e-02
3.034172974e+02,2.209176123e-02
3.036293945e+02,-2.377223969e-02
3.038414917e+02,-1.691391953e-04
3.040536194e+02,1.533164876e-03
3.042657471e+02,-1.244537067e-02
3.044779053e+02,2.569278888e-02
3.046900635e+02,-8.238715236e-04
3.049022217e+02,-4.883212037e-03
3.051143799e+02,6.738286931e-03
3.053265991e+02,1.205798704e-03
3.055387878e+02,-1.709397137e-02
3.057510071e+02,-2.233183011e-02
3.059632263e+02,-1.123411581e-02
3.061754761e+02,1.227077562e-02
3.063877258e+02,-1.118501066e-03
3.065999756e+02,-1.889448427e-02
3.068122559e+02,-1.660292037e-02
3.070245361e+02,-1.306736656e-02
3.072368469e+02,-1.588271558e-02
3.074491577e+02,-1.205253135e-02
3.076614990e+02,1.500428305e-03
3.078738098e+02,2.893371321e-02
3.080861816e+02,-4.261216614e-03
3.082985229e+02,-2.089141868e-02
3.085108948e+02,2.294291370e-02
3.087232971e+02,-5.537944380e-03
3.089356995e+02,-9.793704376e-03
3.091481018e+02,-7.534878328e-03
3.093605347e+02,1.698484831e-02
3.095729675e+02,-9.368129075e-03
3.097854004e+02,1.009379048e-03
3.099978638e+02,-2.085868083e-02
3.102103271e+02,1.790147461e-02
3.104228210e+02,8.637011051e-03
3.106353149e+02,1.336745219e-03
3.108478088e+02,-1.565355994e-02
3.110603333e+02,-2.056405134e-02
3.112728577e+02,-3.410064382e-03
3.114854126e+02,1.760684326e-02
3.116979675e+02,-1.342746895e-02
3.119105225e+02,-5.603417754e-03
3.121231079e+02,3.351683915e-02
3.123356934e+02,-7.796770893e-03
3.125483093e+02,2.713320032e-02
3.127609253e+02,6.312711164e-03
3.129735413e+02,-6.061730441e-03
3.131861877e+02,-1.837069914e-02
3.133988342e+02,-6.912882440e-03
3.136115112e+02,-1.169242896e-02
3.138241882e+02,7.000179961e-03
3.140368652e+02,-1.085764496e-03
3.142495728e+02,-8.778869174e-03
3.144622803e+02,3.115980327e-02
3.146750183e+02,4.746263847e-02
3.148877563e+02,-4.392162897e-03
3.151004944e+02,-1.968016289e-02
3.153132629e+02,-3.442800837e-03
3.155260315e+02,6.247237790e-03
3.157388306e+02,-6.847409066e-03
3.159516296e+02,-1.892722026e-02
3.161644287e+02,-1.136506256e-02
3.163772583e+02,-1.192158461e-02
3.165900879e+02,-1.544077182e-03
3.168029480e+02,2.580736764e-03
3.170158081e+02,5.657978822e-03
3.172286682e+02,4.184830934e-03
3.174415588e+02,1.898178272e-02
3.176544495e+02,-1.945100725e-02
3.178673706e+02,5.139103159e-02
3.180802612e+02,1.413676236e-02
3.182932129e+02,-6.159940269e-03
3.185061646e+02,-2.835536748e-02
3.187191162e+02,-1.594818942e-02
3.189320679e+02,-1.118501066e-03
3.191450500e+02,6.378184538e-03
3.193580322e+02,1.665748283e-02
3.195710449e+02,-2.035126323e-03
3.197840576e+02,-1.380394096e-03
3.199971008e+02,-1.182337478e-02
3.202101440e+02,1.171425264e-02
3.204231873e+02,4.942683503e-02
3.206362610e+02,6.476394366e-03
3.208493347e+02,-1.522798371e-02
3.210624084e+02,-2.236456610e-02
3.212755127e+02,1.140325563e-03
3.214886169e+02,7.393019274e-03
3.217017517e+02,-1.634102874e-02
3.219148865e+02,6.149027962e-03
3.221280518e+02,-1.267452724e-02
3.223411865e+02,2.169892192e-02
3.225543823e+02,1.655927300e-02
3.227675476e+02,3.300942248e-03
3.229807434e+02,2.772245929e-02
3.231939697e+02,-2.657122212e-03
3.234071960e+02,-1.408220176e-02
3.236204224e+02,8.145961910e-03
3.238336792e+02,2.065134980e-02
3.240469360e+02,-6.716462784e-03
3.242601929e+02,1.927641220e-02
3.244734802e+02,-7.272985298e-03
3.246867676e+02,-2.493439009e-03
3.249000854e+02,-1.087401342e-02
3.251134033e+02,1.259814203e-02
3.253267212e+02,-9.466338903e-03
3.255400696e+02,1.207435597e-02
3.257534180e+02,1.004468556e-02
3.259667969e+02,2.854087390e-02
3.261801758e+02,-1.008833386e-02
3.263935547e+02,-1.696302369e-02
3.266069641e+02,-6.520043127e-03
3.268203735e+02,3.292758018e-02
3.270337830e+02,6.640077103e-03
3.272472229e+02,5.297875963e-03
3.274606934e+02,-5.832573865e-03
3.276741333e+02,2.220633905e-03
3.278876038e+02,3.151990473e-02
3.281011047e+02,-1.151237753e-03
3.283146057e+02,-1.478603925e-03
3.285281067e+02,-1.051391009e-02
3.287416382e+02,-1.380394096e-03
3.289551697e+02,1.020836830e-02
3.291687317e+02,-4.097533412e-03
3.293822632e+02,2.415416762e-02
3.295958557e+02,-3.241470829e-02
3.298094177e+02,5.985344760e-03
3.300230103e+02,2.035672031e-02
3.302366333e+02,-1.015380770e-02
3.304502563e+02,-5.947152385e-04
3.306638794e+02,-2.133336151e-03
3.308775330e+02,7.556702476e-03
3.310911865e+02,-2.465613000e-02
3.313048401e+02,-1.064485684e-02
3.315185242e+02,-1.609550323e-03
3.317322083e+02,7.147495053e-04
3.319459229e+02,4.479460418e-03
3.321596375e+02,4.297772422e-02
3.323733521e+02,7.196599618e-03
3.325870972e+02,9.782793000e-03
3.328008423e+02,-5.734364036e-03
3.330146179e+02,-1.706123352e-02
3.332283936e+02,5.708720535e-02
3.334421692e+02,7.916805334e-03
3.336559753e+02,1.397307962e-02
3.338697815e+02,-2.272466943e-02
3.340835876e+02,1.076489128e-02
3.342974243e+02,1.696847961e-03
3.345112915e+02,5.299512669e-02
3.347251282e+02,-2.462339215e-02
3.349389954e+02,1.439865585e-02
3.351528931e+02,5.297875963e-03
3.353667908e+02,-1.421314850e-02
3.355806885e+02,-1.133232564e-02
3.357946167e+02,1.410402637e-02
3.360085449e+02,-9.531811811e-03
3.362224731e+02,-2.558912383e-03
3.364364319e+02,-9.237182327e-03
3.366503906e+02,4.638233036e-02
3.368643799e+02,2.421964146e-02
3.370783691e+02,1.685390249e-02
3.372923889e+02,-1.440956816e-02
3.375063782e+02,5.363349337e-03
3.377204285e+02,-7.109302096e-03
3.379344482e+02,3.791991621e-03
3.381484985e+02,-8.222347125e-03
3.383625793e+02,-1.057938393e-02
3.385766296e+02,2.777156420e-03
3.387907410e+02,-1.925458759e-02
3.390048218e+02,-5.276051350e-03
3.392189331e+02,-4.965053522e-04
3.394330444e+02,1.911272854e-02
3.396471863e+02,7.556702476e-03
3.398613281e+02,-1.490061730e-02
3.400755005e+02,-6.192676723e-03
3.402896729e+02,7.753122132e-03
3.405038452e+02,7.916805334e-03
3.407180481e+02,-9.400865063e-03
3.409322510e+02,-1.791238599e-02
3.411464539e+02,1.835978590e-02
3.413606873e+02,3.726518247e-03
3.415749207e+02,-6.618252955e-03
3.417891846e+02,-1.247810759e-02
3.420034485e+02,2.877003141e-02
3.422177124e+02,-1.588271558e-02
3.424320068e+02,1.043752488e-02
3.426463318e+02,-7.011092268e-03
3.428606262e+02,-1.107043307e-02
3.430749512e+02,6.803760305e-03
3.432892761e+02,-1.378757227e-02
3.435036316e+02,2.798435278e-02
3.437179871e+02,-1.293641981e-02
3.439323730e+02,-3.208734095e-02
3.441467590e+02,-2.198809525e-03
3.443611450e+02,-1.843617111e-02
3.445755615e+02,-6.159940269e-03
3.447899780e+02,-1.859985478e-02
3.450044250e+02,-5.767100956e-03
3.452188721e+02,-8.893447812e-04
3.454333191e+02,3.006312763e-03
3.456477661e+02,-2.161162347e-02
3.458622742e+02,-1.283820998e-02
3.460767517e+02,2.474342659e-02
3.462912598e+02,-3.000856668e-04
3.465057678e+02,-1.771596633e-02
3.467203064e+02,1.107588876e-03
3.469348450e+02,9.095323272e-03
3.471493835e+02,4.250304308e-03
3.473639526e+02,-1.904179924e-03
3.475785217e+02,1.200888213e-02
3.477931213e+02,7.802227046e-04
3.480077209e+02,1.646106318e-02
3.482223206e+02,3.530098591e-03
3.484369507e+02,-2.481981181e-02
3.486515808e+02,2.842629561e-03
3.488662109e+02,6.492762477e-04
3.490808716e+02,2.025851049e-02
3.492955627e+02,-1.653744839e-02
3.495102234e+02,1.148509700e-02
3.497249146e+02,-9.433601983e-03
3.499396362e+02,-7.076565642e-03
3.501543579e+02,-8.893447812e-04
3.503690796e+02,-2.984488383e-03
3.505838318e+02,-3.475537524e-03
3.507985840e+02,1.236898545e-02
3.510133362e+02,-8.287820034e-03
3.512281189e+02,2.732961997e-02
3.514429016e+02,1.459507551e-02
3.516577148e+02,-2.354308404e-02
3.518725281e+02,3.924574703e-02
3.520873413e+02,1.816336624e-02
3.523021851e+02,-9.499074891e-03
3.525170288e+02,2.831171826e-02
3.527318726e+02,-6.192676723e-03
3.529467468e+02,-2.820805181e-03
3.531616516e+02,2.173165791e-02
3.533765259e+02,2.613473218e-03
3.535914307e+02,-7.109302096e-03
3.538063660e+02,-5.767100956e-03
3.540213013e+02,1.705032215e-02
3.542362366e+02,6.820128765e-04
3.544512024e+02,-3.639220726e-03
3.546661682e+02,2.877003141e-02
3.548811340e+02,8.407854475e-03
3.550961304e+02,-1.532619353e-02
3.553111267e+02,-2.881367877e-02
3.555261536e+02,2.107692510e-02
3.557411804e+02,-6.389096379e-03
3.559562073e+02,3.502272442e-02
3.561712646e+02,-1.611187123e-02
3.563863220e+02,2.988307551e-02
3.566013794e+02,1.574085653e-02
3.568164673e+02,-2.026942186e-02
3.570315857e+02,3.399152076e-03
3.572466736e+02,5.690715276e-03
3.574617920e+02,1.944009401e-02
3.576769409e+02,-5.767100956e-03
3.578920898e+02,2.646209905e-03
3.581072388e+02,-3.966586664e-03
3.583223877e+02,2.605289221e-02
3.585375671e+02,4.677516967e-02
3.587527771e+02,-8.320556954e-03
3.589679871e+02,-1.486788038e-02
3.591831970e+02,2.318843734e-03
3.593984070e+02,-1.869806461e-02
3.596136475e+02,-8.238715236e-04
3.598289185e+02,-6.274518091e-04
3.600441589e+02,1.623190567e-02
3.602594299e+02,3.219100763e-04
3.604747314e+02,2.101145312e-02
3.606900330e+02,6.672814023e-03
3.609053345e+02,3.783807531e-02
3.611206665e+02,-1.290368382e-02
3.613359985e+02,-6.618252955e-03
3.615513306e+02,-8.222347125e-03
3.617666931e+02,8.244171739e-03
3.619820557e+02,-2.858452313e-02
3.621974487e+02,9.062587284e-03
3.624128418e+02,1.577359438e-02
3.626282349e+02,1.263087802e-02
3.628436584e+02,-1.183974324e-03
3.630590820e+02,-2.367402986e-02
3.632745056e+02,3.793628514e-02
3.634899597e+02,8.571538143e-03
3.637054443e+02,3.497361904e-03
3.639208984e+02,-7.011092268e-03
3.641363831e+02,8.669747971e-03
3.643518982e+02,-1.712670736e-02
3.645674133e+02,-1.997479238e-02
3.647829285e+02,2.353217266e-02
3.649984436e+02,5.292965472e-02
3.652139893e+02,1.236898545e-02
3.654295654e+02,2.318843734e-03
3.656451111e+02,-2.331392840e-02
3.658607178e+02,6.345447619e-03
3.660762939e+02,-4.064796492e-03
3.662919006e+02,1.223803870e-02
3.665075073e+02,2.454700693e-02
3.667231445e+02,4.091531411e-02
3.669387817e+02,-1.364025666e-04
3.671544495e+02,-2.652211674e-02
3.673700867e+02,-1.522798371e-02
3.675857849e+02,-3.328222665e-04
3.678014526e+02,3.174906224e-02
3.680171509e+02,1.027384214e-02
3.682328796e+02,-1.395125501e-02
3.684485779e+02,2.353217266e-02
3.686643066e+02,-2.788068494e-03
3.688800659e+02,2.024214249e-03
3.690958252e+02,-9.990124032e-03
3.693115845e+02,2.503805608e-02
3.695273743e+02,4.932862520e-02
3.697431641e+02,1.917820238e-02
3.699589539e+02,-1.388578210e-02
3.701747742e+02,2.084776945e-02
3.703906250e+02,-6.749199238e-03
3.706064453e+02,4.577670246e-03
3.708222961e+02,-8.451503702e-03
3.710381775e+02,6.050818134e-03
3.712540283e+02,9.103507549e-02
3.714699097e+02,-7.633088157e-03
3.716858215e+02,-1.568629593e-02
3.719017334e+02,5.950971320e-02
3.721176453e+02,1.240172237e-02
3.723335876e+02,1.795057906e-03
3.725495300e+02,-1.709397137e-02
3.727654724e+02,-1.408220176e-02
3.729814453e+02,1.878536306e-02
3.731974182e+02,-6.487306207e-03
3.734134216e+02,-5.668891128e-03
3.736294250e+02,6.967443507e-03
3.738454285e+02,4.248667508e-02
3.740614624e+02,-1.614460908e-02
3.742774963e+02,1.402218477e-03
3.744935608e+02,9.062587284e-03
3.747096252e+02,-8.320556954e-03
3.749256897e+02,-2.472160198e-02
3.751417847e+02,-2.082594484e-02
3.753578796e+02,9.095323272e-03
3.755739746e+02,2.425237745e-02
3.757901001e+02,-1.064485684e-02
3.760062256e+02,-1.221621409e-02
3.762223816e+02,1.361297723e-02
3.764385376e+02,4.654601589e-02
3.766546936e+02,-2.082594484e-02
3.768708801e+02,2.801708877e-02
3.770870667e+02,-9.793704376e-03
3.773032837e+02,-3.737430554e-03
3.775194702e+02,-2.329756040e-03
3.777357178e+02,-1.028475445e-02
3.779519348e+02,2.408869378e-02
3.781681824e+02,2.850813791e-02
3.783844604e+02,-1.290368382e-02
3.786007385e+02,-1.918911375e-02
3.788170166e+02,-9.760968387e-03
3.790332947e+02,6.059002131e-02
3.792496033e+02,-2.056405134e-02
3.794659424e+02,3.646313399e-02
3.796822510e+02,-7.829507813e-03
3.798986206e+02,1.079762727e-02
3.801149597e+02,-3.300396726e-02
3.803313293e+02,-2.380497754e-02
3.805476990e+02,6.901970133e-03
3.807640991e+02,-1.090674940e-02
3.809804993e+02,-8.320556954e-03
3.811968994e+02,-1.987658255e-02
3.814133301e+02,-3.639220726e-03
3.816297607e+02,1.336745219e-03
3.818462219e+02,3.300942248e-03
3.820626831e+02,5.756188650e-03
3.822791443e+02,4.970509559e-03
3.824956360e+02,2.564368478e-04
3.827121277e+02,-1.971290074e-02
3.829286194e+02,-6.683725864e-03
3.831451416e+02,5.060535297e-02
3.833616638e+02,5.414091051e-02
3.835782166e+02,-1.748681068e-02
3.837947693e+02,-2.243003994e-02
3.840113220e+02,1.613369584e-02
3.842279053e+02,1.312192716e-02
3.844444885e+02,-9.499074891e-03
3.846610718e+02,-2.504896931e-02
3.848776855e+02,3.184727207e-02
3.850943298e+02,4.201199336e-04
3.853109436e+02,1.043752488e-02
3.855275879e+02,1.773779094e-02
3.857442627e+02,-8.647923358e-03
3.859609070e+02,3.433525562e-02
3.861776123e+02,-1.729039103e-02
3.863942871e+02,-5.603417754e-03
3.866109924e+02,2.196081355e-02
3.868276978e+02,-1.385304518e-02
3.870444336e+02,-5.996257067e-03
3.872611694e+02,-8.025927469e-03
3.874779358e+02,-1.740496838e-03
3.876947021e+02,1.940735802e-02
3.879114685e+02,-1.935279742e-02
3.881282349e+02,-1.080853958e-02
3.883450317e+02,-6.781936157e-03
3.885618591e+02,1.246719528e-02
3.887786560e+02,-3.611394390e-02
3.889955139e+02,-1.761775650e-02
3.892123413e+02,2.546363324e-02
3.894291992e+02,1.240172237e-02
3.896460571e+02,1.371118706e-02
3.898629456e+02,-6.814672612e-03
3.900798340e+02,-1.025201753e-02
3.902967224e+02,-5.701627582e-03
3.905136414e+02,8.375117555e-03
3.907305603e+02,-1.208526827e-02
3.909475098e+02,1.593727618e-02
3.911644592e+02,4.152094480e-03
3.913814087e+02,4.481097311e-02
3.915983887e+02,-1.797785982e-02
3.918153687e+02,1.125594042e-02
3.920323486e+02,-5.046895240e-03
3.922493591e+02,1.272908784e-02
3.924663696e+02,1.958740875e-03
3.926834106e+02,4.526928440e-02
3.929004517e+02,2.187897218e-03
3.931174927e+02,-2.387044951e-02
3.933345642e+02,4.801916331e-02
3.935516357e+02,7.119669020e-02
3.937687073e+02,-6.454569753e-03
3.939858093e+02,4.487644508e-02
3.942029114e+02,-2.743874118e-02
3.944200439e+02,1.076489128e-02
3.946371765e+02,2.628204785e-02
3.948543091e+02,1.623190567e-02
3.950714722e+02,1.138688717e-02
3.952886353e+02,8.506064303e-03
3.955058289e+02,3.546466760e-04
3.957230225e+02,4.512197338e-03
3.959402161e+02,-2.216814645e-02
3.961574402e+02,5.273323506e-02
3.963746643e+02,-5.832573865e-03
3.965918884e+02,-1.080853958e-02
3.968091431e+02,-2.675127238e-02
3.970263977e+02,4.016237333e-02
3.972436829e+02,-1.067759376e-02
3.974609375e+02,-1.152874529e-02
3.976782532e+02,-2.691495605e-02
3.978955383e+02,4.250304308e-03
3.981128845e+02,3.528461605e-02
3.983302002e+02,-1.211800426e-02
3.985475464e+02,3.628308419e-03
3.987648926e+02,3.646313399e-02
3.989822693e+02,1.721400395e-02
3.991996155e+02,6.443657447e-03
3.994170227e+02,-2.049857937e-02
3.996343994e+02,7.393019274e-03
3.998518372e+02,-6.749199238e-03
4.000692444e+02,-3.215281293e-02
4.002866821e+02,-3.202186897e-02
4.005041199e+02,9.357216768e-03
4.007215881e+02,1.420223620e-02
4.009390564e+02,-1.738860086e-02
4.011565247e+02,2.690404281e-02
4.013740234e+02,-8.549713530e-03
4.015915222e+02,4.610407166e-03
4.018090210e+02,3.043959849e-02
4.020265503e+02,-1.951648109e-02
4.022440796e+02,3.554651141e-02
4.024616394e+02,-9.368129075e-03
4.026791992e+02,-1.401672885e-02
4.028967590e+02,-5.308788270e-03
4.031143494e+02,-1.408220176e-02
4.033319397e+02,-4.523109179e-03
4.035495605e+02,-5.341524724e-03
4.037671814e+02,1.696847961e-03
4.039848022e+02,5.842940509e-02
4.042024231e+02,-1.683207788e-02
4.044200745e+02,-1.221621409e-02
4.046377563e+02,6.705550477e-03
4.048554382e+02,-7.142038550e-03
4.050731201e+02,-2.460702322e-03
4.052908020e+02,-8.091400377e-03
4.055085144e+02,-1.008833386e-02
4.057262268e+02,-8.058664389e-03
4.059439697e+02,-8.287820034e-03
4.061617126e+02,2.310659550e-02
4.063794556e+02,-1.483514346e-02
4.065972290e+02,1.541349106e-02
4.068150024e+02,-1.935279742e-02
4.070328064e+02,-2.311750874e-02
4.072506104e+02,3.135622293e-02
4.074684143e+02,6.160485744e-02
4.076862488e+02,-2.861725911e-02
4.079040833e+02,-1.048117410e-02
4.081219177e+02,-9.269919246e-03
4.083397827e+02,-3.606484039e-03
4.085576477e+02,-4.457636271e-03
4.087755432e+02,-6.028993521e-03
4.089934387e+02,5.846214294e-02
4.092113342e+02,8.113224991e-03
4.094292603e+02,6.018081680e-03
4.096471863e+02,-1.506430004e-02
4.098651123e+02,9.586372413e-03
4.100830688e+02,1.606822386e-02
4.103010254e+02,-5.145105068e-03
4.105189819e+02,-2.357582003e-02
4.107369690e+02,-5.439734552e-03
4.109549866e+02,3.364778683e-02
4.111729736e+02,1.795057906e-03
4.113909912e+02,-3.573747352e-03
4.116090393e+02,-1.707760268e-03
4.118270874e+02,1.852346957e-02
4.120451355e+02,-2.285561524e-02
4.122631836e+02,1.439865585e-02
4.124812622e+02,1.331834681e-02
4.126993713e+02,1.598638133e-03
4.129174500e+02,8.342381567e-03
4.131355591e+02,-1.850164495e-02
4.133536987e+02,5.101456307e-03
4.135718079e+02,2.696951665e-02
4.137899780e+02,-4.850475583e-03
4.140081177e+02,-1.107043307e-02
4.142262878e+02,1.413676236e-02
4.144444580e+02,-1.601366140e-02
4.146626587e+02,4.937773105e-03
4.148808594e+02,-1.503156312e-02
4.150990906e+02,1.976746134e-02
4.153172913e+02,1.783600077e-02
4.155355225e+02,2.678946592e-03
4.157537842e+02,1.351476740e-02
4.159720459e+02,9.913738817e-03
4.161903076e+02,-4.359426443e-03
4.164085999e+02,-9.237182327e-03
4.166268921e+02,-2.301929891e-02
4.168451843e+02,4.412350431e-02
4.170635071e+02,-1.051391009e-02
4.172818298e+02,-3.606484039e-03
4.175001831e+02,1.466054842e-02
4.177185364e+02,7.393019274e-03
4.179368896e+02,1.973472349e-02
4.181552734e+02,-2.943567559e-02
4.183736572e+02,5.838029901e-04
4.185920410e+02,1.436591893e-02
4.188104553e+02,1.642832533e-02
4.190288696e+02,2.539815940e-02
4.192473145e+02,-2.275740542e-02
4.194657288e+02,2.973576076e-03
4.196842041e+02,-1.611187123e-02
4.199026489e+02,3.374599665e-02
4.201211243e+02,-2.043310553e-02
4.203396301e+02,1.580633037e-02
4.205581360e+02,1.583906636e-02
4.207766418e+02,-3.143261001e-02
4.209951477e+02,-1.395125501e-02
4.212136841e+02,-1.146327239e-02
4.214322205e+02,1.042115618e-03
4.216507874e+02,2.192807756e-02
4.218693542e+02,-1.175790187e-02
4.220879211e+02,7.492866367e-02
4.223065186e+02,2.678946592e-03
4.225251160e+02,1.204161905e-02
4.227437439e+02,-3.868377069e-03
4.229623718e+02,2.425237745e-02
4.231809998e+02,5.527032074e-03
4.233996277e+02,2.245186269e-02
4.236182861e+02,-1.303462964e-02
4.238369751e+02,4.350150749e-02
4.240556641e+02,2.271375619e-02
4.242743530e+02,1.636285335e-02
4.244930420e+02,-1.408220176e-02
4.247117615e+02,5.833119527e-02
4.249304810e+02,5.985344760e-03
4.251492310e+02,-3.704693867e-03
4.253679810e+02,-1.470419765e-02
4.255867310e+02,1.272908784e-02
4.258055115e+02,1.960377768e-02
4.260242920e+02,5.004883185e-02
4.262430725e+02,-1.064485684e-02
4.264618835e+02,-1.169242896e-02
4.266806946e+02,-1.691391953e-04
4.268995361e+02,-2.547454461e-02
4.271183777e+02,-1.614460908e-02
4.273372192e+02,3.399152076e-03
4.275560913e+02,7.294809446e-03
4.277749634e+02,2.968665585e-02
4.279938354e+02,-2.341213822e-02
4.282127380e+02,3.096338362e-02
4.284316406e+02,3.973679617e-02
4.286505737e+02,1.551170088e-02
4.288695068e+02,-3.290575743e-02
4.290884399e+02,1.069941744e-02
4.293074036e+02,2.929381654e-02
4.295263672e+02,6.700640172e-02
4.297453308e+02,2.425237745e-02
4.299643250e+02,2.564368478e-04
4.301833191e+02,7.794042677e-02
4.304023438e+02,-1.490061730e-02
4.306213379e+02,-2.707863972e-02
4.308403931e+02,2.146976441e-02
4.310594177e+02,-1.467146073e-02
4.312784729e+02,2.412143163e-02
4.314975586e+02,-2.567096427e-02
4.317166138e+02,9.062587284e-03
4.319357300e+02,-7.436668500e-03
4.321548157e+02,-1.899269409e-02
4.323739319e+02,-2.206993662e-02
4.325930481e+02,-4.752265755e-03
4.328121948e+02,5.428822245e-03
4.330313416e+02,-1.382030826e-02
4.332504883e+02,-5.619786098e-04
4.334696655e+02,3.137259278e-03
4.336888428e+02,-4.654055927e-03
4.339080200e+02,-1.912363991e-02
4.341272278e+02,-2.383771352e-02
4.343464355e+02,1.475875825e-02
4.345656738e+02,5.967339873e-02
4.347849121e+02,-2.455792017e-02
4.350041504e+02,-3.189092129e-02
4.352234192e+02,1.119046751e-02
4.354426880e+02,9.116602689e-02
4.356619568e+02,-2.295382507e-02
4.358812561e+02,-2.220088243e-02
4.361005554e+02,-2.886278555e-03
4.363198853e+02,-2.886278555e-03
4.365392151e+02,-1.454051398e-02
4.367585449e+02,-2.288835123e-02
4.369778748e+02,-4.915948957e-03
4.371972351e+02,1.894904487e-02
4.374166260e+02,4.540023208e-02
4.376360168e+02,-1.496609021e-02
4.378554077e+02,9.935017675e-02
4.380747986e+02,1.443139184e-02
4.382942200e+02,-1.247810759e-02
4.385136414e+02,-1.719218120e-02
4.387330933e+02,5.181660876e-02
4.389525452e+02,2.647846751e-02
4.391719971e+02,-2.067863010e-03
4.393914795e+02,-9.499074891e-03
4.396109619e+02,2.867182158e-02
4.398304443e+02,7.294809446e-03
4.400499573e+02,-2.982851490e-02
4.402694702e+02,-3.221828863e-02
4.404890137e+02,3.791991621e-03
4.407085571e+02,-1.352567878e-02
4.409281006e+02,1.181246247e-02
4.411476746e+02,-1.740496838e-03
4.413672485e+02,1.950556785e-02
4.415868225e+02,2.235365286e-02
4.418064270e+02,-1.823975146e-02
4.420260315e+02,1.475875825e-02
4.422456360e+02,-1.216710894e-03
4.424652710e+02,5.495932326e-02
4.426849060e+02,-3.464079648e-02
4.429045715e+02,-1.977837272e-02
4.431242371e+02,-1.794512197e-02
4.433439026e+02,-1.511340495e-03
4.435635986e+02,-1.837069914e-02
4.437832947e+02,-7.927717641e-03
4.440029907e+02,3.039049217e-03
4.442227173e+02,-7.403931580e-03
4.444424438e+02,-3.017224837e-03
4.446622009e+02,-1.837069914e-02
4.448819580e+02,1.197614614e-02
4.451017151e+02,-4.621319007e-03
4.453215027e+02,-9.008025751e-03
4.455412903e+02,-6.814672612e-03
4.457610779e+02,-3.541010898e-03
4.459808960e+02,-8.566081524e-04
4.462007141e+02,-5.603417754e-03
4.464205322e+02,9.651846252e-03
4.466403809e+02,1.243445836e-02
4.468602600e+02,1.930914819e-02
4.470801086e+02,-1.398399193e-02
4.472999878e+02,-2.324845456e-02
4.475198669e+02,3.399152076e-03
4.477397766e+02,-9.269919246e-03
4.479596863e+02,-1.787965000e-02
4.481796265e+02,2.857361175e-02
4.483995361e+02,9.848265909e-03
4.486194763e+02,3.260021657e-02
4.488394470e+02,-2.465613000e-02
4.490594177e+02,-2.403413318e-02
4.492793884e+02,2.490711026e-02
4.494993896e+02,-5.832573865e-03
4.497193909e+02,-1.454051398e-02
4.499393921e+02,-4.261216614e-03
4.501594238e+02,5.199666135e-03
4.503794556e+02,3.453167528e-02
4.505994873e+02,3.125801310e-02
4.508195496e+02,5.044167116e-02
4.510396118e+02,-1.691391953e-04
4.512597046e+02,-2.820805181e-03
4.514797974e+02,7.474860759e-04
4.516998901e+02,7.851332426e-03
4.519200134e+02,-5.668891128e-03
4.521401367e+02,3.476083279e-02
4.523602600e+02,-1.778144017e-02
4.525804138e+02,-9.793704376e-03
4.528005676e+02,1.187793631e-02
4.530207520e+02,-1.015380770e-02
4.532409058e+02,-3.120345250e-02
4.534611206e+02,7.982278243e-03
4.536813049e+02,3.479356691e-02
4.539015198e+02,6.165396189e-04
4.541217346e+02,-3.802903695e-03
4.543419800e+02,-4.130269866e-03
4.545622253e+02,-1.080853958e-02
4.547825012e+02,2.024214249e-03
4.550027466e+02,-1.735586300e-02
4.552230225e+02,5.821662024e-03
4.554433289e+02,-1.152874529e-02
4.556636353e+02,-2.886278555e-03
4.558839417e+02,-1.093948632e-02
4.561042786e+02,-2.478707582e-02
4.563246155e+02,3.551377356e-02
4.565449524e+02,1.140325563e-03
4.567653198e+02,-1.025201753e-02
4.569856873e+02,-1.493335329e-02
4.572060547e+02,1.263087802e-02
4.574264526e+02,-1.280547399e-02
4.576468506e+02,-9.073499590e-03
4.578672791e+02,2.723141015e-02
4.580877075e+02,-1.421314850e-02
4.583081360e+02,6.541867275e-03
4.585285645e+02,9.275374759e-05
4.587490234e+02,-1.401672885e-02
4.589695129e+02,1.315466408e-02
4.591900024e+02,-2.329756040e-03
4.594104919e+02,2.580736764e-03
4.596309814e+02,-1.742133684e-02
4.598515015e+02,3.970406204e-02
4.600720215e+02,-4.785002209e-03
4.602925720e+02,1.472602133e-02
4.605130920e+02,-4.097533412e-03
4.607336731e+02,4.418897629e-02
4.609542236e+02,-1.398399193e-02
4.611748047e+02,-2.233183011e-02
4.613954163e+02,6.492762477e-04
4.616159973e+02,1.642832533e-02
4.618366394e+02,-1.624281891e-02
4.620572510e+02,1.033931505e-02
4.622778931e+02,2.343396284e-02
4.624985352e+02,2.759151161e-02
4.627192078e+02,2.449790249e-03
4.629398499e+02,1.158330683e-02
4.631605530e+02,2.580736764e-03
4.633812256e+02,1.727947779e-02
4.636019287e+02,-2.599832974e-02
4.638226624e+02,-1.408220176e-02
4.640433655e+02,-9.106235579e-03
4.642641296e+02,3.757617995e-02
4.644848633e+02,-1.594818942e-02
4.647056274e+02,-3.313491121e-02
4.649263916e+02,-1.478603925e-03
4.651471863e+02,-1.216710894e-03
4.653679504e+02,-2.151341364e-02
4.655887756e+02,-2.220088243e-02
4.658095703e+02,4.610407166e-03
4.660303955e+02,8.047752082e-03
4.662512512e+02,-6.716462784e-03
4.664720764e+02,1.835978590e-02
4.666929626e+02,-9.400865063e-03
4.669138184e+02,3.354957700e-02
4.671347046e+02,-1.310010348e-02
4.673555908e+02,-1.961469091e-02
4.675765076e+02,4.389434680e-02
4.677973938e+02,7.654912304e-03
4.680183411e+02,3.399152076e-03
4.682392578e+02,-1.532619353e-02
4.684602051e+02,-5.439734552e-03
4.686811829e+02,6.214501336e-03
4.689021301e+02,-2.590011992e-02
4.691231384e+02,1.508612465e-02
4.693441162e+02,-1.526071969e-02
4.695651245e+02,9.881002828e-03
4.697861328e+02,8.047752082e-03
4.700071411e+02,-2.547454461e-02
4.702281799e+02,2.222270705e-02
4.704492493e+02,6.541867275e-03
4.706702881e+02,-9.548180387e-04
4.708913574e+02,-8.386029862e-03
4.711124573e+02,-3.082698211e-03
4.713335266e+02,1.783600077e-02
4.715546265e+02,-4.752265755e-03
4.717757568e+02,3.266568854e-02
4.719968872e+02,1.004468556e-02
4.722180176e+02,2.863908373e-02
4.724391479e+02,2.346669883e-02
4.726603088e+02,-7.240248378e-03
4.728814697e+02,4.413987044e-03
4.731026611e+02,-7.240248378e-03
4.733238525e+02,-3.058145754e-02
4.735450439e+02,-7.862244733e-03
4.737662659e+02,-8.549713530e-03
4.739874878e+02,-8.582449518e-03
4.742087097e+02,-1.319831330e-02
4.744299622e+02,-3.231649846e-02
4.746512146e+02,-7.371195126e-03
4.748724976e+02,1.685390249e-02
4.750937805e+02,-2.554001845e-02
4.753150635e+02,-1.303462964e-02
4.755363464e+02,8.784325910e-04
4.757576599e+02,1.148509700e-02
4.759790039e+02,-3.737430554e-03
4.762003174e+02,-1.601366140e-02
4.764216614e+02,-7.829507813e-03
4.766430359e+02,-1.175790187e-02
4.768643799e+02,2.253370592e-03
4.770857544e+02,-7.469404954e-03
4.773071594e+02,3.158538043e-02
4.775285645e+02,4.675880075e-03
4.777499695e+02,-2.297019353e-03
4.779714050e+02,2.012756281e-02
4.781928101e+02,-6.159940269e-03
4.784142761e+02,-3.148171352e-03
4.786357117e+02,1.402218477e-03
4.788571777e+02,-1.519524679e-02
4.790786743e+02,1.284202933e-01
4.793001404e+02,1.950556785e-02
4.795216370e+02,-2.020394988e-02
4.797431641e+02,-1.151237753e-03
4.799646912e+02,-1.085764496e-03
4.801862183e+02,-1.607913524e-02
4.804077454e+02,-1.621008106e-02
4.806293030e+02,-1.683207788e-02
4.808508606e+02,-8.287820034e-03
4.810724487e+02,-7.256616955e-04
4.812940369e+02,-2.095689066e-02
4.815156250e+02,2.973576076e-03
4.817372437e+02,3.219100763e-04
4.819588623e+02,-1.483514346e-02
4.821804810e+02,-6.274518091e-04
4.824021301e+02,-2.678400837e-02
4.826237793e+02,1.341655664e-02
4.828454590e+02,1.669021882e-02
4.830671082e+02,6.149027962e-03
4.832888184e+02,-1.787965000e-02
4.835104980e+02,-1.969653182e-03
4.837322083e+02,4.667695984e-02
4.839539185e+02,-1.558808610e-02
4.841756592e+02,2.808256261e-02
4.843973999e+02,4.348514136e-03
4.846191406e+02,2.572552487e-02
4.848409119e+02,-1.463872381e-02
4.850626831e+02,-1.368936244e-02
4.852844543e+02,-3.606484039e-03
4.855062561e+02,3.354957700e-02
4.857280579e+02,-1.971290074e-02
4.859498901e+02,9.651846252e-03
4.861717224e+02,8.309644647e-03
4.863935547e+02,-6.978355814e-03
4.866154175e+02,-4.654055927e-03
4.868372498e+02,-2.279014140e-02
4.870591431e+02,-2.067863010e-03
4.872810059e+02,-2.689858666e-03
4.875028992e+02,1.515159756e-02
4.877248230e+02,-1.784691215e-02
4.879467163e+02,3.970406204e-02
4.881686707e+02,3.230558708e-02
4.883905945e+02,-3.048324771e-02
4.886125488e+02,-2.786431834e-02
4.888345032e+02,1.413676236e-02
4.890564575e+02,4.353424534e-02
4.892784424e+02,3.431888763e-03
4.895004578e+02,-9.630021639e-03
4.897224426e+02,-8.353293873e-03
4.899444580e+02,-4.785002209e-03
4.901664734e+02,2.065134980e-02
4.903885193e+02,-8.320556954e-03
4.906105652e+02,-7.011092268e-03
4.908326111e+02,2.700225264e-02
4.910546875e+02,2.444879711e-02
4.912767639e+02,-2.046584152e-02
4.914988708e+02,1.819610409e-02
4.917209778e+02,4.003142565e-02
4.919430847e+02,-1.300189365e-02
4.921651917e+02,-1.693028770e-02
4.923873291e+02,-3.475537524e-03
4.926094666e+02,9.750056081e-03
4.928316345e+02,-1.418041158e-02
4.930538025e+02,-2.272466943e-02
4.932759705e+02,-7.142038550e-03
4.934981689e+02,-2.231546212e-03
4.937203674e+02,-2.449244633e-02
4.939425659e+02,1.236898545e-02
4.941647949e+02,-1.012107078e-02
4.943870239e+02,-4.359426443e-03
4.946092834e+02,-1.961469091e-02
4.948315125e+02,-1.071032975e-02
4.950538025e+02,2.515263390e-03
4.952760620e+02,-1.609550323e-03
4.954983521e+02,-3.012314439e-02
4.957206421e+02,1.631374820e-03
4.959429626e+02,-5.603417754e-03
4.961652832e+02,3.777259961e-02
4.963876038e+02,-1.077580359e-02
4.966099548e+02,3.268205561e-03
4.968323059e+02,-1.260905340e-02
4.970546570e+02,1.664111391e-03
4.972770386e+02,-1.316557638e-02
4.974994202e+02,5.657978822e-03
4.977218018e+02,1.590454020e-02
4.979442139e+02,-3.279117867e-03
4.981666260e+02,-1.408220176e-02
4.983890686e+02,-8.222347125e-03
4.986115112e+02,1.921093836e-02
4.988339539e+02,-8.549713530e-03
4.990564270e+02,-1.773233409e-03
4.992788696e+02,3.219100763e-04
4.995013733e+02,2.137155458e-02
4.997238464e+02,-1.478603925e-03
4.999463501e+02,-2.337940037e-02
5.001688843e+02,-1.054664701e-02
5.003914185e+02,4.170099646e-02
5.006139526e+02,-7.502141409e-03
5.008364868e+02,2.539815940e-02
5.010590515e+02,-4.523109179e-03
5.012816162e+02,-8.320556954e-03
5.015041809e+02,-1.254358049e-02
5.017267761e+02,-1.385304518e-02
5.019493713e+02,8.767957799e-03
5.021719971e+02,2.101145312e-02
5.023946228e+02,-5.079631694e-03
5.026172485e+02,-2.069499902e-02
5.028399048e+02,-2.007300220e-02
5.030625610e+02,3.071785904e-03
5.032852173e+02,1.655927300e-02
5.035079041e+02,3.219100763e-04
5.037305908e+02,-2.033489570e-02
5.039532776e+02,3.217463940e-02
5.041759949e+02,3.515367210e-02
5.043987122e+02,1.358024031e-02
5.046214600e+02,1.107588876e-03
5.048441772e+02,2.065134980e-02
5.050669556e+02,-1.085764496e-03
5.052897034e+02,-6.127203815e-03
5.055124817e+02,2.313933335e-02
5.057352600e+02,6.181764416e-03
5.059580688e+02,-9.237182327e-03
5.061808777e+02,-1.863259077e-02
5.064036865e+02,-1.342746895e-02
5.066265259e+02,4.189741611e-02
5.068493652e+02,2.237002191e-04
5.070722046e+02,-2.691495605e-02
5.072950745e+02,-2.586738393e-02
5.075179443e+02,3.466262296e-02
5.077408142e+02,3.803449497e-02
5.079637146e+02,8.211434819e-03
5.081866150e+02,-1.100495923e-02
5.084095459e+02,-1.413130667e-03
5.086324768e+02,-3.311854554e-03
5.088554077e+02,-2.346124238e-04
5.090783386e+02,-1.087401342e-02
5.093013000e+02,-9.548180387e-04
5.095242920e+02,-1.113590598e-02
5.097472534e+02,-1.414767466e-02
5.099702454e+02,-2.100599697e-03
5.101932373e+02,1.564264670e-02
5.104162598e+02,-1.277273707e-02
5.106392822e+02,-3.071240336e-02
5.108623352e+02,-1.904179924e-03
5.110853577e+02,-4.719528835e-03
5.113084106e+02,-1.526071969e-02
5.115314941e+02,3.135622293e-02
5.117545776e+02,-2.488528565e-02
5.119776611e+02,-4.686792381e-03
5.122007446e+02,-6.749199238e-03
5.124238892e+02,-3.005767055e-02
5.126469727e+02,-7.960454561e-03
5.128701172e+02,1.664111391e-03
5.130932617e+02,-5.603417754e-03
5.133164062e+02,-1.234716084e-02
5.135395508e+02,-1.267452724e-02
5.137627563e+02,-7.092933811e-05
5.139859619e+02,2.104418911e-02
5.142091064e+02,-1.339473296e-02
5.144323120e+02,2.711683046e-03
5.146555786e+02,-1.382030826e-02
5.148787842e+02,5.214397609e-02
5.151019897e+02,1.397307962e-02
5.153252563e+02,-1.179063879e-02
5.155485229e+02,1.063394453e-02
5.157717896e+02,1.502065174e-02
5.159950562e+02,-7.567614783e-03
5.162183838e+02,-6.454569753e-03
5.164416504e+02,1.909636048e-04
5.166649780e+02,-2.311750874e-02
5.168883057e+02,-2.455792017e-02
5.171116333e+02,1.423497219e-02
5.173350220e+02,3.300942248e-03
5.175583496e+02,4.610407166e-03
5.177817383e+02,4.577670246e-03
5.180051270e+02,-1.061211992e-02
5.182285156e+02,1.420223620e-02
5.184519043e+02,-2.540907077e-02
5.186752930e+02,-4.915948957e-03
5.188987427e+02,-9.859178215e-03
5.191221313e+02,5.363349337e-03
5.193455811e+02,-2.472160198e-02
5.195690308e+02,-2.914104611e-02
5.197925415e+02,1.783600077e-02
5.200159912e+02,-7.534878328e-03
5.202395020e+02,-2.786431834e-02
5.204629517e+02,-2.632569708e-02
5.206864624e+02,1.983293332e-02
5.209099731e+02,7.147495053e-04
5.211335449e+02,-1.673386805e-02
5.213570557e+02,4.741353448e-03
5.215806274e+02,-8.418766782e-03
5.218041992e+02,1.009379048e-03
5.220277710e+02,-1.990932040e-02
5.222513428e+02,-1.044843718e-02
5.224749146e+02,-7.764034439e-03
5.226985474e+02,-6.225413643e-03
5.229221191e+02,-2.285561524e-02
5.231457520e+02,-2.085868083e-02
5.233693848e+02,1.299098134e-02
5.235930176e+02,-1.398399193e-02
5.238167114e+02,-1.051391009e-02
5.240403442e+02,1.254903618e-04
5.242640381e+02,-7.911349530e-04
5.244877319e+02,2.952297218e-02
5.247114258e+02,-1.352567878e-02
5.249351196e+02,2.664215118e-02
5.251588745e+02,-1.555534918e-02
5.253826294e+02,4.512197338e-03
5.256063232e+02,-3.000856668e-04
5.258300781e+02,-1.093948632e-02
5.260538330e+02,2.395774797e-02
5.262776489e+02,1.911272854e-02
5.265014038e+02,-4.228479695e-03
5.267252197e+02,-4.719528835e-03
5.269490356e+02,2.431785129e-02
5.271728516e+02,-1.604639925e-02
5.273966675e+02,-2.586738393e-02
5.276204834e+02,5.875677243e-02
5.278443604e+02,-2.919015009e-03
5.280682373e+02,9.389952756e-03
5.282921143e+02,3.351683915e-02
5.285159912e+02,-2.233183011e-02
5.287398682e+02,2.687130682e-02
5.289637451e+02,-9.073499590e-03
5.291876831e+02,-3.208734095e-02
5.294116211e+02,-3.541010898e-03
5.296355591e+02,6.509130821e-03
5.298594971e+02,-1.539166644e-02
5.300834351e+02,-7.534878328e-03
5.303074341e+02,-3.450985253e-02
5.305313721e+02,-1.035022736e-02
5.307553711e+02,-4.588582553e-03
5.309793701e+02,7.262072992e-03
5.312033691e+02,-2.740600519e-02
5.314274292e+02,6.661356241e-02
5.316514282e+02,2.187897218e-03
5.318754883e+02,1.343128830e-01
5.320995483e+02,3.596717715e-01
5.323236084e+02,5.217834711e-01
5.325476685e+02,4.041608274e-01
5.327717285e+02,2.168746293e-01
5.329958496e+02,1.195814088e-01
5.332199707e+02,7.181867957e-02
5.334440308e+02,6.320895255e-02
5.336682129e+02,-1.470419765e-02
5.338923340e+02,-1.653744839e-02
5.341164551e+02,3.973679617e-02
5.343406372e+02,6.541867275e-03
5.345648193e+02,-7.633088157e-03
5.347890015e+02,8.964377455e-03
5.350131836e+02,9.520899504e-03
5.352373657e+02,-4.310321237e-04
5.354616089e+02,-1.156148221e-02
5.356857910e+02,2.002935298e-02
5.359100342e+02,-1.103769615e-02
5.361342773e+02,-4.392162897e-03
5.363585205e+02,3.374599665e-02
5.365828247e+02,2.089687390e-03
5.368070679e+02,-1.151237753e-03
5.370313721e+02,-3.606484039e-03
5.372556763e+02,-1.673386805e-02
5.374799805e+02,-3.038503788e-02
5.377042847e+02,1.991477562e-03
5.379285889e+02,1.760684326e-02
5.381529541e+02,-7.567614783e-03
5.383773193e+02,-2.904283628e-02
5.386016846e+02,1.331834681e-02
5.388260498e+02,-1.118501066e-03
5.390504150e+02,5.297875963e-03
5.392747803e+02,1.659200899e-02
5.394992065e+02,-3.606484039e-03
5.397236328e+02,-5.177841522e-03
5.399480591e+02,9.422689676e-03
5.401724854e+02,-2.154614963e-02
5.403969116e+02,-6.159940269e-03
5.406213989e+02,2.189534158e-02
5.408458252e+02,-2.007300220e-02
5.410703125e+02,-2.089141868e-02
5.412947998e+02,2.245186269e-02
5.415192871e+02,1.598638133e-03
5.417438354e+02,-1.686481386e-02
5.419683228e+02,-1.483514346e-02
5.421928711e+02,8.702483959e-03
5.424174194e+02,1.469328534e-02
5.426419678e+02,-4.948685411e-03
5.428665161e+02,-4.457636271e-03
5.430910645e+02,5.657978822e-03
5.433156738e+02,1.770505309e-02
5.435402832e+02,-2.481981181e-02
5.437648315e+02,-6.520043127e-03
5.439895020e+02,-2.558912383e-03
5.442141113e+02,7.262072992e-03
5.444387207e+02,-1.673386805e-02
5.446633911e+02,1.177972648e-02
5.448880615e+02,9.881002828e-03
5.451127319e+02,-8.942552842e-03
5.453374023e+02,-1.915637776e-02
5.455620728e+02,-6.978355814e-03
5.457867432e+02,4.540023208e-02
5.460114746e+02,-5.439734552e-03
5.462362061e+02,-1.951648109e-02
5.464609375e+02,-8.287820034e-03
5.466856689e+02,-2.002389869e-03
5.469104004e+02,-1.683207788e-02
5.471351929e+02,-1.218347810e-02
5.473599243e+02,-1.719218120e-02
5.475847168e+02,4.937773105e-03
5.478095093e+02,-2.387044951e-02
5.480343018e+02,-2.887915261e-02
5.482591553e+02,2.222270705e-02
5.484839478e+02,-7.502141409e-03
5.487088013e+02,-9.008025751e-03
5.489336548e+02,-1.657018438e-02
5.491585083e+02,-3.153081983e-02
5.493833618e+02,-1.413130667e-03
5.496082764e+02,5.263502523e-02
5.498331299e+02,1.816336624e-02
5.500580444e+02,-2.887915261e-02
5.502829590e+02,1.842525974e-02
5.505078735e+02,1.197614614e-02
5.507327881e+02,4.086621106e-03
5.509577637e+02,-1.251084358e-02
5.511826782e+02,-9.368129075e-03
5.514076538e+02,1.616643369e-02
5.516326294e+02,-9.728231467e-03
5.518576050e+02,-3.087608702e-02
5.520825806e+02,-8.942552842e-03
5.523076172e+02,-8.484239690e-03
5.525325928e+02,-1.997479238e-02
5.527576294e+02,-9.220814100e-04
5.529826660e+02,5.510664196e-04
5.532077026e+02,-1.159421913e-02
5.534328003e+02,-7.256616955e-04
5.536578369e+02,5.756188650e-03
5.538829346e+02,1.488970499e-02
5.541080322e+02,2.678946592e-03
5.543331299e+02,-2.714411169e-02
5.545582275e+02,-1.460598782e-02
5.547833252e+02,1.446412876e-02
5.550084839e+02,2.399048395e-02
5.552335815e+02,-2.354308404e-02
5.554587402e+02,-2.681674622e-02
5.556838989e+02,3.404062614e-02
5.559091187e+02,8.456959622e-04
5.561342773e+02,2.981760167e-02
5.563594971e+02,-2.940293774e-02
5.565846558e+02,2.908102935e-03
5.568098755e+02,2.399048395e-02
5.570350952e+02,8.473327383e-03
5.572603760e+02,-2.298656106e-02
5.574855957e+02,1.256540511e-02
5.577108765e+02,-9.466338903e-03
5.579360962e+02,-2.737326920e-02
5.581613770e+02,-3.572110459e-02
5.583866577e+02,-1.707760268e-03
5.586119995e+02,-3.639220726e-03
5.588372803e+02,-1.601366140e-02
5.590626221e+02,-3.254565224e-02
5.592879028e+02,-1.773233409e-03
5.595132446e+02,-2.131699398e-02
5.597386475e+02,-9.564548731e-03
5.599639893e+02,-7.796770893e-03
5.601893311e+02,3.497361904e-03
5.604147339e+02,4.936136305e-02
5.606401367e+02,4.605496302e-02
5.608655396e+02,2.137155458e-02
5.610909424e+02,1.533164876e-03
5.613163452e+02,7.884068415e-03
5.615418091e+02,-1.936916495e-03
5.617672119e+02,2.588920854e-02
5.619926758e+02,1.286003459e-02
5.622181396e+02,-1.611187123e-02
5.624436646e+02,-1.604639925e-02
5.626691284e+02,-7.109302096e-03
5.628945923e+02,5.101456307e-03
5.631201172e+02,9.946475737e-03
5.633456421e+02,-2.657122212e-03
5.635711670e+02,1.217256580e-02
5.637966919e+02,2.120787278e-02
5.640222778e+02,7.491229102e-03
5.642478027e+02,-8.255084045e-03
5.644733887e+02,1.580633037e-02
5.646989746e+02,-3.246381180e-03
5.649245605e+02,6.279974245e-03
5.651501465e+02,-2.033489570e-02
5.653757935e+02,3.366415389e-03
5.656013794e+02,1.336745219e-03
5.658270264e+02,3.613577038e-02
5.660526733e+02,-2.521265112e-02
5.662783203e+02,-1.413130667e-03
5.665039673e+02,-2.624385525e-03
5.667296753e+02,2.968665585e-02
5.669553223e+02,1.243445836e-02
5.671810303e+02,-9.793704376e-03
5.674067383e+02,2.137155458e-02
5.676324463e+02,-4.915948957e-03
5.678581543e+02,-1.748681068e-02
5.680839233e+02,4.206109792e-02
5.683096313e+02,-8.189610206e-03
5.685354004e+02,-1.368936244e-02
5.687611694e+02,-2.010574006e-02
5.689869385e+02,2.055313997e-02
5.692127686e+02,2.536542341e-02
5.694385376e+02,1.705032215e-02
5.696643677e+02,1.827794476e-03
5.698901978e+02,-1.584997959e-02
5.701160278e+02,-1.539166644e-02
5.703418579e+02,6.602430344e-02
5.705676880e+02,-1.895995811e-02
5.707935791e+02,5.237313360e-02
5.710194092e+02,-4.490372725e-03
5.712453003e+02,-2.951751696e-03
5.714711914e+02,-1.368936244e-02
5.716970825e+02,-1.382030826e-02
5.719230347e+02,2.248460054e-02
5.721489258e+02,2.998128533e-02
5.723748779e+02,-2.753695101e-02
5.726008301e+02,-1.156148221e-02
5.728267822e+02,-1.314920839e-03
5.730527344e+02,3.751070797e-02
5.732786865e+02,1.369481790e-03
5.735046997e+02,-3.213644726e-03
5.737307129e+02,3.726518247e-03
5.739566650e+02,-4.948685411e-03
5.741826782e+02,-6.814672612e-03
5.744087524e+02,-1.871443354e-03
5.746347656e+02,1.269635186e-02
5.748608398e+02,-3.117071651e-02
5.750868530e+02,-9.924651124e-03
5.753129272e+02,-5.996257067e-03
5.755390015e+02,-1.020291238e-03
5.757651367e+02,-4.457636271e-03
5.759912109e+02,-2.491802163e-02
5.762173462e+02,1.205798704e-03
5.764434204e+02,6.541867275e-03
5.766695557e+02,-1.198705845e-02
5.768956909e+02,-1.745407283e-02
5.771218872e+02,4.610407166e-03
5.773480225e+02,-6.192676723e-03
5.775742188e+02,-8.746133186e-03
5.778003540e+02,-1.329652313e-02
5.780265503e+02,-7.403931580e-03
5.782527466e+02,2.932655253e-02
5.784790039e+02,8.506064303e-03
5.787052002e+02,-1.761775650e-02
5.789314575e+02,-1.192158461e-02
5.791577148e+02,-8.156874217e-03
5.793839111e+02,-5.276051350e-03
5.796102295e+02,-1.797785982e-02
5.798364868e+02,8.533890545e-02
5.800627441e+02,-3.982955241e-04
5.802890625e+02,-1.850164495e-02
5.805153809e+02,-9.220814100e-04
5.807416992e+02,3.873833048e-04
5.809680176e+02,-1.077580359e-02
5.811943359e+02,-1.512977295e-02
5.814207153e+02,6.967443507e-03
5.816470337e+02,5.309333652e-02
5.818734131e+02,1.911272854e-02
5.820997925e+02,-4.064796492e-03
5.823261719e+02,-1.807606965e-02
5.825526123e+02,7.851332426e-03
5.827789917e+02,-1.879627444e-02
5.830054321e+02,1.266361494e-02
5.832318726e+02,-2.951751696e-03
5.834583130e+02,-9.106235579e-03
5.836847534e+02,-1.336199604e-02
5.839111938e+02,1.443139184e-02
5.841376953e+02,-1.584997959e-02
5.843641357e+02,9.275374759e-05
5.845906372e+02,1.688663848e-02
5.848171387e+02,-2.393592335e-02
5.850436401e+02,-2.747147903e-02
5.852702026e+02,3.661045106e-03
5.854967041e+02,2.212449722e-02
5.857232666e+02,-1.928732358e-02
5.859498291e+02,-4.555846099e-03
5.861763916e+02,-3.475537524e-03
5.864029541e+02,3.431888763e-03
5.866295166e+02,-4.883212037e-03
5.868561401e+02,-2.950114943e-02
5.870827026e+02,3.759254934e-03
5.873093262e+02,2.515263390e-03
5.875359497e+02,-2.868273295e-02
5.877625732e+02,-3.248018026e-02
5.879892578e+02,2.809893107e-03
5.882158813e+02,-1.162695512e-02
5.884425659e+02,-1.018654462e-02
5.886692505e+02,8.964377455e-03
5.888959351e+02,2.690404281e-02
5.891226196e+02,-5.308788270e-03
5.893493652e+02,4.661148787e-02
5.895760498e+02,-9.990124032e-03
5.898027954e+02,4.153731093e-02
5.900295410e+02,-2.007300220e-02
5.902562866e+02,3.747797012e-02
5.904830322e+02,-1.041570026e-02
5.907097778e+02,8.456959622e-04
5.909365845e+02,-7.256616955e-04
5.911633911e+02,-2.367402986e-02
5.913901978e+02,-1.558808610e-02
5.916170044e+02,1.402218477e-03
5.918438110e+02,-1.247810759e-02
5.920706177e+02,-2.125152014e-02
5.922974854e+02,-2.747147903e-02
5.925242920e+02,4.648054019e-02
5.927511597e+02,-5.145105068e-03
5.929780273e+02,8.931640536e-03
5.932049561e+02,7.474860759e-04
5.934318237e+02,2.405595779e-02
5.936587524e+02,1.439865585e-02
5.938856201e+02,5.952608306e-03
5.941125488e+02,-2.788068494e-03
5.943394775e+02,1.184519939e-02
5.945664673e+02,9.439057903e-04
5.947933960e+02,-4.654055927e-03
5.950203857e+02,-1.478603925e-03
5.952473145e+02,2.444879711e-02
5.954743042e+02,4.222477973e-02
5.957012939e+02,-1.437683124e-02
5.959283447e+02,-9.695494547e-03
5.961553345e+02,3.890201449e-03
5.963823853e+02,-4.883212037e-03
5.966093750e+02,-2.105510049e-02
5.968364258e+02,7.916805334e-03
5.970634766e+02,4.855931620e-04
5.972905884e+02,1.940735802e-02
5.975176392e+02,4.774089903e-03
5.977447510e+02,-2.547454461e-02
5.979718018e+02,2.009482682e-02
5.981989136e+02,-8.811606094e-03
5.984260254e+02,-1.470419765e-02
5.986531982e+02,-2.206993662e-02
5.988803101e+02,-1.346020587e-02
5.991074829e+02,-7.174775470e-03
5.993345947e+02,2.611836419e-02
5.995617676e+02,-2.671853639e-02
5.997889404e+02,7.425756194e-03
6.000161743e+02,3.413883597e-02
6.002433472e+02,-5.930783693e-03
6.004705811e+02,8.571538143e-03
6.006977539e+02,-1.221621409e-02
6.009249878e+02,1.944009401e-02
6.011522217e+02,-3.835640382e-03
6.013795166e+02,-1.863259077e-02
6.016067505e+02,1.141962316e-02
6.018340454e+02,3.546466760e-04
6.020612793e+02,-2.460702322e-03
6.022885742e+02,-7.142038550e-03
6.025158691e+02,1.266361494e-02
6.027432251e+02,5.985344760e-03
6.029705200e+02,2.160071209e-02
6.031978760e+02,8.440591395e-03
6.034251709e+02,3.106159344e-02
6.036525269e+02,2.056950703e-03
6.038798828e+02,-5.799837410e-03
6.041072998e+02,-1.627555490e-02
6.043346558e+02,1.315466408e-02
6.045620728e+02,6.050818134e-03
6.047894287e+02,-1.454051398e-02
6.050168457e+02,-1.077580359e-02
6.052442627e+02,1.927641220e-02
6.054717407e+02,-1.413130667e-03
6.056991577e+02,2.425237745e-02
6.059266357e+02,6.771023851e-03
6.061540527e+02,7.949542254e-03
6.063815308e+02,4.446723964e-03
6.066090698e+02,2.736235596e-02
6.068365479e+02,-1.467146073e-02
6.070640259e+02,3.348410502e-02
6.072915649e+02,5.494295619e-03
6.075191040e+02,6.373273581e-02
6.077465820e+02,-2.297019353e-03
6.079741821e+02,8.373481035e-02
6.082017212e+02,2.613473218e-03
6.084292603e+02,1.544622704e-02
6.086568604e+02,2.592194453e-02
6.088844604e+02,4.741353448e-03
6.091119995e+02,7.753122132e-03
6.093396606e+02,1.449686568e-02
6.095672607e+02,2.032398246e-02
6.097948608e+02,4.741353448e-03
6.100225220e+02,2.480890043e-02
6.102501831e+02,7.348825037e-02
6.104777832e+02,4.926315323e-02
6.107055054e+02,3.693781793e-03
6.109331665e+02,3.233832121e-02
6.111608276e+02,7.509234548e-02
6.113885498e+02,1.541349106e-02
6.116162720e+02,2.631478384e-02
6.118439331e+02,2.114239894e-02
6.120716553e+02,2.834445424e-02
6.122994385e+02,1.813063025e-02
6.125271606e+02,1.858894341e-02
6.127549438e+02,2.009482682e-02
6.129826660e+02,4.386161268e-02
6.132104492e+02,5.954245105e-02
6.134382324e+02,6.150664762e-02
6.136660767e+02,3.174906224e-02
6.138938599e+02,7.139310986e-02
6.141217041e+02,3.233832121e-02
6.143494873e+02,9.247548878e-02
6.145773315e+02,5.021251366e-02
6.148051758e+02,2.913013287e-02
6.150330811e+02,8.324376494e-02
6.152609253e+02,7.931537181e-02
6.154887695e+02,6.795576215e-02
6.157166748e+02,4.887031391e-02
6.159445801e+02,9.925197065e-02
6.161724854e+02,1.065194979e-01
6.164003906e+02,6.098286062e-02
6.166283569e+02,6.438747048e-02
6.168562622e+02,5.551584810e-02
6.170842285e+02,8.255629241e-02
6.173121948e+02,8.108314872e-02
6.175401611e+02,9.509442002e-02
6.177681274e+02,8.648468554e-02
6.179961548e+02,1.314320564e-01
6.182241211e+02,1.000376493e-01
6.184521484e+02,1.138852388e-01
6.186801758e+02,8.455322683e-02
6.189082031e+02,1.432172507e-01
6.191362305e+02,1.113972515e-01
6.193642578e+02,1.064212844e-01
6.195923462e+02,1.353277266e-01
6.198203735e+02,1.269798875e-01
6.200484619e+02,1.347711980e-01
6.202765503e+02,1.510085613e-01
6.205046997e+02,1.446576566e-01
6.207327881e+02,1.906198710e-01
6.209608765e+02,1.557553709e-01
6.211890259e+02,1.634157449e-01
6.214171753e+02,1.447558701e-01
6.216453247e+02,1.788346916e-01
6.218734741e+02,1.713380069e-01
6.221016846e+02,1.626955271e-01
6.223298340e+02,1.785073131e-01
6.225580444e+02,1.779507995e-01
6.227862549e+02,1.900960803e-01
6.230144653e+02,1.937298477e-01
6.232426758e+02,1.858075857e-01
6.234708862e+02,1.918966025e-01
6.236991577e+02,2.160234898e-01
6.239273682e+02,1.955303550e-01
6.241556396e+02,2.121932954e-01
6.243839111e+02,2.753095031e-01
6.246121826e+02,2.411979437e-01
6.248404541e+02,2.261063606e-01
6.250687866e+02,2.749166489e-01
6.252971191e+02,2.309513837e-01
6.255253906e+02,2.722322643e-01
6.257537231e+02,2.601197064e-01
6.259821167e+02,2.611672878e-01
6.262104492e+02,2.763898075e-01
6.264387817e+02,2.643754780e-01
6.266671753e+02,3.558088541e-01
6.268955688e+02,3.160993159e-01
6.271239624e+02,2.888951898e-01
6.273523560e+02,2.935437858e-01
6.275807495e+02,3.043141365e-01
6.278092041e+02,3.176925480e-01
6.280375977e+02,2.984907031e-01
6.282660522e+02,3.154001832e-01
6.284945068e+02,3.343917429e-01
6.287229614e+02,3.226757050e-01
6.289514160e+02,3.571960926e-01
6.291799316e+02,3.467338085e-01
6.294083862e+02,3.552211523e-01
6.296369019e+02,3.713820875e-01
6.298654175e+02,3.545091450e-01
6.300939331e+02,3.551297486e-01
6.303224487e+02,3.549234569e-01
6.305510254e+02,4.101574123e-01
6.307795410e+02,3.655365705e-01
6.310081177e+02,4.070843160e-01
6.312366943e+02,4.395321906e-01
6.314652710e+02,4.181687534e-01
6.316938477e+02,4.071461558e-01
6.319224854e+02,3.881360590e-01
6.321510620e+02,4.158731401e-01
6.323796997e+02,4.271669984e-01
6.326083374e+02,4.358808100e-01
6.328369751e+02,4.647430182e-01
6.330656128e+02,4.109250605e-01
6.332943115e+02,4.813530743e-01
6.335229492e+02,4.903662801e-01
6.337516479e+02,4.555025995e-01
6.339803467e+02,4.848406017e-01
6.342090454e+02,4.583248794e-01
6.344377441e+02,4.702010453e-01
6.346664429e+02,4.564722478e-01
6.348952026e+02,5.301699042e-01
6.351239624e+02,5.278568268e-01
6.353526611e+02,4.840328693e-01
6.355814819e+02,5.272153616e-01
6.358102417e+02,5.440944433e-01
6.360390015e+02,5.535998344e-01
6.362678223e+02,5.682036281e-01
6.364965820e+02,5.661832690e-01
6.367254028e+02,5.785880685e-01
6.369542236e+02,5.945660472e-01
6.371830444e+02,5.725747347e-01
6.374119263e+02,6.158979535e-01
6.376407471e+02,5.919909477e-01
6.378696289e+02,6.103654504e-01
6.380984497e+02,6.187456250e-01
6.383273315e+02,6.026583910e-01
6.385562744e+02,6.129232645e-01
6.387851562e+02,6.469786763e-01
6.390140381e+02,6.474497318e-01
6.392429810e+02,5.947856307e-01
6.394719238e+02,5.911725163e-01
6.397008667e+02,5.935808420e-01
6.399298096e+02,6.148814559e-01
6.401587524e+02,6.190899014e-01
6.403877563e+02,6.513121724e-01
6.406166992e+02,6.007873416e-01
6.408457031e+02,6.099748611e-01
6.410747070e+02,5.948684812e-01
6.413037109e+02,5.909035802e-01
6.415327148e+02,6.270526648e-01
6.417617798e+02,6.300911307e-01
6.419907837e+02,5.903208852e-01
6.422198486e+02,5.914555788e-01
6.424489136e+02,6.331395507e-01
6.426779785e+02,6.088914275e-01
6.429070435e+02,6.112980247e-01
6.431361694e+02,6.420125961e-01
6.433652344e+02,6.151149273e-01
6.435943604e+02,6.420706511e-01
6.438234863e+02,5.924268961e-01
6.440526123e+02,5.997669101e-01
6.442817383e+02,5.959780812e-01
6.445108643e+02,5.907633901e-01
6.447400513e+02,5.836480260e-01
6.449692383e+02,5.869976878e-01
6.451983643e+02,6.046316028e-01
6.454275513e+02,6.035757065e-01
6.456567993e+02,6.215940714e-01
6.458859863e+02,6.035819650e-01
6.461151733e+02,6.093453169e-01
6.463444214e+02,6.018571258e-01
6.465736694e+02,6.008562446e-01
6.468029175e+02,5.790987611e-01
6.470321655e+02,6.230810881e-01
6.472614136e+02,6.207039356e-01
6.474907227e+02,5.884636641e-01
6.477200317e+02,6.225005388e-01
6.479492798e+02,6.285321712e-01
6.481785889e+02,6.237762570e-01
6.484078979e+02,6.325662732e-01
6.486372681e+02,6.350820661e-01
6.488665771e+02,6.294754744e-01
6.490959473e+02,6.034245491e-01
6.493253174e+02,6.325685382e-01
6.495546265e+02,6.156982183e-01
6.497840576e+02,6.284804940e-01
6.500134277e+02,6.260670424e-01
6.502427979e+02,6.594623923e-01
6.504722290e+02,6.082407832e-01
6.507016602e+02,6.370142102e-01
6.509310303e+02,6.286783814e-01
6.511605225e+02,6.161061525e-01
6.513899536e+02,6.555023789e-01
6.516193848e+02,6.710420251e-01
6.518488770e+02,6.556487679e-01
6.520783081e+02,6.125949621e-01
6.523078003e+02,6.637339592e-01
6.525372925e+02,6.450640559e-01
6.527667847e+02,6.366940141e-01
6.529963379e+02,6.373542547e-01
6.532258301e+02,6.568431854e-01
6.534553833e+02,6.464387774e-01
6.536849365e+02,6.778918505e-01
6.539144897e+02,6.676136851e-01
6.541440430e+02,6.739009619e-01
6.543735962e+02,6.752911806e-01
6.546032104e+02,6.997318268e-01
6.548327637e+02,6.864714622e-01
6.550623779e+02,6.849972606e-01
6.552919922e+02,7.096580863e-01
6.555216064e+02,7.003433108e-01
6.557512817e+02,6.944825649e-01
6.559808960e+02,6.941672564e-01
6.562105713e+02,6.980783939e-01
6.564402466e+02,7.080041170e-01
6.566698608e+02,7.172659636e-01
6.568995972e+02,7.178203464e-01
6.571292725e+02,7.152446508e-01
6.573589478e+02,7.757195234e-01
6.575886841e+02,7.209799290e-01
6.578184204e+02,7.563353777e-01
6.580480957e+02,7.321308851e-01
6.582778931e+02,7.854492664e-01
6.585076294e+02,7.543498278e-01
6.587373657e+02,7.286711931e-01
6.589671631e+02,7.493745089e-01
6.591968994e+02,7.715669870e-01
6.594266968e+02,7.542120814e-01
6.596564941e+02,7.791668177e-01
6.598862915e+02,7.604057789e-01
6.601161499e+02,7.590182424e-01
6.603459473e+02,7.929702997e-01
6.605758057e+02,7.713347077e-01
6.608056641e+02,7.875720859e-01
6.610355225e+02,7.996191382e-01
6.612653809e+02,7.591567039e-01
6.614952393e+02,7.838401198e-01
6.617251587e+02,7.944140434e-01
6.619550171e+02,7.622994184e-01
6.621849365e+02,7.614809871e-01
6.624148560e+02,8.030237556e-01
6.626447754e+02,7.862299085e-01
6.628747559e+02,7.867209315e-01
6.631046753e+02,7.663587332e-01
6.633346558e+02,8.059700727e-01
6.635645752e+02,8.064283729e-01
6.637945557e+02,7.798462510e-01
6.640245361e+02,7.629213929e-01
6.642545776e+02,7.846257687e-01
6.644845581e+02,7.758523822e-01
6.647145386e+02,8.006012440e-01
6.649445801e+02,7.834145427e-01
6.651746216e+02,7.823342085e-01
6.654046631e+02,7.772600651e-01
6.656347046e+02,7.950360179e-01
6.658648071e+02,7.561122179e-01
6.660948486e+02,7.632160187e-01
6.663249512e+02,7.928754091e-01
6.665550537e+02,7.712037563e-01
6.667851562e+02,7.895690203e-01
6.670152588e+02,7.963782549e-01
6.672453613e+02,7.927117348e-01
6.674755249e+02,7.928426862e-01
6.677056274e+02,7.765725851e-01
6.679357910e+02,7.722186446e-01
6.681659546e+02,7.765071392e-01
6.683961182e+02,7.834799886e-01
6.686262817e+02,7.822032571e-01
6.688565063e+02,7.708436847e-01
6.690866699e+02,7.989971638e-01
6.693168945e+02,7.721858621e-01
6.695471191e+02,7.860334516e-01
6.697773438e+02,7.772273421e-01
6.700075684e+02,8.090145588e-01
6.702378540e+02,8.094728589e-01
6.704680786e+02,7.752958536e-01
6.706983643e+02,7.832835913e-01
6.709286499e+02,8.251864910e-01
6.711589355e+02,8.231895566e-01
6.713892212e+02,7.766053081e-01
6.716195679e+02,7.881286144e-01
6.718498535e+02,7.985388637e-01
6.720802002e+02,7.790933251e-01
6.723105469e+02,7.887178659e-01
6.725408936e+02,7.720549107e-01
6.727712402e+02,8.012232780e-01
6.730015869e+02,8.127138019e-01
6.732319336e+02,7.695342302e-01
6.734623413e+02,7.678319216e-01
6.736927490e+02,7.979168892e-01
6.739231567e+02,7.951015234e-01
6.741535645e+02,7.884559631e-01
6.743839722e+02,7.738227248e-01
6.746144409e+02,8.026309609e-01
6.748448486e+02,8.162820935e-01
6.750753174e+02,7.851168513e-01
6.753057861e+02,7.856406569e-01
6.755362549e+02,8.034493327e-01
6.757667236e+02,8.012887239e-01
6.759971924e+02,8.357931376e-01
6.762277222e+02,8.049552441e-01
6.764582520e+02,8.056754470e-01
6.766887817e+02,8.189337850e-01
6.769193115e+02,7.986698151e-01
6.771498413e+02,8.118626475e-01
6.773803711e+02,8.368079662e-01
6.776109619e+02,8.523251414e-01
6.778414917e+02,8.035148382e-01
6.780720825e+02,8.347128034e-01
6.783026733e+02,8.427332640e-01
6.785332642e+02,8.608693480e-01
6.787638550e+02,8.019106984e-01
6.789945068e+02,8.376918435e-01
6.792250977e+02,8.334033489e-01
6.794557495e+02,8.426350951e-01
6.796864014e+02,9.010372162e-01
6.799170532e+02,8.193920851e-01
6.801477051e+02,8.343199492e-01
6.803784180e+02,8.474473357e-01
6.806090698e+02,8.183445334e-01
6.808397827e+02,8.491169214e-01
6.810704956e+02,8.545839190e-01
6.813012085e+02,8.737676144e-01
6.815319214e+02,8.189337850e-01
6.817626343e+02,8.358913660e-01
6.819934082e+02,8.754699230e-01
6.822241821e+02,8.702974916e-01
6.824548950e+02,8.228294253e-01
6.826856689e+02,8.295404315e-01
6.829164429e+02,8.448939323e-01
6.831472778e+02,8.331414461e-01
6.833780518e+02,8.408672810e-01
6.836088867e+02,8.268560171e-01
6.838397217e+02,8.438135982e-01
6.840705566e+02,8.291148543e-01
6.843013916e+02,8.358585835e-01
6.845322266e+02,8.342545033e-01
6.847630615e+02,8.579230905e-01
6.849939575e+02,8.633900881e-01
6.852248535e+02,8.297696114e-01
6.854556885e+02,8.160201907e-01
6.856865845e+02,8.204723597e-01
6.859175415e+02,8.298677802e-01
6.861484375e+02,8.381501436e-01
6.863793335e+02,8.280345201e-01
6.866102905e+02,9.716828465e-01
6.868412476e+02,8.397215009e-01
6.870722046e+02,8.512120843e-01
6.873031616e+02,8.427005410e-01
6.875341187e+02,8.302933574e-01
6.877651367e+02,8.280345201e-01
6.879960938e+02,8.183772564e-01
6.882271118e+02,8.484949470e-01
6.884581299e+02,8.323557973e-01
6.886891479e+02,8.065920472e-01
6.889201660e+02,8.108805418e-01
6.891512451e+02,8.042023182e-01
6.893822632e+02,7.966073751e-01
6.896133423e+02,8.026964068e-01
6.898444214e+02,8.156273961e-01
6.900755005e+02,7.666861415e-01
6.903065796e+02,8.026309609e-01
6.905377197e+02,8.089163899e-01
6.907687988e+02,7.786677480e-01
6.909999390e+02,8.134012818e-01
6.912310181e+02,7.722840905e-01
6.914621582e+02,7.639034986e-01
6.916933594e+02,7.750339508e-01
6.919244995e+02,7.857715487e-01
6.921556396e+02,8.018452525e-01
6.923868408e+02,7.706472278e-01
6.926180420e+02,7.608917356e-01
6.928492432e+02,8.053480983e-01
6.930804443e+02,7.645582557e-01
6.933116455e+02,7.618083954e-01
6.935428467e+02,7.470114231e-01
6.937741089e+02,7.732989192e-01
6.940053711e+02,7.805664539e-01
6.942365723e+02,7.743464708e-01
6.944678345e+02,7.432794571e-01
6.946991577e+02,7.799444795e-01
6.949304199e+02,7.520855665e-01
6.951616821e+02,7.226553559e-01
6.953930054e+02,7.324763536e-01
6.956243286e+02,7.559157610e-01
6.958556519e+02,7.400385141e-01
6.960869751e+02,7.165663838e-01
6.963182983e+02,7.515290976e-01
6.965496826e+02,7.512344718e-01
6.967810059e+02,7.421664000e-01
6.970123901e+02,7.069417834e-01
6.972437744e+02,6.960732341e-01
6.974751587e+02,7.371904254e-01
6.977065430e+02,7.204293013e-01
6.979379272e+02,7.072036862e-01
6.981693726e+02,7.115576863e-01
6.984008179e+02,7.280241847e-01
6.986322021e+02,7.220988274e-01
6.988636475e+02,7.015730143e-01
6.990951538e+02,7.053377032e-01
6.993265991e+02,7.591239810e-01
6.995580444e+02,7.250451446e-01
6.997895508e+02,7.154860497e-01
7.000210571e+02,6.889366508e-01
7.002525635e+02,7.139801979e-01
7.004840698e+02,7.970002294e-01
7.007155762e+02,6.951238513e-01
7.009470825e+02,6.893295050e-01
7.011786499e+02,7.202983499e-01
7.014102173e+02,7.550318837e-01
7.016417847e+02,7.189561129e-01
7.018733521e+02,7.188252211e-01
7.021049194e+02,7.015730143e-01
7.023364868e+02,7.535260320e-01
7.025681152e+02,6.997397542e-01
7.027996826e+02,6.898860335e-01
7.030313110e+02,7.094952464e-01
7.032629395e+02,7.144384980e-01
7.034945679e+02,6.996415257e-01
7.037261963e+02,7.086113691e-01
7.039578857e+02,7.061561346e-01
7.041895142e+02,6.866778135e-01
7.044212036e+02,6.727320552e-01
7.046528931e+02,7.331965566e-01
7.048845825e+02,7.197745442e-01
7.051162720e+02,6.662828922e-01
7.053480225e+02,7.141438723e-01
7.055797119e+02,6.754819155e-01
7.058114624e+02,7.366011739e-01
7.060432129e+02,7.013111115e-01
7.062749634e+02,6.706696153e-01
7.065067139e+02,6.661520004e-01
7.067384644e+02,6.823238730e-01
7.069702759e+02,6.582952142e-01
7.072020264e+02,7.508088946e-01
7.074338379e+02,6.772169471e-01
7.076656494e+02,6.592772603e-01
7.078974609e+02,6.894277334e-01
7.081292725e+02,6.596373916e-01
7.083611450e+02,7.732989192e-01
7.085929565e+02,6.932578683e-01
7.088248291e+02,7.350625396e-01
7.090567017e+02,6.618635058e-01
7.092885742e+02,6.506348252e-01
7.095204468e+02,6.764967442e-01
7.097523193e+02,7.052067518e-01
7.099842529e+02,6.761693954e-01
7.102161255e+02,6.633366346e-01
7.104480591e+02,6.711934209e-01
7.106799927e+02,6.616670489e-01
7.109119263e+02,6.391442418e-01
7.111439209e+02,6.461826563e-01
7.113758545e+02,6.867105961e-01
7.116078491e+02,6.739760041e-01
7.118397827e+02,6.613724232e-01
7.120717773e+02,6.423524618e-01
7.123037720e+02,6.389151216e-01
7.125357666e+02,6.516823769e-01
7.127678223e+02,6.425488591e-01
7.129998169e+02,6.292577982e-01
7.132318726e+02,6.644824147e-01
7.134639282e+02,6.510276794e-01
7.136959839e+02,6.187493801e-01
7.139280396e+02,6.395698190e-01
7.141600952e+02,6.470992565e-01
7.143921509e+02,6.244454980e-01
7.146242676e+02,6.303381324e-01
7.148563843e+02,6.195023060e-01
7.150885010e+02,6.068987250e-01
7.153206177e+02,6.155738831e-01
7.155527344e+02,6.047708392e-01
7.157848511e+02,6.145263314e-01
7.160170288e+02,6.368526816e-01
7.162491455e+02,6.451350451e-01
7.164813232e+02,6.437273622e-01
7.167135010e+02,6.109907627e-01
7.169456787e+02,6.392424703e-01
7.171779175e+02,6.210409403e-01
7.174100952e+02,6.268025637e-01
7.176423340e+02,5.888608098e-01
7.178745117e+02,6.243800521e-01
7.181067505e+02,6.204844117e-01
7.183389893e+02,5.732454658e-01
7.185712891e+02,6.196004748e-01
7.188035278e+02,5.906940699e-01
7.190358276e+02,6.178982258e-01
7.192680664e+02,5.886971354e-01
7.195003662e+02,5.889263153e-01
7.197326660e+02,5.701354742e-01
7.199649658e+02,6.036250591e-01
7.201972656e+02,5.898756385e-01
7.204296265e+02,5.586776733e-01
7.206619873e+02,5.916434526e-01
7.208942871e+02,5.828372836e-01
7.211266479e+02,5.903339386e-01
7.213590088e+02,5.986818075e-01
7.215913696e+02,5.798582435e-01
7.218237915e+02,5.908250213e-01
7.220561523e+02,5.951135159e-01
7.222885742e+02,5.611983538e-01
7.225209961e+02,5.507226586e-01
7.227534180e+02,5.789743662e-01
7.229858398e+02,5.251880884e-01
7.232182617e+02,5.344198346e-01
7.234507446e+02,5.538980961e-01
7.236831665e+02,5.590050220e-01
7.239156494e+02,5.787451863e-01
7.241481323e+02,5.494459271e-01
7.243806152e+02,5.331103802e-01
7.246130981e+02,5.720669627e-01
7.248456421e+02,5.643738508e-01
7.250781250e+02,5.369732976e-01
7.253106689e+02,5.422438979e-01
7.255432129e+02,5.334050059e-01
7.257757568e+02,5.113404989e-01
7.260083008e+02,5.412617922e-01
7.262408447e+02,5.200811625e-01
7.264734497e+02,5.690551400e-01
7.267059937e+02,5.162510276e-01
7.269385986e+02,5.317026973e-01
7.271712036e+02,5.525231957e-01
7.274038086e+02,5.129118562e-01
7.276364136e+02,5.287891030e-01
7.278690796e+02,5.009957552e-01
7.281016846e+02,5.141558647e-01
7.283343506e+02,5.178223848e-01
7.285670166e+02,5.214233994e-01
7.287996826e+02,4.916003346e-01
7.290323486e+02,4.869517386e-01
7.292650146e+02,5.039747953e-01
7.294976807e+02,5.002100468e-01
7.297304077e+02,4.979512393e-01
7.299631348e+02,5.040075183e-01
7.301958618e+02,5.239113569e-01
7.304285889e+02,5.020105839e-01
7.306613159e+02,5.148105621e-01
7.308940430e+02,4.992606938e-01
7.311268311e+02,4.985077679e-01
7.313596191e+02,4.684882760e-01
7.315923462e+02,4.763450623e-01
7.318251343e+02,4.836125970e-01
7.320579834e+02,4.859696329e-01
7.322907715e+02,4.618099928e-01
7.325235596e+02,4.485516846e-01
7.327564087e+02,4.881302416e-01
7.329892578e+02,4.794877768e-01
7.332220459e+02,4.936299920e-01
7.334549561e+02,4.678007960e-01
7.336878052e+02,4.809609354e-01
7.339206543e+02,4.701905847e-01
7.341535645e+02,4.425608814e-01
7.343864136e+02,4.892105460e-01
7.346193237e+02,4.609588683e-01
7.348522339e+02,4.718601406e-01
7.350851440e+02,4.325434864e-01
7.353180542e+02,4.535276294e-01
7.355510254e+02,4.674406946e-01
7.357839355e+02,4.381414354e-01
7.360169067e+02,4.240319431e-01
7.362498779e+02,4.349332452e-01
7.364828491e+02,4.429537058e-01
7.367158203e+02,4.325762093e-01
7.369488525e+02,4.295971692e-01
7.371818237e+02,4.325107336e-01
7.374148560e+02,4.631194770e-01
7.376478882e+02,4.354570210e-01
7.378809204e+02,4.479296803e-01
7.381139526e+02,4.222641587e-01
7.383469849e+02,4.224605858e-01
7.385800171e+02,4.203981757e-01
7.388131104e+02,4.158150554e-01
7.390462036e+02,4.456708431e-01
7.392792358e+02,4.185976684e-01
7.395123291e+02,4.601404369e-01
7.397454834e+02,4.112646580e-01
7.399785767e+02,4.491082132e-01
7.402116699e+02,4.151276052e-01
7.404448242e+02,4.258324504e-01
7.406779785e+02,4.168626368e-01
7.409111328e+02,4.352606237e-01
7.411442871e+02,4.180738926e-01
7.413774414e+02,4.116575122e-01
7.416105957e+02,4.076636434e-01
7.418438110e+02,3.882508278e-01
7.420770264e+02,4.040626287e-01
7.423102417e+02,4.201363027e-01
7.425434570e+02,3.690344393e-01
7.427766724e+02,4.252431989e-01
7.430098877e+02,3.921137452e-01
7.432431030e+02,3.981373012e-01
7.434763794e+02,3.839950562e-01
7.437096558e+02,3.732247353e-01
7.439429321e+02,3.695909679e-01
7.441762085e+02,3.914590180e-01
7.444094849e+02,3.982354999e-01
7.446427612e+02,3.869086206e-01
7.448760986e+02,3.929976523e-01
7.451094360e+02,3.848134875e-01
7.453427124e+02,3.848789632e-01
7.455760498e+02,3.740104139e-01
7.458093872e+02,3.906405866e-01
7.460427856e+02,4.019347429e-01
7.462761230e+02,3.499817252e-01
7.465095215e+02,3.484430909e-01
7.467428589e+02,3.622252047e-01
7.469762573e+02,3.792482615e-01
7.472096558e+02,3.359704614e-01
7.474431152e+02,3.753525913e-01
7.476765137e+02,3.646804690e-01
7.479099121e+02,3.700492680e-01
7.481433716e+02,3.371489644e-01
7.483768311e+02,3.839950562e-01
7.486102905e+02,3.536809683e-01
7.488437500e+02,3.323366940e-01
7.490772095e+02,3.285064995e-01
7.493106689e+02,3.261821866e-01
7.495441895e+02,3.484103680e-01
7.497777100e+02,3.318783641e-01
7.500112305e+02,3.156737387e-01
7.502447510e+02,3.319111168e-01
7.504782715e+02,3.206169903e-01
7.507117920e+02,3.258548379e-01
7.509453125e+02,3.269024193e-01
7.511788940e+02,3.407172561e-01
7.514124756e+02,3.122036755e-01
7.516460571e+02,3.219264448e-01
7.518796387e+02,2.935437858e-01
7.521132202e+02,3.671029806e-01
7.523468018e+02,3.269024193e-01
7.525804443e+02,3.181944788e-01
7.528140259e+02,2.946240902e-01
7.530476685e+02,3.214026690e-01
7.532813110e+02,2.992399633e-01
7.535149536e+02,3.011386991e-01
7.537486572e+02,3.292921782e-01
7.539822998e+02,2.984870374e-01
7.542160034e+02,2.935110629e-01
7.544496460e+02,2.754077017e-01
7.546833496e+02,3.047069907e-01
7.549170532e+02,3.299469054e-01
7.551507568e+02,2.816604078e-01
7.553845215e+02,2.837228179e-01
7.556182251e+02,2.744583488e-01
7.558519897e+02,2.927581072e-01
7.560857544e+02,2.627058923e-01
7.563194580e+02,2.655539811e-01
7.565532837e+02,2.704972029e-01
7.567870483e+02,2.953442931e-01
7.570208130e+02,2.991417646e-01
7.572546387e+02,2.626404166e-01
7.574884033e+02,2.667979896e-01
7.577222290e+02,2.906302214e-01
7.579560547e+02,2.752440274e-01
7.581898804e+02,2.938056886e-01
7.584237671e+02,2.558312118e-01
7.586575928e+02,2.752112746e-01
7.588914795e+02,2.702680528e-01
7.591253052e+02,2.757023275e-01
7.593591919e+02,2.347488254e-01
7.595930786e+02,2.620839179e-01
7.598269653e+02,2.807437778e-01
7.600609131e+02,2.502987087e-01
7.602947998e+02,2.403795272e-01
7.605287476e+02,2.455519140e-01
7.607626953e+02,2.969811261e-01
7.609965820e+02,2.509534657e-01
7.612305908e+02,2.517391443e-01
7.614645386e+02,2.552419603e-01
7.616984863e+02,2.923652828e-01
7.619324951e+02,2.981923819e-01
7.621664429e+02,2.518700659e-01
7.624004517e+02,2.317370623e-01
7.626344604e+02,2.489892542e-01
7.628684692e+02,2.353708297e-01
7.631025391e+02,2.144193947e-01
7.633365479e+02,2.596614063e-01
7.635706177e+02,2.888624668e-01
7.638046265e+02,2.821841836e-01
7.640386963e+02,2.259754092e-01
7.642727661e+02,2.365820855e-01
7.645068359e+02,2.357636690e-01
7.647409668e+02,2.172020078e-01
7.649750366e+02,2.202792466e-01
7.652091675e+02,2.467959076e-01
7.654432983e+02,2.304275930e-01
7.656773682e+02,2.136664540e-01
7.659115601e+02,2.320316881e-01
7.661456909e+02,2.690895498e-01
7.663798218e+02,2.287580222e-01
7.666140137e+02,2.461411655e-01
7.668481445e+02,2.160889506e-01
7.670823364e+02,2.400849015e-01
7.673165283e+02,2.460102290e-01
7.675507202e+02,2.477452606e-01
7.677849731e+02,2.086904794e-01
7.680191650e+02,2.217523903e-01
7.682534180e+02,2.166127414e-01
7.684876099e+02,2.031252533e-01
7.687218628e+02,1.864295751e-01
7.689561157e+02,2.296419144e-01
7.691903687e+02,1.973963529e-01
7.694246826e+02,2.190025151e-01
7.696589355e+02,1.751354486e-01
7.698932495e+02,1.970362514e-01
7.701275024e+02,2.407396287e-01
7.703618164e+02,1.932387948e-01
7.705961304e+02,2.236838490e-01
7.708305054e+02,2.168418914e-01
7.710648193e+02,1.841707528e-01
7.712991333e+02,1.934352219e-01
7.715335083e+02,1.981820315e-01
7.717678833e+02,2.172347307e-01
7.720022583e+02,2.258772105e-01
7.722366333e+02,1.991313845e-01
7.724710083e+02,1.925185919e-01
7.727054443e+02,2.302311808e-01
7.729398193e+02,2.779938877e-01
7.731742554e+02,1.689154953e-01
7.734086914e+02,1.822720319e-01
7.736431274e+02,1.934352219e-01
7.738775635e+02,1.860039979e-01
7.741119995e+02,2.040418833e-01
7.743464966e+02,2.113094032e-01
7.745809326e+02,1.826321334e-01
7.748154297e+02,2.433585525e-01
7.750499268e+02,1.982147694e-01
7.752844238e+02,1.751027107e-01
7.755189209e+02,2.061370313e-01
7.757534180e+02,1.794894189e-01
7.759879761e+02,1.642996222e-01
7.762224731e+02,1.635139436e-01
7.764570312e+02,1.887538880e-01
7.766915894e+02,1.796203703e-01
7.769261475e+02,1.764449179e-01
7.771607056e+02,1.591272354e-01
7.773953247e+02,1.805369854e-01
7.776298828e+02,1.642668843e-01
7.778645020e+02,1.714362055e-01
7.780991211e+02,1.734004021e-01
7.783337402e+02,1.650525630e-01
7.785683594e+02,1.529400200e-01
7.788029785e+02,1.491753161e-01
7.790376587e+02,2.084613293e-01
7.792722778e+02,1.492407769e-01
7.795069580e+02,1.685553938e-01
7.797416382e+02,1.708142161e-01
7.799763184e+02,1.541185379e-01
7.802109985e+02,1.647251993e-01
7.804456787e+02,1.567047387e-01
7.806804199e+02,1.847272813e-01
7.809151001e+02,1.290422976e-01
7.811498413e+02,1.610259712e-01
7.813845825e+02,1.622372270e-01
7.816193237e+02,1.568029374e-01
7.818540649e+02,1.386995912e-01
7.820888062e+02,1.673114002e-01
7.823236084e+02,1.487497389e-01
7.825583496e+02,1.624991149e-01
7.827931519e+02,1.492735147e-01
7.830279541e+02,1.379793882e-01
7.832627563e+02,1.479313225e-01
7.834975586e+02,1.424315721e-01
7.837324219e+02,1.405655742e-01
7.839672241e+02,1.448868066e-01
7.842020874e+02,1.388305426e-01
7.844369507e+02,1.165369004e-01
7.846718140e+02,1.554280072e-01
7.849066772e+02,1.488479376e-01
7.851415405e+02,1.538893878e-01
7.853764648e+02,1.357205659e-01
7.856113281e+02,1.363752931e-01
7.858462524e+02,1.288131326e-01
7.860811768e+02,1.825993955e-01
7.863161011e+02,1.209563464e-01
7.865510254e+02,1.469164789e-01
7.867859497e+02,1.777216345e-01
7.870208740e+02,1.328724772e-01
7.872558594e+02,1.183046773e-01
7.874908447e+02,2.071191221e-01
7.877258301e+02,1.637103707e-01
7.879608154e+02,1.492080539e-01
7.881958008e+02,1.404346377e-01
7.884307861e+02,1.236080080e-01
7.886658325e+02,1.442320794e-01
7.889008179e+02,1.270126253e-01
7.891358643e+02,1.269798875e-01
7.893709106e+02,1.230187491e-01
7.896059570e+02,1.800132096e-01
7.898410034e+02,1.378156990e-01
7.900760498e+02,1.415804178e-01
7.903111572e+02,9.771334380e-02
7.905462646e+02,1.319885850e-01
7.907813110e+02,1.148345992e-01
7.910164185e+02,1.232806444e-01
7.912515259e+02,1.132305041e-01
7.914866943e+02,1.172571108e-01
7.917218018e+02,1.330034137e-01
7.919569702e+02,1.306136549e-01
7.921920776e+02,1.040969864e-01
7.924272461e+02,1.271108240e-01
7.926624146e+02,1.228550673e-01
7.928975830e+02,1.183374152e-01
7.931327515e+02,1.252775788e-01
7.933679810e+02,1.149982810e-01
7.936031494e+02,1.287803948e-01
7.938383789e+02,1.077634916e-01
7.940736084e+02,8.635374159e-02
7.943088379e+02,1.627610028e-01
7.945440674e+02,9.479978681e-02
7.947792969e+02,1.093348488e-01
7.950145874e+02,1.063230783e-01
7.952498169e+02,1.094003171e-01
7.954851074e+02,1.198105663e-01
7.957203979e+02,1.131650284e-01
7.959556885e+02,1.189266741e-01
7.961909790e+02,1.183701530e-01
7.964262695e+02,1.086473763e-01
7.966616211e+02,1.283875555e-01
7.968969116e+02,1.032131016e-01
7.971322632e+02,1.700612754e-01
7.973676147e+02,1.014125869e-01
7.976029663e+02,1.306463778e-01
7.978383179e+02,8.569900692e-02
7.980737305e+02,1.136888191e-01
7.983090820e+02,9.116602689e-02
7.985444946e+02,7.987189293e-02
7.987798462e+02,1.059302390e-01
7.990152588e+02,9.588009864e-02
7.992506714e+02,9.935017675e-02
7.994861450e+02,9.296653420e-02
7.997215576e+02,8.376754820e-02
7.999570312e+02,8.969287574e-02
8.001924438e+02,9.100233763e-02
8.004279175e+02,7.574708015e-02
8.006633911e+02,1.014780551e-01
8.008988647e+02,8.039567620e-02
8.011343384e+02,1.273072511e-01
8.013698730e+02,8.488059044e-02
8.016053467e+02,6.022991985e-02
8.018408813e+02,7.997009903e-02
8.020764160e+02,1.363425553e-01
8.023119507e+02,1.024928913e-01
8.025474854e+02,7.388108969e-02
8.027830200e+02,1.050136164e-01
8.030185547e+02,7.924989611e-02
8.032541504e+02,1.053737178e-01
8.034897461e+02,9.270464629e-02
8.037252808e+02,1.100550517e-01
8.039608765e+02,9.545452148e-02
8.041964722e+02,1.060284451e-01
8.044321289e+02,8.055935800e-02
8.046677246e+02,1.185665727e-01
8.049033813e+02,9.162433445e-02
8.051389771e+02,8.560080081e-02
8.053746338e+02,1.077634916e-01
8.056102905e+02,1.143435463e-01
8.058459473e+02,9.699314088e-02
8.060816650e+02,8.605910838e-02
8.063173218e+02,7.263709605e-02
8.065530396e+02,8.134503663e-02
8.067886963e+02,8.694300056e-02
8.070244141e+02,8.445502073e-02
8.072601318e+02,7.483045012e-02
8.074958496e+02,6.491125375e-02
8.077316284e+02,7.525602728e-02
8.079673462e+02,6.150664762e-02
8.082031250e+02,6.464936584e-02
8.084389038e+02,9.542178363e-02
8.086746216e+02,1.022310033e-01
8.089104004e+02,5.666162819e-02
8.091462402e+02,7.001817226e-02
8.093820190e+02,1.165696383e-01
8.096177979e+02,7.450308651e-02
8.098536377e+02,6.448568404e-02
8.100894775e+02,8.360386640e-02
8.103253174e+02,8.818699419e-02
8.105611572e+02,8.039567620e-02
8.107969971e+02,8.514248580e-02
8.110328369e+02,1.018381640e-01
8.112687378e+02,6.870870292e-02
8.115045776e+02,7.443761081e-02
8.117404785e+02,6.959259510e-02
8.119763794e+02,6.432199478e-02
8.122122803e+02,8.019925654e-02
8.124481812e+02,4.389434680e-02
8.126841431e+02,1.242300048e-01
8.129200439e+02,6.189948693e-02
8.131560059e+02,7.699106634e-02
8.133919678e+02,1.391579062e-01
8.136279297e+02,4.664422572e-02
8.138638916e+02,1.068141237e-01
8.140998535e+02,1.169297397e-01
8.143358154e+02,6.196496263e-02
8.145718384e+02,9.663303941e-02
8.148078003e+02,7.633633912e-02
8.150438232e+02,8.016651869e-02
8.152798462e+02,1.087783277e-01
8.155158691e+02,7.185141742e-02
8.157518921e+02,5.577773973e-02
8.159879761e+02,8.137777448e-02
8.162239990e+02,5.109640211e-02
8.164600830e+02,5.741457269e-02
8.166961670e+02,7.309541106e-02
8.169322510e+02,1.186975166e-01
8.171683350e+02,5.731636286e-02
8.174044189e+02,1.008887962e-01
8.176405029e+02,8.920183033e-02
8.178766479e+02,5.754551664e-02
8.181127930e+02,7.208057493e-02
8.183488770e+02,5.086724833e-02
8.185850220e+02,6.546778232e-02
8.188212280e+02,6.847954541e-02
8.190573730e+02,4.690611735e-02
8.192935181e+02,4.657875001e-02
8.195297241e+02,1.158494353e-01
8.197658691e+02,4.356698319e-02
8.200020752e+02,6.798850000e-02
8.202382812e+02,5.224218592e-02
8.204744873e+02,9.175528586e-02
8.207107544e+02,5.725088716e-02
8.209469604e+02,7.486318797e-02
8.211831665e+02,4.998335987e-02
8.214194336e+02,5.954245105e-02
8.216557007e+02,6.297979504e-02
8.218919678e+02,5.754551664e-02
8.221282349e+02,6.965806335e-02
8.223645020e+02,5.656341836e-02
8.226008301e+02,9.430874139e-02
8.228370972e+02,5.099819228e-02
8.230734253e+02,4.589128122e-02
8.233097534e+02,4.405803233e-02
8.235460815e+02,5.034346133e-02
8.237824097e+02,4.291224852e-02
8.240187378e+02,6.104833633e-02
8.242551270e+02,8.285092562e-02
8.244914551e+02,6.186675280e-02
8.247278442e+02,5.466469377e-02
8.249642334e+02,5.181660876e-02
8.252006226e+02,8.180335164e-02
8.254370117e+02,9.417778999e-02
8.256734009e+02,4.497465491e-02
8.259097900e+02,5.751278251e-02
8.261462402e+02,5.440280214e-02
8.263826904e+02,5.682531372e-02
8.266191406e+02,2.176439390e-02
8.268555908e+02,4.287951440e-02
8.270920410e+02,3.724881634e-02
8.273284912e+02,5.731636286e-02
8.275649414e+02,2.271375619e-02
8.278014526e+02,3.692144901e-02
8.280379639e+02,5.505753309e-02
8.282744751e+02,5.358438566e-02
8.285109863e+02,7.450308651e-02
8.287474976e+02,6.265243143e-02
8.289840088e+02,4.661148787e-02
8.292205200e+02,4.860842228e-02
8.294570923e+02,3.597208485e-02
8.296936646e+02,5.666162819e-02
8.299301758e+02,5.741457269e-02
8.301667480e+02,5.774193630e-02
8.304033813e+02,2.654394135e-02
8.306399536e+02,4.576033354e-02
8.308765259e+02,7.492866367e-02
8.311131592e+02,3.390967846e-02
8.313497925e+02,6.635166705e-02
8.315863647e+02,3.197821975e-02
8.318229980e+02,5.073630065e-02
8.320596924e+02,4.346877337e-02
8.322963257e+02,2.713320032e-02
8.325329590e+02,2.929381654e-02
8.327696533e+02,1.004959568e-01
8.330062866e+02,5.443553999e-02
8.332429810e+02,6.222685426e-02
8.334796753e+02,2.880276740e-02
8.337163696e+02,6.261969358e-02
8.339531250e+02,7.843147963e-02
8.341898193e+02,3.413883597e-02
8.344265747e+02,5.063809082e-02
8.346632690e+02,5.548311025e-02
8.349000244e+02,2.287743986e-02
8.351367798e+02,3.348410502e-02
8.353735352e+02,4.657875001e-02
8.356103516e+02,6.163759530e-02
8.358471069e+02,3.214190155e-02
8.360839233e+02,2.736235596e-02
8.363206787e+02,2.988307551e-02
8.365574951e+02,5.594142154e-02
8.367943115e+02,3.423704579e-02
8.370311279e+02,2.094597928e-02
8.372679443e+02,1.737768762e-02
8.375048218e+02,2.939202636e-02
8.377416382e+02,3.643039986e-02
8.379785156e+02,2.196081355e-02
8.382153931e+02,2.877003141e-02
8.384522705e+02,3.963858634e-02
8.386891479e+02,2.703499049e-02
8.389260254e+02,3.865648806e-02
8.391629639e+02,6.068823114e-02
8.393998413e+02,8.298186958e-02
8.396367798e+02,4.035879299e-02
8.398737183e+02,3.482630476e-02
8.401106567e+02,3.849280626e-02
8.403475952e+02,3.809996694e-02
8.405845337e+02,4.431992397e-02
8.408215332e+02,3.551377356e-02
8.410584717e+02,4.733169451e-02
8.412954712e+02,2.674036101e-02
8.415324707e+02,5.705446750e-02
8.417694702e+02,3.407336399e-02
8.420064697e+02,3.112706728e-02
8.422434692e+02,3.760891780e-02
8.424804688e+02,2.942476235e-02
8.427175293e+02,3.093064763e-02
8.429545288e+02,3.436799347e-02
8.431915894e+02,2.788614295e-02
8.434286499e+02,3.806722909e-02
8.436657104e+02,2.998128533e-02
8.439028320e+02,2.579099871e-02
8.441398926e+02,4.094805196e-02
8.443769531e+02,5.021251366e-02
8.446140747e+02,2.058587596e-02
8.448511963e+02,3.440072760e-02
8.450883179e+02,3.973679617e-02
8.453254395e+02,2.674036101e-02
8.455625610e+02,1.868715324e-02
8.457997437e+02,3.001402132e-02
8.460368652e+02,8.000283688e-02
8.462740479e+02,4.120994359e-02
8.465112305e+02,2.497258224e-02
8.467483521e+02,9.586372413e-03
8.469855957e+02,3.852554411e-02
8.472227783e+02,8.239261061e-02
8.474599609e+02,5.548311025e-02
8.476972046e+02,4.995062202e-02
8.479343872e+02,2.772245929e-02
8.481716309e+02,2.890097722e-02
8.484088745e+02,4.700432718e-02
8.486461182e+02,3.417157382e-02
8.488833618e+02,3.649587184e-02
8.491206665e+02,2.536542341e-02
8.493579102e+02,3.816543892e-02
8.495952148e+02,1.708305813e-02
8.498324585e+02,1.443139184e-02
8.500697632e+02,4.042426497e-02
8.503070679e+02,1.927641220e-02
8.505444336e+02,3.420430794e-02
8.507817383e+02,2.065134980e-02
8.510190430e+02,6.078644097e-02
8.512564087e+02,8.178697899e-03
8.514937744e+02,9.750056081e-03
8.517311401e+02,2.870455757e-02
8.519685059e+02,5.803656578e-02
8.522058716e+02,2.942476235e-02
8.524432373e+02,1.197614614e-02
8.526806641e+02,4.376340285e-02
8.529180298e+02,3.279663622e-02
8.531554565e+02,6.640077103e-03
8.533928833e+02,2.009482682e-02
8.536303101e+02,5.509027094e-02
8.538677368e+02,3.034138866e-02
8.541051636e+02,1.718126796e-02
8.543426514e+02,8.324376494e-02
8.545800781e+02,1.371118706e-02
8.548175659e+02,2.768972144e-02
8.550550537e+02,3.413883597e-02
8.552925415e+02,7.982278243e-03
8.555300293e+02,2.395774797e-02
8.557675171e+02,3.479356691e-02
8.560050659e+02,3.397515416e-02
8.562425537e+02,1.698484831e-02
8.564801025e+02,6.916701794e-02
8.567176514e+02,4.058795050e-02
8.569552002e+02,5.708720535e-02
8.571927490e+02,1.911272854e-02
8.574302979e+02,8.144325018e-02
8.576679077e+02,2.336848900e-02
8.579054565e+02,2.680583298e-02
8.581430664e+02,2.133881859e-02
8.583806763e+02,2.425237745e-02
8.586182861e+02,4.585854337e-02
8.588558960e+02,2.973576076e-03
8.590935059e+02,6.369999796e-02
8.593311157e+02,3.629945219e-02
8.595687866e+02,3.060328215e-02
8.598064575e+02,3.721607849e-02
8.600440674e+02,1.459507551e-02
8.602817383e+02,1.662474498e-02
8.605194092e+02,1.348203048e-02
8.607571411e+02,1.878536306e-02
8.609948120e+02,1.092857402e-02
8.612324829e+02,3.999869153e-02
8.614702148e+02,1.642832533e-02
8.617079468e+02,4.667695984e-02
8.619456787e+02,1.541349106e-02
8.621834106e+02,3.214190155e-02
8.624211426e+02,2.516900189e-02
8.626588745e+02,3.603756055e-02
8.628966675e+02,9.357216768e-03
8.631343994e+02,6.870870292e-02
8.633721924e+02,1.672295481e-02
8.636099854e+02,3.253474087e-02
8.638477783e+02,4.479460418e-03
8.640855713e+02,7.014911622e-02
8.643234253e+02,2.258281037e-02
8.645612183e+02,5.063809082e-02
8.647990723e+02,3.741249815e-02
8.650368652e+02,3.904932737e-02
8.652747192e+02,4.003142565e-02
8.655125732e+02,1.420223620e-02
8.657504272e+02,1.976746134e-02
8.659883423e+02,4.752811417e-02
8.662261963e+02,1.227077562e-02
8.664641113e+02,2.009482682e-02
8.667019653e+02,1.806515642e-02
8.669398804e+02,2.808256261e-02
8.671777954e+02,-4.310321237e-04
8.674157104e+02,9.439057903e-04
8.676536865e+02,6.378184538e-03
8.678916016e+02,2.546363324e-02
8.681295776e+02,8.767957799e-03
8.683674927e+02,1.593727618e-02
8.686054688e+02,1.430044603e-02
8.688434448e+02,5.142376944e-02
8.690814209e+02,2.327027917e-02
8.693193970e+02,1.197614614e-02
8.695574341e+02,9.619109333e-03
8.697954102e+02,2.602015436e-02
8.700334473e+02,1.299098134e-02
8.702714844e+02,4.774089903e-03
8.705095215e+02,2.078229561e-02
8.707475586e+02,2.353217266e-02
8.709855957e+02,7.622175850e-03
8.712236328e+02,9.455426596e-03
8.714617310e+02,5.266776308e-02
8.716997681e+02,5.985344760e-03
8.719378662e+02,1.272908784e-02
8.721759644e+02,3.006312763e-03
8.724140625e+02,1.698484831e-02
8.726521606e+02,-1.347657409e-03
8.728903198e+02,7.352098823e-02
8.731284180e+02,1.996388100e-02
8.733665771e+02,8.010105044e-02
8.736046753e+02,6.468210369e-02
8.738428345e+02,9.226270020e-03
8.740809937e+02,-4.523109179e-03
8.743191528e+02,3.079970181e-02
8.745573730e+02,2.241912670e-02
8.747955322e+02,1.554443687e-02
8.750337524e+02,1.534801722e-02
8.752719116e+02,1.518433448e-02
8.755101318e+02,2.261554636e-02
8.757483521e+02,9.520899504e-03
8.759865723e+02,4.152094480e-03
8.762248535e+02,2.376132831e-02
8.764630737e+02,8.800693788e-03
8.767013550e+02,3.908206522e-02
8.769395752e+02,2.035672031e-02
8.771778564e+02,3.914753720e-02
8.774161377e+02,2.588920854e-02
8.776544189e+02,9.660030156e-02
8.778927002e+02,4.762632400e-02
8.781310425e+02,3.129075095e-02
8.783693237e+02,4.294498637e-02
8.786076660e+02,2.595468238e-02
8.788460083e+02,-1.511340495e-03
8.790842896e+02,2.457974292e-02
8.793226318e+02,1.289277151e-02
8.795610352e+02,1.940735802e-02
8.797993774e+02,2.664215118e-02
8.800377197e+02,1.960377768e-02
8.802761230e+02,2.795161493e-02
8.805145264e+02,-2.820805181e-03
8.807529297e+02,1.675569266e-02
8.809913330e+02,7.360282820e-03
8.812297363e+02,4.250304308e-03
8.814681396e+02,-5.439734552e-03
8.817066040e+02,-3.148171352e-03
8.819450073e+02,1.871988922e-02
8.821834717e+02,3.119254112e-02
8.824219360e+02,5.003246479e-03
8.826604004e+02,-6.618252955e-03
8.828988647e+02,1.056847163e-02
8.831373291e+02,4.081710428e-02
8.833757935e+02,4.643143620e-03
8.836143188e+02,-2.329756040e-03
8.838528442e+02,3.538282588e-02
8.840913086e+02,1.024110522e-02
8.843298340e+02,1.636285335e-02
8.845683594e+02,1.358024031e-02
8.848069458e+02,3.364778683e-02
8.850454712e+02,1.354750339e-02
8.852839966e+02,1.534801722e-02
8.855225830e+02,-1.002286095e-02
8.857611694e+02,3.518640622e-02
8.859997559e+02,3.332041949e-02
8.862383423e+02,-6.618252955e-03
8.864769287e+02,8.931640536e-03
8.867155151e+02,6.049181148e-02
8.869541626e+02,3.102885745e-02
8.871927490e+02,4.808463529e-02
8.874313965e+02,1.004468556e-02
8.876700439e+02,3.443346545e-02
8.879086914e+02,1.533164876e-03
8.881473389e+02,1.436591893e-02
8.883859863e+02,3.145443276e-02
8.886246948e+02,6.045907736e-02
8.888633423e+02,3.593935072e-02
8.891020508e+02,2.842629561e-03
8.893407593e+02,2.245186269e-02
8.895794678e+02,6.707186997e-02
8.898181763e+02,2.238639072e-02
8.900568848e+02,-4.424899351e-03
8.902955933e+02,1.053573471e-02
8.905343628e+02,2.056950703e-03
8.907730713e+02,-4.163006321e-03
8.910118408e+02,2.376132831e-02
8.912506104e+02,3.256747872e-02
8.914893799e+02,1.803242043e-02
8.917281494e+02,2.693678066e-02
8.919669800e+02,2.318843734e-03
8.922057495e+02,9.193533100e-03
8.924445801e+02,-3.655588953e-04
8.926833496e+02,3.711786866e-02
8.929221802e+02,2.438332327e-02
8.931610107e+02,9.324479848e-03
8.933998413e+02,4.729895666e-02
8.936387329e+02,1.060120761e-02
8.938775635e+02,1.996388100e-02
8.941164551e+02,-1.283820998e-02
8.943552856e+02,2.847540192e-02
8.945941772e+02,3.800175712e-02
8.948330688e+02,-1.398399193e-02
8.950719604e+02,1.331834681e-02
8.953108521e+02,3.102885745e-02
8.955498047e+02,3.898385540e-02
8.957886963e+02,-7.862244733e-03
8.960276489e+02,-9.073499590e-03
8.962666016e+02,3.846006840e-02
8.965055542e+02,1.754137129e-02
8.967445068e+02,2.449790249e-03
8.969834595e+02,6.738286931e-03
8.972224121e+02,4.134089127e-02
8.974614258e+02,1.318740100e-02
8.977003784e+02,2.209176123e-02
8.979393921e+02,-2.526175696e-03
8.981784058e+02,3.446620330e-02
8.984174194e+02,2.307385951e-02
8.986564331e+02,8.440591395e-03
8.988954468e+02,-6.192676723e-03
8.991345215e+02,1.664111391e-03
8.993735352e+02,3.436799347e-02
8.996126099e+02,-5.799837410e-03
8.998516846e+02,1.374392305e-02
9.000907593e+02,4.281403869e-02
9.003298340e+02,2.146976441e-02
9.005689087e+02,-1.751954667e-02
9.008079834e+02,2.854087390e-02
9.010471191e+02,2.006209083e-02
9.012861938e+02,3.518640622e-02
9.015253296e+02,7.283351570e-02
9.017644653e+02,2.467795275e-02
9.020036011e+02,3.397515416e-02
9.022427368e+02,1.747589745e-02
9.024819336e+02,8.543711901e-02
9.027210693e+02,1.849073358e-02
9.029602661e+02,1.701758429e-02
9.031994019e+02,1.217256580e-02
9.034385986e+02,1.315466408e-02
9.036777954e+02,1.518433448e-02
9.039169922e+02,3.214190155e-02
9.041561890e+02,3.227284923e-02
9.043954468e+02,9.684582241e-03
9.046346436e+02,4.937773105e-03
9.048739014e+02,2.791887894e-02
9.051131592e+02,1.017563231e-02
9.053524170e+02,4.741353448e-03
9.055916748e+02,-1.637376472e-02
9.058309326e+02,2.613473218e-03
9.060701904e+02,2.449790249e-03
9.063095093e+02,4.283040762e-03
9.065487671e+02,1.066668145e-02
9.067880859e+02,2.428511344e-02
9.070274048e+02,2.199355140e-02
9.072667236e+02,8.866167627e-03
9.075060425e+02,1.485696808e-02
9.077454224e+02,5.181660876e-02
9.079847412e+02,1.511886157e-02
9.082240601e+02,3.240379691e-02
9.084634399e+02,-2.100599697e-03
9.087028198e+02,4.824831709e-02
9.089421997e+02,8.211434819e-03
9.091815796e+02,4.003142565e-02
9.094209595e+02,-2.265919559e-02
9.096604004e+02,5.690715276e-03
9.098997803e+02,-4.424899351e-03
9.101392212e+02,-7.469404954e-03
9.103786011e+02,-1.156148221e-02
9.106180420e+02,3.793628514e-02
9.108574829e+02,2.228818089e-02
9.110969849e+02,-1.332925912e-02
9.113364258e+02,-1.057938393e-02
9.115758667e+02,-8.877079003e-03
9.118153687e+02,2.490711026e-02
9.120548706e+02,1.040478796e-02
9.122943115e+02,1.675569266e-02
9.125338135e+02,6.242327392e-02
9.127733765e+02,1.256540511e-02
9.130128784e+02,3.759254934e-03
9.132523804e+02,2.399048395e-02
9.134919434e+02,-3.017224837e-03
9.137314453e+02,3.431888763e-03
9.139710083e+02,-1.856711879e-02
9.142105713e+02,1.583906636e-02
9.144501343e+02,1.646106318e-02
9.146896973e+02,1.102678385e-02
9.149293213e+02,-8.025927469e-03
9.151688843e+02,-1.249447581e-03
9.154085083e+02,1.056847163e-02
9.156480713e+02,8.931640536e-03
9.158876953e+02,-2.346124238e-04
9.161273193e+02,-2.197172679e-02
9.163669434e+02,1.973472349e-02
9.166066284e+02,-1.805970096e-03
9.168462524e+02,-1.838706667e-03
9.170858765e+02,-5.439734552e-03
9.173255615e+02,1.551170088e-02
9.175652466e+02,1.729584648e-03
9.178049316e+02,7.260435820e-02
9.180446167e+02,2.346669883e-02
9.182843018e+02,5.129282176e-02
9.185239868e+02,-4.523109179e-03
9.187637329e+02,6.607340649e-03
9.190034180e+02,-1.904179924e-03
9.192431641e+02,9.488162585e-03
9.194829102e+02,6.672814023e-03
9.197226562e+02,-1.936916495e-03
9.199624023e+02,-5.832573865e-03
9.202021484e+02,3.125801310e-02
9.204419556e+02,2.382680215e-02
9.206817017e+02,-1.172516495e-02
9.209215088e+02,1.574085653e-02
9.211613159e+02,2.634752169e-02
9.214011230e+02,1.089583710e-02
9.216409302e+02,6.967443507e-03
9.218807373e+02,7.556702476e-03
9.221205444e+02,1.217256580e-02
9.223604126e+02,3.348410502e-02
9.226002197e+02,-3.082698211e-03
9.228400879e+02,-5.767100956e-03
9.230799561e+02,1.875262521e-02
9.233198242e+02,2.318843734e-03
9.235596924e+02,1.227077562e-02
9.237995605e+02,-1.473693363e-02
9.240394897e+02,2.613473218e-03
9.242793579e+02,-4.621319007e-03
9.245192871e+02,1.875262521e-02
9.247592163e+02,-3.344591008e-03
9.249991455e+02,3.333678935e-03
9.252390747e+02,1.360479295e-01
9.254790039e+02,2.225544304e-02
9.257189331e+02,-5.636154208e-03
9.259589233e+02,-7.240248378e-03
9.261988525e+02,2.908102935e-03
9.264388428e+02,-7.371195126e-03
9.266788330e+02,-1.707760268e-03
9.269188232e+02,4.774089903e-03
9.271588135e+02,1.488970499e-02
9.273988037e+02,1.862167940e-02
9.276388550e+02,-2.098962851e-02
9.278788452e+02,2.546363324e-02
9.281188965e+02,2.886824124e-02
9.283589478e+02,1.128867734e-02
9.285989990e+02,5.332249403e-02
9.288390503e+02,2.613473218e-03
9.290791016e+02,1.597001404e-02
9.293191528e+02,2.116367817e-01
9.295592651e+02,4.774089903e-03
9.297993164e+02,2.850813791e-02
9.300394287e+02,1.799968444e-02
9.302795410e+02,-2.722595353e-03
9.305196533e+02,-2.493439009e-03
9.307597656e+02,2.777156420e-03
9.309998779e+02,1.845799573e-02
9.312400513e+02,-3.192365915e-02
9.314801636e+02,7.360282820e-03
9.317203369e+02,2.646209905e-03
9.319605103e+02,2.435058728e-02
9.322006836e+02,9.128060192e-03
9.324408569e+02,2.379406430e-02
9.326810303e+02,4.801916331e-02
9.329212036e+02,-7.502141409e-03
9.331614380e+02,2.716593631e-02
9.334016113e+02,1.822884008e-02
9.336418457e+02,2.101145312e-02
9.338820801e+02,-1.627555490e-02
9.341223145e+02,1.050299779e-02
9.343625488e+02,-7.011092268e-03
9.346027832e+02,3.464625450e-03
9.348430176e+02,1.893267734e-03
9.350833130e+02,3.194548190e-02
9.353236084e+02,2.916287072e-02
9.355638428e+02,6.083554588e-03
9.358041382e+02,-4.915948957e-03
9.360444336e+02,-1.293641981e-02
9.362847290e+02,2.196081355e-02
9.365250854e+02,2.215723321e-02
9.367653809e+02,-9.793704376e-03
9.370057373e+02,1.374392305e-02
9.372460327e+02,-4.392162897e-03
9.374863892e+02,1.587180421e-02
9.377267456e+02,-9.220814100e-04
9.379671021e+02,6.149027962e-03
9.382075195e+02,2.615110204e-02
9.384478760e+02,5.199666135e-03
9.386882324e+02,-6.421833299e-03
9.389286499e+02,-9.302655235e-03
9.391690674e+02,2.022577263e-02
9.394094849e+02,1.914546452e-02
9.396499023e+02,2.971939184e-02
9.398903198e+02,1.318740100e-02
9.401307373e+02,4.576033354e-02
9.403712158e+02,-2.689858666e-03
9.406116333e+02,1.161604282e-02
9.408521118e+02,-1.886174828e-02
9.410925903e+02,2.875366248e-03
9.413330078e+02,3.027591482e-02
9.415735474e+02,-7.403931580e-03
9.418140259e+02,1.112499367e-02
9.420545044e+02,-1.314920839e-03
9.422950439e+02,3.672502935e-02
9.425355225e+02,-5.292419810e-04
9.427760620e+02,-1.476967055e-02
9.430166016e+02,1.466054842e-02
9.432571411e+02,2.002935298e-02
9.434976807e+02,-2.558912383e-03
9.437382202e+02,-1.457325090e-02
9.439787598e+02,1.593727618e-02
9.442193604e+02,-6.389096379e-03
9.444599609e+02,3.955674823e-03
9.447005005e+02,3.726518247e-03
9.449411011e+02,2.908102935e-03
9.451817017e+02,8.309644647e-03
9.454223022e+02,-1.051391009e-02
9.456629639e+02,8.145961910e-03
9.459035645e+02,-2.133336151e-03
9.461442261e+02,7.654912304e-03
9.463848267e+02,-1.149600931e-02
9.466254883e+02,7.753122132e-03
9.468661499e+02,5.914961174e-02
9.471068115e+02,9.095323272e-03
9.473475342e+02,3.693781793e-03
9.475881958e+02,-1.990932040e-02
9.478288574e+02,1.631374820e-03
9.480695801e+02,-1.539166644e-02
9.483103027e+02,-5.014158785e-03
9.485510254e+02,2.327027917e-02
9.487917480e+02,2.556184307e-02
9.490324707e+02,2.179713175e-02
9.492731934e+02,-1.683207788e-02
9.495139160e+02,6.410920992e-03
9.497546997e+02,1.574085653e-02
9.499954834e+02,-1.347657409e-03
9.502362061e+02,4.369792715e-02
9.504769897e+02,-4.310321237e-04
9.507177734e+02,2.752603963e-02
9.509585571e+02,3.417157382e-02
9.511994019e+02,1.292550750e-02
9.514401855e+02,2.074955963e-02
9.516810303e+02,2.055313997e-02
9.519218140e+02,2.310659550e-02
9.521626587e+02,-1.031749044e-02
9.524035034e+02,7.229336537e-03
9.526443481e+02,6.442020833e-02
9.528852539e+02,2.286107047e-03
9.531260986e+02,-2.131699398e-02
9.533669434e+02,-3.246381180e-03
9.536078491e+02,7.884068415e-03
9.538487549e+02,3.220737725e-02
9.540896606e+02,-2.799526416e-02
9.543305664e+02,1.485696808e-02
9.545714722e+02,-3.049961524e-03
9.548123779e+02,3.004675917e-02
9.550532837e+02,1.194340922e-02
9.552942505e+02,-1.476967055e-02
9.555352173e+02,2.389227413e-02
9.557761230e+02,2.935929038e-02
9.560170898e+02,-8.893447812e-04
9.562580566e+02,-8.942552842e-03
9.564990845e+02,5.510664196e-04
9.567400513e+02,2.742782980e-02
9.569810181e+02,1.515159756e-02
9.572220459e+02,-1.918911375e-02
9.574630737e+02,-8.566081524e-04
9.577040405e+02,6.345447619e-03
9.579450684e+02,1.940735802e-02
9.581860962e+02,-1.876353845e-02
9.584271851e+02,1.402218477e-03
9.586682129e+02,1.511886157e-02
9.589092407e+02,3.030865267e-02
9.591503296e+02,4.675880075e-03
9.593914185e+02,1.164877973e-02
9.596325073e+02,5.378080532e-02
9.598735962e+02,-2.624385525e-03
9.601146851e+02,-8.582449518e-03
9.603557739e+02,1.479149517e-02
9.605968628e+02,1.538075414e-02
9.608380127e+02,8.964377455e-03
9.610791626e+02,-1.486788038e-02
9.613202515e+02,1.685390249e-02
9.615614014e+02,-7.993190549e-03
9.618025513e+02,-8.844343014e-03
9.620437012e+02,-6.618252955e-03
9.622849121e+02,4.284677655e-02
9.625260620e+02,1.236898545e-02
9.627672729e+02,-4.785002209e-03
9.630084229e+02,-1.588271558e-02
9.632496338e+02,1.263087802e-02
9.634908447e+02,4.446723964e-03
9.637320557e+02,-1.784691215e-02
9.639732666e+02,-4.752265755e-03
9.642145386e+02,1.223803870e-02
9.644557495e+02,5.152197927e-02
9.646970215e+02,9.128060192e-03
9.649382324e+02,-1.237989776e-02
9.651795044e+02,8.047752082e-03
9.654207764e+02,2.602015436e-02
9.656620483e+02,2.417053562e-03
9.659033203e+02,-1.215074118e-02
9.661446533e+02,3.053780831e-02
9.663859253e+02,-2.755332040e-03
9.666272583e+02,-1.627555490e-02
9.668685913e+02,-2.558912383e-03
9.671099243e+02,2.711683046e-03
9.673512573e+02,1.754137129e-02
9.675925903e+02,4.381250590e-03
9.678339233e+02,-8.320556954e-03
9.680752563e+02,3.233832121e-02
9.683166504e+02,2.451427095e-02
9.685579834e+02,-1.805970096e-03
9.687993774e+02,1.263087802e-02
9.690407715e+02,-3.704693867e-03
9.692821655e+02,-3.115434665e-03
9.695235596e+02,1.842525974e-02
9.697650146e+02,5.461559165e-03
9.700064087e+02,-3.180908039e-03
9.702478638e+02,9.520899504e-03
9.704892578e+02,-1.211800426e-02
9.707307129e+02,-1.774870232e-02
9.709721680e+02,1.986567117e-02
9.712136230e+02,3.366415389e-03
9.714550781e+02,-4.359426443e-03
9.716965942e+02,-4.097533412e-03
9.719380493e+02,4.867389426e-02
9.721795654e+02,-7.076565642e-03
9.724210205e+02,-1.732312702e-02
9.726625366e+02,1.446412876e-02
9.729040527e+02,-7.665824611e-03
9.731455688e+02,1.070760190e-01
9.733870850e+02,-2.133336151e-03
9.736286621e+02,-1.990932040e-02
9.738701782e+02,1.819610409e-02
9.741117554e+02,8.178697899e-03
9.743533325e+02,4.021147732e-03
9.745948486e+02,-1.971290074e-02
9.748364258e+02,1.308919117e-02
9.750780029e+02,-2.558912383e-03
9.753196411e+02,-1.480240747e-02
9.755612183e+02,-9.957388043e-03
9.758028564e+02,1.174698956e-02
9.760444336e+02,2.101145312e-02
9.762860718e+02,-1.758502051e-02
9.765277100e+02,5.220944807e-02
9.767693481e+02,5.527032074e-03
9.770109863e+02,3.007949516e-02
9.772526245e+02,-1.994205639e-02
9.774943237e+02,5.183297908e-04
9.777359619e+02,2.482526936e-03
9.779776611e+02,1.390760671e-02
9.782193604e+02,-1.044843718e-02
9.784610596e+02,2.742782980e-02
9.787027588e+02,-8.778869174e-03
9.789444580e+02,6.738286931e-03
9.791861572e+02,-2.138246782e-02
9.794278564e+02,-1.355841570e-02
9.796696167e+02,3.963858634e-02
9.799113770e+02,3.377873451e-02
9.801530762e+02,-3.475537524e-03
9.803948364e+02,3.530098591e-03
9.806365967e+02,2.058587596e-02
9.808784180e+02,1.560991071e-02
9.811201782e+02,2.891734475e-04
9.813619385e+02,-1.314920839e-03
9.816037598e+02,5.559768993e-03
9.818455811e+02,-1.149600931e-02
9.820873413e+02,-1.313283946e-02
9.823291626e+02,3.060328215e-02
9.825709839e+02,-1.216710894e-03
9.828128662e+02,2.081503347e-02
9.830546875e+02,-8.484239690e-03
9.832965088e+02,1.413676236e-02
9.835383911e+02,2.592194453e-02
9.837802734e+02,-1.054664701e-02
9.840221558e+02,-2.517991513e-02
9.842639771e+02,-1.355841570e-02
9.845059204e+02,5.788925104e-03
9.847478027e+02,-7.092933811e-05
9.849896851e+02,-6.929250667e-04
9.852316284e+02,-2.652211674e-02
9.854735107e+02,1.881809905e-02
9.857154541e+02,5.839667097e-02
9.859573975e+02,-1.179063879e-02
9.861993408e+02,-1.773233409e-03
9.864412842e+02,1.191067230e-02
9.866832275e+02,6.640077103e-03
9.869251709e+02,-8.844343014e-03
9.871671753e+02,-9.106235579e-03
9.874091797e+02,2.732961997e-02
9.876511230e+02,3.726518247e-03
9.878931274e+02,-7.960454561e-03
9.881351318e+02,-2.259372175e-02
9.883771362e+02,1.174698956e-02
9.886192017e+02,1.112499367e-02
9.888612061e+02,-2.018758096e-04
9.891032104e+02,-4.359426443e-03
9.893452759e+02,4.610407166e-03
9.895873413e+02,5.232402589e-03
9.898294067e+02,-6.716462784e-03
9.900714722e+02,3.922937904e-03
9.903135376e+02,2.327027917e-02
9.905556030e+02,2.220633905e-03
9.907977295e+02,-3.475537524e-03
9.910397949e+02,2.179713175e-02
9.912819214e+02,2.084776945e-02
9.915239868e+02,3.219100763e-04
9.917661133e+02,-2.098962851e-02
9.920082397e+02,6.640077103e-03
9.922504272e+02,1.669021882e-02
9.924925537e+02,8.129593334e-04
9.927346802e+02,-1.696302369e-02
9.929768677e+02,-3.279117867e-03
9.932189941e+02,5.199666135e-03
9.934611816e+02,3.333678935e-03
9.937033691e+02,-1.431135833e-02
9.939455566e+02,3.315673769e-02
9.941877441e+02,1.930914819e-02
9.944299927e+02,1.541349106e-02
9.946721802e+02,-7.927717641e-03
9.949143677e+02,1.027384214e-02
9.951566162e+02,1.173062134e-03
9.953988647e+02,2.346669883e-02
9.956411133e+02,-1.693028770e-02
9.958833618e+02,5.838029901e-04
9.961256104e+02,5.068719387e-03
9.963678589e+02,-1.156148221e-02
9.966101685e+02,-9.220814100e-04
9.968524170e+02,1.207435597e-02
9.970947266e+02,2.991581149e-02
9.973370361e+02,1.544622704e-02
9.975793457e+02,-6.978355814e-03
9.978216553e+02,4.333782569e-02
9.980639648e+02,1.688663848e-02
9.983062744e+02,-2.236456610e-02
9.985486450e+02,-1.607913524e-02
9.987909546e+02,1.467691734e-03
9.990333252e+02,-4.130269866e-03
9.992756958e+02,-1.958195306e-02
9.995180664e+02,-1.787965000e-02
9.997604370e+02,6.131022796e-02
1.000002808e+03,-5.767100956e-03
1.000245178e+03,-1.336199604e-02
1.000487610e+03,1.729584648e-03
1.000729980e+03,1.184519939e-02
1.000972412e+03,2.395774797e-02
1.001214844e+03,-2.076047100e-02
1.001457275e+03,-6.421833299e-03
1.001699707e+03,-4.637687525e-04
1.001942139e+03,2.155160764e-03
1.002184570e+03,-5.243314896e-03
1.002427063e+03,-5.930783693e-03
1.002669495e+03,1.171425264e-02
1.002911987e+03,8.456959622e-04
1.003154480e+03,-4.965053522e-04
1.003396973e+03,4.053884652e-03
1.003639465e+03,2.867182158e-02
1.003881958e+03,4.086621106e-03
1.004124451e+03,9.111691616e-04
1.004367004e+03,-2.919015009e-03
1.004609497e+03,2.241912670e-02
1.004852051e+03,-9.531811811e-03
1.005094604e+03,-1.670113020e-02
1.005337158e+03,-3.999323584e-03
1.005579712e+03,-8.484239690e-03
1.005822266e+03,8.506064303e-03
1.006064819e+03,3.988411278e-03
1.006307434e+03,1.698484831e-02
1.006549988e+03,2.641299367e-02
1.006792603e+03,1.328561082e-02
1.007035217e+03,9.029850364e-03
1.007277832e+03,-1.139779855e-02
1.007520447e+03,3.528461605e-02
1.007763062e+03,3.358231485e-02
1.008005676e+03,-9.302655235e-03
1.008248352e+03,-1.712670736e-02
1.008490967e+03,1.004468556e-02
1.008733643e+03,-8.566081524e-04
1.008976318e+03,-8.386029862e-03
1.009218994e+03,2.313933335e-02
1.009461670e+03,1.583906636e-02
1.009704346e+03,3.800175712e-02
1.009947021e+03,6.803760305e-03
1.010189758e+03,5.574500188e-02
1.010432434e+03,7.818595506e-03
1.010675171e+03,2.024214249e-03
1.010917908e+03,-3.049961524e-03
1.011160645e+03,-1.735586300e-02
1.011403381e+03,1.187793631e-02
1.011646118e+03,-7.436668500e-03
1.011888855e+03,-1.038296428e-02
1.012131653e+03,-5.505207926e-03
1.012374390e+03,1.629737951e-02
1.012617188e+03,1.302371733e-02
1.012859985e+03,-1.660292037e-02
1.013102783e+03,-2.166072838e-03
1.013345581e+03,2.431785129e-02
1.013588379e+03,5.952608306e-03
1.013831177e+03,-3.819272024e-05
1.014074036e+03,1.125594042e-02
1.014316833e+03,8.456959622e-04
1.014559692e+03,7.163863163e-03
1.014802551e+03,1.871988922e-02
1.015045349e+03,-1.306736656e-02
1.015288269e+03,1.734495163e-02
1.015531128e+03,1.502065174e-02
1.015773987e+03,-1.032567471e-01
1.016016846e+03,-1.019472852e-01
1.016259766e+03,-1.054173633e-01
1.016502686e+03,-1.055155769e-01
1.016745544e+03,-1.047953665e-01
1.016988464e+03,-1.058756784e-01
