1.933779755e+02,-2.137959935e-03
1.935834351e+02,-1.560464967e-02
1.937889099e+02,8.740241639e-03
1.939943848e+02,-1.488380507e-02
1.941998901e+02,3.202843945e-03
1.944053955e+02,-5.938777234e-03
1.946109161e+02,1.247552782e-02
1.948164520e+02,2.449233783e-03
1.950220032e+02,1.627634652e-02
1.952275696e+02,-1.517869532e-02
1.954331360e+02,2.086353861e-02
1.956387177e+02,3.315066546e-02
1.958443298e+02,1.771803573e-02
1.960499420e+02,-5.774949212e-03
1.962555695e+02,9.330024011e-03
1.964611969e+02,2.692518756e-02
1.966668549e+02,5.824097432e-03
1.968725128e+02,2.384521440e-02
1.970782013e+02,9.010559006e-05
1.972838898e+02,3.249534965e-02
1.974895935e+02,1.411381178e-02
1.976953125e+02,1.647293940e-02
1.979010315e+02,-1.268850453e-02
1.981067810e+02,-3.677946283e-03
1.983125305e+02,1.431040559e-02
1.985182953e+02,-1.777537516e-03
1.987240906e+02,-3.358481044e-04
1.989298706e+02,-9.968954138e-03
1.991356812e+02,-9.510234930e-03
1.993415070e+02,-2.375510958e-04
1.995473328e+02,-1.904504374e-02
1.997531891e+02,-1.547358651e-02
1.999590454e+02,-7.839186117e-03
2.001649170e+02,7.691740524e-03
2.003708038e+02,-1.557188388e-02
2.005766907e+02,3.967103362e-02
2.007826080e+02,1.424487401e-02
2.009885254e+02,-3.874540329e-03
2.011944733e+02,-8.928644820e-04
2.014004211e+02,-1.515412121e-03
2.016063843e+02,-4.497088026e-03
2.018123627e+02,-1.924163848e-02
2.020183411e+02,-5.742183421e-03
2.022243500e+02,2.482818440e-02
2.024303589e+02,1.400732319e-03
2.026363831e+02,2.289501019e-02
2.028424225e+02,2.843240835e-02
2.030484772e+02,1.218063757e-02
2.032545471e+02,8.397021890e-02
2.034606171e+02,1.826685970e-03
2.036667175e+02,8.019397035e-03
2.038728180e+02,6.020691711e-03
2.040789337e+02,2.217416652e-02
2.042850647e+02,6.143562496e-04
2.044912109e+02,-2.367319539e-03
2.046973724e+02,-1.157447230e-02
2.049035339e+02,-6.331965327e-03
2.051097107e+02,1.893036440e-02
2.053159180e+02,6.857035309e-02
2.055221252e+02,6.575250626e-02
2.057283478e+02,-9.313641116e-03
2.059345703e+02,-1.056692796e-03
2.061408234e+02,-1.141064428e-02
2.063470764e+02,4.415173549e-03
2.065533600e+02,-1.720197615e-04
2.067596436e+02,-1.137787849e-02
2.069659424e+02,1.293424703e-02
2.071722412e+02,5.496440921e-03
2.073785706e+02,2.856347151e-02
2.075848999e+02,-1.010001730e-02
2.077912598e+02,-1.734123006e-02
2.079976196e+02,1.529337559e-02
2.082039948e+02,-1.941365888e-03
2.084103851e+02,3.727094736e-03
2.086167908e+02,1.204957440e-02
2.088231964e+02,-7.290361100e-04
2.090296173e+02,-1.976588927e-02
2.092360687e+02,3.104547039e-03
2.094425201e+02,-2.301788190e-03
2.096489868e+02,6.676004734e-03
2.098554535e+02,4.091612622e-02
2.100619507e+02,9.198961779e-03
2.102684479e+02,-1.861909032e-02
2.104749756e+02,5.463675130e-03
2.106815033e+02,9.297258221e-03
2.108880463e+02,1.008363441e-02
2.110946045e+02,2.446776256e-02
2.113011627e+02,-2.989867236e-03
2.115077515e+02,-4.562619142e-03
2.117143402e+02,5.160592846e-04
2.119209442e+02,-4.103899933e-03
2.121275635e+02,8.510882035e-03
2.123341980e+02,4.422546178e-02
2.125408478e+02,1.001810282e-02
2.127475128e+02,5.496440921e-03
2.129541779e+02,1.342573296e-02
2.131608582e+02,-7.642592303e-03
2.133675537e+02,-7.708123419e-03
2.135742645e+02,3.522309416e-04
2.137809906e+02,-1.537529007e-02
2.139877319e+02,-4.759213421e-03
2.141944733e+02,2.004439756e-02
2.144012299e+02,-2.160076611e-02
2.146080017e+02,-4.726447631e-03
2.148147888e+02,-1.413019467e-02
2.150215912e+02,-8.166843094e-03
2.152284088e+02,-1.691527665e-02
2.154352264e+02,-6.962704356e-04
2.156420746e+02,4.775596317e-03
2.158489227e+02,-2.097821981e-02
2.160557861e+02,-4.202196840e-03
2.162626648e+02,3.989220131e-03
2.164695435e+02,3.098813072e-02
2.166764526e+02,1.336020138e-02
2.168833618e+02,-5.414526444e-03
2.170902863e+02,-6.823450327e-03
2.172972412e+02,3.842593729e-02
2.175041809e+02,2.174821310e-02
2.177111511e+02,4.727266729e-02
2.179181366e+02,-1.023927121e-03
2.181251221e+02,1.201680861e-02
2.183321228e+02,-4.955807235e-03
2.185391388e+02,-1.262297388e-02
2.187461700e+02,-5.906011909e-03
2.189532166e+02,-1.026384532e-02
2.191602783e+02,-5.742183421e-03
2.193673401e+02,-4.759213421e-03
2.195744171e+02,9.395555593e-03
2.197815247e+02,-3.448586678e-03
2.199886322e+02,8.347054012e-03
2.201957397e+02,4.284111317e-03
2.204028778e+02,-1.589954086e-02
2.206100159e+02,-7.945674588e-04
2.208171844e+02,-1.776718348e-02
2.210243530e+02,-6.364731118e-03
2.212315369e+02,1.466263668e-03
2.214387360e+02,2.414010651e-02
2.216459351e+02,-1.783271506e-02
2.218531647e+02,-7.183872629e-03
2.220603943e+02,3.202843945e-03
2.222676392e+02,-2.334553748e-03
2.224748993e+02,2.332096361e-02
2.226821747e+02,1.876653731e-02
2.228894653e+02,5.889629014e-03
2.230967712e+02,-1.278680190e-02
2.233040771e+02,2.613881230e-02
2.235113983e+02,-3.088164143e-03
2.237187347e+02,-3.153695492e-03
2.239260864e+02,2.912048809e-02
2.241334534e+02,-1.370424032e-02
2.243408203e+02,-1.567018032e-02
2.245482178e+02,1.634187624e-02
2.247556152e+02,2.148608677e-02
2.249630280e+02,-5.480058026e-03
2.251704559e+02,1.935631782e-02
2.253778839e+02,3.318342939e-02
2.255853424e+02,2.079800703e-02
2.257928009e+02,-1.619443111e-02
2.260002899e+02,1.531795016e-03
2.262077789e+02,-6.004308816e-03
2.264152832e+02,2.088811249e-03
2.266227875e+02,-1.596507244e-02
2.268303223e+02,1.548996940e-02
2.270378571e+02,-5.873246118e-03
2.272454224e+02,1.778356731e-02
2.274529877e+02,-1.200042572e-02
2.276605682e+02,-2.536881901e-02
2.278681488e+02,-4.759213421e-03
2.280757599e+02,8.412585594e-03
2.282833710e+02,3.071781481e-03
2.284910126e+02,-2.058503032e-02
2.286986542e+02,-1.190212928e-02
2.289063110e+02,1.283595059e-02
2.291139679e+02,4.505279358e-04
2.293216553e+02,1.362232678e-02
2.295293427e+02,7.495146710e-03
2.297370605e+02,5.104072019e-02
2.299447784e+02,2.309160493e-02
2.301525116e+02,-2.087992243e-02
2.303602448e+02,4.742830526e-03
2.305680084e+02,-8.822156116e-03
2.307757721e+02,2.514765132e-03
2.309835663e+02,1.924982993e-03
2.311913605e+02,6.467124075e-02
2.313991699e+02,6.217285525e-03
2.316069794e+02,-1.589954086e-02
2.318148193e+02,1.929078624e-02
2.320226746e+02,1.008363441e-02
2.322305298e+02,4.307866096e-02
2.324384003e+02,-1.665315032e-02
2.326462860e+02,2.053588256e-02
2.328541870e+02,-2.012631111e-02
2.330620880e+02,-8.273331332e-04
2.332700195e+02,-9.870657697e-03
2.334779510e+02,-2.072428586e-03
2.336858978e+02,2.961197309e-02
2.338938599e+02,-6.692387629e-03
2.341018372e+02,-7.839186117e-03
2.343098145e+02,-2.608966269e-02
2.345178223e+02,3.246258572e-02
2.347258301e+02,-1.679240493e-03
2.349338531e+02,-9.739594534e-03
2.351418915e+02,2.263288572e-02
2.353499298e+02,1.306531020e-02
2.355579987e+02,-2.130587585e-02
2.357660675e+02,-2.979218401e-02
2.359741669e+02,-6.200902630e-03
2.361822662e+02,1.398274861e-02
2.363903809e+02,2.672859468e-02
2.365984955e+02,-1.088639349e-02
2.368066406e+02,-1.511316467e-02
2.370147858e+02,-1.744771842e-03
2.372229462e+02,4.251345526e-03
2.374311371e+02,1.244276203e-02
2.376393127e+02,2.302607335e-02
2.378475189e+02,5.922394339e-03
2.380557404e+02,3.464969341e-03
2.382639618e+02,1.814398915e-02
2.384721985e+02,-7.183872629e-03
2.386804504e+02,1.139426138e-02
2.388887177e+02,4.468417913e-02
2.390970001e+02,7.181414962e-02
2.393052826e+02,-6.823450327e-03
2.395135956e+02,1.990514342e-03
2.397219086e+02,2.761326730e-02
2.399302368e+02,2.469712310e-02
2.401385803e+02,-2.389436401e-02
2.403469238e+02,3.413363546e-02
2.405552979e+02,6.118988618e-03
2.407636719e+02,-1.704633795e-02
2.409720612e+02,-7.871951908e-03
2.411804657e+02,-8.691093884e-03
2.413888855e+02,-3.907306120e-03
2.415973206e+02,-1.974131446e-03
2.418057556e+02,-1.134511270e-02
2.420142059e+02,1.702995598e-02
2.422226715e+02,8.069364727e-02
2.424311523e+02,-1.272127032e-02
2.426396484e+02,1.228712499e-04
2.428481598e+02,3.301141085e-03
2.430566711e+02,-8.363436908e-03
2.432651978e+02,-8.789390326e-03
2.434737549e+02,2.613062039e-03
2.436822968e+02,-1.721016690e-02
2.438908691e+02,-1.553911809e-02
2.440994568e+02,5.463675130e-03
2.443080444e+02,-1.589954086e-02
2.445166473e+02,3.639446571e-02
2.447252655e+02,2.289501019e-02
2.449338989e+02,-7.118341513e-03
2.451425476e+02,-1.838973165e-02
2.453511963e+02,-1.350764651e-02
2.455598755e+02,1.859451644e-03
2.457685547e+02,4.933690652e-02
2.459772491e+02,-2.441861480e-02
2.461859589e+02,-5.512823816e-03
2.463946686e+02,2.656476572e-02
2.466034088e+02,-4.857510328e-03
2.468121490e+02,-2.930069901e-02
2.470209045e+02,3.301141085e-03
2.472296753e+02,1.604698598e-02
2.474384613e+02,-1.154170651e-02
2.476472626e+02,3.366672434e-03
2.478560638e+02,7.069192827e-03
2.480648804e+02,3.694329178e-03
2.482737122e+02,1.037852559e-02
2.484825592e+02,-1.367147546e-02
2.486914215e+02,5.332612433e-03
2.489002991e+02,-4.341450986e-04
2.491091766e+02,-1.101745572e-02
2.493180695e+02,1.113213599e-02
2.495269775e+02,1.057511941e-02
2.497359009e+02,-8.691093884e-03
2.499448395e+02,1.362232678e-02
2.501537781e+02,-2.097821981e-02
2.503627472e+02,1.211510599e-02
2.505717163e+02,2.076524310e-02
2.507807007e+02,-3.044749796e-02
2.509897003e+02,4.284111317e-03
2.511987000e+02,4.153867438e-02
2.514077301e+02,-1.085362770e-02
2.516167603e+02,3.220045939e-02
2.518258057e+02,-2.120757848e-02
2.520348663e+02,3.007069230e-02
2.522439423e+02,-4.431556445e-03
2.524530182e+02,2.940718783e-03
2.526621246e+02,-2.117481269e-02
2.528712311e+02,1.185298059e-02
2.530803528e+02,3.006250132e-03
2.532894897e+02,-1.255744230e-02
2.534986420e+02,-1.881568506e-02
2.537077942e+02,-7.085575722e-03
2.539169617e+02,6.086222827e-03
2.541261444e+02,2.050311677e-02
2.543353424e+02,7.495146710e-03
2.545445557e+02,4.609310254e-02
2.547537842e+02,-4.341450986e-04
2.549630127e+02,2.499201335e-02
2.551722717e+02,-1.616166532e-02
2.553815308e+02,1.257382520e-02
2.555908051e+02,-9.182578884e-03
2.558000793e+02,-1.737399586e-02
2.560093689e+02,3.497735132e-03
2.562186890e+02,1.725931652e-02
2.564280090e+02,1.732484624e-02
2.566373596e+02,-4.333259538e-03
2.568467102e+02,-1.360594388e-02
2.570560608e+02,-6.757919211e-03
2.572654419e+02,2.594221756e-02
2.574748230e+02,-2.359947190e-02
2.576842041e+02,-5.611120723e-03
2.578936157e+02,-5.979734706e-04
2.581030579e+02,2.539339184e-04
2.583125000e+02,4.832936102e-04
2.585219421e+02,-1.239361428e-02
2.587313843e+02,2.613062039e-03
2.589408569e+02,1.201680861e-02
2.591503601e+02,-1.046043914e-02
2.593598633e+02,-7.249404211e-03
2.595693665e+02,2.420563810e-02
2.597789001e+02,8.871304803e-03
2.599884338e+02,-2.461520769e-02
2.601979675e+02,-9.911614470e-04
2.604075317e+02,8.740241639e-03
2.606170959e+02,-1.744771842e-03
2.608266907e+02,-1.832420006e-02
2.610362854e+02,-1.999524981e-02
2.612459106e+02,9.035132825e-03
2.614555359e+02,-3.055398585e-03
2.616651611e+02,-7.085575722e-03
2.618748169e+02,-1.540805586e-02
2.620844727e+02,3.301141085e-03
2.622941284e+02,9.428321384e-03
2.625038147e+02,-1.930717006e-02
2.627135315e+02,-3.186461283e-03
2.629232483e+02,1.935631782e-02
2.631329651e+02,-1.209872309e-02
2.633426819e+02,-2.563094348e-02
2.635524292e+02,5.725800525e-03
2.637622070e+02,-1.786548086e-02
2.639719849e+02,4.832936102e-04
2.641817627e+02,-6.594090723e-03
2.643915710e+02,-8.101311512e-03
2.646013794e+02,1.171372598e-03
2.648111877e+02,-5.807714537e-03
2.650210266e+02,-1.265573967e-02
2.652308655e+02,-4.996764474e-04
2.654407349e+02,1.149255782e-02
2.656506042e+02,1.008363441e-02
2.658605042e+02,-6.659621838e-03
2.660704041e+02,1.683336124e-02
2.662803040e+02,1.018193178e-02
2.664902344e+02,-2.245267481e-02
2.667001648e+02,4.891094938e-02
2.669101257e+02,-9.739594534e-03
2.671200867e+02,3.366672434e-03
2.673300476e+02,8.805773221e-03
2.675400391e+02,-4.038368817e-03
2.677500305e+02,4.775596317e-03
2.679600525e+02,-5.021338817e-03
2.681700745e+02,5.356367677e-02
2.683800964e+02,-4.431556445e-03
2.685901489e+02,-2.513945848e-02
2.688002014e+02,3.826211020e-02
2.690102844e+02,-3.022632794e-03
2.692203674e+02,-1.449061651e-02
2.694304504e+02,-1.744771842e-03
2.696405640e+02,1.856994256e-02
2.698506775e+02,-2.105194144e-03
2.700608215e+02,-2.271479927e-02
2.702709656e+02,-2.330458164e-02
2.704811401e+02,1.073894743e-02
2.706913147e+02,-1.515412121e-03
2.709014893e+02,1.433497993e-03
2.711116943e+02,-8.166843094e-03
2.713218994e+02,6.970895920e-03
2.715321045e+02,4.906659015e-03
2.717423401e+02,-1.875834540e-03
2.719526062e+02,2.663029730e-02
2.721628418e+02,-1.354041230e-02
2.723731384e+02,-2.662210492e-03
2.725834045e+02,-1.645655744e-02
2.727937012e+02,-9.837891906e-03
2.730039978e+02,3.518213704e-02
2.732143250e+02,1.168915257e-02
2.734246521e+02,3.287952840e-01
2.736350098e+02,-1.914334111e-02
2.738453674e+02,1.162362099e-02
2.740557556e+02,-1.786548086e-02
2.742661133e+02,-1.999524981e-02
2.744765320e+02,-6.757919211e-03
2.746869202e+02,-1.442508586e-02
2.748973389e+02,-3.776243189e-03
2.751077881e+02,2.286224440e-02
2.753182373e+02,6.381114013e-03
2.755286865e+02,2.338649519e-02
2.757391663e+02,-1.445785072e-02
2.759496460e+02,-8.101311512e-03
2.761601257e+02,-2.713816427e-02
2.763706360e+02,3.328172863e-02
2.765811462e+02,4.530672729e-02
2.767916870e+02,1.185298059e-02
2.770022278e+02,-6.823450327e-03
2.772127991e+02,4.415993020e-02
2.774233704e+02,2.407457493e-02
2.776339417e+02,2.328819782e-02
2.778445435e+02,4.316876642e-03
2.780551453e+02,-8.428968489e-03
2.782657471e+02,-5.676651839e-03
2.784763794e+02,-1.124681532e-02
2.786870422e+02,6.471219240e-04
2.788976746e+02,-1.262297388e-02
2.791083679e+02,6.872599013e-03
2.793190308e+02,-2.826038981e-03
2.795297241e+02,-9.706828743e-03
2.797404175e+02,9.297258221e-03
2.799511414e+02,-2.301788190e-03
2.801618652e+02,-1.232808270e-02
2.803726196e+02,-2.002801374e-02
2.805833740e+02,-6.168136839e-03
2.807941284e+02,2.643370256e-02
2.810049133e+02,-8.691093884e-03
2.812156982e+02,2.214140072e-02
2.814265137e+02,-3.415820887e-03
2.816373291e+02,-9.117047302e-03
2.818481750e+02,-3.169259429e-02
2.820589905e+02,-2.029014006e-02
2.822698669e+02,6.450740993e-02
2.824807129e+02,1.588315703e-02
2.826915894e+02,-1.737399586e-02
2.829024963e+02,-9.805126116e-03
2.831134033e+02,6.741536316e-03
2.833243103e+02,3.396980464e-02
2.835352478e+02,-4.988573026e-03
2.837461853e+02,-2.622072585e-02
2.839571228e+02,2.889112756e-02
2.841680908e+02,-9.583957726e-04
2.843790588e+02,-1.141064428e-02
2.845900574e+02,-2.690880559e-02
2.848010559e+02,2.004439756e-02
2.850120850e+02,1.273765322e-02
2.852230835e+02,1.957748784e-03
2.854341431e+02,-3.316704929e-02
2.856452026e+02,3.956454340e-03
2.858562622e+02,-2.074885927e-02
2.860673218e+02,6.479410920e-03
2.862784119e+02,-7.249404211e-03
2.864895020e+02,1.159085520e-02
2.867006226e+02,1.080447901e-02
2.869117432e+02,-1.691527665e-02
2.871228943e+02,-2.536881901e-02
2.873340454e+02,-4.693681840e-03
2.875451965e+02,-1.193489507e-02
2.877563782e+02,-1.848802902e-02
2.879675598e+02,-8.494499139e-03
2.881787720e+02,6.676004734e-03
2.883899536e+02,5.594737828e-03
2.886011963e+02,1.204138272e-03
2.888124390e+02,-2.117481269e-02
2.890236816e+02,5.488249590e-04
2.892349243e+02,3.803274781e-02
2.894461975e+02,-1.183659770e-02
2.896575012e+02,-1.861909032e-02
2.898687744e+02,2.842421643e-03
2.900801086e+02,1.336020138e-02
2.902914124e+02,-1.049320493e-02
2.905027466e+02,-1.917610690e-02
2.907141113e+02,4.710064735e-03
2.909254456e+02,2.430393361e-02
2.911368408e+02,-2.170725493e-03
2.913482056e+02,-7.249404211e-03
2.915596008e+02,8.969601244e-03
2.917710266e+02,1.116490178e-02
2.919824219e+02,1.480189059e-02
2.921938782e+02,-2.101098560e-02
2.924053040e+02,7.790037431e-03
2.926167603e+02,3.380597755e-02
2.928282471e+02,-1.717740111e-02
2.930397034e+02,-1.209872309e-02
2.932512207e+02,5.430909339e-03
2.934627075e+02,-7.945674588e-04
2.936742249e+02,-2.629444934e-03
2.938857727e+02,-8.887687698e-03
2.940973206e+02,2.289501019e-02
2.943088684e+02,-5.643886514e-03
2.945204163e+02,1.171372598e-03
2.947320251e+02,-1.055873651e-02
2.949436035e+02,-1.173830032e-02
2.951552124e+02,-4.923041444e-03
2.953668213e+02,-3.317523981e-03
2.955784607e+02,-1.986418664e-02
2.957901001e+02,-4.431556445e-03
2.960017395e+02,-5.086869933e-03
2.962134094e+02,-3.054579347e-02
2.964250793e+02,-1.629272848e-02
2.966367798e+02,1.699719019e-02
2.968484802e+02,1.070618164e-02
2.970601807e+02,-1.042767428e-02
2.972719116e+02,-4.529853817e-03
2.974836731e+02,2.522137389e-02
2.976954041e+02,3.134855255e-02
2.979071655e+02,4.251345526e-03
2.981189575e+02,9.526617825e-03
2.983307495e+02,-2.015907690e-02
2.985425415e+02,-7.347701117e-03
2.987543335e+02,-8.854921907e-03
2.989661865e+02,-9.215343744e-03
2.991780090e+02,-1.770165190e-02
2.993898621e+02,-7.839186117e-03
2.996017151e+02,1.924982993e-03
2.998135986e+02,-2.022460848e-02
3.000254822e+02,1.490018796e-02
3.002373657e+02,1.103383861e-02
3.004492798e+02,-1.098468993e-02
3.006611938e+02,-2.454967611e-02
3.008731384e+02,1.519507822e-02
3.010850830e+02,5.856863223e-03
3.012970581e+02,1.696442440e-02
3.015090027e+02,-2.117481269e-02
3.017210083e+02,4.845223203e-02
3.019329834e+02,-8.035779931e-03
3.021450195e+02,-6.823450327e-03
3.023570251e+02,-2.074885927e-02
3.025690613e+02,1.712825336e-02
3.027810974e+02,2.010992914e-02
3.029931641e+02,-2.271479927e-02
3.032052307e+02,6.873418391e-02
3.034172974e+02,1.798016019e-02
3.036293945e+02,-2.422202006e-02
3.038414917e+02,2.457425035e-05
3.040536194e+02,2.842421643e-03
3.042657471e+02,-1.865185611e-02
3.044779053e+02,2.604051493e-02
3.046900635e+02,-1.548177795e-03
3.049022217e+02,-8.166843094e-03
3.051143799e+02,4.054751247e-03
3.053265991e+02,2.866995928e-04
3.055387878e+02,-1.914334111e-02
3.057510071e+02,-2.022460848e-02
3.059632263e+02,-1.222978532e-02
3.061754761e+02,1.034575980e-02
3.063877258e+02,-1.613709144e-03
3.065999756e+02,-1.770165190e-02
3.068122559e+02,-1.632549427e-02
3.070245361e+02,-1.907780953e-02
3.072368469e+02,-1.721016690e-02
3.074491577e+02,-1.150894072e-02
3.076614990e+02,3.235609736e-03
3.078738098e+02,2.414010651e-02
3.080861816e+02,-6.856216118e-03
3.082985229e+02,-2.353394032e-02
3.085108948e+02,2.318990231e-02
3.087232971e+02,-4.660916515e-03
3.089356995e+02,-6.954513025e-03
3.091481018e+02,-8.560030721e-03
3.093605347e+02,1.414657757e-02
3.095729675e+02,-1.164000388e-02
3.097854004e+02,9.092473192e-04
3.099978638e+02,-2.428755164e-02
3.102103271e+02,1.398274861e-02
3.104228210e+02,6.938130129e-03
3.106353149e+02,3.522309416e-04
3.108478088e+02,-1.603060402e-02
3.110603333e+02,-1.891398244e-02
3.112728577e+02,-4.234962631e-03
3.114854126e+02,1.617804915e-02
3.116979675e+02,-1.648932323e-02
3.119105225e+02,-9.346406907e-03
3.121231079e+02,3.095536493e-02
3.123356934e+02,-9.084281512e-03
3.125483093e+02,2.754773572e-02
3.127609253e+02,1.047682203e-02
3.129735413e+02,-4.988573026e-03
3.131861877e+02,-2.176459506e-02
3.133988342e+02,-5.906011909e-03
3.136115112e+02,-1.091915928e-02
3.138241882e+02,5.791331641e-03
3.140368652e+02,8.437159704e-04
3.142495728e+02,-1.160723809e-02
3.144622803e+02,3.216769546e-02
3.146750183e+02,4.576544836e-02
3.148877563e+02,-3.645180492e-03
3.151004944e+02,-1.596507244e-02
3.153132629e+02,-6.528559607e-03
3.155260315e+02,6.741536316e-03
3.157388306e+02,-1.078809611e-02
3.159516296e+02,-2.389436401e-02
3.161644287e+02,-1.409742888e-02
3.163772583e+02,-1.101745572e-02
3.165900879e+02,-2.236256842e-03
3.168029480e+02,-1.220521168e-03
3.170158081e+02,5.299846642e-03
3.172286682e+02,4.579002038e-03
3.174415588e+02,1.716101915e-02
3.176544495e+02,-2.186289243e-02
3.178673706e+02,5.415345728e-02
3.180802612e+02,1.702995598e-02
3.182932129e+02,-7.380466908e-03
3.185061646e+02,-2.966112085e-02
3.187191162e+02,-1.573571190e-02
3.189320679e+02,-2.400085097e-03
3.191450500e+02,5.004955921e-03
3.193580322e+02,1.290148217e-02
3.195710449e+02,-5.652077962e-04
3.197840576e+02,8.109502960e-04
3.199971008e+02,-9.543000720e-03
3.202101440e+02,1.421210822e-02
3.204231873e+02,4.891094938e-02
3.206362610e+02,3.694329178e-03
3.208493347e+02,-1.901227981e-02
3.210624084e+02,-2.202671953e-02
3.212755127e+02,-2.703167556e-04
3.214886169e+02,9.428321384e-03
3.217017517e+02,-1.540805586e-02
3.219148865e+02,6.053457037e-03
3.221280518e+02,-1.426125690e-02
3.223411865e+02,2.273118310e-02
3.225543823e+02,1.873377152e-02
3.227675476e+02,2.088811249e-03
3.229807434e+02,3.131578863e-02
3.231939697e+02,4.832936102e-04
3.234071960e+02,-1.665315032e-02
3.236204224e+02,8.248756640e-03
3.238336792e+02,2.001163177e-02
3.240469360e+02,-7.478763815e-03
3.242601929e+02,1.761973836e-02
3.244734802e+02,-7.740889210e-03
3.246867676e+02,-1.515412121e-03
3.249000854e+02,-7.740889210e-03
3.251134033e+02,1.250829361e-02
3.253267212e+02,-1.023107953e-02
3.255400696e+02,1.145979203e-02
3.257534180e+02,9.264492430e-03
3.259667969e+02,2.676135860e-02
3.261801758e+02,-9.641298093e-03
3.263935547e+02,-1.983142085e-02
3.266069641e+02,-6.594090723e-03
3.268203735e+02,3.718084097e-02
3.270337830e+02,6.381114013e-03
3.272472229e+02,5.103252828e-03
3.274606934e+02,-4.562619142e-03
3.276741333e+02,-1.351583865e-03
3.278876038e+02,3.377321362e-02
3.281011047e+02,2.056045691e-03
3.283146057e+02,-2.203491284e-03
3.285281067e+02,-1.160723809e-02
3.287416382e+02,-3.776243189e-03
3.289551697e+02,5.725800525e-03
3.291687317e+02,-3.481352236e-03
3.293822632e+02,2.279671282e-02
3.295958557e+02,-3.139770031e-02
3.298094177e+02,9.231726639e-03
3.300230103e+02,1.581762545e-02
3.302366333e+02,-1.127958111e-02
3.304502563e+02,4.505279358e-04
3.306638794e+02,-4.824744537e-03
3.308775330e+02,6.413879339e-03
3.310911865e+02,-2.402542531e-02
3.313048401e+02,-1.177106611e-02
3.315185242e+02,-3.710711841e-03
3.317322083e+02,1.924982993e-03
3.319459229e+02,5.234315526e-03
3.321596375e+02,3.744296730e-02
3.323733521e+02,1.050958782e-02
3.325870972e+02,1.090277638e-02
3.328008423e+02,-6.594090723e-03
3.330146179e+02,-1.662038453e-02
3.332283936e+02,5.867512152e-02
3.334421692e+02,9.297258221e-03
3.336559753e+02,1.440870296e-02
3.338697815e+02,-2.373053506e-02
3.340835876e+02,1.273765322e-02
3.342974243e+02,3.202843945e-03
3.345112915e+02,4.828840494e-02
3.347251282e+02,-2.572924085e-02
3.349389954e+02,1.414657757e-02
3.351528931e+02,3.858157434e-03
3.353667908e+02,-1.281956770e-02
3.355806885e+02,-1.413019467e-02
3.357946167e+02,1.155808941e-02
3.360085449e+02,-8.297905326e-03
3.362224731e+02,-5.807714537e-03
3.364364319e+02,-1.291786507e-02
3.366503906e+02,4.681394994e-02
3.368643799e+02,2.148608677e-02
3.370783691e+02,1.834058203e-02
3.372923889e+02,-1.648932323e-02
3.375063782e+02,2.711358946e-03
3.377204285e+02,-6.594090723e-03
3.379344482e+02,2.121577039e-03
3.381484985e+02,-1.304892730e-02
3.383625793e+02,-1.281956770e-02
3.385766296e+02,5.824097432e-03
3.387907410e+02,-2.287862822e-02
3.390048218e+02,-6.888981909e-03
3.392189331e+02,-6.102605723e-03
3.394330444e+02,1.919249073e-02
3.396471863e+02,4.382408224e-03
3.398613281e+02,-1.593230665e-02
3.400755005e+02,-9.608532302e-03
3.402896729e+02,1.021469664e-02
3.405038452e+02,4.120282829e-03
3.407180481e+02,-1.016554888e-02
3.409322510e+02,-1.570294611e-02
3.411464539e+02,1.604698598e-02
3.413606873e+02,3.006250132e-03
3.415749207e+02,-6.921747234e-03
3.417891846e+02,-1.439232007e-02
3.420034485e+02,2.754773572e-02
3.422177124e+02,-1.907780953e-02
3.424320068e+02,1.522784401e-02
3.426463318e+02,-7.773654535e-03
3.428606262e+02,-1.406466309e-02
3.430749512e+02,6.610473618e-03
3.432892761e+02,-9.870657697e-03
3.435036316e+02,3.023451939e-02
3.437179871e+02,-1.222978532e-02
3.439323730e+02,-3.198748454e-02
3.441467590e+02,-5.742183421e-03
3.443611450e+02,-1.796377823e-02
3.445755615e+02,-5.348995328e-03
3.447899780e+02,-2.015907690e-02
3.450044250e+02,-5.774949212e-03
3.452188721e+02,-1.318818191e-03
3.454333191e+02,1.073075575e-03
3.456477661e+02,-2.061779611e-02
3.458622742e+02,-1.471997611e-02
3.460767517e+02,2.102736756e-02
3.462912598e+02,-5.512823816e-03
3.465057678e+02,-2.038843744e-02
3.467203064e+02,1.105841249e-03
3.469348450e+02,4.710064735e-03
3.471493835e+02,2.285405295e-03
3.473639526e+02,-6.594090723e-03
3.475785217e+02,1.342573296e-02
3.477931213e+02,-3.809008980e-03
3.480077209e+02,1.653847098e-02
3.482223206e+02,2.023279900e-03
3.484369507e+02,-2.248544060e-02
3.486515808e+02,3.333906643e-03
3.488662109e+02,-1.744771842e-03
3.490808716e+02,1.529337559e-02
3.492955627e+02,-1.586677507e-02
3.495102234e+02,1.113213599e-02
3.497249146e+02,-9.674063884e-03
3.499396362e+02,-4.234962631e-03
3.501543579e+02,-4.791978747e-03
3.503690796e+02,-4.333259538e-03
3.505838318e+02,-4.366025329e-03
3.507985840e+02,7.265787106e-03
3.510133362e+02,-7.904717699e-03
3.512281189e+02,2.315713651e-02
3.514429016e+02,1.447423361e-02
3.516577148e+02,-2.405819111e-02
3.518725281e+02,4.320972413e-02
3.520873413e+02,1.548996940e-02
3.523021851e+02,-1.180383191e-02
3.525170288e+02,2.364862151e-02
3.527318726e+02,-6.102605723e-03
3.529467468e+02,-4.824744537e-03
3.531616516e+02,2.427116781e-02
3.533765259e+02,2.645827597e-03
3.535914307e+02,-7.642592303e-03
3.538063660e+02,-1.253286842e-03
3.540213013e+02,1.725931652e-02
3.542362366e+02,-2.047854214e-04
3.544512024e+02,-4.071134143e-03
3.546661682e+02,2.643370256e-02
3.548811340e+02,9.755977429e-03
3.550961304e+02,-1.547358651e-02
3.553111267e+02,-3.120110743e-02
3.555261536e+02,2.355032414e-02
3.557411804e+02,-8.396202698e-03
3.559562073e+02,3.308513388e-02
3.561712646e+02,-2.074885927e-02
3.563863220e+02,3.033281676e-02
3.566013794e+02,1.332743559e-02
3.568164673e+02,-2.425478585e-02
3.570315857e+02,5.463675130e-03
3.572466736e+02,2.645827597e-03
3.574617920e+02,2.020822652e-02
3.576769409e+02,-4.759213421e-03
3.578920898e+02,1.728388947e-03
3.581072388e+02,-5.840480328e-03
3.583223877e+02,2.725284360e-02
3.585375671e+02,4.694500938e-02
3.587527771e+02,-1.023107953e-02
3.589679871e+02,-1.609613374e-02
3.591831970e+02,-2.727741841e-03
3.593984070e+02,-1.930717006e-02
3.596136475e+02,1.171372598e-03
3.598289185e+02,-3.350289539e-03
3.600441589e+02,1.322913822e-02
3.602594299e+02,-4.996764474e-04
3.604747314e+02,2.014269494e-02
3.606900330e+02,8.510882035e-03
3.609053345e+02,3.410086781e-02
3.611206665e+02,-1.596507244e-02
3.613359985e+02,-5.217932630e-03
3.615513306e+02,-1.052597072e-02
3.617666931e+02,8.281522430e-03
3.619820557e+02,-2.828496322e-02
3.621974487e+02,7.724506315e-03
3.624128418e+02,1.778356731e-02
3.626282349e+02,8.084928617e-03
3.628436584e+02,-3.088164143e-03
3.630590820e+02,-2.340287901e-02
3.632745056e+02,3.747573122e-02
3.634899597e+02,8.740241639e-03
3.637054443e+02,2.711358946e-03
3.639208984e+02,-6.528559607e-03
3.641363831e+02,1.021469664e-02
3.643518982e+02,-1.681697927e-02
3.645674133e+02,-2.091268823e-02
3.647829285e+02,2.869453467e-02
3.649984436e+02,5.556238070e-02
3.652139893e+02,1.224616822e-02
3.654295654e+02,2.744124737e-03
3.656451111e+02,-2.402542531e-02
3.658607178e+02,2.481999341e-03
3.660762939e+02,-4.562619142e-03
3.662919006e+02,9.297258221e-03
3.665075073e+02,2.597498335e-02
3.667231445e+02,4.268547520e-02
3.669387817e+02,8.437159704e-04
3.671544495e+02,-2.703986689e-02
3.673700867e+02,-1.658761874e-02
3.675857849e+02,3.661563387e-03
3.678014526e+02,3.200386465e-02
3.680171509e+02,6.217285525e-03
3.682328796e+02,-1.347488072e-02
3.684485779e+02,2.397627756e-02
3.686643066e+02,-2.760507632e-03
3.688800659e+02,5.160592846e-04
3.690958252e+02,-1.583400927e-02
3.693115845e+02,2.256735414e-02
3.695273743e+02,5.005775020e-02
3.697431641e+02,2.017546073e-02
3.699589539e+02,-1.648932323e-02
3.701747742e+02,2.230522782e-02
3.703906250e+02,-1.006725151e-02
3.706064453e+02,2.907952992e-03
3.708222961e+02,-9.346406907e-03
3.710381775e+02,6.512176711e-03
3.712540283e+02,8.734507859e-02
3.714699097e+02,-1.154170651e-02
3.716858215e+02,-1.678421348e-02
3.719017334e+02,5.801980570e-02
3.721176453e+02,1.313084178e-02
3.723335876e+02,4.832936102e-04
3.725495300e+02,-1.871738769e-02
3.727654724e+02,-1.734123006e-02
3.729814453e+02,1.866823994e-02
3.731974182e+02,-6.004308816e-03
3.734134216e+02,-4.103899933e-03
3.736294250e+02,6.446645129e-03
3.738454285e+02,3.842593729e-02
3.740614624e+02,-1.580124348e-02
3.742774963e+02,1.662857714e-03
3.744935608e+02,9.919806384e-03
3.747096252e+02,-9.444704279e-03
3.749256897e+02,-2.684327401e-02
3.751417847e+02,-2.133864164e-02
3.753578796e+02,1.034575980e-02
3.755739746e+02,2.522137389e-02
3.757901001e+02,-1.105022151e-02
3.760062256e+02,-9.870657697e-03
3.762223816e+02,1.221340243e-02
3.764385376e+02,4.350461438e-02
3.766546936e+02,-2.179736085e-02
3.768708801e+02,2.803922072e-02
3.770870667e+02,-1.357317809e-02
3.773032837e+02,-4.398791119e-03
3.775194702e+02,-2.367319539e-03
3.777357178e+02,-1.098468993e-02
3.779519348e+02,1.863547415e-02
3.781681824e+02,3.049664572e-02
3.783844604e+02,-1.255744230e-02
3.786007385e+02,-1.881568506e-02
3.788170166e+02,-1.285233349e-02
3.790332947e+02,6.077212468e-02
3.792496033e+02,-2.153523453e-02
3.794659424e+02,3.374044597e-02
3.796822510e+02,-7.970248349e-03
3.798986206e+02,9.690446779e-03
3.801149597e+02,-3.182365373e-02
3.803313293e+02,-2.268203348e-02
3.805476990e+02,2.645827597e-03
3.807640991e+02,-9.805126116e-03
3.809804993e+02,-7.052809931e-03
3.811968994e+02,-2.255097032e-02
3.814133301e+02,-1.122224145e-03
3.816297607e+02,4.218579736e-03
3.818462219e+02,-1.187755493e-03
3.820626831e+02,1.924982993e-03
3.822791443e+02,7.233021315e-03
3.824956360e+02,4.832936102e-04
3.827121277e+02,-1.449061651e-02
3.829286194e+02,-1.141064428e-02
3.831451416e+02,4.727266729e-02
3.833616638e+02,5.664364994e-02
3.835782166e+02,-1.865185611e-02
3.837947693e+02,-1.979865506e-02
3.840113220e+02,1.562103257e-02
3.842279053e+02,1.240999717e-02
3.844444885e+02,-1.072256453e-02
3.846610718e+02,-2.274756506e-02
3.848776855e+02,3.177450597e-02
3.850943298e+02,-2.047854214e-04
3.853109436e+02,1.067341678e-02
3.855275879e+02,2.328819782e-02
3.857442627e+02,-9.215343744e-03
3.859609070e+02,3.567362204e-02
3.861776123e+02,-1.734123006e-02
3.863942871e+02,-5.709417630e-03
3.866109924e+02,1.788186282e-02
3.868276978e+02,-1.635826007e-02
3.870444336e+02,-6.823450327e-03
3.872611694e+02,-8.101311512e-03
3.874779358e+02,-3.645180492e-03
3.876947021e+02,2.040481940e-02
3.879114685e+02,-2.051950060e-02
3.881282349e+02,-1.203319151e-02
3.883450317e+02,-5.185166840e-03
3.885618591e+02,1.296701282e-02
3.887786560e+02,-3.808189929e-02
3.889955139e+02,-1.884845085e-02
3.892123413e+02,2.079800703e-02
3.894291992e+02,1.555550098e-02
3.896460571e+02,1.542443782e-02
3.898629456e+02,-7.151106838e-03
3.900798340e+02,-1.190212928e-02
3.902967224e+02,-5.054104142e-03
3.905136414e+02,7.429615129e-03
3.907305603e+02,-1.373700611e-02
3.909475098e+02,1.807845756e-02
3.911644592e+02,4.873893224e-03
3.913814087e+02,4.425822571e-02
3.915983887e+02,-2.153523453e-02
3.918153687e+02,1.178744901e-02
3.920323486e+02,-7.347701117e-03
3.922493591e+02,1.296701282e-02
3.924663696e+02,2.940718783e-03
3.926834106e+02,4.665011913e-02
3.929004517e+02,4.644533619e-03
3.931174927e+02,-2.799007110e-02
3.933345642e+02,4.573268071e-02
3.935516357e+02,7.181414962e-02
3.937687073e+02,-7.970248349e-03
3.939858093e+02,3.783615679e-02
3.942029114e+02,-2.684327401e-02
3.944200439e+02,1.168915257e-02
3.946371765e+02,2.453329414e-02
3.948543091e+02,1.411381178e-02
3.950714722e+02,1.195127703e-02
3.952886353e+02,6.807067432e-03
3.955058289e+02,-5.611120723e-03
3.957230225e+02,7.396849804e-03
3.959402161e+02,-2.235437743e-02
3.961574402e+02,5.385856703e-02
3.963746643e+02,-6.921747234e-03
3.965918884e+02,-1.219701953e-02
3.968091431e+02,-2.599136718e-02
3.970263977e+02,4.419269413e-02
3.972436829e+02,-9.149813093e-03
3.974609375e+02,-1.681697927e-02
3.976782532e+02,-2.759688348e-02
3.978955383e+02,7.855569012e-03
3.981128845e+02,3.351108730e-02
3.983302002e+02,-1.537529007e-02
3.985475464e+02,1.597326365e-03
3.987648926e+02,3.383874521e-02
3.989822693e+02,1.755420677e-02
3.991996155e+02,7.593443617e-03
3.994170227e+02,-1.888121665e-02
3.996343994e+02,7.757272106e-03
3.998518372e+02,-8.101311512e-03
4.000692444e+02,-3.192195296e-02
4.002866821e+02,-3.591936454e-02
4.005041199e+02,1.388445217e-02
4.007215881e+02,1.103383861e-02
4.009390564e+02,-2.035567164e-02
4.011565247e+02,2.807198651e-02
4.013740234e+02,-8.428968489e-03
4.015915222e+02,5.070487037e-03
4.018090210e+02,3.675488755e-02
4.020265503e+02,-2.029014006e-02
4.022440796e+02,3.413363546e-02
4.024616394e+02,-8.494499139e-03
4.026791992e+02,-1.553911809e-02
4.028967590e+02,-1.026384532e-02
4.031143494e+02,-1.331105269e-02
4.033319397e+02,-4.038368817e-03
4.035495605e+02,-6.168136839e-03
4.037671814e+02,4.284111317e-03
4.039848022e+02,6.080488861e-02
4.042024231e+02,-2.127311006e-02
4.044200745e+02,-1.150894072e-02
4.046377563e+02,2.678593388e-03
4.048554382e+02,-8.953219280e-03
4.050731201e+02,-4.103899933e-03
4.052908020e+02,-8.428968489e-03
4.055085144e+02,-1.114851888e-02
4.057262268e+02,-6.299199536e-03
4.059439697e+02,-8.035779931e-03
4.061617126e+02,2.610604651e-02
4.063794556e+02,-1.806207374e-02
4.065972290e+02,1.463806257e-02
4.068150024e+02,-1.416296046e-02
4.070328064e+02,-2.323905006e-02
4.072506104e+02,2.869453467e-02
4.074684143e+02,5.949426070e-02
4.076862488e+02,-2.546711639e-02
4.079040833e+02,-1.226255111e-02
4.081219177e+02,-8.658328094e-03
4.083397827e+02,-1.679240493e-03
4.085576477e+02,-2.891570097e-03
4.087755432e+02,-4.038368817e-03
4.089934387e+02,5.959255993e-02
4.092113342e+02,3.497735132e-03
4.094292603e+02,5.267081317e-03
4.096471863e+02,-1.770165190e-02
4.098651123e+02,9.526617825e-03
4.100830688e+02,1.290148217e-02
4.103010254e+02,-4.726447631e-03
4.105189819e+02,-2.605689690e-02
4.107369690e+02,-8.887687698e-03
4.109549866e+02,3.344555572e-02
4.111729736e+02,2.211682586e-04
4.113909912e+02,-7.478763815e-03
4.116090393e+02,-2.367319539e-03
4.118270874e+02,1.388445217e-02
4.120451355e+02,-2.556541190e-02
4.122631836e+02,1.483465638e-02
4.124812622e+02,9.002367035e-03
4.126993713e+02,9.092473192e-04
4.129174500e+02,6.446645129e-03
4.131355591e+02,-2.140417323e-02
4.133536987e+02,3.333906643e-03
4.135718079e+02,2.902219072e-02
4.137899780e+02,-5.250698421e-03
4.140081177e+02,-1.301616151e-02
4.142262878e+02,1.378615480e-02
4.144444580e+02,-1.822590269e-02
4.146626587e+02,3.530500690e-03
4.148808594e+02,-1.589954086e-02
4.150990906e+02,1.781633124e-02
4.153172913e+02,1.666953415e-02
4.155355225e+02,3.563266480e-03
4.157537842e+02,1.286871638e-02
4.159720459e+02,8.609179407e-03
4.161903076e+02,-5.643886514e-03
4.164085999e+02,-1.023107953e-02
4.166268921e+02,-2.432031743e-02
4.168451843e+02,4.547055438e-02
4.170635071e+02,-1.173830032e-02
4.172818298e+02,-7.183872629e-03
4.175001831e+02,9.821509011e-03
4.177185364e+02,6.798875984e-04
4.179368896e+02,1.657123677e-02
4.181552734e+02,-3.133216873e-02
4.183736572e+02,3.522309416e-04
4.185920410e+02,9.067898616e-03
4.188104553e+02,1.820952073e-02
4.190288696e+02,1.745590940e-02
4.192473145e+02,-2.389436401e-02
4.194657288e+02,2.907952992e-03
4.196842041e+02,-1.632549427e-02
4.199026489e+02,3.023451939e-02
4.201211243e+02,-2.291139401e-02
4.203396301e+02,1.388445217e-02
4.205581360e+02,1.499848440e-02
4.207766418e+02,-2.936623059e-02
4.209951477e+02,-1.534252428e-02
4.212136841e+02,-1.376977190e-02
4.214322205e+02,-4.996764474e-04
4.216507874e+02,1.843887940e-02
4.218693542e+02,-1.314722467e-02
4.220879211e+02,7.250223309e-02
4.223065186e+02,1.597326365e-03
4.225251160e+02,1.080447901e-02
4.227437439e+02,-8.920453489e-03
4.229623718e+02,2.453329414e-02
4.231809998e+02,1.826685970e-03
4.233996277e+02,2.033928782e-02
4.236182861e+02,-1.589954086e-02
4.238369751e+02,4.678118229e-02
4.240556641e+02,2.158438414e-02
4.242743530e+02,1.503125019e-02
4.244930420e+02,-1.845526323e-02
4.247117615e+02,5.769215152e-02
4.249304810e+02,6.807067432e-03
4.251492310e+02,-8.297905326e-03
4.253679810e+02,-1.665315032e-02
4.255867310e+02,9.002367035e-03
4.258055115e+02,2.666306309e-02
4.260242920e+02,5.045093596e-02
4.262430725e+02,-1.350764651e-02
4.264618835e+02,-1.553911809e-02
4.266806946e+02,-3.055398585e-03
4.268995361e+02,-2.530328743e-02
4.271183777e+02,-1.639102586e-02
4.273372192e+02,3.890922992e-03
4.275560913e+02,5.725800525e-03
4.277749634e+02,3.059494309e-02
4.279938354e+02,-2.330458164e-02
4.282127380e+02,2.967750467e-02
4.284316406e+02,3.888465837e-02
4.286505737e+02,1.611251757e-02
4.288695068e+02,-3.211854771e-02
4.290884399e+02,9.624915197e-03
4.293074036e+02,2.780986018e-02
4.295263672e+02,6.522825360e-02
4.297453308e+02,2.387798019e-02
4.299643250e+02,1.597326365e-03
4.301833191e+02,7.898983359e-02
4.304023438e+02,-1.770165190e-02
4.306213379e+02,-2.599136718e-02
4.308403931e+02,1.565379836e-02
4.310594177e+02,-1.488380507e-02
4.312784729e+02,2.476265281e-02
4.314975586e+02,-2.569647506e-02
4.317166138e+02,1.087001059e-02
4.319357300e+02,-9.215343744e-03
4.321548157e+02,-2.012631111e-02
4.323739319e+02,-2.002801374e-02
4.325930481e+02,-4.562619142e-03
4.328121948e+02,6.643239409e-03
4.330313416e+02,-1.278680190e-02
4.332504883e+02,-8.273331332e-04
4.334696655e+02,5.627503619e-03
4.336888428e+02,-5.545589142e-03
4.339080200e+02,-2.045396902e-02
4.341272278e+02,-2.510669269e-02
4.343464355e+02,1.070618164e-02
4.345656738e+02,5.628322810e-02
4.347849121e+02,-2.536881901e-02
4.350041504e+02,-3.192195296e-02
4.352234192e+02,1.208234020e-02
4.354426880e+02,8.541190624e-02
4.356619568e+02,-2.563094348e-02
4.358812561e+02,-2.228884585e-02
4.361005554e+02,-9.911614470e-04
4.363198853e+02,-3.055398585e-03
4.365392151e+02,-1.694804244e-02
4.367585449e+02,-2.530328743e-02
4.369778748e+02,-4.857510328e-03
4.371972351e+02,2.115843073e-02
4.374166260e+02,4.311142862e-02
4.376360168e+02,-1.629272848e-02
4.378554077e+02,9.783009440e-02
4.380747986e+02,1.470359322e-02
4.382942200e+02,-1.357317809e-02
4.385136414e+02,-1.789824665e-02
4.387330933e+02,4.592927545e-02
4.389525452e+02,2.554902993e-02
4.391719971e+02,-4.726447631e-03
4.393914795e+02,-9.117047302e-03
4.396109619e+02,2.974303439e-02
4.398304443e+02,7.790037431e-03
4.400499573e+02,-3.378959373e-02
4.402694702e+02,-3.542787954e-02
4.404890137e+02,9.420129354e-04
4.407085571e+02,-1.635826007e-02
4.409281006e+02,9.952571243e-03
4.411476746e+02,-7.945674588e-04
4.413672485e+02,2.256735414e-02
4.415868225e+02,2.577838860e-02
4.418064270e+02,-1.721016690e-02
4.420260315e+02,1.073894743e-02
4.422456360e+02,-3.743477631e-03
4.424652710e+02,5.710236728e-02
4.426849060e+02,-3.519851714e-02
4.429045715e+02,-2.261650190e-02
4.431242371e+02,-1.861909032e-02
4.433439026e+02,-5.807714537e-03
4.435635986e+02,-2.110928111e-02
4.437832947e+02,-1.222978532e-02
4.440029907e+02,7.126532728e-04
4.442227173e+02,-6.823450327e-03
4.444424438e+02,-2.760507632e-03
4.446622009e+02,-1.645655744e-02
4.448819580e+02,1.001810282e-02
4.451017151e+02,-4.300493747e-03
4.453215027e+02,-5.578354932e-03
4.455412903e+02,-8.658328094e-03
4.457610779e+02,-6.233668420e-03
4.459808960e+02,-5.414526444e-03
4.462007141e+02,-4.136665724e-03
4.464205322e+02,4.906659015e-03
4.466403809e+02,1.306531020e-02
4.468602600e+02,1.591592282e-02
4.470801086e+02,-1.232808270e-02
4.472999878e+02,-2.192842402e-02
4.475198669e+02,1.826685970e-03
4.477397766e+02,-1.275403611e-02
4.479596863e+02,-1.724293269e-02
4.481796265e+02,2.102736756e-02
4.483995361e+02,5.299846642e-03
4.486194763e+02,3.144685179e-02
4.488394470e+02,-2.694157138e-02
4.490594177e+02,-2.821943164e-02
4.492793884e+02,2.335372940e-02
4.494993896e+02,-5.283464212e-03
4.497193909e+02,-1.567018032e-02
4.499393921e+02,-4.890276119e-03
4.501594238e+02,6.807067432e-03
4.503794556e+02,3.269194439e-02
4.505994873e+02,2.653199993e-02
4.508195496e+02,4.599480703e-02
4.510396118e+02,-1.154989819e-03
4.512597046e+02,-3.284758190e-03
4.514797974e+02,-6.635047612e-04
4.516998901e+02,7.200255524e-03
4.519200134e+02,-2.989867236e-03
4.521401367e+02,3.364215046e-02
4.523602600e+02,-1.766888611e-02
4.525804138e+02,-1.098468993e-02
4.528005676e+02,1.188574638e-02
4.530207520e+02,-7.773654535e-03
4.532409058e+02,-3.261003271e-02
4.534611206e+02,1.662857714e-03
4.536813049e+02,3.180727363e-02
4.539015198e+02,1.040310017e-03
4.541217346e+02,-4.267728422e-03
4.543419800e+02,-4.333259538e-03
4.545622253e+02,-1.268850453e-02
4.547825012e+02,-2.432850888e-03
4.550027466e+02,-1.861909032e-02
4.552230225e+02,8.084928617e-03
4.554433289e+02,-1.137787849e-02
4.556636353e+02,-4.562619142e-03
4.558839417e+02,-1.331105269e-02
4.561042786e+02,-2.481180243e-02
4.563246155e+02,3.046387993e-02
4.565449524e+02,1.892217319e-03
4.567653198e+02,-8.461733349e-03
4.569856873e+02,-1.838973165e-02
4.572060547e+02,1.093554217e-02
4.574264526e+02,-1.380253769e-02
4.576468506e+02,-1.308169309e-02
4.578672791e+02,2.813751809e-02
4.580877075e+02,-1.616166532e-02
4.583081360e+02,3.432203783e-03
4.585285645e+02,-3.514117794e-03
4.587490234e+02,-1.524422690e-02
4.589695129e+02,1.381892059e-02
4.591900024e+02,-2.334553748e-03
4.594104919e+02,5.889629014e-03
4.596309814e+02,-1.763612032e-02
4.598515015e+02,3.711530939e-02
4.600720215e+02,-6.561324932e-03
4.602925720e+02,1.306531020e-02
4.605130920e+02,2.539339184e-04
4.607336731e+02,4.294759780e-02
4.609542236e+02,-1.373700611e-02
4.611748047e+02,-2.572924085e-02
4.613954163e+02,4.939424340e-03
4.616159973e+02,1.702995598e-02
4.618366394e+02,-1.766888611e-02
4.620572510e+02,1.136149559e-02
4.622778931e+02,2.102736756e-02
4.624985352e+02,2.656476572e-02
4.627192078e+02,3.194652672e-04
4.629398499e+02,1.473635901e-02
4.631605530e+02,3.661563387e-03
4.633812256e+02,1.653847098e-02
4.636019287e+02,-2.848155610e-02
4.638226624e+02,-1.360594388e-02
4.640433655e+02,-8.494499139e-03
4.642641296e+02,3.731190413e-02
4.644848633e+02,-1.642379165e-02
4.647056274e+02,-3.473979980e-02
4.649263916e+02,1.228712499e-04
4.651471863e+02,-3.022632794e-03
4.653679504e+02,-2.543435059e-02
4.655887756e+02,-2.127311006e-02
4.658095703e+02,1.990514342e-03
4.660303955e+02,3.366672434e-03
4.662512512e+02,-6.168136839e-03
4.664720764e+02,1.240999717e-02
4.666929626e+02,-7.282169536e-03
4.669138184e+02,3.777062520e-02
4.671347046e+02,-1.298339572e-02
4.673555908e+02,-1.963482611e-02
4.675765076e+02,4.520843178e-02
4.677973938e+02,9.362789802e-03
4.680183411e+02,2.252639737e-03
4.682392578e+02,-1.471997611e-02
4.684602051e+02,-6.692387629e-03
4.686811829e+02,5.201549735e-03
4.689021301e+02,-2.740029059e-02
4.691231384e+02,1.231169980e-02
4.693441162e+02,-1.642379165e-02
4.695651245e+02,9.461086243e-03
4.697861328e+02,6.217285525e-03
4.700071411e+02,-2.854708768e-02
4.702281799e+02,1.873377152e-02
4.704492493e+02,5.922394339e-03
4.706702881e+02,-3.809008980e-03
4.708913574e+02,-1.032937691e-02
4.711124573e+02,-5.906011909e-03
4.713335266e+02,1.847164519e-02
4.715546265e+02,-4.595384933e-03
4.717757568e+02,2.794092335e-02
4.719968872e+02,9.067898616e-03
4.722180176e+02,2.764603309e-02
4.724391479e+02,2.328819782e-02
4.726603088e+02,-7.249404211e-03
4.728814697e+02,3.661563387e-03
4.731026611e+02,-9.739594534e-03
4.733238525e+02,-3.529681638e-02
4.735450439e+02,-1.429402269e-02
4.737662659e+02,-6.954513025e-03
4.739874878e+02,-9.706828743e-03
4.742087097e+02,-1.429402269e-02
4.744299622e+02,-3.546064347e-02
4.746512146e+02,-9.084281512e-03
4.748724976e+02,1.411381178e-02
4.750937805e+02,-2.789177559e-02
4.753150635e+02,-1.340935007e-02
4.755363464e+02,3.170078387e-03
4.757576599e+02,9.002367035e-03
4.759790039e+02,-8.920453489e-03
4.762003174e+02,-1.937270164e-02
4.764216614e+02,-8.789390326e-03
4.766430359e+02,-1.190212928e-02
4.768643799e+02,1.859451644e-03
4.770857544e+02,-6.528559607e-03
4.773071594e+02,2.843240835e-02
4.775285645e+02,1.892217319e-03
4.777499695e+02,-2.563913586e-03
4.779714050e+02,2.551626414e-02
4.781928101e+02,-9.837891906e-03
4.784142761e+02,-4.103899933e-03
4.786357117e+02,-2.301788190e-03
4.788571777e+02,-1.314722467e-02
4.790786743e+02,1.293834299e-01
4.793001404e+02,1.182021480e-02
4.795216370e+02,-2.038843744e-02
4.797431641e+02,3.989220131e-03
4.799646912e+02,-5.611120723e-03
4.801862183e+02,-1.422849111e-02
4.804077454e+02,-1.773441769e-02
4.806293030e+02,-1.865185611e-02
4.808508606e+02,-7.708123419e-03
4.810724487e+02,1.269669621e-03
4.812940369e+02,-1.537529007e-02
4.815156250e+02,2.056045691e-03
4.817372437e+02,-1.220521168e-03
4.819588623e+02,-1.311445888e-02
4.821804810e+02,-4.038368817e-03
4.824021301e+02,-2.854708768e-02
4.826237793e+02,1.195127703e-02
4.828454590e+02,1.732484624e-02
4.830671082e+02,5.201549735e-03
4.832888184e+02,-2.287862822e-02
4.835104980e+02,-1.056692796e-03
4.837322083e+02,4.651905596e-02
4.839539185e+02,-1.832420006e-02
4.841756592e+02,2.368138731e-02
4.843973999e+02,5.430909339e-03
4.846191406e+02,2.623710968e-02
4.848409119e+02,-1.360594388e-02
4.850626831e+02,-1.524422690e-02
4.852844543e+02,-4.693681840e-03
4.855062561e+02,3.128302097e-02
4.857280579e+02,-2.255097032e-02
4.859498901e+02,7.626209408e-03
4.861717224e+02,9.166195989e-03
4.863935547e+02,-9.739594534e-03
4.866154175e+02,-9.903423488e-03
4.868372498e+02,-2.582753822e-02
4.870591431e+02,-3.030824300e-04
4.872810059e+02,-4.234962631e-03
4.875028992e+02,1.706272177e-02
4.877248230e+02,-1.845526323e-02
4.879467163e+02,3.442852572e-02
4.881686707e+02,3.102089651e-02
4.883905945e+02,-3.205301613e-02
4.886125488e+02,-2.654838189e-02
4.888345032e+02,1.499848440e-02
4.890564575e+02,4.012975097e-02
4.892784424e+02,1.662857714e-03
4.895004578e+02,-9.608532302e-03
4.897224426e+02,-1.032937691e-02
4.899444580e+02,-7.609826513e-03
4.901664734e+02,1.955291256e-02
4.903885193e+02,-1.190212928e-02
4.906105652e+02,-5.414526444e-03
4.908326111e+02,2.495924756e-02
4.910546875e+02,1.899589598e-02
4.912767639e+02,-1.970035769e-02
4.914988708e+02,1.742314361e-02
4.917209778e+02,3.809827939e-02
4.919430847e+02,-1.504763309e-02
4.921651917e+02,-2.015907690e-02
4.923873291e+02,-3.546883585e-03
4.926094666e+02,1.417934243e-02
4.928316345e+02,-1.111575309e-02
4.930538025e+02,-2.222331427e-02
4.932759705e+02,-1.000171993e-02
4.934981689e+02,-5.807714537e-03
4.937203674e+02,-2.654838189e-02
4.939425659e+02,1.126319822e-02
4.941647949e+02,-1.367147546e-02
4.943870239e+02,-5.021338817e-03
4.946092834e+02,-2.248544060e-02
4.948315125e+02,-1.530975848e-02
4.950538025e+02,1.859451644e-03
4.952760620e+02,-7.618017844e-04
4.954983521e+02,-3.051302768e-02
4.957206421e+02,5.463675130e-03
4.959429626e+02,-7.118341513e-03
4.961652832e+02,3.541149572e-02
4.963876038e+02,-8.920453489e-03
4.966099548e+02,4.644533619e-03
4.968323059e+02,-1.560464967e-02
4.970546570e+02,2.449233783e-03
4.972770386e+02,-7.216638420e-03
4.974994202e+02,9.420129354e-04
4.977218018e+02,1.113213599e-02
4.979442139e+02,-4.726447631e-03
4.981666260e+02,-1.537529007e-02
4.983890686e+02,-5.250698421e-03
4.986115112e+02,1.686612703e-02
4.988339539e+02,-6.954513025e-03
4.990564270e+02,-1.417115098e-03
4.992788696e+02,-3.743477631e-03
4.995013733e+02,2.174821310e-02
4.997238464e+02,-3.710711841e-03
4.999463501e+02,-2.602413110e-02
5.001688843e+02,-1.180383191e-02
5.003914185e+02,4.452035204e-02
5.006139526e+02,-7.249404211e-03
5.008364868e+02,2.813751809e-02
5.010590515e+02,-4.759213421e-03
5.012816162e+02,-7.118341513e-03
5.015041809e+02,-1.832420006e-02
5.017267761e+02,-1.773441769e-02
5.019493713e+02,6.446645129e-03
5.021719971e+02,1.696442440e-02
5.023946228e+02,-2.989867236e-03
5.026172485e+02,-1.979865506e-02
5.028399048e+02,-1.878291927e-02
5.030625610e+02,4.972190131e-03
5.032852173e+02,1.293424703e-02
5.035079041e+02,-2.891570097e-03
5.037305908e+02,-2.009354532e-02
5.039532776e+02,3.210216388e-02
5.041759949e+02,3.193833679e-02
5.043987122e+02,1.398274861e-02
5.046214600e+02,-3.972837236e-03
5.048441772e+02,2.276394702e-02
5.050669556e+02,-2.367319539e-03
5.052897034e+02,-7.609826513e-03
5.055124817e+02,2.374691889e-02
5.057352600e+02,5.332612433e-03
5.059580688e+02,-1.105022151e-02
5.061808777e+02,-1.966759190e-02
5.064036865e+02,-1.376977190e-02
5.066265259e+02,3.531320021e-02
5.068493652e+02,3.235609736e-03
5.070722046e+02,-2.681050822e-02
5.072950745e+02,-2.628625743e-02
5.075179443e+02,3.111919388e-02
5.077408142e+02,3.557532281e-02
5.079637146e+02,5.627503619e-03
5.081866150e+02,-1.255744230e-02
5.084095459e+02,-4.169431049e-03
5.086324768e+02,-5.545589142e-03
5.088554077e+02,-1.449880772e-03
5.090783386e+02,-1.029661112e-02
5.093013000e+02,-1.712006168e-03
5.095242920e+02,-7.904717699e-03
5.097472534e+02,-1.779994927e-02
5.099702454e+02,-4.300493747e-03
5.101932373e+02,1.296701282e-02
5.104162598e+02,-1.098468993e-02
5.106392822e+02,-3.202024847e-02
5.108623352e+02,-1.064884200e-04
5.110853577e+02,-5.447292235e-03
5.113084106e+02,-1.534252428e-02
5.115314941e+02,2.633540519e-02
5.117545776e+02,-2.566370927e-02
5.119776611e+02,-7.970248349e-03
5.122007446e+02,-7.413232233e-03
5.124238892e+02,-3.238067031e-02
5.126469727e+02,-1.098468993e-02
5.128701172e+02,-7.372275286e-05
5.130932617e+02,-5.414526444e-03
5.133164062e+02,-1.357317809e-02
5.135395508e+02,-1.091915928e-02
5.137627563e+02,-9.911614470e-04
5.139859619e+02,1.929078624e-02
5.142091064e+02,-1.665315032e-02
5.144323120e+02,2.711358946e-03
5.146555786e+02,-1.262297388e-02
5.148787842e+02,5.277730152e-02
5.151019897e+02,1.358956099e-02
5.153252563e+02,-1.154170651e-02
5.155485229e+02,9.559383616e-03
5.157717896e+02,1.696442440e-02
5.159950562e+02,-1.245914493e-02
5.162183838e+02,-4.464322235e-03
5.164416504e+02,5.815906334e-04
5.166649780e+02,-2.307522111e-02
5.168883057e+02,-2.730199322e-02
5.171116333e+02,1.847164519e-02
5.173350220e+02,1.171372598e-03
5.175583496e+02,3.464969341e-03
5.177817383e+02,3.399437992e-03
5.180051270e+02,-1.298339572e-02
5.182285156e+02,1.647293940e-02
5.184519043e+02,-2.530328743e-02
5.186752930e+02,-4.431556445e-03
5.188987427e+02,-1.082086191e-02
5.191221313e+02,4.021985922e-03
5.193455811e+02,-2.569647506e-02
5.195690308e+02,-3.090621717e-02
5.197925415e+02,1.060788520e-02
5.200159912e+02,-1.072256453e-02
5.202395020e+02,-3.188918531e-02
5.204629517e+02,-2.959558927e-02
5.206864624e+02,1.961844414e-02
5.209099731e+02,-1.384349423e-03
5.211335449e+02,-2.055226453e-02
5.213570557e+02,2.514765132e-03
5.215806274e+02,-8.297905326e-03
5.218041992e+02,-4.996764474e-04
5.220277710e+02,-2.091268823e-02
5.222513428e+02,-7.937483490e-03
5.224749146e+02,-7.708123419e-03
5.226985474e+02,-4.529853817e-03
5.229221191e+02,-2.474627085e-02
5.231457520e+02,-2.012631111e-02
5.233693848e+02,1.240999717e-02
5.235930176e+02,-1.635826007e-02
5.238167114e+02,-1.376977190e-02
5.240403442e+02,-3.284758190e-03
5.242640381e+02,-9.911614470e-04
5.244877319e+02,3.226599097e-02
5.247114258e+02,-1.390083507e-02
5.249351196e+02,2.440223098e-02
5.251588745e+02,-1.521146111e-02
5.253826294e+02,3.071781481e-03
5.256063232e+02,-5.324421218e-04
5.258300781e+02,-1.082086191e-02
5.260538330e+02,2.574562281e-02
5.262776489e+02,1.906142756e-02
5.265014038e+02,-3.088164143e-03
5.267252197e+02,-3.874540329e-03
5.269490356e+02,2.368138731e-02
5.271728516e+02,-1.734123006e-02
5.273966675e+02,-2.661391348e-02
5.276204834e+02,5.919937044e-02
5.278443604e+02,-5.414526444e-03
5.280682373e+02,6.577707827e-03
5.282921143e+02,3.865529597e-02
5.285159912e+02,-1.884845085e-02
5.287398682e+02,2.515584230e-02
5.289637451e+02,-5.381761119e-03
5.291876831e+02,-3.185642138e-02
5.294116211e+02,-2.367319539e-03
5.296355591e+02,5.430909339e-03
5.298594971e+02,-1.485103928e-02
5.300834351e+02,-7.708123419e-03
5.303074341e+02,-3.775424138e-02
5.305313721e+02,-9.608532302e-03
5.307553711e+02,-6.037074141e-03
5.309793701e+02,4.972190131e-03
5.312033691e+02,-2.998877689e-02
5.314274292e+02,6.611292809e-02
5.316514282e+02,5.733991929e-05
5.318754883e+02,1.360348612e-01
5.320995483e+02,3.774523139e-01
5.323236084e+02,5.563856363e-01
5.325476685e+02,3.929176927e-01
5.327717285e+02,2.023525685e-01
5.329958496e+02,9.969773889e-02
5.332199707e+02,6.486783177e-02
5.334440308e+02,6.290189177e-02
5.336682129e+02,-1.193489507e-02
5.338923340e+02,-2.212501690e-02
5.341164551e+02,4.189909995e-02
5.343406372e+02,5.168783944e-03
5.345648193e+02,-1.098468993e-02
5.347890015e+02,1.139426138e-02
5.350131836e+02,7.396849804e-03
5.352373657e+02,5.815906334e-04
5.354616089e+02,-1.422849111e-02
5.356857910e+02,2.227246203e-02
5.359100342e+02,-7.151106838e-03
5.361342773e+02,-3.645180492e-03
5.363585205e+02,3.236429021e-02
5.365828247e+02,-1.122224145e-03
5.368070679e+02,-3.055398585e-03
5.370313721e+02,-6.168136839e-03
5.372556763e+02,-1.930717006e-02
5.374799805e+02,-3.005430847e-02
5.377042847e+02,5.488249590e-04
5.379285889e+02,1.270488743e-02
5.381529541e+02,-6.626856513e-03
5.383773193e+02,-3.093898296e-02
5.386016846e+02,1.437593717e-02
5.388260498e+02,-1.744771842e-03
5.390504150e+02,1.761154621e-03
5.392747803e+02,1.581762545e-02
5.394992065e+02,-3.153695492e-03
5.397236328e+02,-7.904717699e-03
5.399480591e+02,3.923688550e-03
5.401724854e+02,-1.976588927e-02
5.403969116e+02,-7.216638420e-03
5.406213989e+02,2.368138731e-02
5.408458252e+02,-2.248544060e-02
5.410703125e+02,-2.238714322e-02
5.412947998e+02,1.761973836e-02
5.415192871e+02,1.204138272e-03
5.417438354e+02,-1.331105269e-02
5.419683228e+02,-1.511316467e-02
5.421928711e+02,5.398144014e-03
5.424174194e+02,1.182021480e-02
5.426419678e+02,-6.495793816e-03
5.428665161e+02,-3.743477631e-03
5.430910645e+02,9.035132825e-03
5.433156738e+02,1.490018796e-02
5.435402832e+02,-2.530328743e-02
5.437648315e+02,-5.185166840e-03
5.439895020e+02,-3.022632794e-03
5.442141113e+02,4.513470922e-03
5.444387207e+02,-1.567018032e-02
5.446633911e+02,1.087001059e-02
5.448880615e+02,6.315582432e-03
5.451127319e+02,-1.068979967e-02
5.453374023e+02,-2.110928111e-02
5.455620728e+02,-7.511529606e-03
5.457867432e+02,4.455311596e-02
5.460114746e+02,-5.185166840e-03
5.462362061e+02,-2.179736085e-02
5.464609375e+02,-7.937483490e-03
5.466856689e+02,-5.250698421e-03
5.469104004e+02,-2.127311006e-02
5.471351929e+02,-1.347488072e-02
5.473599243e+02,-1.390083507e-02
5.475847168e+02,3.956454340e-03
5.478095093e+02,-2.133864164e-02
5.480343018e+02,-2.880921401e-02
5.482591553e+02,2.436946519e-02
5.484839478e+02,-6.397496909e-03
5.487088013e+02,-9.608532302e-03
5.489336548e+02,-2.006077953e-02
5.491585083e+02,-3.228237480e-02
5.493833618e+02,-1.253286842e-03
5.496082764e+02,4.976285994e-02
5.498331299e+02,1.696442440e-02
5.500580444e+02,-2.625349164e-02
5.502829590e+02,1.758697256e-02
5.505078735e+02,1.286871638e-02
5.507327881e+02,-9.256300982e-04
5.509577637e+02,-1.616166532e-02
5.511826782e+02,-6.528559607e-03
5.514076538e+02,1.467082836e-02
5.516326294e+02,-9.706828743e-03
5.518576050e+02,-3.254450113e-02
5.520825806e+02,-6.495793816e-03
5.523076172e+02,-8.166843094e-03
5.525325928e+02,-2.248544060e-02
5.527576294e+02,6.798875984e-04
5.529826660e+02,1.466263668e-03
5.532077026e+02,-1.141064428e-02
5.534328003e+02,-3.251992632e-03
5.536578369e+02,5.463675130e-03
5.538829346e+02,1.722655073e-02
5.541080322e+02,5.332612433e-03
5.543331299e+02,-2.425478585e-02
5.545582275e+02,-1.324552111e-02
5.547833252e+02,1.365509257e-02
5.550084839e+02,2.466435730e-02
5.552335815e+02,-2.484456822e-02
5.554587402e+02,-2.857985348e-02
5.556838989e+02,3.072600439e-02
5.559091187e+02,2.875187434e-03
5.561342773e+02,3.396980464e-02
5.563594971e+02,-2.756411768e-02
5.565846558e+02,1.892217319e-03
5.568098755e+02,2.197757177e-02
5.570350952e+02,9.264492430e-03
5.572603760e+02,-1.793101244e-02
5.574855957e+02,1.001810282e-02
5.577108765e+02,-1.075533032e-02
5.579360962e+02,-2.799007110e-02
5.581613770e+02,-3.569000587e-02
5.583866577e+02,3.194652672e-04
5.586119995e+02,-2.400085097e-03
5.588372803e+02,-1.504763309e-02
5.590626221e+02,-3.719722480e-02
5.592879028e+02,-3.874540329e-03
5.595132446e+02,-2.196118981e-02
5.597386475e+02,-6.692387629e-03
5.599639893e+02,-8.101311512e-03
5.601893311e+02,6.413879339e-03
5.604147339e+02,4.832116887e-02
5.606401367e+02,4.291483387e-02
5.608655396e+02,2.260011993e-02
5.610909424e+02,4.177622613e-04
5.613163452e+02,7.560677826e-03
5.615418091e+02,-3.514117794e-03
5.617672119e+02,2.499201335e-02
5.619926758e+02,1.571932994e-02
5.622181396e+02,-1.924163848e-02
5.624436646e+02,-1.757058874e-02
5.626691284e+02,-6.823450327e-03
5.628945923e+02,2.866995928e-04
5.631201172e+02,8.707475848e-03
5.633456421e+02,-4.103899933e-03
5.635711670e+02,1.503125019e-02
5.637966919e+02,2.115843073e-02
5.640222778e+02,7.396849804e-03
5.642478027e+02,-1.193489507e-02
5.644733887e+02,1.971674152e-02
5.646989746e+02,-3.088164143e-03
5.649245605e+02,5.922394339e-03
5.651501465e+02,-2.061779611e-02
5.653757935e+02,8.764816448e-04
5.656013794e+02,-1.449880772e-03
5.658270264e+02,3.534596413e-02
5.660526733e+02,-2.635178901e-02
5.662783203e+02,-7.380466908e-03
5.665039673e+02,-2.006897237e-03
5.667296753e+02,2.171544731e-02
5.669553223e+02,1.034575980e-02
5.671810303e+02,-1.118128467e-02
5.674067383e+02,1.899589598e-02
5.676324463e+02,-5.381761119e-03
5.678581543e+02,-1.632549427e-02
5.680839233e+02,3.757403046e-02
5.683096313e+02,-8.625562303e-03
5.685354004e+02,-1.006725151e-02
5.687611694e+02,-1.812760532e-02
5.689869385e+02,1.994610019e-02
5.692127686e+02,1.863547415e-02
5.694385376e+02,1.578486152e-02
5.696643677e+02,3.104547039e-03
5.698901978e+02,-1.154170651e-02
5.701160278e+02,-1.596507244e-02
5.703418579e+02,6.493335962e-02
5.705676880e+02,-2.087992243e-02
5.707935791e+02,5.575897545e-02
5.710194092e+02,-4.497088026e-03
5.712453003e+02,-8.191416782e-06
5.714711914e+02,-1.501486730e-02
5.716970825e+02,-1.779994927e-02
5.719230347e+02,2.289501019e-02
5.721489258e+02,2.974303439e-02
5.723748779e+02,-2.802283689e-02
5.726008301e+02,-1.255744230e-02
5.728267822e+02,-3.841774538e-03
5.730527344e+02,4.311142862e-02
5.732786865e+02,4.316876642e-03
5.735046997e+02,-6.331965327e-03
5.737307129e+02,3.104547039e-03
5.739566650e+02,-6.135371514e-03
5.741826782e+02,-1.072256453e-02
5.744087524e+02,-2.760507632e-03
5.746347656e+02,9.657680988e-03
5.748608398e+02,-3.339640796e-02
5.750868530e+02,-8.953219280e-03
5.753129272e+02,-5.938777234e-03
5.755390015e+02,-1.843068865e-03
5.757651367e+02,-8.003014140e-03
5.759912109e+02,-2.245267481e-02
5.762173462e+02,-1.974131446e-03
5.764434204e+02,5.168783944e-03
5.766695557e+02,-1.219701953e-02
5.768956909e+02,-2.015907690e-02
5.771218872e+02,3.170078387e-03
5.773480225e+02,-8.199608885e-03
5.775742188e+02,-1.340935007e-02
5.778003540e+02,-1.734123006e-02
5.780265503e+02,-1.052597072e-02
5.782527466e+02,2.925154939e-02
5.784790039e+02,8.084928617e-03
5.787052002e+02,-2.143693902e-02
5.789314575e+02,-8.691093884e-03
5.791577148e+02,-9.903423488e-03
5.793839111e+02,-3.841774538e-03
5.796102295e+02,-2.065056190e-02
5.798364868e+02,8.105406910e-02
5.800627441e+02,-3.022632794e-03
5.802890625e+02,-1.953652874e-02
5.805153809e+02,-3.546883585e-03
5.807416992e+02,1.433497993e-03
5.809680176e+02,-7.511529606e-03
5.811943359e+02,-1.517869532e-02
5.814207153e+02,4.972190131e-03
5.816470337e+02,5.261347070e-02
5.818734131e+02,2.112566493e-02
5.820997925e+02,-5.971543025e-03
5.823261719e+02,-2.074885927e-02
5.825526123e+02,3.366672434e-03
5.827789917e+02,-1.766888611e-02
5.830054321e+02,1.306531020e-02
5.832318726e+02,-4.595384933e-03
5.834583130e+02,-6.364731118e-03
5.836847534e+02,-1.435955428e-02
5.839111938e+02,9.231726639e-03
5.841376953e+02,-1.920887269e-02
5.843641357e+02,4.832936102e-04
5.845906372e+02,1.552273519e-02
5.848171387e+02,-2.635178901e-02
5.850436401e+02,-2.602413110e-02
5.852702026e+02,5.815906334e-04
5.854967041e+02,2.568009309e-02
5.857232666e+02,-2.268203348e-02
5.859498291e+02,-9.149813093e-03
5.861763916e+02,-6.168136839e-03
5.864029541e+02,2.211682586e-04
5.866295166e+02,-1.220521168e-03
5.868561401e+02,-3.113557585e-02
5.870827026e+02,3.235609736e-03
5.873093262e+02,6.798875984e-04
5.875359497e+02,-2.998877689e-02
5.877625732e+02,-3.487086296e-02
5.879892578e+02,-1.744771842e-03
5.882158813e+02,-1.301616151e-02
5.884425659e+02,-1.013278309e-02
5.886692505e+02,5.856863223e-03
5.888959351e+02,2.161714993e-02
5.891226196e+02,-5.709417630e-03
5.893493652e+02,4.284930229e-02
5.895760498e+02,-8.887687698e-03
5.898027954e+02,3.708254546e-02
5.900295410e+02,-2.156800032e-02
5.902562866e+02,3.508383781e-02
5.904830322e+02,-1.131234691e-02
5.907097778e+02,6.471219240e-04
5.909365845e+02,-3.022632794e-03
5.911633911e+02,-2.274756506e-02
5.913901978e+02,-1.380253769e-02
5.916170044e+02,7.126532728e-04
5.918438110e+02,-1.154170651e-02
5.920706177e+02,-2.343564481e-02
5.922974854e+02,-3.084068559e-02
5.925242920e+02,5.048370361e-02
5.927511597e+02,-3.481352236e-03
5.929780273e+02,8.347054012e-03
5.932049561e+02,1.204138272e-03
5.934318237e+02,2.600774914e-02
5.936587524e+02,1.293424703e-02
5.938856201e+02,5.856863223e-03
5.941125488e+02,-6.463028025e-03
5.943394775e+02,6.381114013e-03
5.945664673e+02,2.481999341e-03
5.947933960e+02,-4.562619142e-03
5.950203857e+02,-4.366025329e-03
5.952473145e+02,2.685965598e-02
5.954743042e+02,4.583097994e-02
5.957012939e+02,-1.701357402e-02
5.959283447e+02,-1.082086191e-02
5.961553345e+02,7.265787106e-03
5.963823853e+02,-7.314935327e-03
5.966093750e+02,-1.599783823e-02
5.968364258e+02,1.014916599e-02
5.970634766e+02,2.350936644e-03
5.972905884e+02,1.699719019e-02
5.975176392e+02,6.413879339e-03
5.977447510e+02,-2.323905006e-02
5.979718018e+02,1.902866177e-02
5.981989136e+02,-1.265573967e-02
5.984260254e+02,-1.413019467e-02
5.986531982e+02,-2.310798690e-02
5.988803101e+02,-1.498210151e-02
5.991074829e+02,-9.117047302e-03
5.993345947e+02,2.584392019e-02
5.995617676e+02,-2.789177559e-02
5.997889404e+02,6.676004734e-03
6.000161743e+02,3.931061178e-02
6.002433472e+02,-8.232373744e-03
6.004705811e+02,1.168915257e-02
6.006977539e+02,-1.255744230e-02
6.009249878e+02,1.558826678e-02
6.011522217e+02,-7.708123419e-03
6.013795166e+02,-1.468721032e-02
6.016067505e+02,1.185298059e-02
6.018340454e+02,-1.064884200e-04
6.020612793e+02,-2.400085097e-03
6.022885742e+02,-9.772360325e-03
6.025158691e+02,1.106660441e-02
6.027432251e+02,6.315582432e-03
6.029705200e+02,2.083077282e-02
6.031978760e+02,7.003661711e-03
6.034251709e+02,3.072600439e-02
6.036525269e+02,-2.891570097e-03
6.038798828e+02,-5.348995328e-03
6.041072998e+02,-1.439232007e-02
6.043346558e+02,1.083724480e-02
6.045620728e+02,5.070487037e-03
6.047894287e+02,-1.570294611e-02
6.050168457e+02,-1.249191072e-02
6.052442627e+02,1.925802231e-02
6.054717407e+02,-2.891570097e-03
6.056991577e+02,2.083077282e-02
6.059266357e+02,7.134724408e-03
6.061540527e+02,5.987925921e-03
6.063815308e+02,5.070487037e-03
6.066090698e+02,2.351755835e-02
6.068365479e+02,-1.589954086e-02
6.070640259e+02,3.357661888e-02
6.072915649e+02,3.039015690e-03
6.075191040e+02,6.922566891e-02
6.077465820e+02,-3.284758190e-03
6.079741821e+02,8.551020175e-02
6.082017212e+02,1.793920295e-03
6.084292603e+02,1.680059545e-02
6.086568604e+02,2.361585572e-02
6.088844604e+02,-6.962704356e-04
6.091119995e+02,6.020691711e-03
6.093396606e+02,1.178744901e-02
6.095672607e+02,2.047035098e-02
6.097948608e+02,3.858157434e-03
6.100225220e+02,1.922525652e-02
6.102501831e+02,7.266606390e-02
6.104777832e+02,4.586374387e-02
6.107055054e+02,6.217285525e-03
6.109331665e+02,3.023451939e-02
6.111608276e+02,7.597539574e-02
6.113885498e+02,1.778356731e-02
6.116162720e+02,2.669582888e-02
6.118439331e+02,2.194480598e-02
6.120716553e+02,2.879283018e-02
6.122994385e+02,1.660400257e-02
6.125271606e+02,1.634187624e-02
6.127549438e+02,1.637464203e-02
6.129826660e+02,4.396333545e-02
6.132104492e+02,6.775121391e-02
6.134382324e+02,6.175509468e-02
6.136660767e+02,3.177450597e-02
6.138938599e+02,6.798057258e-02
6.141217041e+02,3.154514730e-02
6.143494873e+02,9.242375940e-02
6.145773315e+02,5.022157729e-02
6.148051758e+02,3.331449255e-02
6.150330811e+02,8.223363757e-02
6.152609253e+02,7.781027257e-02
6.154887695e+02,6.365550309e-02
6.157166748e+02,4.812457412e-02
6.159445801e+02,1.024500504e-01
6.161724854e+02,1.014670804e-01
6.164003906e+02,5.818363652e-02
6.166283569e+02,6.116531044e-02
6.168562622e+02,5.860958993e-02
6.170842285e+02,8.308554441e-02
6.173121948e+02,7.538560778e-02
6.175401611e+02,1.001564562e-01
6.177681274e+02,8.148002625e-02
6.179961548e+02,1.315459609e-01
6.182241211e+02,9.976326674e-02
6.184521484e+02,1.113950834e-01
6.186801758e+02,8.583785594e-02
6.189082031e+02,1.421292722e-01
6.191362305e+02,1.082495749e-01
6.193642578e+02,1.110346615e-01
6.195923462e+02,1.307595968e-01
6.198203735e+02,1.200124472e-01
6.200484619e+02,1.320702136e-01
6.202765503e+02,1.418671459e-01
6.205046997e+02,1.470113546e-01
6.207327881e+02,1.830208302e-01
6.209608765e+02,1.536300331e-01
6.211890259e+02,1.575619131e-01
6.214171753e+02,1.393769681e-01
6.216453247e+02,1.823982894e-01
6.218734741e+02,1.750260144e-01
6.221016846e+02,1.646720618e-01
6.223298340e+02,1.789251268e-01
6.225580444e+02,1.742068678e-01
6.227862549e+02,1.840365678e-01
6.230144653e+02,1.899999231e-01
6.232426758e+02,1.922935098e-01
6.234708862e+02,1.839054972e-01
6.236991577e+02,2.171626538e-01
6.239273682e+02,1.947509348e-01
6.241556396e+02,2.061861604e-01
6.243839111e+02,2.708983421e-01
6.246121826e+02,2.368548214e-01
6.248404541e+02,2.186043411e-01
6.250687866e+02,2.679166794e-01
6.252971191e+02,2.267302275e-01
6.255253906e+02,2.658196688e-01
6.257537231e+02,2.552691400e-01
6.259821167e+02,2.594959140e-01
6.262104492e+02,2.824646235e-01
6.264387817e+02,2.701447308e-01
6.266671753e+02,3.574980199e-01
6.268955688e+02,3.122814000e-01
6.271239624e+02,2.821697295e-01
6.273523560e+02,2.817765474e-01
6.275807495e+02,3.023533821e-01
6.278092041e+02,3.097087145e-01
6.280375977e+02,2.897494435e-01
6.282660522e+02,3.105118871e-01
6.284945068e+02,3.267105520e-01
6.287229614e+02,3.195779622e-01
6.289514160e+02,3.538527489e-01
6.291799316e+02,3.400118053e-01
6.294083862e+02,3.426078260e-01
6.296369019e+02,3.775159717e-01
6.298654175e+02,3.449600339e-01
6.300939331e+02,3.544574380e-01
6.303224487e+02,3.488502800e-01
6.305510254e+02,4.099611640e-01
6.307795410e+02,3.629175127e-01
6.310081177e+02,4.027586877e-01
6.312366943e+02,4.406163394e-01
6.314652710e+02,4.170382023e-01
6.316938477e+02,4.035637975e-01
6.319224854e+02,3.799875081e-01
6.321510620e+02,4.084680676e-01
6.323796997e+02,4.267863631e-01
6.326083374e+02,4.310727119e-01
6.328369751e+02,4.630357325e-01
6.330656128e+02,4.123652875e-01
6.332943115e+02,4.862208068e-01
6.335229492e+02,4.739319086e-01
6.337516479e+02,4.590046108e-01
6.339803467e+02,4.795636237e-01
6.342090454e+02,4.507913291e-01
6.344377441e+02,4.637090862e-01
6.346664429e+02,4.589495957e-01
6.348952026e+02,5.293530822e-01
6.351239624e+02,5.186383724e-01
6.353526611e+02,4.875939786e-01
6.355814819e+02,5.235563517e-01
6.358102417e+02,5.495935082e-01
6.360390015e+02,5.518881083e-01
6.362678223e+02,5.610876679e-01
6.364965820e+02,5.518422127e-01
6.367254028e+02,5.745745897e-01
6.369542236e+02,5.832703710e-01
6.371830444e+02,5.578460693e-01
6.374119263e+02,6.074486375e-01
6.376407471e+02,5.912389755e-01
6.378696289e+02,5.979415178e-01
6.380984497e+02,6.148213148e-01
6.383273315e+02,6.000211835e-01
6.385562744e+02,6.055614352e-01
6.387851562e+02,6.383502483e-01
6.390140381e+02,6.287398934e-01
6.392429810e+02,5.997297168e-01
6.394719238e+02,5.907769203e-01
6.397008667e+02,5.983958840e-01
6.399298096e+02,6.172633767e-01
6.401587524e+02,6.202535629e-01
6.403877563e+02,6.412227154e-01
6.406166992e+02,5.977753997e-01
6.408457031e+02,6.006135345e-01
6.410747070e+02,5.906575918e-01
6.413037109e+02,5.923668742e-01
6.415327148e+02,6.187305450e-01
6.417617798e+02,6.158479452e-01
6.419907837e+02,5.857428312e-01
6.422198486e+02,5.747716427e-01
6.424489136e+02,6.277173758e-01
6.426779785e+02,6.040129066e-01
6.429070435e+02,5.934254527e-01
6.431361694e+02,6.273151040e-01
6.433652344e+02,6.187331676e-01
6.435943604e+02,6.347389817e-01
6.438234863e+02,5.907367468e-01
6.440526123e+02,6.030617356e-01
6.442817383e+02,5.896333456e-01
6.445108643e+02,5.844765306e-01
6.447400513e+02,5.719052553e-01
6.449692383e+02,5.750723481e-01
6.451983643e+02,5.919263363e-01
6.454275513e+02,5.906404257e-01
6.456567993e+02,6.061179638e-01
6.458859863e+02,6.047033072e-01
6.461151733e+02,6.083313823e-01
6.463444214e+02,5.889506936e-01
6.465736694e+02,5.936287045e-01
6.468029175e+02,5.771350265e-01
6.470321655e+02,6.171282530e-01
6.472614136e+02,6.203356385e-01
6.474907227e+02,5.926907659e-01
6.477200317e+02,6.135715246e-01
6.479492798e+02,6.304642558e-01
6.481785889e+02,6.142173409e-01
6.484078979e+02,6.340489388e-01
6.486372681e+02,6.384066343e-01
6.488665771e+02,6.263648868e-01
6.490959473e+02,6.080074906e-01
6.493253174e+02,6.202580333e-01
6.495546265e+02,6.151338816e-01
6.497840576e+02,6.167508364e-01
6.500134277e+02,6.308013201e-01
6.502427979e+02,6.528351307e-01
6.504722290e+02,6.113171577e-01
6.507016602e+02,6.281177402e-01
6.509310303e+02,6.219891906e-01
6.511605225e+02,6.136417389e-01
6.513899536e+02,6.540210247e-01
6.516193848e+02,6.625713110e-01
6.518488770e+02,6.560311317e-01
6.520783081e+02,6.282209158e-01
6.523078003e+02,6.645494103e-01
6.525372925e+02,6.431750655e-01
6.527667847e+02,6.399459243e-01
6.529963379e+02,6.255105734e-01
6.532258301e+02,6.476012468e-01
6.534553833e+02,6.558564901e-01
6.536849365e+02,6.654148102e-01
6.539144897e+02,6.569137573e-01
6.541440430e+02,6.825631857e-01
6.543735962e+02,6.694839001e-01
6.546032104e+02,6.845344305e-01
6.548327637e+02,6.937353015e-01
6.550623779e+02,6.737753749e-01
6.552919922e+02,6.948218942e-01
6.555216064e+02,6.920366883e-01
6.557512817e+02,6.833313704e-01
6.559808960e+02,6.853892803e-01
6.562105713e+02,6.901163459e-01
6.564402466e+02,7.005158067e-01
6.566698608e+02,6.992506981e-01
6.568995972e+02,7.117549777e-01
6.571292725e+02,7.095108032e-01
6.573589478e+02,7.687517405e-01
6.575886841e+02,7.296605110e-01
6.578184204e+02,7.513272166e-01
6.580480957e+02,7.286315560e-01
6.582778931e+02,7.777385116e-01
6.585076294e+02,7.415872812e-01
6.587373657e+02,7.323639393e-01
6.589671631e+02,7.530835867e-01
6.591968994e+02,7.495971322e-01
6.594266968e+02,7.421472073e-01
6.596564941e+02,7.587710023e-01
6.598862915e+02,7.628366351e-01
6.601161499e+02,7.551570535e-01
6.603459473e+02,7.803642750e-01
6.605758057e+02,7.589429617e-01
6.608056641e+02,7.864989042e-01
6.610355225e+02,7.905618548e-01
6.612653809e+02,7.580583096e-01
6.614952393e+02,7.817806602e-01
6.617251587e+02,7.885959148e-01
6.619550171e+02,7.583204508e-01
6.621849365e+02,7.748343349e-01
6.624148560e+02,8.053719401e-01
6.626447754e+02,7.840742469e-01
6.628747559e+02,7.789300084e-01
6.631046753e+02,7.648080587e-01
6.633346558e+02,8.025868535e-01
6.635645752e+02,7.961320281e-01
6.637945557e+02,7.673637271e-01
6.640245361e+02,7.577961683e-01
6.642545776e+02,7.701160908e-01
6.644845581e+02,7.723113894e-01
6.647145386e+02,7.951818109e-01
6.649445801e+02,7.722786069e-01
6.651746216e+02,7.731305361e-01
6.654046631e+02,7.742773294e-01
6.656347046e+02,7.918725014e-01
6.658648071e+02,7.465248108e-01
6.660948486e+02,7.533072829e-01
6.663249512e+02,7.936745882e-01
6.665550537e+02,7.550438643e-01
6.667851562e+02,7.883665562e-01
6.670152588e+02,7.906601429e-01
6.672453613e+02,7.828291655e-01
6.674755249e+02,7.842053175e-01
6.677056274e+02,7.751291990e-01
6.679357910e+02,7.718198895e-01
6.681659546e+02,7.813874483e-01
6.683961182e+02,7.657909989e-01
6.686262817e+02,7.818789482e-01
6.688565063e+02,7.686088681e-01
6.690866699e+02,7.986221910e-01
6.693168945e+02,7.688054442e-01
6.695471191e+02,7.766692042e-01
6.697773438e+02,7.711645961e-01
6.700075684e+02,8.101884723e-01
6.702378540e+02,8.058634400e-01
6.704680786e+02,7.672982216e-01
6.706983643e+02,7.837793827e-01
6.709286499e+02,8.204113841e-01
6.711589355e+02,8.118922710e-01
6.713892212e+02,7.680518627e-01
6.716195679e+02,7.835172415e-01
6.718498535e+02,7.914792895e-01
6.720802002e+02,7.857125401e-01
6.723105469e+02,7.870886922e-01
6.725408936e+02,7.765053511e-01
6.727712402e+02,7.768002748e-01
6.730015869e+02,8.204113841e-01
6.732319336e+02,7.646114230e-01
6.734623413e+02,7.662824988e-01
6.736927490e+02,7.958698869e-01
6.739231567e+02,7.965907454e-01
6.741535645e+02,7.847295403e-01
6.743839722e+02,7.729994655e-01
6.746144409e+02,8.005226254e-01
6.748448486e+02,8.126131296e-01
6.750753174e+02,7.733926177e-01
6.753057861e+02,7.865316868e-01
6.755362549e+02,7.951163054e-01
6.757667236e+02,8.022264242e-01
6.759971924e+02,8.166432977e-01
6.762277222e+02,8.016694188e-01
6.764582520e+02,8.045855761e-01
6.766887817e+02,8.137599230e-01
6.769193115e+02,8.112041950e-01
6.771498413e+02,8.013744950e-01
6.773803711e+02,8.211649656e-01
6.776109619e+02,8.298806548e-01
6.778414917e+02,8.003587723e-01
6.780720825e+02,8.199853897e-01
6.783026733e+02,8.458703160e-01
6.785332642e+02,8.511127830e-01
6.787638550e+02,8.010141253e-01
6.789945068e+02,8.403984308e-01
6.792250977e+02,8.336486816e-01
6.794557495e+02,8.305687308e-01
6.796864014e+02,8.960345387e-01
6.799170532e+02,8.146446347e-01
6.801477051e+02,8.250313401e-01
6.803784180e+02,8.311913013e-01
6.806090698e+02,8.241139054e-01
6.808397827e+02,8.533080816e-01
6.810704956e+02,8.429869413e-01
6.813012085e+02,8.706411719e-01
6.815319214e+02,8.217875361e-01
6.817626343e+02,8.300117254e-01
6.819934082e+02,8.686424494e-01
6.822241821e+02,8.614012003e-01
6.824548950e+02,8.249330521e-01
6.826856689e+02,8.232947588e-01
6.829164429e+02,8.517353535e-01
6.831472778e+02,8.256538510e-01
6.833780518e+02,8.306015134e-01
6.836088867e+02,8.187403083e-01
6.838397217e+02,8.281440735e-01
6.840705566e+02,8.293236494e-01
6.843013916e+02,8.250313401e-01
6.845322266e+02,8.348610401e-01
6.847630615e+02,8.618599176e-01
6.849939575e+02,8.498021960e-01
6.852248535e+02,8.307980895e-01
6.854556885e+02,8.210338950e-01
6.856865845e+02,8.163484335e-01
6.859175415e+02,8.323708177e-01
6.861484375e+02,8.308635950e-01
6.863793335e+02,8.208045363e-01
6.866102905e+02,9.662513733e-01
6.868412476e+02,8.318138123e-01
6.870722046e+02,8.436094522e-01
6.873031616e+02,8.383997083e-01
6.875341187e+02,8.222462535e-01
6.877651367e+02,8.266696334e-01
6.879960938e+02,8.188385963e-01
6.882271118e+02,8.373512030e-01
6.884581299e+02,8.324363828e-01
6.886891479e+02,7.991464734e-01
6.889201660e+02,7.982290387e-01
6.891512451e+02,8.034387827e-01
6.893822632e+02,8.000639081e-01
6.896133423e+02,7.925605774e-01
6.898444214e+02,8.117939830e-01
6.900755005e+02,7.719837427e-01
6.903065796e+02,8.158569336e-01
6.905377197e+02,8.084518909e-01
6.907687988e+02,7.746704817e-01
6.909999390e+02,8.010141253e-01
6.912310181e+02,7.633008361e-01
6.914621582e+02,7.783074975e-01
6.916933594e+02,7.742773294e-01
6.919244995e+02,7.778487802e-01
6.921556396e+02,7.913482189e-01
6.923868408e+02,7.497030497e-01
6.926180420e+02,7.530779243e-01
6.928492432e+02,8.052736521e-01
6.930804443e+02,7.619574070e-01
6.933116455e+02,7.589102387e-01
6.935428467e+02,7.400699258e-01
6.937741089e+02,7.744411230e-01
6.940053711e+02,7.705420256e-01
6.942365723e+02,7.678880095e-01
6.944678345e+02,7.358431816e-01
6.946991577e+02,7.762759924e-01
6.949304199e+02,7.521932721e-01
6.951616821e+02,7.231956124e-01
6.953930054e+02,7.217539549e-01
6.956243286e+02,7.544540763e-01
6.958556519e+02,7.270619869e-01
6.960869751e+02,7.200173736e-01
6.963182983e+02,7.359742522e-01
6.965496826e+02,7.519639134e-01
6.967810059e+02,7.305679321e-01
6.970123901e+02,6.987524629e-01
6.972437744e+02,6.968520284e-01
6.974751587e+02,7.377436161e-01
6.977065430e+02,7.160199285e-01
6.979379272e+02,6.968520284e-01
6.981693726e+02,6.957708001e-01
6.984008179e+02,7.266687751e-01
6.986322021e+02,7.240803242e-01
6.988636475e+02,6.913474202e-01
6.990951538e+02,7.089753151e-01
6.993265991e+02,7.590412498e-01
6.995580444e+02,7.149059176e-01
6.997895508e+02,7.064195871e-01
7.000210571e+02,6.833198071e-01
7.002525635e+02,7.027498484e-01
7.004840698e+02,7.925933003e-01
7.007155762e+02,6.880053282e-01
7.009470825e+02,6.806330085e-01
7.011786499e+02,7.192637324e-01
7.014102173e+02,7.513085604e-01
7.016417847e+02,7.120553255e-01
7.018733521e+02,7.233266830e-01
7.021049194e+02,7.141523361e-01
7.023364868e+02,7.436741590e-01
7.025681152e+02,6.930512190e-01
7.027996826e+02,6.710654497e-01
7.030313110e+02,7.001613975e-01
7.032629395e+02,7.144472003e-01
7.034945679e+02,6.910197735e-01
7.037261963e+02,6.964915991e-01
7.039578857e+02,7.090736032e-01
7.041895142e+02,6.827628016e-01
7.044212036e+02,6.766684055e-01
7.046528931e+02,7.320751548e-01
7.048845825e+02,7.207382321e-01
7.051162720e+02,6.693944335e-01
7.053480225e+02,7.060919404e-01
7.055797119e+02,6.643812656e-01
7.058114624e+02,7.427240014e-01
7.060432129e+02,6.957708001e-01
7.062749634e+02,6.656591296e-01
7.065067139e+02,6.686080098e-01
7.067384644e+02,6.686080098e-01
7.069702759e+02,6.666748524e-01
7.072020264e+02,7.433137298e-01
7.074338379e+02,6.725071669e-01
7.076656494e+02,6.484898925e-01
7.078974609e+02,6.825334430e-01
7.081292725e+02,6.566157937e-01
7.083611450e+02,7.684777975e-01
7.085929565e+02,6.978350282e-01
7.088248291e+02,7.344998121e-01
7.090567017e+02,6.553379297e-01
7.092885742e+02,6.510456204e-01
7.095204468e+02,6.692960858e-01
7.097523193e+02,7.071404457e-01
7.099842529e+02,6.666748524e-01
7.102161255e+02,6.616944671e-01
7.104480591e+02,6.795517802e-01
7.106799927e+02,6.501609683e-01
7.109119263e+02,6.318449378e-01
7.111439209e+02,6.424282789e-01
7.113758545e+02,6.835163832e-01
7.116078491e+02,6.741454601e-01
7.118397827e+02,6.522907019e-01
7.120717773e+02,6.357440948e-01
7.123037720e+02,6.342040896e-01
7.125357666e+02,6.445580125e-01
7.127678223e+02,6.368581057e-01
7.129998169e+02,6.310585737e-01
7.132318726e+02,6.550102830e-01
7.134639282e+02,6.526839137e-01
7.136959839e+02,6.188042164e-01
7.139280396e+02,6.307309270e-01
7.141600952e+02,6.364976764e-01
7.143921509e+02,6.182144284e-01
7.146242676e+02,6.265369058e-01
7.148563843e+02,6.247020364e-01
7.150885010e+02,6.028473377e-01
7.153206177e+02,6.121528149e-01
7.155527344e+02,5.998328924e-01
7.157848511e+02,6.097936630e-01
7.160170288e+02,6.329917312e-01
7.162491455e+02,6.388895512e-01
7.164813232e+02,6.454754472e-01
7.167135010e+02,6.116940379e-01
7.169456787e+02,6.350559592e-01
7.171779175e+02,6.328606606e-01
7.174100952e+02,6.233258843e-01
7.176423340e+02,5.849245191e-01
7.178745117e+02,6.212616563e-01
7.181067505e+02,6.245054603e-01
7.183389893e+02,5.801407099e-01
7.185712891e+02,6.058290005e-01
7.188035278e+02,5.906912684e-01
7.190358276e+02,6.155604124e-01
7.192680664e+02,5.947214365e-01
7.195003662e+02,5.869559646e-01
7.197326660e+02,5.739480257e-01
7.199649658e+02,6.008486152e-01
7.201972656e+02,5.908223391e-01
7.204296265e+02,5.536660552e-01
7.206619873e+02,5.879061818e-01
7.208942871e+02,5.699833632e-01
7.211266479e+02,5.906912684e-01
7.213590088e+02,5.976048112e-01
7.215913696e+02,5.840725899e-01
7.218237915e+02,5.972771645e-01
7.220561523e+02,5.874802470e-01
7.222885742e+02,5.571392179e-01
7.225209961e+02,5.509792566e-01
7.227534180e+02,5.649046898e-01
7.229858398e+02,5.360053778e-01
7.232182617e+02,5.325322151e-01
7.234507446e+02,5.484235883e-01
7.236831665e+02,5.528141856e-01
7.239156494e+02,5.702127218e-01
7.241481323e+02,5.440002084e-01
7.243806152e+02,5.264705420e-01
7.246130981e+02,5.687382817e-01
7.248456421e+02,5.549767017e-01
7.250781250e+02,5.327943563e-01
7.253106689e+02,5.364968777e-01
7.255432129e+02,5.257824659e-01
7.257757568e+02,5.103825927e-01
7.260083008e+02,5.386593938e-01
7.262408447e+02,5.250288844e-01
7.264734497e+02,5.722114444e-01
7.267059937e+02,5.060575604e-01
7.269385986e+02,5.378402472e-01
7.271712036e+02,5.516346097e-01
7.274038086e+02,5.146749020e-01
7.276364136e+02,5.238165259e-01
7.278690796e+02,5.070405006e-01
7.281016846e+02,5.084166527e-01
7.283343506e+02,5.181480646e-01
7.285670166e+02,5.139541030e-01
7.287996826e+02,4.875121713e-01
7.290323486e+02,4.749301672e-01
7.292650146e+02,5.033707619e-01
7.294976807e+02,4.952776432e-01
7.297304077e+02,4.944912791e-01
7.299631348e+02,4.989146292e-01
7.301958618e+02,5.124140978e-01
7.304285889e+02,5.083839297e-01
7.306613159e+02,5.089409351e-01
7.308940430e+02,5.010116696e-01
7.311268311e+02,4.963261485e-01
7.313596191e+02,4.654281139e-01
7.315923462e+02,4.696876705e-01
7.318251343e+02,4.778463244e-01
7.320579834e+02,4.811884165e-01
7.322907715e+02,4.545171559e-01
7.325235596e+02,4.495040178e-01
7.327564087e+02,4.823352098e-01
7.329892578e+02,4.820730984e-01
7.332220459e+02,4.847926199e-01
7.334549561e+02,4.615617692e-01
7.336878052e+02,4.736850858e-01
7.339206543e+02,4.738161266e-01
7.341535645e+02,4.380687773e-01
7.343864136e+02,4.901989698e-01
7.346193237e+02,4.558933079e-01
7.348522339e+02,4.729314744e-01
7.350851440e+02,4.301067293e-01
7.353180542e+02,4.492746592e-01
7.355510254e+02,4.724727571e-01
7.357839355e+02,4.387568831e-01
7.360169067e+02,4.225051105e-01
7.362498779e+02,4.349560440e-01
7.364828491e+02,4.423938692e-01
7.367158203e+02,4.305654466e-01
7.369488525e+02,4.325641692e-01
7.371818237e+02,4.355786145e-01
7.374148560e+02,4.646417499e-01
7.376478882e+02,4.357096553e-01
7.378809204e+02,4.517648518e-01
7.381139526e+02,4.263059199e-01
7.383469849e+02,4.170332253e-01
7.385800171e+02,4.197527766e-01
7.388131104e+02,4.206702113e-01
7.390462036e+02,4.371513426e-01
7.392792358e+02,4.149034619e-01
7.395123291e+02,4.558605552e-01
7.397454834e+02,4.091039300e-01
7.399785767e+02,4.485538006e-01
7.402116699e+02,4.155260026e-01
7.404448242e+02,4.187698066e-01
7.406779785e+02,4.188681245e-01
7.409111328e+02,4.328262806e-01
7.411442871e+02,4.079243839e-01
7.413774414e+02,4.095626473e-01
7.416105957e+02,4.024197459e-01
7.418438110e+02,3.897066712e-01
7.420770264e+02,3.937696218e-01
7.423102417e+02,4.183438718e-01
7.425434570e+02,3.705059886e-01
7.427766724e+02,4.225706160e-01
7.430098877e+02,3.930487633e-01
7.432431030e+02,3.975704312e-01
7.434763794e+02,3.744706213e-01
7.437096558e+02,3.614298999e-01
7.439429321e+02,3.735531867e-01
7.441762085e+02,3.890513480e-01
7.444094849e+02,3.864628673e-01
7.446427612e+02,3.729633987e-01
7.448760986e+02,3.862335086e-01
7.451094360e+02,3.867905140e-01
7.453427124e+02,3.866266906e-01
7.455760498e+02,3.710629940e-01
7.458093872e+02,3.877079487e-01
7.460427856e+02,3.992414773e-01
7.462761230e+02,3.458006680e-01
7.465095215e+02,3.434415460e-01
7.467428589e+02,3.584482074e-01
7.469762573e+02,3.779765666e-01
7.472096558e+02,3.359054327e-01
7.474431152e+02,3.761416674e-01
7.476765137e+02,3.625766933e-01
7.479099121e+02,3.663119674e-01
7.481433716e+02,3.356433213e-01
7.483768311e+02,3.761089146e-01
7.486102905e+02,3.475372493e-01
7.488437500e+02,3.249616921e-01
7.490772095e+02,3.328909874e-01
7.493106689e+02,3.183757961e-01
7.495441895e+02,3.543197513e-01
7.497777100e+02,3.288280666e-01
7.500112305e+02,3.177860379e-01
7.502447510e+02,3.354139626e-01
7.504782715e+02,3.212591708e-01
7.507117920e+02,3.337429166e-01
7.509453125e+02,3.297455013e-01
7.511788940e+02,3.450143039e-01
7.514124756e+02,3.101843894e-01
7.516460571e+02,3.301386833e-01
7.518796387e+02,2.971764207e-01
7.521132202e+02,3.631664813e-01
7.523468018e+02,3.222421408e-01
7.525804443e+02,3.252893686e-01
7.528140259e+02,2.854790688e-01
7.530476685e+02,3.210953474e-01
7.532813110e+02,2.955053747e-01
7.535149536e+02,2.922287881e-01
7.537486572e+02,3.285331726e-01
7.539822998e+02,2.963572741e-01
7.542160034e+02,2.903283834e-01
7.544496460e+02,2.708983421e-01
7.546833496e+02,2.958002687e-01
7.549170532e+02,3.372488320e-01
7.551507568e+02,2.805970013e-01
7.553845215e+02,2.758787274e-01
7.556182251e+02,2.809901834e-01
7.558519897e+02,2.961279154e-01
7.560857544e+02,2.632967234e-01
7.563194580e+02,2.624120414e-01
7.565532837e+02,2.711277008e-01
7.567870483e+02,2.859377861e-01
7.570208130e+02,2.999287248e-01
7.572546387e+02,2.599546313e-01
7.574884033e+02,2.560882568e-01
7.577222290e+02,2.942275107e-01
7.579560547e+02,2.786310613e-01
7.581898804e+02,2.897386253e-01
7.584237671e+02,2.525495887e-01
7.586575928e+02,2.697187960e-01
7.588914795e+02,2.694239020e-01
7.591253052e+02,2.702758014e-01
7.593591919e+02,2.378377914e-01
7.595930786e+02,2.533359528e-01
7.598269653e+02,2.776480913e-01
7.600609131e+02,2.496989667e-01
7.602947998e+02,2.354131341e-01
7.605287476e+02,2.349216491e-01
7.607626953e+02,2.920977473e-01
7.609965820e+02,2.495678961e-01
7.612305908e+02,2.488470525e-01
7.614645386e+02,2.489781231e-01
7.616984863e+02,2.908854187e-01
7.619324951e+02,2.883624434e-01
7.621664429e+02,2.391484231e-01
7.624004517e+02,2.373463064e-01
7.626344604e+02,2.455704957e-01
7.628684692e+02,2.387552261e-01
7.631025391e+02,2.151967138e-01
7.633365479e+02,2.594959140e-01
7.635706177e+02,2.938015461e-01
7.638046265e+02,2.758787274e-01
7.640386963e+02,2.170643657e-01
7.642727661e+02,2.336765528e-01
7.645068359e+02,2.339714468e-01
7.647409668e+02,2.134929001e-01
7.649750366e+02,2.176869065e-01
7.652091675e+02,2.459964454e-01
7.654432983e+02,2.268612981e-01
7.656773682e+02,2.156881988e-01
7.659115601e+02,2.269923538e-01
7.661456909e+02,2.678511441e-01
7.663798218e+02,2.322020978e-01
7.666140137e+02,2.370841801e-01
7.668481445e+02,2.149018198e-01
7.670823364e+02,2.350527048e-01
7.673165283e+02,2.441288084e-01
7.675507202e+02,2.434734851e-01
7.677849731e+02,2.055963725e-01
7.680191650e+02,2.088729441e-01
7.682534180e+02,2.163762748e-01
7.684876099e+02,2.012057751e-01
7.687218628e+02,1.898688525e-01
7.689561157e+02,2.231915444e-01
7.691903687e+02,1.951768994e-01
7.694246826e+02,2.129686475e-01
7.696589355e+02,1.804323494e-01
7.698932495e+02,1.916054338e-01
7.701275024e+02,2.296136171e-01
7.703618164e+02,1.925228685e-01
7.705961304e+02,2.218481451e-01
7.708305054e+02,2.122805715e-01
7.710648193e+02,1.831191331e-01
7.712991333e+02,1.939645708e-01
7.715335083e+02,1.919003278e-01
7.717678833e+02,2.147379965e-01
7.720022583e+02,2.329557091e-01
7.722366333e+02,1.958977431e-01
7.724710083e+02,1.852161288e-01
7.727054443e+02,2.292204201e-01
7.729398193e+02,2.769600153e-01
7.731742554e+02,1.739119738e-01
7.734086914e+02,1.782698035e-01
7.736431274e+02,1.919986308e-01
7.738775635e+02,1.857403815e-01
7.741119995e+02,1.941939294e-01
7.743464966e+02,2.131980062e-01
7.745809326e+02,1.838727444e-01
7.748154297e+02,2.468155921e-01
7.750499268e+02,1.977981478e-01
7.752844238e+02,1.677192599e-01
7.755189209e+02,2.129358798e-01
7.757534180e+02,1.765987575e-01
7.759879761e+02,1.604780555e-01
7.762224731e+02,1.632631272e-01
7.764570312e+02,1.823655218e-01
7.766915894e+02,1.756485552e-01
7.769261475e+02,1.758779138e-01
7.771607056e+02,1.561857462e-01
7.773953247e+02,1.768281162e-01
7.776298828e+02,1.627716422e-01
7.778645020e+02,1.715200841e-01
7.780991211e+02,1.755830199e-01
7.783337402e+02,1.659171581e-01
7.785683594e+02,1.501896381e-01
7.788029785e+02,1.480926275e-01
7.790376587e+02,2.027129978e-01
7.792722778e+02,1.486824155e-01
7.795069580e+02,1.677847952e-01
7.797416382e+02,1.757468581e-01
7.799763184e+02,1.550061852e-01
7.802109985e+02,1.592001915e-01
7.804456787e+02,1.593312472e-01
7.806804199e+02,1.860680431e-01
7.809151001e+02,1.223060489e-01
7.811498413e+02,1.610350609e-01
7.813845825e+02,1.554321349e-01
7.816193237e+02,1.563168168e-01
7.818540649e+02,1.411790699e-01
7.820888062e+02,1.632631272e-01
7.823236084e+02,1.465526372e-01
7.825583496e+02,1.663103402e-01
7.827931519e+02,1.424241662e-01
7.830279541e+02,1.400650442e-01
7.832627563e+02,1.428828835e-01
7.834975586e+02,1.398356855e-01
7.837324219e+02,1.389510036e-01
7.839672241e+02,1.428173631e-01
7.842020874e+02,1.430794746e-01
7.844369507e+02,1.153597236e-01
7.846718140e+02,1.536627859e-01
7.849066772e+02,1.437347978e-01
7.851415405e+02,1.520245075e-01
7.853764648e+02,1.324961632e-01
7.856113281e+02,1.344948709e-01
7.858462524e+02,1.287281215e-01
7.860811768e+02,1.720115691e-01
7.863161011e+02,1.267294139e-01
7.865510254e+02,1.414411962e-01
7.867859497e+02,1.795148998e-01
7.870208740e+02,1.296783239e-01
7.872558594e+02,1.194882020e-01
7.874908447e+02,2.008781135e-01
7.877258301e+02,1.717166752e-01
7.879608154e+02,1.495015472e-01
7.881958008e+02,1.444884092e-01
7.884307861e+02,1.182103381e-01
7.886658325e+02,1.412118375e-01
7.889008179e+02,1.301698089e-01
7.891358643e+02,1.369195431e-01
7.893709106e+02,1.222732812e-01
7.896059570e+02,1.782042831e-01
7.898410034e+02,1.292523742e-01
7.900760498e+02,1.388854831e-01
7.903111572e+02,9.632287174e-02
7.905462646e+02,1.321029812e-01
7.907813110e+02,1.146716475e-01
7.910164185e+02,1.194226667e-01
7.912515259e+02,1.051696017e-01
7.914866943e+02,1.189311817e-01
7.917218018e+02,1.312838346e-01
7.919569702e+02,1.335446686e-01
7.921920776e+02,1.023845226e-01
7.924272461e+02,1.250911355e-01
7.926624146e+02,1.178171486e-01
7.928975830e+02,1.233217865e-01
7.931327515e+02,1.221422181e-01
7.933679810e+02,1.108708307e-01
7.936031494e+02,1.266966462e-01
7.938383789e+02,1.030070707e-01
7.940736084e+02,8.806592226e-02
7.943088379e+02,1.699473262e-01
7.945440674e+02,1.048747152e-01
7.947792969e+02,1.075942591e-01
7.950145874e+02,1.061525717e-01
7.952498169e+02,1.091014817e-01
7.954851074e+02,1.097895652e-01
7.957203979e+02,1.049402431e-01
7.959556885e+02,1.143767536e-01
7.961909790e+02,1.161133349e-01
7.964262695e+02,1.053989604e-01
7.966616211e+02,1.262379289e-01
7.968969116e+02,9.881306440e-02
7.971322632e+02,1.636563241e-01
7.973676147e+02,9.986156225e-02
7.976029663e+02,1.305957586e-01
7.978383179e+02,8.351149410e-02
7.980737305e+02,1.126401722e-01
7.983090820e+02,8.383915573e-02
7.985444946e+02,7.980897278e-02
7.987798462e+02,9.871476889e-02
7.990152588e+02,9.301353991e-02
7.992506714e+02,9.622457623e-02
7.994861450e+02,9.081824124e-02
7.997215576e+02,8.547743410e-02
7.999570312e+02,8.990079910e-02
8.001924438e+02,8.721401542e-02
8.004279175e+02,7.364903390e-02
8.006633911e+02,9.933731705e-02
8.008988647e+02,8.046428859e-02
8.011343384e+02,1.235839054e-01
8.013698730e+02,8.187321573e-02
8.016053467e+02,5.995298177e-02
8.018408813e+02,7.364903390e-02
8.020764160e+02,1.286625862e-01
8.023119507e+02,1.001236886e-01
8.025474854e+02,7.325584441e-02
8.027830200e+02,1.057266220e-01
8.030185547e+02,7.876047492e-02
8.032541504e+02,9.999262542e-02
8.034897461e+02,9.006462991e-02
8.037252808e+02,1.168669462e-01
8.039608765e+02,9.006462991e-02
8.041964722e+02,1.026794091e-01
8.044321289e+02,7.338690758e-02
8.046677246e+02,1.128040031e-01
8.049033813e+02,8.898336440e-02
8.051389771e+02,8.980250359e-02
8.053746338e+02,1.027121767e-01
8.056102905e+02,1.172929034e-01
8.058459473e+02,9.517607093e-02
8.060816650e+02,8.865571022e-02
8.063173218e+02,7.125713676e-02
8.065530396e+02,8.305277675e-02
8.067886963e+02,8.338043094e-02
8.070244141e+02,8.478935808e-02
8.072601318e+02,6.978268176e-02
8.074958496e+02,6.578527391e-02
8.077316284e+02,7.715495676e-02
8.079673462e+02,5.490706861e-02
8.082031250e+02,6.696483493e-02
8.084389038e+02,9.458629042e-02
8.086746216e+02,9.812498093e-02
8.089104004e+02,5.415345728e-02
8.091462402e+02,7.440263778e-02
8.093820190e+02,1.176860854e-01
8.096177979e+02,6.834099442e-02
8.098536377e+02,6.614569575e-02
8.100894775e+02,8.233193308e-02
8.103253174e+02,8.783656359e-02
8.105611572e+02,7.174862176e-02
8.107969971e+02,8.534637094e-02
8.110328369e+02,9.756796807e-02
8.112687378e+02,7.089671493e-02
8.115045776e+02,7.767920941e-02
8.117404785e+02,6.555590779e-02
8.119763794e+02,6.457293779e-02
8.122122803e+02,8.141449094e-02
8.124481812e+02,4.491353780e-02
8.126841431e+02,1.188984215e-01
8.129200439e+02,6.041169912e-02
8.131560059e+02,7.682730258e-02
8.133919678e+02,1.390820742e-01
8.136279297e+02,4.425822571e-02
8.138638916e+02,1.054317281e-01
8.140998535e+02,1.142784581e-01
8.143358154e+02,6.014957651e-02
8.145718384e+02,8.763997257e-02
8.148078003e+02,7.210904360e-02
8.150438232e+02,7.967791706e-02
8.152798462e+02,1.144422889e-01
8.155158691e+02,7.332137227e-02
8.157518921e+02,5.533302203e-02
8.159879761e+02,8.059535176e-02
8.162239990e+02,4.665011913e-02
8.164600830e+02,5.159773678e-02
8.166961670e+02,7.430434227e-02
8.169322510e+02,1.173256636e-01
8.171683350e+02,5.883894861e-02
8.174044189e+02,9.799392521e-02
8.176405029e+02,8.816422522e-02
8.178766479e+02,5.510366336e-02
8.181127930e+02,6.843928993e-02
8.183488770e+02,5.094242096e-02
8.185850220e+02,6.663718075e-02
8.188212280e+02,6.129637361e-02
8.190573730e+02,4.792797938e-02
8.192935181e+02,4.530672729e-02
8.195297241e+02,1.078891531e-01
8.197658691e+02,4.543779045e-02
8.200020752e+02,6.250870228e-02
8.202382812e+02,5.169603229e-02
8.204744873e+02,9.026122093e-02
8.207107544e+02,5.870788544e-02
8.209469604e+02,7.063458860e-02
8.211831665e+02,5.009051412e-02
8.214194336e+02,5.444834754e-02
8.216557007e+02,5.838022754e-02
8.218919678e+02,5.897001177e-02
8.221282349e+02,6.663718075e-02
8.223645020e+02,5.644705519e-02
8.226008301e+02,8.937655389e-02
8.228370972e+02,4.999221861e-02
8.230734253e+02,4.769862071e-02
8.233097534e+02,4.216122255e-02
8.235460815e+02,5.166326836e-02
8.237824097e+02,3.799998388e-02
8.240187378e+02,5.847852677e-02
8.242551270e+02,8.141449094e-02
8.244914551e+02,6.123084202e-02
8.247278442e+02,5.271176994e-02
8.249642334e+02,4.533949494e-02
8.252006226e+02,7.620475441e-02
8.254370117e+02,9.586415440e-02
8.256734009e+02,4.078506678e-02
8.259097900e+02,5.647981912e-02
8.261462402e+02,5.041817203e-02
8.263826904e+02,5.664364994e-02
8.266191406e+02,2.171544731e-02
8.268555908e+02,4.127655178e-02
8.270920410e+02,3.849146888e-02
8.273284912e+02,5.644705519e-02
8.275649414e+02,2.076524310e-02
8.278014526e+02,3.488724679e-02
8.280379639e+02,5.503813177e-02
8.282744751e+02,4.750202596e-02
8.285109863e+02,7.692559808e-02
8.287474976e+02,6.421251595e-02
8.289840088e+02,4.894371703e-02
8.292205200e+02,5.185985938e-02
8.294570923e+02,3.367491439e-02
8.296936646e+02,5.100795254e-02
8.299301758e+02,5.680747703e-02
8.301667480e+02,5.756108835e-02
8.304033813e+02,2.777709439e-02
8.306399536e+02,4.393056780e-02
8.308765259e+02,7.702389359e-02
8.311131592e+02,3.046387993e-02
8.313497925e+02,6.244317070e-02
8.315863647e+02,3.213492781e-02
8.318229980e+02,4.481524229e-02
8.320596924e+02,4.180080071e-02
8.322963257e+02,2.551626414e-02
8.325329590e+02,2.957920730e-02
8.327696533e+02,1.003202870e-01
8.330062866e+02,5.133561045e-02
8.332429810e+02,6.306572258e-02
8.334796753e+02,2.486095019e-02
8.337163696e+02,6.673547626e-02
8.339531250e+02,7.620475441e-02
8.341898193e+02,3.334726021e-02
8.344265747e+02,4.877988994e-02
8.346632690e+02,5.562791228e-02
8.349000244e+02,2.541796677e-02
8.351367798e+02,3.203663230e-02
8.353735352e+02,4.144037887e-02
8.356103516e+02,5.910107493e-02
8.358471069e+02,2.695795335e-02
8.360839233e+02,3.121748939e-02
8.363206787e+02,2.528690360e-02
8.365574951e+02,5.244964361e-02
8.367943115e+02,3.577191755e-02
8.370311279e+02,2.194480598e-02
8.372679443e+02,1.427763980e-02
8.375048218e+02,2.568009309e-02
8.377416382e+02,3.177450597e-02
8.379785156e+02,2.050311677e-02
8.382153931e+02,2.777709439e-02
8.384522705e+02,3.809827939e-02
8.386891479e+02,3.121748939e-02
8.389260254e+02,3.852423280e-02
8.391629639e+02,6.260699779e-02
8.393998413e+02,8.374085277e-02
8.396367798e+02,3.996592388e-02
8.398737183e+02,3.685318679e-02
8.401106567e+02,3.849146888e-02
8.403475952e+02,3.459235281e-02
8.405845337e+02,4.101442546e-02
8.408215332e+02,3.587021679e-02
8.410584717e+02,4.851776361e-02
8.412954712e+02,3.193833679e-02
8.415324707e+02,5.251517519e-02
8.417694702e+02,2.997239493e-02
8.420064697e+02,2.993962914e-02
8.422434692e+02,3.704977781e-02
8.424804688e+02,2.345202677e-02
8.427175293e+02,2.954644151e-02
8.429545288e+02,3.213492781e-02
8.431915894e+02,2.961197309e-02
8.434286499e+02,3.862253204e-02
8.436657104e+02,2.525413781e-02
8.439028320e+02,2.102736756e-02
8.441398926e+02,3.891742229e-02
8.443769531e+02,4.887818545e-02
8.446140747e+02,1.837334782e-02
8.448511963e+02,3.521490097e-02
8.450883179e+02,4.150591046e-02
8.453254395e+02,2.472988889e-02
8.455625610e+02,1.467082836e-02
8.457997437e+02,2.708901651e-02
8.460368652e+02,7.584433258e-02
8.462740479e+02,3.534596413e-02
8.465112305e+02,2.895665914e-02
8.467483521e+02,1.008363441e-02
8.469855957e+02,3.623063862e-02
8.472227783e+02,8.288894594e-02
8.474599609e+02,5.421898887e-02
8.476972046e+02,4.733819887e-02
8.479343872e+02,2.436946519e-02
8.481716309e+02,3.105366230e-02
8.484088745e+02,5.228581652e-02
8.486461182e+02,3.000516072e-02
8.488833618e+02,3.613233939e-02
8.491206665e+02,2.663029730e-02
8.493579102e+02,3.544425964e-02
8.495952148e+02,1.336020138e-02
8.498324585e+02,1.299977861e-02
8.500697632e+02,3.567362204e-02
8.503070679e+02,1.470359322e-02
8.505444336e+02,3.396980464e-02
8.507817383e+02,1.666953415e-02
8.510190430e+02,6.132913753e-02
8.512564087e+02,7.724506315e-03
8.514937744e+02,7.331318222e-03
8.517311401e+02,2.751496993e-02
8.519685059e+02,5.585727096e-02
8.522058716e+02,2.882559597e-02
8.524432373e+02,1.031299401e-02
8.526806641e+02,4.114548862e-02
8.529180298e+02,3.141408414e-02
8.531554565e+02,4.677298944e-03
8.533928833e+02,1.988056861e-02
8.536303101e+02,5.647981912e-02
8.538677368e+02,2.630263939e-02
8.541051636e+02,1.591592282e-02
8.543426514e+02,8.777103573e-02
8.545800781e+02,1.254105940e-02
8.548175659e+02,2.663029730e-02
8.550550537e+02,3.465788439e-02
8.552925415e+02,1.168915257e-02
8.555300293e+02,2.194480598e-02
8.557675171e+02,3.360938281e-02
8.560050659e+02,3.056217730e-02
8.562425537e+02,1.463806257e-02
8.564801025e+02,6.843928993e-02
8.567176514e+02,3.878635913e-02
8.569552002e+02,5.290836096e-02
8.571927490e+02,1.834058203e-02
8.574302979e+02,7.718772441e-02
8.576679077e+02,2.332096361e-02
8.579054565e+02,2.797368914e-02
8.581430664e+02,1.942184940e-02
8.583806763e+02,2.060141414e-02
8.586182861e+02,4.773138836e-02
8.588558960e+02,1.040310017e-03
8.590935059e+02,6.784950942e-02
8.593311157e+02,3.455958888e-02
8.595687866e+02,2.620434389e-02
8.598064575e+02,3.472341597e-02
8.600440674e+02,1.191851217e-02
8.602817383e+02,1.657123677e-02
8.605194092e+02,9.723211639e-03
8.607571411e+02,1.870100573e-02
8.609948120e+02,5.791331641e-03
8.612324829e+02,4.304589704e-02
8.614702148e+02,1.581762545e-02
8.617079468e+02,4.694500938e-02
8.619456787e+02,1.116490178e-02
8.621834106e+02,3.275747597e-02
8.624211426e+02,2.695795335e-02
8.626588745e+02,3.698424622e-02
8.628966675e+02,6.020691711e-03
8.631343994e+02,6.814439595e-02
8.633721924e+02,1.575209573e-02
8.636099854e+02,2.967750467e-02
8.638477783e+02,2.383702435e-03
8.640855713e+02,7.073288411e-02
8.643234253e+02,1.935631782e-02
8.645612183e+02,5.471047387e-02
8.647990723e+02,4.071953520e-02
8.650368652e+02,3.967103362e-02
8.652747192e+02,3.501830623e-02
8.655125732e+02,1.617804915e-02
8.657504272e+02,1.870100573e-02
8.659883423e+02,5.048370361e-02
8.662261963e+02,1.008363441e-02
8.664641113e+02,1.876653731e-02
8.667019653e+02,1.588315703e-02
8.669398804e+02,2.492648177e-02
8.671777954e+02,3.268375294e-03
8.674157104e+02,-1.253286842e-03
8.676536865e+02,7.331318222e-03
8.678916016e+02,2.296054177e-02
8.681295776e+02,8.740241639e-03
8.683674927e+02,1.496571861e-02
8.686054688e+02,1.152532361e-02
8.688434448e+02,4.992668703e-02
8.690814209e+02,1.843887940e-02
8.693193970e+02,9.198961779e-03
8.695574341e+02,7.429615129e-03
8.697954102e+02,2.459882572e-02
8.700334473e+02,1.293424703e-02
8.702714844e+02,3.530500690e-03
8.705095215e+02,2.184650861e-02
8.707475586e+02,2.040481940e-02
8.709855957e+02,7.069192827e-03
8.712236328e+02,7.429615129e-03
8.714617310e+02,5.153220519e-02
8.716997681e+02,3.956454340e-03
8.719378662e+02,9.100664407e-03
8.721759644e+02,2.252639737e-03
8.724140625e+02,1.224616822e-02
8.726521606e+02,6.143562496e-04
8.728903198e+02,7.197798043e-02
8.731284180e+02,1.794739440e-02
8.733665771e+02,8.121789992e-02
8.736046753e+02,5.923213810e-02
8.738428345e+02,4.906659015e-03
8.740809937e+02,-4.431556445e-03
8.743191528e+02,3.249534965e-02
8.745573730e+02,1.870100573e-02
8.747955322e+02,1.653847098e-02
8.750337524e+02,1.585039124e-02
8.752719116e+02,1.526060980e-02
8.755101318e+02,1.876653731e-02
8.757483521e+02,6.184519734e-03
8.759865723e+02,2.678593388e-03
8.762248535e+02,2.440223098e-02
8.764630737e+02,1.047682203e-02
8.767013550e+02,4.425822571e-02
8.769395752e+02,1.571932994e-02
8.771778564e+02,4.094889387e-02
8.774161377e+02,2.210863493e-02
8.776544189e+02,9.671606123e-02
8.778927002e+02,4.465141520e-02
8.781310425e+02,3.226599097e-02
8.783693237e+02,4.229228571e-02
8.786076660e+02,2.407457493e-02
8.788460083e+02,-6.962704356e-04
8.790842896e+02,2.276394702e-02
8.793226318e+02,1.555550098e-02
8.795610352e+02,1.929078624e-02
8.797993774e+02,3.036558256e-02
8.800377197e+02,1.997886598e-02
8.802761230e+02,2.427116781e-02
8.805145264e+02,-4.693681840e-03
8.807529297e+02,1.427763980e-02
8.809913330e+02,4.644533619e-03
8.812297363e+02,7.855569012e-03
8.814681396e+02,-7.216638420e-03
8.817066040e+02,-2.105194144e-03
8.819450073e+02,1.945461519e-02
8.821834717e+02,2.895665914e-02
8.824219360e+02,3.727094736e-03
8.826604004e+02,-1.039490849e-02
8.828988647e+02,9.559383616e-03
8.831373291e+02,3.917954862e-02
8.833757935e+02,4.841127433e-03
8.836143188e+02,-3.514117794e-03
8.838528442e+02,3.301960230e-02
8.840913086e+02,5.594737828e-03
8.843298340e+02,1.653847098e-02
8.845683594e+02,1.221340243e-02
8.848069458e+02,3.803274781e-02
8.850454712e+02,7.658974733e-03
8.852839966e+02,1.385168638e-02
8.855225830e+02,-6.331965327e-03
8.857611694e+02,3.449405730e-02
8.859997559e+02,2.505754493e-02
8.862383423e+02,-4.693681840e-03
8.864769287e+02,8.936836384e-03
8.867155151e+02,5.985468253e-02
8.869541626e+02,2.830134518e-02
8.871927490e+02,4.743649438e-02
8.874313965e+02,5.594737828e-03
8.876700439e+02,3.364215046e-02
8.879086914e+02,8.109502960e-04
8.881473389e+02,1.414657757e-02
8.883859863e+02,3.229875863e-02
8.886246948e+02,5.893724412e-02
8.888633423e+02,3.315066546e-02
8.891020508e+02,-2.727741841e-03
8.893407593e+02,2.053588256e-02
8.895794678e+02,6.578527391e-02
8.898181763e+02,2.341926098e-02
8.900568848e+02,-7.945674588e-04
8.902955933e+02,4.349642433e-03
8.905343628e+02,2.613062039e-03
8.907730713e+02,-8.035779931e-03
8.910118408e+02,1.820952073e-02
8.912506104e+02,2.735114098e-02
8.914893799e+02,1.568656415e-02
8.917281494e+02,2.273118310e-02
8.919669800e+02,1.236903947e-03
8.922057495e+02,6.315582432e-03
8.924445801e+02,3.849965869e-04
8.926833496e+02,3.115195967e-02
8.929221802e+02,2.397627756e-02
8.931610107e+02,1.244276203e-02
8.933998413e+02,4.851776361e-02
8.936387329e+02,9.690446779e-03
8.938775635e+02,1.598145440e-02
8.941164551e+02,-1.144340914e-02
8.943552856e+02,3.118472546e-02
8.945941772e+02,3.783615679e-02
8.948330688e+02,-1.488380507e-02
8.950719604e+02,1.191851217e-02
8.953108521e+02,3.311789781e-02
8.955498047e+02,3.836040571e-02
8.957886963e+02,-7.216638420e-03
8.960276489e+02,-7.118341513e-03
8.962666016e+02,3.796721622e-02
8.965055542e+02,1.483465638e-02
8.967445068e+02,1.269669621e-03
8.969834595e+02,8.248756640e-03
8.972224121e+02,3.652552888e-02
8.974614258e+02,1.005086862e-02
8.977003784e+02,2.083077282e-02
8.979393921e+02,6.143562496e-04
8.981784058e+02,3.472341597e-02
8.984174194e+02,2.083077282e-02
8.986564331e+02,3.006250132e-03
8.988954468e+02,-8.003014140e-03
8.991345215e+02,9.010559006e-05
8.993735352e+02,3.338002414e-02
8.996126099e+02,-5.545589142e-03
8.998516846e+02,1.463806257e-02
9.000907593e+02,4.035911337e-02
9.003298340e+02,2.155161835e-02
9.005689087e+02,-1.992971823e-02
9.008079834e+02,2.387798019e-02
9.010471191e+02,1.480189059e-02
9.012861938e+02,3.364215046e-02
9.015253296e+02,7.869494706e-02
9.017644653e+02,2.885836177e-02
9.020036011e+02,3.259364888e-02
9.022427368e+02,1.391721796e-02
9.024819336e+02,8.357702941e-02
9.027210693e+02,1.804569177e-02
9.029602661e+02,1.630911045e-02
9.031994019e+02,1.070618164e-02
9.034385986e+02,9.264492430e-03
9.036777954e+02,9.067898616e-03
9.039169922e+02,3.085706756e-02
9.041561890e+02,3.095536493e-02
9.043954468e+02,1.752144098e-02
9.046346436e+02,5.987925921e-03
9.048739014e+02,2.515584230e-02
9.051131592e+02,1.050958782e-02
9.053524170e+02,1.728388947e-03
9.055916748e+02,-1.475274190e-02
9.058309326e+02,1.957748784e-03
9.060701904e+02,1.040310017e-03
9.063095093e+02,-4.095708573e-05
9.065487671e+02,1.057511941e-02
9.067880859e+02,2.463159151e-02
9.070274048e+02,2.391074598e-02
9.072667236e+02,6.282816641e-03
9.075060425e+02,1.781633124e-02
9.077454224e+02,5.248240754e-02
9.079847412e+02,1.267212257e-02
9.082240601e+02,2.803922072e-02
9.084634399e+02,-1.613709144e-03
9.087028198e+02,4.930413887e-02
9.089421997e+02,8.576413617e-03
9.091815796e+02,4.284930229e-02
9.094209595e+02,-2.179736085e-02
9.096604004e+02,4.677298944e-03
9.098997803e+02,-4.038368817e-03
9.101392212e+02,-6.692387629e-03
9.103786011e+02,-1.399913151e-02
9.106180420e+02,3.836040571e-02
9.108574829e+02,2.345202677e-02
9.110969849e+02,-1.311445888e-02
9.113364258e+02,-1.118128467e-02
9.115758667e+02,-8.789390326e-03
9.118153687e+02,2.135502361e-02
9.120548706e+02,1.211510599e-02
9.122943115e+02,2.073247731e-02
9.125338135e+02,5.765938386e-02
9.127733765e+02,1.162362099e-02
9.130128784e+02,1.007544342e-03
9.132523804e+02,2.436946519e-02
9.134919434e+02,-1.810303191e-03
9.137314453e+02,7.560677826e-03
9.139710083e+02,-1.838973165e-02
9.142105713e+02,1.290148217e-02
9.144501343e+02,1.650570519e-02
9.146896973e+02,1.034575980e-02
9.149293213e+02,-8.134077303e-03
9.151688843e+02,-2.727741841e-03
9.154085083e+02,7.822803222e-03
9.156480713e+02,9.985337034e-03
9.158876953e+02,-2.891570097e-03
9.161273193e+02,-2.160076611e-02
9.163669434e+02,2.030652203e-02
9.166066284e+02,-5.742183421e-03
9.168462524e+02,-9.583957726e-04
9.170858765e+02,-3.809008980e-03
9.173255615e+02,1.100107282e-02
9.175652466e+02,1.728388947e-03
9.178049316e+02,7.466476411e-02
9.180446167e+02,2.735114098e-02
9.182843018e+02,4.779691994e-02
9.185239868e+02,-4.136665724e-03
9.187637329e+02,5.070487037e-03
9.190034180e+02,-2.269022632e-03
9.192431641e+02,9.362789802e-03
9.194829102e+02,7.691740524e-03
9.197226562e+02,2.539339184e-04
9.199624023e+02,-9.641298093e-03
9.202021484e+02,3.036558256e-02
9.204419556e+02,2.302607335e-02
9.206817017e+02,-1.062426809e-02
9.209215088e+02,1.444146782e-02
9.211613159e+02,2.423840389e-02
9.214011230e+02,1.231169980e-02
9.216409302e+02,9.461086243e-03
9.218807373e+02,3.596032038e-03
9.221205444e+02,1.306531020e-02
9.223604126e+02,3.272471204e-02
9.226002197e+02,-3.415820887e-03
9.228400879e+02,-9.182578884e-03
9.230799561e+02,1.670229994e-02
9.233198242e+02,-3.022632794e-03
9.235596924e+02,5.594737828e-03
9.237995605e+02,-1.419572532e-02
9.240394897e+02,2.285405295e-03
9.242793579e+02,-5.742183421e-03
9.245192871e+02,1.702995598e-02
9.247592163e+02,-4.890276119e-03
9.249991455e+02,6.807067432e-03
9.252390747e+02,1.382301599e-01
9.254790039e+02,2.620434389e-02
9.257189331e+02,-5.807714537e-03
9.259589233e+02,-7.871951908e-03
9.261988525e+02,1.695623272e-03
9.264388428e+02,-7.937483490e-03
9.266788330e+02,-2.236256842e-03
9.269188232e+02,8.117694408e-03
9.271588135e+02,1.159085520e-02
9.273988037e+02,1.699719019e-02
9.276388550e+02,-2.448414639e-02
9.278788452e+02,2.879283018e-02
9.281188965e+02,3.013622388e-02
9.283589478e+02,1.296701282e-02
9.285989990e+02,4.524119571e-02
9.288390503e+02,1.531795016e-03
9.290791016e+02,1.948738098e-02
9.293191528e+02,2.062516958e-01
9.295592651e+02,3.759860527e-03
9.297993164e+02,2.571285889e-02
9.300394287e+02,1.519507822e-02
9.302795410e+02,-5.414526444e-03
9.305196533e+02,-6.495793816e-03
9.307597656e+02,-1.220521168e-03
9.309998779e+02,1.948738098e-02
9.312400513e+02,-2.795730717e-02
9.314801636e+02,7.986631244e-03
9.317203369e+02,1.400732319e-03
9.319605103e+02,2.145332098e-02
9.322006836e+02,9.559383616e-03
9.324408569e+02,1.922525652e-02
9.326810303e+02,4.799351096e-02
9.329212036e+02,-9.543000720e-03
9.331614380e+02,2.604051493e-02
9.334016113e+02,1.807845756e-02
9.336418457e+02,1.820952073e-02
9.338820801e+02,-1.888121665e-02
9.341223145e+02,9.198961779e-03
9.343625488e+02,-6.954513025e-03
9.346027832e+02,2.350936644e-03
9.348430176e+02,-1.122224145e-03
9.350833130e+02,3.193833679e-02
9.353236084e+02,2.807198651e-02
9.355638428e+02,7.691740524e-03
9.358041382e+02,-6.594090723e-03
9.360444336e+02,-1.272127032e-02
9.362847290e+02,2.083077282e-02
9.365250854e+02,2.250182256e-02
9.367653809e+02,-1.399913151e-02
9.370057373e+02,1.657123677e-02
9.372460327e+02,-4.497088026e-03
9.374863892e+02,1.893036440e-02
9.377267456e+02,-9.583957726e-04
9.379671021e+02,4.120282829e-03
9.382075195e+02,2.302607335e-02
9.384478760e+02,4.021985922e-03
9.386882324e+02,-4.759213421e-03
9.389286499e+02,-1.032937691e-02
9.391690674e+02,2.161714993e-02
9.394094849e+02,1.883206703e-02
9.396499023e+02,2.682689019e-02
9.398903198e+02,1.503125019e-02
9.401307373e+02,4.579821229e-02
9.403712158e+02,-2.891570097e-03
9.406116333e+02,1.198404282e-02
9.408521118e+02,-2.058503032e-02
9.410925903e+02,2.449233783e-03
9.413330078e+02,3.180727363e-02
9.415735474e+02,-8.658328094e-03
9.418140259e+02,9.657680988e-03
9.420545044e+02,-4.726447631e-03
9.422950439e+02,3.433023021e-02
9.425355225e+02,2.973484341e-03
9.427760620e+02,-1.445785072e-02
9.430166016e+02,1.342573296e-02
9.432571411e+02,2.315713651e-02
9.434976807e+02,-6.495793816e-03
9.437382202e+02,-1.504763309e-02
9.439787598e+02,1.621081494e-02
9.442193604e+02,-6.692387629e-03
9.444599609e+02,2.875187434e-03
9.447005005e+02,9.092473192e-04
9.449411011e+02,-4.529853817e-03
9.451817017e+02,4.775596317e-03
9.454223022e+02,-1.327828690e-02
9.456629639e+02,9.559383616e-03
9.459035645e+02,1.269669621e-03
9.461442261e+02,9.035132825e-03
9.463848267e+02,-1.186936349e-02
9.466254883e+02,1.024746243e-02
9.468661499e+02,5.369473994e-02
9.471068115e+02,7.593443617e-03
9.473475342e+02,2.318171086e-03
9.475881958e+02,-2.029014006e-02
9.478288574e+02,-7.290361100e-04
9.480695801e+02,-1.406466309e-02
9.483103027e+02,-5.807714537e-03
9.485510254e+02,2.305883914e-02
9.487917480e+02,2.119119652e-02
9.490324707e+02,1.765250415e-02
9.492731934e+02,-1.704633795e-02
9.495139160e+02,5.004955921e-03
9.497546997e+02,2.092907019e-02
9.499954834e+02,-3.358481044e-04
9.502362061e+02,4.026081413e-02
9.504769897e+02,-7.290361100e-04
9.507177734e+02,2.368138731e-02
9.509585571e+02,2.764603309e-02
9.511994019e+02,7.757272106e-03
9.514401855e+02,2.361585572e-02
9.516810303e+02,1.729208045e-02
9.519218140e+02,2.279671282e-02
9.521626587e+02,-1.062426809e-02
9.524035034e+02,5.267081317e-03
9.526443481e+02,5.985468253e-02
9.528852539e+02,4.153048620e-03
9.531260986e+02,-2.281309664e-02
9.533669434e+02,-3.874540329e-03
9.536078491e+02,9.559383616e-03
9.538487549e+02,3.180727363e-02
9.540896606e+02,-2.913687006e-02
9.543305664e+02,1.060788520e-02
9.545714722e+02,-7.544294931e-03
9.548123779e+02,3.095536493e-02
9.550532837e+02,1.611251757e-02
9.552942505e+02,-1.924163848e-02
9.555352173e+02,3.020175546e-02
9.557761230e+02,2.712178230e-02
9.560170898e+02,-3.481352236e-03
9.562580566e+02,-1.573571190e-02
9.564990845e+02,5.815906334e-04
9.567400513e+02,2.715454809e-02
9.569810181e+02,1.673506573e-02
9.572220459e+02,-2.006077953e-02
9.574630737e+02,9.092473192e-04
9.577040405e+02,5.299846642e-03
9.579450684e+02,2.030652203e-02
9.581860962e+02,-2.114204690e-02
9.584271851e+02,3.301141085e-03
9.586682129e+02,1.424487401e-02
9.589092407e+02,2.895665914e-02
9.591503296e+02,1.793920295e-03
9.593914185e+02,1.227893401e-02
9.596325073e+02,5.674194545e-02
9.598735962e+02,-2.531147795e-03
9.601146851e+02,-7.511529606e-03
9.603557739e+02,9.624915197e-03
9.605968628e+02,1.316360757e-02
9.608380127e+02,1.136149559e-02
9.610791626e+02,-1.514593046e-02
9.613202515e+02,1.512954757e-02
9.615614014e+02,-6.430262234e-03
9.618025513e+02,-8.166843094e-03
9.620437012e+02,-1.095192414e-02
9.622849121e+02,4.225952178e-02
9.625260620e+02,1.142702717e-02
9.627672729e+02,-4.923041444e-03
9.630084229e+02,-1.537529007e-02
9.632496338e+02,9.428321384e-03
9.634908447e+02,9.420129354e-04
9.637320557e+02,-1.675144769e-02
9.639732666e+02,-2.432850888e-03
9.642145386e+02,1.087001059e-02
9.644557495e+02,5.094242096e-02
9.646970215e+02,7.560677826e-03
9.649382324e+02,-1.131234691e-02
9.651795044e+02,7.331318222e-03
9.654207764e+02,2.266565152e-02
9.656620483e+02,2.211682586e-04
9.659033203e+02,-1.413019467e-02
9.661446533e+02,2.984133177e-02
9.663859253e+02,1.138606924e-03
9.666272583e+02,-1.704633795e-02
9.668685913e+02,-3.481352236e-03
9.671099243e+02,-2.170725493e-03
9.673512573e+02,1.394998282e-02
9.675925903e+02,5.365378223e-03
9.678339233e+02,-7.577060722e-03
9.680752563e+02,3.184003755e-02
9.683166504e+02,2.384521440e-02
9.685579834e+02,9.747786098e-04
9.687993774e+02,1.139426138e-02
9.690407715e+02,-5.906011909e-03
9.692821655e+02,-5.676651839e-03
9.695235596e+02,1.473635901e-02
9.697650146e+02,5.398144014e-03
9.700064087e+02,-5.381761119e-03
9.702478638e+02,1.005086862e-02
9.704892578e+02,-1.413019467e-02
9.707307129e+02,-1.894674823e-02
9.709721680e+02,1.719378494e-02
9.712136230e+02,4.742830526e-03
9.714550781e+02,-5.774949212e-03
9.716965942e+02,-5.873246118e-03
9.719380493e+02,4.914031178e-02
9.721795654e+02,-3.841774538e-03
9.724210205e+02,-1.688251086e-02
9.726625366e+02,1.257382520e-02
9.729040527e+02,-1.167276967e-02
9.731455688e+02,1.076925620e-01
9.733870850e+02,-1.843068865e-03
9.736286621e+02,-2.461520769e-02
9.738701782e+02,1.594868861e-02
9.741117554e+02,8.248756640e-03
9.743533325e+02,7.593443617e-03
9.745948486e+02,-2.019184269e-02
9.748364258e+02,1.267212257e-02
9.750780029e+02,-5.316229537e-03
9.753196411e+02,-1.730846427e-02
9.755612183e+02,-1.599783823e-02
9.758028564e+02,8.674710989e-03
9.760444336e+02,1.791462861e-02
9.762860718e+02,-1.907780953e-02
9.765277100e+02,5.290836096e-02
9.767693481e+02,2.580296481e-03
9.770109863e+02,2.649923414e-02
9.772526245e+02,-1.665315032e-02
9.774943237e+02,-3.350289539e-03
9.777359619e+02,-8.191416782e-06
9.779776611e+02,1.152532361e-02
9.782193604e+02,-1.088639349e-02
9.784610596e+02,2.374691889e-02
9.787027588e+02,-1.134511270e-02
9.789444580e+02,5.824097432e-03
9.791861572e+02,-1.721016690e-02
9.794278564e+02,-1.219701953e-02
9.796696167e+02,3.580468521e-02
9.799113770e+02,2.830134518e-02
9.801530762e+02,-9.911614470e-04
9.803948364e+02,1.400732319e-03
9.806365967e+02,1.490018796e-02
9.808784180e+02,1.254105940e-02
9.811201782e+02,5.160592846e-04
9.813619385e+02,-2.006897237e-03
9.816037598e+02,1.499029342e-03
9.818455811e+02,-1.275403611e-02
9.820873413e+02,-1.537529007e-02
9.823291626e+02,3.059494309e-02
9.825709839e+02,-1.220521168e-03
9.828128662e+02,2.541796677e-02
9.830546875e+02,-1.137787849e-02
9.832965088e+02,1.286871638e-02
9.835383911e+02,2.417287230e-02
9.837802734e+02,-1.285233349e-02
9.840221558e+02,-2.382883243e-02
9.842639771e+02,-1.648932323e-02
9.845059204e+02,3.661563387e-03
9.847478027e+02,-4.095708573e-05
9.849896851e+02,1.228712499e-04
9.852316284e+02,-2.530328743e-02
9.854735107e+02,1.709548756e-02
9.857154541e+02,5.516919494e-02
9.859573975e+02,-1.471997611e-02
9.861993408e+02,-1.253286842e-03
9.864412842e+02,8.576413617e-03
9.866832275e+02,5.791331641e-03
9.869251709e+02,-7.478763815e-03
9.871671753e+02,-1.311445888e-02
9.874091797e+02,2.725284360e-02
9.876511230e+02,2.744124737e-03
9.878931274e+02,-8.166843094e-03
9.881351318e+02,-2.051950060e-02
9.883771362e+02,1.322913822e-02
9.886192017e+02,6.413879339e-03
9.888612061e+02,-4.996764474e-04
9.891032104e+02,-5.611120723e-03
9.893452759e+02,7.364084013e-03
9.895873413e+02,3.235609736e-03
9.898294067e+02,-4.234962631e-03
9.900714722e+02,3.661563387e-03
9.903135376e+02,1.997886598e-02
9.905556030e+02,4.177622613e-04
9.907977295e+02,-5.906011909e-03
9.910397949e+02,2.174821310e-02
9.912819214e+02,1.978227124e-02
9.915239868e+02,-3.088164143e-03
9.917661133e+02,-2.356670611e-02
9.920082397e+02,1.662857714e-03
9.922504272e+02,1.283595059e-02
9.924925537e+02,-2.203491284e-03
9.927346802e+02,-1.688251086e-02
9.929768677e+02,-5.324421218e-04
9.932189941e+02,4.841127433e-03
9.934611816e+02,3.366672434e-03
9.937033691e+02,-1.498210151e-02
9.939455566e+02,3.105366230e-02
9.941877441e+02,1.801292598e-02
9.944299927e+02,1.722655073e-02
9.946721802e+02,-1.029661112e-02
9.949143677e+02,1.270488743e-02
9.951566162e+02,1.204138272e-03
9.953988647e+02,2.440223098e-02
9.956411133e+02,-1.930717006e-02
9.958833618e+02,4.644533619e-03
9.961256104e+02,3.235609736e-03
9.963678589e+02,-1.465444546e-02
9.966101685e+02,7.126532728e-04
9.968524170e+02,8.871304803e-03
9.970947266e+02,3.059494309e-02
9.973370361e+02,1.417934243e-02
9.975793457e+02,-6.266434211e-03
9.978216553e+02,4.343908280e-02
9.980639648e+02,1.594868861e-02
9.983062744e+02,-2.081439085e-02
9.985486450e+02,-1.757058874e-02
9.987909546e+02,3.849965869e-04
9.990333252e+02,-4.267728422e-03
9.992756958e+02,-2.081439085e-02
9.995180664e+02,-2.278033085e-02
9.997604370e+02,5.634875596e-02
1.000002808e+03,-6.135371514e-03
1.000245178e+03,-1.376977190e-02
1.000487610e+03,6.348348223e-03
1.000729980e+03,1.473635901e-02
1.000972412e+03,2.112566493e-02
1.001214844e+03,-2.510669269e-02
1.001457275e+03,-8.166843094e-03
1.001699707e+03,-2.006897237e-03
1.001942139e+03,9.010559006e-05
1.002184570e+03,-7.839186117e-03
1.002427063e+03,-6.463028025e-03
1.002669495e+03,1.152532361e-02
1.002911987e+03,-2.629444934e-03
1.003154480e+03,-1.777537516e-03
1.003396973e+03,2.776890295e-03
1.003639465e+03,2.790815756e-02
1.003881958e+03,2.809656085e-03
1.004124451e+03,-1.646474819e-03
1.004367004e+03,-5.709417630e-03
1.004609497e+03,1.798016019e-02
1.004852051e+03,-7.085575722e-03
1.005094604e+03,-1.871738769e-02
1.005337158e+03,-4.923041444e-03
1.005579712e+03,-8.953219280e-03
1.005822266e+03,6.839833222e-03
1.006064819e+03,4.906659015e-03
1.006307434e+03,1.450699940e-02
1.006549988e+03,2.558179572e-02
1.006792603e+03,1.244276203e-02
1.007035217e+03,7.724506315e-03
1.007277832e+03,-1.317999046e-02
1.007520447e+03,3.288853914e-02
1.007763062e+03,2.748220414e-02
1.008005676e+03,-8.756624535e-03
1.008248352e+03,-1.776718348e-02
1.008490967e+03,7.036427036e-03
1.008733643e+03,-2.760507632e-03
1.008976318e+03,-7.970248349e-03
1.009218994e+03,2.305883914e-02
1.009461670e+03,1.277041901e-02
1.009704346e+03,3.839317337e-02
1.009947021e+03,4.021985922e-03
1.010189758e+03,4.730543494e-02
1.010432434e+03,8.379819803e-03
1.010675171e+03,2.580296481e-03
1.010917908e+03,-6.299199536e-03
1.011160645e+03,-2.235437743e-02
1.011403381e+03,1.162362099e-02
1.011646118e+03,-9.117047302e-03
1.011888855e+03,-1.200042572e-02
1.012131653e+03,-5.676651839e-03
1.012374390e+03,1.673506573e-02
1.012617188e+03,1.316360757e-02
1.012859985e+03,-1.340935007e-02
1.013102783e+03,-4.562619142e-03
1.013345581e+03,2.430393361e-02
1.013588379e+03,5.332612433e-03
1.013831177e+03,4.054751247e-03
1.014074036e+03,6.676004734e-03
1.014316833e+03,-4.366025329e-03
1.014559692e+03,5.889629014e-03
1.014802551e+03,1.847164519e-02
1.015045349e+03,-1.203319151e-02
1.015288269e+03,1.873377152e-02
1.015531128e+03,1.339296717e-02
1.015773987e+03,-1.031217501e-01
1.016016846e+03,-1.046945006e-01
1.016259766e+03,-1.032200456e-01
1.016502686e+03,-1.048910916e-01
1.016745544e+03,-1.052842811e-01
1.016988464e+03,-1.059068292e-01
