1.933779755e+02,2.388181631e-03
1.935834351e+02,-1.424467284e-02
1.937889099e+02,1.039417274e-02
1.939943848e+02,-1.156511717e-02
1.941998901e+02,8.196609560e-04
1.944053955e+02,6.562733906e-04
1.946109161e+02,1.258356590e-02
1.948164520e+02,6.178773008e-03
1.950220032e+02,1.768125780e-02
1.952275696e+02,-1.107495371e-02
1.954331360e+02,1.885764860e-02
1.956387177e+02,3.696099296e-02
1.958443298e+02,1.862890646e-02
1.960499420e+02,-2.611478092e-03
1.962555695e+02,1.206072606e-02
1.964611969e+02,2.957587317e-02
1.966668549e+02,6.766968407e-03
1.968725128e+02,2.268091775e-02
1.970782013e+02,6.832323503e-03
1.972838898e+02,3.248417005e-02
1.974895935e+02,1.777929068e-02
1.976953125e+02,2.013207227e-02
1.979010315e+02,-9.081625380e-03
1.981067810e+02,2.314657177e-04
1.983125305e+02,1.738716103e-02
1.985182953e+02,1.334331755e-04
1.987240906e+02,4.275308165e-04
1.989298706e+02,-6.238682196e-03
1.991356812e+02,-8.068623021e-03
1.993415070e+02,-2.317380393e-03
1.995473328e+02,-1.627067849e-02
1.997531891e+02,-6.663489621e-03
1.999590454e+02,-7.219007239e-03
2.001649170e+02,2.911021933e-03
2.003708038e+02,-1.316631492e-02
2.005766907e+02,4.032677412e-02
2.007826080e+02,2.042616904e-02
2.009885254e+02,-1.369732432e-03
2.011944733e+02,1.930696424e-03
2.014004211e+02,5.492545664e-03
2.016063843e+02,-9.122472838e-04
2.018123627e+02,-2.117230557e-02
2.020183411e+02,-3.787868423e-03
2.022243500e+02,3.457553312e-02
2.024303589e+02,4.152767360e-03
2.026363831e+02,2.313840203e-02
2.028424225e+02,3.222275153e-02
2.030484772e+02,1.326979417e-02
2.032545471e+02,8.297093213e-02
2.034606171e+02,2.355504083e-03
2.036667175e+02,9.577234276e-03
2.038728180e+02,7.747293916e-03
2.040789337e+02,2.336714603e-02
2.042850647e+02,3.368507139e-03
2.044912109e+02,2.723126045e-06
2.046973724e+02,-7.153652608e-03
2.049035339e+02,-6.173327100e-03
2.051097107e+02,2.225610986e-02
2.053159180e+02,7.006331533e-02
2.055221252e+02,6.803730875e-02
2.057283478e+02,-4.964258987e-03
2.059345703e+02,1.081081107e-03
2.061408234e+02,-1.153243892e-02
2.063470764e+02,5.721288268e-03
2.065533600e+02,4.602083063e-04
2.067596436e+02,-8.068623021e-03
2.069659424e+02,1.591667160e-02
2.071722412e+02,1.042685006e-02
2.073785706e+02,2.885696851e-02
2.075848999e+02,-9.016270749e-03
2.077912598e+02,-1.522499789e-02
2.079976196e+02,1.817142032e-02
2.082039948e+02,9.176934836e-04
2.084103851e+02,3.139764536e-03
2.086167908e+02,1.447886135e-02
2.088231964e+02,1.898018876e-03
2.090296173e+02,-1.685887389e-02
2.092360687e+02,5.198447965e-03
2.094425201e+02,6.889509386e-04
2.096489868e+02,4.152767360e-03
2.098554535e+02,3.754918650e-02
2.100619507e+02,8.400844410e-03
2.102684479e+02,-1.434270572e-02
2.104749756e+02,5.851997994e-03
2.106815033e+02,1.157056261e-02
2.108880463e+02,9.348492138e-03
2.110946045e+02,2.986996993e-02
2.113011627e+02,2.641432220e-04
2.115077515e+02,-1.990605146e-03
2.117143402e+02,4.740962759e-03
2.119209442e+02,-5.617809016e-03
2.121275635e+02,1.062291488e-02
2.123341980e+02,4.424807802e-02
2.125408478e+02,1.029613987e-02
2.127475128e+02,7.257131394e-03
2.129541779e+02,1.627612486e-02
2.131608582e+02,-6.467424799e-03
2.133675537e+02,-5.487099290e-03
2.135742645e+02,2.682279330e-03
2.137809906e+02,-1.153243892e-02
2.139877319e+02,-7.415072527e-03
2.141944733e+02,2.228878811e-02
2.144012299e+02,-1.953843050e-02
2.146080017e+02,-1.206344925e-03
2.148147888e+02,-1.277418435e-02
2.150215912e+02,-5.062291399e-03
2.152284088e+02,-1.355844550e-02
2.154352264e+02,3.303152043e-03
2.156420746e+02,6.342160981e-03
2.158489227e+02,-1.842739433e-02
2.160557861e+02,-2.513445448e-03
2.162626648e+02,6.603580900e-03
2.164695435e+02,3.284362331e-02
2.166764526e+02,1.493634656e-02
2.168833618e+02,-4.179998767e-03
2.170902863e+02,-8.983593434e-03
2.172972412e+02,3.699366748e-02
2.175041809e+02,1.970726438e-02
2.177111511e+02,4.473824054e-02
2.179181366e+02,6.562733906e-04
2.181251221e+02,1.650486700e-02
2.183321228e+02,-6.532779429e-03
2.185391388e+02,-1.097692177e-02
2.187461700e+02,-5.160324275e-03
2.189532166e+02,-8.852883242e-03
2.191602783e+02,-2.317380393e-03
2.193673401e+02,-2.055960242e-03
2.195744171e+02,6.734291092e-03
2.197815247e+02,-6.181496428e-04
2.199886322e+02,9.904010221e-03
2.201957397e+02,8.172101341e-03
2.204028778e+02,-1.391789783e-02
2.206100159e+02,-2.995438808e-05
2.208171844e+02,-1.613996923e-02
2.210243530e+02,-5.291034002e-03
2.212315369e+02,2.290148987e-03
2.214387360e+02,2.124310657e-02
2.216459351e+02,-1.643406600e-02
2.218531647e+02,-3.983933479e-03
2.220603943e+02,5.035060458e-03
2.222676392e+02,-8.795697358e-04
2.224748993e+02,2.477227896e-02
2.226821747e+02,3.640547395e-02
2.228894653e+02,4.218122456e-03
2.230967712e+02,-8.885560557e-03
2.233040771e+02,2.967390604e-02
2.235113983e+02,1.898018876e-03
2.237187347e+02,-3.297705669e-03
2.239260864e+02,3.140581399e-02
2.241334534e+02,-1.336237974e-02
2.243408203e+02,-1.470215805e-02
2.245482178e+02,1.830213144e-02
2.247556152e+02,2.411872894e-02
2.249630280e+02,-7.317040116e-03
2.251704559e+02,2.189665660e-02
2.253778839e+02,3.519640490e-02
2.255853424e+02,2.353053354e-02
2.257928009e+02,-1.535570808e-02
2.260002899e+02,2.812989289e-03
2.262077789e+02,-6.075294223e-03
2.264152832e+02,2.453536727e-03
2.266227875e+02,-1.254544221e-02
2.268303223e+02,1.617809199e-02
2.270378571e+02,-1.663830131e-03
2.272454224e+02,1.846551895e-02
2.274529877e+02,-1.215331163e-02
2.276605682e+02,-2.388453856e-02
2.278681488e+02,-3.787868423e-03
2.280757599e+02,1.036149543e-02
2.282833710e+02,4.152767360e-03
2.284910126e+02,-2.071482129e-02
2.286986542e+02,-1.120566390e-02
2.289063110e+02,1.467492711e-02
2.291139679e+02,6.807815225e-05
2.293216553e+02,1.454421692e-02
2.295293427e+02,1.140717510e-02
2.297370605e+02,4.731976241e-02
2.299447784e+02,2.009939402e-02
2.301525116e+02,-1.806794107e-02
2.303602448e+02,5.035060458e-03
2.305680084e+02,-6.402069703e-03
2.307757721e+02,6.440193392e-03
2.309835663e+02,5.582408630e-04
2.311913605e+02,6.065218896e-02
2.313991699e+02,8.760296740e-03
2.316069794e+02,-1.450609323e-02
2.318148193e+02,2.094900981e-02
2.320226746e+02,1.670093276e-02
2.322305298e+02,4.764653742e-02
2.324384003e+02,-1.326434780e-02
2.326462860e+02,1.964190975e-02
2.328541870e+02,-1.695690677e-02
2.330620880e+02,2.968207409e-04
2.332700195e+02,-7.741847541e-03
2.334779510e+02,8.196609560e-04
2.336858978e+02,3.009871393e-02
2.338938599e+02,-3.689836012e-03
2.341018372e+02,-4.114643671e-03
2.343098145e+02,-2.430934645e-02
2.345178223e+02,3.640547395e-02
2.347258301e+02,4.283477552e-03
2.349338531e+02,-7.807202637e-03
2.351418915e+02,2.212540060e-02
2.353499298e+02,1.617809199e-02
2.355579987e+02,-2.012662590e-02
2.357660675e+02,-2.809993923e-02
2.359741669e+02,-6.206004415e-03
2.361822662e+02,1.591667160e-02
2.363903809e+02,3.140581399e-02
2.365984955e+02,-8.297365159e-03
2.368066406e+02,-1.015998330e-02
2.370147858e+02,-6.263190153e-05
2.372229462e+02,5.263803061e-03
2.374311371e+02,9.740621783e-03
2.376393127e+02,2.558921650e-02
2.378475189e+02,6.505548488e-03
2.380557404e+02,9.577234276e-03
2.382639618e+02,2.163523808e-02
2.384721985e+02,-6.009939592e-03
2.386804504e+02,1.130914316e-02
2.388887177e+02,4.771189392e-02
2.390970001e+02,6.646878272e-02
2.393052826e+02,-8.264687844e-03
2.395135956e+02,5.851997994e-03
2.397219086e+02,2.931445278e-02
2.399302368e+02,2.415140532e-02
2.401385803e+02,-2.078017592e-02
2.403469238e+02,3.418340161e-02
2.405552979e+02,8.172101341e-03
2.407636719e+02,-1.731636003e-02
2.409720612e+02,-3.755190875e-03
2.411804657e+02,-8.133977652e-03
2.413888855e+02,2.314657177e-04
2.415973206e+02,3.041731892e-03
2.418057556e+02,-1.042140368e-02
2.420142059e+02,1.764858142e-02
2.422226715e+02,7.695826888e-02
2.424311523e+02,-1.182653662e-02
2.426396484e+02,3.727959702e-03
2.428481598e+02,6.734291092e-03
2.430566711e+02,-7.219007239e-03
2.432651978e+02,-9.146980941e-03
2.434737549e+02,4.610252567e-03
2.436822968e+02,-1.584587060e-02
2.438908691e+02,-1.483286824e-02
2.440994568e+02,2.518891590e-03
2.443080444e+02,-1.310096029e-02
2.445166473e+02,3.950983658e-02
2.447252655e+02,2.405337244e-02
2.449338989e+02,-9.735176340e-03
2.451425476e+02,-1.453877054e-02
2.453511963e+02,-1.205527969e-02
2.455598755e+02,7.257131394e-03
2.457685547e+02,5.160051584e-02
2.459772491e+02,-1.777384430e-02
2.461859589e+02,-3.330383217e-03
2.463946686e+02,2.797467448e-02
2.466034088e+02,1.007556639e-04
2.468121490e+02,-2.813261561e-02
2.470209045e+02,9.021717124e-03
2.472296753e+02,1.823677495e-02
2.474384613e+02,-1.310096029e-02
2.476472626e+02,3.629927058e-03
2.478560638e+02,1.059023757e-02
2.480648804e+02,3.956702072e-03
2.482737122e+02,1.222411357e-02
2.484825592e+02,-1.055211388e-02
2.486914215e+02,4.185444675e-03
2.489002991e+02,-1.304377452e-03
2.491091766e+02,-1.225134451e-02
2.493180695e+02,1.467492711e-02
2.495269775e+02,1.052488293e-02
2.497359009e+02,-6.957587320e-03
2.499448395e+02,1.235482376e-02
2.501537781e+02,-2.006127127e-02
2.503627472e+02,1.104772277e-02
2.505717163e+02,1.902103610e-02
2.507807007e+02,-2.878616564e-02
2.509897003e+02,1.277146162e-03
2.511987000e+02,3.954251483e-02
2.514077301e+02,-8.199333213e-03
2.516167603e+02,3.451017663e-02
2.518258057e+02,-1.989788190e-02
2.520348663e+02,3.271291405e-02
2.522439423e+02,3.401184455e-03
2.524530182e+02,3.172441851e-03
2.526621246e+02,-1.816597395e-02
2.528712311e+02,1.457689423e-02
2.530803528e+02,3.597249743e-03
2.532894897e+02,-7.905235514e-03
2.534986420e+02,-1.757777855e-02
2.537077942e+02,-6.663489621e-03
2.539169617e+02,8.074069396e-03
2.541261444e+02,2.029545978e-02
2.543353424e+02,9.577234276e-03
2.545445557e+02,4.653550312e-02
2.547537842e+02,1.113758539e-03
2.549630127e+02,2.431479283e-02
2.551722717e+02,-1.695690677e-02
2.553815308e+02,1.320443861e-02
2.555908051e+02,-8.232010528e-03
2.558000793e+02,-1.480019093e-02
2.560093689e+02,1.996051520e-03
2.562186890e+02,1.516508963e-02
2.564280090e+02,1.790999994e-02
2.566373596e+02,-3.755190875e-03
2.568467102e+02,-1.019266155e-02
2.570560608e+02,-6.630812306e-03
2.572654419e+02,2.607937902e-02
2.574748230e+02,-1.911362261e-02
2.576842041e+02,-4.147320986e-03
2.578936157e+02,-2.088637790e-03
2.581030579e+02,3.172441851e-03
2.583125000e+02,1.799986348e-03
2.585219421e+02,-9.996595792e-03
2.587313843e+02,8.727619424e-03
2.589408569e+02,1.359656919e-02
2.591503601e+02,-8.983593434e-03
2.593598633e+02,-4.212676082e-03
2.595693665e+02,2.771325409e-02
2.597789001e+02,1.330247149e-02
2.599884338e+02,-2.238137461e-02
2.601979675e+02,-1.606644364e-04
2.604075317e+02,1.006739773e-02
2.606170959e+02,2.641432220e-04
2.608266907e+02,-1.561712846e-02
2.610362854e+02,-1.888488047e-02
2.612459106e+02,1.081898063e-02
2.614555359e+02,-7.161821704e-04
2.616651611e+02,-1.696507563e-03
2.618748169e+02,-1.440806035e-02
2.620844727e+02,7.420518901e-03
2.622941284e+02,8.400844410e-03
2.625038147e+02,-1.810061932e-02
2.627135315e+02,-2.350057941e-03
2.629232483e+02,2.271359600e-02
2.631329651e+02,-1.381986495e-02
2.633426819e+02,-2.185853384e-02
2.635524292e+02,5.851997994e-03
2.637622070e+02,-1.359112281e-02
2.639719849e+02,5.067737773e-03
2.641817627e+02,-4.147320986e-03
2.643915710e+02,-3.493770957e-03
2.646013794e+02,2.257471671e-03
2.648111877e+02,-2.970930655e-03
2.650210266e+02,-1.071550138e-02
2.652308655e+02,1.081081107e-03
2.654407349e+02,1.166859549e-02
2.656506042e+02,1.222411357e-02
2.658605042e+02,-5.585131701e-03
2.660704041e+02,2.085097693e-02
2.662803040e+02,1.346585900e-02
2.664902344e+02,-1.493090112e-02
2.667001648e+02,5.457417294e-02
2.669101257e+02,-6.075294223e-03
2.671200867e+02,1.865341444e-03
2.673300476e+02,1.526312251e-02
2.675400391e+02,-1.598475035e-03
2.677500305e+02,5.786642898e-03
2.679600525e+02,-3.722513560e-03
2.681700745e+02,5.398597568e-02
2.683800964e+02,-2.676832955e-03
2.685901489e+02,-2.607393265e-02
2.688002014e+02,3.774525225e-02
2.690102844e+02,1.007556639e-04
2.692203674e+02,-1.532303076e-02
2.694304504e+02,9.503710316e-04
2.696405640e+02,2.117775194e-02
2.698506775e+02,-4.670161288e-03
2.700608215e+02,-1.914630085e-02
2.702709656e+02,-1.993056014e-02
2.704811401e+02,1.268159878e-02
2.706913147e+02,1.048403559e-03
2.709014893e+02,5.459867883e-03
2.711116943e+02,-6.173327100e-03
2.713218994e+02,1.072094776e-02
2.715321045e+02,9.479202330e-03
2.717423401e+02,9.503710316e-04
2.719526062e+02,2.604670078e-02
2.721628418e+02,-1.522499789e-02
2.723731384e+02,-8.468922460e-04
2.725834045e+02,-1.934236474e-02
2.727937012e+02,-6.402069703e-03
2.730039978e+02,3.849683329e-02
2.732143250e+02,1.421744190e-02
2.734246521e+02,3.246864974e-01
2.736350098e+02,-1.617264561e-02
2.738453674e+02,1.474028174e-02
2.740557556e+02,-1.564980671e-02
2.742661133e+02,-1.627067849e-02
2.744765320e+02,-4.343386274e-03
2.746869202e+02,-1.169582643e-02
2.748973389e+02,-1.925250166e-03
2.751077881e+02,2.281162702e-02
2.753182373e+02,1.088433526e-02
2.755286865e+02,1.666825451e-02
2.757391663e+02,-1.114030927e-02
2.759496460e+02,-3.395738313e-03
2.761601257e+02,-2.280618064e-02
2.763706360e+02,3.457553312e-02
2.765811462e+02,5.091429129e-02
2.767916870e+02,8.302811533e-03
2.770022278e+02,-5.029614083e-03
2.772127991e+02,4.490162805e-02
2.774233704e+02,2.774593234e-02
2.776339417e+02,2.594866976e-02
2.778445435e+02,9.904010221e-03
2.780551453e+02,-4.114643671e-03
2.782657471e+02,-4.212676082e-03
2.784763794e+02,-7.447749842e-03
2.786870422e+02,-5.527946050e-04
2.788976746e+02,-8.003267460e-03
2.791083679e+02,1.078630239e-02
2.793190308e+02,3.294982598e-04
2.795297241e+02,-8.950915188e-03
2.797404175e+02,1.379263401e-02
2.799511414e+02,1.930696424e-03
2.801618652e+02,-1.300292742e-02
2.803726196e+02,-1.597658172e-02
2.805833740e+02,-2.153992886e-03
2.807941284e+02,2.473960072e-02
2.810049133e+02,-7.120974828e-03
2.812156982e+02,2.212540060e-02
2.814265137e+02,-4.245353863e-03
2.816373291e+02,-3.166995710e-03
2.818481750e+02,-2.976649255e-02
2.820589905e+02,-1.509428862e-02
2.822698669e+02,6.303764880e-02
2.824807129e+02,1.928245649e-02
2.826915894e+02,-1.385254227e-02
2.829024963e+02,-6.598134525e-03
2.831134033e+02,4.642929882e-03
2.833243103e+02,3.013139032e-02
2.835352478e+02,-3.918578383e-03
2.837461853e+02,-2.646606229e-02
2.839571228e+02,2.758254483e-02
2.841680908e+02,-2.186670201e-03
2.843790588e+02,-7.120974828e-03
2.845900574e+02,-2.849206887e-02
2.848010559e+02,2.003403939e-02
2.850120850e+02,1.585131697e-02
2.852230835e+02,4.577575251e-03
2.854341431e+02,-2.973381430e-02
2.856452026e+02,2.747634193e-03
2.858562622e+02,-1.689155214e-02
2.860673218e+02,7.812649012e-03
2.862784119e+02,-4.343386274e-03
2.864895020e+02,1.212608069e-02
2.867006226e+02,1.212608069e-02
2.869117432e+02,-1.385254227e-02
2.871228943e+02,-2.202192135e-02
2.873340454e+02,6.562733906e-04
2.875451965e+02,-9.179658256e-03
2.877563782e+02,-1.921165548e-02
2.879675598e+02,-5.421744194e-03
2.881787720e+02,4.348832648e-03
2.883899536e+02,-9.833208285e-03
2.886011963e+02,-1.369732432e-03
2.888124390e+02,-1.826400682e-02
2.890236816e+02,1.669276273e-03
2.892349243e+02,3.441214561e-02
2.894461975e+02,-1.120566390e-02
2.896575012e+02,-1.718564890e-02
2.898687744e+02,3.597249743e-03
2.900801086e+02,1.565525308e-02
2.902914124e+02,-7.774525322e-03
2.905027466e+02,-1.823133044e-02
2.907141113e+02,7.910681888e-03
2.909254456e+02,2.937980741e-02
2.911368408e+02,2.518891590e-03
2.913482056e+02,-7.578460034e-03
2.915596008e+02,7.779971231e-03
2.917710266e+02,1.150520798e-02
2.919824219e+02,1.519776694e-02
2.921938782e+02,-2.100891806e-02
2.924053040e+02,1.206072606e-02
2.926167603e+02,3.330111131e-02
2.928282471e+02,-1.414663997e-02
2.930397034e+02,-5.323711783e-03
2.932512207e+02,6.211450789e-03
2.934627075e+02,5.035060458e-03
2.936742249e+02,-5.527946050e-04
2.938857727e+02,-8.330042474e-03
2.940973206e+02,2.464156784e-02
2.943088684e+02,-4.604806192e-03
2.945204163e+02,3.041731892e-03
2.947320251e+02,-1.045408100e-02
2.949436035e+02,-5.519776605e-03
2.951552124e+02,-6.761522032e-03
2.953668213e+02,-6.794199813e-03
2.955784607e+02,-1.653209887e-02
2.957901001e+02,-3.983933479e-03
2.960017395e+02,-2.186670201e-03
2.962134094e+02,-3.182517365e-02
2.964250793e+02,-1.803526469e-02
2.966367798e+02,1.774661243e-02
2.968484802e+02,9.381169453e-03
2.970601807e+02,-7.317040116e-03
2.972719116e+02,-4.506773781e-03
2.974836731e+02,2.287698351e-02
2.976954041e+02,3.408537060e-02
2.979071655e+02,9.119749069e-03
2.981189575e+02,9.119749069e-03
2.983307495e+02,-1.725100353e-02
2.985425415e+02,-6.238682196e-03
2.987543335e+02,-8.950915188e-03
2.989661865e+02,-1.270882972e-02
2.991780090e+02,-1.509428862e-02
2.993898621e+02,-2.807543147e-03
2.996017151e+02,3.597249743e-03
2.998135986e+02,-1.571516134e-02
3.000254822e+02,1.549186464e-02
3.002373657e+02,7.616583724e-03
3.004492798e+02,-7.643815130e-03
3.006611938e+02,-2.398257144e-02
3.008731384e+02,1.771393605e-02
3.010850830e+02,1.019810699e-02
3.012970581e+02,2.366124280e-02
3.015090027e+02,-1.676084101e-02
3.017210083e+02,4.741779715e-02
3.019329834e+02,-4.278031178e-03
3.021450195e+02,-2.774865599e-03
3.023570251e+02,-1.813329756e-02
3.025690613e+02,2.176594734e-02
3.027810974e+02,2.369392104e-02
3.029931641e+02,-2.254476212e-02
3.032052307e+02,6.957314909e-02
3.034172974e+02,1.977261901e-02
3.036293945e+02,-2.293689176e-02
3.038414917e+02,2.192116575e-03
3.040536194e+02,1.571243745e-03
3.042657471e+02,-1.303560473e-02
3.044779053e+02,2.902035601e-02
3.046900635e+02,8.523385040e-04
3.049022217e+02,-8.199333213e-03
3.051143799e+02,4.969705362e-03
3.053265991e+02,-1.500442508e-03
3.055387878e+02,-1.434270572e-02
3.057510071e+02,-1.819865219e-02
3.059632263e+02,-1.431002747e-02
3.061754761e+02,1.447886135e-02
3.063877258e+02,5.582408630e-04
3.065999756e+02,-1.460412517e-02
3.068122559e+02,-1.336237974e-02
3.070245361e+02,-1.248008758e-02
3.072368469e+02,-1.251276489e-02
3.074491577e+02,-1.117298659e-02
3.076614990e+02,3.041731892e-03
3.078738098e+02,2.493566647e-02
3.080861816e+02,-2.546122996e-03
3.082985229e+02,-2.198924311e-02
3.085108948e+02,2.140649408e-02
3.087232971e+02,-1.925250166e-03
3.089356995e+02,-7.055619732e-03
3.091481018e+02,-9.016270749e-03
3.093605347e+02,1.601470448e-02
3.095729675e+02,-7.186329924e-03
3.097854004e+02,1.505888766e-03
3.099978638e+02,-2.375382930e-02
3.102103271e+02,1.418476366e-02
3.104228210e+02,7.779971231e-03
3.106353149e+02,1.407856238e-03
3.108478088e+02,-1.342773531e-02
3.110603333e+02,-1.774116606e-02
3.112728577e+02,-3.885901067e-03
3.114854126e+02,1.931513287e-02
3.116979675e+02,-1.303560473e-02
3.119105225e+02,-5.389066879e-03
3.121231079e+02,3.202668577e-02
3.123356934e+02,-4.702839069e-03
3.125483093e+02,2.866090275e-02
3.127609253e+02,9.675267152e-03
3.129735413e+02,-4.800871480e-03
3.131861877e+02,-1.846007258e-02
3.133988342e+02,-5.977261811e-03
3.136115112e+02,-8.558785543e-03
3.138241882e+02,3.825992346e-03
3.140368652e+02,2.845666837e-03
3.142495728e+02,-1.375451032e-02
3.144622803e+02,3.277827054e-02
3.146750183e+02,4.843079671e-02
3.148877563e+02,-3.559125820e-03
3.151004944e+02,-1.473483536e-02
3.153132629e+02,-1.925250166e-03
3.155260315e+02,5.165770184e-03
3.157388306e+02,-5.356389098e-03
3.159516296e+02,-2.012662590e-02
3.161644287e+02,-1.136905141e-02
3.163772583e+02,-1.032337081e-02
3.165900879e+02,-2.284702845e-03
3.168029480e+02,-1.533120056e-03
3.170158081e+02,9.413846768e-03
3.172286682e+02,3.041731892e-03
3.174415588e+02,2.065491118e-02
3.176544495e+02,-1.917897724e-02
3.178673706e+02,4.973790050e-02
3.180802612e+02,1.784464531e-02
3.182932129e+02,-6.892232224e-03
3.185061646e+02,-2.911294252e-02
3.187191162e+02,-1.172850467e-02
3.189320679e+02,-4.506773781e-03
3.191450500e+02,6.799646188e-03
3.193580322e+02,1.598202810e-02
3.195710449e+02,8.196609560e-04
3.197840576e+02,8.850159938e-04
3.199971008e+02,-1.002927404e-02
3.202101440e+02,1.545918733e-02
3.204231873e+02,4.921505973e-02
3.206362610e+02,9.021717124e-03
3.208493347e+02,-1.127101947e-02
3.210624084e+02,-2.097623982e-02
3.212755127e+02,9.830485797e-04
3.214886169e+02,1.153788529e-02
3.217017517e+02,-1.633603312e-02
3.219148865e+02,7.878003642e-03
3.221280518e+02,-1.313363761e-02
3.223411865e+02,2.817074023e-02
3.225543823e+02,1.581864059e-02
3.227675476e+02,2.257471671e-03
3.229807434e+02,2.957587317e-02
3.231939697e+02,2.584246686e-03
3.234071960e+02,-1.535570808e-02
3.236204224e+02,1.186466031e-02
3.238336792e+02,2.039349265e-02
3.240469360e+02,-8.362720720e-03
3.242601929e+02,2.111239731e-02
3.244734802e+02,-6.859554909e-03
3.246867676e+02,-2.742188051e-03
3.249000854e+02,-8.852883242e-03
3.251134033e+02,1.134182047e-02
3.253267212e+02,-7.415072527e-03
3.255400696e+02,1.467492711e-02
3.257534180e+02,1.127646584e-02
3.259667969e+02,2.689631656e-02
3.261801758e+02,-7.382395212e-03
3.263935547e+02,-1.705493964e-02
3.266069641e+02,-3.722513560e-03
3.268203735e+02,3.352985159e-02
3.270337830e+02,6.603580900e-03
3.272472229e+02,8.564231917e-03
3.274606934e+02,-6.206004415e-03
3.276741333e+02,9.176934836e-04
3.278876038e+02,3.496766463e-02
3.281011047e+02,2.641432220e-04
3.283146057e+02,2.714956878e-03
3.285281067e+02,-9.212335572e-03
3.287416382e+02,-4.670161288e-03
3.289551697e+02,1.196269318e-02
3.291687317e+02,3.948532976e-04
3.293822632e+02,2.202736773e-02
3.295958557e+02,-3.218462691e-02
3.298094177e+02,9.642589837e-03
3.300230103e+02,2.078562230e-02
3.302366333e+02,-9.375723079e-03
3.304502563e+02,2.224794123e-03
3.306638794e+02,-4.996936303e-03
3.308775330e+02,7.812649012e-03
3.310911865e+02,-2.365579642e-02
3.313048401e+02,-1.051943656e-02
3.315185242e+02,-5.062291399e-03
3.317322083e+02,-1.631152583e-03
3.319459229e+02,4.120090045e-03
3.321596375e+02,4.013070837e-02
3.323733521e+02,8.041391149e-03
3.325870972e+02,1.202804781e-02
3.328008423e+02,-1.500442508e-03
3.330146179e+02,-1.698958315e-02
3.332283936e+02,5.715569481e-02
3.334421692e+02,1.219143532e-02
3.336559753e+02,1.428279653e-02
3.338697815e+02,-2.300224639e-02
3.340835876e+02,1.441350672e-02
3.342974243e+02,5.329157691e-03
3.345112915e+02,4.846347496e-02
3.347251282e+02,-2.502825297e-02
3.349389954e+02,1.572060771e-02
3.351528931e+02,7.257131394e-03
3.353667908e+02,-1.248008758e-02
3.355806885e+02,-1.355844550e-02
3.357946167e+02,1.356389094e-02
3.360085449e+02,-7.415072527e-03
3.362224731e+02,-2.938253107e-03
3.364364319e+02,-8.558785543e-03
3.366503906e+02,4.741779715e-02
3.368643799e+02,1.996868476e-02
3.370783691e+02,2.072026767e-02
3.372923889e+02,-1.408128534e-02
3.375063782e+02,8.466199040e-03
3.377204285e+02,-5.291034002e-03
3.379344482e+02,7.216284284e-04
3.381484985e+02,-9.571788833e-03
3.383625793e+02,-1.257811952e-02
3.385766296e+02,1.603921293e-03
3.387907410e+02,-2.303492464e-02
3.390048218e+02,-3.265028354e-03
3.392189331e+02,-4.081965890e-03
3.394330444e+02,1.748519391e-02
3.396471863e+02,5.688610487e-03
3.398613281e+02,-1.300292742e-02
3.400755005e+02,-6.042616908e-03
3.402896729e+02,1.330247149e-02
3.405038452e+02,8.041391149e-03
3.407180481e+02,-1.274150703e-02
3.409322510e+02,-1.385254227e-02
3.411464539e+02,1.725644991e-02
3.413606873e+02,4.642929882e-03
3.415749207e+02,-5.094969179e-03
3.417891846e+02,-1.117298659e-02
3.420034485e+02,2.941248566e-02
3.422177124e+02,-1.169582643e-02
3.424320068e+02,1.369460113e-02
3.426463318e+02,-5.127646495e-03
3.428606262e+02,-1.257811952e-02
3.430749512e+02,9.838654660e-03
3.432892761e+02,-1.071550138e-02
3.435036316e+02,2.705970407e-02
3.437179871e+02,-8.885560557e-03
3.439323730e+02,-3.260943666e-02
3.441467590e+02,1.048403559e-03
3.443611450e+02,-1.764313504e-02
3.445755615e+02,-7.970590144e-03
3.447899780e+02,-1.584587060e-02
3.450044250e+02,-4.147320986e-03
3.452188721e+02,3.009054344e-03
3.454333191e+02,3.368507139e-03
3.456477661e+02,-1.679351926e-02
3.458622742e+02,-1.329702511e-02
3.460767517e+02,2.895499952e-02
3.462912598e+02,-1.631152583e-03
3.465057678e+02,-2.064946480e-02
3.467203064e+02,6.235959008e-04
3.469348450e+02,6.963033695e-03
3.471493835e+02,4.283477552e-03
3.473639526e+02,-4.506773781e-03
3.475785217e+02,1.408673171e-02
3.477931213e+02,-2.970930655e-03
3.480077209e+02,1.790999994e-02
3.482223206e+02,5.002382677e-03
3.484369507e+02,-2.123766020e-02
3.486515808e+02,3.727959702e-03
3.488662109e+02,1.661106944e-04
3.490808716e+02,1.872693934e-02
3.492955627e+02,-1.483286824e-02
3.495102234e+02,8.498876356e-03
3.497249146e+02,-9.245012887e-03
3.499396362e+02,-5.846551619e-03
3.501543579e+02,-4.506773781e-03
3.503690796e+02,-1.827217638e-03
3.505838318e+02,-2.872898011e-03
3.507985840e+02,9.119749069e-03
3.510133362e+02,-6.500102114e-03
3.512281189e+02,2.771325409e-02
3.514429016e+02,1.460957155e-02
3.516577148e+02,-2.401524968e-02
3.518725281e+02,4.147048667e-02
3.520873413e+02,1.496902481e-02
3.523021851e+02,-8.558785543e-03
3.525170288e+02,2.215807699e-02
3.527318726e+02,-6.924910005e-03
3.529467468e+02,-2.088637790e-03
3.531616516e+02,2.552386187e-02
3.533765259e+02,4.348832648e-03
3.535914307e+02,-7.937912829e-03
3.538063660e+02,-2.709510503e-03
3.540213013e+02,1.666825451e-02
3.542362366e+02,3.540064063e-05
3.544512024e+02,-2.350057941e-03
3.546661682e+02,2.849751525e-02
3.548811340e+02,7.616583724e-03
3.550961304e+02,-1.355844550e-02
3.553111267e+02,-2.859010175e-02
3.555261536e+02,2.029545978e-02
3.557411804e+02,-6.630812306e-03
3.559562073e+02,3.300701082e-02
3.561712646e+02,-2.025733516e-02
3.563863220e+02,3.009871393e-02
3.566013794e+02,1.147253066e-02
3.568164673e+02,-2.453809045e-02
3.570315857e+02,4.446865059e-03
3.572466736e+02,4.642929882e-03
3.574617920e+02,1.889032684e-02
3.576769409e+02,-4.539451096e-03
3.578920898e+02,5.231125280e-03
3.581072388e+02,-4.049288575e-03
3.583223877e+02,3.022942320e-02
3.585375671e+02,4.245081171e-02
3.587527771e+02,-7.480427623e-03
3.589679871e+02,-1.329702511e-02
3.591831970e+02,9.830485797e-04
3.593984070e+02,-1.888488047e-02
3.596136475e+02,-1.239022356e-03
3.598289185e+02,1.701953821e-03
3.600441589e+02,1.313908398e-02
3.602594299e+02,2.126761479e-03
3.604747314e+02,1.820409857e-02
3.606900330e+02,8.564231917e-03
3.609053345e+02,3.506569564e-02
3.611206665e+02,-1.352576725e-02
3.613359985e+02,-9.048948064e-03
3.615513306e+02,-8.624140173e-03
3.617666931e+02,6.309483200e-03
3.619820557e+02,-3.032200970e-02
3.621974487e+02,9.087071754e-03
3.624128418e+02,1.911906898e-02
3.626282349e+02,1.101504546e-02
3.628436584e+02,7.543059182e-04
3.630590820e+02,-2.136837132e-02
3.632745056e+02,3.928109631e-02
3.634899597e+02,7.485873997e-03
3.637054443e+02,3.989379853e-03
3.639208984e+02,-9.146980941e-03
3.641363831e+02,9.740621783e-03
3.643518982e+02,-1.450609323e-02
3.645674133e+02,-1.904826798e-02
3.647829285e+02,2.705970407e-02
3.649984436e+02,5.477023497e-02
3.652139893e+02,1.313908398e-02
3.654295654e+02,-3.624480916e-03
3.656451111e+02,-2.453809045e-02
3.658607178e+02,-1.606644364e-04
3.660762939e+02,-3.559125820e-03
3.662919006e+02,1.072094776e-02
3.665075073e+02,2.594866976e-02
3.667231445e+02,4.398665577e-02
3.669387817e+02,6.889509386e-04
3.671544495e+02,-2.545306087e-02
3.673700867e+02,-1.728368178e-02
3.675857849e+02,2.159439027e-03
3.678014526e+02,3.379127383e-02
3.680171509e+02,9.054394439e-03
3.682328796e+02,-1.578051597e-02
3.684485779e+02,2.451085858e-02
3.686643066e+02,2.968207409e-04
3.688800659e+02,3.540064063e-05
3.690958252e+02,-1.248008758e-02
3.693115845e+02,2.264823951e-02
3.695273743e+02,5.326706916e-02
3.697431641e+02,2.003403939e-02
3.699589539e+02,-1.587854885e-02
3.701747742e+02,2.189665660e-02
3.703906250e+02,-9.996595792e-03
3.706064453e+02,5.786642898e-03
3.708222961e+02,-4.931581672e-03
3.710381775e+02,5.557900295e-03
3.712540283e+02,8.689223230e-02
3.714699097e+02,-8.035945706e-03
3.716858215e+02,-1.486554556e-02
3.719017334e+02,5.535843223e-02
3.721176453e+02,1.421744190e-02
3.723335876e+02,-2.219347749e-03
3.725495300e+02,-1.457144786e-02
3.727654724e+02,-1.532303076e-02
3.729814453e+02,1.830213144e-02
3.731974182e+02,-1.042140368e-02
3.734134216e+02,-7.022942416e-03
3.736294250e+02,4.806317855e-03
3.738454285e+02,3.970590234e-02
3.740614624e+02,-1.238205470e-02
3.742774963e+02,3.597249743e-03
3.744935608e+02,7.616583724e-03
3.747096252e+02,-8.820205927e-03
3.749256897e+02,-2.715229057e-02
3.751417847e+02,-2.061678842e-02
3.753578796e+02,9.805977345e-03
3.755739746e+02,2.150452696e-02
3.757901001e+02,-1.411396265e-02
3.760062256e+02,-9.375723079e-03
3.762223816e+02,9.185104631e-03
3.764385376e+02,4.516304657e-02
3.766546936e+02,-2.149908058e-02
3.768708801e+02,2.522976324e-02
3.770870667e+02,-1.434270572e-02
3.773032837e+02,-4.245353863e-03
3.775194702e+02,-5.487099290e-03
3.777357178e+02,-1.277418435e-02
3.779519348e+02,2.241949737e-02
3.781681824e+02,3.111171536e-02
3.783844604e+02,-1.548641827e-02
3.786007385e+02,-1.836203970e-02
3.788170166e+02,-1.051943656e-02
3.790332947e+02,6.231874228e-02
3.792496033e+02,-2.009394765e-02
3.794659424e+02,3.558853641e-02
3.796822510e+02,-8.297365159e-03
3.798986206e+02,1.235482376e-02
3.801149597e+02,-3.025665507e-02
3.803313293e+02,-2.401524968e-02
3.805476990e+02,4.348832648e-03
3.807640991e+02,-9.898563847e-03
3.809804993e+02,-8.199333213e-03
3.811968994e+02,-2.015930228e-02
3.814133301e+02,-2.840220463e-03
3.816297607e+02,3.760637250e-03
3.818462219e+02,-8.142146980e-04
3.820626831e+02,7.551228628e-03
3.822791443e+02,5.165770184e-03
3.824956360e+02,4.928858252e-04
3.827121277e+02,-1.653209887e-02
3.829286194e+02,-6.826877128e-03
3.831451416e+02,4.859418795e-02
3.833616638e+02,5.624072254e-02
3.835782166e+02,-1.470215805e-02
3.837947693e+02,-2.211995423e-02
3.840113220e+02,1.496902481e-02
3.842279053e+02,1.039417274e-02
3.844444885e+02,-8.362720720e-03
3.846610718e+02,-2.470147796e-02
3.848776855e+02,3.575192392e-02
3.850943298e+02,9.830485797e-04
3.853109436e+02,1.003471948e-02
3.855275879e+02,1.758322492e-02
3.857442627e+02,-4.735516384e-03
3.859609070e+02,3.454285488e-02
3.861776123e+02,-1.584587060e-02
3.863942871e+02,-8.199333213e-03
3.866109924e+02,1.830213144e-02
3.868276978e+02,-1.257811952e-02
3.870444336e+02,-2.970930655e-03
3.872611694e+02,-7.219007239e-03
3.874779358e+02,-1.794540090e-03
3.876947021e+02,2.261556312e-02
3.879114685e+02,-2.113962919e-02
3.881282349e+02,-1.218598988e-02
3.883450317e+02,-5.781196989e-03
3.885618591e+02,1.160324086e-02
3.887786560e+02,-3.385118023e-02
3.889955139e+02,-1.770848967e-02
3.892123413e+02,2.532779612e-02
3.894291992e+02,1.467492711e-02
3.896460571e+02,1.506705675e-02
3.898629456e+02,-4.408741370e-03
3.900798340e+02,-1.097692177e-02
3.902967224e+02,-1.925250166e-03
3.905136414e+02,1.320443861e-02
3.907305603e+02,-1.238205470e-02
3.909475098e+02,1.643951237e-02
3.911644592e+02,8.662263863e-03
3.913814087e+02,4.173190892e-02
3.915983887e+02,-2.094356343e-02
3.918153687e+02,1.634147950e-02
3.920323486e+02,-6.532779429e-03
3.922493591e+02,1.362924650e-02
3.924663696e+02,5.165770184e-03
3.926834106e+02,4.522840306e-02
3.929004517e+02,3.205119399e-03
3.931174927e+02,-2.832868136e-02
3.933345642e+02,4.682959989e-02
3.935516357e+02,6.767785549e-02
3.937687073e+02,-9.996595792e-03
3.939858093e+02,3.758186474e-02
3.942029114e+02,-3.032200970e-02
3.944200439e+02,8.825652301e-03
3.946371765e+02,2.313840203e-02
3.948543091e+02,1.075362507e-02
3.950714722e+02,5.133092869e-03
3.952886353e+02,3.433862003e-03
3.955058289e+02,-4.506773781e-03
3.957230225e+02,2.028729068e-03
3.959402161e+02,-2.718496881e-02
3.961574402e+02,5.104500055e-02
3.963746643e+02,-5.879229400e-03
3.965918884e+02,-1.372183301e-02
3.968091431e+02,-2.381918393e-02
3.970263977e+02,4.241813719e-02
3.972436829e+02,-8.493430912e-03
3.974609375e+02,-1.571516134e-02
3.976782532e+02,-2.417863719e-02
3.978955383e+02,4.904350266e-03
3.981128845e+02,3.686295822e-02
3.983302002e+02,-1.627067849e-02
3.985475464e+02,4.120090045e-03
3.987648926e+02,3.683027998e-02
3.989822693e+02,2.150452696e-02
3.991996155e+02,9.087071754e-03
3.994170227e+02,-2.071482129e-02
3.996343994e+02,1.222411357e-02
3.998518372e+02,-7.676492445e-03
4.000692444e+02,-3.231533617e-02
4.002866821e+02,-3.381850198e-02
4.005041199e+02,9.479202330e-03
4.007215881e+02,1.333514880e-02
4.009390564e+02,-1.519232057e-02
4.011565247e+02,2.689631656e-02
4.013740234e+02,-8.068623021e-03
4.015915222e+02,8.596909232e-03
4.018090210e+02,3.437946737e-02
4.020265503e+02,-1.966913976e-02
4.022440796e+02,3.535979241e-02
4.024616394e+02,-6.107972004e-03
4.026791992e+02,-1.306828205e-02
4.028967590e+02,-8.526108228e-03
4.031143494e+02,-1.264347509e-02
4.033319397e+02,-3.240520018e-04
4.035495605e+02,-5.323711783e-03
4.037671814e+02,-7.488597184e-04
4.039848022e+02,6.153448299e-02
4.042024231e+02,-1.698958315e-02
4.044200745e+02,-1.078085601e-02
4.046377563e+02,8.302811533e-03
4.048554382e+02,-5.911906715e-03
4.050731201e+02,-3.199673258e-03
4.052908020e+02,-6.892232224e-03
4.055085144e+02,-1.228402182e-02
4.057262268e+02,-5.127646495e-03
4.059439697e+02,-8.820205927e-03
4.061617126e+02,2.460889146e-02
4.063794556e+02,-1.623800211e-02
4.065972290e+02,1.526312251e-02
4.068150024e+02,-1.636871137e-02
4.070328064e+02,-1.862346008e-02
4.072506104e+02,3.156920150e-02
4.074684143e+02,6.091360748e-02
4.076862488e+02,-2.532234974e-02
4.079040833e+02,-9.048948064e-03
4.081219177e+02,-5.911906715e-03
4.083397827e+02,-4.506773781e-03
4.085576477e+02,-3.493770957e-03
4.087755432e+02,-5.846551619e-03
4.089934387e+02,6.215535477e-02
4.092113342e+02,2.943699481e-03
4.094292603e+02,5.427190568e-03
4.096471863e+02,-1.548641827e-02
4.098651123e+02,1.375995670e-02
4.100830688e+02,1.487099193e-02
4.103010254e+02,-6.042616908e-03
4.105189819e+02,-2.849206887e-02
4.107369690e+02,-9.637143463e-03
4.109549866e+02,3.392198309e-02
4.111729736e+02,1.701953821e-03
4.113909912e+02,-2.317380393e-03
4.116090393e+02,-1.304377452e-03
4.118270874e+02,1.539383177e-02
4.120451355e+02,-2.401524968e-02
4.122631836e+02,8.172101341e-03
4.124812622e+02,7.779971231e-03
4.126993713e+02,-1.663830131e-03
4.129174500e+02,2.584246686e-03
4.131355591e+02,-2.166246809e-02
4.133536987e+02,1.211791183e-03
4.135718079e+02,2.725576982e-02
4.137899780e+02,-7.839879952e-03
4.140081177e+02,-9.833208285e-03
4.142262878e+02,1.526312251e-02
4.144444580e+02,-1.444073766e-02
4.146626587e+02,3.531894647e-03
4.148808594e+02,-1.649942063e-02
4.150990906e+02,1.862890646e-02
4.153172913e+02,1.565525308e-02
4.155355225e+02,4.283477552e-03
4.157537842e+02,8.629586548e-03
4.159720459e+02,9.838654660e-03
4.161903076e+02,-2.676832955e-03
4.164085999e+02,-7.513104938e-03
4.166268921e+02,-2.466879971e-02
4.168451843e+02,4.130709916e-02
4.170635071e+02,-9.114303626e-03
4.172818298e+02,-7.643815130e-03
4.175001831e+02,1.104772277e-02
4.177185364e+02,6.930355914e-03
4.179368896e+02,1.585131697e-02
4.181552734e+02,-3.025665507e-02
4.183736572e+02,-1.271699904e-03
4.185920410e+02,1.277963072e-02
4.188104553e+02,1.970726438e-02
4.190288696e+02,2.147185057e-02
4.192473145e+02,-2.372115105e-02
4.194657288e+02,2.911021933e-03
4.196842041e+02,-1.493090112e-02
4.199026489e+02,2.990264818e-02
4.201211243e+02,-2.280618064e-02
4.203396301e+02,1.457689423e-02
4.205581360e+02,1.094968989e-02
4.207766418e+02,-2.934168465e-02
4.209951477e+02,-1.277418435e-02
4.212136841e+02,-1.365647744e-02
4.214322205e+02,-6.508271326e-04
4.216507874e+02,1.902103610e-02
4.218693542e+02,-1.270882972e-02
4.220879211e+02,7.820001245e-02
4.223065186e+02,3.531894647e-03
4.225251160e+02,1.549186464e-02
4.227437439e+02,-7.545782719e-03
4.229623718e+02,1.924977824e-02
4.231809998e+02,5.002382677e-03
4.233996277e+02,2.444550395e-02
4.236182861e+02,-1.496357843e-02
4.238369751e+02,4.084961489e-02
4.240556641e+02,2.134113945e-02
4.242743530e+02,1.552454196e-02
4.244930420e+02,-1.453877054e-02
4.247117615e+02,6.006399170e-02
4.249304810e+02,5.557900295e-03
4.251492310e+02,-7.905235514e-03
4.253679810e+02,-1.381986495e-02
4.255867310e+02,9.838654660e-03
4.258055115e+02,2.058955655e-02
4.260242920e+02,5.032609403e-02
4.262430725e+02,-1.120566390e-02
4.264618835e+02,-1.381986495e-02
4.266806946e+02,5.255633732e-04
4.268995361e+02,-2.156443521e-02
4.271183777e+02,-1.708761603e-02
4.273372192e+02,4.022057168e-03
4.275560913e+02,4.610252567e-03
4.277749634e+02,2.921641991e-02
4.279938354e+02,-2.483218722e-02
4.282127380e+02,2.849751525e-02
4.284316406e+02,3.918306157e-02
4.286505737e+02,1.938048936e-02
4.288695068e+02,-3.123698011e-02
4.290884399e+02,9.609912522e-03
4.293074036e+02,2.944516391e-02
4.295263672e+02,6.601130217e-02
4.297453308e+02,2.333446778e-02
4.299643250e+02,1.996051520e-03
4.301833191e+02,7.689291239e-02
4.304023438e+02,-1.810061932e-02
4.306213379e+02,-2.947239392e-02
4.308403931e+02,1.764858142e-02
4.310594177e+02,-1.248008758e-02
4.312784729e+02,2.261556312e-02
4.314975586e+02,-2.496289648e-02
4.317166138e+02,1.016542967e-02
4.319357300e+02,-8.166654967e-03
4.321548157e+02,-2.097623982e-02
4.323739319e+02,-2.104159631e-02
4.325930481e+02,-6.369391922e-03
4.328121948e+02,5.753965583e-03
4.330313416e+02,-1.329702511e-02
4.332504883e+02,1.734631369e-03
4.334696655e+02,1.767308917e-03
4.336888428e+02,-5.193001591e-03
4.339080200e+02,-1.757777855e-02
4.341272278e+02,-2.192388847e-02
4.343464355e+02,1.196269318e-02
4.345656738e+02,5.640411377e-02
4.347849121e+02,-2.323098853e-02
4.350041504e+02,-2.953774855e-02
4.352234192e+02,1.062291488e-02
4.354426880e+02,9.078085423e-02
4.356619568e+02,-2.417863719e-02
4.358812561e+02,-2.545306087e-02
4.361005554e+02,-1.533120056e-03
4.363198853e+02,-1.467764960e-03
4.365392151e+02,-1.434270572e-02
4.367585449e+02,-2.404792793e-02
4.369778748e+02,-4.833548795e-03
4.371972351e+02,2.277895063e-02
4.374166260e+02,4.578391835e-02
4.376360168e+02,-1.525767613e-02
4.378554077e+02,9.679351747e-02
4.380747986e+02,1.650486700e-02
4.382942200e+02,-1.198992413e-02
4.385136414e+02,-1.734903641e-02
4.387330933e+02,5.241745338e-02
4.389525452e+02,2.686364017e-02
4.391719971e+02,-8.468922460e-04
4.393914795e+02,-7.251685020e-03
4.396109619e+02,3.075226396e-02
4.398304443e+02,7.191776298e-03
4.400499573e+02,-3.267478943e-02
4.402694702e+02,-3.512560576e-02
4.404890137e+02,5.557900295e-03
4.407085571e+02,-1.300292742e-02
4.409281006e+02,1.143985335e-02
4.411476746e+02,-1.729185111e-03
4.413672485e+02,1.879229397e-02
4.415868225e+02,2.268091775e-02
4.418064270e+02,-1.656477712e-02
4.420260315e+02,1.219143532e-02
4.422456360e+02,1.007556639e-04
4.424652710e+02,5.588127300e-02
4.426849060e+02,-3.326298669e-02
4.429045715e+02,-2.051875554e-02
4.431242371e+02,-1.512696594e-02
4.433439026e+02,-2.023282694e-03
4.435635986e+02,-2.068214305e-02
4.437832947e+02,-8.689495735e-03
4.440029907e+02,1.277146162e-03
4.442227173e+02,-6.173327100e-03
4.444424438e+02,-1.663830131e-03
4.446622009e+02,-1.904826798e-02
4.448819580e+02,1.157056261e-02
4.451017151e+02,-3.820545971e-03
4.453215027e+02,-5.944584496e-03
4.455412903e+02,-7.022942416e-03
4.457610779e+02,-1.555177383e-02
4.459808960e+02,-1.337054884e-03
4.462007141e+02,-3.166995710e-03
4.464205322e+02,6.080740597e-03
4.466403809e+02,1.124378759e-02
4.468602600e+02,1.617809199e-02
4.470801086e+02,-1.659745350e-02
4.472999878e+02,-2.372115105e-02
4.475198669e+02,3.172441851e-03
4.477397766e+02,-8.264687844e-03
4.479596863e+02,-1.983252726e-02
4.481796265e+02,2.568724938e-02
4.483995361e+02,1.010007504e-02
4.486194763e+02,3.111171536e-02
4.488394470e+02,-2.574715763e-02
4.490594177e+02,-2.287153713e-02
4.492793884e+02,2.339982241e-02
4.494993896e+02,-5.617809016e-03
4.497193909e+02,-1.287221722e-02
4.499393921e+02,-1.598475035e-03
4.501594238e+02,5.851997994e-03
4.503794556e+02,3.189597651e-02
4.505994873e+02,2.732112445e-02
4.508195496e+02,4.741779715e-02
4.510396118e+02,-3.297705669e-03
4.512597046e+02,-5.683164112e-03
4.514797974e+02,4.250799771e-03
4.516998901e+02,-4.506773781e-03
4.519200134e+02,-1.337054884e-03
4.521401367e+02,3.212472051e-02
4.523602600e+02,-1.783919893e-02
4.525804138e+02,-1.061746851e-02
4.528005676e+02,1.039417274e-02
4.530207520e+02,-7.480427623e-03
4.532409058e+02,-3.185785189e-02
4.534611206e+02,4.250799771e-03
4.536813049e+02,3.248417005e-02
4.539015198e+02,7.216284284e-04
4.541217346e+02,-5.323711783e-03
4.543419800e+02,-3.722513560e-03
4.545622253e+02,-1.055211388e-02
4.547825012e+02,-4.874395672e-04
4.550027466e+02,-1.591122523e-02
4.552230225e+02,9.609912522e-03
4.554433289e+02,-1.218598988e-02
4.556636353e+02,-5.748519208e-03
4.558839417e+02,-9.963918477e-03
4.561042786e+02,-2.290421352e-02
4.563246155e+02,3.326843306e-02
4.565449524e+02,3.294982598e-04
4.567653198e+02,-1.071550138e-02
4.569856873e+02,-1.578051597e-02
4.572060547e+02,1.987065189e-02
4.574264526e+02,-1.100959908e-02
4.576468506e+02,-1.189189218e-02
4.578672791e+02,2.660221979e-02
4.580877075e+02,-1.225134451e-02
4.583081360e+02,7.387841120e-03
4.585285645e+02,-4.376063589e-03
4.587490234e+02,-1.476751268e-02
4.589695129e+02,1.196269318e-02
4.591900024e+02,-7.488597184e-04
4.594104919e+02,2.257471671e-03
4.596309814e+02,-1.483286824e-02
4.598515015e+02,3.954251483e-02
4.600720215e+02,-6.630812306e-03
4.602925720e+02,1.585131697e-02
4.605130920e+02,1.407856238e-03
4.607336731e+02,4.241813719e-02
4.609542236e+02,-1.555177383e-02
4.611748047e+02,-2.594322339e-02
4.613954163e+02,3.335829591e-03
4.616159973e+02,2.049152367e-02
4.618366394e+02,-1.643406600e-02
4.620572510e+02,1.330247149e-02
4.622778931e+02,2.232146449e-02
4.624985352e+02,2.964122780e-02
4.627192078e+02,3.621757787e-04
4.629398499e+02,1.408673171e-02
4.631605530e+02,2.290148987e-03
4.633812256e+02,1.748519391e-02
4.636019287e+02,-2.646606229e-02
4.638226624e+02,-1.133637410e-02
4.640433655e+02,-6.728844717e-03
4.642641296e+02,3.947715834e-02
4.644848633e+02,-1.453877054e-02
4.647056274e+02,-3.326298669e-02
4.649263916e+02,-1.794540090e-03
4.651471863e+02,-5.356389098e-03
4.653679504e+02,-2.368847467e-02
4.655887756e+02,-1.999591477e-02
4.658095703e+02,6.146095693e-03
4.660303955e+02,7.878003642e-03
4.662512512e+02,-4.768193699e-03
4.664720764e+02,1.869426109e-02
4.666929626e+02,-7.905235514e-03
4.669138184e+02,3.454285488e-02
4.671347046e+02,-1.310096029e-02
4.673555908e+02,-1.793723181e-02
4.675765076e+02,4.490162805e-02
4.677973938e+02,1.068827044e-02
4.680183411e+02,2.094083931e-03
4.682392578e+02,-1.506161038e-02
4.684602051e+02,-5.748519208e-03
4.686811829e+02,7.943359204e-03
4.689021301e+02,-2.345973253e-02
4.691231384e+02,1.441350672e-02
4.693441162e+02,-1.538838632e-02
4.695651245e+02,9.315814823e-03
4.697861328e+02,1.000204217e-02
4.700071411e+02,-2.365579642e-02
4.702281799e+02,2.137381770e-02
4.704492493e+02,7.518551312e-03
4.706702881e+02,-3.657158464e-03
4.708913574e+02,-9.048948064e-03
4.711124573e+02,-5.029614083e-03
4.713335266e+02,2.199468948e-02
4.715546265e+02,-6.173327100e-03
4.717757568e+02,3.196133301e-02
4.719968872e+02,9.805977345e-03
4.722180176e+02,3.026210144e-02
4.724391479e+02,2.627544478e-02
4.726603088e+02,-2.448090352e-03
4.728814697e+02,3.924024757e-03
4.731026611e+02,-9.539110586e-03
4.733238525e+02,-3.159643337e-02
4.735450439e+02,-9.604466148e-03
4.737662659e+02,-9.408400394e-03
4.739874878e+02,-1.195724681e-02
4.742087097e+02,-1.215331163e-02
4.744299622e+02,-3.381850198e-02
4.746512146e+02,-6.467424799e-03
4.748724976e+02,1.513241231e-02
4.750937805e+02,-2.774048597e-02
4.753150635e+02,-1.287221722e-02
4.755363464e+02,3.793314798e-03
4.757576599e+02,1.166859549e-02
4.759790039e+02,-4.768193699e-03
4.762003174e+02,-1.731636003e-02
4.764216614e+02,-7.447749842e-03
4.766430359e+02,-7.676492445e-03
4.768643799e+02,3.695282154e-03
4.770857544e+02,-6.598134525e-03
4.773071594e+02,2.990264818e-02
4.775285645e+02,2.159439027e-03
4.777499695e+02,-4.016611259e-03
4.779714050e+02,2.415140532e-02
4.781928101e+02,-6.304036826e-03
4.784142761e+02,-5.160324275e-03
4.786357117e+02,-3.240520018e-04
4.788571777e+02,-9.996595792e-03
4.790786743e+02,1.301245838e-01
4.793001404e+02,1.166859549e-02
4.795216370e+02,-1.813329756e-02
4.797431641e+02,1.146436087e-03
4.799646912e+02,-4.408741370e-03
4.801862183e+02,-1.453877054e-02
4.804077454e+02,-1.780652255e-02
4.806293030e+02,-1.421199553e-02
4.808508606e+02,-6.892232224e-03
4.810724487e+02,-9.530941315e-05
4.812940369e+02,-1.705493964e-02
4.815156250e+02,2.126761479e-03
4.817372437e+02,3.621757787e-04
4.819588623e+02,-1.293757278e-02
4.821804810e+02,-3.983933479e-03
4.824021301e+02,-2.692354843e-02
4.826237793e+02,1.588399522e-02
4.828454590e+02,1.993600652e-02
4.830671082e+02,4.544897471e-03
4.832888184e+02,-1.744706929e-02
4.835104980e+02,1.375178690e-03
4.837322083e+02,4.571856558e-02
4.839539185e+02,-1.617264561e-02
4.841756592e+02,2.300769277e-02
4.843973999e+02,6.995711010e-03
4.846191406e+02,2.402069606e-02
4.848409119e+02,-1.270882972e-02
4.850626831e+02,-1.189189218e-02
4.852844543e+02,-1.271699904e-03
4.855062561e+02,3.241881728e-02
4.857280579e+02,-2.241405100e-02
4.859498901e+02,1.049220469e-02
4.861717224e+02,8.825652301e-03
4.863935547e+02,-8.297365159e-03
4.866154175e+02,-9.963918477e-03
4.868372498e+02,-2.336169966e-02
4.870591431e+02,1.015726011e-03
4.872810059e+02,-3.101640614e-03
4.875028992e+02,3.294165805e-02
4.877248230e+02,-1.522499789e-02
4.879467163e+02,3.578460217e-02
4.881686707e+02,3.571924567e-02
4.883905945e+02,-2.649874054e-02
4.886125488e+02,-2.277350426e-02
4.888345032e+02,1.255088858e-02
4.890564575e+02,4.300633073e-02
4.892784424e+02,4.250799771e-03
4.895004578e+02,-5.258356687e-03
4.897224426e+02,-9.833208285e-03
4.899444580e+02,-5.911906715e-03
4.901664734e+02,2.277895063e-02
4.903885193e+02,-1.035604905e-02
4.906105652e+02,-7.186329924e-03
4.908326111e+02,2.428211644e-02
4.910546875e+02,2.320375852e-02
4.912767639e+02,-1.944039762e-02
4.914988708e+02,1.964190975e-02
4.917209778e+02,4.114371166e-02
4.919430847e+02,-1.480019093e-02
4.921651917e+02,-1.630335674e-02
4.923873291e+02,-4.874395672e-04
4.926094666e+02,1.108040009e-02
4.928316345e+02,-1.509428862e-02
4.930538025e+02,-2.029001340e-02
4.932759705e+02,-1.042140368e-02
4.934981689e+02,-2.317380393e-03
4.937203674e+02,-2.594322339e-02
4.939425659e+02,1.284498628e-02
4.941647949e+02,-9.963918477e-03
4.943870239e+02,-5.291034002e-03
4.946092834e+02,-1.803526469e-02
4.948315125e+02,-1.283953991e-02
4.950538025e+02,3.760637250e-03
4.952760620e+02,-1.761862659e-03
4.954983521e+02,-2.630267479e-02
4.957206421e+02,5.002382677e-03
4.959429626e+02,-5.323711783e-03
4.961652832e+02,3.964054585e-02
4.963876038e+02,-8.101300336e-03
4.966099548e+02,6.832323503e-03
4.968323059e+02,-1.359112281e-02
4.970546570e+02,3.727959702e-03
4.972770386e+02,-1.297025010e-02
4.974994202e+02,6.440193392e-03
4.977218018e+02,1.643951237e-02
4.979442139e+02,-4.343386274e-03
4.981666260e+02,-1.529035345e-02
4.983890686e+02,-7.676492445e-03
4.986115112e+02,1.987065189e-02
4.988339539e+02,-7.807202637e-03
4.990564270e+02,5.909183528e-04
4.992788696e+02,-1.925250166e-03
4.995013733e+02,2.487031184e-02
4.997238464e+02,8.196609560e-04
4.999463501e+02,-2.473415434e-02
5.001688843e+02,-7.905235514e-03
5.003914185e+02,4.055551812e-02
5.006139526e+02,-7.219007239e-03
5.008364868e+02,2.862822451e-02
5.010590515e+02,-5.715841893e-03
5.012816162e+02,-4.376063589e-03
5.015041809e+02,-1.538838632e-02
5.017267761e+02,-1.715297252e-02
5.019493713e+02,1.088433526e-02
5.021719971e+02,2.320375852e-02
5.023946228e+02,-3.461093409e-03
5.026172485e+02,-1.679351926e-02
5.028399048e+02,-2.009394765e-02
5.030625610e+02,6.930355914e-03
5.032852173e+02,1.206072606e-02
5.035079041e+02,1.015726011e-03
5.037305908e+02,-1.816597395e-02
5.039532776e+02,3.271291405e-02
5.041759949e+02,3.431411088e-02
5.043987122e+02,1.768125780e-02
5.046214600e+02,-1.009462867e-02
5.048441772e+02,2.375927567e-02
5.050669556e+02,-2.186670201e-03
5.052897034e+02,-3.918578383e-03
5.055124817e+02,2.294233814e-02
5.057352600e+02,6.930355914e-03
5.059580688e+02,-8.558785543e-03
5.061808777e+02,-1.895023510e-02
5.064036865e+02,-1.404860802e-02
5.066265259e+02,3.535979241e-02
5.068493652e+02,2.322826535e-03
5.070722046e+02,-2.241405100e-02
5.072950745e+02,-2.166246809e-02
5.075179443e+02,3.225542977e-02
5.077408142e+02,3.643815219e-02
5.079637146e+02,7.289808709e-03
5.081866150e+02,-8.820205927e-03
5.084095459e+02,-2.938253107e-03
5.086324768e+02,-4.245353863e-03
5.088554077e+02,-2.350057941e-03
5.090783386e+02,-5.911906715e-03
5.093013000e+02,-1.304377452e-03
5.095242920e+02,-6.990264636e-03
5.097472534e+02,-1.440806035e-02
5.099702454e+02,-1.435087528e-03
5.101932373e+02,8.564231917e-03
5.104162598e+02,-1.287221722e-02
5.106392822e+02,-2.823064849e-02
5.108623352e+02,-1.827217638e-03
5.110853577e+02,-3.395738313e-03
5.113084106e+02,-1.411396265e-02
5.115314941e+02,2.980461530e-02
5.117545776e+02,-2.466879971e-02
5.119776611e+02,-4.964258987e-03
5.122007446e+02,-3.722513560e-03
5.124238892e+02,-3.175982088e-02
5.126469727e+02,-8.199333213e-03
5.128701172e+02,5.329157691e-03
5.130932617e+02,-6.892232224e-03
5.133164062e+02,-1.463680342e-02
5.135395508e+02,-1.192456950e-02
5.137627563e+02,1.244468614e-03
5.139859619e+02,1.987065189e-02
5.142091064e+02,-1.355844550e-02
5.144323120e+02,-7.488597184e-04
5.146555786e+02,-1.323166955e-02
5.148787842e+02,5.104500055e-02
5.151019897e+02,1.866158284e-02
5.153252563e+02,-9.310368448e-03
5.155485229e+02,1.202804781e-02
5.157717896e+02,1.755054854e-02
5.159950562e+02,-8.068623021e-03
5.162183838e+02,-7.219007239e-03
5.164416504e+02,1.898018876e-03
5.166649780e+02,-1.927701011e-02
5.168883057e+02,-2.185853384e-02
5.171116333e+02,1.741983742e-02
5.173350220e+02,4.610252567e-03
5.175583496e+02,5.459867883e-03
5.177817383e+02,7.061066106e-03
5.180051270e+02,-1.055211388e-02
5.182285156e+02,1.647219062e-02
5.184519043e+02,-2.378650755e-02
5.186752930e+02,-1.696507563e-03
5.188987427e+02,-1.123834122e-02
5.191221313e+02,6.963033695e-03
5.193455811e+02,-2.355776355e-02
5.195690308e+02,-2.872081101e-02
5.197925415e+02,1.558989752e-02
5.200159912e+02,-1.032337081e-02
5.202395020e+02,-2.813261561e-02
5.204629517e+02,-2.349240892e-02
5.206864624e+02,2.065491118e-02
5.209099731e+02,6.889509386e-04
5.211335449e+02,-1.747974753e-02
5.213570557e+02,6.832323503e-03
5.215806274e+02,-6.500102114e-03
5.218041992e+02,1.571243745e-03
5.220277710e+02,-2.300224639e-02
5.222513428e+02,-8.885560557e-03
5.224749146e+02,-5.683164112e-03
5.226985474e+02,-1.337054884e-03
5.229221191e+02,-2.247940563e-02
5.231457520e+02,-1.901558973e-02
5.233693848e+02,1.039417274e-02
5.235930176e+02,-1.496357843e-02
5.238167114e+02,-1.254544221e-02
5.240403442e+02,-1.271699904e-03
5.242640381e+02,-5.854720948e-04
5.244877319e+02,2.813806199e-02
5.247114258e+02,-1.336237974e-02
5.249351196e+02,2.722309157e-02
5.251588745e+02,-1.515964326e-02
5.253826294e+02,7.943359204e-03
5.256063232e+02,4.275308165e-04
5.258300781e+02,-1.107495371e-02
5.260538330e+02,2.905303240e-02
5.262776489e+02,2.078562230e-02
5.265014038e+02,-4.114643671e-03
5.267252197e+02,-2.513445448e-03
5.269490356e+02,2.379195392e-02
5.271728516e+02,-1.728368178e-02
5.273966675e+02,-2.362312004e-02
5.276204834e+02,6.143644825e-02
5.278443604e+02,-4.376063589e-03
5.280682373e+02,7.028388791e-03
5.282921143e+02,3.803934902e-02
5.285159912e+02,-1.872149296e-02
5.287398682e+02,2.764789946e-02
5.289637451e+02,-6.402069703e-03
5.291876831e+02,-3.156375512e-02
5.294116211e+02,-1.990605146e-03
5.296355591e+02,6.211450789e-03
5.298594971e+02,-1.721832715e-02
5.300834351e+02,-8.591462858e-03
5.303074341e+02,-3.692286834e-02
5.305313721e+02,-6.075294223e-03
5.307553711e+02,-2.676832955e-03
5.309793701e+02,6.701613311e-03
5.312033691e+02,-2.986452356e-02
5.314274292e+02,6.767785549e-02
5.316514282e+02,-1.966913976e-02
5.318754883e+02,-3.951256163e-03
5.320995483e+02,-1.457144786e-02
5.323236084e+02,3.013139032e-02
5.325476685e+02,4.823473468e-02
5.327717285e+02,2.702702768e-02
5.329958496e+02,-9.530941315e-05
5.332199707e+02,1.111307740e-02
5.334440308e+02,3.784328327e-02
5.336682129e+02,-1.738171466e-02
5.338923340e+02,-1.983252726e-02
5.341164551e+02,3.817005828e-02
5.343406372e+02,6.472870708e-03
5.345648193e+02,-1.078085601e-02
5.347890015e+02,1.049220469e-02
5.350131836e+02,9.642589837e-03
5.352373657e+02,1.211791183e-03
5.354616089e+02,-1.261079684e-02
5.356857910e+02,2.284430526e-02
5.359100342e+02,-8.362720720e-03
5.361342773e+02,-1.173667377e-03
5.363585205e+02,3.241881728e-02
5.365828247e+02,-2.995438808e-05
5.368070679e+02,-2.480767900e-03
5.370313721e+02,-7.251685020e-03
5.372556763e+02,-1.979985088e-02
5.374799805e+02,-3.329566494e-02
5.377042847e+02,1.987882133e-04
5.379285889e+02,1.375995670e-02
5.381529541e+02,-1.019266155e-02
5.383773193e+02,-3.071413934e-02
5.386016846e+02,1.545918733e-02
5.388260498e+02,1.277146162e-03
5.390504150e+02,5.035060458e-03
5.392747803e+02,1.398869883e-02
5.394992065e+02,-1.500442508e-03
5.397236328e+02,-3.330383217e-03
5.399480591e+02,3.727959702e-03
5.401724854e+02,-2.146640420e-02
5.403969116e+02,-3.232350806e-03
5.406213989e+02,2.689631656e-02
5.408458252e+02,-2.064946480e-02
5.410703125e+02,-2.100891806e-02
5.412947998e+02,2.052420191e-02
5.415192871e+02,1.277146162e-03
5.417438354e+02,-1.515964326e-02
5.419683228e+02,-1.493090112e-02
5.421928711e+02,1.219143532e-02
5.424174194e+02,1.140717510e-02
5.426419678e+02,-6.663489621e-03
5.428665161e+02,-5.062291399e-03
5.430910645e+02,6.407515611e-03
5.433156738e+02,1.699502952e-02
5.435402832e+02,-2.515896223e-02
5.437648315e+02,-2.676832955e-03
5.439895020e+02,-1.467764960e-03
5.442141113e+02,2.061406383e-03
5.444387207e+02,-1.496357843e-02
5.446633911e+02,9.348492138e-03
5.448880615e+02,1.117843296e-02
5.451127319e+02,-6.892232224e-03
5.453374023e+02,-1.914630085e-02
5.455620728e+02,-5.029614083e-03
5.457867432e+02,4.356184974e-02
5.460114746e+02,-5.160324275e-03
5.462362061e+02,-1.957110688e-02
5.464609375e+02,-8.264687844e-03
5.466856689e+02,-4.637483973e-03
5.469104004e+02,-2.323098853e-02
5.471351929e+02,-1.352576725e-02
5.473599243e+02,-1.336237974e-02
5.475847168e+02,7.159098517e-03
5.478095093e+02,-1.914630085e-02
5.480343018e+02,-2.551841550e-02
5.482591553e+02,2.545850724e-02
5.484839478e+02,-8.068623021e-03
5.487088013e+02,-4.768193699e-03
5.489336548e+02,-1.542106364e-02
5.491585083e+02,-3.015862219e-02
5.493833618e+02,-2.513445448e-03
5.496082764e+02,5.369187891e-02
5.498331299e+02,2.016474865e-02
5.500580444e+02,-2.764245309e-02
5.502829590e+02,1.970726438e-02
5.505078735e+02,1.692967489e-02
5.507327881e+02,5.688610487e-03
5.509577637e+02,-1.388522051e-02
5.511826782e+02,-7.153652608e-03
5.514076538e+02,1.516508963e-02
5.516326294e+02,-8.395398036e-03
5.518576050e+02,-2.976649255e-02
5.520825806e+02,-8.101300336e-03
5.523076172e+02,-5.193001591e-03
5.525325928e+02,-1.878684759e-02
5.527576294e+02,2.845666837e-03
5.529826660e+02,1.987882133e-04
5.532077026e+02,-1.074817870e-02
5.534328003e+02,-4.547620774e-04
5.536578369e+02,6.440193392e-03
5.538829346e+02,1.764858142e-02
5.541080322e+02,4.152767360e-03
5.543331299e+02,-2.195656672e-02
5.545582275e+02,-1.326434780e-02
5.547833252e+02,1.375995670e-02
5.550084839e+02,2.434747107e-02
5.552335815e+02,-2.225066349e-02
5.554587402e+02,-2.715229057e-02
5.556838989e+02,3.137313575e-02
5.559091187e+02,5.688610487e-03
5.561342773e+02,3.183062002e-02
5.563594971e+02,-2.672748268e-02
5.565846558e+02,5.263803061e-03
5.568098755e+02,1.983797364e-02
5.570350952e+02,1.196269318e-02
5.572603760e+02,-1.770848967e-02
5.574855957e+02,1.143985335e-02
5.577108765e+02,-7.153652608e-03
5.579360962e+02,-2.274082601e-02
5.581613770e+02,-3.440669924e-02
5.583866577e+02,-1.108312397e-03
5.586119995e+02,-1.140989829e-03
5.588372803e+02,-1.336237974e-02
5.590626221e+02,-3.450473025e-02
5.592879028e+02,-6.508271326e-04
5.595132446e+02,-2.006127127e-02
5.597386475e+02,-6.794199813e-03
5.599639893e+02,-3.983933479e-03
5.601893311e+02,5.394512787e-03
5.604147339e+02,4.686227813e-02
5.606401367e+02,5.022806302e-02
5.608655396e+02,2.078562230e-02
5.610909424e+02,2.845666837e-03
5.613163452e+02,4.610252567e-03
5.615418091e+02,-3.559125820e-03
5.617672119e+02,2.121043019e-02
5.619926758e+02,1.666825451e-02
5.622181396e+02,-1.499625575e-02
5.624436646e+02,-1.447341591e-02
5.626691284e+02,-8.885560557e-03
5.628945923e+02,5.263803061e-03
5.631201172e+02,8.237456903e-03
5.633456421e+02,-4.245353863e-03
5.635711670e+02,1.487099193e-02
5.637966919e+02,2.339982241e-02
5.640222778e+02,1.222411357e-02
5.642478027e+02,-9.146980941e-03
5.644733887e+02,1.712574065e-02
5.646989746e+02,-1.271699904e-03
5.649245605e+02,6.668935996e-03
5.651501465e+02,-1.940771937e-02
5.653757935e+02,4.838995170e-03
5.656013794e+02,-4.220845585e-04
5.658270264e+02,4.104568064e-02
5.660526733e+02,-2.283885889e-02
5.662783203e+02,-2.219347749e-03
5.665039673e+02,8.523385040e-04
5.667296753e+02,1.983797364e-02
5.669553223e+02,1.039417274e-02
5.671810303e+02,-1.274150703e-02
5.674067383e+02,1.980529726e-02
5.676324463e+02,-3.951256163e-03
5.678581543e+02,-1.470215805e-02
5.680839233e+02,3.803934902e-02
5.683096313e+02,-9.669820778e-03
5.685354004e+02,-1.094424445e-02
5.687611694e+02,-1.957110688e-02
5.689869385e+02,8.074069396e-03
5.692127686e+02,2.529511787e-02
5.694385376e+02,1.666825451e-02
5.696643677e+02,1.113758539e-03
5.698901978e+02,-1.225134451e-02
5.701160278e+02,-1.434270572e-02
5.703418579e+02,6.780856103e-02
5.705676880e+02,-2.267547138e-02
5.707935791e+02,5.581591651e-02
5.710194092e+02,-3.657158464e-03
5.712453003e+02,-5.527946050e-04
5.714711914e+02,-1.136905141e-02
5.716970825e+02,-1.110763196e-02
5.719230347e+02,2.290965989e-02
5.721489258e+02,4.843079671e-02
5.723748779e+02,-2.277350426e-02
5.726008301e+02,-1.163047180e-02
5.728267822e+02,-2.807543147e-03
5.730527344e+02,3.856218979e-02
5.732786865e+02,7.216284284e-04
5.735046997e+02,-3.363060765e-03
5.737307129e+02,3.335829591e-03
5.739566650e+02,-2.807543147e-03
5.741826782e+02,-8.918237872e-03
5.744087524e+02,-3.894070396e-04
5.746347656e+02,1.261624321e-02
5.748608398e+02,-2.747906558e-02
5.750868530e+02,-1.015998330e-02
5.753129272e+02,-3.297705669e-03
5.755390015e+02,4.928858252e-04
5.757651367e+02,-4.898903891e-03
5.759912109e+02,-2.166246809e-02
5.762173462e+02,7.216284284e-04
5.764434204e+02,5.296480376e-03
5.766695557e+02,-1.081353426e-02
5.768956909e+02,-1.901558973e-02
5.771218872e+02,5.329157691e-03
5.773480225e+02,-6.500102114e-03
5.775742188e+02,-9.114303626e-03
5.778003540e+02,-1.378718764e-02
5.780265503e+02,-4.735516384e-03
5.782527466e+02,2.552386187e-02
5.784790039e+02,8.531554602e-03
5.787052002e+02,-1.725100353e-02
5.789314575e+02,-8.885560557e-03
5.791577148e+02,-4.506773781e-03
5.793839111e+02,-1.140989829e-03
5.796102295e+02,-1.672816463e-02
5.798364868e+02,8.532371372e-02
5.800627441e+02,-2.546122996e-03
5.802890625e+02,-1.842739433e-02
5.805153809e+02,8.850159938e-04
5.807416992e+02,4.283477552e-03
5.809680176e+02,-9.245012887e-03
5.811943359e+02,-1.470215805e-02
5.814207153e+02,8.858329616e-03
5.816470337e+02,5.895295739e-02
5.818734131e+02,2.333446778e-02
5.820997925e+02,-1.565797487e-03
5.823261719e+02,-1.718564890e-02
5.825526123e+02,4.283477552e-03
5.827789917e+02,-1.695690677e-02
5.830054321e+02,1.333514880e-02
5.832318726e+02,-4.114643671e-03
5.834583130e+02,-8.624140173e-03
5.836847534e+02,-9.212335572e-03
5.839111938e+02,1.271427609e-02
5.841376953e+02,-1.444073766e-02
5.843641357e+02,-4.833548795e-03
5.845906372e+02,1.585131697e-02
5.848171387e+02,-2.332902141e-02
5.850436401e+02,-2.375382930e-02
5.852702026e+02,2.192116575e-03
5.854967041e+02,2.143917233e-02
5.857232666e+02,-1.862346008e-02
5.859498291e+02,-5.127646495e-03
5.861763916e+02,-4.964258987e-03
5.864029541e+02,3.727959702e-03
5.866295166e+02,-8.142146980e-04
5.868561401e+02,-2.881884389e-02
5.870827026e+02,5.133092869e-03
5.873093262e+02,-2.153992886e-03
5.875359497e+02,-2.473415434e-02
5.877625732e+02,-3.323030844e-02
5.879892578e+02,2.551569138e-03
5.882158813e+02,-1.297025010e-02
5.884425659e+02,-1.065014675e-02
5.886692505e+02,5.165770184e-03
5.888959351e+02,2.281162702e-02
5.891226196e+02,-2.774865599e-03
5.893493652e+02,4.467288405e-02
5.895760498e+02,-7.611137815e-03
5.898027954e+02,4.163387418e-02
5.900295410e+02,-2.029001340e-02
5.902562866e+02,3.660153970e-02
5.904830322e+02,-1.019266155e-02
5.907097778e+02,2.126761479e-03
5.909365845e+02,-2.055960242e-03
5.911633911e+02,-2.218530886e-02
5.913901978e+02,-1.365647744e-02
5.916170044e+02,9.503710316e-04
5.918438110e+02,-1.042140368e-02
5.920706177e+02,-2.038804628e-02
5.922974854e+02,-3.038736433e-02
5.925242920e+02,4.248348996e-02
5.927511597e+02,-5.225678906e-03
5.929780273e+02,7.747293916e-03
5.932049561e+02,7.216284284e-04
5.934318237e+02,2.330178954e-02
5.936587524e+02,1.418476366e-02
5.938856201e+02,7.322486024e-03
5.941125488e+02,-4.049288575e-03
5.943394775e+02,8.825652301e-03
5.945664673e+02,2.911021933e-03
5.947933960e+02,-1.533120056e-03
5.950203857e+02,-2.415412804e-03
5.952473145e+02,2.464156784e-02
5.954743042e+02,3.937912732e-02
5.957012939e+02,-1.313363761e-02
5.959283447e+02,-8.003267460e-03
5.961553345e+02,8.956361562e-03
5.963823853e+02,-8.983593434e-03
5.966093750e+02,-1.836203970e-02
5.968364258e+02,9.315814823e-03
5.970634766e+02,-1.075634849e-03
5.972905884e+02,1.820409857e-02
5.975176392e+02,4.250799771e-03
5.977447510e+02,-2.450541221e-02
5.979718018e+02,2.163523808e-02
5.981989136e+02,-1.025801618e-02
5.984260254e+02,-1.568248309e-02
5.986531982e+02,-2.136837132e-02
5.988803101e+02,-1.313363761e-02
5.991074829e+02,-7.186329924e-03
5.993345947e+02,2.604670078e-02
5.995617676e+02,-2.898223139e-02
5.997889404e+02,7.714616600e-03
6.000161743e+02,3.408537060e-02
6.002433472e+02,-1.300292742e-02
6.004705811e+02,9.185104631e-03
6.006977539e+02,-1.473483536e-02
6.009249878e+02,1.568792947e-02
6.011522217e+02,-7.153652608e-03
6.013795166e+02,-1.388522051e-02
6.016067505e+02,9.740621783e-03
6.018340454e+02,-2.415412804e-03
6.020612793e+02,-2.840220463e-03
6.022885742e+02,-1.329702511e-02
6.025158691e+02,9.348492138e-03
6.027432251e+02,6.538225804e-03
6.029705200e+02,1.666825451e-02
6.031978760e+02,4.348832648e-03
6.034251709e+02,2.372659743e-02
6.036525269e+02,-5.944584496e-03
6.038798828e+02,-1.074817870e-02
6.041072998e+02,-1.993056014e-02
6.043346558e+02,6.276805885e-03
6.045620728e+02,1.536115445e-02
6.047894287e+02,-2.094356343e-02
6.050168457e+02,-1.506161038e-02
6.052442627e+02,1.503437944e-02
6.054717407e+02,-9.539110586e-03
6.056991577e+02,1.794267818e-02
6.059266357e+02,1.179113635e-03
6.061540527e+02,7.216284284e-04
6.063815308e+02,-2.970930655e-03
6.066090698e+02,1.830213144e-02
6.068365479e+02,-2.244672924e-02
6.070640259e+02,2.075294405e-02
6.072915649e+02,-5.977261811e-03
6.075191040e+02,5.571788549e-02
6.077465820e+02,-1.535570808e-02
6.079741821e+02,7.218734920e-02
6.082017212e+02,-1.205527969e-02
6.084292603e+02,5.361835472e-03
6.086568604e+02,1.104772277e-02
6.088844604e+02,-1.339505799e-02
6.091119995e+02,-8.558785543e-03
6.093396606e+02,-1.892572618e-03
6.095672607e+02,5.982708186e-03
6.097948608e+02,-1.352576725e-02
6.100225220e+02,5.231125280e-03
6.102501831e+02,5.313635990e-02
6.104777832e+02,2.787664160e-02
6.107055054e+02,-1.872149296e-02
6.109331665e+02,9.021717124e-03
6.111608276e+02,5.179658160e-02
6.113885498e+02,-8.689495735e-03
6.116162720e+02,2.649601782e-03
6.118439331e+02,-6.434747018e-03
6.120716553e+02,1.832663896e-03
6.122994385e+02,-1.444073766e-02
6.125271606e+02,-1.591122523e-02
6.127549438e+02,-1.751242392e-02
6.129826660e+02,9.838654660e-03
6.132104492e+02,2.228878811e-02
6.134382324e+02,2.359588817e-02
6.136660767e+02,-7.382395212e-03
6.138938599e+02,2.931445278e-02
6.141217041e+02,-1.225134451e-02
6.143494873e+02,4.542446882e-02
6.145773315e+02,3.695282154e-03
6.148051758e+02,-1.633603312e-02
6.150330811e+02,2.957587317e-02
6.152609253e+02,2.532779612e-02
6.154887695e+02,6.897678599e-03
6.157166748e+02,-1.300292742e-02
6.159445801e+02,3.650350496e-02
6.161724854e+02,3.977125883e-02
6.164003906e+02,-8.950915188e-03
6.166283569e+02,-1.198992413e-02
6.168562622e+02,-1.633603312e-02
6.170842285e+02,4.152767360e-03
6.173121948e+02,-1.729185111e-03
6.175401611e+02,9.969364852e-03
6.177681274e+02,-5.193001591e-03
6.179961548e+02,4.395397753e-02
6.182241211e+02,2.878344385e-03
6.184521484e+02,1.340050343e-02
6.186801758e+02,-2.061678842e-02
6.189082031e+02,3.526176140e-02
6.191362305e+02,4.381509963e-03
6.193642578e+02,-4.866226576e-03
6.195923462e+02,1.330247149e-02
6.198203735e+02,-1.369732432e-03
6.200484619e+02,5.688610487e-03
6.202765503e+02,1.686432026e-02
6.205046997e+02,1.382531133e-02
6.207327881e+02,4.532643408e-02
6.209608765e+02,7.289808709e-03
6.211890259e+02,1.029613987e-02
6.214171753e+02,-1.042140368e-02
6.216453247e+02,2.104704268e-02
6.218734741e+02,1.621077023e-02
6.221016846e+02,-3.363060765e-03
6.223298340e+02,8.237456903e-03
6.225580444e+02,1.832663896e-03
6.227862549e+02,5.851997994e-03
6.230144653e+02,8.891006932e-03
6.232426758e+02,1.832663896e-03
6.234708862e+02,-8.003267460e-03
6.236991577e+02,1.817142032e-02
6.239273682e+02,-7.219007239e-03
6.241556396e+02,5.917353090e-03
6.243839111e+02,6.297229230e-02
6.246121826e+02,2.490298823e-02
6.248404541e+02,3.891347209e-03
6.250687866e+02,4.794063419e-02
6.252971191e+02,-4.220845585e-04
6.255253906e+02,3.388930485e-02
6.257537231e+02,1.882497035e-02
6.259821167e+02,1.549186464e-02
6.262104492e+02,2.990264818e-02
6.264387817e+02,1.013275236e-02
6.266671753e+02,1.000939459e-01
6.268955688e+02,5.035877228e-02
6.271239624e+02,2.477227896e-02
6.273523560e+02,8.694942109e-03
6.275807495e+02,1.866158284e-02
6.278092041e+02,2.847094834e-02
6.280375977e+02,3.456269391e-03
6.282660522e+02,1.808243804e-02
6.284945068e+02,2.902397327e-02
6.287229614e+02,1.666751504e-02
6.289514160e+02,4.269095138e-02
6.291799316e+02,2.600461431e-02
6.294083862e+02,3.234454989e-02
6.296369019e+02,4.914809391e-02
6.298654175e+02,2.026361413e-02
6.300939331e+02,1.984051429e-02
6.303224487e+02,1.431475487e-02
6.305510254e+02,6.325241178e-02
6.307795410e+02,1.703914627e-02
6.310081177e+02,4.151622579e-02
6.312366943e+02,7.638666779e-02
6.314652710e+02,5.039470643e-02
6.316938477e+02,3.470906615e-02
6.319224854e+02,7.652807515e-03
6.321510620e+02,2.147316933e-02
6.323796997e+02,3.791309148e-02
6.326083374e+02,2.985151298e-02
6.328369751e+02,5.693994090e-02
6.330656128e+02,8.312725462e-03
6.332943115e+02,7.123256475e-02
6.335229492e+02,6.153964624e-02
6.337516479e+02,3.612232581e-02
6.339803467e+02,5.248029530e-02
6.342090454e+02,1.871369593e-02
6.344377441e+02,2.915394492e-02
6.346664429e+02,2.153727040e-02
6.348952026e+02,6.691462547e-02
6.351239624e+02,6.266491115e-02
6.353526611e+02,1.780388318e-02
6.355814819e+02,5.161467940e-02
6.358102417e+02,5.193946138e-02
6.360390015e+02,3.781924397e-02
6.362678223e+02,5.501188338e-02
6.364965820e+02,3.285899758e-02
6.367254028e+02,4.391575977e-02
6.369542236e+02,4.239315540e-02
6.371830444e+02,2.498214133e-02
6.374119263e+02,6.161604822e-02
6.376407471e+02,2.614494599e-02
6.378696289e+02,3.012149408e-02
6.380984497e+02,3.683661669e-02
6.383273315e+02,2.078714222e-02
6.385562744e+02,3.176937252e-02
6.387851562e+02,6.068773940e-02
6.390140381e+02,6.044860929e-02
6.392429810e+02,3.288730606e-02
6.394719238e+02,2.260425501e-02
6.397008667e+02,3.614131361e-02
6.399298096e+02,6.192399189e-02
6.401587524e+02,5.764978752e-02
6.403877563e+02,9.511835128e-02
6.406166992e+02,3.128752857e-02
6.408457031e+02,4.088656232e-02
6.410747070e+02,3.224983439e-02
6.413037109e+02,3.257427365e-02
6.415327148e+02,6.391815841e-02
6.417617798e+02,5.671114102e-02
6.419907837e+02,2.239855379e-02
6.422198486e+02,2.535913326e-02
6.424489136e+02,6.349621713e-02
6.426779785e+02,4.169522598e-02
6.429070435e+02,3.723181039e-02
6.431361694e+02,6.324856728e-02
6.433652344e+02,5.667344108e-02
6.435943604e+02,6.977413595e-02
6.438234863e+02,2.955276705e-02
6.440526123e+02,4.117392749e-02
6.442817383e+02,3.787091747e-02
6.445108643e+02,3.110772371e-02
6.447400513e+02,3.452804685e-02
6.449692383e+02,2.385836653e-02
6.451983643e+02,3.804828227e-02
6.454275513e+02,3.805991262e-02
6.456567993e+02,4.726066068e-02
6.458859863e+02,4.522264376e-02
6.461151733e+02,5.169253796e-02
6.463444214e+02,3.328022361e-02
6.465736694e+02,4.189351946e-02
6.468029175e+02,1.913167723e-02
6.470321655e+02,5.710168555e-02
6.472614136e+02,6.639422476e-02
6.474907227e+02,2.471854165e-02
6.477200317e+02,5.695154890e-02
6.479492798e+02,6.065690145e-02
6.481785889e+02,5.641322583e-02
6.484078979e+02,5.556223914e-02
6.486372681e+02,6.566090137e-02
6.488665771e+02,5.912834778e-02
6.490959473e+02,3.912504390e-02
6.493253174e+02,5.446795374e-02
6.495546265e+02,3.897128999e-02
6.497840576e+02,4.841927066e-02
6.500134277e+02,5.211408809e-02
6.502427979e+02,7.569903135e-02
6.504722290e+02,3.286013007e-02
6.507016602e+02,5.001053214e-02
6.509310303e+02,5.021708831e-02
6.511605225e+02,2.553800307e-02
6.513899536e+02,8.255156130e-02
6.516193848e+02,7.466460764e-02
6.518488770e+02,7.231467217e-02
6.520783081e+02,3.574550897e-02
6.523078003e+02,7.331000268e-02
6.525372925e+02,4.802995175e-02
6.527667847e+02,4.802604392e-02
6.529963379e+02,3.298698738e-02
6.532258301e+02,4.628897458e-02
6.534553833e+02,4.888585582e-02
6.536849365e+02,5.642494932e-02
6.539144897e+02,4.953060672e-02
6.541440430e+02,6.436431408e-02
6.543735962e+02,4.744588211e-02
6.546032104e+02,6.742350757e-02
6.548327637e+02,6.992959976e-02
6.550623779e+02,5.592444912e-02
6.552919922e+02,6.227593124e-02
6.555216064e+02,5.734591559e-02
6.557512817e+02,3.867596760e-02
6.559808960e+02,3.792515770e-02
6.562105713e+02,5.388761684e-02
6.564402466e+02,6.380078197e-02
6.566698608e+02,5.851248652e-02
6.568995972e+02,5.779053271e-02
6.571292725e+02,3.875598311e-02
6.573589478e+02,9.670729190e-02
6.575886841e+02,4.435114563e-02
6.578184204e+02,7.464127988e-02
6.580480957e+02,5.112228543e-02
6.582778931e+02,9.119859338e-02
6.585076294e+02,4.440625012e-02
6.587373657e+02,3.514962643e-02
6.589671631e+02,6.149424240e-02
6.591968994e+02,5.772047117e-02
6.594266968e+02,4.285985231e-02
6.596564941e+02,6.928616017e-02
6.598862915e+02,5.951219425e-02
6.601161499e+02,4.710581526e-02
6.603459473e+02,7.252152264e-02
6.605758057e+02,5.013002828e-02
6.608056641e+02,7.460548729e-02
6.610355225e+02,8.140241355e-02
6.612653809e+02,3.960787132e-02
6.614952393e+02,7.931105047e-02
6.617251587e+02,8.244808763e-02
6.619550171e+02,4.656818137e-02
6.621849365e+02,4.977057502e-02
6.624148560e+02,8.107563853e-02
6.626447754e+02,6.735108048e-02
6.628747559e+02,6.081557646e-02
6.631046753e+02,5.058751628e-02
6.633346558e+02,7.839608192e-02
6.635645752e+02,7.770985365e-02
6.637945557e+02,6.999795884e-02
6.640245361e+02,5.284226313e-02
6.642545776e+02,6.780856103e-02
6.644845581e+02,5.820137635e-02
6.647145386e+02,7.993192226e-02
6.649445801e+02,6.395261735e-02
6.651746216e+02,6.026005745e-02
6.654046631e+02,5.529307574e-02
6.656347046e+02,7.434406877e-02
6.658648071e+02,3.836612403e-02
6.660948486e+02,3.794131801e-02
6.663249512e+02,7.735040039e-02
6.665550537e+02,5.395329744e-02
6.667851562e+02,7.878820598e-02
6.670152588e+02,7.934372872e-02
6.672453613e+02,7.558581233e-02
6.674755249e+02,7.826536894e-02
6.677056274e+02,5.473756045e-02
6.679357910e+02,5.395329744e-02
6.681659546e+02,6.307032704e-02
6.683961182e+02,5.807066336e-02
6.686262817e+02,6.581523269e-02
6.688565063e+02,5.882224813e-02
6.690866699e+02,8.382054418e-02
6.693168945e+02,5.065286905e-02
6.695471191e+02,5.457417294e-02
6.697773438e+02,5.284226313e-02
6.700075684e+02,8.800327033e-02
6.702378540e+02,8.254612237e-02
6.704680786e+02,4.774457216e-02
6.706983643e+02,6.267819554e-02
6.709286499e+02,9.868881106e-02
6.711589355e+02,8.604262024e-02
6.713892212e+02,4.294097796e-02
6.716195679e+02,6.029273570e-02
6.718498535e+02,5.784192309e-02
6.720802002e+02,5.473756045e-02
6.723105469e+02,6.156715751e-02
6.725408936e+02,4.441146553e-02
6.727712402e+02,5.581591651e-02
6.730015869e+02,8.842807263e-02
6.732319336e+02,3.960787132e-02
6.734623413e+02,4.150316492e-02
6.736927490e+02,6.189393252e-02
6.739231567e+02,7.614132762e-02
6.741535645e+02,5.251548812e-02
6.743839722e+02,4.385594651e-02
6.746144409e+02,7.767717540e-02
6.748448486e+02,8.143508434e-02
6.750753174e+02,4.372523725e-02
6.753057861e+02,6.418135762e-02
6.755362549e+02,5.509700999e-02
6.757667236e+02,6.751446426e-02
6.759971924e+02,8.656545728e-02
6.762277222e+02,6.163251400e-02
6.764582520e+02,6.320103258e-02
6.766887817e+02,6.467152387e-02
6.769193115e+02,5.016270652e-02
6.771498413e+02,5.695962906e-02
6.773803711e+02,7.257948071e-02
6.776109619e+02,8.682687581e-02
6.778414917e+02,4.617604986e-02
6.780720825e+02,7.643542439e-02
6.783026733e+02,8.385322243e-02
6.785332642e+02,9.659745544e-02
6.787638550e+02,3.918306157e-02
6.789945068e+02,7.241609693e-02
6.792250977e+02,5.993328243e-02
6.794557495e+02,6.927905232e-02
6.796864014e+02,1.247001141e-01
6.799170532e+02,3.983661160e-02
6.801477051e+02,5.767853558e-02
6.803784180e+02,6.424671412e-02
6.806090698e+02,4.493430629e-02
6.808397827e+02,8.189257234e-02
6.810704956e+02,8.195792884e-02
6.813012085e+02,8.888556063e-02
6.815319214e+02,4.575124383e-02
6.817626343e+02,5.235210061e-02
6.819934082e+02,8.725168556e-02
6.822241821e+02,8.650010079e-02
6.824548950e+02,4.650282487e-02
6.826856689e+02,5.490094796e-02
6.829164429e+02,7.751378417e-02
6.831472778e+02,5.418204144e-02
6.833780518e+02,5.673088878e-02
6.836088867e+02,4.660085961e-02
6.838397217e+02,6.186125800e-02
6.840705566e+02,5.542378500e-02
6.843013916e+02,5.865886062e-02
6.845322266e+02,4.888828471e-02
6.847630615e+02,8.823201060e-02
6.849939575e+02,8.192525059e-02
6.852248535e+02,6.362584233e-02
6.854556885e+02,5.898563564e-02
6.856865845e+02,4.428075254e-02
6.859175415e+02,5.748246983e-02
6.861484375e+02,6.097896397e-02
6.863793335e+02,6.434474885e-02
6.866102905e+02,1.947933882e-01
6.868412476e+02,7.205664366e-02
6.870722046e+02,1.004533991e-01
6.873031616e+02,7.705630362e-02
6.875341187e+02,7.584723085e-02
6.877651367e+02,7.342910022e-02
6.879960938e+02,6.646878272e-02
6.882271118e+02,9.385254234e-02
6.884581299e+02,7.620668411e-02
6.886891479e+02,5.807066336e-02
6.889201660e+02,6.476955861e-02
6.891512451e+02,5.918170139e-02
6.893822632e+02,5.114303157e-02
6.896133423e+02,6.016202644e-02
6.898444214e+02,7.509564608e-02
6.900755005e+02,3.810470551e-02
6.903065796e+02,7.679487765e-02
6.905377197e+02,8.038941026e-02
6.907687988e+02,4.173190892e-02
6.909999390e+02,8.029137552e-02
6.912310181e+02,5.248280987e-02
6.914621582e+02,5.137177557e-02
6.916933594e+02,6.048880145e-02
6.919244995e+02,5.963918567e-02
6.921556396e+02,7.192593068e-02
6.923868408e+02,4.339846224e-02
6.926180420e+02,3.807202727e-02
6.928492432e+02,8.751310408e-02
6.930804443e+02,5.362652242e-02
6.933116455e+02,4.784260318e-02
6.935428467e+02,3.274559230e-02
6.937741089e+02,5.578323826e-02
6.940053711e+02,7.179521769e-02
6.942365723e+02,6.882156432e-02
6.944678345e+02,4.722173139e-02
6.946991577e+02,8.058547229e-02
6.949304199e+02,5.820137635e-02
6.951616821e+02,3.254952654e-02
6.953930054e+02,3.843148053e-02
6.956243286e+02,8.270951360e-02
6.958556519e+02,5.447613820e-02
6.960869751e+02,3.771257401e-02
6.963182983e+02,7.074954361e-02
6.965496826e+02,8.872216940e-02
6.967810059e+02,7.290625572e-02
6.970123901e+02,4.166655242e-02
6.972437744e+02,3.192865476e-02
6.974751587e+02,8.042208105e-02
6.977065430e+02,5.666553229e-02
6.979379272e+02,3.947715834e-02
6.981693726e+02,4.333310574e-02
6.984008179e+02,6.927905232e-02
6.986322021e+02,6.967118382e-02
6.988636475e+02,4.310436547e-02
6.990951538e+02,4.473824054e-02
6.993265991e+02,1.033616960e-01
6.995580444e+02,5.983525142e-02
6.997895508e+02,5.160051584e-02
7.000210571e+02,3.009871393e-02
7.002525635e+02,4.960718751e-02
7.004840698e+02,1.341439188e-01
7.007155762e+02,3.568656743e-02
7.009470825e+02,3.748383000e-02
7.011786499e+02,7.326570898e-02
7.014102173e+02,9.796991199e-02
7.016417847e+02,7.587990910e-02
7.018733521e+02,6.793927401e-02
7.021049194e+02,6.509633362e-02
7.023364868e+02,9.966914356e-02
7.025681152e+02,4.447681829e-02
7.027996826e+02,4.058819637e-02
7.030313110e+02,6.385458261e-02
7.032629395e+02,6.712233275e-02
7.034945679e+02,4.823473468e-02
7.037261963e+02,5.826672912e-02
7.039578857e+02,7.078221440e-02
7.041895142e+02,5.009735003e-02
7.044212036e+02,4.169923067e-02
7.046528931e+02,9.244740754e-02
7.048845825e+02,8.365716040e-02
7.051162720e+02,3.947715834e-02
7.053480225e+02,7.538975030e-02
7.055797119e+02,3.326843306e-02
7.058114624e+02,1.008782089e-01
7.060432129e+02,5.885492638e-02
7.062749634e+02,4.160119966e-02
7.065067139e+02,3.745115548e-02
7.067384644e+02,4.535911232e-02
7.069702759e+02,3.019674495e-02
7.072020264e+02,1.130995974e-01
7.074338379e+02,4.228742421e-02
7.076656494e+02,3.326843306e-02
7.078974609e+02,5.895295739e-02
7.081292725e+02,2.741915733e-02
7.083611450e+02,1.390455514e-01
7.085929565e+02,7.205664366e-02
7.088248291e+02,1.125114039e-01
7.090567017e+02,3.911770880e-02
7.092885742e+02,3.810470551e-02
7.095204468e+02,6.124038249e-02
7.097523193e+02,8.947375417e-02
7.099842529e+02,6.097896397e-02
7.102161255e+02,4.973790050e-02
7.104480591e+02,7.019402087e-02
7.106799927e+02,4.996664077e-02
7.109119263e+02,3.437946737e-02
7.111439209e+02,4.022874311e-02
7.113758545e+02,8.777452260e-02
7.116078491e+02,8.045475930e-02
7.118397827e+02,5.526039749e-02
7.120717773e+02,4.369255900e-02
7.123037720e+02,4.562053084e-02
7.125357666e+02,4.879024997e-02
7.127678223e+02,4.084961489e-02
7.129998169e+02,4.150316492e-02
7.132318726e+02,7.156647742e-02
7.134639282e+02,6.833140552e-02
7.136959839e+02,4.068622738e-02
7.139280396e+02,5.758050084e-02
7.141600952e+02,6.921369582e-02
7.143921509e+02,4.297365248e-02
7.146242676e+02,5.679624155e-02
7.148563843e+02,4.745047167e-02
7.150885010e+02,3.258220479e-02
7.153206177e+02,4.728708416e-02
7.155527344e+02,4.009803385e-02
7.157848511e+02,4.584927484e-02
7.160170288e+02,6.767785549e-02
7.162491455e+02,7.391925901e-02
7.164813232e+02,7.450745255e-02
7.167135010e+02,5.669821054e-02
7.169456787e+02,8.208863437e-02
7.171779175e+02,7.074954361e-02
7.174100952e+02,7.803662866e-02
7.176423340e+02,3.068690933e-02
7.178745117e+02,7.074954361e-02
7.181067505e+02,6.610933691e-02
7.183389893e+02,3.764721751e-02
7.185712891e+02,6.493294239e-02
7.188035278e+02,4.803866893e-02
7.190358276e+02,7.055347413e-02
7.192680664e+02,5.480291322e-02
7.195003662e+02,4.058819637e-02
7.197326660e+02,2.990264818e-02
7.199649658e+02,6.493294239e-02
7.201972656e+02,5.748246983e-02
7.204296265e+02,2.571992576e-02
7.206619873e+02,5.499897897e-02
7.208942871e+02,4.849615321e-02
7.211266479e+02,6.463884562e-02
7.213590088e+02,7.176254690e-02
7.215913696e+02,5.839744210e-02
7.218237915e+02,7.480154932e-02
7.220561523e+02,7.401729375e-02
7.222885742e+02,4.467288405e-02
7.225209961e+02,4.862686247e-02
7.227534180e+02,6.258016080e-02
7.229858398e+02,2.588331327e-02
7.232182617e+02,2.722309157e-02
7.234507446e+02,4.869221896e-02
7.236831665e+02,4.013070837e-02
7.239156494e+02,7.548777759e-02
7.241481323e+02,4.467288405e-02
7.243806152e+02,3.248417005e-02
7.246130981e+02,6.856014580e-02
7.248456421e+02,6.483490765e-02
7.250781250e+02,4.905167222e-02
7.253106689e+02,4.078426212e-02
7.255432129e+02,4.147048667e-02
7.257757568e+02,2.637347765e-02
7.260083008e+02,5.058751628e-02
7.262408447e+02,3.500033915e-02
7.264734497e+02,8.368983865e-02
7.267059937e+02,3.362788633e-02
7.269385986e+02,5.735176057e-02
7.271712036e+02,6.496562064e-02
7.274038086e+02,3.699366748e-02
7.276364136e+02,4.820205644e-02
7.278690796e+02,2.862822451e-02
7.281016846e+02,3.875825554e-02
7.283343506e+02,4.699298739e-02
7.285670166e+02,5.392061919e-02
7.287996826e+02,2.336714603e-02
7.290323486e+02,2.130846120e-02
7.292650146e+02,4.993396252e-02
7.294976807e+02,3.117707185e-02
7.297304077e+02,3.205936402e-02
7.299631348e+02,4.127442464e-02
7.301958618e+02,5.911634490e-02
7.304285889e+02,5.048948154e-02
7.306613159e+02,5.954115465e-02
7.308940430e+02,4.686227813e-02
7.311268311e+02,4.712369666e-02
7.313596191e+02,1.434815209e-02
7.315923462e+02,3.026210144e-02
7.318251343e+02,3.176526725e-02
7.320579834e+02,3.839880228e-02
7.322907715e+02,2.085097693e-02
7.325235596e+02,1.075362507e-02
7.327564087e+02,4.434610903e-02
7.329892578e+02,4.764653742e-02
7.332220459e+02,4.921505973e-02
7.334549561e+02,3.666689247e-02
7.336878052e+02,3.918306157e-02
7.339206543e+02,4.356184974e-02
7.341535645e+02,1.219143532e-02
7.343864136e+02,6.722036749e-02
7.346193237e+02,3.379127383e-02
7.348522339e+02,4.947647825e-02
7.350851440e+02,1.826945320e-02
7.353180542e+02,3.356252983e-02
7.355510254e+02,5.633875728e-02
7.357839355e+02,3.026210144e-02
7.360169067e+02,9.250459261e-03
7.362498779e+02,2.774593234e-02
7.364828491e+02,4.009803385e-02
7.367158203e+02,2.748451196e-02
7.369488525e+02,2.823609486e-02
7.371818237e+02,3.385662660e-02
7.374148560e+02,6.208999828e-02
7.376478882e+02,4.552249983e-02
7.378809204e+02,5.784192309e-02
7.381139526e+02,3.251684830e-02
7.383469849e+02,3.532711416e-02
7.385800171e+02,3.091565147e-02
7.388131104e+02,2.552386187e-02
7.390462036e+02,5.486826971e-02
7.392792358e+02,3.143849224e-02
7.395123291e+02,7.349444926e-02
7.397454834e+02,3.140581399e-02
7.399785767e+02,5.751514807e-02
7.402116699e+02,3.696099296e-02
7.404448242e+02,4.754850641e-02
7.406779785e+02,3.434678912e-02
7.409111328e+02,6.483490765e-02
7.411442871e+02,3.924841806e-02
7.413774414e+02,4.192797467e-02
7.416105957e+02,3.519640490e-02
7.418438110e+02,2.552386187e-02
7.420770264e+02,4.333310574e-02
7.423102417e+02,5.643678829e-02
7.425434570e+02,1.085165795e-02
7.427766724e+02,5.829940736e-02
7.430098877e+02,3.101368435e-02
7.432431030e+02,3.950983658e-02
7.434763794e+02,2.261556312e-02
7.437096558e+02,1.696235314e-02
7.439429321e+02,1.954387687e-02
7.441762085e+02,4.571856558e-02
7.444094849e+02,4.339846224e-02
7.446427612e+02,3.424875811e-02
7.448760986e+02,4.094764963e-02
7.451094360e+02,3.973858058e-02
7.453427124e+02,4.401933402e-02
7.455760498e+02,3.588263318e-02
7.458093872e+02,5.761317909e-02
7.460427856e+02,6.878888607e-02
7.462761230e+02,2.477227896e-02
7.465095215e+02,2.049152367e-02
7.467428589e+02,3.313772380e-02
7.469762573e+02,4.816937819e-02
7.472096558e+02,1.248553302e-02
7.474431152e+02,5.114303157e-02
7.476765137e+02,4.294097796e-02
7.479099121e+02,5.075090379e-02
7.481433716e+02,2.568724938e-02
7.483768311e+02,6.539043039e-02
7.486102905e+02,3.931377083e-02
7.488437500e+02,1.938048936e-02
7.490772095e+02,2.754986659e-02
7.493106689e+02,1.650486700e-02
7.495441895e+02,3.647082672e-02
7.497777100e+02,2.928177640e-02
7.500112305e+02,1.983797364e-02
7.502447510e+02,3.588263318e-02
7.504782715e+02,2.199468948e-02
7.507117920e+02,2.601402439e-02
7.509453125e+02,3.627476469e-02
7.511788940e+02,4.986860976e-02
7.514124756e+02,2.179862559e-02
7.516460571e+02,3.689563647e-02
7.518796387e+02,1.026346255e-02
7.521132202e+02,8.032405376e-02
7.523468018e+02,3.866022080e-02
7.525804443e+02,3.460821137e-02
7.528140259e+02,7.976036519e-03
7.530476685e+02,4.892096296e-02
7.532813110e+02,2.372659743e-02
7.535149536e+02,1.748519391e-02
7.537486572e+02,5.954115465e-02
7.539822998e+02,2.447818033e-02
7.542160034e+02,2.670025267e-02
7.544496460e+02,-3.240520018e-04
7.546833496e+02,2.692899480e-02
7.549170532e+02,6.290693581e-02
7.551507568e+02,2.183130197e-02
7.553845215e+02,1.340050343e-02
7.556182251e+02,1.163591817e-02
7.558519897e+02,3.454285488e-02
7.560857544e+02,8.858329616e-03
7.563194580e+02,7.093743421e-03
7.565532837e+02,1.513241231e-02
7.567870483e+02,3.477159888e-02
7.570208130e+02,5.039145052e-02
7.572546387e+02,5.950030405e-03
7.574884033e+02,6.146095693e-03
7.577222290e+02,3.627476469e-02
7.579560547e+02,2.761522308e-02
7.581898804e+02,4.182993993e-02
7.584237671e+02,2.355504083e-03
7.586575928e+02,2.643883228e-02
7.588914795e+02,2.062223479e-02
7.591253052e+02,3.192865476e-02
7.593591919e+02,-2.709510503e-03
7.595930786e+02,1.464224886e-02
7.598269653e+02,3.366056085e-02
7.600609131e+02,1.196269318e-02
7.602947998e+02,3.303152043e-03
7.605287476e+02,1.898018876e-03
7.607626953e+02,5.388794467e-02
7.609965820e+02,1.862890646e-02
7.612305908e+02,1.866158284e-02
7.614645386e+02,1.924977824e-02
7.616984863e+02,5.954115465e-02
7.619324951e+02,6.346245855e-02
7.621664429e+02,1.987065189e-02
7.624004517e+02,8.172101341e-03
7.626344604e+02,2.160255983e-02
7.628684692e+02,1.036149543e-02
7.631025391e+02,-6.238682196e-03
7.633365479e+02,4.143781215e-02
7.635706177e+02,7.003063709e-02
7.638046265e+02,5.689427629e-02
7.640386963e+02,8.531554602e-03
7.642727661e+02,1.598202810e-02
7.645068359e+02,2.140649408e-02
7.647409668e+02,7.216284284e-04
7.649750366e+02,3.629927058e-03
7.652091675e+02,3.807202727e-02
7.654432983e+02,2.111239731e-02
7.656773682e+02,1.013275236e-02
7.659115601e+02,2.294233814e-02
7.661456909e+02,7.222002745e-02
7.663798218e+02,2.372659743e-02
7.666140137e+02,3.820273653e-02
7.668481445e+02,9.087071754e-03
7.670823364e+02,3.346449882e-02
7.673165283e+02,4.166655242e-02
7.675507202e+02,4.594730586e-02
7.677849731e+02,1.143985335e-02
7.680191650e+02,2.137381770e-02
7.682534180e+02,2.555653825e-02
7.684876099e+02,7.387841120e-03
7.687218628e+02,-3.755190875e-03
7.689561157e+02,3.114439361e-02
7.691903687e+02,9.119749069e-03
7.694246826e+02,2.683096193e-02
7.696589355e+02,-5.323711783e-03
7.698932495e+02,8.989039809e-03
7.701275024e+02,4.780992493e-02
7.703618164e+02,5.982708186e-03
7.705961304e+02,3.676492721e-02
7.708305054e+02,3.526176140e-02
7.710648193e+02,1.179113635e-03
7.712991333e+02,1.134182047e-02
7.715335083e+02,1.755054854e-02
7.717678833e+02,3.441214561e-02
7.720022583e+02,5.637143552e-02
7.722366333e+02,2.813806199e-02
7.724710083e+02,1.840016246e-02
7.727054443e+02,5.630607903e-02
7.729398193e+02,1.064660624e-01
7.731742554e+02,5.950030405e-03
7.734086914e+02,5.525222979e-03
7.736431274e+02,2.565457113e-02
7.738775635e+02,1.663557813e-02
7.741119995e+02,2.748451196e-02
7.743464966e+02,4.764653742e-02
7.745809326e+02,1.810606569e-02
7.748154297e+02,8.081421256e-02
7.750499268e+02,3.741847724e-02
7.752844238e+02,8.792974055e-03
7.755189209e+02,5.238477886e-02
7.757534180e+02,1.853087358e-02
7.759879761e+02,1.211791183e-03
7.762224731e+02,8.531554602e-03
7.764570312e+02,2.947784029e-02
7.766915894e+02,1.944584399e-02
7.769261475e+02,1.405405439e-02
7.771607056e+02,1.898018876e-03
7.773953247e+02,2.395534143e-02
7.776298828e+02,9.217781946e-03
7.778645020e+02,1.748519391e-02
7.780991211e+02,2.274627239e-02
7.783337402e+02,2.072026767e-02
7.785683594e+02,-8.468922460e-04
7.788029785e+02,-1.402409980e-03
7.790376587e+02,5.039145052e-02
7.792722778e+02,2.224794123e-03
7.795069580e+02,2.294233814e-02
7.797416382e+02,3.016406856e-02
7.799763184e+02,1.019810699e-02
7.802109985e+02,1.375995670e-02
7.804456787e+02,1.719109528e-02
7.806804199e+02,4.633943737e-02
7.809151001e+02,-1.522499789e-02
7.811498413e+02,2.078562230e-02
7.813845825e+02,2.147185057e-02
7.816193237e+02,1.797535643e-02
7.818540649e+02,7.543059182e-04
7.820888062e+02,2.921641991e-02
7.823236084e+02,1.193001587e-02
7.825583496e+02,2.617741190e-02
7.827931519e+02,1.287766360e-02
7.830279541e+02,6.538225804e-03
7.832627563e+02,8.172101341e-03
7.834975586e+02,1.019810699e-02
7.837324219e+02,1.379263401e-02
7.839672241e+02,1.509973407e-02
7.842020874e+02,1.362924650e-02
7.844369507e+02,-9.604466148e-03
7.846718140e+02,2.702702768e-02
7.849066772e+02,1.790999994e-02
7.851415405e+02,2.578528225e-02
7.853764648e+02,6.374838296e-03
7.856113281e+02,8.041391149e-03
7.858462524e+02,4.871672485e-03
7.860811768e+02,5.460684747e-02
7.863161011e+02,-3.297705669e-03
7.865510254e+02,2.271359600e-02
7.867859497e+02,5.744979158e-02
7.870208740e+02,1.258356590e-02
7.872558594e+02,1.440533786e-03
7.874908447e+02,8.453945071e-02
7.877258301e+02,5.075090379e-02
7.879608154e+02,3.068690933e-02
7.881958008e+02,2.650418691e-02
7.884307861e+02,4.773640074e-03
7.886658325e+02,2.470692433e-02
7.889008179e+02,1.421744190e-02
7.891358643e+02,3.447749838e-02
7.893709106e+02,1.297569647e-02
7.896059570e+02,6.525971740e-02
7.898410034e+02,2.026278153e-02
7.900760498e+02,2.634079941e-02
7.903111572e+02,-1.038872637e-02
7.905462646e+02,2.627544478e-02
7.907813110e+02,5.950030405e-03
7.910164185e+02,1.523044426e-02
7.912515259e+02,6.562733906e-04
7.914866943e+02,1.222411357e-02
7.917218018e+02,2.741915733e-02
7.919569702e+02,2.643883228e-02
7.921920776e+02,-2.586969931e-04
7.924272461e+02,1.862890646e-02
7.926624146e+02,1.598202810e-02
7.928975830e+02,1.572060771e-02
7.931327515e+02,3.349717334e-02
7.933679810e+02,1.000204217e-02
7.936031494e+02,2.428211644e-02
7.938383789e+02,3.074409440e-03
7.940736084e+02,-8.526108228e-03
7.943088379e+02,6.496562064e-02
7.945440674e+02,6.807815225e-05
7.947792969e+02,8.466199040e-03
7.950145874e+02,5.557900295e-03
7.952498169e+02,5.427190568e-03
7.954851074e+02,2.127578482e-02
7.957203979e+02,9.740621783e-03
7.959556885e+02,1.781196892e-02
7.961909790e+02,2.339982241e-02
7.964262695e+02,1.245285571e-02
7.966616211e+02,2.915106528e-02
7.968969116e+02,3.564572195e-03
7.971322632e+02,7.088024914e-02
7.973676147e+02,1.121111028e-02
7.976029663e+02,3.568656743e-02
7.978383179e+02,-6.957587320e-03
7.980737305e+02,1.931513287e-02
7.983090820e+02,-1.663830131e-03
7.985444946e+02,-9.800530970e-03
7.987798462e+02,1.340050343e-02
7.990152588e+02,5.753965583e-03
7.992506714e+02,1.023078524e-02
7.994861450e+02,4.087412264e-03
7.997215576e+02,-5.029614083e-03
7.999570312e+02,4.316154867e-03
8.001924438e+02,1.603921293e-03
8.004279175e+02,-1.303560473e-02
8.006633911e+02,9.871331975e-03
8.008988647e+02,-5.356389098e-03
8.011343384e+02,3.777793050e-02
8.013698730e+02,-1.565797487e-03
8.016053467e+02,-2.414595895e-02
8.018408813e+02,-7.120974828e-03
8.020764160e+02,5.261351913e-02
8.023119507e+02,2.444550395e-02
8.025474854e+02,-1.071550138e-02
8.027830200e+02,2.248485200e-02
8.030185547e+02,-3.689836012e-03
8.032541504e+02,1.732180454e-02
8.034897461e+02,1.219143532e-02
8.037252808e+02,2.885696851e-02
8.039608765e+02,1.065559220e-02
8.041964722e+02,2.032813616e-02
8.044321289e+02,-3.853223519e-03
8.046677246e+02,3.836612403e-02
8.049033813e+02,1.193001587e-02
8.051389771e+02,9.315814823e-03
8.053746338e+02,2.179862559e-02
8.056102905e+02,3.594798967e-02
8.058459473e+02,1.970726438e-02
8.060816650e+02,4.904350266e-03
8.063173218e+02,-2.121315338e-03
8.065530396e+02,6.734291092e-03
8.067886963e+02,8.335488848e-03
8.070244141e+02,9.315814823e-03
8.072601318e+02,-4.310708493e-03
8.074958496e+02,-5.421744194e-03
8.077316284e+02,4.283477552e-03
8.079673462e+02,-1.564980671e-02
8.082031250e+02,-5.193001591e-03
8.084389038e+02,2.336714603e-02
8.086746216e+02,3.052352183e-02
8.089104004e+02,-1.463680342e-02
8.091462402e+02,1.244468614e-03
8.093820190e+02,4.937844723e-02
8.096177979e+02,8.523385040e-04
8.098536377e+02,-2.905575559e-03
8.100894775e+02,1.134182047e-02
8.103253174e+02,1.326979417e-02
8.105611572e+02,7.518551312e-03
8.107969971e+02,1.379263401e-02
8.110328369e+02,3.555585817e-02
8.112687378e+02,5.655933172e-03
8.115045776e+02,1.313908398e-02
8.117404785e+02,1.571243745e-03
8.119763794e+02,-1.108312397e-03
8.122122803e+02,1.558989752e-02
8.124481812e+02,-1.986520551e-02
8.126841431e+02,5.722105131e-02
8.129200439e+02,-3.689836012e-03
8.131560059e+02,1.366192382e-02
8.133919678e+02,7.339642197e-02
8.136279297e+02,-1.810061932e-02
8.138638916e+02,4.333310574e-02
8.140998535e+02,5.120838806e-02
8.143358154e+02,-1.565797487e-03
8.145718384e+02,3.088297322e-02
8.148078003e+02,1.434815209e-02
8.150438232e+02,2.114507370e-02
8.152798462e+02,5.117570981e-02
8.155158691e+02,1.719109528e-02
8.157518921e+02,-3.101640614e-03
8.159879761e+02,1.902103610e-02
8.162239990e+02,-6.892232224e-03
8.164600830e+02,-6.173327100e-03
8.166961670e+02,1.578596234e-02
8.169322510e+02,6.176322326e-02
8.171683350e+02,-5.854720948e-04
8.174044189e+02,4.388862476e-02
8.176405029e+02,2.843216062e-02
8.178766479e+02,-1.173667377e-03
8.181127930e+02,1.673361100e-02
8.183488770e+02,-3.036285751e-03
8.185850220e+02,1.186466031e-02
8.188212280e+02,1.127646584e-02
8.190573730e+02,-9.473755956e-03
8.192935181e+02,-8.787527680e-03
8.195297241e+02,5.215603486e-02
8.197658691e+02,-8.493430912e-03
8.200020752e+02,1.081898063e-02
8.202382812e+02,-1.435087528e-03
8.204744873e+02,3.728776798e-02
8.207107544e+02,9.413846768e-03
8.209469604e+02,2.209272236e-02
8.211831665e+02,1.244468614e-03
8.214194336e+02,4.348832648e-03
8.216557007e+02,8.368167095e-03
8.218919678e+02,6.146095693e-03
8.221282349e+02,1.902103610e-02
8.223645020e+02,5.557900295e-03
8.226008301e+02,4.179726169e-02
8.228370972e+02,2.968207409e-04
8.230734253e+02,-3.567295207e-04
8.233097534e+02,-6.402069703e-03
8.235460815e+02,2.682279330e-03
8.237824097e+02,-7.284362335e-03
8.240187378e+02,1.166859549e-02
8.242551270e+02,4.055551812e-02
8.244914551e+02,1.650486700e-02
8.247278442e+02,8.727619424e-03
8.249642334e+02,1.007556639e-04
8.252006226e+02,2.954319492e-02
8.254370117e+02,4.869221896e-02
8.256734009e+02,-9.449247736e-04
8.259097900e+02,1.608005911e-02
8.261462402e+02,6.276805885e-03
8.263826904e+02,1.624344662e-02
8.266191406e+02,-2.179317921e-02
8.268555908e+02,-3.885901067e-03
8.270920410e+02,-8.166654967e-03
8.273284912e+02,1.483831462e-02
8.275649414e+02,-1.993056014e-02
8.278014526e+02,-9.669820778e-03
8.280379639e+02,8.956361562e-03
8.282744751e+02,5.753965583e-03
8.285109863e+02,3.300701082e-02
8.287474976e+02,1.859622821e-02
8.289840088e+02,5.165770184e-03
8.292205200e+02,5.688610487e-03
8.294570923e+02,-4.931581672e-03
8.296936646e+02,1.209340338e-02
8.299301758e+02,1.434815209e-02
8.301667480e+02,1.643951237e-02
8.304033813e+02,-1.195724681e-02
8.306399536e+02,7.159098517e-03
8.308765259e+02,3.617672995e-02
8.311131592e+02,-8.722173050e-03
8.313497925e+02,2.774593234e-02
8.315863647e+02,-4.278031178e-03
8.318229980e+02,7.322486024e-03
8.320596924e+02,3.793314798e-03
8.322963257e+02,-1.261079684e-02
8.325329590e+02,-7.839879952e-03
8.327696533e+02,5.999863893e-02
8.330062866e+02,1.526312251e-02
8.332429810e+02,2.294233814e-02
8.334796753e+02,-1.277418435e-02
8.337163696e+02,2.810538560e-02
8.339531250e+02,3.964054585e-02
8.341898193e+02,-1.010279753e-03
8.344265747e+02,1.219143532e-02
8.346632690e+02,1.794267818e-02
8.349000244e+02,-1.198992413e-02
8.351367798e+02,-5.421744194e-03
8.353735352e+02,1.003471948e-02
8.356103516e+02,2.320375852e-02
8.358471069e+02,-6.892232224e-03
8.360839233e+02,-5.258356687e-03
8.363206787e+02,-5.977261811e-03
8.365574951e+02,1.140717510e-02
8.367943115e+02,8.523385040e-04
8.370311279e+02,-1.254544221e-02
8.372679443e+02,-1.993056014e-02
8.375048218e+02,-6.500102114e-03
8.377416382e+02,-3.232350806e-03
8.379785156e+02,-1.359112281e-02
8.382153931e+02,-3.493770957e-03
8.384522705e+02,6.407515611e-03
8.386891479e+02,-8.199333213e-03
8.389260254e+02,6.766968407e-03
8.391629639e+02,2.748451196e-02
8.393998413e+02,4.934576899e-02
8.396367798e+02,8.498876356e-03
8.398737183e+02,3.858669661e-03
8.401106567e+02,7.453196216e-03
8.403475952e+02,1.179113635e-03
8.405845337e+02,1.264892053e-02
8.408215332e+02,4.316154867e-03
8.410584717e+02,1.624344662e-02
8.412954712e+02,-3.624480916e-03
8.415324707e+02,2.320375852e-02
8.417694702e+02,9.830485797e-04
8.420064697e+02,-2.611478092e-03
8.422434692e+02,6.897678599e-03
8.424804688e+02,-1.010279753e-03
8.427175293e+02,-5.854720948e-04
8.429545288e+02,-2.913745120e-04
8.431915894e+02,1.244468614e-03
8.434286499e+02,8.074069396e-03
8.436657104e+02,-5.911906715e-03
8.439028320e+02,-5.552454386e-03
8.441398926e+02,1.173395012e-02
8.443769531e+02,2.009939402e-02
8.446140747e+02,-9.996595792e-03
8.448511963e+02,8.302811533e-03
8.450883179e+02,7.583906408e-03
8.453254395e+02,-6.238682196e-03
8.455625610e+02,-1.264347509e-02
8.457997437e+02,-2.153992886e-03
8.460368652e+02,4.656818137e-02
8.462740479e+02,9.054394439e-03
8.465112305e+02,-1.500442508e-03
8.467483521e+02,-1.881952398e-02
8.469855957e+02,7.322486024e-03
8.472227783e+02,5.137177557e-02
8.474599609e+02,2.670025267e-02
8.476972046e+02,2.039349265e-02
8.479343872e+02,1.334331755e-04
8.481716309e+02,1.996051520e-03
8.484088745e+02,2.094900981e-02
8.486461182e+02,-9.530941315e-05
8.488833618e+02,1.143985335e-02
8.491206665e+02,9.176934836e-04
8.493579102e+02,8.531554602e-03
8.495952148e+02,-1.329702511e-02
8.498324585e+02,-1.166314911e-02
8.500697632e+02,1.111307740e-02
8.503070679e+02,-9.441078641e-03
8.505444336e+02,7.159098517e-03
8.507817383e+02,-9.735176340e-03
8.510190430e+02,3.382394835e-02
8.512564087e+02,-1.297025010e-02
8.514937744e+02,-1.306828205e-02
8.517311401e+02,6.178773008e-03
8.519685059e+02,2.918374352e-02
8.522058716e+02,5.002382677e-03
8.524432373e+02,-1.002927404e-02
8.526806641e+02,1.862890646e-02
8.529180298e+02,2.126761479e-03
8.531554565e+02,-1.551909558e-02
8.533928833e+02,-3.657158464e-03
8.536303101e+02,2.996800281e-02
8.538677368e+02,6.440193392e-03
8.541051636e+02,-5.487099290e-03
8.543426514e+02,5.774388835e-02
8.545800781e+02,-7.153652608e-03
8.548175659e+02,5.557900295e-03
8.550550537e+02,1.111307740e-02
8.552925415e+02,-1.349308994e-02
8.555300293e+02,1.473211218e-03
8.557675171e+02,1.480563730e-02
8.560050659e+02,1.062291488e-02
8.562425537e+02,-2.578800544e-03
8.564801025e+02,4.738511890e-02
8.567176514e+02,1.973994076e-02
8.569552002e+02,3.382394835e-02
8.571927490e+02,-2.350057941e-03
8.574302979e+02,5.447613820e-02
8.576679077e+02,4.250799771e-03
8.579054565e+02,4.250799771e-03
8.581430664e+02,2.224794123e-03
8.583806763e+02,3.540064063e-05
8.586182861e+02,2.392266318e-02
8.588558960e+02,-1.329702511e-02
8.590935059e+02,4.068622738e-02
8.593311157e+02,1.627612486e-02
8.595687866e+02,5.982708186e-03
8.598064575e+02,1.588399522e-02
8.600440674e+02,-5.225678906e-03
8.602817383e+02,-3.297705669e-03
8.605194092e+02,-6.565457210e-03
8.607571411e+02,4.275308165e-04
8.609948120e+02,-1.244740933e-02
8.612324829e+02,1.921710186e-02
8.614702148e+02,-3.265028354e-03
8.617079468e+02,2.781128697e-02
8.619456787e+02,-4.049288575e-03
8.621834106e+02,1.454421692e-02
8.624211426e+02,1.036149543e-02
8.626588745e+02,2.062223479e-02
8.628966675e+02,-1.176118199e-02
8.631343994e+02,4.460753128e-02
8.633721924e+02,-6.508271326e-04
8.636099854e+02,1.483831462e-02
8.638477783e+02,-1.264347509e-02
8.640855713e+02,5.414936319e-02
8.643234253e+02,1.734631369e-03
8.645612183e+02,3.526176140e-02
8.647990723e+02,1.483831462e-02
8.650368652e+02,2.516440861e-02
8.652747192e+02,1.794267818e-02
8.655125732e+02,-6.508271326e-04
8.657504272e+02,8.196609560e-04
8.659883423e+02,2.800735272e-02
8.662261963e+02,-8.493430912e-03
8.664641113e+02,1.113758539e-03
8.667019653e+02,1.767308917e-03
8.669398804e+02,1.019810699e-02
8.671777954e+02,-1.551909558e-02
8.674157104e+02,-1.359112281e-02
8.676536865e+02,-8.526108228e-03
8.678916016e+02,8.662263863e-03
8.681295776e+02,-4.408741370e-03
8.683674927e+02,-2.913745120e-04
8.686054688e+02,-5.421744194e-03
8.688434448e+02,3.604602069e-02
8.690814209e+02,6.538225804e-03
8.693193970e+02,-3.755190875e-03
8.695574341e+02,-7.545782719e-03
8.697954102e+02,1.372727938e-02
8.700334473e+02,-8.468922460e-04
8.702714844e+02,-8.983593434e-03
8.705095215e+02,5.231125280e-03
8.707475586e+02,5.819320679e-03
8.709855957e+02,-9.735176340e-03
8.712236328e+02,-6.238682196e-03
8.714617310e+02,3.944448382e-02
8.716997681e+02,-7.937912829e-03
8.719378662e+02,-8.068623021e-03
8.721759644e+02,-1.159779448e-02
8.724140625e+02,3.041731892e-03
8.726521606e+02,-1.617264561e-02
8.728903198e+02,5.640411377e-02
8.731284180e+02,4.708284978e-03
8.733665771e+02,6.542310864e-02
8.736046753e+02,5.062019080e-02
8.738428345e+02,-8.101300336e-03
8.740809937e+02,-1.695690677e-02
8.743191528e+02,1.523044426e-02
8.745573730e+02,8.270134218e-03
8.747955322e+02,-2.709510503e-03
8.750337524e+02,1.963373972e-03
8.752719116e+02,-2.088637790e-03
8.755101318e+02,9.511879645e-03
8.757483521e+02,-9.506433271e-03
8.759865723e+02,-7.284362335e-03
8.762248535e+02,9.707944468e-03
8.764630737e+02,-3.232350806e-03
8.767013550e+02,2.705970407e-02
8.769395752e+02,4.120090045e-03
8.771778564e+02,2.539315075e-02
8.774161377e+02,1.359656919e-02
8.776544189e+02,2.170059271e-02
8.778927002e+02,3.480427712e-02
8.781310425e+02,1.840016246e-02
8.783693237e+02,3.062155284e-02
8.786076660e+02,1.101504546e-02
8.788460083e+02,-1.408128534e-02
8.790842896e+02,1.330247149e-02
8.793226318e+02,3.074409440e-03
8.795610352e+02,5.819320679e-03
8.797993774e+02,1.513241231e-02
8.800377197e+02,4.937027581e-03
8.802761230e+02,1.379263401e-02
8.805145264e+02,-1.447341591e-02
8.807529297e+02,9.348492138e-03
8.809913330e+02,-6.663489621e-03
8.812297363e+02,-8.918237872e-03
8.814681396e+02,-1.385254227e-02
8.817066040e+02,-1.025801618e-02
8.819450073e+02,8.433521725e-03
8.821834717e+02,1.859622821e-02
8.824219360e+02,-1.163047180e-02
8.826604004e+02,-2.009394765e-02
8.828988647e+02,1.211791183e-03
8.831373291e+02,2.856286988e-02
8.833757935e+02,-8.330042474e-03
8.836143188e+02,-1.316631492e-02
8.838528442e+02,2.023010328e-02
8.840913086e+02,-1.794540090e-03
8.843298340e+02,4.381509963e-03
8.845683594e+02,1.440533786e-03
8.848069458e+02,2.372659743e-02
8.850454712e+02,9.503710316e-04
8.852839966e+02,6.570903584e-03
8.855225830e+02,-1.761045679e-02
8.857611694e+02,2.464156784e-02
8.859997559e+02,1.853087358e-02
8.862383423e+02,-1.519232057e-02
8.864769287e+02,1.048403559e-03
8.867155151e+02,4.503233731e-02
8.869541626e+02,1.957655326e-02
8.871927490e+02,3.718973324e-02
8.874313965e+02,-4.964258987e-03
8.876700439e+02,1.931513287e-02
8.879086914e+02,-9.898563847e-03
8.881473389e+02,5.133092869e-03
8.883859863e+02,1.928245649e-02
8.886246948e+02,5.009735003e-02
8.888633423e+02,2.699434943e-02
8.891020508e+02,-9.441078641e-03
8.893407593e+02,1.532847714e-02
8.895794678e+02,5.764585733e-02
8.898181763e+02,1.349853631e-02
8.900568848e+02,-9.963918477e-03
8.902955933e+02,5.582408630e-04
8.905343628e+02,-1.035604905e-02
8.907730713e+02,-1.453877054e-02
8.910118408e+02,1.375995670e-02
8.912506104e+02,2.058955655e-02
8.914893799e+02,7.943359204e-03
8.917281494e+02,1.539383177e-02
8.919669800e+02,-4.147320986e-03
8.922057495e+02,1.342501142e-03
8.924445801e+02,-8.852883242e-03
8.926833496e+02,2.617741190e-02
8.929221802e+02,1.771393605e-02
8.931610107e+02,3.041731892e-03
8.933998413e+02,3.679760545e-02
8.936387329e+02,1.440533786e-03
8.938775635e+02,1.085165795e-02
8.941164551e+02,-2.006127127e-02
8.943552856e+02,2.068758942e-02
8.945941772e+02,3.107903898e-02
8.948330688e+02,-2.274082601e-02
8.950719604e+02,6.113418378e-03
8.953108521e+02,2.438014932e-02
8.955498047e+02,3.058887646e-02
8.957886963e+02,-1.581319422e-02
8.960276489e+02,-1.623800211e-02
8.962666016e+02,2.973926067e-02
8.965055542e+02,1.140717510e-02
8.967445068e+02,-7.741847541e-03
8.969834595e+02,-1.761862659e-03
8.972224121e+02,2.911838703e-02
8.974614258e+02,2.453536727e-03
8.977003784e+02,1.274695341e-02
8.979393921e+02,-6.238682196e-03
8.981784058e+02,2.670025267e-02
8.984174194e+02,1.519776694e-02
8.986564331e+02,-2.807543147e-03
8.988954468e+02,-1.646674424e-02
8.991345215e+02,-4.245353863e-03
8.993735352e+02,2.480495535e-02
8.996126099e+02,-1.640138961e-02
8.998516846e+02,1.019810699e-02
9.000907593e+02,3.228810802e-02
9.003298340e+02,1.875961572e-02
9.005689087e+02,-2.682551555e-02
9.008079834e+02,2.042616904e-02
9.010471191e+02,1.101504546e-02
9.012861938e+02,2.594866976e-02
9.015253296e+02,6.434474885e-02
9.017644653e+02,1.938048936e-02
9.020036011e+02,3.219007328e-02
9.022427368e+02,1.212608069e-02
9.024819336e+02,7.633739710e-02
9.027210693e+02,1.304105110e-02
9.029602661e+02,1.291034091e-02
9.031994019e+02,7.910681888e-03
9.034385986e+02,7.616583724e-03
9.036777954e+02,5.950030405e-03
9.039169922e+02,2.634079941e-02
9.041561890e+02,2.444550395e-02
9.043954468e+02,-5.094969179e-03
9.046346436e+02,1.898018876e-03
9.048739014e+02,2.075294405e-02
9.051131592e+02,2.420859179e-03
9.053524170e+02,-2.807543147e-03
9.055916748e+02,-2.189121023e-02
9.058309326e+02,-4.572128877e-03
9.060701904e+02,-5.291034002e-03
9.063095093e+02,-5.389066879e-03
9.065487671e+02,3.041731892e-03
9.067880859e+02,1.931513287e-02
9.070274048e+02,1.800803281e-02
9.072667236e+02,3.335829591e-03
9.075060425e+02,1.023078524e-02
9.077454224e+02,3.858669661e-03
9.079847412e+02,6.015385501e-03
9.082240601e+02,2.421675995e-02
9.084634399e+02,-9.637143463e-03
9.087028198e+02,4.228742421e-02
9.089421997e+02,2.518891590e-03
9.091815796e+02,3.424875811e-02
9.094209595e+02,-2.872081101e-02
9.096604004e+02,-1.794540090e-03
9.098997803e+02,-9.898563847e-03
9.101392212e+02,-9.996595792e-03
9.103786011e+02,-1.976717263e-02
9.106180420e+02,2.967390604e-02
9.108574829e+02,1.624344662e-02
9.110969849e+02,-1.944039762e-02
9.113364258e+02,-1.761045679e-02
9.115758667e+02,-1.287221722e-02
9.118153687e+02,1.804071106e-02
9.120548706e+02,4.218122456e-03
9.122943115e+02,1.460957155e-02
9.125338135e+02,5.437810719e-02
9.127733765e+02,7.257131394e-03
9.130128784e+02,-5.977261811e-03
9.132523804e+02,1.960923150e-02
9.134919434e+02,-6.369391922e-03
9.137314453e+02,-1.467764960e-03
9.139710083e+02,-2.176050097e-02
9.142105713e+02,1.010007504e-02
9.144501343e+02,1.124378759e-02
9.146896973e+02,5.982708186e-03
9.149293213e+02,-1.009462867e-02
9.151688843e+02,-9.473755956e-03
9.154085083e+02,6.342160981e-03
9.156480713e+02,4.250799771e-03
9.158876953e+02,-6.761522032e-03
9.161273193e+02,-2.542038262e-02
9.163669434e+02,1.640683413e-02
9.166066284e+02,-5.356389098e-03
9.168462524e+02,-6.206004415e-03
9.170858765e+02,-9.441078641e-03
9.173255615e+02,6.407515611e-03
9.175652466e+02,-6.467424799e-03
9.178049316e+02,6.833140552e-02
9.180446167e+02,2.287698351e-02
9.182843018e+02,4.042480886e-02
9.185239868e+02,-1.038872637e-02
9.187637329e+02,1.179113635e-03
9.190034180e+02,-4.898903891e-03
9.192431641e+02,3.597249743e-03
9.194829102e+02,2.257471671e-03
9.197226562e+02,-3.559125820e-03
9.199624023e+02,-1.238205470e-02
9.202021484e+02,2.496834286e-02
9.204419556e+02,2.009939402e-02
9.206817017e+02,-1.698958315e-02
9.209215088e+02,1.313908398e-02
9.211613159e+02,1.915174536e-02
9.214011230e+02,4.740962759e-03
9.216409302e+02,6.407515611e-03
9.218807373e+02,1.211791183e-03
9.221205444e+02,5.786642898e-03
9.223604126e+02,2.983729355e-02
9.226002197e+02,-5.225678906e-03
9.228400879e+02,-1.146708429e-02
9.230799561e+02,1.160324086e-02
9.233198242e+02,-4.572128877e-03
9.235596924e+02,6.276805885e-03
9.237995605e+02,-1.659745350e-02
9.240394897e+02,-1.892572618e-03
9.242793579e+02,-6.402069703e-03
9.245192871e+02,1.611273736e-02
9.247592163e+02,-8.395398036e-03
9.249991455e+02,-4.874395672e-04
9.252390747e+02,1.268241554e-01
9.254790039e+02,2.248485200e-02
9.257189331e+02,-1.123834122e-02
9.259589233e+02,-9.081625380e-03
9.261988525e+02,-2.448090352e-03
9.264388428e+02,-8.624140173e-03
9.266788330e+02,-4.800871480e-03
9.269188232e+02,5.590578075e-03
9.271588135e+02,1.029613987e-02
9.273988037e+02,1.581864059e-02
9.276388550e+02,-2.999523468e-02
9.278788452e+02,1.915174536e-02
9.281188965e+02,2.761522308e-02
9.283589478e+02,8.433521725e-03
9.285989990e+02,4.738511890e-02
9.288390503e+02,-8.795697358e-04
9.290791016e+02,1.539383177e-02
9.293191528e+02,2.044986039e-01
9.295592651e+02,2.224794123e-03
9.297993164e+02,2.444550395e-02
9.300394287e+02,1.366192382e-02
9.302795410e+02,-5.650486797e-03
9.305196533e+02,-8.362720720e-03
9.307597656e+02,-3.003608203e-03
9.309998779e+02,1.493634656e-02
9.312400513e+02,-3.195588663e-02
9.314801636e+02,1.898018876e-03
9.317203369e+02,-6.835046806e-04
9.319605103e+02,2.081829868e-02
9.322006836e+02,3.760637250e-03
9.324408569e+02,1.686432026e-02
9.326810303e+02,4.633943737e-02
9.329212036e+02,-1.414663997e-02
9.331614380e+02,2.480495535e-02
9.334016113e+02,1.702770777e-02
9.336418457e+02,1.627612486e-02
9.338820801e+02,-2.042072266e-02
9.341223145e+02,5.982708186e-03
9.343625488e+02,-9.996595792e-03
9.346027832e+02,1.048403559e-03
9.348430176e+02,-5.356389098e-03
9.350833130e+02,2.643883228e-02
9.353236084e+02,2.745183557e-02
9.355638428e+02,4.806317855e-03
9.358041382e+02,-1.012730598e-02
9.360444336e+02,-1.372183301e-02
9.362847290e+02,2.245217562e-02
9.365250854e+02,2.375927567e-02
9.367653809e+02,-1.640138961e-02
9.370057373e+02,1.572060771e-02
9.372460327e+02,-3.885901067e-03
9.374863892e+02,1.549186464e-02
9.377267456e+02,-1.108312397e-03
9.379671021e+02,2.224794123e-03
9.382075195e+02,2.869358100e-02
9.384478760e+02,1.342501142e-03
9.386882324e+02,-7.251685020e-03
9.389286499e+02,-1.169582643e-02
9.391690674e+02,1.938048936e-02
9.394094849e+02,1.702770777e-02
9.396499023e+02,2.238682099e-02
9.398903198e+02,1.193001587e-02
9.401307373e+02,3.820273653e-02
9.403712158e+02,-6.238682196e-03
9.406116333e+02,1.108040009e-02
9.408521118e+02,-2.094356343e-02
9.410925903e+02,4.928858252e-04
9.413330078e+02,2.915106528e-02
9.415735474e+02,-8.689495735e-03
9.418140259e+02,7.191776298e-03
9.420545044e+02,-5.944584496e-03
9.422950439e+02,2.908571064e-02
9.425355225e+02,2.968207409e-04
9.427760620e+02,-1.718564890e-02
9.430166016e+02,1.255088858e-02
9.432571411e+02,1.938048936e-02
9.434976807e+02,-5.585131701e-03
9.437382202e+02,-1.636871137e-02
9.439787598e+02,1.153788529e-02
9.442193604e+02,-6.859554909e-03
9.444599609e+02,9.176934836e-04
9.447005005e+02,2.355504083e-03
9.449411011e+02,-1.271699904e-03
9.451817017e+02,3.825992346e-03
9.454223022e+02,-1.470215805e-02
9.456629639e+02,6.538225804e-03
9.459035645e+02,1.007556639e-04
9.461442261e+02,7.910681888e-03
9.463848267e+02,-1.365647744e-02
9.466254883e+02,4.740962759e-03
9.468661499e+02,5.633875728e-02
9.471068115e+02,5.917353090e-03
9.473475342e+02,3.499217099e-03
9.475881958e+02,-1.672816463e-02
9.478288574e+02,6.889509386e-04
9.480695801e+02,-1.346041262e-02
9.483103027e+02,-4.474096466e-03
9.485510254e+02,2.166791447e-02
9.487917480e+02,1.859622821e-02
9.490324707e+02,1.951119862e-02
9.492731934e+02,-1.855810545e-02
9.495139160e+02,2.290148987e-03
9.497546997e+02,1.496902481e-02
9.499954834e+02,-2.252025297e-03
9.502362061e+02,4.274491221e-02
9.504769897e+02,-1.271699904e-03
9.507177734e+02,2.473960072e-02
9.509585571e+02,2.937980741e-02
9.511994019e+02,9.479202330e-03
9.514401855e+02,1.480563730e-02
9.516810303e+02,1.702770777e-02
9.519218140e+02,2.104704268e-02
9.521626587e+02,-1.398325246e-02
9.524035034e+02,3.793314798e-03
9.526443481e+02,5.859350413e-02
9.528852539e+02,2.388181631e-03
9.531260986e+02,-2.068214305e-02
9.533669434e+02,-3.591803368e-03
9.536078491e+02,8.237456903e-03
9.538487549e+02,3.042548895e-02
9.540896606e+02,-2.770780772e-02
9.543305664e+02,1.245285571e-02
9.545714722e+02,-6.009939592e-03
9.548123779e+02,2.898767777e-02
9.550532837e+02,1.375995670e-02
9.552942505e+02,-1.895023510e-02
9.555352173e+02,2.696167119e-02
9.557761230e+02,2.281162702e-02
9.560170898e+02,-2.995438808e-05
9.562580566e+02,-1.355844550e-02
9.564990845e+02,6.235959008e-04
9.567400513e+02,2.555653825e-02
9.569810181e+02,1.431547385e-02
9.572220459e+02,-2.198924311e-02
9.574630737e+02,-1.075634849e-03
9.577040405e+02,3.727959702e-03
9.579450684e+02,1.934781112e-02
9.581860962e+02,-1.859078184e-02
9.584271851e+02,6.668935996e-03
9.586682129e+02,1.199537050e-02
9.589092407e+02,2.611205727e-02
9.591503296e+02,1.669276273e-03
9.593914185e+02,1.222411357e-02
9.596325073e+02,5.506433547e-02
9.598735962e+02,-1.859895186e-03
9.601146851e+02,-8.264687844e-03
9.603557739e+02,1.313908398e-02
9.605968628e+02,1.588399522e-02
9.608380127e+02,8.531554602e-03
9.610791626e+02,-1.434270572e-02
9.613202515e+02,1.408673171e-02
9.615614014e+02,-8.624140173e-03
9.618025513e+02,-7.153652608e-03
9.620437012e+02,-1.352576725e-02
9.622849121e+02,4.326775298e-02
9.625260620e+02,1.392334420e-02
9.627672729e+02,-5.585131701e-03
9.630084229e+02,-1.578051597e-02
9.632496338e+02,5.263803061e-03
9.634908447e+02,-1.075634849e-03
9.637320557e+02,-2.100891806e-02
9.639732666e+02,-3.885901067e-03
9.642145386e+02,9.315814823e-03
9.644557495e+02,4.640479386e-02
9.646970215e+02,4.675607663e-03
9.649382324e+02,-1.094424445e-02
9.651795044e+02,5.100415088e-03
9.654207764e+02,2.379195392e-02
9.656620483e+02,3.466539551e-03
9.659033203e+02,-1.578051597e-02
9.661446533e+02,3.013139032e-02
9.663859253e+02,-2.546122996e-03
9.666272583e+02,-2.032268979e-02
9.668685913e+02,-9.776023217e-04
9.671099243e+02,7.869834662e-04
9.673512573e+02,1.451153960e-02
9.675925903e+02,4.642929882e-03
9.678339233e+02,-5.454421509e-03
9.680752563e+02,2.973926067e-02
9.683166504e+02,2.196201310e-02
9.685579834e+02,1.799986348e-03
9.687993774e+02,1.503437944e-02
9.690407715e+02,-3.591803368e-03
9.692821655e+02,-4.996936303e-03
9.695235596e+02,1.585131697e-02
9.697650146e+02,8.335488848e-03
9.700064087e+02,-4.670161288e-03
9.702478638e+02,1.042685006e-02
9.704892578e+02,-1.568248309e-02
9.707307129e+02,-2.097623982e-02
9.709721680e+02,1.996868476e-02
9.712136230e+02,3.499217099e-03
9.714550781e+02,-3.199673258e-03
9.716965942e+02,-5.683164112e-03
9.719380493e+02,4.780992493e-02
9.721795654e+02,-4.049288575e-03
9.724210205e+02,-1.659745350e-02
9.726625366e+02,1.349853631e-02
9.729040527e+02,-8.395398036e-03
9.731455688e+02,1.037211493e-01
9.733870850e+02,-1.631152583e-03
9.736286621e+02,-2.189121023e-02
9.738701782e+02,1.565525308e-02
9.741117554e+02,6.244128104e-03
9.743533325e+02,4.871672485e-03
9.745948486e+02,-2.231601812e-02
9.748364258e+02,1.094968989e-02
9.750780029e+02,-4.572128877e-03
9.753196411e+02,-1.914630085e-02
9.755612183e+02,-1.231669914e-02
9.758028564e+02,1.088433526e-02
9.760444336e+02,1.938048936e-02
9.762860718e+02,-1.865613647e-02
9.765277100e+02,5.349581316e-02
9.767693481e+02,4.937027581e-03
9.770109863e+02,2.568724938e-02
9.772526245e+02,-1.800258644e-02
9.774943237e+02,-1.140989829e-03
9.777359619e+02,1.996051520e-03
9.779776611e+02,9.119749069e-03
9.782193604e+02,-1.244740933e-02
9.784610596e+02,2.774593234e-02
9.787027588e+02,-1.074817870e-02
9.789444580e+02,7.224453613e-03
9.791861572e+02,-2.029001340e-02
9.794278564e+02,-1.120566390e-02
9.796696167e+02,3.519640490e-02
9.799113770e+02,3.313772380e-02
9.801530762e+02,-3.755190875e-03
9.803948364e+02,2.780311741e-03
9.806365967e+02,1.957655326e-02
9.808784180e+02,1.160324086e-02
9.811201782e+02,-1.606644364e-04
9.813619385e+02,-3.624480916e-03
9.816037598e+02,1.113758539e-03
9.818455811e+02,-1.159779448e-02
9.820873413e+02,-1.117298659e-02
9.823291626e+02,3.169991076e-02
9.825709839e+02,-9.776023217e-04
9.828128662e+02,2.153720520e-02
9.830546875e+02,-1.081353426e-02
9.832965088e+02,1.617809199e-02
9.835383911e+02,2.591599151e-02
9.837802734e+02,-8.689495735e-03
9.840221558e+02,-1.895023510e-02
9.842639771e+02,-1.378718764e-02
9.845059204e+02,3.074409440e-03
9.847478027e+02,8.523385040e-04
9.849896851e+02,-1.467764960e-03
9.852316284e+02,-2.287153713e-02
9.854735107e+02,1.264892053e-02
9.857154541e+02,5.754782632e-02
9.859573975e+02,-1.506161038e-02
9.861993408e+02,7.869834662e-04
9.864412842e+02,9.577234276e-03
9.866832275e+02,6.146095693e-03
9.869251709e+02,-9.277691133e-03
9.871671753e+02,-9.343045764e-03
9.874091797e+02,2.503369935e-02
9.876511230e+02,7.649261504e-03
9.878931274e+02,-7.872557268e-03
9.881351318e+02,-2.162979171e-02
9.883771362e+02,8.662263863e-03
9.886192017e+02,8.891006932e-03
9.888612061e+02,2.453536727e-03
9.891032104e+02,-2.644155407e-03
9.893452759e+02,2.257471671e-03
9.895873413e+02,3.597249743e-03
9.898294067e+02,-2.219347749e-03
9.900714722e+02,2.126761479e-03
9.903135376e+02,2.379195392e-02
9.905556030e+02,6.235959008e-04
9.907977295e+02,-2.970930655e-03
9.910397949e+02,1.941316575e-02
9.912819214e+02,2.130846120e-02
9.915239868e+02,2.257471671e-03
9.917661133e+02,-2.238137461e-02
9.920082397e+02,6.342160981e-03
9.922504272e+02,1.418476366e-02
9.924925537e+02,-4.179998767e-03
9.927346802e+02,-1.604193635e-02
9.929768677e+02,-4.547620774e-04
9.932189941e+02,3.695282154e-03
9.934611816e+02,4.773640074e-03
9.937033691e+02,-1.431002747e-02
9.939455566e+02,3.183062002e-02
9.941877441e+02,1.902103610e-02
9.944299927e+02,2.045884728e-02
9.946721802e+02,-6.304036826e-03
9.949143677e+02,1.130914316e-02
9.951566162e+02,1.146436087e-03
9.953988647e+02,2.379195392e-02
9.956411133e+02,-1.868881471e-02
9.958833618e+02,4.610252567e-03
9.961256104e+02,4.642929882e-03
9.963678589e+02,-1.019266155e-02
9.966101685e+02,-1.957927598e-03
9.968524170e+02,1.065559220e-02
9.970947266e+02,3.205936402e-02
9.973370361e+02,1.545918733e-02
9.975793457e+02,-8.297365159e-03
9.978216553e+02,4.222207144e-02
9.980639648e+02,1.539383177e-02
9.983062744e+02,-2.198924311e-02
9.985486450e+02,-1.532303076e-02
9.987909546e+02,1.309823710e-03
9.990333252e+02,-2.905575559e-03
9.992756958e+02,-2.002859302e-02
9.995180664e+02,-1.930968836e-02
9.997604370e+02,5.725372583e-02
1.000002808e+03,-8.591462858e-03
1.000245178e+03,-1.274150703e-02
1.000487610e+03,2.943699481e-03
1.000729980e+03,1.297569647e-02
1.000972412e+03,2.545850724e-02
1.001214844e+03,-2.372115105e-02
1.001457275e+03,-7.447749842e-03
1.001699707e+03,-1.500442508e-03
1.001942139e+03,1.669276273e-03
1.002184570e+03,-6.761522032e-03
1.002427063e+03,-6.794199813e-03
1.002669495e+03,9.936687537e-03
1.002911987e+03,8.523385040e-04
1.003154480e+03,-7.815372082e-04
1.003396973e+03,-2.260194742e-04
1.003639465e+03,2.823609486e-02
1.003881958e+03,1.701953821e-03
1.004124451e+03,1.734631369e-03
1.004367004e+03,-4.081965890e-03
1.004609497e+03,2.317108028e-02
1.004852051e+03,-8.133977652e-03
1.005094604e+03,-1.806794107e-02
1.005337158e+03,-6.794199813e-03
1.005579712e+03,-8.264687844e-03
1.005822266e+03,8.008713834e-03
1.006064819e+03,4.969705362e-03
1.006307434e+03,1.235482376e-02
1.006549988e+03,2.418408357e-02
1.006792603e+03,1.608005911e-02
1.007035217e+03,9.577234276e-03
1.007277832e+03,-1.117298659e-02
1.007520447e+03,3.349717334e-02
1.007763062e+03,3.166723251e-02
1.008005676e+03,-6.206004415e-03
1.008248352e+03,-1.715297252e-02
1.008490967e+03,6.276805885e-03
1.008733643e+03,-1.957927598e-03
1.008976318e+03,-1.071550138e-02
1.009218994e+03,1.748519391e-02
1.009461670e+03,1.261624321e-02
1.009704346e+03,3.653618321e-02
1.009947021e+03,3.401184455e-03
1.010189758e+03,5.140445381e-02
1.010432434e+03,1.078630239e-02
1.010675171e+03,4.969705362e-03
1.010917908e+03,-6.238682196e-03
1.011160645e+03,-1.829668507e-02
1.011403381e+03,9.838654660e-03
1.011646118e+03,-9.637143463e-03
1.011888855e+03,-1.156511717e-02
1.012131653e+03,-5.944584496e-03
1.012374390e+03,2.271359600e-02
1.012617188e+03,1.019810699e-02
1.012859985e+03,-1.558445115e-02
1.013102783e+03,-4.931581672e-03
1.013345581e+03,2.859554812e-02
1.013588379e+03,1.127646584e-02
1.013831177e+03,3.172441851e-03
1.014074036e+03,1.045952737e-02
1.014316833e+03,1.832663896e-03
1.014559692e+03,8.596909232e-03
1.014802551e+03,1.777929068e-02
1.015045349e+03,-1.192456950e-02
1.015288269e+03,1.496902481e-02
1.015531128e+03,1.637415774e-02
1.015773987e+03,-1.011995375e-01
1.016016846e+03,-9.963101894e-02
1.016259766e+03,-1.016570255e-01
1.016502686e+03,-1.028334126e-01
1.016745544e+03,-1.042058691e-01
1.016988464e+03,-1.027680561e-01
