1.933779755e+02,-5.127786659e-03
1.935834351e+02,-3.673360124e-02
1.937889099e+02,9.311595000e-03
1.939943848e+02,-4.519444704e-02
1.941998901e+02,2.563893504e-04
1.944053955e+02,-8.169496432e-03
1.946109161e+02,2.336639166e-02
1.948164520e+02,4.486813210e-03
1.950220032e+02,2.028971910e-02
1.952275696e+02,-3.844674677e-02
1.954331360e+02,5.633572862e-02
1.956387177e+02,8.871071041e-02
1.958443298e+02,3.284114227e-02
1.960499420e+02,-2.089573070e-02
1.962555695e+02,2.822613530e-02
1.964611969e+02,7.053037733e-02
1.966668549e+02,5.116132554e-03
1.968725128e+02,5.490228161e-02
1.970782013e+02,1.476569474e-02
1.972838898e+02,8.343142271e-02
1.974895935e+02,2.903026529e-02
1.976953125e+02,4.686097801e-02
1.979010315e+02,-3.033552133e-02
1.981067810e+02,-4.008996766e-03
1.983125305e+02,2.679268643e-02
1.985182953e+02,-6.666122936e-03
1.987240906e+02,-1.093150955e-02
1.989298706e+02,-2.935658023e-02
1.991356812e+02,-2.627990767e-02
1.993415070e+02,-4.008996766e-03
1.995473328e+02,-4.173319042e-02
1.997531891e+02,-3.907606751e-02
1.999590454e+02,-3.407647461e-02
2.001649170e+02,2.270211093e-02
2.003708038e+02,-3.827193752e-02
2.005766907e+02,8.367615938e-02
2.007826080e+02,3.626743704e-02
2.009885254e+02,-3.659375012e-03
2.011944733e+02,-5.827030633e-03
2.014004211e+02,-1.131609268e-02
2.016063843e+02,-2.320323512e-02
2.018123627e+02,-4.187304154e-02
2.020183411e+02,-9.602946229e-03
2.022243500e+02,7.227848470e-02
2.024303589e+02,-1.121120621e-02
2.026363831e+02,6.399244815e-02
2.028424225e+02,6.346801668e-02
2.030484772e+02,2.287692204e-02
2.032545471e+02,2.047851533e-01
2.034606171e+02,3.228174755e-03
2.036667175e+02,1.927581616e-02
2.038728180e+02,7.108977064e-03
2.040789337e+02,4.238582030e-02
2.042850647e+02,-1.631568535e-03
2.044912109e+02,-1.075669844e-02
2.046973724e+02,-3.201370686e-02
2.049035339e+02,-3.323738277e-02
2.051097107e+02,4.560234025e-02
2.053159180e+02,1.884228587e-01
2.055221252e+02,1.631451994e-01
2.057283478e+02,-3.764261678e-02
2.059345703e+02,4.836435430e-03
2.061408234e+02,-3.477571905e-02
2.063470764e+02,3.752607619e-03
2.065533600e+02,-1.383337006e-02
2.067596436e+02,-2.900695801e-02
2.069659424e+02,3.427459300e-02
2.071722412e+02,1.364690531e-02
2.073785706e+02,5.179064721e-02
2.075848999e+02,-1.757432334e-02
2.077912598e+02,-3.792231530e-02
2.079976196e+02,2.445022017e-02
2.082039948e+02,-1.166571490e-02
2.084103851e+02,6.934166420e-03
2.086167908e+02,3.298099339e-02
2.088231964e+02,-1.411306765e-02
2.090296173e+02,-5.438950285e-02
2.092360687e+02,1.522020344e-02
2.094425201e+02,-5.267635453e-03
2.096489868e+02,4.626662005e-03
2.098554535e+02,8.678779006e-02
2.100619507e+02,2.703742124e-02
2.102684479e+02,-4.040462896e-02
2.104749756e+02,6.304847077e-03
2.106815033e+02,9.101821110e-03
2.108880463e+02,2.256226167e-02
2.110946045e+02,7.032060623e-02
2.113011627e+02,-4.428543150e-03
2.115077515e+02,-1.246984489e-02
2.117143402e+02,2.459006850e-03
2.119209442e+02,-1.407810580e-02
2.121275635e+02,1.039542258e-02
2.123341980e+02,9.968883544e-02
2.125408478e+02,2.633817680e-02
2.127475128e+02,1.738785952e-02
2.129541779e+02,3.347046301e-02
2.131608582e+02,-2.620998211e-02
2.133675537e+02,7.808220689e-04
2.135742645e+02,-3.379677655e-04
2.137809906e+02,-4.690759629e-02
2.139877319e+02,-2.620998211e-02
2.141944733e+02,5.102147907e-02
2.144012299e+02,-5.099816993e-02
2.146080017e+02,-2.306338586e-02
2.148147888e+02,-4.421550781e-02
2.150215912e+02,-2.295850031e-02
2.152284088e+02,-3.981027007e-02
2.154352264e+02,-1.295931544e-02
2.156420746e+02,-1.596606337e-03
2.158489227e+02,-3.998508304e-02
2.160557861e+02,-1.404314302e-02
2.162626648e+02,1.899611903e-03
2.164695435e+02,7.199878991e-02
2.166764526e+02,3.689675778e-02
2.168833618e+02,-1.519689523e-02
2.170902863e+02,-2.690922655e-02
2.172972412e+02,8.224270493e-02
2.175041809e+02,5.200041831e-02
2.177111511e+02,1.236379296e-01
2.179181366e+02,-1.257473137e-02
2.181251221e+02,1.612921990e-02
2.183321228e+02,-1.663034409e-02
2.185391388e+02,-3.155919537e-02
2.187461700e+02,-2.393744141e-02
2.189532166e+02,-3.446105868e-02
2.191602783e+02,-9.393173270e-03
2.193673401e+02,-8.833778091e-03
2.195744171e+02,6.060111802e-03
2.197815247e+02,-1.526681986e-02
2.199886322e+02,2.633817680e-02
2.201957397e+02,1.347209420e-02
2.204028778e+02,-4.418054596e-02
2.206100159e+02,-1.156082842e-02
2.208171844e+02,-3.869148344e-02
2.210243530e+02,-2.058107220e-02
2.212315369e+02,-1.628072374e-02
2.214387360e+02,4.168657586e-02
2.216459351e+02,-4.687263444e-02
2.218531647e+02,-1.869311370e-02
2.220603943e+02,9.556330042e-04
2.222676392e+02,-1.082662214e-02
2.224748993e+02,6.280373037e-02
2.226821747e+02,8.944492042e-02
2.228894653e+02,-5.722143687e-03
2.230967712e+02,-4.029974341e-02
2.233040771e+02,6.818790734e-02
2.235113983e+02,-1.264465600e-02
2.237187347e+02,-2.079084516e-02
2.239260864e+02,6.885219365e-02
2.241334534e+02,-4.690759629e-02
2.243408203e+02,-5.054366216e-02
2.245482178e+02,3.147761896e-02
2.247556152e+02,5.269966274e-02
2.249630280e+02,-2.089573070e-02
2.251704559e+02,5.434288457e-02
2.253778839e+02,8.857086301e-02
2.255853424e+02,4.651135579e-02
2.257928009e+02,-3.837682307e-02
2.260002899e+02,9.696179070e-03
2.262077789e+02,-3.323738277e-02
2.264152832e+02,-4.918013699e-03
2.266227875e+02,-3.253813833e-02
2.268303223e+02,4.231589660e-02
2.270378571e+02,-1.907769777e-02
2.272454224e+02,3.448436782e-02
2.274529877e+02,-3.869148344e-02
2.276605682e+02,-5.603272468e-02
2.278681488e+02,-2.376263030e-02
2.280757599e+02,4.242077935e-03
2.282833710e+02,1.826191321e-02
2.284910126e+02,-5.355041102e-02
2.286986542e+02,-4.610346630e-02
2.289063110e+02,2.144347131e-02
2.291139679e+02,-8.798816241e-03
2.293216553e+02,3.721141815e-02
2.295293427e+02,-1.579125226e-02
2.297370605e+02,1.247916818e-01
2.299447784e+02,4.930832982e-02
2.301525116e+02,-5.718647689e-02
2.303602448e+02,3.123288276e-03
2.305680084e+02,-3.131446242e-02
2.307757721e+02,8.472502232e-03
2.309835663e+02,-4.813127220e-03
2.311913605e+02,1.419231594e-01
2.313991699e+02,7.808220573e-03
2.316069794e+02,-4.155838117e-02
2.318148193e+02,5.717482418e-02
2.320226746e+02,1.126947720e-02
2.322305298e+02,1.109116971e-01
2.324384003e+02,-2.981108800e-02
2.326462860e+02,5.151094869e-02
2.328541870e+02,-4.736210406e-02
2.330620880e+02,-2.484645694e-02
2.332700195e+02,-2.607013471e-02
2.334779510e+02,-1.180556323e-02
2.336858978e+02,5.102147907e-02
2.338938599e+02,-2.893703245e-02
2.341018372e+02,-8.728891611e-03
2.343098145e+02,-6.421387196e-02
2.345178223e+02,6.937662512e-02
2.347258301e+02,-1.219014730e-02
2.349338531e+02,-2.652464248e-02
2.351418915e+02,5.969209969e-02
2.353499298e+02,1.322735939e-02
2.355579987e+02,-5.795564502e-02
2.357660675e+02,-6.267553568e-02
2.359741669e+02,-8.833778091e-03
2.361822662e+02,3.046371415e-02
2.363903809e+02,6.130035967e-02
2.365984955e+02,-1.547659282e-02
2.368066406e+02,-3.666367382e-02
2.370147858e+02,-1.267961785e-02
2.372229462e+02,-5.861992482e-03
2.374311371e+02,2.462503128e-02
2.376393127e+02,7.713823020e-02
2.378475189e+02,-6.771009415e-03
2.380557404e+02,5.500716623e-03
2.382639618e+02,4.172153771e-02
2.384721985e+02,-2.823778987e-02
2.386804504e+02,1.515027881e-02
2.388887177e+02,1.178691685e-01
2.390970001e+02,1.685293764e-01
2.393052826e+02,-2.075588331e-02
2.395135956e+02,-6.561236456e-03
2.397219086e+02,4.857412726e-02
2.399302368e+02,6.158005819e-02
2.401385803e+02,-5.187222362e-02
2.403469238e+02,7.046045363e-02
2.405552979e+02,1.221345551e-02
2.407636719e+02,-4.432039335e-02
2.409720612e+02,-1.960213110e-02
2.411804657e+02,-3.785238788e-02
2.413888855e+02,-1.505704690e-02
2.415973206e+02,4.102229606e-03
2.418057556e+02,-2.736373432e-02
2.420142059e+02,2.661787532e-02
2.422226715e+02,2.038062215e-01
2.424311523e+02,-2.890207060e-02
2.426396484e+02,6.934166420e-03
2.428481598e+02,4.871397279e-03
2.430566711e+02,-3.264302388e-02
2.432651978e+02,-1.778409630e-02
2.434737549e+02,-2.156001283e-03
2.436822968e+02,-5.141771585e-02
2.438908691e+02,-5.627746135e-02
2.440994568e+02,7.808220689e-04
2.443080444e+02,-4.309671745e-02
2.445166473e+02,7.962054014e-02
2.447252655e+02,4.472828656e-02
2.449338989e+02,-1.914762147e-02
2.451425476e+02,-4.260724783e-02
2.453511963e+02,-3.274790943e-02
2.455598755e+02,-3.974034917e-03
2.457685547e+02,1.389513612e-01
2.459772491e+02,-5.704662949e-02
2.461859589e+02,-2.893703245e-02
2.463946686e+02,5.465754494e-02
2.466034088e+02,-2.260887763e-03
2.468121490e+02,-7.208036631e-02
2.470209045e+02,-5.687181838e-03
2.472296753e+02,3.406481817e-02
2.474384613e+02,-2.739869617e-02
2.476472626e+02,1.126947720e-02
2.478560638e+02,8.157842793e-03
2.480648804e+02,-1.547659282e-02
2.482737122e+02,2.969454788e-02
2.484825592e+02,-3.407647461e-02
2.486914215e+02,1.413637586e-02
2.489002991e+02,-1.376344543e-02
2.491091766e+02,-4.124372080e-02
2.493180695e+02,3.336557746e-02
2.495269775e+02,8.612350561e-03
2.497359009e+02,-2.981108800e-02
2.499448395e+02,2.144347131e-02
2.501537781e+02,-5.033388734e-02
2.503627472e+02,2.042956837e-02
2.505717163e+02,3.409978375e-02
2.507807007e+02,-7.131119817e-02
2.509897003e+02,-3.379677655e-03
2.511987000e+02,8.986446261e-02
2.514077301e+02,-4.320160300e-02
2.516167603e+02,8.147353679e-02
2.518258057e+02,-5.089328438e-02
2.520348663e+02,7.406155765e-02
2.522439423e+02,-1.711981557e-02
2.524530182e+02,1.287773717e-02
2.526621246e+02,-4.285198078e-02
2.528712311e+02,2.598855644e-03
2.530803528e+02,3.892456414e-03
2.532894897e+02,-2.093069255e-02
2.534986420e+02,-4.372603819e-02
2.537077942e+02,-1.540666819e-02
2.539169617e+02,-7.190555334e-03
2.541261444e+02,5.189553276e-02
2.543353424e+02,2.948477305e-02
2.545445557e+02,9.385015070e-02
2.547537842e+02,-2.498630621e-02
2.549630127e+02,6.455184519e-02
2.551722717e+02,-4.830608144e-02
2.553815308e+02,1.973032579e-02
2.555908051e+02,-3.449602053e-02
2.558000793e+02,-3.862155601e-02
2.560093689e+02,1.976528764e-02
2.562186890e+02,2.787651308e-02
2.564280090e+02,2.462503128e-02
2.566373596e+02,-1.051196270e-02
2.568467102e+02,-3.477571905e-02
2.570560608e+02,-2.795809135e-02
2.572654419e+02,4.591700062e-02
2.574748230e+02,-4.285198078e-02
2.576842041e+02,-2.299346216e-02
2.578936157e+02,-2.019648813e-02
2.581030579e+02,-1.498712227e-02
2.583125000e+02,5.885300692e-03
2.585219421e+02,-2.907688171e-02
2.587313843e+02,1.619914430e-03
2.589408569e+02,1.682846434e-02
2.591503601e+02,-2.313331142e-02
2.593598633e+02,-1.589613967e-02
2.595693665e+02,5.811880156e-02
2.597789001e+02,5.640565418e-03
2.599884338e+02,-5.396995693e-02
2.601979675e+02,-3.169904463e-03
2.604075317e+02,8.996934630e-03
2.606170959e+02,-8.064609952e-03
2.608266907e+02,-4.218770191e-02
2.610362854e+02,-5.071847141e-02
2.612459106e+02,1.480065752e-02
2.614555359e+02,-1.411306765e-02
2.616651611e+02,-6.945820060e-03
2.618748169e+02,-4.232754931e-02
2.620844727e+02,-6.211614236e-03
2.622941284e+02,1.018564962e-02
2.625038147e+02,-4.722225294e-02
2.627135315e+02,-3.554488532e-03
2.629232483e+02,3.287610412e-02
2.631329651e+02,-4.484482482e-02
2.633426819e+02,-5.410980433e-02
2.635524292e+02,2.263218537e-02
2.637622070e+02,-4.400573298e-02
2.639719849e+02,-7.959723473e-03
2.641817627e+02,-9.463096969e-03
2.643915710e+02,-1.467246283e-02
2.646013794e+02,-9.707832709e-03
2.648111877e+02,-3.456594422e-02
2.650210266e+02,-3.134942427e-02
2.652308655e+02,-7.155593485e-03
2.654407349e+02,1.057023276e-02
2.656506042e+02,3.752607619e-03
2.658605042e+02,-1.376344543e-02
2.660704041e+02,4.137191549e-02
2.662803040e+02,1.001083851e-02
2.664902344e+02,-5.484401062e-02
2.667001648e+02,1.445453167e-01
2.669101257e+02,-3.204866871e-02
2.671200867e+02,-1.365855895e-02
2.673300476e+02,1.532508992e-02
2.675400391e+02,-7.015744690e-03
2.677500305e+02,1.308751013e-02
2.679600525e+02,-1.407810580e-02
2.681700745e+02,1.280082017e-01
2.683800964e+02,-1.191045064e-02
2.685901489e+02,-6.267553568e-02
2.688002014e+02,7.958558202e-02
2.690102844e+02,-3.023063391e-02
2.692203674e+02,-3.309753165e-02
2.694304504e+02,-5.896954797e-03
2.696405640e+02,3.329565004e-02
2.698506775e+02,-2.047618479e-02
2.700608215e+02,-5.183726177e-02
2.702709656e+02,-5.466919765e-02
2.704811401e+02,2.018483356e-02
2.706913147e+02,-1.344878599e-02
2.709014893e+02,1.361194346e-02
2.711116943e+02,-1.180556323e-02
2.713218994e+02,5.745451897e-03
2.715321045e+02,1.515027980e-04
2.717423401e+02,8.892048150e-03
2.719526062e+02,7.007586956e-02
2.721628418e+02,-5.120794475e-02
2.723731384e+02,-1.386833284e-02
2.725834045e+02,-3.795727715e-02
2.727937012e+02,-2.729381062e-02
2.730039978e+02,7.552997023e-02
2.732143250e+02,1.616418175e-02
2.734246521e+02,8.765835166e-01
2.736350098e+02,-4.781661183e-02
2.738453674e+02,7.213863544e-03
2.740557556e+02,-5.064854771e-02
2.742661133e+02,-4.110387340e-02
2.744765320e+02,-1.302924007e-02
2.746869202e+02,-4.952975735e-02
2.748973389e+02,-2.288857475e-02
2.751077881e+02,6.518116593e-02
2.753182373e+02,1.623410732e-02
2.755286865e+02,2.847087011e-02
2.757391663e+02,-5.431957915e-02
2.759496460e+02,-2.260887809e-02
2.761601257e+02,-5.903947353e-02
2.763706360e+02,7.248825580e-02
2.765811462e+02,1.154567823e-01
2.767916870e+02,1.756267063e-02
2.770022278e+02,-5.477408413e-03
2.772127991e+02,1.072756276e-01
2.774233704e+02,4.825946689e-02
2.776339417e+02,7.094991952e-02
2.778445435e+02,2.686261013e-02
2.780551453e+02,-3.715314716e-02
2.782657471e+02,-3.323738277e-02
2.784763794e+02,-2.694418840e-02
2.786870422e+02,-3.729299409e-03
2.788976746e+02,-4.512452334e-02
2.791083679e+02,-1.107135788e-03
2.793190308e+02,4.416889045e-03
2.795297241e+02,-7.330404129e-03
2.797404175e+02,1.609425806e-02
2.799511414e+02,-1.967205480e-02
2.801618652e+02,-2.309834771e-02
2.803726196e+02,-4.480986297e-02
2.805833740e+02,-3.124453686e-02
2.807941284e+02,5.630076677e-02
2.810049133e+02,-1.323901303e-02
2.812156982e+02,5.630076677e-02
2.814265137e+02,-2.131527662e-02
2.816373291e+02,-3.757269308e-02
2.818481750e+02,-7.389839739e-02
2.820589905e+02,-4.606850073e-02
2.822698669e+02,1.523768455e-01
2.824807129e+02,2.431037091e-02
2.826915894e+02,-4.715232924e-02
2.829024963e+02,-1.928747073e-02
2.831134033e+02,1.654876629e-03
2.833243103e+02,7.133450359e-02
2.835352478e+02,-5.162748974e-03
2.837461853e+02,-7.379351556e-02
2.839571228e+02,5.350379273e-02
2.841680908e+02,-1.292435359e-02
2.843790588e+02,-2.942650393e-02
2.845900574e+02,-6.407402456e-02
2.848010559e+02,2.623329125e-02
2.850120850e+02,1.326232124e-02
2.852230835e+02,1.591944695e-02
2.854341431e+02,-6.704581529e-02
2.856452026e+02,-4.463505466e-03
2.858562622e+02,-5.935413018e-02
2.860673218e+02,1.896115765e-02
2.862784119e+02,-1.365855895e-02
2.864895020e+02,1.207360718e-02
2.867006226e+02,7.773258723e-03
2.869117432e+02,-3.715314716e-02
2.871228943e+02,-6.316500902e-02
2.873340454e+02,-2.089573070e-02
2.875451965e+02,-4.232754931e-02
2.877563782e+02,-3.722307086e-02
2.879675598e+02,-3.229340166e-02
2.881787720e+02,-1.012737863e-02
2.883899536e+02,-4.250235856e-02
2.886011963e+02,5.920263007e-03
2.888124390e+02,-5.526355654e-02
2.890236816e+02,-1.065181196e-02
2.892349243e+02,7.525026798e-02
2.894461975e+02,-2.516111732e-02
2.896575012e+02,-3.911102936e-02
2.898687744e+02,-1.704989187e-02
2.900801086e+02,2.511450090e-02
2.902914124e+02,-2.830771357e-02
2.905027466e+02,-4.432039335e-02
2.907141113e+02,7.983031683e-03
2.909254456e+02,5.598611012e-02
2.911368408e+02,5.710489932e-04
2.913482056e+02,-1.418299228e-02
2.915596008e+02,-1.736455015e-03
2.917710266e+02,1.022061147e-02
2.919824219e+02,4.315498844e-02
2.921938782e+02,-5.938909575e-02
2.924053040e+02,4.941321909e-03
2.926167603e+02,5.895789340e-02
2.928282471e+02,-3.627908975e-02
2.930397034e+02,-2.960131504e-02
2.932512207e+02,-5.372521933e-03
2.934627075e+02,-1.177060138e-02
2.936742249e+02,-1.177060185e-03
2.938857727e+02,-1.163075306e-02
2.940973206e+02,4.329483584e-02
2.943088684e+02,-3.365692869e-02
2.945204163e+02,1.424126234e-02
2.947320251e+02,-2.512615547e-02
2.949436035e+02,-4.033470526e-02
2.951552124e+02,-2.953138947e-02
2.953668213e+02,-1.114128251e-02
2.955784607e+02,-3.813208640e-02
2.957901001e+02,-1.621079817e-02
2.960017395e+02,-3.578962013e-02
2.962134094e+02,-7.760439068e-02
2.964250793e+02,-4.362114891e-02
2.966367798e+02,3.423963115e-02
2.968484802e+02,-1.072173589e-03
2.970601807e+02,-1.456757635e-02
2.972719116e+02,-2.295850078e-03
2.974836731e+02,5.056697130e-02
2.976954041e+02,7.406155765e-02
2.979071655e+02,1.340216957e-02
2.981189575e+02,3.116295859e-02
2.983307495e+02,-5.225680768e-02
2.985425415e+02,-4.515948519e-02
2.987543335e+02,-1.816868037e-02
2.989661865e+02,-3.166408464e-02
2.991780090e+02,-5.435454100e-02
2.993898621e+02,-3.037048317e-02
2.996017151e+02,1.001083851e-02
2.998135986e+02,-4.327152669e-02
3.000254822e+02,2.249233797e-02
3.002373657e+02,6.095073652e-03
3.004492798e+02,-2.135024033e-02
3.006611938e+02,-6.005337462e-02
3.008731384e+02,3.787569702e-02
3.010850830e+02,-3.169904463e-03
3.012970581e+02,5.315417051e-02
3.015090027e+02,-5.078839883e-02
3.017210083e+02,1.129045412e-01
3.019329834e+02,-3.491556644e-02
3.021450195e+02,-1.177060185e-03
3.023570251e+02,-5.330567434e-02
3.025690613e+02,2.658291347e-02
3.027810974e+02,4.759518430e-02
3.029931641e+02,-3.900614008e-02
3.032052307e+02,1.662917882e-01
3.034172974e+02,3.312084079e-02
3.036293945e+02,-6.924843043e-02
3.038414917e+02,3.263137070e-03
3.040536194e+02,3.298099153e-03
3.042657471e+02,-5.036884919e-02
3.044779053e+02,6.612513959e-02
3.046900635e+02,-4.113883711e-03
3.049022217e+02,-3.127950057e-02
3.051143799e+02,-4.813127220e-03
3.053265991e+02,-1.131609268e-02
3.055387878e+02,-4.313167930e-02
3.057510071e+02,-5.327071249e-02
3.059632263e+02,-4.414558411e-02
3.061754761e+02,1.270292606e-02
3.063877258e+02,6.969128270e-03
3.065999756e+02,-3.697833419e-02
3.068122559e+02,-4.704744369e-02
3.070245361e+02,-5.376018211e-02
3.072368469e+02,-4.131364450e-02
3.074491577e+02,-3.002086096e-02
3.076614990e+02,-6.071765907e-03
3.078738098e+02,5.507709086e-02
3.080861816e+02,-1.040707622e-02
3.082985229e+02,-5.652219430e-02
3.085108948e+02,4.413392767e-02
3.087232971e+02,-2.890207060e-02
3.089356995e+02,-2.257391624e-02
3.091481018e+02,-8.204459213e-03
3.093605347e+02,4.409896582e-02
3.095729675e+02,-4.456513003e-02
3.097854004e+02,5.815376528e-03
3.099978638e+02,-5.799060687e-02
3.102103271e+02,2.983439527e-02
3.104228210e+02,1.084993035e-02
3.106353149e+02,6.479657721e-03
3.108478088e+02,-3.264302388e-02
3.110603333e+02,-5.096320808e-02
3.112728577e+02,-2.086076885e-02
3.114854126e+02,4.451851174e-02
3.116979675e+02,-3.253813833e-02
3.119105225e+02,-2.190963365e-02
3.121231079e+02,6.325824559e-02
3.123356934e+02,-2.257391624e-02
3.125483093e+02,8.346638083e-02
3.127609253e+02,2.598855644e-03
3.129735413e+02,-3.183889389e-02
3.131861877e+02,-4.089409858e-02
3.133988342e+02,-1.418299228e-02
3.136115112e+02,-3.634901717e-02
3.138241882e+02,-1.236495841e-02
3.140368652e+02,1.399652753e-02
3.142495728e+02,-4.131364450e-02
3.144622803e+02,5.766429380e-02
3.146750183e+02,1.029752791e-01
3.148877563e+02,-1.278450433e-02
3.151004944e+02,-4.225762561e-02
3.153132629e+02,-2.169986069e-02
3.155260315e+02,8.507464663e-04
3.157388306e+02,-1.365855895e-02
3.159516296e+02,-6.036803499e-02
3.161644287e+02,-5.036884919e-02
3.163772583e+02,-3.956553712e-02
3.165900879e+02,-7.190555334e-03
3.168029480e+02,-5.792068318e-03
3.170158081e+02,-6.840933580e-03
3.172286682e+02,-9.567984380e-03
3.174415588e+02,5.521694198e-02
3.176544495e+02,-4.886547849e-02
3.178673706e+02,1.372731775e-01
3.180802612e+02,2.329646796e-02
3.182932129e+02,-8.379269391e-03
3.185061646e+02,-6.746535748e-02
3.187191162e+02,-5.452935025e-02
3.189320679e+02,-1.697996631e-02
3.191450500e+02,2.410059795e-02
3.193580322e+02,3.413474560e-02
3.195710449e+02,-1.124616899e-02
3.197840576e+02,1.654876629e-03
3.199971008e+02,-3.187385574e-02
3.202101440e+02,2.745696716e-02
3.204231873e+02,1.021711528e-01
3.206362610e+02,1.864649705e-03
3.208493347e+02,-4.250235856e-02
3.210624084e+02,-6.082254276e-02
3.212755127e+02,-1.991678961e-02
3.214886169e+02,-2.016152488e-03
3.217017517e+02,-3.932080045e-02
3.219148865e+02,1.133940089e-02
3.221280518e+02,-5.047373846e-02
3.223411865e+02,4.374934360e-02
3.225543823e+02,4.714067653e-02
3.227675476e+02,2.144347178e-03
3.229807434e+02,6.325824559e-02
3.231939697e+02,-2.813290246e-02
3.234071960e+02,-3.502045199e-02
3.236204224e+02,2.413555980e-02
3.238336792e+02,3.032386675e-02
3.240469360e+02,-3.446105868e-02
3.242601929e+02,4.941321909e-02
3.244734802e+02,-1.628072374e-02
3.246867676e+02,-2.355285734e-02
3.249000854e+02,-3.928583860e-02
3.251134033e+02,2.941484936e-02
3.253267212e+02,-2.491638251e-02
3.255400696e+02,9.556329809e-03
3.257534180e+02,9.766102768e-03
3.259667969e+02,7.035556436e-02
3.261801758e+02,-1.725966483e-02
3.263935547e+02,-4.536926001e-02
3.266069641e+02,-3.540503606e-02
3.268203735e+02,8.902537078e-02
3.270337830e+02,1.057023276e-02
3.272472229e+02,-1.040707622e-02
3.274606934e+02,-2.369270660e-02
3.276741333e+02,-9.043551050e-03
3.278876038e+02,8.371111751e-02
3.281011047e+02,-1.607095078e-02
3.283146057e+02,-1.334389951e-02
3.285281067e+02,-2.729381062e-02
3.287416382e+02,-2.334308438e-02
3.289551697e+02,-2.680433972e-04
3.291687317e+02,-2.862237394e-02
3.293822632e+02,5.951729044e-02
3.295958557e+02,-7.445779443e-02
3.298094177e+02,9.416481480e-03
3.300230103e+02,2.389082499e-02
3.302366333e+02,-2.285361290e-02
3.304502563e+02,5.675527733e-03
3.306638794e+02,-2.397240326e-02
3.308775330e+02,6.794317625e-03
3.310911865e+02,-5.795564502e-02
3.313048401e+02,-3.204866871e-02
3.315185242e+02,-2.337804623e-02
3.317322083e+02,-1.313412655e-02
3.319459229e+02,1.553486288e-02
3.321596375e+02,1.084993035e-01
3.323733521e+02,1.301758643e-02
3.325870972e+02,9.066859260e-03
3.328008423e+02,-9.567984380e-03
3.330146179e+02,-4.603353888e-02
3.332283936e+02,1.353502572e-01
3.334421692e+02,1.126947720e-02
3.336559753e+02,4.339972138e-02
3.338697815e+02,-5.882969871e-02
3.340835876e+02,5.395830143e-03
3.342974243e+02,-7.924761623e-03
3.345112915e+02,1.234281585e-01
3.347251282e+02,-6.033307314e-02
3.349389954e+02,1.871642098e-02
3.351528931e+02,5.850338377e-03
3.353667908e+02,-2.418217622e-02
3.355806885e+02,-3.865652159e-02
3.357946167e+02,4.871397279e-03
3.360085449e+02,-3.802720085e-02
3.362224731e+02,1.794725424e-03
3.364364319e+02,-2.082580701e-02
3.366503906e+02,6.906196475e-02
3.368643799e+02,3.675690666e-02
3.370783691e+02,4.462339729e-02
3.372923889e+02,-4.617339000e-02
3.375063782e+02,-1.135105547e-02
3.377204285e+02,-3.557984903e-02
3.379344482e+02,1.102474146e-02
3.381484985e+02,-2.921673097e-02
3.383625793e+02,-5.180229992e-02
3.385766296e+02,-7.924761623e-03
3.387907410e+02,-5.239665881e-02
3.390048218e+02,-2.061603405e-02
3.392189331e+02,-3.030055761e-02
3.394330444e+02,2.396074869e-02
3.396471863e+02,1.745778322e-02
3.398613281e+02,-3.799223900e-02
3.400755005e+02,-3.886629269e-02
3.402896729e+02,1.962543838e-02
3.405038452e+02,7.213863544e-03
3.407180481e+02,-2.841260098e-02
3.409322510e+02,-5.851503834e-02
3.411464539e+02,4.014823958e-02
3.413606873e+02,2.067430317e-02
3.415749207e+02,-1.666530780e-02
3.417891846e+02,-5.459927395e-02
3.420034485e+02,4.825946689e-02
3.422177124e+02,-4.288694263e-02
3.424320068e+02,3.109303489e-02
3.426463318e+02,-3.355203941e-02
3.428606262e+02,-3.837682307e-02
3.430749512e+02,1.399652753e-02
3.432892761e+02,-3.655878827e-02
3.435036316e+02,4.703579098e-02
3.437179871e+02,-5.292109028e-02
3.439323730e+02,-7.026233524e-02
3.441467590e+02,-7.330404129e-03
3.443611450e+02,-5.592783913e-02
3.445755615e+02,-3.823697194e-02
3.447899780e+02,-4.571888223e-02
3.450044250e+02,-1.152586658e-02
3.452188721e+02,-2.624494582e-02
3.454333191e+02,-1.205029897e-02
3.456477661e+02,-5.596280098e-02
3.458622742e+02,-3.554488719e-02
3.460767517e+02,4.483317211e-02
3.462912598e+02,-2.023144998e-02
3.465057678e+02,-5.701166391e-02
3.467203064e+02,4.976283759e-03
3.469348450e+02,-1.313412655e-02
3.471493835e+02,-1.246984466e-03
3.473639526e+02,-4.778164905e-03
3.475785217e+02,3.696668148e-02
3.477931213e+02,-1.456757635e-02
3.480077209e+02,3.448436782e-02
3.482223206e+02,-2.295850078e-03
3.484369507e+02,-4.592865333e-02
3.486515808e+02,-7.575139403e-03
3.488662109e+02,-2.631486952e-02
3.490808716e+02,4.119710624e-02
3.492955627e+02,-4.320160300e-02
3.495102234e+02,6.444695871e-03
3.497249146e+02,-4.274709523e-02
3.499396362e+02,-4.987937864e-03
3.501543579e+02,-1.058188733e-02
3.503690796e+02,-2.593028545e-02
3.505838318e+02,-2.690922655e-02
3.507985840e+02,2.497465163e-02
3.510133362e+02,-2.414721437e-02
3.512281189e+02,5.630076677e-02
3.514429016e+02,9.556329809e-03
3.516577148e+02,-5.393499509e-02
3.518725281e+02,1.038843021e-01
3.520873413e+02,3.448436782e-02
3.523021851e+02,-4.400573298e-02
3.525170288e+02,6.769844145e-02
3.527318726e+02,-2.659456618e-02
3.529467468e+02,-2.393744141e-02
3.531616516e+02,5.116132647e-02
3.533765259e+02,1.060519554e-02
3.535914307e+02,-2.474157140e-02
3.538063660e+02,-3.082499094e-02
3.540213013e+02,1.787732914e-02
3.542362366e+02,2.703742124e-03
3.544512024e+02,-1.082662214e-02
3.546661682e+02,5.727970973e-02
3.548811340e+02,-6.875895779e-04
3.550961304e+02,-4.330648854e-02
3.553111267e+02,-7.298938185e-02
3.555261536e+02,3.287610412e-02
3.557411804e+02,-3.316745535e-02
3.559562073e+02,8.011001348e-02
3.561712646e+02,-5.522859469e-02
3.563863220e+02,6.287366152e-02
3.566013794e+02,1.864649728e-02
3.568164673e+02,-5.645227060e-02
3.570315857e+02,1.305254758e-03
3.572466736e+02,-2.365774242e-03
3.574617920e+02,4.203619808e-02
3.576769409e+02,-3.159415722e-02
3.578920898e+02,5.360867828e-03
3.581072388e+02,-3.281783685e-02
3.583223877e+02,5.839850008e-02
3.585375671e+02,1.239525899e-01
3.587527771e+02,-3.232836351e-02
3.589679871e+02,-4.449520260e-02
3.591831970e+02,-1.750439964e-02
3.593984070e+02,-3.942568973e-02
3.596136475e+02,2.424044767e-03
3.598289185e+02,-2.760847099e-02
3.600441589e+02,7.668372244e-03
3.602594299e+02,6.689431146e-03
3.604747314e+02,5.224515498e-02
3.606900330e+02,5.675527733e-03
3.609053345e+02,7.836190611e-02
3.611206665e+02,-4.194296524e-02
3.613359985e+02,-2.190963365e-02
3.615513306e+02,-3.767757863e-02
3.617666931e+02,-4.638316110e-03
3.619820557e+02,-6.767512858e-02
3.621974487e+02,2.997424453e-02
3.624128418e+02,2.906522714e-02
3.626282349e+02,1.934574102e-03
3.628436584e+02,-2.960131504e-03
3.630590820e+02,-6.809467822e-02
3.632745056e+02,7.483072579e-02
3.634899597e+02,-1.166571490e-02
3.637054443e+02,1.280781254e-02
3.639208984e+02,-2.722388692e-02
3.641363831e+02,2.738704206e-03
3.643518982e+02,-6.316500902e-02
3.645674133e+02,-4.239747301e-02
3.647829285e+02,7.210367173e-02
3.649984436e+02,1.293018013e-01
3.652139893e+02,1.997506060e-02
3.654295654e+02,-2.051114803e-03
3.656451111e+02,-5.494889617e-02
3.658607178e+02,-1.295931544e-02
3.660762939e+02,-2.561562508e-02
3.662919006e+02,1.927581616e-02
3.665075073e+02,6.088081375e-02
3.667231445e+02,8.220774680e-02
3.669387817e+02,-1.365855895e-02
3.671544495e+02,-6.407402456e-02
3.673700867e+02,-3.837682307e-02
3.675857849e+02,-1.516193338e-02
3.678014526e+02,6.794317812e-02
3.680171509e+02,2.986935712e-02
3.682328796e+02,-3.634901717e-02
3.684485779e+02,4.270048067e-02
3.686643066e+02,-2.974116243e-02
3.688800659e+02,2.738704206e-03
3.690958252e+02,-3.505541384e-02
3.693115845e+02,2.619832940e-02
3.695273743e+02,1.090237424e-01
3.697431641e+02,2.875056863e-02
3.699589539e+02,-3.519526497e-02
3.701747742e+02,2.490472794e-02
3.703906250e+02,-4.106891155e-02
3.706064453e+02,2.098896354e-02
3.708222961e+02,-2.446187288e-02
3.710381775e+02,-4.813127220e-03
3.712540283e+02,2.163226753e-01
3.714699097e+02,-1.603598706e-02
3.716858215e+02,-4.145349562e-02
3.719017334e+02,1.252461970e-01
3.721176453e+02,1.997506060e-02
3.723335876e+02,-8.938664570e-03
3.725495300e+02,-4.068432748e-02
3.727654724e+02,-5.351544917e-02
3.729814453e+02,1.777244359e-02
3.731974182e+02,-3.166408464e-02
3.734134216e+02,-1.600102521e-02
3.736294250e+02,-6.736047100e-03
3.738454285e+02,7.955061644e-02
3.740614624e+02,-3.309753165e-02
3.742774963e+02,9.381518699e-03
3.744935608e+02,-5.827030400e-04
3.747096252e+02,-3.991515934e-02
3.749256897e+02,-6.421387196e-02
3.751417847e+02,-6.103231758e-02
3.753578796e+02,-1.456757658e-03
3.755739746e+02,4.430874065e-02
3.757901001e+02,-3.718810901e-02
3.760062256e+02,-2.897199616e-02
3.762223816e+02,1.270292606e-02
3.764385376e+02,9.322082996e-02
3.766546936e+02,-5.491393432e-02
3.768708801e+02,7.647394389e-02
3.770870667e+02,-5.271131545e-02
3.773032837e+02,-2.250399068e-02
3.775194702e+02,-1.757432334e-02
3.777357178e+02,-3.631405532e-02
3.779519348e+02,4.074259847e-02
3.781681824e+02,5.357371643e-02
3.783844604e+02,-3.813208640e-02
3.786007385e+02,-4.057943821e-02
3.788170166e+02,-4.155838117e-02
3.790332947e+02,1.452095956e-01
3.792496033e+02,-4.501963779e-02
3.794659424e+02,6.997098029e-02
3.796822510e+02,-2.680433914e-02
3.798986206e+02,4.836435430e-03
3.801149597e+02,-7.173074782e-02
3.803313293e+02,-5.966879055e-02
3.805476990e+02,-4.358618986e-03
3.807640991e+02,-3.498549014e-02
3.809804993e+02,-1.551155467e-02
3.811968994e+02,-5.659211800e-02
3.814133301e+02,-3.295768425e-02
3.816297607e+02,-1.239992119e-02
3.818462219e+02,3.542834427e-03
3.820626831e+02,1.675853878e-02
3.822791443e+02,-1.809875667e-02
3.824956360e+02,-1.530178171e-02
3.827121277e+02,-4.453016818e-02
3.829286194e+02,-2.037129924e-02
3.831451416e+02,1.032899395e-01
3.833616638e+02,1.305954009e-01
3.835782166e+02,-4.222266376e-02
3.837947693e+02,-4.918013513e-02
3.840113220e+02,2.186301909e-02
3.842279053e+02,1.626906916e-02
3.844444885e+02,-2.435698733e-02
3.846610718e+02,-6.764017045e-02
3.848776855e+02,7.091496140e-02
3.850943298e+02,-2.414721437e-02
3.853109436e+02,2.675772458e-02
3.855275879e+02,-4.680270702e-02
3.857442627e+02,-4.033470526e-02
3.859609070e+02,6.364282966e-02
3.861776123e+02,-3.617420420e-02
3.863942871e+02,-2.086076885e-02
3.866109924e+02,3.574300557e-02
3.868276978e+02,-4.442527890e-02
3.870444336e+02,-1.502208412e-02
3.872611694e+02,-1.530178171e-02
3.874779358e+02,-2.495134436e-02
3.876947021e+02,2.455510572e-02
3.879114685e+02,-5.271131545e-02
3.881282349e+02,-3.023063391e-02
3.883450317e+02,-3.313249350e-02
3.885618591e+02,3.962380579e-04
3.887786560e+02,-7.739461958e-02
3.889955139e+02,-4.484482482e-02
3.892123413e+02,3.350542486e-02
3.894291992e+02,7.633409929e-03
3.896460571e+02,5.427296087e-02
3.898629456e+02,-5.652219523e-03
3.900798340e+02,-4.966960847e-02
3.902967224e+02,-2.953138947e-02
3.905136414e+02,2.378593758e-02
3.907305603e+02,-4.935494810e-02
3.909475098e+02,1.242322847e-02
3.911644592e+02,-5.582295358e-03
3.913814087e+02,1.326931417e-01
3.915983887e+02,-6.313005090e-02
3.918153687e+02,7.948069833e-03
3.920323486e+02,-2.561562508e-02
3.922493591e+02,3.493887559e-02
3.924663696e+02,8.892048150e-03
3.926834106e+02,9.056370705e-02
3.929004517e+02,-1.086158492e-02
3.931174927e+02,-5.820038170e-02
3.933345642e+02,1.132192016e-01
3.935516357e+02,1.471674740e-01
3.937687073e+02,-4.124372080e-02
3.939858093e+02,1.003531218e-01
3.942029114e+02,-7.935249805e-02
3.944200439e+02,4.312002566e-03
3.946371765e+02,4.105725512e-02
3.948543091e+02,3.196708858e-02
3.950714722e+02,2.203782834e-02
3.952886353e+02,-1.180556323e-02
3.955058289e+02,-3.638397902e-02
3.957230225e+02,4.661624320e-03
3.959402161e+02,-5.746617541e-02
3.961574402e+02,8.832612634e-02
3.963746643e+02,-4.515948519e-02
3.965918884e+02,-3.995012119e-02
3.968091431e+02,-6.134697795e-02
3.970263977e+02,9.385015070e-02
3.972436829e+02,-4.694255814e-02
3.974609375e+02,-3.012574650e-02
3.976782532e+02,-6.361951679e-02
3.978955383e+02,-1.750439964e-02
3.981128845e+02,6.682438403e-02
3.983302002e+02,-2.351789549e-02
3.985475464e+02,7.598447613e-03
3.987648926e+02,6.091577560e-02
3.989822693e+02,2.242241241e-02
3.991996155e+02,1.710816100e-02
3.994170227e+02,-5.396995693e-02
3.996343994e+02,7.563485298e-03
3.998518372e+02,-4.334145412e-02
4.000692444e+02,-7.487734407e-02
4.002866821e+02,-8.372277021e-02
4.005041199e+02,-7.924761157e-04
4.007215881e+02,1.301758643e-02
4.009390564e+02,-4.638316110e-02
4.011565247e+02,7.315254211e-02
4.013740234e+02,-3.645390272e-02
4.015915222e+02,-6.211614236e-03
4.018090210e+02,9.322082996e-02
4.020265503e+02,-5.466919765e-02
4.022440796e+02,7.479576021e-02
4.024616394e+02,-4.869066551e-02
4.026791992e+02,-3.946065158e-02
4.028967590e+02,-2.526600473e-02
4.031143494e+02,-4.834104329e-02
4.033319397e+02,-3.694337327e-03
4.035495605e+02,-2.019648813e-02
4.037671814e+02,-1.687508076e-02
4.039848022e+02,1.309799850e-01
4.042024231e+02,-5.194215104e-02
4.044200745e+02,-3.155919537e-02
4.046377563e+02,-3.624412930e-03
4.048554382e+02,-4.068432748e-02
4.050731201e+02,5.116132554e-03
4.052908020e+02,-1.379840821e-02
4.055085144e+02,-4.141853377e-02
4.057262268e+02,-3.676856309e-02
4.059439697e+02,-2.142016403e-02
4.061617126e+02,6.102066115e-02
4.063794556e+02,-5.271131545e-02
4.065972290e+02,1.801717840e-02
4.068150024e+02,-4.743202776e-02
4.070328064e+02,-4.243243486e-02
4.072506104e+02,6.692927331e-02
4.074684143e+02,1.421329230e-01
4.076862488e+02,-6.403906643e-02
4.079040833e+02,-3.439113498e-02
4.081219177e+02,-4.879555106e-02
4.083397827e+02,-2.288857475e-02
4.085576477e+02,-6.281538866e-03
4.087755432e+02,-1.963709295e-02
4.089934387e+02,1.304205954e-01
4.092113342e+02,-4.568391945e-03
4.094292603e+02,1.693334989e-02
4.096471863e+02,-3.085995279e-02
4.098651123e+02,5.535678938e-03
4.100830688e+02,1.798221655e-02
4.103010254e+02,-1.656042039e-02
4.105189819e+02,-6.131201237e-02
4.107369690e+02,-4.568392038e-02
4.109549866e+02,5.958721414e-02
4.111729736e+02,4.451851360e-03
4.113909912e+02,-1.645553485e-02
4.116090393e+02,-3.222347796e-02
4.118270874e+02,1.829687506e-02
4.120451355e+02,-6.316500902e-02
4.122631836e+02,3.175731748e-02
4.124812622e+02,-5.861992482e-03
4.126993713e+02,-1.600102521e-02
4.129174500e+02,1.158413664e-02
4.131355591e+02,-5.697670206e-02
4.133536987e+02,-2.107054181e-02
4.135718079e+02,4.850419983e-02
4.137899780e+02,-1.739951223e-02
4.140081177e+02,-3.571969643e-02
4.142262878e+02,1.214353181e-02
4.144444580e+02,-6.368944049e-02
4.146626587e+02,8.612350561e-03
4.148808594e+02,-4.127868265e-02
4.150990906e+02,2.875056863e-02
4.153172913e+02,2.004498430e-02
4.155355225e+02,1.375179179e-02
4.157537842e+02,1.738785952e-02
4.159720459e+02,5.046208389e-03
4.161903076e+02,-3.547495976e-02
4.164085999e+02,-2.156001329e-02
4.166268921e+02,-5.641730875e-02
4.168451843e+02,8.559907973e-02
4.170635071e+02,-4.802638665e-02
4.172818298e+02,-2.016152442e-02
4.175001831e+02,3.647721186e-02
4.177185364e+02,-1.142097986e-03
4.179368896e+02,2.563893422e-02
4.181552734e+02,-7.008752227e-02
4.183736572e+02,5.011245958e-04
4.185920410e+02,4.486813210e-03
4.188104553e+02,2.340135351e-02
4.190288696e+02,6.294358522e-02
4.192473145e+02,-6.414394826e-02
4.194657288e+02,-2.211940661e-02
4.196842041e+02,-5.379514396e-02
4.199026489e+02,8.720733970e-02
4.201211243e+02,-5.351544917e-02
4.203396301e+02,1.812206395e-02
4.205581360e+02,6.934166420e-03
4.207766418e+02,-7.295442373e-02
4.209951477e+02,-4.687263444e-02
4.212136841e+02,-4.869066551e-02
4.214322205e+02,-1.505704690e-02
4.216507874e+02,5.238500237e-02
4.218693542e+02,-3.131446242e-02
4.220879211e+02,1.796823144e-01
4.223065186e+02,-1.624576002e-02
4.225251160e+02,3.668698296e-02
4.227437439e+02,-2.369270660e-02
4.229623718e+02,3.745615110e-02
4.231809998e+02,-1.862319000e-02
4.233996277e+02,5.007749796e-02
4.236182861e+02,-3.655878827e-02
4.238369751e+02,9.210204333e-02
4.240556641e+02,3.909937292e-02
4.242743530e+02,4.186138511e-02
4.244930420e+02,-4.400573298e-02
4.247117615e+02,1.281480491e-01
4.249304810e+02,-2.505623037e-03
4.251492310e+02,-1.879799925e-02
4.253679810e+02,-3.662871197e-02
4.255867310e+02,1.109466609e-02
4.258055115e+02,2.553404681e-02
4.260242920e+02,1.300010532e-01
4.262430725e+02,-3.106972575e-02
4.264618835e+02,-4.938990995e-02
4.266806946e+02,-1.670026965e-02
4.268995361e+02,-5.917932093e-02
4.271183777e+02,-4.624331370e-02
4.273372192e+02,-5.547333043e-03
4.275560913e+02,-7.120631170e-03
4.277749634e+02,8.290699124e-02
4.279938354e+02,-5.124290660e-02
4.282127380e+02,4.864405096e-02
4.284316406e+02,8.979453892e-02
4.286505737e+02,4.507790878e-02
4.288695068e+02,-7.260479778e-02
4.290884399e+02,6.199960597e-03
4.293074036e+02,5.871316046e-02
4.295263672e+02,1.620264053e-01
4.297453308e+02,6.717400998e-02
4.299643250e+02,-2.600020915e-02
4.301833191e+02,1.766056418e-01
4.304023438e+02,-4.092906043e-02
4.306213379e+02,-6.893377006e-02
4.308403931e+02,1.903108135e-02
4.310594177e+02,-5.029892549e-02
4.312784729e+02,5.986690894e-02
4.314975586e+02,-5.882969871e-02
4.317166138e+02,4.486813210e-03
4.319357300e+02,-3.432120755e-02
4.321548157e+02,-4.638316110e-02
4.323739319e+02,-5.390003324e-02
4.325930481e+02,-3.425128385e-02
4.328121948e+02,-9.672870860e-03
4.330313416e+02,-3.771254048e-02
4.332504883e+02,1.043038443e-02
4.334696655e+02,-1.068677381e-02
4.336888428e+02,-3.680352494e-02
4.339080200e+02,-4.159334302e-02
4.341272278e+02,-5.054366216e-02
4.343464355e+02,1.095481683e-02
4.345656738e+02,1.286375225e-01
4.347849121e+02,-5.498385802e-02
4.350041504e+02,-7.054203004e-02
4.352234192e+02,6.409733323e-04
4.354426880e+02,2.058689892e-01
4.356619568e+02,-6.271050125e-02
4.358812561e+02,-4.973953217e-02
4.361005554e+02,-2.753854543e-02
4.363198853e+02,-1.946228184e-02
4.365392151e+02,-3.362196684e-02
4.367585449e+02,-5.799060687e-02
4.369778748e+02,-1.900777407e-02
4.371972351e+02,3.490391374e-02
4.374166260e+02,9.531856328e-02
4.376360168e+02,-3.561481088e-02
4.378554077e+02,2.296083122e-01
4.380747986e+02,1.801717840e-02
4.382942200e+02,-2.257391624e-02
4.385136414e+02,-4.858577996e-02
4.387330933e+02,1.039542258e-01
4.389525452e+02,4.235085845e-02
4.391719971e+02,-4.568391945e-03
4.393914795e+02,-1.446268987e-02
4.396109619e+02,5.409815162e-02
4.398304443e+02,7.773258723e-03
4.400499573e+02,-7.281456888e-02
4.402694702e+02,-7.057699561e-02
4.404890137e+02,-1.372848358e-02
4.407085571e+02,-5.029892549e-02
4.409281006e+02,4.105725512e-02
4.411476746e+02,-1.981190289e-04
4.413672485e+02,2.424044721e-02
4.415868225e+02,5.032223463e-02
4.418064270e+02,-4.753691331e-02
4.420260315e+02,3.154754266e-02
4.422456360e+02,-2.540585212e-02
4.424652710e+02,1.191977337e-01
4.426849060e+02,-7.889799029e-02
4.429045715e+02,-5.701166391e-02
4.431242371e+02,-5.229176953e-02
4.433439026e+02,-2.481149510e-02
4.435635986e+02,-4.432039335e-02
4.437832947e+02,-2.299346216e-02
4.440029907e+02,-1.988182776e-02
4.442227173e+02,-4.096402228e-02
4.444424438e+02,-1.519689523e-02
4.446622009e+02,-4.624331370e-02
4.448819580e+02,6.234922446e-03
4.451017151e+02,-3.683848679e-02
4.453215027e+02,-1.656042039e-02
4.455412903e+02,-1.554651745e-02
4.457610779e+02,-4.844593257e-02
4.459808960e+02,-2.551073954e-02
4.462007141e+02,-1.432284061e-02
4.464205322e+02,1.710816100e-02
4.466403809e+02,4.906359594e-03
4.468602600e+02,1.714312285e-02
4.470801086e+02,-3.397158906e-02
4.472999878e+02,-6.239584088e-02
4.475198669e+02,-9.637908079e-03
4.477397766e+02,-4.956471920e-02
4.479596863e+02,-4.197792709e-02
4.481796265e+02,6.206952780e-02
4.483995361e+02,-3.030055959e-04
4.486194763e+02,6.650972366e-02
4.488394470e+02,-6.830444932e-02
4.490594177e+02,-5.666204542e-02
4.492793884e+02,3.738622740e-02
4.494993896e+02,-3.988019750e-02
4.497193909e+02,-3.645390272e-02
4.499393921e+02,-1.229503378e-02
4.501594238e+02,-7.994685322e-03
4.503794556e+02,2.343631722e-02
4.505994873e+02,7.944573462e-02
4.508195496e+02,1.256307811e-01
4.510396118e+02,-2.565058880e-02
4.512597046e+02,-3.631405532e-02
4.514797974e+02,8.542426862e-03
4.516998901e+02,8.857086068e-04
4.519200134e+02,-3.715314716e-02
4.521401367e+02,7.937581092e-02
4.523602600e+02,-4.169822857e-02
4.525804138e+02,-1.512697060e-02
4.528005676e+02,2.424044767e-03
4.530207520e+02,-4.376100004e-02
4.532409058e+02,-7.756943256e-02
4.534611206e+02,6.444695871e-03
4.536813049e+02,6.937662512e-02
4.539015198e+02,-1.949724369e-02
4.541217346e+02,-1.051196270e-02
4.543419800e+02,-1.883296296e-02
4.545622253e+02,-4.617339000e-02
4.547825012e+02,-2.121039107e-02
4.550027466e+02,-4.148845747e-02
4.552230225e+02,2.182805538e-02
4.554433289e+02,-4.571888223e-02
4.556636353e+02,-3.946065158e-02
4.558839417e+02,-2.100061812e-02
4.561042786e+02,-6.141690165e-02
4.563246155e+02,7.140442729e-02
4.565449524e+02,-2.949642763e-02
4.567653198e+02,-2.082580701e-02
4.569856873e+02,-4.106891155e-02
4.572060547e+02,1.067512017e-02
4.574264526e+02,-4.907524958e-02
4.576468506e+02,-3.376181424e-02
4.578672791e+02,7.087999582e-02
4.580877075e+02,-4.935494810e-02
4.583081360e+02,-2.019648813e-02
4.585285645e+02,-4.638316110e-03
4.587490234e+02,-4.054447636e-02
4.589695129e+02,3.298099153e-03
4.591900024e+02,-1.816868037e-02
4.594104919e+02,2.228256501e-02
4.596309814e+02,-6.201125681e-02
4.598515015e+02,8.301187307e-02
4.600720215e+02,-1.939235814e-02
4.602925720e+02,4.077756032e-02
4.605130920e+02,-3.166408464e-02
4.607336731e+02,9.385015070e-02
4.609542236e+02,-3.711818531e-02
4.611748047e+02,-6.697588414e-02
4.613954163e+02,-1.243488304e-02
4.616159973e+02,2.081415243e-02
4.618366394e+02,-4.494971409e-02
4.620572510e+02,3.672194481e-02
4.622778931e+02,3.507872298e-02
4.624985352e+02,5.420303717e-02
4.627192078e+02,-7.575139753e-04
4.629398499e+02,4.074259847e-02
4.631605530e+02,-6.106727757e-03
4.633812256e+02,1.224841829e-02
4.636019287e+02,-5.662707984e-02
4.638226624e+02,-2.841260098e-02
4.640433655e+02,-4.442527890e-02
4.642641296e+02,6.549581885e-02
4.644848633e+02,-3.851667047e-02
4.647056274e+02,-7.721980661e-02
4.649263916e+02,-2.222429402e-02
4.651471863e+02,-2.582539804e-02
4.653679504e+02,-5.683685467e-02
4.655887756e+02,-4.687263444e-02
4.658095703e+02,-1.152586658e-02
4.660303955e+02,-4.043959081e-03
4.662512512e+02,-1.505704690e-02
4.664720764e+02,4.689593986e-02
4.666929626e+02,-4.295687005e-02
4.669138184e+02,6.780332327e-02
4.671347046e+02,-2.802801691e-02
4.673555908e+02,-4.414558411e-02
4.675765076e+02,9.710163623e-02
4.677973938e+02,2.563893504e-04
4.680183411e+02,-6.875895779e-04
4.682392578e+02,-4.330648854e-02
4.684602051e+02,-4.082417488e-02
4.686811829e+02,-1.170067675e-02
4.689021301e+02,-5.729136243e-02
4.691231384e+02,2.462503128e-02
4.693441162e+02,-5.732632428e-02
4.695651245e+02,4.312002566e-04
4.697861328e+02,1.836680062e-02
4.700071411e+02,-5.889962241e-02
4.702281799e+02,3.273625672e-02
4.704492493e+02,-5.582295358e-03
4.706702881e+02,-1.044203807e-02
4.708913574e+02,-3.323738277e-02
4.711124573e+02,-3.103476390e-02
4.713335266e+02,2.864568122e-02
4.715546265e+02,-5.267635453e-03
4.717757568e+02,7.129954547e-02
4.719968872e+02,-2.470660955e-03
4.722180176e+02,5.682520196e-02
4.724391479e+02,6.493642926e-02
4.726603088e+02,-1.684011705e-02
4.728814697e+02,-1.687508076e-02
4.731026611e+02,-4.547414556e-02
4.733238525e+02,-7.389839739e-02
4.735450439e+02,-3.058025613e-02
4.737662659e+02,-3.543999791e-02
4.739874878e+02,-5.054366216e-02
4.742087097e+02,-3.044040687e-02
4.744299622e+02,-7.354877889e-02
4.746512146e+02,-4.540422186e-02
4.748724976e+02,1.892619394e-02
4.750937805e+02,-7.096157968e-02
4.753150635e+02,-3.414639831e-02
4.755363464e+02,-1.096647140e-02
4.757576599e+02,3.402985865e-03
4.759790039e+02,-1.397321932e-02
4.762003174e+02,-3.596443310e-02
4.764216614e+02,-3.309753165e-02
4.766430359e+02,-3.533511236e-02
4.768643799e+02,9.940913878e-03
4.770857544e+02,-1.631568559e-02
4.773071594e+02,-9.882643819e-03
4.775285645e+02,-1.383337006e-02
4.777499695e+02,-9.707832709e-03
4.779714050e+02,5.437784642e-02
4.781928101e+02,-3.439113498e-02
4.784142761e+02,-3.498549014e-02
4.786357117e+02,6.654468831e-03
4.788571777e+02,-2.806297876e-02
4.790786743e+02,3.182724118e-01
4.793001404e+02,2.535923570e-02
4.795216370e+02,-4.914517328e-02
4.797431641e+02,3.682683222e-03
4.799646912e+02,-2.372766845e-02
4.801862183e+02,-5.767594650e-02
4.804077454e+02,-3.963546082e-02
4.806293030e+02,-5.858496577e-02
4.808508606e+02,-4.484482482e-02
4.810724487e+02,-3.075506724e-02
4.812940369e+02,-4.669782147e-02
4.815156250e+02,1.284277532e-02
4.817372437e+02,-1.607095078e-02
4.819588623e+02,-5.330567434e-02
4.821804810e+02,-5.127786659e-03
4.824021301e+02,-6.299019605e-02
4.826237793e+02,4.626662005e-03
4.828454590e+02,1.861153543e-02
4.830671082e+02,1.801717840e-02
4.832888184e+02,-5.383010581e-02
4.835104980e+02,-2.271376550e-02
4.837322083e+02,1.017865688e-01
4.839539185e+02,-4.183807969e-02
4.841756592e+02,6.829279661e-02
4.843973999e+02,-1.212022384e-03
4.846191406e+02,4.060274735e-02
4.848409119e+02,-2.397240326e-02
4.850626831e+02,-3.023063391e-02
4.852844543e+02,-3.023063391e-02
4.855062561e+02,6.116051227e-02
4.857280579e+02,-4.918013513e-02
4.859498901e+02,2.490472794e-02
4.861717224e+02,5.395830143e-03
4.863935547e+02,-3.848170862e-02
4.866154175e+02,-2.131527662e-02
4.868372498e+02,-5.376018211e-02
4.870591431e+02,-1.330893766e-02
4.872810059e+02,-3.152423352e-02
4.875028992e+02,6.168494374e-02
4.877248230e+02,-4.295687005e-02
4.879467163e+02,7.552997023e-02
4.881686707e+02,5.923759192e-02
4.883905945e+02,-7.326908410e-02
4.886125488e+02,-6.833941489e-02
4.888345032e+02,1.980024949e-02
4.890564575e+02,9.325579554e-02
4.892784424e+02,3.612758883e-04
4.895004578e+02,-2.023144998e-02
4.897224426e+02,-5.348048359e-02
4.899444580e+02,-3.134942427e-02
4.901664734e+02,6.357289851e-02
4.903885193e+02,-2.806297876e-02
4.906105652e+02,-4.155838117e-02
4.908326111e+02,5.126621202e-02
4.910546875e+02,7.224352658e-02
4.912767639e+02,-4.036966711e-02
4.914988708e+02,2.693253383e-02
4.917209778e+02,8.056452125e-02
4.919430847e+02,-2.921673097e-02
4.921651917e+02,-4.980945587e-02
4.923873291e+02,-2.802801691e-02
4.926094666e+02,1.427622419e-02
4.928316345e+02,-3.124453686e-02
4.930538025e+02,-4.715232924e-02
4.932759705e+02,-4.823615775e-02
4.934981689e+02,-2.722388692e-02
4.937203674e+02,-5.683685467e-02
4.939425659e+02,3.312084079e-02
4.941647949e+02,-4.554406926e-02
4.943870239e+02,-2.988101169e-02
4.946092834e+02,-4.760683700e-02
4.948315125e+02,-2.932161652e-02
4.950538025e+02,-1.701492816e-02
4.952760620e+02,-1.383337006e-02
4.954983521e+02,-6.942324340e-02
4.957206421e+02,1.850664802e-02
4.959429626e+02,-4.015989229e-02
4.961652832e+02,7.290780544e-02
4.963876038e+02,-2.072091959e-02
4.966099548e+02,1.934574172e-02
4.968323059e+02,-4.075425118e-02
4.970546570e+02,-1.376344543e-02
4.972770386e+02,-1.809875667e-02
4.974994202e+02,8.472502232e-03
4.977218018e+02,1.952055283e-02
4.979442139e+02,-3.645390272e-02
4.981666260e+02,-3.998508304e-02
4.983890686e+02,-1.614087448e-02
4.986115112e+02,2.413555980e-02
4.988339539e+02,-4.718729109e-02
4.990564270e+02,1.375179156e-03
4.992788696e+02,5.186057184e-03
4.995013733e+02,4.332979769e-02
4.997238464e+02,-3.351707757e-02
4.999463501e+02,-5.729136243e-02
5.001688843e+02,-3.278287500e-02
5.003914185e+02,8.720733970e-02
5.006139526e+02,-4.050951451e-02
5.008364868e+02,7.098488510e-02
5.010590515e+02,-1.358863525e-02
5.012816162e+02,-3.162912279e-02
5.015041809e+02,-5.729136243e-02
5.017267761e+02,-3.900614008e-02
5.019493713e+02,2.021979541e-02
5.021719971e+02,2.609344199e-02
5.023946228e+02,-3.120957501e-02
5.026172485e+02,-4.432039335e-02
5.028399048e+02,-4.704744369e-02
5.030625610e+02,-1.439276524e-02
5.032852173e+02,1.955551468e-02
5.035079041e+02,3.298099153e-03
5.037305908e+02,-4.467001557e-02
5.039532776e+02,6.521612406e-02
5.041759949e+02,6.493642926e-02
5.043987122e+02,4.588203877e-02
5.046214600e+02,-1.645553485e-02
5.048441772e+02,2.672276087e-02
5.050669556e+02,-1.900777407e-02
5.052897034e+02,-7.994685322e-03
5.055124817e+02,6.483153999e-02
5.057352600e+02,-5.652219523e-03
5.059580688e+02,-4.323656484e-02
5.061808777e+02,-5.019403994e-02
5.064036865e+02,-2.302842401e-02
5.066265259e+02,6.067104265e-02
5.068493652e+02,-4.883051384e-03
5.070722046e+02,-6.410899013e-02
5.072950745e+02,-5.837519094e-02
5.075179443e+02,6.088081375e-02
5.077408142e+02,7.164916396e-02
5.079637146e+02,3.021897934e-02
5.081866150e+02,-1.701492816e-02
5.084095459e+02,-3.516030312e-02
5.086324768e+02,-3.145430982e-02
5.088554077e+02,-1.306420192e-02
5.090783386e+02,-1.058188733e-02
5.093013000e+02,-2.131527662e-02
5.095242920e+02,-4.778164998e-02
5.097472534e+02,-3.421632200e-02
5.099702454e+02,3.263137070e-03
5.101932373e+02,-5.722143687e-03
5.104162598e+02,-4.802638665e-02
5.106392822e+02,-5.781579763e-02
5.108623352e+02,5.151094869e-03
5.110853577e+02,-3.372685239e-02
5.113084106e+02,-5.428461730e-02
5.115314941e+02,7.570477575e-02
5.117545776e+02,-6.267553568e-02
5.119776611e+02,-3.211859241e-02
5.122007446e+02,-3.267798573e-02
5.124238892e+02,-7.068187743e-02
5.126469727e+02,-2.121039107e-02
5.128701172e+02,-2.802801691e-02
5.130932617e+02,-4.061440378e-02
5.133164062e+02,-3.550992161e-02
5.135395508e+02,-3.390166163e-02
5.137627563e+02,-2.697915025e-02
5.139859619e+02,2.910019085e-02
5.142091064e+02,-3.253813833e-02
5.144323120e+02,6.339808926e-03
5.146555786e+02,-4.641812295e-02
5.148787842e+02,1.153518930e-01
5.151019897e+02,3.892456368e-02
5.153252563e+02,-3.075506724e-02
5.155485229e+02,9.940913878e-03
5.157717896e+02,2.329646796e-02
5.159950562e+02,-1.764424890e-02
5.162183838e+02,-3.753773123e-02
5.164416504e+02,-1.285442896e-02
5.166649780e+02,-5.365529656e-02
5.168883057e+02,-6.634657085e-02
5.171116333e+02,3.416970745e-02
5.173350220e+02,-1.100143325e-02
5.175583496e+02,2.256226167e-02
5.177817383e+02,1.161909848e-02
5.180051270e+02,-4.379596189e-02
5.182285156e+02,2.280699648e-02
5.184519043e+02,-6.089246646e-02
5.186752930e+02,-1.138601732e-02
5.188987427e+02,-4.393580928e-02
5.191221313e+02,-7.749950513e-03
5.193455811e+02,-5.369025841e-02
5.195690308e+02,-6.861910969e-02
5.197925415e+02,1.738785952e-02
5.200159912e+02,-3.851667047e-02
5.202395020e+02,-7.735965401e-02
5.204629517e+02,-5.711655319e-02
5.206864624e+02,2.553404681e-02
5.209099731e+02,-1.631568559e-02
5.211335449e+02,-4.470497742e-02
5.213570557e+02,2.413555980e-02
5.215806274e+02,-3.869148344e-02
5.218041992e+02,-1.673523150e-02
5.220277710e+02,-5.638234690e-02
5.222513428e+02,-1.956716739e-02
5.224749146e+02,-4.771172628e-02
5.226985474e+02,-1.540666819e-02
5.229221191e+02,-5.187222362e-02
5.231457520e+02,-3.827193752e-02
5.233693848e+02,7.213863544e-03
5.235930176e+02,-5.673196912e-02
5.238167114e+02,-2.617502026e-02
5.240403442e+02,3.822532017e-03
5.242640381e+02,-7.889798842e-03
5.244877319e+02,5.021734908e-02
5.247114258e+02,-1.697996631e-02
5.249351196e+02,6.654468924e-02
5.251588745e+02,-6.271050125e-02
5.253826294e+02,-5.827030633e-03
5.256063232e+02,3.857494099e-03
5.258300781e+02,-1.995175146e-02
5.260538330e+02,4.721060023e-02
5.262776489e+02,2.829605900e-02
5.265014038e+02,-1.215518545e-02
5.267252197e+02,-1.519689523e-02
5.269490356e+02,4.308506474e-02
5.271728516e+02,-5.571806431e-02
5.273966675e+02,-6.022818759e-02
5.276204834e+02,1.548591554e-01
5.278443604e+02,-2.921673097e-02
5.280682373e+02,6.060111918e-04
5.282921143e+02,1.075553298e-01
5.285159912e+02,-5.124290660e-02
5.287398682e+02,3.867982700e-02
5.289637451e+02,-3.988019750e-02
5.291876831e+02,-7.529688627e-02
5.294116211e+02,-3.869148204e-03
5.296355591e+02,3.857494099e-03
5.298594971e+02,-5.687181652e-02
5.300834351e+02,-2.306338586e-02
5.303074341e+02,-8.431713283e-02
5.305313721e+02,-3.718810901e-02
5.307553711e+02,-3.376181424e-02
5.309793701e+02,1.616418175e-02
5.312033691e+02,-7.445779443e-02
5.314274292e+02,1.622711420e-01
5.316514282e+02,-6.148682535e-02
5.318754883e+02,-1.390329469e-02
5.320995483e+02,-5.250154436e-02
5.323236084e+02,1.050030906e-02
5.325476685e+02,3.437947854e-02
5.327717285e+02,1.770251803e-02
5.329958496e+02,-5.428461730e-02
5.332199707e+02,-3.974034637e-02
5.334440308e+02,2.479984239e-02
5.336682129e+02,-7.431794703e-02
5.338923340e+02,-7.368862629e-02
5.341164551e+02,5.420303717e-02
5.343406372e+02,-1.670026965e-02
5.345648193e+02,-2.390247956e-02
5.347890015e+02,1.980024949e-02
5.350131836e+02,-2.610509517e-03
5.352373657e+02,-2.862237394e-02
5.354616089e+02,-2.872725949e-02
5.356857910e+02,5.563648790e-02
5.359100342e+02,-3.788735345e-02
5.361342773e+02,-2.051114663e-02
5.363585205e+02,8.951484412e-02
5.365828247e+02,1.238826662e-02
5.368070679e+02,-3.106972575e-02
5.370313721e+02,-4.865570366e-02
5.372556763e+02,-4.921510071e-02
5.374799805e+02,-7.833860070e-02
5.377042847e+02,-2.288857475e-02
5.379285889e+02,2.497465163e-02
5.381529541e+02,-9.742794558e-03
5.383773193e+02,-6.907361746e-02
5.386016846e+02,1.011572499e-02
5.388260498e+02,-1.558147930e-02
5.390504150e+02,1.459088456e-02
5.392747803e+02,3.084829822e-02
5.394992065e+02,-2.921673097e-02
5.397236328e+02,-3.260806203e-02
5.399480591e+02,4.766510800e-03
5.401724854e+02,-4.257228598e-02
5.403969116e+02,-2.288857475e-02
5.406213989e+02,5.238500237e-02
5.408458252e+02,-4.802638665e-02
5.410703125e+02,-5.299101397e-02
5.412947998e+02,2.514946274e-02
5.415192871e+02,-1.830852963e-02
5.417438354e+02,-4.047455266e-02
5.419683228e+02,-2.869229764e-02
5.421928711e+02,5.011245958e-04
5.424174194e+02,9.311595000e-03
5.426419678e+02,-1.998671517e-02
5.428665161e+02,-1.708485372e-02
5.430910645e+02,-2.197955921e-02
5.433156738e+02,9.556329809e-03
5.435402832e+02,-4.998426884e-02
5.437648315e+02,-4.113883711e-03
5.439895020e+02,-2.746862173e-02
5.442141113e+02,-5.757106002e-03
5.444387207e+02,-4.480986297e-02
5.446633911e+02,2.441525832e-02
5.448880615e+02,-3.309753258e-03
5.451127319e+02,-4.302679375e-02
5.453374023e+02,-5.197711289e-02
5.455620728e+02,-1.995175146e-02
5.457867432e+02,8.675283194e-02
5.460114746e+02,-3.953057528e-02
5.462362061e+02,-4.494971409e-02
5.464609375e+02,-1.900777407e-02
5.466856689e+02,-3.648886457e-02
5.469104004e+02,-6.536762416e-02
5.471351929e+02,-2.827275172e-02
5.473599243e+02,-4.005500674e-02
5.475847168e+02,-1.404314302e-02
5.478095093e+02,-6.708077341e-02
5.480343018e+02,-6.491311640e-02
5.482591553e+02,6.039134413e-02
5.484839478e+02,-4.162830487e-02
5.487088013e+02,-4.400573298e-02
5.489336548e+02,-3.711818531e-02
5.491585083e+02,-7.375854999e-02
5.493833618e+02,-1.453261357e-02
5.496082764e+02,1.216800511e-01
5.498331299e+02,4.343468323e-02
5.500580444e+02,-6.543755531e-02
5.502829590e+02,1.249315310e-02
5.505078735e+02,2.242241241e-02
5.507327881e+02,1.046534628e-02
5.509577637e+02,-3.250317648e-02
5.511826782e+02,-3.477571905e-02
5.514076538e+02,1.399652753e-02
5.516326294e+02,-2.051114663e-02
5.518576050e+02,-7.022736967e-02
5.520825806e+02,-3.879636899e-02
5.523076172e+02,-4.442527890e-02
5.525325928e+02,-5.536844209e-02
5.527576294e+02,1.060519484e-03
5.529826660e+02,-1.767921075e-02
5.532077026e+02,-4.942487180e-02
5.534328003e+02,-5.722143687e-03
5.536578369e+02,1.298262365e-02
5.538829346e+02,1.504539233e-02
5.541080322e+02,-5.512370728e-03
5.543331299e+02,-5.907443538e-02
5.545582275e+02,-2.848252468e-02
5.547833252e+02,9.521367960e-03
5.550084839e+02,3.497383744e-02
5.552335815e+02,-5.190718547e-02
5.554587402e+02,-6.554243714e-02
5.556838989e+02,7.119465619e-02
5.559091187e+02,-1.023226511e-02
5.561342773e+02,8.940995485e-02
5.563594971e+02,-6.319997460e-02
5.565846558e+02,-1.439276524e-02
5.568098755e+02,4.200123623e-02
5.570350952e+02,2.836598456e-02
5.572603760e+02,-4.701248184e-02
5.574855957e+02,9.940913878e-03
5.577108765e+02,-4.113883525e-02
5.579360962e+02,-5.991352722e-02
5.581613770e+02,-7.879310846e-02
5.583866577e+02,-2.942650393e-02
5.586119995e+02,-2.648968063e-02
5.588372803e+02,-3.180393204e-02
5.590626221e+02,-8.480659872e-02
5.592879028e+02,-2.449683659e-02
5.595132446e+02,-6.438868493e-02
5.597386475e+02,-2.701411396e-02
5.599639893e+02,-2.124535292e-02
5.601893311e+02,-9.882643819e-03
5.604147339e+02,1.056324095e-01
5.606401367e+02,1.318190843e-01
5.608655396e+02,6.074096635e-02
5.610909424e+02,-2.495134436e-02
5.613163452e+02,-2.484645694e-02
5.615418091e+02,-1.323901303e-02
5.617672119e+02,5.567144975e-02
5.619926758e+02,2.665283717e-02
5.622181396e+02,-5.718647689e-02
5.624436646e+02,-4.404069483e-02
5.626691284e+02,-1.232999656e-02
5.628945923e+02,-1.827356778e-02
5.631201172e+02,8.577388711e-03
5.633456421e+02,-4.987937864e-03
5.635711670e+02,3.944899514e-02
5.637966919e+02,3.962380812e-02
5.640222778e+02,3.717645304e-03
5.642478027e+02,-1.544163097e-02
5.644733887e+02,4.263055325e-02
5.646989746e+02,-2.785320580e-02
5.649245605e+02,-2.645471832e-03
5.651501465e+02,-4.802638665e-02
5.653757935e+02,2.053445578e-02
5.656013794e+02,-1.292435359e-02
5.658270264e+02,7.273299247e-02
5.660526733e+02,-6.889880449e-02
5.662783203e+02,-8.029648103e-03
5.665039673e+02,-2.659456618e-02
5.667296753e+02,2.455510572e-02
5.669553223e+02,2.465999313e-02
5.671810303e+02,-2.662952989e-02
5.674067383e+02,2.361112647e-02
5.676324463e+02,-3.323738277e-02
5.678581543e+02,-3.589450568e-02
5.680839233e+02,1.020662636e-01
5.683096313e+02,-4.977449402e-02
5.685354004e+02,-5.211696029e-02
5.687611694e+02,-4.487978667e-02
5.689869385e+02,2.438029461e-02
5.692127686e+02,3.847005591e-02
5.694385376e+02,1.745778322e-02
5.696643677e+02,2.493968932e-03
5.698901978e+02,-3.110468760e-02
5.701160278e+02,-5.435454100e-02
5.703418579e+02,1.537753344e-01
5.705676880e+02,-5.529851839e-02
5.707935791e+02,1.443005800e-01
5.710194092e+02,-2.764343284e-02
5.712453003e+02,-8.554080501e-03
5.714711914e+02,-3.379677609e-02
5.716970825e+02,-3.694337234e-02
5.719230347e+02,2.074422874e-02
5.721489258e+02,8.839605004e-02
5.723748779e+02,-5.924924463e-02
5.726008301e+02,-2.439194918e-02
5.728267822e+02,-3.271294758e-02
5.730527344e+02,6.972624362e-02
5.732786865e+02,5.255981348e-03
5.735046997e+02,-4.358618986e-03
5.737307129e+02,-1.477734931e-02
5.739566650e+02,-1.288939174e-02
5.741826782e+02,-1.170067675e-02
5.744087524e+02,-2.446187288e-02
5.746347656e+02,1.994009875e-02
5.748608398e+02,-6.309508532e-02
5.750868530e+02,-1.666530780e-02
5.753129272e+02,-3.666367382e-02
5.755390015e+02,-2.327315882e-02
5.757651367e+02,-1.330893766e-02
5.759912109e+02,-5.889962241e-02
5.762173462e+02,-2.093069255e-02
5.764434204e+02,-1.551155467e-02
5.766695557e+02,-3.169904649e-02
5.768956909e+02,-4.250235856e-02
5.771218872e+02,-9.043551050e-03
5.773480225e+02,-3.058025613e-02
5.775742188e+02,-2.411225252e-02
5.778003540e+02,-4.306175560e-02
5.780265503e+02,-3.627908975e-02
5.782527466e+02,4.623166099e-02
5.784790039e+02,3.371519968e-02
5.787052002e+02,-4.078921303e-02
5.789314575e+02,-4.711736739e-02
5.791577148e+02,-3.582458198e-02
5.793839111e+02,-5.722143687e-03
5.796102295e+02,-3.743284196e-02
5.798364868e+02,1.964641511e-01
5.800627441e+02,-3.180393204e-02
5.802890625e+02,-4.536926001e-02
5.805153809e+02,-5.232673138e-03
5.807416992e+02,-2.323819697e-02
5.809680176e+02,-4.288694263e-02
5.811943359e+02,-2.383255400e-02
5.814207153e+02,1.165406127e-02
5.816470337e+02,1.126248464e-01
5.818734131e+02,3.759599850e-02
5.820997925e+02,-1.519689523e-02
5.823261719e+02,-4.271213338e-02
5.825526123e+02,-1.299427822e-02
5.827789917e+02,-5.739624798e-02
5.830054321e+02,3.039379045e-02
5.832318726e+02,-1.596606337e-03
5.834583130e+02,-4.264220968e-02
5.836847534e+02,-4.732714221e-02
5.839111938e+02,3.011409380e-02
5.841376953e+02,-4.281701893e-02
5.843641357e+02,-1.477734931e-02
5.845906372e+02,7.598447613e-03
5.848171387e+02,-5.659211800e-02
5.850436401e+02,-6.438868493e-02
5.852702026e+02,-1.411306765e-02
5.854967041e+02,4.686097801e-02
5.857232666e+02,-5.141771585e-02
5.859498291e+02,-2.239910513e-02
5.861763916e+02,-3.344715387e-02
5.864029541e+02,-2.047618479e-02
5.866295166e+02,4.801473115e-03
5.868561401e+02,-7.449276000e-02
5.870827026e+02,-1.309916470e-02
5.873093262e+02,-2.411225252e-02
5.875359497e+02,-6.211614609e-02
5.877625732e+02,-6.701084971e-02
5.879892578e+02,-2.446187288e-02
5.882158813e+02,-4.704744369e-02
5.884425659e+02,-2.309834771e-02
5.886692505e+02,2.441525832e-02
5.888959351e+02,3.507872298e-02
5.891226196e+02,-3.082499094e-02
5.893493652e+02,1.132192016e-01
5.895760498e+02,-2.079084516e-02
5.898027954e+02,8.115887642e-02
5.900295410e+02,-6.956309080e-02
5.902562866e+02,1.045835391e-01
5.904830322e+02,-2.533592843e-02
5.907097778e+02,-2.428706363e-02
5.909365845e+02,-2.393744141e-02
5.911633911e+02,-5.861992761e-02
5.913901978e+02,-3.701329604e-02
5.916170044e+02,-1.292435359e-02
5.918438110e+02,-4.673278332e-02
5.920706177e+02,-4.508956149e-02
5.922974854e+02,-6.243080273e-02
5.925242920e+02,1.034997180e-01
5.927511597e+02,-2.372766845e-02
5.929780273e+02,2.105888724e-02
5.932049561e+02,8.857086068e-04
5.934318237e+02,3.556819260e-02
5.936587524e+02,2.738704346e-02
5.938856201e+02,1.696831174e-02
5.941125488e+02,-8.519118652e-03
5.943394775e+02,-5.162748974e-03
5.945664673e+02,-1.516193338e-02
5.947933960e+02,-1.351871062e-02
5.950203857e+02,-4.673278425e-03
5.952473145e+02,4.399408028e-02
5.954743042e+02,8.381600678e-02
5.957012939e+02,-3.484564275e-02
5.959283447e+02,-6.980782375e-03
5.961553345e+02,6.025149487e-03
5.963823853e+02,-2.313331142e-02
5.966093750e+02,-4.900532588e-02
5.968364258e+02,4.252566770e-02
5.970634766e+02,-9.672870860e-03
5.972905884e+02,3.133776784e-02
5.975176392e+02,1.256307773e-02
5.977447510e+02,-7.242998481e-02
5.979718018e+02,4.018320143e-02
5.981989136e+02,-4.428543150e-02
5.984260254e+02,-4.977449402e-02
5.986531982e+02,-6.103231758e-02
5.988803101e+02,-5.519363284e-02
5.991074829e+02,-3.470579162e-02
5.993345947e+02,6.479658186e-02
5.995617676e+02,-6.921346486e-02
5.997889404e+02,-6.071765907e-03
6.000161743e+02,6.930670142e-02
6.002433472e+02,-3.911102936e-02
6.004705811e+02,1.008076221e-02
6.006977539e+02,-5.452935025e-02
6.009249878e+02,1.483561937e-02
6.011522217e+02,-3.215355426e-02
6.013795166e+02,-4.400573298e-02
6.016067505e+02,4.486813210e-03
6.018340454e+02,-2.565058880e-02
6.020612793e+02,-2.386751585e-02
6.022885742e+02,-3.837682307e-02
6.025158691e+02,2.808628604e-03
6.027432251e+02,-6.386425346e-03
6.029705200e+02,4.060274735e-02
6.031978760e+02,8.577388711e-03
6.034251709e+02,3.812043369e-02
6.036525269e+02,-3.530015051e-02
6.038798828e+02,-4.015989229e-02
6.041072998e+02,-5.159252882e-02
6.043346558e+02,-4.253732041e-03
6.045620728e+02,-2.460172214e-02
6.047894287e+02,-5.295605212e-02
6.050168457e+02,-5.515867099e-02
6.052442627e+02,3.000920638e-02
6.054717407e+02,-3.599939495e-02
6.056991577e+02,3.511368483e-02
6.059266357e+02,-3.519526450e-03
6.061540527e+02,-1.642057113e-02
6.063815308e+02,-2.313331142e-02
6.066090698e+02,3.948395699e-02
6.068365479e+02,-6.232591718e-02
6.070640259e+02,3.738622740e-02
6.072915649e+02,-3.477571905e-02
6.075191040e+02,1.404197812e-01
6.077465820e+02,-4.180311784e-02
6.079741821e+02,1.701376289e-01
6.082017212e+02,-4.582376778e-02
6.084292603e+02,8.577388711e-03
6.086568604e+02,1.780740544e-02
6.088844604e+02,-4.918013513e-02
6.091119995e+02,-3.407647461e-02
6.093396606e+02,-1.530178171e-02
6.095672607e+02,-4.078921338e-04
6.097948608e+02,-5.285116658e-02
6.100225220e+02,-1.649049670e-02
6.102501831e+02,1.226939559e-01
6.104777832e+02,6.514620036e-02
6.107055054e+02,-6.585709751e-02
6.109331665e+02,1.445103553e-03
6.111608276e+02,1.167154163e-01
6.113885498e+02,-3.729299456e-02
6.116162720e+02,-2.236414328e-02
6.118439331e+02,-3.337723017e-02
6.120716553e+02,-2.960131504e-03
6.122994385e+02,-5.715151504e-02
6.125271606e+02,-5.536844209e-02
6.127549438e+02,-5.882969871e-02
6.129826660e+02,1.626906916e-02
6.132104492e+02,4.668616876e-02
6.134382324e+02,2.840094641e-02
6.136660767e+02,-3.715314716e-02
6.138938599e+02,6.357289851e-02
6.141217041e+02,-4.155838117e-02
6.143494873e+02,9.297610074e-02
6.145773315e+02,-2.260887809e-02
6.148051758e+02,-6.386425346e-02
6.150330811e+02,5.944736302e-02
6.152609253e+02,2.382090129e-02
6.154887695e+02,-7.155593485e-03
6.157166748e+02,-4.596361518e-02
6.159445801e+02,7.486568391e-02
6.161724854e+02,6.255900115e-02
6.164003906e+02,-5.295605212e-02
6.166283569e+02,-5.120794475e-02
6.168562622e+02,-5.547333136e-02
6.170842285e+02,-1.732958853e-02
6.173121948e+02,-5.008915439e-02
6.175401611e+02,7.843183354e-03
6.177681274e+02,-3.016071022e-02
6.179961548e+02,6.717400998e-02
6.182241211e+02,-2.572051249e-02
6.184521484e+02,1.410141401e-02
6.186801758e+02,-7.159089297e-02
6.189082031e+02,5.374852940e-02
6.191362305e+02,-3.047536872e-02
6.193642578e+02,-4.292190447e-02
6.195923462e+02,1.389164012e-02
6.198203735e+02,-4.071928933e-02
6.200484619e+02,-2.051114663e-02
6.202765503e+02,1.403148938e-02
6.205046997e+02,-3.729299409e-03
6.207327881e+02,7.070519030e-02
6.209608765e+02,-1.697996631e-02
6.211890259e+02,-3.309753258e-03
6.214171753e+02,-6.368944049e-02
6.216453247e+02,1.612921990e-02
6.218734741e+02,-3.974034917e-03
6.221016846e+02,-3.858659416e-02
6.223298340e+02,-1.760928519e-02
6.225580444e+02,-4.984441772e-02
6.227862549e+02,-4.316664115e-02
6.230144653e+02,-2.579043619e-02
6.232426758e+02,-4.064936563e-02
6.234708862e+02,-6.029811129e-02
6.236991577e+02,1.864649676e-04
6.239273682e+02,-6.491311640e-02
6.241556396e+02,-2.603517286e-02
6.243839111e+02,1.080098376e-01
6.246121826e+02,-2.610509517e-03
6.248404541e+02,-4.369107261e-02
6.250687866e+02,6.668453664e-02
6.252971191e+02,-6.701084971e-02
6.255253906e+02,2.413555980e-02
6.257537231e+02,-8.484155871e-03
6.259821167e+02,-7.610101718e-03
6.262104492e+02,1.619914547e-02
6.264387817e+02,-4.267717153e-02
6.266671753e+02,1.981423497e-01
6.268955688e+02,6.130035967e-02
6.271239624e+02,-1.498712227e-02
6.273523560e+02,-4.215273634e-02
6.275807495e+02,-5.652219523e-03
6.278092041e+02,1.374238543e-02
6.280375977e+02,-5.981182307e-02
6.282660522e+02,-2.607253008e-02
6.284945068e+02,2.719389740e-03
6.287229614e+02,-1.312431321e-02
6.289514160e+02,3.408171982e-02
6.291799316e+02,-9.728763252e-03
6.294083862e+02,1.279136632e-02
6.296369019e+02,5.658392981e-02
6.298654175e+02,-3.120235354e-02
6.300939331e+02,-2.583629824e-02
6.303224487e+02,-2.618838288e-02
6.305510254e+02,9.966490418e-02
6.307795410e+02,-5.167399347e-02
6.310081177e+02,2.245017886e-02
6.312366943e+02,1.182783991e-01
6.314652710e+02,3.875112534e-02
6.316938477e+02,-5.333533976e-03
6.319224854e+02,-6.560780108e-02
6.321510620e+02,-1.674934663e-02
6.323796997e+02,3.593705827e-03
6.326083374e+02,-1.738523319e-02
6.328369751e+02,6.107093021e-02
6.330656128e+02,-6.504964083e-02
6.332943115e+02,7.955799252e-02
6.335229492e+02,6.637516618e-02
6.337516479e+02,-2.068335563e-02
6.339803467e+02,4.286496341e-02
6.342090454e+02,-4.611639678e-02
6.344377441e+02,-3.666116670e-02
6.346664429e+02,-4.644936696e-02
6.348952026e+02,7.613547891e-02
6.351239624e+02,6.747818738e-02
6.353526611e+02,-5.216156691e-02
6.355814819e+02,3.049661033e-02
6.358102417e+02,3.372649476e-02
6.360390015e+02,-1.502742805e-02
6.362678223e+02,2.040453628e-02
6.364965820e+02,-2.128503658e-02
6.367254028e+02,1.991100237e-02
6.369542236e+02,-2.949188091e-02
6.371830444e+02,-4.538492858e-02
6.374119263e+02,3.166752681e-02
6.376407471e+02,-4.085823894e-02
6.378696289e+02,-5.375672132e-02
6.380984497e+02,-3.425966576e-02
6.383273315e+02,-6.956699491e-02
6.385562744e+02,-6.143657491e-02
6.387851562e+02,1.354192290e-02
6.390140381e+02,1.679915190e-02
6.392429810e+02,-3.665867075e-02
6.394719238e+02,-6.999498606e-02
6.397008667e+02,-3.036762960e-02
6.399298096e+02,1.327673439e-02
6.401587524e+02,1.029175334e-02
6.403877563e+02,1.153969690e-01
6.406166992e+02,-5.094090104e-02
6.408457031e+02,-3.309398890e-02
6.410747070e+02,-4.623235017e-02
6.413037109e+02,-4.746988416e-02
6.415327148e+02,1.952972263e-02
6.417617798e+02,1.453890465e-02
6.419907837e+02,-5.583823845e-02
6.422198486e+02,-4.797215387e-02
6.424489136e+02,1.457930543e-02
6.426779785e+02,-2.292373031e-02
6.429070435e+02,-4.333979264e-02
6.431361694e+02,5.279418081e-02
6.433652344e+02,1.402877155e-03
6.435943604e+02,5.883191526e-02
6.438234863e+02,-3.985194117e-02
6.440526123e+02,-1.505792513e-02
6.442817383e+02,-3.380405903e-02
6.445108643e+02,-4.700217769e-02
6.447400513e+02,-3.160662204e-02
6.449692383e+02,-5.788094923e-02
6.451983643e+02,-2.862526290e-02
6.454275513e+02,-2.668249980e-02
6.456567993e+02,-2.686361549e-04
6.458859863e+02,-9.964660741e-03
6.461151733e+02,-4.404522013e-03
6.463444214e+02,-4.580974579e-02
6.465736694e+02,-2.045863122e-02
6.468029175e+02,-7.160338759e-02
6.470321655e+02,1.514491625e-02
6.472614136e+02,2.997554280e-02
6.474907227e+02,-5.551360175e-02
6.477200317e+02,1.493702643e-02
6.479492798e+02,1.376027334e-02
6.481785889e+02,1.364335511e-02
6.484078979e+02,2.593043819e-02
6.486372681e+02,3.139717877e-02
6.488665771e+02,7.207360119e-03
6.490959473e+02,-4.034732282e-02
6.493253174e+02,1.457992010e-02
6.495546265e+02,-2.599877864e-02
6.497840576e+02,-1.039770711e-02
6.500134277e+02,-7.541705389e-03
6.502427979e+02,7.524826378e-02
6.504722290e+02,-3.927689418e-02
6.507016602e+02,-1.514553651e-02
6.509310303e+02,-4.990094807e-03
6.511605225e+02,-5.564144626e-02
6.513899536e+02,7.444355637e-02
6.516193848e+02,4.871587083e-02
6.518488770e+02,3.766323626e-02
6.520783081e+02,-4.424458370e-02
6.523078003e+02,5.311523378e-02
6.525372925e+02,-2.671278082e-02
6.527667847e+02,-1.706934907e-02
6.529963379e+02,-4.154952615e-02
6.532258301e+02,-1.973492652e-02
6.534553833e+02,-2.761382982e-02
6.536849365e+02,-4.931258038e-03
6.539144897e+02,-8.030999452e-03
6.541440430e+02,2.772420458e-02
6.543735962e+02,-1.226007193e-02
6.546032104e+02,1.204581279e-02
6.548327637e+02,3.916925937e-02
6.550623779e+02,2.271350473e-03
6.552919922e+02,1.065103151e-02
6.555216064e+02,-1.106505934e-02
6.557512817e+02,-3.316012397e-02
6.559808960e+02,-4.564260691e-02
6.562105713e+02,-2.620664798e-02
6.564402466e+02,-7.607372943e-03
6.566698608e+02,-2.331490163e-03
6.568995972e+02,2.208561200e-04
6.571292725e+02,-5.765388906e-02
6.573589478e+02,7.915315032e-02
6.575886841e+02,-3.871519119e-02
6.578184204e+02,3.144614771e-02
6.580480957e+02,-3.576568514e-02
6.582778931e+02,8.659098297e-02
6.585076294e+02,-2.023879066e-02
6.587373657e+02,-6.631169468e-02
6.589671631e+02,-2.540272893e-03
6.591968994e+02,-2.017687820e-02
6.594266968e+02,-4.374651238e-02
6.596564941e+02,1.075175218e-02
6.598862915e+02,-2.164042927e-02
6.601161499e+02,-4.851960018e-02
6.603459473e+02,1.483866479e-02
6.605758057e+02,-3.068514168e-02
6.608056641e+02,8.017993532e-03
6.610355225e+02,4.581211507e-02
6.612653809e+02,-6.089246646e-02
6.614952393e+02,3.881967813e-02
6.617251587e+02,4.147680104e-02
6.619550171e+02,-5.267635360e-02
6.621849365e+02,-3.051033057e-02
6.624148560e+02,5.231507868e-02
6.626447754e+02,-9.253324009e-03
6.628747559e+02,-2.330812253e-02
6.631046753e+02,-2.792312950e-02
6.633346558e+02,4.063770920e-02
6.635645752e+02,4.430874065e-02
6.637945557e+02,2.633817727e-03
6.640245361e+02,-3.463586792e-02
6.642545776e+02,8.087918162e-03
6.644845581e+02,-9.148437530e-03
6.647145386e+02,3.444940224e-02
6.649445801e+02,-3.974034917e-03
6.651746216e+02,-1.131609268e-02
6.654046631e+02,-3.330730647e-02
6.656347046e+02,1.532508992e-02
6.658648071e+02,-5.376018211e-02
6.660948486e+02,-6.047292054e-02
6.663249512e+02,1.473073289e-02
6.665550537e+02,-3.547495976e-02
6.667851562e+02,5.063689500e-02
6.670152588e+02,4.853916168e-02
6.672453613e+02,1.980024949e-02
6.674755249e+02,1.710816100e-02
6.677056274e+02,-1.306420192e-02
6.679357910e+02,-2.537089027e-02
6.681659546e+02,-5.687181838e-03
6.683961182e+02,-4.400573298e-02
6.686262817e+02,2.329646796e-02
6.688565063e+02,-7.260479964e-03
6.690866699e+02,4.455347359e-02
6.693168945e+02,-3.872644529e-02
6.695471191e+02,-1.390329469e-02
6.697773438e+02,-2.124535292e-02
6.700075684e+02,4.668616876e-02
6.702378540e+02,2.868064307e-02
6.704680786e+02,-3.634901717e-02
6.706983643e+02,-7.015744690e-03
6.709286499e+02,7.591455430e-02
6.711589355e+02,4.969291389e-02
6.713892212e+02,-4.141853377e-02
6.716195679e+02,-1.180556323e-02
6.718498535e+02,-1.586117595e-02
6.720802002e+02,-2.330812253e-02
6.723105469e+02,-7.155593485e-03
6.725408936e+02,-3.613924235e-02
6.727712402e+02,-3.351707757e-02
6.730015869e+02,3.511368483e-02
6.732319336e+02,-5.557821691e-02
6.734623413e+02,-5.980864167e-02
6.736927490e+02,-2.376263030e-02
6.739231567e+02,4.661624262e-04
6.741535645e+02,-1.925250888e-02
6.743839722e+02,-5.054366216e-02
6.746144409e+02,1.294766180e-02
6.748448486e+02,3.871478885e-02
6.750753174e+02,-5.022900179e-02
6.753057861e+02,-1.677019335e-02
6.755362549e+02,-3.925087675e-02
6.757667236e+02,-1.579125226e-02
6.759971924e+02,5.252485350e-02
6.762277222e+02,-2.058107220e-02
6.764582520e+02,-3.222347796e-02
6.766887817e+02,-1.596606337e-02
6.769193115e+02,-4.141853377e-02
6.771498413e+02,-3.040544502e-02
6.773803711e+02,-1.033715159e-02
6.776109619e+02,3.465917706e-02
6.778414917e+02,-5.987856537e-02
6.780720825e+02,2.633817680e-02
6.783026733e+02,2.504457720e-02
6.785332642e+02,6.192968041e-02
6.787638550e+02,-6.868903339e-02
6.789945068e+02,3.752607619e-03
6.792250977e+02,-3.638397902e-02
6.794557495e+02,-2.603517286e-02
6.796864014e+02,1.584602594e-01
6.799170532e+02,-6.844429672e-02
6.801477051e+02,-3.809712455e-02
6.803784180e+02,-1.963709295e-02
6.806090698e+02,-5.841015279e-02
6.808397827e+02,3.574300557e-02
6.810704956e+02,-7.225517766e-04
6.813012085e+02,4.182642326e-02
6.815319214e+02,-5.547333136e-02
6.817626343e+02,-4.106891155e-02
6.819934082e+02,2.847087011e-02
6.822241821e+02,2.605848014e-02
6.824548950e+02,-4.987937957e-02
6.826856689e+02,-3.026559576e-02
6.829164429e+02,3.962380579e-04
6.831472778e+02,-5.463423580e-02
6.833780518e+02,-2.799305506e-02
6.836088867e+02,-5.778083205e-02
6.838397217e+02,-3.669863939e-02
6.840705566e+02,-4.470497742e-02
6.843013916e+02,-2.820282802e-02
6.845322266e+02,-4.218770191e-02
6.847630615e+02,3.315580264e-02
6.849939575e+02,1.952055283e-02
6.852248535e+02,-1.047700085e-02
6.854556885e+02,-4.827111959e-02
6.856865845e+02,-6.494808197e-02
6.859175415e+02,-4.075425118e-02
6.861484375e+02,-1.974197850e-02
6.863793335e+02,-3.974034917e-03
6.866102905e+02,3.255794942e-01
6.868412476e+02,-1.463750005e-02
6.870722046e+02,7.420140505e-02
6.873031616e+02,3.525353596e-02
6.875341187e+02,1.777244359e-02
6.877651367e+02,2.913515200e-04
6.879960938e+02,-1.131609268e-02
6.882271118e+02,6.206952780e-02
6.884581299e+02,3.927418496e-03
6.886891479e+02,-2.414721437e-02
6.889201660e+02,-6.316501182e-03
6.891512451e+02,-2.648968063e-02
6.893822632e+02,-4.232754931e-02
6.896133423e+02,-4.232754931e-02
6.898444214e+02,2.819117345e-02
6.900755005e+02,-7.470253110e-02
6.903065796e+02,1.119955257e-02
6.905377197e+02,1.371682994e-02
6.907687988e+02,-5.390003324e-02
6.909999390e+02,1.815702766e-02
6.912310181e+02,-4.918013513e-02
6.914621582e+02,-4.159334302e-02
6.916933594e+02,-4.743202589e-03
6.919244995e+02,-7.784912828e-03
6.921556396e+02,1.420630049e-02
6.923868408e+02,-4.641812295e-02
6.926180420e+02,-6.424883753e-02
6.928492432e+02,5.797895417e-02
6.930804443e+02,-4.344633967e-02
6.933116455e+02,-4.697751999e-02
6.935428467e+02,-6.854918599e-02
6.937741089e+02,-6.456349511e-03
6.940053711e+02,2.843590919e-03
6.942365723e+02,1.420630049e-02
6.944678345e+02,-4.439031705e-02
6.946991577e+02,4.053282365e-02
6.949304199e+02,-2.827275172e-02
6.951616821e+02,-7.463260740e-02
6.953930054e+02,-6.540258974e-02
6.956243286e+02,3.060356341e-02
6.958556519e+02,-4.190800339e-02
6.960869751e+02,-6.078758091e-02
6.963182983e+02,1.612921990e-02
6.965496826e+02,5.528686568e-02
6.967810059e+02,9.870989248e-03
6.970123901e+02,-4.687263444e-02
6.972437744e+02,-7.365366817e-02
6.974751587e+02,3.479902446e-02
6.977065430e+02,-2.683930285e-02
6.979379272e+02,-5.106809363e-02
6.981693726e+02,-4.243243486e-02
6.984008179e+02,-5.687181838e-03
6.986322021e+02,-4.008996766e-03
6.988636475e+02,-4.124372080e-02
6.990951538e+02,-5.050870031e-02
6.993265991e+02,9.951402247e-02
6.995580444e+02,-1.292435359e-02
6.997895508e+02,-1.407810580e-02
7.000210571e+02,-6.795483083e-02
7.002525635e+02,-3.925087675e-02
7.004840698e+02,1.814653873e-01
7.007155762e+02,-5.683685467e-02
7.009470825e+02,-6.061277166e-02
7.011786499e+02,3.270129487e-02
7.014102173e+02,7.668372244e-02
7.016417847e+02,3.885463998e-02
7.018733521e+02,3.983357921e-02
7.021049194e+02,-7.365366444e-03
7.023364868e+02,8.238255978e-02
7.025681152e+02,-3.935576230e-02
7.027996826e+02,-4.550910741e-02
7.030313110e+02,-3.764261724e-03
7.032629395e+02,6.025149487e-03
7.034945679e+02,-2.037129924e-02
7.037261963e+02,2.004498383e-03
7.039578857e+02,1.039542258e-02
7.041895142e+02,-3.984523565e-02
7.044212036e+02,-4.809631035e-02
7.046528931e+02,9.919936955e-02
7.048845825e+02,5.462258309e-02
7.051162720e+02,-6.022818759e-02
7.053480225e+02,4.189634696e-02
7.055797119e+02,-5.977367982e-02
7.058114624e+02,1.008775532e-01
7.060432129e+02,-7.365366444e-03
7.062749634e+02,-5.012411624e-02
7.065067139e+02,-4.984441772e-02
7.067384644e+02,-4.655797407e-02
7.069702759e+02,-7.194051892e-02
7.072020264e+02,1.375179142e-01
7.074338379e+02,-2.149008773e-02
7.076656494e+02,-6.145186350e-02
7.078974609e+02,-1.086158492e-02
7.081292725e+02,-6.417891383e-02
7.083611450e+02,2.242590934e-01
7.085929565e+02,2.154835872e-02
7.088248291e+02,1.347209364e-01
7.090567017e+02,-5.029892549e-02
7.092885742e+02,-4.204785079e-02
7.095204468e+02,-1.334389951e-02
7.097523193e+02,7.350216061e-02
7.099842529e+02,1.291269902e-02
7.102161255e+02,-5.407484248e-03
7.104480591e+02,2.007994615e-02
7.106799927e+02,-2.865733579e-02
7.109119263e+02,-4.994930327e-02
7.111439209e+02,-4.456513003e-02
7.113758545e+02,5.304928496e-02
7.116078491e+02,3.801554814e-02
7.118397827e+02,5.395830143e-03
7.120717773e+02,-2.788816765e-02
7.123037720e+02,-4.376100004e-02
7.125357666e+02,-3.037048317e-02
7.127678223e+02,-1.977694035e-02
7.129998169e+02,-3.005582280e-02
7.132318726e+02,3.630239889e-02
7.134639282e+02,1.532508992e-02
7.136959839e+02,-3.435617313e-02
7.139280396e+02,2.098896354e-02
7.141600952e+02,1.637395471e-02
7.143921509e+02,-3.729299456e-02
7.146242676e+02,-2.365774242e-03
7.148563843e+02,-4.358618986e-03
7.150885010e+02,-6.103231758e-02
7.153206177e+02,-3.009078465e-02
7.155527344e+02,-4.239747301e-02
7.157848511e+02,-1.858822629e-02
7.160170288e+02,1.682846434e-02
7.162491455e+02,4.451851174e-02
7.164813232e+02,6.612513959e-02
7.167135010e+02,1.703823730e-02
7.169456787e+02,5.958721414e-02
7.171779175e+02,4.007831588e-02
7.174100952e+02,7.360704988e-02
7.176423340e+02,-5.054366216e-02
7.178745117e+02,1.661869138e-02
7.181067505e+02,1.934574172e-02
7.183389893e+02,-3.820201010e-02
7.185712891e+02,3.350542486e-02
7.188035278e+02,-1.663034409e-02
7.190358276e+02,2.308669500e-02
7.192680664e+02,6.269884761e-03
7.195003662e+02,-2.690922655e-02
7.197326660e+02,-5.599776283e-02
7.199649658e+02,2.689757198e-02
7.201972656e+02,8.402577601e-03
7.204296265e+02,-6.131201237e-02
7.206619873e+02,8.857086068e-04
7.208942871e+02,-2.358781919e-02
7.211266479e+02,3.235167265e-02
7.213590088e+02,6.102066115e-02
7.215913696e+02,1.193375792e-02
7.218237915e+02,4.783992097e-02
7.220561523e+02,6.231426448e-02
7.222885742e+02,-2.260887763e-03
7.225209961e+02,-1.149090379e-02
7.227534180e+02,1.976528764e-02
7.229858398e+02,-5.914435908e-02
7.232182617e+02,-5.365529656e-02
7.234507446e+02,-1.100143325e-02
7.236831665e+02,-3.260806203e-02
7.239156494e+02,5.895789340e-02
7.241481323e+02,-1.156082842e-02
7.243806152e+02,-4.897036403e-02
7.246130981e+02,3.074341267e-02
7.248456421e+02,3.867982700e-02
7.250781250e+02,-2.260887763e-03
7.253106689e+02,-3.138438612e-02
7.255432129e+02,-3.715314716e-02
7.257757568e+02,-4.869066551e-02
7.260083008e+02,9.905952029e-03
7.262408447e+02,-5.043877661e-02
7.264734497e+02,8.535434306e-02
7.267059937e+02,-4.271213338e-02
7.269385986e+02,2.899530344e-02
7.271712036e+02,3.672194481e-02
7.274038086e+02,-3.925087675e-02
7.276364136e+02,3.682683222e-03
7.278690796e+02,-5.449438840e-02
7.281016846e+02,-3.809712455e-02
7.283343506e+02,3.018401796e-03
7.285670166e+02,1.931077801e-02
7.287996826e+02,-5.722143874e-02
7.290323486e+02,-7.368862629e-02
7.292650146e+02,-4.848089535e-03
7.294976807e+02,-2.390247956e-02
7.297304077e+02,-2.488142066e-02
7.299631348e+02,-1.883296296e-02
7.301958618e+02,3.853997961e-02
7.304285889e+02,2.116377465e-02
7.306613159e+02,3.682683408e-02
7.308940430e+02,8.122880012e-03
7.311268311e+02,-9.288286790e-03
7.313596191e+02,1.221345551e-02
7.315923462e+02,-4.690759629e-02
7.318251343e+02,-3.834186122e-02
7.320579834e+02,-1.764424890e-02
7.322907715e+02,-5.410980433e-02
7.325235596e+02,-7.075180113e-02
7.327564087e+02,-2.575547434e-03
7.329892578e+02,-8.204459213e-03
7.332220459e+02,1.920589246e-02
7.334549561e+02,-1.554651745e-02
7.336878052e+02,-1.236495841e-02
7.339206543e+02,9.905952029e-04
7.341535645e+02,-6.592702121e-02
7.343864136e+02,7.479576021e-02
7.346193237e+02,-3.781742603e-02
7.348522339e+02,7.843183354e-03
7.350851440e+02,-6.701084971e-02
7.353180542e+02,-2.149008773e-02
7.355510254e+02,2.798140049e-02
7.357839355e+02,-4.536926001e-02
7.360169067e+02,-6.760520488e-02
7.362498779e+02,-2.764343284e-02
7.364828491e+02,-2.481149510e-02
7.367158203e+02,-4.078921303e-02
7.369488525e+02,-3.795727715e-02
7.371818237e+02,-1.624576002e-02
7.374148560e+02,3.888960183e-02
7.376478882e+02,-9.567984380e-03
7.378809204e+02,4.483317211e-02
7.381139526e+02,-2.652464248e-02
7.383469849e+02,-4.099898785e-02
7.385800171e+02,-3.456594422e-02
7.388131104e+02,-3.753773123e-02
7.390462036e+02,3.682683408e-02
7.392792358e+02,-3.655878827e-02
7.395123291e+02,8.227767050e-02
7.397454834e+02,-1.222511008e-02
7.399785767e+02,8.937498927e-02
7.402116699e+02,-4.952976014e-03
7.404448242e+02,1.784236729e-02
7.406779785e+02,-7.610101718e-03
7.409111328e+02,7.584463060e-02
7.411442871e+02,-1.390329469e-02
7.413774414e+02,5.780414212e-03
7.416105957e+02,1.179390959e-02
7.418438110e+02,-2.638479322e-02
7.420770264e+02,-6.351463031e-03
7.423102417e+02,2.976447158e-02
7.425434570e+02,-6.152178720e-02
7.427766724e+02,6.095073745e-02
7.430098877e+02,-2.390247956e-02
7.432431030e+02,-3.274791175e-03
7.434763794e+02,-3.432120755e-02
7.437096558e+02,-4.799142107e-02
7.439429321e+02,-5.194215104e-02
7.441762085e+02,1.724801026e-03
7.444094849e+02,2.042956837e-02
7.446427612e+02,1.091985498e-02
7.448760986e+02,-3.729299409e-03
7.451094360e+02,8.996934630e-03
7.453427124e+02,3.140769526e-02
7.455760498e+02,-8.589043282e-03
7.458093872e+02,3.927418590e-02
7.460427856e+02,6.301350892e-02
7.462761230e+02,-1.984686591e-02
7.465095215e+02,-3.953057528e-02
7.467428589e+02,-1.526681939e-03
7.469762573e+02,3.542834520e-02
7.472096558e+02,-4.844593257e-02
7.474431152e+02,5.654550344e-02
7.476765137e+02,1.546493918e-02
7.479099121e+02,3.154754266e-02
7.481433716e+02,-1.684011705e-02
7.483768311e+02,8.210285753e-02
7.486102905e+02,6.409733323e-04
7.488437500e+02,-4.987937957e-02
7.490772095e+02,-2.575547434e-03
7.493106689e+02,-2.404232696e-02
7.495441895e+02,1.410141354e-03
7.497777100e+02,-2.627990767e-02
7.500112305e+02,-3.446105868e-02
7.502447510e+02,2.179309493e-03
7.504782715e+02,-2.732877247e-02
7.507117920e+02,-7.924761157e-04
7.509453125e+02,7.108977064e-03
7.511788940e+02,3.630239889e-02
7.514124756e+02,-2.523104101e-02
7.516460571e+02,2.875056863e-02
7.518796387e+02,-5.124290660e-02
7.521132202e+02,1.113662049e-01
7.523468018e+02,1.434614882e-02
7.525804443e+02,4.346964881e-02
7.528140259e+02,-5.278124288e-02
7.530476685e+02,3.350542486e-02
7.532813110e+02,-3.023063391e-02
7.535149536e+02,-1.198037434e-02
7.537486572e+02,6.979616731e-02
7.539822998e+02,-1.684011705e-02
7.542160034e+02,-2.928665467e-02
7.544496460e+02,-5.785075948e-02
7.546833496e+02,7.808220689e-04
7.549170532e+02,7.696341723e-02
7.551507568e+02,-2.488142066e-02
7.553845215e+02,-2.872725949e-02
7.556182251e+02,-4.473993927e-02
7.558519897e+02,2.878553001e-03
7.560857544e+02,-6.361951679e-02
7.563194580e+02,-5.299101397e-02
7.565532837e+02,-3.984523565e-02
7.567870483e+02,7.004090585e-03
7.570208130e+02,5.147598684e-02
7.572546387e+02,-5.124290660e-02
7.574884033e+02,-4.515948519e-02
7.577222290e+02,2.091903985e-02
7.579560547e+02,-8.204459213e-03
7.581898804e+02,4.147680104e-02
7.584237671e+02,-5.431957915e-02
7.586575928e+02,-1.708485372e-02
7.588914795e+02,-2.572051249e-02
7.591253052e+02,1.084993035e-02
7.593591919e+02,-7.162585855e-02
7.595930786e+02,-3.869148344e-02
7.598269653e+02,7.913107052e-03
7.600609131e+02,-3.194377944e-02
7.602947998e+02,-5.910939723e-02
7.605287476e+02,-6.732551008e-02
7.607626953e+02,6.147517264e-02
7.609965820e+02,-1.484727394e-02
7.612305908e+02,-2.540585212e-02
7.614645386e+02,-2.823778987e-02
7.616984863e+02,7.759273797e-02
7.619324951e+02,1.030801684e-01
7.621664429e+02,-1.795890741e-02
7.624004517e+02,-5.187222362e-02
7.626344604e+02,-2.288857475e-02
7.628684692e+02,-2.344796993e-02
7.631025391e+02,-7.183562964e-02
7.633365479e+02,3.200205043e-02
7.635706177e+02,7.269803435e-02
7.638046265e+02,8.353630453e-02
7.640386963e+02,-4.736210406e-02
7.642727661e+02,-4.047455266e-02
7.645068359e+02,-2.107054181e-02
7.647409668e+02,-5.229176953e-02
7.649750366e+02,-5.197711289e-02
7.652091675e+02,1.686342619e-02
7.654432983e+02,-2.114046551e-02
7.656773682e+02,-4.127868265e-02
7.659115601e+02,-1.876303810e-03
7.661456909e+02,1.010523587e-01
7.663798218e+02,-7.470252924e-03
7.666140137e+02,4.790984467e-02
7.668481445e+02,-3.799223900e-02
7.670823364e+02,2.329646796e-02
7.673165283e+02,4.364445806e-02
7.675507202e+02,6.133532152e-02
7.677849731e+02,-2.575547434e-02
7.680191650e+02,-1.939235814e-02
7.682534180e+02,2.493968932e-03
7.684876099e+02,-3.386669978e-02
7.687218628e+02,-6.550747901e-02
7.689561157e+02,1.997506060e-02
7.691903687e+02,-3.827193752e-02
7.694246826e+02,1.389164012e-02
7.696589355e+02,-7.638071477e-02
7.698932495e+02,-3.676856309e-02
7.701275024e+02,6.636987627e-02
7.703618164e+02,-3.519526497e-02
7.705961304e+02,3.979861736e-02
7.708305054e+02,2.270211093e-02
7.710648193e+02,-5.736128613e-02
7.712991333e+02,-2.376263030e-02
7.715335083e+02,-2.505623037e-03
7.717678833e+02,2.158332057e-02
7.720022583e+02,7.990024239e-02
7.722366333e+02,2.070926689e-02
7.724710083e+02,2.738704206e-03
7.727054443e+02,7.741792500e-02
7.729398193e+02,2.098197043e-01
7.731742554e+02,-4.253732041e-02
7.734086914e+02,-2.750358358e-02
7.736431274e+02,-4.918013699e-03
7.738775635e+02,-1.998671517e-02
7.741119995e+02,2.969454788e-02
7.743464966e+02,8.021490276e-02
7.745809326e+02,-1.757432334e-02
7.748154297e+02,1.500693411e-01
7.750499268e+02,4.581211507e-02
7.752844238e+02,-3.418136016e-02
7.755189209e+02,7.028564066e-02
7.757534180e+02,-7.749950513e-03
7.759879761e+02,-4.096402228e-02
7.762224731e+02,-2.236414328e-02
7.764570312e+02,-2.211940661e-02
7.766915894e+02,-1.907769777e-02
7.769261475e+02,-1.232999656e-02
7.771607056e+02,-4.376100004e-02
7.773953247e+02,1.207360718e-02
7.776298828e+02,7.423636969e-03
7.778645020e+02,-1.212022384e-03
7.780991211e+02,2.843590919e-03
7.783337402e+02,-1.425291598e-02
7.785683594e+02,-5.057862401e-02
7.788029785e+02,-5.697670206e-02
7.790376587e+02,9.426970035e-02
7.792722778e+02,-5.694174021e-02
7.795069580e+02,2.703742124e-03
7.797416382e+02,3.700164333e-02
7.799763184e+02,-1.404314302e-02
7.802109985e+02,-1.607095078e-02
7.804456787e+02,-5.722143687e-03
7.806804199e+02,6.479658186e-02
7.809151001e+02,-7.354877889e-02
7.811498413e+02,-7.819875143e-03
7.813845825e+02,-3.939072601e-03
7.816193237e+02,2.773666522e-03
7.818540649e+02,-2.848252468e-02
7.820888062e+02,1.973032579e-02
7.823236084e+02,-2.876222134e-02
7.825583496e+02,3.112799674e-02
7.827931519e+02,-1.316908840e-02
7.830279541e+02,-4.393580928e-02
7.832627563e+02,-2.194459736e-02
7.834975586e+02,-2.107054181e-02
7.837324219e+02,-1.586117595e-02
7.839672241e+02,-9.078513831e-03
7.842020874e+02,-2.246902883e-02
7.844369507e+02,-6.375936419e-02
7.846718140e+02,3.714149073e-02
7.849066772e+02,-1.026722789e-02
7.851415405e+02,2.462503128e-02
7.853764648e+02,-1.040707622e-02
7.856113281e+02,-1.170067675e-02
7.858462524e+02,-3.323738277e-02
7.860811768e+02,8.343142271e-02
7.863161011e+02,-4.453016818e-02
7.865510254e+02,2.521938831e-02
7.867859497e+02,1.033598632e-01
7.870208740e+02,-2.414721437e-02
7.872558594e+02,-3.425128385e-02
7.874908447e+02,1.791928411e-01
7.877258301e+02,8.322165161e-02
7.879608154e+02,3.287610412e-02
7.881958008e+02,2.301676944e-02
7.884307861e+02,-1.610591263e-02
7.886658325e+02,1.322735939e-02
7.889008179e+02,-1.337886229e-02
7.891358643e+02,1.154917385e-02
7.893709106e+02,-9.987530299e-03
7.896059570e+02,1.265048236e-01
7.898410034e+02,9.556329809e-03
7.900760498e+02,2.679268643e-02
7.903111572e+02,-5.952894315e-02
7.905462646e+02,1.794725424e-03
7.907813110e+02,-3.641894087e-02
7.910164185e+02,2.319158055e-03
7.912515259e+02,-2.586036175e-02
7.914866943e+02,-1.544163097e-02
7.917218018e+02,2.514946274e-02
7.919569702e+02,4.623166099e-02
7.921920776e+02,-4.341137782e-02
7.924272461e+02,5.570641253e-03
7.926624146e+02,-5.757106002e-03
7.928975830e+02,5.500716623e-03
7.931327515e+02,3.483398631e-02
7.933679810e+02,-2.596524730e-02
7.936031494e+02,1.126947720e-02
7.938383789e+02,-3.886629269e-02
7.940736084e+02,-5.431957915e-02
7.943088379e+02,9.112310410e-02
7.945440674e+02,-4.211777449e-02
7.947792969e+02,-1.610591263e-02
7.950145874e+02,-7.540177554e-03
7.952498169e+02,-2.736373432e-02
7.954851074e+02,5.395830143e-03
7.957203979e+02,2.179309493e-03
7.959556885e+02,1.270292606e-02
7.961909790e+02,2.056941763e-02
7.964262695e+02,-1.058188733e-02
7.966616211e+02,4.972787946e-02
7.968969116e+02,-1.628072374e-02
7.971322632e+02,1.367137879e-01
7.973676147e+02,-1.498712227e-02
7.976029663e+02,6.332816929e-02
7.978383179e+02,-4.813127220e-02
7.980737305e+02,1.004580036e-02
7.983090820e+02,-3.935576230e-02
7.985444946e+02,-4.330648854e-02
7.987798462e+02,3.507872345e-03
7.990152588e+02,-2.037129924e-02
7.992506714e+02,-1.684011705e-02
7.994861450e+02,-5.512370728e-03
7.997215576e+02,-4.599857703e-02
7.999570312e+02,-3.788735345e-02
8.001924438e+02,-4.442527890e-02
8.004279175e+02,-6.491311640e-02
8.006633911e+02,-1.128113084e-02
8.008988647e+02,-4.949479550e-02
8.011343384e+02,6.255900115e-02
8.013698730e+02,-3.047536872e-02
8.016053467e+02,-8.120549470e-02
8.018408813e+02,-5.711655319e-02
8.020764160e+02,9.185730666e-02
8.023119507e+02,3.109303489e-02
8.025474854e+02,-6.316500902e-02
8.027830200e+02,6.514620036e-03
8.030185547e+02,-4.823615775e-02
8.032541504e+02,2.312165685e-02
8.034897461e+02,-1.138601732e-02
8.037252808e+02,4.745533690e-02
8.039608765e+02,-2.274872735e-02
8.041964722e+02,2.438029461e-02
8.044321289e+02,-2.554570138e-02
8.046677246e+02,4.465836287e-02
8.049033813e+02,-5.966878962e-03
8.051389771e+02,-6.176652387e-04
8.053746338e+02,3.273625672e-02
8.056102905e+02,4.658127949e-02
8.058459473e+02,1.424126234e-02
8.060816650e+02,-8.693929762e-03
8.063173218e+02,-4.526437074e-02
8.065530396e+02,-2.638479322e-02
8.067886963e+02,-1.949724369e-02
8.070244141e+02,4.381926730e-03
8.072601318e+02,-3.830689937e-02
8.074958496e+02,-4.376100004e-02
8.077316284e+02,-2.981108800e-02
8.079673462e+02,-6.386425346e-02
8.082031250e+02,-3.781742603e-02
8.084389038e+02,2.469495498e-02
8.086746216e+02,4.109221697e-02
8.089104004e+02,-6.414394826e-02
8.091462402e+02,-3.236332536e-02
8.093820190e+02,8.189308643e-02
8.096177979e+02,-4.285198078e-02
8.098536377e+02,-5.054366216e-02
8.100894775e+02,-9.672870510e-04
8.103253174e+02,-1.736455015e-03
8.105611572e+02,-9.498059750e-03
8.107969971e+02,2.539419942e-02
8.110328369e+02,4.172153771e-02
8.112687378e+02,-3.456594422e-02
8.115045776e+02,-1.177060185e-03
8.117404785e+02,-2.390247956e-02
8.119763794e+02,-4.050951451e-02
8.122122803e+02,4.312002566e-03
8.124481812e+02,-6.386425346e-02
8.126841431e+02,1.233232692e-01
8.129200439e+02,-4.043959081e-02
8.131560059e+02,-1.736455015e-03
8.133919678e+02,1.731443852e-01
8.136279297e+02,-7.295442373e-02
8.138638916e+02,7.493560761e-02
8.140998535e+02,8.916521817e-02
8.143358154e+02,-2.397240326e-02
8.145718384e+02,5.081170425e-02
8.148078003e+02,-4.078921338e-04
8.150438232e+02,1.710816100e-02
8.152798462e+02,1.195823178e-01
8.155158691e+02,1.819198951e-02
8.157518921e+02,-3.617420420e-02
8.159879761e+02,2.465999313e-02
8.162239990e+02,-4.603353888e-02
8.164600830e+02,-3.183889389e-02
8.166961670e+02,4.312002566e-04
8.169322510e+02,1.250014603e-01
8.171683350e+02,-2.082580701e-02
8.174044189e+02,8.699756116e-02
8.176405029e+02,3.437947854e-02
8.178766479e+02,-3.421632200e-02
8.181127930e+02,1.633899286e-02
8.183488770e+02,-4.274709523e-02
8.185850220e+02,-1.323901303e-02
8.188212280e+02,-5.827030633e-03
8.190573730e+02,-4.036966711e-02
8.192935181e+02,-3.963546082e-02
8.195297241e+02,1.137086749e-01
8.197658691e+02,-5.141771585e-02
8.200020752e+02,1.805214025e-02
8.202382812e+02,-2.121039107e-02
8.204744873e+02,5.969209969e-02
8.207107544e+02,-1.792394556e-02
8.209469604e+02,3.766592592e-02
8.211831665e+02,-2.274872735e-02
8.214194336e+02,-2.344796993e-02
8.216557007e+02,-5.337560084e-03
8.218919678e+02,1.480065752e-03
8.221282349e+02,3.095318563e-02
8.223645020e+02,-2.376263030e-02
8.226008301e+02,7.108977437e-02
8.228370972e+02,-1.900777407e-02
8.230734253e+02,-2.341300808e-02
8.233097534e+02,-4.470497742e-02
8.235460815e+02,-2.862237394e-02
8.237824097e+02,-3.005582280e-02
8.240187378e+02,1.466080826e-02
8.242551270e+02,6.301350892e-02
8.244914551e+02,5.780414212e-03
8.247278442e+02,2.284195973e-03
8.249642334e+02,-2.110550366e-02
8.252006226e+02,3.983357921e-02
8.254370117e+02,9.839523584e-02
8.256734009e+02,-2.481149510e-02
8.259097900e+02,9.136783890e-03
8.261462402e+02,-1.764424890e-02
8.263826904e+02,3.123288276e-03
8.266191406e+02,-7.159089297e-02
8.268555908e+02,-3.047536872e-02
8.270920410e+02,-3.844674677e-02
8.273284912e+02,1.759763225e-03
8.275649414e+02,-6.533266604e-02
8.278014526e+02,-3.320242092e-02
8.280379639e+02,-7.295442279e-03
8.282744751e+02,-1.568636671e-02
8.285109863e+02,6.189471856e-02
8.287474976e+02,3.623247519e-02
8.289840088e+02,-1.152586658e-02
8.292205200e+02,-7.575139403e-03
8.294570923e+02,-3.949561343e-02
8.296936646e+02,1.126947720e-02
8.299301758e+02,1.714312285e-02
8.301667480e+02,4.521775525e-03
8.304033813e+02,-4.830608144e-02
8.306399536e+02,-2.330812160e-03
8.308765259e+02,6.084585190e-02
8.311131592e+02,-4.467001557e-02
8.313497925e+02,4.021816328e-02
8.315863647e+02,-2.481149510e-02
8.318229980e+02,-9.183400311e-03
8.320596924e+02,-1.065181196e-02
8.322963257e+02,-5.351544917e-02
8.325329590e+02,-3.904110566e-02
8.327696533e+02,1.123801097e-01
8.330062866e+02,6.969128270e-03
8.332429810e+02,4.203619808e-02
8.334796753e+02,-4.945983365e-02
8.337163696e+02,3.714149073e-02
8.339531250e+02,7.070519030e-02
8.341898193e+02,-2.222429402e-02
8.344265747e+02,1.826191321e-02
8.346632690e+02,1.242322847e-02
8.349000244e+02,-6.379432976e-02
8.351367798e+02,-3.977530822e-02
8.353735352e+02,7.318750024e-03
8.356103516e+02,5.098651722e-02
8.358471069e+02,-4.281701893e-02
8.360839233e+02,-2.516111732e-02
8.363206787e+02,-3.334226832e-02
8.365574951e+02,-2.540585352e-03
8.367943115e+02,-3.557984903e-02
8.370311279e+02,-4.841096699e-02
8.372679443e+02,-5.634738505e-02
8.375048218e+02,-4.792149737e-02
8.377416382e+02,-2.928665467e-02
8.379785156e+02,-4.414558411e-02
8.382153931e+02,-2.467164770e-02
8.384522705e+02,-2.117542922e-02
8.386891479e+02,-4.148845747e-02
8.389260254e+02,2.598855644e-03
8.391629639e+02,5.948232487e-02
8.393998413e+02,9.762606770e-02
8.396367798e+02,-1.558147930e-02
8.398737183e+02,-1.551155467e-02
8.401106567e+02,-3.309753258e-03
8.403475952e+02,-1.928747073e-02
8.405845337e+02,-1.246984466e-03
8.408215332e+02,-7.959723473e-03
8.410584717e+02,3.137273341e-02
8.412954712e+02,-3.795727715e-02
8.415324707e+02,3.224678710e-02
8.417694702e+02,-2.295850078e-03
8.420064697e+02,-1.767921075e-02
8.422434692e+02,-1.624576002e-02
8.424804688e+02,-3.813208640e-02
8.427175293e+02,-1.170067675e-02
8.429545288e+02,-9.952567518e-03
8.431915894e+02,-3.568473458e-02
8.434286499e+02,-2.201452106e-02
8.436657104e+02,-2.981108800e-02
8.439028320e+02,-2.939154208e-02
8.441398926e+02,-8.973627118e-04
8.443769531e+02,2.661787532e-02
8.446140747e+02,-2.767839469e-02
8.448511963e+02,5.640565418e-03
8.450883179e+02,-3.659375012e-03
8.453254395e+02,-3.120957501e-02
8.455625610e+02,-4.460009187e-02
8.457997437e+02,-1.883296296e-02
8.460368652e+02,9.458436072e-02
8.462740479e+02,-8.344307542e-03
8.465112305e+02,-1.799386926e-02
8.467483521e+02,-5.715151504e-02
8.469855957e+02,-1.851830259e-02
8.472227783e+02,1.103173420e-01
8.474599609e+02,5.783910304e-02
8.476972046e+02,3.182724118e-02
8.479343872e+02,-3.040544502e-02
8.481716309e+02,-2.128031477e-02
8.484088745e+02,3.738622740e-02
8.486461182e+02,-1.526681939e-03
8.488833618e+02,1.025557402e-03
8.491206665e+02,-2.082580701e-02
8.493579102e+02,1.039542258e-02
8.495952148e+02,-4.316664115e-02
8.498324585e+02,-6.026314944e-02
8.500697632e+02,8.717237972e-03
8.503070679e+02,-3.697833419e-02
8.505444336e+02,1.179390959e-02
8.507817383e+02,-4.865570366e-02
8.510190430e+02,6.465672702e-02
8.512564087e+02,-5.900451168e-02
8.514937744e+02,-4.984441772e-02
8.517311401e+02,-2.512615547e-02
8.519685059e+02,5.325905979e-02
8.522058716e+02,5.675527733e-03
8.524432373e+02,-4.190800339e-02
8.526806641e+02,8.017993532e-03
8.529180298e+02,-1.411306765e-02
8.531554565e+02,-5.774587020e-02
8.533928833e+02,-3.250317648e-02
8.536303101e+02,6.245411187e-02
8.538677368e+02,-1.439276524e-02
8.541051636e+02,-2.341300808e-02
8.543426514e+02,1.387066394e-01
8.545800781e+02,-4.862074181e-02
8.548175659e+02,-1.764424890e-02
8.550550537e+02,2.231752686e-02
8.552925415e+02,-4.351626337e-02
8.555300293e+02,-2.673441544e-02
8.557675171e+02,1.029053610e-02
8.560050659e+02,1.658372767e-02
8.562425537e+02,-2.526600473e-02
8.564801025e+02,8.860582113e-02
8.567176514e+02,1.480065752e-02
8.569552002e+02,7.741792500e-02
8.571927490e+02,-1.970701665e-02
8.574302979e+02,1.203514859e-01
8.576679077e+02,-1.670026965e-02
8.579054565e+02,8.367615752e-03
8.581430664e+02,-1.981190406e-03
8.583806763e+02,-2.103557996e-02
8.586182861e+02,3.700164333e-02
8.588558960e+02,-4.844593257e-02
8.590935059e+02,9.164753556e-02
8.593311157e+02,-1.142097986e-03
8.595687866e+02,-1.302924007e-02
8.598064575e+02,3.420466930e-02
8.600440674e+02,-1.869311370e-02
8.602817383e+02,-3.127950057e-02
8.605194092e+02,-4.925006256e-02
8.607571411e+02,-3.484564135e-03
8.609948120e+02,-4.071928933e-02
8.612324829e+02,3.112799674e-02
8.614702148e+02,-2.872725949e-02
8.617079468e+02,5.686016381e-02
8.619456787e+02,-2.383255400e-02
8.621834106e+02,9.276632220e-03
8.624211426e+02,-5.617257208e-03
8.626588745e+02,2.896034159e-02
8.628966675e+02,-3.267798573e-02
8.631343994e+02,8.909529448e-02
8.633721924e+02,-3.292272240e-02
8.636099854e+02,2.941484936e-02
8.638477783e+02,-4.858577996e-02
8.640855713e+02,1.114361286e-01
8.643234253e+02,-1.397321932e-02
8.645612183e+02,8.017993718e-02
8.647990723e+02,4.039297625e-02
8.650368652e+02,1.570967399e-02
8.652747192e+02,2.382090129e-02
8.655125732e+02,-1.725966483e-02
8.657504272e+02,3.333061468e-03
8.659883423e+02,5.647557974e-02
8.662261963e+02,-3.998508304e-02
8.664641113e+02,1.934574102e-03
8.667019653e+02,-7.155593485e-03
8.669398804e+02,-3.974034917e-03
8.671777954e+02,-6.260561198e-02
8.674157104e+02,-4.795645922e-02
8.676536865e+02,-3.596443310e-02
8.678916016e+02,-7.400328759e-03
8.681295776e+02,-4.033470526e-02
8.683674927e+02,-7.575139753e-04
8.686054688e+02,-3.467082977e-02
8.688434448e+02,6.633491069e-02
8.690814209e+02,-1.593110152e-02
8.693193970e+02,-2.040626109e-02
8.695574341e+02,-2.225925587e-02
8.697954102e+02,4.172153771e-03
8.700334473e+02,-4.897036403e-02
8.702714844e+02,-2.981108800e-02
8.705095215e+02,1.022061147e-02
8.707475586e+02,-2.005663887e-02
8.709855957e+02,-2.918176912e-02
8.712236328e+02,-2.288857475e-02
8.714617310e+02,6.692927331e-02
8.716997681e+02,-4.407565668e-02
8.719378662e+02,-1.212022360e-02
8.721759644e+02,-4.746698961e-02
8.724140625e+02,-2.837763727e-02
8.726521606e+02,-5.526355654e-02
8.728903198e+02,1.405596286e-01
8.731284180e+02,6.829279475e-03
8.733665771e+02,1.499644518e-01
8.736046753e+02,9.731140733e-02
8.738428345e+02,-3.225843981e-02
8.740809937e+02,-5.771090835e-02
8.743191528e+02,8.752199821e-03
8.745573730e+02,-5.687181838e-03
8.747955322e+02,-1.474238653e-02
8.750337524e+02,2.389082452e-03
8.752719116e+02,-2.760847099e-02
8.755101318e+02,9.276632220e-03
8.757483521e+02,-3.204866871e-02
8.759865723e+02,-3.281783685e-02
8.762248535e+02,-1.212022360e-02
8.764630737e+02,-2.701411396e-02
8.767013550e+02,6.283869594e-02
8.769395752e+02,3.123288276e-03
8.771778564e+02,4.843427613e-02
8.774161377e+02,7.458598702e-04
8.776544189e+02,2.147144228e-01
8.778927002e+02,7.353712618e-02
8.781310425e+02,5.885300692e-03
8.783693237e+02,5.074178055e-02
8.786076660e+02,2.102392539e-02
8.788460083e+02,-4.145349562e-02
8.790842896e+02,6.339808926e-03
8.793226318e+02,-1.194541249e-02
8.795610352e+02,2.549908496e-02
8.797993774e+02,3.640728444e-02
8.800377197e+02,-1.281946665e-03
8.802761230e+02,2.168820798e-02
8.805145264e+02,-5.438950285e-02
8.807529297e+02,9.556329809e-03
8.809913330e+02,-3.886629269e-02
8.812297363e+02,-3.253813833e-02
8.814681396e+02,-4.425046965e-02
8.817066040e+02,-4.173319042e-02
8.819450073e+02,-5.582295358e-03
8.821834717e+02,3.217686340e-02
8.824219360e+02,-3.453098238e-02
8.826604004e+02,-5.533348024e-02
8.828988647e+02,-2.743365988e-02
8.831373291e+02,5.588122085e-02
8.833757935e+02,-3.058025613e-02
8.836143188e+02,-4.631323740e-02
8.838528442e+02,2.452014387e-02
8.840913086e+02,-3.453098238e-02
8.843298340e+02,1.462584641e-02
8.845683594e+02,4.696586635e-03
8.848069458e+02,3.458925337e-02
8.850454712e+02,-2.037129924e-02
8.852839966e+02,2.354120370e-03
8.855225830e+02,-4.701248184e-02
8.857611694e+02,3.752607480e-02
8.859997559e+02,1.822695136e-02
8.862383423e+02,-5.320078880e-02
8.864769287e+02,-1.953220554e-02
8.867155151e+02,9.549337626e-02
8.869541626e+02,2.172316983e-02
8.871927490e+02,9.175242484e-02
8.874313965e+02,-9.602946229e-03
8.876700439e+02,3.025394119e-02
8.879086914e+02,-4.110387340e-02
8.881473389e+02,4.137191456e-03
8.883859863e+02,5.025231093e-02
8.886246948e+02,1.045485809e-01
8.888633423e+02,5.070681870e-02
8.891020508e+02,-2.551073954e-02
8.893407593e+02,2.560397238e-02
8.895794678e+02,1.288123280e-01
8.898181763e+02,1.182887144e-02
8.900568848e+02,-3.337723017e-02
8.902955933e+02,-1.753936149e-02
8.905343628e+02,-4.215273634e-02
8.907730713e+02,-5.543836579e-02
8.910118408e+02,2.665283717e-02
8.912506104e+02,5.102147907e-02
8.914893799e+02,-6.141690072e-03
8.917281494e+02,1.350705698e-02
8.919669800e+02,-2.149008773e-02
8.922057495e+02,-7.749950513e-03
8.924445801e+02,-4.886547849e-02
8.926833496e+02,3.763096407e-02
8.929221802e+02,3.742118925e-02
8.931610107e+02,8.996934630e-03
8.933998413e+02,7.325742394e-02
8.936387329e+02,-1.995175146e-02
8.938775635e+02,1.892619394e-02
8.941164551e+02,-5.851503834e-02
8.943552856e+02,3.665202111e-02
8.945941772e+02,5.224515498e-02
8.948330688e+02,-5.868985131e-02
8.950719604e+02,1.336720772e-02
8.953108521e+02,3.402985632e-02
8.955498047e+02,5.955225229e-02
8.957886963e+02,-4.306175560e-02
8.960276489e+02,-4.473993927e-02
8.962666016e+02,4.958802834e-02
8.965055542e+02,-1.281946665e-03
8.967445068e+02,-2.516111732e-02
8.969834595e+02,-1.666530734e-03
8.972224121e+02,5.532182753e-02
8.974614258e+02,-1.907769777e-02
8.977003784e+02,2.577878349e-02
8.979393921e+02,-2.551073954e-02
8.981784058e+02,5.179064721e-02
8.984174194e+02,8.822124451e-03
8.986564331e+02,-1.967205480e-02
8.988954468e+02,-3.568473458e-02
8.991345215e+02,-4.103394970e-02
8.993735352e+02,3.284114227e-02
8.996126099e+02,-4.760683700e-02
8.998516846e+02,3.997342661e-03
9.000907593e+02,6.916685402e-02
9.003298340e+02,1.277285069e-02
9.005689087e+02,-6.526274234e-02
9.008079834e+02,3.444940224e-02
9.010471191e+02,8.157842676e-04
9.012861938e+02,3.906441107e-02
9.015253296e+02,1.611873209e-01
9.017644653e+02,4.116214439e-02
9.020036011e+02,4.888878390e-02
9.022427368e+02,5.640565418e-03
9.024819336e+02,1.998554915e-01
9.027210693e+02,2.403067425e-02
9.029602661e+02,1.270292676e-03
9.031994019e+02,-1.246984489e-02
9.034385986e+02,1.305254828e-02
9.036777954e+02,1.787732914e-02
9.039169922e+02,4.563730210e-02
9.041561890e+02,3.770088777e-02
9.043954468e+02,-1.781905815e-02
9.046346436e+02,-9.847681038e-03
9.048739014e+02,1.420630049e-02
9.051131592e+02,-8.519118652e-03
9.053524170e+02,-1.551155467e-02
9.055916748e+02,-5.882969871e-02
9.058309326e+02,-3.313249350e-02
9.060701904e+02,-3.421632200e-02
9.063095093e+02,-1.547659282e-02
9.065487671e+02,4.381926730e-03
9.067880859e+02,1.868145913e-02
9.070274048e+02,1.612921990e-02
9.072667236e+02,-1.180556323e-02
9.075060425e+02,1.361194346e-02
9.077454224e+02,-5.582295358e-03
9.079847412e+02,-2.330812131e-04
9.082240601e+02,5.867819488e-02
9.084634399e+02,-2.355285734e-02
9.087028198e+02,7.941076905e-02
9.089421997e+02,-1.750439964e-02
9.091815796e+02,8.689267933e-02
9.094209595e+02,-6.987775117e-02
9.096604004e+02,-2.330812253e-02
9.098997803e+02,-4.089409858e-02
9.101392212e+02,-3.285279870e-02
9.103786011e+02,-4.508956149e-02
9.106180420e+02,5.353875458e-02
9.108574829e+02,2.137354761e-02
9.110969849e+02,-5.176733807e-02
9.113364258e+02,-4.071928933e-02
9.115758667e+02,-5.477408692e-02
9.118153687e+02,3.011409380e-02
9.120548706e+02,1.018564962e-02
9.122943115e+02,2.819117345e-02
9.125338135e+02,1.186383367e-01
9.127733765e+02,-5.617257208e-03
9.130128784e+02,-9.078513831e-03
9.132523804e+02,4.479821026e-02
9.134919434e+02,-3.348211572e-02
9.137314453e+02,-3.152423352e-02
9.139710083e+02,-6.229095533e-02
9.142105713e+02,1.396156475e-02
9.144501343e+02,1.644388027e-02
9.146896973e+02,-1.603598706e-02
9.149293213e+02,-3.753773123e-02
9.151688843e+02,-3.509037569e-02
9.154085083e+02,-1.337886229e-02
9.156480713e+02,-1.575629041e-02
9.158876953e+02,-2.418217622e-02
9.161273193e+02,-5.844511464e-02
9.163669434e+02,1.836680062e-02
9.166066284e+02,-4.337641597e-02
9.168462524e+02,-1.809875667e-02
9.170858765e+02,-2.690922655e-02
9.173255615e+02,-2.995093586e-03
9.175652466e+02,-2.551073954e-02
9.178049316e+02,1.862202436e-01
9.180446167e+02,5.081170425e-02
9.182843018e+02,8.850093931e-02
9.185239868e+02,-4.687263444e-02
9.187637329e+02,-7.085668854e-03
9.190034180e+02,-2.414721437e-02
9.192431641e+02,-1.026722789e-02
9.194829102e+02,-2.197955921e-02
9.197226562e+02,-2.851748653e-02
9.199624023e+02,-3.823697194e-02
9.202021484e+02,3.672194481e-02
9.204419556e+02,1.640891843e-02
9.206817017e+02,-4.015989229e-02
9.209215088e+02,1.647884212e-02
9.211613159e+02,1.679350249e-02
9.214011230e+02,-6.596198305e-03
9.216409302e+02,-4.358618986e-03
9.218807373e+02,4.661624320e-03
9.221205444e+02,-6.246576551e-03
9.223604126e+02,4.871397465e-02
9.226002197e+02,-2.330812253e-02
9.228400879e+02,1.794725284e-02
9.230799561e+02,2.119873650e-02
9.233198242e+02,-2.330812253e-02
9.235596924e+02,1.091985498e-02
9.237995605e+02,-5.274628103e-02
9.240394897e+02,-2.051114663e-02
9.242793579e+02,-4.075425118e-02
9.245192871e+02,4.007831588e-02
9.247592163e+02,-2.246902883e-02
9.249991455e+02,-1.827356778e-02
9.252390747e+02,3.208945692e-01
9.254790039e+02,4.846923798e-02
9.257189331e+02,-3.079002909e-02
9.259589233e+02,-4.568392038e-02
9.261988525e+02,-2.498630621e-02
9.264388428e+02,-2.911184356e-02
9.266788330e+02,-2.334308438e-02
9.269188232e+02,-1.631568559e-02
9.271588135e+02,7.598447613e-03
9.273988037e+02,2.930996381e-02
9.276388550e+02,-6.501800567e-02
9.278788452e+02,3.798058257e-02
9.281188965e+02,4.193131253e-02
9.283589478e+02,2.053445578e-02
9.285989990e+02,1.005628929e-01
9.288390503e+02,-3.624412790e-02
9.290791016e+02,1.791229099e-02
9.293191528e+02,5.299334526e-01
9.295592651e+02,-3.519526450e-03
9.297993164e+02,3.070845082e-02
9.300394287e+02,1.983521134e-02
9.302795410e+02,-2.460172214e-02
9.305196533e+02,-2.596524730e-02
9.307597656e+02,-2.848252468e-02
9.309998779e+02,2.011490986e-02
9.312400513e+02,-7.456268370e-02
9.314801636e+02,8.682275191e-03
9.317203369e+02,-3.582458198e-02
9.319605103e+02,3.228174895e-02
9.322006836e+02,1.595440879e-02
9.324408569e+02,9.136783890e-03
9.326810303e+02,9.063363075e-02
9.329212036e+02,-3.571969643e-02
9.331614380e+02,4.853916168e-02
9.334016113e+02,1.487058122e-02
9.336418457e+02,2.270211093e-02
9.338820801e+02,-5.529851839e-02
9.341223145e+02,1.532508992e-02
9.343625488e+02,-4.970457032e-02
9.346027832e+02,-1.544163097e-02
9.348430176e+02,-1.337886229e-02
9.350833130e+02,6.689430773e-02
9.353236084e+02,3.084829822e-02
9.355638428e+02,-8.624005131e-03
9.358041382e+02,-2.495134436e-02
9.360444336e+02,-3.806216270e-02
9.362847290e+02,2.668779902e-02
9.365250854e+02,3.658209741e-02
9.367653809e+02,-4.306175560e-02
9.370057373e+02,2.965958416e-02
9.372460327e+02,-1.858822629e-02
9.374863892e+02,1.658372767e-02
9.377267456e+02,-4.113883711e-03
9.379671021e+02,1.071008202e-02
9.382075195e+02,4.735044762e-02
9.384478760e+02,-1.281946711e-02
9.386882324e+02,-2.044122294e-02
9.389286499e+02,-3.306256980e-02
9.391690674e+02,2.035964467e-02
9.394094849e+02,2.941484936e-02
9.396499023e+02,5.332898349e-02
9.398903198e+02,2.088407613e-02
9.401307373e+02,8.448028564e-02
9.403712158e+02,-4.089409858e-02
9.406116333e+02,2.084911428e-02
9.408521118e+02,-5.092824623e-02
9.410925903e+02,-1.991678961e-02
9.413330078e+02,4.686097801e-02
9.415735474e+02,-1.858822629e-02
9.418140259e+02,1.784236729e-02
9.420545044e+02,-2.865733579e-02
9.422950439e+02,6.654468924e-02
9.425355225e+02,-5.092824809e-03
9.427760620e+02,-5.362033471e-02
9.430166016e+02,8.717237972e-03
9.432571411e+02,2.273707278e-02
9.434976807e+02,-1.281946711e-02
9.437382202e+02,-4.634819925e-02
9.439787598e+02,1.308751013e-02
9.442193604e+02,-3.729299456e-02
9.444599609e+02,2.598855644e-03
9.447005005e+02,-1.288939174e-02
9.449411011e+02,-3.278287500e-02
9.451817017e+02,-9.567984380e-03
9.454223022e+02,-4.348130152e-02
9.456629639e+02,2.357616462e-02
9.459035645e+02,-2.299346216e-02
9.461442261e+02,-1.771417214e-03
9.463848267e+02,-4.187304154e-02
9.466254883e+02,2.105888724e-02
9.468661499e+02,1.279033124e-01
9.471068115e+02,-6.526273792e-04
9.473475342e+02,-9.672870510e-04
9.475881958e+02,-4.966960847e-02
9.478288574e+02,-3.253813833e-02
9.480695801e+02,-5.204703659e-02
9.483103027e+02,-2.110550366e-02
9.485510254e+02,4.637150839e-02
9.487917480e+02,1.563975029e-02
9.490324707e+02,2.081415243e-02
9.492731934e+02,-4.834104329e-02
9.495139160e+02,-7.645064034e-03
9.497546997e+02,2.140850946e-02
9.499954834e+02,-2.956635319e-02
9.502362061e+02,1.020313054e-01
9.504769897e+02,-1.547659282e-02
9.507177734e+02,3.081333637e-02
9.509585571e+02,5.343386903e-02
9.511994019e+02,1.105970331e-02
9.514401855e+02,3.682683408e-02
9.516810303e+02,2.028971910e-02
9.519218140e+02,1.714312285e-02
9.521626587e+02,-3.037048317e-02
9.524035034e+02,-7.085668854e-03
9.526443481e+02,1.332175732e-01
9.528852539e+02,-2.156001329e-02
9.531260986e+02,-5.417972803e-02
9.533669434e+02,-2.561562508e-02
9.536078491e+02,-1.177060185e-03
9.538487549e+02,5.430792272e-02
9.540896606e+02,-7.029729337e-02
9.543305664e+02,2.756185457e-02
9.545714722e+02,-4.306175560e-02
9.548123779e+02,4.916848242e-02
9.550532837e+02,3.787569702e-02
9.552942505e+02,-4.432039335e-02
9.555352173e+02,4.969291389e-02
9.557761230e+02,4.077756032e-02
9.560170898e+02,-5.162748974e-03
9.562580566e+02,-3.666367382e-02
9.564990845e+02,-2.600020915e-02
9.567400513e+02,4.710571468e-02
9.569810181e+02,3.458925337e-02
9.572220459e+02,-5.806053057e-02
9.574630737e+02,-1.456757635e-02
9.577040405e+02,-3.239828860e-03
9.579450684e+02,5.448273569e-02
9.581860962e+02,-5.827030540e-02
9.584271851e+02,-1.558147930e-02
9.586682129e+02,1.619914430e-03
9.589092407e+02,7.112473249e-02
9.591503296e+02,-3.729299409e-03
9.593914185e+02,2.668780042e-03
9.596325073e+02,1.298612058e-01
9.598735962e+02,-1.900777407e-02
9.601146851e+02,-2.187467180e-02
9.603557739e+02,2.738704206e-03
9.605968628e+02,1.812206395e-02
9.608380127e+02,1.826191321e-02
9.610791626e+02,-3.893621638e-02
9.613202515e+02,1.665365323e-02
9.615614014e+02,-3.704825789e-02
9.618025513e+02,-3.669863939e-02
9.620437012e+02,-3.519526497e-02
9.622849121e+02,8.636824787e-02
9.625260620e+02,5.955225322e-03
9.627672729e+02,-2.589532360e-02
9.630084229e+02,-4.938990995e-02
9.632496338e+02,-1.505704690e-02
9.634908447e+02,-2.967123874e-02
9.637320557e+02,-5.166245252e-02
9.639732666e+02,-1.484727394e-02
9.642145386e+02,-8.973627118e-04
9.644557495e+02,1.080797613e-01
9.646970215e+02,9.101821110e-03
9.649382324e+02,-2.589532360e-02
9.651795044e+02,-1.264465600e-02
9.654207764e+02,4.119710624e-02
9.656620483e+02,-5.827030633e-03
9.659033203e+02,-4.480986297e-02
9.661446533e+02,5.259477720e-02
9.663859253e+02,-2.614005841e-02
9.666272583e+02,-4.246739671e-02
9.668685913e+02,-1.547659282e-02
9.671099243e+02,-1.600102521e-02
9.673512573e+02,2.445022017e-02
9.675925903e+02,8.822124451e-03
9.678339233e+02,-2.537089027e-02
9.680752563e+02,4.539256543e-02
9.683166504e+02,4.287528992e-02
9.685579834e+02,-2.645471832e-03
9.687993774e+02,2.175813168e-02
9.690407715e+02,-3.795727715e-02
9.692821655e+02,-3.911102936e-02
9.695235596e+02,3.581292927e-02
9.697650146e+02,1.927581616e-02
9.700064087e+02,-3.477571905e-02
9.702478638e+02,-1.281946665e-03
9.704892578e+02,-4.697751999e-02
9.707307129e+02,-5.026396364e-02
9.709721680e+02,2.266714908e-02
9.712136230e+02,-2.187467180e-02
9.714550781e+02,-1.418299228e-02
9.716965942e+02,-2.089573070e-02
9.719380493e+02,9.937417507e-02
9.721795654e+02,-4.278205708e-02
9.724210205e+02,-4.816623405e-02
9.726625366e+02,3.532345966e-02
9.729040527e+02,-4.138357192e-02
9.731455688e+02,2.769471109e-01
9.733870850e+02,-1.212022360e-02
9.736286621e+02,-5.882969871e-02
9.738701782e+02,2.172316983e-02
9.741117554e+02,4.381926730e-03
9.743533325e+02,1.224841829e-02
9.745948486e+02,-5.718647689e-02
9.748364258e+02,4.521775525e-03
9.750780029e+02,-4.047455266e-02
9.753196411e+02,-4.022981972e-02
9.755612183e+02,-3.530015051e-02
9.758028564e+02,-5.372521933e-03
9.760444336e+02,2.822613530e-02
9.762860718e+02,-4.274709523e-02
9.765277100e+02,1.410141438e-01
9.767693481e+02,-9.882643819e-03
9.770109863e+02,4.749029875e-02
9.772526245e+02,-4.841096699e-02
9.774943237e+02,-1.121120621e-02
9.777359619e+02,-1.659538224e-02
9.779776611e+02,9.241670370e-03
9.782193604e+02,-2.516111732e-02
9.784610596e+02,6.374771148e-02
9.787027588e+02,-4.508956149e-02
9.789444580e+02,-9.288286790e-03
9.791861572e+02,-5.452935025e-02
9.794278564e+02,-3.495052829e-02
9.796696167e+02,8.171827346e-02
9.799113770e+02,5.769925565e-02
9.801530762e+02,-1.603598706e-02
9.803948364e+02,-1.561644138e-03
9.806365967e+02,2.514946274e-02
9.808784180e+02,5.081170704e-03
9.811201782e+02,-5.092824809e-03
9.813619385e+02,-1.516193338e-02
9.816037598e+02,-1.879799925e-02
9.818455811e+02,-4.543918371e-02
9.820873413e+02,-4.599857703e-02
9.823291626e+02,7.206871361e-02
9.825709839e+02,-1.222511008e-02
9.828128662e+02,3.588285297e-02
9.830546875e+02,-3.729299456e-02
9.832965088e+02,3.937907144e-02
9.835383911e+02,5.116132647e-02
9.837802734e+02,-4.145349562e-02
9.840221558e+02,-6.005337462e-02
9.842639771e+02,-4.893540218e-02
9.845059204e+02,-1.323901303e-02
9.847478027e+02,-1.600102521e-02
9.849896851e+02,3.263137070e-03
9.852316284e+02,-6.022818759e-02
9.854735107e+02,5.885300692e-03
9.857154541e+02,1.203165278e-01
9.859573975e+02,-3.446105868e-02
9.861993408e+02,-1.946228207e-03
9.864412842e+02,8.157842676e-04
9.866832275e+02,-6.875895779e-04
9.869251709e+02,-2.830771357e-02
9.871671753e+02,-3.991515934e-02
9.874091797e+02,4.151176661e-02
9.876511230e+02,-1.404314302e-02
9.878931274e+02,-2.463668399e-02
9.881351318e+02,-4.494971409e-02
9.883771362e+02,-3.659375012e-03
9.886192017e+02,4.871397279e-03
9.888612061e+02,-1.876303810e-03
9.891032104e+02,-7.749950513e-03
9.893452759e+02,-1.376344543e-02
9.895873413e+02,-6.351463031e-03
9.898294067e+02,-7.610101718e-03
9.900714722e+02,1.515027951e-03
9.903135376e+02,3.385504708e-02
9.905556030e+02,-2.442691103e-02
9.907977295e+02,-1.026722789e-02
9.910397949e+02,3.874975070e-02
9.912819214e+02,2.074422874e-02
9.915239868e+02,-2.711899951e-02
9.917661133e+02,-5.802556872e-02
9.920082397e+02,-1.316908863e-03
9.922504272e+02,3.472910030e-03
9.924925537e+02,-2.470660955e-02
9.927346802e+02,-4.820119590e-02
9.929768677e+02,-1.718973927e-02
9.932189941e+02,-1.344878599e-02
9.934611816e+02,-1.250480767e-02
9.937033691e+02,-4.082417488e-02
9.939455566e+02,5.332898349e-02
9.941877441e+02,1.424126234e-02
9.944299927e+02,4.787488282e-02
9.946721802e+02,-2.596524730e-02
9.949143677e+02,3.647721140e-03
9.951566162e+02,-1.026722789e-02
9.953988647e+02,5.025231093e-02
9.956411133e+02,-4.411061853e-02
9.958833618e+02,-1.481231116e-02
9.961256104e+02,-4.918013699e-03
9.963678589e+02,-2.879718505e-02
9.966101685e+02,-1.082662214e-02
9.968524170e+02,-5.092824809e-03
9.970947266e+02,3.235167265e-02
9.973370361e+02,3.588285297e-02
9.975793457e+02,-1.383337006e-02
9.978216553e+02,8.591374010e-02
9.980639648e+02,2.686261013e-02
9.983062744e+02,-6.113720313e-02
9.985486450e+02,-4.491475224e-02
9.987909546e+02,-2.498630621e-02
9.990333252e+02,-2.984604985e-02
9.992756958e+02,-5.585791543e-02
9.995180664e+02,-5.403988063e-02
9.997604370e+02,1.347559094e-01
1.000002808e+03,-3.106972575e-02
1.000245178e+03,-2.711899951e-02
1.000487610e+03,8.262729272e-03
1.000729980e+03,9.626254439e-03
1.000972412e+03,5.067185685e-02
1.001214844e+03,-5.428461730e-02
1.001457275e+03,-2.711899951e-02
1.001699707e+03,-2.103557996e-02
1.001942139e+03,-1.855326444e-02
1.002184570e+03,-1.509200875e-02
1.002427063e+03,-1.579125226e-02
1.002669495e+03,3.577796742e-03
1.002911987e+03,-1.145594195e-02
1.003154480e+03,-1.491719740e-03
1.003396973e+03,1.095481683e-02
1.003639465e+03,3.822531924e-02
1.003881958e+03,-1.893784851e-02
1.004124451e+03,8.402577601e-03
1.004367004e+03,-5.722143687e-03
1.004609497e+03,2.749192901e-02
1.004852051e+03,-3.571969643e-02
1.005094604e+03,-3.830689937e-02
1.005337158e+03,-1.348374877e-02
1.005579712e+03,-3.977530822e-02
1.005822266e+03,4.067267291e-03
1.006064819e+03,1.864649705e-03
1.006307434e+03,4.154672846e-02
1.006549988e+03,4.570722580e-02
1.006792603e+03,1.235330477e-02
1.007035217e+03,1.878634654e-02
1.007277832e+03,-2.327315882e-02
1.007520447e+03,6.161502004e-02
1.007763062e+03,5.409815162e-02
1.008005676e+03,-2.414721437e-02
1.008248352e+03,-5.012411624e-02
1.008490967e+03,-5.931917112e-03
1.008733643e+03,-1.760928519e-02
1.008976318e+03,-2.047618479e-02
1.009218994e+03,4.843427613e-02
1.009461670e+03,1.385667827e-02
1.009704346e+03,8.657801896e-02
1.009947021e+03,1.095481683e-02
1.010189758e+03,1.314345002e-01
1.010432434e+03,-6.875895895e-03
1.010675171e+03,-1.981190406e-02
1.010917908e+03,-2.061603405e-02
1.011160645e+03,-4.704744369e-02
1.011403381e+03,-5.477408413e-03
1.011646118e+03,-3.341219202e-02
1.011888855e+03,-2.348293178e-02
1.012131653e+03,-2.061603405e-02
1.012374390e+03,2.623329125e-02
1.012617188e+03,3.228174755e-03
1.012859985e+03,-3.988019750e-02
1.013102783e+03,-1.253976952e-02
1.013345581e+03,4.231589660e-02
1.013588379e+03,-6.036803592e-03
1.013831177e+03,1.549990149e-03
1.014074036e+03,2.231752686e-02
1.014316833e+03,-1.593110152e-02
1.014559692e+03,-3.519526450e-03
1.014802551e+03,4.035801440e-02
1.015045349e+03,-3.785238788e-02
1.015288269e+03,3.168739006e-02
1.015531128e+03,2.906522714e-02
1.015773987e+03,-1.763725579e-01
1.016016846e+03,-1.760229319e-01
1.016259766e+03,-1.792394519e-01
1.016502686e+03,-1.779808104e-01
1.016745544e+03,-1.816868037e-01
1.016988464e+03,-1.799387038e-01
