1.933779755e+02,-7.293406874e-03
1.935834351e+02,-3.697926179e-02
1.937889099e+02,1.013393514e-02
1.939943848e+02,-4.309105501e-02
1.941998901e+02,6.012840662e-03
1.944053955e+02,-5.547180306e-03
1.946109161e+02,3.080925904e-02
1.948164520e+02,5.069877952e-03
1.950220032e+02,2.270676754e-02
1.952275696e+02,-3.575690091e-02
1.954331360e+02,6.000617146e-02
1.956387177e+02,9.465130419e-02
1.958443298e+02,3.926099837e-02
1.960499420e+02,-1.843433268e-02
1.962555695e+02,2.658339031e-02
1.964611969e+02,7.006443292e-02
1.966668549e+02,7.444746327e-03
1.968725128e+02,5.731698126e-02
1.970782013e+02,2.263691835e-02
1.972838898e+02,8.089104295e-02
1.974895935e+02,3.569869325e-02
1.976953125e+02,4.268360138e-02
1.979010315e+02,-3.257877007e-02
1.981067810e+02,-3.172311932e-03
1.983125305e+02,2.686278708e-02
1.985182953e+02,-4.813764710e-03
1.987240906e+02,-1.089063380e-02
1.989298706e+02,-2.695591934e-02
1.991356812e+02,-2.458105050e-02
1.993415070e+02,-2.613519318e-03
1.995473328e+02,-4.340537637e-02
1.997531891e+02,-3.774759918e-02
1.999590454e+02,-3.463931754e-02
2.001649170e+02,2.707233466e-02
2.003708038e+02,-3.827146813e-02
2.005766907e+02,8.616464585e-02
2.007826080e+02,3.377784416e-02
2.009885254e+02,6.955802906e-03
2.011944733e+02,-2.997689182e-03
2.014004211e+02,-1.344012469e-02
2.016063843e+02,-1.731674746e-02
2.018123627e+02,-4.344030097e-02
2.020183411e+02,-1.560544595e-02
2.022243500e+02,8.148475736e-02
2.024303589e+02,-1.375444606e-02
2.026363831e+02,5.756145343e-02
2.028424225e+02,6.419711560e-02
2.030484772e+02,2.351003140e-02
2.032545471e+02,2.038603276e-01
2.034606171e+02,2.136217430e-03
2.036667175e+02,2.263691835e-02
2.038728180e+02,1.023870893e-02
2.040789337e+02,4.621097818e-02
2.042850647e+02,4.371387418e-03
2.044912109e+02,-7.956973277e-03
2.046973724e+02,-2.947048657e-02
2.049035339e+02,-3.285816684e-02
2.051097107e+02,4.561726376e-02
2.053159180e+02,1.851058453e-01
2.055221252e+02,1.680626720e-01
2.057283478e+02,-3.498856351e-02
2.059345703e+02,5.034953821e-03
2.061408234e+02,-3.167073056e-02
2.063470764e+02,5.838218145e-03
2.065533600e+02,-1.333535090e-02
2.067596436e+02,-2.775918320e-02
2.069659424e+02,3.273010999e-02
2.071722412e+02,1.093719993e-02
2.073785706e+02,5.347528309e-02
2.075848999e+02,-1.825970970e-02
2.077912598e+02,-4.200839251e-02
2.079976196e+02,2.759620175e-02
2.082039948e+02,-5.931349937e-03
2.084103851e+02,7.549520116e-03
2.086167908e+02,3.245071322e-02
2.088231964e+02,-1.791046560e-02
2.090296173e+02,-5.217143148e-02
2.092360687e+02,1.778240874e-02
2.094425201e+02,4.598397063e-04
2.096489868e+02,7.060576696e-03
2.098554535e+02,8.801564574e-02
2.100619507e+02,2.302108891e-02
2.102684479e+02,-3.753805161e-02
2.104749756e+02,3.987217788e-03
2.106815033e+02,1.247387938e-02
2.108880463e+02,2.396405116e-02
2.110946045e+02,6.231118739e-02
2.113011627e+02,-5.966274533e-03
2.115077515e+02,-9.423803538e-03
2.117143402e+02,5.139727145e-03
2.119209442e+02,-7.852199487e-03
2.121275635e+02,8.632180281e-03
2.123341980e+02,1.022648588e-01
2.125408478e+02,2.557057887e-02
2.127475128e+02,1.823642664e-02
2.129541779e+02,2.850424126e-02
2.131608582e+02,-2.964510769e-02
2.133675537e+02,-2.386509877e-04
2.135742645e+02,-2.927839989e-03
2.137809906e+02,-4.881867766e-02
2.139877319e+02,-2.716546692e-02
2.141944733e+02,5.623431876e-02
2.144012299e+02,-5.318424478e-02
2.146080017e+02,-1.710720174e-02
2.148147888e+02,-4.469758272e-02
2.150215912e+02,-1.895820163e-02
2.152284088e+02,-4.085588455e-02
2.154352264e+02,-1.183359604e-02
2.156420746e+02,4.755557515e-03
2.158489227e+02,-4.092573375e-02
2.160557861e+02,-1.536097378e-02
2.162626648e+02,4.947642446e-04
2.164695435e+02,7.184558362e-02
2.166764526e+02,3.845773265e-02
2.168833618e+02,-1.340520009e-02
2.170902863e+02,-2.796873078e-02
2.172972412e+02,8.525660634e-02
2.175041809e+02,5.560567975e-02
2.177111511e+02,1.227655560e-01
2.179181366e+02,-1.410369109e-02
2.181251221e+02,1.865552180e-02
2.183321228e+02,-1.511650253e-02
2.185391388e+02,-3.188027814e-02
2.187461700e+02,-2.451120131e-02
2.189532166e+02,-3.844609112e-02
2.191602783e+02,-1.068108622e-02
2.193673401e+02,-2.927839989e-03
2.195744171e+02,8.108312264e-03
2.197815247e+02,-1.026199199e-02
2.199886322e+02,2.417359874e-02
2.201957397e+02,1.959848404e-02
2.204028778e+02,-4.640888423e-02
2.206100159e+02,-1.127480343e-02
2.208171844e+02,-3.991292045e-02
2.210243530e+02,-1.738659665e-02
2.212315369e+02,-2.049488015e-02
2.214387360e+02,4.418535531e-02
2.216459351e+02,-4.413878918e-02
2.218531647e+02,-2.231095731e-02
2.220603943e+02,3.550660913e-04
2.222676392e+02,-7.502953988e-03
2.224748993e+02,7.149634510e-02
2.226821747e+02,6.929609925e-02
2.228894653e+02,-7.922048680e-03
2.230967712e+02,-3.893503547e-02
2.233040771e+02,7.163604349e-02
2.235113983e+02,-7.922048680e-03
2.237187347e+02,-1.857403107e-02
2.239260864e+02,7.324256748e-02
2.241334534e+02,-3.928428143e-02
2.243408203e+02,-5.101892352e-02
2.245482178e+02,3.370799497e-02
2.247556152e+02,5.169413239e-02
2.249630280e+02,-2.248557843e-02
2.251704559e+02,6.273028255e-02
2.253778839e+02,8.944755048e-02
2.255853424e+02,4.669992253e-02
2.257928009e+02,-3.631569445e-02
2.260002899e+02,5.209576339e-03
2.262077789e+02,-3.055314720e-02
2.264152832e+02,-7.048935164e-03
2.266227875e+02,-3.376620263e-02
2.268303223e+02,4.125169665e-02
2.270378571e+02,-1.909790002e-02
2.272454224e+02,3.353337198e-02
2.274529877e+02,-4.082095996e-02
2.276605682e+02,-5.150786787e-02
2.278681488e+02,-2.468582429e-02
2.280757599e+02,9.260822088e-03
2.282833710e+02,2.207812667e-02
2.284910126e+02,-4.951716959e-02
2.286986542e+02,-4.529130086e-02
2.289063110e+02,1.781733334e-02
2.291139679e+02,-4.185123369e-03
2.293216553e+02,4.289314896e-02
2.295293427e+02,-1.068108622e-02
2.297370605e+02,1.234989762e-01
2.299447784e+02,5.277679116e-02
2.301525116e+02,-5.859754607e-02
2.303602448e+02,1.542500220e-03
2.305680084e+02,-3.160088137e-02
2.307757721e+02,1.153091714e-02
2.309835663e+02,-9.319029748e-03
2.311913605e+02,1.414152533e-01
2.313991699e+02,8.387709036e-03
2.316069794e+02,-4.654858261e-02
2.318148193e+02,5.564060435e-02
2.320226746e+02,8.597255684e-03
2.322305298e+02,1.080972552e-01
2.324384003e+02,-2.957526036e-02
2.326462860e+02,5.218307301e-02
2.328541870e+02,-4.703752697e-02
2.330620880e+02,-2.716546692e-02
2.332700195e+02,-2.468582429e-02
2.334779510e+02,-6.874312647e-03
2.336858978e+02,5.284664035e-02
2.338938599e+02,-2.423180640e-02
2.341018372e+02,-7.537878584e-03
2.343098145e+02,-6.565230340e-02
2.345178223e+02,7.250915468e-02
2.347258301e+02,-8.410992101e-03
2.349338531e+02,-2.245065384e-02
2.351418915e+02,6.157777458e-02
2.353499298e+02,1.862059720e-02
2.355579987e+02,-6.142643467e-02
2.357660675e+02,-5.926111341e-02
2.359741669e+02,-9.633350186e-03
2.361822662e+02,2.476731502e-02
2.363903809e+02,6.580363959e-02
2.365984955e+02,-1.822478510e-02
2.368066406e+02,-3.806192055e-02
2.370147858e+02,-1.029691659e-02
2.372229462e+02,-2.019802108e-03
2.374311371e+02,2.225274965e-02
2.376393127e+02,7.526819408e-02
2.378475189e+02,-6.210746244e-03
2.380557404e+02,3.463349538e-03
2.382639618e+02,4.174063727e-02
2.384721985e+02,-2.720039152e-02
2.386804504e+02,2.183365449e-02
2.388887177e+02,1.181904450e-01
2.390970001e+02,1.715551317e-01
2.393052826e+02,-1.972654089e-02
2.395135956e+02,-6.559991743e-03
2.397219086e+02,5.532628298e-02
2.399302368e+02,6.053003669e-02
2.401385803e+02,-5.161264166e-02
2.403469238e+02,7.107724994e-02
2.405552979e+02,1.662989892e-02
2.407636719e+02,-4.567547143e-02
2.409720612e+02,-2.000593767e-02
2.411804657e+02,-4.169407114e-02
2.413888855e+02,-1.515142713e-02
2.415973206e+02,8.317859843e-03
2.418057556e+02,-2.555893734e-02
2.420142059e+02,2.944720350e-02
2.422226715e+02,1.987962723e-01
2.424311523e+02,-2.898154221e-02
2.426396484e+02,6.885953713e-03
2.428481598e+02,8.213086054e-03
2.430566711e+02,-3.167073056e-02
2.432651978e+02,-1.473233290e-02
2.434737549e+02,6.222387776e-03
2.436822968e+02,-5.091414973e-02
2.438908691e+02,-5.601313338e-02
2.440994568e+02,1.193254953e-03
2.443080444e+02,-4.445311055e-02
2.445166473e+02,7.540789247e-02
2.447252655e+02,4.502354562e-02
2.449338989e+02,-1.644363441e-02
2.451425476e+02,-4.316090420e-02
2.453511963e+02,-3.397575021e-02
2.455598755e+02,-2.229349455e-03
2.457685547e+02,1.378878802e-01
2.459772491e+02,-5.486062169e-02
2.461859589e+02,-2.905139141e-02
2.463946686e+02,4.938911274e-02
2.466034088e+02,-1.321311574e-03
2.468121490e+02,-7.319600135e-02
2.470209045e+02,-4.289896693e-03
2.472296753e+02,3.475573286e-02
2.474384613e+02,-3.174057975e-02
2.476472626e+02,1.243895479e-02
2.478560638e+02,6.851029582e-03
2.480648804e+02,-1.354489848e-02
2.482737122e+02,2.665323950e-02
2.484825592e+02,-3.139133379e-02
2.486914215e+02,1.474397443e-02
2.489002991e+02,-1.141450182e-02
2.491091766e+02,-4.557069764e-02
2.493180695e+02,3.559391946e-02
2.495269775e+02,9.365595877e-03
2.497359009e+02,-2.821320295e-02
2.499448395e+02,3.517482802e-02
2.501537781e+02,-4.731692374e-02
2.503627472e+02,2.054144628e-02
2.505717163e+02,3.066956066e-02
2.507807007e+02,-7.225304097e-02
2.509897003e+02,-2.613519318e-03
2.511987000e+02,9.388297051e-02
2.514077301e+02,-4.120513052e-02
2.516167603e+02,8.759655058e-02
2.518258057e+02,-5.094907433e-02
2.520348663e+02,7.268377393e-02
2.522439423e+02,-1.808508858e-02
2.524530182e+02,1.600125805e-02
2.526621246e+02,-4.260211065e-02
2.528712311e+02,7.060576696e-03
2.530803528e+02,7.724142633e-03
2.532894897e+02,-1.581499353e-02
2.534986420e+02,-4.675813019e-02
2.537077942e+02,-1.756121963e-02
2.539169617e+02,-1.915028552e-03
2.541261444e+02,5.518658459e-02
2.543353424e+02,3.395246714e-02
2.545445557e+02,1.014615893e-01
2.547537842e+02,-2.566371113e-02
2.549630127e+02,6.545439363e-02
2.551722717e+02,-4.923777282e-02
2.553815308e+02,1.806180552e-02
2.555908051e+02,-3.540765494e-02
2.558000793e+02,-3.292801604e-02
2.560093689e+02,2.005250379e-02
2.562186890e+02,2.654846571e-02
2.564280090e+02,2.812007070e-02
2.566373596e+02,-1.137957722e-02
2.568467102e+02,-3.474409133e-02
2.570560608e+02,-2.625742927e-02
2.572654419e+02,5.127503723e-02
2.574748230e+02,-4.263703525e-02
2.576842041e+02,-2.035518177e-02
2.578936157e+02,-1.504665334e-02
2.581030579e+02,-1.015721820e-02
2.583125000e+02,3.987217788e-03
2.585219421e+02,-3.201997653e-02
2.587313843e+02,8.789341082e-04
2.589408569e+02,2.225274965e-02
2.591503601e+02,-2.496522106e-02
2.593598633e+02,-1.089063380e-02
2.595693665e+02,6.053003669e-02
2.597789001e+02,1.891745604e-03
2.599884338e+02,-5.011088401e-02
2.601979675e+02,-2.578594722e-03
2.604075317e+02,1.327714324e-02
2.606170959e+02,-6.525067147e-03
2.608266907e+02,-3.928428143e-02
2.610362854e+02,-5.133324489e-02
2.612459106e+02,1.656004973e-02
2.614555359e+02,-1.605946571e-02
2.616651611e+02,-8.236369118e-03
2.618748169e+02,-4.403401539e-02
2.620844727e+02,-9.668274783e-03
2.622941284e+02,8.876652457e-03
2.625038147e+02,-4.214809090e-02
2.627135315e+02,-3.870802466e-03
2.629232483e+02,3.723537549e-02
2.631329651e+02,-4.550084844e-02
2.633426819e+02,-5.122847110e-02
2.635524292e+02,2.441806905e-02
2.637622070e+02,-4.193854332e-02
2.639719849e+02,-3.346934449e-03
2.641817627e+02,-1.190344524e-02
2.643915710e+02,-1.291625667e-02
2.646013794e+02,-7.642652374e-03
2.648111877e+02,-3.491871431e-02
2.650210266e+02,-2.587325871e-02
2.652308655e+02,-2.229349455e-03
2.654407349e+02,1.261357777e-02
2.656506042e+02,1.437726663e-03
2.658605042e+02,-1.148435101e-02
2.660704041e+02,3.810848668e-02
2.662803040e+02,6.466859486e-03
2.664902344e+02,-5.122847110e-02
2.667001648e+02,1.435107291e-01
2.669101257e+02,-2.901646681e-02
2.671200867e+02,-9.214255959e-03
2.673300476e+02,1.027363352e-02
2.675400391e+02,-4.289896693e-03
2.677500305e+02,9.819614701e-03
2.679600525e+02,-1.130972803e-02
2.681700745e+02,1.248261034e-01
2.683800964e+02,-1.190344524e-02
2.685901489e+02,-5.884201825e-02
2.688002014e+02,7.865586877e-02
2.690102844e+02,-3.118178807e-02
2.692203674e+02,-3.083254211e-02
2.694304504e+02,-7.625190192e-04
2.696405640e+02,4.139139503e-02
2.698506775e+02,-2.248557843e-02
2.700608215e+02,-5.454630032e-02
2.702709656e+02,-5.685131997e-02
2.704811401e+02,2.092561685e-02
2.706913147e+02,-1.696750335e-02
2.709014893e+02,1.250880398e-02
2.711116943e+02,-1.333535090e-02
2.713218994e+02,7.689218037e-03
2.715321045e+02,2.450538101e-03
2.717423401e+02,7.444746327e-03
2.719526062e+02,7.048352808e-02
2.721628418e+02,-4.798048735e-02
2.723731384e+02,-9.598426521e-03
2.725834045e+02,-3.533780575e-02
2.727937012e+02,-2.828305215e-02
2.730039978e+02,7.352196425e-02
2.732143250e+02,1.959848404e-02
2.734246521e+02,8.835965395e-01
2.736350098e+02,-4.665335640e-02
2.738453674e+02,8.597255684e-03
2.740557556e+02,-5.430182815e-02
2.742661133e+02,-3.827146813e-02
2.744765320e+02,-1.710720174e-02
2.746869202e+02,-4.892345145e-02
2.748973389e+02,-1.805016398e-02
2.751077881e+02,6.178732216e-02
2.753182373e+02,1.872537099e-02
2.755286865e+02,3.286980838e-02
2.757391663e+02,-5.070460215e-02
2.759496460e+02,-1.591976732e-02
2.761601257e+02,-6.422039866e-02
2.763706360e+02,7.268377393e-02
2.765811462e+02,1.131962314e-01
2.767916870e+02,1.690929569e-02
2.770022278e+02,-4.743915983e-03
2.772127991e+02,1.127422154e-01
2.774233704e+02,5.619939417e-02
2.776339417e+02,6.758479029e-02
2.778445435e+02,1.973818243e-02
2.780551453e+02,-3.589659929e-02
2.782657471e+02,-2.894661762e-02
2.784763794e+02,-2.538431622e-02
2.786870422e+02,9.138586465e-04
2.788976746e+02,-4.682797939e-02
2.791083679e+02,1.332952990e-03
2.793190308e+02,7.374897599e-03
2.795297241e+02,-9.703199379e-03
2.797404175e+02,1.830627583e-02
2.799511414e+02,-2.133306861e-02
2.801618652e+02,-2.489537187e-02
2.803726196e+02,-4.640888423e-02
2.805833740e+02,-3.181042895e-02
2.807941284e+02,5.511673540e-02
2.810049133e+02,-1.543082297e-02
2.812156982e+02,5.364990607e-02
2.814265137e+02,-1.679288037e-02
2.816373291e+02,-3.558227792e-02
2.818481750e+02,-6.952892989e-02
2.820589905e+02,-4.200839251e-02
2.822698669e+02,1.531499028e-01
2.824807129e+02,2.654846571e-02
2.826915894e+02,-4.616441205e-02
2.829024963e+02,-1.326550171e-02
2.831134033e+02,-4.534368869e-03
2.833243103e+02,6.636243314e-02
2.835352478e+02,-4.359745886e-03
2.837461853e+02,-7.040204108e-02
2.839571228e+02,5.441824347e-02
2.841680908e+02,-7.887124084e-03
2.843790588e+02,-2.807350457e-02
2.845900574e+02,-6.477919221e-02
2.848010559e+02,2.452284284e-02
2.850120850e+02,1.949371025e-02
2.852230835e+02,1.883014478e-02
2.854341431e+02,-6.980831921e-02
2.856452026e+02,-6.804463454e-03
2.858562622e+02,-5.793398246e-02
2.860673218e+02,2.312586270e-02
2.862784119e+02,-1.588484272e-02
2.864895020e+02,1.247387938e-02
2.867006226e+02,7.305048406e-03
2.869117432e+02,-3.254384547e-02
2.871228943e+02,-6.149628386e-02
2.873340454e+02,-1.326550171e-02
2.875451965e+02,-4.179884493e-02
2.877563782e+02,-4.228778929e-02
2.879675598e+02,-3.474409133e-02
2.881787720e+02,-1.186852064e-02
2.883899536e+02,-4.357999936e-02
2.886011963e+02,8.789341082e-04
2.888124390e+02,-5.154279247e-02
2.890236816e+02,-8.969784714e-03
2.892349243e+02,8.291666210e-02
2.894461975e+02,-2.227603272e-02
2.896575012e+02,-4.085588455e-02
2.898687744e+02,-1.050646417e-02
2.900801086e+02,2.825976908e-02
2.902914124e+02,-2.775918320e-02
2.905027466e+02,-4.679305479e-02
2.907141113e+02,7.584444713e-03
2.909254456e+02,5.651371554e-02
2.911368408e+02,1.437726663e-03
2.913482056e+02,-1.459263451e-02
2.915596008e+02,2.852170146e-04
2.917710266e+02,1.638542674e-02
2.919824219e+02,4.788735509e-02
2.921938782e+02,-6.083271652e-02
2.924053040e+02,1.104197372e-02
2.926167603e+02,6.880715489e-02
2.928282471e+02,-3.659509122e-02
2.930397034e+02,-2.877199464e-02
2.932512207e+02,-5.407481920e-03
2.934627075e+02,-5.058236886e-03
2.936742249e+02,-2.788142068e-03
2.938857727e+02,-1.089063380e-02
2.940973206e+02,4.876047000e-02
2.943088684e+02,-3.977322206e-02
2.945204163e+02,1.271835156e-02
2.947320251e+02,-2.049488015e-02
2.949436035e+02,-3.474409133e-02
2.951552124e+02,-2.950541116e-02
2.953668213e+02,-3.905727062e-03
2.955784607e+02,-3.697926179e-02
2.957901001e+02,-1.703735255e-02
2.960017395e+02,-3.324233368e-02
2.962134094e+02,-7.371987402e-02
2.964250793e+02,-4.120513052e-02
2.966367798e+02,3.761954233e-02
2.968484802e+02,5.296887830e-04
2.970601807e+02,-1.784061641e-02
2.972719116e+02,-2.089651302e-03
2.974836731e+02,5.871396139e-02
2.976954041e+02,7.359181345e-02
2.979071655e+02,1.718869060e-02
2.981189575e+02,3.625748679e-02
2.983307495e+02,-5.304454640e-02
2.985425415e+02,-4.536115006e-02
2.987543335e+02,-1.644363441e-02
2.989661865e+02,-2.751471289e-02
2.991780090e+02,-5.234605446e-02
2.993898621e+02,-3.195012733e-02
2.996017151e+02,9.470369667e-03
2.998135986e+02,-4.392924160e-02
3.000254822e+02,2.001757920e-02
3.002373657e+02,8.143236861e-03
3.004492798e+02,-1.770091802e-02
3.006611938e+02,-5.807368085e-02
3.008731384e+02,3.747984394e-02
3.010850830e+02,-2.089651302e-03
3.012970581e+02,5.337050930e-02
3.015090027e+02,-5.335886776e-02
3.017210083e+02,1.174570248e-01
3.019329834e+02,-3.146118298e-02
3.021450195e+02,7.305048406e-03
3.023570251e+02,-5.479077250e-02
3.025690613e+02,3.451126069e-02
3.027810974e+02,4.537279159e-02
3.029931641e+02,-3.876041248e-02
3.032052307e+02,1.683769971e-01
3.034172974e+02,2.773590013e-02
3.036293945e+02,-6.970354915e-02
3.038414917e+02,5.174651742e-03
3.040536194e+02,7.741604932e-04
3.042657471e+02,-4.913299903e-02
3.044779053e+02,6.576871872e-02
3.046900635e+02,-3.696179949e-03
3.049022217e+02,-1.766599342e-02
3.051143799e+02,-7.502953988e-03
3.053265991e+02,-1.085570920e-02
3.055387878e+02,-4.186869413e-02
3.057510071e+02,-5.119354650e-02
3.059632263e+02,-4.361492023e-02
3.061754761e+02,1.369623840e-02
3.063877258e+02,4.091991112e-03
3.065999756e+02,-3.320741281e-02
3.068122559e+02,-4.983149096e-02
3.070245361e+02,-5.402243137e-02
3.072368469e+02,-3.816669434e-02
3.074491577e+02,-2.646697685e-02
3.076614990e+02,-5.896425340e-03
3.078738098e+02,5.997124687e-02
3.080861816e+02,-6.944161374e-03
3.082985229e+02,-5.255560204e-02
3.085108948e+02,3.447633609e-02
3.087232971e+02,-2.472074889e-02
3.089356995e+02,-2.122829668e-02
3.091481018e+02,-8.760237135e-03
3.093605347e+02,3.451126069e-02
3.095729675e+02,-4.375461861e-02
3.097854004e+02,4.546009935e-03
3.099978638e+02,-5.615282804e-02
3.102103271e+02,3.259041160e-02
3.104228210e+02,1.201986056e-02
3.106353149e+02,4.091991112e-03
3.108478088e+02,-3.240414709e-02
3.110603333e+02,-5.032043159e-02
3.112728577e+02,-2.171723917e-02
3.114854126e+02,4.411550611e-02
3.116979675e+02,-3.380112723e-02
3.119105225e+02,-2.559386194e-02
3.121231079e+02,6.185717136e-02
3.123356934e+02,-2.363808826e-02
3.125483093e+02,7.774783671e-02
3.127609253e+02,2.450538101e-03
3.129735413e+02,-3.268354386e-02
3.131861877e+02,-4.068126157e-02
3.133988342e+02,-1.487203036e-02
3.136115112e+02,-3.879533708e-02
3.138241882e+02,-1.413861569e-02
3.140368652e+02,2.113516442e-02
3.142495728e+02,-4.071618617e-02
3.144622803e+02,6.360339373e-02
3.146750183e+02,1.025442556e-01
3.148877563e+02,-1.179867145e-02
3.151004944e+02,-3.806192055e-02
3.153132629e+02,-2.444135211e-02
3.155260315e+02,-2.194424858e-03
3.157388306e+02,-1.218284201e-02
3.159516296e+02,-5.768951029e-02
3.161644287e+02,-4.937747121e-02
3.163772583e+02,-3.463931754e-02
3.165900879e+02,-3.102462739e-03
3.168029480e+02,-2.857991029e-03
3.170158081e+02,-1.775330515e-03
3.172286682e+02,-4.220047966e-03
3.174415588e+02,5.494211242e-02
3.176544495e+02,-4.770109430e-02
3.178673706e+02,1.406119913e-01
3.180802612e+02,2.480223961e-02
3.182932129e+02,-6.664765067e-03
3.185061646e+02,-7.239273936e-02
3.187191162e+02,-5.751488730e-02
3.189320679e+02,-1.193836983e-02
3.191450500e+02,2.249721996e-02
3.193580322e+02,3.032031655e-02
3.195710449e+02,-1.204314362e-02
3.197840576e+02,-3.591406159e-03
3.199971008e+02,-2.887676843e-02
3.202101440e+02,3.245071322e-02
3.204231873e+02,1.068399698e-01
3.206362610e+02,1.123405877e-03
3.208493347e+02,-4.522145167e-02
3.210624084e+02,-5.514001846e-02
3.212755127e+02,-1.323057804e-02
3.214886169e+02,7.392359548e-04
3.217017517e+02,-4.305613041e-02
3.219148865e+02,1.226433180e-02
3.221280518e+02,-4.406893998e-02
3.223411865e+02,4.785243049e-02
3.225543823e+02,4.767781124e-02
3.227675476e+02,4.546009935e-03
3.229807434e+02,5.808532238e-02
3.231939697e+02,-1.976146549e-02
3.234071960e+02,-3.561720252e-02
3.236204224e+02,2.106531523e-02
3.238336792e+02,3.210146725e-02
3.240469360e+02,-3.435992077e-02
3.242601929e+02,5.158935860e-02
3.244734802e+02,-1.700242795e-02
3.246867676e+02,-2.405718341e-02
3.249000854e+02,-3.991292045e-02
3.251134033e+02,3.255548701e-02
3.253267212e+02,-2.489537187e-02
3.255400696e+02,6.466859486e-03
3.257534180e+02,7.898765616e-03
3.259667969e+02,7.215990871e-02
3.261801758e+02,-1.183359604e-02
3.263935547e+02,-4.867897928e-02
3.266069641e+02,-3.439484537e-02
3.268203735e+02,9.412743896e-02
3.270337830e+02,9.086199105e-03
3.272472229e+02,-7.188633084e-03
3.274606934e+02,-1.895820163e-02
3.276741333e+02,-8.899935521e-03
3.278876038e+02,8.515183628e-02
3.281011047e+02,-1.633886062e-02
3.283146057e+02,-1.200821903e-02
3.285281067e+02,-2.740993910e-02
3.287416382e+02,-1.773584262e-02
3.289551697e+02,3.672896884e-03
3.291687317e+02,-2.919108979e-02
3.293822632e+02,6.824836135e-02
3.295958557e+02,-7.724724710e-02
3.298094177e+02,6.397010293e-03
3.300230103e+02,2.501178719e-02
3.302366333e+02,-2.346346527e-02
3.304502563e+02,6.606557872e-03
3.306638794e+02,-2.360316366e-02
3.308775330e+02,7.270123810e-03
3.310911865e+02,-6.062316895e-02
3.313048401e+02,-2.786395699e-02
3.315185242e+02,-2.807350457e-02
3.317322083e+02,-1.452278532e-02
3.319459229e+02,1.160076633e-02
3.321596375e+02,1.068748981e-01
3.323733521e+02,1.212463435e-02
3.325870972e+02,4.336462822e-03
3.328008423e+02,-1.144942641e-02
3.330146179e+02,-4.815511033e-02
3.332283936e+02,1.364908963e-01
3.334421692e+02,1.669974811e-02
3.336559753e+02,4.156601429e-02
3.338697815e+02,-5.901664123e-02
3.340835876e+02,1.926670084e-03
3.342974243e+02,-5.232859403e-03
3.345112915e+02,1.284931749e-01
3.347251282e+02,-6.083271652e-02
3.349389954e+02,2.431329712e-02
3.351528931e+02,8.108312264e-03
3.353667908e+02,-2.199663594e-02
3.355806885e+02,-3.331218287e-02
3.357946167e+02,6.746255793e-03
3.360085449e+02,-3.575690091e-02
3.362224731e+02,4.371387418e-03
3.364364319e+02,-2.552401274e-02
3.366503906e+02,8.155460656e-02
3.368643799e+02,4.125169665e-02
3.370783691e+02,4.523309320e-02
3.372923889e+02,-4.110035673e-02
3.375063782e+02,-9.214255959e-03
3.377204285e+02,-3.645539284e-02
3.379344482e+02,1.533769071e-02
3.381484985e+02,-2.775918320e-02
3.383625793e+02,-4.972671717e-02
3.385766296e+02,-2.927839989e-03
3.387907410e+02,-5.087922513e-02
3.390048218e+02,-2.206648514e-02
3.392189331e+02,-2.974988148e-02
3.394330444e+02,3.374291956e-02
3.396471863e+02,1.732838899e-02
3.398613281e+02,-3.781744838e-02
3.400755005e+02,-4.169407114e-02
3.402896729e+02,1.813165471e-02
3.405038452e+02,1.222940721e-02
3.407180481e+02,-2.845767513e-02
3.409322510e+02,-6.048347056e-02
3.411464539e+02,4.121677205e-02
3.413606873e+02,1.788718253e-02
3.415749207e+02,-9.353954345e-03
3.417891846e+02,-5.527971685e-02
3.420034485e+02,4.924941435e-02
3.422177124e+02,-3.690941259e-02
3.424320068e+02,2.630399540e-02
3.426463318e+02,-3.034359962e-02
3.428606262e+02,-3.690941259e-02
3.430749512e+02,1.156584173e-02
3.432892761e+02,-3.289309144e-02
3.435036316e+02,4.621097818e-02
3.437179871e+02,-4.951716959e-02
3.439323730e+02,-6.900505722e-02
3.441467590e+02,-9.912746958e-03
3.443611450e+02,-5.734026432e-02
3.445755615e+02,-3.788729757e-02
3.447899780e+02,-4.626918584e-02
3.450044250e+02,-1.424338948e-02
3.452188721e+02,-2.192678675e-02
3.454333191e+02,-9.738123976e-03
3.456477661e+02,-5.667669699e-02
3.458622742e+02,-2.877199464e-02
3.460767517e+02,4.795720428e-02
3.462912598e+02,-1.791046560e-02
3.465057678e+02,-5.685131997e-02
3.467203064e+02,1.682198374e-03
3.469348450e+02,-1.309087966e-02
3.471493835e+02,-4.185123369e-03
3.473639526e+02,-7.275944808e-04
3.475785217e+02,4.107707366e-02
3.477931213e+02,-1.288133208e-02
3.480077209e+02,3.056478873e-02
3.482223206e+02,-2.648443915e-03
3.484369507e+02,-4.633903503e-02
3.486515808e+02,-8.061746135e-03
3.488662109e+02,-2.800365537e-02
3.490808716e+02,4.453460127e-02
3.492955627e+02,-3.987799585e-02
3.495102234e+02,9.819614701e-03
3.497249146e+02,-3.890011087e-02
3.499396362e+02,-6.245670840e-03
3.501543579e+02,-1.385921892e-02
3.503690796e+02,-2.524461783e-02
3.505838318e+02,-2.678129636e-02
3.507985840e+02,2.885348536e-02
3.510133362e+02,-2.353331447e-02
3.512281189e+02,5.455794185e-02
3.514429016e+02,1.226433180e-02
3.516577148e+02,-5.412720516e-02
3.518725281e+02,1.085512713e-01
3.520873413e+02,3.133312613e-02
3.523021851e+02,-4.703752697e-02
3.525170288e+02,6.555917114e-02
3.527318726e+02,-2.297452278e-02
3.529467468e+02,-1.825970970e-02
3.531616516e+02,4.984313250e-02
3.533765259e+02,8.457558230e-03
3.535914307e+02,-2.066950314e-02
3.538063660e+02,-2.880691923e-02
3.540213013e+02,1.928416267e-02
3.542362366e+02,-2.753217472e-03
3.544512024e+02,-9.563501924e-03
3.546661682e+02,6.070465967e-02
3.548811340e+02,-3.032613778e-03
3.550961304e+02,-4.214809090e-02
3.553111267e+02,-7.455805689e-02
3.555261536e+02,3.513990343e-02
3.557411804e+02,-3.366142884e-02
3.559562073e+02,7.980838418e-02
3.561712646e+02,-5.863247067e-02
3.563863220e+02,6.328907609e-02
3.566013794e+02,1.593140885e-02
3.568164673e+02,-5.555911362e-02
3.570315857e+02,-1.181613421e-03
3.572466736e+02,-1.146688825e-03
3.574617920e+02,4.390595853e-02
3.576769409e+02,-2.768933401e-02
3.578920898e+02,5.454048049e-03
3.581072388e+02,-3.561720252e-02
3.583223877e+02,6.353354454e-02
3.585375671e+02,1.255595237e-01
3.587527771e+02,-2.905139141e-02
3.589679871e+02,-4.487220570e-02
3.591831970e+02,-1.480218116e-02
3.593984070e+02,-3.509333730e-02
3.596136475e+02,3.498274134e-03
3.598289185e+02,-2.513984405e-02
3.600441589e+02,1.146106794e-02
3.602594299e+02,5.174651742e-03
3.604747314e+02,5.242754519e-02
3.606900330e+02,5.733444355e-03
3.609053345e+02,8.382470161e-02
3.611206665e+02,-3.872548789e-02
3.613359985e+02,-2.150769159e-02
3.615513306e+02,-3.711896017e-02
3.617666931e+02,-2.735755115e-04
3.619820557e+02,-6.635079533e-02
3.621974487e+02,3.217131644e-02
3.624128418e+02,2.417359874e-02
3.626282349e+02,3.672896884e-03
3.628436584e+02,2.852170146e-04
3.630590820e+02,-6.844626367e-02
3.632745056e+02,7.987823337e-02
3.634899597e+02,-8.934860118e-03
3.637054443e+02,1.051810570e-02
3.639208984e+02,-2.164738998e-02
3.641363831e+02,8.457558230e-03
3.643518982e+02,-6.341712922e-02
3.645674133e+02,-4.190361872e-02
3.647829285e+02,7.055337727e-02
3.649984436e+02,1.332429200e-01
3.652139893e+02,2.466254123e-02
3.654295654e+02,-2.334123012e-03
3.656451111e+02,-5.779428408e-02
3.658607178e+02,-7.956973277e-03
3.660762939e+02,-2.486044727e-02
3.662919006e+02,1.855074801e-02
3.665075073e+02,5.735190585e-02
3.667231445e+02,8.826012164e-02
3.669387817e+02,-1.564037055e-02
3.671544495e+02,-6.481411308e-02
3.673700867e+02,-3.788729757e-02
3.675857849e+02,-1.005244534e-02
3.678014526e+02,6.835313141e-02
3.680171509e+02,3.461603448e-02
3.682328796e+02,-3.243907169e-02
3.684485779e+02,4.429012910e-02
3.686643066e+02,-2.360316366e-02
3.688800659e+02,2.240990987e-03
3.690958252e+02,-3.376620263e-02
3.693115845e+02,2.812007070e-02
3.695273743e+02,1.050937399e-01
3.697431641e+02,3.398739174e-02
3.699589539e+02,-3.638554364e-02
3.701747742e+02,2.700248547e-02
3.703906250e+02,-3.998276964e-02
3.706064453e+02,1.998265460e-02
3.708222961e+02,-2.311422117e-02
3.710381775e+02,-7.677576505e-03
3.712540283e+02,2.147218585e-01
3.714699097e+02,-1.270671003e-02
3.716858215e+02,-4.012246802e-02
3.719017334e+02,1.293662935e-01
3.721176453e+02,1.970325783e-02
3.723335876e+02,-2.508745762e-03
3.725495300e+02,-4.200839251e-02
3.727654724e+02,-5.290484801e-02
3.729814453e+02,1.886506937e-02
3.731974182e+02,-3.065791912e-02
3.734134216e+02,-1.281148288e-02
3.736294250e+02,-1.047153957e-02
3.738454285e+02,8.881890774e-02
3.740614624e+02,-3.980814666e-02
3.742774963e+02,2.068114467e-02
3.744935608e+02,3.358575981e-03
3.747096252e+02,-3.949382529e-02
3.749256897e+02,-6.041362137e-02
3.751417847e+02,-5.664177239e-02
3.753578796e+02,7.130425889e-03
3.755739746e+02,4.551248997e-02
3.757901001e+02,-3.575690091e-02
3.760062256e+02,-2.646697685e-02
3.762223816e+02,1.415025722e-02
3.764385376e+02,9.852793068e-02
3.766546936e+02,-4.937747121e-02
3.768708801e+02,7.142649591e-02
3.770870667e+02,-5.332394317e-02
3.773032837e+02,-2.213633433e-02
3.775194702e+02,-1.417354029e-02
3.777357178e+02,-3.338203207e-02
3.779519348e+02,4.034365714e-02
3.781681824e+02,5.522150919e-02
3.783844604e+02,-3.467424214e-02
3.786007385e+02,-3.792222217e-02
3.788170166e+02,-3.816669434e-02
3.790332947e+02,1.510194987e-01
3.792496033e+02,-4.644380882e-02
3.794659424e+02,7.310286909e-02
3.796822510e+02,-3.044837341e-02
3.798986206e+02,9.016350843e-03
3.801149597e+02,-7.543117553e-02
3.803313293e+02,-5.992468074e-02
3.805476990e+02,-5.267783999e-03
3.807640991e+02,-3.268354386e-02
3.809804993e+02,-1.361474767e-02
3.811968994e+02,-5.786413327e-02
3.814133301e+02,-3.296294063e-02
3.816297607e+02,-1.469740830e-02
3.818462219e+02,1.612349297e-03
3.820626831e+02,2.284646593e-02
3.822791443e+02,-9.947671555e-03
3.824956360e+02,-9.703199379e-03
3.827121277e+02,-4.700260237e-02
3.829286194e+02,-1.846925728e-02
3.831451416e+02,1.072590649e-01
3.833616638e+02,1.335921586e-01
3.835782166e+02,-4.480235651e-02
3.837947693e+02,-4.976164177e-02
3.840113220e+02,2.337033302e-02
3.842279053e+02,1.806180552e-02
3.844444885e+02,-2.720039152e-02
3.846610718e+02,-6.268371642e-02
3.848776855e+02,7.219482958e-02
3.850943298e+02,-1.909790002e-02
3.853109436e+02,2.623414621e-02
3.855275879e+02,4.799212888e-02
3.857442627e+02,-3.813176975e-02
3.859609070e+02,6.402248889e-02
3.861776123e+02,-3.226444870e-02
3.863942871e+02,-1.658333279e-02
3.866109924e+02,3.482558206e-02
3.868276978e+02,-4.218301550e-02
3.870444336e+02,-1.490695495e-02
3.872611694e+02,-8.480841294e-03
3.874779358e+02,-2.192678675e-02
3.876947021e+02,3.178714588e-02
3.879114685e+02,-5.493047088e-02
3.881282349e+02,-3.125163540e-02
3.883450317e+02,-4.005261883e-02
3.885618591e+02,1.158330357e-03
3.887786560e+02,-7.990151644e-02
3.889955139e+02,-4.291643202e-02
3.892123413e+02,3.297458217e-02
3.894291992e+02,1.156584173e-02
3.896460571e+02,5.853933841e-02
3.898629456e+02,-6.664765067e-03
3.900798340e+02,-4.766616970e-02
3.902967224e+02,-2.877199464e-02
3.905136414e+02,2.501178719e-02
3.907305603e+02,-3.572197631e-02
3.909475098e+02,1.743316278e-02
3.911644592e+02,-7.956973277e-03
3.913814087e+02,1.331730634e-01
3.915983887e+02,-6.233447045e-02
3.918153687e+02,7.374897599e-03
3.920323486e+02,-2.370793745e-02
3.922493591e+02,3.367307037e-02
3.924663696e+02,1.002916228e-02
3.926834106e+02,8.916815370e-02
3.929004517e+02,-1.295118127e-02
3.931174927e+02,-6.310281157e-02
3.933345642e+02,1.068748981e-01
3.935516357e+02,1.530102044e-01
3.937687073e+02,-4.585009068e-02
3.939858093e+02,9.566412121e-02
3.942029114e+02,-7.759649307e-02
3.944200439e+02,5.908066873e-03
3.946371765e+02,3.793386370e-02
3.948543091e+02,3.196176887e-02
3.950714722e+02,2.543088235e-02
3.952886353e+02,-1.323057804e-02
3.955058289e+02,-3.453454375e-02
3.957230225e+02,4.755557515e-03
3.959402161e+02,-6.215985119e-02
3.961574402e+02,9.060005844e-02
3.963746643e+02,-4.616441205e-02
3.965918884e+02,-3.624584526e-02
3.968091431e+02,-6.163598225e-02
3.970263977e+02,9.360357374e-02
3.972436829e+02,-4.972671717e-02
3.974609375e+02,-3.114686348e-02
3.976782532e+02,-6.219477579e-02
3.978955383e+02,-1.578006893e-02
3.981128845e+02,7.376643270e-02
3.983302002e+02,-2.276497521e-02
3.985475464e+02,5.558821838e-03
3.987648926e+02,5.920290574e-02
3.989822693e+02,3.014569357e-02
3.991996155e+02,1.317237038e-02
3.994170227e+02,-4.853928089e-02
3.996343994e+02,5.838218145e-03
3.998518372e+02,-4.309105501e-02
4.000692444e+02,-7.976181805e-02
4.002866821e+02,-8.077462763e-02
4.005041199e+02,5.296887830e-04
4.007215881e+02,1.317237038e-02
4.009390564e+02,-4.819003493e-02
4.011565247e+02,7.313779742e-02
4.013740234e+02,-3.872548789e-02
4.015915222e+02,-1.984877745e-03
4.018090210e+02,9.695632756e-02
4.020265503e+02,-5.416212976e-02
4.022440796e+02,6.849282980e-02
4.024616394e+02,-4.965686798e-02
4.026791992e+02,-3.456946835e-02
4.028967590e+02,-2.465089969e-02
4.031143494e+02,-5.454630032e-02
4.033319397e+02,-2.124575898e-03
4.035495605e+02,-1.703735255e-02
4.037671814e+02,-1.057631336e-02
4.039848022e+02,1.309029758e-01
4.042024231e+02,-5.011088401e-02
4.044200745e+02,-2.803857997e-02
4.046377563e+02,1.577424817e-03
4.048554382e+02,-3.600137308e-02
4.050731201e+02,3.114104271e-03
4.052908020e+02,-1.536097378e-02
4.055085144e+02,-3.910965845e-02
4.057262268e+02,-3.296294063e-02
4.059439697e+02,-1.494187955e-02
4.061617126e+02,7.044860721e-02
4.063794556e+02,-5.507016927e-02
4.065972290e+02,2.267184295e-02
4.068150024e+02,-4.578024149e-02
4.070328064e+02,-4.211316630e-02
4.072506104e+02,6.395263970e-02
4.074684143e+02,1.377481818e-01
4.076862488e+02,-6.795731932e-02
4.079040833e+02,-3.275339305e-02
4.081219177e+02,-4.934254661e-02
4.083397827e+02,-1.997101307e-02
4.085576477e+02,-3.521557199e-03
4.087755432e+02,-2.115844749e-02
4.089934387e+02,1.239529923e-01
4.092113342e+02,5.139727145e-03
4.094292603e+02,1.980803162e-02
4.096471863e+02,-3.313756362e-02
4.098651123e+02,5.279425532e-03
4.100830688e+02,2.117008902e-02
4.103010254e+02,-9.877822362e-03
4.105189819e+02,-6.334728003e-02
4.107369690e+02,-4.714230075e-02
4.109549866e+02,6.112375483e-02
4.111729736e+02,4.546009935e-03
4.113909912e+02,-1.438308693e-02
4.116090393e+02,-2.674637176e-02
4.118270874e+02,2.459269203e-02
4.120451355e+02,-6.467441469e-02
4.122631836e+02,3.283488378e-02
4.124812622e+02,-5.721802823e-03
4.126993713e+02,-1.424338948e-02
4.129174500e+02,1.303267200e-02
4.131355591e+02,-5.954051018e-02
4.133536987e+02,-2.206648514e-02
4.135718079e+02,5.298633873e-02
4.137899780e+02,-1.319565345e-02
4.140081177e+02,-3.910965845e-02
4.142262878e+02,1.132136956e-02
4.144444580e+02,-6.621109694e-02
4.146626587e+02,1.013393514e-02
4.148808594e+02,-4.452295974e-02
4.150990906e+02,2.763112634e-02
4.153172913e+02,1.858567260e-02
4.155355225e+02,1.083242614e-02
4.157537842e+02,2.351003140e-02
4.159720459e+02,5.663595162e-03
4.161903076e+02,-3.027375042e-02
4.164085999e+02,-1.920267381e-02
4.166268921e+02,-5.269530043e-02
4.168451843e+02,8.826012164e-02
4.170635071e+02,-4.710737616e-02
4.172818298e+02,-1.602454111e-02
4.175001831e+02,4.121677205e-02
4.177185364e+02,7.566982094e-05
4.179368896e+02,2.567535266e-02
4.181552734e+02,-6.973847002e-02
4.183736572e+02,-4.132736649e-04
4.185920410e+02,4.057066515e-03
4.188104553e+02,2.319571190e-02
4.190288696e+02,5.962200090e-02
4.192473145e+02,-6.275356561e-02
4.194657288e+02,-1.752629504e-02
4.196842041e+02,-5.629252642e-02
4.199026489e+02,8.190385252e-02
4.201211243e+02,-5.063475296e-02
4.203396301e+02,2.022712678e-02
4.205581360e+02,5.349274259e-03
4.207766418e+02,-7.738694549e-02
4.209951477e+02,-4.368476942e-02
4.212136841e+02,-4.850435629e-02
4.214322205e+02,-1.015721820e-02
4.216507874e+02,4.753811285e-02
4.218693542e+02,-3.352173045e-02
4.220879211e+02,1.793083847e-01
4.223065186e+02,-1.445293613e-02
4.225251160e+02,4.093737528e-02
4.227437439e+02,-2.437150478e-02
4.229623718e+02,3.898160160e-02
4.231809998e+02,-1.574514434e-02
4.233996277e+02,5.169413239e-02
4.236182861e+02,-3.669986501e-02
4.238369751e+02,9.032066911e-02
4.240556641e+02,4.006426036e-02
4.242743530e+02,4.474414885e-02
4.244930420e+02,-4.263703525e-02
4.247117615e+02,1.375037134e-01
4.249304810e+02,3.114104271e-03
4.251492310e+02,-2.279989980e-02
4.253679810e+02,-3.554735333e-02
4.255867310e+02,1.387086045e-02
4.258055115e+02,2.721203305e-02
4.260242920e+02,1.331032217e-01
4.262430725e+02,-3.198505193e-02
4.264618835e+02,-5.168249086e-02
4.266806946e+02,-1.347504929e-02
4.268995361e+02,-5.933096260e-02
4.271183777e+02,-4.665335640e-02
4.273372192e+02,-1.047153957e-02
4.275560913e+02,-1.096048299e-02
4.277749634e+02,8.137998730e-02
4.279938354e+02,-5.241590366e-02
4.282127380e+02,4.879539460e-02
4.284316406e+02,9.423221648e-02
4.286505737e+02,4.512831941e-02
4.288695068e+02,-7.626935840e-02
4.290884399e+02,8.632180281e-03
4.293074036e+02,6.119360402e-02
4.295263672e+02,1.674340367e-01
4.297453308e+02,6.395263970e-02
4.299643250e+02,-2.398733422e-02
4.301833191e+02,1.821721941e-01
4.304023438e+02,-3.984307125e-02
4.306213379e+02,-6.834149361e-02
4.308403931e+02,1.869044639e-02
4.310594177e+02,-5.210158229e-02
4.312784729e+02,6.171747297e-02
4.314975586e+02,-5.744503811e-02
4.317166138e+02,7.339973003e-03
4.319357300e+02,-3.725865856e-02
4.321548157e+02,-4.798048735e-02
4.323739319e+02,-5.164756626e-02
4.325930481e+02,-3.757297620e-02
4.328121948e+02,-7.922048680e-03
4.330313416e+02,-3.306771442e-02
4.332504883e+02,8.527407423e-03
4.334696655e+02,-4.848689307e-03
4.336888428e+02,-3.516318649e-02
4.339080200e+02,-4.480235651e-02
4.341272278e+02,-5.140309408e-02
4.343464355e+02,8.457558230e-03
4.345656738e+02,1.317411661e-01
4.347849121e+02,-5.500032008e-02
4.350041504e+02,-6.802716851e-02
4.352234192e+02,8.090850315e-04
4.354426880e+02,2.096578032e-01
4.356619568e+02,-6.631586701e-02
4.358812561e+02,-5.297469720e-02
4.361005554e+02,-2.870214544e-02
4.363198853e+02,-2.122829668e-02
4.365392151e+02,-3.195012733e-02
4.367585449e+02,-5.576866120e-02
4.369778748e+02,-2.028533258e-02
4.371972351e+02,4.041350633e-02
4.374166260e+02,1.016362160e-01
4.376360168e+02,-3.411544859e-02
4.378554077e+02,2.290059924e-01
4.380747986e+02,2.099546604e-02
4.382942200e+02,-2.356823906e-02
4.385136414e+02,-4.735184833e-02
4.387330933e+02,1.087258980e-01
4.389525452e+02,4.422027990e-02
4.391719971e+02,-7.974434993e-04
4.393914795e+02,-1.305595506e-02
4.396109619e+02,5.165920779e-02
4.398304443e+02,7.968614809e-03
4.400499573e+02,-7.518669963e-02
4.402694702e+02,-7.274198532e-02
4.404890137e+02,-9.214255959e-03
4.407085571e+02,-5.042520538e-02
4.409281006e+02,4.037858173e-02
4.411476746e+02,-5.529717891e-04
4.413672485e+02,2.944720350e-02
4.415868225e+02,5.354513228e-02
4.418064270e+02,-4.298628122e-02
4.420260315e+02,3.248563781e-02
4.422456360e+02,-2.105367370e-02
4.424652710e+02,1.273756027e-01
4.426849060e+02,-7.780604064e-02
4.429045715e+02,-5.203173310e-02
4.431242371e+02,-5.727041513e-02
4.433439026e+02,-3.023882583e-02
4.435635986e+02,-4.651365802e-02
4.437832947e+02,-1.962176710e-02
4.440029907e+02,-1.843433268e-02
4.442227173e+02,-3.973829746e-02
4.444424438e+02,-1.026199199e-02
4.446622009e+02,-4.564054683e-02
4.448819580e+02,5.698519759e-03
4.451017151e+02,-3.547750413e-02
4.453215027e+02,-1.557052135e-02
4.455412903e+02,-5.826576613e-03
4.457610779e+02,-4.752647132e-02
4.459808960e+02,-2.007578686e-02
4.462007141e+02,-7.817274891e-03
4.464205322e+02,2.759620175e-02
4.466403809e+02,3.393500578e-03
4.468602600e+02,1.236910559e-02
4.470801086e+02,-3.732850775e-02
4.472999878e+02,-6.547767669e-02
4.475198669e+02,-7.922048680e-03
4.477397766e+02,-4.731692374e-02
4.479596863e+02,-4.892345145e-02
4.481796265e+02,6.353354454e-02
4.483995361e+02,5.820755632e-06
4.486194763e+02,6.971518695e-02
4.488394470e+02,-6.872566044e-02
4.490594177e+02,-5.262545124e-02
4.492793884e+02,3.723537549e-02
4.494993896e+02,-4.169407114e-02
4.497193909e+02,-3.907473385e-02
4.499393921e+02,-1.382429432e-02
4.501594238e+02,-6.874312647e-03
4.503794556e+02,2.846931666e-02
4.505994873e+02,7.603652775e-02
4.508195496e+02,1.270962059e-01
4.510396118e+02,-2.426673099e-02
4.512597046e+02,-3.533780575e-02
4.514797974e+02,3.149028867e-03
4.516998901e+02,-4.010500852e-03
4.519200134e+02,-3.586167470e-02
4.521401367e+02,8.120536059e-02
4.523602600e+02,-4.158929735e-02
4.525804138e+02,-1.832955889e-02
4.528005676e+02,4.755557515e-03
4.530207520e+02,-4.609456286e-02
4.532409058e+02,-7.588519156e-02
4.534611206e+02,9.016350843e-03
4.536813049e+02,7.184558362e-02
4.539015198e+02,-1.885342784e-02
4.541217346e+02,-8.271293715e-03
4.543419800e+02,-1.096048299e-02
4.545622253e+02,-4.892345145e-02
4.547825012e+02,-1.539589837e-02
4.550027466e+02,-3.963352367e-02
4.552230225e+02,2.515148558e-02
4.554433289e+02,-4.867897928e-02
4.556636353e+02,-3.711896017e-02
4.558839417e+02,-2.091397531e-02
4.561042786e+02,-5.947066098e-02
4.563246155e+02,7.432522625e-02
4.565449524e+02,-2.985465527e-02
4.567653198e+02,-2.314914577e-02
4.569856873e+02,-3.753805161e-02
4.572060547e+02,1.065780316e-02
4.574264526e+02,-5.000611022e-02
4.576468506e+02,-3.128656000e-02
4.578672791e+02,7.418552786e-02
4.580877075e+02,-5.129832029e-02
4.583081360e+02,-1.916774921e-02
4.585285645e+02,-1.181613421e-03
4.587490234e+02,-4.036694020e-02
4.589695129e+02,4.755557515e-03
4.591900024e+02,-1.969161630e-02
4.594104919e+02,2.103039064e-02
4.596309814e+02,-5.947066098e-02
4.598515015e+02,8.137998730e-02
4.600720215e+02,-1.899312623e-02
4.602925720e+02,4.079767689e-02
4.605130920e+02,-2.723531611e-02
4.607336731e+02,1.002392322e-01
4.609542236e+02,-3.722373396e-02
4.611748047e+02,-6.635079533e-02
4.613954163e+02,-3.451708006e-03
4.616159973e+02,1.816657931e-02
4.618366394e+02,-4.518652707e-02
4.620572510e+02,3.611778840e-02
4.622778931e+02,3.772431612e-02
4.624985352e+02,5.504688621e-02
4.627192078e+02,-1.949953148e-03
4.629398499e+02,3.981978819e-02
4.631605530e+02,-8.201444522e-03
4.633812256e+02,1.383593585e-02
4.636019287e+02,-6.327743828e-02
4.638226624e+02,-2.444135211e-02
4.640433655e+02,-4.015739262e-02
4.642641296e+02,6.063481048e-02
4.644848633e+02,-3.739835322e-02
4.647056274e+02,-7.595504075e-02
4.649263916e+02,-2.000593767e-02
4.651471863e+02,-2.611773089e-02
4.653679504e+02,-5.252067745e-02
4.655887756e+02,-4.630411044e-02
4.658095703e+02,-8.899935521e-03
4.660303955e+02,-4.674066789e-03
4.662512512e+02,-1.616423763e-02
4.664720764e+02,4.030873254e-02
4.666929626e+02,-4.148452729e-02
4.669138184e+02,6.566394120e-02
4.671347046e+02,-3.243907169e-02
4.673555908e+02,-4.385939240e-02
4.675765076e+02,9.982013702e-02
4.677973938e+02,-3.207236296e-03
4.680183411e+02,6.344623398e-04
4.682392578e+02,-4.382446781e-02
4.684602051e+02,-4.193854332e-02
4.686811829e+02,-1.183359604e-02
4.689021301e+02,-5.433675274e-02
4.691231384e+02,2.892333455e-02
4.693441162e+02,-5.859754607e-02
4.695651245e+02,2.101292834e-03
4.697861328e+02,2.571027726e-02
4.700071411e+02,-6.373145431e-02
4.702281799e+02,3.583839163e-02
4.704492493e+02,-5.372557323e-03
4.706702881e+02,-5.267783999e-03
4.708913574e+02,-3.114686348e-02
4.711124573e+02,-3.348680586e-02
4.713335266e+02,2.930750512e-02
4.715546265e+02,-6.979085971e-03
4.717757568e+02,7.418552786e-02
4.719968872e+02,5.384198856e-03
4.722180176e+02,5.749160424e-02
4.724391479e+02,6.587348878e-02
4.726603088e+02,-1.839940809e-02
4.728814697e+02,-1.371952146e-02
4.731026611e+02,-3.987799585e-02
4.733238525e+02,-7.742187381e-02
4.735450439e+02,-2.468582429e-02
4.737662659e+02,-3.516318649e-02
4.739874878e+02,-5.248575285e-02
4.742087097e+02,-2.472074889e-02
4.744299622e+02,-7.951734215e-02
4.746512146e+02,-4.668828100e-02
4.748724976e+02,1.683944650e-02
4.750937805e+02,-6.984324753e-02
4.753150635e+02,-3.502348810e-02
4.755363464e+02,-1.085570920e-02
4.757576599e+02,6.711331196e-03
4.759790039e+02,-1.288133208e-02
4.762003174e+02,-3.530288488e-02
4.764216614e+02,-3.233429790e-02
4.766430359e+02,-3.512826189e-02
4.768643799e+02,1.174046379e-02
4.770857544e+02,-1.539589837e-02
4.773071594e+02,5.354513228e-02
4.775285645e+02,-1.392906811e-02
4.777499695e+02,-5.197934806e-03
4.779714050e+02,5.948230252e-02
4.781928101e+02,-3.195012733e-02
4.784142761e+02,-3.467424214e-02
4.786357117e+02,4.580934532e-03
4.788571777e+02,-2.493029647e-02
4.790786743e+02,3.179587722e-01
4.793001404e+02,2.584997565e-02
4.795216370e+02,-4.832973331e-02
4.797431641e+02,4.860330839e-03
4.799646912e+02,-2.143784240e-02
4.801862183e+02,-5.744503811e-02
4.804077454e+02,-3.876041248e-02
4.806293030e+02,-5.835307389e-02
4.808508606e+02,-4.637395963e-02
4.810724487e+02,-3.097224049e-02
4.812940369e+02,-4.312597960e-02
4.815156250e+02,1.023870893e-02
4.817372437e+02,-1.759614423e-02
4.819588623e+02,-5.332394317e-02
4.821804810e+02,-2.369047608e-03
4.824021301e+02,-6.753822416e-02
4.826237793e+02,6.152538583e-03
4.828454590e+02,2.141455933e-02
4.830671082e+02,2.043667249e-02
4.832888184e+02,-5.597820878e-02
4.835104980e+02,-1.812001318e-02
4.837322083e+02,9.982013702e-02
4.839539185e+02,-3.614107147e-02
4.841756592e+02,6.426696479e-02
4.843973999e+02,-5.878963275e-04
4.846191406e+02,4.355671629e-02
4.848409119e+02,-2.754963562e-02
4.850626831e+02,-3.013405204e-02
4.852844543e+02,-3.058807179e-02
4.855062561e+02,6.217149273e-02
4.857280579e+02,-5.231112987e-02
4.859498901e+02,2.291631512e-02
4.861717224e+02,4.511085805e-03
4.863935547e+02,-3.638554364e-02
4.866154175e+02,-1.693257876e-02
4.868372498e+02,-5.531464145e-02
4.870591431e+02,-1.515142713e-02
4.872810059e+02,-2.884184383e-02
4.875028992e+02,4.488384724e-02
4.877248230e+02,-4.295135662e-02
4.879467163e+02,7.879556715e-02
4.881686707e+02,6.136822701e-02
4.883905945e+02,-7.057666034e-02
4.886125488e+02,-6.352190673e-02
4.888345032e+02,1.963340864e-02
4.890564575e+02,9.461638331e-02
4.892784424e+02,2.625160851e-03
4.895004578e+02,-1.703735255e-02
4.897224426e+02,-5.011088401e-02
4.899444580e+02,-3.439484537e-02
4.901664734e+02,6.297475845e-02
4.903885193e+02,-2.545416355e-02
4.906105652e+02,-3.795714676e-02
4.908326111e+02,5.298633873e-02
4.910546875e+02,7.376643270e-02
4.912767639e+02,-4.151945189e-02
4.914988708e+02,2.371957898e-02
4.917209778e+02,8.640911430e-02
4.919430847e+02,-3.208982572e-02
4.921651917e+02,-4.364984483e-02
4.923873291e+02,-2.625742927e-02
4.926094666e+02,1.907461695e-02
4.928316345e+02,-3.020390123e-02
4.930538025e+02,-4.983149096e-02
4.932759705e+02,-4.955209419e-02
4.934981689e+02,-2.199663594e-02
4.937203674e+02,-5.363826454e-02
4.939425659e+02,3.143789992e-02
4.941647949e+02,-4.619933665e-02
4.943870239e+02,-2.859737165e-02
4.946092834e+02,-5.063475296e-02
4.948315125e+02,-2.618758008e-02
4.950538025e+02,-1.452278532e-02
4.952760620e+02,-1.679288037e-02
4.954983521e+02,-7.057666034e-02
4.957206421e+02,1.568693668e-02
4.959429626e+02,-4.099558294e-02
4.961652832e+02,7.656040043e-02
4.963876038e+02,-1.822478510e-02
4.966099548e+02,2.525625937e-02
4.968323059e+02,-4.172899574e-02
4.970546570e+02,-1.106525678e-02
4.972770386e+02,-1.829463430e-02
4.974994202e+02,2.450538101e-03
4.977218018e+02,2.455776744e-02
4.979442139e+02,-4.089080915e-02
4.981666260e+02,-4.193854332e-02
4.983890686e+02,-1.501172874e-02
4.986115112e+02,2.703741007e-02
4.988339539e+02,-4.207824171e-02
4.990564270e+02,3.393500578e-03
4.992788696e+02,7.759067230e-03
4.995013733e+02,5.263709277e-02
4.997238464e+02,-2.905139141e-02
4.999463501e+02,-5.737518892e-02
5.001688843e+02,-3.411544859e-02
5.003914185e+02,9.035558999e-02
5.006139526e+02,-3.813176975e-02
5.008364868e+02,7.890034467e-02
5.010590515e+02,-9.458728135e-03
5.012816162e+02,-3.195012733e-02
5.015041809e+02,-5.643222481e-02
5.017267761e+02,-4.291643202e-02
5.019493713e+02,2.738665603e-02
5.021719971e+02,2.532610856e-02
5.023946228e+02,-3.222952411e-02
5.026172485e+02,-3.778252378e-02
5.028399048e+02,-4.808526114e-02
5.030625610e+02,-4.708991386e-03
5.032852173e+02,2.361480519e-02
5.035079041e+02,3.463349538e-03
5.037305908e+02,-3.945890442e-02
5.039532776e+02,6.681645662e-02
5.041759949e+02,6.737525016e-02
5.043987122e+02,4.739841446e-02
5.046214600e+02,4.336462822e-03
5.048441772e+02,3.004091978e-02
5.050669556e+02,-1.651348360e-02
5.052897034e+02,-3.766028909e-03
5.055124817e+02,7.181066275e-02
5.057352600e+02,-6.839388050e-03
5.059580688e+02,-4.281165823e-02
5.061808777e+02,-5.391766131e-02
5.064036865e+02,-2.213633433e-02
5.066265259e+02,6.569886953e-02
5.068493652e+02,-4.185123369e-03
5.070722046e+02,-6.296311319e-02
5.072950745e+02,-6.170583144e-02
5.075179443e+02,6.388279051e-02
5.077408142e+02,6.824836135e-02
5.079637146e+02,3.147282451e-02
5.081866150e+02,-1.438308693e-02
5.084095459e+02,-3.642046824e-02
5.086324768e+02,-3.484886512e-02
5.088554077e+02,-1.253208704e-02
5.090783386e+02,-1.001752075e-02
5.093013000e+02,-2.094889991e-02
5.095242920e+02,-4.623426124e-02
5.097472534e+02,-3.282324225e-02
5.099702454e+02,2.590236254e-03
5.101932373e+02,-6.350444630e-03
5.104162598e+02,-5.056490377e-02
5.106392822e+02,-5.828322470e-02
5.108623352e+02,7.584444713e-03
5.110853577e+02,-3.725865856e-02
5.113084106e+02,-5.342871696e-02
5.115314941e+02,8.162445575e-02
5.117545776e+02,-6.572215259e-02
5.119776611e+02,-3.732850775e-02
5.122007446e+02,-3.195012733e-02
5.124238892e+02,-7.158947736e-02
5.126469727e+02,-1.920267381e-02
5.128701172e+02,-1.801523939e-02
5.130932617e+02,-3.813176975e-02
5.133164062e+02,-3.621092066e-02
5.135395508e+02,-3.065791912e-02
5.137627563e+02,-2.395240963e-02
5.139859619e+02,2.770097554e-02
5.142091064e+02,-3.247399628e-02
5.144323120e+02,1.093719993e-02
5.146555786e+02,-4.871390387e-02
5.148787842e+02,1.175268739e-01
5.151019897e+02,3.520975262e-02
5.153252563e+02,-2.580340952e-02
5.155485229e+02,7.619369309e-03
5.157717896e+02,2.546580508e-02
5.159950562e+02,-1.825970970e-02
5.162183838e+02,-4.075111076e-02
5.164416504e+02,-1.169389766e-02
5.166649780e+02,-5.828322470e-02
5.168883057e+02,-6.474426389e-02
5.171116333e+02,3.266026080e-02
5.173350220e+02,-1.326550171e-02
5.175583496e+02,2.759620175e-02
5.177817383e+02,1.320729498e-02
5.180051270e+02,-4.745662212e-02
5.182285156e+02,2.123993821e-02
5.184519043e+02,-5.901664123e-02
5.186752930e+02,-1.092555840e-02
5.188987427e+02,-3.959859908e-02
5.191221313e+02,-1.775330515e-03
5.193455811e+02,-5.664177239e-02
5.195690308e+02,-7.281183451e-02
5.197925415e+02,1.795703173e-02
5.200159912e+02,-3.519811109e-02
5.202395020e+02,-7.710754871e-02
5.204629517e+02,-6.037869677e-02
5.206864624e+02,2.532610856e-02
5.209099731e+02,-1.616423763e-02
5.211335449e+02,-4.274180904e-02
5.213570557e+02,2.815499529e-02
5.215806274e+02,-4.078603536e-02
5.218041992e+02,-1.574514434e-02
5.220277710e+02,-5.332394317e-02
5.222513428e+02,-1.281148288e-02
5.224749146e+02,-4.249733686e-02
5.226985474e+02,-2.692099474e-02
5.229221191e+02,-4.888852686e-02
5.231457520e+02,-4.144960269e-02
5.233693848e+02,1.345176622e-02
5.235930176e+02,-5.454630032e-02
5.238167114e+02,-3.254384547e-02
5.240403442e+02,9.156048298e-03
5.242640381e+02,-8.760237135e-03
5.244877319e+02,5.857426301e-02
5.247114258e+02,-1.962176710e-02
5.249351196e+02,6.709585339e-02
5.251588745e+02,-5.961035937e-02
5.253826294e+02,-8.585614152e-03
5.256063232e+02,5.558821838e-03
5.258300781e+02,-1.916774921e-02
5.260538330e+02,4.760796204e-02
5.262776489e+02,3.527960181e-02
5.265014038e+02,-1.155420020e-02
5.267252197e+02,-1.703735255e-02
5.269490356e+02,4.264867678e-02
5.271728516e+02,-6.107718870e-02
5.273966675e+02,-6.055331975e-02
5.276204834e+02,1.586679816e-01
5.278443604e+02,-2.276497521e-02
5.280682373e+02,-4.848689307e-03
5.282921143e+02,1.093894616e-01
5.285159912e+02,-5.293977261e-02
5.287398682e+02,3.870220482e-02
5.289637451e+02,-3.879533708e-02
5.291876831e+02,-7.843468338e-02
5.294116211e+02,-4.481981741e-04
5.296355591e+02,-2.735755115e-04
5.298594971e+02,-5.765458569e-02
5.300834351e+02,-2.080920152e-02
5.303074341e+02,-8.622284979e-02
5.305313721e+02,-4.061141238e-02
5.307553711e+02,-3.404559940e-02
5.309793701e+02,1.711884327e-02
5.312033691e+02,-7.553594559e-02
5.314274292e+02,1.677832752e-01
5.316514282e+02,-5.838799849e-02
5.318754883e+02,-1.267178543e-02
5.320995483e+02,-4.455788434e-02
5.323236084e+02,2.560550347e-02
5.325476685e+02,4.890016839e-02
5.327717285e+02,3.618763760e-02
5.329958496e+02,-5.011088401e-02
5.332199707e+02,-3.261369467e-02
5.334440308e+02,3.849265724e-02
5.336682129e+02,-6.890028715e-02
5.338923340e+02,-6.422039866e-02
5.341164551e+02,6.468605995e-02
5.343406372e+02,-9.214255959e-03
5.345648193e+02,-2.101874910e-02
5.347890015e+02,2.473239042e-02
5.350131836e+02,-1.216537901e-03
5.352373657e+02,-2.943556197e-02
5.354616089e+02,-2.695591934e-02
5.356857910e+02,5.434839427e-02
5.359100342e+02,-4.012246802e-02
5.361342773e+02,-1.784061641e-02
5.363585205e+02,9.524502605e-02
5.365828247e+02,1.233418100e-02
5.368070679e+02,-3.135640919e-02
5.370313721e+02,-4.864405468e-02
5.372556763e+02,-4.532622546e-02
5.374799805e+02,-7.805050910e-02
5.377042847e+02,-2.437150478e-02
5.379285889e+02,2.413867414e-02
5.381529541e+02,-8.795161732e-03
5.383773193e+02,-6.732868403e-02
5.386016846e+02,1.268342696e-02
5.388260498e+02,-1.909790002e-02
5.390504150e+02,1.491859648e-02
5.392747803e+02,2.895825915e-02
5.394992065e+02,-3.456946835e-02
5.397236328e+02,-2.667652257e-02
5.399480591e+02,9.505294263e-03
5.401724854e+02,-4.190361872e-02
5.403969116e+02,-1.721197367e-02
5.406213989e+02,5.309111252e-02
5.408458252e+02,-4.829480872e-02
5.410703125e+02,-5.381288752e-02
5.412947998e+02,2.578012645e-02
5.415192871e+02,-1.550067216e-02
5.417438354e+02,-3.512826189e-02
5.419683228e+02,-3.313756362e-02
5.421928711e+02,1.332952990e-03
5.424174194e+02,1.767763495e-02
5.426419678e+02,-1.260193624e-02
5.428665161e+02,-1.085570920e-02
5.430910645e+02,-1.798031479e-02
5.433156738e+02,8.457558230e-03
5.435402832e+02,-4.787571356e-02
5.437648315e+02,-6.769538857e-03
5.439895020e+02,-2.259035222e-02
5.442141113e+02,-5.163010210e-03
5.444387207e+02,-4.675813019e-02
5.446633911e+02,3.224116564e-02
5.448880615e+02,2.974406118e-03
5.451127319e+02,-4.497697949e-02
5.453374023e+02,-4.752647132e-02
5.455620728e+02,-1.759614423e-02
5.457867432e+02,8.525660634e-02
5.460114746e+02,-3.757297620e-02
5.462362061e+02,-4.546592385e-02
5.464609375e+02,-1.525620092e-02
5.466856689e+02,-3.624584526e-02
5.469104004e+02,-6.635079533e-02
5.471351929e+02,-3.191520274e-02
5.473599243e+02,-3.973829746e-02
5.475847168e+02,-9.074558504e-03
5.478095093e+02,-6.635079533e-02
5.480343018e+02,-6.935430318e-02
5.482591553e+02,6.238103658e-02
5.484839478e+02,-3.767774999e-02
5.487088013e+02,-4.784078896e-02
5.489336548e+02,-3.422022238e-02
5.491585083e+02,-6.872566044e-02
5.493833618e+02,-1.085570920e-02
5.496082764e+02,1.251753569e-01
5.498331299e+02,4.114692286e-02
5.500580444e+02,-6.366160512e-02
5.502829590e+02,1.359146461e-02
5.505078735e+02,2.672308870e-02
5.507327881e+02,5.698519759e-03
5.509577637e+02,-3.261369467e-02
5.511826782e+02,-3.366142884e-02
5.514076538e+02,1.806180552e-02
5.516326294e+02,-1.853910647e-02
5.518576050e+02,-6.771285087e-02
5.520825806e+02,-4.295135662e-02
5.523076172e+02,-4.364984483e-02
5.525325928e+02,-5.444152653e-02
5.527576294e+02,-7.974434993e-04
5.529826660e+02,-1.784061641e-02
5.532077026e+02,-5.056490377e-02
5.534328003e+02,-6.909236778e-03
5.536578369e+02,1.523291785e-02
5.538829346e+02,1.820150204e-02
5.541080322e+02,-7.956973277e-03
5.543331299e+02,-5.765458569e-02
5.545582275e+02,-2.772425860e-02
5.547833252e+02,1.020378433e-02
5.550084839e+02,4.128662124e-02
5.552335815e+02,-5.241590366e-02
5.554587402e+02,-6.292819232e-02
5.556838989e+02,6.695615500e-02
5.559091187e+02,-1.130972803e-02
5.561342773e+02,8.997142315e-02
5.563594971e+02,-6.090256572e-02
5.565846558e+02,-1.371952146e-02
5.568098755e+02,4.502354562e-02
5.570350952e+02,3.349844739e-02
5.572603760e+02,-4.459280893e-02
5.574855957e+02,1.257865317e-02
5.577108765e+02,-4.295135662e-02
5.579360962e+02,-6.215985119e-02
5.581613770e+02,-8.129849285e-02
5.583866577e+02,-3.149610758e-02
5.586119995e+02,-2.506999485e-02
5.588372803e+02,-2.699084394e-02
5.590626221e+02,-8.458139747e-02
5.592879028e+02,-2.877199464e-02
5.595132446e+02,-6.247416884e-02
5.597386475e+02,-3.065791912e-02
5.599639893e+02,-2.073935233e-02
5.601893311e+02,-3.312009852e-03
5.604147339e+02,1.090751365e-01
5.606401367e+02,1.314268410e-01
5.608655396e+02,6.276521087e-02
5.610909424e+02,-2.273005061e-02
5.613163452e+02,-2.136799321e-02
5.615418091e+02,-1.522127632e-02
5.617672119e+02,4.554741457e-02
5.619926758e+02,3.018061817e-02
5.622181396e+02,-5.234605446e-02
5.624436646e+02,-4.242748767e-02
5.626691284e+02,-1.455770992e-02
5.628945923e+02,-1.490695495e-02
5.631201172e+02,1.055303030e-02
5.633456421e+02,-2.823066432e-03
5.635711670e+02,3.440648690e-02
5.637966919e+02,4.282329977e-02
5.640222778e+02,7.200274616e-03
5.642478027e+02,-2.426673099e-02
5.644733887e+02,4.411550611e-02
5.646989746e+02,-2.231095731e-02
5.649245605e+02,-5.023312289e-03
5.651501465e+02,-4.288150743e-02
5.653757935e+02,1.767763495e-02
5.656013794e+02,-1.745644584e-02
5.658270264e+02,7.865586877e-02
5.660526733e+02,-7.019249350e-02
5.662783203e+02,-1.200821903e-02
5.665039673e+02,-2.734008990e-02
5.667296753e+02,2.406882495e-02
5.669553223e+02,2.839946747e-02
5.671810303e+02,-2.325391956e-02
5.674067383e+02,2.805022150e-02
5.676324463e+02,-3.055314720e-02
5.678581543e+02,-3.006420285e-02
5.680839233e+02,1.087608188e-01
5.683096313e+02,-4.812018573e-02
5.685354004e+02,-5.286992341e-02
5.687611694e+02,-4.626918584e-02
5.689869385e+02,2.462761663e-02
5.692127686e+02,4.394088313e-02
5.694385376e+02,1.292789821e-02
5.696643677e+02,6.327161565e-03
5.698901978e+02,-2.807350457e-02
5.701160278e+02,-5.657192320e-02
5.703418579e+02,1.490637362e-01
5.705676880e+02,-5.583851039e-02
5.707935791e+02,1.518576890e-01
5.710194092e+02,-2.838782594e-02
5.712453003e+02,-1.151927561e-02
5.714711914e+02,-3.596644849e-02
5.716970825e+02,-3.785237297e-02
5.719230347e+02,1.795703173e-02
5.721489258e+02,8.997142315e-02
5.723748779e+02,-5.999452993e-02
5.726008301e+02,-1.892327704e-02
5.728267822e+02,-2.877199464e-02
5.730527344e+02,7.135664672e-02
5.732786865e+02,8.911577053e-03
5.735046997e+02,-6.664765067e-03
5.737307129e+02,-1.560544595e-02
5.739566650e+02,-1.092555840e-02
5.741826782e+02,-1.225269027e-02
5.744087524e+02,-2.817827836e-02
5.746347656e+02,1.645527594e-02
5.748608398e+02,-6.463949382e-02
5.750868530e+02,-2.025040798e-02
5.753129272e+02,-3.558227792e-02
5.755390015e+02,-2.168231457e-02
5.757651367e+02,-1.281148288e-02
5.759912109e+02,-5.423197895e-02
5.762173462e+02,-2.220618352e-02
5.764434204e+02,-1.864388026e-02
5.766695557e+02,-3.240414709e-02
5.768956909e+02,-3.788729757e-02
5.771218872e+02,-1.193836983e-02
5.773480225e+02,-3.198505193e-02
5.775742188e+02,-2.039010637e-02
5.778003540e+02,-4.417371377e-02
5.780265503e+02,-3.704911098e-02
5.782527466e+02,4.910971597e-02
5.784790039e+02,3.304443136e-02
5.787052002e+02,-3.858578950e-02
5.789314575e+02,-4.571039230e-02
5.791577148e+02,-3.439484537e-02
5.793839111e+02,-4.604217596e-03
5.796102295e+02,-4.295135662e-02
5.798364868e+02,2.070733756e-01
5.800627441e+02,-3.034359962e-02
5.802890625e+02,-4.361492023e-02
5.805153809e+02,-2.927839989e-03
5.807416992e+02,-2.782903239e-02
5.809680176e+02,-4.253226146e-02
5.811943359e+02,-2.702576853e-02
5.814207153e+02,1.680452190e-02
5.816470337e+02,1.194128022e-01
5.818734131e+02,3.391754255e-02
5.820997925e+02,-1.364967227e-02
5.823261719e+02,-4.490713030e-02
5.825526123e+02,-1.040169038e-02
5.827789917e+02,-6.338220835e-02
5.830054321e+02,3.618763760e-02
5.832318726e+02,-6.315520033e-03
5.834583130e+02,-5.080937594e-02
5.836847534e+02,-4.445311055e-02
5.839111938e+02,2.832961828e-02
5.841376953e+02,-4.183376953e-02
5.843641357e+02,-1.469740830e-02
5.845906372e+02,1.163569093e-02
5.848171387e+02,-5.507016927e-02
5.850436401e+02,-6.240431964e-02
5.852702026e+02,-1.483710576e-02
5.854967041e+02,4.624590278e-02
5.857232666e+02,-4.986641183e-02
5.859498291e+02,-2.454612590e-02
5.861763916e+02,-3.956367448e-02
5.864029541e+02,-1.686272956e-02
5.866295166e+02,3.882443998e-03
5.868561401e+02,-7.113545388e-02
5.870827026e+02,-1.110018138e-02
5.873093262e+02,-1.801523939e-02
5.875359497e+02,-6.310281157e-02
5.877625732e+02,-6.785254925e-02
5.879892578e+02,-2.231095731e-02
5.882158813e+02,-4.539607465e-02
5.884425659e+02,-2.140291780e-02
5.886692505e+02,2.619922161e-02
5.888959351e+02,4.282329977e-02
5.891226196e+02,-2.863229625e-02
5.893493652e+02,1.211590320e-01
5.895760498e+02,-2.178708836e-02
5.898027954e+02,8.246264607e-02
5.900295410e+02,-6.914475560e-02
5.902562866e+02,1.058970094e-01
5.904830322e+02,-2.667652257e-02
5.907097778e+02,-2.496522106e-02
5.909365845e+02,-2.266020142e-02
5.911633911e+02,-6.023899838e-02
5.913901978e+02,-3.044837341e-02
5.916170044e+02,-1.333535090e-02
5.918438110e+02,-4.721214995e-02
5.920706177e+02,-4.791063815e-02
5.922974854e+02,-6.202015281e-02
5.925242920e+02,9.922642261e-02
5.927511597e+02,-2.587325871e-02
5.929780273e+02,2.616429701e-02
5.932049561e+02,2.799783368e-03
5.934318237e+02,3.119342960e-02
5.936587524e+02,2.490701340e-02
5.938856201e+02,2.092561685e-02
5.941125488e+02,-1.036676578e-02
5.943394775e+02,-5.756727420e-03
5.945664673e+02,-1.550067216e-02
5.947933960e+02,-1.557052135e-02
5.950203857e+02,-4.534368869e-03
5.952473145e+02,4.191526026e-02
5.954743042e+02,8.707268536e-02
5.957012939e+02,-3.222952411e-02
5.959283447e+02,-5.232859403e-03
5.961553345e+02,7.444746327e-03
5.963823853e+02,-2.063457854e-02
5.966093750e+02,-4.675813019e-02
5.968364258e+02,2.364972979e-02
5.970634766e+02,-4.185123369e-03
5.972905884e+02,3.290473297e-02
5.975176392e+02,1.575678587e-02
5.977447510e+02,-6.851611286e-02
5.979718018e+02,4.495369643e-02
5.981989136e+02,-4.843450710e-02
5.984260254e+02,-5.115862191e-02
5.986531982e+02,-5.901664123e-02
5.988803101e+02,-5.479077250e-02
5.991074829e+02,-3.757297620e-02
5.993345947e+02,6.493052840e-02
5.995617676e+02,-6.746838242e-02
5.997889404e+02,-3.032613778e-03
6.000161743e+02,7.443000376e-02
6.002433472e+02,-3.561720252e-02
6.004705811e+02,7.479670923e-03
6.006977539e+02,-5.178726465e-02
6.009249878e+02,1.624572836e-02
6.011522217e+02,-3.163580596e-02
6.013795166e+02,-4.399909079e-02
6.016067505e+02,7.689218037e-03
6.018340454e+02,-2.091397531e-02
6.020612793e+02,-1.846925728e-02
6.022885742e+02,-3.586167470e-02
6.025158691e+02,-2.386509877e-04
6.027432251e+02,-2.089651302e-03
6.029705200e+02,4.076275229e-02
6.031978760e+02,8.387709036e-03
6.034251709e+02,4.236928001e-02
6.036525269e+02,-3.174057975e-02
6.038798828e+02,-3.512826189e-02
6.041072998e+02,-4.941239581e-02
6.043346558e+02,-4.132736649e-04
6.045620728e+02,-2.618758008e-02
6.047894287e+02,-5.402243137e-02
6.050168457e+02,-5.723549053e-02
6.052442627e+02,3.276503459e-02
6.054717407e+02,-3.642046824e-02
6.056991577e+02,3.821326047e-02
6.059266357e+02,-3.085000499e-04
6.061540527e+02,-1.906297542e-02
6.063815308e+02,-2.269512601e-02
6.066090698e+02,3.988963738e-02
6.068365479e+02,-5.859754607e-02
6.070640259e+02,3.985471278e-02
6.072915649e+02,-2.891169302e-02
6.075191040e+02,1.366305947e-01
6.077465820e+02,-4.120513052e-02
6.079741821e+02,1.721139252e-01
6.082017212e+02,-4.480235651e-02
6.084292603e+02,8.457558230e-03
6.086568604e+02,2.347510681e-02
6.088844604e+02,-4.626918584e-02
6.091119995e+02,-3.547750413e-02
6.093396606e+02,-1.504665334e-02
6.095672607e+02,4.074528988e-05
6.097948608e+02,-5.465107411e-02
6.100225220e+02,-1.438308693e-02
6.102501831e+02,1.214733496e-01
6.104777832e+02,7.250915468e-02
6.107055054e+02,-6.711913645e-02
6.109331665e+02,3.742745845e-03
6.111608276e+02,1.233941987e-01
6.113885498e+02,-3.100716509e-02
6.116162720e+02,-1.707227714e-02
6.118439331e+02,-3.411544859e-02
6.120716553e+02,-7.363256067e-03
6.122994385e+02,-5.590835959e-02
6.125271606e+02,-5.793398246e-02
6.127549438e+02,-5.545433983e-02
6.129826660e+02,1.495352108e-02
6.132104492e+02,4.771273583e-02
6.134382324e+02,3.077433445e-02
6.136660767e+02,-3.170565516e-02
6.138938599e+02,6.744509935e-02
6.141217041e+02,-4.207824171e-02
6.143494873e+02,9.461638331e-02
6.145773315e+02,-2.147276700e-02
6.148051758e+02,-6.848119199e-02
6.150330811e+02,6.451143324e-02
6.152609253e+02,3.377784416e-02
6.154887695e+02,-2.369047608e-03
6.157166748e+02,-4.124005511e-02
6.159445801e+02,7.656040043e-02
6.161724854e+02,6.650213152e-02
6.164003906e+02,-5.482569709e-02
6.166283569e+02,-5.185711384e-02
6.168562622e+02,-5.590835959e-02
6.170842285e+02,-1.413861569e-02
6.173121948e+02,-4.574531689e-02
6.175401611e+02,1.614095457e-02
6.177681274e+02,-2.126322128e-02
6.179961548e+02,7.177573442e-02
6.182241211e+02,-2.206648514e-02
6.184521484e+02,1.470904984e-02
6.186801758e+02,-6.355682760e-02
6.189082031e+02,6.168254837e-02
6.191362305e+02,-2.821320295e-02
6.193642578e+02,-3.722373396e-02
6.195923462e+02,1.725853980e-02
6.198203735e+02,-3.561720252e-02
6.200484619e+02,-1.382429432e-02
6.202765503e+02,1.593140885e-02
6.205046997e+02,-6.577454042e-04
6.207327881e+02,7.921466231e-02
6.209608765e+02,-1.130972803e-02
6.211890259e+02,-5.878963275e-04
6.214171753e+02,-5.908649042e-02
6.216453247e+02,2.654846571e-02
6.218734741e+02,-3.085000499e-04
6.221016846e+02,-3.055314720e-02
6.223298340e+02,-7.956973277e-03
6.225580444e+02,-4.249733686e-02
6.227862549e+02,-3.876041248e-02
6.230144653e+02,-1.756121963e-02
6.232426758e+02,-3.512826189e-02
6.234708862e+02,-5.458122492e-02
6.236991577e+02,6.920878310e-03
6.239273682e+02,-5.838799849e-02
6.241556396e+02,-1.497680414e-02
6.243839111e+02,1.131962314e-01
6.246121826e+02,6.327161565e-03
6.248404541e+02,-3.502348810e-02
6.250687866e+02,7.869079709e-02
6.252971191e+02,-5.824830011e-02
6.255253906e+02,2.979644760e-02
6.257537231e+02,1.018632203e-03
6.259821167e+02,2.240990987e-03
6.262104492e+02,2.487208880e-02
6.264387817e+02,-3.153103217e-02
6.266671753e+02,2.155600488e-01
6.268955688e+02,7.362674177e-02
6.271239624e+02,-5.093161017e-03
6.273523560e+02,-3.418529779e-02
6.275807495e+02,1.367877587e-03
6.278092041e+02,2.162414044e-02
6.280375977e+02,-4.646565393e-02
6.282660522e+02,-2.029900998e-02
6.284945068e+02,2.557805926e-02
6.287229614e+02,-4.228149541e-03
6.289514160e+02,5.426949263e-02
6.291799316e+02,-1.849157736e-03
6.294083862e+02,2.571214177e-02
6.296369019e+02,7.029530406e-02
6.298654175e+02,-1.978512853e-02
6.300939331e+02,-1.265933178e-02
6.303224487e+02,-9.150801226e-03
6.305510254e+02,1.151058003e-01
6.307795410e+02,-3.771297261e-02
6.310081177e+02,3.272426128e-02
6.312366943e+02,1.339913607e-01
6.314652710e+02,5.783924460e-02
6.316938477e+02,8.086613379e-03
6.319224854e+02,-5.257996917e-02
6.321510620e+02,-3.659973852e-03
6.323796997e+02,2.014166862e-02
6.326083374e+02,-1.968126278e-03
6.328369751e+02,7.816911489e-02
6.330656128e+02,-4.652594775e-02
6.332943115e+02,9.707761556e-02
6.335229492e+02,7.802727073e-02
6.337516479e+02,1.728593139e-03
6.339803467e+02,6.000573188e-02
6.342090454e+02,-3.075971454e-02
6.344377441e+02,-1.799684390e-02
6.346664429e+02,-2.815869264e-02
6.348952026e+02,9.282879531e-02
6.351239624e+02,8.948846906e-02
6.353526611e+02,-3.850172833e-02
6.355814819e+02,5.172814429e-02
6.358102417e+02,4.844084755e-02
6.360390015e+02,6.601772737e-03
6.362678223e+02,4.002207518e-02
6.364965820e+02,-2.502143325e-04
6.367254028e+02,3.942942619e-02
6.369542236e+02,-2.632580465e-03
6.371830444e+02,-2.595943399e-02
6.374119263e+02,5.818028748e-02
6.376407471e+02,-2.132498287e-02
6.378696289e+02,-3.636926040e-02
6.380984497e+02,-1.014709566e-02
6.383273315e+02,-4.776203632e-02
6.385562744e+02,-3.764386103e-02
6.387851562e+02,3.438147902e-02
6.390140381e+02,4.038245976e-02
6.392429810e+02,-1.550156251e-02
6.394719238e+02,-4.558898881e-02
6.397008667e+02,-1.386065409e-02
6.399298096e+02,3.645355254e-02
6.401587524e+02,3.190784156e-02
6.403877563e+02,1.401303709e-01
6.406166992e+02,-3.201403841e-02
6.408457031e+02,-1.141631138e-02
6.410747070e+02,-2.178388461e-02
6.413037109e+02,-2.340465225e-02
6.415327148e+02,5.457517505e-02
6.417617798e+02,3.429869190e-02
6.419907837e+02,-3.742736578e-02
6.422198486e+02,-2.520663291e-02
6.424489136e+02,3.447600454e-02
6.426779785e+02,-1.020474732e-02
6.429070435e+02,-2.324314415e-02
6.431361694e+02,7.327555865e-02
6.433652344e+02,2.658439800e-02
6.435943604e+02,7.790018618e-02
6.438234863e+02,-1.333813649e-02
6.440526123e+02,8.883498609e-03
6.442817383e+02,-1.306438074e-02
6.445108643e+02,-2.622307092e-02
6.447400513e+02,-1.045370381e-02
6.449692383e+02,-3.287804127e-02
6.451983643e+02,-1.156204846e-02
6.454275513e+02,1.444805239e-04
6.456567993e+02,2.345701866e-02
6.458859863e+02,1.087731123e-02
6.461151733e+02,2.633549273e-02
6.463444214e+02,-2.054490335e-02
6.465736694e+02,4.815056920e-03
6.468029175e+02,-5.018525571e-02
6.470321655e+02,3.671851009e-02
6.472614136e+02,5.557818711e-02
6.474907227e+02,-3.053484671e-02
6.477200317e+02,3.852432594e-02
6.479492798e+02,3.428792208e-02
6.481785889e+02,3.815448284e-02
6.484078979e+02,4.608865082e-02
6.486372681e+02,5.853599310e-02
6.488665771e+02,3.147934377e-02
6.490959473e+02,-1.872453280e-02
6.493253174e+02,4.105253145e-02
6.495546265e+02,-7.358195260e-03
6.497840576e+02,1.583067700e-02
6.500134277e+02,2.043075301e-02
6.502427979e+02,9.282218665e-02
6.504722290e+02,-1.536649931e-02
6.507016602e+02,4.855074454e-03
6.509310303e+02,6.225078367e-03
6.511605225e+02,-3.328036889e-02
6.513899536e+02,9.457512945e-02
6.516193848e+02,7.279167324e-02
6.518488770e+02,5.733118206e-02
6.520783081e+02,-2.357440256e-02
6.523078003e+02,8.278612792e-02
6.525372925e+02,-1.636448782e-03
6.527667847e+02,9.953114204e-03
6.529963379e+02,-2.139619179e-02
6.532258301e+02,3.784424858e-03
6.534553833e+02,-4.605052993e-03
6.536849365e+02,2.073683962e-02
6.539144897e+02,1.951680332e-02
6.541440430e+02,5.442749336e-02
6.543735962e+02,1.675673574e-02
6.546032104e+02,3.925860673e-02
6.548327637e+02,6.617696583e-02
6.550623779e+02,2.733682841e-02
6.552919922e+02,3.906786814e-02
6.555216064e+02,1.782635413e-02
6.557512817e+02,-7.034705952e-03
6.559808960e+02,-1.164919790e-02
6.562105713e+02,-4.307478666e-03
6.564402466e+02,1.142183412e-02
6.566698608e+02,2.452997677e-02
6.568995972e+02,2.870940603e-02
6.571292725e+02,-2.996210940e-02
6.573589478e+02,1.112027466e-01
6.575886841e+02,-1.351655647e-02
6.578184204e+02,6.012960151e-02
6.580480957e+02,-7.615223527e-03
6.582778931e+02,1.128456146e-01
6.585076294e+02,4.870511591e-03
6.587373657e+02,-3.668433055e-02
6.589671631e+02,1.715165749e-02
6.591968994e+02,1.061256509e-02
6.594266968e+02,-2.169271931e-02
6.596564941e+02,3.664397821e-02
6.598862915e+02,2.488052705e-04
6.601161499e+02,-2.276723459e-02
6.603459473e+02,4.388142377e-02
6.605758057e+02,-6.175821647e-03
6.608056641e+02,4.125169665e-02
6.610355225e+02,7.083277404e-02
6.612653809e+02,-2.835290134e-02
6.614952393e+02,6.782926619e-02
6.617251587e+02,6.786418706e-02
6.619550171e+02,-2.328884415e-02
6.621849365e+02,-3.172311932e-03
6.624148560e+02,8.494228870e-02
6.626447754e+02,2.141455933e-02
6.628747559e+02,7.689218037e-03
6.631046753e+02,2.485462697e-03
6.633346558e+02,7.561744004e-02
6.635645752e+02,7.076292485e-02
6.637945557e+02,2.976152301e-02
6.640245361e+02,-6.909236778e-03
6.642545776e+02,4.746826366e-02
6.644845581e+02,1.603618264e-02
6.647145386e+02,6.611796468e-02
6.649445801e+02,2.895825915e-02
6.651746216e+02,1.841104962e-02
6.654046631e+02,-3.242160892e-03
6.656347046e+02,4.544264078e-02
6.658648071e+02,-3.006420285e-02
6.660948486e+02,-3.275339305e-02
6.663249512e+02,4.516324401e-02
6.665550537e+02,-7.642652374e-03
6.667851562e+02,8.207847178e-02
6.670152588e+02,7.739859074e-02
6.672453613e+02,5.001775175e-02
6.674755249e+02,5.169413239e-02
6.677056274e+02,1.442965306e-02
6.679357910e+02,7.409821730e-03
6.681659546e+02,2.633892000e-02
6.683961182e+02,-1.651348360e-02
6.686262817e+02,6.133330241e-02
6.688565063e+02,2.040174790e-02
6.690866699e+02,7.209005952e-02
6.693168945e+02,-1.068108622e-02
6.695471191e+02,1.649020053e-02
6.697773438e+02,1.177538838e-02
6.700075684e+02,7.338226587e-02
6.702378540e+02,5.462779105e-02
6.704680786e+02,-1.036676578e-02
6.706983643e+02,2.427837253e-02
6.709286499e+02,1.133010089e-01
6.711589355e+02,7.750336081e-02
6.713892212e+02,-7.153708488e-03
6.716195679e+02,2.137963474e-02
6.718498535e+02,1.359146461e-02
6.720802002e+02,7.584444713e-03
6.723105469e+02,1.921431348e-02
6.725408936e+02,-3.766028909e-03
6.727712402e+02,-5.058236886e-03
6.730015869e+02,6.943579763e-02
6.732319336e+02,-2.685114555e-02
6.734623413e+02,-2.835290134e-02
6.736927490e+02,3.498274134e-03
6.739231567e+02,3.021554276e-02
6.741535645e+02,1.013393514e-02
6.743839722e+02,-1.962176710e-02
6.746144409e+02,3.856250644e-02
6.748448486e+02,7.041367888e-02
6.750753174e+02,-3.100716509e-02
6.753057861e+02,1.390578505e-02
6.755362549e+02,-1.490695495e-02
6.757667236e+02,1.146106794e-02
6.759971924e+02,8.410409838e-02
6.762277222e+02,1.121659577e-02
6.764582520e+02,3.201415529e-04
6.766887817e+02,9.121123701e-03
6.769193115e+02,-8.480841294e-03
6.771498413e+02,1.367877587e-03
6.773803711e+02,1.914446615e-02
6.776109619e+02,6.622273475e-02
6.778414917e+02,-2.936571278e-02
6.780720825e+02,5.714235827e-02
6.783026733e+02,5.686296150e-02
6.785332642e+02,8.798072487e-02
6.787638550e+02,-3.903980926e-02
6.789945068e+02,3.304443136e-02
6.792250977e+02,-6.315520033e-03
6.794557495e+02,3.428425174e-03
6.796864014e+02,1.997392327e-01
6.799170532e+02,-3.767774999e-02
6.801477051e+02,-6.629840471e-03
6.803784180e+02,1.069272775e-02
6.806090698e+02,-3.208982572e-02
6.808397827e+02,7.030890882e-02
6.810704956e+02,3.094895743e-02
6.813012085e+02,7.586190850e-02
6.815319214e+02,-2.206648514e-02
6.817626343e+02,-1.019214280e-02
6.819934082e+02,6.388279051e-02
6.822241821e+02,5.036699772e-02
6.824548950e+02,-2.196171135e-02
6.826856689e+02,3.201415529e-04
6.829164429e+02,3.503512964e-02
6.831472778e+02,-2.206648514e-02
6.833780518e+02,5.995378597e-04
6.836088867e+02,-3.013405204e-02
6.838397217e+02,-6.140897050e-03
6.840705566e+02,-1.043661498e-02
6.843013916e+02,1.437726663e-03
6.845322266e+02,-1.476725750e-02
6.847630615e+02,6.367324293e-02
6.849939575e+02,5.071624368e-02
6.852248535e+02,1.610602997e-02
6.854556885e+02,-1.710720174e-02
6.856865845e+02,-3.222952411e-02
6.859175415e+02,-9.039633907e-03
6.861484375e+02,1.296282280e-02
6.863793335e+02,3.541929647e-02
6.866102905e+02,3.549787700e-01
6.868412476e+02,2.043667249e-02
6.870722046e+02,1.034872159e-01
6.873031616e+02,6.562902033e-02
6.875341187e+02,5.022729933e-02
6.877651367e+02,3.304443136e-02
6.879960938e+02,2.071606927e-02
6.882271118e+02,9.025081992e-02
6.884581299e+02,3.129820153e-02
6.886891479e+02,7.759067230e-03
6.889201660e+02,2.434822172e-02
6.891512451e+02,2.240990987e-03
6.893822632e+02,-9.703199379e-03
6.896133423e+02,-1.075093541e-02
6.898444214e+02,6.503530592e-02
6.900755005e+02,-4.574531689e-02
6.903065796e+02,4.013410956e-02
6.905377197e+02,4.373133555e-02
6.907687988e+02,-2.646697685e-02
6.909999390e+02,5.605969951e-02
6.912310181e+02,-2.293959819e-02
6.914621582e+02,-9.982596152e-03
6.916933594e+02,2.805022150e-02
6.919244995e+02,2.068114467e-02
6.921556396e+02,4.694439471e-02
6.923868408e+02,-2.052980475e-02
6.926180420e+02,-3.753805161e-02
6.928492432e+02,8.794579655e-02
6.930804443e+02,-1.539589837e-02
6.933116455e+02,-1.626901142e-02
6.935428467e+02,-3.977322206e-02
6.937741089e+02,2.623414621e-02
6.940053711e+02,3.353337198e-02
6.942365723e+02,4.292807356e-02
6.944678345e+02,-1.616423763e-02
6.946991577e+02,7.016921043e-02
6.949304199e+02,1.158330357e-03
6.951616821e+02,-4.591993988e-02
6.953930054e+02,-3.558227792e-02
6.956243286e+02,6.534962356e-02
6.958556519e+02,-1.434816234e-02
6.960869751e+02,-3.456946835e-02
6.963182983e+02,4.481399804e-02
6.965496826e+02,8.288174123e-02
6.967810059e+02,3.947054222e-02
6.970123901e+02,-1.731674746e-02
6.972437744e+02,-4.647873342e-02
6.974751587e+02,6.105390564e-02
6.977065430e+02,5.314350128e-03
6.979379272e+02,-2.063457854e-02
6.981693726e+02,-1.431323774e-02
6.984008179e+02,2.721203305e-02
6.986322021e+02,2.780574933e-02
6.988636475e+02,-9.807973169e-03
6.990951538e+02,-2.014563605e-02
6.993265991e+02,1.250007302e-01
6.995580444e+02,1.621080376e-02
6.997895508e+02,1.806180552e-02
7.000210571e+02,-4.330060259e-02
7.002525635e+02,-1.298610587e-02
7.004840698e+02,2.066193670e-01
7.007155762e+02,-3.132148460e-02
7.009470825e+02,-3.030867502e-02
7.011786499e+02,5.906320736e-02
7.014102173e+02,1.138598025e-01
7.016417847e+02,6.101898104e-02
7.018733521e+02,7.069307566e-02
7.021049194e+02,1.491859648e-02
7.023364868e+02,1.146979928e-01
7.025681152e+02,-1.344012469e-02
7.027996826e+02,-2.178708836e-02
7.030313110e+02,2.438314632e-02
7.032629395e+02,3.241578862e-02
7.034945679e+02,6.466859486e-03
7.037261963e+02,2.494193800e-02
7.039578857e+02,3.870220482e-02
7.041895142e+02,-1.550067216e-02
7.044212036e+02,-2.150769159e-02
7.046528931e+02,1.186793894e-01
7.048845825e+02,8.291666210e-02
7.051162720e+02,-3.568705171e-02
7.053480225e+02,6.835313141e-02
7.055797119e+02,-3.488378972e-02
7.058114624e+02,1.254547536e-01
7.060432129e+02,2.246229537e-02
7.062749634e+02,-2.479059808e-02
7.065067139e+02,-2.534939162e-02
7.067384644e+02,-1.818986051e-02
7.069702759e+02,-4.997118562e-02
7.072020264e+02,1.661418229e-01
7.074338379e+02,6.431934889e-03
7.076656494e+02,-4.005261883e-02
7.078974609e+02,1.418518182e-02
7.081292725e+02,-4.057648778e-02
7.083611450e+02,2.560026646e-01
7.085929565e+02,4.792227969e-02
7.088248291e+02,1.589822918e-01
7.090567017e+02,-2.273005061e-02
7.092885742e+02,-1.728182286e-02
7.095204468e+02,1.240403019e-02
7.097523193e+02,9.961058944e-02
7.099842529e+02,4.257882759e-02
7.102161255e+02,2.640876919e-02
7.104480591e+02,4.669992253e-02
7.106799927e+02,-5.180472508e-04
7.109119263e+02,-2.618758008e-02
7.111439209e+02,-2.290467359e-02
7.113758545e+02,8.183400333e-02
7.116078491e+02,6.402248889e-02
7.118397827e+02,3.901652619e-02
7.120717773e+02,-2.473821165e-03
7.123037720e+02,-1.665318199e-02
7.125357666e+02,-1.041915268e-03
7.127678223e+02,7.479670923e-03
7.129998169e+02,-7.956973277e-03
7.132318726e+02,6.437173486e-02
7.134639282e+02,4.030873254e-02
7.136959839e+02,-7.118784357e-03
7.139280396e+02,4.785243049e-02
7.141600952e+02,4.387103394e-02
7.143921509e+02,-1.508157793e-02
7.146242676e+02,2.193842828e-02
7.148563843e+02,2.054144628e-02
7.150885010e+02,-3.547750413e-02
7.153206177e+02,-8.934860118e-03
7.155527344e+02,-1.420846488e-02
7.157848511e+02,4.301538225e-03
7.160170288e+02,3.751476854e-02
7.162491455e+02,7.030890882e-02
7.164813232e+02,9.307970107e-02
7.167135010e+02,4.453460127e-02
7.169456787e+02,8.501213789e-02
7.171779175e+02,6.217149273e-02
7.174100952e+02,8.846966177e-02
7.176423340e+02,-2.681622095e-02
7.178745117e+02,4.418535531e-02
7.181067505e+02,4.362656176e-02
7.183389893e+02,-1.490695495e-02
7.185712891e+02,6.224134192e-02
7.188035278e+02,1.044825651e-02
7.190358276e+02,5.260216817e-02
7.192680664e+02,3.416201472e-02
7.195003662e+02,-3.312009852e-03
7.197326660e+02,-3.324233368e-02
7.199649658e+02,5.494211242e-02
7.201972656e+02,2.749142982e-02
7.204296265e+02,-3.753805161e-02
7.206619873e+02,2.476731502e-02
7.208942871e+02,-2.927839989e-03
7.211266479e+02,5.392930284e-02
7.213590088e+02,8.207847178e-02
7.215913696e+02,3.772431612e-02
7.218237915e+02,6.849282980e-02
7.220561523e+02,8.972694725e-02
7.222885742e+02,1.987788081e-02
7.225209961e+02,1.243895479e-02
7.227534180e+02,4.429012910e-02
7.229858398e+02,-3.966844827e-02
7.232182617e+02,-3.198505193e-02
7.234507446e+02,9.505294263e-03
7.236831665e+02,-1.165897399e-02
7.239156494e+02,9.604828805e-02
7.241481323e+02,1.753793657e-02
7.243806152e+02,-3.264861926e-02
7.246130981e+02,5.225292221e-02
7.248456421e+02,6.377802044e-02
7.250781250e+02,2.078591846e-02
7.253106689e+02,-1.165897399e-02
7.255432129e+02,-1.001752075e-02
7.257757568e+02,-2.664159797e-02
7.260083008e+02,3.360322118e-02
7.262408447e+02,-2.985465527e-02
7.264734497e+02,1.090052947e-01
7.267059937e+02,-1.962176710e-02
7.269385986e+02,5.246246979e-02
7.271712036e+02,6.115867943e-02
7.274038086e+02,-2.171723917e-02
7.276364136e+02,2.082084306e-02
7.278690796e+02,-3.069284372e-02
7.281016846e+02,-2.080920152e-02
7.283343506e+02,1.959848404e-02
7.285670166e+02,4.306777194e-02
7.287996826e+02,-3.928428143e-02
7.290323486e+02,-5.444152653e-02
7.292650146e+02,1.753793657e-02
7.294976807e+02,3.253802424e-03
7.297304077e+02,-4.534368869e-03
7.299631348e+02,2.136217430e-03
7.301958618e+02,5.462779105e-02
7.304285889e+02,3.866728023e-02
7.306613159e+02,6.566394120e-02
7.308940430e+02,3.286980838e-02
7.311268311e+02,1.460427605e-02
7.313596191e+02,-4.647873342e-02
7.315923462e+02,-2.765440941e-02
7.318251343e+02,-2.845767513e-02
7.320579834e+02,2.380689140e-03
7.322907715e+02,-4.040186480e-02
7.325235596e+02,-4.986641183e-02
7.327564087e+02,1.037840731e-02
7.329892578e+02,1.331206784e-02
7.332220459e+02,4.149616882e-02
7.334549561e+02,4.947642446e-04
7.336878052e+02,1.163569093e-02
7.339206543e+02,1.942386106e-02
7.341535645e+02,-4.860913008e-02
7.343864136e+02,9.175257385e-02
7.346193237e+02,-1.909790002e-02
7.348522339e+02,2.888840996e-02
7.350851440e+02,-4.969179258e-02
7.353180542e+02,-3.207236296e-03
7.355510254e+02,4.907479137e-02
7.357839355e+02,-2.891169302e-02
7.360169067e+02,-4.934254661e-02
7.362498779e+02,-1.626901142e-02
7.364828491e+02,-5.512255710e-03
7.367158203e+02,-2.087905072e-02
7.369488525e+02,-1.955191791e-02
7.371818237e+02,1.891745604e-03
7.374148560e+02,5.564060435e-02
7.376478882e+02,8.492482826e-03
7.378809204e+02,5.976169929e-02
7.381139526e+02,-9.703199379e-03
7.383469849e+02,-2.353331447e-02
7.385800171e+02,-1.539589837e-02
7.388131104e+02,-2.175216377e-02
7.390462036e+02,6.681645662e-02
7.392792358e+02,-2.217125893e-02
7.395123291e+02,9.831838310e-02
7.397454834e+02,9.086199105e-03
7.399785767e+02,7.837647200e-02
7.402116699e+02,1.229925640e-02
7.404448242e+02,3.374291956e-02
7.406779785e+02,9.644991718e-03
7.409111328e+02,1.036618352e-01
7.411442871e+02,3.463349538e-03
7.413774414e+02,2.110023983e-02
7.416105957e+02,3.007584438e-02
7.418438110e+02,-1.242731325e-02
7.420770264e+02,7.549520116e-03
7.423102417e+02,4.736348987e-02
7.425434570e+02,-4.550084844e-02
7.427766724e+02,8.221817017e-02
7.430098877e+02,-2.543670125e-03
7.432431030e+02,1.621080376e-02
7.434763794e+02,-1.522127632e-02
7.437096558e+02,-2.968003228e-02
7.439429321e+02,-3.132148460e-02
7.441762085e+02,2.288139053e-02
7.444094849e+02,3.775924072e-02
7.446427612e+02,2.637384459e-02
7.448760986e+02,1.659497432e-02
7.451094360e+02,3.185699508e-02
7.453427124e+02,4.649037495e-02
7.455760498e+02,1.523291785e-02
7.458093872e+02,5.466271564e-02
7.460427856e+02,7.949405909e-02
7.462761230e+02,7.392359548e-04
7.465095215e+02,-2.248557843e-02
7.467428589e+02,1.442965306e-02
7.469762573e+02,5.403407291e-02
7.472096558e+02,-3.198505193e-02
7.474431152e+02,7.083277404e-02
7.476765137e+02,3.084418364e-02
7.479099121e+02,4.348686710e-02
7.481433716e+02,-3.905727062e-03
7.483768311e+02,9.241613746e-02
7.486102905e+02,2.026204951e-02
7.488437500e+02,-3.603629768e-02
7.490772095e+02,1.139121875e-02
7.493106689e+02,-1.130972803e-02
7.495441895e+02,1.456935145e-02
7.497777100e+02,-1.158912480e-02
7.500112305e+02,-1.815493777e-02
7.502447510e+02,1.746808738e-02
7.504782715e+02,-1.015721820e-02
7.507117920e+02,1.876029558e-02
7.509453125e+02,2.057637088e-02
7.511788940e+02,5.281171575e-02
7.514124756e+02,-1.420846488e-02
7.516460571e+02,4.041350633e-02
7.518796387e+02,-3.016897663e-02
7.521132202e+02,1.209494844e-01
7.523468018e+02,2.578012645e-02
7.525804443e+02,4.711901769e-02
7.528140259e+02,-3.816669434e-02
7.530476685e+02,4.792227969e-02
7.532813110e+02,-1.609439030e-02
7.535149536e+02,-1.880104071e-03
7.537486572e+02,9.147317708e-02
7.539822998e+02,-2.334123012e-03
7.542160034e+02,-1.700242795e-02
7.544496460e+02,-5.080937594e-02
7.546833496e+02,1.083242614e-02
7.549170532e+02,9.035558999e-02
7.551507568e+02,-1.033184119e-02
7.553845215e+02,-1.934237033e-02
7.556182251e+02,-2.954033576e-02
7.558519897e+02,1.435980387e-02
7.560857544e+02,-5.126339570e-02
7.563194580e+02,-4.284658283e-02
7.565532837e+02,-2.838782594e-02
7.567870483e+02,2.026204951e-02
7.570208130e+02,6.765463948e-02
7.572546387e+02,-3.460439295e-02
7.574884033e+02,-3.226444870e-02
7.577222290e+02,3.011076897e-02
7.579560547e+02,4.196764901e-03
7.581898804e+02,5.574537814e-02
7.584237671e+02,-4.137975350e-02
7.586575928e+02,-8.131595328e-03
7.588914795e+02,-1.026199199e-02
7.591253052e+02,2.103039064e-02
7.593591919e+02,-6.139151007e-02
7.595930786e+02,-2.734008990e-02
7.598269653e+02,2.253214456e-02
7.600609131e+02,-2.042503096e-02
7.602947998e+02,-5.098399892e-02
7.605287476e+02,-5.122847110e-02
7.607626953e+02,7.341719419e-02
7.609965820e+02,-1.391160651e-03
7.612305908e+02,-1.267178543e-02
7.614645386e+02,-1.612931304e-02
7.616984863e+02,8.738700300e-02
7.619324951e+02,1.112404615e-01
7.621664429e+02,-7.223557681e-03
7.624004517e+02,-4.228778929e-02
7.626344604e+02,-7.153708488e-03
7.628684692e+02,-1.047153957e-02
7.631025391e+02,-6.100733951e-02
7.633365479e+02,4.020395875e-02
7.635706177e+02,9.060005844e-02
7.638046265e+02,9.555934370e-02
7.640386963e+02,-4.050663859e-02
7.642727661e+02,-3.446469456e-02
7.645068359e+02,-5.966274533e-03
7.647409668e+02,-4.406893998e-02
7.649750366e+02,-3.806192055e-02
7.652091675e+02,2.979644760e-02
7.654432983e+02,-1.312580425e-02
7.656773682e+02,-2.898154221e-02
7.659115601e+02,1.222940721e-02
7.661456909e+02,1.116595566e-01
7.663798218e+02,6.292236969e-03
7.666140137e+02,5.864411220e-02
7.668481445e+02,-2.817827836e-02
7.670823364e+02,3.007584438e-02
7.673165283e+02,5.717728287e-02
7.675507202e+02,7.526819408e-02
7.677849731e+02,-1.431323774e-02
7.680191650e+02,-1.026199199e-02
7.682534180e+02,1.617587917e-02
7.684876099e+02,-2.133306861e-02
7.687218628e+02,-5.800383165e-02
7.689561157e+02,2.923765592e-02
7.691903687e+02,-2.919108979e-02
7.694246826e+02,3.007584438e-02
7.696589355e+02,-6.659526378e-02
7.698932495e+02,-3.366142884e-02
7.701275024e+02,7.631592453e-02
7.703618164e+02,-2.800365537e-02
7.705961304e+02,4.547756538e-02
7.708305054e+02,3.227609023e-02
7.710648193e+02,-4.644380882e-02
7.712991333e+02,-1.455770992e-02
7.715335083e+02,5.593745969e-03
7.717678833e+02,3.475573286e-02
7.720022583e+02,8.522168547e-02
7.722366333e+02,2.759620175e-02
7.724710083e+02,1.034348272e-02
7.727054443e+02,8.532645553e-02
7.729398193e+02,2.166776359e-01
7.731742554e+02,-3.306771442e-02
7.734086914e+02,-1.462755911e-02
7.736431274e+02,2.206066390e-03
7.738775635e+02,-9.004709311e-03
7.741119995e+02,3.580346704e-02
7.743464966e+02,8.599002659e-02
7.745809326e+02,-8.725312538e-03
7.748154297e+02,1.600998789e-01
7.750499268e+02,5.452301726e-02
7.752844238e+02,-2.510491945e-02
7.755189209e+02,7.897019386e-02
7.757534180e+02,1.455188903e-04
7.759879761e+02,-3.387097642e-02
7.762224731e+02,-1.658333279e-02
7.764570312e+02,-1.392906811e-02
7.766915894e+02,-1.050646417e-02
7.769261475e+02,2.136217430e-03
7.771607056e+02,-3.739835322e-02
7.773953247e+02,1.959848404e-02
7.776298828e+02,-1.557052135e-02
7.778645020e+02,8.911577053e-03
7.780991211e+02,1.369623840e-02
7.783337402e+02,-7.747425698e-03
7.785683594e+02,-4.137975350e-02
7.788029785e+02,-4.962194338e-02
7.790376587e+02,1.046397239e-01
7.792722778e+02,-5.046012998e-02
7.795069580e+02,1.205478515e-02
7.797416382e+02,4.610620439e-02
7.799763184e+02,-3.137387335e-03
7.802109985e+02,-8.376067504e-03
7.804456787e+02,-1.565783285e-03
7.806804199e+02,7.666517049e-02
7.809151001e+02,-6.512843817e-02
7.811498413e+02,5.593745969e-03
7.813845825e+02,1.146106794e-02
7.816193237e+02,7.724142633e-03
7.818540649e+02,-2.430165559e-02
7.820888062e+02,2.595474944e-02
7.823236084e+02,-1.647855900e-02
7.825583496e+02,4.020395875e-02
7.827931519e+02,5.244500935e-03
7.830279541e+02,-3.991292045e-02
7.832627563e+02,-1.204314362e-02
7.834975586e+02,-1.378936972e-02
7.837324219e+02,-1.005244534e-02
7.839672241e+02,-8.672925760e-04
7.842020874e+02,-1.127480343e-02
7.844369507e+02,-5.716564134e-02
7.846718140e+02,4.373133555e-02
7.849066772e+02,-1.085570920e-02
7.851415405e+02,2.951705270e-02
7.853764648e+02,-3.137387335e-03
7.856113281e+02,-3.940651659e-03
7.858462524e+02,-2.940063737e-02
7.860811768e+02,9.307970107e-02
7.863161011e+02,-3.907473385e-02
7.865510254e+02,3.447633609e-02
7.867859497e+02,1.155012548e-01
7.870208740e+02,-1.731674746e-02
7.872558594e+02,-3.072776832e-02
7.874908447e+02,1.867123842e-01
7.877258301e+02,8.344053477e-02
7.879608154e+02,3.300950676e-02
7.881958008e+02,2.895825915e-02
7.884307861e+02,-2.089651302e-03
7.886658325e+02,2.075099386e-02
7.889008179e+02,-5.826576613e-03
7.891358643e+02,7.617622614e-02
7.893709106e+02,-9.371416527e-04
7.896059570e+02,1.327888966e-01
7.898410034e+02,1.076257695e-02
7.900760498e+02,3.472080827e-02
7.903111572e+02,-5.472092330e-02
7.905462646e+02,1.188016217e-02
7.907813110e+02,-2.744486369e-02
7.910164185e+02,8.562332019e-03
7.912515259e+02,-1.916774921e-02
7.914866943e+02,-9.633350186e-03
7.917218018e+02,2.885348536e-02
7.919569702e+02,5.438331887e-02
7.921920776e+02,-3.537273034e-02
7.924272461e+02,9.400520474e-03
7.926624146e+02,-4.394670483e-03
7.928975830e+02,1.184523758e-02
7.931327515e+02,7.139156759e-02
7.933679810e+02,-1.951699331e-02
7.936031494e+02,1.680452190e-02
7.938383789e+02,-3.683956340e-02
7.940736084e+02,-4.473250732e-02
7.943088379e+02,9.423221648e-02
7.945440674e+02,-3.820161894e-02
7.947792969e+02,-8.323680377e-04
7.950145874e+02,-3.451708006e-03
7.952498169e+02,-2.252050303e-02
7.954851074e+02,1.163569093e-02
7.957203979e+02,5.663595162e-03
7.959556885e+02,2.235752158e-02
7.961909790e+02,3.080925904e-02
7.964262695e+02,2.590236254e-03
7.966616211e+02,5.965692550e-02
7.968969116e+02,-1.965669170e-02
7.971322632e+02,1.448727846e-01
7.973676147e+02,-1.309087966e-02
7.976029663e+02,7.083277404e-02
7.978383179e+02,-4.197346792e-02
7.980737305e+02,2.155425772e-02
7.983090820e+02,-3.380112723e-02
7.985444946e+02,-3.813176975e-02
7.987798462e+02,6.292236969e-03
7.990152588e+02,-1.350997388e-02
7.992506714e+02,-1.302103046e-02
7.994861450e+02,1.263104030e-03
7.997215576e+02,-3.739835322e-02
7.999570312e+02,-3.062299639e-02
8.001924438e+02,-3.544257954e-02
8.004279175e+02,-5.880709365e-02
8.006633911e+02,3.201415529e-04
8.008988647e+02,-4.096065834e-02
8.011343384e+02,6.730540097e-02
8.013698730e+02,-2.744486369e-02
8.016053467e+02,-7.766634226e-02
8.018408813e+02,-5.559403822e-02
8.020764160e+02,9.849300981e-02
8.023119507e+02,3.510497883e-02
8.025474854e+02,-5.192695931e-02
8.027830200e+02,1.572186127e-02
8.030185547e+02,-4.232271388e-02
8.032541504e+02,2.895825915e-02
8.034897461e+02,-4.150198773e-03
8.037252808e+02,5.675818771e-02
8.039608765e+02,-1.832955889e-02
8.041964722e+02,3.395246714e-02
8.044321289e+02,-2.713054232e-02
8.046677246e+02,4.921448976e-02
8.049033813e+02,-2.369047608e-03
8.051389771e+02,5.908066873e-03
8.053746338e+02,3.765446693e-02
8.056102905e+02,5.103056505e-02
8.058459473e+02,1.806180552e-02
8.060816650e+02,-5.407481920e-03
8.063173218e+02,-3.442976996e-02
8.065530396e+02,-2.133306861e-02
8.067886963e+02,-1.441801153e-02
8.070244141e+02,1.072765235e-02
8.072601318e+02,-3.065791912e-02
8.074958496e+02,-4.193854332e-02
8.077316284e+02,-2.353331447e-02
8.079673462e+02,-6.261386722e-02
8.082031250e+02,-2.849259973e-02
8.084389038e+02,2.550072968e-02
8.086746216e+02,4.467429966e-02
8.089104004e+02,-5.919126421e-02
8.091462402e+02,-3.083254211e-02
8.093820190e+02,8.647896349e-02
8.096177979e+02,-3.624584526e-02
8.098536377e+02,-4.857420549e-02
8.100894775e+02,8.597255684e-03
8.103253174e+02,7.741604932e-04
8.105611572e+02,-4.289896693e-03
8.107969971e+02,3.161252290e-02
8.110328369e+02,4.973835871e-02
8.112687378e+02,-2.800365537e-02
8.115045776e+02,4.476161208e-03
8.117404785e+02,-1.682780497e-02
8.119763794e+02,-3.575690091e-02
8.122122803e+02,9.365595877e-03
8.124481812e+02,-6.002945453e-02
8.126841431e+02,1.272708178e-01
8.129200439e+02,-4.162422195e-02
8.131560059e+02,5.488972645e-03
8.133919678e+02,1.734061390e-01
8.136279297e+02,-6.582692266e-02
8.138638916e+02,8.358023316e-02
8.140998535e+02,9.541964531e-02
8.143358154e+02,-1.501172874e-02
8.145718384e+02,5.399914831e-02
8.148078003e+02,3.498274134e-03
8.150438232e+02,1.781733334e-02
8.152798462e+02,1.214733496e-01
8.155158691e+02,2.071606927e-02
8.157518921e+02,-3.002927825e-02
8.159879761e+02,2.557057887e-02
8.162239990e+02,-4.239256307e-02
8.164600830e+02,-2.887676843e-02
8.166961670e+02,6.466859486e-03
8.169322510e+02,1.238831431e-01
8.171683350e+02,-1.392906811e-02
8.174044189e+02,8.689805865e-02
8.176405029e+02,4.009918496e-02
8.178766479e+02,-2.929586358e-02
8.181127930e+02,2.532610856e-02
8.183488770e+02,-3.785237297e-02
8.185850220e+02,-6.001199130e-03
8.188212280e+02,-2.369047608e-03
8.190573730e+02,-3.435992077e-02
8.192935181e+02,-3.659509122e-02
8.195297241e+02,1.215082705e-01
8.197658691e+02,-5.018073320e-02
8.200020752e+02,2.022712678e-02
8.202382812e+02,-1.619916223e-02
8.204744873e+02,6.032048911e-02
8.207107544e+02,-1.497680414e-02
8.209469604e+02,4.034365714e-02
8.211831665e+02,-1.644363441e-02
8.214194336e+02,-2.098382451e-02
8.216557007e+02,-2.892915625e-03
8.218919678e+02,8.527407423e-03
8.221282349e+02,3.664165735e-02
8.223645020e+02,-1.721197367e-02
8.226008301e+02,7.816692442e-02
8.228370972e+02,-1.703735255e-02
8.230734253e+02,-2.011071146e-02
8.233097534e+02,-4.207824171e-02
8.235460815e+02,-2.189186215e-02
8.237824097e+02,-2.458105050e-02
8.240187378e+02,1.823642664e-02
8.242551270e+02,6.500037760e-02
8.244914551e+02,1.160076633e-02
8.247278442e+02,8.806803264e-03
8.249642334e+02,-1.997101307e-02
8.252006226e+02,4.261375219e-02
8.254370117e+02,1.086909696e-01
8.256734009e+02,-1.839940809e-02
8.259097900e+02,1.425503101e-02
8.261462402e+02,-1.361474767e-02
8.263826904e+02,9.679916315e-03
8.266191406e+02,-6.959877163e-02
8.268555908e+02,-2.217125893e-02
8.270920410e+02,-3.837624192e-02
8.273284912e+02,6.693868781e-04
8.275649414e+02,-6.956385076e-02
8.278014526e+02,-3.013405204e-02
8.280379639e+02,-4.953463096e-03
8.282744751e+02,-1.532604918e-02
8.285109863e+02,6.039033830e-02
8.287474976e+02,4.296299815e-02
8.289840088e+02,-9.563501924e-03
8.292205200e+02,-9.179331362e-03
8.294570923e+02,-3.474409133e-02
8.296936646e+02,1.009901147e-02
8.299301758e+02,1.973818243e-02
8.301667480e+02,1.373116300e-02
8.304033813e+02,-4.965686798e-02
8.306399536e+02,6.571633276e-03
8.308765259e+02,6.713077426e-02
8.311131592e+02,-4.857420549e-02
8.313497925e+02,4.167078808e-02
8.315863647e+02,-2.126322128e-02
8.318229980e+02,-7.625190192e-04
8.320596924e+02,-6.559991743e-03
8.322963257e+02,-5.028550699e-02
8.325329590e+02,-3.516318649e-02
8.327696533e+02,1.236735955e-01
8.330062866e+02,9.575143456e-03
8.332429810e+02,4.544264078e-02
8.334796753e+02,-4.654858261e-02
8.337163696e+02,3.765446693e-02
8.339531250e+02,7.362674177e-02
8.341898193e+02,-1.857403107e-02
8.344265747e+02,1.830627583e-02
8.346632690e+02,2.197335288e-02
8.349000244e+02,-6.320758909e-02
8.351367798e+02,-3.530288488e-02
8.353735352e+02,1.160076633e-02
8.356103516e+02,5.592000112e-02
8.358471069e+02,-4.165914655e-02
8.360839233e+02,-2.538431622e-02
8.363206787e+02,-3.086746670e-02
8.365574951e+02,-3.434245882e-04
8.367943115e+02,-3.582675010e-02
8.370311279e+02,-4.260211065e-02
8.372679443e+02,-5.210158229e-02
8.375048218e+02,-4.878375307e-02
8.377416382e+02,-2.908631600e-02
8.379785156e+02,-4.389431700e-02
8.382153931e+02,-2.035518177e-02
8.384522705e+02,-1.361474767e-02
8.386891479e+02,-3.722373396e-02
8.389260254e+02,-1.426085131e-03
8.391629639e+02,6.590841711e-02
8.393998413e+02,9.936612099e-02
8.396367798e+02,-1.469740830e-02
8.398737183e+02,-8.341142908e-03
8.401106567e+02,3.114104271e-03
8.403475952e+02,-1.675795577e-02
8.405845337e+02,-1.495934208e-03
8.408215332e+02,-5.547180306e-03
8.410584717e+02,3.318412974e-02
8.412954712e+02,-3.621092066e-02
8.415324707e+02,3.856250644e-02
8.417694702e+02,2.555311657e-03
8.420064697e+02,-1.392906811e-02
8.422434692e+02,-1.591976732e-02
8.424804688e+02,-3.488378972e-02
8.427175293e+02,-9.319029748e-03
8.429545288e+02,-5.547180306e-03
8.431915894e+02,-3.009912744e-02
8.434286499e+02,-1.724689826e-02
8.436657104e+02,-2.995942906e-02
8.439028320e+02,-2.325391956e-02
8.441398926e+02,4.022142384e-03
8.443769531e+02,3.063463606e-02
8.446140747e+02,-2.231095731e-02
8.448511963e+02,1.044825651e-02
8.450883179e+02,1.455188903e-04
8.453254395e+02,-3.006420285e-02
8.455625610e+02,-4.494205490e-02
8.457997437e+02,-2.087905072e-02
8.460368652e+02,9.569904208e-02
8.462740479e+02,-7.223557681e-03
8.465112305e+02,-1.633886062e-02
8.467483521e+02,-5.262545124e-02
8.469855957e+02,-1.609439030e-02
8.472227783e+02,1.110309139e-01
8.474599609e+02,6.011094525e-02
8.476972046e+02,3.985471278e-02
8.479343872e+02,-2.398733422e-02
8.481716309e+02,-2.402225882e-02
8.484088745e+02,4.897001758e-02
8.486461182e+02,-4.080349579e-03
8.488833618e+02,4.720632918e-03
8.491206665e+02,-1.651348360e-02
8.493579102e+02,1.205478515e-02
8.495952148e+02,-3.914458305e-02
8.498324585e+02,-5.898171663e-02
8.500697632e+02,1.498844568e-02
8.503070679e+02,-3.278831765e-02
8.505444336e+02,1.596633345e-02
8.507817383e+02,-4.745662212e-02
8.510190430e+02,6.741017103e-02
8.512564087e+02,-5.514001846e-02
8.514937744e+02,-5.112369731e-02
8.517311401e+02,-2.538431622e-02
8.519685059e+02,5.955215171e-02
8.522058716e+02,9.086199105e-03
8.524432373e+02,-4.047171399e-02
8.526806641e+02,9.225897491e-03
8.529180298e+02,-7.118784357e-03
8.531554565e+02,-5.349856615e-02
8.533928833e+02,-2.947048657e-02
8.536303101e+02,6.136822701e-02
8.538677368e+02,-1.068108622e-02
8.541051636e+02,-2.555893734e-02
8.543426514e+02,1.421486735e-01
8.545800781e+02,-4.693275318e-02
8.548175659e+02,-1.710720174e-02
8.550550537e+02,2.522133477e-02
8.552925415e+02,-3.802699596e-02
8.555300293e+02,-2.580340952e-02
8.557675171e+02,1.474397443e-02
8.560050659e+02,1.799195632e-02
8.562425537e+02,-2.063457854e-02
8.564801025e+02,9.559427202e-02
8.567176514e+02,1.994773000e-02
8.569552002e+02,7.865586877e-02
8.571927490e+02,-1.536097378e-02
8.574302979e+02,1.251753569e-01
8.576679077e+02,-1.462755911e-02
8.579054565e+02,1.020378433e-02
8.581430664e+02,1.455188903e-04
8.583806763e+02,-2.437150478e-02
8.586182861e+02,3.761954233e-02
8.588558960e+02,-4.469758272e-02
8.590935059e+02,9.206689149e-02
8.593311157e+02,-2.054726705e-03
8.595687866e+02,-1.337027550e-02
8.598064575e+02,4.156601429e-02
8.600440674e+02,-1.689765416e-02
8.602817383e+02,-2.985465527e-02
8.605194092e+02,-5.349856615e-02
8.607571411e+02,-3.626330756e-03
8.609948120e+02,-3.739835322e-02
8.612324829e+02,2.909795754e-02
8.614702148e+02,-2.758456022e-02
8.617079468e+02,5.986647308e-02
8.619456787e+02,-2.157754079e-02
8.621834106e+02,1.865552180e-02
8.624211426e+02,5.296887830e-04
8.626588745e+02,3.070448525e-02
8.628966675e+02,-2.873707004e-02
8.631343994e+02,9.325432777e-02
8.633721924e+02,-3.628076985e-02
8.636099854e+02,3.021554276e-02
8.638477783e+02,-4.106543213e-02
8.640855713e+02,1.161648184e-01
8.643234253e+02,-9.493652731e-03
8.645612183e+02,7.966868579e-02
8.647990723e+02,5.036699772e-02
8.650368652e+02,2.110023983e-02
8.652747192e+02,2.567535266e-02
8.655125732e+02,-1.078586001e-02
8.657504272e+02,7.025652099e-03
8.659883423e+02,6.018079445e-02
8.662261963e+02,-4.319582880e-02
8.664641113e+02,9.610067122e-03
8.667019653e+02,-2.229349455e-03
8.669398804e+02,4.598397063e-04
8.671777954e+02,-6.027392298e-02
8.674157104e+02,-4.888852686e-02
8.676536865e+02,-3.299786523e-02
8.678916016e+02,3.201415529e-04
8.681295776e+02,-3.966844827e-02
8.683674927e+02,-7.275944808e-04
8.686054688e+02,-3.097224049e-02
8.688434448e+02,7.198528200e-02
8.690814209e+02,-1.001752075e-02
8.693193970e+02,-1.892327704e-02
8.695574341e+02,-1.941221952e-02
8.697954102e+02,1.023870893e-02
8.700334473e+02,-3.841116652e-02
8.702714844e+02,-2.238080464e-02
8.705095215e+02,8.876652457e-03
8.707475586e+02,-1.466248371e-02
8.709855957e+02,-2.342854068e-02
8.712236328e+02,-2.112352289e-02
8.714617310e+02,7.229960710e-02
8.716997681e+02,-4.270688444e-02
8.719378662e+02,-7.887124084e-03
8.721759644e+02,-4.591993988e-02
8.724140625e+02,-2.835290134e-02
8.726521606e+02,-5.238097906e-02
8.728903198e+02,1.416248083e-01
8.731284180e+02,8.387709036e-03
8.733665771e+02,1.533245295e-01
8.736046753e+02,1.016012877e-01
8.738428345e+02,-2.660667337e-02
8.740809937e+02,-5.594328418e-02
8.743191528e+02,1.236910559e-02
8.745573730e+02,-2.823066432e-03
8.747955322e+02,-1.354489848e-02
8.750337524e+02,9.505294263e-03
8.752719116e+02,-2.461597510e-02
8.755101318e+02,1.006408688e-02
8.757483521e+02,-3.275339305e-02
8.759865723e+02,-3.072776832e-02
8.762248535e+02,-5.197934806e-03
8.764630737e+02,-2.157754079e-02
8.767013550e+02,6.639736146e-02
8.769395752e+02,3.009330714e-03
8.771778564e+02,5.920290574e-02
8.774161377e+02,4.580934532e-03
8.776544189e+02,2.113341689e-01
8.778927002e+02,7.624607533e-02
8.781310425e+02,1.198493596e-02
8.783693237e+02,5.396422744e-02
8.786076660e+02,2.550072968e-02
8.788460083e+02,-4.117020592e-02
8.790842896e+02,9.365595877e-03
8.793226318e+02,-9.319029748e-03
8.795610352e+02,2.410374954e-02
8.797993774e+02,3.395246714e-02
8.800377197e+02,3.201415529e-04
8.802761230e+02,2.141455933e-02
8.805145264e+02,-5.122847110e-02
8.807529297e+02,1.338191703e-02
8.809913330e+02,-4.061141238e-02
8.812297363e+02,-3.642046824e-02
8.814681396e+02,-4.270688444e-02
8.817066040e+02,-3.820161894e-02
8.819450073e+02,-7.293406874e-03
8.821834717e+02,3.332382441e-02
8.824219360e+02,-3.432499617e-02
8.826604004e+02,-5.601313338e-02
8.828988647e+02,-2.545416355e-02
8.831373291e+02,5.560567975e-02
8.833757935e+02,-3.093731590e-02
8.836143188e+02,-4.490713030e-02
8.838528442e+02,3.168237209e-02
8.840913086e+02,-3.736343235e-02
8.843298340e+02,1.540753990e-02
8.845683594e+02,5.768368952e-03
8.848069458e+02,3.520975262e-02
8.850454712e+02,-1.323057804e-02
8.852839966e+02,2.904557157e-03
8.855225830e+02,-4.483728111e-02
8.857611694e+02,3.608286381e-02
8.859997559e+02,2.906303294e-02
8.862383423e+02,-4.675813019e-02
8.864769287e+02,-1.784061641e-02
8.867155151e+02,9.657216072e-02
8.869541626e+02,2.735173143e-02
8.871927490e+02,9.367342293e-02
8.874313965e+02,-1.305595506e-02
8.876700439e+02,2.986629680e-02
8.879086914e+02,-4.410386458e-02
8.881473389e+02,1.303267200e-02
8.883859863e+02,5.571045354e-02
8.886246948e+02,1.026839539e-01
8.888633423e+02,5.106548965e-02
8.891020508e+02,-2.192678675e-02
8.893407593e+02,2.543088235e-02
8.895794678e+02,1.276549995e-01
8.898181763e+02,1.139121875e-02
8.900568848e+02,-2.919108979e-02
8.902955933e+02,-1.693257876e-02
8.905343628e+02,-3.935413063e-02
8.907730713e+02,-5.601313338e-02
8.910118408e+02,2.668816410e-02
8.912506104e+02,5.476748943e-02
8.914893799e+02,-2.753217472e-03
8.917281494e+02,2.054144628e-02
8.919669800e+02,-1.874865405e-02
8.922057495e+02,-4.674066789e-03
8.924445801e+02,-4.937747121e-02
8.926833496e+02,4.051828012e-02
8.929221802e+02,4.306777194e-02
8.931610107e+02,1.243895479e-02
8.933998413e+02,7.167096436e-02
8.936387329e+02,-1.644363441e-02
8.938775635e+02,1.467412524e-02
8.941164551e+02,-5.566388741e-02
8.943552856e+02,3.699090332e-02
8.945941772e+02,5.518658459e-02
8.948330688e+02,-5.384781212e-02
8.950719604e+02,1.366131380e-02
8.953108521e+02,3.636226058e-02
8.955498047e+02,6.035541371e-02
8.957886963e+02,-4.057648778e-02
8.960276489e+02,-4.015739262e-02
8.962666016e+02,4.998282716e-02
8.965055542e+02,1.891745604e-03
8.967445068e+02,-2.300944738e-02
8.969834595e+02,-1.670556841e-03
8.972224121e+02,5.773607641e-02
8.974614258e+02,-2.227603272e-02
8.977003784e+02,2.420852333e-02
8.979393921e+02,-2.025040798e-02
8.981784058e+02,4.614112899e-02
8.984174194e+02,1.558216289e-02
8.986564331e+02,-1.302103046e-02
8.988954468e+02,-3.191520274e-02
8.991345215e+02,-4.005261883e-02
8.993735352e+02,3.835295886e-02
8.996126099e+02,-4.518652707e-02
8.998516846e+02,1.100704912e-02
9.000907593e+02,7.016921043e-02
9.003298340e+02,1.394070964e-02
9.005689087e+02,-6.732868403e-02
9.008079834e+02,3.388261795e-02
9.010471191e+02,1.018632203e-03
9.012861938e+02,3.891175240e-02
9.015253296e+02,1.694945842e-01
9.017644653e+02,4.404565692e-02
9.020036011e+02,4.666499794e-02
9.022427368e+02,6.082689855e-03
9.024819336e+02,2.027427405e-01
9.027210693e+02,3.279995918e-02
9.029602661e+02,4.650783725e-03
9.031994019e+02,-9.144406766e-03
9.034385986e+02,1.642035134e-02
9.036777954e+02,1.722361520e-02
9.039169922e+02,5.155443400e-02
9.041561890e+02,4.736348987e-02
9.043954468e+02,-1.420846488e-02
9.046346436e+02,-6.315520033e-03
9.048739014e+02,2.064622007e-02
9.051131592e+02,-6.420293357e-03
9.053524170e+02,-1.598961651e-02
9.055916748e+02,-5.964528397e-02
9.058309326e+02,-3.160088137e-02
9.060701904e+02,-3.191520274e-02
9.063095093e+02,-1.763106883e-02
9.065487671e+02,9.365595877e-03
9.067880859e+02,1.708391868e-02
9.070274048e+02,2.036682330e-02
9.072667236e+02,-1.281148288e-02
9.075060425e+02,1.205478515e-02
9.077454224e+02,-4.708991386e-03
9.079847412e+02,-3.661255352e-03
9.082240601e+02,6.339384615e-02
9.084634399e+02,-2.356823906e-02
9.087028198e+02,8.522168547e-02
9.089421997e+02,-1.591976732e-02
9.091815796e+02,8.752670139e-02
9.094209595e+02,-6.970354915e-02
9.096604004e+02,-2.028533258e-02
9.098997803e+02,-3.715388477e-02
9.101392212e+02,-2.901646681e-02
9.103786011e+02,-4.518652707e-02
9.106180420e+02,5.770115182e-02
9.108574829e+02,2.445299365e-02
9.110969849e+02,-5.032043159e-02
9.113364258e+02,-4.050663859e-02
9.115758667e+02,-5.566388741e-02
9.118153687e+02,3.238086402e-02
9.120548706e+02,4.336462822e-03
9.122943115e+02,3.273010999e-02
9.125338135e+02,1.230798811e-01
9.127733765e+02,-2.962764585e-03
9.130128784e+02,-8.376067504e-03
9.132523804e+02,4.663007334e-02
9.134919434e+02,-2.950541116e-02
9.137314453e+02,-2.650189959e-02
9.139710083e+02,-6.079779193e-02
9.142105713e+02,1.607110724e-02
9.144501343e+02,1.893491857e-02
9.146896973e+02,-1.399891730e-02
9.149293213e+02,-3.352173045e-02
9.151688843e+02,-3.062299639e-02
9.154085083e+02,-1.693257876e-02
9.156480713e+02,-1.130972803e-02
9.158876953e+02,-1.791046560e-02
9.161273193e+02,-5.779428408e-02
9.163669434e+02,1.973818243e-02
9.166066284e+02,-4.162422195e-02
9.168462524e+02,-1.518635172e-02
9.170858765e+02,-2.713054232e-02
9.173255615e+02,1.193254953e-03
9.175652466e+02,-2.727024071e-02
9.178049316e+02,1.945354789e-01
9.180446167e+02,5.445316806e-02
9.182843018e+02,9.077468514e-02
9.185239868e+02,-4.085588455e-02
9.187637329e+02,-4.429595079e-03
9.190034180e+02,-2.321899496e-02
9.192431641e+02,-7.782350294e-03
9.194829102e+02,-1.291625667e-02
9.197226562e+02,-2.824812755e-02
9.199624023e+02,-3.390590101e-02
9.202021484e+02,3.500020504e-02
9.204419556e+02,2.392912656e-02
9.206817017e+02,-3.449961916e-02
9.209215088e+02,1.676959731e-02
9.211613159e+02,2.130978554e-02
9.214011230e+02,-4.953463096e-03
9.216409302e+02,-1.181613421e-03
9.218807373e+02,6.327161565e-03
9.221205444e+02,-2.683368279e-03
9.223604126e+02,6.032048911e-02
9.226002197e+02,-2.356823906e-02
9.228400879e+02,-2.234588005e-02
9.230799561e+02,2.239244618e-02
9.233198242e+02,-2.206648514e-02
9.235596924e+02,1.002916228e-02
9.237995605e+02,-4.913299903e-02
9.240394897e+02,-1.941221952e-02
9.242793579e+02,-3.914458305e-02
9.245192871e+02,4.453460127e-02
9.247592163e+02,-1.948206872e-02
9.249991455e+02,-1.916774921e-02
9.252390747e+02,3.465270400e-01
9.254790039e+02,5.354513228e-02
9.257189331e+02,-3.083254211e-02
9.259589233e+02,-4.190361872e-02
9.261988525e+02,-2.363808826e-02
9.264388428e+02,-2.793380618e-02
9.266788330e+02,-2.150769159e-02
9.269188232e+02,-1.462755911e-02
9.271588135e+02,1.142614335e-02
9.273988037e+02,2.682786249e-02
9.276388550e+02,-6.519828737e-02
9.278788452e+02,4.292807356e-02
9.281188965e+02,4.198510945e-02
9.283589478e+02,2.165903151e-02
9.285989990e+02,1.057573110e-01
9.288390503e+02,-2.866722085e-02
9.290791016e+02,2.389420196e-02
9.293191528e+02,5.340718031e-01
9.295592651e+02,-2.334123012e-03
9.297993164e+02,3.534944728e-02
9.300394287e+02,2.001757920e-02
9.302795410e+02,-2.363808826e-02
9.305196533e+02,-2.269512601e-02
9.307597656e+02,-2.468582429e-02
9.309998779e+02,2.144948393e-02
9.312400513e+02,-7.518669963e-02
9.314801636e+02,9.365595877e-03
9.317203369e+02,-3.509333730e-02
9.319605103e+02,3.493035585e-02
9.322006836e+02,1.474397443e-02
9.324408569e+02,1.104197372e-02
9.326810303e+02,9.339402616e-02
9.329212036e+02,-4.277673364e-02
9.331614380e+02,4.628082737e-02
9.334016113e+02,1.722361520e-02
9.336418457e+02,2.532610856e-02
9.338820801e+02,-5.325409397e-02
9.341223145e+02,1.467412524e-02
9.343625488e+02,-4.497697949e-02
9.346027832e+02,-1.836448349e-02
9.348430176e+02,-1.137957722e-02
9.350833130e+02,6.901670247e-02
9.353236084e+02,3.391754255e-02
9.355638428e+02,-5.512255710e-03
9.358041382e+02,-2.007578686e-02
9.360444336e+02,-3.743327782e-02
9.362847290e+02,3.671150655e-02
9.365250854e+02,4.107707366e-02
9.367653809e+02,-4.193854332e-02
9.370057373e+02,2.543088235e-02
9.372460327e+02,-1.588484272e-02
9.374863892e+02,2.232259884e-02
9.377267456e+02,-5.477331113e-03
9.379671021e+02,1.044825651e-02
9.382075195e+02,4.554741457e-02
9.384478760e+02,-1.253208704e-02
9.386882324e+02,-2.279989980e-02
9.389286499e+02,-3.219459951e-02
9.391690674e+02,1.966833323e-02
9.394094849e+02,3.105373122e-02
9.396499023e+02,5.581522733e-02
9.398903198e+02,2.026204951e-02
9.401307373e+02,8.378978074e-02
9.403712158e+02,-3.907473385e-02
9.406116333e+02,1.659497432e-02
9.408521118e+02,-5.388273671e-02
9.410925903e+02,-1.742152125e-02
9.413330078e+02,4.739841446e-02
9.415735474e+02,-2.073935233e-02
9.418140259e+02,1.889999397e-02
9.420545044e+02,-2.133306861e-02
9.422950439e+02,6.639736146e-02
9.425355225e+02,3.899906296e-04
9.427760620e+02,-4.742169753e-02
9.430166016e+02,1.051810570e-02
9.432571411e+02,2.480223961e-02
9.434976807e+02,-1.340520009e-02
9.437382202e+02,-4.609456286e-02
9.439787598e+02,1.289297361e-02
9.442193604e+02,-3.952874988e-02
9.444599609e+02,3.201415529e-04
9.447005005e+02,-1.047153957e-02
9.449411011e+02,-3.551242873e-02
9.451817017e+02,-1.026199199e-02
9.454223022e+02,-4.256718606e-02
9.456629639e+02,2.078591846e-02
9.459035645e+02,-1.853910647e-02
9.461442261e+02,2.852170146e-04
9.463848267e+02,-4.515160248e-02
9.466254883e+02,2.672308870e-02
9.468661499e+02,1.289471984e-01
9.471068115e+02,-5.529717891e-04
9.473475342e+02,1.088481280e-03
9.475881958e+02,-4.738677293e-02
9.478288574e+02,-3.198505193e-02
9.480695801e+02,-5.157771707e-02
9.483103027e+02,-1.843433268e-02
9.485510254e+02,4.980820790e-02
9.487917480e+02,1.949371025e-02
9.490324707e+02,2.588490024e-02
9.492731934e+02,-5.080937594e-02
9.495139160e+02,-8.760237135e-03
9.497546997e+02,2.389420196e-02
9.499954834e+02,-2.884184383e-02
9.502362061e+02,1.088655964e-01
9.504769897e+02,-1.609439030e-02
9.507177734e+02,3.370799497e-02
9.509585571e+02,5.770115182e-02
9.511994019e+02,9.854539298e-03
9.514401855e+02,3.220624104e-02
9.516810303e+02,2.368465438e-02
9.519218140e+02,2.857408859e-02
9.521626587e+02,-2.775918320e-02
9.524035034e+02,-7.048935164e-03
9.526443481e+02,1.370496899e-01
9.528852539e+02,-2.108859830e-02
9.531260986e+02,-5.856262147e-02
9.533669434e+02,-2.356823906e-02
9.536078491e+02,3.637972288e-03
9.538487549e+02,5.623431876e-02
9.540896606e+02,-6.795731932e-02
9.543305664e+02,2.909795754e-02
9.545714722e+02,-4.022724181e-02
9.548123779e+02,5.434839427e-02
9.550532837e+02,3.922607377e-02
9.552942505e+02,-4.658350721e-02
9.555352173e+02,5.200845003e-02
9.557761230e+02,4.460445046e-02
9.560170898e+02,-3.312009852e-03
9.562580566e+02,-3.432499617e-02
9.564990845e+02,-2.255542763e-02
9.567400513e+02,4.893509299e-02
9.569810181e+02,3.520975262e-02
9.572220459e+02,-6.072794273e-02
9.574630737e+02,-1.665318199e-02
9.577040405e+02,-3.783491265e-04
9.579450684e+02,5.592000112e-02
9.581860962e+02,-5.580358580e-02
9.584271851e+02,-1.490695495e-02
9.586682129e+02,7.043114165e-04
9.589092407e+02,7.261392474e-02
9.591503296e+02,-3.556481795e-03
9.593914185e+02,4.650783725e-03
9.596325073e+02,1.347796023e-01
9.598735962e+02,-1.564037055e-02
9.601146851e+02,-2.314914577e-02
9.603557739e+02,9.714840911e-03
9.605968628e+02,2.110023983e-02
9.608380127e+02,2.288139053e-02
9.610791626e+02,-3.760790080e-02
9.613202515e+02,1.865552180e-02
9.615614014e+02,-3.767774999e-02
9.618025513e+02,-3.369635344e-02
9.620437012e+02,-2.590818331e-02
9.622849121e+02,8.497720957e-02
9.625260620e+02,9.295746684e-03
9.627672729e+02,-2.618758008e-02
9.630084229e+02,-5.388273671e-02
9.632496338e+02,-1.340520009e-02
9.634908447e+02,-2.845767513e-02
9.637320557e+02,-5.695609376e-02
9.639732666e+02,-1.190344524e-02
9.642145386e+02,-8.672925760e-04
9.644557495e+02,1.100879535e-01
9.646970215e+02,1.404548343e-02
9.649382324e+02,-2.580340952e-02
9.651795044e+02,-7.852199487e-03
9.654207764e+02,4.474414885e-02
9.656620483e+02,-1.111764344e-03
9.659033203e+02,-4.057648778e-02
9.661446533e+02,5.588507652e-02
9.663859253e+02,-2.594310790e-02
9.666272583e+02,-4.054156318e-02
9.668685913e+02,-1.389414351e-02
9.671099243e+02,-1.508157793e-02
9.673512573e+02,2.682786249e-02
9.675925903e+02,7.444746327e-03
9.678339233e+02,-2.569863573e-02
9.680752563e+02,5.005267635e-02
9.683166504e+02,4.236928001e-02
9.685579834e+02,-3.783491265e-04
9.687993774e+02,3.318412974e-02
9.690407715e+02,-3.708403558e-02
9.692821655e+02,-4.151945189e-02
9.695235596e+02,3.894667700e-02
9.697650146e+02,2.309093811e-02
9.700064087e+02,-3.481394053e-02
9.702478638e+02,-1.006990671e-03
9.704892578e+02,-4.141467810e-02
9.707307129e+02,-4.679305479e-02
9.709721680e+02,1.907461695e-02
9.712136230e+02,-1.396399271e-02
9.714550781e+02,-1.525620092e-02
9.716965942e+02,-1.871372946e-02
9.719380493e+02,9.800406545e-02
9.721795654e+02,-3.973829746e-02
9.724210205e+02,-5.039028078e-02
9.726625366e+02,4.160093889e-02
9.729040527e+02,-3.879533708e-02
9.731455688e+02,2.727664411e-01
9.733870850e+02,-1.267178543e-02
9.736286621e+02,-5.555911362e-02
9.738701782e+02,1.722361520e-02
9.741117554e+02,4.720632918e-03
9.743533325e+02,1.572186127e-02
9.745948486e+02,-5.440660194e-02
9.748364258e+02,2.345764544e-03
9.750780029e+02,-3.767774999e-02
9.753196411e+02,-4.092573375e-02
9.755612183e+02,-3.575690091e-02
9.758028564e+02,-4.045424983e-03
9.760444336e+02,2.651354112e-02
9.762860718e+02,-3.642046824e-02
9.765277100e+02,1.430916339e-01
9.767693481e+02,-9.214255959e-03
9.770109863e+02,5.749160424e-02
9.772526245e+02,-4.742169753e-02
9.774943237e+02,-1.123987883e-02
9.777359619e+02,-1.906297542e-02
9.779776611e+02,1.320729498e-02
9.782193604e+02,-2.765440941e-02
9.784610596e+02,6.461621076e-02
9.787027588e+02,-3.921443224e-02
9.789444580e+02,-1.064616162e-02
9.791861572e+02,-5.594328418e-02
9.794278564e+02,-3.900488466e-02
9.796696167e+02,8.050686866e-02
9.799113770e+02,5.651371554e-02
9.801530762e+02,-1.371952146e-02
9.803948364e+02,2.101292834e-03
9.806365967e+02,2.190350369e-02
9.808784180e+02,3.149028867e-03
9.811201782e+02,-7.118784357e-03
9.813619385e+02,-1.591976732e-02
9.816037598e+02,-1.675795577e-02
9.818455811e+02,-4.815511033e-02
9.820873413e+02,-3.921443224e-02
9.823291626e+02,7.460462302e-02
9.825709839e+02,-1.591976732e-02
9.828128662e+02,3.744491935e-02
9.830546875e+02,-3.603629768e-02
9.832965088e+02,4.408058152e-02
9.835383911e+02,5.214814842e-02
9.837802734e+02,-4.392924160e-02
9.840221558e+02,-6.219477579e-02
9.842639771e+02,-4.686290398e-02
9.845059204e+02,-1.389414351e-02
9.847478027e+02,-1.672303118e-02
9.849896851e+02,7.689218037e-03
9.852316284e+02,-6.222970039e-02
9.854735107e+02,5.768368952e-03
9.857154541e+02,1.190635562e-01
9.859573975e+02,-3.408052400e-02
9.861993408e+02,-2.648443915e-03
9.864412842e+02,1.402802067e-03
9.866832275e+02,1.542500220e-03
9.869251709e+02,-3.055314720e-02
9.871671753e+02,-3.767774999e-02
9.874091797e+02,4.083260149e-02
9.876511230e+02,-7.642652374e-03
9.878931274e+02,-2.150769159e-02
9.881351318e+02,-4.057648778e-02
9.883771362e+02,-2.386509877e-04
9.886192017e+02,5.034953821e-03
9.888612061e+02,-1.041915268e-03
9.891032104e+02,-4.674066789e-03
9.893452759e+02,-9.458728135e-03
9.895873413e+02,-5.721802823e-03
9.898294067e+02,-6.245670840e-03
9.900714722e+02,7.549520116e-03
9.903135376e+02,3.552407026e-02
9.905556030e+02,-2.122829668e-02
9.907977295e+02,-1.047153957e-02
9.910397949e+02,4.153109342e-02
9.912819214e+02,2.295123972e-02
9.915239868e+02,-2.552401274e-02
9.917661133e+02,-5.901664123e-02
9.920082397e+02,4.406312015e-03
9.922504272e+02,9.365595877e-03
9.924925537e+02,-2.388256043e-02
9.927346802e+02,-4.874882847e-02
9.929768677e+02,-1.413861569e-02
9.932189941e+02,-8.865010925e-03
9.934611816e+02,-1.249716245e-02
9.937033691e+02,-4.124005511e-02
9.939455566e+02,5.679311231e-02
9.941877441e+02,1.394070964e-02
9.944299927e+02,4.879539460e-02
9.946721802e+02,-2.650189959e-02
9.949143677e+02,4.057066515e-03
9.951566162e+02,-1.110018138e-02
9.953988647e+02,6.122852862e-02
9.956411133e+02,-4.571039230e-02
9.958833618e+02,-1.368459687e-02
9.961256104e+02,-8.515765890e-03
9.963678589e+02,-2.786395699e-02
9.966101685e+02,-7.398180664e-03
9.968524170e+02,-7.607727777e-03
9.970947266e+02,3.894667700e-02
9.973370361e+02,3.772431612e-02
9.975793457e+02,-1.354489848e-02
9.978216553e+02,8.997142315e-02
9.980639648e+02,2.197335288e-02
9.983062744e+02,-6.373145431e-02
9.985486450e+02,-4.689782858e-02
9.987909546e+02,-2.388256043e-02
9.990333252e+02,-2.702576853e-02
9.992756958e+02,-5.555911362e-02
9.995180664e+02,-4.934254661e-02
9.997604370e+02,1.337318569e-01
1.000002808e+03,-3.058807179e-02
1.000245178e+03,-2.325391956e-02
1.000487610e+03,1.348669082e-02
1.000729980e+03,1.079750154e-02
1.000972412e+03,5.033207312e-02
1.001214844e+03,-5.276514962e-02
1.001457275e+03,-2.241572924e-02
1.001699707e+03,-1.574514434e-02
1.001942139e+03,-1.902805082e-02
1.002184570e+03,-1.445293613e-02
1.002427063e+03,-1.406876650e-02
1.002669495e+03,5.593745969e-03
1.002911987e+03,-1.738659665e-02
1.003154480e+03,-4.150198773e-03
1.003396973e+03,9.819614701e-03
1.003639465e+03,4.205495864e-02
1.003881958e+03,-2.049488015e-02
1.004124451e+03,4.196764901e-03
1.004367004e+03,-2.124575898e-03
1.004609497e+03,2.843439206e-02
1.004852051e+03,-3.799207136e-02
1.005094604e+03,-4.155437276e-02
1.005337158e+03,-1.497680414e-02
1.005579712e+03,-4.113528132e-02
1.005822266e+03,3.917368595e-03
1.006064819e+03,1.804434287e-04
1.006307434e+03,3.891175240e-02
1.006549988e+03,4.628082737e-02
1.006792603e+03,1.149599254e-02
1.007035217e+03,2.406882495e-02
1.007277832e+03,-2.189186215e-02
1.007520447e+03,5.773607641e-02
1.007763062e+03,5.700265989e-02
1.008005676e+03,-2.105367370e-02
1.008248352e+03,-4.766616970e-02
1.008490967e+03,-4.429595079e-03
1.008733643e+03,-2.203156054e-02
1.008976318e+03,-2.231095731e-02
1.009218994e+03,4.659514874e-02
1.009461670e+03,1.649020053e-02
1.009704346e+03,8.815534413e-02
1.009947021e+03,1.128644496e-02
1.010189758e+03,1.360019594e-01
1.010432434e+03,-5.407481920e-03
1.010675171e+03,-1.330042630e-02
1.010917908e+03,-1.661825739e-02
1.011160645e+03,-4.766616970e-02
1.011403381e+03,-2.473821165e-03
1.011646118e+03,-3.610614687e-02
1.011888855e+03,-2.538431622e-02
1.012131653e+03,-1.155420020e-02
1.012374390e+03,2.874871157e-02
1.012617188e+03,4.965104628e-03
1.012859985e+03,-4.330060259e-02
1.013102783e+03,-7.433104794e-03
1.013345581e+03,4.753811285e-02
1.013588379e+03,-3.067538142e-03
1.013831177e+03,2.695009811e-03
1.014074036e+03,2.228767425e-02
1.014316833e+03,-1.682780497e-02
1.014559692e+03,2.520387294e-03
1.014802551e+03,4.491877183e-02
1.015045349e+03,-3.156595677e-02
1.015288269e+03,3.164744750e-02
1.015531128e+03,2.480223961e-02
1.015773987e+03,-1.726261526e-01
1.016016846e+03,-1.741628349e-01
1.016259766e+03,-1.763630807e-01
1.016502686e+03,-1.765726209e-01
1.016745544e+03,-1.795062870e-01
1.016988464e+03,-1.794713587e-01
