1.933779755e+02,1.420450630e-03
1.935834351e+02,-1.654102467e-02
1.937889099e+02,9.992229752e-03
1.939943848e+02,-1.526507363e-02
1.941998901e+02,4.790272098e-03
1.944053955e+02,-2.963589039e-03
1.946109161e+02,9.174311534e-03
1.948164520e+02,2.630969044e-03
1.950220032e+02,1.640470512e-02
1.952275696e+02,-1.483975630e-02
1.954331360e+02,2.320978232e-02
1.956387177e+02,3.943727165e-02
1.958443298e+02,2.137764543e-02
1.960499420e+02,-3.519773250e-03
1.962555695e+02,1.166078262e-02
1.964611969e+02,2.690677159e-02
1.966668549e+02,3.972354345e-03
1.968725128e+02,2.546723559e-02
1.970782013e+02,6.393391173e-03
1.972838898e+02,2.936052531e-02
1.974895935e+02,1.388551854e-02
1.976953125e+02,1.777880825e-02
1.979010315e+02,-1.274588611e-02
1.981067810e+02,-6.398844067e-03
1.983125305e+02,1.434355322e-02
1.985182953e+02,-6.079855957e-04
1.987240906e+02,4.634867946e-05
1.989298706e+02,-7.609362248e-03
1.991356812e+02,-1.019398309e-02
1.993415070e+02,-4.959308542e-03
1.995473328e+02,-1.974726282e-02
1.997531891e+02,-1.320392080e-02
1.999590454e+02,-9.016181342e-03
2.001649170e+02,7.211308926e-03
2.003708038e+02,-1.709720865e-02
2.005766907e+02,4.038605839e-02
2.007826080e+02,1.519418694e-02
2.009885254e+02,-5.122892093e-03
2.011944733e+02,-5.425521522e-04
2.014004211e+02,1.714901067e-03
2.016063843e+02,-3.356189700e-03
2.018123627e+02,-2.105593123e-02
2.020183411e+02,-2.963589039e-03
2.022243500e+02,3.115994297e-02
2.024303589e+02,2.434668830e-03
2.026363831e+02,2.324249968e-02
2.028424225e+02,2.978584170e-02
2.030484772e+02,1.319846790e-02
2.032545471e+02,8.164183050e-02
2.034606171e+02,3.481603693e-03
2.036667175e+02,1.051569730e-02
2.038728180e+02,7.244025823e-03
2.040789337e+02,2.386411652e-02
2.042850647e+02,2.099322446e-04
2.044912109e+02,-2.636421937e-03
2.046973724e+02,-9.277914651e-03
2.049035339e+02,-7.805662695e-03
2.051097107e+02,2.052701265e-02
2.053159180e+02,6.714832783e-02
2.055221252e+02,6.587237865e-02
2.057283478e+02,-7.184044924e-03
2.059345703e+02,3.579753917e-03
2.061408234e+02,-1.068473328e-02
2.063470764e+02,1.061384752e-02
2.065533600e+02,-1.196886413e-03
2.067596436e+02,-9.081614204e-03
2.069659424e+02,1.797510870e-02
2.071722412e+02,7.374892477e-03
2.073785706e+02,2.756110579e-02
2.075848999e+02,-5.613642745e-03
2.077912598e+02,-1.595212519e-02
2.079976196e+02,1.967637800e-02
2.082039948e+02,-1.066019642e-03
2.084103851e+02,2.238368616e-03
2.086167908e+02,1.257685013e-02
2.088231964e+02,4.389492387e-04
2.090296173e+02,-1.863489486e-02
2.092360687e+02,7.505759597e-03
2.094425201e+02,1.191433636e-03
2.096489868e+02,2.238368616e-03
2.098554535e+02,4.110582545e-02
2.100619507e+02,6.327957846e-03
2.102684479e+02,-1.497062296e-02
2.104749756e+02,6.982292049e-03
2.106815033e+02,1.087558083e-02
2.108880463e+02,7.374892477e-03
2.110946045e+02,2.451845072e-02
2.113011627e+02,-3.462518798e-04
2.115077515e+02,-1.826683147e-04
2.117143402e+02,1.943918061e-03
2.119209442e+02,-1.589487074e-03
2.121275635e+02,8.716277778e-03
2.123341980e+02,4.247992858e-02
2.125408478e+02,1.260956656e-02
2.127475128e+02,8.650844917e-03
2.129541779e+02,1.768065803e-02
2.131608582e+02,-9.048897773e-03
2.133675537e+02,-9.572365321e-03
2.135742645e+02,1.714901067e-03
2.137809906e+02,-1.464345586e-02
2.139877319e+02,-7.805662695e-03
2.141944733e+02,2.294804901e-02
2.144012299e+02,-2.023801394e-02
2.146080017e+02,-3.127172589e-03
2.148147888e+02,-1.336750388e-02
2.150215912e+02,-7.805662695e-03
2.152284088e+02,-1.290947013e-02
2.154352264e+02,1.126000192e-03
2.156420746e+02,6.655124947e-03
2.158489227e+02,-2.099049836e-02
2.160557861e+02,-8.370025898e-04
2.162626648e+02,6.884141825e-03
2.164695435e+02,3.148711100e-02
2.166764526e+02,1.182436571e-02
2.168833618e+02,-5.875376519e-03
2.170902863e+02,-7.740229368e-03
2.172972412e+02,3.485693410e-02
2.175041809e+02,2.075602859e-02
2.177111511e+02,4.614419863e-02
2.179181366e+02,-3.388906363e-03
2.181251221e+02,1.506332029e-02
2.183321228e+02,-4.959308542e-03
2.185391388e+02,-1.294218656e-02
2.187461700e+02,-6.889594719e-03
2.189532166e+02,-1.078288350e-02
2.191602783e+02,-5.253759213e-03
2.193673401e+02,-2.603705274e-03
2.195744171e+02,9.828646667e-03
2.197815247e+02,-7.715691463e-04
2.199886322e+02,8.127377369e-03
2.201957397e+02,8.421827108e-03
2.204028778e+02,-1.598484069e-02
2.206100159e+02,-5.098354886e-04
2.208171844e+02,-1.408727188e-02
2.210243530e+02,-9.506931528e-03
2.212315369e+02,-4.010523669e-03
2.214387360e+02,2.206469700e-02
2.216459351e+02,-1.578854024e-02
2.218531647e+02,-6.137110293e-03
2.220603943e+02,2.500102157e-03
2.222676392e+02,4.062325461e-04
2.224748993e+02,2.533636801e-02
2.226821747e+02,3.639461845e-02
2.228894653e+02,4.070504569e-03
2.230967712e+02,-1.359652076e-02
2.233040771e+02,2.945867553e-02
2.235113983e+02,-1.295036636e-03
2.237187347e+02,-3.945090342e-03
2.239260864e+02,2.962225862e-02
2.241334534e+02,-1.228785235e-02
2.243408203e+02,-1.627929136e-02
2.245482178e+02,1.905475929e-02
2.247556152e+02,2.177024633e-02
2.249630280e+02,-8.918031119e-03
2.251704559e+02,1.630655490e-02
2.253778839e+02,3.289392963e-02
2.255853424e+02,2.442030050e-02
2.257928009e+02,-1.784969307e-02
2.260002899e+02,1.780334511e-03
2.262077789e+02,-5.384625867e-03
2.264152832e+02,5.608190317e-03
2.266227875e+02,-1.081560086e-02
2.268303223e+02,1.355835143e-02
2.270378571e+02,-2.996305702e-03
2.272454224e+02,1.853129268e-02
2.274529877e+02,-1.094646752e-02
2.276605682e+02,-2.347696945e-02
2.278681488e+02,-2.538271714e-03
2.280757599e+02,4.626688547e-03
2.282833710e+02,2.467385493e-03
2.284910126e+02,-1.807871088e-02
2.286986542e+02,-9.310632013e-03
2.289063110e+02,1.486701984e-02
2.291139679e+02,-3.029022366e-03
2.293216553e+02,1.597938873e-02
2.295293427e+02,1.031939685e-02
2.297370605e+02,5.023378879e-02
2.299447784e+02,1.807325892e-02
2.301525116e+02,-2.102321573e-02
2.303602448e+02,8.029227145e-03
2.305680084e+02,-7.642079145e-03
2.307757721e+02,1.976634841e-03
2.309835663e+02,2.074785065e-03
2.311913605e+02,6.089943647e-02
2.313991699e+02,7.767493371e-03
2.316069794e+02,-1.425085496e-02
2.318148193e+02,2.353695035e-02
2.320226746e+02,1.280586701e-02
2.322305298e+02,4.781275243e-02
2.324384003e+02,-1.307305414e-02
2.326462860e+02,2.046157792e-02
2.328541870e+02,-1.719535887e-02
2.330620880e+02,-4.795724992e-03
2.332700195e+02,-1.104461774e-02
2.334779510e+02,-3.356189700e-03
2.336858978e+02,2.906607464e-02
2.338938599e+02,-6.693294272e-03
2.341018372e+02,-7.184044924e-03
2.343098145e+02,-2.730482444e-02
2.345178223e+02,3.479149938e-02
2.347258301e+02,9.624166996e-04
2.349338531e+02,-7.445778698e-03
2.351418915e+02,2.314434946e-02
2.353499298e+02,1.149719860e-02
2.355579987e+02,-1.948552951e-02
2.357660675e+02,-2.795915864e-02
2.359741669e+02,-7.249478716e-03
2.361822662e+02,1.558678783e-02
2.363903809e+02,2.723393776e-02
2.365984955e+02,-1.235328615e-02
2.368066406e+02,-1.268045325e-02
2.370147858e+02,-1.720353845e-03
2.372229462e+02,3.972354345e-03
2.374311371e+02,8.552694693e-03
2.376393127e+02,2.546723559e-02
2.378475189e+02,3.383453470e-03
2.380557404e+02,8.519977331e-03
2.382639618e+02,1.879302599e-02
2.384721985e+02,-6.856877822e-03
2.386804504e+02,1.071199775e-02
2.388887177e+02,4.944858700e-02
2.390970001e+02,7.035456598e-02
2.393052826e+02,-8.067396469e-03
2.395135956e+02,1.224150416e-03
2.397219086e+02,2.487833425e-02
2.399302368e+02,2.484561875e-02
2.401385803e+02,-2.180841565e-02
2.403469238e+02,3.515138477e-02
2.405552979e+02,1.015581377e-02
2.407636719e+02,-1.942009665e-02
2.409720612e+02,-7.642079145e-03
2.411804657e+02,-1.225513592e-02
2.413888855e+02,-3.617923241e-03
2.415973206e+02,-2.407404827e-03
2.418057556e+02,-9.310632013e-03
2.420142059e+02,1.522690430e-02
2.422226715e+02,8.007143438e-02
2.424311523e+02,-1.304033678e-02
2.426396484e+02,-8.042858681e-04
2.428481598e+02,6.327957846e-03
2.430566711e+02,-7.871096022e-03
2.432651978e+02,-9.703231975e-03
2.434737549e+02,2.271085279e-03
2.436822968e+02,-1.775154471e-02
2.438908691e+02,-1.389097143e-02
2.440994568e+02,6.066224072e-03
2.443080444e+02,-1.627929136e-02
2.445166473e+02,3.397358209e-02
2.447252655e+02,1.938192733e-02
2.449338989e+02,-5.777226295e-03
2.451425476e+02,-2.030344680e-02
2.453511963e+02,-1.202611905e-02
2.455598755e+02,3.285303479e-03
2.457685547e+02,4.830350354e-02
2.459772491e+02,-2.027073130e-02
2.461859589e+02,-2.832722152e-03
2.463946686e+02,2.641602047e-02
2.466034088e+02,-8.042858681e-04
2.468121490e+02,-3.011846170e-02
2.470209045e+02,2.892702818e-03
2.472296753e+02,1.630655490e-02
2.474384613e+02,-1.065201685e-02
2.476472626e+02,4.888422322e-03
2.478560638e+02,9.566912428e-03
2.480648804e+02,5.043826532e-04
2.482737122e+02,8.225527592e-03
2.484825592e+02,-1.385825500e-02
2.486914215e+02,2.729119267e-03
2.489002991e+02,-9.351527551e-04
2.491091766e+02,-1.434900519e-02
2.493180695e+02,1.251141634e-02
2.495269775e+02,7.898360491e-03
2.497359009e+02,-5.744509865e-03
2.499448395e+02,6.556974724e-03
2.501537781e+02,-2.292078547e-02
2.503627472e+02,1.460528653e-02
2.505717163e+02,1.823684201e-02
2.507807007e+02,-2.786100842e-02
2.509897003e+02,1.616750960e-03
2.511987000e+02,3.848848864e-02
2.514077301e+02,-5.417342763e-03
2.516167603e+02,2.805185691e-02
2.518258057e+02,-1.856946200e-02
2.520348663e+02,2.779012173e-02
2.522439423e+02,-8.370025898e-04
2.524530182e+02,3.514320357e-03
2.526621246e+02,-1.569039002e-02
2.528712311e+02,1.421268564e-02
2.530803528e+02,3.776054131e-03
2.532894897e+02,-8.950747550e-03
2.534986420e+02,-1.847131178e-02
2.537077942e+02,-6.464277394e-03
2.539169617e+02,4.790272098e-03
2.541261444e+02,1.967637800e-02
2.543353424e+02,6.556974724e-03
2.545445557e+02,4.620963335e-02
2.547537842e+02,1.420450630e-03
2.549630127e+02,2.199926414e-02
2.551722717e+02,-1.788241044e-02
2.553815308e+02,1.365650166e-02
2.555908051e+02,-8.329129778e-03
2.558000793e+02,-1.716264337e-02
2.560093689e+02,3.612470580e-03
2.562186890e+02,1.532505453e-02
2.564280090e+02,2.039614506e-02
2.566373596e+02,-1.916654175e-03
2.568467102e+02,-1.300762035e-02
2.570560608e+02,-8.001962677e-03
2.572654419e+02,2.363509871e-02
2.574748230e+02,-2.033616416e-02
2.576842041e+02,-7.772945799e-03
2.578936157e+02,-2.701855265e-03
2.581030579e+02,2.761835931e-03
2.583125000e+02,-5.425521522e-04
2.585219421e+02,-1.225513592e-02
2.587313843e+02,2.761835931e-03
2.589408569e+02,1.018853020e-02
2.591503601e+02,-8.394563571e-03
2.593598633e+02,-2.832722152e-03
2.595693665e+02,2.543451823e-02
2.597789001e+02,1.179164927e-02
2.599884338e+02,-2.701037377e-02
2.601979675e+02,-6.407023175e-04
2.604075317e+02,7.309459150e-03
2.606170959e+02,-2.145671286e-03
2.608266907e+02,-1.536322385e-02
2.610362854e+02,-1.981269754e-02
2.612459106e+02,1.136633195e-02
2.614555359e+02,-3.127172589e-03
2.616651611e+02,-6.922311615e-03
2.618748169e+02,-1.451258920e-02
2.620844727e+02,5.542756524e-03
2.622941284e+02,1.005766355e-02
2.625038147e+02,-1.513420697e-02
2.627135315e+02,-1.131453086e-03
2.629232483e+02,1.647013985e-02
2.631329651e+02,-1.641015895e-02
2.633426819e+02,-2.154668234e-02
2.635524292e+02,7.244025823e-03
2.637622070e+02,-1.657374203e-02
2.639719849e+02,3.710620571e-03
2.641817627e+02,-5.842660088e-03
2.643915710e+02,-4.959308542e-03
2.646013794e+02,8.969832561e-04
2.648111877e+02,-7.969246246e-03
2.650210266e+02,-1.500333939e-02
2.652308655e+02,2.140218392e-03
2.654407349e+02,8.552694693e-03
2.656506042e+02,1.378736831e-02
2.658605042e+02,-4.403124563e-03
2.660704041e+02,2.239186503e-02
2.662803040e+02,1.231511682e-02
2.664902344e+02,-1.637744159e-02
2.667001648e+02,5.160789192e-02
2.669101257e+02,-7.380345371e-03
2.671200867e+02,1.387733966e-03
2.673300476e+02,1.198794972e-02
2.675400391e+02,-2.440121491e-03
2.677500305e+02,1.845767954e-03
2.679600525e+02,-2.701855265e-03
2.681700745e+02,5.301471055e-02
2.683800964e+02,-1.164169749e-03
2.685901489e+02,-2.851534262e-02
2.688002014e+02,3.341739625e-02
2.690102844e+02,-2.800005488e-03
2.692203674e+02,-1.451258920e-02
2.694304504e+02,7.333996473e-04
2.696405640e+02,2.363509871e-02
2.698506775e+02,-3.487056354e-03
2.700608215e+02,-2.027073130e-02
2.702709656e+02,-2.193928324e-02
2.704811401e+02,1.117003150e-02
2.706913147e+02,-2.481017436e-04
2.709014893e+02,7.407609373e-03
2.711116943e+02,-4.043240566e-03
2.713218994e+02,6.851425394e-03
2.715321045e+02,6.164374296e-03
2.717423401e+02,-1.589487074e-03
2.719526062e+02,2.415856719e-02
2.721628418e+02,-1.650830917e-02
2.723731384e+02,-3.748790128e-03
2.725834045e+02,-1.906021312e-02
2.727937012e+02,-9.506931528e-03
2.730039978e+02,3.675450012e-02
2.732143250e+02,1.561950427e-02
2.734246521e+02,3.300925493e-01
2.736350098e+02,-1.748980954e-02
2.738453674e+02,1.483430341e-02
2.740557556e+02,-1.624657586e-02
2.742661133e+02,-1.830772869e-02
2.744765320e+02,-7.543928921e-03
2.746869202e+02,-1.189525239e-02
2.748973389e+02,-3.290756140e-03
2.751077881e+02,2.337336540e-02
2.753182373e+02,1.077743061e-02
2.755286865e+02,1.584852114e-02
2.757391663e+02,-1.376010478e-02
2.759496460e+02,-5.777226295e-03
2.761601257e+02,-2.331338450e-02
2.763706360e+02,3.577300161e-02
2.765811462e+02,4.751830176e-02
2.767916870e+02,7.603909820e-03
2.770022278e+02,-5.548209418e-03
2.772127991e+02,4.316697642e-02
2.774233704e+02,2.765925601e-02
2.776339417e+02,2.435486764e-02
2.778445435e+02,7.473042700e-03
2.780551453e+02,-9.441498667e-03
2.782657471e+02,-3.388906363e-03
2.784763794e+02,-6.889594719e-03
2.786870422e+02,-1.826683147e-04
2.788976746e+02,-9.768665768e-03
2.791083679e+02,4.986572545e-03
2.793190308e+02,-3.388906363e-03
2.795297241e+02,-7.282195147e-03
2.797404175e+02,1.143176481e-02
2.799511414e+02,-1.425903407e-03
2.801618652e+02,-1.097918395e-02
2.803726196e+02,-1.637744159e-02
2.805833740e+02,-4.141390789e-03
2.807941284e+02,2.396226674e-02
2.810049133e+02,-9.866815992e-03
2.812156982e+02,1.862944290e-02
2.814265137e+02,-8.370025898e-04
2.816373291e+02,-7.772945799e-03
2.818481750e+02,-3.286666423e-02
2.820589905e+02,-1.781697758e-02
2.822698669e+02,6.394208968e-02
2.824807129e+02,1.764794067e-02
2.826915894e+02,-1.555952430e-02
2.829024963e+02,-8.852597326e-03
2.831134033e+02,-7.715691463e-04
2.833243103e+02,3.122537769e-02
2.835352478e+02,-4.501274787e-03
2.837461853e+02,-2.773014084e-02
2.839571228e+02,2.765925601e-02
2.841680908e+02,-1.229603193e-03
2.843790588e+02,-7.282195147e-03
2.845900574e+02,-2.763199061e-02
2.848010559e+02,1.862944290e-02
2.850120850e+02,1.794239134e-02
2.852230835e+02,5.673623644e-03
2.854341431e+02,-3.031476215e-02
2.856452026e+02,-1.000586199e-03
2.858562622e+02,-1.896206290e-02
2.860673218e+02,7.702059578e-03
2.862784119e+02,-6.169827189e-03
2.864895020e+02,1.143176481e-02
2.867006226e+02,1.100644749e-02
2.869117432e+02,-1.677004248e-02
2.871228943e+02,-2.478563786e-02
2.873340454e+02,-5.450059194e-03
2.875451965e+02,-1.225513592e-02
2.877563782e+02,-1.935466193e-02
2.879675598e+02,-7.838379592e-03
2.881787720e+02,3.874204122e-03
2.883899536e+02,-1.179710217e-02
2.886011963e+02,1.878484618e-03
2.888124390e+02,-1.699906029e-02
2.890236816e+02,1.322300523e-03
2.892349243e+02,3.570756689e-02
2.894461975e+02,-1.418542210e-02
2.896575012e+02,-1.667189226e-02
2.898687744e+02,4.790272098e-03
2.900801086e+02,1.283858437e-02
2.902914124e+02,-1.114276797e-02
2.905027466e+02,-1.546137407e-02
2.907141113e+02,7.211308926e-03
2.909254456e+02,2.638330311e-02
2.911368408e+02,1.355017303e-03
2.913482056e+02,-9.834098630e-03
2.915596008e+02,7.440326270e-03
2.917710266e+02,1.126818173e-02
2.919824219e+02,1.352563500e-02
2.921938782e+02,-2.331338450e-02
2.924053040e+02,1.090829819e-02
2.926167603e+02,3.220687807e-02
2.928282471e+02,-1.578854024e-02
2.930397034e+02,-9.539648890e-03
2.932512207e+02,5.542756524e-03
2.934627075e+02,2.794552594e-03
2.936742249e+02,-7.969246246e-03
2.938857727e+02,-1.189525239e-02
2.940973206e+02,2.370053343e-02
2.943088684e+02,-7.936529815e-03
2.945204163e+02,3.089003032e-03
2.947320251e+02,-8.361847140e-03
2.949436035e+02,-8.656296879e-03
2.951552124e+02,-5.809943192e-03
2.953668213e+02,-4.370407667e-03
2.955784607e+02,-1.837316155e-02
2.957901001e+02,2.099322446e-04
2.960017395e+02,-5.090175662e-03
2.962134094e+02,-2.985672839e-02
2.964250793e+02,-1.830772869e-02
2.966367798e+02,1.849857531e-02
2.968484802e+02,9.436045773e-03
2.970601807e+02,-5.515492521e-03
2.972719116e+02,-5.286475644e-03
2.974836731e+02,2.536908537e-02
2.976954041e+02,3.119266033e-02
2.979071655e+02,6.851425394e-03
2.981189575e+02,7.603909820e-03
2.983307495e+02,-2.010714635e-02
2.985425415e+02,-7.380345371e-03
2.987543335e+02,-1.071745064e-02
2.989661865e+02,-1.241871901e-02
2.991780090e+02,-1.811142825e-02
2.993898621e+02,-8.001962677e-03
2.996017151e+02,3.579753917e-03
2.998135986e+02,-1.742437668e-02
3.000254822e+02,1.198794972e-02
3.002373657e+02,1.208609995e-02
3.004492798e+02,-9.539648890e-03
3.006611938e+02,-2.576713823e-02
3.008731384e+02,2.010169439e-02
3.010850830e+02,6.164374296e-03
3.012970581e+02,1.921834238e-02
3.015090027e+02,-2.125223167e-02
3.017210083e+02,4.836893454e-02
3.019329834e+02,-5.842660088e-03
3.021450195e+02,-6.333410740e-03
3.023570251e+02,-1.879847795e-02
3.025690613e+02,1.745164022e-02
3.027810974e+02,2.563081868e-02
3.029931641e+02,-2.288806811e-02
3.032052307e+02,6.822798401e-02
3.034172974e+02,1.993811131e-02
3.036293945e+02,-2.298621833e-02
3.038414917e+02,1.943918061e-03
3.040536194e+02,3.735158243e-04
3.042657471e+02,-1.405455545e-02
3.044779053e+02,2.533636801e-02
3.046900635e+02,-3.789686016e-04
3.049022217e+02,-8.067396469e-03
3.051143799e+02,3.154436592e-03
3.053265991e+02,-4.435840994e-03
3.055387878e+02,-1.817686111e-02
3.057510071e+02,-2.125223167e-02
3.059632263e+02,-1.205883548e-02
3.061754761e+02,1.241326705e-02
3.063877258e+02,-8.451817848e-05
3.065999756e+02,-1.634472422e-02
3.068122559e+02,-1.477432251e-02
3.070245361e+02,-1.529779006e-02
3.072368469e+02,-1.618114114e-02
3.074491577e+02,-1.441443898e-02
3.076614990e+02,4.790272098e-03
3.078738098e+02,2.448573336e-02
3.080861816e+02,-4.664858337e-03
3.082985229e+02,-2.216830105e-02
3.085108948e+02,2.072331123e-02
3.087232971e+02,-3.487056354e-03
3.089356995e+02,-7.118611597e-03
3.091481018e+02,-7.707512472e-03
3.093605347e+02,1.627383940e-02
3.095729675e+02,-1.107733417e-02
3.097854004e+02,7.006829837e-04
3.099978638e+02,-2.393500321e-02
3.102103271e+02,1.457257010e-02
3.104228210e+02,6.458824500e-03
3.106353149e+02,6.352495402e-04
3.108478088e+02,-1.542865671e-02
3.110603333e+02,-1.863489486e-02
3.112728577e+02,-3.912373912e-03
3.114854126e+02,1.725533977e-02
3.116979675e+02,-1.549409050e-02
3.119105225e+02,-8.100112900e-03
3.121231079e+02,3.070190921e-02
3.123356934e+02,-8.525430225e-03
3.125483093e+02,2.566353604e-02
3.127609253e+02,7.898360491e-03
3.129735413e+02,-5.221042316e-03
3.131861877e+02,-2.082691528e-02
3.133988342e+02,-6.889594719e-03
3.136115112e+02,-1.137178484e-02
3.138241882e+02,2.099322446e-04
3.140368652e+02,4.397671670e-03
3.142495728e+02,-1.670460962e-02
3.144622803e+02,3.256676346e-02
3.146750183e+02,4.607876390e-02
3.148877563e+02,-4.795724992e-03
3.151004944e+02,-1.912564598e-02
3.153132629e+02,-8.067396469e-03
3.155260315e+02,5.182872992e-03
3.157388306e+02,-5.875376519e-03
3.159516296e+02,-2.000899799e-02
3.161644287e+02,-9.703231975e-03
3.163772583e+02,-1.281131990e-02
3.165900879e+02,-3.650639905e-03
3.168029480e+02,4.634867946e-05
3.170158081e+02,6.327957846e-03
3.172286682e+02,6.033507176e-03
3.174415588e+02,1.519418694e-02
3.176544495e+02,-1.906021312e-02
3.178673706e+02,5.131344125e-02
3.180802612e+02,1.620840468e-02
3.182932129e+02,-7.903812453e-03
3.185061646e+02,-2.681407332e-02
3.187191162e+02,-1.605027542e-02
3.189320679e+02,-3.323472803e-03
3.191450500e+02,4.724838771e-03
3.193580322e+02,1.172621548e-02
3.195710449e+02,-1.327753300e-03
3.197840576e+02,1.518600853e-03
3.199971008e+02,-1.284403633e-02
3.202101440e+02,1.310031768e-02
3.204231873e+02,4.925228655e-02
3.206362610e+02,6.556974724e-03
3.208493347e+02,-1.703177579e-02
3.210624084e+02,-2.223373391e-02
3.212755127e+02,7.006829837e-04
3.214886169e+02,1.205338258e-02
3.217017517e+02,-1.608299091e-02
3.219148865e+02,4.986572545e-03
3.221280518e+02,-1.434900519e-02
3.223411865e+02,2.337336540e-02
3.225543823e+02,1.669915579e-02
3.227675476e+02,2.630969044e-03
3.229807434e+02,2.710307203e-02
3.231939697e+02,5.043826532e-04
3.234071960e+02,-1.706449315e-02
3.236204224e+02,8.160093799e-03
3.238336792e+02,2.033071220e-02
3.240469360e+02,-6.137110293e-03
3.242601929e+02,1.879302599e-02
3.244734802e+02,-8.787164465e-03
3.246867676e+02,-1.131453086e-03
3.249000854e+02,-9.016181342e-03
3.251134033e+02,1.087558083e-02
3.253267212e+02,-1.006311644e-02
3.255400696e+02,1.512875408e-02
3.257534180e+02,6.131657399e-03
3.259667969e+02,2.245729789e-02
3.261801758e+02,-6.398844067e-03
3.263935547e+02,-1.631200872e-02
3.266069641e+02,-3.258039476e-03
3.268203735e+02,3.380999714e-02
3.270337830e+02,5.477323197e-03
3.272472229e+02,7.702059578e-03
3.274606934e+02,-5.188325420e-03
3.276741333e+02,-7.715691463e-04
3.278876038e+02,3.161797673e-02
3.281011047e+02,8.315498126e-04
3.283146057e+02,2.107501728e-03
3.285281067e+02,-8.983463980e-03
3.287416382e+02,-2.047521062e-03
3.289551697e+02,6.655124947e-03
3.291687317e+02,-1.654920401e-03
3.293822632e+02,2.229371481e-02
3.295958557e+02,-3.087094612e-02
3.298094177e+02,6.884141825e-03
3.300230103e+02,2.098504640e-02
3.302366333e+02,-1.025941595e-02
3.304502563e+02,5.411889870e-03
3.306638794e+02,-4.174107220e-03
3.308775330e+02,9.697779082e-03
3.310911865e+02,-2.606158890e-02
3.313048401e+02,-1.228785235e-02
3.315185242e+02,-6.235260516e-03
3.317322083e+02,6.352495402e-04
3.319459229e+02,3.612470580e-03
3.321596375e+02,3.770328686e-02
3.323733521e+02,7.963793352e-03
3.325870972e+02,1.169349905e-02
3.328008423e+02,-2.472838387e-03
3.330146179e+02,-2.197200060e-02
3.332283936e+02,5.802036449e-02
3.334421692e+02,8.258244023e-03
3.336559753e+02,1.152991503e-02
3.338697815e+02,-2.262633480e-02
3.340835876e+02,9.665062651e-03
3.342974243e+02,2.336518606e-03
3.345112915e+02,5.340730771e-02
3.347251282e+02,-2.367326990e-02
3.349389954e+02,1.561950427e-02
3.351528931e+02,4.757555667e-03
3.353667908e+02,-1.241871901e-02
3.355806885e+02,-1.343293767e-02
3.357946167e+02,1.139904838e-02
3.360085449e+02,-7.347628940e-03
3.362224731e+02,-4.075957462e-03
3.364364319e+02,-1.091375016e-02
3.366503906e+02,4.372316226e-02
3.368643799e+02,2.268631570e-02
3.370783691e+02,1.964366063e-02
3.372923889e+02,-1.591940783e-02
3.375063782e+02,6.982292049e-03
3.377204285e+02,-8.721730672e-03
3.379344482e+02,2.401952166e-03
3.381484985e+02,-8.623580448e-03
3.383625793e+02,-1.323663723e-02
3.385766296e+02,4.716659605e-04
3.387907410e+02,-2.308436856e-02
3.390048218e+02,-5.090175662e-03
3.392189331e+02,-3.388906363e-03
3.394330444e+02,1.925105974e-02
3.396471863e+02,5.968073849e-03
3.398613281e+02,-1.130635105e-02
3.400755005e+02,-7.871096022e-03
3.402896729e+02,1.113731507e-02
3.405038452e+02,4.332238343e-03
3.407180481e+02,-9.310632013e-03
3.409322510e+02,-1.788241044e-02
3.411464539e+02,1.624112204e-02
3.413606873e+02,3.645187244e-03
3.415749207e+02,-6.987744942e-03
3.417891846e+02,-1.320392080e-02
3.420034485e+02,2.631787024e-02
3.422177124e+02,-1.513420697e-02
3.424320068e+02,1.182436571e-02
3.426463318e+02,-6.071676966e-03
3.428606262e+02,-1.202611905e-02
3.430749512e+02,6.360674277e-03
3.432892761e+02,-1.189525239e-02
3.435036316e+02,2.710307203e-02
3.437179871e+02,-7.642079145e-03
3.439323730e+02,-3.047834523e-02
3.441467590e+02,-4.108673893e-03
3.443611450e+02,-1.915836334e-02
3.445755615e+02,-7.445778698e-03
3.447899780e+02,-1.886391267e-02
3.450044250e+02,-7.118611597e-03
3.452188721e+02,-1.982087502e-03
3.454333191e+02,3.154436592e-03
3.456477661e+02,-1.879847795e-02
3.458622742e+02,-1.474160608e-02
3.460767517e+02,2.949139103e-02
3.462912598e+02,-3.135351872e-04
3.465057678e+02,-2.053246461e-02
3.467203064e+02,-2.341971500e-03
3.469348450e+02,5.411889870e-03
3.471493835e+02,5.510040093e-03
3.473639526e+02,-4.959308542e-03
3.475785217e+02,1.745164022e-02
3.477931213e+02,-6.333410740e-03
3.480077209e+02,1.542320475e-02
3.482223206e+02,6.679662620e-04
3.484369507e+02,-2.223373391e-02
3.486515808e+02,2.958136145e-03
3.488662109e+02,-7.061357610e-04
3.490808716e+02,1.650285535e-02
3.492955627e+02,-1.503605675e-02
3.495102234e+02,1.090829819e-02
3.497249146e+02,-8.198263124e-03
3.499396362e+02,-6.300693844e-03
3.501543579e+02,-5.580926314e-03
3.503690796e+02,-3.225322813e-03
3.505838318e+02,-5.384625867e-03
3.507985840e+02,1.051569730e-02
3.510133362e+02,-1.160080172e-02
3.512281189e+02,2.428943478e-02
3.514429016e+02,1.427811943e-02
3.516577148e+02,-2.364055254e-02
3.518725281e+02,3.577300161e-02
3.520873413e+02,1.571765542e-02
3.523021851e+02,-8.623580448e-03
3.525170288e+02,2.265359834e-02
3.527318726e+02,-9.670515545e-03
3.529467468e+02,-3.225322813e-03
3.531616516e+02,2.373324893e-02
3.533765259e+02,4.724838771e-03
3.535914307e+02,-8.329129778e-03
3.538063660e+02,-6.300693844e-03
3.540213013e+02,1.591395587e-02
3.542362366e+02,-3.323472803e-03
3.544512024e+02,-5.842660088e-03
3.546661682e+02,2.772468887e-02
3.548811340e+02,1.162806526e-02
3.550961304e+02,-2.069604769e-02
3.553111267e+02,-3.244134784e-02
3.555261536e+02,2.186839655e-02
3.557411804e+02,-5.809943192e-03
3.559562073e+02,3.250132874e-02
3.561712646e+02,-1.830772869e-02
3.563863220e+02,2.657960355e-02
3.566013794e+02,1.152991503e-02
3.568164673e+02,-2.370598540e-02
3.570315857e+02,3.318020143e-03
3.572466736e+02,3.350736806e-03
3.574617920e+02,2.180296369e-02
3.576769409e+02,-7.085895166e-03
3.578920898e+02,3.416170133e-03
3.581072388e+02,-4.272257444e-03
3.583223877e+02,2.674318664e-02
3.585375671e+02,4.349414632e-02
3.587527771e+02,-1.032484975e-02
3.589679871e+02,-1.480703987e-02
3.591831970e+02,1.224150416e-03
3.593984070e+02,-1.886391267e-02
3.596136475e+02,-2.374688163e-03
3.598289185e+02,4.389492387e-04
3.600441589e+02,1.539048739e-02
3.602594299e+02,1.027850085e-03
3.604747314e+02,1.712447405e-02
3.606900330e+02,6.066224072e-03
3.609053345e+02,3.358098119e-02
3.611206665e+02,-1.709720865e-02
3.613359985e+02,-7.969246246e-03
3.615513306e+02,-9.768665768e-03
3.617666931e+02,5.477323197e-03
3.619820557e+02,-2.795915864e-02
3.621974487e+02,4.692121875e-03
3.624128418e+02,1.519418694e-02
3.626282349e+02,9.174311534e-03
3.628436584e+02,-1.524053630e-03
3.630590820e+02,-2.272448502e-02
3.632745056e+02,4.048420861e-02
3.634899597e+02,6.033507176e-03
3.637054443e+02,1.714901067e-03
3.639208984e+02,-1.045571640e-02
3.641363831e+02,9.043444879e-03
3.643518982e+02,-1.353108790e-02
3.645674133e+02,-1.775154471e-02
3.647829285e+02,2.824815549e-02
3.649984436e+02,5.222950876e-02
3.652139893e+02,1.054841373e-02
3.654295654e+02,2.859986154e-03
3.656451111e+02,-2.462205291e-02
3.658607178e+02,7.661163690e-04
3.660762939e+02,-1.818504068e-03
3.662919006e+02,9.010728449e-03
3.665075073e+02,2.206469700e-02
3.667231445e+02,4.009160772e-02
3.669387817e+02,3.350736806e-03
3.671544495e+02,-2.746840753e-02
3.673700867e+02,-1.778426021e-02
3.675857849e+02,1.518600853e-03
3.678014526e+02,3.210872784e-02
3.680171509e+02,1.067928039e-02
3.682328796e+02,-1.938737929e-02
3.684485779e+02,2.579440363e-02
3.686643066e+02,-2.898155712e-03
3.688800659e+02,4.389492387e-04
3.690958252e+02,-1.523235720e-02
3.693115845e+02,2.242458053e-02
3.695273743e+02,4.647136480e-02
3.697431641e+02,1.859672554e-02
3.699589539e+02,-1.680275984e-02
3.701747742e+02,2.330793254e-02
3.703906250e+02,-1.052115019e-02
3.706064453e+02,2.434668830e-03
3.708222961e+02,-3.127172589e-03
3.710381775e+02,7.342176046e-03
3.712540283e+02,8.726910502e-02
3.714699097e+02,-9.637799114e-03
3.716858215e+02,-1.428357232e-02
3.719017334e+02,5.559932813e-02
3.721176453e+02,1.149719860e-02
3.723335876e+02,1.943918061e-03
3.725495300e+02,-1.909292862e-02
3.727654724e+02,-1.519963983e-02
3.729814453e+02,1.777880825e-02
3.731974182e+02,-1.202611905e-02
3.734134216e+02,-8.492713794e-03
3.736294250e+02,4.463104997e-03
3.738454285e+02,3.377728164e-02
3.740614624e+02,-1.670460962e-02
3.742774963e+02,-3.789686016e-04
3.744935608e+02,6.164374296e-03
3.747096252e+02,-1.016126573e-02
3.749256897e+02,-2.815545909e-02
3.751417847e+02,-1.902749576e-02
3.753578796e+02,7.276742719e-03
3.755739746e+02,2.235914767e-02
3.757901001e+02,-1.218970213e-02
3.760062256e+02,-1.107733417e-02
3.762223816e+02,8.421827108e-03
3.764385376e+02,4.568616673e-02
3.766546936e+02,-2.128494903e-02
3.768708801e+02,2.631787024e-02
3.770870667e+02,-1.490519010e-02
3.773032837e+02,-3.748790128e-03
3.775194702e+02,-4.043240566e-03
3.777357178e+02,-1.425085496e-02
3.779519348e+02,2.108319663e-02
3.781681824e+02,3.001485951e-02
3.783844604e+02,-1.212426927e-02
3.786007385e+02,-2.076148242e-02
3.788170166e+02,-1.205883548e-02
3.790332947e+02,6.184822321e-02
3.792496033e+02,-2.207015082e-02
3.794659424e+02,3.318838030e-02
3.796822510e+02,-6.169827189e-03
3.798986206e+02,1.391823590e-02
3.801149597e+02,-3.198331594e-02
3.803313293e+02,-2.511280403e-02
3.805476990e+02,3.939637449e-03
3.807640991e+02,-8.623580448e-03
3.809804993e+02,-7.969246246e-03
3.811968994e+02,-2.151396684e-02
3.814133301e+02,-2.570988378e-03
3.816297607e+02,6.352495402e-04
3.818462219e+02,-1.164169749e-03
3.820626831e+02,5.608190317e-03
3.822791443e+02,4.430388566e-03
3.824956360e+02,-8.451817848e-05
3.827121277e+02,-2.033616416e-02
3.829286194e+02,-7.674796041e-03
3.831451416e+02,4.673309997e-02
3.833616638e+02,5.275297537e-02
3.835782166e+02,-1.621385850e-02
3.837947693e+02,-2.262633480e-02
3.840113220e+02,1.296945103e-02
3.842279053e+02,1.152991503e-02
3.844444885e+02,-7.772945799e-03
3.846610718e+02,-2.651962265e-02
3.848776855e+02,3.227231279e-02
3.850943298e+02,-2.865438815e-03
3.853109436e+02,9.992229752e-03
3.855275879e+02,1.951279305e-02
3.857442627e+02,-6.398844067e-03
3.859609070e+02,3.583843261e-02
3.861776123e+02,-1.932194643e-02
3.863942871e+02,-8.525430225e-03
3.866109924e+02,2.255544811e-02
3.868276978e+02,-1.382553857e-02
3.870444336e+02,-7.380345371e-03
3.872611694e+02,-6.006243639e-03
3.874779358e+02,-6.333410740e-03
3.876947021e+02,2.268631570e-02
3.879114685e+02,-2.314980142e-02
3.881282349e+02,-1.228785235e-02
3.883450317e+02,-9.997682646e-03
3.885618591e+02,1.169349905e-02
3.887786560e+02,-3.803590685e-02
3.889955139e+02,-2.036888152e-02
3.892123413e+02,2.320978232e-02
3.894291992e+02,1.166078262e-02
3.896460571e+02,1.274043415e-02
3.898629456e+02,-6.464277394e-03
3.900798340e+02,-1.277860347e-02
3.902967224e+02,-6.562427618e-03
3.905136414e+02,1.022124663e-02
3.907305603e+02,-1.526507363e-02
3.909475098e+02,1.365650166e-02
3.911644592e+02,5.182872992e-03
3.913814087e+02,4.460651428e-02
3.915983887e+02,-2.148124948e-02
3.918153687e+02,1.254413370e-02
3.920323486e+02,-4.828441888e-03
3.922493591e+02,1.113731507e-02
3.924663696e+02,-2.481017436e-04
3.926834106e+02,4.283981025e-02
3.929004517e+02,3.448887030e-03
3.931174927e+02,-2.900609374e-02
3.933345642e+02,4.336327687e-02
3.935516357e+02,6.603596359e-02
3.937687073e+02,-9.899532422e-03
3.939858093e+02,3.721253574e-02
3.942029114e+02,-3.316111490e-02
3.944200439e+02,6.262524519e-03
3.946371765e+02,2.105047926e-02
3.948543091e+02,1.326390076e-02
3.950714722e+02,2.794552594e-03
3.952886353e+02,3.219869919e-03
3.955058289e+02,-4.108673893e-03
3.957230225e+02,1.551317517e-03
3.959402161e+02,-2.504737116e-02
3.961574402e+02,4.846708477e-02
3.963746643e+02,-5.875376519e-03
3.965918884e+02,-1.336750388e-02
3.968091431e+02,-2.890794352e-02
3.970263977e+02,4.293796048e-02
3.972436829e+02,-7.838379592e-03
3.974609375e+02,-1.647559181e-02
3.976782532e+02,-2.629060671e-02
3.978955383e+02,3.841487458e-03
3.981128845e+02,3.089820966e-02
3.983302002e+02,-1.742437668e-02
3.985475464e+02,1.714901067e-03
3.987648926e+02,3.462791443e-02
3.989822693e+02,1.967637800e-02
3.991996155e+02,6.818708498e-03
3.994170227e+02,-2.154668234e-02
3.996343994e+02,1.041754708e-02
3.998518372e+02,-1.084831730e-02
4.000692444e+02,-3.352100030e-02
4.002866821e+02,-3.430620208e-02
4.005041199e+02,8.454544470e-03
4.007215881e+02,1.061384752e-02
4.009390564e+02,-1.837316155e-02
4.011565247e+02,2.461660095e-02
4.013740234e+02,-9.147047997e-03
4.015915222e+02,7.996509783e-03
4.018090210e+02,3.341739625e-02
4.020265503e+02,-2.295350097e-02
4.022440796e+02,3.207601234e-02
4.024616394e+02,-9.179764427e-03
4.026791992e+02,-1.716264337e-02
4.028967590e+02,-1.186253503e-02
4.031143494e+02,-1.114276797e-02
4.033319397e+02,-3.683356801e-03
4.035495605e+02,-7.314912044e-03
4.037671814e+02,-3.127172589e-03
4.039848022e+02,6.021238491e-02
4.042024231e+02,-1.860217750e-02
4.044200745e+02,-1.039028354e-02
4.046377563e+02,4.037787672e-03
4.048554382e+02,-5.548209418e-03
4.050731201e+02,-6.562427618e-03
4.052908020e+02,-1.084831730e-02
4.055085144e+02,-1.274588611e-02
4.057262268e+02,-9.997682646e-03
4.059439697e+02,-9.539648890e-03
4.061617126e+02,1.993811131e-02
4.063794556e+02,-1.542865671e-02
4.065972290e+02,1.810597442e-02
4.068150024e+02,-1.932194643e-02
4.070328064e+02,-2.298621833e-02
4.072506104e+02,2.687405422e-02
4.074684143e+02,6.024510413e-02
4.076862488e+02,-2.651962265e-02
4.079040833e+02,-1.264773682e-02
4.081219177e+02,-8.427280001e-03
4.083397827e+02,-4.501274787e-03
4.085576477e+02,-6.627860945e-03
4.087755432e+02,-5.908093415e-03
4.089934387e+02,5.746418238e-02
4.092113342e+02,2.925419481e-03
4.094292603e+02,7.963793352e-03
4.096471863e+02,-1.490519010e-02
4.098651123e+02,1.097373106e-02
4.100830688e+02,1.568493806e-02
4.103010254e+02,-9.343348444e-03
4.105189819e+02,-2.812274173e-02
4.107369690e+02,-1.166623458e-02
4.109549866e+02,2.854260616e-02
4.111729736e+02,-1.327753300e-03
4.113909912e+02,-5.973526742e-03
4.116090393e+02,-2.472838387e-03
4.118270874e+02,1.254413370e-02
4.120451355e+02,-2.648690715e-02
4.122631836e+02,8.160093799e-03
4.124812622e+02,7.996509783e-03
4.126993713e+02,-3.519773250e-03
4.129174500e+02,4.299521446e-03
4.131355591e+02,-2.226645127e-02
4.133536987e+02,-2.080237726e-03
4.135718079e+02,2.635058761e-02
4.137899780e+02,-7.413062267e-03
4.140081177e+02,-1.326935366e-02
4.142262878e+02,1.221696660e-02
4.144444580e+02,-2.148124948e-02
4.146626587e+02,-1.826683147e-04
4.148808594e+02,-1.843859442e-02
4.150990906e+02,1.535777096e-02
4.153172913e+02,1.493245363e-02
4.155355225e+02,3.383453470e-03
4.157537842e+02,1.045026351e-02
4.159720459e+02,8.389110677e-03
4.161903076e+02,-3.879657015e-03
4.164085999e+02,-9.834098630e-03
4.166268921e+02,-2.550540492e-02
4.168451843e+02,4.018975794e-02
4.170635071e+02,-1.290947013e-02
4.172818298e+02,-7.936529815e-03
4.175001831e+02,1.041754708e-02
4.177185364e+02,1.976634841e-03
4.179368896e+02,1.539048739e-02
4.181552734e+02,-3.083822876e-02
4.183736572e+02,-2.211104613e-03
4.185920410e+02,1.130089816e-02
4.188104553e+02,1.813869178e-02
4.190288696e+02,2.010169439e-02
4.192473145e+02,-2.367326990e-02
4.194657288e+02,7.006829837e-04
4.196842041e+02,-1.483975630e-02
4.199026489e+02,2.713578753e-02
4.201211243e+02,-2.413130365e-02
4.203396301e+02,1.293673366e-02
4.205581360e+02,1.300216746e-02
4.207766418e+02,-3.208146617e-02
4.209951477e+02,-1.667189226e-02
4.212136841e+02,-1.268045325e-02
4.214322205e+02,-2.808184654e-04
4.216507874e+02,1.653557271e-02
4.218693542e+02,-1.353108790e-02
4.220879211e+02,7.333178818e-02
4.223065186e+02,1.027850085e-03
4.225251160e+02,1.509603765e-02
4.227437439e+02,-7.020461373e-03
4.229623718e+02,2.605613694e-02
4.231809998e+02,1.780334511e-03
4.233996277e+02,1.948007755e-02
4.236182861e+02,-1.529779006e-02
4.238369751e+02,4.215275869e-02
4.240556641e+02,2.023256198e-02
4.242743530e+02,1.588123851e-02
4.244930420e+02,-1.955096237e-02
4.247117615e+02,5.147702247e-02
4.249304810e+02,8.225527592e-03
4.251492310e+02,-7.118611597e-03
4.253679810e+02,-1.585397497e-02
4.255867310e+02,1.349291857e-02
4.258055115e+02,2.098504640e-02
4.260242920e+02,4.935043678e-02
4.262430725e+02,-1.101190038e-02
4.264618835e+02,-1.362923812e-02
4.266806946e+02,1.355017303e-03
4.268995361e+02,-2.691222355e-02
4.271183777e+02,-1.686819270e-02
4.273372192e+02,9.296999779e-04
4.275560913e+02,3.808770794e-03
4.277749634e+02,3.001485951e-02
4.279938354e+02,-2.524367161e-02
4.282127380e+02,2.949139103e-02
4.284316406e+02,3.724525124e-02
4.286505737e+02,1.385280211e-02
4.288695068e+02,-3.381545097e-02
4.290884399e+02,1.090829819e-02
4.293074036e+02,2.559810318e-02
4.295263672e+02,6.148833781e-02
4.297453308e+02,2.213012986e-02
4.299643250e+02,-2.243821276e-03
4.301833191e+02,7.369167358e-02
4.304023438e+02,-1.794784330e-02
4.306213379e+02,-2.858077548e-02
4.308403931e+02,1.548863761e-02
4.310594177e+02,-1.313848700e-02
4.312784729e+02,2.239186503e-02
4.314975586e+02,-2.684679069e-02
4.317166138e+02,1.074471418e-02
4.319357300e+02,-1.091375016e-02
4.321548157e+02,-2.131766640e-02
4.323739319e+02,-2.305165119e-02
4.325930481e+02,-4.533991218e-03
4.328121948e+02,4.692121875e-03
4.330313416e+02,-1.542865671e-02
4.332504883e+02,1.355017303e-03
4.334696655e+02,2.892702818e-03
4.336888428e+02,-5.057458766e-03
4.339080200e+02,-1.925651357e-02
4.341272278e+02,-2.429488674e-02
4.343464355e+02,1.038483065e-02
4.345656738e+02,5.615551397e-02
4.347849121e+02,-2.380413562e-02
4.350041504e+02,-3.028204478e-02
4.352234192e+02,1.107188128e-02
4.354426880e+02,8.749812841e-02
4.356619568e+02,-2.386956848e-02
4.358812561e+02,-2.524367161e-02
4.361005554e+02,-6.079855957e-04
4.363198853e+02,-4.116853233e-04
4.365392151e+02,-1.251686923e-02
4.367585449e+02,-2.517823875e-02
4.369778748e+02,-4.828441888e-03
4.371972351e+02,2.121406235e-02
4.374166260e+02,5.046280473e-02
4.376360168e+02,-1.938737929e-02
4.378554077e+02,1.008138284e-01
4.380747986e+02,1.228239946e-02
4.382942200e+02,-1.120820083e-02
4.385136414e+02,-1.801327802e-02
4.387330933e+02,4.987390339e-02
4.389525452e+02,2.566353604e-02
4.391719971e+02,-3.617923241e-03
4.393914795e+02,-9.310632013e-03
4.396109619e+02,2.965497412e-02
4.398304443e+02,6.164374296e-03
4.400499573e+02,-3.267036378e-02
4.402694702e+02,-3.388088569e-02
4.404890137e+02,4.389492387e-04
4.407085571e+02,-1.258230302e-02
4.409281006e+02,9.501478635e-03
4.411476746e+02,-2.341971500e-03
4.413672485e+02,2.353695035e-02
4.415868225e+02,1.977452822e-02
4.418064270e+02,-2.144853212e-02
4.420260315e+02,1.120274793e-02
4.422456360e+02,-4.370407667e-03
4.424652710e+02,5.553389713e-02
4.426849060e+02,-3.394631669e-02
4.429045715e+02,-2.180841565e-02
4.431242371e+02,-1.755524427e-02
4.433439026e+02,-6.496994291e-03
4.435635986e+02,-2.027073130e-02
4.437832947e+02,-1.061930042e-02
4.440029907e+02,1.256867079e-03
4.442227173e+02,-8.852597326e-03
4.444424438e+02,-4.533991218e-03
4.446622009e+02,-1.886391267e-02
4.448819580e+02,1.296945103e-02
4.451017151e+02,-4.435840994e-03
4.453215027e+02,-9.179764427e-03
4.455412903e+02,-6.235260516e-03
4.457610779e+02,-1.349837054e-02
4.459808960e+02,-5.679076072e-03
4.462007141e+02,-6.627860945e-03
4.464205322e+02,5.346456543e-03
4.466403809e+02,1.094101463e-02
4.468602600e+02,1.457257010e-02
4.470801086e+02,-1.470888965e-02
4.472999878e+02,-2.236459963e-02
4.475198669e+02,3.874204122e-03
4.477397766e+02,-1.317120343e-02
4.479596863e+02,-1.510148961e-02
4.481796265e+02,2.599070221e-02
4.483995361e+02,7.113158703e-03
4.486194763e+02,3.138896078e-02
4.488394470e+02,-2.638875693e-02
4.490594177e+02,-2.573442273e-02
4.492793884e+02,2.010169439e-02
4.494993896e+02,-7.969246246e-03
4.497193909e+02,-1.555952430e-02
4.499393921e+02,-6.104393397e-03
4.501594238e+02,3.939637449e-03
4.503794556e+02,3.174884617e-02
4.505994873e+02,3.112722747e-02
4.508195496e+02,4.895783588e-02
4.510396118e+02,-1.851220732e-03
4.512597046e+02,-3.650639905e-03
4.514797974e+02,2.761835931e-03
4.516998901e+02,-4.599424545e-03
4.519200134e+02,-4.239541013e-03
4.521401367e+02,3.266491368e-02
4.523602600e+02,-2.089234814e-02
4.525804138e+02,-1.261501946e-02
4.528005676e+02,9.337895550e-03
4.530207520e+02,-1.016126573e-02
4.532409058e+02,-3.227776662e-02
4.534611206e+02,3.089003032e-03
4.536813049e+02,3.407173231e-02
4.539015198e+02,3.407991026e-04
4.541217346e+02,-6.137110293e-03
4.543419800e+02,-6.726011168e-03
4.545622253e+02,-1.186253503e-02
4.547825012e+02,-7.715691463e-04
4.550027466e+02,-1.794784330e-02
4.552230225e+02,6.655124947e-03
4.554433289e+02,-8.918031119e-03
4.556636353e+02,-5.809943192e-03
4.558839417e+02,-1.254958659e-02
4.561042786e+02,-2.177570015e-02
4.563246155e+02,3.282849491e-02
4.565449524e+02,9.296999779e-04
4.567653198e+02,-1.186253503e-02
4.569856873e+02,-1.699906029e-02
4.572060547e+02,1.401638519e-02
4.574264526e+02,-1.506877318e-02
4.576468506e+02,-1.549409050e-02
4.578672791e+02,2.707035467e-02
4.580877075e+02,-1.621385850e-02
4.583081360e+02,6.949575152e-03
4.585285645e+02,1.117821084e-04
4.587490234e+02,-1.156808529e-02
4.589695129e+02,1.188979950e-02
4.591900024e+02,-2.570988378e-03
4.594104919e+02,4.724838771e-03
4.596309814e+02,-1.729350910e-02
4.598515015e+02,3.852120414e-02
4.600720215e+02,-7.642079145e-03
4.602925720e+02,1.061384752e-02
4.605130920e+02,-1.033302862e-03
4.607336731e+02,3.950270638e-02
4.609542236e+02,-1.569039002e-02
4.611748047e+02,-2.737025730e-02
4.613954163e+02,5.043826532e-04
4.616159973e+02,1.656829007e-02
4.618366394e+02,-1.739165932e-02
4.620572510e+02,1.133361552e-02
4.622778931e+02,2.203198150e-02
4.624985352e+02,2.621972002e-02
4.627192078e+02,2.271085279e-03
4.629398499e+02,9.697779082e-03
4.631605530e+02,9.624166996e-04
4.633812256e+02,1.525962073e-02
4.636019287e+02,-2.687950619e-02
4.638226624e+02,-9.605081752e-03
4.640433655e+02,-7.969246246e-03
4.642641296e+02,3.737612069e-02
4.644848633e+02,-1.366195455e-02
4.647056274e+02,-3.132897988e-02
4.649263916e+02,-4.239541013e-03
4.651471863e+02,-2.047521062e-03
4.653679504e+02,-2.337881923e-02
4.655887756e+02,-2.537453733e-02
4.658095703e+02,3.743337467e-03
4.660303955e+02,5.902640522e-03
4.662512512e+02,-1.818504068e-03
4.664720764e+02,1.509603765e-02
4.666929626e+02,-7.871096022e-03
4.669138184e+02,3.524953127e-02
4.671347046e+02,-1.477432251e-02
4.673555908e+02,-2.020529658e-02
4.675765076e+02,4.382131249e-02
4.677973938e+02,5.117439199e-03
4.680183411e+02,1.845767954e-03
4.682392578e+02,-1.758795977e-02
4.684602051e+02,-6.104393397e-03
4.686811829e+02,7.276742719e-03
4.689021301e+02,-2.848262526e-02
4.691231384e+02,1.274043415e-02
4.693441162e+02,-1.834044419e-02
4.695651245e+02,5.346456543e-03
4.697861328e+02,7.505759597e-03
4.700071411e+02,-2.537453733e-02
4.702281799e+02,2.134492993e-02
4.704492493e+02,6.622408051e-03
4.706702881e+02,-3.127172589e-03
4.708913574e+02,-1.277860347e-02
4.711124573e+02,-5.515492521e-03
4.713335266e+02,2.173753083e-02
4.715546265e+02,-4.206824116e-03
4.717757568e+02,3.305751458e-02
4.719968872e+02,4.593972117e-03
4.722180176e+02,2.828087285e-02
4.724391479e+02,2.648145333e-02
4.726603088e+02,-6.660577841e-03
4.728814697e+02,5.379172973e-03
4.731026611e+02,-9.834098630e-03
4.733238525e+02,-3.195059672e-02
4.735450439e+02,-1.084831730e-02
4.737662659e+02,-1.045571640e-02
4.739874878e+02,-1.268045325e-02
4.742087097e+02,-1.042299997e-02
4.744299622e+02,-3.548400104e-02
4.746512146e+02,-8.296413347e-03
4.748724976e+02,1.503060386e-02
4.750937805e+02,-2.648690715e-02
4.753150635e+02,-1.075016707e-02
4.755363464e+02,3.448887030e-03
4.757576599e+02,9.632346220e-03
4.759790039e+02,-6.758728065e-03
4.762003174e+02,-1.706449315e-02
4.764216614e+02,-8.067396469e-03
4.766430359e+02,-7.118611597e-03
4.768643799e+02,1.060566865e-03
4.770857544e+02,-6.006243639e-03
4.773071594e+02,2.739752084e-02
4.775285645e+02,3.252586583e-03
4.777499695e+02,-5.221042316e-03
4.779714050e+02,2.239186503e-02
4.781928101e+02,-6.856877822e-03
4.784142761e+02,-4.533991218e-03
4.786357117e+02,-4.075957462e-03
4.788571777e+02,-1.340022124e-02
4.790786743e+02,1.241081282e-01
4.793001404e+02,1.434355322e-02
4.795216370e+02,-1.948552951e-02
4.797431641e+02,1.649467624e-03
4.799646912e+02,-6.758728065e-03
4.801862183e+02,-1.660645939e-02
4.804077454e+02,-2.023801394e-02
4.806293030e+02,-1.624657586e-02
4.808508606e+02,-8.459997363e-03
4.810724487e+02,-3.748790128e-03
4.812940369e+02,-1.843859442e-02
4.815156250e+02,3.677903907e-03
4.817372437e+02,3.056286369e-03
4.819588623e+02,-1.539594028e-02
4.821804810e+02,-2.570988378e-03
4.824021301e+02,-2.743569203e-02
4.826237793e+02,1.296945103e-02
4.828454590e+02,1.862944290e-02
4.830671082e+02,8.487260900e-03
4.832888184e+02,-1.919107884e-02
4.835104980e+02,-1.033302862e-03
4.837322083e+02,4.234905913e-02
4.839539185e+02,-1.778426021e-02
4.841756592e+02,2.013441175e-02
4.843973999e+02,6.556974724e-03
4.846191406e+02,2.298076451e-02
4.848409119e+02,-1.438172255e-02
4.850626831e+02,-1.775154471e-02
4.852844543e+02,-6.038960069e-03
4.855062561e+02,2.671047114e-02
4.857280579e+02,-2.403315343e-02
4.859498901e+02,1.103916485e-02
4.861717224e+02,6.229807623e-03
4.863935547e+02,-8.165546693e-03
4.866154175e+02,-9.670515545e-03
4.868372498e+02,-2.341153473e-02
4.870591431e+02,-1.262319856e-03
4.872810059e+02,-7.674796041e-03
4.875028992e+02,1.352563500e-02
4.877248230e+02,-1.788241044e-02
4.879467163e+02,3.295936435e-02
4.881686707e+02,3.256676346e-02
4.883905945e+02,-3.168886527e-02
4.886125488e+02,-2.822089195e-02
4.888345032e+02,1.251141634e-02
4.890564575e+02,4.326512665e-02
4.892784424e+02,2.172935056e-03
4.895004578e+02,-9.343348444e-03
4.897224426e+02,-9.997682646e-03
4.899444580e+02,-5.646359641e-03
4.901664734e+02,2.340608276e-02
4.903885193e+02,-9.834098630e-03
4.906105652e+02,-9.016181342e-03
4.908326111e+02,2.278446592e-02
4.910546875e+02,2.249001525e-02
4.912767639e+02,-1.726079360e-02
4.914988708e+02,1.938192733e-02
4.917209778e+02,3.763785213e-02
4.919430847e+02,-1.359652076e-02
4.921651917e+02,-2.118679881e-02
4.923873291e+02,-1.720353845e-03
4.926094666e+02,1.414725278e-02
4.928316345e+02,-1.493790653e-02
4.930538025e+02,-2.576713823e-02
4.932759705e+02,-9.964966215e-03
4.934981689e+02,-2.211104613e-03
4.937203674e+02,-2.593072318e-02
4.939425659e+02,9.239745326e-03
4.941647949e+02,-1.346565410e-02
4.943870239e+02,-6.006243639e-03
4.946092834e+02,-1.863489486e-02
4.948315125e+02,-1.088103373e-02
4.950538025e+02,2.892702818e-03
4.952760620e+02,-1.131453086e-03
4.954983521e+02,-2.756655775e-02
4.957206421e+02,3.808770794e-03
4.959429626e+02,-6.071676966e-03
4.961652832e+02,3.318838030e-02
4.963876038e+02,-8.623580448e-03
4.966099548e+02,4.822988994e-03
4.968323059e+02,-1.555952430e-02
4.970546570e+02,4.062325461e-04
4.972770386e+02,-1.039028354e-02
4.974994202e+02,2.074785065e-03
4.977218018e+02,1.391823590e-02
4.979442139e+02,-6.407023175e-04
4.981666260e+02,-1.798056066e-02
4.983890686e+02,-1.133906748e-02
4.986115112e+02,1.954551041e-02
4.988339539e+02,-7.478495594e-03
4.990564270e+02,-2.963589039e-03
4.992788696e+02,-3.225322813e-03
4.995013733e+02,2.425671741e-02
4.997238464e+02,-8.451817848e-05
4.999463501e+02,-2.478563786e-02
5.001688843e+02,-1.189525239e-02
5.003914185e+02,3.554398194e-02
5.006139526e+02,-9.899532422e-03
5.008364868e+02,2.530365251e-02
5.010590515e+02,-4.566708114e-03
5.012816162e+02,-8.754447103e-03
5.015041809e+02,-1.605027542e-02
5.017267761e+02,-1.696634293e-02
5.019493713e+02,5.706340075e-03
5.021719971e+02,2.232643031e-02
5.023946228e+02,-8.451817848e-05
5.026172485e+02,-1.611570828e-02
5.028399048e+02,-1.896206290e-02
5.030625610e+02,4.495821893e-03
5.032852173e+02,1.290401723e-02
5.035079041e+02,-2.505555050e-03
5.037305908e+02,-1.919107884e-02
5.039532776e+02,3.299207985e-02
5.041759949e+02,3.217416257e-02
5.043987122e+02,1.470343675e-02
5.046214600e+02,1.322300523e-03
5.048441772e+02,2.072331123e-02
5.050669556e+02,-6.407023175e-04
5.052897034e+02,-4.763008095e-03
5.055124817e+02,2.019984461e-02
5.057352600e+02,4.037787672e-03
5.059580688e+02,-1.071745064e-02
5.061808777e+02,-2.000899799e-02
5.064036865e+02,-1.081560086e-02
5.066265259e+02,3.400629759e-02
5.068493652e+02,3.448887030e-03
5.070722046e+02,-2.360783517e-02
5.072950745e+02,-2.521095425e-02
5.075179443e+02,3.040745854e-02
5.077408142e+02,3.142167628e-02
5.079637146e+02,8.454544470e-03
5.081866150e+02,-8.361847140e-03
5.084095459e+02,-2.505555050e-03
5.086324768e+02,-5.613642745e-03
5.088554077e+02,-3.356189700e-03
5.090783386e+02,-1.091375016e-02
5.093013000e+02,-3.192605916e-03
5.095242920e+02,-9.506931528e-03
5.097472534e+02,-1.434900519e-02
5.099702454e+02,-5.777226295e-03
5.101932373e+02,4.299521446e-03
5.104162598e+02,-1.451258920e-02
5.106392822e+02,-2.743569203e-02
5.108623352e+02,-2.276537940e-03
5.110853577e+02,-4.174107220e-03
5.113084106e+02,-1.353108790e-02
5.115314941e+02,3.008029237e-02
5.117545776e+02,-2.324795164e-02
5.119776611e+02,-7.838379592e-03
5.122007446e+02,-5.613642745e-03
5.124238892e+02,-3.123082966e-02
5.126469727e+02,-1.258230302e-02
5.128701172e+02,1.387733966e-03
5.130932617e+02,-7.151328493e-03
5.133164062e+02,-1.487247273e-02
5.135395508e+02,-1.359652076e-02
5.137627563e+02,-4.370407667e-03
5.139859619e+02,2.141036279e-02
5.142091064e+02,-1.516692340e-02
5.144323120e+02,1.649467624e-03
5.146555786e+02,-1.457802299e-02
5.148787842e+02,5.327644199e-02
5.151019897e+02,1.385280211e-02
5.153252563e+02,-1.228785235e-02
5.155485229e+02,1.045026351e-02
5.157717896e+02,1.620840468e-02
5.159950562e+02,-1.120820083e-02
5.162183838e+02,-7.020461373e-03
5.164416504e+02,6.679662620e-04
5.166649780e+02,-2.390228584e-02
5.168883057e+02,-2.723939158e-02
5.171116333e+02,1.633927226e-02
5.173350220e+02,1.551317517e-03
5.175583496e+02,4.201371223e-03
5.177817383e+02,7.734776475e-03
5.180051270e+02,-1.117548440e-02
5.182285156e+02,1.709175669e-02
5.184519043e+02,-2.494922094e-02
5.186752930e+02,-4.664858337e-03
5.188987427e+02,-1.042299997e-02
5.191221313e+02,4.724838771e-03
5.193455811e+02,-2.651962265e-02
5.195690308e+02,-2.933325991e-02
5.197925415e+02,1.663372293e-02
5.200159912e+02,-9.212481789e-03
5.202395020e+02,-3.005302884e-02
5.204629517e+02,-2.733754180e-02
5.206864624e+02,1.905475929e-02
5.209099731e+02,2.729119267e-03
5.211335449e+02,-1.863489486e-02
5.213570557e+02,7.015008945e-03
5.215806274e+02,-7.969246246e-03
5.218041992e+02,-2.211104613e-03
5.220277710e+02,-2.220101655e-02
5.222513428e+02,-8.885314688e-03
5.224749146e+02,-8.459997363e-03
5.226985474e+02,-4.926591646e-03
5.229221191e+02,-2.504737116e-02
5.231457520e+02,-1.781697758e-02
5.233693848e+02,1.267500035e-02
5.235930176e+02,-1.601755805e-02
5.238167114e+02,-1.146993507e-02
5.240403442e+02,-4.239541013e-03
5.242640381e+02,-2.211104613e-03
5.244877319e+02,2.602341957e-02
5.247114258e+02,-1.268045325e-02
5.249351196e+02,2.461660095e-02
5.251588745e+02,-1.830772869e-02
5.253826294e+02,7.603909820e-03
5.256063232e+02,4.389492387e-04
5.258300781e+02,-8.721730672e-03
5.260538330e+02,2.350423299e-02
5.262776489e+02,1.866215840e-02
5.265014038e+02,-6.137110293e-03
5.267252197e+02,-3.225322813e-03
5.269490356e+02,2.340608276e-02
5.271728516e+02,-1.827501133e-02
5.273966675e+02,-2.501465380e-02
5.276204834e+02,6.171735376e-02
5.278443604e+02,-4.566708114e-03
5.280682373e+02,3.448887030e-03
5.282921143e+02,3.632918373e-02
5.285159912e+02,-1.768610999e-02
5.287398682e+02,2.651417069e-02
5.289637451e+02,-8.296413347e-03
5.291876831e+02,-3.162343055e-02
5.294116211e+02,-2.669138601e-03
5.296355591e+02,8.978012018e-03
5.298594971e+02,-1.418542210e-02
5.300834351e+02,-7.903812453e-03
5.303074341e+02,-3.656365350e-02
5.305313721e+02,-9.834098630e-03
5.307553711e+02,-1.589487074e-03
5.309793701e+02,4.724838771e-03
5.312033691e+02,-3.067464568e-02
5.314274292e+02,6.456370652e-02
5.316514282e+02,-1.673732512e-02
5.318754883e+02,-2.669138601e-03
5.320995483e+02,-8.852597326e-03
5.323236084e+02,3.665635362e-02
5.325476685e+02,6.129203737e-02
5.327717285e+02,3.789958730e-02
5.329958496e+02,1.211881638e-02
5.332199707e+02,3.129081056e-02
5.334440308e+02,5.824938416e-02
5.336682129e+02,2.303801943e-03
5.338923340e+02,-4.664858337e-03
5.341164551e+02,5.278569087e-02
5.343406372e+02,1.064656395e-02
5.345648193e+02,-1.032484975e-02
5.347890015e+02,1.444170251e-02
5.350131836e+02,1.152991503e-02
5.352373657e+02,1.772155374e-04
5.354616089e+02,-1.451258920e-02
5.356857910e+02,2.006897703e-02
5.359100342e+02,-1.055386662e-02
5.361342773e+02,-1.622203737e-03
5.363585205e+02,2.988399193e-02
5.365828247e+02,7.006829837e-04
5.368070679e+02,-5.744509865e-03
5.370313721e+02,-9.997682646e-03
5.372556763e+02,-2.292078547e-02
5.374799805e+02,-3.276851401e-02
5.377042847e+02,2.205651719e-03
5.379285889e+02,1.185708214e-02
5.381529541e+02,-1.120820083e-02
5.383773193e+02,-2.926782705e-02
5.386016846e+02,1.689545624e-02
5.388260498e+02,-1.851220732e-03
5.390504150e+02,2.990853041e-03
5.392747803e+02,1.231511682e-02
5.394992065e+02,-3.945090342e-03
5.397236328e+02,-5.090175662e-03
5.399480591e+02,6.164374296e-03
5.401724854e+02,-1.984541304e-02
5.403969116e+02,-9.997682646e-03
5.406213989e+02,2.638330311e-02
5.408458252e+02,-2.121951617e-02
5.410703125e+02,-2.102321573e-02
5.412947998e+02,2.121406235e-02
5.415192871e+02,1.813051291e-03
5.417438354e+02,-1.346565410e-02
5.419683228e+02,-1.585397497e-02
5.421928711e+02,9.566912428e-03
5.424174194e+02,1.162806526e-02
5.426419678e+02,-5.482776091e-03
5.428665161e+02,-2.112954389e-03
5.430910645e+02,6.982292049e-03
5.433156738e+02,1.653557271e-02
5.435402832e+02,-2.710852399e-02
5.437648315e+02,-4.043240566e-03
5.439895020e+02,-4.730291665e-03
5.442141113e+02,4.364954773e-03
5.444387207e+02,-1.647559181e-02
5.446633911e+02,9.043444879e-03
5.448880615e+02,1.120274793e-02
5.451127319e+02,-9.866815992e-03
5.453374023e+02,-2.043431439e-02
5.455620728e+02,-7.969246246e-03
5.457867432e+02,4.179287702e-02
5.460114746e+02,-5.155608989e-03
5.462362061e+02,-2.027073130e-02
5.464609375e+02,-1.022669952e-02
5.466856689e+02,-1.327753300e-03
5.469104004e+02,-1.987813041e-02
5.471351929e+02,-1.408727188e-02
5.473599243e+02,-1.235328615e-02
5.475847168e+02,4.986572545e-03
5.478095093e+02,-2.105593123e-02
5.480343018e+02,-3.057649545e-02
5.482591553e+02,2.167209610e-02
5.484839478e+02,-7.380345371e-03
5.487088013e+02,-6.464277394e-03
5.489336548e+02,-1.712992601e-02
5.491585083e+02,-3.136169538e-02
5.493833618e+02,-3.781506792e-03
5.496082764e+02,5.272025988e-02
5.498331299e+02,1.725533977e-02
5.500580444e+02,-2.943141013e-02
5.502829590e+02,1.421268564e-02
5.505078735e+02,1.247869991e-02
5.507327881e+02,4.037787672e-03
5.509577637e+02,-1.510148961e-02
5.511826782e+02,-8.394563571e-03
5.514076538e+02,1.548863761e-02
5.516326294e+02,-9.834098630e-03
5.518576050e+02,-3.175429627e-02
5.520825806e+02,-9.539648890e-03
5.523076172e+02,-4.795724992e-03
5.525325928e+02,-2.079419792e-02
5.527576294e+02,3.154436592e-03
5.529826660e+02,2.794552594e-03
5.532077026e+02,-1.179710217e-02
5.534328003e+02,-5.180146400e-05
5.536578369e+02,6.982292049e-03
5.538829346e+02,1.395095233e-02
5.541080322e+02,2.925419481e-03
5.543331299e+02,-2.599615604e-02
5.545582275e+02,-1.477432251e-02
5.547833252e+02,9.992229752e-03
5.550084839e+02,2.311163209e-02
5.552335815e+02,-2.337881923e-02
5.554587402e+02,-2.524367161e-02
5.556838989e+02,3.269762918e-02
5.559091187e+02,3.874204122e-03
5.561342773e+02,3.302479535e-02
5.563594971e+02,-2.687950619e-02
5.565846558e+02,4.103221465e-03
5.568098755e+02,1.889117621e-02
5.570350952e+02,8.552694693e-03
5.572603760e+02,-2.079419792e-02
5.574855957e+02,1.270771679e-02
5.577108765e+02,-9.768665768e-03
5.579360962e+02,-2.494922094e-02
5.581613770e+02,-3.640007228e-02
5.583866577e+02,-3.748790128e-03
5.586119995e+02,-5.221042316e-03
5.588372803e+02,-1.575582474e-02
5.590626221e+02,-3.424076736e-02
5.592879028e+02,-2.047521062e-03
5.595132446e+02,-2.210286632e-02
5.597386475e+02,-6.595144514e-03
5.599639893e+02,-5.450059194e-03
5.601893311e+02,2.532819053e-03
5.604147339e+02,5.016835406e-02
5.606401367e+02,4.663494974e-02
5.608655396e+02,1.892389357e-02
5.610909424e+02,1.616750960e-03
5.613163452e+02,9.795929305e-03
5.615418091e+02,-2.800005488e-03
5.617672119e+02,2.098504640e-02
5.619926758e+02,1.732077450e-02
5.622181396e+02,-1.601755805e-02
5.624436646e+02,-1.663917489e-02
5.626691284e+02,-9.016181342e-03
5.628945923e+02,4.626688547e-03
5.631201172e+02,7.702059578e-03
5.633456421e+02,-1.164169749e-03
5.635711670e+02,1.578308828e-02
5.637966919e+02,1.964366063e-02
5.640222778e+02,9.272461757e-03
5.642478027e+02,-7.543928921e-03
5.644733887e+02,1.506332029e-02
5.646989746e+02,-1.196886413e-03
5.649245605e+02,3.285303479e-03
5.651501465e+02,-2.197200060e-02
5.653757935e+02,3.056286369e-03
5.656013794e+02,-3.258039476e-03
5.658270264e+02,3.449704871e-02
5.660526733e+02,-2.377142012e-02
5.662783203e+02,-1.032484975e-02
5.665039673e+02,-1.687637181e-03
5.667296753e+02,2.069059573e-02
5.669553223e+02,1.018853020e-02
5.671810303e+02,-1.084831730e-02
5.674067383e+02,2.049429528e-02
5.676324463e+02,-2.898155712e-03
5.678581543e+02,-1.634472422e-02
5.680839233e+02,4.087680951e-02
5.683096313e+02,-9.801382199e-03
5.685354004e+02,-1.254958659e-02
5.687611694e+02,-1.942009665e-02
5.689869385e+02,1.797510870e-02
5.692127686e+02,2.517278492e-02
5.694385376e+02,1.552135404e-02
5.696643677e+02,3.056286369e-03
5.698901978e+02,-1.111005060e-02
5.701160278e+02,-1.654102467e-02
5.703418579e+02,6.335318834e-02
5.705676880e+02,-2.308436856e-02
5.707935791e+02,5.471597984e-02
5.710194092e+02,-2.669138601e-03
5.712453003e+02,-3.388906363e-03
5.714711914e+02,-1.376010478e-02
5.716970825e+02,-1.411998831e-02
5.719230347e+02,2.412584983e-02
5.721489258e+02,4.496639594e-02
5.723748779e+02,-2.295350097e-02
5.726008301e+02,-1.137178484e-02
5.728267822e+02,-3.912373912e-03
5.730527344e+02,4.041877389e-02
5.732786865e+02,-9.024360334e-04
5.735046997e+02,-3.029022366e-03
5.737307129e+02,2.630969044e-03
5.739566650e+02,-4.992025439e-03
5.741826782e+02,-7.772945799e-03
5.744087524e+02,-1.908474951e-05
5.746347656e+02,1.097373106e-02
5.748608398e+02,-2.907152660e-02
5.750868530e+02,-8.918031119e-03
5.753129272e+02,-5.973526742e-03
5.755390015e+02,-3.135351872e-04
5.757651367e+02,-5.090175662e-03
5.759912109e+02,-2.278991789e-02
5.762173462e+02,-3.912373912e-03
5.764434204e+02,3.579753917e-03
5.766695557e+02,-1.238600258e-02
5.768956909e+02,-1.987813041e-02
5.771218872e+02,2.009351505e-03
5.773480225e+02,-6.922311615e-03
5.775742188e+02,-1.107733417e-02
5.778003540e+02,-1.703177579e-02
5.780265503e+02,-8.034680039e-03
5.782527466e+02,2.713578753e-02
5.784790039e+02,9.141595103e-03
5.787052002e+02,-2.049974725e-02
5.789314575e+02,-1.003039908e-02
5.791577148e+02,-6.366127171e-03
5.793839111e+02,-5.057458766e-03
5.796102295e+02,-1.618114114e-02
5.798364868e+02,8.259061724e-02
5.800627441e+02,-1.916654175e-03
5.802890625e+02,-2.115408145e-02
5.805153809e+02,-5.057458766e-03
5.807416992e+02,2.426489664e-04
5.809680176e+02,-6.137110293e-03
5.811943359e+02,-1.284403633e-02
5.814207153e+02,7.767493371e-03
5.816470337e+02,5.625366420e-02
5.818734131e+02,1.889117621e-02
5.820997925e+02,-2.996305702e-03
5.823261719e+02,-1.843859442e-02
5.825526123e+02,4.692121875e-03
5.827789917e+02,-1.827501133e-02
5.830054321e+02,1.022124663e-02
5.832318726e+02,-2.178387949e-03
5.834583130e+02,-7.282195147e-03
5.836847534e+02,-1.290947013e-02
5.839111938e+02,9.141595103e-03
5.841376953e+02,-1.856946200e-02
5.843641357e+02,1.813051291e-03
5.845906372e+02,1.483430341e-02
5.848171387e+02,-2.311708406e-02
5.850436401e+02,-2.609430626e-02
5.852702026e+02,3.350736806e-03
5.854967041e+02,2.307891473e-02
5.857232666e+02,-1.948552951e-02
5.859498291e+02,-9.114331566e-03
5.861763916e+02,-5.024741869e-03
5.864029541e+02,1.813051291e-03
5.866295166e+02,-2.276537940e-03
5.868561401e+02,-3.106724657e-02
5.870827026e+02,4.986572545e-03
5.873093262e+02,-4.771187378e-04
5.875359497e+02,-2.632332221e-02
5.877625732e+02,-3.168886527e-02
5.879892578e+02,7.906539395e-05
5.882158813e+02,-1.225513592e-02
5.884425659e+02,-1.094646752e-02
5.886692505e+02,3.481603693e-03
5.888959351e+02,2.347151563e-02
5.891226196e+02,-6.856877822e-03
5.893493652e+02,4.257807881e-02
5.895760498e+02,-8.198263124e-03
5.898027954e+02,3.796502203e-02
5.900295410e+02,-2.040159702e-02
5.902562866e+02,3.328653052e-02
5.904830322e+02,-1.035756618e-02
5.907097778e+02,-8.697193116e-04
5.909365845e+02,-4.108673893e-03
5.911633911e+02,-2.386956848e-02
5.913901978e+02,-1.366195455e-02
5.916170044e+02,2.892702818e-03
5.918438110e+02,-9.147047997e-03
5.920706177e+02,-1.870032772e-02
5.922974854e+02,-2.766470797e-02
5.925242920e+02,4.470466450e-02
5.927511597e+02,-5.711792968e-03
5.929780273e+02,9.468762204e-03
5.932049561e+02,2.042068169e-03
5.934318237e+02,2.713578753e-02
5.936587524e+02,1.296945103e-02
5.938856201e+02,4.135937896e-03
5.941125488e+02,-5.384625867e-03
5.943394775e+02,8.290960453e-03
5.945664673e+02,2.205651719e-03
5.947933960e+02,-7.151328493e-03
5.950203857e+02,-3.650639905e-03
5.952473145e+02,2.517278492e-02
5.954743042e+02,4.035333917e-02
5.957012939e+02,-1.333478745e-02
5.959283447e+02,-8.230979554e-03
5.961553345e+02,8.356394246e-03
5.963823853e+02,-9.343348444e-03
5.966093750e+02,-1.726079360e-02
5.968364258e+02,6.655124947e-03
5.970634766e+02,1.158716972e-03
5.972905884e+02,1.705903932e-02
5.975176392e+02,5.935357418e-03
5.977447510e+02,-2.887522615e-02
5.979718018e+02,1.905475929e-02
5.981989136e+02,-1.189525239e-02
5.984260254e+02,-1.807871088e-02
5.986531982e+02,-2.596343867e-02
5.988803101e+02,-1.526507363e-02
5.991074829e+02,-9.212481789e-03
5.993345947e+02,2.693948708e-02
5.995617676e+02,-2.867892571e-02
5.997889404e+02,6.491541397e-03
6.000161743e+02,3.374456242e-02
6.002433472e+02,-1.487247273e-02
6.004705811e+02,6.687841844e-03
6.006977539e+02,-1.434900519e-02
6.009249878e+02,1.391823590e-02
6.011522217e+02,-7.445778698e-03
6.013795166e+02,-1.654102467e-02
6.016067505e+02,7.832926698e-03
6.018340454e+02,-3.519773250e-03
6.020612793e+02,-3.323472803e-03
6.022885742e+02,-1.461073942e-02
6.025158691e+02,5.542756524e-03
6.027432251e+02,1.772155374e-04
6.029705200e+02,1.614297181e-02
6.031978760e+02,1.911201398e-03
6.034251709e+02,2.536908537e-02
6.036525269e+02,-5.450059194e-03
6.038798828e+02,-8.721730672e-03
6.041072998e+02,-1.843859442e-02
6.043346558e+02,4.528538324e-03
6.045620728e+02,1.326390076e-02
6.047894287e+02,-2.275720052e-02
6.050168457e+02,-1.712992601e-02
6.052442627e+02,1.493245363e-02
6.054717407e+02,-5.973526742e-03
6.056991577e+02,1.683002338e-02
6.059266357e+02,1.117821084e-04
6.061540527e+02,1.772155374e-04
6.063815308e+02,-2.603705274e-03
6.066090698e+02,1.522690430e-02
6.068365479e+02,-2.207015082e-02
6.070640259e+02,2.608885244e-02
6.072915649e+02,-7.707512472e-03
6.075191040e+02,5.906730145e-02
6.077465820e+02,-1.470888965e-02
6.079741821e+02,7.143422216e-02
6.082017212e+02,-8.525430225e-03
6.084292603e+02,6.098940969e-03
6.086568604e+02,1.365650166e-02
6.088844604e+02,-1.179710217e-02
6.091119995e+02,-8.656296879e-03
6.093396606e+02,-1.066019642e-03
6.095672607e+02,4.201371223e-03
6.097948608e+02,-1.418542210e-02
6.100225220e+02,5.575473420e-03
6.102501831e+02,5.056095496e-02
6.104777832e+02,2.664503641e-02
6.107055054e+02,-1.902749576e-02
6.109331665e+02,6.720558275e-03
6.111608276e+02,4.902327061e-02
6.113885498e+02,-1.340022124e-02
6.116162720e+02,2.630969044e-03
6.118439331e+02,-5.875376519e-03
6.120716553e+02,1.616750960e-03
6.122994385e+02,-1.477432251e-02
6.125271606e+02,-1.608299091e-02
6.127549438e+02,-1.804599352e-02
6.129826660e+02,1.287130080e-02
6.132104492e+02,2.464931831e-02
6.134382324e+02,2.468203381e-02
6.136660767e+02,-6.627860945e-03
6.138938599e+02,3.171612695e-02
6.141217041e+02,-7.478495594e-03
6.143494873e+02,5.160789192e-02
6.145773315e+02,7.178592496e-03
6.148051758e+02,-1.562495716e-02
6.150330811e+02,3.135624528e-02
6.152609253e+02,2.847717330e-02
6.154887695e+02,8.814428002e-03
6.157166748e+02,-1.130635105e-02
6.159445801e+02,4.051692411e-02
6.161724854e+02,4.283981025e-02
6.164003906e+02,-7.511212490e-03
6.166283569e+02,-7.085895166e-03
6.168562622e+02,-1.395640522e-02
6.170842285e+02,7.113158703e-03
6.173121948e+02,4.070504569e-03
6.175401611e+02,1.817140914e-02
6.177681274e+02,-1.229603193e-03
6.179961548e+02,4.840165377e-02
6.182241211e+02,9.730496444e-03
6.184521484e+02,1.915290952e-02
6.186801758e+02,-1.503605675e-02
6.189082031e+02,4.274166003e-02
6.191362305e+02,9.174311534e-03
6.193642578e+02,-1.327753300e-03
6.195923462e+02,2.330793254e-02
6.198203735e+02,1.022124663e-02
6.200484619e+02,1.270771679e-02
6.202765503e+02,2.549995296e-02
6.205046997e+02,2.095232904e-02
6.207327881e+02,5.425794423e-02
6.209608765e+02,1.650285535e-02
6.211890259e+02,2.150851302e-02
6.214171753e+02,-1.524053630e-03
6.216453247e+02,3.367913142e-02
6.218734741e+02,2.242458053e-02
6.221016846e+02,1.224968303e-02
6.223298340e+02,1.804054156e-02
6.225580444e+02,1.774609089e-02
6.227862549e+02,2.049429528e-02
6.230144653e+02,1.817140914e-02
6.232426758e+02,1.306760125e-02
6.234708862e+02,6.884141825e-03
6.236991577e+02,3.354826570e-02
6.239273682e+02,5.346456543e-03
6.241556396e+02,2.055972815e-02
6.243839111e+02,7.467317581e-02
6.246121826e+02,4.064778984e-02
6.248404541e+02,1.745164022e-02
6.250687866e+02,6.335318834e-02
6.252971191e+02,1.417996921e-02
6.255253906e+02,4.781275243e-02
6.257537231e+02,3.626375273e-02
6.259821167e+02,3.345011547e-02
6.262104492e+02,4.823806882e-02
6.264387817e+02,3.112722747e-02
6.266671753e+02,1.132134646e-01
6.268955688e+02,7.038728148e-02
6.271239624e+02,3.897923976e-02
6.273523560e+02,3.282849491e-02
6.275807495e+02,4.166200757e-02
6.278092041e+02,4.563697055e-02
6.280375977e+02,2.988141589e-02
6.282660522e+02,4.186699912e-02
6.284945068e+02,5.220272020e-02
6.287229614e+02,4.095528647e-02
6.289514160e+02,6.492893398e-02
6.291799316e+02,4.647319764e-02
6.294083862e+02,5.340407789e-02
6.296369019e+02,6.933212280e-02
6.298654175e+02,4.351489246e-02
6.300939331e+02,4.412866011e-02
6.303224487e+02,3.909030929e-02
6.305510254e+02,8.933739364e-02
6.307795410e+02,4.085777700e-02
6.310081177e+02,7.053536922e-02
6.312366943e+02,9.902113676e-02
6.314652710e+02,7.717242092e-02
6.316938477e+02,6.290696561e-02
6.319224854e+02,3.539680317e-02
6.321510620e+02,5.393581465e-02
6.323796997e+02,6.258330494e-02
6.326083374e+02,6.272182614e-02
6.328369751e+02,8.664493263e-02
6.330656128e+02,3.577318788e-02
6.332943115e+02,9.955929965e-02
6.335229492e+02,9.458808601e-02
6.337516479e+02,7.207606733e-02
6.339803467e+02,8.525695652e-02
6.342090454e+02,5.149779096e-02
6.344377441e+02,6.002017483e-02
6.346664429e+02,5.504756421e-02
6.348952026e+02,1.018996686e-01
6.351239624e+02,1.068091244e-01
6.353526611e+02,5.384359509e-02
6.355814819e+02,8.708889037e-02
6.358102417e+02,8.426848054e-02
6.360390015e+02,7.062320411e-02
6.362678223e+02,8.558080345e-02
6.364965820e+02,6.717748195e-02
6.367254028e+02,8.432480693e-02
6.369542236e+02,7.727195323e-02
6.371830444e+02,6.359944493e-02
6.374119263e+02,1.032619551e-01
6.376407471e+02,7.334125042e-02
6.378696289e+02,7.073408365e-02
6.380984497e+02,8.578814566e-02
6.383273315e+02,6.512480974e-02
6.385562744e+02,7.727859914e-02
6.387851562e+02,1.058758125e-01
6.390140381e+02,1.117822006e-01
6.392429810e+02,9.006278962e-02
6.394719238e+02,7.013887912e-02
6.397008667e+02,8.747626841e-02
6.399298096e+02,1.103681028e-01
6.401587524e+02,1.013768613e-01
6.403877563e+02,1.383455396e-01
6.406166992e+02,8.381218463e-02
6.408457031e+02,9.023611248e-02
6.410747070e+02,7.880622149e-02
6.413037109e+02,7.903832942e-02
6.415327148e+02,1.108459458e-01
6.417617798e+02,1.020695046e-01
6.419907837e+02,6.751791388e-02
6.422198486e+02,7.200425863e-02
6.424489136e+02,1.029940769e-01
6.426779785e+02,8.485092223e-02
6.429070435e+02,7.802319527e-02
6.431361694e+02,1.119876727e-01
6.433652344e+02,9.576871246e-02
6.435943604e+02,1.092369258e-01
6.438234863e+02,7.165214419e-02
6.440526123e+02,8.413129300e-02
6.442817383e+02,7.932041585e-02
6.445108643e+02,7.544140518e-02
6.447400513e+02,7.862392068e-02
6.449692383e+02,7.366205007e-02
6.451983643e+02,8.696729690e-02
6.454275513e+02,8.485981077e-02
6.456567993e+02,9.297066182e-02
6.458859863e+02,8.648172766e-02
6.461151733e+02,9.596262127e-02
6.463444214e+02,8.107083291e-02
6.465736694e+02,8.444665372e-02
6.468029175e+02,6.442772597e-02
6.470321655e+02,1.025691628e-01
6.472614136e+02,1.082824990e-01
6.474907227e+02,7.519175857e-02
6.477200317e+02,1.042219475e-01
6.479492798e+02,1.034622267e-01
6.481785889e+02,9.972675145e-02
6.484078979e+02,1.030605063e-01
6.486372681e+02,1.094109863e-01
6.488665771e+02,1.035340428e-01
6.490959473e+02,8.875593543e-02
6.493253174e+02,1.032694504e-01
6.495546265e+02,8.338075876e-02
6.497840576e+02,9.401113540e-02
6.500134277e+02,9.814790636e-02
6.502427979e+02,1.236507297e-01
6.504722290e+02,7.757467031e-02
6.507016602e+02,9.586796165e-02
6.509310303e+02,9.575140476e-02
6.511605225e+02,7.769089937e-02
6.513899536e+02,1.291284561e-01
6.516193848e+02,1.240657419e-01
6.518488770e+02,1.175346300e-01
6.520783081e+02,8.137717843e-02
6.523078003e+02,1.258480102e-01
6.525372925e+02,9.251721948e-02
6.527667847e+02,1.015464887e-01
6.529963379e+02,8.464328945e-02
6.532258301e+02,1.012055650e-01
6.534553833e+02,9.906626493e-02
6.536849365e+02,1.058420241e-01
6.539144897e+02,9.840627015e-02
6.541440430e+02,1.121921539e-01
6.543735962e+02,1.005271524e-01
6.546032104e+02,1.187653691e-01
6.548327637e+02,1.199619174e-01
6.550623779e+02,1.058425233e-01
6.552919922e+02,1.105424240e-01
6.555216064e+02,1.085409001e-01
6.557512817e+02,9.376111627e-02
6.559808960e+02,9.119569510e-02
6.562105713e+02,1.030962542e-01
6.564402466e+02,1.105869114e-01
6.566698608e+02,1.101046726e-01
6.568995972e+02,1.095603630e-01
6.571292725e+02,9.244452417e-02
6.573589478e+02,1.521321684e-01
6.575886841e+02,1.004396453e-01
6.578184204e+02,1.274487674e-01
6.580480957e+02,1.058961004e-01
6.582778931e+02,1.500337869e-01
6.585076294e+02,1.053526476e-01
6.587373657e+02,8.587495983e-02
6.589671631e+02,1.168633625e-01
6.591968994e+02,1.140840948e-01
6.594266968e+02,1.010921597e-01
6.596564941e+02,1.255106330e-01
6.598862915e+02,1.151750609e-01
6.601161499e+02,1.039004102e-01
6.603459473e+02,1.301098764e-01
6.605758057e+02,1.122319624e-01
6.608056641e+02,1.304551661e-01
6.610355225e+02,1.421023160e-01
6.612653809e+02,1.005520970e-01
6.614952393e+02,1.369657964e-01
6.617251587e+02,1.444906443e-01
6.619550171e+02,1.015990302e-01
6.621849365e+02,1.131153107e-01
6.624148560e+02,1.455702931e-01
6.626447754e+02,1.258094013e-01
6.628747559e+02,1.188734546e-01
6.631046753e+02,1.077497751e-01
6.633346558e+02,1.407282203e-01
6.635645752e+02,1.512629986e-01
6.637945557e+02,1.265946031e-01
6.640245361e+02,1.150455996e-01
6.642545776e+02,1.296699643e-01
6.644845581e+02,1.167141497e-01
6.647145386e+02,1.385034770e-01
6.649445801e+02,1.256458163e-01
6.651746216e+02,1.159943864e-01
6.654046631e+02,1.141622514e-01
6.656347046e+02,1.352318078e-01
6.658648071e+02,9.489209950e-02
6.660948486e+02,9.855637699e-02
6.663249512e+02,1.411208212e-01
6.665550537e+02,1.143912673e-01
6.667851562e+02,1.378491521e-01
6.670152588e+02,1.346101910e-01
6.672453613e+02,1.362133175e-01
6.674755249e+02,1.368676424e-01
6.677056274e+02,1.154709160e-01
6.679357910e+02,1.141949669e-01
6.681659546e+02,1.241081282e-01
6.683961182e+02,1.169431657e-01
6.686262817e+02,1.260711253e-01
6.688565063e+02,1.143912673e-01
6.690866699e+02,1.415134221e-01
6.693168945e+02,1.151437461e-01
6.695471191e+02,1.167795882e-01
6.697773438e+02,1.110214442e-01
6.700075684e+02,1.448505223e-01
6.702378540e+02,1.386016309e-01
6.704680786e+02,1.045762524e-01
6.706983643e+02,1.169104502e-01
6.709286499e+02,1.565631032e-01
6.711589355e+02,1.516555995e-01
6.713892212e+02,1.061139330e-01
6.716195679e+02,1.227667406e-01
6.718498535e+02,1.204111427e-01
6.720802002e+02,1.213599220e-01
6.723105469e+02,1.224068627e-01
6.725408936e+02,1.068337038e-01
6.727712402e+02,1.150783151e-01
6.730015869e+02,1.500197649e-01
6.732319336e+02,9.894897789e-02
6.734623413e+02,1.047725528e-01
6.736927490e+02,1.246643141e-01
6.739231567e+02,1.370312274e-01
6.741535645e+02,1.178919524e-01
6.743839722e+02,1.070627198e-01
6.746144409e+02,1.358207166e-01
6.748448486e+02,1.415134221e-01
6.750753174e+02,1.063429564e-01
6.753057861e+02,1.208691746e-01
6.755362549e+02,1.165178493e-01
6.757667236e+02,1.303897351e-01
6.759971924e+02,1.453085542e-01
6.762277222e+02,1.187098697e-01
6.764582520e+02,1.240754128e-01
6.766887817e+02,1.255149543e-01
6.769193115e+02,1.128535792e-01
6.771498413e+02,1.217198074e-01
6.773803711e+02,1.336614043e-01
6.776109619e+02,1.532914340e-01
6.778414917e+02,1.149801686e-01
6.780720825e+02,1.448832452e-01
6.783026733e+02,1.523753703e-01
6.785332642e+02,1.616669148e-01
6.787638550e+02,9.767302126e-02
6.789945068e+02,1.345774829e-01
6.792250977e+02,1.256458163e-01
6.794557495e+02,1.306841820e-01
6.796864014e+02,1.884946227e-01
6.799170532e+02,1.061793715e-01
6.801477051e+02,1.224722937e-01
6.803784180e+02,1.319601387e-01
6.806090698e+02,1.113158911e-01
6.808397827e+02,1.495944560e-01
6.810704956e+02,1.447523683e-01
6.813012085e+02,1.615033299e-01
6.815319214e+02,1.125918478e-01
6.817626343e+02,1.200512573e-01
6.819934082e+02,1.506413817e-01
6.822241821e+02,1.491037011e-01
6.824548950e+02,1.186444387e-01
6.826856689e+02,1.162234023e-01
6.829164429e+02,1.387979388e-01
6.831472778e+02,1.235846579e-01
6.833780518e+02,1.240754128e-01
6.836088867e+02,1.154709160e-01
6.838397217e+02,1.242062822e-01
6.840705566e+02,1.210327595e-01
6.843013916e+02,1.252204925e-01
6.845322266e+02,1.170413196e-01
6.847630615e+02,1.622558236e-01
6.849939575e+02,1.545673907e-01
6.852248535e+02,1.298335493e-01
6.854556885e+02,1.148820147e-01
6.856865845e+02,1.154709160e-01
6.859175415e+02,1.286557466e-01
6.861484375e+02,1.269217730e-01
6.863793335e+02,1.311749369e-01
6.866102905e+02,2.643319666e-01
6.868412476e+02,1.296045333e-01
6.870722046e+02,1.634990573e-01
6.873031616e+02,1.436727196e-01
6.875341187e+02,1.448832452e-01
6.877651367e+02,1.342830211e-01
6.879960938e+02,1.295391023e-01
6.882271118e+02,1.612743139e-01
6.884581299e+02,1.385689229e-01
6.886891479e+02,1.234210804e-01
6.889201660e+02,1.339231431e-01
6.891512451e+02,1.196586564e-01
6.893822632e+02,1.129190102e-01
6.896133423e+02,1.178592369e-01
6.898444214e+02,1.433782727e-01
6.900755005e+02,9.803290665e-02
6.903065796e+02,1.391250938e-01
6.905377197e+02,1.473369896e-01
6.907687988e+02,1.105634123e-01
6.909999390e+02,1.438690275e-01
6.912310181e+02,1.150783151e-01
6.914621582e+02,1.186117232e-01
6.916933594e+02,1.249914765e-01
6.919244995e+02,1.216543764e-01
6.921556396e+02,1.360170096e-01
6.923868408e+02,1.032348648e-01
6.926180420e+02,1.035947502e-01
6.928492432e+02,1.518191844e-01
6.930804443e+02,1.094837561e-01
6.933116455e+02,1.050015688e-01
6.935428467e+02,9.476123750e-02
6.937741089e+02,1.264310181e-01
6.940053711e+02,1.292773634e-01
6.942365723e+02,1.328434944e-01
6.944678345e+02,1.084368229e-01
6.946991577e+02,1.419387311e-01
6.949304199e+02,1.121338084e-01
6.951616821e+02,9.374701977e-02
6.953930054e+02,9.561187029e-02
6.956243286e+02,1.387652159e-01
6.958556519e+02,1.113158911e-01
6.960869751e+02,9.613534063e-02
6.963182983e+02,1.267908961e-01
6.965496826e+02,1.472715586e-01
6.967810059e+02,1.286557466e-01
6.970123901e+02,1.016644612e-01
6.972437744e+02,9.139141440e-02
6.974751587e+02,1.415461302e-01
6.977065430e+02,1.162888333e-01
6.979379272e+02,1.024823785e-01
6.981693726e+02,1.035947502e-01
6.984008179e+02,1.283285916e-01
6.986322021e+02,1.271180660e-01
6.988636475e+02,1.019589156e-01
6.990951538e+02,1.033330187e-01
6.993265991e+02,1.633354723e-01
6.995580444e+02,1.170740351e-01
6.997895508e+02,1.128535792e-01
7.000210571e+02,8.455362171e-02
7.002525635e+02,1.104979739e-01
7.004840698e+02,1.905557811e-01
7.007155762e+02,9.361615032e-02
7.009470825e+02,9.008274972e-02
7.011786499e+02,1.276742518e-01
7.014102173e+02,1.520154923e-01
7.016417847e+02,1.315348297e-01
7.018733521e+02,1.275433898e-01
7.021049194e+02,1.156017855e-01
7.023364868e+02,1.586242616e-01
7.025681152e+02,1.023842320e-01
7.027996826e+02,9.786932170e-02
7.030313110e+02,1.212944910e-01
7.032629395e+02,1.257766783e-01
7.034945679e+02,1.045762524e-01
7.037261963e+02,1.116103455e-01
7.039578857e+02,1.286557466e-01
7.041895142e+02,1.028749794e-01
7.044212036e+02,1.002576426e-01
7.046528931e+02,1.523426473e-01
7.048845825e+02,1.435745806e-01
7.051162720e+02,9.253650159e-02
7.053480225e+02,1.303897351e-01
7.055797119e+02,9.054078162e-02
7.058114624e+02,1.558760554e-01
7.060432129e+02,1.215235069e-01
7.062749634e+02,9.878539294e-02
7.065067139e+02,9.629891813e-02
7.067384644e+02,9.731314331e-02
7.069702759e+02,8.452090621e-02
7.072020264e+02,1.659200937e-01
7.074338379e+02,1.035620347e-01
7.076656494e+02,8.851234615e-02
7.078974609e+02,1.114140451e-01
7.081292725e+02,8.200171590e-02
7.083611450e+02,1.996837407e-01
7.085929565e+02,1.301934421e-01
7.088248291e+02,1.754406542e-01
7.090567017e+02,8.955927938e-02
7.092885742e+02,8.969014883e-02
7.095204468e+02,1.143585443e-01
7.097523193e+02,1.451122612e-01
7.099842529e+02,1.139986664e-01
7.102161255e+02,1.084695384e-01
7.104480591e+02,1.262674332e-01
7.106799927e+02,1.024169475e-01
7.109119263e+02,8.864320815e-02
7.111439209e+02,9.368158132e-02
7.113758545e+02,1.418405920e-01
7.116078491e+02,1.323854625e-01
7.118397827e+02,1.065719724e-01
7.120717773e+02,9.564458579e-02
7.123037720e+02,1.000940576e-01
7.125357666e+02,1.068009883e-01
7.127678223e+02,9.256921709e-02
7.129998169e+02,9.099881351e-02
7.132318726e+02,1.235192269e-01
7.134639282e+02,1.177938059e-01
7.136959839e+02,8.844690770e-02
7.139280396e+02,1.102689579e-01
7.141600952e+02,1.171067506e-01
7.143921509e+02,9.842550755e-02
7.146242676e+02,1.080115065e-01
7.148563843e+02,1.012064293e-01
7.150885010e+02,8.569870889e-02
7.153206177e+02,1.011737138e-01
7.155527344e+02,8.995188028e-02
7.157848511e+02,1.003885120e-01
7.160170288e+02,1.218179613e-01
7.162491455e+02,1.283285916e-01
7.164813232e+02,1.261365712e-01
7.167135010e+02,1.083059534e-01
7.169456787e+02,1.298989803e-01
7.171779175e+02,1.241408437e-01
7.174100952e+02,1.229957640e-01
7.176423340e+02,7.869733125e-02
7.178745117e+02,1.210000440e-01
7.181067505e+02,1.148820147e-01
7.183389893e+02,8.576413989e-02
7.185712891e+02,1.130825952e-01
7.188035278e+02,9.754215926e-02
7.190358276e+02,1.153727695e-01
7.192680664e+02,1.003885120e-01
7.195003662e+02,8.861049265e-02
7.197326660e+02,8.353940398e-02
7.199649658e+02,1.164851338e-01
7.201972656e+02,1.030385643e-01
7.204296265e+02,7.411698997e-02
7.206619873e+02,1.008138284e-01
7.208942871e+02,9.597175568e-02
7.211266479e+02,1.098763570e-01
7.213590088e+02,1.188407391e-01
7.215913696e+02,1.087639928e-01
7.218237915e+02,1.195605025e-01
7.220561523e+02,1.256785244e-01
7.222885742e+02,9.590632468e-02
7.225209961e+02,9.106424451e-02
7.227534180e+02,1.052633002e-01
7.229858398e+02,6.996196508e-02
7.232182617e+02,7.238300145e-02
7.234507446e+02,1.001922116e-01
7.236831665e+02,8.661477268e-02
7.239156494e+02,1.209346056e-01
7.241481323e+02,8.825060725e-02
7.243806152e+02,7.853374630e-02
7.246130981e+02,1.169104502e-01
7.248456421e+02,1.080115065e-01
7.250781250e+02,8.877407759e-02
7.253106689e+02,8.435732126e-02
7.255432129e+02,8.092206717e-02
7.257757568e+02,7.156508416e-02
7.260083008e+02,9.554643929e-02
7.262408447e+02,7.778126001e-02
7.264734497e+02,1.286884695e-01
7.267059937e+02,7.212127000e-02
7.269385986e+02,9.662608802e-02
7.271712036e+02,1.104652584e-01
7.274038086e+02,7.846831530e-02
7.276364136e+02,8.520795405e-02
7.278690796e+02,6.950393319e-02
7.281016846e+02,8.154368401e-02
7.283343506e+02,9.227476269e-02
7.285670166e+02,9.279823303e-02
7.287996826e+02,6.989653409e-02
7.290323486e+02,6.636312604e-02
7.292650146e+02,8.969014883e-02
7.294976807e+02,7.140149921e-02
7.297304077e+02,7.738865912e-02
7.299631348e+02,8.242703229e-02
7.301958618e+02,9.970145673e-02
7.304285889e+02,9.413962066e-02
7.306613159e+02,1.003885120e-01
7.308940430e+02,9.273280203e-02
7.311268311e+02,8.664748818e-02
7.313596191e+02,5.429065973e-02
7.315923462e+02,6.675572693e-02
7.318251343e+02,7.091075182e-02
7.320579834e+02,8.196900040e-02
7.322907715e+02,6.181550398e-02
7.325235596e+02,5.039737001e-02
7.327564087e+02,8.213258535e-02
7.329892578e+02,8.497893810e-02
7.332220459e+02,9.207846224e-02
7.334549561e+02,8.026773483e-02
7.336878052e+02,8.206715435e-02
7.339206543e+02,8.275420219e-02
7.341535645e+02,5.213135853e-02
7.343864136e+02,1.033657342e-01
7.346193237e+02,7.077988237e-02
7.348522339e+02,8.861049265e-02
7.350851440e+02,5.792221427e-02
7.353180542e+02,6.904590130e-02
7.355510254e+02,9.924342483e-02
7.357839355e+02,6.678844243e-02
7.360169067e+02,5.239308998e-02
7.362498779e+02,6.561064720e-02
7.364828491e+02,7.634172589e-02
7.367158203e+02,6.613411009e-02
7.369488525e+02,6.230625510e-02
7.371818237e+02,6.574150920e-02
7.374148560e+02,9.849093854e-02
7.376478882e+02,8.003871143e-02
7.378809204e+02,9.106424451e-02
7.381139526e+02,6.574150920e-02
7.383469849e+02,6.649399549e-02
7.385800171e+02,6.989653409e-02
7.388131104e+02,6.037596986e-02
7.390462036e+02,9.132598341e-02
7.392792358e+02,6.142290309e-02
7.395123291e+02,1.113813296e-01
7.397454834e+02,6.871873140e-02
7.399785767e+02,8.730182797e-02
7.402116699e+02,7.529479265e-02
7.404448242e+02,7.935166359e-02
7.406779785e+02,7.365895808e-02
7.409111328e+02,8.880679309e-02
7.411442871e+02,7.042000443e-02
7.413774414e+02,7.221941650e-02
7.416105957e+02,7.202312350e-02
7.418438110e+02,5.782406405e-02
7.420770264e+02,7.536022365e-02
7.423102417e+02,8.811974525e-02
7.425434570e+02,4.405032843e-02
7.427766724e+02,9.868723899e-02
7.430098877e+02,6.613411009e-02
7.432431030e+02,7.722507417e-02
7.434763794e+02,5.746418238e-02
7.437096558e+02,4.555529729e-02
7.439429321e+02,5.196777359e-02
7.441762085e+02,7.621085644e-02
7.444094849e+02,7.607999444e-02
7.446427612e+02,6.848971546e-02
7.448760986e+02,7.670161128e-02
7.451094360e+02,7.902449369e-02
7.453427124e+02,7.581825554e-02
7.455760498e+02,6.407295913e-02
7.458093872e+02,8.563327044e-02
7.460427856e+02,9.881810844e-02
7.462761230e+02,5.471597984e-02
7.465095215e+02,4.866338521e-02
7.467428589e+02,6.544706225e-02
7.469762573e+02,8.524066955e-02
7.472096558e+02,4.866338521e-02
7.474431152e+02,8.016958088e-02
7.476765137e+02,7.545837760e-02
7.479099121e+02,7.859917730e-02
7.481433716e+02,5.461782962e-02
7.483768311e+02,9.018089622e-02
7.486102905e+02,6.770451367e-02
7.488437500e+02,4.742015153e-02
7.490772095e+02,5.461782962e-02
7.493106689e+02,4.571888223e-02
7.495441895e+02,6.590509415e-02
7.497777100e+02,6.145562232e-02
7.500112305e+02,4.607876390e-02
7.502447510e+02,6.531619281e-02
7.504782715e+02,5.144430697e-02
7.507117920e+02,5.739874765e-02
7.509453125e+02,6.152105331e-02
7.511788940e+02,8.088935167e-02
7.514124756e+02,5.072453991e-02
7.516460571e+02,6.554520875e-02
7.518796387e+02,3.485693410e-02
7.521132202e+02,1.054923162e-01
7.523468018e+02,6.786809862e-02
7.525804443e+02,6.407295913e-02
7.528140259e+02,3.292664513e-02
7.530476685e+02,7.261201739e-02
7.532813110e+02,4.588246346e-02
7.535149536e+02,4.637321457e-02
7.537486572e+02,8.674564213e-02
7.539822998e+02,4.866338521e-02
7.542160034e+02,4.689668491e-02
7.544496460e+02,2.245729789e-02
7.546833496e+02,5.713701621e-02
7.549170532e+02,8.618945628e-02
7.551507568e+02,4.627506435e-02
7.553845215e+02,3.767057136e-02
7.556182251e+02,3.495508432e-02
7.558519897e+02,5.707158148e-02
7.560857544e+02,2.595798671e-02
7.563194580e+02,2.922965772e-02
7.565532837e+02,3.858663887e-02
7.567870483e+02,5.991793424e-02
7.570208130e+02,7.859917730e-02
7.572546387e+02,2.707035467e-02
7.574884033e+02,3.502051532e-02
7.577222290e+02,6.184822321e-02
7.579560547e+02,4.820535332e-02
7.581898804e+02,6.345134228e-02
7.584237671e+02,2.500920184e-02
7.586575928e+02,4.928500205e-02
7.588914795e+02,4.778003320e-02
7.591253052e+02,5.128072202e-02
7.593591919e+02,1.843314245e-02
7.595930786e+02,3.538040072e-02
7.598269653e+02,5.749689788e-02
7.600609131e+02,3.367913142e-02
7.602947998e+02,2.396226674e-02
7.605287476e+02,2.438758314e-02
7.607626953e+02,7.827201486e-02
7.609965820e+02,3.999345750e-02
7.612305908e+02,4.339599609e-02
7.614645386e+02,4.238177836e-02
7.616984863e+02,8.285234869e-02
7.619324951e+02,8.452090621e-02
7.621664429e+02,4.123669118e-02
7.624004517e+02,2.798642218e-02
7.626344604e+02,3.911010548e-02
7.628684692e+02,3.223959357e-02
7.631025391e+02,1.185708214e-02
7.633365479e+02,5.988521874e-02
7.635706177e+02,8.429189026e-02
7.638046265e+02,7.922079414e-02
7.640386963e+02,2.693948708e-02
7.642727661e+02,3.819403797e-02
7.645068359e+02,4.126940668e-02
7.647409668e+02,2.029799484e-02
7.649750366e+02,2.514006756e-02
7.652091675e+02,5.360360816e-02
7.654432983e+02,3.822675347e-02
7.656773682e+02,3.063647635e-02
7.659115601e+02,4.670038447e-02
7.661456909e+02,8.350668848e-02
7.663798218e+02,4.604604840e-02
7.666140137e+02,5.520672724e-02
7.668481445e+02,2.779012173e-02
7.670823364e+02,5.393077806e-02
7.673165283e+02,6.390937418e-02
7.675507202e+02,6.279700994e-02
7.677849731e+02,2.697220445e-02
7.680191650e+02,4.025518894e-02
7.682534180e+02,4.706026614e-02
7.684876099e+02,2.608885244e-02
7.687218628e+02,1.548863761e-02
7.689561157e+02,5.278569087e-02
7.691903687e+02,2.625243738e-02
7.694246826e+02,4.391946271e-02
7.696589355e+02,8.389110677e-03
7.698932495e+02,2.320978232e-02
7.701275024e+02,6.420382857e-02
7.703618164e+02,2.399498411e-02
7.705961304e+02,5.487956107e-02
7.708305054e+02,5.167332292e-02
7.710648193e+02,1.679730602e-02
7.712991333e+02,2.716850489e-02
7.715335083e+02,3.773600236e-02
7.717678833e+02,5.088812113e-02
7.720022583e+02,6.760635972e-02
7.722366333e+02,4.280709475e-02
7.724710083e+02,3.171612695e-02
7.727054443e+02,6.917676330e-02
7.729398193e+02,1.214580759e-01
7.731742554e+02,1.565222070e-02
7.734086914e+02,2.356966585e-02
7.736431274e+02,3.865206987e-02
7.738775635e+02,3.289392963e-02
7.741119995e+02,4.316697642e-02
7.743464966e+02,6.721376628e-02
7.745809326e+02,3.001485951e-02
7.748154297e+02,9.436863661e-02
7.750499268e+02,4.866338521e-02
7.752844238e+02,2.298076451e-02
7.755189209e+02,6.534890831e-02
7.757534180e+02,3.426803276e-02
7.759879761e+02,1.970909350e-02
7.762224731e+02,2.402769960e-02
7.764570312e+02,4.735471681e-02
7.766915894e+02,3.305751458e-02
7.769261475e+02,2.621972002e-02
7.771607056e+02,1.143176481e-02
7.773953247e+02,3.668906912e-02
7.776298828e+02,2.631787024e-02
7.778645020e+02,3.158526123e-02
7.780991211e+02,3.704895079e-02
7.783337402e+02,3.531496599e-02
7.785683594e+02,1.630655490e-02
7.788029785e+02,1.382008567e-02
7.790376587e+02,6.724648178e-02
7.792722778e+02,1.260956656e-02
7.795069580e+02,3.498779982e-02
7.797416382e+02,4.323241115e-02
7.799763184e+02,2.036342770e-02
7.802109985e+02,2.857532352e-02
7.804456787e+02,3.129081056e-02
7.806804199e+02,6.073585525e-02
7.809151001e+02,2.426489664e-04
7.811498413e+02,3.449704871e-02
7.813845825e+02,3.243589401e-02
7.816193237e+02,3.142167628e-02
7.818540649e+02,1.830227487e-02
7.820888062e+02,4.526084661e-02
7.823236084e+02,2.514006756e-02
7.825583496e+02,4.254535958e-02
7.827931519e+02,2.700492181e-02
7.830279541e+02,1.525962073e-02
7.832627563e+02,2.278446592e-02
7.834975586e+02,2.085417882e-02
7.837324219e+02,2.442030050e-02
7.839672241e+02,2.608885244e-02
7.842020874e+02,2.746295556e-02
7.844369507e+02,-2.145671286e-03
7.846718140e+02,3.933912143e-02
7.849066772e+02,2.821543999e-02
7.851415405e+02,3.812860325e-02
7.853764648e+02,1.918562688e-02
7.856113281e+02,1.941464283e-02
7.858462524e+02,1.794239134e-02
7.860811768e+02,6.718104333e-02
7.863161011e+02,1.103916485e-02
7.865510254e+02,3.544583172e-02
7.867859497e+02,6.924220175e-02
7.870208740e+02,2.203198150e-02
7.872558594e+02,1.149719860e-02
7.874908447e+02,9.535013884e-02
7.877258301e+02,5.880556628e-02
7.879608154e+02,4.228362814e-02
7.881958008e+02,3.649276868e-02
7.884307861e+02,1.496517006e-02
7.886658325e+02,4.002617300e-02
7.889008179e+02,2.625243738e-02
7.891358643e+02,4.558801651e-02
7.893709106e+02,2.520550229e-02
7.896059570e+02,7.850103080e-02
7.898410034e+02,3.305751458e-02
7.900760498e+02,3.943727165e-02
7.903111572e+02,1.126000192e-03
7.905462646e+02,3.397358209e-02
7.907813110e+02,1.633927226e-02
7.910164185e+02,2.487833425e-02
7.912515259e+02,1.578308828e-02
7.914866943e+02,2.137764543e-02
7.917218018e+02,3.423531353e-02
7.919569702e+02,3.416988254e-02
7.921920776e+02,1.188979950e-02
7.924272461e+02,2.798642218e-02
7.926624146e+02,2.726665512e-02
7.928975830e+02,2.775740623e-02
7.931327515e+02,4.362501204e-02
7.933679810e+02,1.846585795e-02
7.936031494e+02,3.115994297e-02
7.938383789e+02,9.959513322e-03
7.940736084e+02,8.315498126e-04
7.943088379e+02,6.992924958e-02
7.945440674e+02,7.047725376e-03
7.947792969e+02,2.173753083e-02
7.950145874e+02,1.846585795e-02
7.952498169e+02,1.666644029e-02
7.954851074e+02,3.403901309e-02
7.957203979e+02,1.751707494e-02
7.959556885e+02,2.834630571e-02
7.961909790e+02,2.991670929e-02
7.964262695e+02,1.951279305e-02
7.966616211e+02,4.146570712e-02
7.968969116e+02,1.306760125e-02
7.971322632e+02,8.209986985e-02
7.973676147e+02,1.813869178e-02
7.976029663e+02,4.954673722e-02
7.978383179e+02,-1.556770294e-03
7.980737305e+02,2.608885244e-02
7.983090820e+02,6.916858722e-03
7.985444946e+02,-2.112954389e-03
7.987798462e+02,2.222828008e-02
7.990152588e+02,1.277315058e-02
7.992506714e+02,1.921834238e-02
7.994861450e+02,1.388551854e-02
7.997215576e+02,9.730496444e-03
7.999570312e+02,7.898360491e-03
8.001924438e+02,1.103916485e-02
8.004279175e+02,-7.805662695e-03
8.006633911e+02,1.912019216e-02
8.008988647e+02,4.135937896e-03
8.011343384e+02,4.794361815e-02
8.013698730e+02,6.229807623e-03
8.016053467e+02,-1.608299091e-02
8.018408813e+02,1.845767954e-03
8.020764160e+02,6.021238491e-02
8.023119507e+02,2.903335728e-02
8.025474854e+02,-5.351908971e-03
8.027830200e+02,3.233774379e-02
8.030185547e+02,3.579753917e-03
8.032541504e+02,2.828087285e-02
8.034897461e+02,1.489973720e-02
8.037252808e+02,4.058235884e-02
8.039608765e+02,1.725533977e-02
8.041964722e+02,3.093092702e-02
8.044321289e+02,6.524258293e-03
8.046677246e+02,4.218547791e-02
8.049033813e+02,2.006897703e-02
8.051389771e+02,1.349291857e-02
8.053746338e+02,2.710307203e-02
8.056102905e+02,4.490096495e-02
8.058459473e+02,2.523821779e-02
8.060816650e+02,1.444170251e-02
8.063173218e+02,2.761835931e-03
8.065530396e+02,1.519418694e-02
8.067886963e+02,1.303488389e-02
8.070244141e+02,1.764794067e-02
8.072601318e+02,5.215589423e-03
8.074958496e+02,1.518600853e-03
8.077316284e+02,7.636626251e-03
8.079673462e+02,-5.417342763e-03
8.082031250e+02,4.822988994e-03
8.084389038e+02,3.223959357e-02
8.086746216e+02,3.626375273e-02
8.089104004e+02,-5.973526742e-03
8.091462402e+02,6.393391173e-03
8.093820190e+02,5.249124020e-02
8.096177979e+02,7.015008945e-03
8.098536377e+02,-1.033302862e-03
8.100894775e+02,1.925105974e-02
8.103253174e+02,2.517278492e-02
8.105611572e+02,1.346020121e-02
8.107969971e+02,2.131221257e-02
8.110328369e+02,3.911010548e-02
8.112687378e+02,1.028668042e-02
8.115045776e+02,1.892389357e-02
8.117404785e+02,6.491541397e-03
8.119763794e+02,5.706340075e-03
8.122122803e+02,2.078874595e-02
8.124481812e+02,-1.385825500e-02
8.126841431e+02,6.171735376e-02
8.129200439e+02,2.794552594e-03
8.131560059e+02,2.121406235e-02
8.133919678e+02,8.311408758e-02
8.136279297e+02,-1.411998831e-02
8.138638916e+02,4.764916748e-02
8.140998535e+02,5.775863305e-02
8.143358154e+02,2.401952166e-03
8.145718384e+02,3.511866555e-02
8.148078003e+02,1.833499223e-02
8.150438232e+02,2.530365251e-02
8.152798462e+02,6.070313603e-02
8.155158691e+02,2.154123038e-02
8.157518921e+02,2.892702818e-03
8.159879761e+02,2.837902308e-02
8.162239990e+02,-9.024360334e-04
8.164600830e+02,1.747617847e-03
8.166961670e+02,2.186839655e-02
8.169322510e+02,6.469457597e-02
8.171683350e+02,4.626688547e-03
8.174044189e+02,4.902327061e-02
8.176405029e+02,3.564213216e-02
8.178766479e+02,4.103221465e-03
8.181127930e+02,1.840042509e-02
8.183488770e+02,1.322300523e-03
8.185850220e+02,1.722262427e-02
8.188212280e+02,1.653557271e-02
8.190573730e+02,-3.258039476e-03
8.192935181e+02,-2.865438815e-03
8.195297241e+02,6.014695391e-02
8.197658691e+02,-3.650639905e-03
8.200020752e+02,1.532505453e-02
8.202382812e+02,2.500102157e-03
8.204744873e+02,4.336327687e-02
8.207107544e+02,1.414725278e-02
8.209469604e+02,2.599070221e-02
8.211831665e+02,8.323677815e-03
8.214194336e+02,8.585411124e-03
8.216557007e+02,1.417996921e-02
8.218919678e+02,8.683561347e-03
8.221282349e+02,2.370053343e-02
8.223645020e+02,1.159534883e-02
8.226008301e+02,4.876153544e-02
8.228370972e+02,4.234088119e-03
8.230734253e+02,4.888422322e-03
8.233097534e+02,1.191433636e-03
8.235460815e+02,4.201371223e-03
8.237824097e+02,-1.818504068e-03
8.240187378e+02,1.660100557e-02
8.242551270e+02,4.120397568e-02
8.244914551e+02,1.925105974e-02
8.247278442e+02,1.300216746e-02
8.249642334e+02,2.859986154e-03
8.252006226e+02,3.593658283e-02
8.254370117e+02,5.232765898e-02
8.256734009e+02,5.370993749e-04
8.259097900e+02,1.813869178e-02
8.261462402e+02,8.618127555e-03
8.263826904e+02,1.702632383e-02
8.266191406e+02,-1.899477839e-02
8.268555908e+02,1.747617847e-03
8.270920410e+02,-2.734571928e-03
8.273284912e+02,1.925105974e-02
8.275649414e+02,-1.758795977e-02
8.278014526e+02,-3.519773250e-03
8.280379639e+02,1.633927226e-02
8.282744751e+02,7.374892477e-03
8.285109863e+02,3.538040072e-02
8.287474976e+02,2.219556458e-02
8.289840088e+02,1.175893191e-02
8.292205200e+02,9.239745326e-03
8.294570923e+02,-2.800005488e-03
8.296936646e+02,2.010169439e-02
8.299301758e+02,2.373324893e-02
8.301667480e+02,2.029799484e-02
8.304033813e+02,-7.576645818e-03
8.306399536e+02,8.814428002e-03
8.308765259e+02,4.061507434e-02
8.311131592e+02,-7.216761820e-03
8.313497925e+02,2.585983649e-02
8.315863647e+02,-5.425521522e-04
8.318229980e+02,1.244598348e-02
8.320596924e+02,4.168654792e-03
8.322963257e+02,-9.866815992e-03
8.325329590e+02,-5.809943192e-03
8.327696533e+02,6.017966941e-02
8.330062866e+02,1.539048739e-02
8.332429810e+02,2.510735206e-02
8.334796753e+02,-7.936529815e-03
8.337163696e+02,3.099635988e-02
8.339531250e+02,4.401761293e-02
8.341898193e+02,-8.042858681e-04
8.344265747e+02,1.689545624e-02
8.346632690e+02,1.902204379e-02
8.349000244e+02,-8.918031119e-03
8.351367798e+02,-1.262319856e-03
8.353735352e+02,7.996509783e-03
8.356103516e+02,3.119266033e-02
8.358471069e+02,-2.701855265e-03
8.360839233e+02,-2.374688163e-03
8.363206787e+02,4.389492387e-04
8.365574951e+02,1.689545624e-02
8.367943115e+02,7.006829837e-04
8.370311279e+02,-9.964966215e-03
8.372679443e+02,-1.853674464e-02
8.375048218e+02,-6.496994291e-03
8.377416382e+02,-1.295036636e-03
8.379785156e+02,-1.068473328e-02
8.382153931e+02,-3.029022366e-03
8.384522705e+02,7.178592496e-03
8.386891479e+02,-3.454339691e-03
8.389260254e+02,1.009037998e-02
8.391629639e+02,3.083277680e-02
8.393998413e+02,5.265482515e-02
8.396367798e+02,1.238054968e-02
8.398737183e+02,4.037787672e-03
8.401106567e+02,9.076162241e-03
8.403475952e+02,5.477323197e-03
8.405845337e+02,1.735349000e-02
8.408215332e+02,7.080442272e-03
8.410584717e+02,1.813869178e-02
8.412954712e+02,-4.239541013e-03
8.415324707e+02,2.353695035e-02
8.417694702e+02,3.023569705e-03
8.420064697e+02,1.518600853e-03
8.422434692e+02,6.556974724e-03
8.424804688e+02,-8.697193116e-04
8.427175293e+02,4.463104997e-03
8.429545288e+02,5.019289441e-03
8.431915894e+02,3.481603693e-03
8.434286499e+02,8.716277778e-03
8.436657104e+02,2.099322446e-04
8.439028320e+02,-6.398844067e-03
8.441398926e+02,1.545592118e-02
8.443769531e+02,2.579440363e-02
8.446140747e+02,-8.721730672e-03
8.448511963e+02,9.043444879e-03
8.450883179e+02,1.260956656e-02
8.453254395e+02,-5.425521522e-04
8.455625610e+02,-1.245143637e-02
8.457997437e+02,2.303801943e-03
8.460368652e+02,4.859795421e-02
8.462740479e+02,1.211881638e-02
8.465112305e+02,2.009351505e-03
8.467483521e+02,-1.562495716e-02
8.469855957e+02,9.828646667e-03
8.472227783e+02,5.242580920e-02
8.474599609e+02,2.445301786e-02
8.476972046e+02,2.098504640e-02
8.479343872e+02,3.383453470e-03
8.481716309e+02,6.164374296e-03
8.484088745e+02,2.510735206e-02
8.486461182e+02,6.131657399e-03
8.488833618e+02,1.421268564e-02
8.491206665e+02,4.822988994e-03
8.493579102e+02,1.571765542e-02
8.495952148e+02,-9.932248853e-03
8.498324585e+02,-8.492713794e-03
8.500697632e+02,1.166078262e-02
8.503070679e+02,-9.212481789e-03
8.505444336e+02,1.274043415e-02
8.507817383e+02,-5.548209418e-03
8.510190430e+02,3.763785213e-02
8.512564087e+02,-1.752252690e-02
8.514937744e+02,-1.618114114e-02
8.517311401e+02,1.780334511e-03
8.519685059e+02,3.315566480e-02
8.522058716e+02,6.327957846e-03
8.524432373e+02,-1.232056972e-02
8.526806641e+02,1.758250780e-02
8.529180298e+02,8.683561347e-03
8.531554565e+02,-1.330207102e-02
8.533928833e+02,-4.926591646e-03
8.536303101e+02,3.439889848e-02
8.538677368e+02,8.945294656e-03
8.541051636e+02,-3.912373912e-03
8.543426514e+02,6.426925957e-02
8.545800781e+02,-8.852597326e-03
8.548175659e+02,6.524258293e-03
8.550550537e+02,1.208609995e-02
8.552925415e+02,-1.133906748e-02
8.555300293e+02,2.990853041e-03
8.557675171e+02,1.431083586e-02
8.560050659e+02,1.251141634e-02
8.562425537e+02,-5.711792968e-03
8.564801025e+02,4.552258179e-02
8.567176514e+02,2.311163209e-02
8.569552002e+02,3.207601234e-02
8.571927490e+02,-3.487056354e-03
8.574302979e+02,5.684256554e-02
8.576679077e+02,8.454544470e-03
8.579054565e+02,1.018853020e-02
8.581430664e+02,1.976634841e-03
8.583806763e+02,5.706340075e-03
8.586182861e+02,2.582711913e-02
8.588558960e+02,-1.457802299e-02
8.590935059e+02,4.140027612e-02
8.593311157e+02,1.607753895e-02
8.595687866e+02,8.127377369e-03
8.598064575e+02,1.840042509e-02
8.600440674e+02,2.271085279e-03
8.602817383e+02,-1.556770294e-03
8.605194092e+02,-6.267976947e-03
8.607571411e+02,3.318020143e-03
8.609948120e+02,-1.245143637e-02
8.612324829e+02,2.343880013e-02
8.614702148e+02,-2.808184654e-04
8.617079468e+02,2.798642218e-02
8.619456787e+02,-3.454339691e-03
8.621834106e+02,1.601210609e-02
8.624211426e+02,9.959513322e-03
8.626588745e+02,2.072331123e-02
8.628966675e+02,-1.143721770e-02
8.631343994e+02,4.346142709e-02
8.633721924e+02,-1.033302862e-03
8.636099854e+02,1.421268564e-02
8.638477783e+02,-1.124091726e-02
8.640855713e+02,5.226222426e-02
8.643234253e+02,3.383453470e-03
8.645612183e+02,3.603473306e-02
8.647990723e+02,2.069059573e-02
8.650368652e+02,2.255544811e-02
8.652747192e+02,1.918562688e-02
8.655125732e+02,-1.229603193e-03
8.657504272e+02,1.093283528e-03
8.659883423e+02,2.857532352e-02
8.662261963e+02,-7.445778698e-03
8.664641113e+02,6.458824500e-03
8.667019653e+02,2.369235270e-03
8.669398804e+02,1.329661813e-02
8.671777954e+02,-1.238600258e-02
8.674157104e+02,-1.199340168e-02
8.676536865e+02,-8.885314688e-03
8.678916016e+02,1.208609995e-02
8.681295776e+02,-3.617923241e-03
8.683674927e+02,-1.229603193e-03
8.686054688e+02,-4.730291665e-03
8.688434448e+02,3.466063365e-02
8.690814209e+02,1.087558083e-02
8.693193970e+02,-4.403124563e-03
8.695574341e+02,-4.697574768e-03
8.697954102e+02,1.097373106e-02
8.700334473e+02,-1.851220732e-03
8.702714844e+02,-1.042299997e-02
8.705095215e+02,6.884141825e-03
8.707475586e+02,4.986572545e-03
8.709855957e+02,-6.726011168e-03
8.712236328e+02,-4.403124563e-03
8.714617310e+02,3.783415258e-02
8.716997681e+02,-1.075016707e-02
8.719378662e+02,-1.164169749e-03
8.721759644e+02,-1.111005060e-02
8.724140625e+02,7.988330908e-04
8.726521606e+02,-1.569039002e-02
8.728903198e+02,6.073585525e-02
8.731284180e+02,8.683561347e-03
8.733665771e+02,6.750821322e-02
8.736046753e+02,4.889240116e-02
8.738428345e+02,-7.511212490e-03
8.740809937e+02,-1.647559181e-02
8.743191528e+02,1.584852114e-02
8.745573730e+02,8.552694693e-03
8.747955322e+02,-2.472838387e-03
8.750337524e+02,1.485884073e-03
8.752719116e+02,9.296999779e-04
8.755101318e+02,8.127377369e-03
8.757483521e+02,-5.450059194e-03
8.759865723e+02,-9.539648890e-03
8.762248535e+02,1.293673366e-02
8.764630737e+02,2.696402604e-03
8.767013550e+02,2.746295556e-02
8.769395752e+02,4.659405444e-03
8.771778564e+02,2.762653865e-02
8.774161377e+02,1.329661813e-02
8.776544189e+02,8.527339250e-02
8.778927002e+02,3.521681577e-02
8.781310425e+02,1.951279305e-02
8.783693237e+02,2.700492181e-02
8.786076660e+02,1.519418694e-02
8.788460083e+02,-1.323663723e-02
8.790842896e+02,1.467072032e-02
8.793226318e+02,2.630969044e-03
8.795610352e+02,9.632346220e-03
8.797993774e+02,1.689545624e-02
8.800377197e+02,7.636626251e-03
8.802761230e+02,1.506332029e-02
8.805145264e+02,-1.454530563e-02
8.807529297e+02,7.636626251e-03
8.809913330e+02,-7.871096022e-03
8.812297363e+02,-2.963589039e-03
8.814681396e+02,-1.474160608e-02
8.817066040e+02,-1.202611905e-02
8.819450073e+02,1.048298087e-02
8.821834717e+02,1.575037092e-02
8.824219360e+02,-8.034680039e-03
8.826604004e+02,-1.834044419e-02
8.828988647e+02,-1.098736306e-03
8.831373291e+02,2.988399193e-02
8.833757935e+02,-6.431560498e-03
8.836143188e+02,-1.376010478e-02
8.838528442e+02,2.376596630e-02
8.840913086e+02,-3.356189700e-03
8.843298340e+02,9.468762204e-03
8.845683594e+02,1.387733966e-03
8.848069458e+02,2.337336540e-02
8.850454712e+02,2.303801943e-03
8.852839966e+02,6.556974724e-03
8.855225830e+02,-1.660645939e-02
8.857611694e+02,2.572896890e-02
8.859997559e+02,1.948007755e-02
8.862383423e+02,-1.513420697e-02
8.864769287e+02,-8.697193116e-04
8.867155151e+02,4.856523499e-02
8.869541626e+02,1.967637800e-02
8.871927490e+02,3.852120414e-02
8.874313965e+02,-5.417342763e-03
8.876700439e+02,2.566353604e-02
8.879086914e+02,-8.492713794e-03
8.881473389e+02,6.491541397e-03
8.883859863e+02,2.373324893e-02
8.886246948e+02,5.075725541e-02
8.888633423e+02,2.765925601e-02
8.891020508e+02,-1.029213332e-02
8.893407593e+02,1.391823590e-02
8.895794678e+02,5.903458595e-02
8.898181763e+02,1.355835143e-02
8.900568848e+02,-7.871096022e-03
8.902955933e+02,1.031939685e-02
8.905343628e+02,-7.576645818e-03
8.907730713e+02,-1.258230302e-02
8.910118408e+02,1.745164022e-02
8.912506104e+02,2.098504640e-02
8.914893799e+02,5.673623644e-03
8.917281494e+02,1.130089816e-02
8.919669800e+02,-3.945090342e-03
8.922057495e+02,1.355017303e-03
8.924445801e+02,-8.296413347e-03
8.926833496e+02,2.805185691e-02
8.929221802e+02,1.784424111e-02
8.931610107e+02,9.951334214e-04
8.933998413e+02,3.911010548e-02
8.936387329e+02,-1.785787288e-03
8.938775635e+02,1.018853020e-02
8.941164551e+02,-1.991084777e-02
8.943552856e+02,2.294804901e-02
8.945941772e+02,2.775740623e-02
8.948330688e+02,-2.563627250e-02
8.950719604e+02,1.911201398e-03
8.953108521e+02,2.275174856e-02
8.955498047e+02,2.801913954e-02
8.957886963e+02,-1.503605675e-02
8.960276489e+02,-1.182981860e-02
8.962666016e+02,2.756110579e-02
8.965055542e+02,8.618127555e-03
8.967445068e+02,-5.090175662e-03
8.969834595e+02,-2.080237726e-03
8.972224121e+02,3.439889848e-02
8.974614258e+02,2.925419481e-03
8.977003784e+02,1.578308828e-02
8.979393921e+02,-7.936529815e-03
8.981784058e+02,2.523821779e-02
8.984174194e+02,1.244598348e-02
8.986564331e+02,-1.916654175e-03
8.988954468e+02,-1.150265150e-02
8.991345215e+02,-7.020461373e-03
8.993735352e+02,2.406041697e-02
8.996126099e+02,-1.284403633e-02
8.998516846e+02,6.262524519e-03
9.000907593e+02,3.547855094e-02
9.003298340e+02,1.581580564e-02
9.005689087e+02,-2.602887340e-02
9.008079834e+02,1.859672554e-02
9.010471191e+02,9.010728449e-03
9.012861938e+02,2.847717330e-02
9.015253296e+02,6.368035823e-02
9.017644653e+02,1.892389357e-02
9.020036011e+02,2.775740623e-02
9.022427368e+02,7.538476028e-03
9.024819336e+02,7.918807864e-02
9.027210693e+02,1.257685013e-02
9.029602661e+02,1.264228392e-02
9.031994019e+02,6.785991602e-03
9.034385986e+02,4.168654792e-03
9.036777954e+02,1.256867079e-03
9.039169922e+02,2.667775378e-02
9.041561890e+02,2.729937248e-02
9.043954468e+02,-6.398844067e-03
9.046346436e+02,-1.262319856e-03
9.048739014e+02,1.843314245e-02
9.051131592e+02,4.724838771e-03
9.053524170e+02,-6.202543620e-03
9.055916748e+02,-2.377142012e-02
9.058309326e+02,-3.029022366e-03
9.060701904e+02,-5.351908971e-03
9.063095093e+02,-3.029022366e-03
9.065487671e+02,1.518600853e-03
9.067880859e+02,1.722262427e-02
9.070274048e+02,1.565222070e-02
9.072667236e+02,1.649467624e-03
9.075060425e+02,1.103916485e-02
9.077454224e+02,4.986572545e-03
9.079847412e+02,6.949575152e-03
9.082240601e+02,1.790967397e-02
9.084634399e+02,-1.166623458e-02
9.087028198e+02,4.117126018e-02
9.089421997e+02,3.187153256e-03
9.091815796e+02,3.642733395e-02
9.094209595e+02,-3.080551326e-02
9.096604004e+02,-3.192605916e-03
9.098997803e+02,-1.045571640e-02
9.101392212e+02,-1.218970213e-02
9.103786011e+02,-1.863489486e-02
9.106180420e+02,3.380999714e-02
9.108574829e+02,1.902204379e-02
9.110969849e+02,-1.879847795e-02
9.113364258e+02,-1.745709404e-02
9.115758667e+02,-1.454530563e-02
9.118153687e+02,2.098504640e-02
9.120548706e+02,6.262524519e-03
9.122943115e+02,9.763212875e-03
9.125338135e+02,5.723516643e-02
9.127733765e+02,4.397671670e-03
9.130128784e+02,-1.295036636e-03
9.132523804e+02,1.849857531e-02
9.134919434e+02,-4.697574768e-03
9.137314453e+02,7.988330908e-04
9.139710083e+02,-2.350968495e-02
9.142105713e+02,1.306760125e-02
9.144501343e+02,8.847144432e-03
9.146896973e+02,4.037787672e-03
9.149293213e+02,-1.137178484e-02
9.151688843e+02,-1.091375016e-02
9.154085083e+02,5.281022750e-03
9.156480713e+02,4.921139218e-03
9.158876953e+02,-6.922311615e-03
9.161273193e+02,-2.625788935e-02
9.163669434e+02,1.627383940e-02
9.166066284e+02,-7.445778698e-03
9.168462524e+02,-1.055386662e-02
9.170858765e+02,-1.150265150e-02
9.173255615e+02,9.665062651e-03
9.175652466e+02,-3.192605916e-03
9.178049316e+02,7.006011903e-02
9.180446167e+02,2.072331123e-02
9.182843018e+02,4.035333917e-02
9.185239868e+02,-7.543928921e-03
9.187637329e+02,-2.930872375e-03
9.190034180e+02,-2.767288825e-03
9.192431641e+02,3.710620571e-03
9.194829102e+02,1.289583859e-03
9.197226562e+02,-1.058658306e-02
9.199624023e+02,-1.555952430e-02
9.202021484e+02,2.510735206e-02
9.204419556e+02,1.849857531e-02
9.206817017e+02,-1.277860347e-02
9.209215088e+02,9.108878672e-03
9.211613159e+02,1.673187315e-02
9.214011230e+02,1.015581377e-02
9.216409302e+02,5.673623644e-03
9.218807373e+02,-1.295036636e-03
9.221205444e+02,6.295240950e-03
9.223604126e+02,2.667775378e-02
9.226002197e+02,-4.861158319e-03
9.228400879e+02,-1.248415280e-02
9.230799561e+02,1.247869991e-02
9.233198242e+02,-4.533991218e-03
9.235596924e+02,4.822988994e-03
9.237995605e+02,-2.027073130e-02
9.240394897e+02,-1.916654175e-03
9.242793579e+02,-8.361847140e-03
9.245192871e+02,1.401638519e-02
9.247592163e+02,-1.025941595e-02
9.249991455e+02,-1.687637181e-03
9.252390747e+02,1.312730908e-01
9.254790039e+02,2.252273075e-02
9.257189331e+02,-6.922311615e-03
9.259589233e+02,-9.768665768e-03
9.261988525e+02,-4.141390789e-03
9.264388428e+02,-1.202611905e-02
9.266788330e+02,-6.529710721e-03
9.269188232e+02,2.107501728e-03
9.271588135e+02,1.404910255e-02
9.273988037e+02,1.067928039e-02
9.276388550e+02,-2.871164307e-02
9.278788452e+02,2.327521518e-02
9.281188965e+02,2.540180273e-02
9.283589478e+02,4.005071241e-03
9.285989990e+02,4.650408402e-02
9.288390503e+02,-8.451817848e-05
9.290791016e+02,1.362378523e-02
9.293191528e+02,1.999781877e-01
9.295592651e+02,2.532819053e-03
9.297993164e+02,2.255544811e-02
9.300394287e+02,1.100644749e-02
9.302795410e+02,-7.347628940e-03
9.305196533e+02,-5.351908971e-03
9.307597656e+02,-6.496994291e-03
9.309998779e+02,1.431083586e-02
9.312400513e+02,-3.803590685e-02
9.314801636e+02,9.624166996e-04
9.317203369e+02,2.426489664e-04
9.319605103e+02,2.098504640e-02
9.322006836e+02,3.710620571e-03
9.324408569e+02,1.633927226e-02
9.326810303e+02,4.339599609e-02
9.329212036e+02,-1.029213332e-02
9.331614380e+02,1.961094327e-02
9.334016113e+02,1.522690430e-02
9.336418457e+02,1.450713631e-02
9.338820801e+02,-1.971454732e-02
9.341223145e+02,4.135937896e-03
9.343625488e+02,-8.590864018e-03
9.346027832e+02,2.009351505e-03
9.348430176e+02,-3.029022366e-03
9.350833130e+02,2.697220445e-02
9.353236084e+02,2.815000527e-02
9.355638428e+02,4.953855649e-03
9.358041382e+02,-8.623580448e-03
9.360444336e+02,-1.634472422e-02
9.362847290e+02,2.442030050e-02
9.365250854e+02,2.111591212e-02
9.367653809e+02,-1.546137407e-02
9.370057373e+02,1.575037092e-02
9.372460327e+02,-3.617923241e-03
9.374863892e+02,1.486701984e-02
9.377267456e+02,-2.898155712e-03
9.379671021e+02,3.350736806e-03
9.382075195e+02,2.432215028e-02
9.384478760e+02,3.252586583e-03
9.386882324e+02,-7.805662695e-03
9.389286499e+02,-1.163351815e-02
9.391690674e+02,1.637198962e-02
9.394094849e+02,1.385280211e-02
9.396499023e+02,2.019984461e-02
9.398903198e+02,1.355835143e-02
9.401307373e+02,4.045148939e-02
9.403712158e+02,-5.057458766e-03
9.406116333e+02,8.683561347e-03
9.408521118e+02,-1.758795977e-02
9.410925903e+02,2.426489664e-04
9.413330078e+02,2.527093515e-02
9.415735474e+02,-8.100112900e-03
9.418140259e+02,7.931076922e-03
9.420545044e+02,-6.955028046e-03
9.422950439e+02,3.430074826e-02
9.425355225e+02,-3.462518798e-04
9.427760620e+02,-1.981269754e-02
9.430166016e+02,8.421827108e-03
9.432571411e+02,1.876030862e-02
9.434976807e+02,-6.529710721e-03
9.437382202e+02,-1.896206290e-02
9.439787598e+02,1.555407140e-02
9.442193604e+02,-7.969246246e-03
9.444599609e+02,1.355017303e-03
9.447005005e+02,-1.262319856e-03
9.449411011e+02,-3.127172589e-03
9.451817017e+02,6.393391173e-03
9.454223022e+02,-1.454530563e-02
9.456629639e+02,8.716277778e-03
9.459035645e+02,-4.043240566e-03
9.461442261e+02,5.182872992e-03
9.463848267e+02,-1.428357232e-02
9.466254883e+02,5.902640522e-03
9.468661499e+02,5.393077806e-02
9.471068115e+02,6.491541397e-03
9.473475342e+02,-2.440121491e-03
9.475881958e+02,-1.981269754e-02
9.478288574e+02,-2.309254836e-03
9.480695801e+02,-1.637744159e-02
9.483103027e+02,-3.388906363e-03
9.485510254e+02,2.281718142e-02
9.487917480e+02,1.954551041e-02
9.490324707e+02,2.239186503e-02
9.492731934e+02,-2.049974725e-02
9.495139160e+02,-5.425521522e-04
9.497546997e+02,1.447441988e-02
9.499954834e+02,-2.996305702e-03
9.502362061e+02,3.933912143e-02
9.504769897e+02,-3.650639905e-03
9.507177734e+02,2.366781607e-02
9.509585571e+02,2.700492181e-02
9.511994019e+02,8.421827108e-03
9.514401855e+02,1.856400818e-02
9.516810303e+02,2.010169439e-02
9.519218140e+02,1.784424111e-02
9.521626587e+02,-8.754447103e-03
9.524035034e+02,2.598252380e-03
9.526443481e+02,5.566476285e-02
9.528852539e+02,1.911201398e-03
9.531260986e+02,-2.579985559e-02
9.533669434e+02,-4.403124563e-03
9.536078491e+02,8.978012018e-03
9.538487549e+02,2.779012173e-02
9.540896606e+02,-3.296481445e-02
9.543305664e+02,1.208609995e-02
9.545714722e+02,-7.085895166e-03
9.548123779e+02,3.282849491e-02
9.550532837e+02,7.865643129e-03
9.552942505e+02,-1.912564598e-02
9.555352173e+02,2.772468887e-02
9.557761230e+02,2.298076451e-02
9.560170898e+02,-3.650639905e-03
9.562580566e+02,-1.356380433e-02
9.564990845e+02,-5.425521522e-04
9.567400513e+02,2.605613694e-02
9.569810181e+02,1.166078262e-02
9.572220459e+02,-2.305165119e-02
9.574630737e+02,-4.599424545e-03
9.577040405e+02,4.561255220e-03
9.579450684e+02,2.078874595e-02
9.581860962e+02,-2.180841565e-02
9.584271851e+02,1.584034297e-03
9.586682129e+02,9.403329343e-03
9.589092407e+02,2.235914767e-02
9.591503296e+02,-7.715691463e-04
9.593914185e+02,9.992229752e-03
9.596325073e+02,5.631909519e-02
9.598735962e+02,-5.973526742e-03
9.601146851e+02,-1.048843283e-02
9.603557739e+02,1.300216746e-02
9.605968628e+02,1.489973720e-02
9.608380127e+02,9.272461757e-03
9.610791626e+02,-1.631200872e-02
9.613202515e+02,1.539048739e-02
9.615614014e+02,-6.791444495e-03
9.618025513e+02,-8.656296879e-03
9.620437012e+02,-1.182981860e-02
9.622849121e+02,3.767057136e-02
9.625260620e+02,1.117003150e-02
9.627672729e+02,-7.216761820e-03
9.630084229e+02,-1.709720865e-02
9.632496338e+02,2.238368616e-03
9.634908447e+02,5.043826532e-04
9.637320557e+02,-1.739165932e-02
9.639732666e+02,-4.959308542e-03
9.642145386e+02,8.650844917e-03
9.644557495e+02,4.670038447e-02
9.646970215e+02,8.454544470e-03
9.649382324e+02,-1.281131990e-02
9.651795044e+02,4.266805016e-03
9.654207764e+02,2.324249968e-02
9.656620483e+02,1.772155374e-04
9.659033203e+02,-1.156808529e-02
9.661446533e+02,2.553266846e-02
9.663859253e+02,-2.440121491e-03
9.666272583e+02,-1.752252690e-02
9.668685913e+02,-4.403124563e-03
9.671099243e+02,4.634867946e-05
9.673512573e+02,1.077743061e-02
9.675925903e+02,2.500102157e-03
9.678339233e+02,-7.674796041e-03
9.680752563e+02,2.615428716e-02
9.683166504e+02,1.938192733e-02
9.685579834e+02,5.043826532e-04
9.687993774e+02,9.108878672e-03
9.690407715e+02,-6.137110293e-03
9.692821655e+02,-4.304974340e-03
9.695235596e+02,1.421268564e-02
9.697650146e+02,7.767493371e-03
9.700064087e+02,-5.286475644e-03
9.702478638e+02,5.248306319e-03
9.704892578e+02,-1.569039002e-02
9.707307129e+02,-2.049974725e-02
9.709721680e+02,1.489973720e-02
9.712136230e+02,1.027850085e-03
9.714550781e+02,-4.959308542e-03
9.716965942e+02,-9.048897773e-03
9.719380493e+02,4.542443156e-02
9.721795654e+02,-7.020461373e-03
9.724210205e+02,-1.886391267e-02
9.726625366e+02,1.313303411e-02
9.729040527e+02,-1.137178484e-02
9.731455688e+02,1.043472365e-01
9.733870850e+02,-7.388524828e-04
9.736286621e+02,-2.540725470e-02
9.738701782e+02,1.506332029e-02
9.741117554e+02,3.448887030e-03
9.743533325e+02,2.303801943e-03
9.745948486e+02,-2.174298279e-02
9.748364258e+02,1.427811943e-02
9.750780029e+02,-3.781506792e-03
9.753196411e+02,-1.801327802e-02
9.755612183e+02,-1.411998831e-02
9.758028564e+02,5.215589423e-03
9.760444336e+02,2.239186503e-02
9.762860718e+02,-1.899477839e-02
9.765277100e+02,5.357089266e-02
9.767693481e+02,1.191433636e-03
9.770109863e+02,2.674318664e-02
9.772526245e+02,-1.624657586e-02
9.774943237e+02,-3.192605916e-03
9.777359619e+02,1.878484618e-03
9.779776611e+02,1.035211328e-02
9.782193604e+02,-1.189525239e-02
9.784610596e+02,2.641602047e-02
9.787027588e+02,-9.310632013e-03
9.789444580e+02,3.874204122e-03
9.791861572e+02,-1.958367974e-02
9.794278564e+02,-9.997682646e-03
9.796696167e+02,3.475878388e-02
9.799113770e+02,3.115994297e-02
9.801530762e+02,-2.832722152e-03
9.803948364e+02,2.009351505e-03
9.806365967e+02,1.872759312e-02
9.808784180e+02,1.143176481e-02
9.811201782e+02,-1.131453086e-03
9.813619385e+02,-2.808184654e-04
9.816037598e+02,2.107501728e-03
9.818455811e+02,-9.212481789e-03
9.820873413e+02,-1.379282121e-02
9.823291626e+02,2.886977419e-02
9.825709839e+02,-1.785787288e-03
9.828128662e+02,1.872759312e-02
9.830546875e+02,-1.202611905e-02
9.832965088e+02,9.795929305e-03
9.835383911e+02,2.592526935e-02
9.837802734e+02,-1.160080172e-02
9.840221558e+02,-2.723939158e-02
9.842639771e+02,-1.650830917e-02
9.845059204e+02,2.532819053e-03
9.847478027e+02,-4.370407667e-03
9.849896851e+02,-3.879657015e-03
9.852316284e+02,-2.635603957e-02
9.854735107e+02,1.388551854e-02
9.857154541e+02,5.586106330e-02
9.859573975e+02,-1.251686923e-02
9.861993408e+02,-1.360470080e-03
9.864412842e+02,7.636626251e-03
9.866832275e+02,4.103221465e-03
9.869251709e+02,-9.277914651e-03
9.871671753e+02,-1.019398309e-02
9.874091797e+02,1.977452822e-02
9.876511230e+02,2.827269491e-03
9.878931274e+02,-6.431560498e-03
9.881351318e+02,-2.017258108e-02
9.883771362e+02,7.178592496e-03
9.886192017e+02,9.305179119e-03
9.888612061e+02,1.485884073e-03
9.891032104e+02,-4.075957462e-03
9.893452759e+02,3.023569705e-03
9.895873413e+02,4.626688547e-03
9.898294067e+02,-4.468557891e-03
9.900714722e+02,5.542756524e-03
9.903135376e+02,2.278446592e-02
9.905556030e+02,-7.388524828e-04
9.907977295e+02,-6.038960069e-03
9.910397949e+02,2.010169439e-02
9.912819214e+02,1.624112204e-02
9.915239868e+02,-2.734571928e-03
9.917661133e+02,-2.318251878e-02
9.920082397e+02,3.318020143e-03
9.922504272e+02,1.614297181e-02
9.924925537e+02,-4.599424545e-03
9.927346802e+02,-1.788241044e-02
9.929768677e+02,-6.693294272e-03
9.932189941e+02,8.969832561e-04
9.934611816e+02,1.158716972e-03
9.937033691e+02,-1.186253503e-02
9.939455566e+02,2.893520705e-02
9.941877441e+02,1.764794067e-02
9.944299927e+02,1.627383940e-02
9.946721802e+02,-7.282195147e-03
9.949143677e+02,1.162806526e-02
9.951566162e+02,-2.481017436e-04
9.953988647e+02,2.258816548e-02
9.956411133e+02,-1.712992601e-02
9.958833618e+02,4.332238343e-03
9.961256104e+02,5.379172973e-03
9.963678589e+02,-1.261501946e-02
9.966101685e+02,7.006829837e-04
9.968524170e+02,8.879861794e-03
9.970947266e+02,2.821543999e-02
9.973370361e+02,1.159534883e-02
9.975793457e+02,-1.163351815e-02
9.978216553e+02,3.822675347e-02
9.980639648e+02,1.061384752e-02
9.983062744e+02,-2.128494903e-02
9.985486450e+02,-1.942009665e-02
9.987909546e+02,1.322300523e-03
9.990333252e+02,-2.898155712e-03
9.992756958e+02,-1.938737929e-02
9.995180664e+02,-2.370598540e-02
9.997604370e+02,5.631909519e-02
1.000002808e+03,-7.020461373e-03
1.000245178e+03,-1.330207102e-02
1.000487610e+03,1.616750960e-03
1.000729980e+03,1.395095233e-02
1.000972412e+03,2.736480534e-02
1.001214844e+03,-2.298621833e-02
1.001457275e+03,-1.202611905e-02
1.001699707e+03,-1.524053630e-03
1.001942139e+03,-1.033302862e-03
1.002184570e+03,-8.525430225e-03
1.002427063e+03,-1.228785235e-02
1.002669495e+03,8.290960453e-03
1.002911987e+03,-1.949370839e-03
1.003154480e+03,-1.982087502e-03
1.003396973e+03,2.761835931e-03
1.003639465e+03,2.785555646e-02
1.003881958e+03,6.352495402e-04
1.004124451e+03,1.387733966e-03
1.004367004e+03,-5.515492521e-03
1.004609497e+03,2.353695035e-02
1.004852051e+03,-9.147047997e-03
1.005094604e+03,-1.712992601e-02
1.005337158e+03,-4.304974340e-03
1.005579712e+03,-1.016126573e-02
1.005822266e+03,4.888422322e-03
1.006064819e+03,4.062325461e-04
1.006307434e+03,1.296945103e-02
1.006549988e+03,2.507463470e-02
1.006792603e+03,1.205338258e-02
1.007035217e+03,8.127377369e-03
1.007277832e+03,-1.075016707e-02
1.007520447e+03,3.394086286e-02
1.007763062e+03,2.720122226e-02
1.008005676e+03,-8.100112900e-03
1.008248352e+03,-1.935466193e-02
1.008490967e+03,2.663685707e-03
1.008733643e+03,1.444988156e-04
1.008976318e+03,-9.506931528e-03
1.009218994e+03,1.591395587e-02
1.009461670e+03,1.447441988e-02
1.009704346e+03,3.485693410e-02
1.009947021e+03,5.117439199e-03
1.010189758e+03,4.869610444e-02
1.010432434e+03,8.127377369e-03
1.010675171e+03,6.352495402e-04
1.010917908e+03,-8.689014241e-03
1.011160645e+03,-2.053246461e-02
1.011403381e+03,8.323677815e-03
1.011646118e+03,-8.198263124e-03
1.011888855e+03,-9.114331566e-03
1.012131653e+03,-4.926591646e-03
1.012374390e+03,1.823684201e-02
1.012617188e+03,1.444170251e-02
1.012859985e+03,-1.539594028e-02
1.013102783e+03,-5.057458766e-03
1.013345581e+03,2.029799484e-02
1.013588379e+03,6.687841844e-03
1.013831177e+03,3.448887030e-03
1.014074036e+03,1.015581377e-02
1.014316833e+03,-9.351527551e-04
1.014559692e+03,4.070504569e-03
1.014802551e+03,1.417996921e-02
1.015045349e+03,-1.333478745e-02
1.015288269e+03,1.512875408e-02
1.015531128e+03,1.437626965e-02
1.015773987e+03,-1.009501442e-01
1.016016846e+03,-1.010810137e-01
1.016259766e+03,-1.032730341e-01
1.016502686e+03,-1.034366190e-01
1.016745544e+03,-1.051051691e-01
1.016988464e+03,-1.043854058e-01
